# This file uses centimeters as units for non-parametric coordinates.

g default
v -0.286089 1.098704 0.600359
v -0.248438 1.100838 0.621999
v -0.325097 1.148457 0.548711
v -0.655558 -0.909049 -0.439084
v -0.740425 -0.843312 -0.414085
v -0.731525 -0.790703 -0.511501
v -0.395134 0.760568 0.674436
v -0.464379 0.783682 0.649757
v -0.427303 0.768852 0.628719
v 0.082859 0.819513 0.832426
v 0.055706 0.865369 0.810580
v 0.027402 0.793490 0.837012
v 0.106624 0.919438 0.748942
v 0.060504 0.913062 0.785746
v 0.112501 0.842545 0.803952
v 0.208789 1.037490 0.468743
v 0.265237 1.043410 0.410855
v 0.235616 0.978241 0.468308
v -0.405122 0.019770 -0.959592
v -0.231235 0.308788 -0.913741
v -0.153779 0.130173 -0.986446
v 0.325523 1.168550 0.534522
v 0.487870 1.086220 0.487311
v 0.397222 1.147718 0.484632
v -0.846092 0.439967 0.481850
v -0.815217 0.516576 0.480841
v -0.864267 0.629589 0.324488
v 1.028147 0.059769 -0.250731
v 1.068952 -0.157649 -0.165072
v 1.048479 -0.107703 -0.328956
v 0.139404 -1.245418 -0.138946
v 0.258825 -1.226714 -0.154723
v 0.200160 -1.237067 -0.041129
v -0.103150 0.910793 0.698400
v 0.064304 0.931885 0.696048
v 0.018503 1.022261 0.644418
v -0.656216 0.662900 -0.445505
v -0.583342 0.762466 -0.485667
v -0.573852 0.640475 -0.554814
v 0.554896 1.038415 0.287012
v 0.618836 0.985254 0.253499
v 0.575577 1.070774 0.169371
v -0.388687 -0.437276 -0.979183
v -0.273655 -0.449048 -1.014737
v -0.318179 -0.578603 -0.958065
v 0.677629 -0.958428 -0.285685
v 0.553225 -1.012741 -0.386682
v 0.659139 -0.925372 -0.401553
v 0.401430 -0.758435 0.883297
v 0.347521 -0.837092 0.850754
v 0.443286 -0.816409 0.817942
v 0.937500 -0.691149 0.252669
v 0.997757 -0.554556 0.081585
v 0.990024 -0.517659 0.216597
v -0.237180 1.291841 0.041240
v -0.384021 1.235986 -0.022606
v -0.278819 1.264866 0.153782
v -0.607981 0.596198 0.533721
v -0.582027 0.726356 0.529473
v -0.661222 0.657194 0.448133
v -0.677523 -0.686575 0.661747
v -0.709662 -0.763814 0.533780
v -0.622685 -0.763526 0.643473
v 0.132673 -0.214657 1.079927
v -0.004926 -0.312024 1.080341
v 0.097829 -0.451149 1.063880
v 0.741560 0.054038 -0.789717
v 0.661073 0.033248 -0.808541
v 0.704712 0.090631 -0.764250
v 0.554337 -0.337271 -0.982629
v 0.628615 -0.303705 -0.946211
v 0.590261 -0.395832 -0.884268
v 0.562528 0.219484 -0.810495
v 0.671038 0.239166 -0.718042
v 0.122554 1.318705 0.091086
v 0.246190 1.295671 0.044342
v 0.132520 1.322222 -0.003779
v -0.562750 -0.768917 0.761054
v -0.547211 -0.851665 0.702350
v -0.509439 -0.858394 0.733603
v 0.053462 -1.213880 0.311756
v 0.263351 -1.092487 0.559247
v 0.069585 -1.102083 0.566930
v -0.748911 0.593410 0.448208
v -0.716825 0.590119 0.436154
v -0.735263 0.668964 0.365516
v -0.353769 -0.338526 1.036750
v -0.322356 -0.187785 1.057636
v -0.421061 -0.296500 1.014800
v 0.298902 0.645840 0.739683
v 0.416430 0.567953 0.693452
v 0.412712 0.678107 0.675799
v 0.919305 -0.448795 0.497032
v 0.908268 -0.587414 0.408478
v 0.949360 -0.561625 0.322883
v 0.185124 -1.202515 -0.319681
v 0.365189 -1.152161 -0.375328
v 0.314337 -1.192346 -0.276610
v 0.277042 -0.595794 -0.963217
v 0.339742 -0.445773 -0.999346
v 0.364623 -0.591944 -0.934249
v -0.581767 1.041411 0.184218
v -0.609042 0.938286 0.333405
v -0.499033 1.039276 0.376755
v -0.857645 0.595835 0.072594
v -0.836683 0.566589 -0.138101
v -0.828277 0.553607 -0.022645
v 0.306491 1.200983 -0.315465
v 0.211384 1.261419 -0.249221
v 0.305169 1.247967 -0.193215
v -0.449209 1.139126 -0.241983
v -0.441203 1.179832 -0.161523
v -0.340716 1.216758 -0.237711
v 0.920272 -0.129711 0.497010
v 0.916515 -0.376610 0.527742
v 0.946141 -0.273791 0.449406
v 1.069026 -0.164578 0.199214
v 0.994235 0.198355 0.244802
v 1.033630 -0.002413 0.232276
v -0.708824 -0.671316 -0.645107
v -0.642860 -0.602571 -0.739091
v -0.488859 -0.751633 -0.775889
v -0.913413 0.176750 -0.543652
v -0.854275 0.333166 -0.597567
v -0.868010 0.220216 -0.652473
v 0.601679 0.199891 0.923733
v 0.689625 0.083139 0.919489
v 0.703590 0.140794 0.840220
v 0.131395 -0.025083 1.082268
v 0.105377 0.048573 1.038332
v 0.041721 0.015100 1.073085
v -0.856044 0.377827 -0.342941
v -0.860622 0.426022 -0.356072
v -0.895047 0.222776 -0.403050
v -0.906566 -0.817844 -0.331334
v -0.865660 -0.906722 -0.107050
v -0.900192 -0.875072 -0.102315
v 0.646405 0.342309 -0.676004
v 0.544674 0.459907 -0.670326
v 0.620111 0.491087 -0.577394
v 0.870374 0.657622 -0.061084
v 0.865713 0.619578 -0.068257
v 0.849102 0.614370 -0.174063
v -0.856509 -0.225226 0.684477
v -0.896394 -0.417371 0.608003
v -0.915722 -0.478469 0.684341
v -0.616774 -0.070802 0.942566
v -0.666092 -0.275199 0.869621
v -0.598917 -0.102944 0.897415
v 0.835917 0.512754 0.074057
v 0.904555 0.370048 0.091731
v 0.881669 0.416704 -0.024880
v 0.604581 0.733147 0.484563
v 0.588718 0.599281 0.545366
v 0.667552 0.688219 0.428916
v -0.867161 -0.174837 -0.625717
v -0.828322 -0.200646 -0.771540
v -0.830845 -0.236232 -0.669912
v -1.045538 -0.342244 -0.308911
v -1.023769 -0.430773 -0.297631
v -1.059982 -0.415421 -0.116119
v 0.588812 -0.637053 0.794872
v 0.605920 -0.740627 0.706931
v 0.670911 -0.621647 0.732232
v 0.504249 -0.290009 0.920585
v 0.566808 -0.451792 0.880466
v 0.589513 -0.263897 0.890567
v -0.372368 0.704189 -0.683460
v -0.352129 0.840007 -0.620572
v -0.274384 0.604530 -0.768714
v -0.016555 1.163254 -0.485622
v 0.116077 1.217689 -0.385530
v 0.195847 1.168752 -0.444563
v -0.452961 -0.093434 0.949273
v -0.443317 0.013633 0.941832
v -0.577097 -0.177684 0.894578
v -0.055312 0.265255 0.965282
v -0.262284 0.183282 0.962556
v -0.192969 0.038787 1.016670
v 0.933852 0.108233 -0.393465
v 0.892502 0.261033 -0.385124
v 0.944166 0.211074 -0.285844
v 0.919195 0.321314 0.157123
v 0.958023 0.294684 0.203910
v 0.949932 0.371362 -0.006055
v -0.353296 0.207009 0.965889
v -0.247819 0.230774 0.958421
v -0.064251 0.301883 0.972377
v -0.472656 0.075379 0.944175
v -0.563458 0.022162 0.955904
v -0.555127 -0.017350 0.921225
v -0.519271 -0.786669 -0.725717
v -0.469846 -0.868418 -0.693408
v -0.719704 -0.735337 -0.585446
v 0.121792 -1.089790 -0.571890
v 0.155690 -0.982082 -0.735853
v 0.295785 -1.043159 -0.630390
v -0.219266 0.985916 0.634993
v -0.074974 1.079979 0.595819
v -0.214223 1.059690 0.576829
v -0.127141 1.251337 0.339573
v -0.047583 1.261850 0.331364
v -0.086428 1.296749 0.241485
v -0.038749 -1.212936 0.316505
v -0.078647 -1.094509 0.582416
v -0.293455 -1.124061 0.481854
v -0.204711 -1.236503 -0.070462
v -0.066169 -1.248927 0.134284
v -0.323860 -1.212322 0.075172
v 0.280885 0.141848 -0.962964
v 0.368392 0.003335 -0.986462
v 0.185161 -0.001009 -1.018966
v 0.114833 -0.450422 -1.051052
v 0.260251 -0.449753 -1.023494
v 0.187764 -0.592278 -0.987792
v 0.026272 1.276744 0.297737
v 0.051658 1.306736 0.200169
v 0.396539 1.043091 0.448432
v 0.263300 1.077078 0.501447
v 0.277574 0.955703 0.595973
v -1.001533 -0.461254 -0.316717
v -0.992834 -0.527426 -0.213613
v -1.021013 -0.513170 -0.156136
v -0.912942 -0.176967 0.517187
v -0.859735 -0.017022 0.584691
v -0.891412 0.040547 0.530217
v 1.074375 -0.377386 -0.084967
v 1.038126 -0.517353 -0.060840
v 1.043364 -0.386724 -0.265593
v 0.698407 -0.364858 -0.856559
v 0.748649 -0.520112 -0.785999
v 0.662422 -0.429908 -0.829431
v -0.113737 0.525841 0.930568
v 0.004053 0.517594 0.937063
v 0.013911 0.575167 0.861836
v 0.401919 0.436862 0.845699
v 0.311308 0.492106 0.861026
v 0.355098 0.422354 0.926929
v -0.717686 -0.624705 -0.678637
v -0.759075 -0.639274 -0.698192
v -0.683950 -0.539072 -0.746555
v -0.838740 -0.789430 -0.517326
v -0.771031 -0.798219 -0.508816
v -0.778119 -0.854808 -0.401857
v 1.005480 -0.128751 -0.423939
v 0.954789 0.030090 -0.358839
v 0.993779 0.030522 -0.349852
v 0.905494 -0.457148 -0.518473
v 0.875601 -0.365665 -0.595745
v 0.966149 -0.342962 -0.449471
v -0.420682 1.144341 0.311673
v -0.279772 0.906488 0.668403
v -0.277621 1.018922 0.581973
v -0.372600 0.983756 0.555099
v 0.295822 -0.696079 0.957379
v 0.191513 -0.777422 0.935645
v 0.293179 -0.788779 0.906400
v -0.233946 -0.984764 0.741054
v -0.245860 -1.046148 0.653806
v -0.089402 -1.029111 0.712085
v 0.770544 0.394281 0.633811
v 0.817982 0.441888 0.531068
v 0.862272 0.635314 0.326672
v 0.847869 -0.011832 0.598602
v 0.877630 -0.225626 0.605161
v -0.701393 0.915866 0.072900
v -0.756012 0.820998 -0.029701
v -0.755825 0.814366 0.055977
v -0.647542 0.930972 -0.235486
v -0.620331 0.873497 -0.353037
v -0.703535 0.806615 -0.258667
v 0.261606 -0.933876 -0.779666
v 0.393626 -0.917767 -0.735921
v 0.325020 -1.002055 -0.675071
v 0.533191 -0.973459 -0.493045
v 0.492504 -0.087031 0.935950
v 0.191093 0.291049 0.987583
v 0.116112 0.287491 0.967960
v 0.336797 0.215984 0.959653
v -1.055518 -0.064263 -0.074874
v -1.063171 -0.183566 -0.254267
v -1.078658 -0.188766 0.042406
v -0.951729 -0.153241 0.487785
v -0.989746 -0.081720 0.463685
v -1.008203 -0.200061 0.444193
v -0.039466 0.296504 -0.950093
v 0.156365 0.225777 -0.953858
v 0.040702 0.090652 -1.007965
v 0.494319 0.796452 -0.561035
v 0.404491 0.738057 -0.651522
v 0.371933 0.931776 -0.566647
v 0.346991 -0.358711 1.035520
v 0.256151 -0.518988 1.028614
v 0.420520 -0.496504 0.981804
v 0.521993 -0.376286 0.938056
v -0.755380 -0.136333 0.942138
v -0.789926 -0.141877 0.909212
v -0.824579 -0.345884 0.856095
v -0.596407 0.052145 0.969971
v -0.462266 0.204872 0.967457
v -0.590808 0.138691 0.967837
v 0.954293 -0.671463 -0.315269
v 0.943150 -0.665780 -0.249411
v 0.944791 -0.746694 -0.174094
v 0.889699 -0.432913 -0.575846
v 0.934819 -0.613041 -0.378414
v 0.933110 -0.520413 -0.552142
v 0.178531 0.538998 -0.814796
v 0.168701 0.708106 -0.761600
v 0.311325 0.648089 -0.740952
v -0.185451 1.072793 -0.526817
v 0.008028 0.766982 -0.744981
v -0.081889 0.709766 -0.761462
v 0.704542 0.530110 0.498888
v 0.721097 0.466653 0.582200
v 0.744358 0.595290 0.447025
v 0.594659 0.261019 0.869284
v 0.521318 0.341632 0.851498
v 0.481107 0.312296 0.931673
v 0.959183 -0.264122 -0.468809
v 0.784991 -0.145179 -0.860575
v 0.669044 -0.193973 -0.953250
v 0.730594 -0.113214 -0.893718
v -0.772386 -0.485160 -0.796759
v -0.837840 -0.465344 -0.774005
v -0.745801 -0.342018 -0.843842
v -0.789370 0.060508 -0.772900
v -0.755338 0.114234 -0.746113
v -0.732306 0.047180 -0.795240
v 0.564363 -0.032821 0.927868
v 0.623324 -0.169510 0.887245
v 0.579244 -0.023985 0.945888
v 0.796264 -0.090400 0.887192
v 0.821981 -0.137228 0.816924
v 0.805995 -0.035335 0.733396
v 0.815740 -0.046471 -0.812916
v 0.883162 -0.077222 -0.730367
v 0.864785 0.205880 -0.664045
v 0.852754 0.317601 -0.607871
v 0.906935 0.168496 -0.576400
v -0.218649 -0.101178 -1.038071
v -0.379974 -0.131060 -1.002652
v -0.567400 0.362262 -0.723715
v -0.481280 0.296223 -0.822137
v -0.570935 0.233404 -0.791513
v 0.796264 -0.090400 0.887192
v 0.876876 -0.479756 0.765589
v 0.898830 -0.395351 0.693586
v 0.929810 -0.569050 0.624201
v 0.918650 -0.621322 0.624677
v 0.935409 -0.711376 0.456855
v -0.692357 0.768857 -0.320620
v -0.833152 0.198814 -0.692142
v -0.808894 0.376584 -0.597908
v -0.736867 0.359950 -0.625690
v 0.921793 0.158984 -0.499297
v 0.902926 0.167179 -0.426331
v 0.920037 0.035548 -0.526019
v 0.899454 -0.093721 -0.630577
v 0.875994 -0.109702 -0.566061
v 0.831601 -0.218663 -0.658375
v 0.357470 1.115706 0.405442
v 0.249417 1.149762 0.439041
v 0.466432 1.157728 0.207101
v -0.863570 0.625811 0.084541
v -0.858342 0.641541 -0.075917
v -0.850822 0.598897 -0.130197
v -0.805354 0.523913 -0.484532
v -0.765367 0.709062 -0.328086
v -0.737263 0.655658 -0.403596
v 0.349757 -0.069995 0.998248
v 0.475757 -0.003773 0.935309
v 0.249188 0.013300 1.003230
v 0.307459 -0.054276 1.038699
v 0.886432 -0.804634 -0.402395
v 0.850191 -0.793555 -0.484655
v 0.929879 -0.721884 -0.519058
v 0.794031 -0.619331 -0.705439
v 0.847255 -0.562642 -0.705077
v 0.903287 -0.667922 -0.591507
v 0.383005 0.350150 -0.852371
v 0.233252 0.457409 -0.836721
v 0.349375 0.465030 -0.789086
v 0.551401 0.336701 -0.760188
v -0.190431 -1.220487 0.207310
v -0.009172 -1.240639 0.246733
v -0.187941 -1.198245 0.315770
v -0.584427 -1.012504 0.303407
v -0.562241 -1.072762 0.176139
v -0.580642 -0.971990 0.429919
v -0.065899 -0.232859 -1.130812
v -0.058905 -0.309673 -1.140986
v -0.323204 -0.258391 -1.104304
v 0.019894 -0.254169 -1.136068
v 0.277643 -0.271423 -1.108449
v 0.037511 -0.308558 -1.140367
v -0.445948 0.287245 0.957307
v -0.047817 0.349239 0.989961
v 0.169604 0.447866 0.979754
v -0.037482 0.438042 0.984491
v -0.845317 -0.106546 -0.786388
v -0.832295 -0.035279 -0.788926
v -0.771079 -0.211658 -0.881600
v -0.771692 -0.043535 -0.844324
v -0.707682 -0.121658 -0.910278
v -0.771079 -0.211658 -0.881600
v 0.050127 0.905685 -0.666122
v -0.073426 1.123062 -0.510490
v 0.134949 1.015861 -0.598630
v 0.194769 0.928271 -0.643085
v 0.284697 0.943622 -0.601937
v 0.219157 0.770275 -0.718659
v 0.272085 0.303627 0.991761
v 0.069793 0.343119 0.987556
v 0.610757 0.113752 0.957760
v 0.442313 0.230669 0.964036
v -0.284226 -0.174613 -1.067155
v -0.379974 -0.131060 -1.002652
v -0.119895 -0.166840 -1.069279
v -0.641676 -0.070031 -0.909739
v -0.789370 0.060508 -0.772900
v -0.732306 0.047180 -0.795240
v -0.094774 -0.453062 1.063273
v -0.136049 -0.604533 1.029926
v -0.014946 -0.545621 1.047174
v 0.057978 -0.724116 0.970128
v -0.198743 -0.763865 0.948869
v 0.116112 -0.913459 0.838009
v -0.195977 -0.365356 -1.121629
v -0.520285 -0.303021 -1.033302
v -0.561833 -0.256178 -1.018867
v -0.503393 -0.220123 -1.055087
v -0.073842 1.182672 -0.446389
v -0.179561 1.137910 -0.475598
v -0.134458 1.245680 -0.323778
v 0.734442 0.404224 -0.599996
v 0.680508 0.437722 -0.577854
v 0.677817 0.543640 -0.509388
v 0.711039 0.338484 -0.639652
v 0.750343 0.311992 -0.651407
v 0.755714 0.211748 -0.695741
v -0.991876 0.124979 0.319514
v -0.980338 0.235398 0.257842
v -1.040543 -0.045766 0.221093
v -0.834352 0.505746 0.183738
v -0.854406 0.373282 0.366054
v -0.857327 0.509626 0.238900
v -0.025355 1.239253 -0.363405
v -0.241638 1.292909 -0.077155
v 0.843682 0.548713 -0.239781
v 0.820822 0.539631 -0.145232
v 0.819639 0.482420 -0.251854
v 0.889539 0.348607 -0.420755
v 0.912289 0.262465 -0.457872
v 0.870817 0.411967 -0.463610
v -0.532024 0.802759 -0.515715
v -0.474569 0.877204 -0.517923
v -0.413991 0.809201 -0.609439
v -0.588888 1.015315 -0.220061
v -0.497266 1.067127 -0.292418
v -0.565886 0.948795 -0.355041
v -0.759567 -0.666631 0.703880
v -0.814525 -0.689500 0.673576
v -0.793850 -0.789060 0.555443
v -0.773039 -0.323517 0.885534
v -0.733799 -0.328567 0.881760
v -0.737989 -0.224757 0.924990
v 0.824101 0.511162 -0.480884
v 0.788199 0.597546 -0.425211
v 0.763090 0.695128 -0.348509
v 0.581767 1.021019 -0.257324
v 0.568226 0.944958 -0.370987
v 0.497722 1.043699 -0.356367
v 0.483864 -0.424873 -0.937974
v 0.554761 -0.471248 -0.879481
v 0.505886 -0.599404 -0.862573
v 0.570821 -0.610012 -0.811116
v 0.680510 -0.566461 -0.735810
v 0.701232 -0.658374 -0.665196
v -0.715998 -0.971806 0.025723
v -0.581327 -1.074263 -0.053580
v -0.570097 -1.081383 0.051768
v -0.565349 -1.075873 -0.228727
v -0.517442 -1.132814 -0.182340
v -0.557513 -1.119790 -0.011954
v 0.984551 0.282590 -0.150513
v 0.966067 0.343765 -0.071757
v 0.999577 0.253053 -0.008294
v 1.014538 0.166909 -0.109386
v 1.013365 0.156404 -0.089460
v 1.049625 -0.034320 -0.133282
v 0.687152 0.773852 -0.322767
v 0.610630 0.878179 -0.367325
v 0.625407 0.943388 -0.280944
v 0.709322 0.915337 0.069636
v 0.762833 0.818684 0.000149
v 0.705082 0.925211 -0.016850
v 0.778389 -0.664064 -0.681486
v 0.840603 -0.754698 -0.557795
v -0.942517 0.347053 -0.135023
v -0.891270 0.364610 -0.169911
v -0.934822 0.301717 -0.210805
v -0.888617 0.354736 0.253554
v -0.852450 0.348019 0.375408
v -0.843145 0.414623 0.278731
v 0.297197 -0.169606 -1.059809
v 0.153904 -0.161421 -1.056847
v 0.376831 -0.131223 -1.005576
v 0.541179 -0.112577 -0.974633
v 0.543477 -0.054511 -0.911204
v 0.670985 -0.014590 -0.857442
v -0.223130 0.834302 0.724908
v -0.216900 0.810870 0.679914
v -0.164071 0.870867 0.666274
v -0.427117 0.957223 0.436595
v -0.363428 1.012879 0.408533
v -0.333756 0.965651 0.428462
v 0.750635 0.477201 0.572842
v 0.824685 0.656063 0.354388
v 0.782775 0.667102 0.369581
v 0.861085 0.682637 0.225425
v 0.845332 0.741540 -0.052677
v 0.784030 0.797268 0.084313
v -0.466190 1.095435 0.520698
v -0.499202 1.001559 0.581796
v -0.402702 1.106819 0.543451
v -0.306122 1.153260 0.399711
v -0.255522 1.170213 0.412303
v -0.274784 1.114426 0.389184
v -0.195374 -0.665315 0.998348
v -0.321074 -0.937984 0.761440
v -0.429524 -0.928824 0.719704
v -0.350729 -1.013323 0.664925
v -0.671228 -0.164204 0.938600
v -0.708397 -0.347118 0.860251
v -0.447790 -0.586465 0.943949
v -0.523766 -0.506684 0.927915
v -0.537253 -0.648673 0.861340
v 0.257030 -1.203365 0.236186
v 0.268970 -1.176778 0.348282
v 0.105385 -1.221520 0.273708
v 0.906941 -0.827016 -0.286457
v 0.958326 -0.720944 -0.378388
v 0.935061 -0.782124 -0.230693
v -0.459962 -0.764481 0.840757
v -0.381662 -0.673948 0.935849
v -0.261280 -0.701494 0.966028
v -0.266513 -0.793423 0.907763
v -0.537758 -0.361559 0.906293
v -0.608134 -0.284272 0.879048
v -0.548053 -0.409965 0.893854
v -0.638716 -0.467840 0.810494
v -0.583991 -0.564188 0.816307
v -0.866860 -0.842559 0.408546
v -0.900999 -0.863302 0.189968
v -0.841867 -0.916852 0.194982
v -0.924568 -0.823130 0.236363
v -0.913620 -0.763332 0.459417
v -0.014553 -0.010474 1.083739
v -0.016716 -0.266289 1.079824
v -0.268090 -0.203191 1.071097
v -0.255980 -0.380651 1.052287
v 0.700270 -0.908045 0.355675
v 0.689620 -0.844043 0.491479
v 0.626342 -0.899170 0.505695
v 0.716706 -0.776154 0.539536
v 0.700354 -0.679479 0.660280
v 0.608343 -0.846053 0.611912
v -0.935920 -0.678600 0.390011
v -0.917083 -0.628481 0.389764
v -0.950498 -0.716350 0.192392
v -1.021879 -0.488222 0.229918
v -0.979814 -0.458630 0.329351
v -1.023881 -0.372279 0.337792
v 0.590759 -0.976547 0.413356
v 0.583562 -1.074158 0.115730
v 0.706981 -0.935530 0.270339
v 0.583226 -1.079243 -0.033773
v 0.575437 -1.056682 -0.210697
v 0.721338 -0.964109 -0.131120
v -1.054405 -0.414324 0.208162
v -1.054389 -0.495342 0.080106
v -1.043481 -0.486559 0.167346
v -1.034538 -0.184198 0.376954
v 0.754306 -0.650123 0.720662
v 0.710166 -0.639800 0.693511
v 0.716706 -0.776154 0.539536
v 0.689120 -0.387556 0.836734
v 0.733175 -0.457046 0.846401
v 0.707822 -0.316901 0.884793
v -0.781324 -0.928143 0.232094
v -0.753507 -0.919702 0.231433
v -0.779117 -0.880010 0.403923
v -0.712819 -0.702442 0.607617
v -0.760353 -0.791060 0.548606
v -0.709662 -0.763814 0.533780
v 0.543792 -0.968236 0.586510
v 0.423414 -1.028810 0.598464
v 0.488558 -1.063545 0.481920
v 0.388841 -0.922337 0.754710
v 0.262089 -0.968271 0.755878
v 0.360351 -1.012396 0.661785
v -0.165387 1.155989 0.477931
v -0.215597 1.183649 0.465213
v -0.168410 1.163576 0.521805
v -0.188110 0.874001 0.573706
v -0.150914 0.976375 0.511459
v -0.140124 0.918286 0.604810
v -0.884187 -0.486150 0.770730
v -0.837349 -0.262671 0.822977
v -0.873008 -0.800145 0.482524
v -0.893883 -0.680473 0.609871
v -0.859229 -0.872279 -0.276684
v -0.861780 -0.803746 -0.471782
v -0.796472 -0.885321 -0.322414
v -0.769744 -0.932890 -0.122050
v -0.761000 -0.937786 0.095484
v -0.799860 -0.942747 0.118059
v -0.605145 0.214808 0.906473
v -0.664724 0.208649 0.835156
v -0.693732 0.148392 0.846452
v -0.869677 -0.294889 0.729348
v 0.910207 -0.678562 0.581204
v 0.874142 -0.794441 0.487068
v 0.925788 -0.722811 0.486307
v 0.845579 -0.921081 0.106904
v 0.903805 -0.866827 -0.124346
v 0.921605 -0.846760 0.080530
v -0.435521 -1.013705 0.615603
v -0.509507 -0.948660 0.640281
v -0.387022 -1.150702 0.343270
v -0.490972 -1.100081 0.390616
v -0.467475 -1.159795 0.200866
v -0.823006 -0.296218 -0.750198
v -0.859334 -0.417127 -0.754136
v -0.881459 -0.403081 -0.694040
v -0.931696 -0.799472 -0.176735
v -0.943462 -0.726963 -0.402433
v -0.318204 -0.108852 1.047013
v -0.341704 -0.057722 0.997210
v -0.427657 -0.196015 0.996410
v -0.090132 0.050598 1.032993
v -0.056488 0.015100 1.071601
v -0.454024 0.883761 0.486498
v -0.442764 0.828921 0.528795
v -0.511137 0.875013 0.525505
v -0.412648 1.149269 0.474684
v -0.442613 1.119973 0.447454
v -0.883989 0.295818 0.355240
v -0.909223 0.312994 0.204997
v -0.896591 0.200681 0.390073
v -0.849621 0.131439 0.545623
v -0.795921 0.194560 0.536726
v -0.853288 0.249033 0.439712
v -0.306883 0.772604 0.623976
v -0.344746 0.758927 0.665858
v -0.380214 0.765510 0.618300
v -0.263788 0.833409 0.555150
v -0.214284 0.949776 0.480726
v -0.106685 1.054712 0.562135
v -0.128511 1.119572 0.514225
v -0.131470 1.123923 0.571164
v -0.147576 0.973985 0.687947
v -0.173622 0.902321 0.711305
v -0.134446 0.930215 0.662423
v -0.958029 -0.704314 -0.317010
v -0.944457 -0.761267 -0.176488
v -0.950602 -0.684651 -0.251978
v -0.952355 -0.753285 0.203525
v -0.937503 -0.713922 0.421002
v -0.499713 0.885683 0.657515
v -0.531730 0.941117 0.584314
v -0.522681 0.848118 0.615572
v -0.532306 0.971939 0.548631
v -0.488294 1.051616 0.461213
v -0.533320 0.931663 0.519132
v -0.476896 0.311479 0.938802
v -0.611206 0.270273 0.840736
v -0.391443 0.717530 0.689957
v -0.505899 0.745938 0.600286
v -0.512769 0.616143 0.623658
v -0.029537 0.749673 0.777313
v 0.064304 0.931885 0.696048
v -0.103150 0.910793 0.698400
v -0.413573 0.623391 0.687849
v 0.291247 -0.360915 -1.092441
v 0.237271 -0.427811 -1.059941
v 0.050126 -0.405783 -1.111620
v 0.471553 -0.393043 -0.993749
v 0.733824 -0.933065 0.161633
v 0.749180 -0.930766 -0.122123
v 0.801692 -0.941577 0.103710
v 0.709461 -0.981498 0.004941
v 0.712100 -0.970889 0.127987
v 0.587982 -1.077602 0.039426
v -0.099629 0.579700 0.849210
v -0.506419 0.354714 0.850898
v -0.379259 0.409592 0.920125
v -0.399109 0.439648 0.848094
v -0.272872 -0.419847 -1.055705
v -0.112746 -0.424145 -1.087558
v 0.108303 -0.432185 -1.080675
v 0.740872 -0.875358 0.364842
v 0.777034 -0.872594 0.432477
v 0.725139 -0.813677 0.488673
v 0.772584 -0.796446 0.555614
v 0.325523 1.168550 0.534522
v 0.335342 1.128401 0.573646
v 0.489375 1.056005 0.528685
v 0.327444 0.834871 0.491452
v 0.325154 0.975727 0.404862
v 0.406479 0.848259 0.446760
v 0.832199 -0.224641 -0.689134
v 0.822127 -0.216169 -0.772976
v 0.881607 -0.129785 -0.690426
v 0.882082 -0.396789 -0.671207
v 0.817083 -0.300459 -0.775883
v 0.832655 -0.298126 -0.702802
v 0.457622 0.828844 0.676640
v 0.391035 0.799356 0.720104
v 0.468244 0.791594 0.661278
v 0.551494 0.863070 0.517541
v 0.527652 0.830832 0.485910
v 0.549491 0.931144 0.472678
v -0.376955 -0.408828 -1.027732
v -0.596273 -0.368196 -0.905607
v -0.482290 -0.392065 -0.983563
v -0.517076 -0.397047 -0.911590
v -0.779236 0.157324 0.574343
v -0.750028 0.142717 0.708943
v -0.808246 0.214822 0.628199
v -0.806425 -0.089827 0.838729
v -0.748783 0.101509 0.773879
v -0.805078 -0.037706 0.724902
v -0.453146 0.488526 -0.714786
v -0.473077 0.394594 -0.769533
v -0.296146 0.406432 -0.848023
v -0.275425 0.482771 -0.804157
v -0.196221 0.379207 -0.894167
v -0.609532 -0.395551 -0.854576
v -0.384969 -0.633835 -0.905494
v -0.539443 -0.515594 -0.822465
v -0.395564 -0.511949 -0.946287
v -0.794371 -0.043107 0.686941
v -0.765696 0.046426 0.736170
v -0.745082 0.040834 0.692864
v -0.813858 0.008631 0.634139
v -0.745082 0.040834 0.692864
v -0.798296 0.076533 0.625739
v -0.581894 -0.733057 0.752174
v -0.589944 -0.817389 0.632716
v -0.576961 -0.880766 0.613130
v -0.556395 -1.071768 0.248840
v -0.574887 -1.000822 0.452447
v -1.084206 -0.335136 0.057303
v -1.084847 -0.282462 -0.024849
v -1.073745 -0.247047 -0.202617
v -1.072953 -0.335115 -0.135182
v -0.693942 0.245933 0.782046
v -0.778376 0.283694 0.683289
v -0.728757 0.188769 0.771037
v -0.787417 0.226906 0.680511
v -0.297948 -1.211834 -0.182685
v -0.164531 -1.239600 -0.178413
v -0.338325 -1.212406 -0.085087
v -0.050395 -1.162297 -0.458165
v -0.280272 -1.076077 -0.580482
v -0.116232 -1.058433 -0.622034
v -1.021270 -0.555926 0.039320
v -1.012203 -0.540260 0.153986
v -0.952540 -0.719893 -0.035279
v -0.952142 -0.771279 -0.048174
v -0.999959 0.112153 -0.285015
v -0.955409 0.214700 -0.267397
v -0.976205 0.064399 -0.333273
v -1.020220 -0.322255 -0.400539
v -1.015019 -0.401997 -0.364896
v -0.927812 -0.627403 0.486707
v -0.921650 -0.505498 0.631557
v -0.902231 -0.584321 0.402576
v -0.930541 -0.722348 0.467632
v -0.914169 -0.648314 0.609364
v -0.927987 -0.555120 0.644838
v 0.840738 0.574481 -0.158164
v 0.854110 0.588098 0.002084
v 0.826064 0.556051 -0.041780
v 0.858754 0.515603 0.218126
v 0.852779 0.373379 0.359449
v 0.833848 0.508017 0.166358
v 0.307416 0.520520 0.782601
v 0.166324 0.594390 0.814558
v 0.099025 0.770726 0.767339
v 0.064026 0.687733 0.791341
v 0.913487 0.181703 0.391678
v 0.949586 0.186339 0.371211
v 0.911396 0.242915 0.316551
v 0.894215 0.264092 0.352411
v 0.841904 0.278381 0.426220
v 0.890764 0.172898 0.431677
v 0.538298 0.533605 -0.630819
v 0.554017 0.712864 -0.553879
v 0.624186 0.570945 -0.531727
v 0.644450 0.640416 -0.479113
v 0.573728 0.780702 -0.490344
v 0.663789 0.716458 -0.406449
v 0.299827 0.445086 0.939367
v 0.188322 0.527336 0.908014
v 0.222688 0.467905 0.957654
v 0.237430 0.418482 0.975338
v -0.755825 0.814366 0.055977
v -0.789021 0.801594 -0.003726
v -0.790614 0.773334 0.163528
v -0.802272 0.707830 0.299546
v -0.782748 0.666434 0.367016
v -0.738708 0.713235 0.312899
v -0.144668 0.525263 -0.819599
v -0.265597 0.526556 -0.787637
v 0.065976 0.497274 -0.846094
v -0.050366 0.637437 -0.802218
v 0.077928 0.689023 -0.782443
v 0.671623 0.261994 0.793340
v 0.677585 0.365702 0.724608
v 0.602901 0.336663 0.775349
v 0.723304 0.191046 0.778277
v 0.788180 0.270643 0.674829
v 0.753388 0.298929 0.703057
v -0.883478 0.383826 -0.002381
v -0.942588 0.361682 0.043336
v -0.914660 0.357492 0.079498
v -1.002146 0.229865 0.057758
v -1.057571 -0.078783 0.139664
v 0.852779 0.373379 0.359449
v 0.874021 0.395306 0.238966
v -0.882637 0.393305 0.179294
v -0.839985 0.476799 0.105051
v -0.871259 0.437875 0.003546
v -0.816884 0.521474 -0.136045
v -0.917093 0.287535 -0.242114
v -0.886120 0.296246 -0.330179
v -0.940538 0.185754 -0.293940
v -0.951057 0.022583 -0.361744
v 0.959041 -0.669141 0.106314
v 0.945908 -0.719781 -0.005828
v 1.004011 -0.558192 0.001483
v 0.960693 -0.622261 -0.204149
v 0.995772 -0.530439 -0.189266
v 1.005008 -0.552016 -0.067361
v -0.935915 0.121314 -0.349831
v -0.934866 0.092680 -0.400590
v -0.939741 -0.192221 -0.501940
v -0.891984 -0.188705 -0.577034
v -0.885860 -0.361963 -0.575181
v -0.889419 -0.213013 0.579317
v -0.954884 -0.465275 0.372885
v -0.971689 -0.551916 0.247557
v -0.935033 -0.549373 0.351096
v 0.909519 -0.449524 0.627816
v 0.931117 -0.634860 0.494136
v 0.943211 -0.716477 0.163828
v 0.948953 -0.765035 -0.021193
v -0.635816 0.463783 0.583066
v -0.628723 0.539883 0.535979
v -0.706425 0.657586 0.398273
v -0.435273 0.447740 0.757537
v -0.531872 0.479770 0.662752
v -0.553801 0.417049 0.691353
v -0.922752 -0.037017 0.515384
v -0.936193 0.160696 0.421463
v -0.900286 0.143353 0.453922
v -0.913631 0.245649 0.298508
v -0.187381 1.067414 0.671614
v -0.182645 1.119150 0.604251
v -0.283021 1.185352 0.516018
v -0.114959 1.039366 0.615779
v -0.136509 1.092259 0.615980
v -0.172443 1.032376 0.695923
v 0.994790 -0.238559 -0.457593
v 1.045422 -0.327128 -0.330762
v -0.593250 -0.723715 0.720017
v -0.655316 -0.637159 0.719263
v -0.651532 -0.583119 0.753224
v 0.320416 0.200707 0.940378
v 0.514795 0.059491 0.958227
v -0.092811 0.867919 0.794365
v -0.137120 0.852530 0.771484
v -0.111475 0.799188 0.808109
v 0.090982 0.799108 0.682839
v 0.125540 0.765344 0.745513
v 0.046306 0.717446 0.725771
v 0.965797 -0.673068 -0.398862
v 0.899482 -0.604803 -0.629825
v 0.859370 -0.457579 -0.726478
v 0.893620 -0.458477 -0.657112
v 0.215627 0.201475 0.952285
v -0.021633 0.138051 1.009091
v 0.017048 1.334723 0.009074
v -0.033200 1.326094 0.130799
v -0.066464 1.313201 -0.161275
v -0.180587 1.294983 -0.163480
v -0.093605 1.324103 -0.068500
v 0.554389 -0.595297 0.865922
v 0.560975 -0.729148 0.800092
v 0.503721 -0.412187 0.966135
v 0.521226 -0.508911 0.936667
v 0.355944 1.243202 -0.131797
v 0.457091 1.167891 -0.184514
v 0.362144 1.200925 -0.249744
v 0.665815 0.986513 0.016630
v 0.648386 1.007864 -0.079316
v 0.582543 1.092683 0.007892
v 0.167487 0.990554 0.613907
v 0.182871 0.923969 0.601042
v 0.183251 0.923509 0.674719
v 0.285580 0.765221 0.653350
v 0.329548 0.754959 0.595371
v 0.337820 0.739526 0.639810
v 1.088257 -0.324850 0.031810
v 1.057275 -0.379150 0.226469
v 1.053592 -0.489261 0.113039
v 1.043059 0.019635 0.026860
v 1.078604 -0.189133 0.051344
v 0.596588 0.362601 0.746051
v 0.646712 0.384212 0.701593
v 0.626320 0.387190 0.638569
v 0.395300 0.505078 0.738322
v 1.013297 -0.211878 0.430207
v 1.008344 -0.278151 0.437393
v 1.044082 -0.281548 0.361481
v 1.040286 -0.375337 0.301796
v 1.010608 -0.439075 0.315342
v 1.029878 -0.504301 0.191630
v 0.971925 -0.180235 0.480722
v 0.935034 -0.015146 0.518569
v 0.927741 0.126724 0.468572
v 0.533557 1.126493 0.124765
v 0.444469 1.199455 0.037310
v 0.392052 1.221316 0.129228
v 0.514532 1.141896 -0.124773
v 0.501242 1.158764 -0.042834
v 0.787429 0.742167 -0.262242
v 0.854273 0.557633 -0.374919
v -0.033327 0.825931 0.656053
v -0.002744 0.719092 0.706535
v -0.088849 0.799777 0.679998
v 0.021211 0.957141 0.679698
v -0.051495 0.950941 0.683395
v -0.033411 0.961846 0.732137
v -0.846304 -0.249536 -0.633042
v -0.828823 -0.281707 -0.676605
v 0.825152 0.527010 -0.104460
v 0.900126 0.358445 -0.157846
v 0.863054 0.343029 -0.373591
v 0.924278 0.286516 -0.227141
v 0.081816 0.732062 0.834358
v 0.012658 0.705603 0.844055
v 0.054367 0.701228 0.802701
v -0.096621 0.723991 0.772834
v -0.100629 0.758756 0.716393
v -0.016275 0.698954 0.734626
v -0.109433 -0.450849 -1.049560
v -0.015933 -0.556522 -1.021005
v -0.131464 -0.573526 -1.006883
v -0.152271 0.480423 -0.838460
v 0.282797 0.329948 -0.897827
v 0.117138 0.365002 -0.908806
v 0.134362 0.449789 -0.862671
v 0.690955 -0.001534 0.962827
v 0.744593 -0.142255 0.945767
v 0.804300 -0.247240 0.886240
v 0.784911 -0.105202 0.908520
v 0.379480 1.170416 0.433025
v 0.316050 1.174662 0.418602
v 0.312438 1.185942 0.462494
v 0.391209 0.979083 0.384546
v -0.898575 -0.492275 0.493583
v -0.112108 -0.922101 0.830861
v 0.045665 -0.994953 0.766515
v 0.122416 -1.020097 0.720310
v 0.260378 -1.046914 0.650900
v 1.029878 -0.504301 0.191630
v -0.956910 -0.628034 -0.397569
v -0.880790 -0.399464 -0.602545
v -0.885787 -0.400119 -0.625688
v 0.408608 0.733515 0.576237
v 0.496448 0.759011 0.594758
v 0.514357 0.783175 0.539651
v 0.536761 0.805508 0.575949
v 0.915464 -0.120513 -0.534304
v 0.958810 -0.192113 -0.467603
v 0.863279 -0.222653 -0.621322
v 0.959823 -0.132729 -0.446365
v 0.218346 1.110641 0.624682
v 0.241372 1.053826 0.674329
v 0.271321 1.141886 0.588656
v 0.205055 1.138752 0.487148
v 0.256325 1.181895 0.467926
v 0.245736 1.152486 0.432191
v 0.100311 0.868243 0.674341
v 0.139604 0.821052 0.720679
v 0.026191 0.864724 0.645886
v 0.001302 0.917851 0.650881
v 0.067327 0.907719 0.662079
v 0.795952 -0.931648 -0.146819
v 0.750460 -0.920447 -0.195956
v 0.748188 -0.876050 -0.335514
v 0.792074 -0.909773 -0.254841
v -0.723408 0.581557 -0.472731
v -0.735101 0.469893 -0.548900
v -0.622423 0.519738 -0.547769
v -0.536052 0.498754 -0.642898
v 0.796264 -0.090400 0.887192
v 0.805995 -0.035335 0.733396
v 0.740607 0.109202 0.799806
v 0.752673 0.140743 0.721488
v 0.789660 0.180422 0.601099
v 0.801703 0.210725 0.651904
v 0.812299 0.722224 -0.241157
v 0.850457 0.722752 -0.118343
v 0.842518 0.674354 -0.217298
v 0.797106 0.795662 -0.059229
v -0.361752 0.527063 -0.747477
v -0.365273 0.621090 -0.723576
v -0.533669 0.555516 -0.617213
v -0.634133 0.584540 -0.504325
v 0.781681 -0.289449 0.894118
v 0.749209 -0.318138 0.895103
v 0.863509 -0.632791 0.707521
v 0.826581 -0.684881 0.677094
v 0.859741 -0.749748 0.571541
v -0.870000 0.402900 0.389812
v -0.845148 0.325760 0.489662
v -0.817430 0.289616 0.448645
v -0.520695 -0.361301 0.937320
v -0.470784 -0.227505 0.941379
v -0.523437 -0.444220 0.943422
v 0.176725 0.986472 0.666158
v 0.229812 0.895453 0.725242
v 0.241946 0.958502 0.723145
v 0.300459 0.802139 0.729203
v 0.331211 0.749872 0.694884
v 0.271321 1.141886 0.588656
v 0.241372 1.053826 0.674329
v 0.401025 0.919722 0.571532
v 0.418540 0.902449 0.625881
v 0.453342 0.929060 0.604107
v -0.437238 0.402738 0.781946
v -0.461524 0.393654 0.824374
v -0.386876 0.455242 0.801326
v -0.712599 0.448931 0.608961
v -0.646410 0.374256 0.718209
v -0.670374 0.440009 0.576201
v 0.389974 -1.187065 -0.204356
v 0.461137 -1.139999 -0.289395
v 0.428819 -0.970647 -0.651726
v 0.471705 -1.039697 -0.515551
v 0.381871 -1.036198 -0.588404
v -0.052968 0.878546 0.651896
v -0.147916 0.825921 0.753969
v -0.129802 0.766840 0.797373
v 0.352432 0.833763 0.733751
v 0.276931 0.894993 0.737514
v 0.297060 0.924461 0.722315
v 0.368646 0.880751 0.704230
v 0.330491 0.952360 0.674490
v 0.871896 0.417653 0.378688
v 0.857813 0.370947 0.453879
v 0.818651 0.306508 0.460029
v 0.561004 -1.051953 0.379452
v 0.565790 -1.058497 0.221287
v 0.578071 -0.979639 0.450243
v 0.448450 -1.177657 0.164064
v 0.486704 -1.111065 0.367278
v 0.384398 -1.150547 0.346013
v 0.536737 -1.105566 -0.227443
v 0.568014 -1.116772 0.032540
v 0.533560 -1.125577 0.229455
v -0.360358 -1.152942 -0.373499
v -0.267390 -1.137364 -0.459588
v -0.139168 -1.215201 -0.301118
v -0.503028 -1.093160 -0.368981
v -0.510312 -1.119577 -0.271644
v 0.583903 -0.792245 0.701180
v 0.556618 -1.013765 0.494851
v 0.571189 -0.903327 0.605429
v 0.444082 1.096858 0.388484
v 0.380811 1.144754 0.390634
v 0.429176 1.144554 0.422047
v 0.536841 1.024511 0.505601
v 0.516700 1.011021 0.427137
v 0.474374 1.106101 0.426690
v 0.701441 -0.531209 0.767144
v 0.620694 -0.350770 0.865453
v 0.647146 -0.447553 0.829089
v -0.280141 1.078404 0.522450
v -0.369433 1.090126 0.445299
v -0.207700 1.203437 0.391306
v -0.189986 1.146338 0.489844
v -0.082207 1.161416 0.501898
v 0.557094 0.951305 0.524431
v 0.438124 0.885157 0.656920
v 0.519524 0.884530 0.609043
v 0.484791 0.921900 0.607066
v 0.026988 -1.200112 -0.383325
v 0.260216 -1.152127 -0.426754
v -0.058697 -1.193725 -0.388478
v -0.845380 0.737704 -0.053503
v -0.733362 0.717158 -0.331809
v -0.747781 0.750786 -0.269511
v 0.215983 1.239316 0.319690
v 0.132889 1.277293 0.266425
v 0.129863 1.211004 0.420538
v 0.327989 1.251871 0.152060
v 0.330295 1.263769 0.051136
v 0.248539 1.286710 0.127107
v -0.852583 0.716561 -0.084848
v -0.855120 0.688961 0.099356
v -0.864267 0.629589 0.324488
v -0.880129 0.576743 0.267409
v -0.864774 0.411686 0.442059
v 0.118106 0.742322 0.784974
v 0.146973 0.809408 0.768035
v 0.138699 0.876016 0.743416
v 0.130288 0.804652 0.804672
v 0.888293 -0.330281 0.671159
v 0.856979 -0.234146 0.659432
v 0.902261 -0.457510 0.541283
v -0.715590 -0.831258 0.434773
v -0.611265 -0.913511 0.480703
v -0.715590 -0.831258 0.434773
v -0.722672 -0.909617 0.268437
v -0.319493 0.791566 0.730591
v -0.347521 0.765661 0.702240
v -0.272358 0.790453 0.718583
v -0.434728 0.785739 0.689347
v -0.470168 0.846575 0.691329
v 0.630320 0.871598 0.374302
v 0.700642 0.762068 0.336858
v 0.678319 0.871018 0.285495
v 0.738029 0.704366 0.329959
v 0.804553 0.707756 0.303085
v 0.747854 0.756529 0.249968
v -0.441543 1.196420 -0.074233
v -0.362466 1.234165 -0.130204
v -0.464026 1.171849 0.120099
v -0.542571 1.090865 0.157216
v 0.228960 -0.334876 -1.114702
v 0.576175 -0.199157 -1.013119
v 0.550779 -0.145163 -0.994196
v 0.694183 -0.054587 -0.880864
v 0.269643 0.525895 -0.791934
v 0.481063 0.656614 -0.637392
v -0.967569 0.276776 0.223116
v 1.010608 -0.439075 0.315342
v 0.979999 -0.469052 0.320502
v -0.277527 1.189361 0.441109
v -0.326445 1.169637 0.417408
v -0.353782 1.178996 0.466728
v -0.110316 0.850740 0.682990
v -0.116484 0.906621 0.705726
v -0.078594 0.911299 0.668406
v -0.099594 0.928027 0.745563
v 0.463517 -0.104747 -0.971275
v 0.543477 -0.054511 -0.911204
v 0.452515 0.131315 -0.910247
v -1.035341 0.017828 -0.163083
v -1.049961 -0.268253 -0.325970
v -1.027890 -0.119000 -0.370448
v -1.013052 -0.220461 -0.428125
v -0.391557 0.824277 0.729323
v -0.281158 0.831916 0.751136
v -0.304926 0.897228 0.748678
v -0.391810 0.777974 0.706366
v -0.687459 0.949017 -0.025556
v -0.670292 0.955495 -0.123283
v -0.728720 0.859849 -0.084223
v -0.566901 1.094255 -0.077518
v -0.492130 1.166856 0.015373
v -0.500019 1.151050 -0.100146
v -0.482320 1.012712 0.447458
v -0.386358 1.061334 0.401663
v -0.848605 0.566095 -0.373441
v -0.792305 0.745643 -0.250559
v -0.836376 0.474704 -0.503010
v -0.858301 0.459065 -0.458707
v 0.414615 1.034095 -0.455166
v 0.468531 0.933213 -0.493646
v 0.386455 0.983021 -0.520043
v 0.265266 1.166340 -0.412068
v 0.174738 1.237958 -0.333203
v 0.398719 -1.193673 0.134677
v 0.146874 -1.239374 0.101971
v 0.405207 -1.199809 0.034926
v 0.468213 -1.166927 -0.151735
v 0.511713 -1.132811 -0.217715
v 0.524411 -1.149094 -0.029317
v -0.552228 0.870959 0.484867
v -0.529612 0.950071 0.443774
v -0.608313 0.886331 0.394533
v -0.362212 0.778464 0.689076
v -0.420946 0.877146 0.602009
v -0.456985 0.774596 0.627762
v -0.949155 -0.688257 0.234082
v -0.995510 -0.559930 0.117099
v -0.995547 -0.585278 -0.052420
v -0.963164 -0.645201 0.185041
v -0.525947 -1.146284 0.002066
v -0.448048 -1.161326 -0.210551
v -0.406519 -1.198536 0.005888
v -0.522180 -1.147071 0.125619
v -0.534509 -1.109815 0.275024
v -0.620131 0.167697 0.935209
v -0.741144 0.046056 0.881393
v -0.693648 0.001034 0.959537
v -0.775280 -0.081159 0.917120
v -0.874732 -0.138486 -0.700421
v -0.895330 -0.056745 -0.703007
v -0.923630 0.102436 -0.555099
v -0.896421 0.083962 -0.655710
v 0.897509 -0.055073 -0.695121
v 0.895557 0.077452 -0.662405
v 0.922142 0.109532 -0.561668
v 0.915872 -0.024621 -0.570131
v -0.177448 -0.161917 1.080599
v -0.164529 -0.040183 1.076292
v -0.917003 0.242836 -0.298137
v -0.924489 0.018204 -0.540163
v 0.232332 0.826874 0.618934
v 0.223328 0.873122 0.564356
v 0.283638 0.806714 0.559329
v 0.282011 0.963210 0.437988
v 0.336482 0.939654 0.656458
v 0.369283 0.896723 0.645348
v 0.305587 0.910029 0.582451
v 0.459126 0.983010 0.572717
v 0.434302 1.045549 0.554748
v 0.414572 1.014124 0.545119
v -0.873622 -0.365611 0.604743
v -0.889209 -0.433992 0.548701
v -0.922415 -0.333908 0.513094
v -0.955139 -0.367475 0.431156
v 0.319957 0.981838 0.622633
v 0.289975 0.951812 0.548325
v 0.335866 1.045496 0.591402
v 0.294445 1.069242 0.632191
v -0.848427 0.441676 -0.174376
v -0.845838 0.476542 -0.064107
v 0.531193 0.987594 0.546691
v 0.263300 1.077078 0.501447
v 0.249417 1.149762 0.439041
v 0.146251 1.146939 0.497191
v 0.951277 -0.740505 0.223588
v 0.904789 -0.783077 0.430355
v 0.855150 -0.846756 0.433301
v 0.938269 -0.804618 0.224110
v 0.367562 -0.778543 -0.824561
v 0.434007 -0.729784 -0.826149
v 0.427157 -0.818302 -0.758869
v 0.590503 -0.718851 -0.722811
v 0.673955 -0.729322 -0.636985
v 0.569477 -0.819036 -0.654824
v -0.752055 0.798861 0.135059
v -0.674366 0.931957 0.173938
v -0.617226 0.799233 0.446285
v -0.650387 0.825726 0.376581
v -0.685854 0.715834 0.385960
v -0.893532 -0.459930 -0.685967
v -0.872081 -0.580299 -0.702257
v -0.913260 -0.655704 -0.591665
v -0.814395 -0.736562 -0.601596
v -0.691475 -0.496740 0.769248
v -0.736207 -0.468082 0.826942
v -0.706551 -0.606661 0.716520
v -0.071572 -0.194758 -1.103126
v 0.115383 -0.185908 -1.088893
v 0.264740 1.068425 -0.521559
v 0.336730 1.066245 -0.482448
v 0.284697 0.943622 -0.601937
v 0.194769 0.928271 -0.643085
v 0.202370 1.058034 -0.553816
v 0.985813 0.166358 -0.292073
v 0.973347 0.286690 -0.198512
v 0.885417 0.631582 0.201500
v 0.863108 0.690121 0.097489
v 0.878591 0.631149 0.269258
v 0.863419 0.424135 0.444709
v -0.939492 -0.591055 -0.534222
v -0.950855 -0.599358 -0.477208
v -0.919447 -0.488109 -0.582804
v 0.222587 -0.809755 -0.903928
v 0.289782 -0.764930 -0.890182
v 0.346648 -0.855366 -0.819653
v 0.092607 -0.591619 -1.002133
v -0.381523 1.062502 0.572236
v -0.472264 0.968047 0.618349
v -0.471740 0.886548 0.686277
v -0.373519 0.925613 0.693487
v 0.391082 -0.843999 -0.794516
v 0.495145 -0.964720 -0.582121
v 0.706170 0.824372 -0.222664
v 0.668462 0.921258 -0.199311
v 0.724298 0.846936 -0.139240
v 0.797219 0.777216 -0.168652
v -0.522360 1.002224 0.561828
v -0.425105 0.932639 0.663843
v 0.527251 -1.050120 -0.410989
v 0.514856 -1.005039 -0.503536
v -0.213117 1.114287 0.406308
v -0.256211 0.990230 0.431696
v -0.305003 0.893287 0.482659
v -0.197563 -0.895754 -0.839300
v -0.010956 -0.843031 -0.897451
v -0.008526 -0.948225 -0.786007
v -0.723855 0.797972 0.243177
v -0.670999 0.910013 0.233905
v -0.790614 0.773334 0.163528
v -0.749578 0.757719 0.239951
v 0.445402 -0.663422 0.914695
v 0.525810 -0.680159 0.855952
v 0.518423 -0.562529 0.922648
v 0.278020 -0.625095 0.991583
v 0.383177 -0.591132 0.968525
v -0.023240 1.285853 -0.271484
v -0.119762 1.286260 -0.239323
v 0.243372 1.284569 -0.143970
v 0.116152 1.304427 -0.190135
v 0.007765 -0.442257 -1.058816
v -0.895951 -0.694979 -0.605501
v -0.851352 -0.588682 -0.722982
v -0.856012 -0.670053 -0.658864
v -0.772016 -0.552606 -0.764353
v -0.797173 -0.654870 -0.690741
v -0.851352 -0.588682 -0.722982
v -0.539993 -0.056851 -0.915319
v -0.537997 0.097342 -0.872706
v -0.461624 0.079362 -0.920554
v -0.554261 -0.091855 -0.950968
v -0.662880 -0.009482 -0.852960
v -0.539993 -0.056851 -0.915319
v 0.854269 -0.385977 -0.735804
v 0.756230 -0.397985 -0.827653
v 0.834759 -0.446227 -0.764790
v -0.421048 -1.097438 -0.453875
v -0.337134 -1.094625 -0.524224
v -0.327528 -1.039616 -0.625020
v -0.425335 -0.975836 -0.653992
v -0.324177 -0.976673 -0.710233
v 0.786191 -0.912509 0.301156
v 0.752106 -0.906094 0.276478
v 0.881849 -0.872959 0.228629
v 0.760308 0.808085 0.111402
v 0.943150 -0.665780 -0.249411
v 0.954293 -0.671463 -0.315269
v 0.944625 -0.594748 -0.324785
v 0.719923 -0.747079 -0.571068
v 0.777337 -0.720563 -0.626061
v 0.727695 -0.791207 -0.513164
v 0.597198 -0.856688 -0.589482
v 0.380868 1.102242 -0.412356
v 0.436033 1.132573 -0.297259
v 0.367147 0.901111 0.579208
v 0.482799 0.855669 0.526704
v 0.446274 0.955987 0.483723
v 0.518664 0.685862 0.589491
v -0.898575 -0.492275 0.493583
v -0.889209 -0.433992 0.548701
v -0.293330 0.456395 0.930143
v -0.184880 0.529029 0.907529
v -0.303633 0.493924 0.868702
v -0.289575 0.393034 0.971849
v -0.335595 0.292533 0.974674
v 0.809307 -0.789074 -0.523000
v 0.774284 -0.860574 -0.390455
v 0.423493 -0.190377 1.009444
v 0.384699 -0.108039 0.989607
v -0.621361 -0.308539 -0.947746
v -0.642333 -0.248952 -0.964194
v -0.795799 -0.219588 -0.843563
v 0.600935 0.956471 0.334497
v 0.554358 0.903451 0.433262
v 0.753255 0.775215 -0.214171
v 0.759076 0.799602 -0.142049
v 0.706686 0.680806 -0.391273
v 0.740465 0.730517 -0.308238
v -0.185894 0.303849 0.995807
v -0.189081 0.414818 0.996432
v -0.634469 0.384412 0.688797
v -0.583558 0.376581 0.693084
v -0.624701 0.390357 0.640095
v -0.357270 0.133701 0.951171
v -0.470148 0.032302 0.934705
v -0.314365 0.096206 0.967519
v 0.244110 1.157577 0.571158
v 0.223617 1.165455 0.515309
v 0.185662 1.097065 0.607437
v 0.173814 1.071705 0.534872
v 0.179554 0.996401 0.546727
v 0.503010 0.365183 0.749911
v 0.375530 0.454590 0.799025
v -0.680291 0.572443 -0.483424
v 0.344406 0.239899 -0.916902
v 0.953188 0.336031 -0.170610
v 0.917974 0.355141 0.068811
v 0.899378 0.391024 -0.045037
v 0.222555 0.632096 0.775765
v 0.314640 0.705765 0.718425
v 0.169015 0.740457 0.759293
v 0.277574 0.955703 0.595973
v 0.159538 1.041628 0.590199
v 0.144516 0.925759 0.682019
v -0.669612 -0.956645 -0.309388
v -0.600046 -0.972155 -0.401188
v -0.574090 -1.042881 -0.267798
v -0.727309 -0.958941 -0.101648
v -0.615404 1.023757 -0.143376
v -0.524396 1.108080 -0.169864
v -0.468244 -0.420789 0.980146
v -0.370233 -0.524405 0.992432
v -0.198919 -0.576134 1.029074
v 0.507660 1.084795 -0.277256
v 0.562781 1.099041 -0.115664
v -0.439599 -0.871596 -0.739221
v -0.391366 -0.927381 -0.731927
v -0.198589 0.687207 0.774519
v -0.092035 0.649058 0.804131
v -0.227407 0.738496 0.757169
v -0.207817 0.542494 0.865852
v -0.263217 0.525467 0.819596
v -0.353161 -0.751472 0.902067
v -0.268036 -0.477649 1.033962
v -0.406812 0.941739 0.618030
v -0.384569 0.929207 0.646876
v -0.369493 0.915864 0.565074
v -0.290321 0.937242 0.729359
v -0.278011 1.011129 0.660980
v -0.305137 0.963214 0.675385
v -0.540589 -0.989302 -0.442876
v -0.515958 -1.039271 -0.449753
v -0.484014 -0.942887 -0.622066
v -0.416820 1.087719 -0.371405
v -0.387328 1.027154 -0.475108
v -0.506595 0.984612 -0.393916
v -0.304210 1.167568 -0.370997
v -0.256612 1.218694 -0.315324
v 0.470551 -0.335576 0.993530
v 0.307740 -0.088102 1.057726
v 0.322734 -0.222216 1.056737
v 0.400295 -0.210985 1.033455
v -0.395130 1.003816 0.573892
v -0.348714 0.968153 0.511503
v -0.353658 1.043118 0.556111
v -0.272217 1.007564 0.571564
v -0.258239 0.959189 0.540938
v -0.289586 0.959462 0.604808
v -0.837392 0.730270 -0.154602
v -0.796000 0.782169 -0.153485
v -0.841498 0.637435 -0.279277
v -0.209870 -0.806764 -0.909046
v -0.006967 -0.790290 -0.937858
v -0.153280 -0.839874 -0.894837
v -0.329146 -0.799162 -0.853923
v -0.360032 -0.866960 -0.805626
v -0.406522 -0.824487 -0.790389
v -0.285368 1.063627 0.588298
v -0.271132 1.000959 0.529269
v -0.241232 1.052373 0.663757
v -0.270730 1.050865 0.633873
v -1.016729 0.164662 -0.038650
v -0.976242 0.307292 0.118230
v -0.954127 0.361913 -0.004289
v -0.990206 0.276425 0.013702
v 0.634055 -0.248528 -0.969942
v 0.515896 -0.306428 -1.035525
v 0.417979 -0.225399 -1.067756
v 0.447035 -0.279607 -1.067739
v -0.968146 0.322254 -0.087160
v -0.938189 0.380158 -0.061186
v 0.602564 0.537312 0.560087
v 0.679052 0.516786 0.511235
v 0.676127 0.634023 0.445811
v 0.711711 -0.284960 -0.908368
v 0.689430 -0.237420 -0.937527
v 0.750328 -0.211693 -0.892515
v 0.776961 -0.321530 -0.831466
v -0.574145 -0.598083 0.838792
v -0.824546 -0.931069 -0.075171
v -0.891193 -0.886796 0.015643
v -0.838267 -0.926963 0.072511
v 0.854000 -0.346988 -0.639568
v -0.246849 -0.023467 1.037114
v 0.324188 1.048540 0.376585
v 0.344107 1.083101 0.367954
v 0.400811 1.043553 0.366976
v 0.282372 1.116202 0.391527
v 0.236899 1.090269 0.426617
v -0.075309 0.201477 -0.979480
v -0.070686 0.085951 -1.010635
v 0.026694 -0.183415 -1.077876
v 0.068294 -0.740657 -0.942076
v 0.211521 -0.748840 -0.918584
v 0.113807 -0.782839 -0.930397
v -0.118577 -0.752336 -0.937677
v -0.021671 -0.733927 -0.947088
v -0.348306 1.228342 0.184730
v -0.371588 1.230370 0.096438
v -0.389106 1.175745 0.280954
v -0.292990 1.151746 0.428558
v 0.288812 -1.135429 0.453308
v 0.353670 -1.079504 0.562565
v 0.376218 -1.117108 0.466361
v 1.019541 -0.055003 0.336989
v 1.036699 -0.202127 0.371576
v 1.082458 -0.264009 0.147637
v 0.250166 -1.105726 -0.533315
v 0.420430 -1.104646 -0.433653
v 0.328669 -1.102073 -0.511347
v -0.482401 0.920785 0.516277
v -0.472295 1.009988 0.445739
v -0.282206 1.237564 0.249982
v -0.355415 1.159596 0.359966
v -0.239021 1.219983 0.335653
v -0.195206 1.273835 0.235022
v -0.327703 0.559187 0.757594
v -0.185364 0.619372 0.797356
v -0.433020 0.554356 0.694207
v -0.984564 -0.470625 -0.323293
v -0.952190 -0.569760 -0.314829
v -0.938368 -0.311602 -0.492390
v -0.558710 -1.055361 0.377467
v -0.452884 -1.072515 0.502251
v -0.528011 -1.002228 0.551431
v -0.539459 -1.061143 0.426397
v 0.573042 -0.998356 0.467892
v -0.533965 -0.625811 -0.796629
v -0.557847 -0.447229 -0.844119
v 0.067698 1.040589 0.625711
v -0.485140 -0.349867 0.980296
v -0.410854 -0.215523 1.019132
v 0.689826 0.940399 -0.091694
v 0.555533 1.082932 -0.187353
v 0.636110 0.996089 -0.166726
v 0.932408 -0.685502 -0.546790
v 0.936016 -0.571015 -0.555096
v 0.962625 -0.627784 -0.479423
v -0.255066 1.101202 -0.490985
v -0.320989 1.075297 -0.480599
v -0.328576 1.117842 -0.425658
v -0.243826 0.940953 -0.592729
v 0.384452 0.838529 0.723729
v 0.457622 0.828844 0.676640
v 0.977177 0.312696 0.113733
v 1.012764 0.172058 0.092677
v 0.993226 0.240531 0.174148
v 0.867949 0.100508 -0.709722
v -0.706129 0.394312 0.683564
v -0.757775 0.483223 0.563469
v -0.751160 0.398233 0.651212
v -0.834313 0.670561 0.330895
v -0.226713 0.822773 0.724430
v -0.153420 0.756296 0.764558
v 1.021719 -0.295860 -0.421262
v 1.022042 -0.382590 -0.366925
v 0.990667 -0.374026 -0.408028
v 0.970495 -0.412775 -0.403130
v 0.985598 -0.471120 -0.306923
v -0.193441 1.033169 0.435513
v -0.236170 1.059855 0.406371
v -0.119912 1.063699 0.502209
v -0.118990 0.997078 0.552739
v -0.653646 -0.456074 -0.796880
v -0.683950 -0.539072 -0.746555
v -0.723597 -0.527024 -0.783575
v 1.024416 -0.434873 -0.287860
v -0.973787 -0.374037 0.404706
v -0.967155 -0.263306 0.449863
v -0.922340 -0.249047 0.485425
v -0.376567 -0.711536 -0.868473
v -0.315995 -0.752816 -0.866149
v -0.433251 -0.810164 -0.770663
v 0.639622 0.237300 0.842530
v -0.917699 0.034841 -0.487853
v -0.916162 0.242127 -0.463208
v -0.343108 0.909983 0.578105
v -0.321575 0.923889 0.599847
v -0.266389 0.933056 0.548769
v -0.320073 1.011545 0.513249
v -0.967045 -0.185596 -0.468996
v -0.970325 -0.365883 -0.443512
v -0.991008 -0.251936 -0.461006
v -0.958991 -0.243711 -0.473790
v 0.891551 0.039090 0.523907
v -0.858555 -0.748110 0.573482
v -0.815049 -0.885979 0.369852
v 0.724578 -0.547614 -0.765871
v 0.602695 0.002130 0.966851
v 0.663804 -0.005266 0.969782
v 0.438174 0.174206 0.968329
v 0.699863 -0.143849 0.950476
v 0.545041 -0.849377 0.720265
v -0.350240 0.793340 0.568717
v -0.379280 0.888520 0.471600
v -0.553393 -1.121429 0.107388
v 0.524268 0.931576 0.432139
v 0.495481 0.878636 0.434663
v 0.460690 0.962685 0.392024
v 0.482541 1.050124 0.400062
v -0.283435 -0.836634 -0.864318
v -0.381669 -1.103009 0.501049
v 0.876876 -0.479756 0.765589
v 0.886946 -0.569505 0.728867
v 0.925783 -0.512962 0.644026
v 0.851974 -0.497804 0.808188
v 0.836720 -0.579659 0.770299
v 0.408289 0.777393 0.507660
v 0.525751 -1.147288 0.100288
v 0.464804 -1.179110 -0.004558
v -0.938620 -0.394773 -0.471553
v -0.906045 -0.434590 -0.523055
v -0.938549 -0.497398 -0.416440
v -0.939903 -0.588016 -0.420502
v 0.826472 -0.262500 -0.699633
v 0.440723 0.873245 0.427501
v 0.473333 0.771210 0.515995
v 0.464238 0.818152 0.465562
v 0.527652 0.830832 0.485910
v -0.987993 0.048605 0.403600
v -0.956101 0.140230 0.418787
v -0.919029 0.054412 0.509810
v -0.959171 0.075761 0.460621
v 0.740486 0.107476 0.674993
v 0.829908 0.165158 0.537584
v 0.809630 0.103328 0.614725
v 0.895936 0.109167 0.491006
v -0.673851 -0.411664 -0.835309
v -0.712385 -0.381801 -0.844249
v 0.448467 0.733125 0.619952
v 0.396606 0.726583 0.628861
v 0.408608 0.733515 0.576237
v 0.404762 0.750389 0.682140
v 0.443351 0.751338 0.657468
v -0.323480 -0.216196 -1.093484
v -0.437163 -0.268753 -1.077780
v -0.447115 -0.216789 -1.072908
v -0.740100 0.113838 0.646035
v -0.779236 0.157324 0.574343
v -0.740100 0.113838 0.646035
v 0.896515 0.249802 -0.414997
v 1.030756 -0.062710 -0.356799
v -0.799364 -0.284220 -0.811183
v -0.779425 -0.322875 -0.824205
v -0.779425 -0.322875 -0.824205
v -0.810700 -0.324724 -0.790830
v -0.957025 -0.641730 -0.184408
v -0.963505 -0.657629 -0.045074
v -0.138349 -0.817845 0.912592
v -0.207970 -0.856642 0.879263
v 0.133987 1.094866 -0.538055
v -0.964561 -0.425334 -0.419569
v 0.355453 0.889371 0.561406
v 0.336062 0.889184 0.590622
v 0.305088 0.998182 0.531110
v -1.084458 -0.262997 0.073379
v -1.052147 -0.275402 0.321589
v -0.835702 -0.545474 0.788427
v -0.851756 -0.636732 0.712996
v -0.802200 -0.629202 0.741115
v -0.909714 -0.583649 0.680348
v 0.802490 -0.647396 0.728516
v 0.753616 -0.550934 0.802272
v 0.977748 -0.412842 0.381968
v 0.955012 -0.492033 0.374382
v -0.377509 -1.186018 -0.215547
v -0.428223 -1.143341 -0.326803
v 0.578083 -0.574351 0.831788
v 0.652713 -0.541838 0.792213
v 0.554389 -0.595297 0.865922
v 0.804345 -0.888192 0.382772
v 0.804883 -0.928193 0.227524
v 0.507756 1.028418 0.366370
v 0.449979 1.125281 0.304573
v 0.955278 0.248586 0.293784
v 0.901663 0.295208 0.302888
v -0.626817 -0.000278 0.969302
v -0.667029 0.001780 0.968395
v -0.710214 -0.135610 0.952520
v -0.074388 1.329301 0.036641
v -0.171743 1.306189 0.125931
v -0.680456 0.334379 0.745048
v -0.732259 0.338022 0.705536
v -0.544484 0.351964 0.803299
v -0.530678 0.371577 0.759869
v -0.592641 0.363819 0.744606
v 0.283110 1.219091 0.320780
v 0.348687 1.223975 0.229768
v 0.260534 1.263811 0.214510
v 0.325300 1.181121 0.351139
v -0.084312 -1.251657 -0.083233
v -0.264655 -1.204467 -0.261368
v -0.449786 0.197294 -0.882137
v -0.382628 0.184471 -0.913423
v -0.329291 0.331908 -0.877224
v -0.308677 0.970412 0.499475
v -0.358386 0.940204 0.506834
v -0.303887 0.931632 0.518437
v -0.364564 0.479496 -0.770039
v -0.433570 0.637096 -0.678776
v -0.450725 0.547660 -0.687941
v 0.849236 -0.913070 -0.131386
v 0.814135 -0.858898 -0.378163
v 0.861983 -0.878761 -0.242021
v 0.382517 1.050921 0.548633
v 0.358598 1.068444 0.567020
v 0.321620 1.007837 0.512043
v 0.400809 1.078137 0.559069
v -0.559880 1.104320 0.030713
v -0.635599 1.015638 0.065236
v 0.498515 -1.090283 -0.384021
v 0.376831 -0.131223 -1.005576
v 0.295090 -0.082978 -1.021211
v 0.153904 -0.161421 -1.056847
v 0.163656 -0.624217 1.018500
v 0.163656 -0.624217 1.018500
v 0.733477 0.359899 0.692441
v 0.050002 -1.243966 0.200332
v 0.260608 0.523078 0.817367
v 0.109418 0.527116 0.929373
v 0.112281 0.575736 0.849236
v 0.514439 -0.778473 -0.736187
v 0.467740 -0.873552 -0.678192
v 0.511040 -0.929050 -0.582010
v 0.444994 -0.909469 -0.694830
v 0.118142 0.894738 0.699159
v 0.065372 0.944815 0.691688
v 0.054841 0.954019 0.738038
v 0.103980 0.924710 0.719712
v -0.420909 1.096137 0.416138
v 0.935034 -0.015146 0.518569
v 0.971925 -0.180235 0.480722
v 0.972090 -0.083788 0.489432
v 0.951457 0.106027 0.468950
v 0.977651 0.125508 0.397249
v 0.977934 0.253448 0.255932
v -0.001582 0.060076 1.040163
v 0.100932 0.251306 0.965528
v -0.607699 0.334661 0.775337
v -0.213147 1.012662 0.713696
v -0.252324 0.904052 0.753414
v -0.198435 -0.956937 -0.769760
v -0.272137 -0.919775 -0.794435
v 0.205055 1.138752 0.487148
v 0.245736 1.152486 0.432191
v 0.198429 1.091661 0.476978
v 0.081628 1.268955 -0.299742
v 0.847477 0.604065 -0.274209
v 0.851861 0.500490 -0.304595
v 0.866094 0.437155 -0.369053
v -0.363203 -0.321006 -1.092475
v -0.539513 0.895022 0.566157
v -0.496928 0.805853 0.612106
v -0.515061 0.839423 0.565105
v -0.439683 0.790916 0.579159
v 0.467074 -0.961484 0.657531
v 0.838358 0.421557 -0.330919
v 0.200837 0.869281 0.666428
v 0.271270 0.791095 0.713401
v 0.285580 0.765221 0.653350
v -0.752583 -0.925784 -0.186505
v -0.805769 -0.918639 -0.202956
v -0.752583 -0.925784 -0.186505
v 0.249305 -0.204546 -1.093056
v 0.436441 -0.169298 -1.044814
v -0.843696 0.672186 -0.191221
v -0.861985 0.448523 -0.369481
v -0.869155 0.434462 -0.426366
v 0.825384 0.249675 0.575493
v 0.371933 0.931776 -0.566647
v 0.494319 0.796452 -0.561035
v -0.496145 -0.357695 -1.013305
v -0.395704 -0.341094 -1.077501
v 0.871405 0.650342 0.094901
v 0.868819 0.613817 0.084534
v 0.877175 0.535826 0.274833
v 0.342581 0.992493 0.496221
v 0.298516 0.958093 0.508895
v 0.281907 0.918922 0.549293
v 0.318007 0.919200 0.507731
v -0.392330 0.405057 -0.807220
v 0.362321 0.523017 -0.752669
v 0.402475 0.633786 -0.698383
v 0.458400 0.544301 -0.691621
v 0.459787 0.476593 -0.725129
v 0.652713 -0.541838 0.792213
v -0.208924 0.821512 0.623898
v 0.065694 -0.358813 -1.134179
v -0.073338 -0.400905 -1.113785
v -0.020753 -0.354222 -1.140408
v -0.869398 -0.007318 -0.736548
v -0.862569 0.144979 -0.697416
v 0.918042 -0.633916 0.361324
v 0.437447 -0.168350 0.963503
v -0.574429 -0.085511 0.896856
v -0.119895 -0.166840 -1.069279
v -0.089233 0.019509 -1.030416
v -0.050750 -0.126172 -1.064471
v 0.346786 -0.680855 -0.899890
v 0.207724 -0.656185 -0.954023
v 0.223773 -0.718334 -0.913567
v 0.065590 -0.649947 -0.979043
v 0.008580 1.084298 0.595714
v 0.059384 1.142853 0.529189
v -0.005554 1.157194 0.517401
v 0.925783 -0.512962 0.644026
v 0.898830 -0.395351 0.693586
v 0.011066 1.226871 0.406257
v 0.783259 -0.036740 -0.832620
v 0.832415 0.045258 -0.760038
v 0.802869 0.240393 -0.676905
v 0.807457 0.371938 -0.602854
v 0.837445 0.164684 -0.708654
v -0.225402 -0.708121 -0.921887
v -0.094599 -0.708907 -0.941560
v 0.889188 -0.378045 0.597285
v -0.886903 -0.577267 0.726928
v 0.727919 0.184795 -0.704402
v 0.738509 0.080697 0.693555
v 0.758461 0.083063 0.743611
v 0.775115 0.141398 0.597794
v 0.738509 0.080697 0.693555
v -0.016749 1.326248 -0.096814
v 0.077083 1.324946 -0.088144
v 0.198819 1.304526 -0.084787
v -0.620131 0.167697 0.935209
v -0.723091 0.017524 0.926872
v 0.280084 1.174605 0.546837
v 0.792566 -0.027010 0.691209
v 0.792566 -0.027010 0.691209
v -0.169769 -0.657742 -0.963946
v -0.294092 -0.656529 -0.931896
v -0.185111 0.361742 1.002643
v -0.092811 0.867919 0.794365
v -0.041244 0.934156 0.767226
v 0.013052 0.894314 0.789912
v -0.033426 0.907181 0.783829
v -0.010414 0.874107 0.782484
v 0.345146 -0.422748 -1.030921
v 0.422917 -0.435628 -0.968032
v 0.548470 0.869252 0.579844
v -0.860752 -0.493123 0.795963
v 0.547860 -0.422008 -0.887100
v -0.052689 0.703310 0.814473
v -0.005268 0.686781 0.788820
v -0.060855 0.779912 0.832138
v 0.032945 -0.710431 -0.942274
v -0.049202 -0.651319 -0.981542
v 0.935267 -0.810720 -0.035735
v -0.069419 0.842269 0.801502
v -0.052000 0.810020 0.807441
v 0.032864 0.845196 0.801815
v 0.022844 0.823498 0.789880
v -0.741144 0.046056 0.881393
v -0.435360 -1.188018 0.121235
v -0.719770 0.834607 -0.179513
v -0.756150 0.782522 -0.197234
v -0.939427 -0.047397 -0.476648
v -0.896009 -0.118059 -0.575305
v -0.916221 -0.048868 -0.528541
v -0.895684 -0.090809 -0.675499
v -0.893276 -0.805967 -0.419113
v -0.875354 -0.749734 -0.554124
v 0.633011 -0.886640 -0.507132
v 0.206550 -0.045973 1.076167
v 0.255370 -0.177520 1.074415
v 0.224410 0.010450 1.041039
v -0.845470 0.591067 -0.237992
v -0.827071 0.448736 -0.275177
v -0.831854 0.527754 -0.236404
v 1.005633 -0.123806 0.428276
v 0.982244 -0.016480 0.469181
v 0.984965 0.069019 0.423340
v -0.878949 0.427725 -0.070695
v -0.013509 0.800754 0.809484
v 0.040650 0.748496 0.847894
v 1.018808 -0.340360 0.387972
v 1.008344 -0.278151 0.437393
v 0.987204 -0.370848 0.402891
v 1.018808 -0.340360 0.387972
v -0.459151 -1.007997 -0.578403
v -0.410304 -1.043569 -0.563639
v -0.358386 0.940204 0.506834
v -0.367849 0.936734 0.533132
v 0.825347 0.538646 -0.023561
v 0.820822 0.539631 -0.145232
v 0.840738 0.574481 -0.158164
v 0.826064 0.556051 -0.041780
v -0.735263 0.668964 0.365516
v -0.716825 0.590119 0.436154
v -0.699529 0.767241 0.326997
v 0.036995 -1.237285 -0.274791
v -0.031761 -1.231705 -0.293677
v -0.066708 -1.247580 -0.209374
v -0.189211 0.974047 0.726779
v 0.313386 0.797395 0.680393
v 0.176220 0.835081 0.719906
v 1.021758 -0.211608 -0.425991
v 1.049597 -0.245601 -0.354903
v 1.077118 -0.246843 -0.193353
v 0.738781 0.405360 0.653015
v 0.893681 0.387069 -0.102878
v 0.939095 0.380478 -0.059440
v -0.196073 0.487602 0.950916
v -0.116999 0.493291 0.961495
v -0.046742 0.470025 0.978051
v 0.130454 0.498878 0.956518
v -0.585026 -0.866724 0.577880
v -1.019625 -0.263050 0.412308
v 0.270191 -0.354207 1.053306
v 0.429777 1.208305 -0.094875
v 0.424221 -0.323900 -1.070574
v 0.562566 -0.257668 -1.020997
v -0.824665 0.284454 0.597678
v -0.825623 0.248467 0.573502
v 0.150801 0.642492 0.792090
v 0.192477 0.552384 0.836575
v 0.207835 0.542180 0.863129
v 0.761740 -0.932222 0.163441
v -0.001671 0.792386 0.794266
v -0.050724 0.798192 0.747343
v -0.041111 0.823484 0.777404
v 0.018105 0.846553 0.776466
v -0.317487 0.850812 0.681056
v -0.325352 0.709289 0.728188
v -0.716992 -0.944864 0.193895
v -0.722080 -0.957210 0.113039
v -0.579412 -1.057016 0.164017
v -0.734773 -0.934637 0.142983
v 0.047004 0.776425 0.771244
v -0.040894 0.830909 0.721068
v 0.009960 0.855397 0.704707
v -0.029320 0.847110 0.772567
v 0.050926 0.702905 0.755293
v -0.014927 0.761599 0.750460
v 0.051446 0.802070 0.711506
v 0.016534 0.796225 0.691378
v 0.012106 0.765131 0.720446
v 0.182151 1.061386 0.641537
v 0.297060 0.924461 0.722315
v -0.037015 0.791564 0.707887
v -0.508083 -0.926428 -0.589110
v -0.568947 -0.892619 -0.571318
v 0.030512 0.265106 0.965841
v 0.006576 0.299255 0.959154
v 0.038391 0.323650 0.979437
v -0.385493 1.146681 -0.316854
v -0.348497 0.836089 0.519682
v -0.943989 -0.799186 0.194450
v 0.360519 1.250603 -0.016372
v 0.808266 -0.536845 0.811408
v 0.637187 0.998596 0.180772
v 0.655464 0.991731 0.105284
v 0.588557 1.069279 0.133101
v 0.755718 0.791816 0.173366
v 0.696549 0.918902 0.146245
v 0.677708 0.915718 0.227475
v -0.199861 0.667446 -0.757705
v -0.149734 0.605106 -0.800701
v -0.038119 0.524953 -0.835521
v 0.033878 0.850581 0.730085
v 0.063360 0.828862 0.733164
v 0.000675 0.851469 0.760186
v 0.215694 0.854847 0.701731
v 0.246313 0.801017 0.669466
v 0.244121 0.847162 0.727272
v -0.289932 1.254267 -0.187368
v -0.915044 -0.759382 -0.487855
v -0.926565 -0.714923 -0.519656
v -0.503883 -0.428087 -0.895633
v -0.434308 -0.426683 -0.960858
v -0.003328 -0.017483 -1.039848
v -0.872371 0.628105 0.238853
v -0.853282 0.567007 0.120119
v -0.765551 -0.726564 -0.618255
v -0.719704 -0.735337 -0.585446
v -0.731525 -0.790703 -0.511501
v 0.870967 0.434990 -0.413925
v 0.838113 0.607915 -0.341695
v 0.494524 0.578985 0.632614
v -0.645685 0.018336 -0.822855
v -0.647191 0.103309 -0.789493
v -0.662620 0.265409 -0.700813
v 0.798737 0.526117 -0.488015
v 0.721510 0.581744 -0.476514
v 1.004296 0.160414 -0.262149
v 0.827449 -0.170785 -0.797861
v 0.897509 -0.055073 -0.695121
v 0.915872 -0.024621 -0.570131
v -0.381523 1.062502 0.572236
v -0.332426 1.106004 0.571416
v -0.402702 1.106819 0.543451
v -0.332113 1.082430 0.569629
v -0.353658 1.043118 0.556111
v -0.320073 1.011545 0.513249
v 0.713499 -0.954238 -0.207370
v -0.726157 0.128364 0.808234
v -0.748783 0.101509 0.773879
v -0.745854 0.160239 0.739055
v 0.825865 0.282127 0.593030
v 0.875994 -0.109702 -0.566061
v 0.904726 0.007487 -0.496439
v 0.928584 0.022674 -0.458447
v 0.204668 0.938219 0.535018
v 0.803301 0.215309 0.546995
v 0.741753 -0.341033 -0.849686
v -0.561565 -1.005552 0.494059
v 0.715629 0.607718 0.430370
v -0.626025 1.031951 -0.049973
v -0.670292 0.955495 -0.123283
v -0.687459 0.949017 -0.025556
v -0.563458 0.022162 0.955904
v 0.943052 -0.733131 -0.446383
v 0.956309 -0.688664 -0.463678
v 0.439641 -0.639164 -0.879570
v -0.499081 -0.779848 0.807300
v -0.374620 -0.839814 0.831557
v -0.430196 -0.869236 0.778224
v -0.984196 -0.540954 0.216859
v -0.823569 -0.112927 0.677511
v -0.841718 -0.101958 0.634803
v -0.794371 -0.043107 0.686941
v -0.029889 0.721742 0.846146
v 0.195404 -0.571225 1.030578
v -0.926016 -0.845855 0.031933
v -0.946344 -0.805897 -0.029274
v 0.477116 0.751209 0.557720
v -0.698307 0.529024 0.504470
v 0.523802 0.146309 -0.862682
v 0.396945 0.292541 -0.874846
v -0.495586 0.855251 0.551879
v -0.552228 0.870959 0.484867
v -0.617226 0.799233 0.446285
v -0.685854 0.715834 0.385960
v -1.045754 -0.491585 -0.060041
v -1.015851 -0.560013 -0.047785
v -1.064681 -0.441750 0.007712
v 0.319715 0.410258 0.952990
v -0.847605 0.671483 0.281237
v -0.834313 0.670561 0.330895
v 0.382309 -1.204007 -0.079187
v 0.746622 0.032505 0.884733
v 0.743191 0.167580 0.753647
v 0.017676 0.810331 0.660036
v 0.846891 0.429692 0.485880
v 0.843228 -0.913898 0.201228
v 0.823763 -0.932214 -0.029598
v -0.109927 1.002161 0.601066
v 0.551861 0.362285 0.715653
v 0.435122 0.412197 0.829638
v 0.443413 0.389832 0.779937
v -0.544032 0.896234 -0.438093
v -0.616537 0.802464 -0.414775
v 0.497160 0.374923 0.807166
v 0.554051 0.359299 0.775647
v 1.087968 -0.274795 -0.068453
v -0.960858 -0.113564 -0.438153
v -0.985314 -0.092082 -0.409615
v -0.521936 0.705879 -0.578813
v -0.472601 0.780315 -0.584747
v -0.500492 0.635471 -0.628299
v -0.442896 -0.102298 -0.971010
v -0.430083 -0.162905 -1.048746
v 1.044190 -0.529959 0.076192
v 1.058128 -0.475650 0.011040
v -0.135044 0.783797 0.746227
v -0.725345 0.184761 -0.698697
v -0.767865 0.222765 -0.688194
v 0.119376 0.764939 0.818005
v -0.033135 0.467567 -0.862070
v -0.100922 0.390539 -0.904894
v 0.690955 -0.001534 0.962827
v 0.734957 -0.080659 0.948936
v 0.747508 -0.020181 0.921453
v -0.371589 1.153799 0.512270
v 0.314997 0.757385 -0.687821
v 0.939026 -0.709002 -0.142052
v 1.005008 -0.552016 -0.067361
v -0.759239 0.806307 -0.116891
v -0.756012 0.820998 -0.029701
v -0.273252 -0.383167 -1.091283
v -0.285526 0.772601 0.655417
v -0.297809 0.769523 0.692468
v -0.091357 0.727112 0.811538
v -0.664295 0.866361 0.312181
v -0.321023 1.188737 0.491019
v -0.342656 0.507512 0.772719
v -0.426550 1.092878 0.393760
v 0.563801 -1.105453 0.149700
v 0.940454 -0.694893 0.371381
v 0.935409 -0.711376 0.456855
v 0.944138 -0.762407 0.284892
v 0.450686 0.786667 0.593956
v 0.564235 0.807262 0.487552
v -0.349893 0.995488 -0.527723
v -0.255066 1.101202 -0.490985
v 0.483402 0.290505 -0.830488
v 0.470084 0.367067 -0.794489
v -0.286704 0.790426 0.721865
v -0.201213 0.932069 0.673153
v -0.279772 0.906488 0.668403
v -0.093302 -0.979069 0.778301
v 0.056882 -1.044498 0.687488
v -0.412820 0.975580 0.598607
v -0.234076 0.872702 0.746888
v 0.788871 0.061631 0.662780
v 0.792566 -0.027010 0.691209
v 0.245736 1.152486 0.432191
v -0.709066 0.343585 -0.632954
v -0.673435 0.469824 -0.553914
v -0.643667 0.367276 -0.654821
v 0.045541 0.629527 0.815415
v -0.072486 0.615154 0.822303
v -0.896563 0.373925 0.091254
v 0.799381 -0.220242 -0.838558
v 0.795984 -0.300876 -0.812811
v 0.184057 1.119629 0.545615
v 0.166696 1.057508 0.602108
v -0.159543 1.316040 0.012816
v -0.107942 0.333214 -0.932823
v -0.002931 0.384633 -0.913025
v 0.832415 0.045258 -0.760038
v 0.867949 0.100508 -0.709722
v 0.376023 1.189723 0.285457
v -0.986477 0.263249 -0.107992
v -0.730543 -0.244909 -0.911889
v -0.687394 -0.290735 -0.918959
v -0.745801 -0.342018 -0.843842
v -0.689940 -0.346159 -0.875520
v 0.851896 0.567559 0.085641
v -0.891944 0.110253 0.492522
v -0.930192 0.116821 0.469202
v 0.929810 -0.569050 0.624201
v -0.186095 0.556828 0.838417
v -0.159429 0.596456 0.817449
v 0.661073 0.033248 -0.808541
v -0.165588 1.104914 0.437176
v -0.196331 1.157690 0.433323
v -0.145854 1.121702 0.468137
v -0.152128 1.036527 0.467851
v 0.991133 -0.182188 -0.453762
v -0.873770 -0.288703 0.601267
v -0.818916 -0.248274 -0.765021
v 0.784911 -0.105202 0.908520
v -0.673851 -0.411664 -0.835309
v -0.633927 -0.379499 -0.871201
v 0.558699 -0.078779 0.912038
v 0.505537 -0.005292 0.930107
v 0.689120 -0.387556 0.836734
v 0.044808 -1.253224 -0.157525
v 0.131525 -1.238074 -0.222114
v -0.285593 -0.623751 0.990368
v 0.027885 1.313362 -0.178153
v 0.535202 -1.079328 0.384268
v -0.102599 0.995211 0.651685
v 0.659284 -0.280875 0.865291
v 0.659284 -0.280875 0.865291
v -0.556780 -0.173614 -1.019728
v -0.583635 -0.205576 -1.007975
v -0.701424 -0.173602 -0.926186
v 0.740465 0.730517 -0.308238
v 0.706686 0.680806 -0.391273
v -0.457909 0.116372 0.962682
v -0.532531 0.547660 0.628036
v -0.542841 -0.142855 -1.005104
v -0.395448 0.865353 0.728884
v 0.055576 0.784086 0.739423
v 0.012106 0.765131 0.720446
v 0.047004 0.776425 0.771244
v 0.934671 0.044548 0.517545
v 0.026369 0.829877 0.692685
v -0.009600 0.824999 0.692840
v 0.363470 0.231501 0.971840
v -0.502686 0.938647 0.481814
v 0.001392 -1.257603 -0.063159
v 0.074568 -1.252955 -0.008585
v 0.001718 -1.255746 0.112088
v -0.864774 0.411686 0.442059
v 0.438174 0.174206 0.968329
v 0.663804 -0.005266 0.969782
v -0.584857 -0.938703 -0.485282
v 0.318007 0.919200 0.507731
v 0.281907 0.918922 0.549293
v -0.747260 -0.879512 -0.331936
v -0.740425 -0.843312 -0.414085
v -0.376707 1.136846 0.409655
v -0.351615 1.116039 0.394080
v -0.655405 0.277993 0.792505
v 0.364096 0.921116 0.495153
v 0.379027 0.999832 0.520883
v -0.691475 -0.496740 0.769248
v -0.706551 -0.606661 0.716520
v 0.802409 0.755192 0.196590
v 0.847414 0.675918 0.301707
v 0.474305 1.013475 0.387253
v 0.416089 1.083301 0.369919
v 0.381299 0.732379 0.670800
v 0.360111 0.763793 0.550662
v 0.250099 0.897903 0.506464
v 0.531213 0.926635 -0.437553
v -0.218072 1.252490 -0.269194
v 0.636759 0.786109 0.421129
v -0.993515 -0.569417 -0.123908
v -0.893123 0.401100 -0.065014
v 0.173814 1.071705 0.534872
v -0.784821 -0.455499 0.842084
v -0.760391 -0.575254 0.776702
v 0.275265 -0.893822 0.830785
v 0.197043 -0.931080 0.812999
v -0.420946 0.877146 0.602009
v 0.006245 0.950152 0.755534
v 1.044190 -0.529959 0.076192
v -0.729116 0.087852 0.685243
v -0.748950 0.096420 0.735746
v 0.373458 -0.683188 0.938273
v 0.383177 -0.591132 0.968525
v -0.248066 -0.591061 -0.975364
v -0.443874 0.718835 -0.638360
v -0.980800 0.223867 -0.230896
v -0.963259 0.308197 -0.159796
v -0.412803 -0.138755 0.970989
v 0.278626 1.283262 -0.047033
v -0.342982 0.180612 0.950802
v -0.806511 -0.847722 0.464680
v -0.773324 -0.849022 0.468157
v 0.891551 0.039090 0.523907
v -0.630738 -0.354394 0.853444
v -0.681562 -0.361574 0.826690
v -0.945856 -0.696740 -0.157462
v 0.330491 0.952360 0.674490
v 0.336482 0.939654 0.656458
v 0.305587 0.910029 0.582451
v 0.132867 0.777592 -0.741218
v 0.127624 0.870144 -0.692566
v -0.929877 -0.523097 -0.437280
v -0.939903 -0.588016 -0.420502
v -0.950602 -0.684651 -0.251978
v -0.946003 -0.594318 -0.343327
v -1.003338 -0.026383 -0.369147
v -1.018209 -0.002506 -0.329857
v 0.671981 -0.172843 0.935972
v -0.283915 -1.077478 0.588188
v -0.294502 1.042271 0.399310
v -0.457352 -0.047701 -0.955812
v -0.198371 0.446975 0.982573
v 0.506533 -0.692917 -0.806506
v -0.825045 0.527440 0.039482
v -0.823868 0.526141 -0.073530
v -0.310681 0.417220 0.957023
v -0.585593 -1.061975 -0.149677
v 0.739782 -0.840907 -0.419370
v 0.725139 -0.813677 0.488673
v 0.777034 -0.872594 0.432477
v 0.799546 -0.864033 0.446854
v 0.695979 0.632122 -0.438900
v 0.386932 0.458171 0.776051
v -0.435569 0.957455 0.631885
v -0.427611 0.999958 0.602439
v 0.219782 1.191151 0.404068
v 0.181672 0.045183 1.018864
v -0.817006 0.159887 -0.721061
v -0.833681 0.043119 -0.760592
v -0.825444 0.543007 0.076889
v 0.173705 0.028448 1.048868
v 0.354295 1.086322 0.580716
v 0.219782 1.191151 0.404068
v -0.956760 -0.659842 -0.436945
v 0.221131 0.875199 0.680715
v -0.317448 -1.189839 0.247214
v -0.268307 -0.767156 -0.897831
v 0.549491 0.931144 0.472678
v 0.547081 0.989618 0.492109
v 0.524268 0.931576 0.432139
v 0.401271 0.947676 0.542194
v 0.358048 0.954758 0.483676
v 0.319869 0.957800 0.489334
v 0.816870 0.279495 0.455337
v 0.798215 0.189238 0.541515
v 0.159587 -0.847762 -0.888310
v -0.559104 -0.679031 -0.759838
v -0.451225 -0.702278 -0.830305
v -0.320651 1.261513 -0.084542
v 0.397647 0.158075 -0.927332
v 0.222784 -0.856394 0.879485
v 0.619965 -0.502111 -0.816387
v 0.635859 -0.478020 -0.805716
v 0.676611 0.449603 0.561723
v -0.807746 -0.922230 0.243103
v 0.183251 0.923509 0.674719
v -0.321190 1.075095 0.390541
v -0.926043 -0.162241 0.491440
v 0.282372 1.116202 0.391527
v 0.314386 1.152377 0.394101
v 0.351500 1.123275 0.374100
v 0.416089 1.083301 0.369919
v 0.351500 1.123275 0.374100
v 0.252520 1.119494 -0.482832
v 0.741560 0.054038 -0.789717
v 0.807603 -0.428122 0.857717
v 0.776812 -0.462763 0.851589
v -0.873366 -0.106756 -0.738105
v 0.762694 0.116574 -0.746389
v 0.815514 0.172177 -0.714781
v 0.795507 0.057519 -0.773276
v 0.795507 0.057519 -0.773276
v 0.474305 1.013475 0.387253
v 0.701441 -0.531209 0.767144
v 0.838725 0.415375 -0.550250
v -0.779425 -0.322875 -0.824205
v 0.164569 1.298492 0.170393
v 0.426574 0.152098 0.957260
v 0.423223 0.115142 0.926399
v 0.512978 0.025866 0.934862
v 0.372815 0.134014 0.925420
v -0.873037 0.518088 0.293736
v -0.704895 0.659072 -0.408865
v -0.816826 0.771841 -0.088496
v -0.134699 0.829375 0.711131
v -0.135044 0.783797 0.746227
v -0.134819 0.883749 0.735154
v -0.147916 0.825921 0.753969
v -0.882637 0.393305 0.179294
v -0.896563 0.373925 0.091254
v -0.918768 0.303787 0.187658
v -0.069419 0.842269 0.801502
v 0.826600 0.543790 0.058631
v -0.404212 0.962600 -0.517099
v -0.387328 1.027154 -0.475108
v -0.324443 0.645054 0.731424
v 0.840738 0.574481 -0.158164
v -0.775697 0.378069 0.636090
v 0.074308 0.774192 -0.748825
v -0.952540 -0.719893 -0.035279
v -0.950498 -0.716350 0.192392
v -0.214579 -0.910037 0.829471
v -0.348714 0.968153 0.511503
v -0.293161 1.023871 0.520375
v -0.676004 0.730923 -0.378107
v 0.747754 0.111725 0.776427
v 0.562077 0.336119 0.809600
v -0.854406 0.373282 0.366054
v -0.557030 -0.727252 0.798511
v 0.105315 0.835155 0.741412
v 0.105315 0.835155 0.741412
v -0.347188 0.935197 0.662895
v -0.590808 0.138691 0.967837
v -0.596407 0.052145 0.969971
v 0.830085 -0.313593 -0.646490
v -0.835702 -0.545474 0.788427
v -0.817968 -0.414865 0.847697
v -0.860752 -0.493123 0.795963
v -0.795818 -0.568426 0.784437
v 0.716316 -0.893025 0.335854
v 0.709460 -0.856965 0.426102
v 0.297060 0.924461 0.722315
v 0.868286 0.689833 -0.026966
v -0.565886 0.948795 -0.355041
v -0.747260 -0.879512 -0.331936
v 0.056717 -0.206124 -1.113998
v 0.281205 -0.225601 -1.099557
v 0.855843 -0.323434 -0.622644
v 0.818664 -0.272058 -0.652364
v 0.818664 -0.272058 -0.652364
v -0.310477 -1.159176 0.381894
v -0.845056 -0.836452 0.456480
v 0.831601 -0.218663 -0.658375
v -0.246162 -0.093161 1.076587
v -0.430354 1.206625 0.042980
v -0.828823 -0.281707 -0.676605
v -0.880790 -0.399464 -0.602545
v -0.581011 -0.670584 0.802348
v -0.593832 -0.646905 0.774017
v -0.368681 -1.057727 0.595182
v -1.025581 0.028159 -0.256565
v -1.039549 -0.069584 -0.291408
v -0.823569 -0.112927 0.677511
v -0.853967 -0.258697 0.647803
v 0.495481 0.878636 0.434663
v 0.524268 0.931576 0.432139
v 0.278020 -0.625095 0.991583
v 0.098293 -0.533412 1.047722
v 0.548470 0.869252 0.579844
v -0.712819 -0.702442 0.607617
v 0.557094 0.951305 0.524431
v 0.536841 1.024511 0.505601
v -0.137120 0.852530 0.771484
v -0.648791 -0.291417 0.866713
v 1.060410 -0.270218 0.305870
v 0.063360 0.828862 0.733164
v 0.051446 0.802070 0.711506
v 0.026369 0.829877 0.692685
v -0.050724 0.798192 0.747343
v -0.041111 0.823484 0.777404
v -0.037015 0.791564 0.707887
v 0.889699 -0.432913 -0.575846
v 0.934819 -0.613041 -0.378414
v 0.930287 -0.546380 -0.409080
v 0.943150 -0.665780 -0.249411
v -0.712385 -0.381801 -0.844249
v 0.043522 -0.099378 -1.053645
v 0.295341 -0.737656 -0.881783
v -0.281575 0.966973 0.507774
v -0.759075 -0.639274 -0.698192
v -0.717686 -0.624705 -0.678637
v 0.167487 0.990554 0.613907
v 0.735881 0.860064 -0.062482
v 0.764725 0.813066 -0.077401
v 0.357447 -0.322628 -1.091769
v -0.760391 -0.575254 0.776702
v -0.706551 -0.606661 0.716520
v -0.945856 -0.696740 -0.157462
v -0.949739 -0.652600 -0.248496
v -0.729116 0.087852 0.685243
v -0.748950 0.096420 0.735746
v -0.729116 0.087852 0.685243
v 1.064205 -0.223084 -0.290447
v -0.474614 -1.059297 -0.478741
v 0.487870 1.086220 0.487311
v 0.246313 0.801017 0.669466
v 0.828004 -0.387391 0.855806
v 0.337820 0.739526 0.639810
v -0.877677 0.172055 0.460447
v -0.852656 0.396564 -0.273980
v -0.551532 -0.948029 0.592716
v 0.830085 -0.313593 -0.646490
v 0.854000 -0.346988 -0.639568
v 0.092657 -1.152151 -0.470814
v 0.426467 -0.555670 -0.921658
v 0.192378 -0.931544 -0.801378
v 0.388317 -0.156738 -1.046987
v 0.874142 -0.794441 0.487068
v 0.855150 -0.846756 0.433301
v -0.647542 0.930972 -0.235486
v -0.670374 0.440009 0.576201
v -0.727670 0.490458 0.558164
v -0.698307 0.529024 0.504470
v -0.771692 -0.043535 -0.844324
v -0.870000 0.402900 0.389812
v -0.037015 0.791564 0.707887
v -0.864774 0.411686 0.442059
v -0.305134 1.089539 0.580164
v 0.827196 -0.087629 0.654585
v -0.509752 0.374518 0.737790
v 0.322715 1.033449 0.621949
v -0.700417 0.087849 -0.764154
v -0.670977 -0.942514 0.298318
v 0.958472 -0.615487 -0.440593
v -0.825623 0.248467 0.573502
v 0.787429 0.742167 -0.262242
v -0.590980 -0.501481 -0.801106
v -0.722672 -0.909617 0.268437
v -0.734773 -0.934637 0.142983
v -0.797173 -0.654870 -0.690741
v 0.987205 -0.275449 0.449367
v -0.645685 0.018336 -0.822855
v 0.134949 1.015861 -0.598630
v 0.364096 0.921116 0.495153
v 0.736992 0.633185 -0.429411
v 0.380811 1.144754 0.390634
v -0.014927 0.761599 0.750460
v -0.037015 0.791564 0.707887
v 0.644450 0.640416 -0.479113
v -0.822877 0.473681 0.175199
v -0.843145 0.414623 0.278731
v 0.440723 0.873245 0.427501
v 0.898830 -0.395351 0.693586
v 0.939026 -0.709002 -0.142052
v 0.883162 -0.077222 -0.730367
v 0.925788 -0.722811 0.486307
v 0.970046 -0.377736 0.411992
v 0.731378 0.672236 0.367245
v -0.746989 -0.937978 -0.119339
v 0.378842 0.893766 0.681144
v -0.506595 0.984612 -0.393916
v 0.524268 0.931576 0.432139
v 0.893060 -0.422021 -0.609695
v -0.804068 -0.134052 0.873895
v 0.956309 -0.688664 -0.463678
v 0.554017 0.712864 -0.553879
v 0.965797 -0.673068 -0.398862
v 0.026694 -0.183415 -1.077876
v 0.847477 0.604065 -0.274209
v -0.927607 -0.665626 0.302247
v -0.902231 -0.584321 0.402576
v 1.001317 0.228829 -0.137535
v 0.826600 0.543790 0.058631
v 0.221131 0.875199 0.680715
v 0.176220 0.835081 0.719906
v -0.872081 -0.580299 -0.702257
v -0.853967 -0.258697 0.647803
v -0.782748 0.666434 0.367016
v 0.384452 0.838529 0.723729
v -0.681562 -0.361574 0.826690
v 0.701441 -0.531209 0.767144
v -0.201213 0.932069 0.673153
v -0.706425 0.657586 0.398273
v 0.337820 0.739526 0.639810
v 0.816870 0.279495 0.455337
v 0.798215 0.189238 0.541515
v 0.775115 0.141398 0.597794
v -0.073426 1.123062 -0.510490
v 0.026369 0.829877 0.692685
v -0.009600 0.824999 0.692840
v 0.473333 0.771210 0.515995
v -0.320989 1.075297 -0.480599
v 0.838113 0.607915 -0.341695
v 0.747508 -0.020181 0.921453
v -0.711623 -0.655417 0.673233
v -0.711623 -0.655417 0.673233
v 0.710166 -0.639800 0.693511
v -0.834313 0.670561 0.330895
v 0.891551 0.039090 0.523907
v -0.823006 -0.296218 -0.750198
v -0.810700 -0.324724 -0.790830
v 0.518423 -0.562529 0.922648
v 0.900126 0.358445 -0.157846
v 0.825152 0.527010 -0.104460
v 0.888785 0.385111 0.008408
v -0.795818 -0.568426 0.784437
v -0.735263 0.668964 0.365516
v 0.026369 0.829877 0.692685
v 0.026369 0.829877 0.692685
v -0.717686 -0.624705 -0.678637
v 0.796264 -0.090400 0.887192
v 0.351500 1.123275 0.374100
v 0.351500 1.123275 0.374100
v -0.927607 -0.665626 0.302247
v -0.666092 -0.275199 0.869621
v -0.746989 -0.937978 -0.119339
v 0.557094 0.951305 0.524431
v 0.578083 -0.574351 0.831788
v -0.598917 -0.102944 0.897415
v 0.200837 0.869281 0.666428
v -0.442896 -0.102298 -0.971010
v 0.055576 0.784086 0.739423
v 1.017685 0.160217 -0.006246
v 0.426574 0.152098 0.957260
v 0.512978 0.025866 0.934862
v 0.623324 -0.169510 0.887245
v 0.564363 -0.032821 0.927868
v -0.495586 0.855251 0.551879
v 0.804345 -0.888192 0.382772
vt 0.204380 0.289011
vt 0.208838 0.283228
vt 0.212717 0.318821
vt 0.390105 0.807883
vt 0.404194 0.816596
vt 0.396643 0.835195
vt 0.267205 0.257515
vt 0.274831 0.258623
vt 0.271459 0.261758
vt 0.181162 0.054319
vt 0.181733 0.065215
vt 0.174127 0.047798
vt 0.194869 0.064682
vt 0.189672 0.071207
vt 0.187050 0.057063
vt 0.117783 0.290482
vt 0.122260 0.279231
vt 0.127586 0.291782
vt 0.714146 0.508592
vt 0.762048 0.532670
vt 0.732416 0.546190
vt 0.119675 0.082646
vt 0.129845 0.053404
vt 0.128974 0.070736
vt 0.634804 0.514336
vt 0.642959 0.506478
vt 0.668028 0.518786
vt 0.775088 0.777042
vt 0.747241 0.801258
vt 0.744400 0.776456
vt 0.278455 0.709383
vt 0.260693 0.708369
vt 0.272174 0.694199
vt 0.768306 0.140521
vt 0.767116 0.160096
vt 0.752374 0.159055
vt 0.838467 0.448686
vt 0.851185 0.464211
vt 0.829040 0.467887
vt 0.573415 0.203565
vt 0.557766 0.200405
vt 0.568841 0.184541
vt 0.314995 0.902543
vt 0.297070 0.898002
vt 0.309947 0.880362
vt 0.183247 0.726876
vt 0.203095 0.740947
vt 0.182471 0.746487
vt 0.256870 0.530166
vt 0.268171 0.541287
vt 0.250284 0.544695
vt 0.115851 0.647167
vt 0.101501 0.678135
vt 0.092622 0.661519
vt 0.672193 0.096325
vt 0.678600 0.072734
vt 0.687686 0.100918
vt 0.631100 0.450457
vt 0.641808 0.434695
vt 0.647504 0.451782
vt 0.453532 0.608578
vt 0.451198 0.635424
vt 0.438847 0.613074
vt 0.413733 0.437325
vt 0.411506 0.462673
vt 0.381272 0.461214
vt 0.737682 0.685654
vt 0.733794 0.673819
vt 0.745181 0.680308
vt 0.176079 0.877469
vt 0.163508 0.877320
vt 0.169344 0.861086
vt 0.761654 0.655154
vt 0.770601 0.674366
vt 0.642045 0.141420
vt 0.621597 0.145792
vt 0.631424 0.130140
vt 0.426544 0.592790
vt 0.417902 0.605384
vt 0.411696 0.598890
vt 0.302745 0.648048
vt 0.278709 0.602932
vt 0.308308 0.607362
vt 0.655612 0.497968
vt 0.658081 0.493460
vt 0.672190 0.499580
vt 0.442985 0.509095
vt 0.459342 0.491276
vt 0.456360 0.513954
vt 0.543217 0.315277
vt 0.522152 0.300851
vt 0.541293 0.291625
vt 0.070418 0.625722
vt 0.094570 0.629390
vt 0.094943 0.643756
vt 0.266884 0.733743
vt 0.238839 0.737745
vt 0.249358 0.724501
vt 0.224278 0.854310
vt 0.209664 0.871890
vt 0.211573 0.849071
vt 0.722090 0.059169
vt 0.746164 0.062298
vt 0.737027 0.082332
vt 0.875038 0.364359
vt 0.848034 0.383799
vt 0.858382 0.368779
vt 0.582951 0.102281
vt 0.600541 0.104940
vt 0.593700 0.118204
vt 0.664959 0.040370
vt 0.671104 0.051341
vt 0.654914 0.055181
vt 0.028236 0.642079
vt 0.059033 0.625449
vt 0.049517 0.641463
vt 0.764036 0.852106
vt 0.819598 0.842445
vt 0.789446 0.849634
vt 0.384404 0.865801
vt 0.367841 0.879573
vt 0.347035 0.854895
vt 0.758426 0.408411
vt 0.776624 0.427299
vt 0.756448 0.427217
vt 0.434681 0.321154
vt 0.409951 0.311398
vt 0.422971 0.300506
vt 0.440589 0.421261
vt 0.454728 0.415568
vt 0.454194 0.428488
vt 0.804253 0.394415
vt 0.809432 0.400226
vt 0.776817 0.391670
vt 0.269976 0.116450
vt 0.248840 0.146757
vt 0.243996 0.141006
vt 0.788987 0.671328
vt 0.807392 0.655150
vt 0.818625 0.670840
vt 0.481241 0.155924
vt 0.475356 0.154594
vt 0.473437 0.138470
vt 0.084374 0.198729
vt 0.115674 0.196574
vt 0.118193 0.211473
vt 0.027914 0.251888
vt 0.060056 0.255209
vt 0.030889 0.259069
vt 0.869574 0.809500
vt 0.846324 0.814421
vt 0.852291 0.795005
vt 0.531038 0.247869
vt 0.514839 0.265023
vt 0.517703 0.238836
vt 0.700120 0.399705
vt 0.685697 0.419194
vt 0.687105 0.402951
vt 0.700659 0.340058
vt 0.687902 0.334141
vt 0.701296 0.310115
vt 0.215597 0.529868
vt 0.213619 0.551498
vt 0.200377 0.535128
vt 0.375593 0.383228
vt 0.348667 0.382028
vt 0.374343 0.368981
vt 0.832462 0.505101
vt 0.856361 0.506026
vt 0.813943 0.522344
vt 0.602683 0.055400
vt 0.598644 0.079935
vt 0.584426 0.077724
vt 0.491228 0.503105
vt 0.505472 0.492414
vt 0.493712 0.528773
vt 0.500241 0.415312
vt 0.509552 0.451233
vt 0.481885 0.455216
vt 0.772993 0.748838
vt 0.797437 0.739331
vt 0.797374 0.758002
vt 0.840900 0.826054
vt 0.833711 0.833081
vt 0.838422 0.798162
vt 0.522699 0.461259
vt 0.514626 0.444750
vt 0.506306 0.412796
vt 0.517235 0.491170
vt 0.521097 0.509573
vt 0.512991 0.511437
vt 0.354134 0.847195
vt 0.348820 0.831077
vt 0.390647 0.850311
vt 0.268396 0.773317
vt 0.258013 0.798132
vt 0.241492 0.777617
vt 0.756145 0.127576
vt 0.740918 0.149019
vt 0.743588 0.128964
vt 0.698449 0.134974
vt 0.692571 0.147397
vt 0.681558 0.134004
vt 0.316764 0.650398
vt 0.331149 0.610012
vt 0.359578 0.634374
vt 0.330317 0.712370
vt 0.316622 0.678543
vt 0.352263 0.697291
vt 0.739603 0.610842
vt 0.718077 0.625188
vt 0.714275 0.597935
vt 0.241656 0.883867
vt 0.221397 0.876445
vt 0.236790 0.860121
vt 0.679585 0.155479
vt 0.662616 0.147259
vt 0.598107 0.229954
vt 0.620554 0.237497
vt 0.598617 0.267919
vt 0.681460 0.335444
vt 0.677092 0.317765
vt 0.683848 0.310415
vt 0.769494 0.227100
vt 0.797184 0.224402
vt 0.802606 0.236914
vt 0.719309 0.823833
vt 0.699739 0.834408
vt 0.707451 0.799847
vt 0.152093 0.861499
vt 0.148493 0.833711
vt 0.159069 0.851025
vt 0.546271 0.396550
vt 0.534885 0.381491
vt 0.548614 0.370348
vt 0.493051 0.327810
vt 0.508421 0.336903
vt 0.489204 0.342918
vt 0.341248 0.038105
vt 0.334811 0.044004
vt 0.336273 0.023097
vt 0.298404 0.105259
vt 0.304663 0.113876
vt 0.291516 0.126847
vt 0.734281 0.763036
vt 0.763475 0.758236
vt 0.764074 0.763809
vt 0.676188 0.767307
vt 0.682570 0.750052
vt 0.699614 0.770223
vt 0.719102 0.091496
vt 0.769250 0.119677
vt 0.749741 0.119489
vt 0.753717 0.105613
vt 0.275026 0.512668
vt 0.298754 0.520668
vt 0.277990 0.528347
vt 0.362094 0.588136
vt 0.359635 0.604795
vt 0.337636 0.588364
vt 0.462516 0.265336
vt 0.465881 0.247450
vt 0.489466 0.213417
vt 0.006842 0.633488
vt 0.034628 0.622710
vt 0.725474 0.030603
vt 0.725790 0.009513
vt 0.734589 0.017692
vt 0.892955 0.439698
vt 0.876032 0.451613
vt 0.872576 0.430810
vt 0.240802 0.802925
vt 0.221688 0.796066
vt 0.235063 0.784673
vt 0.202629 0.758773
vt 0.404559 0.373194
vt 0.482940 0.377874
vt 0.488014 0.389644
vt 0.458191 0.364252
vt 0.755249 0.323622
vt 0.727065 0.341179
vt 0.743239 0.300981
vt 0.770872 0.236148
vt 0.779127 0.246490
vt 0.761414 0.244305
vt 0.760534 0.561868
vt 0.751706 0.591614
vt 0.727414 0.575647
vt 0.864786 0.643997
vt 0.849166 0.627920
vt 0.882915 0.620583
vt 0.375937 0.418613
vt 0.355849 0.442667
vt 0.350842 0.412775
vt 0.363050 0.388857
vt 0.048207 0.234361
vt 0.053114 0.228216
vt 0.083881 0.232038
vt 0.529583 0.511040
vt 0.534324 0.476593
vt 0.540294 0.501701
vt 0.115684 0.738270
vt 0.114455 0.728041
vt 0.130802 0.712888
vt 0.105752 0.831635
vt 0.086925 0.797649
vt 0.108931 0.814861
vt 0.806983 0.592896
vt 0.835175 0.589333
vt 0.829191 0.612677
vt 0.898500 0.526936
vt 0.842850 0.563851
vt 0.832250 0.550900
vt 0.492576 0.252573
vt 0.478536 0.261875
vt 0.495538 0.239116
vt 0.447853 0.314575
vt 0.467650 0.318744
vt 0.461130 0.334867
vt 0.709451 0.761710
vt 0.133050 0.892595
vt 0.154777 0.891982
vt 0.140991 0.899944
vt 0.318151 0.025237
vt 0.308014 0.031085
vt 0.308998 0.006458
vt 0.723545 0.441866
vt 0.734592 0.446784
vt 0.721543 0.451956
vt 0.129613 0.023035
vt 0.110427 0.037334
vt 0.127877 0.019474
vt 0.001000 0.595400
vt 0.011407 0.601291
vt 0.002774 0.616489
vt 0.124174 0.906495
vt 0.109920 0.901296
vt 0.767820 0.704628
vt 0.787905 0.704180
vt 0.768447 0.719545
vt 0.694268 0.538613
vt 0.689393 0.514028
vt 0.776735 0.475555
vt 0.762056 0.492650
vt 0.753181 0.477634
vt 0.088152 0.006069
vt 0.043166 0.052157
vt 0.038106 0.034983
vt 0.018712 0.074952
vt 0.021359 0.082973
vt 0.001000 0.104734
vt 0.862415 0.436447
vt 0.750697 0.434124
vt 0.783353 0.433890
vt 0.780147 0.445407
vt 0.772674 0.730222
vt 0.779707 0.739814
vt 0.751460 0.733390
vt 0.096763 0.898977
vt 0.086954 0.897020
vt 0.101666 0.877472
vt 0.613633 0.216623
vt 0.638258 0.215523
vt 0.593981 0.184938
vt 0.879832 0.366697
vt 0.864020 0.385247
vt 0.853121 0.386625
vt 0.812431 0.428579
vt 0.850994 0.426254
vt 0.838456 0.434450
vt 0.418095 0.392489
vt 0.416827 0.369250
vt 0.437891 0.397565
vt 0.422889 0.400195
vt 0.140403 0.751920
vt 0.142964 0.766253
vt 0.122688 0.776938
vt 0.143427 0.812943
vt 0.133947 0.820330
vt 0.124287 0.794753
vt 0.778008 0.625268
vt 0.794072 0.602035
vt 0.799199 0.620770
vt 0.782521 0.653530
vt 0.336689 0.672825
vt 0.310561 0.660199
vt 0.339086 0.656343
vt 0.410664 0.675678
vt 0.400143 0.695009
vt 0.415167 0.654832
vt 0.256323 0.925824
vt 0.258381 0.914807
vt 0.292474 0.930264
vt 0.245692 0.919352
vt 0.212421 0.904638
vt 0.245724 0.911140
vt 0.543023 0.465893
vt 0.512213 0.405840
vt 0.508185 0.367324
vt 0.524127 0.395991
vt 0.698802 0.426789
vt 0.708275 0.433212
vt 0.673468 0.435104
vt 0.350015 0.981374
vt 0.343224 0.965469
vt 0.356888 0.957303
vt 0.868729 0.567612
vt 0.908810 0.542595
vt 0.890867 0.577925
vt 0.875769 0.590329
vt 0.881411 0.605526
vt 0.847706 0.596538
vt 0.477687 0.365649
vt 0.501226 0.390216
vt 0.418413 0.324457
vt 0.451433 0.347394
vt 0.284343 0.942642
vt 0.296549 0.955169
vt 0.260976 0.940515
vt 0.332513 0.970538
vt 0.349424 0.999000
vt 0.341939 0.994553
vt 0.400185 0.486831
vt 0.384069 0.508238
vt 0.378168 0.485899
vt 0.334584 0.508642
vt 0.372204 0.538849
vt 0.310430 0.549847
vt 0.279167 0.911572
vt 0.322989 0.930088
vt 0.326835 0.938222
vt 0.316157 0.940638
vt 0.611743 0.055535
vt 0.618371 0.040388
vt 0.628858 0.066415
vt 0.802512 0.686915
vt 0.810124 0.679902
vt 0.830562 0.682363
vt 0.790408 0.682246
vt 0.785240 0.687809
vt 0.767446 0.687983
vt 0.803815 0.276760
vt 0.818348 0.290730
vt 0.773525 0.283347
vt 0.879069 0.342712
vt 0.892063 0.309692
vt 0.887473 0.338574
vt 0.615148 0.071533
vt 0.660885 0.084457
vt 0.851707 0.731954
vt 0.859345 0.744641
vt 0.841887 0.736894
vt 0.806729 0.727253
vt 0.791149 0.728962
vt 0.812457 0.716281
vt 0.855651 0.474141
vt 0.866954 0.483367
vt 0.851832 0.496471
vt 0.682199 0.021912
vt 0.665940 0.026462
vt 0.669281 0.005921
vt 0.149035 0.236922
vt 0.150902 0.226982
vt 0.174219 0.218963
vt 0.075180 0.239236
vt 0.072493 0.245456
vt 0.058354 0.240416
vt 0.825191 0.704380
vt 0.842471 0.702185
vt 0.862816 0.702709
vt 0.542900 0.121988
vt 0.532559 0.104066
vt 0.549331 0.104948
vt 0.187134 0.864430
vt 0.178259 0.851879
vt 0.190926 0.837074
vt 0.180501 0.829175
vt 0.160148 0.824973
vt 0.159958 0.806107
vt 0.421217 0.728904
vt 0.393832 0.731929
vt 0.396056 0.714405
vt 0.383762 0.758716
vt 0.374809 0.745625
vt 0.388244 0.722608
vt 0.817607 0.777411
vt 0.831440 0.788185
vt 0.818112 0.801659
vt 0.800219 0.790598
vt 0.799484 0.794134
vt 0.767562 0.798703
vt 0.503027 0.109771
vt 0.521116 0.104254
vt 0.529783 0.119028
vt 0.532044 0.173691
vt 0.513051 0.164353
vt 0.530236 0.160270
vt 0.147080 0.805458
vt 0.140282 0.780364
vt 0.814449 0.357279
vt 0.816760 0.367302
vt 0.802408 0.366508
vt 0.844451 0.291923
vt 0.848150 0.270912
vt 0.856849 0.288133
vt 0.203790 0.918779
vt 0.221633 0.929369
vt 0.189384 0.921799
vt 0.167772 0.911754
vt 0.161356 0.921671
vt 0.142321 0.918254
vt 0.244987 0.254836
vt 0.248037 0.260041
vt 0.241055 0.264356
vt 0.276216 0.295337
vt 0.266016 0.300769
vt 0.264368 0.294197
vt 0.476539 0.257203
vt 0.495410 0.218958
vt 0.501126 0.223625
vt 0.492720 0.198326
vt 0.495013 0.157170
vt 0.510931 0.177653
vt 0.287432 0.328754
vt 0.304549 0.277867
vt 0.320072 0.287200
vt 0.247976 0.309416
vt 0.240408 0.307882
vt 0.249052 0.305131
vt 0.381715 0.523631
vt 0.378598 0.587865
vt 0.394926 0.599780
vt 0.376960 0.607074
vt 0.044685 0.247448
vt 0.073273 0.250760
vt 0.425992 0.547493
vt 0.444914 0.549485
vt 0.432571 0.569231
vt 0.270596 0.653419
vt 0.271468 0.636245
vt 0.293975 0.652355
vt 0.142333 0.730864
vt 0.124005 0.748356
vt 0.134704 0.722061
vt 0.411575 0.574846
vt 0.408298 0.549642
vt 0.387980 0.537253
vt 0.380483 0.552747
vt 0.466115 0.540412
vt 0.483499 0.542706
vt 0.461819 0.546920
vt 0.467646 0.568511
vt 0.450123 0.571572
vt 0.188068 0.196016
vt 0.209213 0.169158
vt 0.217208 0.179026
vt 0.199416 0.169416
vt 0.172593 0.193978
vt 0.455097 0.437929
vt 0.419424 0.460071
vt 0.451219 0.486141
vt 0.426684 0.500666
vt 0.185277 0.618473
vt 0.191088 0.591775
vt 0.204867 0.594052
vt 0.187384 0.576470
vt 0.194492 0.549588
vt 0.211953 0.574726
vt 0.167026 0.177031
vt 0.159685 0.173296
vt 0.190377 0.151457
vt 0.709431 0.257973
vt 0.718165 0.243339
vt 0.731694 0.249282
vt 0.210014 0.612845
vt 0.209522 0.661232
vt 0.184988 0.633668
vt 0.207901 0.684861
vt 0.204438 0.712711
vt 0.180214 0.699969
vt 0.719251 0.265887
vt 0.701184 0.279248
vt 0.706849 0.267492
vt 0.760277 0.254951
vt 0.051664 0.091111
vt 0.057935 0.096453
vt 0.040944 0.123877
vt 0.082914 0.059555
vt 0.070713 0.062323
vt 0.086077 0.046550
vt 0.219331 0.190476
vt 0.221945 0.194294
vt 0.197925 0.206838
vt 0.167034 0.237814
vt 0.177533 0.222999
vt 0.181333 0.231117
vt 0.229871 0.588602
vt 0.251951 0.591238
vt 0.239035 0.609002
vt 0.260413 0.561983
vt 0.282527 0.566006
vt 0.264227 0.581826
vt 0.231928 0.299719
vt 0.231045 0.305908
vt 0.227270 0.298599
vt 0.247514 0.273180
vt 0.242560 0.283751
vt 0.239746 0.272545
vt 0.111277 0.226174
vt 0.077434 0.220998
vt 0.176775 0.202126
vt 0.151560 0.211377
vt 0.269062 0.130429
vt 0.290940 0.108062
vt 0.280642 0.134156
vt 0.260635 0.158125
vt 0.236999 0.180094
vt 0.230632 0.177353
vt 0.555296 0.494663
vt 0.568257 0.502198
vt 0.564177 0.513011
vt 0.090122 0.208676
vt 0.018174 0.093880
vt 0.013088 0.117196
vt 0.006123 0.105057
vt 0.159222 0.660344
vt 0.148471 0.701512
vt 0.143648 0.668087
vt 0.389097 0.619072
vt 0.404574 0.616954
vt 0.370648 0.660559
vt 0.388654 0.657527
vt 0.378310 0.685157
vt 0.288570 0.015537
vt 0.299842 0.029283
vt 0.290924 0.034133
vt 0.246727 0.123870
vt 0.272967 0.097952
vt 0.470312 0.484102
vt 0.483406 0.484133
vt 0.471460 0.506868
vt 0.473087 0.440782
vt 0.462856 0.440658
vt 0.278777 0.283139
vt 0.276113 0.275181
vt 0.284933 0.277227
vt 0.260152 0.319945
vt 0.271414 0.318772
vt 0.838023 0.273825
vt 0.835977 0.299182
vt 0.823891 0.265500
vt 0.817997 0.237282
vt 0.830461 0.237693
vt 0.833752 0.257849
vt 0.259821 0.264177
vt 0.262410 0.259329
vt 0.267161 0.263618
vt 0.256785 0.273372
vt 0.250791 0.285766
vt 0.231738 0.284351
vt 0.231105 0.293173
vt 0.226508 0.289414
vt 0.229142 0.267521
vt 0.236624 0.260407
vt 0.234982 0.267983
vt 0.259154 0.100150
vt 0.243398 0.118214
vt 0.248411 0.101505
vt 0.193590 0.156862
vt 0.169066 0.183985
vt 0.283568 0.253658
vt 0.293804 0.271887
vt 0.283409 0.263114
vt 0.297335 0.279286
vt 0.284924 0.310227
vt 0.291159 0.280779
vt 0.550055 0.467380
vt 0.569378 0.488828
vt 0.614114 0.411598
vt 0.632658 0.423017
vt 0.618219 0.435999
vt 0.583719 0.358742
vt 0.611985 0.336171
vt 0.615825 0.360969
vt 0.605769 0.423642
vt 0.214207 0.891134
vt 0.223914 0.883041
vt 0.248079 0.896571
vt 0.189649 0.873608
vt 0.177961 0.650842
vt 0.173973 0.698688
vt 0.166707 0.660975
vt 0.184750 0.677482
vt 0.184488 0.657418
vt 0.207989 0.673259
vt 0.559934 0.386478
vt 0.567487 0.466781
vt 0.554551 0.444480
vt 0.567478 0.443398
vt 0.294007 0.904453
vt 0.271267 0.898766
vt 0.241479 0.888905
vt 0.174877 0.614739
vt 0.165942 0.605166
vt 0.183084 0.588672
vt 0.032540 0.119048
vt 0.016458 0.309888
vt 0.019871 0.301741
vt 0.044545 0.308250
vt 0.153977 0.294840
vt 0.135655 0.277183
vt 0.161409 0.281082
vt 0.106835 0.876665
vt 0.121038 0.878728
vt 0.105563 0.892815
vt 0.116123 0.843129
vt 0.125551 0.865475
vt 0.114862 0.862885
vt 0.041341 0.146207
vt 0.055764 0.145868
vt 0.042045 0.152691
vt 0.015881 0.165814
vt 0.018825 0.173526
vt 0.003426 0.168129
vt 0.309203 0.908901
vt 0.345207 0.921981
vt 0.325039 0.914326
vt 0.335952 0.911233
vt 0.601208 0.533066
vt 0.583794 0.524572
vt 0.599712 0.521434
vt 0.052431 0.215419
vt 0.027420 0.202201
vt 0.052818 0.197100
vt 0.797740 0.492356
vt 0.779987 0.491849
vt 0.779447 0.521111
vt 0.793767 0.522733
vt 0.774015 0.537305
vt 0.351909 0.916268
vt 0.323620 0.873220
vt 0.347681 0.892455
vt 0.319830 0.891473
vt 0.055235 0.191109
vt 0.037800 0.197106
vt 0.038728 0.189351
vt 0.804326 0.216415
vt 0.813839 0.205838
vt 0.814696 0.220134
vt 0.433154 0.592704
vt 0.429465 0.616171
vt 0.421206 0.621779
vt 0.399665 0.682967
vt 0.409782 0.650955
vt 0.722888 0.291169
vt 0.725861 0.304971
vt 0.720847 0.330718
vt 0.711974 0.316968
vt 0.579981 0.500737
vt 0.598726 0.507439
vt 0.578430 0.512042
vt 0.594372 0.515373
vt 0.340559 0.732362
vt 0.321495 0.725790
vt 0.349353 0.720387
vt 0.296566 0.761092
vt 0.324514 0.789654
vt 0.300048 0.789416
vt 0.689314 0.281032
vt 0.697492 0.265405
vt 0.219874 0.125270
vt 0.226363 0.130607
vt 0.768165 0.362999
vt 0.784962 0.368817
vt 0.758091 0.368928
vt 0.697724 0.353769
vt 0.688181 0.344848
vt 0.152644 0.188465
vt 0.126040 0.204404
vt 0.152037 0.172180
vt 0.166412 0.191406
vt 0.146865 0.208474
vt 0.131746 0.208408
vt 0.467214 0.140065
vt 0.470709 0.164589
vt 0.463962 0.156672
vt 0.465679 0.197916
vt 0.448689 0.220816
vt 0.461925 0.189537
vt 0.520072 0.326252
vt 0.542001 0.343562
vt 0.578756 0.337838
vt 0.566219 0.350445
vt 0.829477 0.867714
vt 0.825279 0.862697
vt 0.835951 0.853928
vt 0.840992 0.858673
vt 0.848654 0.870491
vt 0.831162 0.874865
vt 0.821194 0.654954
vt 0.853306 0.656781
vt 0.833643 0.673064
vt 0.491363 0.079257
vt 0.512556 0.082314
vt 0.497550 0.093952
vt 0.497706 0.348924
vt 0.522111 0.353887
vt 0.507455 0.357687
vt 0.498103 0.360606
vt 0.902752 0.395055
vt 0.892552 0.397207
vt 0.907610 0.378890
vt 0.768884 0.024167
vt 0.779036 0.027855
vt 0.768665 0.033283
vt 0.800737 0.542999
vt 0.801300 0.523787
vt 0.797639 0.575932
vt 0.819567 0.556712
vt 0.829999 0.575592
vt 0.445453 0.297196
vt 0.463403 0.285989
vt 0.463790 0.301003
vt 0.431631 0.290488
vt 0.443283 0.271361
vt 0.448755 0.277593
vt 0.838805 0.342785
vt 0.831232 0.329764
vt 0.836273 0.322929
vt 0.807876 0.320493
vt 0.764685 0.293361
vt 0.858565 0.855828
vt 0.856178 0.836909
vt 0.866530 0.326444
vt 0.864736 0.345544
vt 0.846053 0.349994
vt 0.842263 0.378626
vt 0.798602 0.371831
vt 0.793243 0.386252
vt 0.779016 0.372587
vt 0.750145 0.373578
vt 0.117036 0.669897
vt 0.126692 0.685661
vt 0.103120 0.689037
vt 0.673814 0.820520
vt 0.688884 0.817546
vt 0.692603 0.835603
vt 0.765543 0.377387
vt 0.757447 0.382958
vt 0.707800 0.379337
vt 0.702085 0.391400
vt 0.676523 0.380189
vt 0.767184 0.215899
vt 0.719341 0.235711
vt 0.699774 0.249785
vt 0.705658 0.233810
vt 0.063318 0.607331
vt 0.097272 0.614641
vt 0.122196 0.659226
vt 0.132294 0.687241
vt 0.619798 0.467595
vt 0.628652 0.458899
vt 0.654960 0.456943
vt 0.583574 0.446258
vt 0.604187 0.453434
vt 0.598561 0.463490
vt 0.789577 0.237515
vt 0.814566 0.261594
vt 0.816563 0.253686
vt 0.827529 0.282104
vt 0.216715 0.276972
vt 0.221024 0.289055
vt 0.218627 0.311973
vt 0.228336 0.278968
vt 0.223964 0.283395
vt 0.221404 0.270370
vt 0.715866 0.764473
vt 0.712627 0.788088
vt 0.437228 0.597619
vt 0.454236 0.595279
vt 0.457939 0.585947
vt 0.456599 0.368858
vt 0.142645 0.011693
vt 0.170120 0.012022
vt 0.179123 0.004481
vt 0.181050 0.014916
vt 0.202766 0.046399
vt 0.194854 0.045556
vt 0.200845 0.035128
vt 0.115654 0.751859
vt 0.124399 0.807499
vt 0.128176 0.836951
vt 0.118697 0.831841
vt 0.466577 0.383150
vt 0.479174 0.423310
vt 0.645147 0.120880
vt 0.663020 0.129177
vt 0.637370 0.093192
vt 0.647523 0.081603
vt 0.648471 0.101125
vt 0.222109 0.517375
vt 0.227297 0.539862
vt 0.359702 0.396051
vt 0.343581 0.395379
vt 0.592008 0.129533
vt 0.572356 0.127797
vt 0.581165 0.114211
vt 0.542641 0.164523
vt 0.542744 0.149923
vt 0.562498 0.160367
vt 0.117871 0.315204
vt 0.128681 0.315088
vt 0.127399 0.326357
vt 0.157826 0.323744
vt 0.163193 0.313529
vt 0.166579 0.320185
vt 0.732848 0.837024
vt 0.734154 0.866873
vt 0.712667 0.856696
vt 0.783699 0.818429
vt 0.753619 0.832664
vt 0.469958 0.297356
vt 0.470389 0.286175
vt 0.480564 0.282226
vt 0.512347 0.311853
vt 0.768340 0.888145
vt 0.759046 0.892412
vt 0.754667 0.880931
vt 0.738138 0.877534
vt 0.729046 0.883605
vt 0.713825 0.868841
vt 0.036772 0.647209
vt 0.013659 0.647846
vt 0.821777 0.880406
vt 0.577579 0.175420
vt 0.589703 0.157793
vt 0.604575 0.168291
vt 0.567557 0.138715
vt 0.574900 0.149418
vt 0.876044 0.711267
vt 0.839927 0.715523
vt 0.217131 0.044148
vt 0.207080 0.030699
vt 0.222448 0.036917
vt 0.208362 0.064515
vt 0.215392 0.065932
vt 0.209355 0.072955
vt 0.688087 0.396832
vt 0.277091 0.019928
vt 0.861492 0.750775
vt 0.832339 0.761256
vt 0.810973 0.734761
vt 0.814994 0.760403
vt 0.184954 0.041694
vt 0.185186 0.033040
vt 0.190361 0.036032
vt 0.199222 0.017315
vt 0.219658 0.021040
vt 0.202762 0.027605
vt 0.272891 0.892515
vt 0.263857 0.874391
vt 0.281339 0.876103
vt 0.792964 0.542329
vt 0.771527 0.609700
vt 0.774729 0.584640
vt 0.790360 0.586759
vt 0.393612 0.316288
vt 0.095888 0.018850
vt 0.077726 0.028138
vt 0.090633 0.009934
vt 0.136877 0.074409
vt 0.138547 0.083911
vt 0.131573 0.084774
vt 0.140372 0.268171
vt 0.721568 0.215083
vt 0.347897 0.564203
vt 0.318191 0.571051
vt 0.304228 0.577926
vt 0.280914 0.587055
vt 0.089591 0.667992
vt 0.266580 0.084328
vt 0.277984 0.040391
vt 0.281583 0.039093
vt 0.174531 0.307434
vt 0.037119 0.164151
vt 0.029497 0.169646
vt 0.027719 0.162471
vt 0.724854 0.741695
vt 0.720390 0.756804
vt 0.699696 0.735036
vt 0.731335 0.755568
vt 0.106415 0.105169
vt 0.093823 0.110093
vt 0.109507 0.093643
vt 0.128596 0.103821
vt 0.131314 0.093349
vt 0.137429 0.097438
vt 0.202823 0.054350
vt 0.196730 0.051411
vt 0.211268 0.051496
vt 0.212737 0.058493
vt 0.206137 0.057818
vt 0.166973 0.703171
vt 0.172139 0.712228
vt 0.167375 0.737769
vt 0.164113 0.722288
vt 0.823179 0.439825
vt 0.801565 0.441912
vt 0.811166 0.458115
vt 0.802792 0.476249
vt 0.382125 0.293536
vt 0.396783 0.276119
vt 0.417262 0.291773
vt 0.422889 0.279033
vt 0.427922 0.259656
vt 0.433821 0.267276
vt 0.488859 0.128190
vt 0.490045 0.147416
vt 0.481671 0.132485
vt 0.505224 0.155527
vt 0.802544 0.507738
vt 0.817989 0.507290
vt 0.812811 0.475801
vt 0.823354 0.454503
vt 0.078301 0.035859
vt 0.080564 0.042398
vt 0.036417 0.082265
vt 0.037575 0.093064
vt 0.023398 0.106412
vt 0.898171 0.312094
vt 0.849345 0.251426
vt 0.841505 0.255819
vt 0.462325 0.535852
vt 0.475737 0.518197
vt 0.451724 0.542771
vt 0.098409 0.125134
vt 0.082711 0.134276
vt 0.084297 0.124834
vt 0.069511 0.145740
vt 0.065191 0.155419
vt 0.009235 0.303619
vt 0.001000 0.288177
vt 0.058820 0.285024
vt 0.068644 0.286604
vt 0.063644 0.293469
vt 0.577817 0.452168
vt 0.571363 0.456717
vt 0.575147 0.439632
vt 0.622073 0.489589
vt 0.598171 0.482143
vt 0.626579 0.481783
vt 0.239886 0.712725
vt 0.226197 0.724045
vt 0.219096 0.781471
vt 0.216797 0.759048
vt 0.229226 0.770686
vt 0.219639 0.052986
vt 0.186815 0.003142
vt 0.188653 0.012773
vt 0.061696 0.140363
vt 0.075288 0.131681
vt 0.086553 0.266190
vt 0.083103 0.278576
vt 0.077148 0.267139
vt 0.456696 0.223262
vt 0.452451 0.235100
vt 0.441572 0.236725
vt 0.222522 0.621978
vt 0.214115 0.645152
vt 0.214810 0.608162
vt 0.239881 0.658658
vt 0.237713 0.627360
vt 0.253620 0.633394
vt 0.213837 0.714530
vt 0.214862 0.675093
vt 0.226200 0.646881
vt 0.343290 0.762974
vt 0.326866 0.770877
vt 0.314303 0.741892
vt 0.365636 0.772824
vt 0.370455 0.758558
vt 0.219494 0.557948
vt 0.225632 0.604034
vt 0.221462 0.580623
vt 0.145413 0.057932
vt 0.146353 0.070403
vt 0.139197 0.065822
vt 0.130163 0.041879
vt 0.141940 0.040839
vt 0.138569 0.056590
vt 0.068919 0.079329
vt 0.360162 0.368341
vt 0.344775 0.367677
vt 0.738638 0.118834
vt 0.733645 0.104169
vt 0.711687 0.126705
vt 0.726390 0.132178
vt 0.723410 0.149070
vt 0.003728 0.159220
vt 0.074580 0.289117
vt 0.072252 0.303028
vt 0.065953 0.297909
vt 0.287953 0.746933
vt 0.252919 0.747658
vt 0.300072 0.751027
vt 0.877662 0.392979
vt 0.853156 0.430930
vt 0.862714 0.424760
vt 0.655819 0.182512
vt 0.661154 0.165729
vt 0.701627 0.186150
vt 0.618092 0.167519
vt 0.609943 0.153095
vt 0.628754 0.157565
vt 0.871824 0.393792
vt 0.888672 0.372807
vt 0.909733 0.346912
vt 0.897644 0.344633
vt 0.905567 0.309578
vt 0.190850 0.043855
vt 0.191950 0.051438
vt 0.194708 0.058172
vt 0.187739 0.052040
vt 0.044873 0.608258
vt 0.032581 0.614978
vt 0.069020 0.618759
vt 0.198257 0.220545
vt 0.424676 0.646230
vt 0.444548 0.655835
vt 0.436196 0.687196
vt 0.256950 0.252745
vt 0.261483 0.255761
vt 0.252472 0.254855
vt 0.271342 0.254448
vt 0.277758 0.248949
vt 0.545367 0.223311
vt 0.523003 0.220360
vt 0.537804 0.208711
vt 0.511522 0.220096
vt 0.503347 0.211506
vt 0.515337 0.205547
vt 0.679119 0.060276
vt 0.666579 0.064599
vt 0.700937 0.073390
vt 0.714066 0.063827
vt 0.221586 0.898383
vt 0.169322 0.897106
vt 0.169088 0.906234
vt 0.142418 0.910572
vt 0.807398 0.607564
vt 0.838814 0.642558
vt 0.824217 0.297186
vt 0.077228 0.654487
vt 0.081751 0.650252
vt 0.236930 0.311098
vt 0.247170 0.311944
vt 0.245335 0.316318
vt 0.227260 0.049580
vt 0.225047 0.064011
vt 0.220674 0.059870
vt 0.218968 0.074133
vt 0.176215 0.919289
vt 0.714071 0.654536
vt 0.742033 0.637349
vt 0.762164 0.340280
vt 0.710429 0.346226
vt 0.728806 0.361097
vt 0.710573 0.363308
vt 0.265250 0.249122
vt 0.249763 0.249263
vt 0.249023 0.242200
vt 0.265987 0.254055
vt 0.912895 0.414962
vt 0.905565 0.427431
vt 0.894756 0.413446
vt 0.691736 0.042102
vt 0.692620 0.061608
vt 0.682448 0.049845
vt 0.282727 0.303773
vt 0.266705 0.307262
vt 0.826393 0.414813
vt 0.861513 0.417459
vt 0.803717 0.424763
vt 0.805031 0.416845
vt 0.552454 0.086650
vt 0.537060 0.081438
vt 0.548069 0.074200
vt 0.579298 0.086595
vt 0.597332 0.091485
vt 0.247366 0.664267
vt 0.283666 0.675856
vt 0.244006 0.678031
vt 0.228852 0.703809
vt 0.219508 0.713144
vt 0.222349 0.684953
vt 0.765013 0.076164
vt 0.752522 0.079355
vt 0.756895 0.064091
vt 0.618409 0.402819
vt 0.640853 0.402697
vt 0.629946 0.414641
vt 0.679280 0.244654
vt 0.691409 0.268680
vt 0.678201 0.291744
vt 0.682602 0.254048
vt 0.382455 0.718253
vt 0.362675 0.744961
vt 0.363138 0.711126
vt 0.384901 0.699278
vt 0.392704 0.677384
vt 0.549429 0.502409
vt 0.558161 0.531505
vt 0.026532 0.236022
vt 0.044570 0.227294
vt 0.701137 0.412144
vt 0.713230 0.416840
vt 0.746867 0.405354
vt 0.736713 0.418819
vt 0.727107 0.714621
vt 0.749072 0.712768
vt 0.760599 0.725102
vt 0.739536 0.729864
vt 0.447358 0.471466
vt 0.464562 0.459000
vt 0.787532 0.377302
vt 0.735921 0.398204
vt 0.145162 0.318957
vt 0.138971 0.309933
vt 0.152506 0.308578
vt 0.133556 0.285399
vt 0.074911 0.269851
vt 0.072506 0.278309
vt 0.063120 0.267642
vt 0.053895 0.298339
vt 0.040924 0.300625
vt 0.043663 0.294976
vt 0.108653 0.192902
vt 0.732881 0.209606
vt 0.745846 0.220862
vt 0.736907 0.232314
vt 0.018011 0.277886
vt 0.030070 0.273649
vt 0.022103 0.289188
vt 0.011473 0.291225
vt 0.827890 0.375175
vt 0.843539 0.363785
vt 0.056688 0.310041
vt 0.751980 0.198040
vt 0.738707 0.204147
vt 0.731545 0.187856
vt 0.124452 0.649020
vt 0.124825 0.615572
vt 0.138434 0.610089
vt 0.134184 0.646291
vt 0.218001 0.819218
vt 0.206414 0.821996
vt 0.210504 0.806523
vt 0.181300 0.807919
vt 0.168116 0.795416
vt 0.188862 0.790927
vt 0.743293 0.023845
vt 0.733405 0.042896
vt 0.771081 0.061865
vt 0.762346 0.054714
vt 0.775163 0.044125
vt 0.295065 0.041674
vt 0.310345 0.052876
vt 0.299849 0.075959
vt 0.311032 0.096274
vt 0.092729 0.261548
vt 0.092103 0.250645
vt 0.109269 0.265940
vt 0.255552 0.932801
vt 0.228993 0.926170
vt 0.566661 0.069268
vt 0.561372 0.079227
vt 0.551177 0.054007
vt 0.558349 0.041803
vt 0.570664 0.060440
vt 0.789233 0.763939
vt 0.815404 0.769644
vt 0.483486 0.195023
vt 0.490200 0.179424
vt 0.486138 0.204893
vt 0.460131 0.233095
vt 0.284558 0.071162
vt 0.276224 0.075733
vt 0.282821 0.053987
vt 0.241178 0.827506
vt 0.229763 0.828861
vt 0.225975 0.811466
vt 0.249960 0.864890
vt 0.313878 0.258818
vt 0.296887 0.256039
vt 0.280658 0.243899
vt 0.260833 0.234774
vt 0.218714 0.808733
vt 0.208758 0.771823
vt 0.510657 0.127369
vt 0.526364 0.131976
vt 0.514761 0.141395
vt 0.498815 0.138478
vt 0.301940 0.278458
vt 0.280830 0.237143
vt 0.210322 0.743202
vt 0.208328 0.758537
vt 0.242921 0.301671
vt 0.254686 0.293173
vt 0.261987 0.283792
vt 0.302699 0.829062
vt 0.274184 0.832089
vt 0.279040 0.811895
vt 0.753562 0.035039
vt 0.741104 0.046726
vt 0.749557 0.020708
vt 0.757437 0.029589
vt 0.245289 0.517645
vt 0.232282 0.528015
vt 0.228110 0.507744
vt 0.337450 0.443141
vt 0.337632 0.422044
vt 0.623470 0.083968
vt 0.635235 0.078790
vt 0.605895 0.120797
vt 0.616558 0.105610
vt 0.255959 0.889545
vt 0.303379 0.082969
vt 0.327188 0.069955
vt 0.314991 0.081621
vt 0.323671 0.034039
vt 0.331153 0.050605
vt 0.315867 0.049326
vt 0.702706 0.486754
vt 0.728542 0.485559
vt 0.724395 0.498910
vt 0.320544 0.964082
vt 0.333885 0.982340
vt 0.317864 0.970898
vt 0.124642 0.848866
vt 0.144204 0.854101
vt 0.133153 0.841846
vt 0.349762 0.779392
vt 0.334824 0.784388
vt 0.329789 0.799713
vt 0.342514 0.812933
vt 0.325888 0.814202
vt 0.165304 0.627604
vt 0.173330 0.630437
vt 0.147626 0.642519
vt 0.515700 0.182068
vt 0.070945 0.787195
vt 0.079578 0.786650
vt 0.670232 0.802413
vt 0.160676 0.784642
vt 0.149328 0.793150
vt 0.162239 0.772147
vt 0.186417 0.778701
vt 0.563271 0.092384
vt 0.565732 0.111198
vt 0.579530 0.265624
vt 0.561839 0.253622
vt 0.580011 0.241538
vt 0.533527 0.270902
vt 0.133393 0.182130
vt 0.121616 0.187803
vt 0.552105 0.428148
vt 0.554286 0.405752
vt 0.563389 0.425093
vt 0.540981 0.434156
vt 0.532229 0.450432
vt 0.148279 0.772845
vt 0.160962 0.747478
vt 0.395767 0.395138
vt 0.410021 0.390859
vt 0.341939 0.933188
vt 0.339788 0.943022
vt 0.676500 0.428509
vt 0.558579 0.213964
vt 0.559492 0.233393
vt 0.500865 0.129121
vt 0.505911 0.140834
vt 0.859127 0.692974
vt 0.872299 0.702341
vt 0.519474 0.428680
vt 0.534045 0.418396
vt 0.602630 0.479245
vt 0.598001 0.472081
vt 0.609420 0.475278
vt 0.512809 0.469097
vt 0.510927 0.494805
vt 0.502971 0.466647
vt 0.114765 0.096785
vt 0.123986 0.098786
vt 0.109818 0.109958
vt 0.108627 0.299341
vt 0.119535 0.304546
vt 0.482283 0.306663
vt 0.502439 0.322629
vt 0.822278 0.446666
vt 0.757366 0.619567
vt 0.827527 0.770163
vt 0.842559 0.811034
vt 0.846737 0.791640
vt 0.545523 0.329790
vt 0.552728 0.305895
vt 0.568507 0.328049
vt 0.773196 0.188815
vt 0.753153 0.179636
vt 0.771643 0.168916
vt 0.399790 0.785698
vt 0.383556 0.793131
vt 0.385594 0.767593
vt 0.418623 0.751957
vt 0.691538 0.027207
vt 0.678909 0.038594
vt 0.447030 0.532267
vt 0.422140 0.529905
vt 0.395234 0.512978
vt 0.555539 0.116961
vt 0.558743 0.141703
vt 0.341016 0.833337
vt 0.334050 0.824122
vt 0.587234 0.389695
vt 0.571868 0.377900
vt 0.597248 0.389048
vt 0.562056 0.406810
vt 0.570575 0.415322
vt 0.397202 0.557244
vt 0.416608 0.511962
vt 0.280291 0.232445
vt 0.266644 0.230794
vt 0.263915 0.220274
vt 0.236231 0.242163
vt 0.219838 0.252492
vt 0.232608 0.238104
vt 0.372566 0.793986
vt 0.365730 0.788307
vt 0.353272 0.815903
vt 0.650758 0.026802
vt 0.639429 0.013823
vt 0.659334 0.009624
vt 0.639625 0.041781
vt 0.640534 0.054895
vt 0.373253 0.397885
vt 0.418406 0.404036
vt 0.398294 0.412964
vt 0.394935 0.401388
vt 0.300093 0.239781
vt 0.283614 0.217870
vt 0.308140 0.237098
vt 0.208072 0.250048
vt 0.213889 0.234434
vt 0.224600 0.234258
vt 0.866970 0.402979
vt 0.874836 0.409928
vt 0.843973 0.409164
vt 0.300490 0.844654
vt 0.271442 0.840726
vt 0.293729 0.837765
vt 0.319616 0.846591
vt 0.326237 0.835978
vt 0.333952 0.842115
vt 0.202690 0.274569
vt 0.204065 0.245969
vt 0.212443 0.265544
vt 0.208899 0.264787
vt 0.792258 0.331055
vt 0.823623 0.315168
vt 0.826518 0.337403
vt 0.812903 0.329671
vt 0.161919 0.886129
vt 0.182014 0.886127
vt 0.191797 0.903041
vt 0.190581 0.894022
vt 0.813828 0.347723
vt 0.825666 0.348590
vt 0.505118 0.268916
vt 0.494355 0.257391
vt 0.509517 0.243242
vt 0.150037 0.875845
vt 0.152877 0.884593
vt 0.141714 0.884897
vt 0.137239 0.865534
vt 0.443383 0.570772
vt 0.249853 0.155772
vt 0.231506 0.154119
vt 0.231717 0.167871
vt 0.107477 0.852348
vt 0.476414 0.467877
vt 0.125450 0.270132
vt 0.121179 0.265047
vt 0.131755 0.261410
vt 0.115351 0.269960
vt 0.114146 0.279807
vt 0.744376 0.557427
vt 0.725471 0.559147
vt 0.240614 0.932151
vt 0.259385 0.844087
vt 0.239817 0.835935
vt 0.254796 0.836455
vt 0.285905 0.849621
vt 0.271588 0.848727
vt 0.697189 0.094008
vt 0.689786 0.084292
vt 0.712330 0.094318
vt 0.723644 0.115315
vt 0.271624 0.619187
vt 0.263685 0.600105
vt 0.257813 0.615285
vt 0.786700 0.867326
vt 0.766702 0.878786
vt 0.747229 0.849801
vt 0.251278 0.763680
vt 0.228192 0.746248
vt 0.240062 0.758695
vt 0.760155 0.088256
vt 0.744791 0.088642
vt 0.699252 0.107401
vt 0.719395 0.103357
vt 0.706580 0.118754
vt 0.689944 0.118408
vt 0.585537 0.420068
vt 0.576425 0.394635
vt 0.599814 0.433252
vt 0.678404 0.336224
vt 0.663579 0.329830
vt 0.690644 0.370477
vt 0.401426 0.662261
vt 0.386456 0.638491
vt 0.402713 0.633227
vt 0.398554 0.653940
vt 0.219793 0.606860
vt 0.350391 0.875444
vt 0.347946 0.904586
vt 0.750225 0.166547
vt 0.457556 0.527788
vt 0.465760 0.505454
vt 0.530326 0.148606
vt 0.554680 0.131359
vt 0.538862 0.136702
vt 0.118571 0.787413
vt 0.111896 0.807171
vt 0.102643 0.795382
vt 0.623329 0.029004
vt 0.631433 0.022219
vt 0.636795 0.030621
vt 0.874278 0.520845
vt 0.088318 0.283369
vt 0.083256 0.293808
vt 0.831658 0.818421
vt 0.809384 0.820853
vt 0.822854 0.830093
vt 0.107482 0.927089
vt 0.606665 0.490025
vt 0.632246 0.495546
vt 0.612703 0.496386
vt 0.672662 0.513610
vt 0.609840 0.382557
vt 0.593245 0.376934
vt 0.711336 0.774198
vt 0.702034 0.785762
vt 0.698780 0.778665
vt 0.692342 0.781085
vt 0.690109 0.797970
vt 0.246153 0.293726
vt 0.249064 0.298740
vt 0.235635 0.289535
vt 0.236816 0.281470
vt 0.363446 0.907592
vt 0.373202 0.892454
vt 0.327712 0.024989
vt 0.698752 0.799210
vt 0.734692 0.236797
vt 0.753110 0.236830
vt 0.757276 0.228496
vt 0.325627 0.860914
vt 0.317566 0.853360
vt 0.339506 0.843998
vt 0.442060 0.306877
vt 0.742405 0.392044
vt 0.773980 0.401573
vt 0.250632 0.223294
vt 0.241789 0.228171
vt 0.220931 0.228222
vt 0.297436 0.221318
vt 0.711784 0.373771
vt 0.686673 0.359151
vt 0.703717 0.366540
vt 0.702508 0.371445
vt 0.004781 0.644813
vt 0.164224 0.212571
vt 0.199104 0.199161
vt 0.152686 0.829061
vt 0.126559 0.013083
vt 0.117612 0.009338
vt 0.160467 0.001000
vt 0.101612 0.023060
vt 0.230660 0.561537
vt 0.265510 0.270053
vt 0.270607 0.285297
vt 0.390951 0.703842
vt 0.159091 0.254970
vt 0.163916 0.263678
vt 0.148331 0.261087
vt 0.144669 0.048291
vt 0.312712 0.840872
vt 0.374347 0.635857
vt 0.040422 0.056525
vt 0.036071 0.071230
vt 0.020374 0.065579
vt 0.049220 0.058469
vt 0.045934 0.073088
vt 0.168838 0.295558
vt 0.224810 0.666075
vt 0.233120 0.682521
vt 0.679460 0.362460
vt 0.669522 0.367883
vt 0.667614 0.348595
vt 0.266607 0.077084
vt 0.110944 0.870062
vt 0.160155 0.272523
vt 0.178281 0.293547
vt 0.172931 0.283857
vt 0.183337 0.282937
vt 0.795685 0.260964
vt 0.810331 0.261938
vt 0.802648 0.242875
vt 0.802393 0.253152
vt 0.417413 0.270793
vt 0.837531 0.892632
vt 0.833322 0.907780
vt 0.823839 0.886654
vt 0.324705 0.006098
vt 0.316950 0.006882
vt 0.045902 0.164033
vt 0.053639 0.164908
vt 0.049335 0.172834
vt 0.053893 0.155586
vt 0.047429 0.157777
vt 0.291035 0.936367
vt 0.308686 0.932056
vt 0.308091 0.939447
vt 0.824324 0.214867
vt 0.826849 0.229579
vt 0.589270 0.533493
vt 0.793262 0.735951
vt 0.749156 0.769844
vt 0.670291 0.419622
vt 0.663189 0.419430
vt 0.302361 0.009093
vt 0.297021 0.014336
vt 0.661367 0.307402
vt 0.667385 0.286581
vt 0.358534 0.545516
vt 0.367146 0.557991
vt 0.580863 0.058867
vt 0.679104 0.352570
vt 0.059570 0.276229
vt 0.063946 0.273407
vt 0.031649 0.281209
vt 0.734089 0.292859
vt 0.744590 0.258131
vt 0.121037 0.234765
vt 0.139177 0.226124
vt 0.138334 0.234751
vt 0.132904 0.215576
vt 0.045615 0.086501
vt 0.060188 0.073759
vt 0.071350 0.645182
vt 0.082521 0.640960
vt 0.351377 0.741273
vt 0.355442 0.760567
vt 0.328423 0.380527
vt 0.330355 0.367969
vt 0.326861 0.387204
vt 0.157945 0.614932
vt 0.165048 0.639445
vt 0.580388 0.216860
vt 0.598102 0.201167
vt 0.830614 0.848522
vt 0.843153 0.849792
vt 0.019980 0.246038
vt 0.023688 0.240037
vt 0.044117 0.240651
vt 0.656890 0.114504
vt 0.675167 0.112333
vt 0.591963 0.490585
vt 0.599333 0.497175
vt 0.576709 0.471779
vt 0.583715 0.467443
vt 0.589904 0.475991
vt 0.639648 0.191190
vt 0.618858 0.180897
vt 0.635425 0.171920
vt 0.626253 0.201671
vt 0.312563 0.709172
vt 0.333381 0.742002
vt 0.744295 0.499429
vt 0.741561 0.510415
vt 0.766252 0.517193
vt 0.204372 0.232800
vt 0.203435 0.223320
vt 0.222735 0.220320
vt 0.794168 0.508035
vt 0.822268 0.495421
vt 0.808145 0.491923
vt 0.158850 0.701130
vt 0.155172 0.745270
vt 0.152959 0.721237
vt 0.034234 0.295471
vt 0.027522 0.294709
vt 0.034816 0.283435
vt 0.032452 0.301297
vt 0.701586 0.052599
vt 0.714622 0.042633
vt 0.217266 0.738230
vt 0.696466 0.628380
vt 0.702636 0.615211
vt 0.687645 0.595031
vt 0.344716 0.471146
vt 0.294175 0.493069
vt 0.459106 0.276877
vt 0.300321 0.664622
vt 0.521840 0.335104
vt 0.527751 0.365772
vt 0.541082 0.354929
vt 0.195864 0.805503
vt 0.206512 0.791303
vt 0.203213 0.774095
vt 0.213293 0.790738
vt 0.199651 0.058360
vt 0.203767 0.063309
vt 0.200372 0.068677
vt 0.198404 0.062874
vt 0.269518 0.313125
vt 0.802848 0.894696
vt 0.776160 0.895850
vt 0.790394 0.891686
vt 0.817218 0.880244
vt 0.815883 0.868247
vt 0.828316 0.842077
vt 0.466091 0.428575
vt 0.484023 0.394845
vt 0.584363 0.480757
vt 0.221171 0.262486
vt 0.239451 0.247170
vt 0.305948 0.816647
vt 0.314999 0.825685
vt 0.102732 0.286003
vt 0.106206 0.274894
vt 0.109650 0.288688
vt 0.610339 0.088820
vt 0.855558 0.723327
vt 0.838889 0.728336
vt 0.824114 0.725960
vt 0.300502 0.922848
vt 0.288934 0.272634
vt 0.278934 0.263605
vt 0.282825 0.270294
vt 0.273966 0.267853
vt 0.245259 0.578397
vt 0.826081 0.732942
vt 0.136545 0.325984
vt 0.074093 0.148553
vt 0.074855 0.158659
vt 0.420835 0.772349
vt 0.266132 0.145815
vt 0.269746 0.153964
vt 0.212759 0.915676
vt 0.186177 0.909637
vt 0.856231 0.401640
vt 0.811221 0.403865
vt 0.804266 0.410483
vt 0.437932 0.254950
vt 0.543139 0.064982
vt 0.520042 0.069471
vt 0.323481 0.921070
vt 0.306115 0.920876
vt 0.483407 0.179014
vt 0.477307 0.177353
vt 0.471080 0.206648
vt 0.039423 0.282883
vt 0.035595 0.276206
vt 0.031657 0.268936
vt 0.041159 0.272938
vt 0.780369 0.505377
vt 0.810307 0.622984
vt 0.830684 0.628427
vt 0.818208 0.639489
vt 0.805870 0.639542
vt 0.200626 0.519897
vt 0.249297 0.266149
vt 0.244105 0.903116
vt 0.264452 0.901986
vt 0.255199 0.907254
vt 0.717150 0.425613
vt 0.742465 0.429530
vt 0.103343 0.633928
vt 0.397179 0.386966
vt 0.505259 0.520516
vt 0.683850 0.554143
vt 0.714300 0.557063
vt 0.690930 0.564102
vt 0.217609 0.837082
vt 0.236340 0.849574
vt 0.236546 0.839038
vt 0.255966 0.857640
vt 0.740637 0.161202
vt 0.729064 0.173231
vt 0.724307 0.162412
vt 0.071027 0.601204
vt 0.025635 0.045937
vt 0.701906 0.161656
vt 0.128933 0.908886
vt 0.116344 0.919779
vt 0.772481 0.694974
vt 0.796500 0.697252
vt 0.758997 0.699276
vt 0.300883 0.858609
vt 0.281367 0.854753
vt 0.055197 0.615766
vt 0.128738 0.223011
vt 0.763116 0.683896
vt 0.413659 0.272434
vt 0.414060 0.281198
vt 0.841164 0.905172
vt 0.838452 0.923766
vt 0.638465 0.105381
vt 0.629724 0.114947
vt 0.616391 0.125440
vt 0.001280 0.233651
vt 0.028357 0.228620
vt 0.118470 0.090394
vt 0.003028 0.621778
vt 0.397610 0.270274
vt 0.290498 0.865092
vt 0.309494 0.868215
vt 0.526767 0.422904
vt 0.214870 0.087563
vt 0.205902 0.079457
vt 0.189107 0.077392
vt 0.199872 0.082189
vt 0.188890 0.081518
vt 0.208694 0.877231
vt 0.197126 0.867694
vt 0.019659 0.156194
vt 0.111182 0.231055
vt 0.176439 0.858986
vt 0.190134 0.024208
vt 0.193779 0.028773
vt 0.175224 0.026244
vt 0.263011 0.849678
vt 0.272415 0.862183
vt 0.139376 0.688207
vt 0.169072 0.019628
vt 0.169714 0.029046
vt 0.177144 0.065029
vt 0.172192 0.061187
vt 0.028263 0.220115
vt 0.370168 0.695158
vt 0.882915 0.422619
vt 0.873213 0.418344
vt 0.731140 0.384877
vt 0.712785 0.395463
vt 0.726773 0.392666
vt 0.710286 0.411053
vt 0.281816 0.109581
vt 0.299167 0.094779
vt 0.183106 0.764647
vt 0.431915 0.413487
vt 0.409827 0.418586
vt 0.438648 0.404574
vt 0.841746 0.399457
vt 0.820310 0.390568
vt 0.833880 0.392919
vt 0.781127 0.883859
vt 0.798877 0.885088
vt 0.808799 0.874452
vt 0.835580 0.357814
vt 0.169139 0.042465
vt 0.179923 0.041273
vt 0.747358 0.888447
vt 0.051430 0.650236
vt 0.064734 0.645868
vt 0.061659 0.652027
vt 0.350630 0.803184
vt 0.344105 0.796161
vt 0.266476 0.212113
vt 0.270979 0.216694
vt 0.873933 0.797428
vt 0.876578 0.784737
vt 0.882981 0.785005
vt 0.877200 0.796691
vt 0.661650 0.457579
vt 0.648923 0.464425
vt 0.764338 0.041889
vt 0.289649 0.731132
vt 0.299104 0.736275
vt 0.306283 0.725765
vt 0.227512 0.261313
vt 0.568950 0.293577
vt 0.584047 0.316201
vt 0.722616 0.768282
vt 0.722922 0.780490
vt 0.732460 0.802461
vt 0.465729 0.270332
vt 0.846385 0.781785
vt 0.839682 0.789563
vt 0.546415 0.411970
vt 0.539829 0.400957
vt 0.529695 0.394097
vt 0.520154 0.366907
vt 0.425057 0.627384
vt 0.750850 0.245717
vt 0.381818 0.429879
vt 0.583831 0.138632
vt 0.195275 0.889327
vt 0.173694 0.890044
vt 0.608738 0.517236
vt 0.840385 0.235061
vt 0.552253 0.340557
vt 0.531294 0.343999
vt 0.525603 0.346110
vt 0.173002 0.650369
vt 0.166975 0.047510
vt 0.158687 0.038507
vt 0.164138 0.034317
vt 0.177652 0.071749
vt 0.623871 0.392031
vt 0.604268 0.404280
vt 0.430308 0.701097
vt 0.426864 0.714853
vt 0.403552 0.697789
vt 0.432348 0.710889
vt 0.163550 0.059735
vt 0.181630 0.091215
vt 0.174212 0.084076
vt 0.188924 0.086253
vt 0.196688 0.034876
vt 0.158127 0.047336
vt 0.018456 0.025897
vt 0.024083 0.023863
vt 0.026159 0.030489
vt 0.103848 0.114321
vt 0.002361 0.266548
vt 0.032757 0.025506
vt 0.359725 0.815530
vt 0.370004 0.820825
vt 0.492230 0.403422
vt 0.499134 0.403679
vt 0.500814 0.396506
vt 0.652152 0.038906
vt 0.266421 0.277101
vt 0.199933 0.160777
vt 0.599866 0.145264
vt 0.053799 0.067117
vt 0.554430 0.188932
vt 0.548239 0.177639
vt 0.565347 0.178990
vt 0.516508 0.192378
vt 0.536922 0.185365
vt 0.541584 0.198104
vt 0.824741 0.533138
vt 0.813681 0.541825
vt 0.801096 0.559625
vt 0.173543 0.078303
vt 0.168416 0.074482
vt 0.181832 0.080044
vt 0.084611 0.141531
vt 0.081251 0.152013
vt 0.078821 0.140375
vt 0.655002 0.067075
vt 0.287651 0.097625
vt 0.290059 0.089071
vt 0.335939 0.905610
vt 0.321901 0.905052
vt 0.709060 0.570145
vt 0.899012 0.353389
vt 0.877869 0.356375
vt 0.318404 0.099340
vt 0.320406 0.108062
vt 0.309677 0.117437
vt 0.819704 0.720766
vt 0.471468 0.114352
vt 0.518911 0.285319
vt 0.717550 0.466452
vt 0.732401 0.465036
vt 0.762382 0.459686
vt 0.827206 0.700342
vt 0.837617 0.690066
vt 0.790054 0.769230
vt 0.122994 0.886976
vt 0.105405 0.903902
vt 0.089848 0.909835
vt 0.202033 0.327325
vt 0.205717 0.321399
vt 0.245758 0.328076
vt 0.199648 0.306746
vt 0.192530 0.298422
vt 0.192530 0.252591
vt 0.179291 0.713651
vt 0.569774 0.519289
vt 0.573812 0.525445
vt 0.581191 0.519489
vt 0.443013 0.257369
vt 0.722982 0.733986
vt 0.748831 0.739221
vt 0.754458 0.744700
vt 0.129444 0.304253
vt 0.431324 0.250990
vt 0.144470 0.864093
vt 0.406872 0.643837
vt 0.501646 0.239606
vt 0.701465 0.034772
vt 0.700311 0.018783
vt 0.712284 0.024788
vt 0.010994 0.254129
vt 0.124799 0.760711
vt 0.103743 0.784851
vt 0.202445 0.836413
vt 0.416290 0.583068
vt 0.393042 0.574447
vt 0.399193 0.587842
vt 0.699724 0.255082
vt 0.787579 0.204514
vt 0.787095 0.211890
vt 0.799194 0.205449
vt 0.183095 0.028775
vt 0.351493 0.457628
vt 0.224325 0.149042
vt 0.227252 0.137023
vt 0.037429 0.170618
vt 0.637012 0.468444
vt 0.747343 0.649115
vt 0.768066 0.627512
vt 0.648061 0.414065
vt 0.658955 0.420946
vt 0.658471 0.435222
vt 0.660068 0.451168
vt 0.693183 0.298402
vt 0.683169 0.292771
vt 0.704657 0.292015
vt 0.489999 0.349593
vt 0.909025 0.355652
vt 0.915616 0.352172
vt 0.244154 0.694996
vt 0.401867 0.300415
vt 0.427310 0.285205
vt 0.210854 0.044424
vt 0.462465 0.239608
vt 0.158293 0.644968
vt 0.163261 0.683465
vt 0.232621 0.277951
vt 0.479390 0.298410
vt 0.487504 0.323122
vt 0.488987 0.314962
vt 0.874303 0.468753
vt 0.861410 0.455202
vt 0.477761 0.314900
vt 0.472330 0.305504
vt 0.735138 0.820776
vt 0.724463 0.375061
vt 0.729718 0.370445
vt 0.837596 0.478042
vt 0.848527 0.486514
vt 0.824417 0.482962
vt 0.305101 0.961088
vt 0.304321 0.947429
vt 0.704739 0.853739
vt 0.709744 0.842027
vt 0.198876 0.007445
vt 0.749341 0.450102
vt 0.755219 0.443326
vt 0.187106 0.047155
vt 0.791147 0.560988
vt 0.776266 0.551685
vt 0.114452 0.006382
vt 0.102187 0.012225
vt 0.104182 0.002848
vt 0.242487 0.320186
vt 0.848728 0.612395
vt 0.124748 0.707686
vt 0.102934 0.698640
vt 0.883748 0.411129
vt 0.894163 0.403588
vt 0.291141 0.911037
vt 0.256713 0.261254
vt 0.256628 0.257389
vt 0.190138 0.019194
vt 0.752508 0.050876
vt 0.231809 0.315705
vt 0.580170 0.427817
vt 0.730987 0.094246
vt 0.217149 0.657541
vt 0.112489 0.628917
vt 0.111403 0.614791
vt 0.125466 0.639000
vt 0.555131 0.270121
vt 0.545714 0.246464
vt 0.884919 0.502786
vt 0.903899 0.515220
vt 0.770868 0.641594
vt 0.784622 0.639822
vt 0.611175 0.392537
vt 0.626086 0.372571
vt 0.628134 0.383546
vt 0.341426 0.575390
vt 0.313579 0.586297
vt 0.293088 0.239561
vt 0.241494 0.250804
vt 0.830996 0.917975
vt 0.820132 0.927675
vt 0.138663 0.095333
vt 0.777833 0.449967
vt 0.802624 0.451119
vt 0.780932 0.460558
vt 0.557329 0.359001
vt 0.564426 0.378458
vt 0.852051 0.332073
vt 0.131820 0.880745
vt 0.131975 0.867281
vt 0.119489 0.107913
vt 0.110087 0.116615
vt 0.662328 0.102595
vt 0.766122 0.551298
vt 0.776085 0.566449
vt 0.737793 0.698855
vt 0.749260 0.704509
vt 0.615588 0.192332
vt 0.802884 0.346979
vt 0.352624 0.949542
vt 0.350564 0.940288
vt 0.366488 0.939175
vt 0.358082 0.932951
vt 0.469595 0.177337
vt 0.812304 0.246134
vt 0.809984 0.252486
vt 0.079553 0.600474
vt 0.565680 0.401384
vt 0.569816 0.393400
vt 0.138811 0.927255
vt 0.238891 0.297646
vt 0.236290 0.303105
vt 0.234796 0.296524
vt 0.241262 0.290773
vt 0.724147 0.761226
vt 0.757190 0.208268
vt 0.679117 0.415389
vt 0.091555 0.009650
vt 0.362761 0.919758
vt 0.354045 0.922516
vt 0.401094 0.362338
vt 0.413933 0.365716
vt 0.351625 0.359794
vt 0.291671 0.714765
vt 0.277412 0.721058
vt 0.399720 0.530179
vt 0.626734 0.099831
vt 0.228935 0.623040
vt 0.755326 0.143001
vt 0.367700 0.359174
vt 0.095783 0.048226
vt 0.322504 0.949063
vt 0.327924 0.945835
vt 0.344414 0.957601
vt 0.493245 0.112506
vt 0.489272 0.095482
vt 0.522109 0.485007
vt 0.612946 0.445778
vt 0.319772 0.953737
vt 0.265729 0.245608
vt 0.011283 0.011259
vt 0.017804 0.007222
vt 0.013622 0.016191
vt 0.811639 0.891307
vt 0.169133 0.083852
vt 0.175021 0.090869
vt 0.458415 0.358723
vt 0.285684 0.287778
vt 0.300678 0.703310
vt 0.291387 0.693380
vt 0.305496 0.678883
vt 0.635118 0.521849
vt 0.441904 0.351359
vt 0.392885 0.321134
vt 0.376508 0.806271
vt 0.051444 0.268779
vt 0.058187 0.263622
vt 0.287106 0.138711
vt 0.297349 0.129265
vt 0.259196 0.313047
vt 0.257832 0.309674
vt 0.579456 0.492684
vt 0.049089 0.276057
vt 0.042067 0.288352
vt 0.471727 0.579745
vt 0.463971 0.596499
vt 0.507108 0.194692
vt 0.495180 0.209811
vt 0.149124 0.043163
vt 0.127845 0.256304
vt 0.057238 0.159100
vt 0.165201 0.305160
vt 0.138761 0.299478
vt 0.532224 0.092646
vt 0.641353 0.065193
vt 0.534103 0.234176
vt 0.676336 0.302789
vt 0.832396 0.353750
vt 0.120883 0.115644
vt 0.094343 0.242696
vt 0.109211 0.253481
vt 0.281093 0.548944
vt 0.295163 0.554893
vt 0.770185 0.099005
vt 0.202861 0.073669
vt 0.095022 0.682130
vt 0.583199 0.534308
vt 0.577915 0.528988
vt 0.259169 0.515121
vt 0.251045 0.501710
vt 0.299417 0.877051
vt 0.836554 0.492832
vt 0.788355 0.362306
vt 0.806080 0.357621
vt 0.480444 0.501455
vt 0.609298 0.136065
vt 0.517585 0.462467
vt 0.187367 0.208905
vt 0.189737 0.213493
vt 0.816033 0.896176
vt 0.478336 0.553516
vt 0.073649 0.257011
vt 0.235528 0.110813
vt 0.011001 0.271623
vt 0.013517 0.270033
vt 0.025095 0.266972
vt 0.846205 0.582825
vt 0.862915 0.580606
vt 0.662442 0.350038
vt 0.654199 0.343386
vt 0.651012 0.314448
vt 0.658218 0.332376
vt 0.742147 0.366657
vt 0.748210 0.361976
vt 0.102807 0.029495
vt 0.362393 0.617391
vt 0.256481 0.300448
vt 0.703330 0.500810
vt 0.539489 0.416518
vt 0.193899 0.821599
vt 0.862335 0.358798
vt 0.849363 0.371362
vt 0.546609 0.434539
vt 0.391280 0.748116
vt 0.164895 0.753776
vt 0.034147 0.131911
vt 0.019937 0.137682
vt 0.018343 0.133541
vt 0.848551 0.688330
vt 0.503965 0.318816
vt 0.289615 0.243115
vt 0.301313 0.251891
vt 0.658112 0.200343
vt 0.448007 0.404604
vt 0.742808 0.437271
vt 0.722245 0.434198
vt 0.868674 0.357000
vt 0.445186 0.409692
vt 0.024296 0.296597
vt 0.729592 0.206664
vt 0.273964 0.086369
vt 0.587568 0.299292
vt 0.356417 0.671426
vt 0.308739 0.851011
vt 0.139810 0.027921
vt 0.134031 0.036537
vt 0.145658 0.028428
vt 0.052167 0.286387
vt 0.044724 0.277961
vt 0.039362 0.277683
vt 0.851550 0.875572
vt 0.843589 0.893463
vt 0.251194 0.824579
vt 0.356838 0.867198
vt 0.338070 0.863027
vt 0.667093 0.074335
vt 0.744813 0.628353
vt 0.291328 0.537984
vt 0.168628 0.841727
vt 0.164241 0.843527
vt 0.485278 0.266406
vt 0.215403 0.188132
vt 0.094145 0.133892
vt 0.257449 0.304697
vt 0.770288 0.231926
vt 0.148009 0.089926
vt 0.143555 0.084003
vt 0.149151 0.078152
vt 0.150490 0.058662
vt 0.152203 0.070961
vt 0.573550 0.075447
vt 0.128057 0.924679
vt 0.063306 0.052279
vt 0.064650 0.059179
vt 0.703132 0.419205
vt 0.749771 0.688609
vt 0.759781 0.696024
vt 0.739008 0.693310
vt 0.121136 0.922325
vt 0.142447 0.254970
vt 0.329690 0.360288
vt 0.806183 0.703657
vt 0.370125 0.944932
vt 0.645132 0.156021
vt 0.440543 0.357859
vt 0.435942 0.363810
vt 0.416761 0.362399
vt 0.443062 0.368352
vt 0.895656 0.334982
vt 0.839613 0.439410
vt 0.879099 0.401165
vt 0.232681 0.047396
vt 0.234796 0.035812
vt 0.229503 0.065205
vt 0.238543 0.053317
vt 0.848928 0.305025
vt 0.840854 0.321072
vt 0.833395 0.302131
vt 0.202548 0.092426
vt 0.463161 0.172615
vt 0.880207 0.494262
vt 0.892820 0.494672
vt 0.596507 0.410707
vt 0.862933 0.739218
vt 0.612494 0.501734
vt 0.844506 0.573941
vt 0.658955 0.281880
vt 0.672760 0.249131
vt 0.364352 0.569585
vt 0.199797 0.228607
vt 0.196353 0.254669
vt 0.852847 0.442345
vt 0.417949 0.287750
vt 0.465750 0.309418
vt 0.851962 0.272998
vt 0.428938 0.584347
vt 0.780781 0.156058
vt 0.590858 0.333290
vt 0.250868 0.232813
vt 0.001000 0.241660
vt 0.010990 0.246764
vt 0.106256 0.859790
vt 0.112651 0.239535
vt 0.092038 0.236042
vt 0.108285 0.231949
vt 0.111587 0.247561
vt 0.180095 0.620691
vt 0.183680 0.603080
vt 0.073343 0.125704
vt 0.487082 0.161001
vt 0.887660 0.460300
vt 0.410446 0.800985
vt 0.238413 0.924791
vt 0.209782 0.910881
vt 0.685259 0.742492
vt 0.687046 0.732397
vt 0.104830 0.866922
vt 0.359527 0.651139
vt 0.184451 0.203316
vt 0.694699 0.728237
vt 0.464004 0.473345
vt 0.689434 0.072313
vt 0.680258 0.401007
vt 0.669154 0.381430
vt 0.437741 0.581479
vt 0.443714 0.584607
vt 0.376259 0.620085
vt 0.757559 0.353720
vt 0.741057 0.352773
vt 0.067852 0.192746
vt 0.091445 0.194256
vt 0.177210 0.272795
vt 0.183261 0.265968
vt 0.272885 0.499707
vt 0.367483 0.469262
vt 0.073794 0.309384
vt 0.457019 0.619914
vt 0.061545 0.315681
vt 0.050922 0.315172
vt 0.233507 0.070350
vt 0.486981 0.548621
vt 0.753654 0.872333
vt 0.004544 0.011729
vt 0.007884 0.007185
vt 0.002940 0.002940
vt 0.186574 0.095761
vt 0.190601 0.090686
vt 0.179786 0.097372
vt 0.675221 0.757979
vt 0.664227 0.796295
vt 0.671481 0.787896
vt 0.664511 0.816666
vt 0.365347 0.930183
vt 0.696320 0.577908
vt 0.226884 0.831419
vt 0.208272 0.233616
vt 0.331868 0.086859
vt 0.336664 0.092581
vt 0.106571 0.126581
vt 0.517979 0.153797
vt 0.509411 0.151442
vt 0.204241 0.893332
vt 0.131494 0.244676
vt 0.145360 0.248611
vt 0.654926 0.300604
vt 0.655802 0.315784
vt 0.821340 0.207882
vt 0.029714 0.196830
vt 0.030709 0.188441
vt 0.730109 0.788089
vt 0.357253 0.787908
vt 0.041325 0.315681
vt 0.149607 0.326749
vt 0.063529 0.045403
vt 0.067165 0.164092
vt 0.821713 0.252811
vt 0.812754 0.386051
vt 0.410675 0.626234
vt 0.682940 0.737425
vt 0.680677 0.742762
vt 0.275899 0.758417
vt 0.201074 0.849886
vt 0.250445 0.807686
vt 0.191435 0.914643
vt 0.124933 0.605991
vt 0.010148 0.128796
vt 0.688316 0.009062
vt 0.622757 0.473808
vt 0.633740 0.491346
vt 0.645138 0.488567
vt 0.700181 0.443955
vt 0.858073 0.270550
vt 0.152306 0.040230
vt 0.860675 0.262554
vt 0.202077 0.296231
vt 0.013488 0.623081
vt 0.586460 0.463536
vt 0.016495 0.286006
vt 0.730741 0.455768
vt 0.427201 0.680377
vt 0.096327 0.796957
vt 0.608100 0.523113
vt 0.492076 0.123620
vt 0.356006 0.895921
vt 0.220283 0.201895
vt 0.234241 0.187939
vt 0.325738 0.084466
vt 0.050258 0.647108
vt 0.330916 0.987826
vt 0.572846 0.047727
vt 0.048612 0.273546
vt 0.848226 0.694655
vt 0.144645 0.073447
vt 0.022449 0.011538
vt 0.025223 0.002940
vt 0.847435 0.678422
vt 0.874790 0.339559
vt 0.883878 0.322426
vt 0.167572 0.274229
vt 0.052082 0.601562
vt 0.664684 0.834081
vt 0.721462 0.710385
vt 0.112690 0.610058
vt 0.065166 0.642772
vt 0.508474 0.227334
vt 0.422611 0.757101
vt 0.078559 0.279407
vt 0.890806 0.471890
vt 0.001000 0.175191
vt 0.109915 0.835224
vt 0.055557 0.222522
vt 0.117105 0.764071
vt 0.507110 0.069849
vt 0.090608 0.787332
vt 0.682267 0.576124
vt 0.470868 0.123836
vt 0.686101 0.235087
vt 0.703136 0.223423
vt 0.808933 0.782802
vt 0.873720 0.806438
vt 0.782665 0.173816
vt 0.785025 0.164693
vt 0.322980 0.067325
vt 0.764007 0.202386
vt 0.670068 0.505577
vt 0.056068 0.139301
vt 0.484065 0.561559
vt 0.192707 0.522072
vt 0.764902 0.129552
vt 0.782273 0.038770
vt 0.063522 0.164820
vt 0.437425 0.236327
vt 0.427389 0.250475
vt 0.421758 0.259094
vt 0.604013 0.044706
vt 0.019941 0.019751
vt 0.027848 0.019675
vt 0.033074 0.176776
vt 0.900085 0.505109
vt 0.849940 0.714805
vt 0.391943 0.303740
vt 0.461027 0.606588
vt 0.154934 0.243255
vt 0.193887 0.540653
vt 0.775619 0.020344
vt 0.813075 0.898008
vt 0.673597 0.409980
vt 0.666776 0.413600
vt 0.334876 0.396207
vt 0.841660 0.772166
vt 0.873214 0.785136
vt 0.847943 0.800644
vt 0.127270 0.239931
vt 0.778065 0.034158
vt 0.170152 0.087738
vt 0.022258 0.018456
vt 0.383534 0.875652
vt 0.090551 0.005910
vt 0.116604 0.260843
vt 0.115897 0.261520
vt 0.172703 0.163145
vt 0.490702 0.549255
vt 0.262652 0.161264
vt 0.132173 0.030774
vt 0.214519 0.518443
vt 0.505566 0.525351
vt 0.090847 0.142444
vt 0.694358 0.503573
vt 0.018456 0.031112
vt 0.803664 0.806465
vt 0.161057 0.005001
vt 0.141243 0.017776
vt 0.384974 0.358059
vt 0.407154 0.358611
vt 0.770365 0.086724
vt 0.011601 0.141824
vn -0.592530 0.316687 0.740687
vn -0.203697 0.705560 0.678743
vn -0.265530 0.701103 0.661777
vn -0.600111 -0.686770 -0.410139
vn -0.633198 -0.670309 -0.386970
vn -0.591456 -0.635136 -0.496771
vn -0.195289 -0.967882 0.158323
vn -0.662306 -0.667385 0.340510
vn -0.274589 -0.944787 -0.178824
vn 0.234567 0.291509 0.927363
vn -0.160809 0.396721 0.903744
vn -0.147916 0.388072 0.909682
vn 0.588488 0.634757 0.500764
vn 0.265686 0.600954 0.753834
vn 0.567076 0.440829 0.695769
vn -0.800035 -0.212437 -0.561083
vn -0.568172 -0.242086 -0.786496
vn -0.673713 -0.368482 -0.640572
vn -0.251689 0.264492 -0.930965
vn -0.226382 0.304556 -0.925201
vn -0.208920 0.277646 -0.937691
vn 0.309652 0.908887 0.279358
vn 0.684458 0.716268 0.135928
vn 0.493361 0.812963 0.309332
vn -0.870916 0.246088 0.425377
vn -0.712375 0.427733 0.556387
vn -0.762700 0.394018 0.512873
vn 0.979146 0.182035 -0.090205
vn 0.988120 0.144949 -0.051076
vn 0.975251 0.141636 -0.169776
vn 0.121633 -0.991781 -0.039694
vn 0.189897 -0.977753 -0.089093
vn 0.158412 -0.987149 0.021035
vn -0.075760 0.480680 0.873617
vn 0.079452 0.500526 0.862068
vn -0.014109 0.530166 0.847777
vn -0.703573 0.337921 -0.625135
vn -0.718082 0.347620 -0.602925
vn -0.714663 0.243411 -0.655750
vn 0.655881 0.659133 0.367917
vn 0.736746 0.590483 0.329447
vn 0.684006 0.679387 0.265650
vn -0.352006 -0.497507 -0.792830
vn -0.243170 -0.451917 -0.858277
vn -0.342613 -0.329534 -0.879786
vn 0.593984 -0.758049 -0.269341
vn 0.664487 -0.686205 -0.295938
vn 0.595352 -0.720465 -0.355649
vn 0.394495 -0.498960 0.771629
vn 0.326153 -0.595704 0.734004
vn 0.440277 -0.561341 0.700751
vn 0.976364 -0.152478 0.153181
vn 0.888483 -0.439476 0.132131
vn 0.893783 -0.388803 0.223572
vn -0.347229 0.936049 0.056969
vn -0.437563 0.899156 0.007513
vn -0.360189 0.921188 0.147229
vn -0.715458 0.214140 0.665030
vn -0.728947 0.244743 0.639325
vn -0.755769 0.252225 0.604314
vn -0.549980 -0.591021 0.590099
vn -0.650897 -0.585364 0.483407
vn -0.652024 -0.549792 0.522105
vn 0.043683 -0.043200 0.998111
vn 0.004732 -0.070159 0.997525
vn 0.075509 -0.129623 0.988684
vn 0.084965 0.561817 -0.822887
vn 0.517604 0.291132 -0.804567
vn 0.276985 0.443648 -0.852323
vn 0.524620 -0.589292 -0.614418
vn 0.491682 -0.516092 -0.701355
vn 0.420994 -0.603061 -0.677555
vn 0.553341 0.321955 -0.768218
vn 0.558630 0.356974 -0.748667
vn 0.136090 0.984471 0.110892
vn 0.272913 0.961236 0.039297
vn 0.168900 0.985630 -0.002651
vn -0.731063 -0.402093 0.551243
vn -0.702438 -0.509024 0.497469
vn -0.504394 -0.590506 0.629991
vn 0.050746 -0.923473 0.380292
vn 0.075376 -0.908261 0.411558
vn 0.035486 -0.910715 0.411507
vn 0.051781 0.733172 0.678069
vn 0.310385 0.709712 0.632432
vn 0.027698 0.735685 0.676757
vn -0.288623 -0.134613 0.947933
vn -0.342603 0.023335 0.939191
vn -0.394793 -0.056105 0.917055
vn 0.421564 0.268231 0.866220
vn 0.556067 0.272701 0.785127
vn 0.528668 0.271969 0.804079
vn 0.907288 -0.219240 0.358835
vn 0.995059 0.015062 0.098139
vn 0.923341 -0.252328 0.289434
vn 0.142782 -0.939639 -0.310953
vn 0.266558 -0.909673 -0.318500
vn 0.210629 -0.949229 -0.233668
vn 0.271013 -0.373912 -0.886985
vn 0.319414 -0.445126 -0.836563
vn 0.338840 -0.360718 -0.868948
vn -0.711602 0.650495 0.265477
vn -0.728523 0.589305 0.349247
vn -0.673031 0.648054 0.356448
vn -0.960398 -0.263104 -0.091711
vn -0.921741 -0.387436 0.016955
vn -0.893025 -0.449836 -0.012402
vn 0.384447 0.828409 -0.407357
vn 0.267142 0.905396 -0.329989
vn 0.357757 0.886658 -0.292998
vn -0.581028 0.725746 -0.368373
vn -0.550822 0.794384 -0.256028
vn -0.453097 0.826752 -0.333442
vn 0.774203 0.024790 0.632452
vn 0.922878 -0.008400 0.385002
vn 0.814679 -0.048450 0.577885
vn 0.982353 0.148619 0.113553
vn 0.969674 0.196086 0.145884
vn 0.967662 0.169086 0.187192
vn -0.560590 -0.472106 -0.680335
vn -0.534959 -0.385483 -0.751812
vn -0.530545 -0.454869 -0.715273
vn -0.939856 0.222893 -0.258825
vn -0.844598 0.336057 -0.416796
vn -0.861833 0.281588 -0.421845
vn 0.555649 0.460542 0.692210
vn 0.650230 0.446861 0.614424
vn 0.732926 0.460705 0.500570
vn 0.043523 0.085644 0.995375
vn 0.132124 0.398197 0.907735
vn 0.068243 0.500460 0.863066
vn -0.960323 0.192915 0.201404
vn -0.942738 0.040024 0.331124
vn -0.985296 0.161319 0.056279
vn -0.824750 -0.550373 -0.129910
vn -0.576788 -0.808616 -0.116002
vn -0.794154 -0.599241 -0.101146
vn 0.533597 0.487318 -0.691228
vn 0.561580 0.493059 -0.664470
vn 0.553085 0.469003 -0.688573
vn 0.994848 0.029662 -0.096941
vn 0.960632 -0.269919 -0.065810
vn 0.991309 -0.077049 -0.106630
vn -0.968759 0.247865 0.008344
vn -0.961072 0.248082 -0.121637
vn -0.971967 0.139725 0.189095
vn 0.568129 -0.371601 0.734263
vn 0.584933 -0.415315 0.696683
vn 0.723928 -0.393657 0.566536
vn 0.908851 0.411681 0.067139
vn 0.891083 0.446962 0.078720
vn 0.905172 0.425041 -0.001842
vn 0.701110 0.271254 0.659444
vn 0.670703 0.247530 0.699205
vn 0.731281 0.289481 0.617600
vn -0.910242 -0.330486 -0.249478
vn -0.920301 -0.272034 -0.281148
vn -0.940284 -0.267175 -0.210908
vn -0.963126 -0.182384 -0.197800
vn -0.926255 -0.318276 -0.201873
vn -0.961328 -0.240832 -0.133597
vn 0.714946 -0.340724 0.610540
vn 0.651075 -0.467225 0.598166
vn 0.574181 -0.451739 0.682824
vn 0.524003 0.027063 0.851286
vn 0.650064 -0.129512 0.748761
vn 0.345239 -0.071238 0.935807
vn -0.346608 0.415227 -0.841100
vn -0.272533 0.473508 -0.837566
vn -0.292156 0.349967 -0.890038
vn 0.001420 0.733503 -0.679685
vn 0.087455 0.845894 -0.526133
vn 0.157652 0.789892 -0.592635
vn -0.435073 0.065893 0.897981
vn -0.345568 0.122833 0.930320
vn -0.372504 -0.007011 0.928004
vn -0.070602 0.208808 0.975405
vn -0.146882 0.255244 0.955655
vn -0.207145 0.337004 0.918433
vn 0.937866 0.191820 -0.289157
vn 0.914288 0.305679 -0.265778
vn 0.820369 0.389071 -0.419068
vn 0.685750 0.681536 0.255453
vn 0.375232 0.848320 0.373570
vn 0.650180 0.747017 0.138681
vn 0.048664 -0.208597 0.976790
vn 0.025904 -0.192867 0.980883
vn 0.097272 -0.342655 0.934412
vn 0.200059 -0.356521 0.912617
vn 0.319092 -0.416161 0.851464
vn 0.362212 -0.456183 0.812835
vn -0.558226 -0.535169 -0.634017
vn -0.607692 -0.538306 -0.583898
vn -0.574603 -0.563262 -0.593774
vn 0.019739 -0.843039 -0.537491
vn 0.027754 -0.825518 -0.563693
vn 0.127401 -0.832868 -0.538610
vn -0.240834 0.576649 0.780689
vn -0.129150 0.667712 0.733131
vn -0.241918 0.672755 0.699197
vn -0.166886 0.882073 0.440563
vn -0.079735 0.891520 0.445909
vn -0.109397 0.953811 0.279782
vn -0.042251 -0.921805 0.385344
vn -0.039580 -0.908394 0.416237
vn -0.082850 -0.917615 0.388739
vn -0.151077 -0.988418 0.014339
vn -0.129701 -0.988763 0.074332
vn -0.166053 -0.984114 0.062822
vn 0.164378 0.292754 -0.941953
vn 0.327559 0.222337 -0.918298
vn 0.123254 0.250806 -0.960159
vn 0.104770 -0.480933 -0.870475
vn 0.220627 -0.441823 -0.869550
vn 0.179045 -0.363269 -0.914319
vn 0.056645 0.928613 0.366702
vn 0.071893 0.967814 0.241179
vn 0.476063 0.586141 0.655594
vn 0.419922 0.602785 0.678465
vn 0.441146 0.537767 0.718468
vn -0.765354 -0.545042 -0.342290
vn -0.886099 -0.401166 -0.232152
vn -0.895136 -0.402359 -0.191935
vn -0.903281 0.072398 0.422897
vn -0.825101 0.111029 0.553968
vn -0.750443 0.163183 0.640474
vn 0.972199 -0.204888 -0.113355
vn 0.899987 -0.411625 -0.143486
vn 0.953649 -0.252396 -0.163862
vn 0.317630 -0.503989 -0.803185
vn 0.299741 -0.420140 -0.856527
vn 0.161672 -0.494302 -0.854124
vn -0.051930 0.771005 0.634708
vn 0.003258 0.789128 0.614221
vn 0.006162 0.757749 0.652517
vn 0.554097 0.759568 0.340637
vn 0.478515 0.818290 0.318471
vn 0.460312 0.668393 0.584263
vn 0.499359 -0.650558 -0.572202
vn 0.267201 -0.645141 -0.715819
vn 0.453328 -0.595055 -0.663629
vn -0.171326 -0.853955 -0.491333
vn 0.020401 -0.865033 -0.501300
vn -0.081533 -0.907362 -0.412366
vn 0.623357 0.332499 -0.707722
vn 0.544972 0.362596 -0.755996
vn 0.455953 0.377178 -0.806129
vn 0.896157 -0.161165 -0.413435
vn 0.859092 -0.045758 -0.509771
vn 0.833821 -0.158555 -0.528775
vn -0.614456 0.725735 0.309441
vn -0.396114 0.543325 0.740197
vn -0.388489 0.597307 0.701641
vn -0.472462 0.578880 0.664589
vn 0.216895 -0.435256 0.873790
vn 0.063219 -0.521998 0.850601
vn 0.251151 -0.518258 0.817516
vn -0.173645 -0.762863 0.622807
vn -0.134595 -0.831845 0.538440
vn -0.058919 -0.859009 0.508558
vn 0.724355 0.383642 0.572825
vn 0.803405 0.323109 0.500141
vn 0.846539 0.330906 0.416982
vn 0.857500 0.093935 0.505837
vn 0.904505 0.093364 0.416119
vn -0.860317 0.499792 0.100317
vn -0.882317 0.469294 0.035772
vn -0.872027 0.481608 0.087314
vn -0.813166 0.463857 -0.351564
vn -0.763250 0.454153 -0.459558
vn -0.783543 0.486171 -0.386908
vn 0.235221 -0.707140 -0.666801
vn 0.397539 -0.651173 -0.646480
vn 0.282877 -0.750830 -0.596854
vn 0.636217 -0.650867 -0.414246
vn 0.423640 0.009799 0.905778
vn -0.110138 -0.402241 0.908885
vn -0.048505 -0.349134 0.935817
vn -0.198308 -0.556474 0.806853
vn -0.986367 0.159265 -0.041424
vn -0.985371 0.113870 -0.126794
vn -0.990007 0.141018 -0.000858
vn -0.469879 -0.126238 0.873658
vn -0.857076 0.102037 0.504984
vn -0.764335 -0.078749 0.639992
vn 0.050967 0.324816 -0.944403
vn 0.116619 0.311654 -0.943012
vn 0.079316 0.280946 -0.956440
vn 0.518975 0.394373 -0.758376
vn 0.470981 0.394857 -0.788837
vn 0.431679 0.428145 -0.793943
vn 0.293425 -0.156324 0.943114
vn 0.250930 -0.210126 0.944924
vn 0.328259 -0.219025 0.918844
vn 0.851637 0.191613 0.487851
vn -0.484472 -0.054228 0.873124
vn -0.821762 0.028540 0.569116
vn -0.703596 -0.076818 0.706436
vn 0.082976 -0.105548 0.990946
vn -0.025384 0.036064 0.999027
vn -0.183129 0.192236 0.964111
vn 0.982013 0.131049 0.135931
vn 0.978905 0.149489 0.139279
vn 0.996827 -0.079218 0.007766
vn 0.837560 0.487931 0.245800
vn 0.789541 0.548086 0.276091
vn 0.921272 0.379930 0.083129
vn 0.200039 0.329410 -0.922753
vn 0.220979 0.329783 -0.917830
vn 0.344537 0.320084 -0.882519
vn -0.154829 0.529530 -0.834042
vn -0.141170 0.497772 -0.855742
vn -0.173187 0.482969 -0.858340
vn -0.264819 0.695311 0.668142
vn -0.299471 0.788578 0.537086
vn -0.041109 0.719608 0.693163
vn 0.588072 0.595395 0.547427
vn 0.555861 0.679215 0.479255
vn 0.401620 0.431828 0.807605
vn 0.799644 -0.036890 -0.599340
vn 0.701250 0.071980 -0.709272
vn 0.549241 0.116231 -0.827541
vn 0.479307 0.311971 -0.820329
vn -0.275153 -0.317863 -0.907334
vn -0.575316 -0.184988 -0.796737
vn -0.432068 -0.165226 -0.886576
vn -0.299207 0.449511 -0.841674
vn -0.013272 0.513850 -0.857777
vn -0.067228 0.598995 -0.797926
vn -0.547807 -0.471112 0.691347
vn -0.729663 -0.429072 0.532437
vn -0.476682 -0.391682 0.786994
vn 0.951590 0.245915 0.184397
vn 0.960412 0.228754 0.158998
vn 0.961020 0.276050 0.015426
vn 0.728038 0.159773 -0.666658
vn 0.846499 -0.004826 -0.532368
vn 0.834594 0.296310 -0.464385
vn 0.821274 0.344234 -0.454986
vn 0.930993 0.231152 -0.282525
vn -0.212001 0.224001 -0.951251
vn -0.260041 0.214149 -0.941551
vn -0.550127 0.464007 -0.694304
vn -0.461020 0.395841 -0.794210
vn -0.555543 0.357264 -0.750822
vn 0.907769 0.061591 0.414924
vn 0.915407 0.059751 0.398070
vn 0.925538 0.075752 0.371001
vn 0.934425 -0.156708 0.319832
vn 0.890626 -0.307152 0.335326
vn 0.951001 -0.222703 0.214476
vn -0.741993 0.476304 -0.471785
vn -0.337084 0.458524 -0.822271
vn -0.316248 0.527661 -0.788392
vn -0.126322 0.503878 -0.854488
vn 0.991167 0.003631 0.132570
vn 0.991542 0.114951 -0.060261
vn 0.979917 -0.104090 0.170081
vn 0.933937 -0.353739 0.051292
vn 0.862035 -0.466624 0.197885
vn 0.884662 -0.446877 0.132943
vn 0.466841 0.655841 0.593238
vn 0.392041 0.680965 0.618539
vn 0.588499 0.768707 0.250516
vn -0.998381 0.031315 -0.047479
vn -0.998313 -0.001026 -0.058049
vn -0.981624 -0.179942 -0.063526
vn -0.416738 0.593467 -0.688568
vn -0.584742 0.617526 -0.526059
vn -0.390731 0.649613 -0.652176
vn 0.380845 0.333690 0.862327
vn 0.296948 0.237837 0.924800
vn 0.333907 0.349446 0.875439
vn 0.577529 0.572904 0.581585
vn 0.581021 -0.760389 -0.290212
vn 0.450643 -0.801353 -0.393387
vn 0.640675 -0.631427 -0.436847
vn 0.445485 -0.491967 -0.748005
vn 0.579288 -0.373117 -0.724713
vn 0.527835 -0.533995 -0.660484
vn 0.343806 0.488251 -0.802128
vn 0.245534 0.463843 -0.851213
vn 0.350766 0.495407 -0.794692
vn 0.543301 0.449566 -0.709024
vn -0.161937 -0.975589 0.148331
vn -0.060656 -0.974362 0.216656
vn -0.127817 -0.948804 0.288850
vn -0.598414 -0.761478 0.249102
vn -0.881438 -0.459567 0.108932
vn -0.833620 -0.508802 0.214937
vn -0.080804 0.299083 -0.950800
vn -0.094635 0.038670 -0.994761
vn -0.160719 0.076658 -0.984019
vn 0.065764 0.219306 -0.973437
vn 0.161310 0.086212 -0.983131
vn 0.091869 0.045052 -0.994751
vn -0.216560 0.231820 0.948347
vn 0.062145 -0.054407 0.996583
vn 0.039200 0.189750 0.981050
vn 0.037107 0.103653 0.993921
vn -0.804158 -0.004828 -0.594396
vn -0.697748 0.176083 -0.694365
vn -0.760693 -0.000432 -0.649112
vn -0.371063 0.436446 -0.819651
vn -0.486057 0.318568 -0.813795
vn -0.649532 -0.010413 -0.760263
vn -0.100088 0.531826 -0.840918
vn -0.104985 0.542374 -0.833552
vn -0.041773 0.553964 -0.831492
vn 0.247893 0.478065 -0.842617
vn 0.353802 0.441300 -0.824669
vn 0.297455 0.423693 -0.855573
vn 0.124860 0.066954 0.989913
vn -0.006259 0.009770 0.999933
vn 0.272554 0.253124 0.928247
vn 0.208075 0.206065 0.956160
vn -0.057509 0.700210 -0.711616
vn 0.005014 0.810964 -0.585075
vn -0.029874 0.758934 -0.650482
vn -0.303850 0.541749 -0.783699
vn -0.262082 0.541111 -0.799070
vn -0.133387 0.639765 -0.756908
vn -0.064735 -0.132717 0.989038
vn -0.021104 -0.324702 0.945581
vn -0.009580 -0.293537 0.955900
vn 0.010736 -0.512351 0.858709
vn -0.043709 -0.519235 0.853513
vn 0.019224 -0.614763 0.788477
vn -0.149818 -0.206574 -0.966893
vn -0.487602 -0.351695 -0.799096
vn -0.529392 -0.143585 -0.836138
vn -0.406108 0.030263 -0.913324
vn -0.156814 0.824166 -0.544206
vn -0.211904 0.775750 -0.594398
vn -0.181232 0.856898 -0.482578
vn 0.160861 0.559017 -0.813403
vn 0.298957 0.552552 -0.778018
vn 0.245108 0.552782 -0.796463
vn 0.326809 0.498039 -0.803214
vn 0.143969 0.458772 -0.876813
vn -0.009095 0.429654 -0.902948
vn -0.964719 0.187588 0.184738
vn -0.953618 0.254614 0.160574
vn -0.973744 0.162142 0.159789
vn -0.875871 -0.393194 -0.279730
vn -0.922931 -0.270072 -0.274336
vn -0.896110 -0.340639 -0.284522
vn -0.027802 0.867471 -0.496710
vn -0.298314 0.951760 -0.071845
vn 0.969646 -0.189014 0.155117
vn 0.988193 -0.143756 0.053000
vn 0.976155 0.215916 -0.022413
vn 0.962537 0.165486 0.214793
vn 0.974557 0.202679 -0.095706
vn 0.928912 0.268194 -0.255333
vn -0.635917 0.411758 -0.652736
vn -0.579019 0.460463 -0.672837
vn -0.458287 0.448479 -0.767359
vn -0.697314 0.613319 -0.370935
vn -0.638794 0.648526 -0.413953
vn -0.680869 0.600594 -0.419172
vn 0.263960 -0.704365 0.658936
vn -0.208653 -0.749662 0.628069
vn -0.166833 -0.788771 0.591614
vn -0.250450 -0.273204 0.928781
vn 0.232108 -0.383776 0.893779
vn -0.056703 -0.324728 0.944106
vn 0.723422 0.496410 -0.479832
vn 0.452285 0.610613 -0.650069
vn 0.554620 0.637174 -0.535169
vn 0.717322 0.589477 -0.371439
vn 0.705047 0.515229 -0.487287
vn 0.620550 0.610494 -0.492153
vn 0.483766 -0.473835 -0.735833
vn 0.561920 -0.232635 -0.793805
vn 0.494613 -0.355328 -0.793159
vn 0.579202 -0.385751 -0.718138
vn 0.323458 -0.508795 -0.797811
vn 0.312220 -0.580391 -0.752107
vn -0.672449 -0.739430 0.032497
vn -0.669778 -0.742207 -0.022940
vn -0.682757 -0.726670 0.076119
vn -0.767878 -0.617099 -0.171908
vn -0.569469 -0.814004 -0.114461
vn -0.763643 -0.644980 -0.029158
vn 0.934252 0.341237 -0.103587
vn 0.905298 0.422014 -0.048373
vn 0.960918 0.276790 0.004886
vn 0.983112 0.181571 -0.022874
vn 0.987081 0.160099 -0.006242
vn 0.984785 0.171410 -0.028586
vn 0.766982 0.455352 -0.452099
vn 0.768524 0.403964 -0.496169
vn 0.794000 0.465448 -0.391053
vn 0.867233 0.493127 0.068790
vn 0.807365 0.589503 0.025450
vn 0.863632 0.503460 -0.025838
vn 0.186268 -0.638201 -0.746997
vn 0.415856 -0.683277 -0.600164
vn -0.617025 0.706239 -0.347140
vn -0.792509 0.546982 -0.269702
vn -0.607435 0.605810 -0.513825
vn -0.890846 0.402938 0.209844
vn -0.853324 0.359971 0.377173
vn -0.825855 0.507488 0.245805
vn 0.026095 0.758431 -0.651231
vn 0.022106 0.784282 -0.620011
vn -0.024783 0.830649 -0.556245
vn 0.156938 0.660968 -0.733820
vn 0.053962 0.733974 -0.677030
vn 0.137500 0.655866 -0.742249
vn 0.602810 -0.505282 0.617503
vn 0.642945 -0.750150 0.154585
vn 0.825138 -0.549565 0.130863
vn -0.248979 -0.356263 -0.900603
vn -0.087614 -0.310500 -0.946527
vn 0.093065 -0.478862 -0.872943
vn 0.352105 0.655052 0.668527
vn 0.582289 0.552737 0.596172
vn 0.286808 0.698775 0.655328
vn 0.809463 0.575468 0.116650
vn 0.802939 0.595694 0.020909
vn 0.737162 0.668994 0.095073
vn -0.675282 0.651891 0.345011
vn -0.398264 0.554865 0.730418
vn -0.258562 0.564362 0.783991
vn -0.052302 0.425276 -0.903551
vn 0.223945 0.616379 -0.754935
vn 0.141733 0.080743 -0.986606
vn -0.061756 -0.410047 0.909971
vn -0.274617 -0.689390 0.670319
vn -0.376746 -0.676786 0.632474
vn -0.267183 -0.751633 0.603043
vn 0.425322 -0.359743 0.830474
vn 0.525737 -0.386799 0.757620
vn -0.419077 -0.323221 0.848471
vn -0.572299 -0.244630 0.782707
vn -0.540946 -0.376522 0.752070
vn 0.179194 -0.968039 0.175471
vn 0.160084 -0.947260 0.277616
vn 0.135867 -0.960464 0.243000
vn 0.774913 -0.612869 -0.154605
vn 0.942005 -0.333631 -0.036290
vn 0.920989 -0.387301 -0.042148
vn -0.436113 -0.478248 0.762289
vn -0.378722 -0.411750 0.828874
vn -0.270925 -0.434203 0.859109
vn -0.278927 -0.553085 0.785045
vn -0.530196 -0.007722 0.847840
vn -0.383015 -0.056129 0.922035
vn -0.724852 -0.130414 0.676448
vn -0.537575 -0.281122 0.794974
vn -0.736255 -0.188376 0.649956
vn -0.698308 -0.680160 0.223044
vn -0.726912 -0.677463 0.112445
vn -0.594885 -0.792876 0.132132
vn -0.815307 -0.554894 0.165431
vn -0.822732 -0.509547 0.251942
vn -0.004406 0.029274 0.999562
vn -0.025294 -0.036762 0.999004
vn -0.133250 -0.076580 0.988119
vn -0.152152 -0.129863 0.979789
vn 0.659093 -0.686345 0.307455
vn 0.684573 -0.613588 0.393535
vn 0.592834 -0.696693 0.403938
vn 0.679737 -0.548226 0.487244
vn 0.627528 -0.524634 0.575299
vn 0.693526 -0.545614 0.470454
vn -0.974461 0.224142 0.013662
vn -0.937313 0.344927 -0.049708
vn -0.996818 0.077280 0.019548
vn -0.806862 -0.454527 0.377333
vn -0.783110 -0.426488 0.452600
vn -0.858254 -0.311808 0.407647
vn 0.627196 -0.729259 0.273506
vn 0.665397 -0.726810 0.170280
vn 0.617719 -0.748972 0.239716
vn 0.690551 -0.717382 -0.092210
vn 0.656281 -0.731816 -0.183687
vn 0.629966 -0.770234 -0.099413
vn -0.969141 -0.168806 0.179638
vn -0.950562 -0.302250 0.071253
vn -0.905125 -0.374130 0.201928
vn -0.969119 0.115477 0.217885
vn -0.297679 -0.682036 0.667993
vn -0.523068 -0.609959 0.595273
vn -0.427775 -0.711470 0.557511
vn -0.648658 -0.330356 0.685644
vn -0.481917 -0.378523 0.790239
vn -0.423609 -0.358772 0.831768
vn 0.109985 -0.974420 0.195981
vn 0.220835 -0.948064 0.228923
vn 0.325114 -0.893900 0.308616
vn 0.553680 -0.651508 0.518629
vn 0.362011 -0.749749 0.553918
vn 0.518317 -0.687699 0.508349
vn 0.573270 -0.662569 0.482041
vn 0.385071 -0.778330 0.495907
vn 0.413828 -0.814642 0.406330
vn 0.360922 -0.673032 0.645572
vn 0.196399 -0.754769 0.625900
vn 0.285011 -0.765067 0.577444
vn 0.656148 0.712256 -0.249321
vn 0.248042 0.968132 -0.034589
vn 0.304280 0.894516 0.327498
vn 0.604554 -0.607819 -0.514850
vn 0.671078 -0.494552 -0.552333
vn 0.842108 -0.486971 -0.231763
vn -0.903193 0.025085 0.428502
vn -0.947199 0.137872 0.289492
vn -0.660753 -0.631462 0.405784
vn -0.700689 -0.548174 0.456662
vn -0.522837 -0.820688 -0.230462
vn -0.365823 -0.853318 -0.371512
vn -0.240912 -0.918457 -0.313684
vn -0.125896 -0.989783 -0.066935
vn 0.136276 -0.990662 -0.004243
vn -0.121567 -0.991682 0.042298
vn -0.618706 0.554509 0.556527
vn -0.677520 0.452493 0.579842
vn -0.729368 0.472843 0.494411
vn -0.963806 0.201876 0.174137
vn 0.756388 -0.505660 0.414951
vn 0.667187 -0.611903 0.424778
vn 0.844861 -0.427749 0.321310
vn 0.635387 -0.771473 0.033365
vn 0.785854 -0.615660 -0.058276
vn 0.801031 -0.598283 0.020167
vn -0.394104 -0.745035 0.538150
vn -0.496592 -0.657439 0.566718
vn -0.282420 -0.926075 0.250247
vn -0.376497 -0.884328 0.276070
vn -0.360545 -0.909204 0.208220
vn -0.893286 0.353403 -0.277752
vn -0.823049 0.071633 -0.563435
vn -0.925613 0.313335 -0.212276
vn -0.902516 -0.421182 -0.089835
vn -0.921635 -0.370982 -0.113849
vn -0.512048 0.331577 0.792378
vn -0.418094 0.282584 0.863333
vn -0.732996 0.328505 0.595653
vn -0.173614 0.486804 0.856084
vn -0.138320 0.498735 0.855647
vn -0.278706 -0.539891 -0.794255
vn -0.190622 -0.718998 -0.668360
vn -0.565395 -0.520974 -0.639464
vn -0.536334 0.835845 0.117088
vn -0.706907 0.611386 -0.355656
vn -0.919877 0.275579 0.279074
vn -0.930844 0.326727 0.163641
vn -0.898352 0.306736 0.314448
vn -0.686452 0.401853 0.606051
vn -0.886518 0.180977 0.425832
vn -0.715293 0.419361 0.559011
vn 0.288972 -0.870751 -0.397854
vn 0.081109 -0.995656 -0.045725
vn -0.002541 -0.937828 -0.347092
vn 0.385734 -0.699555 -0.601525
vn 0.447987 -0.566621 -0.691555
vn 0.993546 0.112585 -0.013850
vn 0.894328 0.428128 -0.129936
vn 0.686702 0.658020 0.308950
vn 0.804880 0.084876 0.587337
vn 0.693789 -0.219149 0.686026
vn 0.928931 -0.242026 0.280196
vn -0.982907 -0.183668 -0.012634
vn -0.986372 -0.161027 -0.033774
vn -0.994219 0.048034 0.096029
vn -0.995765 -0.077760 0.049049
vn -0.994819 -0.064790 0.078337
vn -0.793687 0.170217 0.584027
vn -0.876484 0.208530 0.433926
vn -0.904282 -0.243572 0.350637
vn -0.963560 0.232205 -0.132791
vn -0.861590 0.373128 -0.344149
vn -0.920060 -0.035616 -0.390155
vn -0.481395 0.540699 0.689858
vn -0.582517 0.595627 0.553084
vn -0.533545 0.172150 0.828067
vn -0.644571 0.242463 0.725080
vn -0.627558 0.182536 0.756869
vn -0.033030 0.357157 0.933460
vn -0.034919 0.422013 0.905917
vn -0.069663 0.425267 0.902383
vn -0.517211 0.153746 0.841935
vn 0.218450 -0.498590 -0.838861
vn 0.171907 -0.621615 -0.764227
vn 0.067126 -0.609684 -0.789797
vn 0.414448 -0.636018 -0.650934
vn 0.386847 -0.915592 0.109729
vn 0.312577 -0.949209 -0.036033
vn 0.025897 -0.999650 0.005353
vn 0.714075 -0.699942 0.013388
vn 0.660361 -0.737801 0.139904
vn 0.594351 -0.803588 0.031508
vn -0.100122 0.784981 0.611375
vn -0.561642 0.682717 0.467393
vn -0.499933 0.660467 0.560224
vn -0.552025 0.762345 0.337785
vn -0.187265 -0.745116 -0.640105
vn -0.094901 -0.748572 -0.656227
vn 0.061383 -0.767276 -0.638373
vn -0.215875 -0.917951 0.332813
vn -0.478238 -0.821687 0.310031
vn -0.218642 -0.845172 0.487729
vn -0.024725 -0.801720 0.597188
vn 0.444705 0.685714 0.576224
vn 0.428608 0.615230 0.661655
vn 0.487859 0.596370 0.637446
vn -0.434209 -0.564988 -0.701606
vn -0.357174 -0.425322 -0.831581
vn -0.264473 -0.537369 -0.800805
vn 0.917975 -0.389406 -0.075400
vn 0.944716 -0.251526 -0.210347
vn 0.915185 -0.367463 -0.165550
vn 0.936749 0.298916 -0.182071
vn 0.935110 0.124020 -0.331946
vn 0.927587 0.355381 -0.115273
vn 0.668079 -0.093059 0.738248
vn 0.319295 -0.351476 0.880066
vn 0.693099 -0.270896 0.668004
vn 0.964418 -0.218242 -0.149230
vn 0.831745 -0.419827 -0.363243
vn 0.915537 -0.177106 -0.361144
vn -0.306364 -0.697219 -0.648095
vn -0.444914 -0.710244 -0.545532
vn -0.436857 -0.761259 -0.479209
vn -0.430719 -0.783109 -0.448577
vn -0.848278 -0.520721 0.096301
vn -0.915442 -0.380505 0.131081
vn -0.908040 -0.372751 0.191102
vn -0.943871 0.269833 0.190517
vn -0.921574 0.346506 0.175027
vn -0.949615 0.307121 0.062519
vn -0.491509 0.476746 -0.728788
vn -0.471296 0.483578 -0.737586
vn -0.288915 0.499254 -0.816868
vn -0.267460 0.492926 -0.827943
vn -0.210522 0.468401 -0.858068
vn -0.302478 -0.642087 -0.704437
vn -0.509202 -0.327475 -0.795910
vn -0.562151 -0.282678 -0.777225
vn -0.597191 -0.322273 -0.734509
vn -0.841359 0.430667 -0.326558
vn -0.846857 0.415628 -0.331794
vn -0.813910 0.396105 -0.425031
vn -0.743898 0.254183 0.618067
vn -0.679089 0.317853 0.661671
vn -0.668114 0.352409 0.655311
vn -0.853398 -0.345968 0.389895
vn -0.864702 -0.376944 0.331970
vn -0.884948 -0.353916 0.302673
vn -0.914611 -0.395259 0.085187
vn -0.955094 -0.277419 0.104084
vn -0.992178 -0.109994 0.059034
vn -0.998844 0.016414 -0.045171
vn -0.994979 0.015562 -0.098865
vn -0.985257 -0.135307 -0.104694
vn -0.646630 0.344333 0.680664
vn -0.787035 0.234703 0.570518
vn -0.776091 0.235414 0.585033
vn -0.874450 -0.014635 0.484895
vn -0.219469 -0.966964 -0.129668
vn -0.149473 -0.981755 -0.117540
vn -0.230564 -0.972092 -0.043326
vn -0.033506 -0.869488 -0.492817
vn -0.083888 -0.856585 -0.509141
vn -0.019799 -0.839548 -0.542925
vn -0.750978 -0.656582 0.070222
vn -0.743391 -0.636338 0.206021
vn -0.999891 -0.005722 -0.013597
vn -0.996641 -0.077826 -0.025499
vn -0.921092 0.279208 -0.271353
vn -0.597547 0.454439 -0.660623
vn -0.454989 0.413008 -0.788929
vn -0.874358 -0.165612 -0.456148
vn -0.844133 -0.343812 -0.411379
vn -0.969031 0.216027 -0.119631
vn -0.970453 0.212301 -0.114671
vn -0.954005 0.264308 -0.141480
vn -0.941749 -0.278727 0.188204
vn -0.893385 -0.326888 0.308234
vn -0.987864 -0.032288 0.151926
vn 0.942821 -0.326513 -0.066915
vn 0.863430 -0.501927 -0.050573
vn 0.768490 -0.639403 -0.024209
vn 0.896821 -0.356618 -0.261793
vn 0.921870 -0.349008 -0.168372
vn 0.959488 -0.218657 -0.177684
vn 0.442428 0.391683 0.806748
vn 0.312588 0.476378 0.821799
vn 0.104273 0.312759 0.944092
vn 0.061612 0.283743 0.956919
vn 0.389174 0.736666 0.553052
vn 0.436709 0.706557 0.556833
vn 0.633992 0.624271 0.456442
vn 0.855912 0.303256 0.418869
vn 0.770146 0.362761 0.524671
vn 0.767320 0.428923 0.476703
vn 0.637322 0.306388 -0.707069
vn 0.645218 0.284323 -0.709122
vn 0.666120 0.295143 -0.684964
vn 0.738437 0.350678 -0.575964
vn 0.717152 0.385598 -0.580523
vn 0.736414 0.398971 -0.546366
vn 0.462687 0.672315 0.577852
vn 0.285656 0.791536 0.540252
vn 0.286984 0.608986 0.739443
vn 0.223616 0.252929 0.941288
vn -0.546157 0.828072 0.126532
vn -0.705307 0.705926 0.064897
vn -0.808172 0.579711 0.103892
vn -0.389340 0.809403 0.439638
vn -0.177548 0.788578 0.588746
vn -0.522112 0.653706 0.547784
vn -0.193041 0.287890 -0.938006
vn -0.294116 0.270867 -0.916584
vn 0.071111 0.378699 -0.922784
vn -0.052761 0.342588 -0.938003
vn 0.072725 0.327443 -0.942068
vn 0.564377 0.436617 0.700602
vn 0.308689 0.623982 0.717884
vn 0.407128 0.616222 0.674179
vn 0.724154 0.310635 0.615717
vn 0.831940 0.172536 0.527358
vn 0.680985 0.304627 0.665929
vn -0.720974 0.681613 0.124901
vn -0.446793 0.858835 0.250555
vn -0.435913 0.850044 0.295643
vn -0.975720 0.207626 0.069728
vn -0.984195 0.156549 0.082781
vn 0.859301 0.388218 0.332999
vn 0.856286 0.480183 0.190261
vn -0.826090 0.543894 0.147494
vn -0.851996 0.510644 0.115527
vn -0.882631 0.469362 0.025720
vn -0.999259 0.027598 -0.026842
vn -0.784993 0.507102 -0.355855
vn -0.903762 0.372803 -0.210317
vn -0.719357 0.368971 -0.588546
vn -0.855032 0.277329 -0.438188
vn 0.949597 -0.306689 0.064858
vn 0.974028 -0.225924 -0.015091
vn 0.895293 -0.445276 0.013414
vn 0.938229 -0.313111 -0.147266
vn 0.890897 -0.405120 -0.205377
vn 0.853176 -0.503054 -0.137939
vn -0.957730 0.196255 -0.210326
vn -0.935928 0.230658 -0.266152
vn -0.856131 0.015205 -0.516535
vn -0.839422 -0.047852 -0.541369
vn -0.880384 -0.001330 -0.474260
vn -0.880074 0.046645 0.472539
vn -0.884035 -0.279773 0.374445
vn -0.923454 -0.235952 0.302589
vn -0.899125 -0.261339 0.351108
vn 0.973273 0.208653 -0.095934
vn 0.979545 0.180298 -0.089354
vn 0.999296 0.029636 0.023003
vn 0.989329 -0.145132 -0.012807
vn -0.538117 0.480778 0.692302
vn -0.598286 0.409674 0.688637
vn -0.620400 0.415008 0.665487
vn -0.511961 0.524298 0.680447
vn -0.556224 0.449055 0.699260
vn -0.550844 0.458823 0.697175
vn -0.450238 -0.033602 0.892276
vn -0.378890 0.748436 0.544322
vn -0.457910 0.671339 0.582771
vn -0.344943 0.792792 0.502488
vn 0.027071 0.713256 0.700381
vn 0.101184 0.814328 0.571518
vn -0.002181 0.902500 0.430684
vn 0.876726 0.210279 0.432591
vn 0.619489 0.549512 0.560598
vn 0.584166 0.388017 0.712877
vn 0.578939 -0.076000 -0.811821
vn 0.965968 -0.165485 -0.198796
vn -0.778025 -0.418783 0.468292
vn -0.558068 -0.498133 0.663645
vn -0.528035 -0.345871 0.775598
vn -0.072469 -0.397741 0.914631
vn -0.361184 -0.352814 0.863173
vn -0.394633 0.309878 0.865009
vn -0.676074 0.214505 0.704919
vn -0.481825 0.180799 0.857413
vn 0.435228 -0.416015 -0.798441
vn 0.688372 -0.573077 -0.444665
vn 0.382482 -0.672849 -0.633231
vn 0.992607 -0.121207 0.006425
vn 0.848304 -0.144180 -0.509502
vn 0.863783 -0.067427 -0.499332
vn 0.919883 0.012824 -0.391984
vn 0.251735 0.257975 0.932780
vn -0.109033 0.316638 0.942259
vn 0.033436 0.999273 0.018323
vn -0.030283 0.987196 0.156614
vn -0.097971 0.973464 -0.206807
vn -0.226259 0.953291 -0.200111
vn -0.138023 0.986461 -0.088573
vn 0.769953 -0.245009 0.589188
vn 0.685398 -0.411686 0.600621
vn 0.552356 -0.109302 0.826412
vn 0.646134 -0.162080 0.745816
vn 0.432696 0.883718 -0.178372
vn 0.548630 0.787040 -0.282088
vn 0.461150 0.822917 -0.331887
vn 0.808744 0.587774 0.021317
vn 0.786429 0.609536 -0.099978
vn 0.709269 0.704877 0.009268
vn -0.975244 -0.179000 -0.129837
vn -0.923187 -0.338685 -0.181709
vn -0.961486 -0.274836 0.003243
vn -0.610326 -0.742982 -0.274737
vn -0.462782 -0.818787 -0.339737
vn -0.393497 -0.888678 -0.235398
vn 0.993747 -0.104295 0.039859
vn 0.973479 -0.170222 0.152853
vn 0.970543 -0.211567 0.115266
vn 0.984200 0.176678 0.011647
vn 0.989814 0.141887 0.011696
vn 0.012408 0.946082 0.323689
vn -0.179109 0.893480 0.411841
vn 0.371434 0.624625 0.686935
vn 0.533381 0.419508 0.734519
vn 0.868222 0.023612 0.495614
vn 0.881154 -0.063341 0.468568
vn 0.935549 -0.109178 0.335900
vn 0.920497 -0.270038 0.282427
vn 0.881249 -0.340724 0.327577
vn 0.926926 -0.288266 0.240231
vn 0.025861 -0.291049 0.956358
vn -0.064519 -0.176520 0.982180
vn 0.276994 0.710378 0.647022
vn 0.626688 0.769819 0.120999
vn 0.560043 0.826645 0.054857
vn 0.515515 0.845947 0.136449
vn 0.626344 0.763346 -0.158104
vn 0.613608 0.789489 -0.013883
vn 0.638166 0.597693 -0.485291
vn 0.866765 0.401595 -0.295703
vn -0.150205 -0.324494 -0.933885
vn -0.020763 -0.602303 -0.797998
vn -0.367559 -0.408607 -0.835429
vn 0.105746 0.888412 -0.446701
vn -0.333388 0.819186 -0.466676
vn -0.188747 0.973622 0.128199
vn -0.848345 -0.026707 -0.528770
vn -0.902349 0.413011 -0.123238
vn 0.889091 0.423880 -0.172749
vn 0.856737 0.471204 -0.209689
vn 0.931625 0.360753 -0.043958
vn 0.799032 0.508344 -0.321144
vn 0.490937 -0.443227 0.750021
vn 0.089569 -0.712353 0.696083
vn 0.398707 -0.901066 0.170627
vn -0.565039 -0.793067 -0.227542
vn -0.515932 -0.618066 -0.593134
vn -0.235557 -0.888903 -0.392893
vn -0.122992 -0.464760 -0.876853
vn -0.007252 -0.341033 -0.940023
vn -0.145507 -0.332748 -0.931722
vn -0.177950 0.500114 -0.847479
vn 0.199596 0.403946 -0.892743
vn 0.120505 0.385496 -0.914807
vn 0.144373 0.446822 -0.882897
vn 0.528903 0.343303 0.776147
vn 0.396840 -0.125401 0.909281
vn 0.729326 -0.043856 0.682759
vn 0.771953 0.005669 0.635654
vn 0.342404 0.936582 -0.074656
vn -0.073691 0.874255 -0.479841
vn 0.121752 0.992002 0.033303
vn -0.135746 -0.365899 -0.920701
vn -0.896762 -0.244515 0.368823
vn -0.021127 -0.642960 0.765608
vn 0.023755 -0.740987 0.671099
vn 0.106788 -0.815423 0.568931
vn 0.133034 -0.845781 0.516678
vn 0.490881 -0.814948 0.308052
vn -0.957758 0.267873 0.104617
vn -0.872520 0.455981 0.175471
vn -0.916602 0.399546 0.014296
vn -0.197661 -0.863676 -0.463674
vn 0.705601 -0.643178 0.297404
vn 0.685468 -0.664535 -0.297534
vn 0.879377 -0.353581 0.318868
vn 0.814404 0.149341 -0.560752
vn 0.804094 0.056584 -0.591804
vn 0.810357 0.030584 -0.585138
vn 0.787140 0.249961 -0.563853
vn -0.194385 0.703356 0.683743
vn -0.264429 0.487276 0.832249
vn 0.081435 0.733762 0.674508
vn -0.777461 0.593988 -0.206718
vn -0.337297 0.928652 -0.154392
vn -0.676938 0.654027 -0.337644
vn 0.548039 -0.040423 -0.835476
vn 0.852557 -0.169298 -0.494454
vn 0.156708 -0.076906 -0.984646
vn -0.005973 0.358447 -0.933531
vn 0.401351 0.321546 -0.857628
vn 0.146177 -0.982132 -0.118531
vn 0.377315 -0.898330 -0.225025
vn 0.427150 -0.839042 -0.336973
vn 0.203477 -0.939098 -0.276935
vn -0.225508 0.603553 -0.764768
vn -0.190683 0.580382 -0.791705
vn -0.550277 0.464768 -0.693676
vn -0.575962 0.470855 -0.668254
vn 0.914785 0.341925 0.215070
vn 0.928571 0.353780 0.112231
vn 0.890081 0.357532 0.282714
vn 0.956120 -0.240339 0.167547
vn 0.894975 -0.437635 0.086575
vn 0.923979 -0.224342 0.309731
vn 0.814317 0.495407 -0.302423
vn 0.906354 0.388431 -0.166263
vn 0.946131 0.258984 -0.194329
vn 0.691161 0.722109 -0.029231
vn -0.432125 0.285664 -0.855374
vn -0.425220 0.286055 -0.858697
vn -0.658914 0.251567 -0.708905
vn -0.652125 0.314155 -0.689957
vn 0.373967 -0.188967 0.907987
vn -0.010049 -0.292497 0.956214
vn 0.622885 -0.549891 0.556449
vn 0.318783 -0.729572 0.605063
vn 0.494614 -0.695515 0.521167
vn -0.991279 -0.103422 -0.081672
vn -0.926737 -0.364029 -0.092957
vn -0.973526 -0.104681 0.203199
vn -0.820939 0.190038 0.538465
vn -0.683581 0.164970 0.710986
vn -0.776596 -0.065906 0.626542
vn -0.777898 0.158967 0.607951
vn -0.556436 0.010038 0.830830
vn -0.203203 0.336155 0.919624
vn -0.064639 -0.334998 0.939999
vn -0.154107 -0.782295 0.603544
vn 0.300563 0.626248 0.719358
vn 0.434999 0.496770 0.750997
vn -0.592029 0.662925 0.458292
vn -0.193003 0.936849 0.291656
vn -0.252528 0.659621 0.707905
vn -0.618706 0.691536 0.372802
vn -0.541170 0.837537 0.075279
vn -0.564086 0.768645 0.301649
vn 0.359256 0.838457 0.409786
vn 0.019559 0.853730 0.520348
vn 0.440493 0.796317 0.414543
vn 0.292676 -0.940968 -0.170058
vn 0.388305 -0.886788 -0.250652
vn 0.465528 -0.688425 -0.556197
vn 0.456623 -0.762875 -0.457731
vn 0.346386 -0.795613 -0.497007
vn -0.267122 0.020558 -0.963444
vn -0.942153 -0.044832 0.332173
vn -0.821307 -0.296437 0.487421
vn 0.110893 -0.046334 0.992752
vn 0.026640 0.108381 0.993752
vn 0.500978 0.540967 0.675556
vn 0.487058 0.547009 0.680849
vn 0.654851 0.559785 0.507751
vn 0.992283 -0.122425 -0.019643
vn 0.951709 -0.306605 0.015596
vn 0.897682 -0.420357 -0.132160
vn 0.903142 -0.417578 0.099818
vn 0.819625 -0.551465 0.155243
vn 0.924097 -0.352402 0.147842
vn 0.321508 -0.932362 0.165329
vn 0.362140 -0.890527 0.275349
vn 0.256067 -0.934695 0.246526
vn 0.760958 -0.623941 -0.177880
vn 0.784245 -0.620224 -0.016802
vn 0.598708 -0.781303 0.176391
vn -0.229403 -0.921718 -0.312746
vn -0.135803 -0.910587 -0.390369
vn -0.143103 -0.943077 -0.300212
vn -0.600697 -0.740888 -0.300414
vn -0.553165 -0.804101 -0.217784
vn 0.807674 -0.393556 0.439064
vn 0.646281 -0.665588 0.373246
vn 0.796849 -0.493602 0.348409
vn 0.507661 0.419433 -0.752567
vn 0.308605 0.498483 -0.810110
vn 0.552708 0.823177 -0.129975
vn 0.881776 0.412516 -0.228696
vn 0.845259 0.239938 -0.477459
vn 0.766637 0.589376 -0.254761
vn -0.625685 -0.447285 0.639105
vn 0.395496 -0.151363 0.905909
vn 0.458232 -0.287319 0.841113
vn -0.386294 0.680559 0.622588
vn -0.462449 0.662664 0.589081
vn -0.202428 0.853924 0.479413
vn -0.229129 0.770721 0.594549
vn -0.132034 0.818286 0.559441
vn 0.997036 -0.059464 -0.048818
vn 0.411468 0.570241 0.710999
vn 0.625378 0.287419 0.725460
vn 0.344602 0.494740 0.797798
vn 0.064864 -0.920691 -0.384864
vn 0.139298 -0.916295 -0.375498
vn -0.101206 -0.921276 -0.375510
vn -0.851498 0.521804 0.051685
vn -0.489797 0.651481 -0.579372
vn -0.520230 0.723364 -0.453987
vn 0.217485 0.899523 0.378892
vn 0.150042 0.929452 0.337054
vn 0.147482 0.857361 0.493134
vn 0.406133 0.899164 0.162975
vn 0.420804 0.905126 0.060596
vn 0.281367 0.948943 0.142621
vn -0.985425 0.158456 -0.061886
vn -0.908548 0.412915 0.063576
vn -0.970301 0.176075 0.165874
vn -0.999522 0.002999 0.030767
vn -0.989948 0.062350 0.126946
vn 0.735143 -0.677800 -0.012303
vn 0.991496 -0.057051 0.116963
vn 0.920687 0.357847 0.155822
vn 0.757608 0.166865 0.631020
vn 0.970454 0.238238 0.038243
vn 0.968936 0.231756 0.086329
vn 0.997689 0.048278 0.047814
vn 0.480293 -0.801542 0.356159
vn -0.646920 -0.644329 0.407841
vn -0.670029 -0.636724 0.381632
vn -0.655360 -0.684867 0.318530
vn -0.056531 -0.519155 0.852809
vn -0.011346 -0.871553 0.490169
vn 0.386389 -0.741928 0.547947
vn -0.529149 -0.531726 0.661263
vn -0.657855 -0.224991 0.718753
vn 0.740670 0.422408 0.522475
vn 0.796068 0.371036 0.478130
vn 0.818522 0.424838 0.386696
vn 0.533006 0.627179 0.567936
vn 0.395045 0.795252 0.459907
vn 0.695627 0.588602 0.411888
vn -0.543169 0.834067 -0.096432
vn -0.465170 0.866521 -0.180992
vn -0.585878 0.784565 0.202990
vn -0.671800 0.705548 0.225581
vn 0.151718 -0.135904 -0.979036
vn 0.402770 0.262320 -0.876906
vn 0.308595 0.480511 -0.820901
vn 0.317601 0.498837 -0.806406
vn 0.317674 0.327827 -0.889726
vn 0.579647 0.300692 -0.757360
vn -0.472501 0.777829 0.414396
vn 0.670014 -0.566809 0.479383
vn 0.806381 -0.470513 0.358285
vn 0.015473 0.975032 -0.221526
vn -0.298574 0.813739 -0.498680
vn -0.394648 0.889268 -0.231205
vn -0.619730 -0.013342 -0.784702
vn -0.761540 0.509992 -0.399956
vn -0.486000 0.363000 -0.795006
vn -0.546325 0.747139 0.378567
vn 0.042835 0.774765 -0.630797
vn 0.478417 0.220226 -0.850069
vn 0.455135 0.265028 -0.850066
vn -0.978136 0.190359 -0.083744
vn -0.964930 -0.017389 -0.261932
vn -0.913495 0.139010 -0.382364
vn -0.885432 0.080821 -0.457688
vn -0.307769 -0.202963 0.929561
vn 0.006276 -0.234144 0.972182
vn -0.244660 0.249220 0.937033
vn -0.278623 -0.592872 0.755561
vn -0.870195 0.478894 -0.115848
vn -0.858212 0.469827 -0.206726
vn -0.862647 0.484984 -0.143636
vn -0.702537 0.703153 -0.109619
vn -0.625634 0.779436 0.032601
vn -0.630424 0.763940 -0.137699
vn -0.574960 -0.084887 -0.813766
vn -0.290789 -0.102009 -0.951334
vn -0.876822 0.387565 -0.284563
vn -0.698123 0.601532 -0.388309
vn -0.722529 0.470511 -0.506529
vn -0.925964 0.280375 -0.252944
vn 0.553713 0.583198 -0.594375
vn 0.573351 0.479588 -0.664277
vn 0.454994 0.540657 -0.707581
vn 0.352286 0.797347 -0.490032
vn 0.221218 0.881010 -0.418191
vn 0.186676 -0.976223 0.110189
vn 0.151601 -0.985445 0.076917
vn 0.217352 -0.975364 0.037729
vn 0.405992 -0.905933 -0.120233
vn 0.578697 -0.797965 -0.168406
vn 0.566891 -0.820951 -0.068366
vn -0.689188 0.455759 0.563298
vn -0.668704 0.538461 0.512733
vn -0.746541 0.459300 0.481373
vn -0.483608 0.329589 0.810860
vn -0.530317 0.394801 0.750264
vn -0.560826 0.328476 0.759985
vn -0.931288 -0.239036 0.274889
vn -0.910765 -0.402772 0.091010
vn -0.900330 -0.434612 -0.022789
vn -0.971014 -0.228919 0.068764
vn -0.460101 -0.886351 -0.051865
vn -0.375382 -0.918206 -0.126440
vn -0.322516 -0.945893 -0.035635
vn -0.514195 -0.853443 0.085077
vn -0.608365 -0.772135 0.183574
vn -0.600611 0.490839 0.631145
vn -0.757597 0.484507 0.437378
vn -0.517383 0.239641 0.821515
vn -0.792018 0.255569 0.554429
vn -0.899526 -0.399207 -0.177444
vn -0.943752 0.010021 -0.330503
vn -0.989691 0.060951 -0.129602
vn -0.926471 0.141478 -0.348762
vn 0.956827 0.049957 -0.286333
vn 0.926145 0.134263 -0.352462
vn 0.984747 0.065447 -0.161216
vn 0.989088 -0.147281 0.003578
vn -0.038957 -0.033902 0.998666
vn -0.198200 0.387379 0.900364
vn -0.906227 0.325181 -0.270204
vn -0.997378 -0.046521 -0.055434
vn -0.759074 -0.602820 -0.245794
vn -0.753389 -0.509886 -0.415237
vn -0.581430 -0.658168 -0.478282
vn -0.513893 -0.437012 -0.738197
vn 0.740938 0.604731 -0.292082
vn 0.296883 0.931102 -0.211920
vn 0.609147 0.692109 -0.387201
vn -0.161918 0.421566 0.892224
vn 0.154640 0.205203 0.966425
vn -0.456418 -0.062260 0.887585
vn -0.930857 0.286333 -0.226976
vn -0.886908 -0.162406 0.432457
vn -0.901742 -0.044569 0.429971
vn -0.883625 -0.141787 0.446209
vn 0.954569 -0.128454 -0.268884
vn 0.955643 -0.210264 -0.206242
vn 0.900394 -0.433921 0.031662
vn 0.526428 0.419215 0.739684
vn -0.875941 0.449202 -0.175913
vn -0.883022 0.466338 -0.052920
vn 0.584651 0.420697 0.693684
vn 0.374848 0.624057 0.685596
vn 0.344192 0.683387 0.643828
vn 0.282105 0.699833 0.656240
vn 0.999353 -0.034253 0.010958
vn 0.814853 -0.540848 0.208563
vn 0.722188 -0.660650 0.204906
vn 0.879550 -0.465416 0.098889
vn 0.490827 -0.387725 -0.780229
vn 0.416375 -0.523610 -0.743280
vn 0.560713 -0.475692 -0.677730
vn 0.568990 -0.488338 -0.661647
vn 0.600515 -0.528780 -0.599812
vn 0.530637 -0.593095 -0.605526
vn -0.788792 0.578498 0.207723
vn -0.817123 0.540834 0.199520
vn -0.778969 0.355752 0.516380
vn -0.809740 0.355167 0.467094
vn -0.788653 0.347803 0.507010
vn -0.927835 -0.008312 -0.372898
vn -0.880809 -0.115352 -0.459205
vn -0.920467 -0.132157 -0.367797
vn -0.166006 -0.776155 -0.608297
vn 0.627476 -0.384113 0.677297
vn 0.445604 -0.396976 0.802401
vn 0.559658 -0.439874 0.702349
vn -0.026153 0.676270 -0.736189
vn 0.026758 0.749446 -0.661524
vn 0.354482 0.570816 -0.740616
vn 0.431487 0.614990 -0.660005
vn 0.334031 0.541950 -0.771177
vn 0.253795 0.538085 -0.803774
vn 0.234462 0.588747 -0.773566
vn 0.621701 0.404779 -0.670553
vn 0.755019 0.489451 -0.436331
vn 0.998526 0.037581 -0.039161
vn 0.936250 0.350663 0.021737
vn 0.972338 0.164317 0.166010
vn 0.964871 0.089539 0.246995
vn -0.958005 -0.043597 -0.283418
vn -0.982244 0.178880 -0.056558
vn -0.961233 0.273620 -0.034100
vn 0.249789 -0.498304 -0.830240
vn 0.468072 -0.217080 -0.856613
vn 0.357905 -0.564574 -0.743747
vn 0.091263 -0.360547 -0.928266
vn 0.041355 0.405570 0.913128
vn -0.313871 0.585413 0.747514
vn -0.463958 0.434331 0.772075
vn -0.308505 0.729928 0.609943
vn 0.645337 -0.302972 -0.701248
vn 0.681506 -0.534458 -0.499904
vn 0.811488 0.465079 -0.353821
vn 0.846452 0.444376 -0.293341
vn 0.839150 0.478423 -0.258724
vn 0.661931 0.709015 -0.243198
vn -0.823894 0.499789 0.267226
vn -0.170798 0.741857 0.648441
vn 0.764601 -0.572343 -0.296327
vn 0.743028 -0.534436 -0.402849
vn 0.417594 0.073122 -0.905687
vn 0.283887 -0.494971 -0.821226
vn 0.271800 -0.596791 -0.754961
vn -0.083019 -0.709382 -0.699918
vn 0.000256 -0.691628 -0.722254
vn -0.001829 -0.785689 -0.618619
vn -0.852476 0.434783 0.290256
vn -0.803997 0.526988 0.275449
vn -0.369005 0.865993 0.337479
vn -0.567120 0.726818 0.387442
vn 0.432651 -0.412423 0.801699
vn 0.508555 -0.438210 0.741178
vn 0.486769 -0.358208 0.796707
vn 0.272565 -0.273407 0.922473
vn 0.313552 -0.256507 0.914270
vn -0.032951 0.928874 -0.368927
vn -0.155454 0.934423 -0.320449
vn 0.288331 0.936756 -0.198377
vn 0.152505 0.955353 -0.253066
vn -0.004792 -0.441660 -0.897170
vn -0.688145 -0.487948 -0.536995
vn -0.530503 -0.482875 -0.696705
vn -0.362633 -0.627737 -0.688799
vn -0.148991 -0.504915 -0.850213
vn -0.082740 -0.576109 -0.813174
vn -0.375177 -0.422715 -0.824957
vn -0.496981 0.224721 -0.838159
vn -0.517727 0.287426 -0.805820
vn -0.403778 0.276820 -0.871971
vn -0.104073 0.720479 -0.685623
vn -0.059931 0.707631 -0.704036
vn -0.062611 0.726547 -0.684258
vn 0.871173 0.096036 -0.481492
vn 0.419948 -0.273352 -0.865403
vn 0.617841 -0.228787 -0.752283
vn -0.351969 -0.853528 -0.384199
vn -0.249473 -0.867971 -0.429407
vn -0.217967 -0.806956 -0.548919
vn -0.467772 -0.679034 -0.565776
vn -0.240758 -0.757526 -0.606787
vn -0.156116 -0.957628 0.242025
vn -0.177092 -0.957211 0.228881
vn 0.726827 -0.671454 0.144470
vn 0.819830 0.555319 0.139638
vn 0.898228 0.424116 0.115377
vn 0.896645 0.417842 0.146410
vn 0.946285 -0.237549 -0.219354
vn 0.345482 -0.699291 -0.625807
vn -0.001884 -0.753355 -0.657611
vn 0.354328 -0.772548 -0.526898
vn 0.559593 -0.633325 -0.534561
vn 0.490268 0.712143 -0.502484
vn 0.528883 0.747011 -0.402811
vn 0.478337 0.497707 0.723521
vn 0.547822 0.460143 0.698684
vn 0.514390 0.532273 0.672376
vn 0.633539 0.268368 0.725676
vn -0.996582 0.076528 -0.031101
vn -0.919231 0.342840 -0.193583
vn -0.403109 0.704393 0.584238
vn -0.267603 0.800516 0.536248
vn -0.469166 0.808186 0.355975
vn -0.260981 0.203664 0.943615
vn -0.147997 0.020180 0.988782
vn 0.080041 -0.856791 -0.509414
vn 0.023680 -0.910963 -0.411807
vn 0.759522 0.300110 0.577114
vn 0.559440 0.262279 0.786280
vn -0.519405 -0.523254 -0.675591
vn -0.530587 -0.274444 -0.801971
vn -0.865403 -0.154064 -0.476804
vn 0.690044 0.539743 0.482200
vn 0.602959 0.492570 0.627548
vn 0.558098 0.738780 -0.377796
vn 0.620252 0.737249 -0.267864
vn 0.319318 0.694042 -0.645245
vn 0.287830 0.793758 -0.535819
vn 0.066563 -0.348854 0.934810
vn -0.100256 0.201200 0.974406
vn 0.197805 0.935716 0.292075
vn -0.380927 0.732213 0.564588
vn -0.187752 0.789501 0.584326
vn -0.180781 0.094467 0.978976
vn -0.158625 -0.111878 0.980980
vn -0.276438 0.206186 0.938653
vn -0.377569 0.826200 0.418134
vn -0.537286 0.836179 0.110126
vn -0.720075 0.602999 0.343344
vn -0.930436 -0.083258 -0.356871
vn -0.921870 -0.197235 -0.333549
vn 0.523224 0.589855 0.615067
vn 0.569608 0.811494 0.130479
vn -0.271866 0.547010 -0.791751
vn 0.253578 0.332024 -0.908547
vn 0.571569 0.696066 -0.434513
vn 0.486481 0.840730 0.237719
vn 0.472751 0.878049 0.074405
vn 0.310787 0.313995 0.897117
vn 0.387625 0.308415 0.868693
vn 0.292799 0.312843 0.903548
vn 0.377856 0.565437 0.733149
vn 0.335507 0.604096 0.722844
vn 0.291703 0.526426 0.798615
vn -0.605901 -0.749274 -0.267343
vn -0.539538 -0.770539 -0.339363
vn -0.655858 -0.716569 -0.237443
vn -0.645225 -0.762166 -0.052797
vn -0.747600 0.619857 -0.238476
vn -0.657577 0.692023 -0.297820
vn -0.381166 -0.187370 0.905320
vn -0.318138 -0.236883 0.917973
vn -0.179062 -0.218862 0.959185
vn 0.620691 0.691577 -0.369410
vn 0.718169 0.682345 -0.136527
vn -0.655043 -0.437518 -0.616033
vn -0.418256 -0.644225 -0.640341
vn -0.284823 0.218686 0.933302
vn -0.074990 0.323839 0.943136
vn -0.247275 0.253163 0.935288
vn -0.352684 0.866371 0.353576
vn -0.460744 0.842241 0.279904
vn -0.342231 -0.505483 0.792064
vn -0.247560 -0.197759 0.948475
vn 0.665504 0.690792 0.282686
vn 0.127739 0.990548 -0.049975
vn 0.440873 0.861993 0.250200
vn -0.349713 0.557721 0.752761
vn -0.845115 0.467482 0.259310
vn -0.645536 0.742088 0.180522
vn -0.716534 -0.593828 -0.365988
vn -0.782561 -0.517779 -0.345693
vn -0.721808 -0.483636 -0.495066
vn -0.575533 0.659875 -0.483039
vn -0.561830 0.631814 -0.534002
vn -0.620681 0.623489 -0.475412
vn -0.358305 0.794383 -0.490483
vn -0.284113 0.836052 -0.469358
vn 0.511374 -0.040784 0.858390
vn 0.367993 0.197809 0.908544
vn 0.252485 -0.055187 0.966026
vn 0.415381 0.020273 0.909422
vn 0.705459 -0.150481 0.692591
vn 0.707959 -0.253488 0.659195
vn 0.583228 -0.301550 0.754263
vn -0.991733 -0.015308 -0.127400
vn -0.992304 0.120714 0.027579
vn -0.834074 0.448956 -0.320560
vn -0.861428 0.454494 -0.226665
vn -0.607551 0.761878 -0.224551
vn -0.937975 0.302477 -0.169439
vn -0.211763 -0.396887 -0.893105
vn -0.002955 -0.447133 -0.894463
vn -0.071515 -0.614862 -0.785386
vn -0.550943 -0.194495 -0.811562
vn -0.415575 -0.543765 -0.729121
vn -0.594940 -0.274344 -0.755501
vn -0.889772 -0.334815 0.310169
vn -0.861591 -0.344472 0.372828
vn -0.526867 0.536934 0.658873
vn -0.927229 0.187268 0.324311
vn -0.979181 0.199604 -0.036926
vn -0.894289 0.427011 0.133828
vn -0.867610 0.497095 0.012268
vn -0.949081 0.314589 -0.016719
vn 0.557480 -0.271811 -0.784433
vn 0.454298 -0.398051 -0.796975
vn 0.250461 0.215198 -0.943906
vn 0.303112 0.060701 -0.951020
vn -0.911150 0.401967 -0.090709
vn -0.610828 0.785844 -0.096637
vn 0.564378 0.421439 0.709835
vn 0.504240 0.464191 0.728195
vn 0.621788 0.371561 0.689436
vn 0.567070 -0.364259 -0.738747
vn 0.574667 -0.131564 -0.807743
vn 0.666839 -0.078742 -0.741030
vn 0.663018 -0.183505 -0.725764
vn -0.829949 -0.141770 0.539523
vn -0.259833 -0.963765 -0.060369
vn -0.681931 -0.731183 0.018507
vn -0.526176 -0.850133 0.020303
vn 0.871794 0.483679 0.077653
vn -0.403264 0.537178 0.740822
vn -0.341653 -0.223462 -0.912874
vn -0.167378 0.033671 -0.985318
vn 0.037171 -0.138556 -0.989657
vn -0.521351 0.010364 -0.853279
vn -0.711919 0.004205 -0.702249
vn -0.064656 0.282492 -0.957088
vn -0.037193 0.275875 -0.960474
vn -0.008613 0.909489 -0.415639
vn 0.115874 -0.026213 -0.992918
vn 0.213498 -0.056919 -0.975284
vn 0.121764 -0.290525 -0.949088
vn -0.132899 -0.195947 -0.971567
vn -0.016829 -0.040497 -0.999038
vn -0.472705 0.855604 0.210929
vn -0.450261 0.881693 0.141007
vn -0.474247 0.835355 0.277979
vn -0.360693 0.771240 0.524491
vn 0.096115 -0.922081 0.374871
vn 0.244839 -0.858146 0.451264
vn 0.266738 -0.897024 0.352418
vn 0.965191 0.143918 0.218390
vn 0.956403 0.133899 0.259548
vn 0.995255 -0.017885 0.095643
vn 0.100188 -0.879173 -0.465851
vn 0.360315 -0.843039 -0.399322
vn 0.258063 -0.861265 -0.437751
vn -0.569658 0.523412 0.633664
vn -0.548775 0.602601 0.579412
vn -0.362143 0.879314 0.309290
vn -0.416268 0.807015 0.418865
vn -0.317270 0.868898 0.379942
vn -0.265426 0.921263 0.284294
vn -0.443881 0.319102 0.837343
vn -0.305908 0.294466 0.905378
vn -0.515318 0.287223 0.807434
vn -0.850452 -0.406102 -0.334384
vn -0.938129 -0.261762 -0.226702
vn -0.840710 -0.069853 -0.536962
vn -0.867398 -0.486261 0.105692
vn -0.405237 -0.817072 0.410094
vn -0.502358 -0.732605 0.459267
vn -0.547644 -0.771203 0.324550
vn 0.923244 -0.341756 0.175565
vn -0.551633 -0.240367 -0.798702
vn -0.445861 -0.467759 -0.763157
vn 0.214633 0.611603 0.761495
vn -0.650831 0.074263 0.755582
vn -0.531967 0.133099 0.836239
vn 0.856980 0.485123 -0.173898
vn 0.680346 0.677387 -0.279778
vn 0.787841 0.563756 -0.247964
vn 0.891327 -0.178985 -0.416534
vn 0.925712 -0.016941 -0.377850
vn 0.981011 0.031420 -0.191390
vn -0.281706 0.765106 -0.579012
vn -0.453171 0.673423 -0.584070
vn -0.459060 0.712415 -0.530781
vn -0.203308 0.495113 -0.844706
vn 0.492232 0.482887 0.724243
vn 0.513994 0.412582 0.752055
vn 0.872941 0.473192 0.118588
vn 0.979881 0.191095 0.057588
vn 0.971580 0.220297 0.086614
vn 0.772923 0.157075 -0.614751
vn -0.253039 0.699002 0.668855
vn -0.408127 0.644585 0.646485
vn -0.564441 0.526489 0.635780
vn -0.567773 0.552043 0.610641
vn -0.169004 0.416457 0.893309
vn -0.107893 0.361827 0.925981
vn 0.797749 -0.204208 -0.567358
vn 0.808120 -0.410807 -0.422113
vn 0.670312 -0.420090 -0.611724
vn 0.876419 -0.282427 -0.390031
vn 0.879153 -0.363836 -0.307756
vn 0.490026 -0.383194 -0.782967
vn 0.304640 -0.263920 -0.915173
vn 0.908710 -0.079353 -0.409816
vn 0.884607 -0.344108 -0.314739
vn -0.195389 -0.488376 -0.850477
vn -0.406748 -0.399567 -0.821525
vn 0.225829 -0.531652 -0.816301
vn 0.869632 -0.422343 -0.255668
vn -0.725987 -0.341611 0.596863
vn -0.346739 -0.321608 0.881102
vn -0.909168 0.006412 0.416379
vn -0.378044 -0.487805 -0.786848
vn -0.405239 -0.387804 -0.827882
vn -0.507119 -0.465269 -0.725504
vn 0.653848 0.500830 0.567144
vn -0.991151 0.100994 -0.086141
vn -0.988463 0.147148 0.035886
vn -0.063641 0.997898 -0.012201
vn -0.496918 0.790309 -0.358446
vn -0.660845 0.750131 -0.024247
vn 0.557247 -0.397160 0.729205
vn -0.719904 0.223411 -0.657134
vn -0.746788 -0.231819 -0.623352
vn -0.664727 -0.100010 -0.740362
vn -0.565287 -0.102529 -0.818498
vn 0.778916 0.031131 0.626356
vn -0.480797 -0.696989 0.532016
vn -0.374840 -0.889316 0.261938
vn -0.172822 -0.589362 -0.789168
vn -0.166240 -0.174479 0.970526
vn 0.001534 -0.112509 0.993650
vn -0.250710 -0.236654 0.938690
vn -0.037034 -0.231197 0.972202
vn 0.578894 -0.562946 0.589893
vn 0.123728 -0.811644 -0.570899
vn 0.005460 -0.577181 -0.816598
vn -0.854053 -0.517146 0.056157
vn 0.424272 -0.253791 -0.869243
vn 0.266897 -0.345860 -0.899526
vn 0.197257 -0.292848 -0.935591
vn 0.690901 0.278266 -0.667251
vn -0.318245 -0.534861 -0.782716
vn -0.256300 -0.894483 0.366348
vn 0.918124 -0.011541 0.396125
vn 0.836801 -0.244101 0.490080
vn 0.927988 -0.009992 0.372475
vn 0.691692 -0.233130 0.683530
vn 0.456535 -0.519669 0.722164
vn -0.184050 -0.735164 -0.652426
vn 0.506340 -0.859671 0.067714
vn 0.383449 -0.923438 -0.015124
vn -0.849365 -0.193270 -0.491147
vn -0.928310 -0.061657 -0.366660
vn -0.908553 -0.234021 -0.346071
vn -0.845053 0.486127 0.222634
vn 0.998317 -0.031288 -0.048828
vn -0.030743 -0.416013 -0.908839
vn 0.098540 -0.761967 -0.640075
vn 0.140707 -0.640701 -0.754787
vn 0.403033 -0.563934 -0.720793
vn -0.945427 0.192136 0.263156
vn -0.865217 0.350002 0.359023
vn -0.639606 0.205663 0.740680
vn -0.821050 0.223439 0.525311
vn 0.946230 -0.269348 0.179166
vn 0.687336 0.475178 0.549341
vn 0.660095 0.457380 0.595884
vn 0.665622 0.432009 0.608536
vn 0.020712 -0.415753 -0.909242
vn -0.211600 -0.303958 -0.928889
vn 0.354853 -0.926912 0.122120
vn -0.062030 -0.997655 -0.028913
vn 0.079623 -0.974705 -0.208831
vn 0.308138 -0.589207 0.746918
vn 0.538601 -0.585895 0.605505
vn -0.105758 0.428450 -0.897355
vn -0.326985 -0.103551 -0.939339
vn -0.223264 0.305770 -0.925558
vn -0.569386 0.561640 0.600300
vn -0.604489 0.457505 0.652137
vn -0.854269 -0.510237 0.099414
vn 0.952022 0.086544 0.293539
vn 0.874171 0.248011 -0.417511
vn -0.862803 -0.143554 -0.484730
vn -0.777322 -0.200033 -0.596454
vn -0.593938 -0.030444 -0.803935
vn -0.800455 0.196421 -0.566296
vn -0.944805 -0.299592 -0.132621
vn -0.950665 -0.309556 -0.020275
vn 0.007675 -0.580506 0.814220
vn -0.170892 -0.623705 0.762750
vn 0.085725 0.680593 -0.727629
vn -0.797242 -0.347665 -0.493493
vn -0.162339 0.952341 0.258248
vn 0.312573 0.941701 -0.124488
vn 0.886295 -0.460148 0.052389
vn -0.992775 0.054182 0.107059
vn -0.981409 -0.011304 0.191597
vn -0.500775 -0.463660 0.730920
vn -0.524090 -0.592343 0.611930
vn -0.125240 -0.636186 0.761303
vn -0.889124 -0.242383 0.388212
vn 0.086374 -0.695522 0.713295
vn -0.331098 -0.541589 0.772694
vn 0.856278 -0.303468 0.417966
vn 0.890497 -0.310916 0.332184
vn -0.293026 -0.942479 -0.160840
vn -0.357794 -0.895555 -0.264508
vn 0.669758 -0.220070 0.709221
vn 0.519965 -0.279238 0.807257
vn 0.834174 -0.132353 0.535385
vn 0.348006 -0.904685 0.245839
vn 0.272176 -0.943130 0.190858
vn 0.575010 0.601948 0.554096
vn 0.568421 0.692577 0.444112
vn 0.309036 0.807375 0.502636
vn 0.922636 0.319127 0.216569
vn 0.166288 -0.187851 0.968019
vn -0.164462 0.015367 0.986264
vn -0.025723 -0.180381 0.983260
vn -0.110455 0.993277 0.034660
vn -0.230860 0.961735 0.147549
vn -0.420366 0.510539 0.750095
vn -0.623412 0.367850 0.689959
vn -0.494376 0.758409 0.424745
vn -0.259396 0.951315 0.166473
vn -0.184191 0.894418 0.407542
vn 0.326699 0.856081 0.400490
vn 0.438558 0.862525 0.252424
vn 0.285428 0.920635 0.266387
vn 0.432650 0.732539 0.525547
vn -0.100370 -0.994947 -0.002491
vn -0.193583 -0.951492 -0.239141
vn -0.412648 0.346900 -0.842248
vn -0.279311 0.307578 -0.909605
vn -0.323925 0.387090 -0.863270
vn -0.059843 0.020937 0.997988
vn 0.014480 0.214094 0.976706
vn -0.194965 0.828390 0.525127
vn -0.380990 0.487903 -0.785365
vn -0.530031 0.259166 -0.807403
vn -0.553627 0.257926 -0.791815
vn 0.559050 -0.824059 -0.091593
vn 0.382145 -0.859721 -0.338890
vn 0.548342 -0.805651 -0.224158
vn -0.074418 -0.521071 0.850263
vn 0.497808 -0.648226 0.576186
vn 0.437514 -0.657076 0.613867
vn 0.305628 0.089541 0.947931
vn -0.704784 0.704148 0.086338
vn -0.773540 0.622527 0.118723
vn 0.523834 -0.791496 -0.314852
vn 0.360939 0.136052 -0.922612
vn 0.189921 0.161567 -0.968414
vn 0.118676 0.201179 -0.972339
vn 0.030318 -0.369629 0.928685
vn 0.109578 -0.451644 0.885444
vn 0.591995 0.430697 0.681206
vn 0.124402 -0.983759 0.129393
vn 0.481216 0.835844 0.264189
vn 0.059339 0.797388 0.600543
vn 0.147266 0.776499 0.612668
vn 0.487364 -0.566894 -0.664159
vn 0.589409 -0.531213 -0.608614
vn 0.606291 -0.594227 -0.528494
vn 0.696939 -0.420759 -0.580722
vn 0.795482 0.333119 -0.506202
vn 0.473179 0.775232 -0.418469
vn 0.266105 0.924161 0.274069
vn 0.677698 0.718525 -0.156356
vn -0.494528 0.170446 -0.852285
vn 0.549850 0.005704 0.835244
vn 0.744751 -0.050019 0.665465
vn 0.746082 -0.004312 0.665840
vn 0.746040 0.385217 0.543169
vn 0.881973 0.341186 0.325140
vn 0.867388 0.419931 0.267012
vn 0.003270 0.417208 0.908805
vn 0.127367 0.234567 0.963720
vn -0.393903 0.651522 0.648352
vn -0.227513 0.539287 0.810807
vn 0.032184 0.193558 0.980561
vn -0.052946 -0.803351 -0.593147
vn -0.237359 -0.698931 -0.674653
vn -0.851318 0.222406 -0.475178
vn -0.740916 0.178277 -0.647504
vn -0.870737 0.068778 -0.486915
vn 0.093714 0.910224 -0.403373
vn 0.995873 0.072304 0.054861
vn 0.932325 -0.165877 0.321333
vn 0.956900 -0.025560 0.289290
vn -0.225214 -0.138356 -0.964436
vn -0.985198 -0.167994 -0.034104
vn -0.632698 -0.765519 -0.116941
vn -0.651446 -0.639233 -0.408656
vn -0.230489 -0.839436 -0.492161
vn 0.430476 -0.689068 0.582989
vn 0.948207 -0.007723 0.317558
vn -0.887904 -0.449499 -0.097862
vn -0.529566 -0.673397 0.515845
vn -0.505199 -0.841185 0.192825
vn -0.614051 -0.766784 -0.187040
vn -0.308909 -0.926622 -0.214353
vn -0.052829 -0.974278 -0.219070
vn 0.083127 0.550914 -0.830412
vn 0.233518 0.414928 -0.879377
vn -0.992052 0.089378 -0.088568
vn -0.986402 0.110438 0.121715
vn -0.975025 0.221131 -0.020657
vn 0.949349 -0.313319 -0.023838
vn 0.481541 0.497123 -0.721795
vn 0.613800 0.430260 -0.661911
vn -0.462486 -0.581007 -0.669730
vn -0.337865 -0.478453 -0.810512
vn 0.995987 0.075586 -0.047917
vn 0.974825 -0.202614 -0.093084
vn 0.986643 -0.140292 -0.082783
vn -0.088708 -0.506339 0.857760
vn 0.840256 -0.046141 0.540223
vn 0.998989 -0.028067 -0.035117
vn 0.523378 0.365803 0.769587
vn -0.388300 0.477753 -0.788020
vn 0.420671 0.318610 -0.849426
vn 0.478946 0.300540 -0.824795
vn 0.539589 0.300022 -0.786658
vn 0.474178 0.477235 -0.739866
vn 0.555224 -0.401186 0.728543
vn 0.592322 -0.747373 -0.300980
vn 0.127133 -0.294948 -0.947018
vn -0.054947 -0.559903 -0.826735
vn -0.023132 -0.283671 -0.958643
vn -0.816564 0.154367 -0.556232
vn -0.764628 0.249436 -0.594244
vn 0.987183 0.018829 0.158479
vn 0.651328 0.122916 0.748775
vn -0.219747 -0.079969 0.972274
vn -0.130081 0.202781 -0.970546
vn -0.124924 0.256621 -0.958405
vn -0.019868 0.211757 -0.977120
vn 0.322461 -0.464141 -0.824980
vn 0.186245 -0.465064 -0.865464
vn 0.207656 -0.367296 -0.906627
vn 0.075983 -0.480367 -0.873770
vn 0.034583 0.684933 0.727785
vn 0.146575 0.743621 0.652337
vn -0.009222 0.803611 0.595084
vn 0.972525 0.201683 -0.116269
vn 0.931722 0.062797 0.357701
vn -0.004171 0.875128 0.483873
vn 0.432277 0.399881 -0.808227
vn 0.432828 0.437979 -0.787931
vn 0.188609 0.459236 -0.868060
vn 0.320611 0.527853 -0.786499
vn 0.515686 0.374918 -0.770393
vn -0.237616 -0.360056 -0.902163
vn -0.089670 -0.370522 -0.924485
vn 0.966951 0.089239 0.238837
vn -0.712320 -0.397787 0.578243
vn 0.324602 0.416589 -0.849168
vn 0.930675 0.230001 -0.284506
vn 0.934629 0.299584 -0.191620
vn 0.435891 0.651448 0.620978
vn 0.551365 0.435830 0.711371
vn -0.022032 0.993360 -0.112919
vn 0.102791 0.989277 -0.103755
vn 0.221468 0.970858 -0.091576
vn -0.571669 0.370521 0.732058
vn -0.682084 0.373237 0.628853
vn 0.008002 0.941761 0.336188
vn 0.957171 0.269461 0.105902
vn 0.875586 0.443612 -0.191202
vn -0.157834 -0.454781 -0.876506
vn -0.285286 -0.444535 -0.849117
vn -0.051394 0.008960 0.998638
vn -0.332091 0.471960 0.816682
vn -0.200663 0.644252 0.738020
vn -0.182509 0.177787 0.966997
vn -0.002850 0.338251 0.941052
vn -0.126397 -0.299632 0.945645
vn 0.291840 -0.626586 -0.722647
vn 0.401133 -0.486901 -0.775899
vn 0.942852 -0.144000 0.300489
vn -0.670596 -0.334721 0.662015
vn 0.553734 -0.359717 -0.750987
vn -0.357143 -0.895388 0.265949
vn -0.087430 -0.996062 0.014734
vn -0.282572 0.186083 0.941024
vn 0.066386 -0.423815 -0.903313
vn -0.033930 -0.453858 -0.890428
vn 0.931258 -0.362949 -0.032028
vn 0.382972 0.473953 0.792907
vn 0.436323 0.616686 0.655226
vn -0.741826 0.222062 0.632758
vn -0.913833 0.148909 -0.377804
vn -0.849309 0.380991 0.365405
vn -0.286277 -0.952851 0.100597
vn -0.822104 0.499682 -0.272878
vn -0.576569 0.746582 -0.331938
vn -0.930404 0.137334 -0.339836
vn -0.947523 -0.107169 -0.301189
vn -0.978487 -0.077238 -0.191307
vn -0.967573 -0.215105 -0.132411
vn -0.567965 -0.778759 -0.266365
vn -0.439520 -0.731029 -0.521937
vn 0.584232 -0.677574 -0.446729
vn 0.194969 0.194861 0.961258
vn 0.125172 -0.039037 0.991367
vn 0.411182 0.593472 0.691896
vn -0.998828 -0.017933 0.044955
vn -0.985115 0.083919 0.150018
vn -0.959398 -0.185783 0.212229
vn 0.953043 0.126466 0.275164
vn 0.889353 0.115113 0.442493
vn 0.953276 0.175707 0.245749
vn -0.864077 0.494464 -0.094214
vn -0.144344 0.913480 0.380420
vn 0.092241 0.052332 0.994361
vn 0.898287 -0.246953 0.363449
vn 0.486770 -0.348167 0.801146
vn 0.615710 -0.411590 0.671934
vn 0.687238 -0.423614 0.590131
vn -0.585631 -0.656476 -0.475474
vn -0.361549 -0.799814 -0.479144
vn 0.310372 0.826942 0.468867
vn 0.849457 0.135058 0.510081
vn 0.909992 0.414077 -0.021345
vn 0.898966 -0.437198 0.026790
vn 0.872977 -0.486643 0.033004
vn 0.977071 -0.212328 -0.015811
vn -0.577834 0.465483 0.670397
vn -0.684820 0.434168 0.585252
vn -0.819169 0.375572 0.433484
vn 0.070908 -0.966299 -0.247463
vn -0.069071 -0.955618 -0.286398
vn -0.075281 -0.987920 -0.135449
vn 0.402028 0.172522 0.899227
vn 0.439380 0.422136 0.792935
vn 0.323867 0.363684 0.873410
vn 0.891604 0.064416 -0.448210
vn 0.957883 -0.015739 -0.286726
vn 0.992281 -0.038026 -0.118034
vn 0.450735 0.593562 0.666724
vn 0.780825 0.605156 -0.155239
vn 0.538265 0.831948 -0.134658
vn -0.274179 0.673348 0.686606
vn -0.044704 0.615183 0.787116
vn 0.010499 0.428747 0.903363
vn 0.081658 0.561680 0.823315
vn -0.756399 -0.512692 0.406212
vn -0.823865 -0.197424 0.531291
vn 0.154350 -0.125706 0.979987
vn 0.530100 0.842123 -0.099112
vn 0.345042 -0.471458 -0.811587
vn 0.478542 -0.098837 -0.872484
vn -0.917426 0.112460 0.381684
vn -0.907980 -0.396679 -0.134971
vn 0.193104 0.340390 0.920242
vn 0.421819 0.745090 0.516632
vn 0.362196 0.871937 0.329453
vn -0.048721 -0.985448 0.162843
vn 0.098854 0.709463 -0.697776
vn 0.699034 0.628339 -0.341383
vn 0.704588 0.706433 -0.067147
vn -0.772623 -0.629617 0.081459
vn -0.436304 0.420597 0.795447
vn -0.398541 0.136775 0.906895
vn -0.635581 -0.742814 0.210390
vn -0.628645 -0.769540 0.112310
vn -0.615167 -0.770933 0.165020
vn -0.805361 -0.582959 0.107485
vn -0.567235 0.253584 -0.783544
vn 0.734284 -0.591853 0.332471
vn 0.074650 -0.897953 0.433715
vn 0.619665 -0.518853 0.588903
vn 0.394335 -0.881214 -0.260696
vn 0.469200 0.741977 -0.478875
vn -0.518568 0.546478 0.657609
vn -0.116861 0.448924 0.885896
vn -0.161612 0.700473 0.695139
vn -0.626632 0.394419 0.672136
vn 0.540209 0.451724 0.710014
vn 0.220976 0.476051 0.851202
vn -0.669030 -0.571311 -0.475398
vn -0.565031 -0.625703 -0.537807
vn 0.020082 0.288944 0.957135
vn 0.015590 -0.276888 0.960776
vn -0.057738 -0.449013 0.891658
vn -0.528404 0.738597 -0.418645
vn 0.123431 -0.701491 -0.701908
vn -0.932071 -0.355604 0.069203
vn 0.455588 0.890035 -0.016640
vn 0.184119 -0.503819 0.843959
vn 0.773051 0.593718 0.223363
vn 0.798995 0.593851 0.094590
vn 0.736543 0.661650 0.140441
vn 0.786003 0.555804 0.270705
vn 0.855020 0.488831 0.173165
vn 0.829360 0.479696 0.286449
vn -0.221290 0.464668 -0.857388
vn -0.185641 0.320946 -0.928726
vn -0.065101 0.319913 -0.945208
vn -0.427158 -0.903813 -0.025658
vn -0.790193 -0.514479 -0.333026
vn -0.033402 -0.993246 0.111113
vn -0.812587 -0.387997 0.434927
vn -0.720441 -0.654053 0.230607
vn -0.391159 -0.239918 0.888501
vn -0.341679 0.908155 -0.241888
vn -0.772042 -0.572491 -0.276051
vn -0.922065 -0.266132 -0.281015
vn -0.587837 -0.405901 -0.699779
vn -0.548374 -0.556361 -0.624298
vn 0.049092 0.236734 -0.970333
vn -0.961111 0.275491 0.019265
vn -0.832727 -0.509632 -0.216429
vn 0.138517 -0.746666 -0.650617
vn 0.315460 -0.728582 -0.607991
vn 0.142933 -0.846656 -0.512586
vn 0.988149 0.153476 -0.002538
vn 0.904652 0.353712 -0.237684
vn 0.614436 0.170069 0.770418
vn -0.515345 0.292046 -0.805686
vn -0.551177 0.330621 -0.766090
vn -0.547266 0.380781 -0.745323
vn 0.336523 0.582388 -0.739984
vn 0.236950 0.594690 -0.768244
vn 0.930899 0.273289 -0.242365
vn 0.868596 -0.148639 -0.472701
vn 0.969950 -0.183543 -0.159715
vn 0.955954 -0.285762 0.067030
vn -0.190143 0.178204 0.965448
vn -0.339559 0.396493 0.852932
vn -0.349797 0.517325 0.781036
vn 0.066107 -0.473117 0.878516
vn 0.389747 -0.483184 0.783984
vn 0.133411 -0.463456 0.876020
vn 0.624126 -0.754095 -0.204469
vn -0.842942 0.375954 0.384846
vn -0.923288 0.287476 0.254749
vn -0.924427 -0.044229 0.378785
vn 0.930489 0.083401 0.356701
vn 0.777700 0.193138 -0.598231
vn 0.991337 -0.042601 -0.124241
vn 0.886166 0.197270 -0.419279
vn -0.805321 -0.362849 -0.468827
vn 0.935029 -0.338885 -0.104297
vn 0.478168 -0.384348 -0.789704
vn -0.786380 -0.528522 0.319797
vn 0.339813 0.574010 0.745010
vn -0.775297 0.629872 -0.046645
vn -0.798991 0.569487 -0.193128
vn -0.840458 0.541805 0.008854
vn 0.383563 -0.304652 0.871818
vn 0.810643 -0.553326 -0.191543
vn 0.964123 -0.165939 -0.207197
vn 0.413704 -0.429369 -0.802802
vn -0.517699 -0.453086 0.725742
vn -0.327330 -0.595858 0.733354
vn -0.385769 -0.615425 0.687339
vn -0.863825 -0.415525 0.284861
vn -0.868213 0.157206 0.470629
vn -0.861368 0.156771 0.483185
vn -0.756584 0.305224 0.578290
vn -0.235873 -0.126903 0.963462
vn 0.161859 -0.214181 0.963290
vn -0.841004 -0.540644 0.020421
vn -0.934606 -0.353960 -0.034975
vn 0.324949 -0.901550 -0.285685
vn -0.333779 0.582765 0.740929
vn 0.513313 0.274970 -0.812958
vn 0.386750 0.369134 -0.845082
vn -0.640318 0.364657 0.676031
vn -0.698306 0.341002 0.629354
vn -0.764773 0.288332 0.576183
vn -0.777380 0.272461 0.566961
vn -0.934906 -0.336688 -0.112215
vn -0.874757 -0.475623 -0.092647
vn -0.979693 -0.194875 -0.047171
vn 0.325461 0.407856 0.853070
vn -0.822458 0.553479 0.131242
vn -0.762014 0.610720 0.215306
vn 0.258169 -0.964445 -0.056524
vn 0.831485 0.402749 0.382658
vn 0.880042 0.054836 0.471718
vn 0.107917 -0.400904 -0.909742
vn 0.879302 0.227377 0.418484
vn 0.559510 -0.816112 0.144603
vn 0.368557 -0.928987 -0.033893
vn 0.981542 -0.177686 0.070729
vn 0.116689 0.939038 0.323408
vn 0.594873 0.801832 -0.056501
vn 0.584480 0.784509 0.207191
vn -0.654342 0.486674 -0.578779
vn -0.748133 0.392396 -0.535091
vn 0.393667 0.916421 -0.072103
vn 0.231315 0.947592 0.220368
vn 0.998504 0.031006 -0.045045
vn -0.865035 0.202322 -0.459108
vn -0.625334 0.330131 -0.707086
vn -0.654090 0.326087 -0.682520
vn -0.581864 0.425053 -0.693372
vn -0.634163 0.236246 -0.736224
vn -0.023156 0.781286 -0.623744
vn -0.101379 0.647636 -0.755175
vn 0.937822 -0.347037 0.007377
vn 0.970636 -0.237611 -0.037497
vn -0.862601 -0.486191 -0.139782
vn -0.287850 0.427007 -0.857209
vn -0.000994 0.428400 -0.903589
vn 0.703100 -0.201335 0.681993
vn -0.056091 0.493611 -0.867872
vn -0.103116 0.503655 -0.857729
vn 0.386880 0.059295 0.920222
vn 0.567528 0.120274 0.814522
vn 0.649850 0.207438 0.731207
vn -0.397900 0.770138 0.498562
vn 0.373208 0.419060 -0.827711
vn 0.985860 -0.161326 -0.045312
vn 0.928772 -0.367195 -0.050503
vn -0.667578 0.722695 -0.179031
vn -0.698290 0.712370 -0.070147
vn -0.224236 -0.584004 -0.780165
vn 0.403551 -0.908515 -0.108383
vn 0.310411 -0.924206 0.222458
vn -0.612930 -0.520584 0.594399
vn -0.822924 0.431746 0.369312
vn -0.217048 0.949571 0.226287
vn -0.483666 0.508552 0.712350
vn -0.533992 0.691792 0.486083
vn 0.808535 -0.572315 0.136843
vn 0.984096 0.177612 -0.003139
vn 0.985130 -0.142274 0.096315
vn 0.976421 -0.187657 0.106714
vn 0.543534 0.409010 0.732995
vn 0.630595 0.387949 0.672195
vn -0.316536 0.514613 -0.796856
vn -0.234084 0.528870 -0.815783
vn 0.471011 0.370843 -0.800390
vn 0.447004 0.488026 -0.749679
vn -0.331999 0.328094 0.884382
vn -0.155437 0.449068 0.879873
vn -0.303181 0.455233 0.837164
vn -0.076143 -0.748412 0.658849
vn 0.025649 -0.884365 0.466090
vn 0.796851 0.251731 0.549235
vn 0.433474 -0.164274 0.886067
vn 0.740060 0.263855 0.618621
vn 0.771237 0.223258 0.596112
vn -0.376531 0.684335 -0.624427
vn -0.279948 0.482435 -0.829991
vn -0.270704 0.563886 -0.780226
vn -0.519585 0.506113 -0.688390
vn 0.052299 0.504530 0.861809
vn -0.065250 0.565789 0.821964
vn -0.915716 0.400843 0.028080
vn 0.800773 -0.139290 -0.582547
vn 0.825028 -0.066263 -0.561194
vn -0.858488 0.511330 0.039252
vn -0.988518 0.132783 0.072110
vn -0.214817 0.976647 0.003807
vn -0.149896 0.341309 -0.927922
vn 0.046282 0.437850 -0.897856
vn 0.465359 0.333217 -0.820004
vn 0.802152 0.218608 -0.555664
vn 0.492897 0.788822 0.367167
vn -0.962261 0.252090 -0.102493
vn -0.605162 -0.174877 -0.776658
vn -0.496458 -0.436615 -0.750265
vn -0.558650 -0.419944 -0.715232
vn -0.386323 -0.565732 -0.728492
vn 0.874407 -0.451910 -0.176609
vn -0.717427 0.403019 0.568220
vn -0.548085 0.490480 0.677519
vn 0.996221 0.081120 -0.031037
vn -0.406761 0.744223 0.529791
vn -0.315834 0.521954 0.792346
vn 0.018038 0.716547 -0.697306
vn 0.662964 0.006649 -0.748621
vn 0.509530 0.570469 -0.644162
vn 0.826856 0.296614 -0.477838
vn 0.703712 -0.308170 -0.640172
vn 0.552233 0.207756 -0.807389
vn -0.875449 -0.036373 0.481941
vn -0.977818 -0.116948 -0.173767
vn 0.700821 0.167347 0.693430
vn -0.090511 -0.633570 -0.768372
vn -0.274408 -0.676471 -0.683437
vn 0.144658 -0.145819 0.978678
vn 0.175467 -0.024478 0.984181
vn 0.299327 -0.283194 0.911156
vn 0.039580 -0.996416 -0.074756
vn 0.138027 -0.971814 -0.191119
vn -0.287306 -0.308750 0.906713
vn 0.021349 0.972580 -0.231587
vn 0.568745 -0.774274 0.277541
vn -0.108411 0.533136 0.839055
vn 0.311703 -0.114809 0.943218
vn -0.555499 -0.336919 0.760202
vn -0.397021 0.367017 -0.841233
vn -0.539533 0.044473 -0.840789
vn -0.557045 0.125057 -0.821012
vn 0.585707 0.648910 -0.485658
vn 0.621084 0.511572 -0.593759
vn 0.155762 -0.177177 0.971775
vn -0.623199 0.300858 0.721878
vn -0.222232 0.622698 -0.750240
vn -0.342549 0.222551 0.912760
vn -0.847317 0.530956 -0.011847
vn -0.037015 0.989158 0.142114
vn -0.533582 0.844442 -0.046995
vn 0.595613 0.235642 0.767931
vn -0.585940 -0.621617 0.519871
vn 0.470607 -0.438472 0.765684
vn -0.002356 -0.237632 0.971353
vn -0.553898 -0.308297 -0.773402
vn -0.012349 -0.999863 -0.010985
vn 0.100570 -0.994757 0.018569
vn 0.011719 -0.998727 0.049057
vn -0.936736 0.141663 0.320089
vn 0.020763 0.016733 0.999644
vn 0.169750 0.166193 0.971373
vn -0.527448 -0.727738 -0.438402
vn 0.214479 0.909593 0.355864
vn 0.341119 0.908665 0.240761
vn 0.059535 -0.943740 -0.325284
vn 0.130992 -0.888995 -0.438782
vn -0.417756 0.594575 -0.686994
vn -0.193138 0.155509 -0.968770
vn -0.505952 0.517289 0.690235
vn -0.530351 0.660176 0.531879
vn -0.595997 -0.225690 0.770617
vn -0.445691 -0.338212 0.828838
vn -0.387306 -0.477745 0.788513
vn 0.645250 0.731310 0.220991
vn 0.707001 0.634012 0.313336
vn 0.632696 0.091374 -0.768991
vn 0.125940 0.040552 -0.991209
vn 0.003909 -0.927590 0.373580
vn -0.372427 -0.758539 -0.534712
vn -0.606871 -0.486294 -0.628669
vn 0.660697 0.476987 -0.579623
vn -0.264189 0.899585 -0.347779
vn 0.747828 0.336880 0.572071
vn -0.895253 -0.416484 -0.158311
vn -0.605093 0.794653 -0.048873
vn -0.978170 0.170301 -0.119081
vn -0.026356 -0.383665 0.923096
vn 0.423460 -0.464769 0.777606
vn 0.250358 -0.668686 0.700129
vn 0.121481 -0.722923 0.680166
vn -0.496710 0.521390 0.693853
vn 0.029575 0.769926 0.637447
vn 0.490260 -0.854151 0.173411
vn -0.943804 -0.308305 -0.119091
vn -0.988971 -0.067587 -0.131792
vn 0.331579 -0.397734 0.855490
vn 0.342990 -0.325752 0.881047
vn -0.230626 -0.340094 -0.911673
vn -0.518779 0.361624 -0.774659
vn -0.904322 0.328680 -0.272344
vn -0.855510 0.447591 -0.260317
vn -0.584941 0.203495 0.785133
vn 0.338005 0.939205 -0.060394
vn 0.093511 -0.220924 0.970798
vn -0.256866 -0.832312 0.491200
vn 0.299745 -0.829659 0.470976
vn 0.731982 0.251490 0.633211
vn -0.492031 -0.250884 0.833644
vn 0.646112 -0.359460 0.673296
vn -0.999728 -0.016943 -0.016019
vn 0.699547 0.414420 0.582142
vn 0.946904 0.138132 -0.290332
vn 0.911159 0.011214 -0.411903
vn 0.193028 0.424546 -0.884591
vn 0.067504 0.513464 -0.855452
vn -0.977384 0.021182 -0.210407
vn -0.990635 0.089725 -0.102922
vn -0.999876 0.014401 0.006380
vn -0.993361 -0.036958 -0.108936
vn -0.601917 0.358022 -0.713804
vn -0.917176 0.240686 -0.317584
vn -0.404442 -0.367436 0.837507
vn -0.092480 -0.895895 0.434533
vn 0.129323 -0.321423 -0.938063
vn -0.400843 0.201034 -0.893818
vn -0.200310 0.484791 0.851384
vn 0.499639 -0.485732 -0.717235
vn -0.972683 0.230109 0.030617
vn -0.946447 0.314562 -0.072719
vn -0.354329 0.474829 0.805598
vn -0.656096 -0.743750 -0.127966
vn 0.496933 -0.755913 -0.426208
vn -0.390079 -0.786445 0.478898
vn -0.140636 -0.869680 0.473158
vn 0.269830 -0.821007 0.503129
vn 0.419770 0.543175 -0.727155
vn 0.540393 0.531977 0.651902
vn 0.238598 0.695911 0.677332
vn 0.311670 0.338434 0.887876
vn 0.306938 0.798767 0.517456
vn 0.296248 0.382076 0.875360
vn -0.245566 0.435825 -0.865883
vn -0.525336 0.338820 -0.780527
vn -0.905480 -0.417216 -0.077694
vn 0.173839 0.584564 0.792506
vn 0.561389 0.233033 0.794065
vn 0.296985 0.750245 0.590705
vn -0.978264 -0.137230 -0.155457
vn 0.399692 0.470683 0.786578
vn -0.202642 -0.959678 0.194818
vn -0.431961 -0.157196 -0.888088
vn 0.915589 0.107467 -0.387490
vn 0.941008 0.229132 -0.249004
vn 0.806330 0.039653 -0.590135
vn -0.726482 0.261379 0.635535
vn -0.462224 -0.014602 0.886643
vn 0.407383 0.020097 0.913036
vn 0.704236 0.394307 0.590401
vn 0.520441 0.558053 0.646312
vn 0.085753 -0.642265 -0.761671
vn -0.529967 -0.303261 -0.791939
vn -0.527525 -0.369054 -0.765191
vn -0.388681 0.915643 -0.102593
vn 0.350922 0.301357 -0.886588
vn 0.116188 -0.600979 0.790775
vn 0.624570 -0.271535 -0.732244
vn 0.427004 -0.417910 -0.801885
vn -0.121035 0.752109 0.647830
vn -0.309229 -0.926288 0.215332
vn -0.809777 -0.046391 0.584900
vn -0.041265 -0.118468 -0.992100
vn -0.679552 -0.086725 0.728484
vn -0.386788 0.401375 -0.830237
vn -0.224026 0.564416 -0.794510
vn -0.078206 0.494999 -0.865367
vn 0.374109 0.342759 -0.861718
vn 0.198329 0.413420 -0.888679
vn 0.301370 0.704974 -0.642018
vn 0.150399 0.611744 -0.776627
vn 0.309382 -0.268614 0.912211
vn 0.001951 -0.372637 0.927975
vn -0.891707 -0.206268 -0.402881
vn 0.048744 0.493523 -0.868366
vn 0.159562 0.461260 -0.872800
vn 0.283955 0.421155 -0.861393
vn 0.346718 0.486948 -0.801666
vn 0.284593 -0.147450 -0.947241
vn 0.449206 -0.324764 0.832312
vn 0.730440 0.441911 -0.520742
vn -0.653719 -0.346650 -0.672671
vn 0.181499 0.959818 0.214028
vn -0.390804 -0.511549 0.765238
vn -0.319992 -0.326992 0.889202
vn -0.215269 -0.187065 0.958471
vn 0.208696 0.168814 0.963301
vn -0.973956 -0.182676 -0.134310
vn -0.393774 0.601529 -0.695058
vn -0.728173 0.681779 -0.070297
vn -0.839548 -0.126105 -0.528447
vn -0.804822 -0.358265 -0.473189
vn -0.920318 0.390827 -0.016414
vn -0.977717 0.015584 -0.209347
vn -0.915731 0.385589 0.112954
vn -0.832855 0.538527 0.127830
vn -0.388655 0.827704 0.404788
vn 0.333498 0.068867 0.940232
vn 0.822218 -0.547811 -0.154471
vn -0.533616 0.509072 -0.675352
vn -0.550563 0.553831 -0.624621
vn -0.421750 0.184775 0.887685
vn 0.941164 -0.311043 0.132146
vn -0.786597 0.320298 0.527896
vn -0.024455 0.454426 -0.890449
vn -0.984229 -0.176191 -0.015802
vn -0.983625 -0.177347 0.032104
vn -0.198769 -0.687222 0.698725
vn 0.291616 -0.243992 0.924893
vn -0.392138 -0.576064 0.717202
vn -0.716411 0.408190 -0.565806
vn 0.935885 0.255115 0.242974
vn 0.507645 0.703189 0.497817
vn -0.934382 -0.341011 -0.103165
vn -0.574813 -0.555222 0.601098
vn 0.227758 0.462976 0.856609
vn 0.047024 0.397937 0.916207
vn -0.381379 0.902506 -0.200084
vn -0.460053 0.301646 0.835082
vn 0.023116 -0.014375 0.999629
vn 0.859598 0.481357 0.171428
vn -0.242701 -0.403243 0.882322
vn -0.415716 -0.248206 0.874971
vn -0.594997 -0.212862 0.775028
vn -0.011848 -0.453717 0.891067
vn 0.579105 -0.762745 0.287851
vn 0.589477 -0.704224 0.395707
vn 0.260427 0.343359 0.902376
vn 0.963281 0.268461 -0.004330
vn -0.708957 0.519700 -0.476751
vn -0.632301 -0.713361 -0.302177
vn 0.061846 0.507663 -0.859333
vn 0.150594 0.276805 -0.949053
vn 0.747281 0.023874 -0.664080
vn 0.629595 -0.066537 -0.774069
vn 0.990325 0.038323 0.133369
vn -0.175662 -0.940525 0.290783
vn -0.419331 -0.791665 0.444329
vn 0.760792 0.014931 -0.648824
vn -0.187195 0.154387 0.970115
vn -0.513360 0.853683 0.087674
vn -0.950583 0.058114 -0.304985
vn -0.937167 0.101468 -0.333801
vn -0.829337 -0.254242 0.497556
vn -0.760457 -0.308984 0.571169
vn -0.265958 -0.825936 0.497088
vn -0.971766 0.209406 -0.108721
vn -0.971271 0.161216 -0.175050
vn -0.953041 0.285917 -0.099826
vn -0.908958 0.280752 -0.308177
vn 0.439169 -0.460273 -0.771544
vn 0.600692 -0.360656 -0.713510
vn 0.246587 -0.362593 0.898733
vn 0.045683 -0.235587 0.970779
vn 0.759701 0.225912 0.609770
vn -0.510906 -0.675831 0.531250
vn 0.820248 0.279210 0.499234
vn 0.680258 0.523437 0.513091
vn -0.742086 0.452459 0.494559
vn -0.230630 -0.228248 0.945893
vn 0.981598 -0.010721 0.190658
vn -0.933610 0.004761 0.358260
vn -0.855384 -0.037257 0.516652
vn -0.724523 -0.208796 0.656865
vn 0.972473 -0.208274 0.104490
vn 0.900282 -0.339226 0.272797
vn 0.823439 -0.105591 0.557493
vn 0.965079 0.092985 -0.244901
vn 0.982106 -0.063736 -0.177217
vn 0.924705 -0.202584 -0.322304
vn 0.962063 -0.237041 -0.135077
vn -0.342944 -0.494217 -0.798836
vn 0.083210 0.223748 -0.971089
vn 0.368538 -0.367960 -0.853689
vn -0.579756 0.139599 0.802743
vn 0.375251 -0.617798 -0.691023
vn 0.506766 -0.560781 -0.654763
vn -0.993953 -0.013556 0.108969
vn 0.868081 0.480784 -0.123620
vn 0.689761 0.711981 -0.131580
vn 0.239607 -0.105995 -0.965067
vn 0.266852 -0.587969 0.763598
vn 0.473215 -0.561435 0.678865
vn -0.975117 -0.210720 -0.068879
vn -0.996200 -0.067499 -0.055044
vn -0.628858 0.426774 0.649925
vn -0.923971 0.290936 -0.248263
vn -0.889382 0.238828 -0.389821
vn 0.987040 0.002339 -0.160460
vn -0.490859 -0.764967 -0.416992
vn 0.523222 0.697171 0.490093
vn -0.759266 -0.640092 -0.117465
vn 0.847924 0.010393 0.530016
vn -0.412951 -0.902806 0.120053
vn -0.825093 0.392396 0.406505
vn -0.911276 0.395180 -0.115796
vn -0.737232 -0.520523 0.430749
vn 0.702204 0.153052 -0.695331
vn 0.872615 0.199201 -0.445941
vn 0.048720 -0.875281 -0.481154
vn 0.415950 -0.323898 -0.849750
vn 0.074978 -0.749544 -0.657695
vn 0.074709 0.665946 -0.742250
vn 0.767154 -0.566421 0.301067
vn 0.375656 -0.784831 0.492872
vn -0.739326 0.568681 -0.360552
vn -0.473501 0.473891 0.742444
vn 0.189662 0.723374 0.663896
vn 0.254163 0.718231 0.647723
vn -0.636243 0.197220 -0.745855
vn -0.945261 -0.325898 -0.016506
vn 0.703626 0.699127 0.127013
vn -0.980235 -0.157741 0.119407
vn -0.497797 -0.540389 0.678364
vn 0.854802 0.158796 0.494062
vn -0.492389 0.662288 0.564737
vn 0.810676 0.242373 0.532972
vn -0.266164 0.498069 -0.825278
vn -0.628139 -0.719699 0.295762
vn 0.895670 0.406943 0.179370
vn -0.969972 -0.194366 0.146205
vn 0.528824 0.742514 -0.411118
vn -0.379434 -0.377523 -0.844693
vn -0.181123 -0.900097 0.396258
vn -0.062307 -0.992120 0.108704
vn -0.107723 -0.668128 -0.736207
vn 0.161106 -0.357451 0.919931
vn -0.013329 0.738182 -0.674470
vn 0.105961 0.578546 -0.808738
vn 0.232889 0.351258 0.906852
vn 0.368887 0.627689 -0.685513
vn 0.179277 0.787293 -0.589940
vn 0.062215 0.983176 0.171740
vn 0.347716 0.842089 0.412286
vn 0.682544 0.314025 -0.659941
vn -0.971408 0.237350 -0.005670
vn -0.976115 0.216451 -0.018645
vn 0.075978 -0.544595 -0.835250
vn 0.977119 0.193918 0.087374
vn 0.938069 -0.323352 -0.124376
vn 0.886115 0.125078 -0.446269
vn 0.857284 -0.469179 0.211981
vn 0.866489 -0.068701 0.494446
vn 0.381509 0.630004 0.676421
vn -0.730448 -0.682960 0.003322
vn 0.394973 0.833569 0.386212
vn -0.612039 0.545480 -0.572590
vn 0.821648 -0.246669 -0.513857
vn 0.894685 0.438571 0.084816
vn -0.934317 0.135712 0.329596
vn 0.933816 -0.314569 -0.170395
vn 0.712719 0.357908 -0.603269
vn 0.987207 0.141542 0.073411
vn 0.063828 0.248923 -0.966418
vn 0.989479 0.116248 -0.086124
vn -0.903749 -0.216420 0.369323
vn -0.884428 -0.278299 0.374616
vn 0.969508 0.235803 -0.066718
vn 0.958480 0.283680 0.028999
vn 0.352762 0.514383 0.781645
vn 0.282205 0.452181 0.846104
vn -0.756149 -0.322859 -0.569211
vn -0.937340 0.101843 0.333199
vn -0.328205 0.671454 0.664403
vn 0.403840 0.087549 0.910631
vn -0.321154 -0.351623 0.879330
vn 0.490842 -0.452996 0.744224
vn -0.166392 0.511894 0.842780
vn -0.718036 0.426851 0.549747
vn -0.243130 -0.969281 0.037170
vn 0.985337 -0.096976 0.140382
vn 0.969709 -0.236003 0.062982
vn 0.914865 -0.340461 0.217046
vn -0.092874 0.613792 -0.783986
vn -0.510614 0.116131 0.851931
vn 0.194975 0.127693 0.972461
vn 0.376240 -0.799665 -0.467953
vn -0.376241 0.568329 -0.731741
vn 0.884082 0.419809 -0.205326
vn 0.745433 0.362735 0.559243
vn -0.375179 -0.653098 0.657803
vn 0.505011 -0.669130 0.545187
vn 0.441337 -0.568654 0.694158
vn -0.412812 0.767471 0.490484
vn 0.143724 0.017849 0.989457
vn -0.984456 0.030505 -0.172963
vn -0.879012 -0.028929 -0.475921
vn 0.507677 -0.248715 0.824867
vn 0.642640 0.707825 -0.293254
vn 0.910703 0.407742 -0.066083
vn 0.837684 0.544840 0.037880
vn -0.124410 -0.567244 0.814098
vn -0.217813 0.739743 0.636661
vn 0.057497 -0.394938 0.916907
vn 0.009948 -0.041712 0.999080
vn -0.111889 -0.594220 -0.796482
vn 0.771659 0.250539 0.584613
vn 0.026579 0.146394 -0.988869
vn -0.258343 0.192374 -0.946705
vn -0.557288 0.786311 -0.266730
vn -0.017121 -0.199602 0.979728
vn -0.217350 -0.976065 -0.007479
vn 0.980334 0.133843 -0.145024
vn 0.674079 -0.285705 0.681168
vn 0.231465 -0.267171 0.935438
vn -0.883963 -0.423072 0.199049
vn -0.410387 0.142073 -0.900776
vn -0.521482 0.680101 0.515285
vn 0.983549 0.180463 -0.008025
vn -0.340825 -0.315439 0.885628
vn -0.476224 -0.484266 0.733961
vn 0.173677 -0.142577 0.974427
vn -0.181769 -0.300128 0.936421
vn -0.597161 0.472339 0.648302
vn 0.315670 -0.879821 0.355341
s 1
g Ghoststatue:Group25908 Ghoststatue:Group25908 Ghoststatue:GhostStatueLow_obj
f 1/1/1 2/2/2 3/3/3
s 2
f 4/4/4 5/5/5 6/6/6
s 1
f 7/7/7 8/8/8 9/9/9
s 4
f 10/10/10 11/11/11 12/12/12
f 13/13/13 14/14/14 15/15/15
s 6
f 16/16/16 17/17/17 18/18/18
s 7
f 19/19/19 20/20/20 21/21/21
s 8
f 22/22/22 23/23/23 24/24/24
s 2
f 25/25/25 26/26/26 27/27/27
s 7
f 28/28/28 29/29/29 30/30/30
s 2
f 31/31/31 32/32/32 33/33/33
f 34/34/34 35/35/35 36/36/36
s 7
f 37/37/37 38/38/38 39/39/39
s 2
f 40/40/40 41/41/41 42/42/42
f 43/43/43 44/44/44 45/45/45
f 46/46/46 47/47/47 48/48/48
f 49/49/49 50/50/50 51/51/51
f 52/52/52 53/53/53 54/54/54
f 55/55/55 56/56/56 57/57/57
f 58/58/58 59/59/59 60/60/60
f 61/61/61 62/62/62 63/63/63
f 64/64/64 65/65/65 66/66/66
s 7
f 67/67/67 68/68/68 69/69/69
s 2
f 70/70/70 71/71/71 72/72/72
s 7
f 68/68/68 73/73/73 74/74/74
s 2
f 75/75/75 76/76/76 77/77/77
f 78/78/78 79/79/79 80/80/80
f 81/81/81 82/82/82 83/83/83
f 84/84/84 85/85/85 86/86/86
f 87/87/87 88/88/88 89/89/89
f 90/90/90 91/91/91 92/92/92
f 93/93/93 94/94/94 95/95/95
f 96/96/96 97/97/97 98/98/98
f 99/99/99 100/100/100 101/101/101
f 102/102/102 103/103/103 104/104/104
s 7
f 105/105/105 106/106/106 107/107/107
s 2
f 108/108/108 109/109/109 110/110/110
f 111/111/111 112/112/112 113/113/113
f 114/114/114 115/115/115 116/116/116
s 7
f 117/117/117 118/118/118 119/119/119
s 2
f 120/120/120 121/121/121 122/122/122
s 7
f 123/123/123 124/124/124 125/125/125
s 2
f 126/126/126 127/127/127 128/128/128
f 129/129/129 130/130/130 131/131/131
s 7
f 132/132/132 133/133/133 134/134/134
s 46
f 135/135/135 136/136/136 137/137/137
s 7
f 138/138/138 139/139/139 140/140/140
s 2
f 141/141/141 142/142/142 143/143/143
s 46
f 144/144/144 145/145/145 146/146/146
f 147/147/147 148/148/148 149/149/149
s 7
f 150/150/150 151/151/151 152/152/152
s 2
f 153/153/153 154/154/154 155/155/155
s 7
f 156/156/156 157/157/157 158/158/158
f 159/159/159 160/160/160 161/161/161
s 2
f 162/162/162 163/163/163 164/164/164
f 165/165/165 166/166/166 167/167/167
s 7
f 168/168/168 169/169/169 170/170/170
s 2
f 171/171/171 172/172/172 173/173/173
f 174/174/174 175/175/175 176/176/176
f 177/177/177 178/178/178 179/179/179
s 7
f 180/180/180 181/181/181 182/182/182
f 183/183/183 184/184/184 185/185/185
s 2
f 186/186/186 187/187/187 188/188/188
f 189/189/189 190/190/190 191/191/191
f 192/192/192 193/193/193 194/194/194
f 195/195/195 196/196/196 197/197/197
f 198/198/198 199/199/199 200/200/200
f 201/201/201 202/202/202 203/203/203
f 204/204/204 205/205/205 206/206/206
f 207/207/207 208/208/208 209/209/209
s 7
f 210/210/210 211/211/211 212/212/212
s 2
f 213/213/213 214/214/214 215/215/215
f 203/203/203 216/216/216 217/217/217
f 218/218/218 219/219/219 220/220/220
s 7
f 221/221/221 222/222/222 223/223/223
f 224/224/224 225/225/225 226/226/226
f 227/227/227 228/228/228 229/229/229
s 2
f 230/230/230 231/231/231 232/232/232
f 233/233/233 234/234/234 235/235/235
f 236/236/236 237/237/237 238/238/238
s 46
f 239/239/239 240/240/240 241/241/241
f 242/242/242 243/243/243 244/244/244
s 7
f 245/245/245 246/246/246 247/247/247
f 248/248/248 249/249/249 250/250/250
s 2
f 104/104/104 251/251/251 102/102/102
f 252/252/252 253/253/253 254/254/254
f 255/255/255 256/256/256 257/257/257
f 258/258/258 259/259/259 260/260/260
f 261/261/261 262/262/262 263/263/263
f 264/264/264 265/265/265 114/114/114
f 266/266/266 267/267/267 268/268/268
s 7
f 269/269/269 270/270/270 271/271/271
s 2
f 272/272/272 273/273/273 274/274/274
f 275/275/275 48/48/48 47/47/47
f 276/276/276 165/165/165 167/167/167
f 277/277/277 278/278/278 279/279/279
s 7
f 280/280/280 281/281/281 282/282/282
f 283/283/283 284/284/284 285/285/285
f 286/286/286 287/287/287 288/288/288
f 289/289/289 290/290/290 291/291/291
s 2
f 292/292/292 293/293/293 294/294/294
f 165/165/165 295/295/295 166/166/166
s 46
f 296/296/296 297/297/297 298/298/298
s 2
f 299/299/299 300/300/300 301/301/301
f 302/302/302 303/303/303 304/304/304
f 305/305/305 306/306/306 307/307/307
s 7
f 308/308/308 309/309/309 310/310/310
f 311/311/311 312/312/312 313/313/313
s 2
f 314/314/314 315/315/315 316/316/316
f 317/317/317 318/318/318 319/319/319
s 7
f 249/249/249 320/320/320 250/250/250
s 2
f 321/321/321 322/322/322 323/323/323
s 46
f 324/324/324 325/325/325 326/326/326
s 7
f 327/327/327 328/328/328 329/329/329
s 109
f 330/330/330 331/331/331 332/332/332
s 2
f 333/333/333 334/334/334 335/335/335
f 321/321/321 336/336/336 337/337/337
s 7
f 338/338/338 339/339/339 340/340/340
f 19/19/19 341/341/341 342/342/342
f 343/343/343 344/344/344 345/345/345
s 109
f 346/346/346 347/347/347 348/348/348
f 349/349/349 350/350/350 351/351/351
s 7
f 271/271/271 270/270/270 352/352/352
f 353/353/353 354/354/354 355/355/355
f 356/356/356 357/357/357 358/358/358
s 2
f 359/359/359 360/360/360 361/361/361
f 219/219/219 362/362/362 363/363/363
f 364/364/364 40/40/40 42/42/42
s 7
f 365/365/365 366/366/366 367/367/367
f 368/368/368 369/369/369 370/370/370
s 2
f 371/371/371 372/372/372 373/373/373
f 371/371/371 373/373/373 374/374/374
f 375/375/375 376/376/376 377/377/377
f 378/378/378 379/379/379 380/380/380
s 7
f 381/381/381 382/382/382 383/383/383
f 138/138/138 384/384/384 139/139/139
s 2
f 385/385/385 386/386/386 387/387/387
f 388/388/388 389/389/389 390/390/390
f 391/391/391 392/392/392 393/393/393
f 394/394/394 395/395/395 396/396/396
f 397/397/397 301/301/301 300/300/300
f 398/398/398 399/399/399 400/400/400
s 7
f 401/401/401 402/402/402 403/403/403
s 2
f 404/404/404 405/405/405 406/406/406
s 7
f 407/407/407 408/408/408 409/409/409
f 410/410/410 411/411/411 412/412/412
s 2
f 413/413/413 399/399/399 414/414/414
f 415/415/415 319/319/319 416/416/416
f 417/417/417 418/418/418 419/419/419
f 420/420/420 421/421/421 422/422/422
f 423/423/423 424/424/424 425/425/425
f 426/426/426 427/427/427 428/428/428
f 393/393/393 392/392/392 429/429/429
f 430/430/430 431/431/431 432/432/432
f 433/433/433 434/434/434 435/435/435
s 7
f 407/407/407 311/311/311 408/408/408
f 436/436/436 437/437/437 438/438/438
f 439/439/439 440/440/440 441/441/441
f 442/442/442 443/443/443 444/444/444
f 445/445/445 446/446/446 447/447/447
s 2
f 448/448/448 433/433/433 435/435/435
f 449/449/449 56/56/56 55/55/55
s 7
f 450/450/450 451/451/451 452/452/452
f 453/453/453 454/454/454 455/455/455
f 456/456/456 457/457/457 458/458/458
s 2
f 459/459/459 460/460/460 461/461/461
s 46
f 462/462/462 463/463/463 464/464/464
f 465/465/465 466/466/466 467/467/467
s 7
f 468/468/468 469/469/469 470/470/470
s 2
f 471/471/471 472/472/472 473/473/473
f 474/474/474 475/475/475 476/476/476
f 477/477/477 478/478/478 479/479/479
f 480/480/480 481/481/481 482/482/482
f 483/483/483 484/484/484 485/485/485
s 7
f 486/486/486 487/487/487 488/488/488
f 489/489/489 490/490/490 491/491/491
s 2
f 492/492/492 493/493/493 494/494/494
f 495/495/495 496/496/496 497/497/497
f 498/498/498 479/479/479 478/478/478
f 499/499/499 498/498/498 380/380/380
s 7
f 500/500/500 501/501/501 502/502/502
f 503/503/503 504/504/504 505/505/505
s 2
f 506/506/506 507/507/507 508/508/508
f 509/509/509 510/510/510 511/511/511
s 1
f 512/512/512 513/513/513 514/514/514
f 515/515/515 516/516/516 517/517/517
s 2
f 518/518/518 519/519/519 520/520/520
f 521/521/521 522/522/522 523/523/523
s 1
f 524/524/524 525/525/525 526/526/526
f 527/527/527 528/528/528 529/529/529
s 2
f 426/426/426 530/530/530 427/427/427
f 531/531/531 532/532/532 533/533/533
s 46
f 534/534/534 535/535/535 148/148/148
s 2
f 536/536/536 537/537/537 538/538/538
f 539/539/539 540/540/540 541/541/541
f 542/542/542 543/543/543 544/544/544
f 538/538/538 545/545/545 546/546/546
f 427/427/427 547/547/547 548/548/548
f 549/549/549 174/174/174 550/550/550
f 551/551/551 552/552/552 553/553/553
s 46
f 554/554/554 555/555/555 556/556/556
f 557/557/557 554/554/554 558/558/558
s 2
f 559/559/559 560/560/560 129/129/129
f 423/423/423 561/561/561 562/562/562
f 563/563/563 564/564/564 565/565/565
f 566/566/566 567/567/567 568/568/568
s 46
f 569/569/569 570/570/570 571/571/571
s 7
f 572/572/572 573/573/573 574/574/574
s 2
f 575/575/575 576/576/576 577/577/577
f 578/578/578 579/579/579 580/580/580
s 7
f 581/581/581 582/582/582 583/583/583
f 444/444/444 584/584/584 442/442/442
s 109
f 585/585/585 586/586/586 587/587/587
f 588/588/588 589/589/589 590/590/590
s 46
f 591/591/591 592/592/592 593/593/593
f 594/594/594 595/595/595 596/596/596
s 2
f 597/597/597 598/598/598 599/599/599
f 600/600/600 601/601/601 602/602/602
s 1
f 603/603/603 604/604/604 605/605/605
f 606/606/606 607/607/607 608/608/608
s 46
f 609/609/609 610/610/610 146/146/146
f 558/558/558 611/611/611 612/612/612
f 613/613/613 614/614/614 615/615/615
f 616/616/616 617/617/617 618/618/618
s 2
f 619/619/619 620/620/620 621/621/621
s 46
f 622/622/622 144/144/144 146/146/146
s 109
f 623/623/623 624/624/624 625/625/625
s 2
f 626/626/626 627/627/627 628/628/628
f 629/629/629 532/532/532 630/630/630
f 631/631/631 632/632/632 633/633/633
s 46
f 634/634/634 635/635/635 636/636/636
f 637/637/637 638/638/638 135/135/135
s 2
f 639/639/639 640/640/640 641/641/641
f 642/642/642 179/179/179 643/643/643
s 1
f 644/644/644 645/645/645 646/646/646
f 524/524/524 647/647/647 648/648/648
s 7
f 649/649/649 650/650/650 651/651/651
f 652/652/652 653/653/653 654/654/654
s 1
f 655/655/655 656/656/656 657/657/657
f 658/658/658 659/659/659 606/606/606
f 660/660/660 661/661/661 662/662/662
f 663/663/663 664/664/664 665/665/665
s 46
f 666/666/666 667/667/667 668/668/668
f 669/669/669 670/670/670 571/571/571
s 1
f 671/671/671 672/672/672 673/673/673
f 674/674/674 675/675/675 676/676/676
s 2
f 677/677/677 678/678/678 619/619/619
f 679/679/679 680/680/680 681/681/681
f 682/682/682 683/683/683 684/684/684
f 685/685/685 679/679/679 681/681/681
f 686/686/686 687/687/687 688/688/688
f 689/689/689 72/72/72 474/474/474
f 690/690/690 691/691/691 692/692/692
f 693/693/693 694/694/694 695/695/695
f 233/233/233 235/235/235 696/696/696
f 697/697/697 698/698/698 699/699/699
f 700/700/700 701/701/701 44/44/44
f 702/702/702 214/214/214 213/213/213
f 703/703/703 704/704/704 705/705/705
s 109
f 585/585/585 587/587/587 706/706/706
s 230
f 707/707/707 708/708/708 709/709/709
s 6
f 710/710/710 711/711/711 712/712/712
s 2
f 713/713/713 714/714/714 715/715/715
f 716/716/716 717/717/717 718/718/718
s 8
f 719/719/719 720/720/720 721/721/721
f 722/722/722 723/723/723 724/724/724
s 2
f 43/43/43 725/725/725 44/44/44
f 726/726/726 727/727/727 728/728/728
f 729/729/729 730/730/730 731/731/731
s 46
f 732/732/732 733/733/733 734/734/734
s 7
f 343/343/343 735/735/735 736/736/736
f 737/737/737 738/738/738 739/739/739
s 2
f 740/740/740 726/726/726 728/728/728
f 741/741/741 742/742/742 743/743/743
s 46
f 744/744/744 745/745/745 746/746/746
s 7
f 747/747/747 748/748/748 749/749/749
s 2
f 750/750/750 751/751/751 752/752/752
f 390/390/390 753/753/753 754/754/754
s 7
f 581/581/581 755/755/755 582/582/582
f 756/756/756 757/757/757 758/758/758
s 2
f 759/759/759 760/760/760 761/761/761
f 761/761/761 760/760/760 762/762/762
f 763/763/763 764/764/764 765/765/765
f 766/766/766 767/767/767 768/768/768
s 7
f 582/582/582 769/769/769 770/770/770
s 46
f 571/571/571 771/771/771 772/772/772
s 7
f 773/773/773 774/774/774 775/775/775
f 159/159/159 776/776/776 777/777/777
s 46
f 778/778/778 779/779/779 780/780/780
f 781/781/781 782/782/782 783/783/783
s 2
f 784/784/784 785/785/785 786/786/786
f 787/787/787 788/788/788 789/789/789
f 790/790/790 90/90/90 791/791/791
f 792/792/792 682/682/682 793/793/793
s 7
f 794/794/794 795/795/795 796/796/796
f 797/797/797 798/798/798 799/799/799
f 800/800/800 801/801/801 802/802/802
s 2
f 803/803/803 804/804/804 805/805/805
f 806/806/806 807/807/807 808/808/808
f 416/416/416 319/319/319 809/809/809
s 7
f 810/810/810 811/811/811 812/812/812
s 2
f 813/813/813 814/814/814 815/815/815
s 7
f 170/170/170 816/816/816 817/817/817
f 818/818/818 819/819/819 820/820/820
s 2
f 821/821/821 822/822/822 823/823/823
f 824/824/824 825/825/825 826/826/826
s 7
f 827/827/827 828/828/828 829/829/829
f 443/443/443 830/830/830 831/831/831
f 832/832/832 798/798/798 797/797/797
f 833/833/833 151/151/151 150/150/150
f 834/834/834 835/835/835 836/836/836
f 107/107/107 106/106/106 837/837/837
f 838/838/838 501/501/501 839/839/839
f 775/775/775 840/840/840 841/841/841
s 2
f 842/842/842 843/843/843 844/844/844
s 7
f 845/845/845 846/846/846 847/847/847
f 841/841/841 848/848/848 849/849/849
f 850/850/850 851/851/851 852/852/852
f 853/853/853 225/225/225 224/224/224
f 854/854/854 855/855/855 856/856/856
s 2
f 857/857/857 858/858/858 94/94/94
f 843/843/843 859/859/859 860/860/860
f 861/861/861 862/862/862 863/863/863
f 864/864/864 865/865/865 866/866/866
s 7
f 283/283/283 867/867/867 284/284/284
f 868/868/868 869/869/869 870/870/870
s 1
f 871/871/871 872/872/872 873/873/873
f 874/874/874 875/875/875 876/876/876
s 7
f 877/877/877 250/250/250 320/320/320
f 878/878/878 227/227/227 229/229/229
s 2
f 63/63/63 879/879/879 880/880/880
f 552/552/552 881/881/881 553/553/553
f 279/279/279 278/278/278 882/882/882
s 109
f 332/332/332 883/883/883 330/330/330
s 4
f 884/884/884 885/885/885 886/886/886
f 887/887/887 888/888/888 889/889/889
s 2
f 304/304/304 543/543/543 890/890/890
f 891/891/891 892/892/892 893/893/893
f 373/373/373 372/372/372 894/894/894
f 177/177/177 179/179/179 895/895/895
f 896/896/896 897/897/897 75/75/75
f 898/898/898 899/899/899 900/900/900
f 901/901/901 902/902/902 162/162/162
f 903/903/903 904/904/904 166/166/166
f 905/905/905 906/906/906 907/907/907
f 908/908/908 909/909/909 910/910/910
s 6
f 911/911/911 912/912/912 913/913/913
f 914/914/914 915/915/915 916/916/916
s 7
f 917/917/917 918/918/918 919/919/919
f 491/491/491 920/920/920 921/921/921
s 2
f 922/922/922 923/923/923 924/924/924
f 90/90/90 925/925/925 91/91/91
s 7
f 926/926/926 927/927/927 928/928/928
f 929/929/929 930/930/930 931/931/931
s 2
f 114/114/114 932/932/932 933/933/933
s 7
f 934/934/934 795/795/795 794/794/794
s 2
f 935/935/935 936/936/936 937/937/937
f 910/910/910 938/938/938 939/939/939
s 7
f 339/339/339 455/455/455 340/340/340
f 468/468/468 940/940/940 941/941/941
s 4
f 942/942/942 943/943/943 944/944/944
f 945/945/945 946/946/946 947/947/947
s 7
f 852/852/852 851/851/851 948/948/948
s 46
f 949/949/949 634/634/634 636/636/636
s 7
f 950/950/950 951/951/951 952/952/952
f 953/953/953 952/952/952 951/951/951
s 4
f 954/954/954 955/955/955 956/956/956
f 957/957/957 958/958/958 959/959/959
s 2
f 960/960/960 961/961/961 962/962/962
f 768/768/768 196/196/196 195/195/195
s 7
f 739/739/739 738/738/738 963/963/963
f 964/964/964 965/965/965 966/966/966
s 2
f 967/967/967 127/127/127 126/126/126
s 109
f 968/968/968 969/969/969 970/970/970
s 8
f 971/971/971 972/972/972 973/973/973
s 6
f 974/974/974 712/712/712 711/711/711
s 46
f 780/780/780 779/779/779 145/145/145
s 7
f 856/856/856 975/975/975 854/854/854
s 2
f 428/428/428 976/976/976 977/977/977
f 601/601/601 978/978/978 979/979/979
f 980/980/980 54/54/54 53/53/53
s 7
f 228/228/228 847/847/847 846/846/846
s 46
f 981/981/981 666/666/666 668/668/668
f 982/982/982 949/949/949 983/983/983
s 6
f 915/915/915 984/984/984 916/916/916
s 8
f 985/985/985 986/986/986 987/987/987
s 7
f 988/988/988 989/989/989 990/990/990
f 180/180/180 182/182/182 991/991/991
s 8
f 992/992/992 993/993/993 994/994/994
f 995/995/995 996/996/996 997/997/997
s 4
f 887/887/887 998/998/998 999/999/999
f 1000/1000/1000 1001/1001/1001 1002/1002/1002
s 2
f 691/691/691 1003/1003/1003 692/692/692
f 1004/1004/1004 1005/1005/1005 1006/1006/1006
s 7
f 368/368/368 1007/1007/1007 1008/1008/1008
f 343/343/343 1009/1009/1009 1010/1010/1010
s 2
f 1011/1011/1011 1012/1012/1012 1013/1013/1013
f 1014/1014/1014 1015/1015/1015 1016/1016/1016
f 1017/1017/1017 1018/1018/1018 1019/1019/1019
f 522/522/522 1020/1020/1020 523/523/523
s 7
f 1021/1021/1021 1022/1022/1022 170/170/170
f 39/39/39 1023/1023/1023 1024/1024/1024
s 109
f 1025/1025/1025 968/968/968 1026/1026/1026
f 1027/1027/1027 1028/1028/1028 1029/1029/1029
s 7
f 447/447/447 446/446/446 1030/1030/1030
f 1031/1031/1031 1032/1032/1032 653/653/653
s 2
f 1033/1033/1033 641/641/641 1034/1034/1034
f 551/551/551 553/553/553 1035/1035/1035
s 8
f 1036/1036/1036 1037/1037/1037 1038/1038/1038
f 720/720/720 1039/1039/1039 1040/1040/1040
s 230
f 1041/1041/1041 1042/1042/1042 708/708/708
f 1043/1043/1043 1044/1044/1044 1045/1045/1045
s 2
f 1046/1046/1046 1047/1047/1047 1048/1048/1048
f 1049/1049/1049 1050/1050/1050 1051/1051/1051
f 1052/1052/1052 97/97/97 1053/1053/1053
f 1054/1054/1054 1055/1055/1055 1056/1056/1056
s 4
f 944/944/944 1057/1057/1057 942/942/942
f 1058/1058/1058 1059/1059/1059 885/885/885
s 8
f 1039/1039/1039 1060/1060/1060 1061/1061/1061
s 230
f 1062/1062/1062 1063/1063/1063 1064/1064/1064
s 2
f 787/787/787 1065/1065/1065 788/788/788
f 1066/1066/1066 1067/1067/1067 788/788/788
f 1068/1068/1068 1069/1069/1069 1070/1070/1070
f 1071/1071/1071 1072/1072/1072 1073/1073/1073
f 1074/1074/1074 578/578/578 1075/1075/1075
f 1068/1068/1068 1076/1076/1076 1069/1069/1069
f 1077/1077/1077 1078/1078/1078 1079/1079/1079
f 483/483/483 1080/1080/1080 1081/1081/1081
f 902/902/902 1082/1082/1082 162/162/162
f 597/597/597 1083/1083/1083 1084/1084/1084
s 8
f 1085/1085/1085 1086/1086/1086 1087/1087/1087
f 1088/1088/1088 1089/1089/1089 1090/1090/1090
s 109
f 589/589/589 588/588/588 1091/1091/1091
s 2
f 1092/1092/1092 166/166/166 1093/1093/1093
f 254/254/254 1094/1094/1094 1095/1095/1095
f 1096/1096/1096 1097/1097/1097 1098/1098/1098
s 8
f 1099/1099/1099 722/722/722 724/724/724
s 230
f 1100/1100/1100 1101/1101/1101 1102/1102/1102
s 2
f 1103/1103/1103 1104/1104/1104 96/96/96
f 1078/1078/1078 1105/1105/1105 1079/1079/1079
s 7
f 812/812/812 811/811/811 1106/1106/1106
f 1107/1107/1107 369/369/369 1108/1108/1108
s 2
f 1109/1109/1109 1110/1110/1110 1111/1111/1111
f 1112/1112/1112 1113/1113/1113 1114/1114/1114
s 7
f 1115/1115/1115 365/365/365 1116/1116/1116
f 1117/1117/1117 1118/1118/1118 1119/1119/1119
s 4
f 956/956/956 1120/1120/1120 954/954/954
f 1121/1121/1121 1122/1122/1122 1123/1123/1123
s 2
f 335/335/335 1124/1124/1124 1125/1125/1125
f 857/857/857 94/94/94 1126/1126/1126
s 46
f 592/592/592 1127/1127/1127 593/593/593
s 2
f 1128/1128/1128 1129/1129/1129 1130/1130/1130
s 1
f 1131/1131/1131 1132/1132/1132 1133/1133/1133
f 1134/1134/1134 1135/1135/1135 8/8/8
s 2
f 1136/1136/1136 1137/1137/1137 1138/1138/1138
f 1139/1139/1139 1140/1140/1140 1141/1141/1141
f 1142/1142/1142 56/56/56 1143/1143/1143
f 1144/1144/1144 1145/1145/1145 251/251/251
f 396/396/396 395/395/395 1146/1146/1146
f 1147/1147/1147 1148/1148/1148 1149/1149/1149
s 7
f 1150/1150/1150 308/308/308 310/310/310
f 800/800/800 1151/1151/1151 801/801/801
f 829/829/829 828/828/828 1152/1152/1152
f 1152/1152/1152 868/868/868 870/870/870
s 2
f 1153/1153/1153 1154/1154/1154 980/980/980
f 116/116/116 932/932/932 114/114/114
s 1
f 604/604/604 873/873/873 605/605/605
f 1155/1155/1155 1156/1156/1156 1157/1157/1157
s 4
f 1158/1158/1158 1159/1159/1159 1160/1160/1160
f 947/947/947 946/946/946 1161/1161/1161
s 2
f 510/510/510 509/509/509 1162/1162/1162
s 7
f 1163/1163/1163 211/211/211 1164/1164/1164
f 280/280/280 1165/1165/1165 281/281/281
f 1166/1166/1166 1167/1167/1167 1168/1168/1168
s 1
f 1169/1169/1169 1170/1170/1170 1171/1171/1171
f 1131/1131/1131 1169/1169/1169 1172/1172/1172
s 7
f 1173/1173/1173 1174/1174/1174 1175/1175/1175
s 2
f 1176/1176/1176 1177/1177/1177 1178/1178/1178
s 1
f 1179/1179/1179 676/676/676 675/675/675
f 1180/1180/1180 516/516/516 515/515/515
s 7
f 1181/1181/1181 1182/1182/1182 1183/1183/1183
f 1184/1184/1184 124/124/124 123/123/123
s 2
f 1185/1185/1185 1186/1186/1186 1187/1187/1187
f 1188/1188/1188 1189/1189/1189 108/108/108
f 1190/1190/1190 1191/1191/1191 1192/1192/1192
f 1193/1193/1193 1194/1194/1194 1195/1195/1195
f 1196/1196/1196 1197/1197/1197 1198/1198/1198
f 1199/1199/1199 1200/1200/1200 1201/1201/1201
s 7
f 1202/1202/1202 856/856/856 855/855/855
f 1203/1203/1203 1204/1204/1204 1205/1205/1205
s 2
f 1206/1206/1206 1207/1207/1207 1208/1208/1208
f 1209/1209/1209 633/633/633 1210/1210/1210
f 1211/1211/1211 621/621/621 1212/1212/1212
s 46
f 296/296/296 1213/1213/1213 1214/1214/1214
s 7
f 1215/1215/1215 157/157/157 156/156/156
f 1216/1216/1216 1217/1217/1217 1218/1218/1218
f 1219/1219/1219 1220/1220/1220 1221/1221/1221
f 1219/1219/1219 1221/1221/1221 1222/1222/1222
s 2
f 559/559/559 1223/1223/1223 560/560/560
f 1224/1224/1224 643/643/643 179/179/179
s 7
f 1225/1225/1225 134/134/134 849/849/849
f 1217/1217/1217 1216/1216/1216 1226/1226/1226
s 6
f 1227/1227/1227 1228/1228/1228 1229/1229/1229
f 1230/1230/1230 711/711/711 710/710/710
s 230
f 1231/1231/1231 1232/1232/1232 1233/1233/1233
f 1234/1234/1234 1235/1235/1235 1236/1236/1236
s 46
f 144/144/144 1237/1237/1237 145/145/145
s 7
f 1238/1238/1238 1239/1239/1239 1240/1240/1240
s 230
f 1241/1241/1241 1242/1242/1242 1243/1243/1243
f 1042/1042/1042 1244/1244/1244 708/708/708
s 7
f 1245/1245/1245 839/839/839 501/501/501
f 836/836/836 835/835/835 1246/1246/1246
s 230
f 1101/1101/1101 1247/1247/1247 1102/1102/1102
f 1234/1234/1234 709/709/709 1235/1235/1235
s 2
f 1248/1248/1248 1249/1249/1249 1250/1250/1250
f 199/199/199 1098/1098/1098 1097/1097/1097
f 859/859/859 1251/1251/1251 860/860/860
f 1252/1252/1252 1253/1253/1253 1254/1254/1254
f 1255/1255/1255 1256/1256/1256 1257/1257/1257
f 1258/1258/1258 1259/1259/1259 1260/1260/1260
f 1261/1261/1261 1262/1262/1262 266/266/266
f 1263/1263/1263 1264/1264/1264 1265/1265/1265
s 46
f 1266/1266/1266 1267/1267/1267 1268/1268/1268
f 242/242/242 1269/1269/1269 243/243/243
f 594/594/594 462/462/462 595/595/595
f 1270/1270/1270 1271/1271/1271 1272/1272/1272
s 2
f 1273/1273/1273 417/417/417 419/419/419
f 506/506/506 1274/1274/1274 507/507/507
f 1187/1187/1187 1275/1275/1275 1276/1276/1276
f 1277/1277/1277 1278/1278/1278 1279/1279/1279
s 7
f 1280/1280/1280 182/182/182 1281/1281/1281
f 182/182/182 247/247/247 246/246/246
f 308/308/308 818/818/818 309/309/309
f 965/965/965 818/818/818 966/966/966
s 2
f 1282/1282/1282 1283/1283/1283 521/521/521
f 1284/1284/1284 263/263/263 1285/1285/1285
s 46
f 1286/1286/1286 1266/1266/1266 1268/1268/1268
f 1287/1287/1287 981/981/981 1288/1288/1288
s 2
f 1289/1289/1289 1290/1290/1290 1291/1291/1291
f 213/213/213 215/215/215 1292/1292/1292
s 1
f 1293/1293/1293 526/526/526 1294/1294/1294
f 1295/1295/1295 1171/1171/1171 1296/1296/1296
s 2
f 1297/1297/1297 1255/1255/1255 1257/1257/1257
f 1054/1054/1054 1298/1298/1298 1055/1055/1055
f 1299/1299/1299 1300/1300/1300 1301/1301/1301
f 1020/1020/1020 522/522/522 1302/1302/1302
s 1
f 1295/1295/1295 1294/1294/1294 1303/1303/1303
f 1295/1295/1295 1296/1296/1296 1304/1304/1304
s 2
f 1305/1305/1305 1306/1306/1306 47/47/47
f 1074/1074/1074 579/579/579 578/578/578
s 1
f 1307/1307/1307 529/529/529 528/528/528
f 1308/1308/1308 659/659/659 1309/1309/1309
s 2
f 272/272/272 1289/1289/1289 1291/1291/1291
f 1310/1310/1310 1311/1311/1311 1312/1312/1312
f 1313/1313/1313 1314/1314/1314 1261/1261/1261
f 1315/1315/1315 1316/1316/1316 1261/1261/1261
f 1317/1317/1317 1318/1318/1318 1319/1319/1319
f 1320/1320/1320 1321/1321/1321 293/293/293
f 1322/1322/1322 1323/1323/1323 898/898/898
f 1324/1324/1324 109/109/109 1325/1325/1325
f 701/701/701 1326/1326/1326 960/960/960
f 960/960/960 1326/1326/1326 961/961/961
s 46
f 1327/1327/1327 1328/1328/1328 1329/1329/1329
f 1330/1330/1330 1331/1331/1331 1332/1332/1332
s 7
f 1333/1333/1333 1334/1334/1334 1335/1335/1335
s 2
f 1336/1336/1336 1337/1337/1337 1338/1338/1338
f 892/892/892 1339/1339/1339 893/893/893
f 231/231/231 1340/1340/1340 1341/1341/1341
f 1077/1077/1077 1342/1342/1342 1343/1343/1343
f 1344/1344/1344 1345/1345/1345 1346/1346/1346
f 1347/1347/1347 704/704/704 1348/1348/1348
f 1254/1254/1254 1253/1253/1253 1349/1349/1349
f 495/495/495 1350/1350/1350 496/496/496
f 1138/1138/1138 1137/1137/1137 1141/1141/1141
f 306/306/306 1351/1351/1351 1352/1352/1352
s 7
f 1353/1353/1353 846/846/846 845/845/845
s 2
f 1354/1354/1354 1355/1355/1355 1356/1356/1356
f 1357/1357/1357 1354/1354/1354 1356/1356/1356
f 1358/1358/1358 1188/1188/1188 108/108/108
f 1359/1359/1359 1358/1358/1358 108/108/108
f 1360/1360/1360 1361/1361/1361 1362/1362/1362
f 1363/1363/1363 154/154/154 153/153/153
s 46
f 145/145/145 1364/1364/1364 780/780/780
f 1365/1365/1365 145/145/145 1237/1237/1237
s 2
f 1366/1366/1366 1367/1367/1367 1368/1368/1368
f 1369/1369/1369 397/397/397 1370/1370/1370
f 1356/1356/1356 1355/1355/1355 1371/1371/1371
f 1005/1005/1005 1372/1372/1372 1006/1006/1006
f 1373/1373/1373 1374/1374/1374 374/374/374
f 129/129/129 65/65/65 64/64/64
f 430/430/430 1375/1375/1375 1376/1376/1376
s 7
f 157/157/157 401/401/401 1377/1377/1377
s 2
f 1136/1136/1136 1138/1138/1138 1378/1378/1378
f 1361/1361/1361 1379/1379/1379 1362/1362/1362
f 1302/1302/1302 1380/1380/1380 1381/1381/1381
s 7
f 1382/1382/1382 1383/1383/1383 470/470/470
s 2
f 188/188/188 1384/1384/1384 186/186/186
f 1385/1385/1385 1369/1369/1369 1370/1370/1370
f 1386/1386/1386 1387/1387/1387 1388/1388/1388
f 861/861/861 866/866/866 865/865/865
f 1389/1389/1389 189/189/189 1390/1390/1390
f 1391/1391/1391 175/175/175 640/640/640
s 8
f 1392/1392/1392 1393/1393/1393 1394/1394/1394
s 6
f 1395/1395/1395 1396/1396/1396 911/911/911
s 2
f 1397/1397/1397 924/924/924 925/925/925
f 237/237/237 236/236/236 1398/1398/1398
s 7
f 37/37/37 39/39/39 1024/1024/1024
f 1399/1399/1399 1008/1008/1008 1007/1007/1007
f 381/381/381 964/964/964 382/382/382
f 210/210/210 1400/1400/1400 211/211/211
f 953/953/953 951/951/951 1401/1401/1401
f 1402/1402/1402 185/185/185 1403/1403/1403
s 2
f 1404/1404/1404 1405/1405/1405 1406/1406/1406
f 1407/1407/1407 1408/1408/1408 1409/1409/1409
f 1410/1410/1410 1411/1411/1411 1412/1412/1412
f 480/480/480 1413/1413/1413 481/481/481
f 1414/1414/1414 1176/1176/1176 1415/1415/1415
f 460/460/460 459/459/459 1415/1415/1415
f 87/87/87 1416/1416/1416 1417/1417/1417
f 562/562/562 1418/1418/1418 423/423/423
f 471/471/471 473/473/473 1419/1419/1419
f 910/910/910 909/909/909 1420/1420/1420
f 1421/1421/1421 1422/1422/1422 1345/1345/1345
f 43/43/43 45/45/45 741/741/741
f 113/113/113 112/112/112 1143/1143/1143
f 449/449/449 900/900/900 899/899/899
f 1423/1423/1423 1424/1424/1424 1425/1425/1425
f 1368/1368/1368 1426/1426/1426 1427/1427/1427
f 546/546/546 1428/1428/1428 547/547/547
f 1429/1429/1429 1417/1417/1417 1418/1418/1418
s 1
f 1430/1430/1430 1431/1431/1431 1432/1432/1432
f 1433/1433/1433 1434/1434/1434 1435/1435/1435
s 2
f 1412/1412/1412 1436/1436/1436 1437/1437/1437
f 1421/1421/1421 1345/1345/1345 1438/1438/1438
f 1439/1439/1439 1440/1440/1440 1441/1441/1441
f 434/434/434 1442/1442/1442 1443/1443/1443
f 1444/1444/1444 292/292/292 294/294/294
f 1445/1445/1445 1446/1446/1446 1447/1447/1447
s 1
f 1448/1448/1448 1449/1449/1449 1450/1450/1450
f 1451/1451/1451 1452/1452/1452 1453/1453/1453
s 7
f 1454/1454/1454 1455/1455/1455 1182/1182/1182
f 1454/1454/1454 1182/1182/1182 1456/1456/1456
s 2
f 1457/1457/1457 1458/1458/1458 1459/1459/1459
f 1460/1460/1460 1461/1461/1461 1462/1462/1462
s 1
f 1451/1451/1451 1463/1463/1463 1464/1464/1464
f 1465/1465/1465 1/1/1 1466/1466/1466
s 7
f 773/773/773 1165/1165/1165 1467/1467/1467
f 1468/1468/1468 1469/1469/1469 1470/1470/1470
s 2
f 1471/1471/1471 71/71/71 1472/1472/1472
f 1473/1473/1473 1147/1147/1147 1474/1474/1474
s 7
f 1469/1469/1469 1475/1475/1475 1470/1470/1470
f 501/501/501 500/500/500 1476/1476/1476
s 2
f 1477/1477/1477 1478/1478/1478 1479/1479/1479
f 924/924/924 1477/1477/1477 925/925/925
f 1480/1480/1480 1481/1481/1481 1482/1482/1482
f 1340/1340/1340 1483/1483/1483 1341/1341/1341
f 751/751/751 750/750/750 879/879/879
f 1035/1035/1035 553/553/553 1484/1484/1484
s 46
f 1485/1485/1485 616/616/616 618/618/618
f 1486/1486/1486 136/136/136 1487/1487/1487
s 7
f 249/249/249 990/990/990 320/320/320
s 2
f 716/716/716 718/718/718 1488/1488/1488
f 1489/1489/1489 640/640/640 639/639/639
f 179/179/179 1391/1391/1391 640/640/640
s 6
f 1490/1490/1490 1491/1491/1491 1492/1492/1492
f 1493/1493/1493 17/17/17 1494/1494/1494
s 7
f 1495/1495/1495 288/288/288 1496/1496/1496
s 2
f 1497/1497/1497 1273/1273/1273 419/419/419
f 1498/1498/1498 1499/1499/1499 1500/1500/1500
f 1501/1501/1501 1502/1502/1502 1458/1458/1458
f 1503/1503/1503 1504/1504/1504 1505/1505/1505
f 1506/1506/1506 1097/1097/1097 1096/1096/1096
f 81/81/81 540/540/540 1507/1507/1507
f 599/599/599 1508/1508/1508 1509/1509/1509
s 7
f 117/117/117 1510/1510/1510 1511/1511/1511
f 917/917/917 1512/1512/1512 918/918/918
s 2
f 1513/1513/1513 1104/1104/1104 1103/1103/1103
f 1514/1514/1514 1515/1515/1515 1055/1055/1055
f 1516/1516/1516 1197/1197/1197 1196/1196/1196
f 1095/1095/1095 1517/1517/1517 254/254/254
f 1518/1518/1518 1519/1519/1519 1520/1520/1520
f 203/203/203 1521/1521/1521 201/201/201
f 1423/1423/1423 1522/1522/1522 1523/1523/1523
f 1522/1522/1522 1524/1524/1524 865/865/865
s 7
f 1525/1525/1525 1526/1526/1526 222/222/222
f 850/850/850 852/852/852 1527/1527/1527
s 2
f 1528/1528/1528 753/753/753 1210/1210/1210
f 1529/1529/1529 1530/1530/1530 1531/1531/1531
f 568/568/568 565/565/565 564/564/564
f 1084/1084/1084 1083/1083/1083 1532/1532/1532
f 742/742/742 1533/1533/1533 121/121/121
f 740/740/740 728/728/728 1534/1534/1534
f 1409/1409/1409 1408/1408/1408 1535/1535/1535
f 1535/1535/1535 1408/1408/1408 1250/1250/1250
f 1536/1536/1536 641/641/641 1033/1033/1033
f 89/89/89 88/88/88 1537/1537/1537
f 1300/1300/1300 1538/1538/1538 1301/1301/1301
f 471/471/471 1539/1539/1539 1540/1540/1540
f 306/306/306 1352/1352/1352 307/307/307
f 1541/1541/1541 1542/1542/1542 1543/1543/1543
f 1544/1544/1544 1545/1545/1545 1546/1546/1546
s 7
f 313/313/313 1547/1547/1547 311/311/311
s 2
f 1048/1048/1048 1368/1368/1368 1427/1427/1427
f 1047/1047/1047 699/699/699 1048/1048/1048
s 230
f 1063/1063/1063 1062/1062/1062 1548/1548/1548
f 1549/1549/1549 1100/1100/1100 1548/1548/1548
s 7
f 488/488/488 487/487/487 1550/1550/1550
f 1551/1551/1551 1552/1552/1552 117/117/117
s 2
f 337/337/337 336/336/336 1553/1553/1553
f 1147/1147/1147 1149/1149/1149 323/323/323
f 1554/1554/1554 1555/1555/1555 1556/1556/1556
f 26/26/26 1555/1555/1555 1557/1557/1557
f 198/198/198 253/253/253 252/252/252
f 684/684/684 1558/1558/1558 1559/1559/1559
s 7
f 1560/1560/1560 1561/1561/1561 1562/1562/1562
f 1353/1353/1353 1563/1563/1563 1564/1564/1564
s 1
f 1307/1307/1307 1565/1565/1565 1566/1566/1566
f 607/607/607 1567/1567/1567 1568/1568/1568
s 2
f 1569/1569/1569 1534/1534/1534 1570/1570/1570
s 46
f 240/240/240 1571/1571/1571 241/241/241
s 7
f 1564/1564/1564 1562/1562/1562 1561/1561/1561
f 1572/1572/1572 228/228/228 846/846/846
f 1573/1573/1573 1574/1574/1574 285/285/285
f 1240/1240/1240 1239/1239/1239 1575/1575/1575
s 2
f 1576/1576/1576 1577/1577/1577 1578/1578/1578
f 1533/1533/1533 742/742/742 741/741/741
f 128/128/128 1579/1579/1579 126/126/126
f 821/821/821 824/824/824 826/826/826
s 7
f 1580/1580/1580 134/134/134 1581/1581/1581
f 133/133/133 1581/1581/1581 134/134/134
s 1
f 1582/1582/1582 1583/1583/1583 1584/1584/1584
f 1450/1450/1450 1449/1449/1449 1585/1585/1585
s 7
f 1168/1168/1168 1167/1167/1167 1586/1586/1586
f 1587/1587/1587 1588/1588/1588 1589/1589/1589
s 2
f 933/933/933 1590/1590/1590 114/114/114
f 1590/1590/1590 264/264/264 114/114/114
s 46
f 1591/1591/1591 464/464/464 463/463/463
f 593/593/593 1592/1592/1592 591/591/591
s 2
f 378/378/378 231/231/231 379/379/379
f 478/478/478 1593/1593/1593 498/498/498
s 109
f 1594/1594/1594 1595/1595/1595 1596/1596/1596
f 1597/1597/1597 1026/1026/1026 968/968/968
s 2
f 1598/1598/1598 597/597/597 1084/1084/1084
f 600/600/600 51/51/51 50/50/50
s 1
f 1599/1599/1599 655/655/655 657/657/657
f 644/644/644 1600/1600/1600 645/645/645
s 2
f 481/481/481 485/485/485 482/482/482
f 753/753/753 1601/1601/1601 1210/1210/1210
s 6
f 1602/1602/1602 1603/1603/1603 1604/1604/1604
s 8
f 1605/1605/1605 1085/1085/1085 1090/1090/1090
s 2
f 1606/1606/1606 1457/1457/1457 1310/1310/1310
f 1345/1345/1345 1422/1422/1422 1346/1346/1346
f 632/632/632 631/631/631 1607/1607/1607
f 387/387/387 204/204/204 206/206/206
s 109
f 1608/1608/1608 1609/1609/1609 1610/1610/1610
f 1611/1611/1611 1612/1612/1612 1609/1609/1609
s 8
f 987/987/987 986/986/986 723/723/723
s 6
f 710/710/710 712/712/712 1613/1613/1613
s 2
f 415/415/415 126/126/126 319/319/319
f 126/126/126 317/317/317 319/319/319
f 1614/1614/1614 1071/1071/1071 1615/1615/1615
f 1076/1076/1076 1072/1072/1072 1071/1071/1071
s 7
f 1616/1616/1616 1617/1617/1617 1618/1618/1618
s 46
f 982/982/982 983/983/983 1619/1619/1619
s 2
f 714/714/714 1620/1620/1620 717/717/717
f 1483/1483/1483 1480/1480/1480 1482/1482/1482
s 6
f 1603/1603/1603 1621/1621/1621 1604/1604/1604
f 1622/1622/1622 1623/1623/1623 1624/1624/1624
s 7
f 1625/1625/1625 1626/1626/1626 443/443/443
f 1627/1627/1627 1628/1628/1628 284/284/284
s 2
f 1015/1015/1015 1014/1014/1014 1629/1629/1629
s 7
f 1630/1630/1630 1631/1631/1631 1632/1632/1632
s 46
f 1571/1571/1571 1633/1633/1633 241/241/241
f 324/324/324 326/326/326 1634/1634/1634
s 8
f 1635/1635/1635 1636/1636/1636 1637/1637/1637
f 1638/1638/1638 1639/1639/1639 720/720/720
s 2
f 1640/1640/1640 417/417/417 391/391/391
f 1641/1641/1641 1642/1642/1642 393/393/393
s 7
f 1643/1643/1643 1644/1644/1644 749/749/749
s 2
f 1645/1645/1645 730/730/730 729/729/729
s 7
f 181/181/181 952/952/952 182/182/182
f 454/454/454 453/453/453 1646/1646/1646
f 1560/1560/1560 878/878/878 1561/1561/1561
f 245/245/245 247/247/247 1647/1647/1647
f 1648/1648/1648 403/403/403 1649/1649/1649
s 46
f 1650/1650/1650 635/635/635 1651/1651/1651
s 7
f 222/222/222 1526/1526/1526 1652/1652/1652
f 1204/1204/1204 1653/1653/1653 1205/1205/1205
s 2
f 1654/1654/1654 976/976/976 428/428/428
f 548/548/548 1655/1655/1655 427/427/427
f 1277/1277/1277 1279/1279/1279 1275/1275/1275
f 1656/1656/1656 171/171/171 173/173/173
s 7
f 776/776/776 1657/1657/1657 777/777/777
f 221/221/221 1525/1525/1525 222/222/222
s 230
f 1658/1658/1658 1659/1659/1659 1232/1232/1232
f 1243/1243/1243 1242/1242/1242 1660/1660/1660
s 7
f 831/831/831 1467/1467/1467 282/282/282
f 831/831/831 1661/1661/1661 1662/1662/1662
s 46
f 1663/1663/1663 1664/1664/1664 1665/1665/1665
f 1666/1666/1666 609/609/609 783/783/783
s 109
f 1612/1612/1612 1667/1667/1667 1027/1027/1027
f 586/586/586 585/585/585 1668/1668/1668
s 2
f 1669/1669/1669 93/93/93 1670/1670/1670
f 1153/1153/1153 1669/1669/1669 1154/1154/1154
f 1207/1207/1207 1671/1671/1671 1208/1208/1208
f 1081/1081/1081 1080/1080/1080 1672/1672/1672
f 166/166/166 1673/1673/1673 1674/1674/1674
f 1675/1675/1675 1673/1673/1673 166/166/166
f 1253/1253/1253 1676/1676/1676 1677/1677/1677
s 109
f 1028/1028/1028 706/706/706 1029/1029/1029
s 2
f 1379/1379/1379 1678/1678/1678 1362/1362/1362
f 362/362/362 1678/1678/1678 1679/1679/1679
s 7
f 796/796/796 1680/1680/1680 183/183/183
f 833/833/833 1681/1681/1681 183/183/183
s 46
f 534/534/534 467/467/467 466/466/466
f 1682/1682/1682 1683/1683/1683 1684/1684/1684
s 2
f 896/896/896 1685/1685/1685 897/897/897
f 1686/1686/1686 1521/1521/1521 203/203/203
f 1687/1687/1687 1688/1688/1688 759/759/759
f 1689/1689/1689 1690/1690/1690 1691/1691/1691
f 1692/1692/1692 1693/1693/1693 1694/1694/1694
f 362/362/362 1679/1679/1679 1695/1695/1695
f 207/207/207 1696/1696/1696 208/208/208
f 764/764/764 1697/1697/1697 1079/1079/1079
s 7
f 1334/1334/1334 344/344/344 1698/1698/1698
f 1699/1699/1699 1700/1700/1700 20/20/20
s 1
f 1701/1701/1701 1702/1702/1702 1703/1703/1703
f 1452/1452/1452 1451/1451/1451 1464/1464/1464
s 7
f 736/736/736 735/735/735 1704/1704/1704
f 1705/1705/1705 1021/1021/1021 1706/1706/1706
s 2
f 627/627/627 626/626/626 1707/1707/1707
f 1006/1006/1006 1708/1708/1708 1709/1709/1709
s 230
f 1710/1710/1710 1711/1711/1711 1712/1712/1712
f 1713/1713/1713 709/709/709 708/708/708
s 2
f 1145/1145/1145 1714/1714/1714 1715/1715/1715
f 102/102/102 1715/1715/1715 1262/1262/1262
f 1514/1514/1514 1055/1055/1055 1716/1716/1716
f 1055/1055/1055 1306/1306/1306 1305/1305/1305
s 7
f 1163/1163/1163 1717/1717/1717 211/211/211
f 1718/1718/1718 1717/1717/1717 1719/1719/1719
s 2
f 1720/1720/1720 530/530/530 426/426/426
f 256/256/256 255/255/255 1721/1721/1721
f 1722/1722/1722 822/822/822 821/821/821
f 518/518/518 261/261/261 519/519/519
f 386/386/386 385/385/385 208/208/208
f 1190/1190/1190 1723/1723/1723 1191/1191/1191
f 1398/1398/1398 1724/1724/1724 237/237/237
f 1725/1725/1725 807/807/807 1726/1726/1726
f 1727/1727/1727 1260/1260/1260 1728/1728/1728
f 1729/1729/1729 1730/1730/1730 1728/1728/1728
s 4
f 1731/1731/1731 1122/1122/1122 999/999/999
f 1732/1732/1732 1733/1733/1733 1734/1734/1734
s 1
f 675/675/675 1735/1735/1735 1179/1179/1179
f 1157/1157/1157 1156/1156/1156 648/648/648
s 7
f 1736/1736/1736 1737/1737/1737 1738/1738/1738
f 1739/1739/1739 1740/1740/1740 1741/1741/1741
s 2
f 1742/1742/1742 130/130/130 1743/1743/1743
f 1742/1742/1742 131/131/131 130/130/130
f 677/677/677 697/697/697 678/678/678
f 678/678/678 1689/1689/1689 1744/1744/1744
s 1
f 1433/1433/1433 1465/1465/1465 1434/1434/1434
f 1745/1745/1745 1433/1433/1433 1746/1746/1746
s 2
f 1310/1310/1310 1312/1312/1312 1747/1747/1747
f 1748/1748/1748 1606/1606/1606 1310/1310/1310
s 6
f 1749/1749/1749 1750/1750/1750 1751/1751/1751
f 16/16/16 1396/1396/1396 1395/1395/1395
s 2
f 1752/1752/1752 1322/1322/1322 1325/1325/1325
f 172/172/172 171/171/171 448/448/448
s 7
f 1753/1753/1753 1754/1754/1754 1755/1755/1755
s 2
f 1019/1019/1019 141/141/141 143/143/143
s 1
f 874/874/874 663/663/663 665/665/665
f 1567/1567/1567 660/660/660 1568/1568/1568
s 2
f 1756/1756/1756 393/393/393 429/429/429
f 727/727/727 725/725/725 43/43/43
s 1
f 673/673/673 672/672/672 1757/1757/1757
f 1758/1758/1758 1759/1759/1759 1760/1760/1760
s 2
f 600/600/600 602/602/602 1761/1761/1761
f 600/600/600 1761/1761/1761 1598/1598/1598
s 7
f 453/453/453 952/952/952 1646/1646/1646
f 1754/1754/1754 1762/1762/1762 1755/1755/1755
s 6
f 1763/1763/1763 912/912/912 1227/1227/1227
s 8
f 1040/1040/1040 1764/1764/1764 1765/1765/1765
s 2
f 1766/1766/1766 1410/1410/1410 1412/1412/1412
s 46
f 1767/1767/1767 615/615/615 1768/1768/1768
s 2
f 1274/1274/1274 506/506/506 1769/1769/1769
f 1770/1770/1770 1147/1147/1147 1473/1473/1473
s 7
f 1771/1771/1771 367/367/367 366/366/366
f 1772/1772/1772 1773/1773/1773 1581/1581/1581
s 2
f 262/262/262 261/261/261 825/825/825
f 1066/1066/1066 1774/1774/1774 1067/1067/1067
f 804/804/804 493/493/493 805/805/805
f 1775/1775/1775 1186/1186/1186 1776/1776/1776
f 1777/1777/1777 1778/1778/1778 725/725/725
f 1777/1777/1777 1375/1375/1375 430/430/430
f 1779/1779/1779 1282/1282/1282 1780/1780/1780
f 1781/1781/1781 1284/1284/1284 1065/1065/1065
s 230
f 1710/1710/1710 1712/1712/1712 1782/1782/1782
f 1783/1783/1783 1784/1784/1784 1785/1785/1785
s 7
f 737/737/737 1786/1786/1786 1704/1704/1704
f 1698/1698/1698 344/344/344 1700/1700/1700
f 1787/1787/1787 1788/1788/1788 1789/1789/1789
f 383/383/383 1790/1790/1790 381/381/381
s 2
f 162/162/162 164/164/164 1791/1791/1791
s 109
f 1668/1668/1668 1091/1091/1091 586/586/586
s 1
f 655/655/655 658/658/658 1792/1792/1792
f 513/513/513 1792/1792/1792 514/514/514
s 2
f 1793/1793/1793 686/686/686 688/688/688
f 1794/1794/1794 429/429/429 1795/1795/1795
s 7
f 1796/1796/1796 1797/1797/1797 402/402/402
f 125/125/125 124/124/124 353/353/353
s 2
f 1798/1798/1798 52/52/52 95/95/95
f 1798/1798/1798 1251/1251/1251 52/52/52
f 1374/1374/1374 1799/1799/1799 276/276/276
f 1374/1374/1374 1373/1373/1373 1799/1799/1799
f 175/175/175 1800/1800/1800 176/176/176
f 189/189/189 1800/1800/1800 1390/1390/1390
f 1559/1559/1559 1425/1425/1425 1424/1424/1424
f 1424/1424/1424 793/793/793 682/682/682
s 7
f 1801/1801/1801 1802/1802/1802 1803/1803/1803
f 19/19/19 21/21/21 341/341/341
s 2
f 99/99/99 101/101/101 1804/1804/1804
f 1805/1805/1805 1806/1806/1806 1807/1807/1807
f 1808/1808/1808 1809/1809/1809 1810/1810/1810
f 1110/1110/1110 216/216/216 1111/1111/1111
f 122/122/122 1576/1576/1576 1578/1578/1578
f 193/193/193 192/192/192 1578/1578/1578
f 857/857/857 1811/1811/1811 858/858/858
s 109
f 1608/1608/1608 1610/1610/1610 1812/1812/1812
s 2
f 1810/1810/1810 1111/1111/1111 1813/1813/1813
f 1098/1098/1098 202/202/202 1096/1096/1096
f 1814/1814/1814 1815/1815/1815 1553/1553/1553
s 7
f 1816/1816/1816 1817/1817/1817 1818/1818/1818
s 2
f 1578/1578/1578 1577/1577/1577 1460/1460/1460
f 1819/1819/1819 1820/1820/1820 1501/1501/1501
f 1821/1821/1821 1125/1125/1125 1124/1124/1124
f 114/114/114 265/265/265 1821/1821/1821
s 46
f 1663/1663/1663 1822/1822/1822 1664/1664/1664
f 1591/1591/1591 1664/1664/1664 612/612/612
s 7
f 74/74/74 384/384/384 138/138/138
f 441/441/441 1823/1823/1823 439/439/439
s 2
f 1824/1824/1824 1825/1825/1825 1012/1012/1012
s 7
f 1826/1826/1826 1827/1827/1827 1631/1631/1631
s 2
f 1828/1828/1828 900/900/900 896/896/896
f 1325/1325/1325 1829/1829/1829 1830/1830/1830
s 46
f 1831/1831/1831 1832/1832/1832 1213/1213/1213
s 2
f 677/677/677 1211/1211/1211 301/301/301
s 7
f 812/812/812 1106/1106/1106 1116/1116/1116
s 2
f 1557/1557/1557 27/27/27 26/26/26
s 46
f 637/637/637 135/135/135 137/137/137
f 555/555/555 1486/1486/1486 556/556/556
s 8
f 973/973/973 22/22/22 971/971/971
f 996/996/996 1393/1393/1393 1833/1833/1833
s 2
f 335/335/335 1125/1125/1125 1834/1834/1834
f 1012/1012/1012 1835/1835/1835 1824/1824/1824
s 7
f 940/940/940 470/470/470 1383/1383/1383
f 468/468/468 470/470/470 940/940/940
s 2
f 1819/1819/1819 1836/1836/1836 1820/1820/1820
f 1576/1576/1576 1837/1837/1837 1577/1577/1577
f 398/398/398 1384/1384/1384 188/188/188
f 398/398/398 400/400/400 1838/1838/1838
s 4
f 1161/1161/1161 1839/1839/1839 1840/1840/1840
f 1841/1841/1841 1842/1842/1842 1843/1843/1843
s 2
f 214/214/214 100/100/100 99/99/99
f 1844/1844/1844 689/689/689 1845/1845/1845
f 1289/1289/1289 1500/1500/1500 1499/1499/1499
f 1459/1459/1459 1458/1458/1458 1311/1311/1311
s 8
f 1099/1099/1099 1846/1846/1846 722/722/722
f 1846/1846/1846 721/721/721 987/987/987
s 4
f 14/14/14 13/13/13 1733/1733/1733
f 1842/1842/1842 14/14/14 1840/1840/1840
s 46
f 296/296/296 298/298/298 465/465/465
f 1663/1663/1663 1847/1847/1847 1822/1822/1822
s 2
f 474/474/474 1848/1848/1848 475/475/475
f 72/72/72 230/230/230 232/232/232
s 4
f 955/955/955 1849/1849/1849 1850/1850/1850
f 884/884/884 886/886/886 1851/1851/1851
s 2
f 1807/1807/1807 1806/1806/1806 1852/1852/1852
f 1820/1820/1820 1836/1836/1836 1853/1853/1853
f 1854/1854/1854 627/627/627 544/544/544
f 860/860/860 1251/1251/1251 1254/1254/1254
s 4
f 1855/1855/1855 1851/1851/1851 1856/1856/1856
f 12/12/12 1857/1857/1857 1858/1858/1858
s 46
f 622/622/622 146/146/146 610/610/610
f 1859/1859/1859 733/733/733 732/732/732
s 2
f 1708/1708/1708 376/376/376 375/375/375
f 1356/1356/1356 1371/1371/1371 1372/1372/1372
f 1860/1860/1860 1206/1206/1206 1208/1208/1208
f 765/765/765 207/207/207 209/209/209
s 7
f 1861/1861/1861 1175/1175/1175 1174/1174/1174
f 1862/1862/1862 1182/1182/1182 1455/1455/1455
f 850/850/850 1863/1863/1863 1864/1864/1864
f 1865/1865/1865 1866/1866/1866 1864/1864/1864
s 46
f 1867/1867/1867 614/614/614 613/613/613
f 1329/1329/1329 1868/1868/1868 1327/1327/1327
s 2
f 1728/1728/1728 1260/1260/1260 1729/1729/1729
f 1357/1357/1357 1869/1869/1869 275/275/275
f 1445/1445/1445 1870/1870/1870 1871/1871/1871
f 1870/1870/1870 1445/1445/1445 1872/1872/1872
s 7
f 1456/1456/1456 1772/1772/1772 1873/1873/1873
f 133/133/133 1874/1874/1874 1875/1875/1875
f 1876/1876/1876 1511/1511/1511 1510/1510/1510
f 1739/1739/1739 1877/1877/1877 1878/1878/1878
f 1875/1875/1875 1874/1874/1874 837/837/837
f 1879/1879/1879 1246/1246/1246 1245/1245/1245
s 4
f 1851/1851/1851 1880/1880/1880 1856/1856/1856
f 10/10/10 12/12/12 1881/1881/1881
s 46
f 1332/1332/1332 325/325/325 324/324/324
f 635/635/635 1267/1267/1267 1266/1266/1266
s 7
f 927/927/927 1882/1882/1882 928/928/928
s 2
f 1883/1883/1883 1884/1884/1884 1885/1885/1885
f 1438/1438/1438 1886/1886/1886 1437/1437/1437
f 1342/1342/1342 1887/1887/1887 1343/1343/1343
s 1
f 1888/1888/1888 1432/1432/1432 1703/1703/1703
f 1430/1430/1430 1432/1432/1432 1889/1889/1889
s 7
f 1890/1890/1890 150/150/150 152/152/152
f 1891/1891/1891 1892/1892/1892 1893/1893/1893
s 2
f 863/863/863 1894/1894/1894 1895/1895/1895
f 1265/1265/1265 1264/1264/1264 1896/1896/1896
f 1103/1103/1103 1897/1897/1897 1898/1898/1898
f 1898/1898/1898 1897/1897/1897 1899/1899/1899
s 1
f 876/876/876 663/663/663 874/874/874
f 1746/1746/1746 1900/1900/1900 1745/1745/1745
s 2
f 92/92/92 1901/1901/1901 1405/1405/1405
f 1405/1405/1405 1901/1901/1901 1902/1902/1902
s 7
f 1903/1903/1903 30/30/30 1904/1904/1904
f 30/30/30 29/29/29 1905/1905/1905
s 2
f 822/822/822 1906/1906/1906 518/518/518
f 923/923/923 315/315/315 924/924/924
s 7
f 486/486/486 1401/1401/1401 487/487/487
f 1401/1401/1401 1907/1907/1907 1908/1908/1908
s 2
f 1367/1367/1367 1366/1366/1366 1909/1909/1909
f 1910/1910/1910 1911/1911/1911 1912/1912/1912
f 752/752/752 1913/1913/1913 390/390/390
f 1913/1913/1913 62/62/62 1128/1128/1128
s 7
f 1662/1662/1662 755/755/755 581/581/581
f 1573/1573/1573 1914/1914/1914 574/574/574
s 2
f 1915/1915/1915 1871/1871/1871 66/66/66
f 292/292/292 1447/1447/1447 1446/1446/1446
f 937/937/937 936/936/936 1113/1113/1113
f 1916/1916/1916 906/906/906 905/905/905
f 1844/1844/1844 1917/1917/1917 689/689/689
f 1147/1147/1147 1918/1918/1918 1474/1474/1474
f 1444/1444/1444 1447/1447/1447 292/292/292
f 1373/1373/1373 295/295/295 1799/1799/1799
f 1919/1919/1919 760/760/760 25/25/25
s 7
f 1920/1920/1920 1031/1031/1031 653/653/653
s 2
f 1921/1921/1921 792/792/792 793/793/793
f 1922/1922/1922 1726/1726/1726 1923/1923/1923
f 694/694/694 577/577/577 576/576/576
f 1924/1924/1924 1347/1347/1347 1348/1348/1348
s 4
f 1925/1925/1925 1926/1926/1926 1927/1927/1927
f 1841/1841/1841 1843/1843/1843 1928/1928/1928
s 2
f 1929/1929/1929 1200/1200/1200 1199/1199/1199
f 1425/1425/1425 1930/1930/1930 1423/1423/1423
f 1931/1931/1931 1932/1932/1932 1933/1933/1933
f 1934/1934/1934 1413/1413/1413 480/480/480
s 4
f 1935/1935/1935 1925/1925/1925 1858/1858/1858
f 1936/1936/1936 1937/1937/1937 1938/1938/1938
f 956/956/956 1939/1939/1939 1120/1120/1120
f 1850/1850/1850 957/957/957 959/959/959
f 1935/1935/1935 1940/1940/1940 1925/1925/1925
s 568
f 1941/1941/1941 1942/1942/1942 1943/1943/1943
s 8
f 993/993/993 1944/1944/1944 1038/1038/1038
s 230
f 1244/1244/1244 1042/1042/1042 1945/1945/1945
s 4
f 1925/1925/1925 1940/1940/1940 1926/1926/1926
s 568
f 1943/1943/1943 1942/1942/1942 1946/1946/1946
s 2
f 1947/1947/1947 1437/1437/1437 1436/1436/1436
f 4/4/4 6/6/6 1948/1948/1948
f 1743/1743/1743 1949/1949/1949 1742/1742/1742
f 1950/1950/1950 278/278/278 1951/1951/1951
f 1442/1442/1442 1952/1952/1952 113/113/113
f 1546/1546/1546 1440/1440/1440 1439/1439/1439
s 1
f 1600/1600/1600 1953/1953/1953 645/645/645
f 1309/1309/1309 659/659/659 658/658/658
s 46
f 558/558/558 782/782/782 781/781/781
f 558/558/558 781/781/781 1954/1954/1954
s 2
f 1916/1916/1916 905/905/905 1955/1955/1955
f 76/76/76 1830/1830/1830 77/77/77
s 109
f 1667/1667/1667 1956/1956/1956 1668/1668/1668
f 1026/1026/1026 590/590/590 589/589/589
s 2
f 1957/1957/1957 1958/1958/1958 1959/1959/1959
f 1960/1960/1960 1961/1961/1961 1962/1962/1962
s 7
f 1963/1963/1963 1547/1547/1547 313/313/313
f 1964/1964/1964 819/819/819 1965/1965/1965
s 4
f 1966/1966/1966 1937/1937/1937 1967/1967/1967
f 1937/1937/1937 1968/1968/1968 1938/1938/1938
s 8
f 1764/1764/1764 1969/1969/1969 1970/1970/1970
f 1971/1971/1971 1039/1039/1039 1061/1061/1061
s 2
f 899/899/899 1972/1972/1972 449/449/449
f 1443/1443/1443 1442/1442/1442 113/113/113
s 46
f 1327/1327/1327 1868/1868/1868 1973/1973/1973
f 638/638/638 1974/1974/1974 1973/1973/1973
s 2
f 743/743/743 742/742/742 1975/1975/1975
f 728/728/728 727/727/727 1976/1976/1976
s 7
f 1719/1719/1719 212/212/212 1718/1718/1718
f 1496/1496/1496 288/288/288 1977/1977/1977
f 1116/1116/1116 365/365/365 1978/1978/1978
f 1979/1979/1979 445/445/445 447/447/447
s 4
f 1734/1734/1734 1731/1731/1731 1732/1732/1732
f 1002/1002/1002 1001/1001/1001 945/945/945
s 2
f 6/6/6 194/194/194 1948/1948/1948
s 46
f 1980/1980/1980 1981/1981/1981 1982/1982/1982
s 7
f 1983/1983/1983 1753/1753/1753 1755/1755/1755
s 2
f 1984/1984/1984 1017/1017/1017 1019/1019/1019
f 1144/1144/1144 1505/1505/1505 1504/1504/1504
f 1142/1142/1142 1177/1177/1177 56/56/56
f 1363/1363/1363 1985/1985/1985 154/154/154
f 1477/1477/1477 91/91/91 925/925/925
s 7
f 1986/1986/1986 1334/1334/1334 1333/1333/1333
f 1987/1987/1987 1988/1988/1988 345/345/345
s 2
f 1075/1075/1075 578/578/578 576/576/576
f 695/695/695 694/694/694 576/576/576
s 7
f 1817/1817/1817 339/339/339 1818/1818/1818
f 1989/1989/1989 436/436/436 1990/1990/1990
s 2
f 544/544/544 627/627/627 542/542/542
f 1707/1707/1707 1709/1709/1709 627/627/627
s 7
f 1647/1647/1647 1280/1280/1280 1991/1991/1991
f 1280/1280/1280 1281/1281/1281 1991/1991/1991
s 2
f 715/715/715 1992/1992/1992 337/337/337
f 1993/1993/1993 1994/1994/1994 359/359/359
s 1
f 1995/1995/1995 1996/1996/1996 1997/1997/1997
f 1998/1998/1998 1999/1999/1999 2000/2000/2000
s 2
f 579/579/579 2001/2001/2001 580/580/580
f 693/693/693 691/691/691 690/690/690
f 1212/1212/1212 2002/2002/2002 2003/2003/2003
f 761/761/761 762/762/762 2004/2004/2004
f 1285/1285/1285 2005/2005/2005 1066/1066/1066
f 1284/1284/1284 1285/1285/1285 1065/1065/1065
s 7
f 990/990/990 2006/2006/2006 988/988/988
f 2007/2007/2007 357/357/357 2008/2008/2008
s 1
f 1303/1303/1303 525/525/525 524/524/524
f 1303/1303/1303 524/524/524 675/675/675
s 6
f 912/912/912 1228/1228/1228 1227/1227/1227
f 1396/1396/1396 16/16/16 2009/2009/2009
s 7
f 1826/1826/1826 1631/1631/1631 1630/1630/1630
s 2
f 1067/1067/1067 1774/1774/1774 2010/2010/2010
f 2011/2011/2011 1480/1480/1480 1483/1483/1483
f 72/72/72 71/71/71 230/230/230
f 752/752/752 79/79/79 78/78/78
f 1530/1530/1530 2012/2012/2012 1531/1531/1531
f 314/314/314 316/316/316 2013/2013/2013
f 1139/1139/1139 520/520/520 1140/1140/1140
f 2014/2014/2014 1715/1715/1715 1714/1714/1714
f 2015/2015/2015 2016/2016/2016 2014/2014/2014
s 46
f 147/147/147 149/149/149 2017/2017/2017
f 1684/1684/1684 534/534/534 1682/1682/1682
s 2
f 542/542/542 377/377/377 2018/2018/2018
f 2019/2019/2019 1541/1541/1541 1543/1543/1543
f 476/476/476 475/475/475 477/477/477
f 1804/1804/1804 2020/2020/2020 1256/1256/1256
f 78/78/78 80/80/80 2021/2021/2021
f 2022/2022/2022 2023/2023/2023 531/531/531
s 7
f 573/573/573 572/572/572 2024/2024/2024
f 770/770/770 769/769/769 1203/1203/1203
f 2025/2025/2025 2026/2026/2026 853/853/853
f 748/748/748 747/747/747 2027/2027/2027
s 4
f 2028/2028/2028 1851/1851/1851 1059/1059/1059
f 12/12/12 1851/1851/1851 1881/1881/1881
s 2
f 425/425/425 530/530/530 1720/1720/1720
f 1915/1915/1915 66/66/66 2029/2029/2029
s 46
f 571/571/571 772/772/772 669/669/669
f 2030/2030/2030 1954/1954/1954 2031/2031/2031
s 2
f 33/33/33 32/32/32 1192/1192/1192
f 97/97/97 1052/1052/1052 98/98/98
s 6
f 1622/1622/1622 1613/1613/1613 1623/1623/1623
s 8
f 2032/2032/2032 1635/1635/1635 1637/1637/1637
s 7
f 649/649/649 504/504/504 503/503/503
f 653/653/653 1032/1032/1032 654/654/654
s 2
f 1388/1388/1388 1051/1051/1051 1386/1386/1386
f 861/861/861 863/863/863 2033/2033/2033
s 7
f 68/68/68 2034/2034/2034 73/73/73
f 2035/2035/2035 1400/1400/1400 964/964/964
s 2
f 680/680/680 2036/2036/2036 2037/2037/2037
f 59/59/59 2038/2038/2038 2039/2039/2039
s 7
f 2040/2040/2040 2041/2041/2041 582/582/582
f 755/755/755 758/758/758 2042/2042/2042
s 2
f 2043/2043/2043 808/808/808 809/809/809
f 399/399/399 1912/1912/1912 1911/1911/1911
f 360/360/360 359/359/359 1994/1994/1994
s 7
f 358/358/358 357/357/357 2007/2007/2007
s 2
f 1315/1315/1315 813/813/813 1316/1316/1316
s 7
f 2044/2044/2044 2045/2045/2045 812/812/812
s 2
f 1193/1193/1193 1195/1195/1195 1615/1615/1615
f 32/32/32 1052/1052/1052 2046/2046/2046
f 128/128/128 2047/2047/2047 1013/1013/1013
f 2048/2048/2048 1014/1014/1014 1016/1016/1016
s 1
f 1453/1453/1453 1584/1584/1584 1583/1583/1583
f 1296/1296/1296 1433/1433/1433 1435/1435/1435
s 4
f 998/998/998 887/887/887 1000/1000/1000
f 2049/2049/2049 887/887/887 943/943/943
s 2
f 825/825/825 2048/2048/2048 1016/1016/1016
f 825/825/825 2005/2005/2005 2050/2050/2050
f 1962/1962/1962 1141/1141/1141 1960/1960/1960
f 1141/1141/1141 1140/1140/1140 1960/1960/1960
f 1253/1253/1253 1677/1677/1677 2051/2051/2051
f 626/626/626 692/692/692 2052/2052/2052
s 1
f 2053/2053/2053 665/665/665 608/608/608
f 514/514/514 1792/1792/1792 608/608/608
s 2
f 1397/1397/1397 2054/2054/2054 924/924/924
f 2055/2055/2055 2056/2056/2056 1398/1398/1398
s 7
f 457/457/457 456/456/456 2057/2057/2057
f 270/270/270 2058/2058/2058 352/352/352
s 2
f 2059/2059/2059 2060/2060/2060 1397/1397/1397
f 318/318/318 236/236/236 238/238/238
s 7
f 2061/2061/2061 1512/1512/1512 917/917/917
f 1905/1905/1905 2061/2061/2061 227/227/227
f 1863/1863/1863 850/850/850 2062/2062/2062
f 1586/1586/1586 2063/2063/2063 2062/2062/2062
f 2064/2064/2064 456/456/456 2065/2065/2065
f 1706/1706/1706 2066/2066/2066 1705/1705/1705
s 2
f 1336/1336/1336 2067/2067/2067 2068/2068/2068
f 1642/1642/1642 2068/2068/2068 1640/1640/1640
s 7
f 847/847/847 228/228/228 2069/2069/2069
f 2070/2070/2070 228/228/228 227/227/227
f 758/758/758 757/757/757 159/159/159
f 1166/1166/1166 281/281/281 1167/1167/1167
s 4
f 944/944/944 1158/1158/1158 1057/1057/1057
f 2071/2071/2071 958/958/958 957/957/957
s 7
f 2072/2072/2072 1988/1988/1988 1987/1987/1987
f 353/353/353 355/355/355 2073/2073/2073
s 4
f 1121/1121/1121 1123/1123/1123 2074/2074/2074
f 10/10/10 1881/1881/1881 954/954/954
s 1
f 1746/1746/1746 1171/1171/1171 1170/1170/1170
f 1170/1170/1170 1133/1133/1133 512/512/512
s 7
f 816/816/816 1964/1964/1964 1965/1965/1965
f 963/963/963 2075/2075/2075 2076/2076/2076
s 109
f 2077/2077/2077 2078/2078/2078 2079/2079/2079
f 1595/1595/1595 1597/1597/1597 968/968/968
s 1
f 2080/2080/2080 524/524/524 3/3/3
f 2/2/2 873/873/873 3/3/3
s 7
f 291/291/291 290/290/290 2081/2081/2081
f 310/310/310 1788/1788/1788 1787/1787/1787
s 2
f 843/843/843 2082/2082/2082 2083/2083/2083
f 2082/2082/2082 843/843/843 304/304/304
f 1730/1730/1730 1297/1297/1297 1257/1257/1257
f 1291/1291/1291 273/273/273 272/272/272
s 7
f 1862/1862/1862 1455/1455/1455 2084/2084/2084
f 2085/2085/2085 811/811/811 810/810/810
s 2
f 429/429/429 701/701/701 2086/2086/2086
f 429/429/429 2086/2086/2086 1778/1778/1778
s 1
f 656/656/656 2087/2087/2087 2088/2088/2088
f 513/513/513 2087/2087/2087 1792/1792/1792
s 4
f 2071/2071/2071 957/957/957 1059/1059/1059
f 1059/1059/1059 2089/2089/2089 2028/2028/2028
s 46
f 555/555/555 1954/1954/1954 2030/2030/2030
f 557/557/557 558/558/558 1954/1954/1954
s 2
f 1313/1313/1313 2090/2090/2090 1314/1314/1314
f 103/103/103 102/102/102 1314/1314/1314
s 7
f 1628/1628/1628 1625/1625/1625 284/284/284
f 284/284/284 1625/1625/1625 584/584/584
s 1
f 2091/2091/2091 3/3/3 873/873/873
f 1155/1155/1155 2091/2091/2091 873/873/873
s 2
f 1048/1048/1048 1427/1427/1427 2092/2092/2092
f 864/864/864 2092/2092/2092 865/865/865
f 1505/1505/1505 1519/1519/1519 1518/1518/1518
f 251/251/251 104/104/104 2093/2093/2093
f 1071/1071/1071 1614/1614/1614 1076/1076/1076
f 2094/2094/2094 1075/1075/1075 576/576/576
f 2095/2095/2095 1251/1251/1251 1798/1798/1798
f 2096/2096/2096 1254/1254/1254 2097/2097/2097
f 1901/1901/1901 92/92/92 2098/2098/2098
f 2098/2098/2098 1363/1363/1363 2099/2099/2099
s 7
f 458/458/458 2100/2100/2100 169/169/169
f 2100/2100/2100 2101/2101/2101 1547/1547/1547
f 574/574/574 1914/1914/1914 1662/1662/1662
f 285/285/285 284/284/284 584/584/584
f 2102/2102/2102 73/73/73 2034/2034/2034
f 1790/1790/1790 384/384/384 2103/2103/2103
s 2
f 1929/1929/1929 1199/1199/1199 2104/2104/2104
f 2105/2105/2105 2106/2106/2106 1558/1558/1558
f 977/977/977 2107/2107/2107 260/260/260
f 979/979/979 978/978/978 2108/2108/2108
s 1
f 2109/2109/2109 1430/1430/1430 1889/1889/1889
f 1304/1304/1304 1294/1294/1294 1295/1295/1295
f 1170/1170/1170 512/512/512 2110/2110/2110
f 664/664/664 1900/1900/1900 2110/2110/2110
s 7
f 2111/2111/2111 2112/2112/2112 1632/1632/1632
f 2111/2111/2111 1827/1827/1827 2112/2112/2112
s 46
f 1214/1214/1214 1859/1859/1859 732/732/732
f 1213/1213/1213 1832/1832/1832 1214/1214/1214
s 8
f 972/972/972 2113/2113/2113 996/996/996
s 6
f 1490/1490/1490 1493/1493/1493 1491/1491/1491
s 7
f 2114/2114/2114 1988/1988/1988 2072/2072/2072
f 2114/2114/2114 2115/2115/2115 2116/2116/2116
s 2
f 235/235/235 2117/2117/2117 2118/2118/2118
f 1726/1726/1726 791/791/791 2117/2117/2117
s 7
f 649/649/649 503/503/503 650/650/650
f 834/834/834 836/836/836 2119/2119/2119
s 2
f 321/321/321 337/337/337 1992/1992/1992
f 2120/2120/2120 1992/1992/1992 2121/2121/2121
s 8
f 1394/1394/1394 2122/2122/2122 2123/2123/2123
f 1038/1038/1038 1944/1944/1944 1036/1036/1036
s 2
f 1685/1685/1685 1686/1686/1686 897/897/897
f 449/449/449 55/55/55 2124/2124/2124
s 8
f 1088/1088/1088 1090/1090/1090 23/23/23
s 230
f 1247/1247/1247 709/709/709 1102/1102/1102
s 7
f 21/21/21 2125/2125/2125 1495/1495/1495
f 2126/2126/2126 2076/2076/2076 2075/2075/2075
f 339/339/339 338/338/338 1818/1818/1818
f 2127/2127/2127 1818/1818/1818 2128/2128/2128
s 2
f 2129/2129/2129 1693/1693/1693 1692/1692/1692
f 364/364/364 935/935/935 937/937/937
s 7
f 950/950/950 952/952/952 452/452/452
f 1762/1762/1762 952/952/952 453/453/453
f 1467/1467/1467 831/831/831 830/830/830
f 1467/1467/1467 1470/1470/1470 2130/2130/2130
s 2
f 2131/2131/2131 2132/2132/2132 2133/2133/2133
f 2132/2132/2132 2134/2134/2134 2133/2133/2133
f 70/70/70 1472/1472/1472 71/71/71
f 1472/1472/1472 689/689/689 1917/1917/1917
f 789/789/789 2135/2135/2135 787/787/787
f 1781/1781/1781 1780/1780/1780 1282/1282/1282
s 7
f 2136/2136/2136 2137/2137/2137 1627/1627/1627
f 747/747/747 749/749/749 226/226/226
s 1
f 1599/1599/1599 657/657/657 1760/1760/1760
f 1760/1760/1760 9/9/9 1758/1758/1758
s 2
f 2095/2095/2095 2096/2096/2096 2097/2097/2097
f 858/858/858 2138/2138/2138 2096/2096/2096
f 2118/2118/2118 696/696/696 235/235/235
f 2139/2139/2139 2140/2140/2140 2092/2092/2092
s 7
f 226/226/226 652/652/652 2136/2136/2136
f 652/652/652 654/654/654 2136/2136/2136
s 2
f 1283/1283/1283 522/522/522 521/521/521
f 1019/1019/1019 1018/1018/1018 141/141/141
s 7
f 2034/2034/2034 68/68/68 1163/1163/1163
s 2
f 2141/2141/2141 511/511/511 510/510/510
s 1
f 2142/2142/2142 2143/2143/2143 2144/2144/2144
f 2145/2145/2145 2142/2142/2142 1567/1567/1567
s 7
f 989/989/989 2146/2146/2146 877/877/877
f 245/245/245 1647/1647/1647 1903/1903/1903
f 2147/2147/2147 1239/1239/1239 1238/1238/1238
f 2147/2147/2147 2025/2025/2025 853/853/853
s 2
f 1074/1074/1074 47/47/47 579/579/579
f 47/47/47 46/46/46 579/579/579
f 471/471/471 1419/1419/1419 1539/1539/1539
f 938/938/938 906/906/906 1916/1916/1916
s 4
f 12/12/12 1858/1858/1858 1880/1880/1880
f 1851/1851/1851 12/12/12 1880/1880/1880
s 7
f 1456/1456/1456 1182/1182/1182 1181/1181/1181
f 1772/1772/1772 1456/1456/1456 1181/1181/1181
f 157/157/157 2148/2148/2148 158/158/158
f 1648/1648/1648 157/157/157 1377/1377/1377
s 2
f 2047/2047/2047 1011/1011/1011 1013/1013/1013
s 109
f 2149/2149/2149 2079/2079/2079 2078/2078/2078
s 2
f 65/65/65 423/423/423 66/66/66
f 1223/1223/1223 423/423/423 560/560/560
s 7
f 2042/2042/2042 161/161/161 2040/2040/2040
f 161/161/161 160/160/160 2040/2040/2040
s 2
f 2150/2150/2150 2151/2151/2151 740/740/740
f 2150/2150/2150 1569/1569/1569 1570/1570/1570
f 83/83/83 205/205/205 204/204/204
f 977/977/977 260/260/260 2108/2108/2108
f 2152/2152/2152 2153/2153/2153 167/167/167
f 1092/1092/1092 1093/1093/1093 2154/2154/2154
s 7
f 849/849/849 1863/1863/1863 2062/2062/2062
f 849/849/849 134/134/134 1580/1580/1580
s 2
f 1899/1899/1899 1897/1897/1897 2155/2155/2155
f 2156/2156/2156 32/32/32 31/31/31
f 425/425/425 424/424/424 530/530/530
f 1418/1418/1418 1417/1417/1417 2157/2157/2157
f 1325/1325/1325 1322/1322/1322 2158/2158/2158
f 1325/1325/1325 2158/2158/2158 1829/1829/1829
f 597/597/597 599/599/599 1083/1083/1083
f 1076/1076/1076 1068/1068/1068 2159/2159/2159
f 36/36/36 199/199/199 2160/2160/2160
f 1810/1810/1810 199/199/199 1808/1808/1808
f 2152/2152/2152 167/167/167 2161/2161/2161
s 109
f 590/590/590 331/331/331 2162/2162/2162
s 2
f 405/405/405 404/404/404 420/420/420
f 2163/2163/2163 2164/2164/2164 2165/2165/2165
f 200/200/200 199/199/199 1097/1097/1097
f 1094/1094/1094 1097/1097/1097 1506/1506/1506
f 1299/1299/1299 1381/1381/1381 1380/1380/1380
f 2166/2166/2166 2167/2167/2167 492/492/492
s 1
f 871/871/871 873/873/873 2/2/2
f 1745/1745/1745 1465/1465/1465 1433/1433/1433
s 2
f 300/300/300 2168/2168/2168 186/186/186
f 1838/1838/1838 1370/1370/1370 186/186/186
f 59/59/59 58/58/58 681/681/681
f 1524/1524/1524 2169/2169/2169 865/865/865
f 405/405/405 420/420/420 2163/2163/2163
f 2163/2163/2163 2170/2170/2170 2068/2068/2068
f 1318/1318/1318 49/49/49 51/51/51
f 902/902/902 1598/1598/1598 1082/1082/1082
f 492/492/492 494/494/494 1299/1299/1299
f 492/492/492 1299/1299/1299 1380/1380/1380
s 1
f 2171/2171/2171 1171/1171/1171 1295/1295/1295
f 1134/1134/1134 1169/1169/1169 1135/1135/1135
s 620
f 2172/2172/2172 2173/2173/2173 2174/2174/2174
s 4
f 1935/1935/1935 1858/1858/1858 1967/1967/1967
s 7
f 1618/1618/1618 1657/1657/1657 1616/1616/1616
f 1657/1657/1657 776/776/776 1587/1587/1587
f 2175/2175/2175 1877/1877/1877 1739/1739/1739
f 2175/2175/2175 934/934/934 1632/1632/1632
s 109
f 332/332/332 331/331/331 590/590/590
f 1595/1595/1595 1594/1594/1594 1597/1597/1597
s 2
f 1003/1003/1003 2052/2052/2052 692/692/692
f 1707/1707/1707 1006/1006/1006 1709/1709/1709
f 398/398/398 1838/1838/1838 1384/1384/1384
f 1838/1838/1838 186/186/186 1384/1384/1384
f 1726/1726/1726 1922/1922/1922 791/791/791
f 1922/1922/1922 790/790/790 791/791/791
f 2001/2001/2001 1005/1005/1005 1004/1004/1004
f 580/580/580 2001/2001/2001 1004/1004/1004
s 4
f 1967/1967/1967 1937/1937/1937 2176/2176/2176
f 2177/2177/2177 1937/1937/1937 1936/1936/1936
s 2
f 809/809/809 413/413/413 416/416/416
f 413/413/413 277/277/277 2178/2178/2178
s 1
f 2179/2179/2179 644/644/644 646/646/646
f 1179/1179/1179 1180/1180/1180 515/515/515
s 2
f 693/693/693 690/690/690 694/694/694
f 694/694/694 690/690/690 577/577/577
f 2180/2180/2180 2181/2181/2181 2182/2182/2182
f 2182/2182/2182 1191/1191/1191 1723/1723/1723
f 25/25/25 27/27/27 2183/2183/2183
f 1919/1919/1919 25/25/25 2183/2183/2183
f 413/413/413 2178/2178/2178 416/416/416
f 416/416/416 2184/2184/2184 2185/2185/2185
f 865/865/865 862/862/862 861/861/861
f 865/865/865 2169/2169/2169 862/862/862
f 1411/1411/1411 1436/1436/1436 1412/1412/1412
f 2186/2186/2186 1947/1947/1947 1436/1436/1436
s 230
f 1658/1658/1658 1044/1044/1044 1043/1043/1043
f 2187/2187/2187 2188/2188/2188 1658/1658/1658
s 46
f 615/615/615 2189/2189/2189 1768/1768/1768
f 243/243/243 2190/2190/2190 244/244/244
s 2
f 1844/1844/1844 100/100/100 214/214/214
f 702/702/702 687/687/687 214/214/214
s 1
f 648/648/648 1156/1156/1156 2191/2191/2191
f 527/527/527 529/529/529 2192/2192/2192
s 2
f 1050/1050/1050 1555/1555/1555 1554/1554/1554
f 1744/1744/1744 1687/1687/1687 2193/2193/2193
s 230
f 2194/2194/2194 1658/1658/1658 1043/1043/1043
f 2195/2195/2195 1710/1710/1710 1782/1782/1782
s 2
f 63/63/63 880/880/880 61/61/61
f 2196/2196/2196 2197/2197/2197 881/881/881
f 2198/2198/2198 1140/1140/1140 2199/2199/2199
f 519/519/519 261/261/261 263/263/263
s 1
f 2142/2142/2142 2144/2144/2144 1567/1567/1567
f 1567/1567/1567 661/661/661 660/660/660
s 2
f 1077/1077/1077 1079/1079/1079 1697/1697/1697
f 1672/1672/1672 1671/1671/1671 1207/1207/1207
f 1305/1305/1305 47/47/47 1074/1074/1074
f 1193/1193/1193 1053/1053/1053 1194/1194/1194
s 8
f 2200/2200/2200 1085/1085/1085 1605/1605/1605
s 6
f 2201/2201/2201 1492/1492/1492 1491/1491/1491
s 8
f 987/987/987 721/721/721 985/985/985
f 1639/1639/1639 2202/2202/2202 1635/1635/1635
s 2
f 217/217/217 897/897/897 203/203/203
f 897/897/897 1686/1686/1686 203/203/203
s 6
f 2203/2203/2203 710/710/710 1613/1613/1613
f 2204/2204/2204 710/710/710 1229/1229/1229
s 2
f 1346/1346/1346 1747/1747/1747 1344/1344/1344
f 1748/1748/1748 1310/1310/1310 1747/1747/1747
f 804/804/804 2205/2205/2205 493/493/493
f 2205/2205/2205 473/473/473 472/472/472
f 2206/2206/2206 1972/1972/1972 899/899/899
f 1322/1322/1322 435/435/435 1323/1323/1323
f 2099/2099/2099 1363/1363/1363 153/153/153
f 2207/2207/2207 1137/1137/1137 1136/1136/1136
s 230
f 1548/1548/1548 1100/1100/1100 1063/1063/1063
f 1232/1232/1232 1044/1044/1044 1658/1658/1658
s 7
f 1204/1204/1204 2208/2208/2208 1652/1652/1652
f 223/223/223 2208/2208/2208 2041/2041/2041
s 4
f 946/946/946 1160/1160/1160 1159/1159/1159
f 1001/1001/1001 946/946/946 945/945/945
s 7
f 1879/1879/1879 1245/1245/1245 501/501/501
f 501/501/501 1476/1476/1476 2209/2209/2209
s 2
f 75/75/75 897/897/897 217/217/217
f 1110/1110/1110 1109/1109/1109 1694/1694/1694
s 8
f 2123/2123/2123 2122/2122/2122 2210/2210/2210
s 6
f 1749/1749/1749 1751/1751/1751 1395/1395/1395
s 7
f 455/455/455 454/454/454 340/340/340
f 1221/1221/1221 356/356/356 358/358/358
s 2
f 1416/1416/1416 537/537/537 536/536/536
f 1035/1035/1035 1536/1536/1536 1033/1033/1033
s 7
f 2061/2061/2061 917/917/917 227/227/227
f 2070/2070/2070 227/227/227 917/917/917
s 46
f 1271/1271/1271 2211/2211/2211 2212/2212/2212
f 1272/1272/1272 1271/1271/1271 2212/2212/2212
s 1
f 1135/1135/1135 673/673/673 8/8/8
f 673/673/673 1759/1759/1759 1758/1758/1758
s 2
f 1421/1421/1421 1462/1462/1462 1461/1461/1461
f 1421/1421/1421 193/193/193 1578/1578/1578
f 230/230/230 71/71/71 1480/1480/1480
f 71/71/71 1471/1471/1471 1480/1480/1480
f 601/601/601 600/600/600 2213/2213/2213
f 977/977/977 601/601/601 2214/2214/2214
s 8
f 1087/1087/1087 23/23/23 1090/1090/1090
f 1085/1085/1085 1087/1087/1087 1090/1090/1090
s 2
f 2215/2215/2215 252/252/252 254/254/254
f 1516/1516/1516 254/254/254 1517/1517/1517
s 7
f 1581/1581/1581 1217/1217/1217 1226/1226/1226
f 1184/1184/1184 123/123/123 1581/1581/1581
s 2
f 701/701/701 702/702/702 213/213/213
f 1795/1795/1795 688/688/688 1794/1794/1794
s 4
f 945/945/945 947/947/947 1733/1733/1733
f 2216/2216/2216 14/14/14 1733/1733/1733
s 2
f 53/53/53 844/844/844 2217/2217/2217
f 842/842/842 844/844/844 53/53/53
f 2003/2003/2003 2002/2002/2002 2004/2004/2004
f 730/730/730 2218/2218/2218 2219/2219/2219
f 1409/1409/1409 1535/1535/1535 35/35/35
f 1405/1405/1405 1902/1902/1902 1406/1406/1406
f 2220/2220/2220 1319/1319/1319 2221/2221/2221
f 904/904/904 903/903/903 294/294/294
f 44/44/44 962/962/962 2222/2222/2222
f 1837/1837/1837 1836/1836/1836 1819/1819/1819
f 935/935/935 910/910/910 936/936/936
f 1958/1958/1958 910/910/910 1959/1959/1959
s 7
f 2066/2066/2066 2223/2223/2223 1705/1705/1705
f 168/168/168 458/458/458 169/169/169
f 1467/1467/1467 2130/2130/2130 773/773/773
f 502/502/502 2224/2224/2224 2225/2225/2225
s 2
f 1598/1598/1598 902/902/902 51/51/51
f 51/51/51 600/600/600 1598/1598/1598
f 1359/1359/1359 473/473/473 1358/1358/1358
f 473/473/473 2205/2205/2205 1185/1185/1185
f 174/174/174 640/640/640 175/175/175
f 640/640/640 2226/2226/2226 641/641/641
s 7
f 140/140/140 438/438/438 437/437/437
f 800/800/800 802/802/802 140/140/140
f 287/287/287 286/286/286 965/965/965
f 2125/2125/2125 2126/2126/2126 286/286/286
s 2
f 110/110/110 109/109/109 1324/1324/1324
f 905/905/905 2227/2227/2227 1955/1955/1955
f 186/186/186 2168/2168/2168 189/189/189
f 189/189/189 2228/2228/2228 186/186/186
s 46
f 2229/2229/2229 2230/2230/2230 464/464/464
f 1127/1127/1127 595/595/595 2230/2230/2230
s 7
f 581/581/581 574/574/574 1662/1662/1662
f 574/574/574 581/581/581 572/572/572
f 2175/2175/2175 1632/1632/1632 2231/2231/2231
f 1632/1632/1632 2112/2112/2112 2231/2231/2231
s 2
f 551/551/551 2232/2232/2232 552/552/552
s 46
f 148/148/148 535/535/535 2233/2233/2233
s 7
f 1204/1204/1204 1652/1652/1652 1653/1653/1653
s 46
f 771/771/771 2234/2234/2234 667/667/667
s 230
f 1945/1945/1945 2235/2235/2235 1244/1244/1244
f 2236/2236/2236 2237/2237/2237 1241/1241/1241
s 7
f 2238/2238/2238 410/410/410 412/412/412
f 2239/2239/2239 407/407/407 409/409/409
s 2
f 962/962/962 44/44/44 960/960/960
f 44/44/44 701/701/701 960/960/960
s 7
f 2240/2240/2240 1617/1617/1617 2241/2241/2241
f 2241/2241/2241 2242/2242/2242 2243/2243/2243
s 1
f 673/673/673 1757/1757/1757 1759/1759/1759
f 2179/2179/2179 646/646/646 676/676/676
s 7
f 1167/1167/1167 2063/2063/2063 1586/1586/1586
f 773/773/773 2244/2244/2244 2245/2245/2245
s 109
f 1026/1026/1026 2246/2246/2246 590/590/590
f 590/590/590 2246/2246/2246 332/332/332
s 2
f 629/629/629 1530/1530/1530 1529/1529/1529
f 205/205/205 2247/2247/2247 206/206/206
s 1
f 529/529/529 1307/1307/1307 1566/1566/1566
f 1308/1308/1308 517/517/517 2248/2248/2248
s 2
f 418/418/418 2068/2068/2068 2067/2067/2067
s 7
f 2249/2249/2249 19/19/19 342/342/342
s 2
f 1911/1911/1911 2250/2250/2250 1385/1385/1385
f 1910/1910/1910 2250/2250/2250 1911/1911/1911
f 195/195/195 197/197/197 1513/1513/1513
f 1056/1056/1056 1055/1055/1055 1515/1515/1515
s 1
f 661/661/661 605/605/605 662/662/662
f 872/872/872 605/605/605 873/873/873
s 2
f 680/680/680 59/59/59 681/681/681
f 59/59/59 680/680/680 2037/2037/2037
f 379/379/379 1341/1341/1341 891/891/891
f 231/231/231 1341/1341/1341 379/379/379
f 1367/1367/1367 233/233/233 696/696/696
f 1367/1367/1367 1909/1909/1909 233/233/233
f 98/98/98 1052/1052/1052 32/32/32
f 98/98/98 32/32/32 2156/2156/2156
f 1258/1258/1258 477/477/477 479/479/479
f 2251/2251/2251 476/476/476 477/477/477
s 7
f 2252/2252/2252 2253/2253/2253 1246/1246/1246
f 1245/1245/1245 1246/1246/1246 2253/2253/2253
s 2
f 698/698/698 697/697/697 677/677/677
f 1369/1369/1369 2254/2254/2254 397/397/397
f 2255/2255/2255 483/483/483 485/485/485
f 1766/1766/1766 1412/1412/1412 2255/2255/2255
f 1356/1356/1356 1372/1372/1372 2256/2256/2256
f 1869/1869/1869 1357/1357/1357 1356/1356/1356
s 7
f 1908/1908/1908 1907/1907/1907 1403/1403/1403
f 152/152/152 1907/1907/1907 1890/1890/1890
s 109
f 706/706/706 2257/2257/2257 2258/2258/2258
f 1029/1029/1029 706/706/706 2259/2259/2259
s 7
f 802/802/802 2260/2260/2260 140/140/140
s 2
f 803/803/803 805/805/805 2167/2167/2167
s 109
f 585/585/585 706/706/706 1667/1667/1667
f 585/585/585 1667/1667/1667 1668/1668/1668
s 2
f 925/925/925 2261/2261/2261 1397/1397/1397
f 2261/2261/2261 790/790/790 1724/1724/1724
s 1
f 1294/1294/1294 2262/2262/2262 2263/2263/2263
f 1294/1294/1294 2263/2263/2263 1293/1293/1293
s 4
f 1121/1121/1121 2074/2074/2074 1120/1120/1120
f 887/887/887 999/999/999 888/888/888
s 2
f 1695/1695/1695 2129/2129/2129 1692/1692/1692
f 1111/1111/1111 2264/2264/2264 1692/1692/1692
f 1804/1804/1804 1806/1806/1806 1805/1805/1805
f 1289/1289/1289 1499/1499/1499 1290/1290/1290
f 1985/1985/1985 1363/1363/1363 92/92/92
f 1363/1363/1363 2098/2098/2098 92/92/92
f 2265/2265/2265 1743/1743/1743 130/130/130
f 1872/1872/1872 374/374/374 373/373/373
s 7
f 574/574/574 573/573/573 1573/1573/1573
f 1240/1240/1240 854/854/854 975/975/975
f 1797/1797/1797 2266/2266/2266 2267/2267/2267
s 2
f 404/404/404 421/421/421 420/420/420
s 7
f 835/835/835 2252/2252/2252 1246/1246/1246
f 2268/2268/2268 445/445/445 1979/1979/1979
s 2
f 130/130/130 2269/2269/2269 2265/2265/2265
f 2269/2269/2269 130/130/130 129/129/129
s 230
f 708/708/708 1244/1244/1244 2270/2270/2270
f 2270/2270/2270 1713/1713/1713 708/708/708
s 7
f 328/328/328 327/327/327 2266/2266/2266
f 327/327/327 2267/2267/2267 2266/2266/2266
s 2
f 1111/1111/1111 1250/1250/1250 2271/2271/2271
f 1810/1810/1810 1809/1809/1809 1111/1111/1111
f 1378/1378/1378 1962/1962/1962 41/41/41
f 1962/1962/1962 1961/1961/1961 1957/1957/1957
s 7
f 150/150/150 832/832/832 833/833/833
f 833/833/833 832/832/832 1681/1681/1681
s 46
f 1287/1287/1287 2272/2272/2272 981/981/981
f 1286/1286/1286 1974/1974/1974 2272/2272/2272
s 2
f 1901/1901/1901 2098/2098/2098 1360/1360/1360
f 1901/1901/1901 220/220/220 2273/2273/2273
f 1860/1860/1860 2274/2274/2274 631/631/631
f 385/385/385 209/209/209 208/208/208
f 1606/1606/1606 2275/2275/2275 1457/1457/1457
f 2275/2275/2275 1819/1819/1819 1457/1457/1457
f 1896/1896/1896 2090/2090/2090 1313/1313/1313
f 1316/1316/1316 813/813/813 815/815/815
s 8
f 2276/2276/2276 1089/1089/1089 2277/2277/2277
f 1089/1089/1089 2278/2278/2278 2200/2200/2200
s 230
f 2279/2279/2279 2280/2280/2280 2194/2194/2194
f 1785/1785/1785 2280/2280/2280 2281/2281/2281
s 46
f 1331/1331/1331 1571/1571/1571 240/240/240
f 1329/1329/1329 1269/1269/1269 1868/1868/1868
s 2
f 1505/1505/1505 1518/1518/1518 1503/1503/1503
f 57/57/57 1521/1521/1521 1686/1686/1686
s 7
f 832/832/832 2282/2282/2282 798/798/798
f 2283/2283/2283 798/798/798 2282/2282/2282
f 1115/1115/1115 1771/1771/1771 366/366/366
f 366/366/366 365/365/365 1115/1115/1115
s 2
f 2284/2284/2284 1289/1289/1289 272/272/272
f 1458/1458/1458 1289/1289/1289 2284/2284/2284
s 7
f 812/812/812 1116/1116/1116 2044/2044/2044
f 2044/2044/2044 1116/1116/1116 1978/1978/1978
s 2
f 1078/1078/1078 767/767/767 766/766/766
f 1343/1343/1343 1078/1078/1078 1077/1077/1077
f 122/122/122 121/121/121 2285/2285/2285
f 741/741/741 2286/2286/2286 2285/2285/2285
f 2287/2287/2287 56/56/56 449/449/449
f 1972/1972/1972 2287/2287/2287 449/449/449
f 1073/1073/1073 540/540/540 1071/1071/1071
f 1509/1509/1509 1507/1507/1507 540/540/540
s 7
f 211/211/211 2288/2288/2288 1164/1164/1164
f 2288/2288/2288 2035/2035/2035 1164/1164/1164
s 2
f 2289/2289/2289 257/257/257 256/256/256
f 2213/2213/2213 600/600/600 50/50/50
f 2290/2290/2290 478/478/478 477/477/477
f 1848/1848/1848 2291/2291/2291 475/475/475
f 924/924/924 1478/1478/1478 1477/1477/1477
f 924/924/924 315/315/315 2292/2292/2292
f 432/432/432 1641/1641/1641 430/430/430
f 1777/1777/1777 430/430/430 1778/1778/1778
s 7
f 964/964/964 287/287/287 965/965/965
f 1400/1400/1400 210/210/210 964/964/964
s 2
f 979/979/979 602/602/602 601/601/601
f 598/598/598 1508/1508/1508 599/599/599
s 46
f 2293/2293/2293 1592/1592/1592 556/556/556
f 1487/1487/1487 1485/1485/1485 618/618/618
s 2
f 232/232/232 2291/2291/2291 72/72/72
f 478/478/478 232/232/232 1593/1593/1593
s 8
f 1036/1036/1036 2294/2294/2294 1037/1037/1037
f 1971/1971/1971 1969/1969/1969 1764/1764/1764
s 1
f 2192/2192/2192 529/529/529 2295/2295/2295
f 1566/1566/1566 2248/2248/2248 529/529/529
s 2
f 218/218/218 1362/1362/1362 1678/1678/1678
f 1362/1362/1362 218/218/218 220/220/220
s 7
f 271/271/271 352/352/352 1108/1108/1108
f 1861/1861/1861 1862/1862/1862 2084/2084/2084
s 2
f 323/323/323 322/322/322 1147/1147/1147
f 1918/1918/1918 1147/1147/1147 322/322/322
s 46
f 771/771/771 667/667/667 772/772/772
f 2031/2031/2031 637/637/637 137/137/137
s 2
f 936/936/936 1916/1916/1916 1955/1955/1955
f 910/910/910 939/939/939 936/936/936
s 7
f 2296/2296/2296 867/867/867 283/283/283
f 1574/1574/1574 1573/1573/1573 2296/2296/2296
s 8
f 2297/2297/2297 2298/2298/2298 2299/2299/2299
f 2300/2300/2300 2301/2301/2301 1086/1086/1086
s 2
f 2302/2302/2302 1656/1656/1656 173/173/173
f 1358/1358/1358 2302/2302/2302 1188/1188/1188
f 1417/1417/1417 536/536/536 2157/2157/2157
f 1417/1417/1417 1416/1416/1416 536/536/536
s 46
f 2229/2229/2229 464/464/464 1591/1591/1591
f 611/611/611 558/558/558 554/554/554
s 1
f 7/7/7 1134/1134/1134 8/8/8
f 1131/1131/1131 1172/1172/1172 1132/1132/1132
s 2
f 511/511/511 2141/2141/2141 2303/2303/2303
f 1149/1149/1149 509/509/509 511/511/511
s 109
f 2304/2304/2304 1956/1956/1956 1611/1611/1611
f 1668/1668/1668 1956/1956/1956 2305/2305/2305
s 7
f 401/401/401 157/157/157 2306/2306/2306
f 1218/1218/1218 1796/1796/1796 1216/1216/1216
f 2307/2307/2307 2308/2308/2308 2309/2309/2309
s 2
f 2310/2310/2310 511/511/511 2303/2303/2303
s 6
f 1621/1621/1621 974/974/974 1604/1604/1604
f 2201/2201/2201 2311/2311/2311 1492/1492/1492
s 2
f 1093/1093/1093 2312/2312/2312 2154/2154/2154
f 1093/1093/1093 166/166/166 1674/1674/1674
f 696/696/696 2140/2140/2140 2139/2139/2139
f 2139/2139/2139 1426/1426/1426 696/696/696
s 46
f 324/324/324 1330/1330/1330 1332/1332/1332
f 1571/1571/1571 324/324/324 1633/1633/1633
s 7
f 2313/2313/2313 1817/1817/1817 1989/1989/1989
f 2313/2313/2313 468/468/468 941/941/941
f 988/988/988 2008/2008/2008 991/991/991
f 2006/2006/2006 2008/2008/2008 988/988/988
s 230
f 1041/1041/1041 708/708/708 707/707/707
s 8
f 1833/1833/1833 22/22/22 973/973/973
s 2
f 2314/2314/2314 406/406/406 2131/2131/2131
f 2131/2131/2131 406/406/406 2165/2165/2165
s 7
f 1816/1816/1816 440/440/440 1817/1817/1817
f 1817/1817/1817 436/436/436 1989/1989/1989
s 2
f 2315/2315/2315 1110/1110/1110 1694/1694/1694
f 76/76/76 75/75/75 1114/1114/1114
f 2316/2316/2316 2317/2317/2317 2318/2318/2318
f 2319/2319/2319 894/894/894 372/372/372
s 1
f 675/675/675 648/648/648 1735/1735/1735
f 675/675/675 524/524/524 648/648/648
s 2
f 726/726/726 1375/1375/1375 1777/1777/1777
f 2151/2151/2151 2134/2134/2134 1375/1375/1375
f 1923/1923/1923 237/237/237 1724/1724/1724
f 806/806/806 237/237/237 807/807/807
s 7
f 1118/1118/1118 105/105/105 2320/2320/2320
f 1119/1119/1119 1118/1118/1118 2320/2320/2320
s 2
f 2318/2318/2318 2317/2317/2317 2153/2153/2153
f 2152/2152/2152 2318/2318/2318 2153/2153/2153
s 7
f 1681/1681/1681 796/796/796 183/183/183
f 797/797/797 799/799/799 796/796/796
s 2
f 2217/2217/2217 980/980/980 53/53/53
s 7
f 929/929/929 931/931/931 919/919/919
f 2321/2321/2321 37/37/37 1024/1024/1024
f 352/352/352 1107/1107/1107 1108/1108/1108
s 4
f 1001/1001/1001 1160/1160/1160 946/946/946
f 1001/1001/1001 1000/1000/1000 1057/1057/1057
s 7
f 118/118/118 1878/1878/1878 119/119/119
f 1878/1878/1878 1876/1876/1876 1510/1510/1510
f 1106/1106/1106 811/811/811 2322/2322/2322
f 2085/2085/2085 1455/1455/1455 811/811/811
s 46
f 467/467/467 296/296/296 465/465/465
f 1684/1684/1684 1683/1683/1683 296/296/296
s 4
f 2323/2323/2323 958/958/958 2324/2324/2324
f 2325/2325/2325 2323/2323/2323 2326/2326/2326
s 2
f 1141/1141/1141 1137/1137/1137 1139/1139/1139
f 2013/2013/2013 1479/1479/1479 1478/1478/1478
f 1677/1677/1677 692/692/692 2051/2051/2051
f 1924/1924/1924 692/692/692 1677/1677/1677
s 7
f 2327/2327/2327 2328/2328/2328 650/650/650
f 1152/1152/1152 2329/2329/2329 829/829/829
s 2
f 1933/1933/1933 480/480/480 482/482/482
f 389/389/389 482/482/482 485/485/485
f 546/546/546 545/545/545 1428/1428/1428
f 2021/2021/2021 2023/2023/2023 2022/2022/2022
s 46
f 571/571/571 670/670/670 569/569/569
f 670/670/670 783/783/783 778/778/778
s 7
f 2116/2116/2116 2115/2115/2115 1009/1009/1009
f 1399/1399/1399 2321/2321/2321 1024/1024/1024
s 2
f 576/576/576 1069/1069/1069 2094/2094/2094
f 1069/1069/1069 576/576/576 575/575/575
s 4
f 2330/2330/2330 1938/1938/1938 1842/1842/1842
f 1839/1839/1839 1842/1842/1842 1840/1840/1840
s 7
f 355/355/355 2114/2114/2114 2073/2073/2073
f 2115/2115/2115 2114/2114/2114 355/355/355
f 1801/1801/1801 341/341/341 1802/1802/1802
f 342/342/342 341/341/341 1801/1801/1801
f 282/282/282 757/757/757 756/756/756
f 831/831/831 282/282/282 1661/1661/1661
s 2
f 2135/2135/2135 789/789/789 2331/2331/2331
f 2331/2331/2331 789/789/789 788/788/788
s 7
f 458/458/458 2332/2332/2332 2100/2100/2100
f 2333/2333/2333 2332/2332/2332 2057/2057/2057
f 73/73/73 2102/2102/2102 384/384/384
f 74/74/74 73/73/73 384/384/384
s 2
f 1423/1423/1423 1930/1930/1930 2334/2334/2334
f 1423/1423/1423 2334/2334/2334 1522/1522/1522
f 1869/1869/1869 1356/1356/1356 2256/2256/2256
f 46/46/46 48/48/48 1005/1005/1005
s 7
f 1753/1753/1753 2335/2335/2335 450/450/450
f 2335/2335/2335 451/451/451 450/450/450
s 2
f 759/759/759 1688/1688/1688 760/760/760
f 760/760/760 2336/2336/2336 25/25/25
s 7
f 2238/2238/2238 2337/2337/2337 2239/2239/2239
f 820/820/820 819/819/819 2337/2337/2337
s 46
f 983/983/983 949/949/949 636/636/636
f 1288/1288/1288 1266/1266/1266 1286/1286/1286
s 7
f 1205/1205/1205 2338/2338/2338 2339/2339/2339
f 1205/1205/1205 1202/1202/1202 855/855/855
s 2
f 1349/1349/1349 628/628/628 1254/1254/1254
f 860/860/860 1254/1254/1254 1854/1854/1854
f 2107/2107/2107 258/258/258 260/260/260
f 2022/2022/2022 531/531/531 2340/2340/2340
s 7
f 1007/1007/1007 2321/2321/2321 1399/1399/1399
f 370/370/370 369/369/369 1107/1107/1107
s 2
f 1140/1140/1140 2198/2198/2198 1960/1960/1960
f 523/523/523 496/496/496 1350/1350/1350
f 1655/1655/1655 976/976/976 1654/1654/1654
f 2107/2107/2107 2340/2340/2340 258/258/258
s 1
f 2000/2000/2000 2341/2341/2341 1701/1701/1701
f 2342/2342/2342 1998/1998/1998 2000/2000/2000
s 7
f 1107/1107/1107 2343/2343/2343 37/37/37
f 2343/2343/2343 38/38/38 37/37/37
s 2
f 2048/2048/2048 2344/2344/2344 1014/1014/1014
f 1824/1824/1824 1014/1014/1014 1825/1825/1825
f 922/922/922 823/823/823 923/923/923
f 2059/2059/2059 2345/2345/2345 2060/2060/2060
f 1799/1799/1799 295/295/295 165/165/165
f 1799/1799/1799 165/165/165 276/276/276
s 7
f 1031/1031/1031 2346/2346/2346 1032/1032/1032
f 1032/1032/1032 504/504/504 654/654/654
s 2
f 1484/1484/1484 538/538/538 537/537/537
f 545/545/545 538/538/538 2347/2347/2347
f 1409/1409/1409 35/35/35 2348/2348/2348
f 682/682/682 2349/2349/2349 683/683/683
s 1
f 2350/2350/2350 1435/1435/1435 1453/1453/1453
f 1434/1434/1434 1453/1453/1453 1435/1435/1435
s 46
f 2351/2351/2351 1683/1683/1683 2352/2352/2352
f 2351/2351/2351 1831/1831/1831 1213/1213/1213
s 2
f 923/923/923 822/822/822 315/315/315
f 823/823/823 822/822/822 923/923/923
f 1275/1275/1275 1187/1187/1187 1277/1277/1277
s 7
f 2081/2081/2081 411/411/411 291/291/291
s 1
f 1466/1466/1466 1463/1463/1463 1451/1451/1451
f 1451/1451/1451 1453/1453/1453 1466/1466/1466
s 2
f 714/714/714 713/713/713 1620/1620/1620
f 718/718/718 2353/2353/2353 1488/1488/1488
s 109
f 1609/1609/1609 350/350/350 349/349/349
f 1027/1027/1027 1029/1029/1029 623/623/623
s 46
f 2354/2354/2354 2355/2355/2355 2356/2356/2356
f 2354/2354/2354 2357/2357/2357 2211/2211/2211
s 2
f 690/690/690 2358/2358/2358 563/563/563
f 2359/2359/2359 564/564/564 563/563/563
s 1
f 512/512/512 1133/1133/1133 513/513/513
f 2088/2088/2088 2087/2087/2087 513/513/513
s 2
f 1501/1501/1501 1458/1458/1458 1457/1457/1457
f 1819/1819/1819 1501/1501/1501 1457/1457/1457
f 128/128/128 824/824/824 1579/1579/1579
f 128/128/128 1013/1013/1013 824/824/824
s 8
f 1038/1038/1038 2360/2360/2360 993/993/993
f 1061/1061/1061 1038/1038/1038 1037/1037/1037
s 2
f 141/141/141 1779/1779/1779 1780/1780/1780
f 2361/2361/2361 522/522/522 1283/1283/1283
f 1412/1412/1412 1437/1437/1437 483/483/483
f 1412/1412/1412 483/483/483 2255/2255/2255
s 1
f 1599/1599/1599 658/658/658 655/655/655
f 1953/1953/1953 1309/1309/1309 658/658/658
s 7
f 269/269/269 2362/2362/2362 270/270/270
f 270/270/270 2057/2057/2057 2058/2058/2058
s 230
f 709/709/709 1234/1234/1234 1102/1102/1102
f 1045/1045/1045 1234/1234/1234 1043/1043/1043
s 2
f 1899/1899/1899 2155/2155/2155 2180/2180/2180
f 2155/2155/2155 2181/2181/2181 2180/2180/2180
f 1766/1766/1766 2363/2363/2363 1410/1410/1410
f 2363/2363/2363 4/4/4 1410/1410/1410
f 1716/1716/1716 1305/1305/1305 1074/1074/1074
f 1055/1055/1055 1305/1305/1305 1716/1716/1716
s 7
f 1963/1963/1963 169/169/169 1547/1547/1547
f 169/169/169 2100/2100/2100 1547/1547/1547
s 2
f 2099/2099/2099 2207/2207/2207 1136/1136/1136
f 1379/1379/1379 1136/1136/1136 1378/1378/1378
f 2364/2364/2364 2365/2365/2365 394/394/394
f 391/391/391 417/417/417 1273/1273/1273
f 163/163/163 568/568/568 567/567/567
f 1598/1598/1598 1084/1084/1084 1082/1082/1082
f 1137/1137/1137 2207/2207/2207 155/155/155
f 155/155/155 1139/1139/1139 1137/1137/1137
s 7
f 2366/2366/2366 2367/2367/2367 990/990/990
s 2
f 1620/1620/1620 361/361/361 2368/2368/2368
f 2247/2247/2247 1607/1607/1607 206/206/206
f 2369/2369/2369 206/206/206 1607/1607/1607
s 7
f 1334/1334/1334 345/345/345 344/344/344
f 1987/1987/1987 345/345/345 1334/1334/1334
s 46
f 554/554/554 556/556/556 1592/1592/1592
f 611/611/611 554/554/554 2370/2370/2370
s 2
f 1072/1072/1072 599/599/599 1509/1509/1509
f 599/599/599 2159/2159/2159 1083/1083/1083
f 1541/1541/1541 2019/2019/2019 377/377/377
f 499/499/499 380/380/380 377/377/377
f 882/882/882 278/278/278 1743/1743/1743
f 278/278/278 1949/1949/1949 1743/1743/1743
f 1094/1094/1094 1506/1506/1506 1095/1095/1095
f 2093/2093/2093 1519/1519/1519 251/251/251
s 7
f 2371/2371/2371 2006/2006/2006 990/990/990
f 2367/2367/2367 2371/2371/2371 990/990/990
s 2
f 498/498/498 1355/1355/1355 479/479/479
f 498/498/498 499/499/499 1355/1355/1355
f 82/82/82 979/979/979 2108/2108/2108
f 602/602/602 979/979/979 1508/1508/1508
s 4
f 1841/1841/1841 14/14/14 1842/1842/1842
f 10/10/10 14/14/14 11/11/11
s 2
f 88/88/88 639/639/639 1537/1537/1537
f 1223/1223/1223 561/561/561 423/423/423
s 46
f 466/466/466 2211/2211/2211 1271/1271/1271
f 2233/2233/2233 535/535/535 1271/1271/1271
s 2
f 882/882/882 894/894/894 2319/2319/2319
f 2316/2316/2316 882/882/882 2317/2317/2317
s 7
f 827/827/827 2119/2119/2119 836/836/836
f 1879/1879/1879 836/836/836 1246/1246/1246
f 816/816/816 170/170/170 1964/1964/1964
f 1963/1963/1963 170/170/170 169/169/169
s 2
f 2372/2372/2372 639/639/639 88/88/88
f 2372/2372/2372 1489/1489/1489 639/639/639
f 2105/2105/2105 1558/1558/1558 684/684/684
f 2160/2160/2160 199/199/199 198/198/198
s 7
f 827/827/827 836/836/836 1879/1879/1879
f 827/827/827 2209/2209/2209 828/828/828
s 2
f 538/538/538 546/546/546 536/536/536
f 536/536/536 546/546/546 2157/2157/2157
s 7
f 491/491/491 28/28/28 489/489/489
f 486/486/486 1991/1991/1991 1281/1281/1281
s 2
f 764/764/764 1696/1696/1696 207/207/207
f 764/764/764 207/207/207 765/765/765
f 177/177/177 187/187/187 178/178/178
f 1391/1391/1391 1389/1389/1389 175/175/175
f 1714/1714/1714 1145/1145/1145 1144/1144/1144
f 1177/1177/1177 1144/1144/1144 2373/2373/2373
s 7
f 2374/2374/2374 2375/2375/2375 852/852/852
f 2375/2375/2375 2241/2241/2241 1617/1617/1617
s 2
f 879/879/879 2376/2376/2376 2377/2377/2377
f 879/879/879 2377/2377/2377 880/880/880
s 7
f 118/118/118 1741/1741/1741 1740/1740/1740
f 185/185/185 184/184/184 1550/1550/1550
s 2
f 1341/1341/1341 2121/2121/2121 1339/1339/1339
f 2121/2121/2121 714/714/714 717/717/717
f 258/258/258 533/533/533 259/259/259
f 1607/1607/1607 2247/2247/2247 2378/2378/2378
f 1715/1715/1715 2014/2014/2014 2016/2016/2016
f 1262/1262/1262 1715/1715/1715 266/266/266
s 7
f 1550/1550/1550 1552/1552/1552 488/488/488
f 1550/1550/1550 1741/1741/1741 1552/1552/1552
s 2
f 1730/1730/1730 1729/1729/1729 1298/1298/1298
f 1306/1306/1306 275/275/275 47/47/47
s 7
f 339/339/339 941/941/941 455/455/455
f 941/941/941 1753/1753/1753 1983/1983/1983
s 2
f 205/205/205 260/260/260 2247/2247/2247
f 2108/2108/2108 260/260/260 205/205/205
s 6
f 1613/1613/1613 1622/1622/1622 984/984/984
f 2203/2203/2203 1613/1613/1613 984/984/984
s 2
f 1047/1047/1047 1690/1690/1690 1689/1689/1689
f 697/697/697 1689/1689/1689 678/678/678
s 7
f 281/281/281 2379/2379/2379 2380/2380/2380
f 2379/2379/2379 773/773/773 2245/2245/2245
s 2
f 494/494/494 471/471/471 1540/1540/1540
f 472/472/472 471/471/471 494/494/494
f 1747/1747/1747 768/768/768 767/767/767
f 1747/1747/1747 1312/1312/1312 768/768/768
s 46
f 744/744/744 734/734/734 745/745/745
f 144/144/144 2381/2381/2381 2382/2382/2382
s 109
f 1609/1609/1609 1027/1027/1027 350/350/350
f 1612/1612/1612 1027/1027/1027 1609/1609/1609
s 6
f 2383/2383/2383 1624/1624/1624 1623/1623/1623
f 1624/1624/1624 2383/2383/2383 2384/2384/2384
s 2
f 1114/1114/1114 1113/1113/1113 76/76/76
f 2227/2227/2227 76/76/76 1113/1113/1113
s 6
f 16/16/16 18/18/18 2009/2009/2009
f 1228/1228/1228 2204/2204/2204 1229/1229/1229
s 4
f 943/943/943 887/887/887 889/889/889
f 959/959/959 1939/1939/1939 1850/1850/1850
s 2
f 257/257/257 2220/2220/2220 255/255/255
f 2385/2385/2385 2220/2220/2220 2221/2221/2221
s 7
f 1218/1218/1218 1797/1797/1797 1796/1796/1796
f 123/123/123 125/125/125 1218/1218/1218
s 2
f 696/696/696 2118/2118/2118 2140/2140/2140
f 1424/1424/1424 1423/1423/1423 1523/1523/1523
f 66/66/66 2386/2386/2386 2029/2029/2029
f 66/66/66 423/423/423 425/425/425
s 7
f 1914/1914/1914 584/584/584 1662/1662/1662
f 584/584/584 444/444/444 1662/1662/1662
f 2024/2024/2024 1203/1203/1203 1205/1205/1205
f 770/770/770 1203/1203/1203 2024/2024/2024
s 2
f 1320/1320/1320 2029/2029/2029 1720/1720/1720
f 2029/2029/2029 2386/2386/2386 1720/1720/1720
s 230
f 2387/2387/2387 1247/1247/1247 1101/1101/1101
s 8
f 1846/1846/1846 719/719/719 721/721/721
s 2
f 61/61/61 2388/2388/2388 62/62/62
f 2197/2197/2197 61/61/61 880/880/880
s 7
f 2041/2041/2041 2208/2208/2208 1204/1204/1204
f 769/769/769 1204/1204/1204 1203/1203/1203
s 2
f 1924/1924/1924 1348/1348/1348 2358/2358/2358
f 705/705/705 2359/2359/2359 703/703/703
f 395/395/395 394/394/394 2365/2365/2365
f 1473/1473/1473 1474/1474/1474 395/395/395
s 7
f 921/921/921 1512/1512/1512 2061/2061/2061
f 920/920/920 117/117/117 921/921/921
f 212/212/212 288/288/288 287/287/287
f 1977/1977/1977 288/288/288 212/212/212
s 230
f 1247/1247/1247 2387/2387/2387 2389/2389/2389
f 1247/1247/1247 2390/2390/2390 709/709/709
s 4
f 2391/2391/2391 2325/2325/2325 2326/2326/2326
f 1161/1161/1161 2391/2391/2391 1839/1839/1839
s 7
f 1789/1789/1789 1151/1151/1151 800/800/800
f 384/384/384 1790/1790/1790 139/139/139
s 2
f 174/174/174 176/176/176 550/550/550
f 2232/2232/2232 2392/2392/2392 2196/2196/2196
s 7
f 117/117/117 2393/2393/2393 1512/1512/1512
f 921/921/921 117/117/117 1512/1512/1512
s 620
f 2174/2174/2174 2394/2394/2394 2172/2172/2172
f 2395/2395/2395 2394/2394/2394 2396/2396/2396
s 1
f 605/605/605 872/872/872 662/662/662
f 871/871/871 875/875/875 872/872/872
s 7
f 853/853/853 1239/1239/1239 2147/2147/2147
f 224/224/224 1239/1239/1239 853/853/853
s 2
f 238/238/238 319/319/319 318/318/318
f 2043/2043/2043 809/809/809 319/319/319
s 4
f 2397/2397/2397 1936/1936/1936 2398/2398/2398
f 2399/2399/2399 2177/2177/2177 1936/1936/1936
s 7
f 928/928/928 1882/1882/1882 929/929/929
f 1512/1512/1512 2393/2393/2393 918/918/918
s 8
f 722/722/722 987/987/987 723/723/723
f 1846/1846/1846 987/987/987 722/722/722
s 2
f 1461/1461/1461 1748/1748/1748 1422/1422/1422
f 1422/1422/1422 1421/1421/1421 1461/1461/1461
f 2254/2254/2254 677/677/677 397/397/397
f 397/397/397 677/677/677 301/301/301
f 2131/2131/2131 2165/2165/2165 2164/2164/2164
f 2132/2132/2132 2131/2131/2131 1376/1376/1376
s 7
f 2400/2400/2400 248/248/248 2401/2401/2401
f 248/248/248 1563/1563/1563 2402/2402/2402
f 2403/2403/2403 2401/2401/2401 1353/1353/1353
f 2401/2401/2401 248/248/248 2402/2402/2402
s 46
f 324/324/324 1634/1634/1634 1633/1633/1633
s 2
f 2151/2151/2151 2150/2150/2150 2404/2404/2404
s 7
f 2405/2405/2405 212/212/212 1719/1719/1719
s 2
f 1274/1274/1274 1497/1497/1497 507/507/507
s 4
f 1159/1159/1159 1161/1161/1161 946/946/946
f 2391/2391/2391 1161/1161/1161 2325/2325/2325
s 7
f 2146/2146/2146 989/989/989 991/991/991
f 988/988/988 991/991/991 989/989/989
s 2
f 1290/1290/1290 1806/1806/1806 2406/2406/2406
f 1290/1290/1290 1255/1255/1255 1297/1297/1297
s 4
f 1850/1850/1850 956/956/956 955/955/955
f 1850/1850/1850 1939/1939/1939 956/956/956
s 7
f 1184/1184/1184 1183/1183/1183 124/124/124
f 1008/1008/1008 354/354/354 368/368/368
s 1
f 1703/1703/1703 1452/1452/1452 2407/2407/2407
f 1703/1703/1703 1582/1582/1582 1584/1584/1584
s 2
f 1804/1804/1804 1256/1256/1256 1255/1255/1255
f 1804/1804/1804 2406/2406/2406 1806/1806/1806
f 194/194/194 120/120/120 192/192/192
s 46
f 2408/2408/2408 2409/2409/2409 1981/1981/1981
s 8
f 1036/1036/1036 1944/1944/1944 2123/2123/2123
f 2294/2294/2294 1036/1036/1036 2410/2410/2410
s 7
f 353/353/353 124/124/124 354/354/354
f 124/124/124 1183/1183/1183 354/354/354
s 2
f 109/109/109 108/108/108 1189/1189/1189
f 109/109/109 1189/1189/1189 1325/1325/1325
s 8
f 2297/2297/2297 2113/2113/2113 2298/2298/2298
s 6
f 1494/1494/1494 1750/1750/1750 1493/1493/1493
s 7
f 1151/1151/1151 289/289/289 801/801/801
s 2
f 1776/1776/1776 2205/2205/2205 804/804/804
f 532/532/532 80/80/80 630/630/630
f 2021/2021/2021 80/80/80 2023/2023/2023
s 46
f 591/591/591 617/617/617 592/592/592
s 2
f 1934/1934/1934 1932/1932/1932 1931/1931/1931
s 7
f 2240/2240/2240 2241/2241/2241 2243/2243/2243
f 1525/1525/1525 1618/1618/1618 1526/1526/1526
s 2
f 2411/2411/2411 497/497/497 496/496/496
f 1020/1020/1020 1302/1302/1302 2412/2412/2412
f 1917/1917/1917 1844/1844/1844 686/686/686
f 1146/1146/1146 395/395/395 2413/2413/2413
s 46
f 2414/2414/2414 462/462/462 2415/2415/2415
f 462/462/462 1665/1665/1665 463/463/463
s 2
f 1837/1837/1837 1819/1819/1819 1577/1577/1577
f 1819/1819/1819 2275/2275/2275 1577/1577/1577
s 46
f 2234/2234/2234 668/668/668 667/667/667
s 7
f 2416/2416/2416 2417/2417/2417 2242/2242/2242
f 846/846/846 1564/1564/1564 1572/1572/1572
f 1564/1564/1564 846/846/846 1353/1353/1353
f 748/748/748 2418/2418/2418 749/749/749
s 46
f 2419/2419/2419 2420/2420/2420 746/746/746
s 2
f 1020/1020/1020 2412/2412/2412 496/496/496
f 496/496/496 523/523/523 1020/1020/1020
f 1154/1154/1154 54/54/54 980/980/980
f 95/95/95 52/52/52 54/54/54
s 7
f 991/991/991 182/182/182 246/246/246
f 245/245/245 991/991/991 246/246/246
f 1905/1905/1905 227/227/227 878/878/878
f 30/30/30 2421/2421/2421 1904/1904/1904
s 4
f 1122/1122/1122 1121/1121/1121 999/999/999
f 888/888/888 999/999/999 1121/1121/1121
s 2
f 1886/1886/1886 2422/2422/2422 1437/1437/1437
f 483/483/483 1437/1437/1437 1080/1080/1080
f 429/429/429 392/392/392 1795/1795/1795
f 394/394/394 396/396/396 392/392/392
s 230
f 709/709/709 2423/2423/2423 707/707/707
f 709/709/709 2390/2390/2390 2423/2423/2423
s 1
f 2179/2179/2179 515/515/515 644/644/644
f 644/644/644 515/515/515 1600/1600/1600
s 6
f 1227/1227/1227 1229/1229/1229 914/914/914
f 1763/1763/1763 1227/1227/1227 2424/2424/2424
s 109
f 2304/2304/2304 1611/1611/1611 2425/2425/2425
f 2425/2425/2425 347/347/347 346/346/346
s 46
f 782/782/782 1666/1666/1666 783/783/783
f 612/612/612 1664/1664/1664 1822/1822/1822
s 2
f 750/750/750 2376/2376/2376 879/879/879
f 538/538/538 2376/2376/2376 2347/2347/2347
s 46
f 135/135/135 613/613/613 136/136/136
f 1485/1485/1485 1767/1767/1767 616/616/616
s 7
f 1698/1698/1698 1700/1700/1700 1699/1699/1699
f 1334/1334/1334 1698/1698/1698 1335/1335/1335
s 8
f 2202/2202/2202 1636/1636/1636 1635/1635/1635
f 1040/1040/1040 1765/1765/1765 2426/2426/2426
s 7
f 654/654/654 504/504/504 649/649/649
f 654/654/654 649/649/649 2427/2427/2427
s 2
f 906/906/906 1359/1359/1359 907/907/907
f 1539/1539/1539 1419/1419/1419 906/906/906
s 46
f 136/136/136 1767/1767/1767 1485/1485/1485
f 136/136/136 1485/1485/1485 1487/1487/1487
s 2
f 263/263/263 2050/2050/2050 1285/1285/1285
f 2050/2050/2050 2005/2005/2005 1285/1285/1285
f 300/300/300 299/299/299 2168/2168/2168
s 46
f 2017/2017/2017 1682/1682/1682 147/147/147
s 7
f 1182/1182/1182 369/369/369 1183/1183/1183
f 369/369/369 1182/1182/1182 1108/1108/1108
f 1874/1874/1874 1245/1245/1245 837/837/837
f 2428/2428/2428 132/132/132 839/839/839
s 2
f 1378/1378/1378 1678/1678/1678 1379/1379/1379
f 1678/1678/1678 40/40/40 1679/1679/1679
f 188/188/188 187/187/187 177/177/177
f 1949/1949/1949 177/177/177 895/895/895
s 46
f 1619/1619/1619 981/981/981 668/668/668
f 1619/1619/1619 983/983/983 981/981/981
f 635/635/635 1650/1650/1650 325/325/325
f 1267/1267/1267 635/635/635 325/325/325
s 2
f 375/375/375 377/377/377 542/542/542
f 1709/1709/1709 542/542/542 627/627/627
f 752/752/752 390/390/390 754/754/754
f 2012/2012/2012 2429/2429/2429 752/752/752
s 7
f 2400/2400/2400 249/249/249 248/248/248
f 2430/2430/2430 2366/2366/2366 2431/2431/2431
f 852/852/852 948/948/948 2374/2374/2374
f 158/158/158 2148/2148/2148 2374/2374/2374
s 2
f 1198/1198/1198 1197/1197/1197 103/103/103
f 2090/2090/2090 103/103/103 1314/1314/1314
f 1860/1860/1860 1208/1208/1208 209/209/209
f 1860/1860/1860 209/209/209 385/385/385
f 256/256/256 426/426/426 428/428/428
f 256/256/256 1721/1721/1721 426/426/426
f 717/717/717 716/716/716 1339/1339/1339
f 1339/1339/1339 2121/2121/2121 717/717/717
s 7
f 819/819/819 818/818/818 1965/1965/1965
f 2075/2075/2075 818/818/818 2126/2126/2126
s 2
f 1256/1256/1256 1727/1727/1727 1257/1257/1257
f 2251/2251/2251 477/477/477 1258/1258/1258
f 1774/1774/1774 1016/1016/1016 1015/1015/1015
f 2005/2005/2005 1774/1774/1774 1066/1066/1066
s 7
f 1562/1562/1562 877/877/877 1560/1560/1560
f 877/877/877 2146/2146/2146 1903/1903/1903
s 2
f 768/768/768 195/195/195 766/766/766
f 2432/2432/2432 1513/1513/1513 1103/1103/1103
s 7
f 1469/1469/1469 1476/1476/1476 1475/1475/1475
f 1476/1476/1476 828/828/828 2209/2209/2209
s 2
f 1952/1952/1952 1546/1546/1546 1439/1439/1439
f 460/460/460 1415/1415/1415 111/111/111
s 7
f 250/250/250 877/877/877 1562/1562/1562
f 248/248/248 250/250/250 1563/1563/1563
s 2
f 1845/1845/1845 689/689/689 474/474/474
f 2433/2433/2433 1845/1845/1845 474/474/474
s 7
f 1878/1878/1878 1877/1877/1877 1876/1876/1876
f 1738/1738/1738 1737/1737/1737 926/926/926
s 2
f 2434/2434/2434 197/197/197 196/196/196
f 1311/1311/1311 2434/2434/2434 1312/1312/1312
s 7
f 2006/2006/2006 2007/2007/2007 2008/2008/2008
f 1222/1222/1222 2007/2007/2007 2006/2006/2006
s 2
f 1147/1147/1147 1770/1770/1770 1148/1148/1148
f 509/509/509 2435/2435/2435 1162/1162/1162
f 40/40/40 364/364/364 1679/1679/1679
f 2129/2129/2129 364/364/364 1693/1693/1693
f 235/235/235 1726/1726/1726 2117/2117/2117
f 1725/1725/1725 1726/1726/1726 235/235/235
f 2014/2014/2014 1414/1414/1414 2015/2015/2015
s 7
f 1174/1174/1174 269/269/269 1861/1861/1861
s 2
f 1951/1951/1951 188/188/188 1950/1950/1950
f 188/188/188 177/177/177 1950/1950/1950
f 1252/1252/1252 2436/2436/2436 1253/1253/1253
s 109
f 1029/1029/1029 2259/2259/2259 2437/2437/2437
s 7
f 1587/1587/1587 776/776/776 1588/1588/1588
f 776/776/776 1166/1166/1166 1168/1168/1168
s 2
f 461/461/461 2438/2438/2438 459/459/459
f 2015/2015/2015 1414/1414/1414 2438/2438/2438
s 4
f 1059/1059/1059 957/957/957 2089/2089/2089
f 1849/1849/1849 957/957/957 1850/1850/1850
s 2
f 399/399/399 808/808/808 1912/1912/1912
f 808/808/808 807/807/807 1912/1912/1912
f 1825/1825/1825 2344/2344/2344 1012/1012/1012
f 2344/2344/2344 1825/1825/1825 1014/1014/1014
f 1528/1528/1528 1210/1210/1210 1531/1531/1531
f 1210/1210/1210 633/633/633 632/632/632
f 861/861/861 2033/2033/2033 2439/2439/2439
f 2440/2440/2440 1051/1051/1051 2441/2441/2441
f 115/115/115 93/93/93 1669/1669/1669
f 1821/1821/1821 1124/1124/1124 1126/1126/1126
f 1520/1520/1520 201/201/201 1521/1521/1521
f 201/201/201 1096/1096/1096 202/202/202
s 7
f 403/403/403 402/402/402 2442/2442/2442
f 2267/2267/2267 327/327/327 2442/2442/2442
f 1119/1119/1119 2320/2320/2320 1030/1030/1030
f 2443/2443/2443 2346/2346/2346 1031/1031/1031
s 4
f 1940/1940/1940 2444/2444/2444 1926/1926/1926
f 1936/1936/1936 2397/2397/2397 2399/2399/2399
s 7
f 29/29/29 2061/2061/2061 1905/1905/1905
f 29/29/29 921/921/921 2061/2061/2061
f 2063/2063/2063 841/841/841 2062/2062/2062
f 841/841/841 849/849/849 2062/2062/2062
s 2
f 1194/1194/1194 1075/1075/1075 1195/1195/1195
f 1614/1614/1614 1075/1075/1075 2094/2094/2094
s 7
f 2445/2445/2445 2443/2443/2443 1031/1031/1031
f 2445/2445/2445 1031/1031/1031 1920/1920/1920
f 1632/1632/1632 934/934/934 794/794/794
f 1630/1630/1630 1632/1632/1632 799/799/799
f 1152/1152/1152 1626/1626/1626 868/868/868
f 2137/2137/2137 1628/1628/1628 1627/1627/1627
s 230
f 1660/1660/1660 1242/1242/1242 1783/1783/1783
f 1712/1712/1712 2281/2281/2281 1782/1782/1782
s 2
f 1373/1373/1373 1445/1445/1445 1447/1447/1447
f 1447/1447/1447 1444/1444/1444 1373/1373/1373
s 1
f 3/3/3 1996/1996/1996 1/1/1
f 2446/2446/2446 2342/2342/2342 1463/1463/1463
s 2
f 1590/1590/1590 1834/1834/1834 264/264/264
f 2447/2447/2447 265/265/265 264/264/264
f 1054/1054/1054 1730/1730/1730 1298/1298/1298
f 273/273/273 1297/1297/1297 1730/1730/1730
f 2448/2448/2448 1047/1047/1047 1046/1046/1046
f 864/864/864 866/866/866 1046/1046/1046
s 1
f 603/603/603 2143/2143/2143 604/604/604
f 528/528/528 1156/1156/1156 1155/1155/1155
s 2
f 1206/1206/1206 1860/1860/1860 1209/1209/1209
f 389/389/389 485/485/485 1601/1601/1601
f 1387/1387/1387 1691/1691/1691 1690/1690/1690
f 1046/1046/1046 866/866/866 2448/2448/2448
f 104/104/104 103/103/103 1197/1197/1197
f 2093/2093/2093 104/104/104 1517/1517/1517
s 230
f 1241/1241/1241 2449/2449/2449 2235/2235/2235
f 1243/1243/1243 2449/2449/2449 1241/1241/1241
s 7
f 2450/2450/2450 328/328/328 2072/2072/2072
f 2073/2073/2073 2114/2114/2114 2072/2072/2072
s 2
f 1913/1913/1913 1128/1128/1128 390/390/390
f 1128/1128/1128 2451/2451/2451 390/390/390
s 46
f 613/613/613 615/615/615 1767/1767/1767
f 613/613/613 1767/1767/1767 136/136/136
s 4
f 15/15/15 14/14/14 10/10/10
f 1123/1123/1123 10/10/10 2074/2074/2074
s 2
f 1128/1128/1128 1130/1130/1130 2451/2451/2451
f 1934/1934/1934 1931/1931/1931 1130/1130/1130
s 7
f 68/68/68 74/74/74 69/69/69
f 1823/1823/1823 74/74/74 439/439/439
f 132/132/132 1874/1874/1874 133/133/133
f 1874/1874/1874 132/132/132 2428/2428/2428
f 1823/1823/1823 441/441/441 2307/2307/2307
f 2308/2308/2308 2307/2307/2307 441/441/441
s 2
f 552/552/552 2232/2232/2232 2196/2196/2196
f 552/552/552 2196/2196/2196 881/881/881
s 1
f 1296/1296/1296 1171/1171/1171 1433/1433/1433
f 1746/1746/1746 1433/1433/1433 1171/1171/1171
s 230
f 2195/2195/2195 2280/2280/2280 2279/2279/2279
f 1234/1234/1234 1236/1236/1236 2279/2279/2279
s 2
f 1104/1104/1104 97/97/97 96/96/96
f 1515/1515/1515 97/97/97 1104/1104/1104
f 40/40/40 1378/1378/1378 41/41/41
f 1678/1678/1678 1378/1378/1378 40/40/40
f 1691/1691/1691 1387/1387/1387 1386/1386/1386
f 1744/1744/1744 1050/1050/1050 1554/1554/1554
f 1885/1885/1885 1884/1884/1884 1153/1153/1153
s 7
f 1882/1882/1882 930/930/930 929/929/929
s 2
f 1607/1607/1607 631/631/631 2369/2369/2369
f 631/631/631 2274/2274/2274 2369/2369/2369
s 7
f 2283/2283/2283 1630/1630/1630 798/798/798
f 798/798/798 1630/1630/1630 799/799/799
s 1
f 664/664/664 2110/2110/2110 512/512/512
f 514/514/514 664/664/664 512/512/512
s 2
f 398/398/398 188/188/188 1951/1951/1951
f 399/399/399 398/398/398 414/414/414
f 48/48/48 1869/1869/1869 2256/2256/2256
f 275/275/275 1869/1869/1869 48/48/48
s 8
f 996/996/996 1833/1833/1833 973/973/973
f 972/972/972 996/996/996 973/973/973
s 2
f 2163/2163/2163 432/432/432 2164/2164/2164
f 2163/2163/2163 2068/2068/2068 1642/1642/1642
s 1
f 606/606/606 659/659/659 607/607/607
f 2145/2145/2145 1567/1567/1567 607/607/607
s 2
f 2365/2365/2365 1473/1473/1473 395/395/395
f 1770/1770/1770 1473/1473/1473 2365/2365/2365
f 890/890/890 302/302/302 304/304/304
f 2452/2452/2452 307/307/307 1352/1352/1352
s 7
f 2321/2321/2321 1107/1107/1107 37/37/37
f 2321/2321/2321 370/370/370 1107/1107/1107
s 109
f 589/589/589 1091/1091/1091 1668/1668/1668
f 589/589/589 1668/1668/1668 2305/2305/2305
s 1
f 659/659/659 1565/1565/1565 607/607/607
f 1308/1308/1308 1565/1565/1565 659/659/659
f 1996/1996/1996 3/3/3 1997/1997/1997
f 1997/1997/1997 3/3/3 524/524/524
s 7
f 1115/1115/1115 1454/1454/1454 1771/1771/1771
f 2322/2322/2322 1454/1454/1454 1106/1106/1106
s 4
f 1857/1857/1857 1928/1928/1928 1858/1858/1858
f 1858/1858/1858 1928/1928/1928 1967/1967/1967
s 46
f 596/596/596 595/595/595 1127/1127/1127
s 2
f 1128/1128/1128 62/62/62 1129/1129/1129
s 7
f 345/345/345 1988/1988/1988 343/343/343
f 2116/2116/2116 1009/1009/1009 343/343/343
s 2
f 33/33/33 1192/1192/1192 1191/1191/1191
f 2181/2181/2181 1191/1191/1191 2182/2182/2182
f 1080/1080/1080 1342/1342/1342 1672/1672/1672
f 2422/2422/2422 1080/1080/1080 1437/1437/1437
f 643/643/643 1224/1224/1224 559/559/559
f 643/643/643 131/131/131 1742/1742/1742
s 1
f 515/515/515 2179/2179/2179 1179/1179/1179
f 1179/1179/1179 2179/2179/2179 676/676/676
s 2
f 578/578/578 580/580/580 693/693/693
f 693/693/693 580/580/580 691/691/691
s 7
f 1467/1467/1467 280/280/280 282/282/282
f 1467/1467/1467 1165/1165/1165 280/280/280
s 2
f 92/92/92 1405/1405/1405 90/90/90
f 1405/1405/1405 1404/1404/1404 90/90/90
s 7
f 839/839/839 132/132/132 134/134/134
f 134/134/134 1225/1225/1225 839/839/839
s 4
f 958/958/958 944/944/944 943/943/943
f 944/944/944 958/958/958 2323/2323/2323
s 2
f 565/565/565 568/568/568 575/575/575
f 563/563/563 565/565/565 575/575/575
f 2004/2004/2004 762/762/762 731/731/731
f 2453/2453/2453 1919/1919/1919 2183/2183/2183
f 1263/1263/1263 1196/1196/1196 1198/1198/1198
f 59/59/59 2037/2037/2037 2038/2038/2038
s 46
f 1268/1268/1268 1974/1974/1974 1286/1286/1286
f 1327/1327/1327 1973/1973/1973 1974/1974/1974
s 109
f 1026/1026/1026 589/589/589 2305/2305/2305
f 1026/1026/1026 2304/2304/2304 1025/1025/1025
s 7
f 1772/1772/1772 1181/1181/1181 1773/1773/1773
f 1183/1183/1183 1184/1184/1184 1181/1181/1181
f 443/443/443 1468/1468/1468 830/830/830
f 828/828/828 1468/1468/1468 1152/1152/1152
f 774/774/774 2224/2224/2224 502/502/502
f 838/838/838 839/839/839 1225/1225/1225
s 2
f 562/562/562 561/561/561 87/87/87
f 1429/1429/1429 87/87/87 1417/1417/1417
s 7
f 365/365/365 367/367/367 105/105/105
f 1118/1118/1118 365/365/365 105/105/105
s 6
f 1229/1229/1229 915/915/915 914/914/914
f 1229/1229/1229 710/710/710 2203/2203/2203
s 2
f 894/894/894 1743/1743/1743 2265/2265/2265
f 882/882/882 1743/1743/1743 894/894/894
f 909/909/909 908/908/908 497/497/497
f 2411/2411/2411 1538/1538/1538 497/497/497
s 7
f 140/140/140 437/437/437 138/138/138
f 74/74/74 138/138/138 439/439/439
s 2
f 213/213/213 1292/1292/1292 961/961/961
f 1853/1853/1853 1807/1807/1807 1852/1852/1852
f 805/805/805 493/493/493 492/492/492
f 2167/2167/2167 805/805/805 492/492/492
f 791/791/791 1921/1921/1921 2117/2117/2117
f 90/90/90 1404/1404/1404 791/791/791
s 46
f 2293/2293/2293 556/556/556 618/618/618
f 618/618/618 617/617/617 591/591/591
s 7
f 735/735/735 343/343/343 1010/1010/1010
f 2066/2066/2066 1706/1706/1706 1023/1023/1023
s 2
f 492/492/492 1380/1380/1380 2166/2166/2166
f 1380/1380/1380 2454/2454/2454 2166/2166/2166
s 7
f 1657/1657/1657 1618/1618/1618 1525/1525/1525
f 221/221/221 1657/1657/1657 1525/1525/1525
s 2
f 1570/1570/1570 121/121/121 120/120/120
f 1570/1570/1570 2455/2455/2455 121/121/121
f 2376/2376/2376 750/750/750 2347/2347/2347
f 545/545/545 2347/2347/2347 750/750/750
f 448/448/448 435/435/435 1322/1322/1322
f 1752/1752/1752 448/448/448 1322/1322/1322
s 7
f 439/439/439 437/437/437 436/436/436
f 138/138/138 437/437/437 439/439/439
f 1205/1205/1205 1653/1653/1653 2338/2338/2338
f 1653/1653/1653 2416/2416/2416 2338/2338/2338
s 2
f 2059/2059/2059 2056/2056/2056 2055/2055/2055
f 2345/2345/2345 2059/2059/2059 2055/2055/2055
s 46
f 2456/2456/2456 1127/1127/1127 592/592/592
f 2456/2456/2456 592/592/592 2457/2457/2457
f 1329/1329/1329 2458/2458/2458 1269/1269/1269
f 1328/1328/1328 2458/2458/2458 1329/1329/1329
f 2031/2031/2031 137/137/137 2030/2030/2030
f 2030/2030/2030 1486/1486/1486 555/555/555
s 2
f 1185/1185/1185 1358/1358/1358 473/473/473
f 1358/1358/1358 1276/1276/1276 2302/2302/2302
f 1253/1253/1253 2051/2051/2051 1349/1349/1349
f 1349/1349/1349 626/626/626 628/628/628
f 77/77/77 896/896/896 75/75/75
f 1829/1829/1829 1828/1828/1828 896/896/896
s 4
f 1857/1857/1857 1841/1841/1841 1928/1928/1928
f 14/14/14 1841/1841/1841 11/11/11
s 7
f 1737/1737/1737 927/927/927 926/926/926
s 2
f 116/116/116 2459/2459/2459 932/932/932
f 1338/1338/1338 1337/1337/1337 2460/2460/2460
s 7
f 329/329/329 328/328/328 2450/2450/2450
f 310/310/310 290/290/290 1788/1788/1788
f 290/290/290 289/289/289 1151/1151/1151
f 212/212/212 211/211/211 1718/1718/1718
f 211/211/211 1717/1717/1717 1718/1718/1718
s 2
f 267/267/267 266/266/266 2016/2016/2016
f 2016/2016/2016 266/266/266 1715/1715/1715
f 815/815/815 1896/1896/1896 1316/1316/1316
f 1265/1265/1265 1896/1896/1896 815/815/815
f 2021/2021/2021 750/750/750 78/78/78
f 752/752/752 78/78/78 750/750/750
f 474/474/474 476/476/476 2433/2433/2433
f 1804/1804/1804 101/101/101 2020/2020/2020
f 2159/2159/2159 1068/1068/1068 1083/1083/1083
f 1532/1532/1532 1083/1083/1083 1068/1068/1068
s 7
f 443/443/443 1152/1152/1152 1468/1468/1468
f 443/443/443 1626/1626/1626 1152/1152/1152
s 2
f 256/256/256 428/428/428 2289/2289/2289
f 428/428/428 977/977/977 2214/2214/2214
f 714/714/714 2121/2121/2121 1992/1992/1992
f 714/714/714 1992/1992/1992 715/715/715
f 111/111/111 1415/1415/1415 112/112/112
f 1415/1415/1415 1176/1176/1176 1178/1178/1178
f 374/374/374 1445/1445/1445 1373/1373/1373
f 1445/1445/1445 374/374/374 1872/1872/1872
f 2226/2226/2226 640/640/640 174/174/174
f 1034/1034/1034 174/174/174 549/549/549
s 1
f 1452/1452/1452 1464/1464/1464 2407/2407/2407
f 2342/2342/2342 2000/2000/2000 1701/1701/1701
s 230
f 1235/1235/1235 709/709/709 1713/1713/1713
f 1236/1236/1236 1235/1235/1235 1710/1710/1710
s 2
f 1854/1854/1854 544/544/544 860/860/860
f 304/304/304 843/843/843 860/860/860
s 7
f 1476/1476/1476 2225/2225/2225 1475/1475/1475
f 2225/2225/2225 2224/2224/2224 2130/2130/2130
s 46
f 2355/2355/2355 298/298/298 2356/2356/2356
f 297/297/297 609/609/609 298/298/298
s 2
f 1279/1279/1279 1278/1278/1278 2461/2461/2461
f 2461/2461/2461 171/171/171 1656/1656/1656
s 7
f 182/182/182 953/953/953 1281/1281/1281
f 182/182/182 952/952/952 953/953/953
s 2
f 544/544/544 304/304/304 860/860/860
f 304/304/304 544/544/544 543/543/543
s 7
f 747/747/747 226/226/226 225/225/225
f 853/853/853 2026/2026/2026 225/225/225
s 2
f 1899/1899/1899 764/764/764 1079/1079/1079
f 764/764/764 1899/1899/1899 1696/1696/1696
s 230
f 2187/2187/2187 1658/1658/1658 2194/2194/2194
f 1785/1785/1785 2462/2462/2462 2280/2280/2280
s 1
f 1430/1430/1430 1304/1304/1304 1431/1431/1431
f 2262/2262/2262 1430/1430/1430 2109/2109/2109
s 2
f 1048/1048/1048 2092/2092/2092 864/864/864
f 864/864/864 1046/1046/1046 1048/1048/1048
s 7
f 1382/1382/1382 470/470/470 2463/2463/2463
f 436/436/436 438/438/438 1990/1990/1990
s 2
f 1082/1082/1082 1084/1084/1084 568/568/568
f 1084/1084/1084 575/575/575 568/568/568
f 1709/1709/1709 1708/1708/1708 375/375/375
f 1709/1709/1709 375/375/375 542/542/542
f 621/621/621 620/620/620 761/761/761
f 2002/2002/2002 761/761/761 2004/2004/2004
f 766/766/766 2432/2432/2432 1103/1103/1103
f 1105/1105/1105 1103/1103/1103 1898/1898/1898
f 2059/2059/2059 1397/1397/1397 2056/2056/2056
f 2056/2056/2056 1397/1397/1397 2261/2261/2261
s 8
f 2464/2464/2464 2299/2299/2299 2298/2298/2298
f 971/971/971 2464/2464/2464 972/972/972
s 2
f 2334/2334/2334 1930/1930/1930 685/685/685
f 2334/2334/2334 1524/1524/1524 1522/1522/1522
s 620
f 2173/2173/2173 2465/2465/2465 2174/2174/2174
f 2466/2466/2466 2465/2465/2465 2173/2173/2173
s 2
f 1284/1284/1284 521/521/521 2199/2199/2199
f 2199/2199/2199 521/521/521 2198/2198/2198
s 8
f 1394/1394/1394 1393/1393/1393 2122/2122/2122
f 1393/1393/1393 996/996/996 995/995/995
s 46
f 243/243/243 1980/1980/1980 1982/1982/1982
f 243/243/243 1982/1982/1982 2190/2190/2190
s 2
f 1326/1326/1326 701/701/701 213/213/213
f 1326/1326/1326 213/213/213 961/961/961
f 740/740/740 1534/1534/1534 1569/1569/1569
f 740/740/740 1569/1569/1569 2150/2150/2150
s 7
f 2463/2463/2463 2260/2260/2260 1382/1382/1382
f 2467/2467/2467 1382/1382/1382 2260/2260/2260
f 2148/2148/2148 157/157/157 1648/1648/1648
s 46
f 634/634/634 1651/1651/1651 635/635/635
s 2
f 531/531/531 258/258/258 2340/2340/2340
f 258/258/258 531/531/531 533/533/533
s 7
f 835/835/835 2468/2468/2468 2252/2252/2252
f 834/834/834 2469/2469/2469 835/835/835
s 230
f 2270/2270/2270 2449/2449/2449 1243/1243/1243
f 1243/1243/1243 1660/1660/1660 1711/1711/1711
s 6
f 1613/1613/1613 712/712/712 1623/1623/1623
f 2383/2383/2383 1623/1623/1623 2470/2470/2470
s 2
f 192/192/192 122/122/122 1578/1578/1578
f 192/192/192 120/120/120 122/122/122
s 7
f 310/310/310 309/309/309 412/412/412
f 310/310/310 2081/2081/2081 290/290/290
s 2
f 1370/1370/1370 397/397/397 300/300/300
f 1370/1370/1370 300/300/300 186/186/186
f 1614/1614/1614 1195/1195/1195 1075/1075/1075
f 1615/1615/1615 1195/1195/1195 1614/1614/1614
f 2108/2108/2108 83/83/83 82/82/82
f 83/83/83 2108/2108/2108 205/205/205
f 1697/1697/1697 764/764/764 763/763/763
f 1077/1077/1077 1697/1697/1697 1671/1671/1671
f 1947/1947/1947 1438/1438/1438 1437/1437/1437
f 1421/1421/1421 1438/1438/1438 193/193/193
s 6
f 1230/1230/1230 17/17/17 711/711/711
f 711/711/711 1490/1490/1490 974/974/974
s 2
f 1642/1642/1642 1640/1640/1640 393/393/393
f 1640/1640/1640 391/391/391 393/393/393
s 1
f 604/604/604 528/528/528 1155/1155/1155
f 604/604/604 1155/1155/1155 873/873/873
s 2
f 1223/1223/1223 2372/2372/2372 561/561/561
f 559/559/559 2372/2372/2372 1223/1223/1223
f 173/173/173 1189/1189/1189 1188/1188/1188
f 2302/2302/2302 173/173/173 1188/1188/1188
f 2471/2471/2471 334/334/334 333/333/333
f 334/334/334 1124/1124/1124 335/335/335
s 7
f 452/452/452 1762/1762/1762 1754/1754/1754
f 1762/1762/1762 452/452/452 952/952/952
f 583/583/583 582/582/582 770/770/770
f 2024/2024/2024 572/572/572 770/770/770
f 2472/2472/2472 845/845/845 847/847/847
s 2
f 304/304/304 303/303/303 2082/2082/2082
f 334/334/334 2471/2471/2471 1124/1124/1124
f 2471/2471/2471 1811/1811/1811 857/857/857
f 1975/1975/1975 1976/1976/1976 743/743/743
f 1976/1976/1976 727/727/727 43/43/43
s 46
f 609/609/609 146/146/146 783/783/783
f 779/779/779 778/778/778 783/783/783
s 2
f 1853/1853/1853 1852/1852/1852 1820/1820/1820
f 1501/1501/1501 1820/1820/1820 1502/1502/1502
s 230
f 1234/1234/1234 2279/2279/2279 1043/1043/1043
f 1043/1043/1043 2279/2279/2279 2194/2194/2194
s 2
f 2104/2104/2104 1199/1199/1199 1930/1930/1930
f 1930/1930/1930 679/679/679 685/685/685
s 1
f 664/664/664 663/663/663 1900/1900/1900
f 663/663/663 876/876/876 1900/1900/1900
s 2
f 530/530/530 547/547/547 427/427/427
f 1418/1418/1418 2157/2157/2157 530/530/530
f 1976/1976/1976 43/43/43 743/743/743
f 743/743/743 43/43/43 741/741/741
f 1679/1679/1679 364/364/364 2129/2129/2129
f 1695/1695/1695 1679/1679/1679 2129/2129/2129
s 109
f 332/332/332 2246/2246/2246 1594/1594/1594
f 883/883/883 332/332/332 1594/1594/1594
s 1
f 1568/1568/1568 2053/2053/2053 608/608/608
f 1568/1568/1568 608/608/608 607/607/607
s 2
f 1535/1535/1535 1250/1250/1250 1809/1809/1809
f 1809/1809/1809 1250/1250/1250 1111/1111/1111
s 7
f 344/344/344 343/343/343 736/736/736
f 344/344/344 1786/1786/1786 1700/1700/1700
s 2
f 1416/1416/1416 1536/1536/1536 1035/1035/1035
f 87/87/87 89/89/89 1416/1416/1416
s 1
f 517/517/517 1308/1308/1308 1309/1309/1309
f 1600/1600/1600 1309/1309/1309 1953/1953/1953
s 2
f 166/166/166 295/295/295 903/903/903
f 1373/1373/1373 1444/1444/1444 295/295/295
f 193/193/193 1438/1438/1438 1947/1947/1947
f 1948/1948/1948 194/194/194 193/193/193
s 7
f 487/487/487 1401/1401/1401 1908/1908/1908
f 185/185/185 1550/1550/1550 487/487/487
f 1903/1903/1903 1904/1904/1904 1560/1560/1560
f 877/877/877 1903/1903/1903 1560/1560/1560
f 1220/1220/1220 338/338/338 340/340/340
f 1818/1818/1818 338/338/338 2128/2128/2128
s 2
f 1302/1302/1302 1018/1018/1018 1017/1017/1017
f 1302/1302/1302 2454/2454/2454 1380/1380/1380
s 1
f 1435/1435/1435 2350/2350/2350 1296/1296/1296
f 1431/1431/1431 1304/1304/1304 1296/1296/1296
s 2
f 217/217/217 1110/1110/1110 2315/2315/2315
f 217/217/217 216/216/216 1110/1110/1110
s 7
f 2128/2128/2128 338/338/338 1220/1220/1220
f 2128/2128/2128 1220/1220/1220 2473/2473/2473
f 183/183/183 185/185/185 1402/1402/1402
f 151/151/151 833/833/833 183/183/183
s 2
f 2099/2099/2099 1136/1136/1136 1379/1379/1379
f 1361/1361/1361 2099/2099/2099 1379/1379/1379
f 179/179/179 640/640/640 1489/1489/1489
f 1489/1489/1489 1224/1224/1224 179/179/179
f 435/435/435 434/434/434 1443/1443/1443
f 435/435/435 2206/2206/2206 1323/1323/1323
s 7
f 1164/1164/1164 2035/2035/2035 2102/2102/2102
f 381/381/381 1790/1790/1790 2103/2103/2103
s 2
f 265/265/265 1125/1125/1125 1821/1821/1821
f 1125/1125/1125 265/265/265 2447/2447/2447
f 1252/1252/1252 2474/2474/2474 2436/2436/2436
f 2474/2474/2474 1252/1252/1252 1254/1254/1254
f 1800/1800/1800 2392/2392/2392 176/176/176
f 176/176/176 2392/2392/2392 550/550/550
s 7
f 313/313/313 312/312/312 819/819/819
f 1964/1964/1964 313/313/313 819/819/819
s 2
f 116/116/116 115/115/115 2475/2475/2475
f 1884/1884/1884 2459/2459/2459 116/116/116
f 2284/2284/2284 2434/2434/2434 1311/1311/1311
f 1458/1458/1458 2284/2284/2284 1311/1311/1311
s 109
f 2425/2425/2425 1611/1611/1611 347/347/347
f 1611/1611/1611 1609/1609/1609 1608/1608/1608
s 2
f 1601/1601/1601 485/485/485 1206/1206/1206
f 485/485/485 484/484/484 1206/1206/1206
f 90/90/90 790/790/790 925/925/925
f 2261/2261/2261 925/925/925 790/790/790
f 1285/1285/1285 1066/1066/1066 1065/1065/1065
f 1065/1065/1065 1066/1066/1066 788/788/788
s 1
f 2171/2171/2171 1295/1295/1295 1135/1135/1135
f 671/671/671 673/673/673 1135/1135/1135
s 2
f 1910/1910/1910 1909/1909/1909 2250/2250/2250
f 1909/1909/1909 2254/2254/2254 2250/2250/2250
f 2124/2124/2124 55/55/55 1686/1686/1686
f 55/55/55 57/57/57 1686/1686/1686
s 46
f 464/464/464 2230/2230/2230 595/595/595
f 462/462/462 464/464/464 595/595/595
s 7
f 1021/1021/1021 170/170/170 817/817/817
f 1704/1704/1704 738/738/738 737/737/737
s 2
f 1018/1018/1018 1302/1302/1302 522/522/522
f 1018/1018/1018 522/522/522 2361/2361/2361
f 1323/1323/1323 2206/2206/2206 899/899/899
f 1323/1323/1323 899/899/899 898/898/898
s 6
f 17/17/17 1493/1493/1493 1490/1490/1490
f 17/17/17 1490/1490/1490 711/711/711
s 7
f 445/445/445 2469/2469/2469 446/446/446
f 445/445/445 2268/2268/2268 2468/2468/2468
f 2245/2245/2245 2244/2244/2244 1167/1167/1167
f 2380/2380/2380 1167/1167/1167 281/281/281
s 46
f 2031/2031/2031 1954/1954/1954 669/669/669
f 670/670/670 669/669/669 1954/1954/1954
s 2
f 315/315/315 518/518/518 316/316/316
f 315/315/315 822/822/822 518/518/518
s 7
f 2223/2223/2223 1022/1022/1022 1705/1705/1705
f 1021/1021/1021 1705/1705/1705 1022/1022/1022
s 2
f 141/141/141 1780/1780/1780 142/142/142
f 142/142/142 785/785/785 784/784/784
f 277/277/277 1951/1951/1951 278/278/278
f 413/413/413 414/414/414 277/277/277
f 1291/1291/1291 1290/1290/1290 1297/1297/1297
f 1291/1291/1291 1297/1297/1297 273/273/273
s 7
f 445/445/445 2468/2468/2468 2469/2469/2469
f 2469/2469/2469 2468/2468/2468 835/835/835
s 2
f 1729/1729/1729 1357/1357/1357 275/275/275
f 1306/1306/1306 1729/1729/1729 275/275/275
f 2013/2013/2013 2476/2476/2476 1479/1479/1479
f 2013/2013/2013 316/316/316 2476/2476/2476
f 1413/1413/1413 1766/1766/1766 2255/2255/2255
f 1934/1934/1934 2477/2477/2477 1413/1413/1413
s 230
f 1045/1045/1045 1044/1044/1044 1100/1100/1100
f 1044/1044/1044 2478/2478/2478 1100/1100/1100
s 7
f 2337/2337/2337 2238/2238/2238 820/820/820
f 820/820/820 309/309/309 818/818/818
s 2
f 1312/1312/1312 196/196/196 768/768/768
f 1312/1312/1312 2434/2434/2434 196/196/196
s 1
f 1180/1180/1180 1179/1179/1179 1735/1735/1735
f 2191/2191/2191 527/527/527 2192/2192/2192
s 46
f 732/732/732 734/734/734 144/144/144
f 734/734/734 2381/2381/2381 144/144/144
s 230
f 1100/1100/1100 2478/2478/2478 1063/1063/1063
f 1063/1063/1063 2478/2478/2478 1231/1231/1231
s 2
f 1716/1716/1716 1053/1053/1053 97/97/97
f 1053/1053/1053 1716/1716/1716 1194/1194/1194
s 46
f 466/466/466 465/465/465 2211/2211/2211
f 2355/2355/2355 2354/2354/2354 2211/2211/2211
s 7
f 2479/2479/2479 2333/2333/2333 2057/2057/2057
f 2362/2362/2362 2057/2057/2057 270/270/270
f 818/818/818 308/308/308 966/966/966
f 308/308/308 1150/1150/1150 382/382/382
f 651/651/651 870/870/870 869/869/869
f 2136/2136/2136 654/654/654 2427/2427/2427
f 1865/1865/1865 1226/1226/1226 1866/1866/1866
f 1580/1580/1580 1581/1581/1581 1226/1226/1226
s 4
f 999/999/999 998/998/998 1731/1731/1731
f 1731/1731/1731 1002/1002/1002 1732/1732/1732
s 2
f 1477/1477/1477 154/154/154 1985/1985/1985
f 154/154/154 1477/1477/1477 1479/1479/1479
s 7
f 1647/1647/1647 1991/1991/1991 30/30/30
f 1647/1647/1647 30/30/30 1903/1903/1903
s 2
f 1780/1780/1780 787/787/787 2135/2135/2135
f 142/142/142 1780/1780/1780 785/785/785
s 1
f 1600/1600/1600 517/517/517 1309/1309/1309
f 517/517/517 1600/1600/1600 515/515/515
s 7
f 1790/1790/1790 383/383/383 1787/1787/1787
f 1150/1150/1150 383/383/383 382/382/382
s 230
f 1247/1247/1247 2389/2389/2389 2390/2390/2390
s 8
f 1088/1088/1088 2277/2277/2277 1089/1089/1089
s 7
f 311/311/311 2101/2101/2101 408/408/408
f 311/311/311 1547/1547/1547 2101/2101/2101
s 2
f 1780/1780/1780 1781/1781/1781 787/787/787
f 787/787/787 1781/1781/1781 1065/1065/1065
s 4
f 13/13/13 15/15/15 1122/1122/1122
f 1734/1734/1734 1122/1122/1122 1731/1731/1731
s 1
f 674/674/674 676/676/676 1757/1757/1757
f 1757/1757/1757 676/676/676 1759/1759/1759
s 2
f 1325/1325/1325 1189/1189/1189 1752/1752/1752
f 172/172/172 448/448/448 1752/1752/1752
f 460/460/460 1439/1439/1439 1441/1441/1441
f 1439/1439/1439 460/460/460 1952/1952/1952
f 521/521/521 1284/1284/1284 1282/1282/1282
f 1282/1282/1282 1284/1284/1284 1781/1781/1781
s 230
f 1101/1101/1101 1100/1100/1100 1549/1549/1549
f 2387/2387/2387 1101/1101/1101 1549/1549/1549
s 2
f 2291/2291/2291 232/232/232 478/478/478
f 2290/2290/2290 2291/2291/2291 478/478/478
s 1
f 528/528/528 2143/2143/2143 1307/1307/1307
f 604/604/604 2143/2143/2143 528/528/528
s 7
f 1988/1988/1988 2114/2114/2114 2116/2116/2116
f 1988/1988/1988 2116/2116/2116 343/343/343
f 800/800/800 140/140/140 139/139/139
f 1790/1790/1790 800/800/800 139/139/139
s 46
f 2211/2211/2211 2357/2357/2357 2212/2212/2212
f 1665/1665/1665 462/462/462 2414/2414/2414
s 2
f 1748/1748/1748 1747/1747/1747 1346/1346/1346
f 1748/1748/1748 1346/1346/1346 1422/1422/1422
f 2046/2046/2046 1052/1052/1052 1193/1193/1193
f 1052/1052/1052 1053/1053/1053 1193/1193/1193
f 619/619/619 678/678/678 620/620/620
f 1744/1744/1744 2193/2193/2193 678/678/678
s 46
f 779/779/779 783/783/783 146/146/146
f 779/779/779 146/146/146 145/145/145
s 7
f 870/870/870 651/651/651 650/650/650
f 2329/2329/2329 650/650/650 2328/2328/2328
s 2
f 1830/1830/1830 1829/1829/1829 77/77/77
f 1829/1829/1829 896/896/896 77/77/77
f 372/372/372 1374/1374/1374 276/276/276
f 167/167/167 2153/2153/2153 276/276/276
f 1559/1559/1559 682/682/682 684/684/684
f 682/682/682 1559/1559/1559 1424/1424/1424
f 1210/1210/1210 1601/1601/1601 1209/1209/1209
f 1601/1601/1601 1206/1206/1206 1209/1209/1209
s 8
f 2480/2480/2480 724/724/724 723/723/723
f 1089/1089/1089 2276/2276/2276 2278/2278/2278
s 4
f 2330/2330/2330 2398/2398/2398 1938/1938/1938
f 2398/2398/2398 1936/1936/1936 1938/1938/1938
s 2
f 1669/1669/1669 1670/1670/1670 1154/1154/1154
f 1154/1154/1154 1670/1670/1670 54/54/54
s 46
f 463/463/463 1665/1665/1665 1664/1664/1664
f 1664/1664/1664 1591/1591/1591 463/463/463
s 7
f 2136/2136/2136 1627/1627/1627 226/226/226
f 226/226/226 867/867/867 2296/2296/2296
f 1789/1789/1789 800/800/800 1790/1790/1790
f 1790/1790/1790 1787/1787/1787 1789/1789/1789
s 2
f 716/716/716 1488/1488/1488 2481/2481/2481
f 1339/1339/1339 716/716/716 893/893/893
f 1852/1852/1852 1499/1499/1499 1498/1498/1498
f 1820/1820/1820 1852/1852/1852 1502/1502/1502
s 46
f 622/622/622 732/732/732 144/144/144
f 2482/2482/2482 732/732/732 622/622/622
s 2
f 900/900/900 449/449/449 2124/2124/2124
f 896/896/896 900/900/900 1685/1685/1685
f 1531/1531/1531 1210/1210/1210 632/632/632
f 632/632/632 1529/1529/1529 1531/1531/1531
f 1714/1714/1714 1144/1144/1144 1177/1177/1177
f 1176/1176/1176 1714/1714/1714 1177/1177/1177
f 2018/2018/2018 543/543/543 542/542/542
f 543/543/543 2483/2483/2483 890/890/890
s 7
f 1587/1587/1587 1616/1616/1616 1657/1657/1657
f 850/850/850 1527/1527/1527 1587/1587/1587
s 2
f 804/804/804 2484/2484/2484 1776/1776/1776
f 2484/2484/2484 804/804/804 803/803/803
f 1918/1918/1918 322/322/322 1471/1471/1471
f 1481/1481/1481 322/322/322 1482/1482/1482
f 1177/1177/1177 2373/2373/2373 56/56/56
f 56/56/56 1504/1504/1504 57/57/57
f 2019/2019/2019 1543/1543/1543 2485/2485/2485
f 307/307/307 2452/2452/2452 1543/1543/1543
f 1258/1258/1258 479/479/479 1259/1259/1259
f 479/479/479 1355/1355/1355 1354/1354/1354
s 46
f 1832/1832/1832 1859/1859/1859 1214/1214/1214
f 1831/1831/1831 1859/1859/1859 1832/1832/1832
s 1
f 606/606/606 608/608/608 1792/1792/1792
f 658/658/658 606/606/606 1792/1792/1792
s 7
f 2405/2405/2405 1719/1719/1719 2486/2486/2486
f 1803/1803/1803 2486/2486/2486 1801/1801/1801
s 8
f 1764/1764/1764 1039/1039/1039 1971/1971/1971
f 1039/1039/1039 1764/1764/1764 1040/1040/1040
s 2
f 859/859/859 52/52/52 1251/1251/1251
f 53/53/53 52/52/52 842/842/842
s 6
f 974/974/974 1490/1490/1490 1492/1492/1492
f 1492/1492/1492 1604/1604/1604 974/974/974
s 2
f 1381/1381/1381 1299/1299/1299 1301/1301/1301
f 2411/2411/2411 496/496/496 2412/2412/2412
s 46
f 1269/1269/1269 1980/1980/1980 243/243/243
f 1269/1269/1269 2458/2458/2458 1980/1980/1980
s 2
f 2222/2222/2222 962/962/962 1836/1836/1836
f 962/962/962 1853/1853/1853 1836/1836/1836
f 1984/1984/1984 1019/1019/1019 2487/2487/2487
f 1019/1019/1019 143/143/143 2487/2487/2487
s 7
f 2488/2488/2488 856/856/856 1202/1202/1202
f 856/856/856 2489/2489/2489 975/975/975
s 2
f 1498/1498/1498 1500/1500/1500 1458/1458/1458
f 1500/1500/1500 1289/1289/1289 1458/1458/1458
f 373/373/373 894/894/894 2265/2265/2265
f 2265/2265/2265 1872/1872/1872 373/373/373
s 7
f 749/749/749 652/652/652 226/226/226
f 749/749/749 1644/1644/1644 652/652/652
s 2
f 363/363/363 362/362/362 1695/1695/1695
f 2264/2264/2264 1695/1695/1695 1692/1692/1692
f 143/143/143 784/784/784 2487/2487/2487
f 143/143/143 142/142/142 784/784/784
s 7
f 21/21/21 1802/1802/1802 341/341/341
f 21/21/21 1495/1495/1495 1496/1496/1496
f 30/30/30 1991/1991/1991 28/28/28
f 1991/1991/1991 2490/2490/2490 28/28/28
s 2
f 1084/1084/1084 1070/1070/1070 575/575/575
f 575/575/575 1070/1070/1070 1069/1069/1069
s 7
f 2084/2084/2084 1455/1455/1455 2085/2085/2085
f 1173/1173/1173 1175/1175/1175 2085/2085/2085
s 2
f 1355/1355/1355 499/499/499 1371/1371/1371
f 499/499/499 377/377/377 376/376/376
s 1
f 2248/2248/2248 1566/1566/1566 1308/1308/1308
f 1566/1566/1566 1565/1565/1565 1308/1308/1308
s 7
f 2491/2491/2491 1890/1890/1890 1891/1891/1891
f 950/950/950 452/452/452 451/451/451
s 46
f 981/981/981 2272/2272/2272 666/666/666
f 638/638/638 2272/2272/2272 1974/1974/1974
s 2
f 893/893/893 716/716/716 307/307/307
f 1542/1542/1542 307/307/307 1543/1543/1543
f 1909/1909/1909 1366/1366/1366 2254/2254/2254
f 698/698/698 677/677/677 2254/2254/2254
f 2492/2492/2492 1407/1407/1407 1409/1409/1409
f 2493/2493/2493 1409/1409/1409 2348/2348/2348
f 2286/2286/2286 741/741/741 1576/1576/1576
f 1576/1576/1576 741/741/741 1837/1837/1837
s 7
f 757/757/757 1166/1166/1166 159/159/159
f 776/776/776 159/159/159 1166/1166/1166
s 2
f 1949/1949/1949 895/895/895 1742/1742/1742
f 895/895/895 179/179/179 642/642/642
s 1
f 1131/1131/1131 1170/1170/1170 1169/1169/1169
f 1131/1131/1131 1133/1133/1133 1170/1170/1170
s 7
f 829/829/829 2329/2329/2329 2328/2328/2328
f 827/827/827 829/829/829 2328/2328/2328
s 2
f 1004/1004/1004 1006/1006/1006 1003/1003/1003
f 1003/1003/1003 1006/1006/1006 1707/1707/1707
s 7
f 223/223/223 2041/2041/2041 2040/2040/2040
f 160/160/160 223/223/223 2040/2040/2040
s 2
f 725/725/725 700/700/700 44/44/44
f 725/725/725 1778/1778/1778 2086/2086/2086
s 1
f 665/665/665 664/664/664 514/514/514
f 665/665/665 514/514/514 608/608/608
s 230
f 1232/1232/1232 1659/1659/1659 1233/1233/1233
f 1658/1658/1658 2188/2188/2188 1659/1659/1659
s 6
f 912/912/912 1396/1396/1396 2009/2009/2009
f 911/911/911 1396/1396/1396 912/912/912
s 46
f 1268/1268/1268 1327/1327/1327 1974/1974/1974
f 2494/2494/2494 1327/1327/1327 1268/1268/1268
s 7
f 1618/1618/1618 2243/2243/2243 1526/1526/1526
f 1526/1526/1526 2417/2417/2417 1652/1652/1652
s 2
f 2206/2206/2206 113/113/113 1972/1972/1972
f 1972/1972/1972 113/113/113 1143/1143/1143
f 629/629/629 630/630/630 1530/1530/1530
f 2429/2429/2429 2012/2012/2012 1530/1530/1530
s 4
f 1160/1160/1160 1001/1001/1001 1057/1057/1057
f 1160/1160/1160 1057/1057/1057 1158/1158/1158
s 230
f 1241/1241/1241 2237/2237/2237 1242/1242/1242
f 2188/2188/2188 1233/1233/1233 1659/1659/1659
s 2
f 1957/1957/1957 1961/1961/1961 1958/1958/1958
f 495/495/495 497/497/497 908/908/908
f 391/391/391 394/394/394 392/392/392
f 391/391/391 2364/2364/2364 394/394/394
f 962/962/962 961/961/961 1853/1853/1853
f 961/961/961 1807/1807/1807 1853/1853/1853
s 7
f 106/106/106 1875/1875/1875 837/837/837
f 1873/1873/1873 1772/1772/1772 1875/1875/1875
f 2266/2266/2266 2073/2073/2073 328/328/328
f 2073/2073/2073 2072/2072/2072 328/328/328
s 2
f 2434/2434/2434 272/272/272 197/197/197
f 2284/2284/2284 272/272/272 2434/2434/2434
s 230
f 1063/1063/1063 1231/1231/1231 1064/1064/1064
f 2235/2235/2235 2236/2236/2236 1241/1241/1241
s 7
f 1009/1009/1009 1024/1024/1024 1010/1010/1010
f 1009/1009/1009 1399/1399/1399 1024/1024/1024
f 367/367/367 106/106/106 105/105/105
f 106/106/106 1873/1873/1873 1875/1875/1875
s 1
f 1998/1998/1998 1995/1995/1995 1999/1999/1999
f 1293/1293/1293 1448/1448/1448 1450/1450/1450
s 2
f 1777/1777/1777 727/727/727 726/726/726
f 727/727/727 1777/1777/1777 725/725/725
s 46
f 147/147/147 534/534/534 148/148/148
f 147/147/147 1682/1682/1682 534/534/534
s 7
f 21/21/21 20/20/20 2125/2125/2125
f 739/739/739 963/963/963 2076/2076/2076
f 2296/2296/2296 1573/1573/1573 1240/1240/1240
f 1240/1240/1240 1573/1573/1573 573/573/573
s 1
f 874/874/874 660/660/660 662/662/662
f 874/874/874 665/665/665 2053/2053/2053
s 2
f 597/597/597 1761/1761/1761 598/598/598
f 1598/1598/1598 1761/1761/1761 597/597/597
s 7
f 1168/1168/1168 1586/1586/1586 1588/1588/1588
f 776/776/776 1168/1168/1168 1588/1588/1588
s 46
f 636/636/636 1266/1266/1266 1288/1288/1288
f 635/635/635 1266/1266/1266 636/636/636
s 7
f 2495/2495/2495 2147/2147/2147 1238/1238/1238
f 2495/2495/2495 2025/2025/2025 2147/2147/2147
s 2
f 2496/2496/2496 84/84/84 86/86/86
f 1555/1555/1555 2496/2496/2496 1557/1557/1557
s 1
f 1745/1745/1745 1900/1900/1900 876/876/876
f 871/871/871 2/2/2 1745/1745/1745
s 2
f 1776/1776/1776 1186/1186/1186 2205/2205/2205
f 2205/2205/2205 1186/1186/1186 1185/1185/1185
f 279/279/279 882/882/882 2316/2316/2316
s 109
f 1594/1594/1594 1596/1596/1596 883/883/883
s 7
f 867/867/867 1627/1627/1627 284/284/284
f 226/226/226 1627/1627/1627 867/867/867
s 2
f 1050/1050/1050 1049/1049/1049 1555/1555/1555
f 1555/1555/1555 84/84/84 2496/2496/2496
s 7
f 934/934/934 1739/1739/1739 795/795/795
f 2175/2175/2175 1739/1739/1739 934/934/934
s 1
f 1565/1565/1565 1307/1307/1307 2142/2142/2142
f 1307/1307/1307 2143/2143/2143 2142/2142/2142
s 2
f 1529/1529/1529 632/632/632 1607/1607/1607
f 2378/2378/2378 1529/1529/1529 1607/1607/1607
s 4
f 1881/1881/1881 1851/1851/1851 2028/2028/2028
f 2028/2028/2028 1849/1849/1849 955/955/955
s 7
f 150/150/150 1890/1890/1890 2491/2491/2491
f 2491/2491/2491 832/832/832 150/150/150
s 2
f 520/520/520 519/519/519 1140/1140/1140
f 519/519/519 2199/2199/2199 1140/1140/1140
f 2193/2193/2193 1687/1687/1687 759/759/759
f 759/759/759 678/678/678 2193/2193/2193
s 8
f 1060/1060/1060 1039/1039/1039 720/720/720
f 719/719/719 2497/2497/2497 720/720/720
s 4
f 955/955/955 954/954/954 1881/1881/1881
f 1881/1881/1881 2028/2028/2028 955/955/955
s 7
f 1010/1010/1010 1023/1023/1023 735/735/735
f 1024/1024/1024 1023/1023/1023 1010/1010/1010
s 2
f 257/257/257 50/50/50 49/49/49
f 257/257/257 2289/2289/2289 50/50/50
s 8
f 995/995/995 2122/2122/2122 1393/1393/1393
f 2122/2122/2122 995/995/995 2210/2210/2210
s 4
f 1000/1000/1000 887/887/887 2049/2049/2049
f 1057/1057/1057 1000/1000/1000 942/942/942
s 8
f 2360/2360/2360 1038/1038/1038 1061/1061/1061
f 2497/2497/2497 2360/2360/2360 1061/1061/1061
s 7
f 1706/1706/1706 1021/1021/1021 735/735/735
f 735/735/735 1023/1023/1023 1706/1706/1706
s 2
f 1342/1342/1342 1077/1077/1077 1672/1672/1672
f 1672/1672/1672 1077/1077/1077 1671/1671/1671
f 1534/1534/1534 1975/1975/1975 742/742/742
f 1570/1570/1570 1534/1534/1534 2455/2455/2455
f 2196/2196/2196 2392/2392/2392 2498/2498/2498
s 46
f 2233/2233/2233 1271/1271/1271 1270/1270/1270
s 7
f 1904/1904/1904 2421/2421/2421 878/878/878
f 1560/1560/1560 1904/1904/1904 878/878/878
s 2
f 1791/1791/1791 164/164/164 2499/2499/2499
f 1093/1093/1093 1674/1674/1674 2312/2312/2312
s 7
f 964/964/964 966/966/966 382/382/382
f 382/382/382 966/966/966 308/308/308
s 2
f 1206/1206/1206 484/484/484 1207/1207/1207
f 1081/1081/1081 1672/1672/1672 1207/1207/1207
f 359/359/359 715/715/715 1993/1993/1993
f 715/715/715 359/359/359 713/713/713
s 1
f 1169/1169/1169 2171/2171/2171 1135/1135/1135
f 1171/1171/1171 2171/2171/2171 1169/1169/1169
s 7
f 1652/1652/1652 2416/2416/2416 1653/1653/1653
f 1652/1652/1652 2417/2417/2417 2416/2416/2416
s 2
f 34/34/34 36/36/36 2160/2160/2160
f 2500/2500/2500 34/34/34 2160/2160/2160
s 7
f 357/357/357 181/181/181 180/180/180
f 454/454/454 1646/1646/1646 357/357/357
f 212/212/212 287/287/287 210/210/210
f 964/964/964 210/210/210 287/287/287
s 2
f 1360/1360/1360 1362/1362/1362 220/220/220
f 220/220/220 1901/1901/1901 1360/1360/1360
f 1488/1488/1488 305/305/305 2481/2481/2481
s 7
f 2400/2400/2400 2431/2431/2431 249/249/249
s 2
f 1385/1385/1385 1370/1370/1370 1838/1838/1838
f 400/400/400 1385/1385/1385 1838/1838/1838
f 1513/1513/1513 1515/1515/1515 1104/1104/1104
f 1513/1513/1513 197/197/197 1515/1515/1515
f 2372/2372/2372 88/88/88 561/561/561
f 88/88/88 87/87/87 561/561/561
s 109
f 2246/2246/2246 1026/1026/1026 1597/1597/1597
f 1597/1597/1597 1594/1594/1594 2246/2246/2246
s 2
f 1208/1208/1208 765/765/765 209/209/209
f 1208/1208/1208 1671/1671/1671 765/765/765
f 2501/2501/2501 1265/1265/1265 815/815/815
f 862/862/862 60/60/60 863/863/863
f 1808/1808/1808 1535/1535/1535 1809/1809/1809
f 36/36/36 35/35/35 1535/1535/1535
f 96/96/96 98/98/98 2156/2156/2156
f 1897/1897/1897 2156/2156/2156 2155/2155/2155
f 1871/1871/1871 1446/1446/1446 1445/1445/1445
f 1446/1446/1446 1871/1871/1871 1915/1915/1915
f 1343/1343/1343 767/767/767 1078/1078/1078
f 1887/1887/1887 1344/1344/1344 1343/1343/1343
s 230
f 2270/2270/2270 1244/1244/1244 2449/2449/2449
f 2235/2235/2235 2449/2449/2449 1244/1244/1244
s 2
f 96/96/96 2156/2156/2156 1897/1897/1897
f 1103/1103/1103 96/96/96 1897/1897/1897
f 1948/1948/1948 193/193/193 1947/1947/1947
f 1948/1948/1948 1947/1947/1947 2186/2186/2186
f 1806/1806/1806 1290/1290/1290 1499/1499/1499
f 1852/1852/1852 1806/1806/1806 1499/1499/1499
s 8
f 1040/1040/1040 2502/2502/2502 2202/2202/2202
f 1040/1040/1040 1638/1638/1638 720/720/720
s 2
f 1279/1279/1279 1656/1656/1656 2302/2302/2302
f 2461/2461/2461 1656/1656/1656 1279/1279/1279
f 1112/1112/1112 937/937/937 1113/1113/1113
f 1693/1693/1693 364/364/364 937/937/937
f 1641/1641/1641 1778/1778/1778 430/430/430
f 1778/1778/1778 1756/1756/1756 429/429/429
f 690/690/690 692/692/692 1924/1924/1924
f 690/690/690 1924/1924/1924 2358/2358/2358
f 1474/1474/1474 1918/1918/1918 1472/1472/1472
f 1472/1472/1472 1918/1918/1918 1471/1471/1471
s 1
f 1431/1431/1431 2350/2350/2350 1582/1582/1582
f 1431/1431/1431 1296/1296/1296 2350/2350/2350
s 7
f 2025/2025/2025 747/747/747 2026/2026/2026
f 2026/2026/2026 747/747/747 225/225/225
s 2
f 1518/1518/1518 1520/1520/1520 1521/1521/1521
f 1518/1518/1518 1521/1521/1521 57/57/57
f 788/788/788 1067/1067/1067 2503/2503/2503
f 1067/1067/1067 2010/2010/2010 2503/2503/2503
s 4
f 943/943/943 889/889/889 959/959/959
f 959/959/959 958/958/958 943/943/943
s 2
f 238/238/238 237/237/237 2043/2043/2043
f 319/319/319 238/238/238 2043/2043/2043
f 2503/2503/2503 2010/2010/2010 2504/2504/2504
f 1015/1015/1015 1629/1629/1629 2505/2505/2505
f 1915/1915/1915 292/292/292 1446/1446/1446
f 1915/1915/1915 293/293/293 292/292/292
f 2043/2043/2043 806/806/806 808/808/808
f 237/237/237 806/806/806 2043/2043/2043
s 6
f 2311/2311/2311 1602/1602/1602 1604/1604/1604
f 1604/1604/1604 1492/1492/1492 2311/2311/2311
s 2
f 1076/1076/1076 2159/2159/2159 1072/1072/1072
f 2159/2159/2159 599/599/599 1072/1072/1072
s 7
f 2126/2126/2126 965/965/965 286/286/286
f 965/965/965 2126/2126/2126 818/818/818
f 285/285/285 584/584/584 1914/1914/1914
f 285/285/285 1914/1914/1914 1573/1573/1573
s 2
f 1744/1744/1744 1691/1691/1691 1050/1050/1050
f 1689/1689/1689 1691/1691/1691 1744/1744/1744
f 1761/1761/1761 602/602/602 598/598/598
f 598/598/598 602/602/602 1508/1508/1508
f 1048/1048/1048 699/699/699 1368/1368/1368
f 1368/1368/1368 699/699/699 698/698/698
f 793/793/793 1424/1424/1424 2117/2117/2117
f 1921/1921/1921 793/793/793 2117/2117/2117
f 1193/1193/1193 1615/1615/1615 2046/2046/2046
f 32/32/32 2046/2046/2046 1192/1192/1192
f 862/862/862 58/58/58 60/60/60
f 2169/2169/2169 58/58/58 862/862/862
s 7
f 444/444/444 831/831/831 1662/1662/1662
f 443/443/443 831/831/831 444/444/444
s 46
f 1592/1592/1592 2370/2370/2370 554/554/554
f 2229/2229/2229 1592/1592/1592 593/593/593
s 2
f 697/697/697 1047/1047/1047 1689/1689/1689
f 699/699/699 1047/1047/1047 697/697/697
f 967/967/967 126/126/126 415/415/415
f 415/415/415 416/416/416 2185/2185/2185
s 7
f 1983/1983/1983 1755/1755/1755 453/453/453
f 1762/1762/1762 453/453/453 1755/1755/1755
s 1
f 1735/1735/1735 2192/2192/2192 1180/1180/1180
f 2192/2192/2192 2295/2295/2295 1180/1180/1180
s 2
f 1372/1372/1372 1708/1708/1708 1006/1006/1006
f 1371/1371/1371 1708/1708/1708 1372/1372/1372
s 7
f 1628/1628/1628 1626/1626/1626 1625/1625/1625
f 1628/1628/1628 2137/2137/2137 1626/1626/1626
s 2
f 273/273/273 1730/1730/1730 1054/1054/1054
f 273/273/273 1054/1054/1054 274/274/274
f 1098/1098/1098 1813/1813/1813 202/202/202
f 216/216/216 1813/1813/1813 1111/1111/1111
s 7
f 1586/1586/1586 2062/2062/2062 850/850/850
f 850/850/850 1587/1587/1587 1589/1589/1589
s 8
f 721/721/721 1639/1639/1639 985/985/985
f 721/721/721 720/720/720 1639/1639/1639
s 2
f 203/203/203 202/202/202 216/216/216
f 202/202/202 1813/1813/1813 216/216/216
f 2461/2461/2461 2506/2506/2506 171/171/171
f 171/171/171 2506/2506/2506 434/434/434
f 2476/2476/2476 316/316/316 520/520/520
f 518/518/518 520/520/520 316/316/316
f 2182/2182/2182 1723/1723/1723 386/386/386
f 540/540/540 81/81/81 541/541/541
s 4
f 1855/1855/1855 884/884/884 1851/1851/1851
f 2330/2330/2330 1842/1842/1842 1839/1839/1839
s 46
f 137/137/137 136/136/136 1486/1486/1486
f 137/137/137 1486/1486/1486 2030/2030/2030
s 1
f 645/645/645 1760/1760/1760 1759/1759/1759
f 645/645/645 1599/1599/1599 1760/1760/1760
s 7
f 849/849/849 1580/1580/1580 1863/1863/1863
f 1865/1865/1865 1580/1580/1580 1226/1226/1226
s 568
f 1941/1941/1941 2507/2507/2507 1942/1942/1942
f 1942/1942/1942 2508/2508/2508 1946/1946/1946
s 8
f 986/986/986 2509/2509/2509 723/723/723
f 985/985/985 2032/2032/2032 986/986/986
s 46
f 298/298/298 2355/2355/2355 465/465/465
f 2355/2355/2355 2211/2211/2211 465/465/465
s 2
f 1371/1371/1371 376/376/376 1708/1708/1708
f 1371/1371/1371 499/499/499 376/376/376
f 1690/1690/1690 1047/1047/1047 2448/2448/2448
f 1387/1387/1387 1690/1690/1690 2448/2448/2448
f 2345/2345/2345 317/317/317 823/823/823
f 2345/2345/2345 823/823/823 922/922/922
s 7
f 1863/1863/1863 1865/1865/1865 1864/1864/1864
f 1580/1580/1580 1865/1865/1865 1863/1863/1863
f 2175/2175/2175 1738/1738/1738 1877/1877/1877
f 1877/1877/1877 1738/1738/1738 926/926/926
s 109
f 706/706/706 2258/2258/2258 2259/2259/2259
s 2
f 704/704/704 1347/1347/1347 1676/1676/1676
f 389/389/389 753/753/753 390/390/390
f 1601/1601/1601 753/753/753 389/389/389
f 549/549/549 550/550/550 2232/2232/2232
f 2232/2232/2232 550/550/550 2392/2392/2392
f 2067/2067/2067 1336/1336/1336 1338/1338/1338
s 7
f 2249/2249/2249 1333/1333/1333 1335/1335/1335
s 2
f 2005/2005/2005 1016/1016/1016 1774/1774/1774
f 2005/2005/2005 825/825/825 1016/1016/1016
f 1149/1149/1149 511/511/511 2310/2310/2310
f 1149/1149/1149 2310/2310/2310 1814/1814/1814
s 4
f 1939/1939/1939 888/888/888 1120/1120/1120
f 888/888/888 1121/1121/1121 1120/1120/1120
s 2
f 162/162/162 1082/1082/1082 163/163/163
f 163/163/163 1082/1082/1082 568/568/568
f 208/208/208 2182/2182/2182 386/386/386
f 208/208/208 1696/1696/1696 2182/2182/2182
s 1
f 1434/1434/1434 1466/1466/1466 1453/1453/1453
f 1465/1465/1465 1466/1466/1466 1434/1434/1434
s 2
f 230/230/230 1480/1480/1480 2011/2011/2011
f 230/230/230 1340/1340/1340 231/231/231
s 46
f 1487/1487/1487 556/556/556 1486/1486/1486
f 556/556/556 1487/1487/1487 618/618/618
s 2
f 179/179/179 178/178/178 1391/1391/1391
f 178/178/178 187/187/187 1391/1391/1391
s 7
f 1741/1741/1741 1550/1550/1550 184/184/184
f 795/795/795 1739/1739/1739 1741/1741/1741
s 4
f 1058/1058/1058 2071/2071/2071 1059/1059/1059
f 2326/2326/2326 2323/2323/2323 2324/2324/2324
s 7
f 757/757/757 281/281/281 1166/1166/1166
f 282/282/282 281/281/281 757/757/757
s 2
f 1290/1290/1290 2406/2406/2406 1255/1255/1255
f 1804/1804/1804 1255/1255/1255 2406/2406/2406
s 8
f 1036/1036/1036 2123/2123/2123 2410/2410/2410
f 2123/2123/2123 2210/2210/2210 2410/2410/2410
s 7
f 1680/1680/1680 1741/1741/1741 184/184/184
f 183/183/183 1680/1680/1680 184/184/184
f 852/852/852 1617/1617/1617 1527/1527/1527
f 1617/1617/1617 852/852/852 2375/2375/2375
f 2072/2072/2072 1987/1987/1987 2450/2450/2450
f 1986/1986/1986 1987/1987/1987 1334/1334/1334
s 2
f 2003/2003/2003 2004/2004/2004 2219/2219/2219
s 46
f 733/733/733 745/745/745 734/734/734
s 7
f 918/918/918 2393/2393/2393 929/929/929
f 918/918/918 929/929/929 919/919/919
s 4
f 1733/1733/1733 947/947/947 2216/2216/2216
f 947/947/947 1161/1161/1161 1840/1840/1840
s 7
f 2239/2239/2239 409/409/409 410/410/410
f 410/410/410 2238/2238/2238 2239/2239/2239
s 2
f 424/424/424 1418/1418/1418 530/530/530
f 423/423/423 1418/1418/1418 424/424/424
s 1
f 1432/1432/1432 1582/1582/1582 1703/1703/1703
f 1432/1432/1432 1431/1431/1431 1582/1582/1582
s 2
f 51/51/51 902/902/902 1318/1318/1318
f 1318/1318/1318 902/902/902 1319/1319/1319
s 7
f 456/456/456 2064/2064/2064 38/38/38
f 2057/2057/2057 456/456/456 38/38/38
s 2
f 762/762/762 760/760/760 1919/1919/1919
f 762/762/762 1919/1919/1919 731/731/731
s 1
f 871/871/871 876/876/876 875/875/875
f 1745/1745/1745 876/876/876 871/871/871
s 2
f 1146/1146/1146 686/686/686 1793/1793/1793
f 1146/1146/1146 2413/2413/2413 686/686/686
f 548/548/548 2022/2022/2022 1655/1655/1655
f 545/545/545 2022/2022/2022 1428/1428/1428
s 7
f 312/312/312 311/311/311 407/407/407
f 2239/2239/2239 2337/2337/2337 407/407/407
s 2
f 687/687/687 686/686/686 1844/1844/1844
f 687/687/687 1844/1844/1844 214/214/214
s 7
f 2100/2100/2100 2510/2510/2510 2101/2101/2101
f 2332/2332/2332 2333/2333/2333 2100/2100/2100
s 2
f 1413/1413/1413 2255/2255/2255 481/481/481
f 481/481/481 2255/2255/2255 485/485/485
f 217/217/217 2315/2315/2315 75/75/75
f 2315/2315/2315 1114/1114/1114 75/75/75
f 1192/1192/1192 1615/1615/1615 1071/1071/1071
f 2046/2046/2046 1615/1615/1615 1192/1192/1192
s 7
f 2488/2488/2488 2489/2489/2489 856/856/856
s 46
f 780/780/780 570/570/570 778/778/778
s 2
f 1984/1984/1984 2454/2454/2454 1017/1017/1017
f 1302/1302/1302 1017/1017/1017 2454/2454/2454
s 46
f 2272/2272/2272 638/638/638 666/666/666
f 666/666/666 638/638/638 637/637/637
s 2
f 1260/1260/1260 1727/1727/1727 1258/1258/1258
f 1727/1727/1727 2251/2251/2251 1258/1258/1258
s 7
f 1986/1986/1986 329/329/329 2450/2450/2450
f 2450/2450/2450 1987/1987/1987 1986/1986/1986
s 46
f 569/569/569 670/670/670 778/778/778
f 569/569/569 778/778/778 570/570/570
f 1973/1973/1973 135/135/135 638/638/638
f 1973/1973/1973 614/614/614 1867/1867/1867
s 7
f 941/941/941 2511/2511/2511 1753/1753/1753
f 941/941/941 940/940/940 2511/2511/2511
s 2
f 2093/2093/2093 1506/1506/1506 1519/1519/1519
f 1520/1520/1520 1519/1519/1519 1506/1506/1506
f 1419/1419/1419 473/473/473 1359/1359/1359
f 906/906/906 1419/1419/1419 1359/1359/1359
f 392/392/392 396/396/396 1795/1795/1795
f 396/396/396 1146/1146/1146 1793/1793/1793
f 2104/2104/2104 1930/1930/1930 1425/1425/1425
f 1559/1559/1559 1558/1558/1558 1425/1425/1425
s 7
f 1353/1353/1353 2402/2402/2402 1563/1563/1563
f 2401/2401/2401 2402/2402/2402 1353/1353/1353
s 2
f 214/214/214 99/99/99 215/215/215
f 99/99/99 1804/1804/1804 1805/1805/1805
s 7
f 2306/2306/2306 157/157/157 1215/1215/1215
f 1226/1226/1226 1216/1216/1216 1866/1866/1866
s 2
f 2051/2051/2051 692/692/692 626/626/626
f 2051/2051/2051 626/626/626 1349/1349/1349
f 36/36/36 1808/1808/1808 199/199/199
f 1535/1535/1535 1808/1808/1808 36/36/36
f 760/760/760 1688/1688/1688 2336/2336/2336
f 26/26/26 1556/1556/1556 1555/1555/1555
f 1201/1201/1201 1200/1200/1200 2036/2036/2036
f 2215/2215/2215 254/254/254 1516/1516/1516
s 7
f 107/107/107 2253/2253/2253 2252/2252/2252
f 1979/1979/1979 107/107/107 2268/2268/2268
s 2
f 2140/2140/2140 1522/1522/1522 2092/2092/2092
f 1522/1522/1522 865/865/865 2092/2092/2092
f 1189/1189/1189 173/173/173 172/172/172
f 1189/1189/1189 172/172/172 1752/1752/1752
s 6
f 1751/1751/1751 16/16/16 1395/1395/1395
f 16/16/16 1494/1494/1494 17/17/17
s 4
f 998/998/998 1000/1000/1000 1002/1002/1002
f 998/998/998 1002/1002/1002 1731/1731/1731
s 2
f 1558/1558/1558 2106/2106/2106 2104/2104/2104
f 1558/1558/1558 2104/2104/2104 1425/1425/1425
s 7
f 105/105/105 107/107/107 1979/1979/1979
f 2320/2320/2320 105/105/105 1979/1979/1979
s 1
f 1463/1463/1463 2342/2342/2342 1464/1464/1464
f 1464/1464/1464 2342/2342/2342 2407/2407/2407
s 2
f 1545/1545/1545 1440/1440/1440 1546/1546/1546
s 7
f 2510/2510/2510 2100/2100/2100 2333/2333/2333
s 2
f 131/131/131 559/559/559 129/129/129
f 131/131/131 643/643/643 559/559/559
s 7
f 383/383/383 1150/1150/1150 1787/1787/1787
f 1787/1787/1787 1150/1150/1150 310/310/310
s 2
f 253/253/253 198/198/198 200/200/200
f 200/200/200 1097/1097/1097 1094/1094/1094
s 7
f 2268/2268/2268 107/107/107 2252/2252/2252
f 2268/2268/2268 2252/2252/2252 2468/2468/2468
s 6
f 1494/1494/1494 16/16/16 1751/1751/1751
f 1750/1750/1750 1494/1494/1494 1751/1751/1751
s 2
f 1477/1477/1477 1985/1985/1985 91/91/91
f 91/91/91 1985/1985/1985 92/92/92
f 824/824/824 821/821/821 1579/1579/1579
f 821/821/821 823/823/823 1579/1579/1579
s 7
f 224/224/224 1575/1575/1575 1239/1239/1239
f 1575/1575/1575 2296/2296/2296 1240/1240/1240
s 2
f 2094/2094/2094 1076/1076/1076 1614/1614/1614
f 1076/1076/1076 2094/2094/2094 1069/1069/1069
f 1950/1950/1950 177/177/177 1949/1949/1949
f 278/278/278 1950/1950/1950 1949/1949/1949
f 1414/1414/1414 1415/1415/1415 459/459/459
f 1414/1414/1414 459/459/459 2438/2438/2438
f 1461/1461/1461 1460/1460/1460 1606/1606/1606
f 1461/1461/1461 1606/1606/1606 1748/1748/1748
s 109
f 969/969/969 2425/2425/2425 346/346/346
f 2304/2304/2304 2425/2425/2425 1025/1025/1025
s 7
f 369/369/369 368/368/368 1183/1183/1183
f 368/368/368 354/354/354 1183/1183/1183
s 2
f 1543/1543/1543 2452/2452/2452 2485/2485/2485
f 2452/2452/2452 1352/1352/1352 2485/2485/2485
s 46
f 2356/2356/2356 298/298/298 609/609/609
f 1822/1822/1822 1847/1847/1847 609/609/609
s 109
f 2425/2425/2425 969/969/969 1025/1025/1025
f 968/968/968 1025/1025/1025 969/969/969
s 2
f 1407/1407/1407 1248/1248/1248 1408/1408/1408
f 1408/1408/1408 1248/1248/1248 1250/1250/1250
s 230
f 2280/2280/2280 2195/2195/2195 1782/1782/1782
f 2280/2280/2280 1782/1782/1782 2281/2281/2281
s 2
f 128/128/128 127/127/127 2047/2047/2047
f 2512/2512/2512 127/127/127 967/967/967
s 8
f 985/985/985 1635/1635/1635 2032/2032/2032
f 985/985/985 1639/1639/1639 1635/1635/1635
s 4
f 886/886/886 1059/1059/1059 1851/1851/1851
f 886/886/886 885/885/885 1059/1059/1059
s 7
f 2307/2307/2307 69/69/69 1823/1823/1823
f 69/69/69 74/74/74 1823/1823/1823
s 2
f 1194/1194/1194 1074/1074/1074 1075/1075/1075
f 1716/1716/1716 1074/1074/1074 1194/1194/1194
f 2199/2199/2199 519/519/519 263/263/263
f 2199/2199/2199 263/263/263 1284/1284/1284
s 7
f 2296/2296/2296 224/224/224 226/226/226
f 224/224/224 2296/2296/2296 1575/1575/1575
s 1
f 1900/1900/1900 1746/1746/1746 2110/2110/2110
f 2110/2110/2110 1746/1746/1746 1170/1170/1170
s 109
f 1667/1667/1667 1028/1028/1028 1027/1027/1027
f 1028/1028/1028 1667/1667/1667 706/706/706
s 2
f 2513/2513/2513 61/61/61 2197/2197/2197
s 46
f 2415/2415/2415 462/462/462 2514/2514/2514
s 2
f 2506/2506/2506 1544/1544/1544 434/434/434
f 434/434/434 1544/1544/1544 1442/1442/1442
s 7
f 1511/1511/1511 2393/2393/2393 117/117/117
f 1511/1511/1511 926/926/926 928/928/928
f 221/221/221 223/223/223 160/160/160
f 1657/1657/1657 221/221/221 777/777/777
s 2
f 57/57/57 1503/1503/1503 1518/1518/1518
f 57/57/57 1504/1504/1504 1503/1503/1503
s 46
f 1328/1328/1328 1327/1327/1327 2494/2494/2494
f 325/325/325 1332/1332/1332 1267/1267/1267
s 2
f 2047/2047/2047 2512/2512/2512 1011/1011/1011
f 127/127/127 2512/2512/2512 2047/2047/2047
f 1124/1124/1124 2471/2471/2471 857/857/857
f 1124/1124/1124 857/857/857 1126/1126/1126
f 689/689/689 70/70/70 72/72/72
f 689/689/689 1472/1472/1472 70/70/70
s 1
f 674/674/674 1757/1757/1757 672/672/672
f 671/671/671 1303/1303/1303 672/672/672
s 230
f 1045/1045/1045 1102/1102/1102 1234/1234/1234
f 1045/1045/1045 1100/1100/1100 1102/1102/1102
s 2
f 1254/1254/1254 628/628/628 1854/1854/1854
f 628/628/628 627/627/627 1854/1854/1854
f 1538/1538/1538 1300/1300/1300 1540/1540/1540
f 909/909/909 1540/1540/1540 1420/1420/1420
s 7
f 1561/1561/1561 1572/1572/1572 1564/1564/1564
f 878/878/878 229/229/229 1561/1561/1561
f 1861/1861/1861 269/269/269 271/271/271
f 1861/1861/1861 271/271/271 1862/1862/1862
s 2
f 530/530/530 2157/2157/2157 547/547/547
f 546/546/546 547/547/547 2157/2157/2157
f 1098/1098/1098 1810/1810/1810 1813/1813/1813
f 199/199/199 1810/1810/1810 1098/1098/1098
f 108/108/108 907/907/907 1359/1359/1359
f 110/110/110 907/907/907 108/108/108
s 7
f 340/340/340 1221/1221/1221 1220/1220/1220
f 340/340/340 454/454/454 1221/1221/1221
f 401/401/401 1796/1796/1796 402/402/402
f 1796/1796/1796 401/401/401 1216/1216/1216
s 2
f 807/807/807 237/237/237 1923/1923/1923
f 807/807/807 1923/1923/1923 1726/1726/1726
f 630/630/630 2429/2429/2429 1530/1530/1530
f 80/80/80 79/79/79 630/630/630
s 7
f 2490/2490/2490 486/486/486 488/488/488
f 1991/1991/1991 486/486/486 2490/2490/2490
s 2
f 939/939/939 1916/1916/1916 936/936/936
f 938/938/938 1916/1916/1916 939/939/939
s 7
f 1007/1007/1007 368/368/368 370/370/370
f 370/370/370 2321/2321/2321 1007/1007/1007
s 46
f 1981/1981/1981 1980/1980/1980 2408/2408/2408
f 2458/2458/2458 2408/2408/2408 1980/1980/1980
s 7
f 1281/1281/1281 953/953/953 1401/1401/1401
f 1281/1281/1281 1401/1401/1401 486/486/486
s 2
f 976/976/976 2107/2107/2107 977/977/977
f 976/976/976 2340/2340/2340 2107/2107/2107
s 7
f 2084/2084/2084 2085/2085/2085 1175/1175/1175
f 1175/1175/1175 1861/1861/1861 2084/2084/2084
f 756/756/756 758/758/758 755/755/755
f 1662/1662/1662 1661/1661/1661 755/755/755
f 975/975/975 1238/1238/1238 1240/1240/1240
s 46
f 145/145/145 1365/1365/1365 1364/1364/1364
s 2
f 171/171/171 434/434/434 433/433/433
f 171/171/171 433/433/433 448/448/448
f 1344/1344/1344 1747/1747/1747 767/767/767
f 1344/1344/1344 767/767/767 1343/1343/1343
f 2317/2317/2317 882/882/882 2319/2319/2319
f 2317/2317/2317 2319/2319/2319 2153/2153/2153
s 7
f 282/282/282 756/756/756 1661/1661/1661
f 1661/1661/1661 756/756/756 755/755/755
s 2
f 2014/2014/2014 1714/1714/1714 1176/1176/1176
f 1176/1176/1176 1414/1414/1414 2014/2014/2014
f 2359/2359/2359 566/566/566 564/564/564
f 566/566/566 568/568/568 564/564/564
f 1092/1092/1092 2161/2161/2161 167/167/167
f 167/167/167 166/166/166 1092/1092/1092
f 31/31/31 33/33/33 2181/2181/2181
f 33/33/33 1191/1191/1191 2181/2181/2181
f 2134/2134/2134 2132/2132/2132 1375/1375/1375
f 2132/2132/2132 1376/1376/1376 1375/1375/1375
f 705/705/705 566/566/566 2359/2359/2359
s 109
f 706/706/706 587/587/587 2257/2257/2257
s 2
f 429/429/429 1794/1794/1794 701/701/701
f 1794/1794/1794 688/688/688 701/701/701
s 7
f 1648/1648/1648 1377/1377/1377 403/403/403
f 1377/1377/1377 401/401/401 403/403/403
f 1788/1788/1788 1151/1151/1151 1789/1789/1789
f 1788/1788/1788 290/290/290 1151/1151/1151
f 840/840/840 848/848/848 841/841/841
f 838/838/838 1225/1225/1225 840/840/840
s 2
f 1482/1482/1482 2120/2120/2120 1483/1483/1483
f 2120/2120/2120 321/321/321 1992/1992/1992
s 7
f 770/770/770 572/572/572 583/583/583
f 581/581/581 583/583/583 572/572/572
s 2
f 553/553/553 881/881/881 2377/2377/2377
f 1484/1484/1484 553/553/553 2377/2377/2377
f 1415/1415/1415 1178/1178/1178 112/112/112
f 1143/1143/1143 112/112/112 1142/1142/1142
f 1917/1917/1917 1474/1474/1474 1472/1472/1472
f 1474/1474/1474 2413/2413/2413 395/395/395
f 1310/1310/1310 1457/1457/1457 1459/1459/1459
f 1459/1459/1459 1311/1311/1311 1310/1310/1310
f 233/233/233 1909/1909/1909 1910/1910/1910
f 1910/1910/1910 1912/1912/1912 233/233/233
s 1
f 1448/1448/1448 2109/2109/2109 1889/1889/1889
f 2263/2263/2263 1448/1448/1448 1293/1293/1293
s 2
f 187/187/187 1389/1389/1389 1391/1391/1391
f 2228/2228/2228 189/189/189 1389/1389/1389
s 7
f 2427/2427/2427 649/649/649 651/651/651
f 869/869/869 2427/2427/2427 651/651/651
s 2
f 701/701/701 688/688/688 702/702/702
f 688/688/688 687/687/687 702/702/702
s 7
f 2115/2115/2115 1399/1399/1399 1009/1009/1009
f 2115/2115/2115 355/355/355 1399/1399/1399
s 2
f 1198/1198/1198 103/103/103 2090/2090/2090
f 1264/1264/1264 2090/2090/2090 1896/1896/1896
f 1482/1482/1482 321/321/321 2120/2120/2120
f 322/322/322 321/321/321 1482/1482/1482
f 2004/2004/2004 730/730/730 2219/2219/2219
f 730/730/730 2004/2004/2004 731/731/731
s 46
f 1591/1591/1591 612/612/612 611/611/611
f 1591/1591/1591 611/611/611 2370/2370/2370
s 2
f 1387/1387/1387 2448/2448/2448 866/866/866
f 866/866/866 861/861/861 1387/1387/1387
f 1197/1197/1197 1516/1516/1516 1517/1517/1517
f 1517/1517/1517 104/104/104 1197/1197/1197
f 420/420/420 2170/2170/2170 2163/2163/2163
f 1336/1336/1336 2068/2068/2068 2170/2170/2170
s 4
f 2074/2074/2074 954/954/954 1120/1120/1120
f 2074/2074/2074 10/10/10 954/954/954
s 109
f 2304/2304/2304 2305/2305/2305 1956/1956/1956
f 2304/2304/2304 1026/1026/1026 2305/2305/2305
s 2
f 257/257/257 49/49/49 2220/2220/2220
f 49/49/49 1318/1318/1318 1317/1317/1317
f 1072/1072/1072 1509/1509/1509 1073/1073/1073
f 540/540/540 1073/1073/1073 1509/1509/1509
f 2170/2170/2170 420/420/420 1336/1336/1336
f 1336/1336/1336 420/420/420 1337/1337/1337
f 164/164/164 2515/2515/2515 2499/2499/2499
f 163/163/163 567/567/567 164/164/164
s 7
f 1468/1468/1468 828/828/828 1469/1469/1469
f 1469/1469/1469 828/828/828 1476/1476/1476
s 2
f 1508/1508/1508 1507/1507/1507 1509/1509/1509
f 1508/1508/1508 979/979/979 82/82/82
f 1114/1114/1114 1694/1694/1694 1112/1112/1112
f 1114/1114/1114 2315/2315/2315 1694/1694/1694
f 567/567/567 566/566/566 2515/2515/2515
f 164/164/164 567/567/567 2515/2515/2515
f 2021/2021/2021 545/545/545 750/750/750
f 2022/2022/2022 545/545/545 2021/2021/2021
s 1
f 1568/1568/1568 660/660/660 2053/2053/2053
f 2053/2053/2053 660/660/660 874/874/874
s 2
f 2439/2439/2439 1388/1388/1388 861/861/861
f 1387/1387/1387 861/861/861 1388/1388/1388
s 230
f 1783/1783/1783 1242/1242/1242 1784/1784/1784
f 1784/1784/1784 1242/1242/1242 2237/2237/2237
s 7
f 1864/1864/1864 851/851/851 850/850/850
f 1215/1215/1215 156/156/156 1864/1864/1864
f 2320/2320/2320 1979/1979/1979 447/447/447
f 1030/1030/1030 2320/2320/2320 447/447/447
s 2
f 1350/1350/1350 2198/2198/2198 523/523/523
f 521/521/521 523/523/523 2198/2198/2198
s 1
f 1565/1565/1565 2142/2142/2142 2145/2145/2145
f 1565/1565/1565 2145/2145/2145 607/607/607
s 7
f 1581/1581/1581 123/123/123 1217/1217/1217
f 123/123/123 1218/1218/1218 1217/1217/1217
f 487/487/487 1908/1908/1908 185/185/185
f 1403/1403/1403 185/185/185 1908/1908/1908
f 1221/1221/1221 454/454/454 356/356/356
f 356/356/356 454/454/454 357/357/357
s 2
f 219/219/219 218/218/218 362/362/362
f 218/218/218 1678/1678/1678 362/362/362
f 2124/2124/2124 1686/1686/1686 1685/1685/1685
f 900/900/900 2124/2124/2124 1685/1685/1685
f 277/277/277 279/279/279 2178/2178/2178
f 2184/2184/2184 279/279/279 2316/2316/2316
s 46
f 1954/1954/1954 555/555/555 557/557/557
f 557/557/557 555/555/555 554/554/554
s 2
f 1798/1798/1798 94/94/94 2095/2095/2095
f 94/94/94 1798/1798/1798 95/95/95
f 1378/1378/1378 1138/1138/1138 1962/1962/1962
f 1962/1962/1962 1138/1138/1138 1141/1141/1141
s 7
f 919/919/919 2070/2070/2070 917/917/917
f 931/931/931 2069/2069/2069 919/919/919
s 46
f 670/670/670 1954/1954/1954 781/781/781
f 783/783/783 670/670/670 781/781/781
s 2
f 494/494/494 1300/1300/1300 1299/1299/1299
f 1300/1300/1300 494/494/494 1540/1540/1540
f 1514/1514/1514 1716/1716/1716 97/97/97
f 1515/1515/1515 1514/1514/1514 97/97/97
s 7
f 20/20/20 1700/1700/1700 739/739/739
f 20/20/20 739/739/739 2125/2125/2125
s 2
f 427/427/427 1655/1655/1655 1654/1654/1654
f 428/428/428 427/427/427 1654/1654/1654
f 2274/2274/2274 1860/1860/1860 385/385/385
f 2274/2274/2274 385/385/385 387/387/387
f 813/813/813 1315/1315/1315 2516/2516/2516
f 2516/2516/2516 814/814/814 813/813/813
s 7
f 2069/2069/2069 228/228/228 2070/2070/2070
f 2069/2069/2069 2070/2070/2070 919/919/919
s 46
f 616/616/616 2457/2457/2457 617/617/617
f 2457/2457/2457 592/592/592 617/617/617
s 1
f 661/661/661 603/603/603 605/605/605
f 603/603/603 2144/2144/2144 2143/2143/2143
s 2
f 1629/1629/1629 1014/1014/1014 1824/1824/1824
f 1629/1629/1629 1824/1824/1824 2505/2505/2505
s 7
f 2025/2025/2025 2027/2027/2027 747/747/747
s 46
f 734/734/734 744/744/744 2381/2381/2381
s 7
f 818/818/818 2075/2075/2075 1965/1965/1965
f 963/963/963 1965/1965/1965 2075/2075/2075
f 755/755/755 2042/2042/2042 582/582/582
f 2042/2042/2042 2040/2040/2040 582/582/582
f 1738/1738/1738 2175/2175/2175 1736/1736/1736
f 1736/1736/1736 2175/2175/2175 2517/2517/2517
s 2
f 94/94/94 858/858/858 2095/2095/2095
f 858/858/858 2096/2096/2096 2095/2095/2095
s 7
f 816/816/816 1965/1965/1965 963/963/963
f 738/738/738 816/816/816 963/963/963
s 4
f 942/942/942 2049/2049/2049 943/943/943
f 942/942/942 1000/1000/1000 2049/2049/2049
s 2
f 713/713/713 361/361/361 1620/1620/1620
f 713/713/713 359/359/359 361/361/361
s 7
f 458/458/458 168/168/168 2223/2223/2223
f 2065/2065/2065 456/456/456 458/458/458
f 1879/1879/1879 501/501/501 2209/2209/2209
f 2209/2209/2209 827/827/827 1879/1879/1879
s 2
f 1930/1930/1930 1199/1199/1199 679/679/679
f 1201/1201/1201 679/679/679 1199/1199/1199
s 7
f 1700/1700/1700 737/737/737 739/739/739
f 1700/1700/1700 1786/1786/1786 737/737/737
s 2
f 905/905/905 1324/1324/1324 2227/2227/2227
f 76/76/76 2227/2227/2227 1830/1830/1830
s 7
f 1963/1963/1963 1964/1964/1964 170/170/170
f 1964/1964/1964 1963/1963/1963 313/313/313
s 8
f 2502/2502/2502 1636/1636/1636 2202/2202/2202
f 2502/2502/2502 1637/1637/1637 1636/1636/1636
s 1
f 1294/1294/1294 526/526/526 525/525/525
f 1294/1294/1294 525/525/525 1303/1303/1303
s 46
f 244/244/244 2189/2189/2189 615/615/615
f 615/615/615 242/242/242 244/244/244
s 7
f 1117/1117/1117 1978/1978/1978 1118/1118/1118
f 1978/1978/1978 365/365/365 1118/1118/1118
s 2
f 1830/1830/1830 1324/1324/1324 1325/1325/1325
f 1324/1324/1324 1830/1830/1830 2227/2227/2227
s 7
f 735/735/735 1021/1021/1021 1704/1704/1704
f 1704/1704/1704 1021/1021/1021 817/817/817
s 2
f 1257/1257/1257 1728/1728/1728 1730/1730/1730
f 1257/1257/1257 1727/1727/1727 1728/1728/1728
s 7
f 769/769/769 2041/2041/2041 1204/1204/1204
f 769/769/769 582/582/582 2041/2041/2041
s 2
f 1322/1322/1322 898/898/898 2158/2158/2158
f 2158/2158/2158 1828/1828/1828 1829/1829/1829
s 1
f 648/648/648 647/647/647 1157/1157/1157
f 524/524/524 2080/2080/2080 647/647/647
s 2
f 2378/2378/2378 629/629/629 1529/1529/1529
f 532/532/532 629/629/629 533/533/533
f 1959/1959/1959 910/910/910 935/935/935
f 935/935/935 1957/1957/1957 1959/1959/1959
f 259/259/259 533/533/533 2378/2378/2378
f 533/533/533 629/629/629 2378/2378/2378
s 1
f 1452/1452/1452 1703/1703/1703 1584/1584/1584
f 1452/1452/1452 1584/1584/1584 1453/1453/1453
s 6
f 2204/2204/2204 1230/1230/1230 710/710/710
f 2009/2009/2009 18/18/18 2204/2204/2204
s 1
f 647/647/647 2091/2091/2091 1157/1157/1157
f 1157/1157/1157 2091/2091/2091 1155/1155/1155
s 7
f 1563/1563/1563 1562/1562/1562 1564/1564/1564
f 1563/1563/1563 250/250/250 1562/1562/1562
s 1
f 645/645/645 1953/1953/1953 1599/1599/1599
f 658/658/658 1599/1599/1599 1953/1953/1953
s 2
f 821/821/821 826/826/826 1722/1722/1722
f 1906/1906/1906 261/261/261 518/518/518
f 2153/2153/2153 2319/2319/2319 372/372/372
f 372/372/372 276/276/276 2153/2153/2153
f 2095/2095/2095 2097/2097/2097 1251/1251/1251
f 2097/2097/2097 1254/1254/1254 1251/1251/1251
f 2386/2386/2386 425/425/425 1720/1720/1720
f 66/66/66 425/425/425 2386/2386/2386
f 1934/1934/1934 480/480/480 1932/1932/1932
f 1932/1932/1932 480/480/480 1933/1933/1933
f 1906/1906/1906 826/826/826 261/261/261
f 261/261/261 826/826/826 825/825/825
f 1003/1003/1003 1707/1707/1707 2052/2052/2052
f 626/626/626 2052/2052/2052 1707/1707/1707
s 7
f 247/247/247 1280/1280/1280 1647/1647/1647
f 1280/1280/1280 247/247/247 182/182/182
f 2518/2518/2518 2148/2148/2148 2519/2519/2519
f 2148/2148/2148 2518/2518/2518 2374/2374/2374
s 8
f 23/23/23 1087/1087/1087 24/24/24
f 971/971/971 22/22/22 24/24/24
s 2
f 2422/2422/2422 1886/1886/1886 1887/1887/1887
f 1887/1887/1887 1345/1345/1345 1344/1344/1344
f 879/879/879 63/63/63 751/751/751
f 63/63/63 62/62/62 1913/1913/1913
s 7
f 310/310/310 412/412/412 2081/2081/2081
f 411/411/411 2081/2081/2081 412/412/412
s 8
f 2294/2294/2294 1969/1969/1969 1037/1037/1037
s 6
f 913/913/913 912/912/912 1763/1763/1763
s 7
f 1875/1875/1875 1772/1772/1772 133/133/133
f 133/133/133 1772/1772/1772 1581/1581/1581
s 2
f 323/323/323 336/336/336 321/321/321
f 1814/1814/1814 1553/1553/1553 336/336/336
s 109
f 350/350/350 625/625/625 351/351/351
s 2
f 2096/2096/2096 2474/2474/2474 1254/1254/1254
f 60/60/60 2039/2039/2039 863/863/863
f 60/60/60 59/59/59 2039/2039/2039
f 155/155/155 1479/1479/1479 2476/2476/2476
f 155/155/155 154/154/154 1479/1479/1479
s 7
f 1797/1797/1797 2267/2267/2267 402/402/402
f 402/402/402 2267/2267/2267 2442/2442/2442
f 1704/1704/1704 817/817/817 738/738/738
f 738/738/738 817/817/817 816/816/816
f 758/758/758 159/159/159 161/161/161
f 758/758/758 161/161/161 2042/2042/2042
s 6
f 712/712/712 974/974/974 1621/1621/1621
f 712/712/712 2470/2470/2470 1623/1623/1623
s 230
f 1712/1712/1712 1660/1660/1660 1783/1783/1783
f 1712/1712/1712 1711/1711/1711 1660/1660/1660
s 1
f 1133/1133/1133 1132/1132/1132 2088/2088/2088
f 1133/1133/1133 2088/2088/2088 513/513/513
s 46
f 325/325/325 1650/1650/1650 326/326/326
s 2
f 2133/2133/2133 2314/2314/2314 2131/2131/2131
s 7
f 1353/1353/1353 845/845/845 2403/2403/2403
f 845/845/845 2472/2472/2472 2403/2403/2403
s 2
f 1224/1224/1224 1489/1489/1489 2372/2372/2372
f 559/559/559 1224/1224/1224 2372/2372/2372
f 551/551/551 549/549/549 2232/2232/2232
f 1035/1035/1035 549/549/549 551/551/551
f 294/294/294 293/293/293 1321/1321/1321
f 1321/1321/1321 2520/2520/2520 294/294/294
s 7
f 877/877/877 320/320/320 989/989/989
f 320/320/320 990/990/990 989/989/989
s 46
f 1868/1868/1868 614/614/614 1973/1973/1973
f 1269/1269/1269 242/242/242 1868/1868/1868
s 7
f 1699/1699/1699 20/20/20 19/19/19
f 2249/2249/2249 1335/1335/1335 19/19/19
s 2
f 639/639/639 641/641/641 1537/1537/1537
f 1537/1537/1537 641/641/641 1536/1536/1536
f 905/905/905 907/907/907 110/110/110
f 110/110/110 1324/1324/1324 905/905/905
s 7
f 2073/2073/2073 2266/2266/2266 353/353/353
f 1797/1797/1797 353/353/353 2266/2266/2266
s 8
f 1087/1087/1087 971/971/971 24/24/24
f 2464/2464/2464 971/971/971 1087/1087/1087
s 2
f 417/417/417 1640/1640/1640 2068/2068/2068
f 417/417/417 2068/2068/2068 418/418/418
f 700/700/700 725/725/725 2086/2086/2086
f 700/700/700 2086/2086/2086 701/701/701
s 7
f 1455/1455/1455 1454/1454/1454 2322/2322/2322
f 2322/2322/2322 811/811/811 1455/1455/1455
f 288/288/288 1495/1495/1495 286/286/286
f 286/286/286 1495/1495/1495 2125/2125/2125
s 2
f 824/824/824 2048/2048/2048 825/825/825
f 2048/2048/2048 824/824/824 2344/2344/2344
f 807/807/807 1725/1725/1725 1912/1912/1912
f 234/234/234 233/233/233 1912/1912/1912
f 197/197/197 272/272/272 274/274/274
f 197/197/197 1056/1056/1056 1515/1515/1515
s 7
f 1335/1335/1335 1699/1699/1699 19/19/19
f 1335/1335/1335 1698/1698/1698 1699/1699/1699
s 1
f 1759/1759/1759 676/676/676 646/646/646
f 1759/1759/1759 646/646/646 645/645/645
s 2
f 967/967/967 415/415/415 2185/2185/2185
s 109
f 1595/1595/1595 968/968/968 2077/2077/2077
s 7
f 851/851/851 1864/1864/1864 156/156/156
f 156/156/156 948/948/948 851/851/851
s 2
f 2440/2440/2440 2441/2441/2441 84/84/84
f 1555/1555/1555 2440/2440/2440 84/84/84
s 46
f 1767/1767/1767 1768/1768/1768 616/616/616
s 2
f 2477/2477/2477 1766/1766/1766 1413/1413/1413
s 7
f 1618/1618/1618 2240/2240/2240 2243/2243/2243
f 1617/1617/1617 2240/2240/2240 1618/1618/1618
s 2
f 2168/2168/2168 190/190/190 189/189/189
f 2168/2168/2168 299/299/299 190/190/190
s 7
f 367/367/367 1873/1873/1873 106/106/106
f 1771/1771/1771 1873/1873/1873 367/367/367
s 2
f 2441/2441/2441 85/85/85 84/84/84
f 2033/2033/2033 863/863/863 1895/1895/1895
f 1593/1593/1593 231/231/231 498/498/498
f 1593/1593/1593 232/232/232 231/231/231
s 7
f 469/469/469 1989/1989/1989 1990/1990/1990
f 1990/1990/1990 2260/2260/2260 2463/2463/2463
s 2
f 2334/2334/2334 685/685/685 1524/1524/1524
f 685/685/685 2169/2169/2169 1524/1524/1524
s 7
f 469/469/469 1990/1990/1990 2463/2463/2463
f 2463/2463/2463 470/470/470 469/469/469
s 2
f 761/761/761 620/620/620 759/759/759
f 678/678/678 759/759/759 620/620/620
f 1795/1795/1795 1793/1793/1793 688/688/688
f 396/396/396 1793/1793/1793 1795/1795/1795
s 109
f 590/590/590 2162/2162/2162 588/588/588
s 2
f 2161/2161/2161 1092/1092/1092 2154/2154/2154
f 1821/1821/1821 115/115/115 114/114/114
f 115/115/115 1821/1821/1821 1126/1126/1126
s 4
f 1732/1732/1732 945/945/945 1733/1733/1733
f 1732/1732/1732 1002/1002/1002 945/945/945
f 1855/1855/1855 1856/1856/1856 1927/1927/1927
f 1925/1925/1925 1927/1927/1927 1856/1856/1856
s 7
f 344/344/344 736/736/736 1786/1786/1786
f 736/736/736 1704/1704/1704 1786/1786/1786
f 1907/1907/1907 1401/1401/1401 2521/2521/2521
f 2521/2521/2521 2522/2522/2522 1907/1907/1907
s 46
f 667/667/667 637/637/637 2031/2031/2031
f 667/667/667 666/666/666 637/637/637
s 2
f 2012/2012/2012 752/752/752 754/754/754
f 1531/1531/1531 2012/2012/2012 1528/1528/1528
f 175/175/175 1390/1390/1390 1800/1800/1800
f 1389/1389/1389 1390/1390/1390 175/175/175
f 1870/1870/1870 129/129/129 1871/1871/1871
f 2269/2269/2269 129/129/129 1870/1870/1870
s 1
f 872/872/872 875/875/875 662/662/662
f 875/875/875 874/874/874 662/662/662
s 7
f 152/152/152 2523/2523/2523 1403/1403/1403
f 1403/1403/1403 1907/1907/1907 152/152/152
s 2
f 1078/1078/1078 766/766/766 1105/1105/1105
f 766/766/766 1103/1103/1103 1105/1105/1105
f 2012/2012/2012 754/754/754 1528/1528/1528
f 754/754/754 753/753/753 1528/1528/1528
f 1538/1538/1538 1540/1540/1540 909/909/909
f 497/497/497 1538/1538/1538 909/909/909
f 1035/1035/1035 1033/1033/1033 549/549/549
f 1033/1033/1033 1034/1034/1034 549/549/549
s 46
f 772/772/772 667/667/667 2031/2031/2031
f 669/669/669 772/772/772 2031/2031/2031
s 7
f 2523/2523/2523 1402/1402/1402 1403/1403/1403
f 152/152/152 151/151/151 2523/2523/2523
s 2
f 1871/1871/1871 64/64/64 66/66/66
f 1871/1871/1871 129/129/129 64/64/64
f 83/83/83 204/204/204 81/81/81
f 386/386/386 541/541/541 81/81/81
s 7
f 151/151/151 1402/1402/1402 2523/2523/2523
f 151/151/151 183/183/183 1402/1402/1402
f 2224/2224/2224 774/774/774 773/773/773
f 2130/2130/2130 2224/2224/2224 773/773/773
s 1
f 1135/1135/1135 1295/1295/1295 671/671/671
f 1295/1295/1295 1303/1303/1303 671/671/671
s 2
f 1952/1952/1952 460/460/460 111/111/111
f 113/113/113 1952/1952/1952 111/111/111
f 1497/1497/1497 1274/1274/1274 1273/1273/1273
f 391/391/391 1273/1273/1273 2364/2364/2364
f 539/539/539 1071/1071/1071 540/540/540
f 1190/1190/1190 539/539/539 1723/1723/1723
s 8
f 2032/2032/2032 1637/1637/1637 2509/2509/2509
f 2032/2032/2032 2509/2509/2509 986/986/986
s 7
f 2288/2288/2288 211/211/211 1400/1400/1400
f 2288/2288/2288 1400/1400/1400 2035/2035/2035
s 46
f 2524/2524/2524 1665/1665/1665 2414/2414/2414
f 1665/1665/1665 2524/2524/2524 1663/1663/1663
s 7
f 1470/1470/1470 1475/1475/1475 2130/2130/2130
f 1475/1475/1475 2225/2225/2225 2130/2130/2130
s 2
f 1192/1192/1192 1071/1071/1071 1190/1190/1190
f 1071/1071/1071 539/539/539 1190/1190/1190
f 2369/2369/2369 2274/2274/2274 387/387/387
f 2369/2369/2369 387/387/387 206/206/206
f 2011/2011/2011 1483/1483/1483 1340/1340/1340
f 230/230/230 2011/2011/2011 1340/1340/1340
s 7
f 2405/2405/2405 1977/1977/1977 212/212/212
f 1802/1802/1802 1977/1977/1977 1803/1803/1803
f 1117/1117/1117 2044/2044/2044 1978/1978/1978
f 2045/2045/2045 2044/2044/2044 1117/1117/1117
f 2244/2244/2244 2063/2063/2063 1167/1167/1167
f 2244/2244/2244 841/841/841 2063/2063/2063
s 2
f 576/576/576 578/578/578 695/695/695
f 695/695/695 578/578/578 693/693/693
f 815/815/815 814/814/814 2525/2525/2525
f 2501/2501/2501 815/815/815 2525/2525/2525
f 386/386/386 204/204/204 387/387/387
f 204/204/204 386/386/386 81/81/81
f 1546/1546/1546 1952/1952/1952 1442/1442/1442
f 1442/1442/1442 1544/1544/1544 1546/1546/1546
s 7
f 802/802/802 801/801/801 2467/2467/2467
f 2260/2260/2260 802/802/802 2467/2467/2467
f 775/775/775 841/841/841 2244/2244/2244
f 773/773/773 775/775/775 2244/2244/2244
s 2
f 89/89/89 1536/1536/1536 1416/1416/1416
f 89/89/89 1537/1537/1537 1536/1536/1536
s 46
f 1868/1868/1868 242/242/242 614/614/614
f 614/614/614 242/242/242 615/615/615
s 2
f 2169/2169/2169 681/681/681 58/58/58
f 2169/2169/2169 685/685/685 681/681/681
f 631/631/631 633/633/633 1860/1860/1860
f 1860/1860/1860 633/633/633 1209/1209/1209
s 4
f 1925/1925/1925 1856/1856/1856 1880/1880/1880
f 1880/1880/1880 1858/1858/1858 1925/1925/1925
f 1937/1937/1937 2177/2177/2177 2526/2526/2526
s 568
f 1942/1942/1942 2527/2527/2527 2508/2508/2508
s 2
f 1366/1366/1366 1368/1368/1368 698/698/698
f 1366/1366/1366 698/698/698 2254/2254/2254
f 741/741/741 45/45/45 1837/1837/1837
f 1836/1836/1836 1837/1837/1837 2222/2222/2222
f 508/508/508 2435/2435/2435 506/506/506
f 506/506/506 2435/2435/2435 1769/1769/1769
s 6
f 1227/1227/1227 914/914/914 2424/2424/2424
s 8
f 1764/1764/1764 1970/1970/1970 1765/1765/1765
s 109
f 1956/1956/1956 1612/1612/1612 1611/1611/1611
f 1956/1956/1956 1667/1667/1667 1612/1612/1612
s 2
f 2213/2213/2213 2214/2214/2214 601/601/601
f 2289/2289/2289 428/428/428 2214/2214/2214
f 413/413/413 809/809/809 399/399/399
f 809/809/809 808/808/808 399/399/399
s 7
f 1574/1574/1574 283/283/283 285/285/285
f 283/283/283 1574/1574/1574 2296/2296/2296
f 1225/1225/1225 849/849/849 848/848/848
f 1225/1225/1225 848/848/848 840/840/840
f 795/795/795 1741/1741/1741 1680/1680/1680
f 796/796/796 795/795/795 1680/1680/1680
s 2
f 2289/2289/2289 2214/2214/2214 2213/2213/2213
f 2289/2289/2289 2213/2213/2213 50/50/50
f 2361/2361/2361 1779/1779/1779 141/141/141
f 141/141/141 1018/1018/1018 2361/2361/2361
f 1811/1811/1811 2138/2138/2138 858/858/858
s 109
f 1610/1610/1610 1609/1609/1609 349/349/349
s 7
f 353/353/353 1797/1797/1797 125/125/125
f 1218/1218/1218 125/125/125 1797/1797/1797
f 2066/2066/2066 2064/2064/2064 2223/2223/2223
f 1023/1023/1023 39/39/39 2066/2066/2066
s 2
f 577/577/577 563/563/563 575/575/575
f 690/690/690 563/563/563 577/577/577
f 81/81/81 1507/1507/1507 82/82/82
f 1508/1508/1508 82/82/82 1507/1507/1507
s 7
f 2418/2418/2418 1643/1643/1643 749/749/749
s 2
f 730/730/730 1645/1645/1645 2218/2218/2218
s 7
f 1165/1165/1165 2379/2379/2379 281/281/281
f 1165/1165/1165 773/773/773 2379/2379/2379
s 2
f 2155/2155/2155 2156/2156/2156 31/31/31
f 2155/2155/2155 31/31/31 2181/2181/2181
f 1693/1693/1693 1112/1112/1112 1694/1694/1694
f 1693/1693/1693 937/937/937 1112/1112/1112
s 1
f 661/661/661 2144/2144/2144 603/603/603
f 1567/1567/1567 2144/2144/2144 661/661/661
s 2
f 1389/1389/1389 187/187/187 2228/2228/2228
f 186/186/186 2228/2228/2228 187/187/187
s 7
f 2393/2393/2393 1511/1511/1511 928/928/928
f 928/928/928 929/929/929 2393/2393/2393
s 8
f 1833/1833/1833 994/994/994 22/22/22
f 1393/1393/1393 1392/1392/1392 1833/1833/1833
s 7
f 840/840/840 774/774/774 838/838/838
f 775/775/775 774/774/774 840/840/840
f 2327/2327/2327 650/650/650 503/503/503
f 503/503/503 505/505/505 2327/2327/2327
s 2
f 1919/1919/1919 2453/2453/2453 731/731/731
f 729/729/729 731/731/731 2453/2453/2453
s 1
f 1466/1466/1466 1/1/1 1463/1463/1463
f 1463/1463/1463 1/1/1 2446/2446/2446
s 2
f 844/844/844 2083/2083/2083 2217/2217/2217
f 2083/2083/2083 844/844/844 843/843/843
f 430/430/430 1376/1376/1376 431/431/431
f 2131/2131/2131 2164/2164/2164 1376/1376/1376
f 2118/2118/2118 2117/2117/2117 1424/1424/1424
f 2140/2140/2140 2118/2118/2118 1424/1424/1424
s 7
f 1644/1644/1644 653/653/653 652/652/652
f 1920/1920/1920 653/653/653 1644/1644/1644
s 2
f 461/461/461 460/460/460 1441/1441/1441
s 7
f 2362/2362/2362 2479/2479/2479 2057/2057/2057
s 1
f 1760/1760/1760 657/657/657 9/9/9
f 9/9/9 657/657/657 7/7/7
s 7
f 1220/1220/1220 1219/1219/1219 2473/2473/2473
s 2
f 715/715/715 337/337/337 1993/1993/1993
f 2459/2459/2459 1884/1884/1884 1883/1883/1883
f 932/932/932 2459/2459/2459 1883/1883/1883
f 2429/2429/2429 79/79/79 752/752/752
f 79/79/79 2429/2429/2429 630/630/630
s 1
f 1758/1758/1758 9/9/9 8/8/8
f 8/8/8 673/673/673 1758/1758/1758
s 6
f 2204/2204/2204 1228/1228/1228 2009/2009/2009
f 912/912/912 2009/2009/2009 1228/1228/1228
s 7
f 355/355/355 354/354/354 1008/1008/1008
f 355/355/355 1008/1008/1008 1399/1399/1399
s 2
f 317/317/317 126/126/126 1579/1579/1579
f 317/317/317 1579/1579/1579 823/823/823
s 8
f 992/992/992 1944/1944/1944 993/993/993
f 1394/1394/1394 992/992/992 1392/1392/1392
s 2
f 72/72/72 2291/2291/2291 1848/1848/1848
f 1848/1848/1848 474/474/474 72/72/72
s 7
f 1989/1989/1989 469/469/469 468/468/468
f 2313/2313/2313 1989/1989/1989 468/468/468
s 2
f 122/122/122 2286/2286/2286 1576/1576/1576
f 122/122/122 2285/2285/2285 2286/2286/2286
f 1375/1375/1375 726/726/726 2151/2151/2151
f 740/740/740 2151/2151/2151 726/726/726
f 318/318/318 2345/2345/2345 2055/2055/2055
f 317/317/317 2345/2345/2345 318/318/318
s 46
f 466/466/466 1271/1271/1271 535/535/535
f 534/534/534 466/466/466 535/535/535
s 8
f 2464/2464/2464 2298/2298/2298 972/972/972
f 2298/2298/2298 2113/2113/2113 972/972/972
s 2
f 274/274/274 1056/1056/1056 197/197/197
f 274/274/274 1054/1054/1054 1056/1056/1056
s 8
f 1944/1944/1944 1394/1394/1394 2123/2123/2123
f 992/992/992 1394/1394/1394 1944/1944/1944
s 7
f 1878/1878/1878 1510/1510/1510 119/119/119
f 1510/1510/1510 117/117/117 119/119/119
s 46
f 144/144/144 2382/2382/2382 1237/1237/1237
f 1237/1237/1237 2382/2382/2382 1365/1365/1365
s 230
f 1044/1044/1044 1232/1232/1232 2478/2478/2478
f 2478/2478/2478 1232/1232/1232 1231/1231/1231
s 2
f 1260/1260/1260 1259/1259/1259 1357/1357/1357
f 1260/1260/1260 1357/1357/1357 1729/1729/1729
f 56/56/56 2373/2373/2373 1504/1504/1504
f 2373/2373/2373 1144/1144/1144 1504/1504/1504
f 1696/1696/1696 2180/2180/2180 2182/2182/2182
f 1899/1899/1899 2180/2180/2180 1696/1696/1696
f 295/295/295 1444/1444/1444 903/903/903
f 294/294/294 903/903/903 1444/1444/1444
f 2055/2055/2055 1398/1398/1398 236/236/236
f 318/318/318 2055/2055/2055 236/236/236
s 8
f 2300/2300/2300 1086/1086/1086 1085/1085/1085
f 1085/1085/1085 2200/2200/2200 2300/2300/2300
s 2
f 1844/1844/1844 1845/1845/1845 100/100/100
f 100/100/100 1845/1845/1845 2433/2433/2433
s 46
f 983/983/983 1288/1288/1288 981/981/981
f 1288/1288/1288 983/983/983 636/636/636
s 2
f 120/120/120 194/194/194 2528/2528/2528
f 2528/2528/2528 1570/1570/1570 120/120/120
s 7
f 855/855/855 573/573/573 2024/2024/2024
f 2024/2024/2024 1205/1205/1205 855/855/855
s 2
f 1274/1274/1274 1769/1769/1769 2364/2364/2364
f 1273/1273/1273 1274/1274/1274 2364/2364/2364
f 1315/1315/1315 1261/1261/1261 268/268/268
f 1261/1261/1261 266/266/266 268/268/268
f 1404/1404/1404 1406/1406/1406 1921/1921/1921
f 1921/1921/1921 791/791/791 1404/1404/1404
s 4
f 2323/2323/2323 1158/1158/1158 944/944/944
f 2323/2323/2323 1159/1159/1159 1158/1158/1158
s 109
f 623/623/623 1029/1029/1029 624/624/624
f 1029/1029/1029 2437/2437/2437 624/624/624
s 7
f 573/573/573 855/855/855 854/854/854
f 854/854/854 1240/1240/1240 573/573/573
s 2
f 1084/1084/1084 1532/1532/1532 1070/1070/1070
f 1532/1532/1532 1068/1068/1068 1070/1070/1070
f 1367/1367/1367 1426/1426/1426 1368/1368/1368
f 1367/1367/1367 696/696/696 1426/1426/1426
f 1723/1723/1723 541/541/541 386/386/386
f 1723/1723/1723 539/539/539 541/541/541
f 1896/1896/1896 1313/1313/1313 1316/1316/1316
f 1316/1316/1316 1313/1313/1313 1261/1261/1261
s 46
f 2229/2229/2229 593/593/593 2230/2230/2230
f 593/593/593 1127/1127/1127 2230/2230/2230
s 2
f 476/476/476 2020/2020/2020 2433/2433/2433
f 2020/2020/2020 476/476/476 2251/2251/2251
s 7
f 381/381/381 2103/2103/2103 2102/2102/2102
f 384/384/384 2102/2102/2102 2103/2103/2103
s 1
f 2262/2262/2262 1304/1304/1304 1430/1430/1430
f 1294/1294/1294 1304/1304/1304 2262/2262/2262
s 7
f 39/39/39 38/38/38 2064/2064/2064
f 39/39/39 2064/2064/2064 2066/2066/2066
s 2
f 5/5/5 4/4/4 2363/2363/2363
s 46
f 244/244/244 2190/2190/2190 2189/2189/2189
s 1
f 1583/1583/1583 2350/2350/2350 1453/1453/1453
f 1583/1583/1583 1582/1582/1582 2350/2350/2350
s 2
f 2134/2134/2134 2404/2404/2404 2133/2133/2133
f 2404/2404/2404 2134/2134/2134 2151/2151/2151
s 109
f 2079/2079/2079 2149/2149/2149 2529/2529/2529
f 970/970/970 969/969/969 346/346/346
s 2
f 1886/1886/1886 1345/1345/1345 1887/1887/1887
f 1438/1438/1438 1345/1345/1345 1886/1886/1886
s 46
f 782/782/782 1822/1822/1822 1666/1666/1666
f 1666/1666/1666 1822/1822/1822 609/609/609
s 4
f 11/11/11 1857/1857/1857 12/12/12
f 1857/1857/1857 11/11/11 1841/1841/1841
s 2
f 601/601/601 977/977/977 978/978/978
f 2108/2108/2108 978/978/978 977/977/977
s 7
f 1625/1625/1625 443/443/443 442/442/442
f 1625/1625/1625 442/442/442 584/584/584
s 2
f 1080/1080/1080 2422/2422/2422 1342/1342/1342
f 1342/1342/1342 2422/2422/2422 1887/1887/1887
f 1834/1834/1834 2447/2447/2447 264/264/264
f 1834/1834/1834 1125/1125/1125 2447/2447/2447
s 7
f 1773/1773/1773 1184/1184/1184 1581/1581/1581
f 1181/1181/1181 1184/1184/1184 1773/1773/1773
s 2
f 2022/2022/2022 2340/2340/2340 1655/1655/1655
f 1655/1655/1655 2340/2340/2340 976/976/976
s 7
f 107/107/107 837/837/837 2253/2253/2253
f 2253/2253/2253 837/837/837 1245/1245/1245
f 271/271/271 1108/1108/1108 1862/1862/1862
f 1108/1108/1108 1182/1182/1182 1862/1862/1862
s 109
f 2078/2078/2078 968/968/968 2149/2149/2149
f 2078/2078/2078 2077/2077/2077 968/968/968
s 2
f 493/493/493 2205/2205/2205 472/472/472
f 493/493/493 472/472/472 494/494/494
s 1
f 1735/1735/1735 2191/2191/2191 2192/2192/2192
f 1735/1735/1735 648/648/648 2191/2191/2191
s 2
f 1523/1523/1523 1522/1522/1522 2140/2140/2140
f 1424/1424/1424 1523/1523/1523 2140/2140/2140
s 109
f 350/350/350 1027/1027/1027 623/623/623
f 350/350/350 623/623/623 625/625/625
s 2
f 2250/2250/2250 2254/2254/2254 1369/1369/1369
f 2250/2250/2250 1369/1369/1369 1385/1385/1385
s 7
f 948/948/948 156/156/156 158/158/158
f 948/948/948 158/158/158 2374/2374/2374
f 799/799/799 794/794/794 796/796/796
f 1632/1632/1632 794/794/794 799/799/799
f 455/455/455 1983/1983/1983 453/453/453
f 455/455/455 941/941/941 1983/1983/1983
f 1589/1589/1589 1586/1586/1586 850/850/850
f 1588/1588/1588 1586/1586/1586 1589/1589/1589
s 230
f 1710/1710/1710 1713/1713/1713 1711/1711/1711
f 1235/1235/1235 1713/1713/1713 1710/1710/1710
s 2
f 65/65/65 560/560/560 423/423/423
f 129/129/129 560/560/560 65/65/65
f 1301/1301/1301 1538/1538/1538 2411/2411/2411
f 1301/1301/1301 2411/2411/2411 2412/2412/2412
s 8
f 1061/1061/1061 1037/1037/1037 1971/1971/1971
f 1037/1037/1037 1969/1969/1969 1971/1971/1971
s 2
f 2023/2023/2023 80/80/80 532/532/532
f 2023/2023/2023 532/532/532 531/531/531
f 1520/1520/1520 1506/1506/1506 1096/1096/1096
f 1520/1520/1520 1096/1096/1096 201/201/201
f 642/642/642 1742/1742/1742 895/895/895
f 1742/1742/1742 642/642/642 643/643/643
s 6
f 1491/1491/1491 2530/2530/2530 2201/2201/2201
f 1491/1491/1491 1493/1493/1493 2531/2531/2531
s 2
f 562/562/562 87/87/87 1429/1429/1429
f 1418/1418/1418 562/562/562 1429/1429/1429
s 7
f 2125/2125/2125 2076/2076/2076 2126/2126/2126
f 739/739/739 2076/2076/2076 2125/2125/2125
s 46
f 2532/2532/2532 571/571/571 570/570/570
f 780/780/780 2532/2532/2532 570/570/570
s 7
f 1681/1681/1681 797/797/797 796/796/796
f 1681/1681/1681 832/832/832 797/797/797
s 4
f 1939/1939/1939 889/889/889 888/888/888
f 959/959/959 889/889/889 1939/1939/1939
s 2
f 1677/1677/1677 1676/1676/1676 1347/1347/1347
f 1677/1677/1677 1347/1347/1347 1924/1924/1924
f 1283/1283/1283 1282/1282/1282 1779/1779/1779
f 1779/1779/1779 2361/2361/2361 1283/1283/1283
f 2392/2392/2392 2533/2533/2533 2498/2498/2498
f 2392/2392/2392 1800/1800/1800 2533/2533/2533
s 7
f 1202/1202/1202 1205/1205/1205 2339/2339/2339
f 2339/2339/2339 2488/2488/2488 1202/1202/1202
s 2
f 1554/1554/1554 1556/1556/1556 1687/1687/1687
f 1744/1744/1744 1554/1554/1554 1687/1687/1687
s 46
f 1973/1973/1973 1867/1867/1867 135/135/135
f 135/135/135 1867/1867/1867 613/613/613
s 1
f 7/7/7 1132/1132/1132 1172/1172/1172
f 656/656/656 2088/2088/2088 1132/1132/1132
s 4
f 2325/2325/2325 1159/1159/1159 2323/2323/2323
f 2325/2325/2325 1161/1161/1161 1159/1159/1159
s 7
f 309/309/309 820/820/820 2238/2238/2238
f 2238/2238/2238 412/412/412 309/309/309
f 2346/2346/2346 505/505/505 504/504/504
f 2346/2346/2346 504/504/504 1032/1032/1032
s 2
f 2158/2158/2158 898/898/898 1828/1828/1828
f 898/898/898 900/900/900 1828/1828/1828
s 46
f 616/616/616 2534/2534/2534 2457/2457/2457
f 1768/1768/1768 2534/2534/2534 616/616/616
s 2
f 54/54/54 1670/1670/1670 95/95/95
f 93/93/93 95/95/95 1670/1670/1670
f 580/580/580 1004/1004/1004 691/691/691
f 1004/1004/1004 1003/1003/1003 691/691/691
s 7
f 438/438/438 2260/2260/2260 1990/1990/1990
f 438/438/438 140/140/140 2260/2260/2260
s 2
f 2099/2099/2099 153/153/153 2207/2207/2207
f 153/153/153 155/155/155 2207/2207/2207
f 2292/2292/2292 315/315/315 314/314/314
f 924/924/924 2292/2292/2292 1478/1478/1478
f 377/377/377 2483/2483/2483 2018/2018/2018
f 2018/2018/2018 2483/2483/2483 543/543/543
f 2198/2198/2198 1350/1350/1350 1960/1960/1960
f 1961/1961/1961 1960/1960/1960 1350/1350/1350
f 2292/2292/2292 314/314/314 1478/1478/1478
f 1478/1478/1478 314/314/314 2013/2013/2013
f 1540/1540/1540 1539/1539/1539 1420/1420/1420
f 938/938/938 1539/1539/1539 906/906/906
s 1
f 527/527/527 2191/2191/2191 1156/1156/1156
f 1156/1156/1156 528/528/528 527/527/527
s 2
f 379/379/379 891/891/891 380/380/380
f 891/891/891 1542/1542/1542 1541/1541/1541
f 703/703/703 2359/2359/2359 2358/2358/2358
f 563/563/563 2358/2358/2358 2359/2359/2359
s 7
f 1648/1648/1648 1649/1649/1649 2519/2519/2519
f 2519/2519/2519 2148/2148/2148 1648/1648/1648
s 1
f 1132/1132/1132 7/7/7 656/656/656
f 657/657/657 656/656/656 7/7/7
s 2
f 253/253/253 1094/1094/1094 254/254/254
f 200/200/200 1094/1094/1094 253/253/253
f 1898/1898/1898 1079/1079/1079 1105/1105/1105
f 1079/1079/1079 1898/1898/1898 1899/1899/1899
s 7
f 2306/2306/2306 1216/1216/1216 401/401/401
f 2306/2306/2306 1866/1866/1866 1216/1216/1216
s 2
f 102/102/102 251/251/251 1145/1145/1145
f 1715/1715/1715 102/102/102 1145/1145/1145
f 1398/1398/1398 2261/2261/2261 1724/1724/1724
f 2056/2056/2056 2261/2261/2261 1398/1398/1398
s 1
f 1465/1465/1465 2/2/2 1/1/1
f 2/2/2 1465/1465/1465 1745/1745/1745
s 2
f 1005/1005/1005 2256/2256/2256 1372/1372/1372
f 48/48/48 2256/2256/2256 1005/1005/1005
s 7
f 1626/1626/1626 2137/2137/2137 868/868/868
f 869/869/869 868/868/868 2137/2137/2137
s 8
f 2535/2535/2535 2276/2276/2276 2277/2277/2277
f 2535/2535/2535 2277/2277/2277 1088/1088/1088
s 2
f 718/718/718 2368/2368/2368 2353/2353/2353
s 7
f 2430/2430/2430 2367/2367/2367 2366/2366/2366
s 2
f 380/380/380 1541/1541/1541 377/377/377
f 891/891/891 1541/1541/1541 380/380/380
f 1692/1692/1692 1694/1694/1694 1109/1109/1109
f 1111/1111/1111 1692/1692/1692 1109/1109/1109
s 7
f 1866/1866/1866 1215/1215/1215 1864/1864/1864
f 1866/1866/1866 2306/2306/2306 1215/1215/1215
s 2
f 1775/1775/1775 1277/1277/1277 1187/1187/1187
f 1186/1186/1186 1775/1775/1775 1187/1187/1187
f 420/420/420 422/422/422 1337/1337/1337
f 1337/1337/1337 422/422/422 2460/2460/2460
f 323/323/323 1814/1814/1814 336/336/336
f 323/323/323 1149/1149/1149 1814/1814/1814
f 1264/1264/1264 1198/1198/1198 2090/2090/2090
f 1263/1263/1263 1198/1198/1198 1264/1264/1264
f 234/234/234 1725/1725/1725 235/235/235
f 234/234/234 1912/1912/1912 1725/1725/1725
s 4
f 1840/1840/1840 14/14/14 2216/2216/2216
f 1840/1840/1840 2216/2216/2216 947/947/947
s 2
f 45/45/45 2222/2222/2222 1837/1837/1837
f 44/44/44 2222/2222/2222 45/45/45
s 7
f 159/159/159 777/777/777 160/160/160
f 160/160/160 777/777/777 221/221/221
s 46
f 2352/2352/2352 1682/1682/1682 2017/2017/2017
f 2352/2352/2352 1683/1683/1683 1682/1682/1682
s 7
f 1022/1022/1022 168/168/168 170/170/170
f 2223/2223/2223 168/168/168 1022/1022/1022
s 2
f 2536/2536/2536 162/162/162 1791/1791/1791
f 901/901/901 162/162/162 2536/2536/2536
f 25/25/25 2336/2336/2336 26/26/26
f 2336/2336/2336 1556/1556/1556 26/26/26
f 538/538/538 1484/1484/1484 2376/2376/2376
f 2376/2376/2376 1484/1484/1484 2377/2377/2377
s 7
f 2065/2065/2065 458/458/458 2223/2223/2223
f 2064/2064/2064 2065/2065/2065 2223/2223/2223
s 1
f 2263/2263/2263 2109/2109/2109 1448/1448/1448
f 2262/2262/2262 2109/2109/2109 2263/2263/2263
s 4
f 1122/1122/1122 15/15/15 1123/1123/1123
f 1123/1123/1123 15/15/15 10/10/10
s 2
f 42/42/42 935/935/935 364/364/364
f 1957/1957/1957 935/935/935 42/42/42
f 432/432/432 2163/2163/2163 1642/1642/1642
f 432/432/432 1642/1642/1642 1641/1641/1641
f 2220/2220/2220 1317/1317/1317 1319/1319/1319
f 1317/1317/1317 2220/2220/2220 49/49/49
f 1185/1185/1185 1276/1276/1276 1358/1358/1358
f 1185/1185/1185 1187/1187/1187 1276/1276/1276
s 7
f 1616/1616/1616 1527/1527/1527 1617/1617/1617
f 1587/1587/1587 1527/1527/1527 1616/1616/1616
f 1115/1115/1115 1106/1106/1106 1454/1454/1454
f 1106/1106/1106 1115/1115/1115 1116/1116/1116
s 8
f 1392/1392/1392 994/994/994 1833/1833/1833
f 992/992/992 994/994/994 1392/1392/1392
s 7
f 358/358/358 2007/2007/2007 1222/1222/1222
f 1221/1221/1221 358/358/358 1222/1222/1222
s 2
f 1443/1443/1443 113/113/113 2206/2206/2206
f 435/435/435 1443/1443/1443 2206/2206/2206
f 2098/2098/2098 1361/1361/1361 1360/1360/1360
f 2098/2098/2098 2099/2099/2099 1361/1361/1361
f 477/477/477 475/475/475 2290/2290/2290
f 475/475/475 2291/2291/2291 2290/2290/2290
s 4
f 1842/1842/1842 1938/1938/1938 1843/1843/1843
f 1843/1843/1843 1938/1938/1938 1968/1968/1968
s 2
f 189/189/189 191/191/191 1800/1800/1800
f 2537/2537/2537 191/191/191 190/190/190
f 52/52/52 859/859/859 842/842/842
f 859/859/859 843/843/843 842/842/842
s 7
f 440/440/440 439/439/439 436/436/436
f 1817/1817/1817 440/440/440 436/436/436
s 2
f 2164/2164/2164 432/432/432 431/431/431
f 1376/1376/1376 2164/2164/2164 431/431/431
f 1416/1416/1416 1035/1035/1035 537/537/537
f 537/537/537 1035/1035/1035 1484/1484/1484
f 1800/1800/1800 191/191/191 2537/2537/2537
f 1800/1800/1800 2537/2537/2537 2533/2533/2533
s 4
f 1937/1937/1937 1966/1966/1966 1968/1968/1968
f 1966/1966/1966 1967/1967/1967 1928/1928/1928
s 46
f 733/733/733 2419/2419/2419 745/745/745
f 2419/2419/2419 746/746/746 745/745/745
s 2
f 414/414/414 398/398/398 1951/1951/1951
f 277/277/277 414/414/414 1951/1951/1951
f 405/405/405 2163/2163/2163 2165/2165/2165
f 405/405/405 2165/2165/2165 406/406/406
f 880/880/880 881/881/881 2197/2197/2197
f 2377/2377/2377 881/881/881 880/880/880
f 766/766/766 195/195/195 2432/2432/2432
f 195/195/195 1513/1513/1513 2432/2432/2432
s 7
f 870/870/870 2329/2329/2329 1152/1152/1152
f 2329/2329/2329 870/870/870 650/650/650
s 2
f 1533/1533/1533 2285/2285/2285 121/121/121
f 2285/2285/2285 1533/1533/1533 741/741/741
f 1427/1427/1427 1426/1426/1426 2139/2139/2139
f 1427/1427/1427 2139/2139/2139 2092/2092/2092
s 1
f 1996/1996/1996 1995/1995/1995 1998/1998/1998
f 2342/2342/2342 2446/2446/2446 1998/1998/1998
s 2
f 1259/1259/1259 479/479/479 1354/1354/1354
f 1357/1357/1357 1259/1259/1259 1354/1354/1354
f 1669/1669/1669 1153/1153/1153 1884/1884/1884
f 116/116/116 2475/2475/2475 1884/1884/1884
s 6
f 2204/2204/2204 18/18/18 1230/1230/1230
f 18/18/18 17/17/17 1230/1230/1230
s 46
f 2272/2272/2272 1287/1287/1287 1286/1286/1286
f 1287/1287/1287 1288/1288/1288 1286/1286/1286
s 7
f 67/67/67 69/69/69 2307/2307/2307
f 2309/2309/2309 67/67/67 2307/2307/2307
s 2
f 785/785/785 2331/2331/2331 786/786/786
s 7
f 1893/1893/1893 2491/2491/2491 1891/1891/1891
s 2
f 2106/2106/2106 1200/1200/1200 1929/1929/1929
f 2106/2106/2106 1929/1929/1929 2104/2104/2104
s 7
f 118/118/118 1552/1552/1552 1741/1741/1741
f 1552/1552/1552 118/118/118 117/117/117
s 4
f 1928/1928/1928 1843/1843/1843 1968/1968/1968
f 1968/1968/1968 1966/1966/1966 1928/1928/1928
s 46
f 2514/2514/2514 462/462/462 594/594/594
s 2
f 2513/2513/2513 2388/2388/2388 61/61/61
s 8
f 1969/1969/1969 2538/2538/2538 1970/1970/1970
f 2294/2294/2294 2538/2538/2538 1969/1969/1969
s 7
f 1753/1753/1753 450/450/450 1754/1754/1754
f 452/452/452 1754/1754/1754 450/450/450
s 2
f 1015/1015/1015 2010/2010/2010 1774/1774/1774
f 1015/1015/1015 2504/2504/2504 2010/2010/2010
f 1428/1428/1428 548/548/548 547/547/547
f 1428/1428/1428 2022/2022/2022 548/548/548
s 7
f 991/991/991 2008/2008/2008 180/180/180
f 2008/2008/2008 357/357/357 180/180/180
f 2417/2417/2417 2243/2243/2243 2242/2242/2242
f 1526/1526/1526 2243/2243/2243 2417/2417/2417
s 2
f 1409/1409/1409 2493/2493/2493 2492/2492/2492
f 1901/1901/1901 2273/2273/2273 1902/1902/1902
f 262/262/262 825/825/825 2050/2050/2050
f 263/263/263 262/262/262 2050/2050/2050
f 2435/2435/2435 1770/1770/1770 2365/2365/2365
f 509/509/509 1770/1770/1770 2435/2435/2435
s 1
f 1/1/1 1996/1996/1996 2446/2446/2446
f 2446/2446/2446 1996/1996/1996 1998/1998/1998
s 7
f 1646/1646/1646 181/181/181 357/357/357
f 1646/1646/1646 952/952/952 181/181/181
s 2
f 1406/1406/1406 1902/1902/1902 2349/2349/2349
f 682/682/682 792/792/792 2349/2349/2349
f 1534/1534/1534 728/728/728 1975/1975/1975
f 1975/1975/1975 728/728/728 1976/1976/1976
s 1
f 516/516/516 2248/2248/2248 517/517/517
f 1180/1180/1180 2295/2295/2295 516/516/516
s 2
f 2475/2475/2475 1669/1669/1669 1884/1884/1884
f 2475/2475/2475 115/115/115 1669/1669/1669
s 7
f 774/774/774 502/502/502 838/838/838
f 838/838/838 502/502/502 501/501/501
s 2
f 1406/1406/1406 2349/2349/2349 792/792/792
f 1406/1406/1406 792/792/792 1921/1921/1921
s 7
f 2035/2035/2035 381/381/381 2102/2102/2102
f 964/964/964 381/381/381 2035/2035/2035
s 2
f 1275/1275/1275 1279/1279/1279 2302/2302/2302
f 1276/1276/1276 1275/1275/1275 2302/2302/2302
f 215/215/215 99/99/99 1805/1805/1805
f 215/215/215 1805/1805/1805 1807/1807/1807
s 1
f 2248/2248/2248 516/516/516 2295/2295/2295
f 2295/2295/2295 529/529/529 2248/2248/2248
s 2
f 1769/1769/1769 2435/2435/2435 2365/2365/2365
f 2364/2364/2364 1769/1769/1769 2365/2365/2365
s 8
f 720/720/720 2497/2497/2497 1060/1060/1060
f 1060/1060/1060 2497/2497/2497 1061/1061/1061
s 2
f 1727/1727/1727 1256/1256/1256 2251/2251/2251
f 2251/2251/2251 1256/1256/1256 2020/2020/2020
f 2160/2160/2160 198/198/198 2500/2500/2500
f 2500/2500/2500 198/198/198 252/252/252
s 7
f 2146/2146/2146 991/991/991 245/245/245
f 1903/1903/1903 2146/2146/2146 245/245/245
s 2
f 1341/1341/1341 892/892/892 891/891/891
f 1341/1341/1341 1339/1339/1339 892/892/892
f 1250/1250/1250 1249/1249/1249 2271/2271/2271
f 363/363/363 1695/1695/1695 2264/2264/2264
f 1722/1722/1722 1906/1906/1906 822/822/822
f 826/826/826 1906/1906/1906 1722/1722/1722
s 230
f 2281/2281/2281 1783/1783/1783 1785/1785/1785
f 1712/1712/1712 1783/1783/1783 2281/2281/2281
s 8
f 1090/1090/1090 1089/1089/1089 1605/1605/1605
f 1605/1605/1605 1089/1089/1089 2200/2200/2200
s 2
f 1298/1298/1298 1729/1729/1729 1306/1306/1306
f 1055/1055/1055 1298/1298/1298 1306/1306/1306
f 307/307/307 716/716/716 2481/2481/2481
f 2481/2481/2481 305/305/305 307/307/307
s 7
f 2249/2249/2249 342/342/342 2539/2539/2539
f 1333/1333/1333 2249/2249/2249 2539/2539/2539
s 2
f 2220/2220/2220 2385/2385/2385 255/255/255
f 2385/2385/2385 1721/1721/1721 255/255/255
s 46
f 558/558/558 612/612/612 782/782/782
f 612/612/612 1822/1822/1822 782/782/782
s 2
f 1050/1050/1050 1691/1691/1691 1386/1386/1386
f 1050/1050/1050 1386/1386/1386 1051/1051/1051
f 2060/2060/2060 2054/2054/2054 1397/1397/1397
f 2054/2054/2054 922/922/922 924/924/924
f 1410/1410/1410 4/4/4 1411/1411/1411
f 2186/2186/2186 4/4/4 1948/1948/1948
f 1915/1915/1915 2029/2029/2029 293/293/293
f 2029/2029/2029 1320/1320/1320 293/293/293
f 1505/1505/1505 251/251/251 1519/1519/1519
f 1144/1144/1144 251/251/251 1505/1505/1505
f 260/260/260 259/259/259 2247/2247/2247
f 259/259/259 2378/2378/2378 2247/2247/2247
s 568
f 2540/2540/2540 1941/1941/1941 1943/1943/1943
s 620
f 2172/2172/2172 2394/2394/2394 2395/2395/2395
s 2
f 1606/1606/1606 1460/1460/1460 2275/2275/2275
f 1460/1460/1460 1577/1577/1577 2275/2275/2275
f 484/484/484 1081/1081/1081 1207/1207/1207
f 483/483/483 1081/1081/1081 484/484/484
s 46
f 1214/1214/1214 732/732/732 2482/2482/2482
f 296/296/296 1214/1214/1214 297/297/297
s 7
f 1552/1552/1552 1551/1551/1551 488/488/488
f 489/489/489 488/488/488 2541/2541/2541
s 2
f 4/4/4 2186/2186/2186 1411/1411/1411
f 1411/1411/1411 2186/2186/2186 1436/1436/1436
f 961/961/961 1292/1292/1292 1807/1807/1807
f 1292/1292/1292 215/215/215 1807/1807/1807
f 717/717/717 1620/1620/1620 718/718/718
f 718/718/718 1620/1620/1620 2368/2368/2368
f 910/910/910 1420/1420/1420 938/938/938
f 1420/1420/1420 1539/1539/1539 938/938/938
f 2345/2345/2345 922/922/922 2060/2060/2060
f 2060/2060/2060 922/922/922 2054/2054/2054
f 1015/1015/1015 2505/2505/2505 2504/2504/2504
s 7
f 1826/1826/1826 1630/1630/1630 2283/2283/2283
s 2
f 579/579/579 46/46/46 2001/2001/2001
f 46/46/46 1005/1005/1005 2001/2001/2001
f 904/904/904 1675/1675/1675 166/166/166
f 1319/1319/1319 902/902/902 901/901/901
f 910/910/910 1958/1958/1958 908/908/908
f 908/908/908 1958/1958/1958 495/495/495
f 1178/1178/1178 1177/1177/1177 1142/1142/1142
f 1142/1142/1142 112/112/112 1178/1178/1178
s 7
f 2337/2337/2337 312/312/312 407/407/407
f 819/819/819 312/312/312 2337/2337/2337
s 4
f 13/13/13 1122/1122/1122 1734/1734/1734
f 13/13/13 1734/1734/1734 1733/1733/1733
s 7
f 1163/1163/1163 1164/1164/1164 2034/2034/2034
f 2034/2034/2034 1164/1164/1164 2102/2102/2102
s 2
f 1542/1542/1542 891/891/891 893/893/893
f 893/893/893 307/307/307 1542/1542/1542
s 7
f 2136/2136/2136 869/869/869 2137/2137/2137
f 2427/2427/2427 869/869/869 2136/2136/2136
s 1
f 2342/2342/2342 1701/1701/1701 2407/2407/2407
f 2407/2407/2407 1701/1701/1701 1703/1703/1703
s 46
f 2293/2293/2293 591/591/591 1592/1592/1592
f 591/591/591 2293/2293/2293 618/618/618
s 2
f 2184/2184/2184 2178/2178/2178 279/279/279
f 416/416/416 2178/2178/2178 2184/2184/2184
s 7
f 491/491/491 921/921/921 29/29/29
f 28/28/28 491/491/491 29/29/29
f 1816/1816/1816 441/441/441 440/440/440
f 1816/1816/1816 2308/2308/2308 441/441/441
s 1
f 674/674/674 1303/1303/1303 675/675/675
f 672/672/672 1303/1303/1303 674/674/674
s 7
f 1245/1245/1245 2428/2428/2428 839/839/839
f 1245/1245/1245 1874/1874/1874 2428/2428/2428
s 46
f 2229/2229/2229 2370/2370/2370 1592/1592/1592
f 2229/2229/2229 1591/1591/1591 2370/2370/2370
s 109
f 1596/1596/1596 2542/2542/2542 883/883/883
f 2542/2542/2542 2543/2543/2543 883/883/883
s 2
f 1113/1113/1113 936/936/936 1955/1955/1955
f 1955/1955/1955 2227/2227/2227 1113/1113/1113
s 7
f 2490/2490/2490 489/489/489 28/28/28
f 2490/2490/2490 488/488/488 489/489/489
s 2
f 2544/2544/2544 2152/2152/2152 2161/2161/2161
f 2545/2545/2545 2152/2152/2152 2544/2544/2544
s 6
f 915/915/915 2203/2203/2203 984/984/984
f 1229/1229/1229 2203/2203/2203 915/915/915
s 4
f 957/957/957 1849/1849/1849 2089/2089/2089
f 2028/2028/2028 2089/2089/2089 1849/1849/1849
s 7
f 1476/1476/1476 500/500/500 2225/2225/2225
f 500/500/500 502/502/502 2225/2225/2225
s 109
f 883/883/883 2543/2543/2543 330/330/330
s 2
f 2545/2545/2545 2318/2318/2318 2152/2152/2152
f 121/121/121 2455/2455/2455 742/742/742
f 2455/2455/2455 1534/1534/1534 742/742/742
f 42/42/42 41/41/41 1957/1957/1957
f 1962/1962/1962 1957/1957/1957 41/41/41
f 1262/1262/1262 1314/1314/1314 102/102/102
f 1261/1261/1261 1314/1314/1314 1262/1262/1262
f 2546/2546/2546 1516/1516/1516 1196/1196/1196
f 2215/2215/2215 1516/1516/1516 2546/2546/2546
f 1913/1913/1913 751/751/751 63/63/63
f 752/752/752 751/751/751 1913/1913/1913
s 46
f 324/324/324 1571/1571/1571 1330/1330/1330
f 1331/1331/1331 1330/1330/1330 1571/1571/1571
s 7
f 457/457/457 2332/2332/2332 458/458/458
f 2057/2057/2057 2332/2332/2332 457/457/457
s 2
f 1852/1852/1852 1498/1498/1498 1502/1502/1502
f 1498/1498/1498 1458/1458/1458 1502/1502/1502
s 7
f 1468/1468/1468 1470/1470/1470 830/830/830
f 1467/1467/1467 830/830/830 1470/1470/1470
s 2
f 2440/2440/2440 1555/1555/1555 1049/1049/1049
f 1049/1049/1049 1051/1051/1051 2440/2440/2440
f 388/388/388 390/390/390 2451/2451/2451
f 388/388/388 1931/1931/1931 1933/1933/1933
f 498/498/498 231/231/231 378/378/378
f 498/498/498 378/378/378 380/380/380
s 7
f 1802/1802/1802 21/21/21 1496/1496/1496
f 1802/1802/1802 1496/1496/1496 1977/1977/1977
s 2
f 679/679/679 1201/1201/1201 680/680/680
f 1201/1201/1201 2036/2036/2036 680/680/680
f 2451/2451/2451 1931/1931/1931 388/388/388
f 1931/1931/1931 2451/2451/2451 1130/1130/1130
f 621/621/621 761/761/761 2002/2002/2002
f 1212/1212/1212 621/621/621 2002/2002/2002
f 2520/2520/2520 904/904/904 294/294/294
f 2520/2520/2520 1675/1675/1675 904/904/904
s 7
f 2058/2058/2058 2057/2057/2057 38/38/38
f 2343/2343/2343 2058/2058/2058 38/38/38
s 2
f 1341/1341/1341 1483/1483/1483 2121/2121/2121
f 1483/1483/1483 2120/2120/2120 2121/2121/2121
f 1095/1095/1095 1506/1506/1506 2093/2093/2093
f 1095/1095/1095 2093/2093/2093 1517/1517/1517
f 1211/1211/1211 619/619/619 621/621/621
f 677/677/677 619/619/619 1211/1211/1211
s 7
f 1631/1631/1631 2111/2111/2111 1632/1632/1632
f 1827/1827/1827 2111/2111/2111 1631/1631/1631
f 489/489/489 2541/2541/2541 490/490/490
f 490/490/490 920/920/920 491/491/491
s 8
f 1638/1638/1638 1040/1040/1040 2202/2202/2202
f 1639/1639/1639 1638/1638/1638 2202/2202/2202
s 7
f 1873/1873/1873 1771/1771/1771 1456/1456/1456
f 1456/1456/1456 1771/1771/1771 1454/1454/1454
f 352/352/352 2058/2058/2058 2343/2343/2343
f 1107/1107/1107 352/352/352 2343/2343/2343
s 2
f 1671/1671/1671 763/763/763 765/765/765
f 1671/1671/1671 1697/1697/1697 763/763/763
f 1474/1474/1474 1917/1917/1917 2413/2413/2413
f 686/686/686 2413/2413/2413 1917/1917/1917
f 155/155/155 2476/2476/2476 1139/1139/1139
f 2476/2476/2476 520/520/520 1139/1139/1139
f 1641/1641/1641 1756/1756/1756 1778/1778/1778
f 1641/1641/1641 393/393/393 1756/1756/1756
s 46
f 1683/1683/1683 1213/1213/1213 296/296/296
f 2351/2351/2351 1213/1213/1213 1683/1683/1683
s 2
f 2226/2226/2226 174/174/174 1034/1034/1034
f 641/641/641 2226/2226/2226 1034/1034/1034
f 1688/1688/1688 1556/1556/1556 2336/2336/2336
f 1556/1556/1556 1688/1688/1688 1687/1687/1687
f 1471/1471/1471 322/322/322 1481/1481/1481
f 1481/1481/1481 1480/1480/1480 1471/1471/1471
f 703/703/703 2358/2358/2358 1348/1348/1348
f 1348/1348/1348 704/704/704 703/703/703
s 46
f 1214/1214/1214 2482/2482/2482 297/297/297
f 297/297/297 2482/2482/2482 609/609/609
s 7
f 1740/1740/1740 1739/1739/1739 1878/1878/1878
f 118/118/118 1740/1740/1740 1878/1878/1878
s 230
f 2270/2270/2270 1711/1711/1711 1713/1713/1713
f 1711/1711/1711 2270/2270/2270 1243/1243/1243
s 109
f 2437/2437/2437 2259/2259/2259 2547/2547/2547
f 2259/2259/2259 2258/2258/2258 2547/2547/2547
s 46
f 2482/2482/2482 622/622/622 610/610/610
f 609/609/609 2482/2482/2482 610/610/610
s 2
f 1724/1724/1724 790/790/790 1922/1922/1922
f 1922/1922/1922 1923/1923/1923 1724/1724/1724
s 7
f 1876/1876/1876 926/926/926 1511/1511/1511
f 1877/1877/1877 926/926/926 1876/1876/1876
f 1551/1551/1551 117/117/117 920/920/920
f 2541/2541/2541 920/920/920 490/490/490
s 230
f 1236/1236/1236 1710/1710/1710 2195/2195/2195
f 1236/1236/1236 2195/2195/2195 2279/2279/2279
s 7
f 2541/2541/2541 1551/1551/1551 920/920/920
f 488/488/488 1551/1551/1551 2541/2541/2541
s 2
f 115/115/115 1126/1126/1126 93/93/93
f 93/93/93 1126/1126/1126 94/94/94
f 1972/1972/1972 1143/1143/1143 2287/2287/2287
f 1143/1143/1143 56/56/56 2287/2287/2287
s 7
f 2380/2380/2380 2245/2245/2245 1167/1167/1167
f 2379/2379/2379 2245/2245/2245 2380/2380/2380
s 2
f 1421/1421/1421 1578/1578/1578 1462/1462/1462
f 1462/1462/1462 1578/1578/1578 1460/1460/1460
s 1
f 2087/2087/2087 655/655/655 1792/1792/1792
f 656/656/656 655/655/655 2087/2087/2087
s 7
f 2127/2127/2127 2309/2309/2309 1818/1818/1818
s 2
f 2310/2310/2310 1815/1815/1815 1814/1814/1814
f 1933/1933/1933 482/482/482 389/389/389
f 388/388/388 1933/1933/1933 389/389/389
s 7
f 222/222/222 2208/2208/2208 223/223/223
f 222/222/222 1652/1652/1652 2208/2208/2208
s 46
f 296/296/296 467/467/467 1684/1684/1684
f 534/534/534 1684/1684/1684 467/467/467
s 2
f 1162/1162/1162 508/508/508 510/510/510
f 1162/1162/1162 2435/2435/2435 508/508/508
f 399/399/399 1911/1911/1911 400/400/400
f 400/400/400 1911/1911/1911 1385/1385/1385
s 1
f 1448/1448/1448 1889/1889/1889 1449/1449/1449
f 1701/1701/1701 2341/2341/2341 1702/1702/1702
s 7
f 1891/1891/1891 1890/1890/1890 2522/2522/2522
f 2522/2522/2522 1890/1890/1890 1907/1907/1907
s 2
f 495/495/495 1961/1961/1961 1350/1350/1350
f 1961/1961/1961 495/495/495 1958/1958/1958
s 7
f 2308/2308/2308 1816/1816/1816 1818/1818/1818
f 2309/2309/2309 2308/2308/2308 1818/1818/1818
f 878/878/878 2421/2421/2421 1905/1905/1905
f 2421/2421/2421 30/30/30 1905/1905/1905
s 2
f 101/101/101 2433/2433/2433 2020/2020/2020
f 2433/2433/2433 101/101/101 100/100/100
f 1374/1374/1374 372/372/372 371/371/371
f 371/371/371 374/374/374 1374/1374/1374
s 7
f 2486/2486/2486 1803/1803/1803 2405/2405/2405
f 1977/1977/1977 2405/2405/2405 1803/1803/1803
s 2
f 1780/1780/1780 2135/2135/2135 785/785/785
f 2135/2135/2135 2331/2331/2331 785/785/785
s 7
f 228/228/228 1572/1572/1572 229/229/229
f 1561/1561/1561 229/229/229 1572/1572/1572
s 2
f 2412/2412/2412 1381/1381/1381 1301/1301/1301
f 1302/1302/1302 1381/1381/1381 2412/2412/2412
f 1013/1013/1013 1012/1012/1012 2344/2344/2344
f 1013/1013/1013 2344/2344/2344 824/824/824
f 509/509/509 1148/1148/1148 1770/1770/1770
f 1148/1148/1148 509/509/509 1149/1149/1149
s 1
f 1432/1432/1432 1888/1888/1888 1889/1889/1889
f 1888/1888/1888 1449/1449/1449 1889/1889/1889
f 1172/1172/1172 1134/1134/1134 7/7/7
f 1134/1134/1134 1172/1172/1172 1169/1169/1169
f 2091/2091/2091 2080/2080/2080 3/3/3
f 647/647/647 2080/2080/2080 2091/2091/2091
s 7
f 339/339/339 2313/2313/2313 941/941/941
f 1817/1817/1817 2313/2313/2313 339/339/339
f 2366/2366/2366 249/249/249 2431/2431/2431
f 2366/2366/2366 990/990/990 249/249/249
s 2
f 2269/2269/2269 1872/1872/1872 2265/2265/2265
f 1870/1870/1870 1872/1872/1872 2269/2269/2269
