# This file uses centimeters as units for non-parametric coordinates.

g default
v -0.009779 -0.018555 -0.304921
v -0.026198 -0.024486 -0.300479
v -0.014099 -0.032274 -0.303551
v -0.031041 -0.031552 -0.296577
v -0.016812 -0.048841 -0.302874
v -0.032302 -0.046573 -0.294773
v -0.009096 -0.064515 -0.300025
v -0.027449 -0.059237 -0.296356
v -0.009779 -0.020607 -0.320810
v -0.014223 -0.035111 -0.321399
v -0.025866 -0.026084 -0.311471
v -0.031111 -0.033191 -0.311174
v -0.032302 -0.048274 -0.309373
v -0.016812 -0.051206 -0.320674
v -0.010252 -0.064004 -0.318942
v -0.026951 -0.059681 -0.307802
v 0.000882 -0.065588 -0.300478
v -0.012166 -0.057651 -0.301261
v 0.000882 -0.051456 -0.303782
v -0.021451 -0.062790 -0.297787
v -0.029886 -0.053900 -0.293951
v -0.009485 -0.018193 -0.313076
v -0.010158 -0.039126 -0.312436
v -0.030259 -0.026314 -0.303026
v -0.033690 -0.032185 -0.302319
v -0.034904 -0.046840 -0.300534
v -0.012449 -0.049670 -0.312343
v -0.009096 -0.067086 -0.311229
v -0.028879 -0.060408 -0.298892
v 0.000882 -0.019529 -0.321458
v -0.010664 -0.027858 -0.322831
v 0.000882 -0.033322 -0.319726
v -0.020011 -0.023855 -0.317195
v -0.029247 -0.028938 -0.311706
v -0.023003 -0.035228 -0.318620
v -0.032674 -0.039996 -0.310322
v -0.024497 -0.050353 -0.316827
v -0.020969 -0.042473 -0.320009
v 0.000882 -0.053494 -0.319828
v -0.011436 -0.059545 -0.321073
v 0.000882 -0.065075 -0.319488
v -0.029886 -0.055601 -0.308551
v -0.020544 -0.061721 -0.315118
v 0.000882 -0.031196 -0.303622
v -0.010664 -0.024753 -0.301650
v 0.000882 -0.017740 -0.305354
v -0.022987 -0.031964 -0.298402
v -0.029408 -0.027096 -0.297109
v -0.020393 -0.020647 -0.301992
v -0.020895 -0.040112 -0.304223
v -0.024497 -0.047991 -0.296548
v -0.032564 -0.038392 -0.295724
v 0.000882 -0.027345 -0.323275
v -0.021279 -0.028573 -0.319310
v -0.024629 -0.042287 -0.317761
v 0.000882 -0.060157 -0.322722
v -0.022292 -0.057712 -0.316003
v 0.000882 -0.025000 -0.301805
v -0.021469 -0.025115 -0.299051
v -0.024580 -0.039701 -0.297489
v 0.000882 -0.057651 -0.301242
v -0.022292 -0.055349 -0.295723
v 0.000882 -0.017049 -0.313694
v 0.000882 -0.036838 -0.311386
v -0.019545 -0.021219 -0.309632
v -0.032012 -0.028534 -0.302768
v -0.035182 -0.038734 -0.301489
v -0.016828 -0.043869 -0.313148
v 0.000882 -0.050921 -0.311290
v 0.000882 -0.067793 -0.311229
v -0.032418 -0.054157 -0.299714
v -0.020973 -0.065159 -0.305520
v 0.011543 -0.018555 -0.304921
v 0.027962 -0.024486 -0.300479
v 0.015863 -0.032274 -0.303551
v 0.032804 -0.031552 -0.296577
v 0.018577 -0.048841 -0.302874
v 0.034066 -0.046573 -0.294773
v 0.010860 -0.064515 -0.300025
v 0.029212 -0.059237 -0.296356
v 0.011543 -0.020607 -0.320810
v 0.015986 -0.035111 -0.321399
v 0.027630 -0.026084 -0.311471
v 0.032875 -0.033191 -0.311174
v 0.034066 -0.048274 -0.309373
v 0.018577 -0.051206 -0.320674
v 0.012016 -0.064004 -0.318942
v 0.028715 -0.059681 -0.307802
v 0.013930 -0.057651 -0.301261
v 0.023216 -0.062790 -0.297787
v 0.031650 -0.053900 -0.293951
v 0.011249 -0.018193 -0.313076
v 0.011922 -0.039126 -0.312436
v 0.032023 -0.026314 -0.303026
v 0.035455 -0.032185 -0.302319
v 0.036668 -0.046840 -0.300534
v 0.014213 -0.049670 -0.312343
v 0.010860 -0.067086 -0.311229
v 0.030643 -0.060408 -0.298892
v 0.012428 -0.027858 -0.322831
v 0.021775 -0.023855 -0.317195
v 0.031012 -0.028938 -0.311706
v 0.024766 -0.035228 -0.318620
v 0.034438 -0.039996 -0.310322
v 0.026261 -0.050353 -0.316827
v 0.022734 -0.042473 -0.320009
v 0.013200 -0.059545 -0.321073
v 0.031650 -0.055601 -0.308551
v 0.022308 -0.061721 -0.315118
v 0.012428 -0.024753 -0.301650
v 0.024751 -0.031964 -0.298402
v 0.031172 -0.027096 -0.297109
v 0.022157 -0.020647 -0.301992
v 0.022659 -0.040112 -0.304223
v 0.026261 -0.047991 -0.296548
v 0.034328 -0.038392 -0.295724
v 0.023043 -0.028573 -0.319310
v 0.026393 -0.042287 -0.317761
v 0.024056 -0.057712 -0.316003
v 0.023232 -0.025115 -0.299051
v 0.026343 -0.039701 -0.297489
v 0.024056 -0.055349 -0.295723
v 0.021308 -0.021219 -0.309632
v 0.033776 -0.028534 -0.302768
v 0.036946 -0.038734 -0.301489
v 0.018592 -0.043869 -0.313148
v 0.034182 -0.054157 -0.299714
v 0.022737 -0.065159 -0.305520
v -0.003581 0.113362 -0.067350
v -0.005491 0.080427 -0.035838
v -0.005787 0.197242 0.032414
v -0.008410 0.119472 0.034627
v -0.005618 0.155302 -0.035700
v -0.008684 0.091795 0.009582
v -0.005515 0.089883 -0.056080
v -0.008477 0.131776 -0.011026
v -0.008365 0.185738 0.060730
v 0.002862 0.155195 -0.035299
v 0.002830 0.131633 -0.010491
v 0.000115 0.185630 0.061131
v 0.000494 0.197162 0.032711
v 0.002700 0.113282 -0.067053
v 0.002966 0.089775 -0.055679
v 0.000791 0.080347 -0.035540
v -0.000204 0.091687 0.009983
v -0.002128 0.119392 0.034925
v -0.004934 0.131271 -0.057225
v -0.007613 0.108428 -0.036687
v -0.004913 0.100912 -0.065835
v -0.009388 0.109262 -0.000057
v -0.007474 0.086003 -0.015718
v -0.006028 0.082056 -0.047323
v -0.009162 0.148813 0.045714
v -0.009394 0.103194 0.026743
v -0.002614 0.200818 0.033313
v -0.004303 0.189855 0.065641
v -0.001176 0.158086 -0.039384
v -0.001046 0.083654 -0.062365
v -0.000182 0.110372 -0.073449
v -0.002162 0.076794 -0.040617
v -0.004680 0.086540 0.013299
v -0.005510 0.117368 0.038867
v 0.003671 0.146796 -0.023358
v 0.002065 0.165904 0.035279
v 0.000968 0.200728 0.053688
v 0.002161 0.182153 0.003136
v 0.003567 0.100804 -0.065434
v 0.003694 0.108285 -0.036152
v 0.003545 0.131163 -0.056824
v 0.002452 0.081947 -0.046923
v 0.001006 0.085895 -0.015317
v 0.001919 0.109118 0.000478
v -0.000914 0.103086 0.027144
v -0.000682 0.148724 0.046126
v -0.006320 0.182261 0.002735
v -0.007512 0.200836 0.053286
v -0.009242 0.166043 0.034742
v -0.007636 0.146940 -0.023893
v 0.002933 0.180793 0.024041
v 0.004418 0.121299 -0.047957
v 0.002966 0.095496 -0.024205
v 0.001175 0.127437 0.024480
v -0.008375 0.180937 0.023507
v -0.006889 0.121443 -0.048492
v -0.008341 0.095639 -0.024740
v -0.010132 0.127559 0.023934
v -0.003456 0.205375 0.060034
v -0.001865 0.182226 -0.004713
v -0.000485 0.094021 -0.071438
v -0.000514 0.134499 -0.059958
v -0.001488 0.077480 -0.054674
v -0.003417 0.082674 -0.012569
v -0.005379 0.096960 0.029926
v -0.005070 0.154772 0.051820
v -0.005906 0.078270 -0.056733
v -0.004289 0.087073 -0.047170
v -0.011622 0.088525 -0.064421
v -0.005759 0.102176 -0.045024
v -0.004952 0.098707 -0.071404
v -0.003458 0.104858 -0.059937
v 0.006184 0.078116 -0.056161
v 0.003895 0.086969 -0.046782
v 0.005539 0.102033 -0.044490
v 0.012859 0.088214 -0.063263
v 0.004725 0.104754 -0.059549
v 0.007138 0.098553 -0.070833
v 0.000129 0.073119 -0.057590
v 0.000810 0.084760 -0.068858
v 0.001344 0.099162 -0.076287
v 0.000713 0.106735 -0.060913
v -0.000281 0.105340 -0.040262
v -0.000287 0.085297 -0.045522
v -0.003103 0.074271 -0.057496
v -0.002734 0.104960 -0.040950
v -0.000387 0.096301 -0.040468
v 0.000450 0.077056 -0.063327
v -0.006968 0.085419 -0.068445
v -0.001667 0.106288 -0.060620
v 0.000161 0.108025 -0.048884
v -0.001945 0.099085 -0.075310
v 0.001150 0.103850 -0.070920
v 0.001169 0.092464 -0.074389
v 0.003366 0.074189 -0.057190
v 0.008528 0.085222 -0.067712
v 0.004523 0.099002 -0.075004
v 0.003044 0.106228 -0.060397
v 0.002215 0.104897 -0.040716
v 0.002090 0.085803 -0.045733
v 0.004958 0.081143 -0.051411
v 0.004896 0.094210 -0.044081
v 0.010475 0.095145 -0.053763
v 0.009849 0.081311 -0.059129
v 0.005397 0.104946 -0.051788
v 0.005938 0.102162 -0.066500
v 0.010465 0.094505 -0.068601
v -0.009192 0.081552 -0.060030
v -0.009970 0.095404 -0.054731
v -0.005356 0.094341 -0.044566
v -0.005057 0.081270 -0.051884
v -0.008576 0.094747 -0.069502
v -0.004076 0.102289 -0.066974
v -0.004855 0.105076 -0.052273
v -0.002621 0.085863 -0.045956
v -0.000116 0.076718 -0.051443
v 0.008422 0.087982 -0.051566
v 0.008965 0.099628 -0.059926
v -0.008317 0.088195 -0.052358
v -0.007773 0.099840 -0.060718
v -0.002434 0.077688 -0.051596
v -0.002787 0.096348 -0.041143
v -0.005505 0.078056 -0.063090
v -0.002265 0.107518 -0.049163
v -0.001228 0.103539 -0.070155
v -0.004820 0.092737 -0.073629
v 0.006380 0.077905 -0.062528
v 0.007065 0.092586 -0.073067
v 0.003436 0.103480 -0.069934
v 0.002589 0.107456 -0.048934
v 0.002067 0.096286 -0.040914
v 0.002230 0.077629 -0.051375
v 0.030013 -0.152647 -0.126672
v 0.024382 -0.132072 -0.107888
v 0.043833 -0.200298 -0.062374
v 0.031311 -0.153447 -0.062973
v 0.037958 -0.176654 -0.105848
v 0.027141 -0.137391 -0.079271
v 0.026634 -0.138092 -0.120235
v 0.034770 -0.161645 -0.091054
v 0.042550 -0.192431 -0.045006
v 0.032876 -0.178119 -0.105767
v 0.027994 -0.163598 -0.090946
v 0.037467 -0.193896 -0.044925
v 0.040068 -0.201382 -0.062314
v 0.026248 -0.153732 -0.126612
v 0.021552 -0.139556 -0.120153
v 0.020617 -0.133157 -0.107828
v 0.022059 -0.138856 -0.079190
v 0.027546 -0.154532 -0.062913
v 0.033782 -0.162876 -0.119880
v 0.030719 -0.148386 -0.107645
v 0.028521 -0.144959 -0.126028
v 0.030964 -0.147856 -0.084799
v 0.026041 -0.134647 -0.095186
v 0.025298 -0.133167 -0.114981
v 0.036760 -0.170578 -0.055295
v 0.029169 -0.143723 -0.068283
v 0.042563 -0.202986 -0.061783
v 0.040743 -0.195525 -0.041923
v 0.035911 -0.179189 -0.108154
v 0.023014 -0.135311 -0.124395
v 0.027609 -0.151599 -0.130611
v 0.021870 -0.130603 -0.111022
v 0.023710 -0.134914 -0.077173
v 0.029093 -0.152637 -0.060446
v 0.030566 -0.173032 -0.098573
v 0.033427 -0.182995 -0.061562
v 0.039878 -0.203189 -0.049180
v 0.037146 -0.193312 -0.081138
v 0.023439 -0.146424 -0.125947
v 0.023942 -0.150339 -0.107537
v 0.028701 -0.164341 -0.119799
v 0.020216 -0.134631 -0.114900
v 0.020959 -0.136112 -0.095105
v 0.024188 -0.149808 -0.084691
v 0.024087 -0.145188 -0.068202
v 0.031681 -0.172053 -0.055207
v 0.042228 -0.191848 -0.081219
v 0.044960 -0.201724 -0.049261
v 0.040203 -0.181040 -0.061671
v 0.037342 -0.171079 -0.098681
v 0.035892 -0.192239 -0.068182
v 0.026169 -0.158452 -0.114556
v 0.021756 -0.142358 -0.100423
v 0.027304 -0.160125 -0.069266
v 0.042668 -0.190286 -0.068290
v 0.032945 -0.156498 -0.114664
v 0.028532 -0.140405 -0.100531
v 0.034076 -0.158159 -0.069381
v 0.043184 -0.205033 -0.045023
v 0.039763 -0.192778 -0.085940
v 0.024787 -0.141764 -0.129780
v 0.031803 -0.165653 -0.121582
v 0.021961 -0.131405 -0.119762
v 0.022940 -0.133339 -0.093393
v 0.025569 -0.140675 -0.066544
v 0.035236 -0.174751 -0.051421
v 0.024790 -0.131115 -0.120936
v 0.025163 -0.136468 -0.114788
v 0.030247 -0.136337 -0.125340
v 0.028706 -0.145158 -0.113031
v 0.028293 -0.143746 -0.129550
v 0.028211 -0.147460 -0.122284
v 0.017544 -0.133203 -0.120821
v 0.020258 -0.137882 -0.114710
v 0.021935 -0.147110 -0.112923
v 0.015575 -0.140565 -0.125106
v 0.023307 -0.148873 -0.122206
v 0.021048 -0.145834 -0.129435
v 0.020288 -0.129156 -0.121722
v 0.022278 -0.136432 -0.128442
v 0.024753 -0.145252 -0.132699
v 0.026090 -0.149353 -0.122924
v 0.025888 -0.147944 -0.110093
v 0.022415 -0.136103 -0.113888
v 0.022419 -0.129255 -0.121570
v 0.027299 -0.147286 -0.110483
v 0.024326 -0.142544 -0.110455
v 0.020957 -0.131670 -0.125194
v 0.027020 -0.135407 -0.128016
v 0.027420 -0.148650 -0.122707
v 0.026336 -0.149789 -0.115396
v 0.026672 -0.144591 -0.132029
v 0.025573 -0.147906 -0.129234
v 0.023599 -0.141193 -0.131689
v 0.018542 -0.130372 -0.121508
v 0.017733 -0.138083 -0.127868
v 0.022796 -0.145708 -0.131967
v 0.024597 -0.149464 -0.122662
v 0.024333 -0.148141 -0.110435
v 0.021096 -0.136839 -0.114052
v 0.018696 -0.134692 -0.117762
v 0.020896 -0.142325 -0.112860
v 0.017996 -0.144079 -0.118969
v 0.016015 -0.135827 -0.122655
v 0.022737 -0.148960 -0.117385
v 0.022299 -0.147683 -0.126622
v 0.018277 -0.143982 -0.128217
v 0.027426 -0.132538 -0.122837
v 0.030249 -0.140548 -0.119164
v 0.027041 -0.140554 -0.112958
v 0.024697 -0.132962 -0.117858
v 0.029688 -0.140693 -0.128398
v 0.028300 -0.145953 -0.126717
v 0.028881 -0.147189 -0.117483
v 0.023919 -0.136026 -0.114097
v 0.020922 -0.131137 -0.117798
v 0.017869 -0.139398 -0.117748
v 0.019866 -0.146595 -0.122656
v 0.027901 -0.136506 -0.117908
v 0.029897 -0.143704 -0.122816
v 0.022481 -0.131298 -0.117823
v 0.025782 -0.142150 -0.110826
v 0.024680 -0.131182 -0.124905
v 0.027697 -0.149053 -0.115535
v 0.026913 -0.147275 -0.128719
v 0.027196 -0.140256 -0.131092
v 0.017557 -0.133235 -0.124791
v 0.020073 -0.142308 -0.130979
v 0.024118 -0.148081 -0.128675
v 0.024788 -0.149892 -0.115489
v 0.022873 -0.142988 -0.110780
v 0.019687 -0.132104 -0.117778
v -0.025163 -0.154550 -0.126672
v -0.018358 -0.134333 -0.107888
v -0.040276 -0.201806 -0.062374
v -0.024532 -0.155938 -0.062973
v -0.031962 -0.178907 -0.105848
v -0.019036 -0.140287 -0.079271
v -0.019847 -0.140585 -0.120235
v -0.026235 -0.164672 -0.091054
v -0.036953 -0.194562 -0.045006
v -0.036997 -0.177288 -0.105767
v -0.032948 -0.162513 -0.090946
v -0.041988 -0.192942 -0.044925
v -0.044006 -0.200607 -0.062314
v -0.028893 -0.153350 -0.126612
v -0.024882 -0.138966 -0.120153
v -0.022088 -0.133134 -0.107828
v -0.024070 -0.138667 -0.079190
v -0.028262 -0.154739 -0.062913
v -0.027741 -0.165143 -0.119880
v -0.022200 -0.151408 -0.107645
v -0.022112 -0.147338 -0.126028
v -0.021701 -0.151104 -0.084799
v -0.018418 -0.137396 -0.095186
v -0.018209 -0.135752 -0.114981
v -0.029567 -0.173195 -0.055295
v -0.020885 -0.146673 -0.068283
v -0.042830 -0.203329 -0.061783
v -0.040178 -0.196122 -0.041923
v -0.035075 -0.179868 -0.108154
v -0.021301 -0.136258 -0.124395
v -0.026574 -0.152339 -0.130611
v -0.019624 -0.131712 -0.111022
v -0.020501 -0.136317 -0.077173
v -0.025921 -0.154029 -0.060446
v -0.036076 -0.171777 -0.098573
v -0.039259 -0.181642 -0.061562
v -0.045171 -0.202000 -0.049180
v -0.041929 -0.192278 -0.081138
v -0.027147 -0.145718 -0.125947
v -0.028913 -0.149248 -0.107537
v -0.032775 -0.163523 -0.119799
v -0.023243 -0.134133 -0.114900
v -0.023453 -0.135776 -0.095105
v -0.028414 -0.148945 -0.084691
v -0.025920 -0.145053 -0.068202
v -0.034605 -0.171586 -0.055207
v -0.036894 -0.193898 -0.081219
v -0.040137 -0.203619 -0.049261
v -0.032546 -0.183799 -0.061671
v -0.029363 -0.173936 -0.098681
v -0.042372 -0.190688 -0.068182
v -0.031591 -0.157223 -0.114556
v -0.026276 -0.141405 -0.100423
v -0.031583 -0.159245 -0.069266
v -0.035658 -0.192848 -0.068290
v -0.024878 -0.159382 -0.114664
v -0.019563 -0.143564 -0.100531
v -0.024866 -0.161392 -0.069381
v -0.043457 -0.205375 -0.045023
v -0.039458 -0.193295 -0.085940
v -0.023428 -0.142603 -0.129780
v -0.030933 -0.166343 -0.121582
v -0.019995 -0.132429 -0.119762
v -0.020261 -0.134580 -0.093393
v -0.022172 -0.142135 -0.066544
v -0.033160 -0.175809 -0.051421
v -0.017486 -0.133766 -0.120936
v -0.020163 -0.138417 -0.114788
v -0.015870 -0.141144 -0.125340
v -0.022070 -0.147606 -0.113031
v -0.021625 -0.146203 -0.129550
v -0.023765 -0.149240 -0.122284
v -0.024664 -0.131457 -0.120821
v -0.025022 -0.136854 -0.114710
v -0.028778 -0.145448 -0.112923
v -0.030405 -0.136469 -0.125106
v -0.028623 -0.147677 -0.122206
v -0.028803 -0.143894 -0.129435
v -0.020129 -0.129629 -0.121722
v -0.022536 -0.136777 -0.128442
v -0.025403 -0.145478 -0.132699
v -0.026581 -0.149628 -0.122924
v -0.025962 -0.148345 -0.110093
v -0.022239 -0.136581 -0.113888
v -0.018415 -0.130900 -0.121570
v -0.024425 -0.148587 -0.110483
v -0.024246 -0.142992 -0.110455
v -0.020976 -0.132089 -0.125194
v -0.018030 -0.138572 -0.128016
v -0.025085 -0.149786 -0.122707
v -0.026621 -0.150127 -0.115396
v -0.023441 -0.146001 -0.132029
v -0.026203 -0.148139 -0.129234
v -0.024096 -0.141466 -0.131689
v -0.022256 -0.129664 -0.121508
v -0.027229 -0.135613 -0.127868
v -0.027282 -0.144765 -0.131967
v -0.027882 -0.148886 -0.122662
v -0.027363 -0.147642 -0.110435
v -0.023745 -0.136456 -0.114052
v -0.024539 -0.133335 -0.117762
v -0.026970 -0.140898 -0.112860
v -0.030356 -0.140736 -0.118969
v -0.027397 -0.132782 -0.122655
v -0.029145 -0.147431 -0.117385
v -0.028796 -0.146127 -0.126622
v -0.030069 -0.140812 -0.128217
v -0.016092 -0.136418 -0.122837
v -0.018218 -0.144640 -0.119164
v -0.020884 -0.142856 -0.112958
v -0.018593 -0.135248 -0.117858
v -0.018764 -0.144448 -0.128398
v -0.022850 -0.148039 -0.126717
v -0.023058 -0.149389 -0.117483
v -0.020948 -0.137356 -0.114097
v -0.020708 -0.131627 -0.117798
v -0.027850 -0.136780 -0.117748
v -0.030208 -0.143867 -0.122656
v -0.017911 -0.139976 -0.117908
v -0.020270 -0.147063 -0.122816
v -0.019504 -0.132630 -0.117823
v -0.022818 -0.143478 -0.110826
v -0.017615 -0.133760 -0.124905
v -0.025080 -0.150275 -0.115535
v -0.024739 -0.148363 -0.128719
v -0.020588 -0.142695 -0.131092
v -0.024671 -0.131491 -0.124791
v -0.027645 -0.140425 -0.130979
v -0.027508 -0.147472 -0.128675
v -0.027962 -0.149349 -0.115489
v -0.025700 -0.142550 -0.110780
v -0.022273 -0.131740 -0.117778
v -0.014583 -0.015754 0.189256
v 0.000000 -0.021285 0.200656
v 0.014583 -0.015754 0.189256
v -0.037115 -0.021369 0.093160
v 0.000000 -0.054218 0.092040
v 0.037115 -0.021369 0.093160
v -0.055737 -0.096590 -0.022091
v 0.000000 -0.136078 -0.022276
v 0.055737 -0.096590 -0.022091
v -0.058654 -0.116763 -0.175102
v 0.000000 -0.147521 -0.147070
v 0.058654 -0.116763 -0.175102
v -0.040035 -0.088508 -0.263859
v 0.000000 -0.087875 -0.278999
v 0.040035 -0.088508 -0.263859
v -0.011839 0.030319 0.189379
v 0.000000 0.032245 0.201322
v 0.000000 0.058966 0.088444
v -0.025320 0.042021 0.090071
v 0.011839 0.030319 0.189379
v 0.025320 0.042021 0.090071
v 0.000000 0.097470 -0.028952
v -0.040944 0.059196 -0.027744
v 0.040944 0.059196 -0.027744
v 0.000000 0.085546 -0.169684
v -0.045520 0.047644 -0.184769
v 0.045520 0.047644 -0.184769
v 0.000000 0.014090 -0.276930
v -0.033938 0.012348 -0.255851
v 0.033938 0.012348 -0.255851
v -0.014974 0.005404 0.205475
v -0.041631 0.009410 0.098647
v -0.066879 -0.025905 -0.015739
v -0.072334 -0.052074 -0.207781
v -0.042771 -0.049912 -0.280138
v 0.000000 -0.044929 -0.315299
v 0.042771 -0.049912 -0.280138
v 0.072334 -0.052074 -0.207781
v 0.066879 -0.025905 -0.015739
v 0.041631 0.009410 0.098647
v 0.014974 0.005404 0.205475
v 0.000000 0.003261 0.221051
v -0.023984 -0.086951 -0.274844
v 0.000000 -0.123963 -0.217311
v 0.023984 -0.086951 -0.274844
v 0.050710 -0.106388 -0.233693
v 0.000000 -0.009082 0.219025
v -0.006499 0.003419 0.221051
v -0.014152 -0.007685 0.203492
v -0.027397 0.011054 0.158748
v -0.043111 -0.004638 0.096710
v 0.014152 -0.007685 0.203492
v 0.006499 0.003419 0.221051
v 0.043111 -0.004638 0.096710
v 0.027397 0.011054 0.158748
v -0.055538 -0.008867 0.042951
v -0.067020 -0.064100 -0.018343
v 0.067020 -0.064100 -0.018343
v 0.055538 -0.008867 0.042951
v -0.073414 -0.039356 -0.112364
v -0.071439 -0.088994 -0.196599
v 0.071439 -0.088994 -0.196599
v 0.073414 -0.039356 -0.112364
v -0.043269 -0.072856 -0.276484
v -0.022052 -0.045900 -0.305166
v 0.000000 -0.065939 -0.309670
v -0.060825 -0.055993 -0.255497
v 0.043269 -0.072856 -0.276484
v 0.060825 -0.055993 -0.255497
v 0.022052 -0.045900 -0.305166
v -0.013229 0.019646 0.203922
v -0.035248 0.024107 0.094953
v -0.057158 0.018340 -0.020769
v -0.062683 -0.001793 -0.200938
v -0.039427 -0.014389 -0.272746
v 0.000000 -0.012033 -0.305822
v 0.039427 -0.014389 -0.272746
v 0.062683 -0.001793 -0.200938
v 0.057158 0.018341 -0.020774
v 0.035248 0.024109 0.094953
v 0.013229 0.019646 0.203922
v 0.000000 0.017503 0.219807
v -0.005997 0.031887 0.201322
v 0.000000 0.045333 0.151622
v -0.013206 0.054580 0.088444
v -0.016973 0.037477 0.152784
v 0.005997 0.031887 0.201322
v 0.016973 0.037477 0.152784
v 0.013206 0.054580 0.088444
v 0.000000 0.079379 0.029523
v -0.021324 0.086932 -0.029443
v -0.033818 0.051351 0.031663
v 0.033818 0.051351 0.031663
v 0.021324 0.086932 -0.029443
v 0.000000 0.103918 -0.090792
v -0.023880 0.074320 -0.173525
v -0.045174 0.060115 -0.098737
v 0.045174 0.060115 -0.098737
v 0.023880 0.074320 -0.173525
v 0.000000 0.043447 -0.223508
v -0.020142 0.012047 -0.270417
v -0.036982 0.016765 -0.234073
v 0.036982 0.016765 -0.234073
v 0.020142 0.012047 -0.270417
v -0.023421 -0.017165 0.153875
v -0.021070 -0.039275 0.092012
v 0.000000 -0.034583 0.152869
v -0.006919 -0.019827 0.200656
v 0.021070 -0.039275 0.092012
v 0.023421 -0.017165 0.153875
v 0.006919 -0.019827 0.200656
v -0.048030 -0.068969 0.035824
v -0.031186 -0.123731 -0.022439
v 0.000000 -0.108071 0.034543
v 0.031186 -0.123731 -0.022439
v 0.048030 -0.068969 0.035824
v -0.059804 -0.111988 -0.098997
v -0.032636 -0.138306 -0.158021
v 0.000000 -0.150193 -0.081159
v 0.032636 -0.138306 -0.158021
v 0.059804 -0.111988 -0.098997
v -0.050710 -0.106388 -0.233693
v -0.008885 0.043775 0.151622
v 0.008885 0.043775 0.151622
v -0.017616 0.071692 0.029523
v 0.017616 0.071692 0.029523
v -0.023538 0.092054 -0.092756
v 0.023538 0.092054 -0.092756
v -0.021972 0.036620 -0.225838
v 0.021972 0.036620 -0.225838
v -0.013183 -0.027702 0.152869
v 0.013183 -0.027702 0.152869
v -0.027092 -0.095976 0.034434
v 0.027092 -0.095976 0.034434
v -0.033291 -0.138334 -0.086891
v 0.033291 -0.138334 -0.086891
v -0.028449 -0.119146 -0.224631
v 0.028449 -0.119146 -0.224631
v -0.005767 -0.008855 0.219025
v -0.027769 -0.003850 0.156892
v 0.005767 -0.008855 0.219025
v 0.027769 -0.003850 0.156892
v -0.056665 -0.037818 0.040431
v 0.056665 -0.037818 0.040431
v -0.072762 -0.079833 -0.107680
v 0.072762 -0.079833 -0.107680
v -0.022496 -0.066756 -0.299840
v -0.060596 -0.086069 -0.246937
v 0.060596 -0.086069 -0.246937
v 0.022496 -0.066756 -0.299840
v -0.023471 0.025735 0.156269
v -0.047190 0.021261 0.038084
v -0.063009 0.011779 -0.109654
v -0.054119 -0.012794 -0.246004
v -0.020718 -0.013078 -0.295939
v 0.020718 -0.013078 -0.295939
v 0.054119 -0.012794 -0.246004
v 0.063009 0.011779 -0.109654
v 0.047190 0.021261 0.038084
v 0.023471 0.025735 0.156269
v 0.005889 0.017570 0.219807
v -0.005889 0.017570 0.219807
v 0.069103 -0.053266 -0.220908
v 0.068395 -0.088173 -0.209765
v 0.056424 -0.113850 -0.193465
v 0.031460 -0.132927 -0.178470
v 0.000000 -0.140908 -0.167778
v -0.031460 -0.132927 -0.178470
v -0.056424 -0.113850 -0.193465
v -0.068395 -0.088173 -0.209765
v -0.069103 -0.053266 -0.220908
v -0.060279 -0.004867 -0.210869
v -0.043123 0.039007 -0.196957
v -0.023344 0.063709 -0.188432
v 0.000000 0.073800 -0.184616
v 0.023344 0.063709 -0.188432
v 0.043123 0.039007 -0.196957
v 0.060279 -0.004867 -0.210869
v 0.071326 -0.053877 -0.240344
v 0.066449 -0.087761 -0.228962
v 0.055306 -0.112391 -0.202404
v 0.030871 -0.130232 -0.187954
v 0.000000 -0.137594 -0.177806
v -0.030871 -0.130232 -0.187954
v -0.055306 -0.112391 -0.202404
v -0.066449 -0.087761 -0.228962
v -0.071326 -0.053877 -0.240344
v -0.060990 -0.007000 -0.229438
v -0.041922 0.034537 -0.205002
v -0.023076 0.058365 -0.195936
v 0.000000 0.067859 -0.192190
v 0.023076 0.058365 -0.195936
v 0.041922 0.034537 -0.205002
v 0.060990 -0.007000 -0.229438
v 0.055937 -0.113215 -0.197221
v 0.067731 -0.087994 -0.214899
v 0.077094 -0.053552 -0.223759
v 0.068449 -0.005781 -0.214029
v 0.042601 0.037056 -0.200503
v 0.023227 0.061388 -0.191651
v 0.000000 0.071215 -0.187937
v -0.023227 0.061392 -0.191606
v -0.042601 0.037056 -0.200503
v -0.068449 -0.005781 -0.214029
v -0.077094 -0.053552 -0.223759
v -0.067731 -0.087994 -0.214899
v -0.055937 -0.113215 -0.197221
v -0.031204 -0.131754 -0.182664
v 0.000000 -0.139466 -0.172177
v 0.031204 -0.131754 -0.182664
v 0.000685 -0.160543 0.018451
v 0.001196 -0.172626 0.000065
v 0.000685 -0.167035 -0.031600
v 0.001271 -0.136616 0.034312
v 0.004161 -0.117134 0.007849
v 0.001271 -0.143186 -0.054636
v 0.001347 -0.112786 0.064159
v 0.004613 -0.098177 0.046528
v 0.001347 -0.073480 0.015675
v 0.001347 -0.079695 0.118926
v 0.004613 -0.066581 0.130068
v 0.001347 -0.038053 0.119081
v 0.001347 -0.054287 0.170596
v 0.004613 -0.046598 0.176882
v 0.001347 -0.017723 0.160618
v 0.004161 -0.025009 0.203183
v 0.001271 -0.000745 0.185472
v 0.001196 0.000250 0.213623
v 0.000685 0.008724 0.205888
v -0.000685 -0.160543 0.018451
v -0.001196 -0.172626 0.000065
v -0.004161 -0.117134 0.007849
v -0.001271 -0.136616 0.034312
v -0.000685 -0.167035 -0.031600
v -0.001271 -0.143185 -0.054637
v -0.004613 -0.098177 0.046528
v -0.001347 -0.112786 0.064159
v -0.001347 -0.073480 0.015675
v -0.004613 -0.066581 0.130068
v -0.001347 -0.079695 0.118926
v -0.001347 -0.038053 0.119081
v -0.004613 -0.046598 0.176882
v -0.001347 -0.054287 0.170596
v -0.001347 -0.017723 0.160618
v -0.004161 -0.025009 0.203183
v -0.001271 -0.000745 0.185472
v -0.001196 0.000250 0.213623
v -0.000685 0.008724 0.205888
v 0.003407 -0.110480 0.060056
v 0.001347 -0.124794 0.047208
v 0.001347 -0.110821 -0.039561
v 0.003407 -0.082555 0.029465
v 0.004613 -0.086441 0.086686
v 0.003407 -0.075469 0.125651
v 0.001347 -0.097576 0.091643
v 0.001347 -0.059303 0.076174
v 0.003407 -0.051431 0.125313
v 0.004613 -0.055114 0.159797
v 0.003407 -0.052836 0.175267
v 0.001347 -0.066678 0.145587
v 0.001347 -0.025984 0.146369
v 0.003407 -0.031899 0.169804
v 0.004613 -0.037218 0.191394
v 0.000000 -0.028107 0.206689
v 0.000000 -0.041187 0.193218
v 0.001347 -0.009219 0.173444
v 0.003104 -0.012224 0.194345
v 0.002802 -0.014335 0.211158
v 0.000000 -0.003905 0.214581
v 0.001045 0.007714 0.197039
v 0.001045 0.006717 0.211650
v 0.000000 -0.162653 0.018922
v 0.000000 -0.180761 -0.001890
v 0.000000 -0.140526 0.036545
v 0.000000 -0.168613 -0.032326
v 0.000000 -0.145673 -0.062807
v 0.000000 -0.114270 0.066558
v 0.000000 -0.070750 0.011739
v 0.000000 -0.081128 0.116793
v 0.000000 -0.033626 0.117066
v 0.000000 -0.054764 0.169006
v 0.000000 -0.012991 0.157284
v 0.000000 0.003988 0.182058
v 0.000000 0.002243 0.213523
v 0.000000 0.014050 0.205454
v -0.001045 -0.149813 0.024499
v -0.003104 -0.125212 0.026932
v -0.002802 -0.146765 0.002096
v -0.001045 -0.167898 0.011931
v -0.003104 -0.130403 -0.028949
v -0.001045 -0.160689 -0.045360
v -0.001045 -0.171552 -0.016420
v -0.001347 -0.124794 0.047208
v -0.003407 -0.110480 0.060056
v -0.004613 -0.102757 0.021534
v -0.003407 -0.082555 0.029465
v -0.001347 -0.110821 -0.039561
v -0.001347 -0.097576 0.091643
v -0.003407 -0.075469 0.125651
v -0.004613 -0.086441 0.086686
v -0.003407 -0.051431 0.125313
v -0.001347 -0.059303 0.076174
v -0.001347 -0.066678 0.145587
v -0.003407 -0.052836 0.175267
v -0.004613 -0.055114 0.159797
v -0.003407 -0.031899 0.169804
v -0.001347 -0.025984 0.146369
v -0.004613 -0.037218 0.191394
v -0.003104 -0.012224 0.194345
v -0.001347 -0.009219 0.173444
v -0.002802 -0.014335 0.211158
v -0.001045 0.006717 0.211650
v -0.001045 0.007714 0.197039
v 0.001045 -0.167898 0.011931
v 0.002802 -0.146765 0.002096
v 0.003104 -0.125212 0.026932
v 0.001045 -0.149813 0.024499
v 0.001045 -0.171552 -0.016420
v 0.001045 -0.160689 -0.045360
v 0.003104 -0.130403 -0.028949
v 0.004613 -0.102757 0.021534
v -0.002199 -0.146840 0.017358
v -0.002199 -0.154727 -0.023876
v -0.003407 -0.114706 0.039022
v -0.003407 -0.105459 -0.015828
v -0.003407 -0.094318 0.090436
v -0.003407 -0.072065 0.080414
v -0.003407 -0.063301 0.154196
v -0.003407 -0.039885 0.154507
v -0.003407 -0.023442 0.182865
v 0.000000 -0.016709 0.212824
v -0.002199 -0.000673 0.206339
v 0.002199 -0.146840 0.017358
v 0.002199 -0.154727 -0.023876
v 0.003407 -0.114706 0.039022
v 0.003407 -0.105459 -0.015828
v 0.003407 -0.094318 0.090436
v 0.003407 -0.072065 0.080414
v 0.003407 -0.063301 0.154196
v 0.003407 -0.039885 0.154507
v 0.003407 -0.023442 0.182865
v 0.002199 -0.000673 0.206339
v 0.000000 -0.174991 0.009624
v 0.000000 -0.151260 0.026906
v 0.000000 -0.176649 -0.014944
v 0.000000 -0.161704 -0.052454
v 0.000000 -0.128448 0.050071
v 0.000000 -0.110844 -0.045185
v 0.000000 -0.098662 0.092046
v 0.000000 -0.055101 0.074920
v 0.000000 -0.067797 0.142731
v 0.000000 -0.021351 0.143477
v 0.000000 -0.004487 0.170054
v 0.000000 0.012448 0.193634
v 0.000000 0.007276 0.212005
v -0.007518 -0.070197 0.191280
v -0.009944 -0.041229 0.158492
v -0.009944 0.001992 0.150150
v -0.009944 0.045213 0.158492
v -0.007561 0.074181 0.191280
v -0.009597 -0.093482 0.225188
v -0.009649 -0.059955 0.236456
v -0.008440 0.001992 0.217111
v -0.009890 0.063989 0.236608
v -0.009863 0.097453 0.225188
v -0.006823 -0.114928 0.250643
v -0.004618 -0.061327 0.272657
v -0.004432 0.001931 0.240843
v -0.004891 0.066113 0.271130
v -0.007111 0.118899 0.250643
v -0.005469 -0.147527 0.283872
v -0.004502 -0.075809 0.290287
v -0.004079 0.001914 0.252190
v -0.004788 0.080323 0.290279
v -0.005515 0.151511 0.283872
v -0.004183 -0.151469 0.310594
v -0.004053 -0.118005 0.313207
v -0.004060 0.001949 0.256598
v -0.004470 0.121978 0.313207
v -0.004316 0.155453 0.310594
v 0.007517 -0.070197 0.191280
v 0.009944 -0.041229 0.158492
v 0.009650 -0.060127 0.236423
v 0.009597 -0.093482 0.225188
v 0.009944 0.001992 0.150150
v 0.008439 0.001992 0.217111
v 0.009944 0.045213 0.158492
v 0.009890 0.064159 0.236438
v 0.007561 0.074181 0.191280
v 0.009863 0.097453 0.225188
v 0.004618 -0.061594 0.272604
v 0.006823 -0.114928 0.250643
v 0.004432 0.001922 0.240819
v 0.004891 0.066428 0.270816
v 0.007111 0.118899 0.250643
v 0.004502 -0.075947 0.290260
v 0.005469 -0.147527 0.283872
v 0.004079 0.001921 0.252114
v 0.004788 0.080491 0.290113
v 0.005515 0.151511 0.283872
v 0.004053 -0.118005 0.313207
v 0.004183 -0.151469 0.310594
v 0.004060 0.001964 0.256504
v 0.004470 0.121978 0.313207
v 0.004316 0.155453 0.310594
v -0.013462 0.054555 0.195525
v -0.009944 0.024482 0.151233
v -0.009950 0.087424 0.233102
v -0.010632 0.085213 0.207679
v -0.009944 0.062509 0.175941
v -0.007458 -0.103377 0.238172
v -0.005548 -0.099079 0.265742
v -0.005192 -0.059275 0.260060
v -0.004993 -0.031060 0.251359
v -0.004926 0.001992 0.235254
v -0.005178 0.035143 0.249679
v -0.005470 0.063899 0.258855
v -0.005852 0.103180 0.266177
v -0.007755 0.107365 0.238180
v -0.006107 -0.132202 0.266657
v -0.004827 -0.124612 0.291456
v -0.004493 -0.065173 0.281479
v -0.004709 -0.031320 0.263309
v -0.004175 0.001900 0.247063
v -0.004900 0.035802 0.260977
v -0.004746 0.069916 0.280326
v -0.005082 0.128587 0.291456
v -0.006298 0.136186 0.266657
v -0.004754 -0.152861 0.299951
v -0.004037 -0.144396 0.319171
v -0.004330 -0.100643 0.302362
v -0.004344 -0.043780 0.276058
v -0.004058 0.001936 0.255131
v -0.004565 0.048715 0.273667
v -0.004775 0.104695 0.302576
v -0.004305 0.148379 0.319171
v -0.004707 0.156845 0.299951
v 0.000000 -0.039135 0.146147
v 0.000000 -0.071620 0.191525
v 0.000000 -0.096424 0.222636
v 0.000000 0.001992 0.139187
v 0.000000 0.043118 0.146147
v 0.000000 0.075604 0.191525
v 0.000000 0.100408 0.222636
v 0.000000 -0.118407 0.245737
v 0.000000 0.122391 0.245737
v 0.000000 -0.154704 0.281343
v 0.000000 0.158689 0.281343
v 0.000000 -0.153434 0.311659
v 0.000000 -0.123062 0.316884
v 0.000000 0.001967 0.257276
v 0.000000 0.127046 0.316884
v 0.000000 0.157418 0.311659
v 0.009944 -0.058525 0.175941
v 0.013414 -0.050571 0.195525
v 0.009669 -0.083390 0.232966
v 0.010478 -0.081251 0.207679
v 0.009944 -0.020499 0.151233
v 0.013258 0.001992 0.183040
v 0.007943 -0.030323 0.225532
v 0.009944 0.024482 0.151233
v 0.013462 0.054555 0.195525
v 0.008061 0.034193 0.225469
v 0.009944 0.062509 0.175941
v 0.010632 0.085213 0.207679
v 0.009950 0.087424 0.233102
v 0.005193 -0.059545 0.260008
v 0.005548 -0.099079 0.265742
v 0.007458 -0.103377 0.238172
v 0.004926 0.001981 0.235251
v 0.004993 -0.031298 0.251313
v 0.005470 0.064213 0.258543
v 0.005178 0.035404 0.249419
v 0.007755 0.107365 0.238180
v 0.005852 0.103180 0.266177
v 0.004493 -0.065408 0.281433
v 0.004827 -0.124612 0.291456
v 0.006107 -0.132202 0.266657
v 0.004175 0.001899 0.247009
v 0.004709 -0.031603 0.263254
v 0.004746 0.070193 0.280050
v 0.004900 0.036125 0.260656
v 0.006298 0.136186 0.266657
v 0.005082 0.128586 0.291456
v 0.004330 -0.100643 0.302362
v 0.004037 -0.144396 0.319171
v 0.004754 -0.152861 0.299951
v 0.004058 0.001953 0.255044
v 0.004344 -0.044081 0.275998
v 0.004774 0.104695 0.302576
v 0.004565 0.049068 0.273317
v 0.004706 0.156845 0.299951
v 0.004305 0.148379 0.319171
v -0.010478 -0.081251 0.207679
v -0.009669 -0.083390 0.232966
v -0.013414 -0.050571 0.195525
v -0.009944 -0.058525 0.175941
v -0.007943 -0.030253 0.225545
v -0.013259 0.001992 0.183040
v -0.009944 -0.020499 0.151233
v -0.008062 0.034140 0.225521
v 0.013632 -0.069712 0.202684
v 0.013262 -0.024363 0.187367
v 0.013263 0.028347 0.187367
v 0.013743 0.073696 0.202684
v 0.006412 -0.090274 0.252449
v 0.004974 -0.031890 0.243752
v 0.005150 0.035799 0.242487
v 0.006707 0.094406 0.252942
v 0.005138 -0.112085 0.278160
v 0.005139 -0.030607 0.257360
v 0.005320 0.034893 0.255040
v 0.005430 0.116104 0.278267
v 0.004343 -0.136342 0.306862
v 0.004402 -0.036613 0.270370
v 0.004616 0.041465 0.267652
v 0.004566 0.140325 0.306862
v -0.013632 -0.069712 0.202684
v -0.013263 -0.024363 0.187367
v -0.013263 0.028347 0.187367
v -0.013743 0.073696 0.202684
v -0.006412 -0.090257 0.252453
v -0.004974 -0.031704 0.243788
v -0.005150 0.035603 0.242682
v -0.006708 0.094393 0.252954
v -0.005138 -0.112085 0.278160
v -0.005139 -0.030328 0.257414
v -0.005320 0.034583 0.255348
v -0.005430 0.116104 0.278267
v -0.004343 -0.136342 0.306862
v -0.004402 -0.036320 0.270426
v -0.004616 0.041123 0.267992
v -0.004566 0.140325 0.306862
v 0.000000 -0.055430 0.167026
v 0.000000 -0.085395 0.209344
v 0.000000 -0.019761 0.139187
v 0.000000 0.023745 0.139187
v 0.000000 0.059413 0.167026
v 0.000000 0.089380 0.209344
v 0.000000 -0.106029 0.233549
v 0.000000 0.110013 0.233549
v 0.000000 -0.138010 0.262855
v 0.000000 0.141994 0.262855
v 0.000000 -0.146847 0.323275
v 0.000000 -0.158135 0.297647
v 0.000000 -0.046931 0.277871
v 0.000000 0.051890 0.275370
v 0.000000 0.162120 0.297647
v 0.000000 0.150831 0.323275
v 0.009944 0.013237 0.150692
v 0.013261 0.015170 0.185204
v 0.008250 0.018039 0.221482
v 0.005038 0.020287 0.239929
v 0.004805 0.021182 0.245858
v 0.004747 0.021665 0.250895
v 0.004489 0.023169 0.254612
v 0.004337 0.026781 0.256970
v 0.004312 0.029944 0.259093
v 0.000000 0.030698 0.260195
v -0.004313 0.029691 0.259345
v -0.004337 0.026551 0.257199
v -0.004489 0.022962 0.254818
v -0.004747 0.021477 0.251082
v -0.004805 0.021029 0.246010
v -0.005038 0.020171 0.240044
v -0.008251 0.018039 0.221482
v -0.013261 0.015170 0.185204
v -0.009944 0.013237 0.150692
v 0.000000 0.012869 0.139187
v 0.009944 -0.009253 0.150692
v 0.013260 -0.011186 0.185204
v 0.008191 -0.014055 0.221490
v 0.004950 -0.016522 0.240583
v 0.004713 -0.017406 0.247040
v 0.004657 -0.017834 0.252546
v 0.004394 -0.019255 0.256636
v 0.004230 -0.022724 0.259317
v 0.004202 -0.025721 0.261632
v 0.000000 -0.026419 0.262705
v -0.004202 -0.025492 0.261677
v -0.004230 -0.022512 0.259358
v -0.004394 -0.019060 0.256674
v -0.004657 -0.017653 0.252582
v -0.004713 -0.017254 0.247070
v -0.004950 -0.016406 0.240606
v -0.008191 -0.014055 0.221490
v -0.013261 -0.011186 0.185204
v -0.009944 -0.009253 0.150692
v 0.000000 -0.008885 0.139187
vt 0.137063 0.835976
vt 0.137063 0.842016
vt 0.146391 0.836809
vt 0.147166 0.842412
vt 0.150279 0.848017
vt 0.136913 0.846635
vt 0.155344 0.839319
vt 0.156454 0.842965
vt 0.566489 0.062758
vt 0.561429 0.060907
vt 0.561627 0.058538
vt 0.568184 0.058841
vt 0.561178 0.055008
vt 0.567527 0.053316
vt 0.157961 0.848108
vt 0.159385 0.853563
vt 0.156183 0.853707
vt 0.560458 0.049358
vt 0.566749 0.047457
vt 0.559655 0.042487
vt 0.565959 0.040761
vt 0.159269 0.859796
vt 0.152545 0.860456
vt 0.136913 0.862224
vt 0.137063 0.867372
vt 0.147840 0.866900
vt 0.146805 0.872583
vt 0.137063 0.871174
vt 0.157339 0.865483
vt 0.558960 0.036404
vt 0.565262 0.034652
vt 0.558326 0.032308
vt 0.564514 0.028921
vt 0.155810 0.870818
vt 0.566073 0.913276
vt 0.566073 0.918889
vt 0.565923 0.908485
vt 0.579188 0.907652
vt 0.576181 0.913467
vt 0.575406 0.918258
vt 0.585639 0.913187
vt 0.584697 0.916641
vt 0.586968 0.907892
vt 0.594018 0.908210
vt 0.592589 0.911655
vt 0.727773 0.879477
vt 0.725365 0.878538
vt 0.723728 0.871603
vt 0.726377 0.874407
vt 0.372261 0.978135
vt 0.372751 0.970845
vt 0.379225 0.971227
vt 0.378349 0.978423
vt 0.374090 0.962729
vt 0.380115 0.963519
vt 0.588362 0.901909
vt 0.588290 0.895500
vt 0.595123 0.896596
vt 0.595352 0.902922
vt 0.566073 0.888031
vt 0.565923 0.892821
vt 0.566073 0.882637
vt 0.574808 0.882637
vt 0.577496 0.888031
vt 0.581563 0.894843
vt 0.375650 0.954534
vt 0.380898 0.956675
vt 0.585624 0.881756
vt 0.586360 0.889811
vt 0.591916 0.882631
vt 0.593008 0.890931
vt 0.732835 0.898061
vt 0.739390 0.898061
vt 0.731570 0.888748
vt 0.738014 0.889006
vt 0.744049 0.888748
vt 0.745492 0.898061
vt 0.015323 0.953911
vt 0.013537 0.968066
vt 0.007011 0.968066
vt 0.007214 0.957593
vt 0.000000 0.968066
vt 0.000323 0.953796
vt 0.733885 0.880218
vt 0.728379 0.870860
vt 0.560211 0.064946
vt 0.554287 0.060716
vt 0.739719 0.879811
vt 0.552133 0.062234
vt 0.549282 0.060067
vt 0.554069 0.058873
vt 0.548833 0.056368
vt 0.553689 0.055842
vt 0.548111 0.050690
vt 0.552987 0.050406
vt 0.547307 0.043899
vt 0.552180 0.043677
vt 0.363807 0.967351
vt 0.364493 0.961957
vt 0.363121 0.971762
vt 0.007823 0.951362
vt 0.002467 0.947493
vt 0.357770 0.968650
vt 0.357165 0.960528
vt 0.626285 0.982113
vt 0.632612 0.982113
vt 0.625038 0.966904
vt 0.632797 0.970619
vt 0.638722 0.966904
vt 0.638638 0.982113
vt 0.014438 0.726924
vt 0.014438 0.735347
vt 0.006273 0.735347
vt 0.006273 0.726924
vt 0.000000 0.735347
vt 0.000415 0.725949
vt 0.546611 0.037816
vt 0.551485 0.037603
vt 0.545788 0.028904
vt 0.550791 0.032414
vt 0.574484 0.431705
vt 0.137063 0.835976
vt 0.146391 0.836809
vt 0.147166 0.842412
vt 0.137063 0.842016
vt 0.150279 0.848017
vt 0.136913 0.846635
vt 0.155344 0.839319
vt 0.156454 0.842965
vt 0.566489 0.062758
vt 0.561429 0.060907
vt 0.561627 0.058538
vt 0.568184 0.058841
vt 0.561178 0.055008
vt 0.567527 0.053316
vt 0.157961 0.848108
vt 0.159385 0.853563
vt 0.156183 0.853707
vt 0.560458 0.049358
vt 0.566749 0.047457
vt 0.559655 0.042487
vt 0.565959 0.040761
vt 0.159269 0.859796
vt 0.152545 0.860456
vt 0.136913 0.862224
vt 0.147840 0.866900
vt 0.137063 0.867372
vt 0.146805 0.872583
vt 0.137063 0.871174
vt 0.157339 0.865483
vt 0.558960 0.036404
vt 0.565262 0.034652
vt 0.558326 0.032308
vt 0.564514 0.028921
vt 0.155810 0.870818
vt 0.566073 0.913276
vt 0.565923 0.908485
vt 0.579188 0.907652
vt 0.576181 0.913467
vt 0.566073 0.918889
vt 0.575406 0.918258
vt 0.585639 0.913187
vt 0.584697 0.916641
vt 0.586968 0.907892
vt 0.594018 0.908210
vt 0.592589 0.911655
vt 0.727773 0.879477
vt 0.725365 0.878538
vt 0.723728 0.871603
vt 0.726377 0.874407
vt 0.372261 0.978135
vt 0.372751 0.970845
vt 0.379225 0.971227
vt 0.378349 0.978423
vt 0.374090 0.962729
vt 0.380115 0.963519
vt 0.588362 0.901909
vt 0.588290 0.895500
vt 0.595123 0.896596
vt 0.595352 0.902922
vt 0.566073 0.888031
vt 0.566073 0.882637
vt 0.574808 0.882637
vt 0.577496 0.888031
vt 0.565923 0.892821
vt 0.581563 0.894843
vt 0.375650 0.954534
vt 0.380898 0.956675
vt 0.585624 0.881756
vt 0.586360 0.889811
vt 0.591916 0.882631
vt 0.593008 0.890931
vt 0.732835 0.898061
vt 0.731570 0.888748
vt 0.738014 0.889006
vt 0.739390 0.898061
vt 0.744049 0.888748
vt 0.745492 0.898061
vt 0.015323 0.953911
vt 0.013537 0.968066
vt 0.007011 0.968066
vt 0.007214 0.957593
vt 0.000000 0.968066
vt 0.000323 0.953796
vt 0.733885 0.880218
vt 0.728379 0.870860
vt 0.560211 0.064946
vt 0.554287 0.060716
vt 0.739719 0.879811
vt 0.552133 0.062234
vt 0.549282 0.060067
vt 0.554069 0.058873
vt 0.548833 0.056368
vt 0.553689 0.055842
vt 0.548111 0.050690
vt 0.552987 0.050406
vt 0.547307 0.043899
vt 0.552180 0.043677
vt 0.363807 0.967351
vt 0.364493 0.961957
vt 0.363121 0.971762
vt 0.007823 0.951362
vt 0.002467 0.947493
vt 0.357770 0.968650
vt 0.357165 0.960528
vt 0.626285 0.982113
vt 0.625038 0.966904
vt 0.632797 0.970619
vt 0.632612 0.982113
vt 0.638722 0.966904
vt 0.638638 0.982113
vt 0.014438 0.726924
vt 0.014438 0.735347
vt 0.006273 0.735347
vt 0.006273 0.726924
vt 0.000000 0.735347
vt 0.000415 0.725949
vt 0.546611 0.037816
vt 0.551485 0.037603
vt 0.545788 0.028904
vt 0.550791 0.032414
vt 0.574484 0.431705
vt 0.961384 0.715383
vt 0.955920 0.739970
vt 0.940615 0.744103
vt 0.945589 0.716797
vt 0.919150 0.747967
vt 0.923830 0.718844
vt 0.936342 0.763241
vt 0.916212 0.768800
vt 0.948603 0.754467
vt 0.959051 0.664964
vt 0.962499 0.683832
vt 0.947607 0.683766
vt 0.948577 0.657651
vt 0.928524 0.684880
vt 0.932616 0.658398
vt 0.899160 0.719067
vt 0.909478 0.686252
vt 0.919737 0.660387
vt 0.895773 0.688182
vt 0.909372 0.669090
vt 0.880134 0.719356
vt 0.892749 0.765632
vt 0.894056 0.746392
vt 0.874442 0.743976
vt 0.879254 0.758133
vt 0.959375 0.848530
vt 0.944821 0.845528
vt 0.939884 0.818425
vt 0.953951 0.824126
vt 0.934519 0.801027
vt 0.945814 0.810979
vt 0.918578 0.814589
vt 0.914538 0.795509
vt 0.923223 0.843496
vt 0.956185 0.899818
vt 0.946663 0.905834
vt 0.946824 0.878314
vt 0.960482 0.879847
vt 0.927883 0.877208
vt 0.930820 0.905093
vt 0.908978 0.875847
vt 0.898737 0.843275
vt 0.894251 0.875529
vt 0.878727 0.844586
vt 0.918037 0.903119
vt 0.906875 0.895723
vt 0.893671 0.816153
vt 0.891249 0.798654
vt 0.873077 0.820150
vt 0.876980 0.807340
vt 0.077117 0.897702
vt 0.084259 0.894984
vt 0.088703 0.913647
vt 0.082067 0.916787
vt 0.964454 0.396968
vt 0.971246 0.393382
vt 0.969872 0.406263
vt 0.964814 0.406697
vt 0.936428 0.771767
vt 0.951989 0.758492
vt 0.916743 0.777892
vt 0.963781 0.423490
vt 0.958855 0.419548
vt 0.952161 0.446468
vt 0.946633 0.443406
vt 0.962531 0.740739
vt 0.968159 0.717059
vt 0.958139 0.908396
vt 0.945111 0.917138
vt 0.930301 0.916519
vt 0.950411 0.651093
vt 0.935490 0.651717
vt 0.963537 0.659901
vt 0.934199 0.476605
vt 0.928505 0.474022
vt 0.916568 0.501931
vt 0.916409 0.493546
vt 0.968973 0.686001
vt 0.919558 0.914341
vt 0.907274 0.903665
vt 0.733127 0.000076
vt 0.741249 0.006652
vt 0.740496 0.015492
vt 0.734393 0.011000
vt 0.040845 0.726918
vt 0.049733 0.729757
vt 0.045494 0.742477
vt 0.037596 0.737608
vt 0.887843 0.877555
vt 0.870558 0.847155
vt 0.742125 0.037719
vt 0.747998 0.034885
vt 0.760440 0.066549
vt 0.753461 0.068827
vt 0.864714 0.823613
vt 0.870710 0.806392
vt 0.869414 0.745317
vt 0.875454 0.762667
vt 0.773155 0.091555
vt 0.765535 0.092918
vt 0.888943 0.794952
vt 0.065793 0.875458
vt 0.072850 0.873255
vt 0.893824 0.774192
vt 0.196952 0.881379
vt 0.201875 0.879048
vt 0.206134 0.889635
vt 0.198570 0.887495
vt 0.208189 0.901100
vt 0.202139 0.895168
vt 0.193777 0.012516
vt 0.199836 0.014174
vt 0.198443 0.028326
vt 0.192955 0.024092
vt 0.195079 0.001828
vt 0.202262 0.001314
vt 0.211889 0.002664
vt 0.208613 0.013254
vt 0.206632 0.024773
vt 0.216920 0.011688
vt 0.213263 0.019230
vt 0.217682 0.005476
vt 0.816484 0.699465
vt 0.813964 0.693998
vt 0.820782 0.687577
vt 0.823180 0.697822
vt 0.828956 0.683531
vt 0.833315 0.695090
vt 0.817127 0.678899
vt 0.823547 0.673657
vt 0.813690 0.686671
vt 0.836935 0.686774
vt 0.841481 0.696911
vt 0.860015 0.936606
vt 0.865961 0.926546
vt 0.870259 0.932276
vt 0.866075 0.937740
vt 0.874043 0.917996
vt 0.873925 0.925227
vt 0.861692 0.923328
vt 0.872364 0.913530
vt 0.813153 0.704602
vt 0.810048 0.697878
vt 0.811052 0.687569
vt 0.189591 0.889476
vt 0.191087 0.887648
vt 0.197461 0.897478
vt 0.195642 0.898855
vt 0.811175 0.707519
vt 0.808320 0.699888
vt 0.814532 0.676367
vt 0.820765 0.670350
vt 0.203082 0.909046
vt 0.205337 0.908132
vt 0.211341 0.913849
vt 0.208760 0.914519
vt 0.832949 0.703451
vt 0.821999 0.705050
vt 0.819251 0.709708
vt 0.829937 0.709176
vt 0.930508 0.392168
vt 0.935794 0.389599
vt 0.936573 0.398151
vt 0.932070 0.399990
vt 0.878882 0.915454
vt 0.876592 0.925936
vt 0.881690 0.916413
vt 0.879212 0.927369
vt 0.938415 0.388434
vt 0.939186 0.397429
vt 0.873405 0.935795
vt 0.868632 0.942539
vt 0.875844 0.937702
vt 0.871770 0.945348
vt 0.844831 0.698055
vt 0.847571 0.702890
vt 0.842362 0.704037
vt 0.840623 0.708645
vt 0.867180 0.948249
vt 0.861581 0.943677
vt 0.269328 0.959357
vt 0.276556 0.962502
vt 0.270886 0.970771
vt 0.265036 0.968744
vt 0.266742 0.976518
vt 0.263174 0.975838
vt 0.195968 0.876411
vt 0.191677 0.879799
vt 0.282918 0.965539
vt 0.276590 0.972409
vt 0.277683 0.944106
vt 0.280566 0.946284
vt 0.279065 0.952884
vt 0.273620 0.949970
vt 0.283941 0.956332
vt 0.222396 0.004158
vt 0.215495 0.000095
vt 0.217142 0.021794
vt 0.215563 0.020502
vt 0.221571 0.011404
vt 0.223438 0.012230
vt 0.224673 0.005152
vt 0.199144 0.036964
vt 0.198368 0.034891
vt 0.206912 0.030125
vt 0.208092 0.031935
vt 0.199912 0.896262
vt 0.207481 0.906374
vt 0.213245 0.911795
vt 0.192681 0.029418
vt 0.187981 0.880706
vt 0.193818 0.886910
vt 0.961384 0.715383
vt 0.955920 0.739970
vt 0.940615 0.744103
vt 0.945589 0.716797
vt 0.919150 0.747967
vt 0.923830 0.718844
vt 0.936342 0.763241
vt 0.916212 0.768800
vt 0.948603 0.754467
vt 0.959051 0.664964
vt 0.962499 0.683832
vt 0.947607 0.683766
vt 0.948577 0.657651
vt 0.928524 0.684880
vt 0.932616 0.658398
vt 0.899160 0.719067
vt 0.909478 0.686252
vt 0.919737 0.660387
vt 0.895773 0.688182
vt 0.909372 0.669090
vt 0.880134 0.719356
vt 0.892749 0.765632
vt 0.894056 0.746392
vt 0.874442 0.743976
vt 0.879254 0.758133
vt 0.959375 0.848530
vt 0.944821 0.845528
vt 0.939884 0.818425
vt 0.953951 0.824126
vt 0.934519 0.801027
vt 0.945814 0.810979
vt 0.918578 0.814589
vt 0.914538 0.795509
vt 0.923223 0.843496
vt 0.956185 0.899818
vt 0.946663 0.905834
vt 0.946824 0.878314
vt 0.960482 0.879847
vt 0.927883 0.877208
vt 0.930820 0.905093
vt 0.908978 0.875847
vt 0.898737 0.843275
vt 0.894251 0.875529
vt 0.878727 0.844586
vt 0.918037 0.903119
vt 0.906875 0.895723
vt 0.893671 0.816153
vt 0.891249 0.798654
vt 0.873077 0.820150
vt 0.876980 0.807340
vt 0.077117 0.897702
vt 0.084259 0.894984
vt 0.088703 0.913647
vt 0.082067 0.916787
vt 0.964454 0.396968
vt 0.971246 0.393382
vt 0.969872 0.406263
vt 0.964814 0.406697
vt 0.936428 0.771767
vt 0.951989 0.758492
vt 0.916743 0.777892
vt 0.963781 0.423490
vt 0.958855 0.419548
vt 0.952161 0.446468
vt 0.946633 0.443406
vt 0.962531 0.740739
vt 0.968159 0.717059
vt 0.958139 0.908396
vt 0.945111 0.917138
vt 0.930301 0.916519
vt 0.950411 0.651093
vt 0.935490 0.651717
vt 0.963537 0.659901
vt 0.934199 0.476605
vt 0.928505 0.474022
vt 0.916568 0.501931
vt 0.916409 0.493546
vt 0.968973 0.686001
vt 0.919558 0.914341
vt 0.907274 0.903665
vt 0.733127 0.000076
vt 0.741249 0.006652
vt 0.740496 0.015492
vt 0.734393 0.011000
vt 0.040845 0.726918
vt 0.049733 0.729757
vt 0.045494 0.742477
vt 0.037596 0.737608
vt 0.887843 0.877555
vt 0.870558 0.847155
vt 0.742125 0.037719
vt 0.747998 0.034885
vt 0.760440 0.066549
vt 0.753461 0.068827
vt 0.864714 0.823613
vt 0.870710 0.806392
vt 0.869414 0.745317
vt 0.875454 0.762667
vt 0.773155 0.091555
vt 0.765535 0.092918
vt 0.888943 0.794952
vt 0.065793 0.875458
vt 0.072850 0.873255
vt 0.893824 0.774192
vt 0.196952 0.881379
vt 0.201875 0.879048
vt 0.206134 0.889635
vt 0.198570 0.887495
vt 0.208189 0.901100
vt 0.202139 0.895168
vt 0.193777 0.012516
vt 0.199836 0.014174
vt 0.198443 0.028326
vt 0.192955 0.024092
vt 0.195079 0.001828
vt 0.202262 0.001314
vt 0.211889 0.002664
vt 0.208613 0.013254
vt 0.206632 0.024773
vt 0.216920 0.011688
vt 0.213263 0.019230
vt 0.217682 0.005476
vt 0.816484 0.699465
vt 0.813964 0.693998
vt 0.820782 0.687577
vt 0.823180 0.697822
vt 0.828956 0.683531
vt 0.833315 0.695090
vt 0.817127 0.678899
vt 0.823547 0.673657
vt 0.813690 0.686671
vt 0.836935 0.686774
vt 0.841481 0.696911
vt 0.860015 0.936606
vt 0.865961 0.926546
vt 0.870259 0.932276
vt 0.866075 0.937740
vt 0.874043 0.917996
vt 0.873925 0.925227
vt 0.861692 0.923328
vt 0.872364 0.913530
vt 0.813153 0.704602
vt 0.810048 0.697878
vt 0.811052 0.687569
vt 0.189591 0.889476
vt 0.191087 0.887648
vt 0.197461 0.897478
vt 0.195642 0.898855
vt 0.811175 0.707519
vt 0.808320 0.699888
vt 0.814532 0.676367
vt 0.820765 0.670350
vt 0.203082 0.909046
vt 0.205337 0.908132
vt 0.211341 0.913849
vt 0.208760 0.914519
vt 0.832949 0.703451
vt 0.821999 0.705050
vt 0.819251 0.709708
vt 0.829937 0.709176
vt 0.930508 0.392168
vt 0.935794 0.389599
vt 0.936573 0.398151
vt 0.932070 0.399990
vt 0.878882 0.915454
vt 0.876592 0.925936
vt 0.881690 0.916413
vt 0.879212 0.927369
vt 0.938415 0.388434
vt 0.939186 0.397429
vt 0.873405 0.935795
vt 0.868632 0.942539
vt 0.875844 0.937702
vt 0.871770 0.945348
vt 0.844831 0.698055
vt 0.847571 0.702890
vt 0.842362 0.704037
vt 0.840623 0.708645
vt 0.867180 0.948249
vt 0.861581 0.943677
vt 0.269328 0.959357
vt 0.276556 0.962502
vt 0.270886 0.970771
vt 0.265036 0.968744
vt 0.266742 0.976518
vt 0.263174 0.975838
vt 0.195968 0.876411
vt 0.191677 0.879799
vt 0.282918 0.965539
vt 0.276590 0.972409
vt 0.277683 0.944106
vt 0.280566 0.946284
vt 0.279065 0.952884
vt 0.273620 0.949970
vt 0.283941 0.956332
vt 0.222396 0.004158
vt 0.215495 0.000095
vt 0.217142 0.021794
vt 0.215563 0.020502
vt 0.221571 0.011404
vt 0.223438 0.012230
vt 0.224673 0.005152
vt 0.199144 0.036964
vt 0.198368 0.034891
vt 0.206912 0.030125
vt 0.208092 0.031935
vt 0.199912 0.896262
vt 0.207481 0.906374
vt 0.213245 0.911795
vt 0.192681 0.029418
vt 0.187981 0.880706
vt 0.193818 0.886910
vt 0.961384 0.715383
vt 0.955920 0.739970
vt 0.940615 0.744103
vt 0.945589 0.716797
vt 0.919150 0.747967
vt 0.923830 0.718844
vt 0.936342 0.763241
vt 0.916212 0.768800
vt 0.948603 0.754467
vt 0.959051 0.664964
vt 0.962499 0.683832
vt 0.947607 0.683766
vt 0.948577 0.657651
vt 0.928524 0.684880
vt 0.932616 0.658398
vt 0.899160 0.719067
vt 0.909478 0.686252
vt 0.919737 0.660387
vt 0.895773 0.688182
vt 0.909372 0.669090
vt 0.880134 0.719356
vt 0.892749 0.765632
vt 0.894056 0.746392
vt 0.874442 0.743976
vt 0.879254 0.758133
vt 0.959375 0.848530
vt 0.944821 0.845528
vt 0.939884 0.818425
vt 0.953951 0.824126
vt 0.934519 0.801027
vt 0.945814 0.810979
vt 0.918578 0.814589
vt 0.914538 0.795509
vt 0.923223 0.843496
vt 0.956185 0.899818
vt 0.946663 0.905834
vt 0.946824 0.878314
vt 0.960482 0.879847
vt 0.927883 0.877208
vt 0.930820 0.905093
vt 0.908978 0.875847
vt 0.898737 0.843275
vt 0.894251 0.875529
vt 0.878727 0.844586
vt 0.918037 0.903119
vt 0.906875 0.895723
vt 0.893671 0.816153
vt 0.891249 0.798654
vt 0.873077 0.820150
vt 0.876980 0.807340
vt 0.077117 0.897702
vt 0.084259 0.894984
vt 0.088703 0.913647
vt 0.082067 0.916787
vt 0.964454 0.396968
vt 0.971246 0.393382
vt 0.969872 0.406263
vt 0.964814 0.406697
vt 0.936428 0.771767
vt 0.951989 0.758492
vt 0.916743 0.777892
vt 0.963781 0.423490
vt 0.958855 0.419548
vt 0.952161 0.446468
vt 0.946633 0.443406
vt 0.962531 0.740739
vt 0.968159 0.717059
vt 0.958139 0.908396
vt 0.945111 0.917138
vt 0.930301 0.916519
vt 0.950411 0.651093
vt 0.935490 0.651717
vt 0.963537 0.659901
vt 0.934199 0.476605
vt 0.928505 0.474022
vt 0.916568 0.501931
vt 0.916409 0.493546
vt 0.968973 0.686001
vt 0.919558 0.914341
vt 0.907274 0.903665
vt 0.733127 0.000076
vt 0.741249 0.006652
vt 0.740496 0.015492
vt 0.734393 0.011000
vt 0.040845 0.726918
vt 0.049733 0.729757
vt 0.045494 0.742477
vt 0.037596 0.737608
vt 0.887843 0.877555
vt 0.870558 0.847155
vt 0.742125 0.037719
vt 0.747998 0.034885
vt 0.760440 0.066549
vt 0.753461 0.068827
vt 0.864714 0.823613
vt 0.870710 0.806392
vt 0.869414 0.745317
vt 0.875454 0.762667
vt 0.773155 0.091555
vt 0.765535 0.092918
vt 0.888943 0.794952
vt 0.065793 0.875458
vt 0.072850 0.873255
vt 0.893824 0.774192
vt 0.196952 0.881379
vt 0.201875 0.879048
vt 0.206134 0.889635
vt 0.198570 0.887495
vt 0.208189 0.901100
vt 0.202139 0.895168
vt 0.193777 0.012516
vt 0.199836 0.014174
vt 0.198443 0.028326
vt 0.192955 0.024092
vt 0.195079 0.001828
vt 0.202262 0.001314
vt 0.211889 0.002664
vt 0.208613 0.013254
vt 0.206632 0.024773
vt 0.216920 0.011688
vt 0.213263 0.019230
vt 0.217682 0.005476
vt 0.816484 0.699465
vt 0.813964 0.693998
vt 0.820782 0.687577
vt 0.823180 0.697822
vt 0.828956 0.683531
vt 0.833315 0.695090
vt 0.817127 0.678899
vt 0.823547 0.673657
vt 0.813690 0.686671
vt 0.836935 0.686774
vt 0.841481 0.696911
vt 0.860015 0.936606
vt 0.865961 0.926546
vt 0.870259 0.932276
vt 0.866075 0.937740
vt 0.874043 0.917996
vt 0.873925 0.925227
vt 0.861692 0.923328
vt 0.872364 0.913530
vt 0.813153 0.704602
vt 0.810048 0.697878
vt 0.811052 0.687569
vt 0.189591 0.889476
vt 0.191087 0.887648
vt 0.197461 0.897478
vt 0.195642 0.898855
vt 0.811175 0.707519
vt 0.808320 0.699888
vt 0.814532 0.676367
vt 0.820765 0.670350
vt 0.203082 0.909046
vt 0.205337 0.908132
vt 0.211341 0.913849
vt 0.208760 0.914519
vt 0.832949 0.703451
vt 0.821999 0.705050
vt 0.819251 0.709708
vt 0.829937 0.709176
vt 0.930508 0.392168
vt 0.935794 0.389599
vt 0.936573 0.398151
vt 0.932070 0.399990
vt 0.878882 0.915454
vt 0.876592 0.925936
vt 0.881690 0.916413
vt 0.879212 0.927369
vt 0.938415 0.388434
vt 0.939186 0.397429
vt 0.873405 0.935795
vt 0.868632 0.942539
vt 0.875844 0.937702
vt 0.871770 0.945348
vt 0.844831 0.698055
vt 0.847571 0.702890
vt 0.842362 0.704037
vt 0.840623 0.708645
vt 0.867180 0.948249
vt 0.861581 0.943677
vt 0.269328 0.959357
vt 0.276556 0.962502
vt 0.270886 0.970771
vt 0.265036 0.968744
vt 0.266742 0.976518
vt 0.263174 0.975838
vt 0.195968 0.876411
vt 0.191677 0.879799
vt 0.282918 0.965539
vt 0.276590 0.972409
vt 0.277683 0.944106
vt 0.280566 0.946284
vt 0.279065 0.952884
vt 0.273620 0.949970
vt 0.283941 0.956332
vt 0.222396 0.004158
vt 0.215495 0.000095
vt 0.217142 0.021794
vt 0.215563 0.020502
vt 0.221571 0.011404
vt 0.223438 0.012230
vt 0.224673 0.005152
vt 0.199144 0.036964
vt 0.198368 0.034891
vt 0.206912 0.030125
vt 0.208092 0.031935
vt 0.199912 0.896262
vt 0.207481 0.906374
vt 0.213245 0.911795
vt 0.192681 0.029418
vt 0.187981 0.880706
vt 0.193818 0.886910
vt 0.111111 0.055556
vt 0.250000 0.031250
vt 0.250000 0.125000
vt 0.062500 0.125000
vt 0.500000 0.031250
vt 0.500000 0.125000
vt 0.500000 0.250000
vt 0.250000 0.250000
vt 0.062500 0.250000
vt 0.750000 0.031250
vt 0.750000 0.125000
vt 0.888889 0.055556
vt 0.937500 0.125000
vt 0.937500 0.250000
vt 0.750000 0.250000
vt 0.250000 0.375000
vt 0.062500 0.375000
vt 0.500000 0.375000
vt 0.500000 0.500000
vt 0.250000 0.500000
vt 0.062500 0.500000
vt 0.750000 0.375000
vt 0.937500 0.375000
vt 0.937500 0.500000
vt 0.750000 0.500000
vt 0.250000 0.625000
vt 0.062500 0.625000
vt 0.500000 0.625000
vt 0.500000 0.750000
vt 0.250000 0.750000
vt 0.062500 0.750000
vt 0.750000 0.625000
vt 0.937500 0.625000
vt 0.937500 0.750000
vt 0.750000 0.750000
vt 0.250000 0.785091
vt 0.062500 0.785091
vt 0.500000 0.785091
vt 0.250000 0.875000
vt 0.500000 0.875000
vt 0.500000 0.968750
vt 0.250000 0.968750
vt 0.062500 0.875000
vt 0.111111 0.944445
vt 0.750000 0.785091
vt 0.937500 0.785091
vt 0.750000 0.875000
vt 0.937500 0.875000
vt 0.888889 0.944444
vt 0.750000 0.968750
vt 0.000000 0.000000
vt 0.000000 0.125000
vt 0.250000 0.125000
vt 0.250000 0.000000
vt 0.000000 0.250000
vt 0.250000 0.250000
vt 0.500000 0.250000
vt 0.500000 0.125000
vt 0.500000 0.000000
vt 0.750000 0.125000
vt 0.750000 0.000000
vt 0.750000 0.250000
vt 1.000000 0.250000
vt 1.000000 0.125000
vt 1.000000 0.000000
vt 0.000000 0.375000
vt 0.250000 0.375000
vt 0.000000 0.500000
vt 0.250000 0.500000
vt 0.500000 0.500000
vt 0.500000 0.375000
vt 0.750000 0.375000
vt 0.750000 0.500000
vt 1.000000 0.500000
vt 1.000000 0.375000
vt 0.000000 0.625000
vt 0.250000 0.625000
vt 0.000000 0.750000
vt 0.250000 0.750000
vt 0.500000 0.750000
vt 0.500000 0.625000
vt 0.750000 0.625000
vt 0.750000 0.750000
vt 1.000000 0.750000
vt 1.000000 0.625000
vt 0.000000 0.785091
vt 0.250000 0.785091
vt 0.000000 0.875000
vt 0.000000 1.000000
vt 0.250000 1.000000
vt 0.250000 0.875000
vt 0.500000 1.000000
vt 0.500000 0.875000
vt 0.500000 0.785091
vt 0.750000 0.785091
vt 0.750000 1.000000
vt 0.750000 0.875000
vt 1.000000 1.000000
vt 1.000000 0.875000
vt 1.000000 0.785091
vt 0.000000 0.000000
vt 0.250000 0.000000
vt 0.250000 0.000000
vt 0.062500 0.031250
vt 0.500000 0.000000
vt 0.500000 0.000000
vt 0.500000 0.000000
vt 0.250000 0.000000
vt 0.062500 0.031250
vt 0.000000 0.250000
vt 0.000000 0.125000
vt 0.000000 0.125000
vt 0.000000 0.250000
vt 0.000000 0.125000
vt 0.000000 0.250000
vt 0.750000 0.000000
vt 0.750000 0.000000
vt 1.000000 0.000000
vt 0.937500 0.031250
vt 0.937500 0.031250
vt 0.750000 0.000000
vt 1.000000 0.125000
vt 1.000000 0.125000
vt 1.000000 0.250000
vt 1.000000 0.250000
vt 1.000000 0.250000
vt 1.000000 0.125000
vt 0.000000 0.500000
vt 0.000000 0.375000
vt 0.000000 0.375000
vt 0.000000 0.500000
vt 0.000000 0.375000
vt 0.000000 0.500000
vt 1.000000 0.375000
vt 1.000000 0.375000
vt 1.000000 0.500000
vt 1.000000 0.500000
vt 1.000000 0.500000
vt 1.000000 0.375000
vt 0.000000 0.750000
vt 0.000000 0.625000
vt 0.000000 0.625000
vt 0.000000 0.750000
vt 0.000000 0.625000
vt 0.000000 0.750000
vt 1.000000 0.625000
vt 1.000000 0.625000
vt 1.000000 0.750000
vt 1.000000 0.750000
vt 1.000000 0.750000
vt 1.000000 0.625000
vt 0.500000 1.000000
vt 0.250000 1.000000
vt 0.250000 1.000000
vt 0.500000 1.000000
vt 0.000000 1.000000
vt 0.062500 0.968750
vt 0.062500 0.968750
vt 0.250000 1.000000
vt 0.500000 1.000000
vt 0.000000 0.875000
vt 0.000000 0.875000
vt 0.000000 0.785091
vt 0.000000 0.785091
vt 0.000000 0.785091
vt 0.000000 0.875000
vt 1.000000 0.785091
vt 1.000000 0.785091
vt 1.000000 0.875000
vt 1.000000 1.000000
vt 0.937500 0.968750
vt 1.000000 0.875000
vt 0.937500 0.968750
vt 1.000000 0.875000
vt 1.000000 0.785091
vt 0.750000 1.000000
vt 0.750000 1.000000
vt 0.750000 1.000000
vt 0.000000 0.125000
vt 0.000000 0.250000
vt 0.062500 0.031250
vt 0.000000 0.375000
vt 0.000000 0.500000
vt 0.000000 0.625000
vt 0.000000 0.750000
vt 0.000000 0.875000
vt 0.062500 0.968750
vt 0.000000 0.785091
vt 0.250000 1.000000
vt 0.500000 1.000000
vt 0.750000 1.000000
vt 0.937500 0.968750
vt 1.000000 0.750000
vt 1.000000 0.785091
vt 1.000000 0.875000
vt 1.000000 0.625000
vt 1.000000 0.500000
vt 1.000000 0.375000
vt 1.000000 0.250000
vt 1.000000 0.125000
vt 0.937500 0.031250
vt 0.750000 0.000000
vt 0.500000 0.000000
vt 0.250000 0.000000
vt 0.250000 0.802675
vt 0.000000 0.802675
vt 0.500000 0.802675
vt 0.750000 0.802675
vt 1.000000 0.802675
vt 1.000000 0.802675
vt 1.000000 0.802675
vt 1.000000 0.802675
vt 1.000000 0.802675
vt 0.937500 0.802675
vt 0.750000 0.802675
vt 0.500000 0.802675
vt 0.250000 0.802675
vt 0.062500 0.802675
vt 0.000000 0.802675
vt 0.000000 0.802675
vt 0.000000 0.802675
vt 0.000000 0.802675
vt 1.000000 0.792745
vt 1.000000 0.792745
vt 1.000000 0.792745
vt 0.750000 0.792745
vt 1.000000 0.792745
vt 0.500000 0.792745
vt 0.250000 0.792745
vt 0.000000 0.792745
vt 0.000000 0.792745
vt 0.000000 0.792745
vt 0.000000 0.792745
vt 0.000000 0.792745
vt 0.062500 0.792745
vt 0.250000 0.792745
vt 0.500000 0.792745
vt 0.750000 0.792745
vt 0.937500 0.792745
vt 1.000000 0.792745
vt 0.809848 0.616823
vt 0.811328 0.601427
vt 0.818324 0.605478
vt 0.811720 0.628724
vt 0.815585 0.579126
vt 0.825752 0.577906
vt 0.843942 0.584486
vt 0.832607 0.614430
vt 0.820910 0.640885
vt 0.856800 0.630483
vt 0.840609 0.647172
vt 0.871397 0.607479
vt 0.895463 0.630878
vt 0.878661 0.645186
vt 0.859757 0.648920
vt 0.821530 0.554818
vt 0.830424 0.557178
vt 0.828708 0.526506
vt 0.834589 0.532232
vt 0.846963 0.540125
vt 0.846750 0.565199
vt 0.872012 0.582969
vt 0.868402 0.548537
vt 0.887881 0.555041
vt 0.894309 0.599952
vt 0.836662 0.492194
vt 0.840494 0.492005
vt 0.844243 0.458476
vt 0.846619 0.451081
vt 0.855175 0.444689
vt 0.850507 0.492820
vt 0.870325 0.495767
vt 0.874505 0.445230
vt 0.893042 0.448237
vt 0.888865 0.498778
vt 0.987622 0.858325
vt 0.987622 0.830631
vt 0.989970 0.822380
vt 0.989970 0.850605
vt 0.987622 0.805394
vt 0.989970 0.800652
vt 0.851445 0.424043
vt 0.855816 0.403229
vt 0.861839 0.399683
vt 0.858761 0.417137
vt 0.877666 0.417497
vt 0.880305 0.401156
vt 0.898820 0.404143
vt 0.896190 0.420492
vt 0.756625 0.115395
vt 0.860577 0.380979
vt 0.864984 0.381843
vt 0.866633 0.361725
vt 0.868446 0.364745
vt 0.882919 0.384793
vt 0.885526 0.368425
vt 0.904063 0.371431
vt 0.901442 0.387788
vt 0.777417 0.173537
vt 0.785063 0.180167
vt 0.778307 0.185641
vt 0.774784 0.173955
vt 0.904160 0.160525
vt 0.902310 0.138412
vt 0.903544 0.137696
vt 0.906319 0.166173
vt 0.872471 0.349519
vt 0.888148 0.352067
vt 0.875703 0.338801
vt 0.890119 0.339803
vt 0.903342 0.345213
vt 0.906689 0.355078
vt 0.795749 0.036015
vt 0.797621 0.024115
vt 0.804226 0.047361
vt 0.797230 0.051412
vt 0.806811 0.011954
vt 0.818509 0.038409
vt 0.829843 0.068353
vt 0.811654 0.074933
vt 0.801486 0.073713
vt 0.826510 0.005667
vt 0.842701 0.022356
vt 0.845658 0.003918
vt 0.864562 0.007653
vt 0.881365 0.021961
vt 0.857298 0.045360
vt 0.816326 0.095661
vt 0.807432 0.098021
vt 0.832652 0.087640
vt 0.832864 0.112714
vt 0.820490 0.120607
vt 0.814610 0.126333
vt 0.857913 0.069870
vt 0.880210 0.052887
vt 0.873782 0.097798
vt 0.854303 0.104302
vt 0.826396 0.160834
vt 0.822563 0.160645
vt 0.836408 0.160019
vt 0.841077 0.208150
vt 0.832521 0.201757
vt 0.830144 0.194363
vt 0.856226 0.157072
vt 0.874767 0.154061
vt 0.878943 0.204602
vt 0.860406 0.207609
vt 0.984550 0.858325
vt 0.982202 0.850605
vt 0.982202 0.822380
vt 0.984550 0.830631
vt 0.844663 0.235702
vt 0.837346 0.228796
vt 0.847740 0.253156
vt 0.841717 0.249610
vt 0.982202 0.800652
vt 0.984550 0.805394
vt 0.863567 0.235342
vt 0.882091 0.232347
vt 0.884721 0.248696
vt 0.866206 0.251683
vt 0.986086 0.777580
vt 0.850886 0.270996
vt 0.846479 0.271860
vt 0.854347 0.288093
vt 0.852535 0.291114
vt 0.868820 0.268046
vt 0.887344 0.265051
vt 0.889965 0.281408
vt 0.871428 0.284414
vt 0.904469 0.114538
vt 0.902310 0.120187
vt 0.905086 0.091709
vt 0.906319 0.092425
vt 0.946600 0.522207
vt 0.943967 0.521790
vt 0.947490 0.510104
vt 0.954247 0.515578
vt 0.874049 0.300772
vt 0.858373 0.303320
vt 0.892591 0.297761
vt 0.889244 0.307626
vt 0.876020 0.313036
vt 0.861604 0.314038
vt 0.794221 0.034630
vt 0.795420 0.016367
vt 0.808320 0.618209
vt 0.809519 0.636472
vt 0.817010 0.649703
vt 0.802912 0.003136
vt 0.798097 0.073307
vt 0.794897 0.052762
vt 0.812196 0.579532
vt 0.808996 0.600077
vt 0.821113 0.000104
vt 0.835212 0.652735
vt 0.859674 0.651039
vt 0.845575 0.001800
vt 0.871849 0.002752
vt 0.885947 0.650087
vt 0.903485 0.638677
vt 0.889387 0.014161
vt 0.812649 0.128241
vt 0.804467 0.098808
vt 0.826748 0.524598
vt 0.818566 0.554031
vt 0.887642 0.047226
vt 0.901741 0.605613
vt 0.894374 0.557208
vt 0.880275 0.095630
vt 0.986086 0.860898
vt 0.986086 0.893589
vt 0.984550 0.893524
vt 0.987622 0.893524
vt 0.835384 0.492257
vt 0.821286 0.160582
vt 0.880947 0.153058
vt 0.895045 0.499781
vt 0.899221 0.449239
vt 0.885122 0.203600
vt 0.986086 0.806974
vt 0.986086 0.833382
vt 0.888266 0.231348
vt 0.902365 0.421491
vt 0.904992 0.405139
vt 0.890893 0.247700
vt 0.893518 0.264053
vt 0.907617 0.388786
vt 0.910242 0.372434
vt 0.896144 0.280405
vt 0.779481 0.189536
vt 0.898771 0.296757
vt 0.912870 0.356081
vt 0.908661 0.342814
vt 0.894562 0.310025
vt 0.876677 0.317124
vt 0.890776 0.335715
vt 0.876780 0.335228
vt 0.862681 0.317611
vt 0.925970 0.585302
vt 0.588532 0.076712
vt 0.594019 0.054153
vt 0.592653 0.093482
vt 0.585177 0.100828
vt 0.606946 0.028494
vt 0.606605 0.082954
vt 0.606180 0.142671
vt 0.590955 0.137837
vt 0.582206 0.126576
vt 0.628526 0.017819
vt 0.628526 0.070958
vt 0.641478 0.017023
vt 0.641478 0.067775
vt 0.641478 0.120717
vt 0.628526 0.127144
vt 0.654430 0.016227
vt 0.667382 0.017023
vt 0.667382 0.067775
vt 0.654430 0.064592
vt 0.680335 0.017819
vt 0.701915 0.028494
vt 0.702256 0.082954
vt 0.680335 0.070958
vt 0.702680 0.142671
vt 0.680335 0.127144
vt 0.667382 0.120717
vt 0.654430 0.114290
vt 0.714842 0.054153
vt 0.716208 0.093482
vt 0.720329 0.076712
vt 0.723684 0.100828
vt 0.726655 0.126576
vt 0.717906 0.137837
vt 0.589506 0.166024
vt 0.579670 0.145659
vt 0.605818 0.176594
vt 0.605292 0.194930
vt 0.587400 0.185653
vt 0.575984 0.164009
vt 0.628526 0.153998
vt 0.641478 0.144203
vt 0.641478 0.152678
vt 0.628526 0.165044
vt 0.667382 0.144203
vt 0.654430 0.134408
vt 0.703043 0.176594
vt 0.680335 0.153998
vt 0.703569 0.194930
vt 0.680335 0.165044
vt 0.667382 0.152678
vt 0.654430 0.140311
vt 0.719355 0.166024
vt 0.729191 0.145659
vt 0.732877 0.164009
vt 0.721461 0.185653
vt 0.583733 0.204336
vt 0.569567 0.187559
vt 0.604375 0.207889
vt 0.600880 0.220999
vt 0.579070 0.224027
vt 0.564201 0.212874
vt 0.628526 0.173809
vt 0.641478 0.160585
vt 0.640547 0.167989
vt 0.626663 0.182171
vt 0.667382 0.160585
vt 0.654430 0.147360
vt 0.704486 0.207889
vt 0.680335 0.173809
vt 0.707981 0.220999
vt 0.682198 0.182171
vt 0.668314 0.167989
vt 0.654430 0.153807
vt 0.725128 0.204336
vt 0.739294 0.187559
vt 0.744660 0.212874
vt 0.729791 0.224027
vt 0.573974 0.246682
vt 0.563667 0.236519
vt 0.592620 0.239790
vt 0.584638 0.256013
vt 0.569990 0.264785
vt 0.565519 0.252170
vt 0.621074 0.192011
vt 0.637752 0.174956
vt 0.665765 0.647041
vt 0.682597 0.663501
vt 0.677603 0.660743
vt 0.657935 0.641526
vt 0.998004 0.025495
vt 0.998057 0.081735
vt 0.998015 0.072395
vt 0.997801 0.006399
vt 0.671108 0.174956
vt 0.654430 0.157900
vt 0.716241 0.239790
vt 0.687787 0.192011
vt 0.241809 0.913672
vt 0.241924 0.969481
vt 0.241703 0.988431
vt 0.241771 0.922940
vt 0.699429 0.679961
vt 0.682597 0.696421
vt 0.677603 0.699178
vt 0.697270 0.679961
vt 0.734887 0.246682
vt 0.745194 0.236519
vt 0.743342 0.252170
vt 0.738871 0.264785
vt 0.724223 0.256013
vt 0.654325 0.420679
vt 0.650970 0.396563
vt 0.658446 0.403908
vt 0.659812 0.443237
vt 0.648000 0.370815
vt 0.656749 0.359554
vt 0.671974 0.354719
vt 0.672398 0.414436
vt 0.672740 0.468897
vt 0.694319 0.426433
vt 0.694319 0.479572
vt 0.694319 0.370246
vt 0.707272 0.376673
vt 0.707272 0.429615
vt 0.707272 0.480367
vt 0.720224 0.481163
vt 0.720224 0.432798
vt 0.733176 0.429615
vt 0.733176 0.480367
vt 0.720224 0.383100
vt 0.733176 0.376673
vt 0.746129 0.426433
vt 0.746129 0.370246
vt 0.768474 0.354719
vt 0.768049 0.414436
vt 0.746129 0.479572
vt 0.767708 0.468897
vt 0.782002 0.403908
vt 0.780636 0.443237
vt 0.783699 0.359554
vt 0.792448 0.370815
vt 0.789478 0.396563
vt 0.786123 0.420679
vt 0.645463 0.351732
vt 0.655299 0.331367
vt 0.641777 0.333382
vt 0.653193 0.311738
vt 0.671085 0.302461
vt 0.671611 0.320797
vt 0.694319 0.343393
vt 0.694319 0.332346
vt 0.707272 0.344713
vt 0.707272 0.353188
vt 0.720224 0.362982
vt 0.733176 0.353188
vt 0.720224 0.357080
vt 0.733176 0.344713
vt 0.746129 0.343393
vt 0.746129 0.332346
vt 0.769363 0.302461
vt 0.768836 0.320797
vt 0.785149 0.331367
vt 0.787255 0.311738
vt 0.798670 0.333382
vt 0.794985 0.351732
vt 0.635361 0.309832
vt 0.649526 0.293055
vt 0.629994 0.284517
vt 0.644863 0.273363
vt 0.666674 0.276392
vt 0.670168 0.289502
vt 0.694319 0.323582
vt 0.692456 0.315220
vt 0.706340 0.329402
vt 0.707272 0.336806
vt 0.720224 0.350030
vt 0.733176 0.336806
vt 0.720224 0.343584
vt 0.734108 0.329402
vt 0.746129 0.323582
vt 0.747992 0.315220
vt 0.773774 0.276392
vt 0.770279 0.289502
vt 0.790921 0.293055
vt 0.795585 0.273363
vt 0.810453 0.284517
vt 0.805087 0.309832
vt 0.629460 0.260872
vt 0.639767 0.250709
vt 0.631313 0.245220
vt 0.635783 0.232606
vt 0.650432 0.241377
vt 0.658414 0.257601
vt 0.686867 0.305380
vt 0.991655 0.025495
vt 0.991857 0.006399
vt 0.991644 0.072395
vt 0.991601 0.081735
vt 0.569459 0.296216
vt 0.563944 0.288386
vt 0.583159 0.308052
vt 0.585917 0.313046
vt 0.703546 0.322435
vt 0.720224 0.339491
vt 0.736902 0.322435
vt 0.720224 0.337303
vt 0.739697 0.317374
vt 0.235091 0.913672
vt 0.235129 0.922940
vt 0.235198 0.988431
vt 0.234977 0.969481
vt 0.000000 0.056967
vt 0.005526 0.047238
vt 0.033657 0.000000
vt 0.025490 0.018578
vt 0.782034 0.257601
vt 0.800680 0.250709
vt 0.790016 0.241377
vt 0.804664 0.232606
vt 0.809135 0.245220
vt 0.810988 0.260872
vt 0.782009 0.908672
vt 0.780463 0.885596
vt 0.786799 0.872185
vt 0.786799 0.909040
vt 0.672854 0.487051
vt 0.660267 0.456347
vt 0.594474 0.041043
vt 0.607060 0.010340
vt 0.793136 0.885596
vt 0.791589 0.908672
vt 0.780684 0.959681
vt 0.780122 0.933342
vt 0.786799 0.935847
vt 0.786799 0.955841
vt 0.793476 0.933342
vt 0.792915 0.959681
vt 0.694319 0.497285
vt 0.707272 0.497285
vt 0.628526 0.000105
vt 0.641478 0.000105
vt 0.733176 0.497285
vt 0.720224 0.497285
vt 0.767594 0.487051
vt 0.746129 0.497285
vt 0.680335 0.000105
vt 0.701801 0.010340
vt 0.654430 0.000105
vt 0.667382 0.000105
vt 0.780180 0.456347
vt 0.503288 0.939012
vt 0.504806 0.915951
vt 0.509621 0.915584
vt 0.509621 0.952414
vt 0.514436 0.915951
vt 0.515953 0.939012
vt 0.714387 0.041043
vt 0.502850 0.891297
vt 0.509621 0.888794
vt 0.503340 0.864976
vt 0.509621 0.868813
vt 0.515902 0.864976
vt 0.516391 0.891297
vt 0.642184 0.358520
vt 0.637972 0.340596
vt 0.645083 0.374569
vt 0.576391 0.138870
vt 0.579290 0.122822
vt 0.572179 0.156794
vt 0.798263 0.358520
vt 0.795364 0.374569
vt 0.802475 0.340596
vt 0.732470 0.138870
vt 0.736682 0.156794
vt 0.729571 0.122822
vt 0.630639 0.315424
vt 0.625038 0.288235
vt 0.564845 0.181967
vt 0.559244 0.209156
vt 0.809809 0.315424
vt 0.815410 0.288235
vt 0.744016 0.181967
vt 0.749617 0.209156
vt 0.634455 0.226572
vt 0.647771 0.235970
vt 0.630272 0.243653
vt 0.568662 0.270819
vt 0.564479 0.253737
vt 0.581978 0.261421
vt 0.626024 0.264259
vt 0.560231 0.233131
vt 0.994829 0.093868
vt 0.991749 0.095853
vt 0.994829 0.069282
vt 0.994829 0.000033
vt 0.997910 0.095853
vt 0.238450 0.926029
vt 0.238450 0.994748
vt 0.238450 0.901632
vt 0.235312 0.899662
vt 0.235496 0.876383
vt 0.238450 0.877235
vt 0.241587 0.899662
vt 0.241404 0.876383
vt 0.814423 0.264259
vt 0.810176 0.243653
vt 0.748630 0.233131
vt 0.744382 0.253737
vt 0.805992 0.226572
vt 0.792677 0.235970
vt 0.740199 0.270819
vt 0.726883 0.261421
vt 0.665765 0.712880
vt 0.657935 0.718395
vt 0.759169 0.297445
vt 0.753581 0.305380
vt 0.994829 0.118453
vt 0.997806 0.119311
vt 0.991853 0.119311
vt 0.602375 0.327718
vt 0.602375 0.329876
vn 0.000002 0.683486 -0.729964
vn -0.000379 -0.075950 -0.997112
vn -0.225791 -0.012829 -0.974091
vn -0.286350 0.691826 -0.662858
vn 0.000355 -0.713220 -0.700940
vn -0.027553 -0.546394 -0.837075
vn -0.509360 0.223617 -0.830992
vn -0.476871 0.712170 -0.515177
vn -0.709841 0.398405 -0.580861
vn -0.556210 0.748306 -0.361480
vn -0.534333 0.061690 -0.843020
vn -0.775646 0.180625 -0.604771
vn 0.030649 -0.185572 -0.982153
vn -0.577993 -0.040409 -0.815040
vn -0.819112 0.009394 -0.573557
vn -0.577788 -0.216860 -0.786850
vn -0.823436 -0.217132 -0.524220
vn -0.027624 0.347728 -0.937189
vn 0.000354 0.673834 -0.738883
vn -0.000377 -0.096723 -0.995311
vn -0.178839 -0.121774 -0.976313
vn 0.000000 -0.835026 -0.550211
vn 0.012402 -0.726972 -0.686556
vn -0.540413 -0.313969 -0.780626
vn -0.789772 -0.413183 -0.453365
vn -0.502042 -0.254996 -0.826396
vn -0.852479 -0.301034 -0.427386
vn 0.001321 0.091062 0.995844
vn 0.228186 0.096727 0.968801
vn 0.381846 -0.503210 0.775225
vn -0.000990 -0.618383 0.785877
vn 0.000010 0.870130 0.492823
vn -0.023835 0.888790 0.457695
vn -0.102127 0.897228 0.429596
vn 0.308859 0.154311 0.938506
vn 0.426956 -0.138959 0.893532
vn -0.179603 0.386469 0.904646
vn -0.256671 0.215359 0.942200
vn -0.381234 0.897559 0.221468
vn 0.475356 0.052037 0.878253
vn 0.754646 -0.103094 0.647982
vn 0.442622 0.255608 0.859506
vn 0.508778 0.631279 0.585348
vn -0.340300 0.143348 0.929326
vn -0.363888 0.019356 0.931242
vn 0.000740 0.249459 0.968385
vn 0.244229 0.268397 0.931834
vn 0.413792 -0.485411 0.770164
vn 0.000000 -0.733258 0.679951
vn -0.000700 0.849518 0.527560
vn 0.381363 0.233086 0.894557
vn 0.422814 -0.041959 0.905244
vn -0.285799 -0.017948 0.958122
vn -0.350453 0.048337 0.935332
vn 0.000017 0.991143 -0.132802
vn -0.209214 0.967237 -0.143814
vn 0.313497 -0.941159 0.126250
vn -0.000123 -0.990342 0.138644
vn -0.367303 0.917079 -0.155097
vn -0.555105 0.824698 -0.108316
vn -0.816319 0.573313 -0.070255
vn -0.948937 0.313865 -0.031740
vn -0.995838 0.090874 -0.006984
vn -0.983008 -0.182362 0.020967
vn 0.296170 0.947262 -0.122382
vn 0.988941 -0.148208 0.005410
vn -0.000015 0.992130 -0.125212
vn 0.348810 -0.936427 0.037889
vn 0.000000 -0.997759 0.066912
vn -0.919220 -0.393577 0.011509
vn -0.967520 -0.229013 -0.107043
vn -0.303419 -0.952771 -0.012823
vn -0.000002 0.683486 -0.729964
vn 0.286350 0.691826 -0.662858
vn 0.225791 -0.012829 -0.974091
vn 0.000379 -0.075950 -0.997112
vn 0.027553 -0.546394 -0.837075
vn -0.000355 -0.713220 -0.700940
vn 0.476871 0.712170 -0.515177
vn 0.509360 0.223617 -0.830992
vn 0.556210 0.748306 -0.361480
vn 0.709841 0.398405 -0.580861
vn 0.775646 0.180625 -0.604771
vn 0.534333 0.061690 -0.843020
vn 0.577993 -0.040409 -0.815040
vn -0.030649 -0.185572 -0.982153
vn 0.819112 0.009394 -0.573557
vn 0.823436 -0.217132 -0.524220
vn 0.577788 -0.216860 -0.786850
vn 0.027624 0.347728 -0.937189
vn -0.000354 0.673834 -0.738883
vn 0.178839 -0.121774 -0.976313
vn 0.000377 -0.096723 -0.995311
vn -0.012402 -0.726972 -0.686556
vn 0.000000 -0.835026 -0.550211
vn 0.540413 -0.313969 -0.780626
vn 0.789772 -0.413183 -0.453365
vn 0.852479 -0.301034 -0.427386
vn 0.502042 -0.254996 -0.826396
vn -0.001321 0.091062 0.995844
vn 0.000990 -0.618383 0.785877
vn -0.381846 -0.503210 0.775225
vn -0.228186 0.096727 0.968801
vn -0.000010 0.870130 0.492823
vn 0.023835 0.888790 0.457695
vn -0.308859 0.154311 0.938506
vn 0.102127 0.897228 0.429596
vn -0.426956 -0.138959 0.893532
vn 0.256671 0.215359 0.942200
vn 0.179603 0.386469 0.904646
vn 0.381234 0.897559 0.221468
vn -0.754646 -0.103094 0.647982
vn -0.475356 0.052037 0.878253
vn -0.508778 0.631279 0.585348
vn -0.442622 0.255608 0.859506
vn 0.363888 0.019356 0.931242
vn 0.340300 0.143348 0.929326
vn -0.000740 0.249459 0.968385
vn 0.000000 -0.733258 0.679951
vn -0.413792 -0.485411 0.770164
vn -0.244229 0.268397 0.931834
vn 0.000700 0.849518 0.527560
vn -0.381363 0.233086 0.894557
vn -0.422814 -0.041959 0.905244
vn 0.350453 0.048337 0.935332
vn 0.285799 -0.017948 0.958122
vn 0.209214 0.967237 -0.143814
vn -0.000017 0.991143 -0.132802
vn 0.000123 -0.990342 0.138644
vn -0.313497 -0.941159 0.126250
vn 0.367303 0.917079 -0.155097
vn 0.555105 0.824698 -0.108316
vn 0.816319 0.573313 -0.070255
vn 0.948937 0.313865 -0.031740
vn 0.995838 0.090874 -0.006984
vn 0.983008 -0.182362 0.020967
vn -0.988941 -0.148208 0.005410
vn -0.296170 0.947262 -0.122382
vn 0.000015 0.992130 -0.125212
vn 0.000000 -0.997759 0.066912
vn -0.348810 -0.936427 0.037889
vn 0.919220 -0.393577 0.011509
vn 0.967520 -0.229013 -0.107043
vn 0.303415 -0.952772 -0.012822
vn 0.963680 0.207645 -0.167942
vn 0.958340 0.264345 -0.108197
vn 0.998095 0.047315 0.039601
vn 0.999683 0.018635 0.016902
vn 0.999683 0.018635 0.016902
vn 0.998095 0.047315 0.039601
vn 0.997387 0.009305 0.071636
vn 0.998803 -0.012691 0.047245
vn 0.998095 0.047315 0.039601
vn 0.961906 0.242136 0.126915
vn 0.962170 0.151493 0.226447
vn 0.997387 0.009305 0.071636
vn 0.958340 0.264345 -0.108197
vn 0.903840 0.427186 -0.024187
vn 0.961906 0.242136 0.126915
vn 0.998095 0.047315 0.039601
vn 0.950941 0.103480 -0.291552
vn 0.963016 0.164896 -0.213095
vn 0.999990 0.002482 -0.003788
vn 0.988235 -0.072324 -0.134763
vn 0.988235 -0.072324 -0.134763
vn 0.999990 0.002482 -0.003788
vn 0.999119 -0.027037 0.032096
vn 0.991496 -0.116248 -0.058497
vn 0.999990 0.002482 -0.003788
vn 0.999683 0.018635 0.016902
vn 0.998803 -0.012691 0.047245
vn 0.999119 -0.027037 0.032096
vn 0.963016 0.164896 -0.213095
vn 0.963680 0.207645 -0.167942
vn 0.999683 0.018635 0.016902
vn 0.999990 0.002482 -0.003788
vn 0.998803 -0.012691 0.047245
vn 0.996764 -0.043583 0.067539
vn 0.996352 -0.065878 0.054239
vn 0.999119 -0.027037 0.032096
vn 0.999119 -0.027037 0.032096
vn 0.996352 -0.065878 0.054239
vn 0.979565 -0.200764 -0.012069
vn 0.991496 -0.116248 -0.058497
vn 0.996352 -0.065878 0.054239
vn 0.945848 -0.293350 0.138988
vn 0.897223 -0.427408 0.110967
vn 0.979565 -0.200764 -0.012069
vn 0.996764 -0.043583 0.067539
vn 0.956804 -0.234788 0.171464
vn 0.945848 -0.293350 0.138988
vn 0.996352 -0.065878 0.054239
vn 0.962170 0.151493 0.226447
vn 0.956220 0.065844 0.285146
vn 0.995076 -0.020144 0.097044
vn 0.997387 0.009305 0.071636
vn 0.997387 0.009305 0.071636
vn 0.995076 -0.020144 0.097044
vn 0.996764 -0.043583 0.067539
vn 0.998803 -0.012691 0.047245
vn 0.995076 -0.020144 0.097044
vn 0.958914 -0.155500 0.237283
vn 0.956804 -0.234788 0.171464
vn 0.996764 -0.043583 0.067539
vn 0.956220 0.065844 0.285146
vn 0.921922 -0.042322 0.385057
vn 0.958914 -0.155500 0.237283
vn 0.995076 -0.020144 0.097044
vn -0.937954 0.231804 -0.257894
vn -0.996022 0.043989 -0.077499
vn -0.995856 0.072646 -0.054717
vn -0.936841 0.288420 -0.197845
vn -0.936841 0.288420 -0.197845
vn -0.995856 0.072646 -0.054717
vn -0.963142 0.266593 0.035855
vn -0.886404 0.449928 -0.108871
vn -0.995856 0.072646 -0.054717
vn -0.999139 0.034669 -0.022806
vn -0.975096 0.176106 0.134811
vn -0.963142 0.266593 0.035855
vn -0.996022 0.043989 -0.077499
vn -0.998803 0.012689 -0.047245
vn -0.999139 0.034669 -0.022806
vn -0.995856 0.072646 -0.054717
vn -0.916249 0.127201 -0.379878
vn -0.972620 -0.047411 -0.227515
vn -0.994783 0.027825 -0.098145
vn -0.934115 0.188998 -0.302835
vn -0.934115 0.188998 -0.302835
vn -0.994783 0.027825 -0.098145
vn -0.996022 0.043989 -0.077499
vn -0.937954 0.231804 -0.257894
vn -0.994783 0.027825 -0.098145
vn -0.998051 -0.001663 -0.062375
vn -0.998803 0.012689 -0.047245
vn -0.996022 0.043989 -0.077499
vn -0.972620 -0.047411 -0.227515
vn -0.984176 -0.091149 -0.151952
vn -0.998051 -0.001663 -0.062375
vn -0.994783 0.027825 -0.098145
vn -0.998803 0.012689 -0.047245
vn -0.998051 -0.001663 -0.062375
vn -0.998373 -0.040536 -0.040115
vn -0.999472 -0.018222 -0.026886
vn -0.999472 -0.018222 -0.026886
vn -0.998373 -0.040536 -0.040115
vn -0.961873 -0.269117 0.048751
vn -0.974359 -0.210254 0.080116
vn -0.998373 -0.040536 -0.040115
vn -0.978827 -0.175885 -0.104705
vn -0.914230 -0.404405 0.025285
vn -0.961873 -0.269117 0.048751
vn -0.998051 -0.001663 -0.062375
vn -0.984176 -0.091149 -0.151952
vn -0.978827 -0.175885 -0.104705
vn -0.998373 -0.040536 -0.040115
vn -0.975096 0.176106 0.134811
vn -0.999139 0.034669 -0.022806
vn -0.999983 0.005201 0.002672
vn -0.976886 0.090402 0.193703
vn -0.976886 0.090402 0.193703
vn -0.999983 0.005201 0.002672
vn -0.980661 -0.130859 0.145536
vn -0.954924 -0.018482 0.296276
vn -0.999983 0.005201 0.002672
vn -0.999472 -0.018222 -0.026886
vn -0.974359 -0.210254 0.080116
vn -0.980661 -0.130859 0.145536
vn -0.999139 0.034669 -0.022806
vn -0.998803 0.012689 -0.047245
vn -0.999472 -0.018222 -0.026886
vn -0.999983 0.005201 0.002672
vn -0.975096 0.176106 0.134811
vn -0.026824 0.665512 0.745905
vn -0.008652 0.904691 0.425981
vn -0.963142 0.266593 0.035855
vn -0.963142 0.266593 0.035855
vn -0.008652 0.904691 0.425981
vn 0.018432 0.992214 -0.123170
vn -0.886404 0.449928 -0.108871
vn -0.008652 0.904691 0.425981
vn 0.961906 0.242136 0.126915
vn 0.903840 0.427186 -0.024187
vn 0.018432 0.992214 -0.123170
vn -0.026824 0.665512 0.745905
vn 0.962170 0.151493 0.226447
vn 0.961906 0.242136 0.126915
vn -0.008652 0.904691 0.425981
vn -0.886404 0.449928 -0.108871
vn 0.018432 0.992214 -0.123170
vn 0.036327 0.839177 -0.542645
vn -0.936841 0.288420 -0.197845
vn -0.936841 0.288420 -0.197845
vn 0.036327 0.839177 -0.542645
vn 0.042120 0.714288 -0.698584
vn -0.937954 0.231804 -0.257894
vn 0.036327 0.839177 -0.542645
vn 0.958340 0.264345 -0.108197
vn 0.963680 0.207645 -0.167942
vn 0.042120 0.714288 -0.698584
vn 0.018432 0.992214 -0.123170
vn 0.903840 0.427186 -0.024187
vn 0.958340 0.264345 -0.108197
vn 0.036327 0.839177 -0.542645
vn -0.916249 0.127201 -0.379878
vn 0.048604 0.148114 -0.987775
vn 0.035170 -0.485148 -0.873725
vn -0.972620 -0.047411 -0.227515
vn -0.972620 -0.047411 -0.227515
vn 0.035170 -0.485148 -0.873725
vn 0.024580 -0.704992 -0.708790
vn -0.984176 -0.091149 -0.151952
vn 0.035170 -0.485148 -0.873725
vn 0.988235 -0.072324 -0.134763
vn 0.991496 -0.116248 -0.058497
vn 0.024580 -0.704992 -0.708790
vn 0.048604 0.148114 -0.987775
vn 0.950941 0.103480 -0.291552
vn 0.988235 -0.072324 -0.134763
vn 0.035170 -0.485148 -0.873725
vn -0.937954 0.231804 -0.257894
vn 0.042120 0.714288 -0.698584
vn 0.045501 0.595695 -0.801921
vn -0.934115 0.188998 -0.302835
vn -0.934115 0.188998 -0.302835
vn 0.045501 0.595695 -0.801921
vn 0.048604 0.148114 -0.987775
vn -0.916249 0.127201 -0.379878
vn 0.045501 0.595695 -0.801921
vn 0.963016 0.164896 -0.213095
vn 0.950941 0.103480 -0.291552
vn 0.048604 0.148114 -0.987775
vn 0.042120 0.714288 -0.698584
vn 0.963680 0.207645 -0.167942
vn 0.963016 0.164896 -0.213095
vn 0.045501 0.595695 -0.801921
vn -0.984176 -0.091149 -0.151952
vn 0.024580 -0.704992 -0.708790
vn 0.012070 -0.871973 -0.489406
vn -0.978827 -0.175885 -0.104705
vn -0.978827 -0.175885 -0.104705
vn 0.012070 -0.871973 -0.489406
vn -0.014739 -0.998947 0.043444
vn -0.914230 -0.404405 0.025285
vn 0.012070 -0.871973 -0.489406
vn 0.979565 -0.200764 -0.012069
vn 0.897223 -0.427408 0.110967
vn -0.014739 -0.998947 0.043444
vn 0.024580 -0.704992 -0.708790
vn 0.991496 -0.116248 -0.058497
vn 0.979565 -0.200764 -0.012069
vn 0.012070 -0.871973 -0.489406
vn -0.914230 -0.404405 0.025285
vn -0.014739 -0.998947 0.043444
vn -0.027491 -0.944479 0.327421
vn -0.961873 -0.269117 0.048751
vn -0.961873 -0.269117 0.048751
vn -0.027491 -0.944479 0.327421
vn -0.034194 -0.871820 0.488632
vn -0.974359 -0.210254 0.080116
vn -0.027491 -0.944479 0.327421
vn 0.945848 -0.293350 0.138988
vn 0.956804 -0.234788 0.171464
vn -0.034194 -0.871820 0.488632
vn -0.014739 -0.998947 0.043444
vn 0.897223 -0.427408 0.110967
vn 0.945848 -0.293350 0.138988
vn -0.027491 -0.944479 0.327421
vn -0.974359 -0.210254 0.080116
vn -0.034194 -0.871820 0.488632
vn -0.042918 -0.690707 0.721860
vn -0.980661 -0.130859 0.145536
vn -0.980661 -0.130859 0.145536
vn -0.042918 -0.690707 0.721860
vn -0.048521 -0.134602 0.989711
vn -0.954924 -0.018482 0.296276
vn -0.042918 -0.690707 0.721860
vn 0.958914 -0.155500 0.237283
vn 0.921922 -0.042322 0.385057
vn -0.048521 -0.134602 0.989711
vn -0.034194 -0.871820 0.488632
vn 0.956804 -0.234788 0.171464
vn 0.958914 -0.155500 0.237283
vn -0.042918 -0.690707 0.721860
vn -0.954924 -0.018482 0.296276
vn -0.048521 -0.134602 0.989711
vn -0.038512 0.391487 0.919377
vn -0.976886 0.090402 0.193703
vn -0.976886 0.090402 0.193703
vn -0.038512 0.391487 0.919377
vn -0.026824 0.665512 0.745905
vn -0.975096 0.176106 0.134811
vn -0.038512 0.391487 0.919377
vn 0.956220 0.065844 0.285146
vn 0.962170 0.151493 0.226447
vn -0.026824 0.665512 0.745905
vn -0.048521 -0.134602 0.989711
vn 0.921922 -0.042322 0.385057
vn 0.956220 0.065844 0.285146
vn -0.038512 0.391487 0.919377
vn 0.777406 -0.401798 0.483941
vn 0.777406 -0.401798 0.483941
vn 0.777406 -0.401798 0.483941
vn 0.777406 -0.401798 0.483941
vn 0.713877 -0.424992 0.556562
vn 0.858261 -0.215954 0.465567
vn 0.794587 -0.147953 0.588847
vn 0.670907 -0.357255 0.649810
vn 0.858261 -0.215954 0.465567
vn 0.954804 0.142650 0.260768
vn 0.880709 0.248423 0.403283
vn 0.794587 -0.147953 0.588847
vn 0.900460 -0.413679 0.134320
vn 0.995056 -0.084219 -0.052636
vn 0.954804 0.142650 0.260768
vn 0.858261 -0.215954 0.465567
vn 0.995056 -0.084219 -0.052636
vn 0.929245 0.203220 -0.308554
vn 0.889632 0.456359 -0.017083
vn 0.954804 0.142650 0.260768
vn 0.954804 0.142650 0.260768
vn 0.889632 0.456359 -0.017083
vn 0.827399 0.555300 0.083988
vn 0.880709 0.248423 0.403283
vn 0.889632 0.456359 -0.017083
vn 0.762535 0.617786 -0.192043
vn 0.719640 0.687118 -0.099940
vn 0.827399 0.555300 0.083988
vn 0.929245 0.203220 -0.308554
vn 0.807524 0.459690 -0.369581
vn 0.762535 0.617786 -0.192043
vn 0.889632 0.456359 -0.017083
vn -0.804029 -0.525596 0.278006
vn -0.773757 -0.406097 0.486195
vn -0.903566 -0.193574 0.382228
vn -0.919311 -0.390565 0.048233
vn -0.919311 -0.390565 0.048233
vn -0.903566 -0.193574 0.382228
vn -0.971229 0.167118 0.169664
vn -0.987460 -0.059034 -0.146414
vn -0.903566 -0.193574 0.382228
vn -0.850103 -0.127061 0.511058
vn -0.908255 0.271150 0.318671
vn -0.971229 0.167118 0.169664
vn -0.773757 -0.406097 0.486195
vn -0.738074 -0.339358 0.583166
vn -0.850103 -0.127061 0.511058
vn -0.903566 -0.193574 0.382228
vn -0.987460 -0.059034 -0.146414
vn -0.971229 0.167118 0.169664
vn -0.872195 0.478739 -0.100423
vn -0.890526 0.226340 -0.394631
vn -0.890526 0.226340 -0.394631
vn -0.872195 0.478739 -0.100423
vn -0.725100 0.636685 -0.262417
vn -0.757129 0.479564 -0.443593
vn -0.872195 0.478739 -0.100423
vn -0.817289 0.576194 0.006194
vn -0.689338 0.705025 -0.166593
vn -0.725100 0.636685 -0.262417
vn -0.971229 0.167118 0.169664
vn -0.908255 0.271150 0.318671
vn -0.817289 0.576194 0.006194
vn -0.872195 0.478739 -0.100423
vn -0.804029 -0.525596 0.278006
vn -0.509515 -0.859329 -0.044137
vn -0.518600 -0.608020 0.601137
vn -0.773757 -0.406097 0.486195
vn -0.773757 -0.406097 0.486195
vn -0.518600 -0.608020 0.601137
vn -0.480780 -0.435128 0.761259
vn -0.738074 -0.339358 0.583166
vn -0.518600 -0.608020 0.601137
vn -0.041330 -0.735606 0.676148
vn -0.047343 -0.494590 0.867836
vn -0.480780 -0.435128 0.761259
vn -0.509515 -0.859329 -0.044137
vn -0.004980 -0.987146 -0.159740
vn -0.041330 -0.735606 0.676148
vn -0.518600 -0.608020 0.601137
vn -0.738074 -0.339358 0.583166
vn -0.480780 -0.435128 0.761259
vn -0.579124 -0.162812 0.798816
vn -0.850103 -0.127061 0.511058
vn -0.850103 -0.127061 0.511058
vn -0.579124 -0.162812 0.798816
vn -0.643174 0.466132 0.607493
vn -0.908255 0.271150 0.318671
vn -0.579124 -0.162812 0.798816
vn -0.048920 -0.246087 0.968012
vn -0.030961 0.583846 0.811274
vn -0.643174 0.466132 0.607493
vn -0.480780 -0.435128 0.761259
vn -0.047343 -0.494590 0.867836
vn -0.048920 -0.246087 0.968012
vn -0.579124 -0.162812 0.798816
vn -0.987460 -0.059034 -0.146414
vn -0.475628 -0.498236 -0.724940
vn -0.455632 -0.673766 -0.581755
vn -0.919311 -0.390565 0.048233
vn -0.919311 -0.390565 0.048233
vn -0.455632 -0.673766 -0.581755
vn -0.509515 -0.859329 -0.044137
vn -0.804029 -0.525596 0.278006
vn -0.455632 -0.673766 -0.581755
vn 0.025269 -0.693132 -0.720368
vn -0.004980 -0.987146 -0.159740
vn -0.509515 -0.859329 -0.044137
vn -0.475628 -0.498236 -0.724940
vn 0.030959 -0.583850 -0.811271
vn 0.025269 -0.693132 -0.720368
vn -0.455632 -0.673766 -0.581755
vn -0.908255 0.271150 0.318671
vn -0.643174 0.466132 0.607493
vn -0.532179 0.843156 0.076640
vn -0.817289 0.576194 0.006194
vn -0.817289 0.576194 0.006194
vn -0.532179 0.843156 0.076640
vn -0.419027 0.888146 -0.188716
vn -0.689338 0.705025 -0.166593
vn -0.532179 0.843156 0.076640
vn 0.009093 0.997102 0.075531
vn 0.021527 0.981228 -0.191644
vn -0.419027 0.888146 -0.188716
vn -0.643174 0.466132 0.607493
vn -0.030961 0.583846 0.811274
vn 0.009093 0.997102 0.075531
vn -0.532179 0.843156 0.076640
vn -0.689338 0.705025 -0.166593
vn -0.419027 0.888146 -0.188716
vn -0.453174 0.793942 -0.405327
vn -0.725100 0.636685 -0.262417
vn -0.725100 0.636685 -0.262417
vn -0.453174 0.793942 -0.405327
vn -0.457153 0.262760 -0.849687
vn -0.757129 0.479564 -0.443593
vn -0.453174 0.793942 -0.405327
vn 0.033876 0.876119 -0.480903
vn 0.048679 0.162982 -0.985427
vn -0.457153 0.262760 -0.849687
vn -0.419027 0.888146 -0.188716
vn 0.021527 0.981228 -0.191644
vn 0.033876 0.876119 -0.480903
vn -0.453174 0.793942 -0.405327
vn -0.757129 0.479564 -0.443593
vn -0.457153 0.262760 -0.849687
vn -0.438576 -0.308193 -0.844197
vn -0.890526 0.226340 -0.394631
vn -0.890526 0.226340 -0.394631
vn -0.438576 -0.308193 -0.844197
vn -0.475628 -0.498236 -0.724940
vn -0.987460 -0.059034 -0.146414
vn -0.438576 -0.308193 -0.844197
vn 0.036021 -0.462759 -0.885752
vn 0.030959 -0.583850 -0.811271
vn -0.475628 -0.498236 -0.724940
vn -0.457153 0.262760 -0.849687
vn 0.048679 0.162982 -0.985427
vn 0.036021 -0.462759 -0.885752
vn -0.438576 -0.308193 -0.844197
vn 0.030959 -0.583850 -0.811271
vn 0.529139 -0.511001 -0.677414
vn 0.491277 -0.685794 -0.536967
vn 0.025269 -0.693132 -0.720368
vn 0.025269 -0.693132 -0.720368
vn 0.491277 -0.685794 -0.536967
vn 0.489458 -0.872021 0.003110
vn -0.004980 -0.987146 -0.159740
vn 0.491277 -0.685794 -0.536967
vn 0.900460 -0.413679 0.134320
vn 0.760619 -0.545477 0.352013
vn 0.489458 -0.872021 0.003110
vn 0.529139 -0.511001 -0.677414
vn 0.995056 -0.084219 -0.052636
vn 0.900460 -0.413679 0.134320
vn 0.491277 -0.685794 -0.536967
vn 0.048679 0.162982 -0.985427
vn 0.541813 0.250065 -0.802438
vn 0.508342 -0.320219 -0.799405
vn 0.036021 -0.462759 -0.885752
vn 0.036021 -0.462759 -0.885752
vn 0.508342 -0.320219 -0.799405
vn 0.529139 -0.511001 -0.677414
vn 0.030959 -0.583850 -0.811271
vn 0.508342 -0.320219 -0.799405
vn 0.929245 0.203220 -0.308554
vn 0.995056 -0.084219 -0.052636
vn 0.529139 -0.511001 -0.677414
vn 0.541813 0.250065 -0.802438
vn 0.807524 0.459690 -0.369581
vn 0.929245 0.203220 -0.308554
vn 0.508342 -0.320219 -0.799405
vn 0.021527 0.981228 -0.191644
vn 0.457340 0.877015 -0.147259
vn 0.509380 0.781717 -0.359793
vn 0.033876 0.876119 -0.480903
vn 0.033876 0.876119 -0.480903
vn 0.509380 0.781717 -0.359793
vn 0.541813 0.250065 -0.802438
vn 0.048679 0.162982 -0.985427
vn 0.509380 0.781717 -0.359793
vn 0.762535 0.617786 -0.192043
vn 0.807524 0.459690 -0.369581
vn 0.541813 0.250065 -0.802438
vn 0.457340 0.877015 -0.147259
vn 0.719640 0.687118 -0.099940
vn 0.762535 0.617786 -0.192043
vn 0.509380 0.781717 -0.359793
vn -0.030961 0.583846 0.811274
vn 0.594576 0.450411 0.666040
vn 0.543767 0.829489 0.127534
vn 0.009093 0.997102 0.075531
vn 0.009093 0.997102 0.075531
vn 0.543767 0.829489 0.127534
vn 0.457340 0.877015 -0.147259
vn 0.021527 0.981228 -0.191644
vn 0.543767 0.829489 0.127534
vn 0.827399 0.555300 0.083988
vn 0.719640 0.687118 -0.099940
vn 0.457340 0.877015 -0.147259
vn 0.594576 0.450411 0.666040
vn 0.880709 0.248423 0.403283
vn 0.827399 0.555300 0.083988
vn 0.543767 0.829489 0.127534
vn -0.047343 -0.494590 0.867836
vn 0.395599 -0.446264 0.802714
vn 0.496831 -0.176479 0.849714
vn -0.048920 -0.246087 0.968012
vn -0.048920 -0.246087 0.968012
vn 0.496831 -0.176479 0.849714
vn 0.594576 0.450411 0.666040
vn -0.030961 0.583846 0.811274
vn 0.496831 -0.176479 0.849714
vn 0.794587 -0.147953 0.588847
vn 0.880709 0.248423 0.403283
vn 0.594576 0.450411 0.666040
vn 0.395599 -0.446264 0.802714
vn 0.670907 -0.357255 0.649810
vn 0.794587 -0.147953 0.588847
vn 0.496831 -0.176479 0.849714
vn -0.004980 -0.987146 -0.159740
vn 0.489458 -0.872021 0.003110
vn 0.443970 -0.620252 0.646667
vn -0.041330 -0.735606 0.676148
vn -0.041330 -0.735606 0.676148
vn 0.443970 -0.620252 0.646667
vn 0.395599 -0.446264 0.802714
vn -0.047343 -0.494590 0.867836
vn 0.443970 -0.620252 0.646667
vn 0.713877 -0.424992 0.556562
vn 0.670907 -0.357255 0.649810
vn 0.395599 -0.446264 0.802714
vn 0.489458 -0.872021 0.003110
vn 0.760619 -0.545477 0.352013
vn 0.713877 -0.424992 0.556562
vn 0.443970 -0.620252 0.646667
vn -0.854327 -0.484047 -0.189274
vn -0.835327 -0.534866 -0.127071
vn -0.942405 -0.334320 0.010196
vn -0.951269 -0.308058 -0.013722
vn -0.951269 -0.308058 -0.013722
vn -0.942405 -0.334320 0.010196
vn -0.954083 -0.296776 0.040619
vn -0.960775 -0.276907 0.015297
vn -0.942405 -0.334320 0.010196
vn -0.855085 -0.507394 0.106678
vn -0.885777 -0.417714 0.202273
vn -0.954083 -0.296776 0.040619
vn -0.835327 -0.534866 -0.127071
vn -0.739616 -0.672136 -0.034651
vn -0.855085 -0.507394 0.106678
vn -0.942405 -0.334320 0.010196
vn -0.867085 -0.384555 -0.316673
vn -0.864162 -0.444370 -0.236133
vn -0.955365 -0.293340 -0.035069
vn -0.960254 -0.222437 -0.168625
vn -0.960254 -0.222437 -0.168625
vn -0.955365 -0.293340 -0.035069
vn -0.964591 -0.263749 -0.000442
vn -0.979305 -0.179023 -0.094405
vn -0.955365 -0.293340 -0.035069
vn -0.951269 -0.308058 -0.013722
vn -0.960775 -0.276907 0.015297
vn -0.964591 -0.263749 -0.000442
vn -0.864162 -0.444370 -0.236133
vn -0.854327 -0.484047 -0.189274
vn -0.951269 -0.308058 -0.013722
vn -0.955365 -0.293340 -0.035069
vn -0.960775 -0.276907 0.015297
vn -0.968625 -0.246145 0.034334
vn -0.974124 -0.225117 0.020132
vn -0.964591 -0.263749 -0.000442
vn -0.964591 -0.263749 -0.000442
vn -0.974124 -0.225117 0.020132
vn -0.994321 -0.093298 -0.051202
vn -0.979305 -0.179023 -0.094405
vn -0.974124 -0.225117 0.020132
vn -0.995253 0.009718 0.096833
vn -0.986381 0.151189 0.064766
vn -0.994321 -0.093298 -0.051202
vn -0.968625 -0.246145 0.034334
vn -0.990148 -0.048466 0.131371
vn -0.995253 0.009718 0.096833
vn -0.974124 -0.225117 0.020132
vn -0.885777 -0.417714 0.202273
vn -0.907357 -0.332265 0.257495
vn -0.961470 -0.267156 0.064832
vn -0.954083 -0.296776 0.040619
vn -0.954083 -0.296776 0.040619
vn -0.961470 -0.267156 0.064832
vn -0.968625 -0.246145 0.034334
vn -0.960775 -0.276907 0.015297
vn -0.961470 -0.267156 0.064832
vn -0.971990 -0.122865 0.200351
vn -0.990148 -0.048466 0.131371
vn -0.968625 -0.246145 0.034334
vn -0.907357 -0.332265 0.257495
vn -0.910087 -0.215764 0.353820
vn -0.971990 -0.122865 0.200351
vn -0.961470 -0.267156 0.064832
vn 0.974905 0.043163 -0.218399
vn 0.968452 0.245233 -0.044287
vn 0.975628 0.218486 -0.020343
vn 0.987697 -0.009443 -0.156097
vn 0.987697 -0.009443 -0.156097
vn 0.975628 0.218486 -0.020343
vn 0.996669 0.026307 0.077195
vn 0.982466 -0.175806 -0.062071
vn 0.975628 0.218486 -0.020343
vn 0.966428 0.256743 0.010039
vn 0.977731 0.119373 0.172604
vn 0.996669 0.026307 0.077195
vn 0.968452 0.245233 -0.044287
vn 0.960774 0.276909 -0.015297
vn 0.966428 0.256743 0.010039
vn 0.975628 0.218486 -0.020343
vn 0.929015 0.133107 -0.345274
vn 0.925944 0.321191 -0.198657
vn 0.963460 0.259691 -0.065619
vn 0.960738 0.081591 -0.265189
vn 0.960738 0.081591 -0.265189
vn 0.963460 0.259691 -0.065619
vn 0.968452 0.245233 -0.044287
vn 0.974905 0.043163 -0.218399
vn 0.963460 0.259691 -0.065619
vn 0.956540 0.289947 -0.031030
vn 0.960774 0.276909 -0.015297
vn 0.968452 0.245233 -0.044287
vn 0.925944 0.321191 -0.198657
vn 0.921146 0.368714 -0.124664
vn 0.956540 0.289947 -0.031030
vn 0.963460 0.259691 -0.065619
vn 0.960774 0.276909 -0.015297
vn 0.956540 0.289947 -0.031030
vn 0.944655 0.327901 -0.010417
vn 0.951608 0.307293 0.003762
vn 0.951608 0.307293 0.003762
vn 0.944655 0.327901 -0.010417
vn 0.839832 0.538619 0.067618
vn 0.867488 0.486931 0.101794
vn 0.944655 0.327901 -0.010417
vn 0.889507 0.449649 -0.081196
vn 0.756100 0.653408 0.037026
vn 0.839832 0.538619 0.067618
vn 0.956540 0.289947 -0.031030
vn 0.921146 0.368714 -0.124664
vn 0.889507 0.449649 -0.081196
vn 0.944655 0.327901 -0.010417
vn 0.977731 0.119373 0.172604
vn 0.966428 0.256743 0.010039
vn 0.957629 0.285956 0.034275
vn 0.952148 0.203671 0.227885
vn 0.952148 0.203671 0.227885
vn 0.957629 0.285956 0.034275
vn 0.893738 0.414865 0.170644
vn 0.895299 0.304578 0.325072
vn 0.957629 0.285956 0.034275
vn 0.951608 0.307293 0.003762
vn 0.867488 0.486931 0.101794
vn 0.893738 0.414865 0.170644
vn 0.966428 0.256743 0.010039
vn 0.960774 0.276909 -0.015297
vn 0.951608 0.307293 0.003762
vn 0.957629 0.285956 0.034275
vn 0.977731 0.119373 0.172604
vn 0.186837 -0.605539 0.773573
vn 0.252195 -0.849437 0.463525
vn 0.996669 0.026307 0.077195
vn 0.996669 0.026307 0.077195
vn 0.252195 -0.849437 0.463525
vn 0.274800 -0.957993 -0.082062
vn 0.982466 -0.175806 -0.062071
vn 0.252195 -0.849437 0.463525
vn -0.855085 -0.507394 0.106678
vn -0.739616 -0.672136 -0.034651
vn 0.274800 -0.957993 -0.082062
vn 0.186837 -0.605539 0.773573
vn -0.885777 -0.417714 0.202273
vn -0.855085 -0.507394 0.106678
vn 0.252195 -0.849437 0.463525
vn 0.982466 -0.175806 -0.062071
vn 0.274800 -0.957993 -0.082062
vn 0.231083 -0.829825 -0.507928
vn 0.987697 -0.009443 -0.156097
vn 0.987697 -0.009443 -0.156097
vn 0.231083 -0.829825 -0.507928
vn 0.195968 -0.716905 -0.669061
vn 0.974905 0.043163 -0.218399
vn 0.231083 -0.829825 -0.507928
vn -0.835327 -0.534866 -0.127071
vn -0.854327 -0.484047 -0.189274
vn 0.195968 -0.716905 -0.669061
vn 0.274800 -0.957993 -0.082062
vn -0.739616 -0.672136 -0.034651
vn -0.835327 -0.534866 -0.127071
vn 0.231083 -0.829825 -0.507928
vn 0.929015 0.133107 -0.345274
vn 0.038071 -0.186321 -0.981751
vn -0.137213 0.426682 -0.893933
vn 0.925944 0.321191 -0.198657
vn 0.925944 0.321191 -0.198657
vn -0.137213 0.426682 -0.893933
vn -0.197686 0.645092 -0.738090
vn 0.921146 0.368714 -0.124664
vn -0.137213 0.426682 -0.893933
vn -0.960254 -0.222437 -0.168625
vn -0.979305 -0.179023 -0.094405
vn -0.197686 0.645092 -0.738090
vn 0.038071 -0.186321 -0.981751
vn -0.867085 -0.384555 -0.316673
vn -0.960254 -0.222437 -0.168625
vn -0.137213 0.426682 -0.893933
vn 0.974905 0.043163 -0.218399
vn 0.195968 -0.716905 -0.669061
vn 0.162765 -0.607678 -0.777326
vn 0.960738 0.081591 -0.265189
vn 0.960738 0.081591 -0.265189
vn 0.162765 -0.607678 -0.777326
vn 0.038071 -0.186321 -0.981751
vn 0.929015 0.133107 -0.345274
vn 0.162765 -0.607678 -0.777326
vn -0.864162 -0.444370 -0.236133
vn -0.867085 -0.384555 -0.316673
vn 0.038071 -0.186321 -0.981751
vn 0.195968 -0.716905 -0.669061
vn -0.854327 -0.484047 -0.189274
vn -0.864162 -0.444370 -0.236133
vn 0.162765 -0.607678 -0.777326
vn 0.921146 0.368714 -0.124664
vn -0.197686 0.645092 -0.738090
vn -0.243317 0.815194 -0.525601
vn 0.889507 0.449649 -0.081196
vn 0.889507 0.449649 -0.081196
vn -0.243317 0.815194 -0.525601
vn -0.276917 0.960892 0.002048
vn 0.756100 0.653408 0.037026
vn -0.243317 0.815194 -0.525601
vn -0.994321 -0.093298 -0.051202
vn -0.986381 0.151189 0.064766
vn -0.276917 0.960892 0.002048
vn -0.197686 0.645092 -0.738090
vn -0.979305 -0.179023 -0.094405
vn -0.994321 -0.093298 -0.051202
vn -0.243317 0.815194 -0.525601
vn 0.756100 0.653408 0.037026
vn -0.276917 0.960892 0.002048
vn -0.260936 0.921296 0.288316
vn 0.839832 0.538619 0.067618
vn 0.839832 0.538619 0.067618
vn -0.260936 0.921296 0.288316
vn -0.240294 0.858750 0.452557
vn 0.867488 0.486931 0.101794
vn -0.260936 0.921296 0.288316
vn -0.995253 0.009718 0.096833
vn -0.990148 -0.048466 0.131371
vn -0.240294 0.858750 0.452557
vn -0.276917 0.960892 0.002048
vn -0.986381 0.151189 0.064766
vn -0.995253 0.009718 0.096833
vn -0.260936 0.921296 0.288316
vn 0.867488 0.486931 0.101794
vn -0.240294 0.858750 0.452557
vn -0.189362 0.695308 0.693317
vn 0.893738 0.414865 0.170644
vn 0.893738 0.414865 0.170644
vn -0.189362 0.695308 0.693317
vn -0.034320 0.173436 0.984247
vn 0.895299 0.304578 0.325072
vn -0.189362 0.695308 0.693317
vn -0.971990 -0.122865 0.200351
vn -0.910087 -0.215764 0.353820
vn -0.034320 0.173436 0.984247
vn -0.240294 0.858750 0.452557
vn -0.990148 -0.048466 0.131371
vn -0.971990 -0.122865 0.200351
vn -0.189362 0.695308 0.693317
vn 0.895299 0.304578 0.325072
vn -0.034320 0.173436 0.984247
vn 0.111370 -0.334733 0.935709
vn 0.952148 0.203671 0.227885
vn 0.952148 0.203671 0.227885
vn 0.111370 -0.334733 0.935709
vn 0.186837 -0.605539 0.773573
vn 0.977731 0.119373 0.172604
vn 0.111370 -0.334733 0.935709
vn -0.907357 -0.332265 0.257495
vn -0.885777 -0.417714 0.202273
vn 0.186837 -0.605539 0.773573
vn -0.034320 0.173436 0.984247
vn -0.910087 -0.215764 0.353820
vn -0.907357 -0.332265 0.257495
vn 0.111370 -0.334733 0.935709
vn -0.880144 0.173056 0.442038
vn -0.880144 0.173056 0.442038
vn -0.880144 0.173056 0.442038
vn -0.880144 0.173056 0.442038
vn -0.829155 0.215986 0.515608
vn -0.902871 -0.028719 0.428952
vn -0.827499 -0.071414 0.556907
vn -0.772390 0.166593 0.612912
vn -0.902871 -0.028719 0.428952
vn -0.882741 -0.406054 0.236409
vn -0.787280 -0.481243 0.385480
vn -0.827499 -0.071414 0.556907
vn -0.986487 0.137841 0.088561
vn -0.973685 -0.210506 -0.087324
vn -0.882741 -0.406054 0.236409
vn -0.902871 -0.028719 0.428952
vn -0.973685 -0.210506 -0.087324
vn -0.816747 -0.474148 -0.328797
vn -0.717884 -0.695681 -0.025890
vn -0.882741 -0.406054 0.236409
vn -0.882741 -0.406054 0.236409
vn -0.717884 -0.695681 -0.025890
vn -0.633996 -0.769068 0.081136
vn -0.787280 -0.481243 0.385480
vn -0.717884 -0.695681 -0.025890
vn -0.542236 -0.818493 -0.189867
vn -0.485032 -0.869468 -0.093642
vn -0.633996 -0.769068 0.081136
vn -0.816747 -0.474148 -0.328797
vn -0.623533 -0.685887 -0.375189
vn -0.542236 -0.818493 -0.189867
vn -0.717884 -0.695681 -0.025890
vn 0.604975 0.745061 0.280872
vn 0.601837 0.628423 0.492826
vn 0.791875 0.459734 0.401968
vn 0.763997 0.642360 0.060682
vn 0.763997 0.642360 0.060682
vn 0.791875 0.459734 0.401968
vn 0.969961 0.127922 0.206912
vn 0.933349 0.339130 -0.117687
vn 0.791875 0.459734 0.401968
vn 0.754571 0.384563 0.531727
vn 0.933570 0.014731 0.358091
vn 0.969961 0.127922 0.206912
vn 0.601837 0.628423 0.492826
vn 0.582945 0.557222 0.591336
vn 0.754571 0.384563 0.531727
vn 0.791875 0.459734 0.401968
vn 0.933349 0.339130 -0.117687
vn 0.969961 0.127922 0.206912
vn 0.976863 -0.207229 -0.052875
vn 0.933739 0.030365 -0.356666
vn 0.933739 0.030365 -0.356666
vn 0.976863 -0.207229 -0.052875
vn 0.888760 -0.406060 -0.212655
vn 0.881547 -0.252098 -0.399152
vn 0.976863 -0.207229 -0.052875
vn 0.948073 -0.313094 0.055950
vn 0.870303 -0.478849 -0.115225
vn 0.888760 -0.406060 -0.212655
vn 0.969961 0.127922 0.206912
vn 0.933570 0.014731 0.358091
vn 0.948073 -0.313094 0.055950
vn 0.976863 -0.207229 -0.052875
vn 0.604975 0.745061 0.280872
vn 0.240326 0.968578 -0.064039
vn 0.294541 0.750857 0.591151
vn 0.601837 0.628423 0.492826
vn 0.601837 0.628423 0.492826
vn 0.294541 0.750857 0.591151
vn 0.301669 0.579477 0.757101
vn 0.582945 0.557222 0.591336
vn 0.294541 0.750857 0.591151
vn -0.201949 0.736367 0.645740
vn -0.134516 0.513569 0.847439
vn 0.301669 0.579477 0.757101
vn 0.240326 0.968578 -0.064039
vn -0.274261 0.940485 -0.200671
vn -0.201949 0.736367 0.645740
vn 0.294541 0.750857 0.591151
vn 0.582945 0.557222 0.591336
vn 0.301669 0.579477 0.757101
vn 0.472958 0.348835 0.809089
vn 0.754571 0.384563 0.531727
vn 0.754571 0.384563 0.531727
vn 0.472958 0.348835 0.809089
vn 0.724346 -0.239891 0.646355
vn 0.933570 0.014731 0.358091
vn 0.472958 0.348835 0.809089
vn -0.065296 0.279490 0.957926
vn 0.164394 -0.524219 0.835565
vn 0.724346 -0.239891 0.646355
vn 0.301669 0.579477 0.757101
vn -0.134516 0.513569 0.847439
vn -0.065296 0.279490 0.957926
vn 0.472958 0.348835 0.809089
vn 0.933349 0.339130 -0.117687
vn 0.341173 0.592366 -0.729865
vn 0.265198 0.758832 -0.594848
vn 0.763997 0.642360 0.060682
vn 0.763997 0.642360 0.060682
vn 0.265198 0.758832 -0.594848
vn 0.240326 0.968578 -0.064039
vn 0.604975 0.745061 0.280872
vn 0.265198 0.758832 -0.594848
vn -0.194423 0.633192 -0.749178
vn -0.274261 0.940485 -0.200671
vn 0.240326 0.968578 -0.064039
vn 0.341173 0.592366 -0.729865
vn -0.164393 0.524223 -0.835563
vn -0.194423 0.633192 -0.749178
vn 0.265198 0.758832 -0.594848
vn 0.933570 0.014731 0.358091
vn 0.724346 -0.239891 0.646355
vn 0.749744 -0.649128 0.128521
vn 0.948073 -0.313094 0.055950
vn 0.948073 -0.313094 0.055950
vn 0.749744 -0.649128 0.128521
vn 0.665761 -0.733266 -0.138141
vn 0.870303 -0.478849 -0.115225
vn 0.749744 -0.649128 0.128521
vn 0.276763 -0.953806 0.116865
vn 0.271549 -0.950505 -0.151000
vn 0.665761 -0.733266 -0.138141
vn 0.724346 -0.239891 0.646355
vn 0.164394 -0.524219 0.835565
vn 0.276763 -0.953806 0.116865
vn 0.749744 -0.649128 0.128521
vn 0.870303 -0.478849 -0.115225
vn 0.665761 -0.733266 -0.138141
vn 0.680282 -0.639949 -0.357325
vn 0.888760 -0.406060 -0.212655
vn 0.888760 -0.406060 -0.212655
vn 0.680282 -0.639949 -0.357325
vn 0.549065 -0.144582 -0.823179
vn 0.881547 -0.252098 -0.399152
vn 0.680282 -0.639949 -0.357325
vn 0.241516 -0.862530 -0.444648
vn 0.042204 -0.200488 -0.978787
vn 0.549065 -0.144582 -0.823179
vn 0.665761 -0.733266 -0.138141
vn 0.271549 -0.950505 -0.151000
vn 0.241516 -0.862530 -0.444648
vn 0.680282 -0.639949 -0.357325
vn 0.881547 -0.252098 -0.399152
vn 0.549065 -0.144582 -0.823179
vn 0.365787 0.396169 -0.842170
vn 0.933739 0.030365 -0.356666
vn 0.933739 0.030365 -0.356666
vn 0.365787 0.396169 -0.842170
vn 0.341173 0.592366 -0.729865
vn 0.933349 0.339130 -0.117687
vn 0.365787 0.396169 -0.842170
vn -0.131038 0.404652 -0.905034
vn -0.164393 0.524223 -0.835563
vn 0.341173 0.592366 -0.729865
vn 0.549065 -0.144582 -0.823179
vn 0.042204 -0.200488 -0.978787
vn -0.131038 0.404652 -0.905034
vn 0.365787 0.396169 -0.842170
vn -0.164393 0.524223 -0.835563
vn -0.625338 0.313803 -0.714479
vn -0.645658 0.496307 -0.580349
vn -0.194423 0.633192 -0.749178
vn -0.194423 0.633192 -0.749178
vn -0.645658 0.496307 -0.580349
vn -0.720613 0.691622 -0.048746
vn -0.274261 0.940485 -0.200671
vn -0.645658 0.496307 -0.580349
vn -0.986487 0.137841 0.088561
vn -0.900102 0.311280 0.304831
vn -0.720613 0.691622 -0.048746
vn -0.625338 0.313803 -0.714479
vn -0.973685 -0.210506 -0.087324
vn -0.986487 0.137841 0.088561
vn -0.645658 0.496307 -0.580349
vn 0.042204 -0.200488 -0.978787
vn -0.411868 -0.421532 -0.807884
vn -0.545076 0.133641 -0.827667
vn -0.131038 0.404652 -0.905034
vn -0.131038 0.404652 -0.905034
vn -0.545076 0.133641 -0.827667
vn -0.625338 0.313803 -0.714479
vn -0.164393 0.524223 -0.835563
vn -0.545076 0.133641 -0.827667
vn -0.816747 -0.474148 -0.328797
vn -0.973685 -0.210506 -0.087324
vn -0.625338 0.313803 -0.714479
vn -0.411868 -0.421532 -0.807884
vn -0.623533 -0.685887 -0.375189
vn -0.816747 -0.474148 -0.328797
vn -0.545076 0.133641 -0.827667
vn 0.271549 -0.950505 -0.151000
vn -0.177240 -0.976234 -0.124717
vn -0.245623 -0.906812 -0.342580
vn 0.241516 -0.862530 -0.444648
vn 0.241516 -0.862530 -0.444648
vn -0.245623 -0.906812 -0.342580
vn -0.411868 -0.421532 -0.807884
vn 0.042204 -0.200488 -0.978787
vn -0.245623 -0.906812 -0.342580
vn -0.542236 -0.818493 -0.189867
vn -0.623533 -0.685887 -0.375189
vn -0.411868 -0.421532 -0.807884
vn -0.177240 -0.976234 -0.124717
vn -0.485032 -0.869468 -0.093642
vn -0.542236 -0.818493 -0.189867
vn -0.245623 -0.906812 -0.342580
vn 0.164394 -0.524219 0.835565
vn -0.466278 -0.583049 0.665311
vn -0.285236 -0.947426 0.144998
vn 0.276763 -0.953806 0.116865
vn 0.276763 -0.953806 0.116865
vn -0.285236 -0.947426 0.144998
vn -0.177240 -0.976234 -0.124717
vn 0.271549 -0.950505 -0.151000
vn -0.285236 -0.947426 0.144998
vn -0.633996 -0.769068 0.081136
vn -0.485032 -0.869468 -0.093642
vn -0.177240 -0.976234 -0.124717
vn -0.466278 -0.583049 0.665311
vn -0.787280 -0.481243 0.385480
vn -0.633996 -0.769068 0.081136
vn -0.285236 -0.947426 0.144998
vn -0.134516 0.513569 0.847439
vn -0.541343 0.336512 0.770524
vn -0.562031 0.050534 0.825571
vn -0.065296 0.279490 0.957926
vn -0.065296 0.279490 0.957926
vn -0.562031 0.050534 0.825571
vn -0.466278 -0.583049 0.665311
vn 0.164394 -0.524219 0.835565
vn -0.562031 0.050534 0.825571
vn -0.827499 -0.071414 0.556907
vn -0.787280 -0.481243 0.385480
vn -0.466278 -0.583049 0.665311
vn -0.541343 0.336512 0.770524
vn -0.772390 0.166593 0.612912
vn -0.827499 -0.071414 0.556907
vn -0.562031 0.050534 0.825571
vn -0.274261 0.940485 -0.200671
vn -0.720613 0.691622 -0.048746
vn -0.631382 0.483996 0.605892
vn -0.201949 0.736367 0.645740
vn -0.201949 0.736367 0.645740
vn -0.631382 0.483996 0.605892
vn -0.541343 0.336512 0.770524
vn -0.134516 0.513569 0.847439
vn -0.631382 0.483996 0.605892
vn -0.829155 0.215986 0.515608
vn -0.772390 0.166593 0.612912
vn -0.541343 0.336512 0.770524
vn -0.720613 0.691622 -0.048746
vn -0.900102 0.311280 0.304831
vn -0.829155 0.215986 0.515608
vn -0.631382 0.483996 0.605892
vn -0.979065 0.074880 -0.189274
vn -0.991647 0.022104 -0.127071
vn -0.968635 0.248278 0.010196
vn -0.961341 0.275019 -0.013722
vn -0.961341 0.275019 -0.013722
vn -0.968635 0.248278 0.010196
vn -0.957383 0.285952 0.040619
vn -0.951853 0.306174 0.015297
vn -0.968635 0.248278 0.010196
vn -0.992720 0.055926 0.106678
vn -0.968161 0.147476 0.202273
vn -0.957383 0.285952 0.040619
vn -0.991647 0.022104 -0.127071
vn -0.988793 -0.145215 -0.034651
vn -0.992720 0.055926 0.106678
vn -0.968635 0.248278 0.010196
vn -0.934150 0.164568 -0.316673
vn -0.965093 0.113295 -0.236133
vn -0.956530 0.289518 -0.035069
vn -0.921033 0.351090 -0.168625
vn -0.921033 0.351090 -0.168625
vn -0.956530 0.289518 -0.035069
vn -0.947679 0.319224 -0.000442
vn -0.912625 0.397749 -0.094405
vn -0.956530 0.289518 -0.035069
vn -0.961341 0.275019 -0.013722
vn -0.951853 0.306174 0.015297
vn -0.947679 0.319224 -0.000442
vn -0.965093 0.113295 -0.236133
vn -0.979065 0.074880 -0.189274
vn -0.961341 0.275019 -0.013722
vn -0.956530 0.289518 -0.035069
vn -0.951853 0.306174 0.015297
vn -0.941206 0.336084 0.034334
vn -0.934039 0.356604 0.020132
vn -0.947679 0.319224 -0.000442
vn -0.947679 0.319224 -0.000442
vn -0.934039 0.356604 0.020132
vn -0.877263 0.477272 -0.051202
vn -0.912625 0.397749 -0.094405
vn -0.934039 0.356604 0.020132
vn -0.820567 0.563287 0.096833
vn -0.734282 0.675748 0.064766
vn -0.877263 0.477272 -0.051202
vn -0.941206 0.336084 0.034334
vn -0.848789 0.512151 0.131371
vn -0.820567 0.563287 0.096833
vn -0.934039 0.356604 0.020132
vn -0.968161 0.147476 0.202273
vn -0.938402 0.230432 0.257495
vn -0.946990 0.314655 0.064832
vn -0.957383 0.285952 0.040619
vn -0.957383 0.285952 0.040619
vn -0.946990 0.314655 0.064832
vn -0.941206 0.336084 0.034334
vn -0.951853 0.306174 0.015297
vn -0.946990 0.314655 0.064832
vn -0.875224 0.440275 0.200351
vn -0.848789 0.512151 0.131371
vn -0.941206 0.336084 0.034334
vn -0.938402 0.230432 0.257495
vn -0.875675 0.328642 0.353820
vn -0.875224 0.440275 0.200351
vn -0.946990 0.314655 0.064832
vn 0.833180 -0.508048 -0.218399
vn 0.940554 -0.336745 -0.044287
vn 0.931588 -0.362946 -0.020343
vn 0.814449 -0.558844 -0.156097
vn 0.814449 -0.558844 -0.156097
vn 0.931588 -0.362946 -0.020343
vn 0.841839 -0.534180 0.077195
vn 0.717299 -0.693995 -0.062071
vn 0.931588 -0.362946 -0.020343
vn 0.945295 -0.326063 0.010039
vn 0.878041 -0.446376 0.172604
vn 0.841839 -0.534180 0.077195
vn 0.940554 -0.336745 -0.044287
vn 0.951853 -0.306173 -0.015297
vn 0.945295 -0.326063 0.010039
vn 0.931588 -0.362946 -0.020343
vn 0.845272 -0.407800 -0.345274
vn 0.947650 -0.249991 -0.198657
vn 0.944476 -0.321960 -0.065619
vn 0.842861 -0.468252 -0.265189
vn 0.842861 -0.468252 -0.265189
vn 0.944476 -0.321960 -0.065619
vn 0.940554 -0.336745 -0.044287
vn 0.833180 -0.508048 -0.218399
vn 0.944476 -0.321960 -0.065619
vn 0.955612 -0.292990 -0.031030
vn 0.951853 -0.306173 -0.015297
vn 0.940554 -0.336745 -0.044287
vn 0.947650 -0.249991 -0.198657
vn 0.970179 -0.207874 -0.124664
vn 0.955612 -0.292990 -0.031030
vn 0.944476 -0.321960 -0.065619
vn 0.951853 -0.306173 -0.015297
vn 0.955612 -0.292990 -0.031030
vn 0.966922 -0.254860 -0.010417
vn 0.961196 -0.275843 0.003762
vn 0.961196 -0.275843 0.003762
vn 0.966922 -0.254860 -0.010417
vn 0.997480 -0.021502 0.067618
vn 0.991597 -0.079828 0.101794
vn 0.966922 -0.254860 -0.010417
vn 0.989073 -0.123053 -0.081196
vn 0.992026 0.120476 0.037026
vn 0.997480 -0.021502 0.067618
vn 0.955612 -0.292990 -0.031030
vn 0.970179 -0.207874 -0.124664
vn 0.989073 -0.123053 -0.081196
vn 0.966922 -0.254860 -0.010417
vn 0.878041 -0.446376 0.172604
vn 0.945295 -0.326063 0.010039
vn 0.954290 -0.296910 0.034275
vn 0.903837 -0.362143 0.227885
vn 0.903837 -0.362143 0.227885
vn 0.954290 -0.296910 0.034275
vn 0.973179 -0.154282 0.170644
vn 0.912949 -0.246683 0.325072
vn 0.954290 -0.296910 0.034275
vn 0.961196 -0.275843 0.003762
vn 0.991597 -0.079828 0.101794
vn 0.973179 -0.154282 0.170644
vn 0.945295 -0.326063 0.010039
vn 0.951853 -0.306173 -0.015297
vn 0.961196 -0.275843 0.003762
vn 0.954290 -0.296910 0.034275
vn 0.878041 -0.446376 0.172604
vn -0.182751 -0.606784 0.773573
vn -0.264572 -0.845663 0.463525
vn 0.841839 -0.534180 0.077195
vn 0.841839 -0.534180 0.077195
vn -0.264572 -0.845663 0.463525
vn -0.306372 -0.948368 -0.082062
vn 0.717299 -0.693995 -0.062071
vn -0.264572 -0.845663 0.463525
vn -0.992720 0.055926 0.106678
vn -0.988793 -0.145215 -0.034651
vn -0.306372 -0.948368 -0.082062
vn -0.182751 -0.606784 0.773573
vn -0.968161 0.147476 0.202273
vn -0.992720 0.055926 0.106678
vn -0.264572 -0.845663 0.463525
vn 0.717299 -0.693995 -0.062071
vn -0.306372 -0.948368 -0.082062
vn -0.271153 -0.817609 -0.507928
vn 0.814449 -0.558844 -0.156097
vn 0.814449 -0.558844 -0.156097
vn -0.271153 -0.817609 -0.507928
vn -0.237301 -0.704305 -0.669061
vn 0.833180 -0.508048 -0.218399
vn -0.271153 -0.817609 -0.507928
vn -0.991647 0.022104 -0.127071
vn -0.979065 0.074880 -0.189274
vn -0.237301 -0.704305 -0.669061
vn -0.306372 -0.948368 -0.082062
vn -0.988793 -0.145215 -0.034651
vn -0.991647 0.022104 -0.127071
vn -0.271153 -0.817609 -0.507928
vn 0.845272 -0.407800 -0.345274
vn -0.072347 -0.175872 -0.981751
vn 0.124156 0.430662 -0.893933
vn 0.947650 -0.249991 -0.198657
vn 0.947650 -0.249991 -0.198657
vn 0.124156 0.430662 -0.893933
vn 0.195813 0.645663 -0.738090
vn 0.970179 -0.207874 -0.124664
vn 0.124156 0.430662 -0.893933
vn -0.921033 0.351090 -0.168625
vn -0.912625 0.397749 -0.094405
vn 0.195813 0.645663 -0.738090
vn -0.072347 -0.175872 -0.981751
vn -0.934150 0.164568 -0.316673
vn -0.921033 0.351090 -0.168625
vn 0.124156 0.430662 -0.893933
vn 0.833180 -0.508048 -0.218399
vn -0.237301 -0.704305 -0.669061
vn -0.203922 -0.595131 -0.777326
vn 0.842861 -0.468252 -0.265189
vn 0.842861 -0.468252 -0.265189
vn -0.203922 -0.595131 -0.777326
vn -0.072347 -0.175872 -0.981751
vn 0.845272 -0.407800 -0.345274
vn -0.203922 -0.595131 -0.777326
vn -0.965093 0.113295 -0.236133
vn -0.934150 0.164568 -0.316673
vn -0.072347 -0.175872 -0.981751
vn -0.237301 -0.704305 -0.669061
vn -0.979065 0.074880 -0.189274
vn -0.965093 0.113295 -0.236133
vn -0.203922 -0.595131 -0.777326
vn 0.970179 -0.207874 -0.124664
vn 0.195813 0.645663 -0.738090
vn 0.252837 0.812292 -0.525601
vn 0.989073 -0.123053 -0.081196
vn 0.989073 -0.123053 -0.081196
vn 0.252837 0.812292 -0.525601
vn 0.306232 0.951955 0.002048
vn 0.992026 0.120476 0.037026
vn 0.252837 0.812292 -0.525601
vn -0.877263 0.477272 -0.051202
vn -0.734282 0.675748 0.064766
vn 0.306232 0.951955 0.002048
vn 0.195813 0.645663 -0.738090
vn -0.912625 0.397749 -0.094405
vn -0.877263 0.477272 -0.051202
vn 0.252837 0.812292 -0.525601
vn 0.992026 0.120476 0.037026
vn 0.306232 0.951955 0.002048
vn 0.297406 0.910178 0.288316
vn 0.997480 -0.021502 0.067618
vn 0.997480 -0.021502 0.067618
vn 0.297406 0.910178 0.288316
vn 0.279644 0.846753 0.452557
vn 0.991597 -0.079828 0.101794
vn 0.297406 0.910178 0.288316
vn -0.820567 0.563287 0.096833
vn -0.848789 0.512151 0.131371
vn 0.279644 0.846753 0.452557
vn 0.306232 0.951955 0.002048
vn -0.734282 0.675748 0.064766
vn -0.820567 0.563287 0.096833
vn 0.297406 0.910178 0.288316
vn 0.991597 -0.079828 0.101794
vn 0.279644 0.846753 0.452557
vn 0.230735 0.682695 0.693317
vn 0.973179 -0.154282 0.170644
vn 0.973179 -0.154282 0.170644
vn 0.230735 0.682695 0.693317
vn 0.068271 0.163085 0.984247
vn 0.912949 -0.246683 0.325072
vn 0.230735 0.682695 0.693317
vn -0.875224 0.440275 0.200351
vn -0.875675 0.328642 0.353820
vn 0.068271 0.163085 0.984247
vn 0.279644 0.846753 0.452557
vn -0.848789 0.512151 0.131371
vn -0.875224 0.440275 0.200351
vn 0.230735 0.682695 0.693317
vn 0.912949 -0.246683 0.325072
vn 0.068271 0.163085 0.984247
vn -0.094308 -0.339934 0.935709
vn 0.903837 -0.362143 0.227885
vn 0.903837 -0.362143 0.227885
vn -0.094308 -0.339934 0.935709
vn -0.182751 -0.606784 0.773573
vn 0.878041 -0.446376 0.172604
vn -0.094308 -0.339934 0.935709
vn -0.938402 0.230432 0.257495
vn -0.968161 0.147476 0.202273
vn -0.182751 -0.606784 0.773573
vn 0.068271 0.163085 0.984247
vn -0.875675 0.328642 0.353820
vn -0.938402 0.230432 0.257495
vn -0.094308 -0.339934 0.935709
vn -0.633915 0.634617 0.442055
vn -0.633915 0.634617 0.442055
vn -0.633915 0.634617 0.442055
vn -0.633915 0.634617 0.442055
vn -0.567647 0.641814 0.515608
vn -0.765339 0.479850 0.428952
vn -0.726604 0.402368 0.556907
vn -0.548091 0.569154 0.612912
vn -0.765339 0.479850 0.428952
vn -0.959137 0.155459 0.236409
vn -0.921857 0.039803 0.385480
vn -0.726604 0.402368 0.556907
vn -0.741816 0.664730 0.088561
vn -0.925523 0.368485 -0.087324
vn -0.959137 0.155459 0.236409
vn -0.765339 0.479850 0.428952
vn -0.925523 0.368485 -0.087324
vn -0.942355 0.062131 -0.328797
vn -0.983892 -0.176879 -0.025890
vn -0.959137 0.155459 0.236409
vn -0.959137 0.155459 0.236409
vn -0.983892 -0.176879 -0.025890
vn -0.955211 -0.284584 0.081136
vn -0.921857 0.039803 0.385480
vn -0.983892 -0.176879 -0.025890
vn -0.906630 -0.376793 -0.189867
vn -0.887592 -0.451011 -0.093642
vn -0.955211 -0.284584 0.081136
vn -0.942355 0.062131 -0.328797
vn -0.900123 -0.221386 -0.375189
vn -0.906630 -0.376793 -0.189867
vn -0.983892 -0.176879 -0.025890
vn 0.917733 0.280850 0.280872
vn 0.850060 0.185799 0.492825
vn 0.913671 -0.060218 0.401968
vn 0.992416 0.106902 0.060682
vn 0.992416 0.106902 0.060682
vn 0.913671 -0.060218 0.401968
vn 0.876361 -0.434946 0.206912
vn 0.963803 -0.239235 -0.117687
vn 0.913671 -0.060218 0.401968
vn 0.840776 -0.101793 0.531727
vn 0.783015 -0.508585 0.358091
vn 0.876361 -0.434946 0.206912
vn 0.850060 0.185799 0.492825
vn 0.794660 0.137247 0.591336
vn 0.840776 -0.101793 0.531727
vn 0.913671 -0.060218 0.401968
vn 0.963803 -0.239235 -0.117687
vn 0.876361 -0.434946 0.206912
vn 0.695119 -0.716947 -0.052875
vn 0.791876 -0.495704 -0.356666
vn 0.791876 -0.495704 -0.356666
vn 0.695119 -0.716947 -0.052875
vn 0.511078 -0.832813 -0.212655
vn 0.590983 -0.701011 -0.399152
vn 0.695119 -0.716947 -0.052875
vn 0.612166 -0.788747 0.055950
vn 0.455153 -0.882926 -0.115225
vn 0.511078 -0.832813 -0.212655
vn 0.876361 -0.434946 0.206912
vn 0.783015 -0.508585 0.358091
vn 0.612166 -0.788747 0.055950
vn 0.695119 -0.716947 -0.052875
vn 0.917733 0.280850 0.280872
vn 0.739794 0.669779 -0.064039
vn 0.663328 0.458842 0.591151
vn 0.850060 0.185799 0.492825
vn 0.850060 0.185799 0.492825
vn 0.663328 0.458842 0.591151
vn 0.573637 0.312632 0.757101
vn 0.794660 0.137247 0.591336
vn 0.663328 0.458842 0.591151
vn 0.243194 0.723793 0.645740
vn 0.174867 0.501268 0.847439
vn 0.573637 0.312632 0.757101
vn 0.739794 0.669779 -0.064039
vn 0.297051 0.933537 -0.200671
vn 0.243194 0.723793 0.645740
vn 0.663328 0.458842 0.591151
vn 0.794660 0.137247 0.591336
vn 0.573637 0.312632 0.757101
vn 0.587126 0.025659 0.809089
vn 0.840776 -0.101793 0.531727
vn 0.840776 -0.101793 0.531727
vn 0.587126 0.025659 0.809089
vn 0.467327 -0.603184 0.646355
vn 0.783015 -0.508585 0.358091
vn 0.587126 0.025659 0.809089
vn 0.101728 0.268384 0.957926
vn -0.156011 -0.526775 0.835565
vn 0.467327 -0.603184 0.646355
vn 0.573637 0.312632 0.757101
vn 0.174867 0.501268 0.847439
vn 0.101728 0.268384 0.957926
vn 0.587126 0.025659 0.809089
vn 0.963803 -0.239235 -0.117687
vn 0.613612 0.301291 -0.729866
vn 0.643425 0.481830 -0.594848
vn 0.992416 0.106902 0.060682
vn 0.992416 0.106902 0.060682
vn 0.643425 0.481830 -0.594848
vn 0.739794 0.669779 -0.064039
vn 0.917733 0.280850 0.280872
vn 0.643425 0.481830 -0.594848
vn 0.191882 0.633967 -0.749178
vn 0.297051 0.933537 -0.200671
vn 0.739794 0.669779 -0.064039
vn 0.613612 0.301291 -0.729866
vn 0.156014 0.526778 -0.835563
vn 0.191882 0.633967 -0.749178
vn 0.643425 0.481830 -0.594848
vn 0.783015 -0.508585 0.358091
vn 0.467327 -0.603184 0.646355
vn 0.260105 -0.956989 0.128521
vn 0.612166 -0.788747 0.055950
vn 0.612166 -0.788747 0.055950
vn 0.260105 -0.956989 0.128521
vn 0.143466 -0.979967 -0.138141
vn 0.455153 -0.882926 -0.115225
vn 0.260105 -0.956989 0.128521
vn -0.302407 -0.945988 0.116865
vn -0.304892 -0.940340 -0.151000
vn 0.143466 -0.979967 -0.138141
vn 0.467327 -0.603184 0.646355
vn -0.156011 -0.526775 0.835565
vn -0.302407 -0.945988 0.116865
vn 0.260105 -0.956989 0.128521
vn 0.455153 -0.882926 -0.115225
vn 0.143466 -0.979967 -0.138141
vn 0.207576 -0.910621 -0.357325
vn 0.511078 -0.832813 -0.212655
vn 0.511078 -0.832813 -0.212655
vn 0.207576 -0.910621 -0.357325
vn 0.375026 -0.426300 -0.823179
vn 0.590983 -0.701011 -0.399152
vn 0.207576 -0.910621 -0.357325
vn -0.280739 -0.850573 -0.444648
vn -0.076819 -0.189935 -0.978787
vn 0.375026 -0.426300 -0.823179
vn 0.143466 -0.979967 -0.138141
vn -0.304892 -0.940340 -0.151000
vn -0.280739 -0.850573 -0.444648
vn 0.207576 -0.910621 -0.357325
vn 0.590983 -0.701011 -0.399152
vn 0.375026 -0.426300 -0.823179
vn 0.524588 0.124730 -0.842170
vn 0.791876 -0.495704 -0.356666
vn 0.791876 -0.495704 -0.356666
vn 0.524588 0.124730 -0.842170
vn 0.613612 0.301291 -0.729866
vn 0.963803 -0.239235 -0.117687
vn 0.524588 0.124730 -0.842170
vn 0.116991 0.408935 -0.905034
vn 0.156014 0.526778 -0.835563
vn 0.613612 0.301291 -0.729866
vn 0.375026 -0.426300 -0.823179
vn -0.076819 -0.189935 -0.978787
vn 0.116991 0.408935 -0.905034
vn 0.524588 0.124730 -0.842170
vn 0.156014 0.526778 -0.835563
vn -0.343925 0.609291 -0.714479
vn -0.258974 0.772093 -0.580349
vn 0.191882 0.633967 -0.749178
vn 0.191882 0.633967 -0.749178
vn -0.258974 0.772093 -0.580349
vn -0.212222 0.976005 -0.048746
vn 0.297051 0.933537 -0.200671
vn -0.258974 0.772093 -0.580349
vn -0.741816 0.664730 0.088561
vn -0.573366 0.760480 0.304831
vn -0.212222 0.976005 -0.048746
vn -0.343925 0.609291 -0.714479
vn -0.925523 0.368485 -0.087324
vn -0.741816 0.664730 0.088561
vn -0.258974 0.772093 -0.580349
vn -0.076819 -0.189935 -0.978787
vn -0.576981 -0.120073 -0.807884
vn -0.377820 0.414994 -0.827667
vn 0.116991 0.408935 -0.905034
vn 0.116991 0.408935 -0.905034
vn -0.377820 0.414994 -0.827667
vn -0.343925 0.609291 -0.714479
vn 0.156014 0.526778 -0.835563
vn -0.377820 0.414994 -0.827667
vn -0.942355 0.062131 -0.328797
vn -0.925523 0.368485 -0.087324
vn -0.343925 0.609291 -0.714479
vn -0.576981 -0.120073 -0.807884
vn -0.900123 -0.221386 -0.375189
vn -0.942355 0.062131 -0.328797
vn -0.377820 0.414994 -0.827667
vn -0.304892 -0.940340 -0.151000
vn -0.691708 -0.711327 -0.124717
vn -0.709733 -0.615563 -0.342580
vn -0.280739 -0.850573 -0.444648
vn -0.280739 -0.850573 -0.444648
vn -0.709733 -0.615563 -0.342580
vn -0.576981 -0.120073 -0.807884
vn -0.076819 -0.189935 -0.978787
vn -0.709733 -0.615563 -0.342580
vn -0.906630 -0.376793 -0.189867
vn -0.900123 -0.221386 -0.375189
vn -0.576981 -0.120073 -0.807884
vn -0.691708 -0.711327 -0.124717
vn -0.887592 -0.451011 -0.093642
vn -0.906630 -0.376793 -0.189867
vn -0.709733 -0.615563 -0.342580
vn -0.156011 -0.526775 0.835565
vn -0.712243 -0.223767 0.665311
vn -0.765266 -0.627171 0.144998
vn -0.302407 -0.945988 0.116865
vn -0.302407 -0.945988 0.116865
vn -0.765266 -0.627171 0.144998
vn -0.691708 -0.711327 -0.124717
vn -0.304892 -0.940340 -0.151000
vn -0.765266 -0.627171 0.144998
vn -0.955211 -0.284584 0.081136
vn -0.887592 -0.451011 -0.093642
vn -0.691708 -0.711327 -0.124717
vn -0.712243 -0.223767 0.665311
vn -0.921857 0.039803 0.385480
vn -0.955211 -0.284584 0.081136
vn -0.765266 -0.627171 0.144998
vn 0.174867 0.501268 0.847439
vn -0.261546 0.581280 0.770524
vn -0.438254 0.355480 0.825571
vn 0.101728 0.268384 0.957926
vn 0.101728 0.268384 0.957926
vn -0.438254 0.355480 0.825571
vn -0.712243 -0.223767 0.665311
vn -0.156011 -0.526775 0.835565
vn -0.438254 0.355480 0.825571
vn -0.726604 0.402368 0.556907
vn -0.921857 0.039803 0.385480
vn -0.712243 -0.223767 0.665311
vn -0.261546 0.581280 0.770524
vn -0.548091 0.569154 0.612912
vn -0.726604 0.402368 0.556907
vn -0.438254 0.355480 0.825571
vn 0.297051 0.933537 -0.200671
vn -0.212222 0.976005 -0.048746
vn -0.253995 0.753911 0.605892
vn 0.243194 0.723793 0.645740
vn 0.243194 0.723793 0.645740
vn -0.253995 0.753911 0.605892
vn -0.261546 0.581280 0.770524
vn 0.174867 0.501268 0.847439
vn -0.253995 0.753911 0.605892
vn -0.567647 0.641814 0.515608
vn -0.548091 0.569154 0.612912
vn -0.261546 0.581280 0.770524
vn -0.212222 0.976005 -0.048746
vn -0.573366 0.760480 0.304831
vn -0.567647 0.641814 0.515608
vn -0.253995 0.753911 0.605892
vn -0.755605 0.608082 0.243512
vn -0.409418 0.835480 0.366537
vn -0.457842 0.867060 0.196439
vn -0.768719 0.615309 0.174547
vn 0.000000 0.936786 0.349904
vn 0.000000 0.976613 0.215007
vn 0.000000 0.963015 0.269446
vn -0.548781 0.803562 0.230495
vn -0.798318 0.573774 0.182955
vn 0.409418 0.835480 0.366537
vn 0.457843 0.867059 0.196439
vn 0.755605 0.608081 0.243512
vn 0.768707 0.615322 0.174550
vn 0.798309 0.573787 0.182953
vn 0.548781 0.803562 0.230495
vn -0.618267 0.748468 0.239878
vn -0.839071 0.513399 0.179947
vn 0.000000 0.954457 0.298348
vn -0.000000 0.983203 0.182515
vn -0.673089 0.726381 0.139006
vn -0.882544 0.460287 0.096190
vn 0.618267 0.748468 0.239878
vn 0.839072 0.513398 0.179943
vn 0.882543 0.460288 0.096193
vn 0.673089 0.726381 0.139006
vn -0.662377 0.747548 -0.049278
vn -0.888549 0.458515 -0.015641
vn -0.000000 0.997180 -0.075047
vn -0.000000 0.962198 -0.272351
vn -0.650865 0.732975 -0.197794
vn -0.887127 0.447651 -0.112315
vn 0.662377 0.747548 -0.049278
vn 0.888549 0.458515 -0.015641
vn 0.887127 0.447651 -0.112315
vn 0.650865 0.732975 -0.197794
vn -0.440841 0.708205 -0.551457
vn -0.776075 0.509854 -0.371156
vn 0.000106 0.797893 -0.602800
vn -0.380825 0.775309 -0.503853
vn -0.000000 0.837398 -0.546594
vn -0.000000 0.814541 -0.580107
vn -0.416365 0.733364 -0.537417
vn -0.658573 0.618590 -0.428519
vn -0.692671 0.597028 -0.404677
vn 0.440998 0.708400 -0.551081
vn 0.776126 0.509950 -0.370918
vn 0.380825 0.775309 -0.503853
vn 0.658572 0.618590 -0.428519
vn 0.692672 0.597028 -0.404677
vn 0.416365 0.733364 -0.537417
vn -0.810287 -0.536914 0.234857
vn -0.814225 -0.535004 0.225407
vn -0.595741 -0.770420 0.227038
vn -0.514593 -0.802330 0.302425
vn -0.786495 -0.472575 0.397615
vn -0.570056 -0.662740 0.485604
vn -0.000000 -0.799879 0.600161
vn -0.000000 -0.961950 0.273224
vn -0.000000 -0.953065 0.302765
vn 0.595740 -0.770420 0.227039
vn 0.514593 -0.802330 0.302425
vn 0.570056 -0.662740 0.485604
vn 0.786495 -0.472575 0.397615
vn 0.814225 -0.535004 0.225406
vn 0.810287 -0.536914 0.234857
vn -0.773002 -0.470357 0.425714
vn -0.527751 -0.680048 0.508935
vn -0.837720 -0.498258 0.223526
vn -0.566332 -0.772188 0.288086
vn 0.000000 -0.943753 0.330650
vn -0.000000 -0.822823 0.568298
vn 0.527751 -0.680048 0.508935
vn 0.566332 -0.772188 0.288086
vn 0.837720 -0.498258 0.223526
vn 0.773002 -0.470357 0.425714
vn -0.835734 -0.543193 0.080560
vn -0.545098 -0.832475 0.099265
vn -0.826494 -0.562582 -0.020230
vn -0.508864 -0.859452 -0.048991
vn -0.000000 -0.997950 -0.064005
vn 0.000000 -0.993834 0.110875
vn 0.545098 -0.832475 0.099265
vn 0.508864 -0.859452 -0.048991
vn 0.826494 -0.562582 -0.020230
vn 0.835734 -0.543193 0.080560
vn -0.700787 -0.680239 -0.214879
vn -0.363351 -0.896262 -0.254344
vn -0.495756 -0.765015 -0.411068
vn -0.389658 -0.721394 -0.572501
vn -0.183274 -0.806045 -0.562764
vn -0.194068 -0.884722 -0.423799
vn 0.000000 -0.833155 -0.553040
vn 0.000000 -0.907949 -0.419081
vn -0.000000 -0.958463 -0.285217
vn 0.363351 -0.896262 -0.254344
vn 0.183274 -0.806045 -0.562764
vn 0.194068 -0.884721 -0.423799
vn 0.389658 -0.721394 -0.572501
vn 0.495756 -0.765015 -0.411069
vn 0.700787 -0.680239 -0.214879
vn -0.631134 -0.454816 0.628341
vn -0.921011 -0.223713 0.318892
vn 0.000000 -0.659243 0.751930
vn -0.000000 -0.030805 0.999525
vn -0.735068 -0.012276 0.677882
vn -0.945893 0.059545 0.318968
vn -0.954107 -0.171102 0.245774
vn -0.952461 -0.136811 0.272215
vn -0.959005 0.157445 0.235627
vn -0.956141 0.218686 0.194863
vn 0.631134 -0.454816 0.628341
vn 0.921011 -0.223713 0.318892
vn 0.945893 0.059545 0.318968
vn 0.735068 -0.012276 0.677882
vn 0.954107 -0.171102 0.245774
vn 0.952461 -0.136811 0.272215
vn 0.956142 0.218679 0.194863
vn 0.959005 0.157442 0.235628
vn -0.946051 -0.159495 0.282046
vn -0.976164 -0.158826 0.147910
vn -0.971842 0.166199 0.167037
vn -0.988497 0.120792 0.091008
vn 0.946051 -0.159495 0.282046
vn 0.976164 -0.158826 0.147910
vn 0.988497 0.120794 0.091009
vn 0.971842 0.166202 0.167034
vn -0.983812 -0.173316 0.045553
vn -0.984301 -0.173484 -0.032488
vn -0.994166 0.107215 0.011766
vn -0.993745 0.096099 -0.056878
vn 0.983812 -0.173316 0.045553
vn 0.984301 -0.173484 -0.032488
vn 0.993745 0.096099 -0.056878
vn 0.994166 0.107215 0.011766
vn -0.466439 -0.494523 -0.733404
vn -0.000000 -0.578130 -0.815945
vn -0.694307 -0.345029 -0.631580
vn -0.803673 0.085304 -0.588926
vn -0.622662 0.078896 -0.778504
vn 0.000000 0.080429 -0.996760
vn -0.767254 -0.406751 -0.495857
vn -0.959298 -0.258890 -0.112799
vn -0.958817 0.020699 0.283270
vn -0.846958 0.058151 -0.528470
vn 0.959298 -0.258890 -0.112798
vn 0.694307 -0.345029 -0.631580
vn 0.767254 -0.406752 -0.495857
vn 0.803673 0.085304 -0.588926
vn 0.846958 0.058151 -0.528470
vn 0.958817 0.020700 0.283270
vn 0.466439 -0.494523 -0.733404
vn 0.622662 0.078896 -0.778504
vn -0.893087 0.404478 0.196960
vn -0.892651 0.419084 0.165959
vn -0.898081 0.309991 0.312020
vn -0.921877 0.357063 0.150497
vn -0.952500 0.294083 0.079112
vn -0.961328 0.275379 -0.003957
vn -0.960980 0.265657 -0.077098
vn -0.798962 0.369320 -0.474618
vn -0.781006 0.329627 -0.530449
vn -0.967395 0.234141 0.096562
vn -0.574867 0.415925 -0.704651
vn -0.000000 0.500164 -0.865931
vn 0.574867 0.415926 -0.704652
vn 0.781006 0.329627 -0.530449
vn 0.960980 0.265657 -0.077098
vn 0.967395 0.234142 0.096561
vn 0.798962 0.369320 -0.474618
vn 0.961328 0.275379 -0.003957
vn 0.952501 0.294081 0.079109
vn 0.921879 0.357061 0.150491
vn 0.892650 0.419086 0.165959
vn 0.893086 0.404477 0.196966
vn 0.898081 0.309991 0.312020
vn 0.629889 0.396287 0.667979
vn 0.000000 0.557132 0.830424
vn -0.629889 0.396287 0.667979
vn -0.227776 -0.928218 -0.294160
vn -0.586952 -0.774269 -0.236634
vn -0.000000 -0.950927 -0.309415
vn 0.227776 -0.928218 -0.294160
vn 0.586952 -0.774269 -0.236634
vn 0.870959 -0.405215 -0.277905
vn 0.903254 0.072162 -0.422995
vn 0.780647 0.432568 -0.451082
vn 0.646159 0.609853 -0.458866
vn 0.347472 0.748284 -0.565097
vn -0.000207 0.797262 -0.603633
vn -0.347723 0.748401 -0.564787
vn -0.646183 0.609875 -0.458803
vn -0.780647 0.432568 -0.451082
vn -0.903254 0.072162 -0.422995
vn -0.870959 -0.405215 -0.277905
vn 0.950246 -0.311396 -0.008044
vn 0.998815 0.032823 -0.035922
vn 0.706038 -0.682644 -0.188434
vn 0.299610 -0.914046 -0.273413
vn 0.000000 -0.954765 -0.297362
vn -0.299609 -0.914046 -0.273414
vn -0.706037 -0.682645 -0.188436
vn -0.950247 -0.311395 -0.008044
vn -0.998815 0.032823 -0.035922
vn -0.943839 0.329625 0.022687
vn -0.827079 0.554140 -0.094176
vn -0.425243 0.728150 -0.537555
vn -0.000024 0.798212 -0.602377
vn 0.425568 0.728143 -0.537308
vn 0.827177 0.553994 -0.094178
vn 0.943839 0.329626 0.022687
vn -0.967609 -0.229697 0.104752
vn -0.971569 -0.205796 0.117051
vn -0.995160 -0.095017 0.025067
vn -0.993080 -0.116895 0.011319
vn -0.966656 -0.210762 0.145453
vn -0.993564 -0.102571 0.048071
vn -0.999534 -0.024194 -0.018593
vn -0.998707 -0.042224 -0.028313
vn -0.996401 -0.070737 -0.046702
vn -0.998280 -0.019746 -0.055199
vn -0.995728 -0.047156 -0.079390
vn -0.998804 0.019556 -0.044822
vn -0.995899 0.058159 -0.069299
vn -0.995961 -0.010115 -0.089216
vn -0.992173 -0.046328 -0.115961
vn -0.952811 -0.240734 0.184927
vn -0.990027 -0.118788 0.075739
vn -0.915977 -0.320170 0.241821
vn -0.985282 -0.141875 0.095343
vn -0.999955 0.009308 -0.001938
vn -0.999981 0.003249 -0.005170
vn -0.996997 0.069922 -0.033280
vn -0.996012 0.081530 -0.036247
vn -0.989446 0.134363 -0.054255
vn -0.991116 0.123998 -0.048104
vn -0.820621 -0.459607 0.339621
vn -0.972054 -0.195424 0.130075
vn -0.565927 -0.665038 0.487290
vn -0.950413 -0.257032 0.175072
vn -0.999963 0.008134 -0.002770
vn -0.999989 0.004570 -0.000608
vn -0.995866 0.079988 -0.043043
vn -0.995659 0.080333 -0.047007
vn -0.989219 0.126659 -0.073507
vn -0.989403 0.128572 -0.067463
vn 0.037650 -0.797591 0.602023
vn -0.870757 -0.398174 0.288514
vn 0.354191 -0.738701 0.573472
vn -0.660828 -0.599188 0.451973
vn -0.999956 -0.006632 0.006596
vn -0.999994 0.003371 0.000514
vn -0.995560 0.079385 -0.050570
vn -0.995476 0.078693 -0.053247
vn -0.989117 0.122104 -0.082087
vn -0.989230 0.123782 -0.078121
vn -0.442199 -0.688497 0.574832
vn -0.999868 0.001600 0.016150
vn 0.520815 -0.588647 0.618261
vn -0.998715 0.023168 0.045068
vn -0.995591 0.082281 -0.045035
vn -0.995988 0.087861 -0.016973
vn -0.991606 0.117080 -0.054868
vn -0.989583 0.122188 -0.076128
vn 0.969474 -0.182374 0.163889
vn 0.978285 -0.202640 -0.043542
vn -0.988757 0.035177 0.145337
vn -0.995100 0.058204 0.079932
vn -0.995399 0.091610 0.028066
vn -0.987713 0.113484 0.107444
vn -0.990117 0.127701 0.057974
vn -0.992880 0.117608 -0.018902
vn 0.967609 -0.229697 0.104752
vn 0.993080 -0.116895 0.011319
vn 0.995160 -0.095017 0.025067
vn 0.971569 -0.205796 0.117051
vn 0.996401 -0.070737 -0.046702
vn 0.998707 -0.042224 -0.028313
vn 0.999534 -0.024194 -0.018593
vn 0.993564 -0.102571 0.048071
vn 0.966656 -0.210762 0.145453
vn 0.995728 -0.047157 -0.079391
vn 0.998280 -0.019746 -0.055199
vn 0.992173 -0.046328 -0.115961
vn 0.995961 -0.010115 -0.089216
vn 0.995899 0.058159 -0.069300
vn 0.998804 0.019556 -0.044822
vn 0.990027 -0.118788 0.075739
vn 0.952811 -0.240735 0.184928
vn 0.999981 0.003249 -0.005170
vn 0.999955 0.009308 -0.001938
vn 0.985282 -0.141875 0.095343
vn 0.915977 -0.320170 0.241821
vn 0.996997 0.069922 -0.033280
vn 0.991116 0.123998 -0.048104
vn 0.989446 0.134363 -0.054255
vn 0.996012 0.081530 -0.036247
vn 0.972054 -0.195424 0.130075
vn 0.820621 -0.459607 0.339621
vn 0.999989 0.004570 -0.000608
vn 0.999963 0.008134 -0.002770
vn 0.950413 -0.257032 0.175072
vn 0.565927 -0.665038 0.487290
vn 0.995866 0.079988 -0.043043
vn 0.989403 0.128572 -0.067463
vn 0.989219 0.126659 -0.073507
vn 0.995659 0.080333 -0.047007
vn 0.870756 -0.398174 0.288515
vn -0.037648 -0.797591 0.602023
vn 0.999994 0.003371 0.000514
vn 0.999956 -0.006632 0.006596
vn 0.660827 -0.599189 0.451974
vn -0.354191 -0.738701 0.573472
vn 0.995560 0.079385 -0.050570
vn 0.989230 0.123781 -0.078120
vn 0.989117 0.122104 -0.082087
vn 0.995476 0.078693 -0.053247
vn 0.999868 0.001599 0.016151
vn 0.998715 0.023168 0.045068
vn 0.995591 0.082281 -0.045035
vn 0.989583 0.122189 -0.076129
vn 0.991606 0.117080 -0.054868
vn 0.995988 0.087861 -0.016973
vn 0.995100 0.058204 0.079931
vn 0.988757 0.035177 0.145337
vn 0.995399 0.091610 0.028066
vn 0.992880 0.117608 -0.018901
vn 0.990117 0.127701 0.057974
vn 0.987713 0.113484 0.107444
vn 0.000000 -0.923587 0.383390
vn -0.000000 -0.997840 -0.065695
vn 0.000003 -0.801438 -0.598077
vn 0.000000 -0.808235 0.588860
vn 0.000000 -0.846299 0.532708
vn 0.000009 -0.555553 -0.831481
vn 0.000014 -0.372237 -0.928138
vn -0.000009 0.059048 -0.998255
vn -0.000003 0.605797 -0.795619
vn 0.000000 -0.776417 0.630220
vn 0.000000 -0.775671 0.631138
vn 0.000004 0.937029 -0.349252
vn -0.000000 0.937625 -0.347650
vn 0.000000 -0.784899 0.619624
vn 0.000000 -0.781832 0.623489
vn -0.000000 0.888439 -0.458994
vn -0.000000 0.865152 -0.501510
vn 0.000005 -0.785544 0.618806
vn 0.000001 -0.786674 0.617368
vn -0.000000 0.845917 -0.533315
vn -0.000000 0.829901 -0.557911
vn -0.000000 0.832980 -0.553303
vn -0.000000 0.842616 -0.538515
vn -0.000001 0.150197 0.988656
vn 0.000001 0.918767 -0.394800
vn 0.000000 0.960205 0.279295
vn 0.000000 0.620423 0.784268
vn 0.642434 -0.752145 -0.146822
vn 0.942636 -0.316252 -0.106878
vn 0.996499 -0.083341 0.006618
vn 0.855124 -0.516044 -0.049608
vn 0.942636 -0.316252 -0.106878
vn 0.979139 -0.159399 -0.126009
vn 0.999926 0.009231 0.007928
vn 0.996499 -0.083341 0.006618
vn 0.996499 -0.083341 0.006618
vn 0.999926 0.009231 0.007928
vn 0.997014 0.044830 0.062875
vn 0.998169 -0.021922 0.056381
vn 0.855124 -0.516044 -0.049608
vn 0.996499 -0.083341 0.006618
vn 0.998169 -0.021922 0.056381
vn 0.922518 -0.385868 -0.008124
vn 0.979139 -0.159399 -0.126009
vn 0.990670 -0.035387 -0.131607
vn 0.999951 0.007809 0.006104
vn 0.999926 0.009231 0.007928
vn 0.990670 -0.035387 -0.131607
vn 0.995291 -0.010605 -0.096354
vn 0.995329 -0.010558 -0.095958
vn 0.999951 0.007809 0.006104
vn 0.999951 0.007809 0.006104
vn 0.989857 0.022285 0.140310
vn 0.989848 0.021983 0.140417
vn 0.996907 0.048630 0.061745
vn 0.999926 0.009231 0.007928
vn 0.999951 0.007809 0.006104
vn 0.996907 0.048630 0.061745
vn 0.997014 0.044830 0.062875
vn 0.992060 -0.000005 -0.125763
vn 0.995289 0.010578 -0.096376
vn 0.995327 0.010534 -0.095982
vn 0.999996 -0.000261 0.002672
vn 0.990665 0.035243 -0.131684
vn 0.979160 0.159060 -0.126276
vn 0.999926 -0.010149 0.006640
vn 0.999948 -0.008564 0.005519
vn 0.999948 -0.008564 0.005519
vn 0.999926 -0.010149 0.006640
vn 0.997015 -0.046564 0.061587
vn 0.996892 -0.050363 0.060582
vn 0.999996 -0.000261 0.002672
vn 0.990000 -0.023943 0.139020
vn 0.990028 -0.023567 0.138888
vn 0.997930 -0.000778 0.064303
vn 0.979160 0.159060 -0.126276
vn 0.942388 0.316652 -0.107875
vn 0.996597 0.082292 0.004667
vn 0.999926 -0.010149 0.006640
vn 0.942388 0.316652 -0.107875
vn 0.640458 0.753568 -0.148152
vn 0.852959 0.519362 -0.052195
vn 0.996597 0.082292 0.004667
vn 0.996597 0.082292 0.004667
vn 0.852959 0.519362 -0.052195
vn 0.920014 0.391733 -0.010918
vn 0.998278 0.020501 0.054955
vn 0.999926 -0.010149 0.006640
vn 0.996597 0.082292 0.004667
vn 0.998278 0.020501 0.054955
vn 0.997015 -0.046564 0.061587
vn 0.922518 -0.385868 -0.008124
vn 0.998169 -0.021922 0.056381
vn 0.998635 -0.001895 0.052199
vn 0.959732 -0.280905 -0.002684
vn 0.998169 -0.021922 0.056381
vn 0.997014 0.044830 0.062875
vn 0.998747 0.027086 0.042081
vn 0.998635 -0.001895 0.052199
vn 0.998635 -0.001895 0.052199
vn 0.998747 0.027086 0.042081
vn 0.999906 0.008464 0.010806
vn 0.999524 0.021973 0.021652
vn 0.959732 -0.280905 -0.002684
vn 0.998635 -0.001895 0.052199
vn 0.999524 0.021973 0.021652
vn 0.978285 -0.203837 -0.037545
vn 0.997014 0.044830 0.062875
vn 0.996907 0.048630 0.061745
vn 0.995979 0.064176 0.062515
vn 0.998747 0.027086 0.042081
vn 0.996907 0.048630 0.061745
vn 0.983544 0.039758 0.176241
vn 0.984253 0.036558 0.172945
vn 0.995979 0.064176 0.062515
vn 0.995979 0.064176 0.062515
vn 0.998694 0.022586 0.045825
vn 0.999246 0.019287 0.033705
vn 0.999870 0.013351 0.009061
vn 0.998747 0.027086 0.042081
vn 0.995979 0.064176 0.062515
vn 0.999870 0.013351 0.009061
vn 0.999906 0.008464 0.010806
vn 0.997930 -0.000778 0.064303
vn 0.982811 -0.041624 0.179862
vn 0.983317 -0.038834 0.177704
vn 0.997075 -0.001593 0.076413
vn 0.996892 -0.050363 0.060582
vn 0.997015 -0.046564 0.061587
vn 0.998711 -0.028869 0.041756
vn 0.995845 -0.066895 0.061781
vn 0.995845 -0.066895 0.061781
vn 0.998711 -0.028869 0.041756
vn 0.999883 -0.010316 0.011334
vn 0.999819 -0.016687 0.009112
vn 0.997075 -0.001593 0.076413
vn 0.998520 -0.026135 0.047689
vn 0.999063 -0.023765 0.036163
vn 0.999898 -0.002090 0.014143
vn 0.997015 -0.046564 0.061587
vn 0.998278 0.020501 0.054955
vn 0.998651 0.001152 0.051920
vn 0.998711 -0.028869 0.041756
vn 0.998278 0.020501 0.054955
vn 0.920014 0.391733 -0.010918
vn 0.957263 0.289181 -0.004783
vn 0.998651 0.001152 0.051920
vn 0.998651 0.001152 0.051920
vn 0.957263 0.289181 -0.004783
vn 0.976336 0.212673 -0.039219
vn 0.999541 -0.020745 0.022083
vn 0.998711 -0.028869 0.041756
vn 0.998651 0.001152 0.051920
vn 0.999541 -0.020745 0.022083
vn 0.999883 -0.010316 0.011334
vn 0.978285 -0.203837 -0.037545
vn 0.999524 0.021973 0.021652
vn 0.999720 0.018243 0.015056
vn 0.984875 -0.171168 -0.026870
vn 0.999524 0.021973 0.021652
vn 0.999906 0.008464 0.010806
vn 0.999852 0.012883 0.011375
vn 0.999720 0.018243 0.015056
vn 0.999720 0.018243 0.015056
vn 0.999852 0.012883 0.011375
vn 0.999657 0.020769 0.015965
vn 0.999824 0.012175 0.014270
vn 0.984875 -0.171168 -0.026870
vn 0.999720 0.018243 0.015056
vn 0.999824 0.012175 0.014270
vn 0.985429 -0.170089 -0.000080
vn 0.999906 0.008464 0.010806
vn 0.999870 0.013351 0.009061
vn 0.999866 0.012597 0.010499
vn 0.999852 0.012883 0.011375
vn 0.999870 0.013351 0.009061
vn 0.999483 0.027233 0.017111
vn 0.999606 0.026732 0.008595
vn 0.999866 0.012597 0.010499
vn 0.999866 0.012597 0.010499
vn 0.997910 0.038282 0.052065
vn 0.996173 0.054101 0.068649
vn 0.999366 0.027244 0.022912
vn 0.999852 0.012883 0.011375
vn 0.999866 0.012597 0.010499
vn 0.999366 0.027244 0.022912
vn 0.999657 0.020769 0.015965
vn 0.999898 -0.002090 0.014143
vn 0.999349 -0.031270 0.017993
vn 0.999450 -0.031544 0.010264
vn 0.999951 -0.002259 0.009597
vn 0.999819 -0.016687 0.009112
vn 0.999883 -0.010316 0.011334
vn 0.999843 -0.013565 0.011367
vn 0.999808 -0.016277 0.010905
vn 0.999808 -0.016277 0.010905
vn 0.999843 -0.013565 0.011367
vn 0.999761 -0.017404 0.013255
vn 0.999297 -0.029848 0.022688
vn 0.999951 -0.002259 0.009597
vn 0.997680 -0.039717 0.055290
vn 0.995735 -0.055795 0.073478
vn 0.999580 -0.002307 0.028894
vn 0.999883 -0.010316 0.011334
vn 0.999541 -0.020745 0.022083
vn 0.999764 -0.015014 0.015682
vn 0.999843 -0.013565 0.011367
vn 0.999541 -0.020745 0.022083
vn 0.976336 0.212673 -0.039219
vn 0.983379 0.179528 -0.027138
vn 0.999764 -0.015014 0.015682
vn 0.999764 -0.015014 0.015682
vn 0.983379 0.179528 -0.027138
vn 0.984024 0.178037 0.000397
vn 0.999894 -0.005722 0.013399
vn 0.999843 -0.013565 0.011367
vn 0.999764 -0.015014 0.015682
vn 0.999894 -0.005722 0.013399
vn 0.999761 -0.017404 0.013255
vn 0.985429 -0.170089 -0.000080
vn 0.999824 0.012175 0.014270
vn 0.999878 0.006246 0.014317
vn 0.984095 -0.174138 0.035121
vn 0.999824 0.012175 0.014270
vn 0.999657 0.020769 0.015965
vn 0.999633 0.019355 0.018976
vn 0.999878 0.006246 0.014317
vn 0.999878 0.006246 0.014317
vn 0.999633 0.019355 0.018976
vn 0.789472 0.527836 0.313248
vn 0.972634 -0.080790 0.217844
vn 0.984095 -0.174138 0.035121
vn 0.999878 0.006246 0.014317
vn 0.972634 -0.080790 0.217844
vn 0.958090 -0.277664 0.070472
vn 0.999657 0.020769 0.015965
vn 0.999366 0.027244 0.022912
vn 0.998730 0.041710 0.028246
vn 0.999633 0.019355 0.018976
vn 0.999366 0.027244 0.022912
vn 0.998592 0.022290 0.048139
vn 0.987560 0.095273 0.125092
vn 0.998730 0.041710 0.028246
vn 0.998730 0.041710 0.028246
vn 0.999870 0.008610 0.013623
vn 0.891977 0.274606 0.359121
vn 0.195801 0.749900 0.631911
vn 0.999633 0.019355 0.018976
vn 0.998730 0.041710 0.028246
vn 0.195801 0.749900 0.631911
vn 0.789472 0.527836 0.313248
vn 0.999580 -0.002307 0.028894
vn 0.998527 -0.022256 0.049489
vn 0.986072 -0.097636 0.134647
vn 0.999563 -0.002806 0.029414
vn 0.999297 -0.029848 0.022688
vn 0.999761 -0.017404 0.013255
vn 0.999638 -0.019412 0.018609
vn 0.998873 -0.040042 0.025471
vn 0.998873 -0.040042 0.025471
vn 0.999638 -0.019412 0.018609
vn 0.774255 -0.543480 0.324283
vn 0.184645 -0.756128 0.627835
vn 0.999563 -0.002806 0.029414
vn 0.999780 -0.012030 0.017194
vn 0.907470 -0.246822 0.339967
vn 0.838202 -0.010505 0.545258
vn 0.999761 -0.017404 0.013255
vn 0.999894 -0.005722 0.013399
vn 0.999932 0.002277 0.011470
vn 0.999638 -0.019412 0.018609
vn 0.999894 -0.005722 0.013399
vn 0.984024 0.178037 0.000397
vn 0.982186 0.184651 0.034855
vn 0.999932 0.002277 0.011470
vn 0.999932 0.002277 0.011470
vn 0.982186 0.184651 0.034855
vn 0.954778 0.289517 0.067675
vn 0.969324 0.086718 0.229981
vn 0.999638 -0.019412 0.018609
vn 0.999932 0.002277 0.011470
vn 0.969324 0.086718 0.229981
vn 0.774255 -0.543480 0.324283
vn -0.642434 -0.752145 -0.146822
vn -0.855122 -0.516047 -0.049609
vn -0.996499 -0.083337 0.006619
vn -0.942634 -0.316255 -0.106879
vn -0.855122 -0.516047 -0.049609
vn -0.922516 -0.385874 -0.008125
vn -0.998169 -0.021918 0.056382
vn -0.996499 -0.083337 0.006619
vn -0.996499 -0.083337 0.006619
vn -0.998169 -0.021918 0.056382
vn -0.997014 0.044831 0.062875
vn -0.999926 0.009230 0.007929
vn -0.942634 -0.316255 -0.106879
vn -0.996499 -0.083337 0.006619
vn -0.999926 0.009230 0.007929
vn -0.979139 -0.159400 -0.126010
vn -0.979139 -0.159400 -0.126010
vn -0.999926 0.009230 0.007929
vn -0.999951 0.007809 0.006104
vn -0.990670 -0.035387 -0.131607
vn -0.999926 0.009230 0.007929
vn -0.997014 0.044831 0.062875
vn -0.996907 0.048629 0.061747
vn -0.999951 0.007809 0.006104
vn -0.999951 0.007809 0.006104
vn -0.996907 0.048629 0.061747
vn -0.989847 0.022056 0.140417
vn -0.989855 0.022338 0.140314
vn -0.990670 -0.035387 -0.131607
vn -0.999951 0.007809 0.006104
vn -0.995328 -0.010551 -0.095969
vn -0.995290 -0.010596 -0.096363
vn -0.992060 -0.000003 -0.125763
vn -0.999996 -0.000260 0.002672
vn -0.995328 0.010541 -0.095972
vn -0.995290 0.010587 -0.096366
vn -0.999996 -0.000260 0.002672
vn -0.997930 -0.000777 0.064303
vn -0.990034 -0.023728 0.138817
vn -0.990005 -0.024057 0.138967
vn -0.999948 -0.008563 0.005519
vn -0.996892 -0.050363 0.060580
vn -0.997015 -0.046566 0.061587
vn -0.999927 -0.010151 0.006639
vn -0.990665 0.035244 -0.131683
vn -0.999948 -0.008563 0.005519
vn -0.999927 -0.010151 0.006639
vn -0.979160 0.159059 -0.126275
vn -0.979160 0.159059 -0.126275
vn -0.999927 -0.010151 0.006639
vn -0.996598 0.082289 0.004665
vn -0.942389 0.316649 -0.107874
vn -0.999927 -0.010151 0.006639
vn -0.997015 -0.046566 0.061587
vn -0.998278 0.020502 0.054955
vn -0.996598 0.082289 0.004665
vn -0.996598 0.082289 0.004665
vn -0.998278 0.020502 0.054955
vn -0.920012 0.391739 -0.010920
vn -0.852956 0.519366 -0.052196
vn -0.942389 0.316649 -0.107874
vn -0.996598 0.082289 0.004665
vn -0.852956 0.519366 -0.052196
vn -0.640458 0.753568 -0.148152
vn -0.922516 -0.385874 -0.008125
vn -0.959730 -0.280911 -0.002683
vn -0.998635 -0.001891 0.052199
vn -0.998169 -0.021918 0.056382
vn -0.959730 -0.280911 -0.002683
vn -0.978285 -0.203837 -0.037545
vn -0.999524 0.021973 0.021652
vn -0.998635 -0.001891 0.052199
vn -0.998635 -0.001891 0.052199
vn -0.999524 0.021973 0.021652
vn -0.999906 0.008463 0.010805
vn -0.998747 0.027087 0.042080
vn -0.998169 -0.021918 0.056382
vn -0.998635 -0.001891 0.052199
vn -0.998747 0.027087 0.042080
vn -0.997014 0.044831 0.062875
vn -0.997014 0.044831 0.062875
vn -0.998747 0.027087 0.042080
vn -0.995979 0.064172 0.062513
vn -0.996907 0.048629 0.061747
vn -0.998747 0.027087 0.042080
vn -0.999906 0.008463 0.010805
vn -0.999870 0.013350 0.009060
vn -0.995979 0.064172 0.062513
vn -0.995979 0.064172 0.062513
vn -0.999870 0.013350 0.009060
vn -0.999247 0.019397 0.033593
vn -0.998703 0.022692 0.045587
vn -0.996907 0.048629 0.061747
vn -0.995979 0.064172 0.062513
vn -0.984297 0.036761 0.172648
vn -0.983592 0.039913 0.175935
vn -0.997930 -0.000777 0.064303
vn -0.997075 -0.001595 0.076414
vn -0.983484 -0.039419 0.176650
vn -0.982952 -0.042202 0.178954
vn -0.997075 -0.001595 0.076414
vn -0.999898 -0.002090 0.014143
vn -0.999073 -0.024054 0.035710
vn -0.998532 -0.026523 0.047224
vn -0.995845 -0.066897 0.061783
vn -0.999819 -0.016686 0.009112
vn -0.999883 -0.010317 0.011335
vn -0.998711 -0.028869 0.041757
vn -0.996892 -0.050363 0.060580
vn -0.995845 -0.066897 0.061783
vn -0.998711 -0.028869 0.041757
vn -0.997015 -0.046566 0.061587
vn -0.997015 -0.046566 0.061587
vn -0.998711 -0.028869 0.041757
vn -0.998650 0.001153 0.051922
vn -0.998278 0.020502 0.054955
vn -0.998711 -0.028869 0.041757
vn -0.999883 -0.010317 0.011335
vn -0.999541 -0.020746 0.022082
vn -0.998650 0.001153 0.051922
vn -0.998650 0.001153 0.051922
vn -0.999541 -0.020746 0.022082
vn -0.976336 0.212673 -0.039219
vn -0.957260 0.289188 -0.004781
vn -0.998278 0.020502 0.054955
vn -0.998650 0.001153 0.051922
vn -0.957260 0.289188 -0.004781
vn -0.920012 0.391739 -0.010920
vn -0.978285 -0.203837 -0.037545
vn -0.984875 -0.171168 -0.026870
vn -0.999720 0.018243 0.015056
vn -0.999524 0.021973 0.021652
vn -0.984875 -0.171168 -0.026870
vn -0.985429 -0.170089 -0.000080
vn -0.999824 0.012175 0.014270
vn -0.999720 0.018243 0.015056
vn -0.999720 0.018243 0.015056
vn -0.999824 0.012175 0.014270
vn -0.999657 0.020769 0.015965
vn -0.999852 0.012883 0.011376
vn -0.999524 0.021973 0.021652
vn -0.999720 0.018243 0.015056
vn -0.999852 0.012883 0.011376
vn -0.999906 0.008463 0.010805
vn -0.999906 0.008463 0.010805
vn -0.999852 0.012883 0.011376
vn -0.999866 0.012596 0.010499
vn -0.999870 0.013350 0.009060
vn -0.999852 0.012883 0.011376
vn -0.999657 0.020769 0.015965
vn -0.999366 0.027245 0.022913
vn -0.999866 0.012596 0.010499
vn -0.999866 0.012596 0.010499
vn -0.999366 0.027245 0.022913
vn -0.996151 0.054546 0.068622
vn -0.997900 0.038587 0.052031
vn -0.999870 0.013350 0.009060
vn -0.999866 0.012596 0.010499
vn -0.999604 0.026865 0.008440
vn -0.999482 0.027386 0.016903
vn -0.999898 -0.002090 0.014143
vn -0.999951 -0.002260 0.009597
vn -0.999443 -0.031834 0.010014
vn -0.999342 -0.031619 0.017771
vn -0.999951 -0.002260 0.009597
vn -0.999580 -0.002306 0.028894
vn -0.995685 -0.056885 0.073313
vn -0.997667 -0.040399 0.055025
vn -0.999808 -0.016278 0.010906
vn -0.999297 -0.029846 0.022686
vn -0.999761 -0.017405 0.013255
vn -0.999843 -0.013565 0.011366
vn -0.999819 -0.016686 0.009112
vn -0.999808 -0.016278 0.010906
vn -0.999843 -0.013565 0.011366
vn -0.999883 -0.010317 0.011335
vn -0.999883 -0.010317 0.011335
vn -0.999843 -0.013565 0.011366
vn -0.999764 -0.015015 0.015681
vn -0.999541 -0.020746 0.022082
vn -0.999843 -0.013565 0.011366
vn -0.999761 -0.017405 0.013255
vn -0.999894 -0.005722 0.013399
vn -0.999764 -0.015015 0.015681
vn -0.999764 -0.015015 0.015681
vn -0.999894 -0.005722 0.013399
vn -0.984024 0.178037 0.000397
vn -0.983379 0.179528 -0.027138
vn -0.999541 -0.020746 0.022082
vn -0.999764 -0.015015 0.015681
vn -0.983379 0.179528 -0.027138
vn -0.976336 0.212673 -0.039219
vn -0.985429 -0.170089 -0.000080
vn -0.984095 -0.174138 0.035121
vn -0.999878 0.006246 0.014317
vn -0.999824 0.012175 0.014270
vn -0.984095 -0.174138 0.035121
vn -0.958090 -0.277664 0.070472
vn -0.972634 -0.080789 0.217844
vn -0.999878 0.006246 0.014317
vn -0.999878 0.006246 0.014317
vn -0.972634 -0.080789 0.217844
vn -0.789472 0.527835 0.313248
vn -0.999633 0.019356 0.018976
vn -0.999824 0.012175 0.014270
vn -0.999878 0.006246 0.014317
vn -0.999633 0.019356 0.018976
vn -0.999657 0.020769 0.015965
vn -0.999657 0.020769 0.015965
vn -0.999633 0.019356 0.018976
vn -0.998731 0.041708 0.028245
vn -0.999366 0.027245 0.022913
vn -0.999633 0.019356 0.018976
vn -0.789472 0.527835 0.313248
vn -0.195802 0.749900 0.631911
vn -0.998731 0.041708 0.028245
vn -0.998731 0.041708 0.028245
vn -0.195802 0.749900 0.631911
vn -0.885101 0.283451 0.369124
vn -0.999868 0.008693 0.013733
vn -0.999366 0.027245 0.022913
vn -0.998731 0.041708 0.028245
vn -0.987428 0.096199 0.125428
vn -0.998599 0.022376 0.047953
vn -0.999580 -0.002306 0.028894
vn -0.999563 -0.002805 0.029415
vn -0.985640 -0.100211 0.135913
vn -0.998525 -0.022691 0.049332
vn -0.999563 -0.002805 0.029415
vn -0.838204 -0.010505 0.545256
vn -0.892956 -0.266273 0.362944
vn -0.999780 -0.012224 0.017026
vn -0.998873 -0.040043 0.025471
vn -0.184646 -0.756127 0.627835
vn -0.774254 -0.543481 0.324284
vn -0.999638 -0.019410 0.018608
vn -0.999297 -0.029846 0.022686
vn -0.998873 -0.040043 0.025471
vn -0.999638 -0.019410 0.018608
vn -0.999761 -0.017405 0.013255
vn -0.999761 -0.017405 0.013255
vn -0.999638 -0.019410 0.018608
vn -0.999932 0.002278 0.011470
vn -0.999894 -0.005722 0.013399
vn -0.999638 -0.019410 0.018608
vn -0.774254 -0.543481 0.324284
vn -0.969324 0.086718 0.229981
vn -0.999932 0.002278 0.011470
vn -0.999932 0.002278 0.011470
vn -0.969324 0.086718 0.229981
vn -0.954778 0.289516 0.067675
vn -0.982186 0.184650 0.034856
vn -0.999894 -0.005722 0.013399
vn -0.999932 0.002278 0.011470
vn -0.982186 0.184650 0.034856
vn -0.984024 0.178037 0.000397
vn -0.642434 -0.752145 -0.146822
vn -0.942634 -0.316255 -0.106879
vn 0.000000 -0.923028 -0.384734
vn 0.000000 -0.982671 -0.185357
vn -0.942634 -0.316255 -0.106879
vn -0.979139 -0.159400 -0.126010
vn 0.000000 -0.577979 -0.816052
vn 0.000000 -0.923028 -0.384734
vn 0.000000 -0.923028 -0.384734
vn 0.000000 -0.577979 -0.816052
vn 0.979139 -0.159399 -0.126009
vn 0.942636 -0.316252 -0.106878
vn 0.000000 -0.982671 -0.185357
vn 0.000000 -0.923028 -0.384734
vn 0.942636 -0.316252 -0.106878
vn 0.642434 -0.752145 -0.146822
vn -0.922516 -0.385874 -0.008125
vn -0.855122 -0.516047 -0.049609
vn 0.000001 -0.989113 -0.147160
vn 0.000001 -0.991262 -0.131909
vn -0.855122 -0.516047 -0.049609
vn -0.642434 -0.752145 -0.146822
vn 0.000000 -0.982671 -0.185357
vn 0.000001 -0.989113 -0.147160
vn 0.000001 -0.989113 -0.147160
vn 0.000000 -0.982671 -0.185357
vn 0.642434 -0.752145 -0.146822
vn 0.855124 -0.516044 -0.049608
vn 0.000001 -0.991262 -0.131909
vn 0.000001 -0.989113 -0.147160
vn 0.855124 -0.516044 -0.049608
vn 0.922518 -0.385868 -0.008124
vn -0.979139 -0.159400 -0.126010
vn -0.990670 -0.035387 -0.131607
vn 0.000000 -0.198986 -0.980002
vn 0.000000 -0.577979 -0.816052
vn -0.990670 -0.035387 -0.131607
vn -0.756475 -0.015995 -0.653827
vn -0.756070 -0.016007 -0.654295
vn 0.000000 -0.198986 -0.980002
vn 0.000000 -0.198986 -0.980002
vn 0.756086 -0.016007 -0.654277
vn 0.756490 -0.015995 -0.653809
vn 0.990670 -0.035387 -0.131607
vn 0.000000 -0.577979 -0.816052
vn 0.000000 -0.198986 -0.980002
vn 0.990670 -0.035387 -0.131607
vn 0.979139 -0.159399 -0.126009
vn -0.992060 -0.000003 -0.125763
vn -0.756475 0.015995 -0.653827
vn -0.756070 0.016008 -0.654295
vn 0.000000 0.000000 -1.000000
vn -0.990665 0.035244 -0.131683
vn -0.979160 0.159059 -0.126275
vn 0.000000 0.577978 -0.816052
vn 0.000000 0.198985 -0.980003
vn 0.000000 0.198985 -0.980003
vn 0.000000 0.577978 -0.816052
vn 0.979160 0.159060 -0.126276
vn 0.990665 0.035243 -0.131684
vn 0.000000 0.000000 -1.000000
vn 0.756086 0.016007 -0.654277
vn 0.756490 0.015995 -0.653809
vn 0.992060 -0.000005 -0.125763
vn -0.979160 0.159059 -0.126275
vn -0.942389 0.316649 -0.107874
vn 0.000000 0.923039 -0.384705
vn 0.000000 0.577978 -0.816052
vn -0.942389 0.316649 -0.107874
vn -0.640458 0.753568 -0.148152
vn 0.000000 0.982647 -0.185485
vn 0.000000 0.923039 -0.384705
vn 0.000000 0.923039 -0.384705
vn 0.000000 0.982647 -0.185485
vn 0.640458 0.753568 -0.148152
vn 0.942388 0.316652 -0.107875
vn 0.000000 0.577978 -0.816052
vn 0.000000 0.923039 -0.384705
vn 0.942388 0.316652 -0.107875
vn 0.979160 0.159060 -0.126276
vn -0.640458 0.753568 -0.148152
vn -0.852956 0.519366 -0.052196
vn 0.000000 0.989032 -0.147704
vn 0.000000 0.982647 -0.185485
vn -0.852956 0.519366 -0.052196
vn -0.920012 0.391739 -0.010920
vn 0.000000 0.991149 -0.132754
vn 0.000000 0.989032 -0.147704
vn 0.000000 0.989032 -0.147704
vn 0.000000 0.991149 -0.132754
vn 0.920014 0.391733 -0.010918
vn 0.852959 0.519362 -0.052195
vn 0.000000 0.982647 -0.185485
vn 0.000000 0.989032 -0.147704
vn 0.852959 0.519362 -0.052195
vn 0.640458 0.753568 -0.148152
vn -0.978285 -0.203837 -0.037545
vn -0.959730 -0.280911 -0.002683
vn 0.000002 -0.989493 -0.144578
vn 0.000000 -0.975509 -0.219958
vn -0.959730 -0.280911 -0.002683
vn -0.922516 -0.385874 -0.008125
vn 0.000001 -0.991262 -0.131909
vn 0.000002 -0.989493 -0.144578
vn 0.000002 -0.989493 -0.144578
vn 0.000001 -0.991262 -0.131909
vn 0.922518 -0.385868 -0.008124
vn 0.959732 -0.280905 -0.002684
vn 0.000000 -0.975509 -0.219958
vn 0.000002 -0.989493 -0.144578
vn 0.959732 -0.280905 -0.002684
vn 0.978285 -0.203837 -0.037545
vn -0.920012 0.391739 -0.010920
vn -0.957260 0.289188 -0.004781
vn 0.000000 0.989304 -0.145866
vn 0.000000 0.991149 -0.132754
vn -0.957260 0.289188 -0.004781
vn -0.976336 0.212673 -0.039219
vn -0.000001 0.975519 -0.219914
vn 0.000000 0.989304 -0.145866
vn 0.000000 0.989304 -0.145866
vn -0.000001 0.975519 -0.219914
vn 0.976336 0.212673 -0.039219
vn 0.957263 0.289181 -0.004783
vn 0.000000 0.991149 -0.132754
vn 0.000000 0.989304 -0.145866
vn 0.957263 0.289181 -0.004783
vn 0.920014 0.391733 -0.010918
vn -0.985429 -0.170089 -0.000080
vn -0.984875 -0.171168 -0.026870
vn 0.000000 -0.971021 -0.238994
vn 0.000001 -0.991139 -0.132826
vn -0.984875 -0.171168 -0.026870
vn -0.978285 -0.203837 -0.037545
vn 0.000000 -0.975509 -0.219958
vn 0.000000 -0.971021 -0.238994
vn 0.000000 -0.971021 -0.238994
vn 0.000000 -0.975509 -0.219958
vn 0.978285 -0.203837 -0.037545
vn 0.984875 -0.171168 -0.026870
vn 0.000001 -0.991139 -0.132826
vn 0.000000 -0.971021 -0.238994
vn 0.984875 -0.171168 -0.026870
vn 0.985429 -0.170089 -0.000080
vn -0.976336 0.212673 -0.039219
vn -0.983379 0.179528 -0.027138
vn -0.000001 0.971356 -0.237629
vn -0.000001 0.975519 -0.219914
vn -0.983379 0.179528 -0.027138
vn -0.984024 0.178037 0.000397
vn 0.000000 0.991310 -0.131544
vn -0.000001 0.971356 -0.237629
vn -0.000001 0.971356 -0.237629
vn 0.000000 0.991310 -0.131544
vn 0.984024 0.178037 0.000397
vn 0.983379 0.179528 -0.027138
vn -0.000001 0.975519 -0.219914
vn -0.000001 0.971356 -0.237629
vn 0.983379 0.179528 -0.027138
vn 0.976336 0.212673 -0.039219
vn -0.789472 0.527835 0.313248
vn -0.972634 -0.080789 0.217844
vn 0.000001 -0.101926 0.994792
vn 0.000000 0.695598 0.718431
vn -0.972634 -0.080789 0.217844
vn -0.958090 -0.277664 0.070472
vn 0.000001 -0.971855 0.235582
vn 0.000001 -0.101926 0.994792
vn 0.000001 -0.101926 0.994792
vn 0.000001 -0.971855 0.235582
vn 0.958090 -0.277664 0.070472
vn 0.972634 -0.080790 0.217844
vn 0.000000 0.695598 0.718431
vn 0.000001 -0.101926 0.994792
vn 0.972634 -0.080790 0.217844
vn 0.789472 0.527836 0.313248
vn -0.958090 -0.277664 0.070472
vn -0.984095 -0.174138 0.035121
vn 0.000002 -0.998729 0.050407
vn 0.000001 -0.971855 0.235582
vn -0.984095 -0.174138 0.035121
vn -0.985429 -0.170089 -0.000080
vn 0.000001 -0.991139 -0.132826
vn 0.000002 -0.998729 0.050407
vn 0.000002 -0.998729 0.050407
vn 0.000001 -0.991139 -0.132826
vn 0.985429 -0.170089 -0.000080
vn 0.984095 -0.174138 0.035121
vn 0.000001 -0.971855 0.235582
vn 0.000002 -0.998729 0.050407
vn 0.984095 -0.174138 0.035121
vn 0.958090 -0.277664 0.070472
vn -0.068324 0.430992 0.899765
vn -0.105508 0.353021 0.929647
vn -0.195802 0.749900 0.631911
vn 0.000000 0.850485 0.526000
vn -0.195802 0.749900 0.631911
vn -0.789472 0.527835 0.313248
vn 0.000000 0.695598 0.718431
vn 0.000000 0.850485 0.526000
vn 0.000000 0.850485 0.526000
vn 0.000000 0.695598 0.718431
vn 0.789472 0.527836 0.313248
vn 0.195801 0.749900 0.631911
vn 0.134943 0.356691 0.924425
vn 0.107721 0.422869 0.899765
vn 0.000000 0.850485 0.526000
vn 0.195801 0.749900 0.631911
vn -0.774254 -0.543481 0.324284
vn -0.184646 -0.756127 0.627835
vn 0.000002 -0.850628 0.525769
vn -0.000001 -0.702120 0.712059
vn -0.048315 -0.392206 0.918607
vn -0.085625 -0.305722 0.948263
vn -0.838204 -0.010505 0.545256
vn 0.000000 -0.013747 0.999906
vn 0.150334 -0.305284 0.940320
vn 0.126051 -0.381155 0.915878
vn 0.000000 -0.013747 0.999906
vn 0.838202 -0.010505 0.545258
vn -0.000001 -0.702120 0.712059
vn 0.000002 -0.850628 0.525769
vn 0.184645 -0.756128 0.627835
vn 0.774255 -0.543480 0.324283
vn -0.984024 0.178037 0.000397
vn -0.982186 0.184650 0.034856
vn 0.000000 0.998684 0.051296
vn 0.000000 0.991310 -0.131544
vn -0.982186 0.184650 0.034856
vn -0.954778 0.289516 0.067675
vn 0.000000 0.972205 0.234133
vn 0.000000 0.998684 0.051296
vn 0.000000 0.998684 0.051296
vn 0.000000 0.972205 0.234133
vn 0.954778 0.289517 0.067675
vn 0.982186 0.184651 0.034855
vn 0.000000 0.991310 -0.131544
vn 0.000000 0.998684 0.051296
vn 0.982186 0.184651 0.034855
vn 0.984024 0.178037 0.000397
vn -0.954778 0.289516 0.067675
vn -0.969324 0.086718 0.229981
vn -0.000003 0.097909 0.995195
vn 0.000000 0.972205 0.234133
vn -0.969324 0.086718 0.229981
vn -0.774254 -0.543481 0.324284
vn -0.000001 -0.702120 0.712059
vn -0.000003 0.097909 0.995195
vn -0.000003 0.097909 0.995195
vn -0.000001 -0.702120 0.712059
vn 0.774255 -0.543480 0.324283
vn 0.969324 0.086718 0.229981
vn 0.000000 0.972205 0.234133
vn -0.000003 0.097909 0.995195
vn 0.969324 0.086718 0.229981
vn 0.954778 0.289517 0.067675
vn 0.990665 0.035243 -0.131684
vn 0.999948 -0.008564 0.005519
vn 0.999948 -0.008564 0.005519
vn 0.996892 -0.050363 0.060582
vn 0.996892 -0.050363 0.060582
vn 0.995845 -0.066895 0.061781
vn 0.995845 -0.066895 0.061781
vn 0.999819 -0.016687 0.009112
vn 0.999819 -0.016687 0.009112
vn 0.999808 -0.016277 0.010905
vn 0.999808 -0.016277 0.010905
vn 0.999297 -0.029848 0.022688
vn 0.999297 -0.029848 0.022688
vn 0.998873 -0.040042 0.025471
vn 0.998873 -0.040042 0.025471
vn 0.184645 -0.756128 0.627835
vn 0.000002 -0.850628 0.525769
vn 0.184645 -0.756128 0.627835
vn -0.184646 -0.756127 0.627835
vn 0.000002 -0.850628 0.525769
vn -0.184646 -0.756127 0.627835
vn -0.998873 -0.040043 0.025471
vn -0.998873 -0.040043 0.025471
vn -0.999297 -0.029846 0.022686
vn -0.999297 -0.029846 0.022686
vn -0.999808 -0.016278 0.010906
vn -0.999808 -0.016278 0.010906
vn -0.999819 -0.016686 0.009112
vn -0.999819 -0.016686 0.009112
vn -0.995845 -0.066897 0.061783
vn -0.995845 -0.066897 0.061783
vn -0.996892 -0.050363 0.060580
vn -0.996892 -0.050363 0.060580
vn -0.999948 -0.008563 0.005519
vn -0.999948 -0.008563 0.005519
vn -0.990665 0.035244 -0.131683
vn -0.990665 0.035244 -0.131683
vn 0.000000 0.198985 -0.980003
vn 0.000000 0.198985 -0.980003
vn 0.990665 0.035243 -0.131684
vn 0.992060 -0.000005 -0.125763
vn 0.999996 -0.000261 0.002672
vn 0.999996 -0.000261 0.002672
vn 0.997930 -0.000778 0.064303
vn 0.997930 -0.000778 0.064303
vn 0.997075 -0.001593 0.076413
vn 0.997075 -0.001593 0.076413
vn 0.999898 -0.002090 0.014143
vn 0.999898 -0.002090 0.014143
vn 0.999951 -0.002259 0.009597
vn 0.999951 -0.002259 0.009597
vn 0.999580 -0.002307 0.028894
vn 0.999580 -0.002307 0.028894
vn 0.999563 -0.002806 0.029414
vn 0.999563 -0.002806 0.029414
vn 0.838202 -0.010505 0.545258
vn 0.000000 -0.013747 0.999906
vn 0.838202 -0.010505 0.545258
vn -0.838204 -0.010505 0.545256
vn 0.000000 -0.013747 0.999906
vn -0.838204 -0.010505 0.545256
vn -0.999563 -0.002805 0.029415
vn -0.999563 -0.002805 0.029415
vn -0.999580 -0.002306 0.028894
vn -0.999580 -0.002306 0.028894
vn -0.999951 -0.002260 0.009597
vn -0.999951 -0.002260 0.009597
vn -0.999898 -0.002090 0.014143
vn -0.999898 -0.002090 0.014143
vn -0.997075 -0.001595 0.076414
vn -0.997075 -0.001595 0.076414
vn -0.997930 -0.000777 0.064303
vn -0.997930 -0.000777 0.064303
vn -0.999996 -0.000260 0.002672
vn -0.999996 -0.000260 0.002672
vn -0.992060 -0.000003 -0.125763
vn -0.992060 -0.000003 -0.125763
vn 0.000000 0.000000 -1.000000
vn 0.000000 0.000000 -1.000000
vn 0.992060 -0.000005 -0.125763
s 1
g polySurface19 Tetra
f 30/1/1 53/2/2 31/4/3 9/3/4
f 53/2/2 32/6/5 10/5/6 31/4/3
f 9/3/4 31/4/3 54/8/7 33/7/8
f 33/9/8 54/12/7 34/11/9 11/10/10
f 54/12/7 35/14/11 12/13/12 34/11/9
f 31/4/3 10/5/6 35/15/11 54/8/7
f 10/5/6 38/17/13 55/16/14 35/15/11
f 35/14/11 55/19/14 36/18/15 12/13/12
f 55/19/14 37/21/16 13/20/17 36/18/15
f 38/17/13 14/23/18 37/22/16 55/16/14
f 39/24/19 56/25/20 40/26/21 14/23/18
f 56/25/20 41/28/22 15/27/23 40/26/21
f 14/23/18 40/26/21 57/29/24 37/22/16
f 37/21/16 57/31/24 42/30/25 13/20/17
f 57/31/24 43/33/26 16/32/27 42/30/25
f 40/26/21 15/27/23 43/34/26 57/29/24
f 58/35/28 45/39/29 3/38/30 44/37/31
f 46/36/32 1/40/33 45/39/29 58/35/28
f 1/40/33 49/42/34 59/41/35 45/39/29
f 45/39/29 59/41/35 47/43/36 3/38/30
f 59/41/35 48/45/37 4/44/38 47/43/36
f 49/46/34 2/49/39 48/48/37 59/47/35
f 3/50/30 47/53/36 60/52/40 50/51/41
f 50/51/41 60/52/40 51/55/42 5/54/43
f 60/56/40 52/59/44 6/58/45 51/57/42
f 47/43/36 4/44/38 52/59/44 60/56/40
f 61/60/46 18/64/47 7/63/48 17/62/49
f 19/61/50 5/65/43 18/64/47 61/60/46
f 5/54/43 51/55/42 62/67/51 18/66/47
f 18/64/47 62/69/51 20/68/52 7/63/48
f 62/69/51 21/71/53 8/70/54 20/68/52
f 51/57/42 6/58/45 21/71/53 62/69/51
f 46/72/32 63/73/55 22/75/56 1/74/33
f 63/73/55 30/77/1 9/76/4 22/75/56
f 3/78/30 23/81/57 64/80/58 44/79/31
f 23/81/57 10/83/6 32/82/5 64/80/58
f 1/74/33 22/75/56 65/84/59 49/46/34
f 49/46/34 65/84/59 24/85/60 2/49/39
f 65/86/59 33/9/8 11/10/10 24/87/60
f 22/75/56 9/76/4 33/88/8 65/84/59
f 2/89/39 24/87/60 66/91/61 48/90/37
f 48/90/37 66/91/61 25/93/62 4/92/38
f 66/91/61 34/11/9 12/13/12 25/93/62
f 24/87/60 11/10/10 34/11/9 66/91/61
f 4/92/38 25/93/62 67/95/63 52/94/44
f 52/94/44 67/95/63 26/97/64 6/96/45
f 67/95/63 36/18/15 13/20/17 26/97/64
f 25/93/62 12/13/12 36/18/15 67/95/63
f 5/54/43 27/99/65 68/98/66 50/51/41
f 50/51/41 68/98/66 23/100/57 3/50/30
f 68/101/66 38/102/13 10/83/6 23/81/57
f 27/99/65 14/104/18 38/103/13 68/98/66
f 19/105/50 69/106/67 27/108/65 5/107/43
f 69/106/67 39/110/19 14/109/18 27/108/65
f 7/111/48 28/114/68 70/113/69 17/112/49
f 28/114/68 15/116/23 41/115/22 70/113/69
f 6/96/45 26/97/64 71/118/70 21/117/53
f 21/117/53 71/118/70 29/120/71 8/119/54
f 71/118/70 42/30/25 16/32/27 29/120/71
f 26/97/64 13/20/17 42/30/25 71/118/70
f 28/114/68 7/111/48 20/68/52 72/121/72
f 72/121/72 20/68/52 8/70/54 29/120/71
f 43/33/26 15/27/23 28/114/68 72/121/72
f 43/33/26 72/121/72 29/120/71 16/32/27
s 5
f 30/122/73 81/123/74 100/124/75 53/125/76
f 53/125/76 100/124/75 82/126/77 32/127/78
f 81/123/74 101/128/79 117/129/80 100/124/75
f 101/130/79 83/131/81 102/132/82 117/133/80
f 117/133/80 102/132/82 84/134/83 103/135/84
f 100/124/75 117/129/80 103/136/84 82/126/77
f 82/126/77 103/136/84 118/137/85 106/138/86
f 103/135/84 84/134/83 104/139/87 118/140/85
f 118/140/85 104/139/87 85/141/88 105/142/89
f 106/138/86 118/137/85 105/143/89 86/144/90
f 39/145/91 86/144/90 107/146/92 56/147/93
f 56/147/93 107/146/92 87/148/94 41/149/95
f 86/144/90 105/143/89 119/150/96 107/146/92
f 105/142/89 85/141/88 108/151/97 119/152/96
f 119/152/96 108/151/97 88/153/98 109/154/99
f 107/146/92 119/150/96 109/155/99 87/148/94
f 58/156/100 44/157/101 75/158/102 110/159/103
f 46/160/104 58/156/100 110/159/103 73/161/105
f 73/161/105 110/159/103 120/162/106 113/163/107
f 110/159/103 75/158/102 111/164/108 120/162/106
f 120/162/106 111/164/108 76/165/109 112/166/110
f 113/167/107 120/168/106 112/169/110 74/170/111
f 75/171/102 114/172/112 121/173/113 111/174/108
f 114/172/112 77/175/114 115/176/115 121/173/113
f 121/177/113 115/178/115 78/179/116 116/180/117
f 111/164/108 121/177/113 116/180/117 76/165/109
f 61/181/118 17/182/119 79/183/120 89/184/121
f 19/185/122 61/181/118 89/184/121 77/186/114
f 77/175/114 89/187/121 122/188/123 115/176/115
f 89/184/121 79/183/120 90/189/124 122/190/123
f 122/190/123 90/189/124 80/191/125 91/192/126
f 115/178/115 122/190/123 91/192/126 78/179/116
f 46/193/104 73/194/105 92/195/127 63/196/128
f 63/196/128 92/195/127 81/197/74 30/198/73
f 75/199/102 44/200/101 64/201/129 93/202/130
f 93/202/130 64/201/129 32/203/78 82/204/77
f 73/194/105 113/167/107 123/205/131 92/195/127
f 113/167/107 74/170/111 94/206/132 123/205/131
f 123/207/131 94/208/132 83/131/81 101/130/79
f 92/195/127 123/205/131 101/209/79 81/197/74
f 74/210/111 112/211/110 124/212/133 94/208/132
f 112/211/110 76/213/109 95/214/134 124/212/133
f 124/212/133 95/214/134 84/134/83 102/132/82
f 94/208/132 124/212/133 102/132/82 83/131/81
f 76/213/109 116/215/117 125/216/135 95/214/134
f 116/215/117 78/217/116 96/218/136 125/216/135
f 125/216/135 96/218/136 85/141/88 104/139/87
f 95/214/134 125/216/135 104/139/87 84/134/83
f 77/175/114 114/172/112 126/219/137 97/220/138
f 114/172/112 75/171/102 93/221/130 126/219/137
f 126/222/137 93/202/130 82/204/77 106/223/86
f 97/220/138 126/219/137 106/224/86 86/225/90
f 19/226/122 77/227/114 97/228/138 69/229/139
f 69/229/139 97/228/138 86/230/90 39/231/91
f 79/232/120 17/233/119 70/234/140 98/235/141
f 98/235/141 70/234/140 41/236/95 87/237/94
f 78/217/116 91/238/126 127/239/142 96/218/136
f 91/238/126 80/240/125 99/241/143 127/239/142
f 127/239/142 99/241/143 88/153/98 108/151/97
f 96/218/136 127/239/142 108/151/97 85/141/88
f 98/235/141 128/242/144 90/189/124 79/232/120
f 128/242/144 99/241/143 80/191/125 90/189/124
f 109/154/99 128/242/144 98/235/141 87/148/94
f 109/154/99 88/153/98 99/241/143 128/242/144
s off
f 138/243/145 166/244/146 179/245/147 163/246/148
f 163/246/149 179/245/150 164/247/151 139/248/152
f 179/245/153 165/249/154 140/250/155 164/247/156
f 166/244/157 141/251/158 165/249/159 179/245/160
f 142/252/161 169/253/162 180/254/163 167/255/164
f 167/255/165 180/254/166 168/256/167 143/257/168
f 180/254/169 163/246/170 139/248/171 168/256/172
f 169/253/173 138/243/174 163/246/175 180/254/176
f 139/248/177 172/258/178 181/259/179 168/256/180
f 168/256/181 181/259/182 170/260/183 143/257/184
f 181/259/185 171/261/186 144/262/187 170/260/188
f 172/258/189 145/263/190 171/261/191 181/259/192
f 140/250/193 174/264/194 182/265/195 164/247/196
f 164/247/197 182/265/198 172/258/199 139/248/200
f 182/265/201 173/266/202 145/263/203 172/258/204
f 174/264/205 146/267/206 173/266/207 182/265/208
f 133/268/209 178/269/210 183/270/211 175/271/212
f 175/271/213 183/270/214 176/272/215 131/273/216
f 183/270/217 177/274/218 137/275/219 176/272/220
f 178/269/221 136/276/222 177/274/223 183/270/224
f 129/277/225 149/278/226 184/279/227 147/280/228
f 147/280/229 184/279/230 178/269/231 133/268/232
f 184/279/233 148/281/234 136/276/235 178/269/236
f 149/278/237 135/282/238 148/281/239 184/279/240
f 136/276/241 148/281/242 185/283/243 150/284/244
f 150/284/245 185/283/246 151/285/247 134/286/248
f 185/283/249 152/287/250 130/288/251 151/285/252
f 148/281/253 135/282/254 152/287/255 185/283/256
f 137/275/257 177/274/258 186/289/259 153/290/260
f 153/290/261 186/289/262 154/291/263 132/292/264
f 186/289/265 150/284/266 134/286/267 154/291/268
f 177/274/269 136/276/270 150/284/271 186/289/272
f 137/293/273 156/294/274 187/295/275 176/296/276
f 176/297/277 187/298/278 155/299/279 131/300/280
f 187/301/281 165/249/282 141/251/283 155/302/284
f 156/303/285 140/250/286 165/249/287 187/301/288
f 131/300/289 155/299/290 188/304/291 175/305/292
f 175/305/293 188/304/294 157/306/295 133/307/296
f 188/308/297 166/244/298 138/243/299 157/309/300
f 155/302/301 141/251/302 166/244/303 188/308/304
f 129/277/305 159/310/306 189/311/307 149/278/308
f 149/278/309 189/311/310 158/312/311 135/282/312
f 189/313/313 167/255/314 143/257/315 158/314/316
f 159/315/317 142/252/318 167/255/319 189/313/320
f 133/307/321 157/306/322 190/316/323 147/317/324
f 147/317/325 190/316/326 159/318/327 129/319/328
f 190/320/329 169/253/330 142/252/331 159/315/332
f 157/309/333 138/243/334 169/253/335 190/320/336
f 135/282/337 158/312/338 191/321/339 152/287/340
f 152/287/341 191/321/342 160/322/343 130/288/344
f 191/323/345 170/324/346 144/325/347 160/326/348
f 158/327/349 143/328/350 170/329/351 191/330/352
f 130/288/353 160/322/354 192/331/355 151/285/356
f 151/285/357 192/331/358 161/332/359 134/286/360
f 192/333/361 171/334/362 145/335/363 161/336/364
f 160/326/365 144/325/366 171/334/367 192/333/368
f 134/286/369 161/332/370 193/337/371 154/291/372
f 154/291/373 193/337/374 162/338/375 132/292/376
f 193/339/377 173/266/378 146/267/379 162/340/380
f 161/336/381 145/335/382 173/341/383 193/342/384
f 132/292/385 162/338/386 194/343/387 153/290/388
f 153/344/389 194/345/390 156/294/391 137/293/392
f 194/346/393 174/264/394 140/250/395 156/303/396
f 162/340/397 146/267/398 174/264/399 194/346/400
f 201/347/401 232/348/402 245/349/403 229/350/404
f 229/350/405 245/349/406 230/351/407 202/352/408
f 245/353/409 231/354/410 203/355/411 230/356/412
f 232/357/413 204/358/414 231/354/415 245/353/416
f 204/358/417 235/359/418 246/360/419 231/354/420
f 231/354/421 246/360/422 233/361/423 203/355/424
f 246/360/425 234/362/426 205/363/427 233/361/428
f 235/359/429 206/364/430 234/362/431 246/360/432
f 195/365/433 239/366/434 247/367/435 236/368/436
f 236/368/437 247/367/438 237/369/439 197/370/440
f 247/367/441 238/371/442 198/372/443 237/369/444
f 239/366/445 196/373/446 238/371/447 247/367/448
f 197/370/449 237/369/450 248/374/451 240/375/452
f 240/376/453 248/377/454 241/378/455 199/379/456
f 248/377/457 242/380/458 200/381/459 241/378/460
f 237/382/461 198/383/462 242/380/463 248/377/464
f 195/365/465 213/384/466 249/385/467 239/366/468
f 239/366/469 249/385/470 243/386/471 196/373/472
f 249/387/473 244/388/474 212/389/475 243/390/476
f 213/384/477 207/391/478 244/392/479 249/385/480
f 196/373/481 243/386/482 250/393/483 238/371/484
f 238/371/485 250/393/486 214/394/487 198/372/488
f 250/395/489 215/396/490 211/397/491 214/398/492
f 243/390/493 212/389/494 215/396/495 250/395/496
f 197/370/497 217/399/498 251/400/499 236/368/500
f 236/368/501 251/400/502 213/384/503 195/365/504
f 251/400/505 216/401/506 207/391/507 213/384/508
f 217/399/509 208/402/510 216/401/511 251/400/512
f 198/403/513 214/404/514 252/405/515 242/406/516
f 242/380/517 252/407/518 218/408/519 200/381/520
f 252/407/521 219/409/522 210/410/523 218/408/524
f 214/404/525 211/411/526 219/412/527 252/405/528
f 200/381/529 218/408/530 253/413/531 241/378/532
f 241/378/533 253/413/534 220/414/535 199/379/536
f 253/413/537 221/415/538 209/416/539 220/414/540
f 218/408/541 210/410/542 221/415/543 253/413/544
f 199/417/545 220/418/546 254/419/547 240/375/548
f 240/375/549 254/419/550 217/399/551 197/370/552
f 254/419/553 222/420/554 208/402/555 217/399/556
f 220/414/557 209/416/558 222/421/559 254/422/560
f 208/423/561 224/424/562 255/425/563 216/426/564
f 216/426/565 255/425/566 223/427/567 207/428/568
f 255/429/569 232/348/570 201/347/571 223/430/572
f 224/424/573 204/431/574 232/432/575 255/425/576
f 209/433/577 225/434/578 256/435/579 222/436/580
f 222/436/581 256/435/582 224/424/583 208/423/584
f 256/435/585 235/437/586 204/431/587 224/424/588
f 225/438/589 206/364/590 235/359/591 256/439/592
f 210/440/593 226/441/594 257/442/595 221/443/596
f 221/443/597 257/442/598 225/438/599 209/444/600
f 257/442/601 234/362/602 206/364/603 225/438/604
f 226/441/605 205/363/606 234/362/607 257/442/608
f 211/445/609 227/446/610 258/447/611 219/448/612
f 219/448/613 258/447/614 226/441/615 210/440/616
f 258/447/617 233/361/618 205/363/619 226/441/620
f 227/446/621 203/355/622 233/361/623 258/447/624
f 212/389/625 228/449/626 259/450/627 215/396/628
f 215/396/629 259/450/630 227/451/631 211/397/632
f 259/452/633 230/356/634 203/355/635 227/446/636
f 228/449/637 202/352/638 230/351/639 259/450/640
f 207/453/641 223/430/642 260/454/643 244/388/644
f 244/388/645 260/454/646 228/449/647 212/389/648
f 260/454/649 229/350/650 202/352/651 228/449/652
f 223/430/653 201/347/654 229/350/655 260/454/656
f 270/455/657 298/456/658 311/457/659 295/458/660
f 295/458/661 311/457/662 296/459/663 271/460/664
f 311/457/665 297/461/666 272/462/667 296/459/668
f 298/456/669 273/463/670 297/461/671 311/457/672
f 274/464/673 301/465/674 312/466/675 299/467/676
f 299/467/677 312/466/678 300/468/679 275/469/680
f 312/466/681 295/458/682 271/460/683 300/468/684
f 301/465/685 270/455/686 295/458/687 312/466/688
f 271/460/689 304/470/690 313/471/691 300/468/692
f 300/468/693 313/471/694 302/472/695 275/469/696
f 313/471/697 303/473/698 276/474/699 302/472/700
f 304/470/701 277/475/702 303/473/703 313/471/704
f 272/462/705 306/476/706 314/477/707 296/459/708
f 296/459/709 314/477/710 304/470/711 271/460/712
f 314/477/713 305/478/714 277/475/715 304/470/716
f 306/476/717 278/479/718 305/478/719 314/477/720
f 265/480/721 310/481/722 315/482/723 307/483/724
f 307/483/725 315/482/726 308/484/727 263/485/728
f 315/482/729 309/486/730 269/487/731 308/484/732
f 310/481/733 268/488/734 309/486/735 315/482/736
f 261/489/737 281/490/738 316/491/739 279/492/740
f 279/492/741 316/491/742 310/481/743 265/480/744
f 316/491/745 280/493/746 268/488/747 310/481/748
f 281/490/749 267/494/750 280/493/751 316/491/752
f 268/488/753 280/493/754 317/495/755 282/496/756
f 282/496/757 317/495/758 283/497/759 266/498/760
f 317/495/761 284/499/762 262/500/763 283/497/764
f 280/493/765 267/494/766 284/499/767 317/495/768
f 269/487/769 309/486/770 318/501/771 285/502/772
f 285/502/773 318/501/774 286/503/775 264/504/776
f 318/501/777 282/496/778 266/498/779 286/503/780
f 309/486/781 268/488/782 282/496/783 318/501/784
f 269/505/785 288/506/786 319/507/787 308/508/788
f 308/509/789 319/510/790 287/511/791 263/512/792
f 319/513/793 297/461/794 273/463/795 287/514/796
f 288/515/797 272/462/798 297/461/799 319/513/800
f 263/512/801 287/511/802 320/516/803 307/517/804
f 307/517/805 320/516/806 289/518/807 265/519/808
f 320/520/809 298/456/810 270/455/811 289/521/812
f 287/514/813 273/463/814 298/456/815 320/520/816
f 261/489/817 291/522/818 321/523/819 281/490/820
f 281/490/821 321/523/822 290/524/823 267/494/824
f 321/525/825 299/467/826 275/469/827 290/526/828
f 291/527/829 274/464/830 299/467/831 321/525/832
f 265/519/833 289/518/834 322/528/835 279/529/836
f 279/529/837 322/528/838 291/530/839 261/531/840
f 322/532/841 301/465/842 274/464/843 291/527/844
f 289/521/845 270/455/846 301/465/847 322/532/848
f 267/494/849 290/524/850 323/533/851 284/499/852
f 284/499/853 323/533/854 292/534/855 262/500/856
f 323/535/857 302/536/858 276/537/859 292/538/860
f 290/539/861 275/540/862 302/541/863 323/542/864
f 262/500/865 292/534/866 324/543/867 283/497/868
f 283/497/869 324/543/870 293/544/871 266/498/872
f 324/545/873 303/546/874 277/547/875 293/548/876
f 292/538/877 276/537/878 303/546/879 324/545/880
f 266/498/881 293/544/882 325/549/883 286/503/884
f 286/503/885 325/549/886 294/550/887 264/504/888
f 325/551/889 305/478/890 278/479/891 294/552/892
f 293/548/893 277/547/894 305/553/895 325/554/896
f 264/504/897 294/550/898 326/555/899 285/502/900
f 285/556/901 326/557/902 288/506/903 269/505/904
f 326/558/905 306/476/906 272/462/907 288/515/908
f 294/552/909 278/479/910 306/476/911 326/558/912
f 333/559/913 364/560/914 377/561/915 361/562/916
f 361/562/917 377/561/918 362/563/919 334/564/920
f 377/565/921 363/566/922 335/567/923 362/568/924
f 364/569/925 336/570/926 363/566/927 377/565/928
f 336/570/929 367/571/930 378/572/931 363/566/932
f 363/566/933 378/572/934 365/573/935 335/567/936
f 378/572/937 366/574/938 337/575/939 365/573/940
f 367/571/941 338/576/942 366/574/943 378/572/944
f 327/577/945 371/578/946 379/579/947 368/580/948
f 368/580/949 379/579/950 369/581/951 329/582/952
f 379/579/953 370/583/954 330/584/955 369/581/956
f 371/578/957 328/585/958 370/583/959 379/579/960
f 329/582/961 369/581/962 380/586/963 372/587/964
f 372/588/965 380/589/966 373/590/967 331/591/968
f 380/589/969 374/592/970 332/593/971 373/590/972
f 369/594/973 330/595/974 374/592/975 380/589/976
f 327/577/977 345/596/978 381/597/979 371/578/980
f 371/578/981 381/597/982 375/598/983 328/585/984
f 381/599/985 376/600/986 344/601/987 375/602/988
f 345/596/989 339/603/990 376/604/991 381/597/992
f 328/585/993 375/598/994 382/605/995 370/583/996
f 370/583/997 382/605/998 346/606/999 330/584/1000
f 382/607/1001 347/608/1002 343/609/1003 346/610/1004
f 375/602/1005 344/601/1006 347/608/1007 382/607/1008
f 329/582/1009 349/611/1010 383/612/1011 368/580/1012
f 368/580/1013 383/612/1014 345/596/1015 327/577/1016
f 383/612/1017 348/613/1018 339/603/1019 345/596/1020
f 349/611/1021 340/614/1022 348/613/1023 383/612/1024
f 330/615/1025 346/616/1026 384/617/1027 374/618/1028
f 374/592/1029 384/619/1030 350/620/1031 332/593/1032
f 384/619/1033 351/621/1034 342/622/1035 350/620/1036
f 346/616/1037 343/623/1038 351/624/1039 384/617/1040
f 332/593/1041 350/620/1042 385/625/1043 373/590/1044
f 373/590/1045 385/625/1046 352/626/1047 331/591/1048
f 385/625/1049 353/627/1050 341/628/1051 352/626/1052
f 350/620/1053 342/622/1054 353/627/1055 385/625/1056
f 331/629/1057 352/630/1058 386/631/1059 372/587/1060
f 372/587/1061 386/631/1062 349/611/1063 329/582/1064
f 386/631/1065 354/632/1066 340/614/1067 349/611/1068
f 352/626/1069 341/628/1070 354/633/1071 386/634/1072
f 340/635/1073 356/636/1074 387/637/1075 348/638/1076
f 348/638/1077 387/637/1078 355/639/1079 339/640/1080
f 387/641/1081 364/560/1082 333/559/1083 355/642/1084
f 356/636/1085 336/643/1086 364/644/1087 387/637/1088
f 341/645/1089 357/646/1090 388/647/1091 354/648/1092
f 354/648/1093 388/647/1094 356/636/1095 340/635/1096
f 388/647/1097 367/649/1098 336/643/1099 356/636/1100
f 357/650/1101 338/576/1102 367/571/1103 388/651/1104
f 342/652/1105 358/653/1106 389/654/1107 353/655/1108
f 353/655/1109 389/654/1110 357/650/1111 341/656/1112
f 389/654/1113 366/574/1114 338/576/1115 357/650/1116
f 358/653/1117 337/575/1118 366/574/1119 389/654/1120
f 343/657/1121 359/658/1122 390/659/1123 351/660/1124
f 351/660/1125 390/659/1126 358/653/1127 342/652/1128
f 390/659/1129 365/573/1130 337/575/1131 358/653/1132
f 359/658/1133 335/567/1134 365/573/1135 390/659/1136
f 344/601/1137 360/661/1138 391/662/1139 347/608/1140
f 347/608/1141 391/662/1142 359/663/1143 343/609/1144
f 391/664/1145 362/568/1146 335/567/1147 359/658/1148
f 360/661/1149 334/564/1150 362/563/1151 391/662/1152
f 339/665/1153 355/642/1154 392/666/1155 376/600/1156
f 376/600/1157 392/666/1158 360/661/1159 344/601/1160
f 392/666/1161 361/562/1162 334/564/1163 360/661/1164
f 355/642/1165 333/559/1166 361/562/1167 392/666/1168
f 402/667/1169 430/668/1170 443/669/1171 427/670/1172
f 427/670/1173 443/669/1174 428/671/1175 403/672/1176
f 443/669/1177 429/673/1178 404/674/1179 428/671/1180
f 430/668/1181 405/675/1182 429/673/1183 443/669/1184
f 406/676/1185 433/677/1186 444/678/1187 431/679/1188
f 431/679/1189 444/678/1190 432/680/1191 407/681/1192
f 444/678/1193 427/670/1194 403/672/1195 432/680/1196
f 433/677/1197 402/667/1198 427/670/1199 444/678/1200
f 403/672/1201 436/682/1202 445/683/1203 432/680/1204
f 432/680/1205 445/683/1206 434/684/1207 407/681/1208
f 445/683/1209 435/685/1210 408/686/1211 434/684/1212
f 436/682/1213 409/687/1214 435/685/1215 445/683/1216
f 404/674/1217 438/688/1218 446/689/1219 428/671/1220
f 428/671/1221 446/689/1222 436/682/1223 403/672/1224
f 446/689/1225 437/690/1226 409/687/1227 436/682/1228
f 438/688/1229 410/691/1230 437/690/1231 446/689/1232
f 397/692/1233 442/693/1234 447/694/1235 439/695/1236
f 439/695/1237 447/694/1238 440/696/1239 395/697/1240
f 447/694/1241 441/698/1242 401/699/1243 440/696/1244
f 442/693/1245 400/700/1246 441/698/1247 447/694/1248
f 393/701/1249 413/702/1250 448/703/1251 411/704/1252
f 411/704/1253 448/703/1254 442/693/1255 397/692/1256
f 448/703/1257 412/705/1258 400/700/1259 442/693/1260
f 413/702/1261 399/706/1262 412/705/1263 448/703/1264
f 400/700/1265 412/705/1266 449/707/1267 414/708/1268
f 414/708/1269 449/707/1270 415/709/1271 398/710/1272
f 449/707/1273 416/711/1274 394/712/1275 415/709/1276
f 412/705/1277 399/706/1278 416/711/1279 449/707/1280
f 401/699/1281 441/698/1282 450/713/1283 417/714/1284
f 417/714/1285 450/713/1286 418/715/1287 396/716/1288
f 450/713/1289 414/708/1290 398/710/1291 418/715/1292
f 441/698/1293 400/700/1294 414/708/1295 450/713/1296
f 401/717/1297 420/718/1298 451/719/1299 440/720/1300
f 440/721/1301 451/722/1302 419/723/1303 395/724/1304
f 451/725/1305 429/673/1306 405/675/1307 419/726/1308
f 420/727/1309 404/674/1310 429/673/1311 451/725/1312
f 395/724/1313 419/723/1314 452/728/1315 439/729/1316
f 439/729/1317 452/728/1318 421/730/1319 397/731/1320
f 452/732/1321 430/668/1322 402/667/1323 421/733/1324
f 419/726/1325 405/675/1326 430/668/1327 452/732/1328
f 393/701/1329 423/734/1330 453/735/1331 413/702/1332
f 413/702/1333 453/735/1334 422/736/1335 399/706/1336
f 453/737/1337 431/679/1338 407/681/1339 422/738/1340
f 423/739/1341 406/676/1342 431/679/1343 453/737/1344
f 397/731/1345 421/730/1346 454/740/1347 411/741/1348
f 411/741/1349 454/740/1350 423/742/1351 393/743/1352
f 454/744/1353 433/677/1354 406/676/1355 423/739/1356
f 421/733/1357 402/667/1358 433/677/1359 454/744/1360
f 399/706/1361 422/736/1362 455/745/1363 416/711/1364
f 416/711/1365 455/745/1366 424/746/1367 394/712/1368
f 455/747/1369 434/748/1370 408/749/1371 424/750/1372
f 422/751/1373 407/752/1374 434/753/1375 455/754/1376
f 394/712/1377 424/746/1378 456/755/1379 415/709/1380
f 415/709/1381 456/755/1382 425/756/1383 398/710/1384
f 456/757/1385 435/758/1386 409/759/1387 425/760/1388
f 424/750/1389 408/749/1390 435/758/1391 456/757/1392
f 398/710/1393 425/756/1394 457/761/1395 418/715/1396
f 418/715/1397 457/761/1398 426/762/1399 396/716/1400
f 457/763/1401 437/690/1402 410/691/1403 426/764/1404
f 425/760/1405 409/759/1406 437/765/1407 457/766/1408
f 396/716/1409 426/762/1410 458/767/1411 417/714/1412
f 417/768/1413 458/769/1414 420/718/1415 401/717/1416
f 458/770/1417 438/688/1418 404/674/1419 420/727/1420
f 426/764/1421 410/691/1422 438/688/1423 458/770/1424
f 465/771/1425 496/772/1426 509/773/1427 493/774/1428
f 493/774/1429 509/773/1430 494/775/1431 466/776/1432
f 509/777/1433 495/778/1434 467/779/1435 494/780/1436
f 496/781/1437 468/782/1438 495/778/1439 509/777/1440
f 468/782/1441 499/783/1442 510/784/1443 495/778/1444
f 495/778/1445 510/784/1446 497/785/1447 467/779/1448
f 510/784/1449 498/786/1450 469/787/1451 497/785/1452
f 499/783/1453 470/788/1454 498/786/1455 510/784/1456
f 459/789/1457 503/790/1458 511/791/1459 500/792/1460
f 500/792/1461 511/791/1462 501/793/1463 461/794/1464
f 511/791/1465 502/795/1466 462/796/1467 501/793/1468
f 503/790/1469 460/797/1470 502/795/1471 511/791/1472
f 461/794/1473 501/793/1474 512/798/1475 504/799/1476
f 504/800/1477 512/801/1478 505/802/1479 463/803/1480
f 512/801/1481 506/804/1482 464/805/1483 505/802/1484
f 501/806/1485 462/807/1486 506/804/1487 512/801/1488
f 459/789/1489 477/808/1490 513/809/1491 503/790/1492
f 503/790/1493 513/809/1494 507/810/1495 460/797/1496
f 513/811/1497 508/812/1498 476/813/1499 507/814/1500
f 477/808/1501 471/815/1502 508/816/1503 513/809/1504
f 460/797/1505 507/810/1506 514/817/1507 502/795/1508
f 502/795/1509 514/817/1510 478/818/1511 462/796/1512
f 514/819/1513 479/820/1514 475/821/1515 478/822/1516
f 507/814/1517 476/813/1518 479/820/1519 514/819/1520
f 461/794/1521 481/823/1522 515/824/1523 500/792/1524
f 500/792/1525 515/824/1526 477/808/1527 459/789/1528
f 515/824/1529 480/825/1530 471/815/1531 477/808/1532
f 481/823/1533 472/826/1534 480/825/1535 515/824/1536
f 462/827/1537 478/828/1538 516/829/1539 506/830/1540
f 506/804/1541 516/831/1542 482/832/1543 464/805/1544
f 516/831/1545 483/833/1546 474/834/1547 482/832/1548
f 478/828/1549 475/835/1550 483/836/1551 516/829/1552
f 464/805/1553 482/832/1554 517/837/1555 505/802/1556
f 505/802/1557 517/837/1558 484/838/1559 463/803/1560
f 517/837/1561 485/839/1562 473/840/1563 484/838/1564
f 482/832/1565 474/834/1566 485/839/1567 517/837/1568
f 463/841/1569 484/842/1570 518/843/1571 504/799/1572
f 504/799/1573 518/843/1574 481/823/1575 461/794/1576
f 518/843/1577 486/844/1578 472/826/1579 481/823/1580
f 484/838/1581 473/840/1582 486/845/1583 518/846/1584
f 472/847/1585 488/848/1586 519/849/1587 480/850/1588
f 480/850/1589 519/849/1590 487/851/1591 471/852/1592
f 519/853/1593 496/772/1594 465/771/1595 487/854/1596
f 488/848/1597 468/855/1598 496/856/1599 519/849/1600
f 473/857/1601 489/858/1602 520/859/1603 486/860/1604
f 486/860/1605 520/859/1606 488/848/1607 472/847/1608
f 520/859/1609 499/861/1610 468/855/1611 488/848/1612
f 489/862/1613 470/788/1614 499/783/1615 520/863/1616
f 474/864/1617 490/865/1618 521/866/1619 485/867/1620
f 485/867/1621 521/866/1622 489/862/1623 473/868/1624
f 521/866/1625 498/786/1626 470/788/1627 489/862/1628
f 490/865/1629 469/787/1630 498/786/1631 521/866/1632
f 475/869/1633 491/870/1634 522/871/1635 483/872/1636
f 483/872/1637 522/871/1638 490/865/1639 474/864/1640
f 522/871/1641 497/785/1642 469/787/1643 490/865/1644
f 491/870/1645 467/779/1646 497/785/1647 522/871/1648
f 476/813/1649 492/873/1650 523/874/1651 479/820/1652
f 479/820/1653 523/874/1654 491/875/1655 475/821/1656
f 523/876/1657 494/780/1658 467/779/1659 491/870/1660
f 492/873/1661 466/776/1662 494/775/1663 523/874/1664
f 471/877/1665 487/854/1666 524/878/1667 508/812/1668
f 508/812/1669 524/878/1670 492/873/1671 476/813/1672
f 524/878/1673 493/774/1674 466/776/1675 492/873/1676
f 487/854/1677 465/771/1678 493/774/1679 524/878/1680
s 9
f 540/879/1681 607/880/1682 647/881/1683 610/882/1684
f 607/880/1682 541/883/1685 608/884/1686 647/881/1683
f 647/881/1683 608/884/1686 542/885/1687 609/886/1688
f 610/882/1684 647/881/1683 609/886/1688 543/887/1689
f 541/883/1685 611/888/1690 648/889/1691 608/884/1686
f 611/888/1690 544/890/1692 612/891/1693 648/889/1691
f 648/889/1691 612/891/1693 545/892/1694 613/893/1695
f 608/884/1686 648/889/1691 613/893/1695 542/885/1687
f 543/887/1689 609/886/1688 649/894/1696 616/895/1697
f 609/886/1688 542/885/1687 614/896/1698 649/894/1696
f 649/894/1696 614/896/1698 546/897/1699 615/898/1700
f 616/895/1697 649/894/1696 615/898/1700 547/899/1701
f 542/885/1687 613/893/1695 650/900/1702 614/896/1698
f 613/893/1695 545/892/1694 617/901/1703 650/900/1702
f 650/900/1702 617/901/1703 548/902/1704 618/903/1705
f 614/896/1698 650/900/1702 618/903/1705 546/897/1699
f 547/899/1701 615/898/1700 651/904/1706 621/905/1707
f 615/898/1700 546/897/1699 619/906/1708 651/904/1706
f 651/904/1706 619/906/1708 549/907/1709 620/908/1710
f 621/905/1707 651/904/1706 620/908/1710 550/909/1711
f 546/897/1699 618/903/1705 652/910/1712 619/906/1708
f 618/903/1705 548/902/1704 622/911/1713 652/910/1712
f 652/910/1712 622/911/1713 551/912/1714 623/913/1715
f 619/906/1708 652/910/1712 623/913/1715 549/907/1709
f 550/909/1711 620/908/1710 698/914/1716 697/915/1717
f 620/908/1710 549/907/1709 699/916/1718 698/914/1716
f 653/917/1719 624/918/1720 552/919/1721 625/920/1722
f 626/921/1723 653/917/1719 625/920/1722 553/922/1724
f 549/907/1709 623/913/1715 700/923/1725 699/916/1718
f 623/913/1715 551/912/1714 701/924/1726 700/923/1725
f 654/925/1727 627/926/1728 554/927/1729 628/928/1730
f 624/918/1720 654/925/1727 628/928/1730 552/919/1721
f 525/929/1731 629/930/1732 655/931/1733 632/932/1734
f 629/930/1732 528/933/1735 630/934/1736 655/931/1733
f 655/931/1733 630/934/1736 529/935/1737 631/936/1738
f 632/932/1734 655/931/1733 631/936/1738 526/937/1739
f 526/937/1739 631/936/1738 656/938/1740 635/939/1741
f 631/936/1738 529/935/1737 633/940/1742 656/938/1740
f 656/938/1740 633/940/1742 530/941/1743 634/942/1744
f 635/939/1741 656/938/1740 634/942/1744 527/943/1745
f 528/933/1735 636/944/1746 657/945/1747 630/934/1736
f 636/944/1746 531/946/1748 637/947/1749 657/945/1747
f 657/945/1747 637/947/1749 532/948/1750 638/949/1751
f 630/934/1736 657/945/1747 638/949/1751 529/935/1737
f 529/935/1737 638/949/1751 658/950/1752 633/940/1742
f 638/949/1751 532/948/1750 639/951/1753 658/950/1752
f 658/950/1752 639/951/1753 533/952/1754 640/953/1755
f 633/940/1742 658/950/1752 640/953/1755 530/941/1743
f 531/946/1748 641/954/1756 659/955/1757 637/947/1749
f 641/954/1756 534/956/1758 642/957/1759 659/955/1757
f 659/955/1757 642/957/1759 535/958/1760 643/959/1761
f 637/947/1749 659/955/1757 643/959/1761 532/948/1750
f 532/948/1750 643/959/1761 660/960/1762 639/951/1753
f 643/959/1761 535/958/1760 644/961/1763 660/960/1762
f 660/960/1762 644/961/1763 536/962/1764 645/963/1765
f 639/951/1753 660/960/1762 645/963/1765 533/952/1754
f 642/957/1759 534/956/1758 693/964/1766 692/965/1767
f 646/966/1768 537/967/1769 567/968/1770 661/969/1771
f 661/969/1771 567/968/1770 538/970/1772 568/971/1773
f 535/958/1760 642/957/1759 692/965/1767 691/972/1774
f 644/961/1763 535/958/1760 691/972/1774 690/973/1775
f 568/971/1773 538/970/1772 569/974/1776 662/975/1777
f 662/975/1777 569/974/1776 539/976/1778 570/977/1779
f 536/962/1764 644/961/1763 690/973/1775 689/978/1780
f 525/979/1731 632/980/1734 663/981/1781 573/982/1782
f 632/980/1734 526/983/1739 571/984/1783 663/981/1781
f 663/981/1781 571/984/1783 566/985/1784 572/986/1785
f 573/982/1782 663/981/1781 572/986/1785 555/987/1786
f 528/988/1735 629/989/1732 664/990/1787 575/991/1788
f 629/989/1732 525/979/1731 573/982/1782 664/990/1787
f 664/990/1787 573/982/1782 555/987/1786 574/992/1789
f 575/991/1788 664/990/1787 574/992/1789 556/993/1790
f 526/983/1739 635/994/1741 665/995/1791 571/984/1783
f 635/994/1741 527/996/1745 576/997/1792 665/995/1791
f 665/995/1791 576/997/1792 565/998/1793 577/999/1794
f 571/984/1783 665/995/1791 577/999/1794 566/985/1784
f 527/996/1745 634/1000/1744 666/1001/1795 576/997/1792
f 634/1000/1744 530/1002/1743 578/1003/1796 666/1001/1795
f 666/1001/1795 578/1003/1796 564/1004/1797 579/1005/1798
f 576/997/1792 666/1001/1795 579/1005/1798 565/998/1793
f 531/1006/1748 636/1007/1746 667/1008/1799 581/1009/1800
f 636/1007/1746 528/988/1735 575/991/1788 667/1008/1799
f 667/1008/1799 575/991/1788 556/993/1790 580/1010/1801
f 581/1009/1800 667/1008/1799 580/1010/1801 557/1011/1802
f 530/1002/1743 640/1012/1755 668/1013/1803 578/1003/1796
f 640/1012/1755 533/1014/1754 582/1015/1804 668/1013/1803
f 668/1013/1803 582/1015/1804 563/1016/1805 583/1017/1806
f 578/1003/1796 668/1013/1803 583/1017/1806 564/1004/1797
f 534/1018/1758 641/1019/1756 669/1020/1807 585/1021/1808
f 641/1019/1756 531/1006/1748 581/1009/1800 669/1020/1807
f 669/1020/1807 581/1009/1800 557/1011/1802 584/1022/1809
f 585/1021/1808 669/1020/1807 584/1022/1809 558/1023/1810
f 533/1014/1754 645/1024/1765 670/1025/1811 582/1015/1804
f 645/1024/1765 536/1026/1764 586/1027/1812 670/1025/1811
f 670/1025/1811 586/1027/1812 562/1028/1813 587/1029/1814
f 582/1015/1804 670/1025/1811 587/1029/1814 563/1016/1805
f 538/1030/1772 567/1031/1770 671/1032/1815 590/1033/1816
f 567/1031/1770 537/1034/1769 588/1035/1817 671/1032/1815
f 671/1032/1815 588/1035/1817 559/1036/1818 589/1037/1819
f 590/1033/1816 671/1032/1815 589/1037/1819 560/1038/1820
f 537/1034/1769 646/1039/1768 672/1040/1821 588/1035/1817
f 693/1041/1766 534/1018/1758 585/1021/1808 694/1042/1822
f 585/1021/1808 558/1023/1810 695/1043/1823 694/1042/1822
f 588/1035/1817 672/1040/1821 591/1044/1824 559/1036/1818
f 586/1027/1812 536/1026/1764 689/1045/1780 688/1046/1825
f 570/1047/1779 539/1048/1778 592/1049/1826 673/1050/1827
f 673/1050/1827 592/1049/1826 561/1051/1828 593/1052/1829
f 562/1028/1813 586/1027/1812 688/1046/1825 687/1053/1830
f 539/1048/1778 569/1054/1776 674/1055/1831 592/1049/1826
f 569/1054/1776 538/1030/1772 590/1033/1816 674/1055/1831
f 674/1055/1831 590/1033/1816 560/1038/1820 594/1056/1832
f 592/1049/1826 674/1055/1831 594/1056/1832 561/1051/1828
f 556/993/1790 574/992/1789 675/1057/1833 596/1058/1834
f 574/992/1789 555/987/1786 595/1059/1835 675/1057/1833
f 675/1057/1833 595/1059/1835 540/879/1681 610/882/1684
f 596/1058/1834 675/1057/1833 610/882/1684 543/887/1689
f 557/1011/1802 580/1010/1801 676/1060/1836 597/1061/1837
f 580/1010/1801 556/993/1790 596/1058/1834 676/1060/1836
f 676/1060/1836 596/1058/1834 543/887/1689 616/895/1697
f 597/1061/1837 676/1060/1836 616/895/1697 547/899/1701
f 558/1023/1810 584/1022/1809 677/1062/1838 598/1063/1839
f 584/1022/1809 557/1011/1802 597/1061/1837 677/1062/1838
f 677/1062/1838 597/1061/1837 547/899/1701 621/905/1707
f 598/1063/1839 677/1062/1838 621/905/1707 550/909/1711
f 559/1036/1818 591/1044/1824 678/1064/1840 599/1065/1841
f 558/1023/1810 598/1063/1839 696/1066/1842 695/1043/1823
f 598/1063/1839 550/909/1711 697/915/1717 696/1066/1842
f 599/1065/1841 678/1064/1840 626/921/1723 553/922/1724
f 560/1038/1820 589/1037/1819 679/1067/1843 600/1068/1844
f 589/1037/1819 559/1036/1818 599/1065/1841 679/1067/1843
f 679/1067/1843 599/1065/1841 553/922/1724 625/920/1722
f 600/1068/1844 679/1067/1843 625/920/1722 552/919/1721
f 561/1051/1828 594/1056/1832 680/1069/1845 601/1070/1846
f 594/1056/1832 560/1038/1820 600/1068/1844 680/1069/1845
f 680/1069/1845 600/1068/1844 552/919/1721 628/928/1730
f 601/1070/1846 680/1069/1845 628/928/1730 554/927/1729
f 602/1071/1847 562/1028/1813 687/1053/1830 702/1072/1848
f 593/1052/1829 561/1051/1828 601/1070/1846 681/1073/1849
f 681/1073/1849 601/1070/1846 554/927/1729 627/926/1728
f 551/912/1714 602/1071/1847 702/1072/1848 701/924/1726
f 563/1016/1805 587/1029/1814 682/1074/1850 603/1075/1851
f 587/1029/1814 562/1028/1813 602/1071/1847 682/1074/1850
f 682/1074/1850 602/1071/1847 551/912/1714 622/911/1713
f 603/1075/1851 682/1074/1850 622/911/1713 548/902/1704
f 564/1004/1797 583/1017/1806 683/1076/1852 604/1077/1853
f 583/1017/1806 563/1016/1805 603/1075/1851 683/1076/1852
f 683/1076/1852 603/1075/1851 548/902/1704 617/901/1703
f 604/1077/1853 683/1076/1852 617/901/1703 545/892/1694
f 565/998/1793 579/1005/1798 684/1078/1854 605/1079/1855
f 579/1005/1798 564/1004/1797 604/1077/1853 684/1078/1854
f 684/1078/1854 604/1077/1853 545/892/1694 612/891/1693
f 605/1079/1855 684/1078/1854 612/891/1693 544/890/1692
f 566/985/1784 577/999/1794 685/1080/1856 606/1081/1857
f 577/999/1794 565/998/1793 605/1079/1855 685/1080/1856
f 685/1080/1856 605/1079/1855 544/890/1692 611/888/1690
f 606/1081/1857 685/1080/1856 611/888/1690 541/883/1685
f 555/987/1786 572/986/1785 686/1082/1858 595/1059/1835
f 572/986/1785 566/985/1784 606/1081/1857 686/1082/1858
f 686/1082/1858 606/1081/1857 541/883/1685 607/880/1682
f 595/1059/1835 686/1082/1858 607/880/1682 540/879/1681
f 708/1083/1859 709/1084/1860 646/966/1768 661/969/1771
f 707/1085/1861 708/1083/1859 661/969/1771 568/971/1773
f 706/1086/1862 707/1085/1861 568/971/1773 662/975/1777
f 705/1087/1863 706/1086/1862 662/975/1777 570/977/1779
f 704/1088/1864 705/1089/1863 570/1047/1779 673/1050/1827
f 703/1090/1865 704/1088/1864 673/1050/1827 593/1052/1829
f 718/1091/1866 703/1090/1865 593/1052/1829 681/1073/1849
f 717/1092/1867 718/1091/1866 681/1073/1849 627/926/1728
f 716/1093/1868 717/1092/1867 627/926/1728 654/925/1727
f 715/1094/1869 716/1093/1868 654/925/1727 624/918/1720
f 714/1095/1870 715/1094/1869 624/918/1720 653/917/1719
f 713/1096/1871 714/1095/1870 653/917/1719 626/921/1723
f 678/1064/1840 712/1097/1872 713/1096/1871 626/921/1723
f 591/1044/1824 711/1098/1873 712/1097/1872 678/1064/1840
f 672/1040/1821 710/1099/1874 711/1098/1873 591/1044/1824
f 646/1039/1768 709/1100/1860 710/1099/1874 672/1040/1821
f 687/1053/1830 688/1046/1825 720/1101/1875 721/1102/1876
f 688/1046/1825 689/1045/1780 719/1103/1877 720/1101/1875
f 689/978/1780 690/973/1775 734/1104/1878 719/1105/1877
f 690/973/1775 691/972/1774 733/1106/1879 734/1104/1878
f 691/972/1774 692/965/1767 732/1107/1880 733/1106/1879
f 692/965/1767 693/964/1766 731/1108/1881 732/1107/1880
f 730/1109/1882 731/1110/1881 693/1041/1766 694/1042/1822
f 729/1111/1883 730/1109/1882 694/1042/1822 695/1043/1823
f 728/1112/1884 729/1111/1883 695/1043/1823 696/1066/1842
f 727/1113/1885 728/1112/1884 696/1066/1842 697/915/1717
f 697/915/1717 698/914/1716 726/1114/1886 727/1113/1885
f 698/914/1716 699/916/1718 725/1115/1887 726/1114/1886
f 699/916/1718 700/923/1725 724/1116/1888 725/1115/1887
f 700/923/1725 701/924/1726 723/1117/1889 724/1116/1888
f 701/924/1726 702/1072/1848 722/1118/1890 723/1117/1889
f 702/1072/1848 687/1053/1830 721/1102/1876 722/1118/1890
f 720/1101/1875 719/1103/1877 705/1089/1863 704/1088/1864
f 721/1102/1876 720/1101/1875 704/1088/1864 703/1090/1865
f 722/1118/1890 721/1102/1876 703/1090/1865 718/1091/1866
f 723/1117/1889 722/1118/1890 718/1091/1866 717/1092/1867
f 724/1116/1888 723/1117/1889 717/1092/1867 716/1093/1868
f 725/1115/1887 724/1116/1888 716/1093/1868 715/1094/1869
f 726/1114/1886 725/1115/1887 715/1094/1869 714/1095/1870
f 727/1113/1885 726/1114/1886 714/1095/1870 713/1096/1871
f 713/1096/1871 712/1097/1872 728/1112/1884 727/1113/1885
f 712/1097/1872 711/1098/1873 729/1111/1883 728/1112/1884
f 711/1098/1873 710/1099/1874 730/1109/1882 729/1111/1883
f 710/1099/1874 709/1100/1860 731/1110/1881 730/1109/1882
f 732/1107/1880 731/1108/1881 709/1084/1860 708/1083/1859
f 733/1106/1879 732/1107/1880 708/1083/1859 707/1085/1861
f 734/1104/1878 733/1106/1879 707/1085/1861 706/1086/1862
f 719/1105/1877 734/1104/1878 706/1086/1862 705/1087/1863
s 14
f 754/1119/1891 810/1120/1892 846/1121/1893 813/1122/1894
f 810/1120/1892 757/1123/1895 811/1124/1896 846/1121/1893
f 846/1121/1893 811/1124/1896 756/1125/1897 812/1126/1898
f 813/1122/1894 846/1121/1893 812/1126/1898 755/1127/1899
f 755/1127/1899 812/1126/1898 847/1128/1900 816/1129/1901
f 812/1126/1898 756/1125/1897 814/1130/1902 847/1128/1900
f 847/1128/1900 814/1130/1902 759/1131/1903 815/1132/1904
f 816/1129/1901 847/1128/1900 815/1132/1904 758/1133/1905
f 757/1123/1895 817/1134/1906 848/1135/1907 811/1124/1896
f 817/1134/1906 761/1136/1908 818/1137/1909 848/1135/1907
f 848/1135/1907 818/1137/1909 760/1138/1910 819/1139/1911
f 811/1124/1896 848/1135/1907 819/1139/1911 756/1125/1897
f 756/1125/1897 819/1139/1911 849/1140/1912 814/1130/1902
f 819/1139/1911 760/1138/1910 820/1141/1913 849/1140/1912
f 849/1140/1912 820/1141/1913 762/1142/1914 821/1143/1915
f 814/1130/1902 849/1140/1912 821/1143/1915 759/1131/1903
f 761/1136/1908 822/1144/1916 850/1145/1917 818/1137/1909
f 822/1144/1916 764/1146/1918 823/1147/1919 850/1145/1917
f 850/1145/1917 823/1147/1919 763/1148/1920 824/1149/1921
f 818/1137/1909 850/1145/1917 824/1149/1921 760/1138/1910
f 760/1138/1910 824/1149/1921 851/1150/1922 820/1141/1913
f 824/1149/1921 763/1148/1920 825/1151/1923 851/1150/1922
f 851/1150/1922 825/1151/1923 765/1152/1924 826/1153/1925
f 820/1141/1913 851/1150/1922 826/1153/1925 762/1142/1914
f 764/1154/1918 827/1155/1926 852/1156/1927 823/1157/1919
f 827/1155/1926 767/1158/1928 828/1159/1929 852/1156/1927
f 852/1160/1927 828/1161/1929 766/1162/1930 829/1163/1931
f 823/1147/1919 852/1160/1927 829/1163/1931 763/1148/1920
f 763/1148/1920 829/1163/1931 853/1164/1932 825/1151/1923
f 829/1163/1931 766/1162/1930 830/1165/1933 853/1164/1932
f 853/1164/1932 830/1165/1933 768/1166/1934 831/1167/1935
f 825/1151/1923 853/1164/1932 831/1167/1935 765/1152/1924
f 828/1168/1929 789/1169/1936 832/1170/1937 766/1162/1930
f 789/1169/1936 788/1171/1938 769/1172/1939 832/1170/1937
f 766/1162/1930 832/1170/1937 854/1173/1940 830/1165/1933
f 832/1170/1937 769/1172/1939 833/1174/1941 854/1173/1940
f 854/1173/1940 833/1174/1941 770/1175/1942 834/1176/1943
f 830/1165/1933 854/1173/1940 834/1176/1943 768/1166/1934
f 855/1177/1944 793/1178/1945 771/1179/1946 835/1180/1947
f 788/1181/1938 855/1182/1944 835/1183/1947 769/1184/1939
f 769/1172/1939 835/1185/1947 856/1186/1948 833/1174/1941
f 835/1185/1947 771/1187/1946 836/1188/1949 856/1186/1948
f 856/1186/1948 836/1188/1949 772/1189/1950 837/1190/1951
f 833/1174/1941 856/1186/1948 837/1190/1951 770/1175/1942
f 735/1191/1952 838/1192/1953 857/1193/1954 841/1194/1955
f 838/1192/1953 736/1195/1956 839/1196/1957 857/1193/1954
f 857/1193/1954 839/1196/1957 739/1197/1958 840/1198/1959
f 841/1194/1955 857/1193/1954 840/1198/1959 738/1199/1960
f 736/1195/1956 842/1200/1961 858/1201/1962 839/1196/1957
f 842/1200/1961 737/1202/1963 843/1203/1964 858/1201/1962
f 858/1201/1962 843/1203/1964 740/1204/1965 844/1205/1966
f 839/1196/1957 858/1201/1962 844/1205/1966 739/1197/1958
f 738/1199/1960 840/1198/1959 859/1206/1967 774/1207/1968
f 840/1198/1959 739/1197/1958 845/1208/1969 859/1206/1967
f 859/1206/1967 845/1208/1969 742/1209/1970 773/1210/1971
f 774/1207/1968 859/1206/1967 773/1210/1971 741/1211/1972
f 739/1197/1958 844/1205/1966 860/1212/1973 845/1208/1969
f 844/1205/1966 740/1204/1965 775/1213/1974 860/1212/1973
f 860/1212/1973 775/1213/1974 743/1214/1975 776/1215/1976
f 845/1208/1969 860/1212/1973 776/1215/1976 742/1209/1970
f 741/1211/1972 773/1210/1971 861/1216/1977 779/1217/1978
f 773/1210/1971 742/1209/1970 777/1218/1979 861/1216/1977
f 861/1216/1977 777/1218/1979 745/1219/1980 778/1220/1981
f 779/1217/1978 861/1216/1977 778/1220/1981 744/1221/1982
f 742/1209/1970 776/1215/1976 862/1222/1983 777/1218/1979
f 776/1215/1976 743/1214/1975 780/1223/1984 862/1222/1983
f 862/1222/1983 780/1223/1984 746/1224/1985 781/1225/1986
f 777/1218/1979 862/1222/1983 781/1225/1986 745/1219/1980
f 744/1226/1982 778/1227/1981 863/1228/1987 784/1229/1988
f 778/1220/1981 745/1219/1980 782/1230/1989 863/1231/1987
f 863/1231/1987 782/1230/1989 748/1232/1990 783/1233/1991
f 784/1229/1988 863/1228/1987 783/1234/1991 747/1235/1992
f 745/1219/1980 781/1225/1986 864/1236/1993 782/1230/1989
f 781/1225/1986 746/1224/1985 785/1237/1994 864/1236/1993
f 864/1236/1993 785/1237/1994 749/1238/1995 786/1239/1996
f 782/1230/1989 864/1236/1993 786/1239/1996 748/1232/1990
f 789/1240/1936 783/1233/1991 748/1232/1990 787/1241/1997
f 789/1242/1936 787/1241/1997 750/1243/1998 788/1244/1938
f 748/1232/1990 786/1239/1996 865/1245/1999 787/1241/1997
f 786/1239/1996 749/1238/1995 790/1246/2000 865/1245/1999
f 865/1245/1999 790/1246/2000 751/1247/2001 791/1248/2002
f 787/1241/1997 865/1245/1999 791/1248/2002 750/1243/1998
f 788/1249/1938 750/1250/1998 792/1251/2003 855/1252/1944
f 855/1253/1944 792/1254/2003 752/1255/2004 793/1256/1945
f 750/1243/1998 791/1248/2002 866/1257/2005 792/1258/2003
f 791/1248/2002 751/1247/2001 794/1259/2006 866/1257/2005
f 866/1257/2005 794/1259/2006 753/1260/2007 795/1261/2008
f 792/1258/2003 866/1257/2005 795/1261/2008 752/1262/2004
f 735/1191/1952 796/1263/2009 867/1264/2010 838/1192/1953
f 796/1265/2009 754/1119/1891 813/1122/1894 867/1266/2010
f 867/1266/2010 813/1122/1894 755/1127/1899 797/1267/2011
f 838/1192/1953 867/1264/2010 797/1268/2011 736/1195/1956
f 738/1199/1960 798/1269/2012 868/1270/2013 841/1194/1955
f 798/1271/2012 757/1123/1895 810/1120/1892 868/1272/2013
f 868/1272/2013 810/1120/1892 754/1119/1891 796/1265/2009
f 841/1194/1955 868/1270/2013 796/1263/2009 735/1191/1952
f 736/1195/1956 797/1268/2011 869/1273/2014 842/1200/1961
f 797/1267/2011 755/1127/1899 816/1129/1901 869/1274/2014
f 869/1274/2014 816/1129/1901 758/1133/1905 799/1275/2015
f 842/1200/1961 869/1273/2014 799/1276/2015 737/1202/1963
f 737/1202/1963 799/1276/2015 870/1277/2016 843/1203/1964
f 799/1275/2015 758/1133/1905 815/1132/1904 870/1278/2016
f 870/1278/2016 815/1132/1904 759/1131/1903 800/1279/2017
f 843/1203/1964 870/1277/2016 800/1280/2017 740/1204/1965
f 741/1211/1972 801/1281/2018 871/1282/2019 774/1207/1968
f 801/1283/2018 761/1136/1908 817/1134/1906 871/1284/2019
f 871/1284/2019 817/1134/1906 757/1123/1895 798/1271/2012
f 774/1207/1968 871/1282/2019 798/1269/2012 738/1199/1960
f 740/1204/1965 800/1280/2017 872/1285/2020 775/1213/1974
f 800/1279/2017 759/1131/1903 821/1143/1915 872/1286/2020
f 872/1286/2020 821/1143/1915 762/1142/1914 802/1287/2021
f 775/1213/1974 872/1285/2020 802/1288/2021 743/1214/1975
f 744/1226/1982 803/1289/2022 873/1290/2023 779/1291/1978
f 803/1289/2022 764/1154/1918 822/1292/1916 873/1290/2023
f 873/1293/2023 822/1144/1916 761/1136/1908 801/1283/2018
f 779/1217/1978 873/1294/2023 801/1281/2018 741/1211/1972
f 743/1214/1975 802/1288/2021 874/1295/2024 780/1223/1984
f 802/1287/2021 762/1142/1914 826/1153/1925 874/1296/2024
f 874/1296/2024 826/1153/1925 765/1152/1924 804/1297/2025
f 780/1223/1984 874/1295/2024 804/1298/2025 746/1224/1985
f 747/1235/1992 805/1299/2026 875/1300/2027 784/1229/1988
f 805/1299/2026 767/1158/1928 827/1155/1926 875/1300/2027
f 875/1300/2027 827/1155/1926 764/1154/1918 803/1289/2022
f 784/1229/1988 875/1300/2027 803/1289/2022 744/1226/1982
f 746/1224/1985 804/1298/2025 876/1301/2028 785/1237/1994
f 804/1297/2025 765/1152/1924 831/1167/1935 876/1302/2028
f 876/1302/2028 831/1167/1935 768/1166/1934 806/1303/2029
f 785/1237/1994 876/1301/2028 806/1304/2029 749/1238/1995
f 749/1238/1995 806/1304/2029 877/1305/2030 790/1246/2000
f 806/1303/2029 768/1166/1934 834/1176/1943 877/1306/2030
f 877/1306/2030 834/1176/1943 770/1175/1942 807/1307/2031
f 790/1246/2000 877/1305/2030 807/1308/2031 751/1247/2001
f 793/1256/1945 752/1255/2004 808/1309/2032 771/1179/1946
f 751/1247/2001 807/1308/2031 878/1310/2033 794/1259/2006
f 807/1307/2031 770/1175/1942 837/1190/1951 878/1311/2033
f 878/1311/2033 837/1190/1951 772/1189/1950 809/1312/2034
f 794/1259/2006 878/1310/2033 809/1313/2034 753/1260/2007
f 753/1260/2007 809/1313/2034 879/1314/2035 795/1261/2008
f 809/1312/2034 772/1189/1950 836/1188/1949 879/1315/2035
f 879/1315/2035 836/1188/1949 771/1187/1946 808/1316/2032
f 795/1261/2008 879/1314/2035 808/1317/2032 752/1262/2004
f 828/1168/1929 767/1158/1928 805/1299/2026 789/1169/1936
f 747/1318/1992 783/1233/1991 789/1240/1936 805/1299/2026
s off
f 905/1319/2036 978/1320/2037 1026/1321/2038 981/1322/2039
f 978/1320/2040 906/1323/2041 979/1324/2042 1026/1321/2043
f 1026/1321/2044 979/1324/2045 907/1325/2046 980/1326/2047
f 981/1322/2048 1026/1321/2049 980/1326/2050 908/1327/2051
f 906/1323/2052 982/1328/2053 1027/1329/2054 979/1324/2055
s 17
f 982/1328/2056 1094/1330/2057 1095/1331/2058 1027/1329/2059
s 18
f 1027/1329/2060 1095/1331/2061 1096/1332/2062 984/1333/2063
s off
f 979/1324/2064 1027/1329/2065 984/1333/2066 907/1325/2067
s 19
f 909/1334/2068 1074/1335/2069 1075/1336/2070 983/1337/2071
s off
f 985/1338/2072 911/1339/2073 986/1340/2074 1028/1341/2075
f 1028/1341/2076 986/1340/2077 912/1342/2078 987/1343/2079
s 20
f 983/1337/2080 1075/1336/2081 1076/1344/2082 910/1345/2083
s off
f 911/1339/2084 988/1346/2085 1029/1347/2086 986/1340/2087
f 988/1346/2088 913/1348/2089 989/1349/2090 1029/1347/2091
f 1029/1347/2092 989/1349/2093 914/1350/2094 990/1351/2095
f 986/1340/2096 1029/1347/2097 990/1351/2098 912/1342/2099
f 908/1327/2100 980/1326/2101 1030/1352/2102 993/1353/2103
f 980/1326/2104 907/1325/2105 991/1354/2106 1030/1352/2107
f 1030/1352/2108 991/1354/2109 915/1355/2110 992/1356/2111
f 993/1353/2112 1030/1352/2113 992/1356/2114 916/1357/2115
f 907/1325/2116 984/1333/2117 1031/1358/2118 991/1354/2119
s 21
f 984/1333/2120 1096/1332/2121 1097/1359/2122 1031/1358/2123
s 22
f 1031/1358/2124 1097/1359/2125 1098/1360/2126 995/1361/2127
s off
f 991/1354/2128 1031/1358/2129 995/1361/2130 915/1355/2131
s 23
f 910/1345/2132 1076/1344/2133 1077/1362/2134 994/1363/2135
s off
f 987/1343/2136 912/1342/2137 996/1364/2138 1032/1365/2139
f 1032/1365/2140 996/1364/2141 918/1366/2142 997/1367/2143
s 24
f 994/1363/2144 1077/1362/2145 1078/1368/2146 917/1369/2147
s off
f 912/1342/2148 990/1351/2149 1033/1370/2150 996/1364/2151
f 990/1351/2152 914/1350/2153 998/1371/2154 1033/1370/2155
f 1033/1370/2156 998/1371/2157 919/1372/2158 999/1373/2159
f 996/1364/2160 1033/1370/2161 999/1373/2162 918/1366/2163
f 916/1357/2164 992/1356/2165 1034/1374/2166 1002/1375/2167
f 992/1356/2168 915/1355/2169 1000/1376/2170 1034/1374/2171
f 1034/1374/2172 1000/1376/2173 920/1377/2174 1001/1378/2175
f 1002/1375/2176 1034/1374/2177 1001/1378/2178 921/1379/2179
f 915/1355/2180 995/1361/2181 1035/1380/2182 1000/1376/2183
s 25
f 995/1361/2184 1098/1360/2185 1099/1381/2186 1035/1380/2187
s 26
f 1035/1380/2188 1099/1381/2189 1100/1382/2190 1004/1383/2191
s off
f 1000/1376/2192 1035/1380/2193 1004/1383/2194 920/1377/2195
s 27
f 917/1369/2196 1078/1368/2197 1079/1384/2198 1003/1385/2199
s off
f 997/1367/2200 918/1366/2201 1005/1386/2202 1036/1387/2203
f 1036/1387/2204 1005/1386/2205 923/1388/2206 1006/1389/2207
s 28
f 1003/1385/2208 1079/1384/2209 1080/1390/2210 922/1391/2211
s off
f 918/1366/2212 999/1373/2213 1037/1392/2214 1005/1386/2215
f 999/1373/2216 919/1372/2217 1007/1393/2218 1037/1392/2219
f 1037/1392/2220 1007/1393/2221 924/1394/2222 1008/1395/2223
f 1005/1386/2224 1037/1392/2225 1008/1395/2226 923/1388/2227
f 921/1379/2228 1001/1378/2229 1038/1396/2230 1011/1397/2231
f 1001/1378/2232 920/1377/2233 1009/1398/2234 1038/1396/2235
f 1038/1396/2236 1009/1398/2237 925/1399/2238 1010/1400/2239
f 1011/1397/2240 1038/1396/2241 1010/1400/2242 926/1401/2243
f 920/1377/2244 1004/1383/2245 1039/1402/2246 1009/1398/2247
s 29
f 1004/1383/2248 1100/1382/2249 1101/1403/2250 1039/1402/2251
s 30
f 1039/1404/2252 1101/1405/2253 1102/1406/2254 1013/1407/2255
s off
f 1009/1408/2256 1039/1409/2257 1013/1410/2258 925/1411/2259
s 31
f 922/1391/2260 1080/1390/2261 1081/1412/2262 1012/1413/2263
s off
f 1006/1389/2264 923/1388/2265 1014/1414/2266 1040/1415/2267
f 1040/1416/2268 1014/1417/2269 928/1418/2270 1015/1419/2271
s 32
f 1012/1420/2272 1081/1421/2273 1082/1422/2274 927/1423/2275
s off
f 923/1388/2276 1008/1395/2277 1041/1424/2278 1014/1414/2279
f 1008/1395/2280 924/1394/2281 1016/1425/2282 1041/1424/2283
f 1041/1424/2284 1016/1425/2285 929/1426/2286 1017/1427/2287
f 1014/1414/2288 1041/1424/2289 1017/1427/2290 928/1428/2291
f 880/1429/2292 1018/1430/2293 1042/1431/2294 1021/1432/2295
f 1018/1430/2296 885/1433/2297 1019/1434/2298 1042/1431/2299
f 1042/1431/2300 1019/1434/2301 886/1435/2302 1020/1436/2303
f 1021/1432/2304 1042/1431/2305 1020/1436/2306 881/1437/2307
f 881/1437/2308 1020/1436/2309 1043/1438/2310 1024/1439/2311
f 1020/1436/2312 886/1435/2313 1022/1440/2314 1043/1438/2315
s 33
f 1043/1438/2316 1022/1440/2317 1110/1441/2318 1111/1442/2319
s 34
f 1024/1439/2320 1043/1438/2321 1111/1442/2322 1112/1443/2323
s 35
f 882/1444/2324 1023/1445/2325 1091/1446/2326 1092/1447/2327
s 36
f 1023/1445/2328 887/1448/2329 1090/1449/2330 1091/1446/2331
s off
f 1044/1450/2332 1025/1451/2333 888/1452/2334 930/1453/2335
f 931/1454/2336 1044/1450/2337 930/1453/2338 883/1455/2339
f 883/1455/2340 930/1453/2341 1045/1456/2342 934/1457/2343
f 930/1453/2344 888/1452/2345 932/1458/2346 1045/1456/2347
f 1045/1456/2348 932/1458/2349 889/1459/2350 933/1460/2351
f 934/1457/2352 1045/1456/2353 933/1460/2354 884/1461/2355
f 885/1433/2356 935/1462/2357 1046/1463/2358 1019/1434/2359
f 935/1462/2360 890/1464/2361 936/1465/2362 1046/1463/2363
f 1046/1463/2364 936/1465/2365 891/1466/2366 937/1467/2367
f 1019/1434/2368 1046/1463/2369 937/1467/2370 886/1435/2371
f 886/1435/2372 937/1467/2373 1047/1468/2374 1022/1440/2375
f 937/1467/2376 891/1466/2377 938/1469/2378 1047/1468/2379
s 37
f 1047/1468/2380 938/1469/2381 1108/1470/2382 1109/1471/2383
s 38
f 1022/1440/2384 1047/1468/2385 1109/1471/2386 1110/1441/2387
s 39
f 887/1448/2388 939/1472/2389 1089/1473/2390 1090/1449/2391
s 40
f 939/1472/2392 892/1474/2393 1088/1475/2394 1089/1473/2395
s off
f 1048/1476/2396 940/1477/2397 893/1478/2398 941/1479/2399
f 1025/1451/2400 1048/1476/2401 941/1479/2402 888/1452/2403
f 888/1452/2404 941/1479/2405 1049/1480/2406 932/1458/2407
f 941/1479/2408 893/1478/2409 942/1481/2410 1049/1480/2411
f 1049/1480/2412 942/1481/2413 894/1482/2414 943/1483/2415
f 932/1458/2416 1049/1480/2417 943/1483/2418 889/1459/2419
f 890/1464/2420 944/1484/2421 1050/1485/2422 936/1465/2423
f 944/1484/2424 895/1486/2425 945/1487/2426 1050/1485/2427
f 1050/1485/2428 945/1487/2429 896/1488/2430 946/1489/2431
f 936/1465/2432 1050/1485/2433 946/1489/2434 891/1466/2435
f 891/1466/2436 946/1489/2437 1051/1490/2438 938/1469/2439
f 946/1489/2440 896/1488/2441 947/1491/2442 1051/1490/2443
s 41
f 1051/1490/2444 947/1491/2445 1106/1492/2446 1107/1493/2447
s 42
f 938/1469/2448 1051/1490/2449 1107/1493/2450 1108/1470/2451
s 43
f 892/1474/2452 948/1494/2453 1087/1495/2454 1088/1475/2455
s 44
f 948/1494/2456 897/1496/2457 1086/1497/2458 1087/1495/2459
s off
f 1052/1498/2460 949/1499/2461 898/1500/2462 950/1501/2463
f 940/1477/2464 1052/1498/2465 950/1501/2466 893/1478/2467
f 893/1478/2468 950/1501/2469 1053/1502/2470 942/1481/2471
f 950/1501/2472 898/1500/2473 951/1503/2474 1053/1502/2475
f 1053/1502/2476 951/1503/2477 899/1504/2478 952/1505/2479
f 942/1481/2480 1053/1502/2481 952/1505/2482 894/1482/2483
f 895/1486/2484 953/1506/2485 1054/1507/2486 945/1487/2487
f 953/1506/2488 900/1508/2489 954/1509/2490 1054/1507/2491
f 1054/1507/2492 954/1509/2493 901/1510/2494 955/1511/2495
f 945/1487/2496 1054/1507/2497 955/1511/2498 896/1488/2499
f 896/1488/2500 955/1511/2501 1055/1512/2502 947/1491/2503
f 955/1513/2504 901/1514/2505 956/1515/2506 1055/1516/2507
s 45
f 1055/1517/2508 956/1518/2509 1104/1519/2510 1105/1520/2511
s 46
f 947/1491/2512 1055/1512/2513 1105/1521/2514 1106/1492/2515
s 47
f 897/1496/2516 957/1522/2517 1085/1523/2518 1086/1497/2519
s 48
f 957/1522/2520 902/1524/2521 1084/1525/2522 1085/1523/2523
s off
f 1056/1526/2524 958/1527/2525 903/1528/2526 959/1529/2527
f 949/1530/2528 1056/1531/2529 959/1532/2530 898/1533/2531
f 898/1500/2532 959/1534/2533 1057/1535/2534 951/1503/2535
f 959/1534/2536 903/1536/2537 960/1537/2538 1057/1535/2539
f 1057/1535/2540 960/1537/2541 904/1538/2542 961/1539/2543
f 951/1503/2544 1057/1535/2545 961/1539/2546 899/1504/2547
f 880/1540/2548 1021/1541/2549 1058/1542/2550 963/1543/2551
f 1021/1432/2552 881/1437/2553 962/1544/2554 1058/1545/2555
f 1058/1546/2556 962/1547/2557 906/1323/2558 978/1320/2559
f 963/1543/2560 1058/1542/2561 978/1548/2562 905/1549/2563
f 885/1550/2564 1018/1551/2565 1059/1552/2566 964/1553/2567
f 1018/1551/2568 880/1540/2569 963/1543/2570 1059/1552/2571
f 1059/1552/2572 963/1543/2573 905/1549/2574 981/1554/2575
f 964/1553/2576 1059/1552/2577 981/1554/2578 908/1555/2579
f 881/1437/2580 1024/1439/2581 1060/1556/2582 962/1544/2583
s 49
f 1024/1439/2584 1112/1443/2585 1113/1557/2586 1060/1556/2587
s 50
f 1060/1558/2588 1113/1559/2589 1094/1330/2590 982/1328/2591
s off
f 962/1547/2592 1060/1558/2593 982/1328/2594 906/1323/2595
s 51
f 882/1444/2596 1092/1447/2597 1093/1560/2598 965/1561/2599
s off
f 931/1454/2600 883/1455/2601 966/1562/2602 1061/1563/2603
f 1061/1564/2604 966/1565/2605 911/1339/2606 985/1338/2607
s 52
f 965/1566/2608 1093/1567/2609 1074/1335/2610 909/1334/2611
s off
f 883/1455/2612 934/1457/2613 1062/1568/2614 966/1562/2615
f 934/1569/2616 884/1570/2617 967/1571/2618 1062/1572/2619
f 1062/1572/2620 967/1571/2621 913/1573/2622 988/1574/2623
f 966/1565/2624 1062/1575/2625 988/1346/2626 911/1339/2627
f 884/1570/2628 933/1576/2629 1063/1577/2630 967/1571/2631
f 933/1576/2632 889/1578/2633 968/1579/2634 1063/1577/2635
f 1063/1577/2636 968/1579/2637 914/1580/2638 989/1581/2639
f 967/1571/2640 1063/1577/2641 989/1581/2642 913/1573/2643
f 890/1464/2644 935/1462/2645 1064/1582/2646 969/1583/2647
f 935/1462/2648 885/1433/2649 964/1584/2650 1064/1582/2651
f 1064/1585/2652 964/1586/2653 908/1327/2654 993/1353/2655
f 969/1587/2656 1064/1585/2657 993/1353/2658 916/1357/2659
f 889/1459/2660 943/1483/2661 1065/1588/2662 968/1589/2663
f 943/1483/2664 894/1482/2665 970/1590/2666 1065/1588/2667
f 1065/1591/2668 970/1592/2669 919/1372/2670 998/1371/2671
f 968/1593/2672 1065/1591/2673 998/1371/2674 914/1350/2675
f 895/1486/2676 944/1484/2677 1066/1594/2678 971/1595/2679
f 944/1484/2680 890/1464/2681 969/1583/2682 1066/1594/2683
f 1066/1596/2684 969/1587/2685 916/1357/2686 1002/1375/2687
f 971/1597/2688 1066/1596/2689 1002/1375/2690 921/1379/2691
f 894/1482/2692 952/1505/2693 1067/1598/2694 970/1590/2695
f 952/1505/2696 899/1504/2697 972/1599/2698 1067/1598/2699
f 1067/1600/2700 972/1601/2701 924/1394/2702 1007/1393/2703
f 970/1592/2704 1067/1600/2705 1007/1393/2706 919/1372/2707
f 901/1510/2708 954/1509/2709 1068/1602/2710 974/1603/2711
f 954/1509/2712 900/1508/2713 973/1604/2714 1068/1602/2715
f 1068/1605/2716 973/1606/2717 926/1401/2718 1010/1400/2719
f 974/1607/2720 1068/1605/2721 1010/1400/2722 925/1399/2723
f 900/1508/2724 953/1506/2725 1069/1608/2726 973/1604/2727
f 953/1506/2728 895/1486/2729 971/1595/2730 1069/1608/2731
f 1069/1609/2732 971/1597/2733 921/1379/2734 1011/1397/2735
f 973/1606/2736 1069/1609/2737 1011/1397/2738 926/1401/2739
s 53
f 1103/1610/2740 1104/1611/2741 956/1515/2742 1070/1612/2743
s off
f 956/1515/2744 901/1514/2745 974/1613/2746 1070/1612/2747
f 1070/1612/2748 974/1613/2749 925/1411/2750 1013/1410/2751
s 54
f 1102/1614/2752 1103/1610/2753 1070/1612/2754 1013/1410/2755
s off
f 903/1528/2756 958/1527/2757 1071/1615/2758 976/1616/2759
s 55
f 1083/1617/2760 1084/1618/2761 902/1619/2762 975/1620/2763
s 56
f 1082/1621/2764 1083/1617/2765 975/1620/2766 927/1622/2767
s off
f 976/1616/2768 1071/1615/2769 1015/1419/2770 928/1418/2771
f 899/1504/2772 961/1539/2773 1072/1623/2774 972/1599/2775
f 961/1539/2776 904/1538/2777 977/1624/2778 1072/1623/2779
f 1072/1625/2780 977/1626/2781 929/1426/2782 1016/1425/2783
f 972/1601/2784 1072/1625/2785 1016/1425/2786 924/1394/2787
f 904/1538/2788 960/1537/2789 1073/1627/2790 977/1624/2791
f 960/1537/2792 903/1536/2793 976/1628/2794 1073/1627/2795
f 1073/1629/2796 976/1630/2797 928/1428/2798 1017/1427/2799
f 977/1626/2800 1073/1629/2801 1017/1427/2802 929/1426/2803
s 19
f 1075/1336/2070 1074/1335/2069 985/1338/2804 1028/1341/2805
s 20
f 1076/1344/2082 1075/1336/2081 1028/1341/2806 987/1343/2807
s 23
f 1077/1362/2134 1076/1344/2133 987/1343/2808 1032/1365/2809
s 24
f 1078/1368/2146 1077/1362/2145 1032/1365/2810 997/1367/2811
s 27
f 1079/1384/2198 1078/1368/2197 997/1367/2812 1036/1387/2813
s 28
f 1080/1390/2210 1079/1384/2209 1036/1387/2814 1006/1389/2815
s 31
f 1081/1412/2262 1080/1390/2261 1006/1389/2816 1040/1415/2817
s 32
f 1082/1422/2274 1081/1421/2273 1040/1631/2818 1015/1632/2819
s 56
f 1071/1615/2820 1083/1617/2765 1082/1621/2764 1015/1419/2821
s 55
f 958/1527/2822 1084/1618/2761 1083/1617/2760 1071/1615/2823
s 48
f 1085/1523/2523 1084/1525/2522 958/1633/2824 1056/1634/2825
s 47
f 1086/1497/2519 1085/1523/2518 1056/1634/2826 949/1499/2827
s 44
f 1087/1495/2459 1086/1497/2458 949/1499/2828 1052/1498/2829
s 43
f 1088/1475/2455 1087/1495/2454 1052/1498/2830 940/1477/2831
s 40
f 1089/1473/2395 1088/1475/2394 940/1477/2832 1048/1476/2833
s 39
f 1090/1449/2391 1089/1473/2390 1048/1476/2834 1025/1451/2835
s 36
f 1091/1446/2331 1090/1449/2330 1025/1451/2836 1044/1450/2837
s 35
f 1092/1447/2327 1091/1446/2326 1044/1450/2838 931/1454/2839
s 51
f 1093/1560/2598 1092/1447/2597 931/1454/2840 1061/1563/2841
s 52
f 1074/1335/2610 1093/1567/2609 1061/1564/2842 985/1338/2843
s 17
f 1095/1331/2058 1094/1330/2057 909/1334/2844 983/1337/2845
s 18
f 1096/1332/2062 1095/1331/2061 983/1337/2846 910/1345/2847
s 21
f 1097/1359/2122 1096/1332/2121 910/1345/2848 994/1363/2849
s 22
f 1098/1360/2126 1097/1359/2125 994/1363/2850 917/1369/2851
s 25
f 1099/1381/2186 1098/1360/2185 917/1369/2852 1003/1385/2853
s 26
f 1100/1382/2190 1099/1381/2189 1003/1385/2854 922/1391/2855
s 29
f 1101/1403/2250 1100/1382/2249 922/1391/2856 1012/1413/2857
s 30
f 1102/1406/2254 1101/1405/2253 1012/1420/2858 927/1423/2859
s 54
f 975/1635/2860 1103/1610/2753 1102/1614/2752 927/1636/2861
s 53
f 902/1637/2862 1104/1611/2741 1103/1610/2740 975/1635/2863
s 45
f 1105/1520/2511 1104/1519/2510 902/1638/2864 957/1639/2865
s 46
f 1106/1492/2515 1105/1521/2514 957/1522/2866 897/1496/2867
s 41
f 1107/1493/2447 1106/1492/2446 897/1496/2868 948/1494/2869
s 42
f 1108/1470/2451 1107/1493/2450 948/1494/2870 892/1474/2871
s 37
f 1109/1471/2383 1108/1470/2382 892/1474/2872 939/1472/2873
s 38
f 1110/1441/2387 1109/1471/2386 939/1472/2874 887/1448/2875
s 33
f 1111/1442/2319 1110/1441/2318 887/1448/2876 1023/1445/2877
s 34
f 1112/1443/2323 1111/1442/2322 1023/1445/2878 882/1444/2879
s 49
f 1113/1557/2586 1112/1443/2585 882/1444/2880 965/1561/2881
s 50
f 1094/1330/2590 1113/1559/2589 965/1566/2882 909/1334/2883
g default
v 0.034413 -0.048752 -0.256489
v 0.033772 -0.048648 -0.258874
v 0.034154 -0.048453 -0.261309
v 0.035492 -0.048202 -0.263372
v 0.037557 -0.047937 -0.264707
v 0.039989 -0.047705 -0.265083
v 0.042369 -0.047545 -0.264434
v 0.044286 -0.047486 -0.262874
v 0.045408 -0.047537 -0.260671
v 0.045540 -0.047690 -0.258207
v 0.044661 -0.047918 -0.255908
v 0.042922 -0.048182 -0.254171
v 0.040623 -0.048436 -0.253297
v 0.038163 -0.048636 -0.253436
v 0.035966 -0.048748 -0.254565
v 0.029304 -0.047055 -0.253848
v 0.028066 -0.046854 -0.258456
v 0.028803 -0.046478 -0.263159
v 0.031389 -0.045992 -0.267145
v 0.035376 -0.045480 -0.269724
v 0.040075 -0.045032 -0.270450
v 0.044674 -0.044723 -0.269197
v 0.048377 -0.044609 -0.266183
v 0.050543 -0.044707 -0.261928
v 0.050799 -0.045003 -0.257168
v 0.049100 -0.045443 -0.252726
v 0.045741 -0.045953 -0.249370
v 0.041300 -0.046444 -0.247681
v 0.036548 -0.046831 -0.247950
v 0.032304 -0.047047 -0.250132
v 0.024774 -0.043928 -0.251468
v 0.023023 -0.043643 -0.257985
v 0.024065 -0.043111 -0.264637
v 0.027723 -0.042424 -0.270274
v 0.033361 -0.041701 -0.273921
v 0.040007 -0.041066 -0.274948
v 0.046511 -0.040630 -0.273176
v 0.051747 -0.040468 -0.268913
v 0.054811 -0.040608 -0.262896
v 0.055173 -0.041025 -0.256164
v 0.052771 -0.041648 -0.249882
v 0.048019 -0.042369 -0.245136
v 0.041739 -0.043063 -0.242747
v 0.035018 -0.043611 -0.243128
v 0.029017 -0.043917 -0.246213
v 0.021132 -0.039583 -0.249513
v 0.018988 -0.039234 -0.257495
v 0.020265 -0.038583 -0.265642
v 0.024744 -0.037741 -0.272545
v 0.031650 -0.036855 -0.277012
v 0.039789 -0.036078 -0.278269
v 0.047754 -0.035544 -0.276100
v 0.054167 -0.035345 -0.270879
v 0.057920 -0.035516 -0.263509
v 0.058364 -0.036028 -0.255264
v 0.055421 -0.036791 -0.247571
v 0.049602 -0.037674 -0.241758
v 0.041911 -0.038524 -0.238832
v 0.033679 -0.039195 -0.239299
v 0.026329 -0.039569 -0.243077
v 0.018627 -0.034317 -0.248115
v 0.016235 -0.033928 -0.257018
v 0.017660 -0.033201 -0.266104
v 0.022655 -0.032263 -0.273805
v 0.030358 -0.031275 -0.278786
v 0.039436 -0.030408 -0.280189
v 0.048320 -0.029812 -0.277769
v 0.055473 -0.029590 -0.271945
v 0.059659 -0.029781 -0.263725
v 0.060153 -0.030352 -0.254529
v 0.056871 -0.031203 -0.245948
v 0.050380 -0.032188 -0.239466
v 0.041802 -0.033136 -0.236202
v 0.032621 -0.033884 -0.236722
v 0.024424 -0.034302 -0.240936
v 0.017429 -0.028489 -0.247370
v 0.014952 -0.028086 -0.256586
v 0.016428 -0.027334 -0.265994
v 0.021599 -0.026362 -0.273965
v 0.029574 -0.025339 -0.279123
v 0.038972 -0.024441 -0.280575
v 0.048169 -0.023825 -0.278069
v 0.055575 -0.023595 -0.272040
v 0.059908 -0.023793 -0.263530
v 0.060421 -0.024384 -0.254010
v 0.057023 -0.025265 -0.245127
v 0.050303 -0.026284 -0.238415
v 0.041422 -0.027266 -0.235037
v 0.031917 -0.028040 -0.235575
v 0.023430 -0.028473 -0.239938
v 0.017620 -0.022495 -0.247327
v 0.015228 -0.022106 -0.256230
v 0.016653 -0.021379 -0.265317
v 0.021648 -0.020441 -0.273017
v 0.029351 -0.019453 -0.277999
v 0.038429 -0.018586 -0.279401
v 0.047313 -0.017990 -0.276981
v 0.054466 -0.017768 -0.271158
v 0.058651 -0.017959 -0.262938
v 0.059146 -0.018530 -0.253742
v 0.055864 -0.019381 -0.245161
v 0.049373 -0.020366 -0.238678
v 0.040795 -0.021314 -0.235415
v 0.031614 -0.022062 -0.235935
v 0.023416 -0.022480 -0.240149
v 0.019186 -0.016745 -0.247992
v 0.017042 -0.016396 -0.255973
v 0.018319 -0.015745 -0.264121
v 0.022798 -0.014903 -0.271024
v 0.029704 -0.014017 -0.275491
v 0.037843 -0.013240 -0.276748
v 0.045808 -0.012706 -0.274579
v 0.052222 -0.012507 -0.269357
v 0.055974 -0.012678 -0.261987
v 0.056418 -0.013190 -0.253743
v 0.053475 -0.013953 -0.246049
v 0.047656 -0.014836 -0.240237
v 0.039965 -0.015686 -0.237311
v 0.031733 -0.016356 -0.237777
v 0.024383 -0.016731 -0.241555
v 0.022022 -0.011630 -0.249317
v 0.020271 -0.011345 -0.255834
v 0.021314 -0.010813 -0.262486
v 0.024971 -0.010126 -0.268123
v 0.030610 -0.009402 -0.271770
v 0.037255 -0.008768 -0.272796
v 0.043759 -0.008332 -0.271025
v 0.048995 -0.008170 -0.266762
v 0.052059 -0.008309 -0.260744
v 0.052422 -0.008727 -0.254012
v 0.050019 -0.009350 -0.247731
v 0.045267 -0.010071 -0.242985
v 0.038988 -0.010765 -0.240596
v 0.032266 -0.011313 -0.240977
v 0.026265 -0.011618 -0.244061
v 0.025934 -0.007498 -0.251212
v 0.024695 -0.007297 -0.255821
v 0.025433 -0.006921 -0.260524
v 0.028018 -0.006435 -0.264510
v 0.032006 -0.005923 -0.267089
v 0.036705 -0.005475 -0.267815
v 0.041304 -0.005166 -0.266562
v 0.045006 -0.005052 -0.263548
v 0.047173 -0.005151 -0.259293
v 0.047429 -0.005446 -0.254533
v 0.045730 -0.005886 -0.250091
v 0.042370 -0.006396 -0.246735
v 0.037930 -0.006887 -0.245046
v 0.033177 -0.007274 -0.245315
v 0.028934 -0.007490 -0.247497
v 0.030654 -0.004632 -0.253550
v 0.030013 -0.004528 -0.255935
v 0.030395 -0.004333 -0.258370
v 0.031734 -0.004082 -0.260433
v 0.033797 -0.003817 -0.261768
v 0.036230 -0.003585 -0.262144
v 0.038610 -0.003425 -0.261495
v 0.040527 -0.003366 -0.259935
v 0.041648 -0.003417 -0.257732
v 0.041781 -0.003570 -0.255268
v 0.040902 -0.003798 -0.252969
v 0.039162 -0.004062 -0.251232
v 0.036864 -0.004316 -0.250358
v 0.034404 -0.004516 -0.250497
v 0.032207 -0.004628 -0.251626
v 0.039754 -0.048903 -0.259212
v 0.035862 -0.003227 -0.256169
v -0.034482 -0.048752 -0.256285
v -0.033703 -0.048648 -0.258629
v -0.033941 -0.048453 -0.261082
v -0.035157 -0.048202 -0.263220
v -0.037139 -0.047937 -0.264673
v -0.039546 -0.047705 -0.265191
v -0.041960 -0.047545 -0.264682
v -0.043964 -0.047486 -0.263237
v -0.045213 -0.047537 -0.261104
v -0.045490 -0.047690 -0.258652
v -0.044746 -0.047918 -0.256305
v -0.043111 -0.048182 -0.254469
v -0.040868 -0.048436 -0.253462
v -0.038404 -0.048636 -0.253457
v -0.036145 -0.048748 -0.254456
v -0.029536 -0.047055 -0.253349
v -0.028030 -0.046854 -0.257877
v -0.028491 -0.046478 -0.262616
v -0.030840 -0.045992 -0.266747
v -0.034669 -0.045480 -0.269554
v -0.039318 -0.045032 -0.270554
v -0.043982 -0.044723 -0.269572
v -0.047854 -0.044609 -0.266779
v -0.050267 -0.044707 -0.262659
v -0.050801 -0.045003 -0.257922
v -0.049365 -0.045443 -0.253388
v -0.046206 -0.045953 -0.249842
v -0.041873 -0.046444 -0.247895
v -0.037113 -0.046831 -0.247886
v -0.032749 -0.047047 -0.249815
v -0.025153 -0.043928 -0.250709
v -0.023024 -0.043643 -0.257113
v -0.023676 -0.043111 -0.263814
v -0.026997 -0.042424 -0.269655
v -0.032413 -0.041701 -0.273626
v -0.038987 -0.041066 -0.275040
v -0.045583 -0.040630 -0.273652
v -0.051059 -0.040468 -0.269702
v -0.054471 -0.040608 -0.263874
v -0.055226 -0.041025 -0.257175
v -0.053195 -0.041648 -0.250764
v -0.048729 -0.042369 -0.245748
v -0.042600 -0.043063 -0.242996
v -0.035868 -0.043611 -0.242983
v -0.029696 -0.043917 -0.245711
v -0.021632 -0.039583 -0.248544
v -0.019024 -0.039234 -0.256387
v -0.019823 -0.038583 -0.264595
v -0.023890 -0.037741 -0.271749
v -0.030523 -0.036855 -0.276612
v -0.038575 -0.036078 -0.278343
v -0.046653 -0.035544 -0.276643
v -0.053361 -0.035345 -0.271806
v -0.057539 -0.035516 -0.264668
v -0.058464 -0.036028 -0.256464
v -0.055976 -0.036791 -0.248611
v -0.050507 -0.037674 -0.242468
v -0.043000 -0.038524 -0.239098
v -0.034755 -0.039195 -0.239081
v -0.027197 -0.039569 -0.242423
v -0.019213 -0.034317 -0.247002
v -0.016304 -0.033928 -0.255749
v -0.017195 -0.033201 -0.264904
v -0.021731 -0.032263 -0.272883
v -0.029130 -0.031275 -0.278307
v -0.038110 -0.030408 -0.280238
v -0.047120 -0.029812 -0.278342
v -0.054602 -0.029590 -0.272947
v -0.059261 -0.029781 -0.264986
v -0.060293 -0.030352 -0.255835
v -0.057519 -0.031203 -0.247077
v -0.051418 -0.032188 -0.240225
v -0.043046 -0.033136 -0.236465
v -0.033850 -0.033884 -0.236448
v -0.025420 -0.034302 -0.240175
v -0.018061 -0.028489 -0.246188
v -0.015049 -0.028086 -0.255244
v -0.015971 -0.027334 -0.264721
v -0.020668 -0.026362 -0.272982
v -0.028327 -0.025339 -0.278597
v -0.037624 -0.024441 -0.280596
v -0.046952 -0.023825 -0.278634
v -0.054698 -0.023595 -0.273048
v -0.059522 -0.023793 -0.264806
v -0.060590 -0.024384 -0.255332
v -0.057718 -0.025265 -0.246265
v -0.051402 -0.026284 -0.239172
v -0.042734 -0.027266 -0.235280
v -0.033214 -0.028040 -0.235261
v -0.024486 -0.028473 -0.239120
v -0.018254 -0.022495 -0.246157
v -0.015345 -0.022106 -0.254904
v -0.016235 -0.021379 -0.264059
v -0.020772 -0.020441 -0.272038
v -0.028170 -0.019453 -0.277462
v -0.037151 -0.018586 -0.279393
v -0.046161 -0.017990 -0.277497
v -0.053642 -0.017768 -0.272102
v -0.058302 -0.017959 -0.264141
v -0.059334 -0.018530 -0.254990
v -0.056559 -0.019381 -0.246232
v -0.050458 -0.020366 -0.239380
v -0.042086 -0.021314 -0.235620
v -0.032890 -0.022062 -0.235603
v -0.024460 -0.022480 -0.239330
v -0.019779 -0.016745 -0.246912
v -0.017170 -0.016396 -0.254754
v -0.017969 -0.015745 -0.262962
v -0.022037 -0.014903 -0.270116
v -0.028670 -0.014017 -0.274979
v -0.036721 -0.013240 -0.276710
v -0.044799 -0.012706 -0.275011
v -0.051507 -0.012507 -0.270173
v -0.055685 -0.012678 -0.263035
v -0.056610 -0.013190 -0.254831
v -0.054122 -0.013953 -0.246978
v -0.048653 -0.014836 -0.240836
v -0.041146 -0.015686 -0.237465
v -0.032901 -0.016356 -0.237449
v -0.025343 -0.016731 -0.240790
v -0.022532 -0.011630 -0.248400
v -0.020402 -0.011345 -0.254804
v -0.021054 -0.010813 -0.261505
v -0.024375 -0.010126 -0.267346
v -0.029791 -0.009402 -0.271317
v -0.036366 -0.008768 -0.272731
v -0.042961 -0.008332 -0.271343
v -0.048438 -0.008170 -0.267394
v -0.051849 -0.008309 -0.261565
v -0.052605 -0.008727 -0.254867
v -0.050574 -0.009350 -0.248455
v -0.046107 -0.010071 -0.243439
v -0.039979 -0.010765 -0.240687
v -0.033247 -0.011313 -0.240674
v -0.027075 -0.011618 -0.243402
v -0.026326 -0.007498 -0.250522
v -0.024820 -0.007297 -0.255049
v -0.025281 -0.006921 -0.259788
v -0.027629 -0.006435 -0.263918
v -0.031459 -0.005923 -0.266726
v -0.036108 -0.005475 -0.267726
v -0.040771 -0.005166 -0.266744
v -0.044644 -0.005052 -0.263952
v -0.047056 -0.005151 -0.259830
v -0.047590 -0.005446 -0.255094
v -0.046154 -0.005886 -0.250560
v -0.042996 -0.006396 -0.247014
v -0.038662 -0.006887 -0.245068
v -0.033902 -0.007274 -0.245058
v -0.029538 -0.007490 -0.246987
v -0.030901 -0.004632 -0.253131
v -0.030122 -0.004528 -0.255475
v -0.030361 -0.004333 -0.257928
v -0.031576 -0.004082 -0.260066
v -0.033559 -0.003817 -0.261519
v -0.035965 -0.003585 -0.262036
v -0.038379 -0.003425 -0.261528
v -0.040384 -0.003366 -0.260083
v -0.041632 -0.003417 -0.257950
v -0.041909 -0.003570 -0.255497
v -0.041165 -0.003798 -0.253151
v -0.039531 -0.004062 -0.251315
v -0.037287 -0.004316 -0.250308
v -0.034823 -0.004516 -0.250303
v -0.032565 -0.004628 -0.251301
v -0.039655 -0.048903 -0.259315
v -0.035947 -0.003227 -0.256051
vt 0.000000 0.083333
vt 0.066667 0.083333
vt 0.133333 0.083333
vt 0.200000 0.083333
vt 0.266667 0.083333
vt 0.333333 0.083333
vt 0.400000 0.083333
vt 0.466667 0.083333
vt 0.533333 0.083333
vt 0.600000 0.083333
vt 0.666667 0.083333
vt 0.733333 0.083333
vt 0.800000 0.083333
vt 0.866667 0.083333
vt 0.933333 0.083333
vt 1.000000 0.083333
vt 0.000000 0.166667
vt 0.066667 0.166667
vt 0.133333 0.166667
vt 0.200000 0.166667
vt 0.266667 0.166667
vt 0.333333 0.166667
vt 0.400000 0.166667
vt 0.466667 0.166667
vt 0.533333 0.166667
vt 0.600000 0.166667
vt 0.666667 0.166667
vt 0.733333 0.166667
vt 0.800000 0.166667
vt 0.866667 0.166667
vt 0.933333 0.166667
vt 1.000000 0.166667
vt 0.000000 0.250000
vt 0.066667 0.250000
vt 0.133333 0.250000
vt 0.200000 0.250000
vt 0.266667 0.250000
vt 0.333333 0.250000
vt 0.400000 0.250000
vt 0.466667 0.250000
vt 0.533333 0.250000
vt 0.600000 0.250000
vt 0.666667 0.250000
vt 0.733333 0.250000
vt 0.800000 0.250000
vt 0.866667 0.250000
vt 0.933333 0.250000
vt 1.000000 0.250000
vt 0.000000 0.333333
vt 0.066667 0.333333
vt 0.133333 0.333333
vt 0.200000 0.333333
vt 0.266667 0.333333
vt 0.333333 0.333333
vt 0.400000 0.333333
vt 0.466667 0.333333
vt 0.533333 0.333333
vt 0.600000 0.333333
vt 0.666667 0.333333
vt 0.733333 0.333333
vt 0.800000 0.333333
vt 0.866667 0.333333
vt 0.933333 0.333333
vt 1.000000 0.333333
vt 0.000000 0.416667
vt 0.066667 0.416667
vt 0.133333 0.416667
vt 0.200000 0.416667
vt 0.266667 0.416667
vt 0.333333 0.416667
vt 0.400000 0.416667
vt 0.466667 0.416667
vt 0.533333 0.416667
vt 0.600000 0.416667
vt 0.666667 0.416667
vt 0.733333 0.416667
vt 0.800000 0.416667
vt 0.866667 0.416667
vt 0.933333 0.416667
vt 1.000000 0.416667
vt 0.000000 0.500000
vt 0.066667 0.500000
vt 0.133333 0.500000
vt 0.200000 0.500000
vt 0.266667 0.500000
vt 0.333333 0.500000
vt 0.400000 0.500000
vt 0.466667 0.500000
vt 0.533333 0.500000
vt 0.600000 0.500000
vt 0.666667 0.500000
vt 0.733333 0.500000
vt 0.800000 0.500000
vt 0.866667 0.500000
vt 0.933333 0.500000
vt 1.000000 0.500000
vt 0.000000 0.583333
vt 0.066667 0.583333
vt 0.133333 0.583333
vt 0.200000 0.583333
vt 0.266667 0.583333
vt 0.333333 0.583333
vt 0.400000 0.583333
vt 0.466667 0.583333
vt 0.533333 0.583333
vt 0.600000 0.583333
vt 0.666667 0.583333
vt 0.733333 0.583333
vt 0.800000 0.583333
vt 0.866667 0.583333
vt 0.933333 0.583333
vt 1.000000 0.583333
vt 0.000000 0.666667
vt 0.066667 0.666667
vt 0.133333 0.666667
vt 0.200000 0.666667
vt 0.266667 0.666667
vt 0.333333 0.666667
vt 0.400000 0.666667
vt 0.466667 0.666667
vt 0.533333 0.666667
vt 0.600000 0.666667
vt 0.666667 0.666667
vt 0.733333 0.666667
vt 0.800000 0.666667
vt 0.866667 0.666667
vt 0.933333 0.666667
vt 1.000000 0.666667
vt 0.000000 0.750000
vt 0.066667 0.750000
vt 0.133333 0.750000
vt 0.200000 0.750000
vt 0.266667 0.750000
vt 0.333333 0.750000
vt 0.400000 0.750000
vt 0.466667 0.750000
vt 0.533333 0.750000
vt 0.600000 0.750000
vt 0.666667 0.750000
vt 0.733333 0.750000
vt 0.800000 0.750000
vt 0.866667 0.750000
vt 0.933333 0.750000
vt 1.000000 0.750000
vt 0.000000 0.833333
vt 0.066667 0.833333
vt 0.133333 0.833333
vt 0.200000 0.833333
vt 0.266667 0.833333
vt 0.333333 0.833333
vt 0.400000 0.833333
vt 0.466667 0.833333
vt 0.533333 0.833333
vt 0.600000 0.833333
vt 0.666667 0.833333
vt 0.733333 0.833333
vt 0.800000 0.833333
vt 0.866667 0.833333
vt 0.933333 0.833333
vt 1.000000 0.833333
vt 0.000000 0.916667
vt 0.066667 0.916667
vt 0.133333 0.916667
vt 0.200000 0.916667
vt 0.266667 0.916667
vt 0.333333 0.916667
vt 0.400000 0.916667
vt 0.466667 0.916667
vt 0.533333 0.916667
vt 0.600000 0.916667
vt 0.666667 0.916667
vt 0.733333 0.916667
vt 0.800000 0.916667
vt 0.866667 0.916667
vt 0.933333 0.916667
vt 1.000000 0.916667
vt 0.033333 0.000000
vt 0.100000 0.000000
vt 0.166667 0.000000
vt 0.233333 0.000000
vt 0.300000 0.000000
vt 0.366667 0.000000
vt 0.433333 0.000000
vt 0.500000 0.000000
vt 0.566667 0.000000
vt 0.633333 0.000000
vt 0.700000 0.000000
vt 0.766667 0.000000
vt 0.833333 0.000000
vt 0.900000 0.000000
vt 0.966667 0.000000
vt 0.033333 1.000000
vt 0.100000 1.000000
vt 0.166667 1.000000
vt 0.233333 1.000000
vt 0.300000 1.000000
vt 0.366667 1.000000
vt 0.433333 1.000000
vt 0.500000 1.000000
vt 0.566667 1.000000
vt 0.633333 1.000000
vt 0.700000 1.000000
vt 0.766667 1.000000
vt 0.833333 1.000000
vt 0.900000 1.000000
vt 0.966667 1.000000
vt 0.000000 0.083333
vt 0.066667 0.083333
vt 0.066667 0.166667
vt 0.000000 0.166667
vt 0.133333 0.083333
vt 0.133333 0.166667
vt 0.200000 0.083333
vt 0.200000 0.166667
vt 0.266667 0.083333
vt 0.266667 0.166667
vt 0.333333 0.083333
vt 0.333333 0.166667
vt 0.400000 0.083333
vt 0.400000 0.166667
vt 0.466667 0.083333
vt 0.466667 0.166667
vt 0.533333 0.083333
vt 0.533333 0.166667
vt 0.600000 0.083333
vt 0.600000 0.166667
vt 0.666667 0.083333
vt 0.666667 0.166667
vt 0.733333 0.083333
vt 0.733333 0.166667
vt 0.800000 0.083333
vt 0.800000 0.166667
vt 0.866667 0.083333
vt 0.866667 0.166667
vt 0.933333 0.083333
vt 0.933333 0.166667
vt 1.000000 0.083333
vt 1.000000 0.166667
vt 0.066667 0.250000
vt 0.000000 0.250000
vt 0.133333 0.250000
vt 0.200000 0.250000
vt 0.266667 0.250000
vt 0.333333 0.250000
vt 0.400000 0.250000
vt 0.466667 0.250000
vt 0.533333 0.250000
vt 0.600000 0.250000
vt 0.666667 0.250000
vt 0.733333 0.250000
vt 0.800000 0.250000
vt 0.866667 0.250000
vt 0.933333 0.250000
vt 1.000000 0.250000
vt 0.066667 0.333333
vt 0.000000 0.333333
vt 0.133333 0.333333
vt 0.200000 0.333333
vt 0.266667 0.333333
vt 0.333333 0.333333
vt 0.400000 0.333333
vt 0.466667 0.333333
vt 0.533333 0.333333
vt 0.600000 0.333333
vt 0.666667 0.333333
vt 0.733333 0.333333
vt 0.800000 0.333333
vt 0.866667 0.333333
vt 0.933333 0.333333
vt 1.000000 0.333333
vt 0.066667 0.416667
vt 0.000000 0.416667
vt 0.133333 0.416667
vt 0.200000 0.416667
vt 0.266667 0.416667
vt 0.333333 0.416667
vt 0.400000 0.416667
vt 0.466667 0.416667
vt 0.533333 0.416667
vt 0.600000 0.416667
vt 0.666667 0.416667
vt 0.733333 0.416667
vt 0.800000 0.416667
vt 0.866667 0.416667
vt 0.933333 0.416667
vt 1.000000 0.416667
vt 0.066667 0.500000
vt 0.000000 0.500000
vt 0.133333 0.500000
vt 0.200000 0.500000
vt 0.266667 0.500000
vt 0.333333 0.500000
vt 0.400000 0.500000
vt 0.466667 0.500000
vt 0.533333 0.500000
vt 0.600000 0.500000
vt 0.666667 0.500000
vt 0.733333 0.500000
vt 0.800000 0.500000
vt 0.866667 0.500000
vt 0.933333 0.500000
vt 1.000000 0.500000
vt 0.066667 0.583333
vt 0.000000 0.583333
vt 0.133333 0.583333
vt 0.200000 0.583333
vt 0.266667 0.583333
vt 0.333333 0.583333
vt 0.400000 0.583333
vt 0.466667 0.583333
vt 0.533333 0.583333
vt 0.600000 0.583333
vt 0.666667 0.583333
vt 0.733333 0.583333
vt 0.800000 0.583333
vt 0.866667 0.583333
vt 0.933333 0.583333
vt 1.000000 0.583333
vt 0.066667 0.666667
vt 0.000000 0.666667
vt 0.133333 0.666667
vt 0.200000 0.666667
vt 0.266667 0.666667
vt 0.333333 0.666667
vt 0.400000 0.666667
vt 0.466667 0.666667
vt 0.533333 0.666667
vt 0.600000 0.666667
vt 0.666667 0.666667
vt 0.733333 0.666667
vt 0.800000 0.666667
vt 0.866667 0.666667
vt 0.933333 0.666667
vt 1.000000 0.666667
vt 0.066667 0.750000
vt 0.000000 0.750000
vt 0.133333 0.750000
vt 0.200000 0.750000
vt 0.266667 0.750000
vt 0.333333 0.750000
vt 0.400000 0.750000
vt 0.466667 0.750000
vt 0.533333 0.750000
vt 0.600000 0.750000
vt 0.666667 0.750000
vt 0.733333 0.750000
vt 0.800000 0.750000
vt 0.866667 0.750000
vt 0.933333 0.750000
vt 1.000000 0.750000
vt 0.066667 0.833333
vt 0.000000 0.833333
vt 0.133333 0.833333
vt 0.200000 0.833333
vt 0.266667 0.833333
vt 0.333333 0.833333
vt 0.400000 0.833333
vt 0.466667 0.833333
vt 0.533333 0.833333
vt 0.600000 0.833333
vt 0.666667 0.833333
vt 0.733333 0.833333
vt 0.800000 0.833333
vt 0.866667 0.833333
vt 0.933333 0.833333
vt 1.000000 0.833333
vt 0.066667 0.916667
vt 0.000000 0.916667
vt 0.133333 0.916667
vt 0.200000 0.916667
vt 0.266667 0.916667
vt 0.333333 0.916667
vt 0.400000 0.916667
vt 0.466667 0.916667
vt 0.533333 0.916667
vt 0.600000 0.916667
vt 0.666667 0.916667
vt 0.733333 0.916667
vt 0.800000 0.916667
vt 0.866667 0.916667
vt 0.933333 0.916667
vt 1.000000 0.916667
vt 0.033333 0.000000
vt 0.100000 0.000000
vt 0.166667 0.000000
vt 0.233333 0.000000
vt 0.300000 0.000000
vt 0.366667 0.000000
vt 0.433333 0.000000
vt 0.500000 0.000000
vt 0.566667 0.000000
vt 0.633333 0.000000
vt 0.700000 0.000000
vt 0.766667 0.000000
vt 0.833333 0.000000
vt 0.900000 0.000000
vt 0.966667 0.000000
vt 0.033333 1.000000
vt 0.100000 1.000000
vt 0.166667 1.000000
vt 0.233333 1.000000
vt 0.300000 1.000000
vt 0.366667 1.000000
vt 0.433333 1.000000
vt 0.500000 1.000000
vt 0.566667 1.000000
vt 0.633333 1.000000
vt 0.700000 1.000000
vt 0.766667 1.000000
vt 0.833333 1.000000
vt 0.900000 1.000000
vt 0.966667 1.000000
vn -0.214585 -0.972852 0.086673
vn -0.405509 -0.895031 0.185693
vn -0.463481 -0.885599 -0.029997
vn -0.250391 -0.967027 -0.046514
vn -0.428964 -0.867992 -0.250161
vn -0.229064 -0.956159 -0.182458
vn -0.307918 -0.845248 -0.436741
vn -0.154328 -0.942116 -0.297658
vn -0.121297 -0.821302 -0.557449
vn -0.039100 -0.927329 -0.372198
vn 0.098662 -0.800294 -0.591435
vn 0.096729 -0.914361 -0.393176
vn 0.313922 -0.785864 -0.532795
vn 0.229647 -0.905450 -0.356964
vn 0.487242 -0.780498 -0.391686
vn 0.336656 -0.902135 -0.269843
vn 0.588660 -0.785120 -0.192529
vn 0.399282 -0.904987 -0.146874
vn 0.600640 -0.798945 0.030290
vn 0.406679 -0.913524 -0.009280
vn 0.521127 -0.819569 0.238187
vn 0.357578 -0.926260 0.119083
vn 0.363852 -0.843436 0.395256
vn 0.260466 -0.940996 0.216065
vn 0.155997 -0.866418 0.474325
vn 0.132119 -0.955186 0.264884
vn -0.066456 -0.884530 0.461725
vn -0.005233 -0.966370 0.257104
vn -0.265078 -0.894654 0.359622
vn -0.127879 -0.972618 0.194064
vn -0.587343 -0.758827 0.281443
vn -0.665791 -0.746065 -0.010451
vn -0.619071 -0.722236 -0.308427
vn -0.455259 -0.691456 -0.560917
vn -0.202692 -0.659063 -0.724259
vn 0.094984 -0.630632 -0.770248
vn 0.386280 -0.611095 -0.690906
vn 0.620835 -0.603839 -0.499942
vn 0.758078 -0.610104 -0.230415
vn 0.774301 -0.628809 0.071114
vn 0.666691 -0.656716 0.352486
vn 0.453855 -0.689001 0.565061
vn 0.172571 -0.720091 0.672078
vn -0.128498 -0.744611 0.655013
vn -0.397290 -0.758312 0.516840
vn -0.735471 -0.573266 0.361175
vn -0.829838 -0.557914 0.010032
vn -0.773642 -0.529243 -0.348397
vn -0.576588 -0.492223 -0.652122
vn -0.272749 -0.453246 -0.848632
vn 0.085340 -0.419052 -0.903943
vn 0.435748 -0.395545 -0.808497
vn 0.717895 -0.386804 -0.578801
vn 0.882998 -0.394352 -0.254562
vn 0.902512 -0.416855 0.108183
vn 0.773061 -0.450424 0.446648
vn 0.517026 -0.489271 0.702352
vn 0.178665 -0.526678 0.831077
vn -0.183494 -0.556171 0.810558
vn -0.506846 -0.572646 0.644348
vn -0.837807 -0.350660 0.418470
vn -0.942209 -0.333682 0.029982
vn -0.880035 -0.301967 -0.366545
vn -0.662030 -0.261009 -0.702560
vn -0.325897 -0.217884 -0.919955
vn 0.070251 -0.180060 -0.981144
vn 0.457916 -0.154061 -0.875544
vn 0.770048 -0.144386 -0.621433
vn 0.952709 -0.152725 -0.262717
vn 0.974296 -0.177614 0.138570
vn 0.831074 -0.214755 0.513026
vn 0.547818 -0.257735 0.795907
vn 0.173502 -0.299116 0.938310
vn -0.227167 -0.331744 0.915610
vn -0.584878 -0.349971 0.731737
vn -0.887137 -0.105519 0.449281
vn -0.994964 -0.087962 0.048061
vn -0.930751 -0.055220 -0.361461
vn -0.705605 -0.012935 -0.708487
vn -0.358445 0.031605 -0.933016
vn 0.050677 0.070676 -0.996211
vn 0.451056 0.097513 -0.887152
vn 0.773428 0.107497 -0.624703
vn 0.962071 0.098907 -0.254238
vn 0.984366 0.073195 0.160206
vn 0.836452 0.034828 0.546933
vn 0.543914 -0.009543 0.839087
vn 0.157320 -0.052270 0.986163
vn -0.256470 -0.085972 0.962721
vn -0.625919 -0.104819 0.772812
vn -0.880156 0.146313 0.451572
vn -0.984554 0.163319 0.063086
vn -0.922383 0.195030 -0.333426
vn -0.704388 0.235978 -0.669441
vn -0.368235 0.279106 -0.886850
vn 0.027902 0.316941 -0.948035
vn 0.415562 0.342924 -0.842444
vn 0.727711 0.352582 -0.588322
vn 0.910365 0.344261 -0.229611
vn 0.931951 0.319370 0.171671
vn 0.788734 0.282212 0.546128
vn 0.505484 0.239227 0.829009
vn 0.131166 0.197846 0.971418
vn -0.269494 0.165218 0.948723
vn -0.627217 0.146983 0.764850
vn -0.817425 0.388570 0.425241
vn -0.911794 0.403909 0.074093
vn -0.855592 0.432579 -0.284319
vn -0.658537 0.469613 -0.588041
vn -0.354687 0.508589 -0.784560
vn 0.003372 0.542776 -0.839871
vn 0.353780 0.566274 -0.744428
vn 0.635956 0.575010 -0.514707
vn 0.801054 0.567480 -0.190469
vn 0.820563 0.544986 0.172240
vn 0.691107 0.511399 0.510728
vn 0.435075 0.472537 0.766432
vn 0.096711 0.435129 0.895159
vn -0.265439 0.405648 0.874638
vn -0.588788 0.389188 0.708422
vn -0.703563 0.605297 0.372310
vn -0.782021 0.618043 0.080412
vn -0.735306 0.641870 -0.217549
vn -0.571491 0.672655 -0.470035
vn -0.318908 0.705060 -0.633395
vn -0.021247 0.733479 -0.679380
vn 0.270050 0.753014 -0.600036
vn 0.504610 0.760282 -0.409071
vn 0.641858 0.754021 -0.139536
vn 0.658083 0.735312 0.161996
vn 0.550472 0.707399 0.443359
vn 0.337625 0.675105 0.655929
vn 0.056343 0.644017 0.762934
vn -0.244720 0.619510 0.745868
vn -0.513505 0.605814 0.607702
vn -0.548363 0.781570 0.297400
vn -0.606337 0.791001 0.081688
vn -0.571813 0.808610 -0.138488
vn -0.450781 0.831348 -0.325050
vn -0.264133 0.855294 -0.445765
vn -0.044185 0.876300 -0.479735
vn 0.171057 0.890734 -0.421110
vn 0.344388 0.896101 -0.279999
vn 0.445805 0.891473 -0.080834
vn 0.457788 0.877654 0.141964
vn 0.378270 0.857026 0.349883
vn 0.220984 0.833166 0.506952
vn 0.013151 0.810196 0.586012
vn -0.209307 0.792077 0.573415
vn -0.407924 0.781956 0.471321
vn -0.374409 0.902792 0.211626
vn -0.410190 0.908622 0.078423
vn -0.388870 0.919495 -0.057518
vn -0.314143 0.933534 -0.172712
vn -0.198896 0.948318 -0.247253
vn -0.063085 0.961287 -0.268232
vn 0.069813 0.970203 -0.232019
vn 0.176838 0.973515 -0.144902
vn 0.239458 0.970659 -0.021920
vn 0.246860 0.962126 0.115648
vn 0.197758 0.949389 0.244034
vn 0.100626 0.934656 0.341018
vn -0.027674 0.920466 0.389842
vn -0.165040 0.909279 0.382065
vn -0.287688 0.903026 0.319030
vn 0.084707 -0.994202 -0.066230
vn -0.084712 0.994202 0.066231
vn 0.209149 -0.972853 0.099067
vn 0.252670 -0.967030 -0.031784
vn 0.464444 -0.885598 -0.002845
vn 0.393953 -0.895032 0.209092
vn 0.239350 -0.956157 -0.168749
vn 0.442866 -0.867988 -0.224648
vn 0.171469 -0.942117 -0.288120
vn 0.332943 -0.845243 -0.417987
vn 0.060793 -0.927330 -0.369274
vn 0.153694 -0.821295 -0.549411
vn -0.073576 -0.914361 -0.398159
vn -0.063909 -0.800296 -0.596190
vn -0.208361 -0.905453 -0.369785
vn -0.282217 -0.785866 -0.550244
vn -0.320275 -0.902136 -0.289094
vn -0.463484 -0.780499 -0.419528
vn -0.389987 -0.904992 -0.169999
vn -0.576379 -0.785121 -0.226656
vn -0.405436 -0.913525 -0.033071
vn -0.601386 -0.798943 -0.004906
vn -0.363926 -0.926260 0.097979
vn -0.534156 -0.819574 0.207304
vn -0.272655 -0.940995 0.200471
vn -0.386342 -0.843439 0.373297
vn -0.147395 -0.955185 0.256701
vn -0.183492 -0.866409 0.464399
vn -0.009822 -0.966369 0.256972
vn 0.039319 -0.884528 0.464828
vn 0.116290 -0.972619 0.201220
vn 0.243574 -0.894647 0.374537
vn 0.665255 -0.746073 0.028490
vn 0.569866 -0.758828 0.315330
vn 0.636048 -0.722242 -0.271680
vn 0.487299 -0.691462 -0.533311
vn 0.244717 -0.659062 -0.711162
vn -0.049765 -0.630625 -0.774490
vn -0.345207 -0.611084 -0.712326
vn -0.590521 -0.603827 -0.535423
vn -0.743307 -0.610094 -0.274371
vn -0.777147 -0.628795 0.025701
vn -0.686179 -0.656710 0.312874
vn -0.486120 -0.689010 0.537543
vn -0.211595 -0.720103 0.660817
vn 0.089945 -0.744618 0.661403
vn 0.366370 -0.758311 0.539201
vn 0.827829 -0.557917 0.058552
vn 0.713072 -0.573261 0.403607
vn 0.792692 -0.529257 -0.302532
vn 0.613743 -0.492238 -0.617269
vn 0.321917 -0.453251 -0.831224
vn -0.032306 -0.419057 -0.907385
vn -0.387691 -0.395563 -0.832602
vn -0.682804 -0.386825 -0.619795
vn -0.866596 -0.394356 -0.305770
vn -0.907295 -0.416858 0.055193
vn -0.797864 -0.450432 0.400654
vn -0.557226 -0.489283 0.670895
vn -0.226978 -0.526695 0.819191
vn 0.135765 -0.556177 0.819900
vn 0.468276 -0.572642 0.672904
vn 0.938847 -0.333664 0.085063
vn 0.811889 -0.350650 0.466777
vn 0.899976 -0.301956 -0.314430
vn 0.702003 -0.260992 -0.662627
vn 0.379166 -0.217874 -0.899313
vn -0.012726 -0.180056 -0.983574
vn -0.405893 -0.154071 -0.900840
vn -0.732369 -0.144396 -0.665421
vn -0.935708 -0.152715 -0.318009
vn -0.980735 -0.177610 0.081320
vn -0.859669 -0.214760 0.463516
vn -0.593443 -0.257735 0.762495
vn -0.228103 -0.299103 0.926556
vn 0.173204 -0.331730 0.927338
vn 0.541061 -0.349973 0.764704
vn 0.990447 -0.087971 0.106193
vn 0.859329 -0.105523 0.500419
vn 0.950301 -0.055217 -0.306396
vn 0.745846 -0.012915 -0.665993
vn 0.412424 0.031612 -0.910444
vn 0.007698 0.070668 -0.997470
vn -0.398375 0.097524 -0.912023
vn -0.735548 0.107519 -0.668886
vn -0.945547 0.098911 -0.310093
vn -0.992054 0.073204 0.102329
vn -0.867016 0.034847 0.497060
vn -0.592065 -0.009535 0.805834
vn -0.214744 -0.052275 0.975270
vn 0.199708 -0.085975 0.976076
vn 0.579616 -0.104816 0.808121
vn 0.979179 0.163301 0.120584
vn 0.852229 0.146308 0.502295
vn 0.940306 0.195022 -0.278910
vn 0.742339 0.235976 -0.627095
vn 0.419509 0.279099 -0.863780
vn 0.027613 0.316926 -0.948048
vn -0.365569 0.342925 -0.865310
vn -0.692047 0.352590 -0.629882
vn -0.895377 0.344248 -0.282477
vn -0.940401 0.319355 0.116866
vn -0.819328 0.282218 0.499054
vn -0.553113 0.239238 0.798017
vn -0.187763 0.197840 0.962083
vn 0.213534 0.165211 0.962865
vn 0.581391 0.146991 0.800236
vn 0.905892 0.403917 0.127318
vn 0.791138 0.388573 0.472347
vn 0.870757 0.432586 -0.233778
vn 0.691808 0.469613 -0.548512
vn 0.399988 0.508591 -0.762460
vn 0.045771 0.542788 -0.838621
vn -0.309634 0.566283 -0.763839
vn -0.604750 0.575012 -0.551035
vn -0.788539 0.567478 -0.237014
vn -0.829238 0.544976 0.123958
vn -0.719799 0.511394 0.469432
vn -0.479168 0.472543 0.739663
vn -0.148925 0.435141 0.887960
vn 0.213832 0.405648 0.888665
vn 0.546330 0.389181 0.741662
vn 0.775971 0.618052 0.126019
vn 0.680576 0.605292 0.412842
vn 0.746766 0.641880 -0.174159
vn 0.598007 0.672658 -0.435797
vn 0.355431 0.705059 -0.613646
vn 0.060955 0.733483 -0.676969
vn -0.234486 0.753017 -0.614802
vn -0.479803 0.760281 -0.437907
vn -0.632596 0.754021 -0.176849
vn -0.666431 0.735315 0.123213
vn -0.575464 0.707399 0.410400
vn -0.375419 0.675103 0.635056
vn -0.100887 0.644009 0.758336
vn 0.200665 0.619501 0.758915
vn 0.477073 0.605806 0.636711
vn 0.600522 0.791000 0.117019
vn 0.530033 0.781569 0.328961
vn 0.578937 0.808610 -0.104794
vn 0.469014 0.831352 -0.298126
vn 0.289775 0.855294 -0.429538
vn 0.072173 0.876299 -0.476330
vn -0.146139 0.890735 -0.430389
vn -0.327412 0.896100 -0.299676
vn -0.440304 0.891478 -0.106771
vn -0.465300 0.877657 0.114953
vn -0.398087 0.857029 0.327152
vn -0.250281 0.833166 0.493147
vn -0.047418 0.810192 0.584244
vn 0.175401 0.792068 0.584691
vn 0.379662 0.781945 0.494387
vn 0.404904 0.908620 0.102287
vn 0.361373 0.902797 0.233166
vn 0.391583 0.919489 -0.034678
vn 0.323704 0.933533 -0.154052
vn 0.213022 0.948319 -0.235188
vn 0.078669 0.961289 -0.264073
vn -0.056135 0.970199 -0.235716
vn -0.168059 0.973516 -0.154994
vn -0.237765 0.970659 -0.035889
vn -0.253198 0.962126 0.101015
vn -0.211698 0.949389 0.232044
vn -0.120430 0.934657 0.334533
vn 0.004822 0.920467 0.390790
vn 0.142399 0.909282 0.391060
vn 0.268522 0.903035 0.335297
vn -0.080691 -0.994202 -0.071070
vn 0.080692 0.994202 0.071071
s 1
g Tetra pSphere11
f 1114/1640/2884 1129/1656/2885 1130/1657/2886 1115/1641/2887
f 1115/1641/2887 1130/1657/2886 1131/1658/2888 1116/1642/2889
f 1116/1642/2889 1131/1658/2888 1132/1659/2890 1117/1643/2891
f 1117/1643/2891 1132/1659/2890 1133/1660/2892 1118/1644/2893
f 1118/1644/2893 1133/1660/2892 1134/1661/2894 1119/1645/2895
f 1119/1645/2895 1134/1661/2894 1135/1662/2896 1120/1646/2897
f 1120/1646/2897 1135/1662/2896 1136/1663/2898 1121/1647/2899
f 1121/1647/2899 1136/1663/2898 1137/1664/2900 1122/1648/2901
f 1122/1648/2901 1137/1664/2900 1138/1665/2902 1123/1649/2903
f 1123/1649/2903 1138/1665/2902 1139/1666/2904 1124/1650/2905
f 1124/1650/2905 1139/1666/2904 1140/1667/2906 1125/1651/2907
f 1125/1651/2907 1140/1667/2906 1141/1668/2908 1126/1652/2909
f 1126/1652/2909 1141/1668/2908 1142/1669/2910 1127/1653/2911
f 1127/1653/2911 1142/1669/2910 1143/1670/2912 1128/1654/2913
f 1128/1654/2913 1143/1670/2912 1129/1671/2885 1114/1655/2884
f 1129/1656/2885 1144/1672/2914 1145/1673/2915 1130/1657/2886
f 1130/1657/2886 1145/1673/2915 1146/1674/2916 1131/1658/2888
f 1131/1658/2888 1146/1674/2916 1147/1675/2917 1132/1659/2890
f 1132/1659/2890 1147/1675/2917 1148/1676/2918 1133/1660/2892
f 1133/1660/2892 1148/1676/2918 1149/1677/2919 1134/1661/2894
f 1134/1661/2894 1149/1677/2919 1150/1678/2920 1135/1662/2896
f 1135/1662/2896 1150/1678/2920 1151/1679/2921 1136/1663/2898
f 1136/1663/2898 1151/1679/2921 1152/1680/2922 1137/1664/2900
f 1137/1664/2900 1152/1680/2922 1153/1681/2923 1138/1665/2902
f 1138/1665/2902 1153/1681/2923 1154/1682/2924 1139/1666/2904
f 1139/1666/2904 1154/1682/2924 1155/1683/2925 1140/1667/2906
f 1140/1667/2906 1155/1683/2925 1156/1684/2926 1141/1668/2908
f 1141/1668/2908 1156/1684/2926 1157/1685/2927 1142/1669/2910
f 1142/1669/2910 1157/1685/2927 1158/1686/2928 1143/1670/2912
f 1143/1670/2912 1158/1686/2928 1144/1687/2914 1129/1671/2885
f 1144/1672/2914 1159/1688/2929 1160/1689/2930 1145/1673/2915
f 1145/1673/2915 1160/1689/2930 1161/1690/2931 1146/1674/2916
f 1146/1674/2916 1161/1690/2931 1162/1691/2932 1147/1675/2917
f 1147/1675/2917 1162/1691/2932 1163/1692/2933 1148/1676/2918
f 1148/1676/2918 1163/1692/2933 1164/1693/2934 1149/1677/2919
f 1149/1677/2919 1164/1693/2934 1165/1694/2935 1150/1678/2920
f 1150/1678/2920 1165/1694/2935 1166/1695/2936 1151/1679/2921
f 1151/1679/2921 1166/1695/2936 1167/1696/2937 1152/1680/2922
f 1152/1680/2922 1167/1696/2937 1168/1697/2938 1153/1681/2923
f 1153/1681/2923 1168/1697/2938 1169/1698/2939 1154/1682/2924
f 1154/1682/2924 1169/1698/2939 1170/1699/2940 1155/1683/2925
f 1155/1683/2925 1170/1699/2940 1171/1700/2941 1156/1684/2926
f 1156/1684/2926 1171/1700/2941 1172/1701/2942 1157/1685/2927
f 1157/1685/2927 1172/1701/2942 1173/1702/2943 1158/1686/2928
f 1158/1686/2928 1173/1702/2943 1159/1703/2929 1144/1687/2914
f 1159/1688/2929 1174/1704/2944 1175/1705/2945 1160/1689/2930
f 1160/1689/2930 1175/1705/2945 1176/1706/2946 1161/1690/2931
f 1161/1690/2931 1176/1706/2946 1177/1707/2947 1162/1691/2932
f 1162/1691/2932 1177/1707/2947 1178/1708/2948 1163/1692/2933
f 1163/1692/2933 1178/1708/2948 1179/1709/2949 1164/1693/2934
f 1164/1693/2934 1179/1709/2949 1180/1710/2950 1165/1694/2935
f 1165/1694/2935 1180/1710/2950 1181/1711/2951 1166/1695/2936
f 1166/1695/2936 1181/1711/2951 1182/1712/2952 1167/1696/2937
f 1167/1696/2937 1182/1712/2952 1183/1713/2953 1168/1697/2938
f 1168/1697/2938 1183/1713/2953 1184/1714/2954 1169/1698/2939
f 1169/1698/2939 1184/1714/2954 1185/1715/2955 1170/1699/2940
f 1170/1699/2940 1185/1715/2955 1186/1716/2956 1171/1700/2941
f 1171/1700/2941 1186/1716/2956 1187/1717/2957 1172/1701/2942
f 1172/1701/2942 1187/1717/2957 1188/1718/2958 1173/1702/2943
f 1173/1702/2943 1188/1718/2958 1174/1719/2944 1159/1703/2929
f 1174/1704/2944 1189/1720/2959 1190/1721/2960 1175/1705/2945
f 1175/1705/2945 1190/1721/2960 1191/1722/2961 1176/1706/2946
f 1176/1706/2946 1191/1722/2961 1192/1723/2962 1177/1707/2947
f 1177/1707/2947 1192/1723/2962 1193/1724/2963 1178/1708/2948
f 1178/1708/2948 1193/1724/2963 1194/1725/2964 1179/1709/2949
f 1179/1709/2949 1194/1725/2964 1195/1726/2965 1180/1710/2950
f 1180/1710/2950 1195/1726/2965 1196/1727/2966 1181/1711/2951
f 1181/1711/2951 1196/1727/2966 1197/1728/2967 1182/1712/2952
f 1182/1712/2952 1197/1728/2967 1198/1729/2968 1183/1713/2953
f 1183/1713/2953 1198/1729/2968 1199/1730/2969 1184/1714/2954
f 1184/1714/2954 1199/1730/2969 1200/1731/2970 1185/1715/2955
f 1185/1715/2955 1200/1731/2970 1201/1732/2971 1186/1716/2956
f 1186/1716/2956 1201/1732/2971 1202/1733/2972 1187/1717/2957
f 1187/1717/2957 1202/1733/2972 1203/1734/2973 1188/1718/2958
f 1188/1718/2958 1203/1734/2973 1189/1735/2959 1174/1719/2944
f 1189/1720/2959 1204/1736/2974 1205/1737/2975 1190/1721/2960
f 1190/1721/2960 1205/1737/2975 1206/1738/2976 1191/1722/2961
f 1191/1722/2961 1206/1738/2976 1207/1739/2977 1192/1723/2962
f 1192/1723/2962 1207/1739/2977 1208/1740/2978 1193/1724/2963
f 1193/1724/2963 1208/1740/2978 1209/1741/2979 1194/1725/2964
f 1194/1725/2964 1209/1741/2979 1210/1742/2980 1195/1726/2965
f 1195/1726/2965 1210/1742/2980 1211/1743/2981 1196/1727/2966
f 1196/1727/2966 1211/1743/2981 1212/1744/2982 1197/1728/2967
f 1197/1728/2967 1212/1744/2982 1213/1745/2983 1198/1729/2968
f 1198/1729/2968 1213/1745/2983 1214/1746/2984 1199/1730/2969
f 1199/1730/2969 1214/1746/2984 1215/1747/2985 1200/1731/2970
f 1200/1731/2970 1215/1747/2985 1216/1748/2986 1201/1732/2971
f 1201/1732/2971 1216/1748/2986 1217/1749/2987 1202/1733/2972
f 1202/1733/2972 1217/1749/2987 1218/1750/2988 1203/1734/2973
f 1203/1734/2973 1218/1750/2988 1204/1751/2974 1189/1735/2959
f 1204/1736/2974 1219/1752/2989 1220/1753/2990 1205/1737/2975
f 1205/1737/2975 1220/1753/2990 1221/1754/2991 1206/1738/2976
f 1206/1738/2976 1221/1754/2991 1222/1755/2992 1207/1739/2977
f 1207/1739/2977 1222/1755/2992 1223/1756/2993 1208/1740/2978
f 1208/1740/2978 1223/1756/2993 1224/1757/2994 1209/1741/2979
f 1209/1741/2979 1224/1757/2994 1225/1758/2995 1210/1742/2980
f 1210/1742/2980 1225/1758/2995 1226/1759/2996 1211/1743/2981
f 1211/1743/2981 1226/1759/2996 1227/1760/2997 1212/1744/2982
f 1212/1744/2982 1227/1760/2997 1228/1761/2998 1213/1745/2983
f 1213/1745/2983 1228/1761/2998 1229/1762/2999 1214/1746/2984
f 1214/1746/2984 1229/1762/2999 1230/1763/3000 1215/1747/2985
f 1215/1747/2985 1230/1763/3000 1231/1764/3001 1216/1748/2986
f 1216/1748/2986 1231/1764/3001 1232/1765/3002 1217/1749/2987
f 1217/1749/2987 1232/1765/3002 1233/1766/3003 1218/1750/2988
f 1218/1750/2988 1233/1766/3003 1219/1767/2989 1204/1751/2974
f 1219/1752/2989 1234/1768/3004 1235/1769/3005 1220/1753/2990
f 1220/1753/2990 1235/1769/3005 1236/1770/3006 1221/1754/2991
f 1221/1754/2991 1236/1770/3006 1237/1771/3007 1222/1755/2992
f 1222/1755/2992 1237/1771/3007 1238/1772/3008 1223/1756/2993
f 1223/1756/2993 1238/1772/3008 1239/1773/3009 1224/1757/2994
f 1224/1757/2994 1239/1773/3009 1240/1774/3010 1225/1758/2995
f 1225/1758/2995 1240/1774/3010 1241/1775/3011 1226/1759/2996
f 1226/1759/2996 1241/1775/3011 1242/1776/3012 1227/1760/2997
f 1227/1760/2997 1242/1776/3012 1243/1777/3013 1228/1761/2998
f 1228/1761/2998 1243/1777/3013 1244/1778/3014 1229/1762/2999
f 1229/1762/2999 1244/1778/3014 1245/1779/3015 1230/1763/3000
f 1230/1763/3000 1245/1779/3015 1246/1780/3016 1231/1764/3001
f 1231/1764/3001 1246/1780/3016 1247/1781/3017 1232/1765/3002
f 1232/1765/3002 1247/1781/3017 1248/1782/3018 1233/1766/3003
f 1233/1766/3003 1248/1782/3018 1234/1783/3004 1219/1767/2989
f 1234/1768/3004 1249/1784/3019 1250/1785/3020 1235/1769/3005
f 1235/1769/3005 1250/1785/3020 1251/1786/3021 1236/1770/3006
f 1236/1770/3006 1251/1786/3021 1252/1787/3022 1237/1771/3007
f 1237/1771/3007 1252/1787/3022 1253/1788/3023 1238/1772/3008
f 1238/1772/3008 1253/1788/3023 1254/1789/3024 1239/1773/3009
f 1239/1773/3009 1254/1789/3024 1255/1790/3025 1240/1774/3010
f 1240/1774/3010 1255/1790/3025 1256/1791/3026 1241/1775/3011
f 1241/1775/3011 1256/1791/3026 1257/1792/3027 1242/1776/3012
f 1242/1776/3012 1257/1792/3027 1258/1793/3028 1243/1777/3013
f 1243/1777/3013 1258/1793/3028 1259/1794/3029 1244/1778/3014
f 1244/1778/3014 1259/1794/3029 1260/1795/3030 1245/1779/3015
f 1245/1779/3015 1260/1795/3030 1261/1796/3031 1246/1780/3016
f 1246/1780/3016 1261/1796/3031 1262/1797/3032 1247/1781/3017
f 1247/1781/3017 1262/1797/3032 1263/1798/3033 1248/1782/3018
f 1248/1782/3018 1263/1798/3033 1249/1799/3019 1234/1783/3004
f 1249/1784/3019 1264/1800/3034 1265/1801/3035 1250/1785/3020
f 1250/1785/3020 1265/1801/3035 1266/1802/3036 1251/1786/3021
f 1251/1786/3021 1266/1802/3036 1267/1803/3037 1252/1787/3022
f 1252/1787/3022 1267/1803/3037 1268/1804/3038 1253/1788/3023
f 1253/1788/3023 1268/1804/3038 1269/1805/3039 1254/1789/3024
f 1254/1789/3024 1269/1805/3039 1270/1806/3040 1255/1790/3025
f 1255/1790/3025 1270/1806/3040 1271/1807/3041 1256/1791/3026
f 1256/1791/3026 1271/1807/3041 1272/1808/3042 1257/1792/3027
f 1257/1792/3027 1272/1808/3042 1273/1809/3043 1258/1793/3028
f 1258/1793/3028 1273/1809/3043 1274/1810/3044 1259/1794/3029
f 1259/1794/3029 1274/1810/3044 1275/1811/3045 1260/1795/3030
f 1260/1795/3030 1275/1811/3045 1276/1812/3046 1261/1796/3031
f 1261/1796/3031 1276/1812/3046 1277/1813/3047 1262/1797/3032
f 1262/1797/3032 1277/1813/3047 1278/1814/3048 1263/1798/3033
f 1263/1798/3033 1278/1814/3048 1264/1815/3034 1249/1799/3019
f 1115/1641/2887 1279/1816/3049 1114/1640/2884
f 1116/1642/2889 1279/1817/3049 1115/1641/2887
f 1117/1643/2891 1279/1818/3049 1116/1642/2889
f 1118/1644/2893 1279/1819/3049 1117/1643/2891
f 1119/1645/2895 1279/1820/3049 1118/1644/2893
f 1120/1646/2897 1279/1821/3049 1119/1645/2895
f 1121/1647/2899 1279/1822/3049 1120/1646/2897
f 1122/1648/2901 1279/1823/3049 1121/1647/2899
f 1123/1649/2903 1279/1824/3049 1122/1648/2901
f 1124/1650/2905 1279/1825/3049 1123/1649/2903
f 1125/1651/2907 1279/1826/3049 1124/1650/2905
f 1126/1652/2909 1279/1827/3049 1125/1651/2907
f 1127/1653/2911 1279/1828/3049 1126/1652/2909
f 1128/1654/2913 1279/1829/3049 1127/1653/2911
f 1114/1655/2884 1279/1830/3049 1128/1654/2913
f 1264/1800/3034 1280/1831/3050 1265/1801/3035
f 1265/1801/3035 1280/1832/3050 1266/1802/3036
f 1266/1802/3036 1280/1833/3050 1267/1803/3037
f 1267/1803/3037 1280/1834/3050 1268/1804/3038
f 1268/1804/3038 1280/1835/3050 1269/1805/3039
f 1269/1805/3039 1280/1836/3050 1270/1806/3040
f 1270/1806/3040 1280/1837/3050 1271/1807/3041
f 1271/1807/3041 1280/1838/3050 1272/1808/3042
f 1272/1808/3042 1280/1839/3050 1273/1809/3043
f 1273/1809/3043 1280/1840/3050 1274/1810/3044
f 1274/1810/3044 1280/1841/3050 1275/1811/3045
f 1275/1811/3045 1280/1842/3050 1276/1812/3046
f 1276/1812/3046 1280/1843/3050 1277/1813/3047
f 1277/1813/3047 1280/1844/3050 1278/1814/3048
f 1278/1814/3048 1280/1845/3050 1264/1815/3034
s 2
f 1281/1846/3051 1282/1847/3052 1297/1848/3053 1296/1849/3054
f 1282/1847/3052 1283/1850/3055 1298/1851/3056 1297/1848/3053
f 1283/1850/3055 1284/1852/3057 1299/1853/3058 1298/1851/3056
f 1284/1852/3057 1285/1854/3059 1300/1855/3060 1299/1853/3058
f 1285/1854/3059 1286/1856/3061 1301/1857/3062 1300/1855/3060
f 1286/1856/3061 1287/1858/3063 1302/1859/3064 1301/1857/3062
f 1287/1858/3063 1288/1860/3065 1303/1861/3066 1302/1859/3064
f 1288/1860/3065 1289/1862/3067 1304/1863/3068 1303/1861/3066
f 1289/1862/3067 1290/1864/3069 1305/1865/3070 1304/1863/3068
f 1290/1864/3069 1291/1866/3071 1306/1867/3072 1305/1865/3070
f 1291/1866/3071 1292/1868/3073 1307/1869/3074 1306/1867/3072
f 1292/1868/3073 1293/1870/3075 1308/1871/3076 1307/1869/3074
f 1293/1870/3075 1294/1872/3077 1309/1873/3078 1308/1871/3076
f 1294/1872/3077 1295/1874/3079 1310/1875/3080 1309/1873/3078
f 1295/1874/3079 1281/1876/3051 1296/1877/3054 1310/1875/3080
f 1296/1849/3054 1297/1848/3053 1312/1878/3081 1311/1879/3082
f 1297/1848/3053 1298/1851/3056 1313/1880/3083 1312/1878/3081
f 1298/1851/3056 1299/1853/3058 1314/1881/3084 1313/1880/3083
f 1299/1853/3058 1300/1855/3060 1315/1882/3085 1314/1881/3084
f 1300/1855/3060 1301/1857/3062 1316/1883/3086 1315/1882/3085
f 1301/1857/3062 1302/1859/3064 1317/1884/3087 1316/1883/3086
f 1302/1859/3064 1303/1861/3066 1318/1885/3088 1317/1884/3087
f 1303/1861/3066 1304/1863/3068 1319/1886/3089 1318/1885/3088
f 1304/1863/3068 1305/1865/3070 1320/1887/3090 1319/1886/3089
f 1305/1865/3070 1306/1867/3072 1321/1888/3091 1320/1887/3090
f 1306/1867/3072 1307/1869/3074 1322/1889/3092 1321/1888/3091
f 1307/1869/3074 1308/1871/3076 1323/1890/3093 1322/1889/3092
f 1308/1871/3076 1309/1873/3078 1324/1891/3094 1323/1890/3093
f 1309/1873/3078 1310/1875/3080 1325/1892/3095 1324/1891/3094
f 1310/1875/3080 1296/1877/3054 1311/1893/3082 1325/1892/3095
f 1311/1879/3082 1312/1878/3081 1327/1894/3096 1326/1895/3097
f 1312/1878/3081 1313/1880/3083 1328/1896/3098 1327/1894/3096
f 1313/1880/3083 1314/1881/3084 1329/1897/3099 1328/1896/3098
f 1314/1881/3084 1315/1882/3085 1330/1898/3100 1329/1897/3099
f 1315/1882/3085 1316/1883/3086 1331/1899/3101 1330/1898/3100
f 1316/1883/3086 1317/1884/3087 1332/1900/3102 1331/1899/3101
f 1317/1884/3087 1318/1885/3088 1333/1901/3103 1332/1900/3102
f 1318/1885/3088 1319/1886/3089 1334/1902/3104 1333/1901/3103
f 1319/1886/3089 1320/1887/3090 1335/1903/3105 1334/1902/3104
f 1320/1887/3090 1321/1888/3091 1336/1904/3106 1335/1903/3105
f 1321/1888/3091 1322/1889/3092 1337/1905/3107 1336/1904/3106
f 1322/1889/3092 1323/1890/3093 1338/1906/3108 1337/1905/3107
f 1323/1890/3093 1324/1891/3094 1339/1907/3109 1338/1906/3108
f 1324/1891/3094 1325/1892/3095 1340/1908/3110 1339/1907/3109
f 1325/1892/3095 1311/1893/3082 1326/1909/3097 1340/1908/3110
f 1326/1895/3097 1327/1894/3096 1342/1910/3111 1341/1911/3112
f 1327/1894/3096 1328/1896/3098 1343/1912/3113 1342/1910/3111
f 1328/1896/3098 1329/1897/3099 1344/1913/3114 1343/1912/3113
f 1329/1897/3099 1330/1898/3100 1345/1914/3115 1344/1913/3114
f 1330/1898/3100 1331/1899/3101 1346/1915/3116 1345/1914/3115
f 1331/1899/3101 1332/1900/3102 1347/1916/3117 1346/1915/3116
f 1332/1900/3102 1333/1901/3103 1348/1917/3118 1347/1916/3117
f 1333/1901/3103 1334/1902/3104 1349/1918/3119 1348/1917/3118
f 1334/1902/3104 1335/1903/3105 1350/1919/3120 1349/1918/3119
f 1335/1903/3105 1336/1904/3106 1351/1920/3121 1350/1919/3120
f 1336/1904/3106 1337/1905/3107 1352/1921/3122 1351/1920/3121
f 1337/1905/3107 1338/1906/3108 1353/1922/3123 1352/1921/3122
f 1338/1906/3108 1339/1907/3109 1354/1923/3124 1353/1922/3123
f 1339/1907/3109 1340/1908/3110 1355/1924/3125 1354/1923/3124
f 1340/1908/3110 1326/1909/3097 1341/1925/3112 1355/1924/3125
f 1341/1911/3112 1342/1910/3111 1357/1926/3126 1356/1927/3127
f 1342/1910/3111 1343/1912/3113 1358/1928/3128 1357/1926/3126
f 1343/1912/3113 1344/1913/3114 1359/1929/3129 1358/1928/3128
f 1344/1913/3114 1345/1914/3115 1360/1930/3130 1359/1929/3129
f 1345/1914/3115 1346/1915/3116 1361/1931/3131 1360/1930/3130
f 1346/1915/3116 1347/1916/3117 1362/1932/3132 1361/1931/3131
f 1347/1916/3117 1348/1917/3118 1363/1933/3133 1362/1932/3132
f 1348/1917/3118 1349/1918/3119 1364/1934/3134 1363/1933/3133
f 1349/1918/3119 1350/1919/3120 1365/1935/3135 1364/1934/3134
f 1350/1919/3120 1351/1920/3121 1366/1936/3136 1365/1935/3135
f 1351/1920/3121 1352/1921/3122 1367/1937/3137 1366/1936/3136
f 1352/1921/3122 1353/1922/3123 1368/1938/3138 1367/1937/3137
f 1353/1922/3123 1354/1923/3124 1369/1939/3139 1368/1938/3138
f 1354/1923/3124 1355/1924/3125 1370/1940/3140 1369/1939/3139
f 1355/1924/3125 1341/1925/3112 1356/1941/3127 1370/1940/3140
f 1356/1927/3127 1357/1926/3126 1372/1942/3141 1371/1943/3142
f 1357/1926/3126 1358/1928/3128 1373/1944/3143 1372/1942/3141
f 1358/1928/3128 1359/1929/3129 1374/1945/3144 1373/1944/3143
f 1359/1929/3129 1360/1930/3130 1375/1946/3145 1374/1945/3144
f 1360/1930/3130 1361/1931/3131 1376/1947/3146 1375/1946/3145
f 1361/1931/3131 1362/1932/3132 1377/1948/3147 1376/1947/3146
f 1362/1932/3132 1363/1933/3133 1378/1949/3148 1377/1948/3147
f 1363/1933/3133 1364/1934/3134 1379/1950/3149 1378/1949/3148
f 1364/1934/3134 1365/1935/3135 1380/1951/3150 1379/1950/3149
f 1365/1935/3135 1366/1936/3136 1381/1952/3151 1380/1951/3150
f 1366/1936/3136 1367/1937/3137 1382/1953/3152 1381/1952/3151
f 1367/1937/3137 1368/1938/3138 1383/1954/3153 1382/1953/3152
f 1368/1938/3138 1369/1939/3139 1384/1955/3154 1383/1954/3153
f 1369/1939/3139 1370/1940/3140 1385/1956/3155 1384/1955/3154
f 1370/1940/3140 1356/1941/3127 1371/1957/3142 1385/1956/3155
f 1371/1943/3142 1372/1942/3141 1387/1958/3156 1386/1959/3157
f 1372/1942/3141 1373/1944/3143 1388/1960/3158 1387/1958/3156
f 1373/1944/3143 1374/1945/3144 1389/1961/3159 1388/1960/3158
f 1374/1945/3144 1375/1946/3145 1390/1962/3160 1389/1961/3159
f 1375/1946/3145 1376/1947/3146 1391/1963/3161 1390/1962/3160
f 1376/1947/3146 1377/1948/3147 1392/1964/3162 1391/1963/3161
f 1377/1948/3147 1378/1949/3148 1393/1965/3163 1392/1964/3162
f 1378/1949/3148 1379/1950/3149 1394/1966/3164 1393/1965/3163
f 1379/1950/3149 1380/1951/3150 1395/1967/3165 1394/1966/3164
f 1380/1951/3150 1381/1952/3151 1396/1968/3166 1395/1967/3165
f 1381/1952/3151 1382/1953/3152 1397/1969/3167 1396/1968/3166
f 1382/1953/3152 1383/1954/3153 1398/1970/3168 1397/1969/3167
f 1383/1954/3153 1384/1955/3154 1399/1971/3169 1398/1970/3168
f 1384/1955/3154 1385/1956/3155 1400/1972/3170 1399/1971/3169
f 1385/1956/3155 1371/1957/3142 1386/1973/3157 1400/1972/3170
f 1386/1959/3157 1387/1958/3156 1402/1974/3171 1401/1975/3172
f 1387/1958/3156 1388/1960/3158 1403/1976/3173 1402/1974/3171
f 1388/1960/3158 1389/1961/3159 1404/1977/3174 1403/1976/3173
f 1389/1961/3159 1390/1962/3160 1405/1978/3175 1404/1977/3174
f 1390/1962/3160 1391/1963/3161 1406/1979/3176 1405/1978/3175
f 1391/1963/3161 1392/1964/3162 1407/1980/3177 1406/1979/3176
f 1392/1964/3162 1393/1965/3163 1408/1981/3178 1407/1980/3177
f 1393/1965/3163 1394/1966/3164 1409/1982/3179 1408/1981/3178
f 1394/1966/3164 1395/1967/3165 1410/1983/3180 1409/1982/3179
f 1395/1967/3165 1396/1968/3166 1411/1984/3181 1410/1983/3180
f 1396/1968/3166 1397/1969/3167 1412/1985/3182 1411/1984/3181
f 1397/1969/3167 1398/1970/3168 1413/1986/3183 1412/1985/3182
f 1398/1970/3168 1399/1971/3169 1414/1987/3184 1413/1986/3183
f 1399/1971/3169 1400/1972/3170 1415/1988/3185 1414/1987/3184
f 1400/1972/3170 1386/1973/3157 1401/1989/3172 1415/1988/3185
f 1401/1975/3172 1402/1974/3171 1417/1990/3186 1416/1991/3187
f 1402/1974/3171 1403/1976/3173 1418/1992/3188 1417/1990/3186
f 1403/1976/3173 1404/1977/3174 1419/1993/3189 1418/1992/3188
f 1404/1977/3174 1405/1978/3175 1420/1994/3190 1419/1993/3189
f 1405/1978/3175 1406/1979/3176 1421/1995/3191 1420/1994/3190
f 1406/1979/3176 1407/1980/3177 1422/1996/3192 1421/1995/3191
f 1407/1980/3177 1408/1981/3178 1423/1997/3193 1422/1996/3192
f 1408/1981/3178 1409/1982/3179 1424/1998/3194 1423/1997/3193
f 1409/1982/3179 1410/1983/3180 1425/1999/3195 1424/1998/3194
f 1410/1983/3180 1411/1984/3181 1426/2000/3196 1425/1999/3195
f 1411/1984/3181 1412/1985/3182 1427/2001/3197 1426/2000/3196
f 1412/1985/3182 1413/1986/3183 1428/2002/3198 1427/2001/3197
f 1413/1986/3183 1414/1987/3184 1429/2003/3199 1428/2002/3198
f 1414/1987/3184 1415/1988/3185 1430/2004/3200 1429/2003/3199
f 1415/1988/3185 1401/1989/3172 1416/2005/3187 1430/2004/3200
f 1416/1991/3187 1417/1990/3186 1432/2006/3201 1431/2007/3202
f 1417/1990/3186 1418/1992/3188 1433/2008/3203 1432/2006/3201
f 1418/1992/3188 1419/1993/3189 1434/2009/3204 1433/2008/3203
f 1419/1993/3189 1420/1994/3190 1435/2010/3205 1434/2009/3204
f 1420/1994/3190 1421/1995/3191 1436/2011/3206 1435/2010/3205
f 1421/1995/3191 1422/1996/3192 1437/2012/3207 1436/2011/3206
f 1422/1996/3192 1423/1997/3193 1438/2013/3208 1437/2012/3207
f 1423/1997/3193 1424/1998/3194 1439/2014/3209 1438/2013/3208
f 1424/1998/3194 1425/1999/3195 1440/2015/3210 1439/2014/3209
f 1425/1999/3195 1426/2000/3196 1441/2016/3211 1440/2015/3210
f 1426/2000/3196 1427/2001/3197 1442/2017/3212 1441/2016/3211
f 1427/2001/3197 1428/2002/3198 1443/2018/3213 1442/2017/3212
f 1428/2002/3198 1429/2003/3199 1444/2019/3214 1443/2018/3213
f 1429/2003/3199 1430/2004/3200 1445/2020/3215 1444/2019/3214
f 1430/2004/3200 1416/2005/3187 1431/2021/3202 1445/2020/3215
f 1282/1847/3052 1281/1846/3051 1446/2022/3216
f 1283/1850/3055 1282/1847/3052 1446/2023/3216
f 1284/1852/3057 1283/1850/3055 1446/2024/3216
f 1285/1854/3059 1284/1852/3057 1446/2025/3216
f 1286/1856/3061 1285/1854/3059 1446/2026/3216
f 1287/1858/3063 1286/1856/3061 1446/2027/3216
f 1288/1860/3065 1287/1858/3063 1446/2028/3216
f 1289/1862/3067 1288/1860/3065 1446/2029/3216
f 1290/1864/3069 1289/1862/3067 1446/2030/3216
f 1291/1866/3071 1290/1864/3069 1446/2031/3216
f 1292/1868/3073 1291/1866/3071 1446/2032/3216
f 1293/1870/3075 1292/1868/3073 1446/2033/3216
f 1294/1872/3077 1293/1870/3075 1446/2034/3216
f 1295/1874/3079 1294/1872/3077 1446/2035/3216
f 1281/1876/3051 1295/1874/3079 1446/2036/3216
f 1431/2007/3202 1432/2006/3201 1447/2037/3217
f 1432/2006/3201 1433/2008/3203 1447/2038/3217
f 1433/2008/3203 1434/2009/3204 1447/2039/3217
f 1434/2009/3204 1435/2010/3205 1447/2040/3217
f 1435/2010/3205 1436/2011/3206 1447/2041/3217
f 1436/2011/3206 1437/2012/3207 1447/2042/3217
f 1437/2012/3207 1438/2013/3208 1447/2043/3217
f 1438/2013/3208 1439/2014/3209 1447/2044/3217
f 1439/2014/3209 1440/2015/3210 1447/2045/3217
f 1440/2015/3210 1441/2016/3211 1447/2046/3217
f 1441/2016/3211 1442/2017/3212 1447/2047/3217
f 1442/2017/3212 1443/2018/3213 1447/2048/3217
f 1443/2018/3213 1444/2019/3214 1447/2049/3217
f 1444/2019/3214 1445/2020/3215 1447/2050/3217
f 1445/2020/3215 1431/2021/3202 1447/2051/3217
