# This file uses centimeters as units for non-parametric coordinates.

v -3.815156 -4.035522 -5.567559
v -3.587221 -4.274562 -5.552268
v -3.588680 -3.975113 -6.045010
v -3.214058 -4.156378 -6.039791
v -3.087714 -3.453196 -5.214266
v -3.359534 -3.198638 -5.264145
v -3.314771 -3.773030 -6.027041
v -3.107662 -4.006173 -6.038346
v 0.093620 0.767275 4.635924
v 0.027977 0.896167 5.767027
v -0.543877 0.865004 6.333841
v -1.347115 0.660627 6.036986
v -2.194199 0.275141 5.313774
v -2.223267 0.108843 4.301192
v -1.485054 0.232287 3.606256
v -0.511444 0.503818 3.736582
v 1.172447 -3.215774 5.499421
v 0.846352 -2.232338 7.063178
v -0.242645 -1.968331 7.999409
v -1.375885 -2.541725 7.589684
v -2.433151 -3.898485 6.676681
v -2.255226 -4.778848 5.412388
v -0.658356 -4.562963 4.220969
v 0.507515 -4.208357 4.428182
v 1.643608 -3.752178 6.178703
v 1.251045 -2.771127 7.630945
v 0.077133 -2.545078 8.578684
v -0.563980 -2.960315 8.041506
v -1.580002 -4.164378 7.130959
v -1.625458 -5.271606 6.178206
v -0.234589 -5.240749 4.911616
v 0.964920 -4.788626 5.231394
v 2.265648 -4.135353 7.832959
v 1.622726 -3.283619 8.841177
v 0.379036 -3.143141 9.308491
v -0.289650 -3.508396 8.703426
v -1.120293 -4.375019 7.559549
v -0.909241 -5.602911 7.028526
v 0.478279 -5.789330 6.636746
v 1.686707 -5.215563 6.950674
v 3.338249 -5.011661 8.923815
v 2.752167 -4.472245 9.880661
v 1.771637 -4.705057 10.378424
v 0.778053 -5.082019 9.991871
v 0.238464 -5.672249 9.080177
v 0.612167 -5.993414 8.691309
v 1.916145 -5.867600 8.324926
v 2.456322 -5.932343 8.431957
v 3.504051 -7.224504 9.417669
v 3.363167 -6.716285 10.365150
v 2.720093 -6.562205 11.175272
v 1.859802 -6.598485 11.367990
v 1.490433 -6.693279 11.248041
v 1.573303 -7.229955 10.370588
v 2.152451 -7.702847 9.710468
v 2.613884 -7.635026 9.248940
v 4.068329 -9.798337 10.166414
v 3.936005 -9.670245 10.857340
v 3.600861 -9.432920 11.366236
v 2.745186 -9.213017 11.617912
v 2.402046 -9.437711 11.321194
v 2.413918 -9.513297 10.869928
v 2.757278 -9.810263 10.359270
v 3.381226 -9.864423 10.215723
v 4.130783 -11.292633 10.089602
v 4.157463 -11.149510 10.746202
v 3.831284 -11.205554 11.203253
v 3.269119 -11.328441 11.258299
v 2.917641 -11.275827 11.215033
v 2.865578 -11.430967 11.008598
v 3.244202 -11.529456 10.291260
v 3.674522 -11.366769 10.022503
v 3.948647 -13.945428 9.978220
v 3.850136 -13.964562 9.664867
v 3.738686 -13.969390 10.339443
v 3.286919 -13.966163 10.457008
v 3.005951 -14.011980 10.294001
v 2.955574 -14.040243 10.193909
v 3.297554 -14.076080 9.708912
v 3.603767 -14.029836 9.616257
v 2.172829 -18.006302 8.128492
v 2.150002 -17.964790 7.924008
v 2.022652 -17.989655 8.285353
v 1.862328 -17.954102 8.357981
v 1.761177 -17.919506 8.318367
v 1.791931 -17.996307 8.143314
v 1.900215 -17.975319 7.940649
v 2.067459 -17.915676 7.884964
v -1.756271 2.465374 6.260331
v -0.900696 3.212759 5.788784
v -0.034882 3.437429 5.895698
v 0.428856 3.171792 6.661811
v 0.657616 2.444238 7.531061
v 0.003998 1.733178 8.028107
v -1.086678 1.440894 7.841057
v -1.767113 1.738492 7.100603
v -1.940338 -0.872190 2.489884
v -0.828392 0.927472 2.501141
v 0.433701 1.503838 2.987307
v 1.155327 0.876203 3.717178
v 1.944229 -0.767190 4.519983
v 1.305298 -2.209116 4.710059
v -0.862801 -2.706735 4.117725
v -1.597908 -2.297156 3.212223
v -1.299461 -0.860081 1.579621
v -0.507256 0.614458 1.653018
v 0.486488 1.116751 2.139014
v 0.836624 0.728762 2.680266
v 1.433167 -0.728660 3.524000
v 1.323509 -2.180919 3.655892
v -0.366035 -2.873567 3.200560
v -1.092079 -2.319783 2.245236
v -0.310944 -0.693825 0.375825
v 0.064125 0.376875 0.357671
v 0.905609 0.939868 0.976188
v 1.376755 0.497641 2.001515
v 1.606369 -0.639554 2.857891
v 1.590401 -1.971753 2.546336
v 0.630547 -2.413874 1.627663
v -0.266914 -1.694002 0.655056
v 0.523918 -0.671856 -1.310530
v 1.123093 0.207204 -1.233217
v 1.825493 0.638867 -0.669878
v 2.305374 0.134995 0.341550
v 2.290031 -0.616029 0.733432
v 1.947784 -1.191139 0.355202
v 1.023453 -1.520274 -0.459933
v 0.324837 -1.151141 -1.055430
v 1.983253 -1.260524 -2.702067
v 2.429977 -0.671097 -2.730857
v 3.008904 -0.374129 -2.406337
v 3.516533 -0.630669 -1.870405
v 3.438965 -1.134041 -1.384177
v 3.242584 -1.358703 -1.326871
v 2.594765 -1.727928 -1.715148
v 2.070564 -1.711735 -2.296560
v 2.935410 -2.324874 -4.379817
v 3.381065 -2.096290 -4.482810
v 3.725304 -2.055285 -4.480435
v 4.067841 -2.256017 -4.139011
v 4.141495 -2.562931 -3.838820
v 3.939056 -2.793316 -3.625976
v 3.334015 -2.808676 -3.795804
v 2.861015 -2.624090 -4.122180
v 2.850601 -4.865383 -6.652856
v 3.203423 -4.954306 -6.679189
v 3.502419 -5.171163 -6.492400
v 3.619843 -5.443114 -6.122834
v 3.530014 -5.663232 -5.712508
v 3.209549 -5.635822 -5.612452
v 2.831276 -5.334951 -5.929188
v 2.677185 -4.998300 -6.380543
v 3.051598 -9.103601 -8.225397
v 2.703339 -9.134113 -8.186552
v 3.378639 -9.126619 -8.086555
v 3.534439 -9.197662 -7.816700
v 3.467827 -9.283141 -7.539127
v 3.177963 -9.324980 -7.451033
v 2.792107 -9.290642 -7.639100
v 2.580925 -9.208258 -7.958318
v 2.901621 -14.301951 -6.706724
v 2.774257 -14.288567 -6.734077
v 3.000205 -14.294687 -6.619536
v 3.020648 -14.268792 -6.509547
v 2.962175 -14.236205 -6.422508
v 2.848704 -14.218853 -6.426260
v 2.737771 -14.229503 -6.534305
v 2.702092 -14.259686 -6.669516
v -2.104912 0.646179 6.299098
v -2.266907 1.607515 5.690535
v -1.780525 2.298653 5.330863
v -0.687401 2.326125 5.422646
v 0.189224 1.726528 5.918441
v 0.299240 0.819520 6.528410
v -0.321884 0.105941 6.897742
v -1.329918 0.021991 6.803799
v -3.376648 -2.662576 2.719452
v -3.666176 -0.818228 2.536450
v -2.815170 0.474762 2.302032
v -1.258080 0.429450 2.130757
v 0.153198 -0.806835 2.137094
v 0.381020 -2.399868 2.353027
v -0.737350 -3.549717 2.662939
v -2.212677 -3.773478 2.773555
v -3.691727 -2.597815 1.788087
v -3.905571 -0.817420 1.688271
v -2.907982 0.525918 1.406708
v -1.373634 0.517620 1.262628
v -0.233673 -0.644882 1.132481
v -0.096703 -2.291637 1.354078
v -0.956642 -3.537485 1.629690
v -2.526131 -3.641289 1.744404
v -4.148935 -1.262739 0.334351
v -4.043787 -0.036182 0.451667
v -2.999842 0.833257 0.494511
v -1.692591 0.770668 0.550105
v -0.897631 -0.220533 0.517815
v -1.069681 -1.490265 0.364078
v -2.017191 -2.299103 0.246695
v -3.285440 -2.178592 0.255092
v -2.980463 -2.885196 -0.964215
v -3.502541 -1.980887 -0.649654
v -3.322226 -0.907990 -0.665285
v -2.501106 -0.166817 -0.622803
v -1.676283 -0.335296 -0.846482
v -1.424464 -1.278593 -1.197667
v -1.735238 -2.352318 -1.418891
v -2.334637 -2.915344 -1.270489
v -3.250205 -3.056659 -3.801704
v -3.768694 -2.504549 -3.614154
v -3.722250 -1.745473 -3.002361
v -3.287694 -1.222131 -2.958809
v -2.755176 -1.165103 -2.950508
v -2.414929 -1.620064 -3.032613
v -2.381089 -2.304481 -3.177121
v -2.717926 -2.836205 -3.281448
v -3.232584 -2.899555 -4.350719
v -3.392833 -2.526259 -4.517121
v -3.382855 -2.251149 -4.648012
v -3.043347 -1.882741 -4.700889
v -2.691326 -1.887917 -4.631582
v -2.459011 -2.047906 -4.502773
v -2.578607 -2.554220 -4.353622
v -2.910525 -2.962187 -4.277333
v -2.108102 -4.584112 -7.603142
v -2.117211 -4.381124 -7.784049
v -1.948985 -4.196541 -7.940166
v -1.640321 -4.096342 -8.002056
v -1.313255 -4.100396 -7.954639
v -1.242450 -4.265194 -7.800840
v -1.510432 -4.518628 -7.612054
v -1.886408 -4.661762 -7.522157
v -0.260860 -7.448884 -10.230350
v -0.276340 -7.579960 -10.115909
v -0.169281 -7.315905 -10.292250
v -0.035756 -7.240992 -10.268638
v 0.080604 -7.250379 -10.176610
v 0.093342 -7.355520 -10.066967
v -0.025207 -7.513422 -10.000486
v -0.186912 -7.614237 -10.019314
v 2.353010 -10.945885 -11.772185
v 2.341050 -10.975609 -11.731156
v 2.385448 -10.911640 -11.795073
v 2.424307 -10.888943 -11.787546
v 2.453517 -10.885763 -11.755405
v 2.450089 -10.908666 -11.716210
v 2.410315 -10.948759 -11.691648
v 2.362304 -10.978771 -11.697282
v -0.650471 -0.007911 2.732432
v 0.032574 0.579164 2.355359
v 0.963909 -0.681279 3.012364
v 0.354137 -1.229125 3.362526
v -0.405544 -1.201018 3.394845
v -0.842182 -0.733447 3.156995
v -1.231843 -0.779495 -0.033020
v -0.822771 -0.406828 -0.096743
v -0.299089 -0.377293 -0.166283
v -0.031524 -0.790143 -0.210023
v -0.403860 -1.738109 -0.238738
v -1.043028 -1.755973 -0.156982
v -1.398184 -1.289388 -0.047281
v -1.507848 -0.811533 -0.865770
v -1.229202 -0.584134 -0.900720
v -0.904988 -0.587862 -0.915325
v -0.740167 -0.829324 -0.900261
v -0.817880 -1.165229 -0.858931
v -1.090624 -1.411915 -0.842410
v -1.417421 -1.404527 -0.842848
v -1.578799 -1.175769 -0.832360
v -1.598399 -0.775403 -1.347341
v -1.366746 -0.566837 -1.303178
v -1.095648 -0.524992 -1.320945
v -0.956126 -0.741537 -1.411680
v -1.034084 -1.010707 -1.493129
v -1.270944 -1.167281 -1.517310
v -1.516743 -1.161610 -1.486427
v -1.652002 -1.017722 -1.422778
v -1.578968 -0.712940 -2.020206
v -1.423513 -0.568789 -1.956646
v -1.238301 -0.548275 -1.956369
v -1.143064 -0.666085 -2.019367
v -1.185751 -0.842185 -2.105274
v -1.330890 -0.960966 -2.157670
v -1.501689 -0.985464 -2.161462
v -1.605115 -0.890093 -2.107713
v -1.580182 -0.336900 -2.806411
v -1.482607 -0.219035 -2.829163
v -1.357298 -0.199897 -2.843408
v -1.268357 -0.298259 -2.848439
v -1.261925 -0.450300 -2.831151
v -1.351349 -0.556740 -2.793669
v -1.487875 -0.563706 -2.772402
v -1.585199 -0.476282 -2.783383
v -1.382628 -0.141850 -3.379179
v -1.321028 -0.066398 -3.371117
v -1.245199 -0.051999 -3.348821
v -1.188448 -0.110941 -3.322752
v -1.174374 -0.212248 -3.303756
v -1.222921 -0.292392 -3.306112
v -1.314893 -0.301052 -3.332901
v -1.384552 -0.237392 -3.364883
v 0.609325 0.333138 2.458515
v -0.902272 -0.372501 -3.893019
v -0.919517 -0.398208 -3.888555
v -0.882091 -0.364587 -3.885553
v -0.867886 -0.379483 -3.868648
v -0.865254 -0.409159 -3.850087
v -0.878748 -0.435598 -3.842856
v -0.903131 -0.442812 -3.853113
v -0.921053 -0.426992 -3.872850
v -0.119783 -1.188329 -0.223009
v 0.760288 -0.189845 2.746013
v -6.215571 -3.833889 1.505519
v -5.888378 -3.590458 1.382435
v -5.571136 -3.621353 1.358549
v -5.471515 -3.872625 1.523245
v -5.640519 -4.205812 1.750204
v -5.976536 -4.460574 1.873246
v -6.291816 -4.496815 1.822595
v -6.379694 -4.212888 1.694657
v -6.337821 -4.016149 0.826559
v -6.055257 -3.801574 0.750683
v -5.704448 -3.878315 0.721028
v -5.515062 -4.100256 0.947226
v -5.616882 -4.412326 1.093560
v -5.920547 -4.614202 1.089478
v -6.230116 -4.598096 1.001912
v -6.399587 -4.360891 0.914805
v -6.426555 -4.391362 0.140058
v -6.168077 -4.269106 -0.061216
v -5.862464 -4.352281 -0.094239
v -5.690782 -4.558252 0.077415
v -5.751778 -4.748736 0.340197
v -6.003015 -4.830762 0.523416
v -6.303386 -4.775775 0.546717
v -6.483619 -4.611899 0.390655
v -6.572428 -5.242231 -0.635626
v -6.365638 -5.217923 -0.860233
v -6.091955 -5.278926 -0.900175
v -5.901246 -5.402355 -0.726164
v -5.886102 -5.517152 -0.444957
v -6.069428 -5.543283 -0.229875
v -6.360013 -5.466093 -0.203799
v -6.576251 -5.341709 -0.369583
v -7.338840 -8.277906 -0.969468
v -7.272192 -8.278774 -1.051481
v -7.197597 -8.296945 -1.072161
v -7.148855 -8.326957 -1.017051
v -7.143551 -8.354137 -0.915596
v -7.195446 -8.357633 -0.829606
v -7.283721 -8.332413 -0.813082
v -7.347356 -8.298307 -0.872180
v -7.672636 -9.341576 -1.470444
v -7.708089 -9.341021 -1.426786
v -7.632556 -9.351157 -1.481730
v -7.606668 -9.367259 -1.452186
v -7.603966 -9.381776 -1.397919
v -7.631475 -9.383584 -1.352183
v -7.678520 -9.370074 -1.343389
v -7.712663 -9.351953 -1.374817
v -0.408249 1.249348 4.696263
v 0.417801 1.714098 4.976077
v 1.154831 1.670127 5.790639
v 1.230606 1.123872 6.702902
v 0.782249 0.420051 7.218447
v -0.014267 -0.032467 6.996827
v -0.712219 0.033254 6.124067
v -0.885452 0.565008 5.153664
v 1.111504 -1.078471 2.453975
v 1.815491 0.156547 2.919514
v 2.390961 0.517050 3.706202
v 2.507935 -0.271496 4.376992
v 2.126976 -1.677459 4.594462
v 1.526291 -2.717847 4.196046
v 0.889290 -2.848545 3.355787
v 0.732468 -2.287876 2.619810
v 1.799446 -1.116906 2.066516
v 2.424683 0.076160 2.555515
v 3.049911 0.384259 3.420712
v 3.158890 -0.384276 4.121971
v 2.896576 -1.700878 4.249201
v 2.225586 -2.730052 3.789150
v 1.634872 -3.014583 2.993012
v 1.512321 -2.322736 2.243840
v 3.149681 -0.704888 1.820218
v 3.502838 0.231932 2.376334
v 3.793457 0.339097 3.314401
v 3.730690 -0.422246 4.053715
v 3.397018 -1.654935 4.129501
v 3.059280 -2.614622 3.523334
v 2.855133 -2.757690 2.646435
v 2.884880 -1.946390 1.964125
v 4.035065 -0.811769 1.578458
v 4.279762 0.054068 2.133567
v 4.638863 0.147541 3.039926
v 4.530891 -0.443348 3.852406
v 4.325333 -1.491844 3.900384
v 4.189720 -2.283924 3.171196
v 4.120697 -2.448099 2.211209
v 4.014114 -1.865733 1.611714
v 5.368965 -1.932734 1.043906
v 5.733086 -1.474605 1.354610
v 5.982567 -1.435778 1.896136
v 5.916100 -1.826463 2.359175
v 5.602058 -2.330410 2.511589
v 5.246246 -2.703265 2.233495
v 5.027451 -2.790755 1.679536
v 5.078972 -2.504353 1.177033
v 6.588783 -3.353508 -0.424395
v 6.956062 -3.201576 -0.357649
v 7.183685 -3.245318 -0.063634
v 7.135735 -3.490055 0.338225
v 6.859367 -3.796967 0.669658
v 6.516197 -3.960643 0.631958
v 6.288429 -3.874888 0.213541
v 6.307022 -3.629512 -0.215955
v 7.851395 -5.479259 -1.495240
v 8.195015 -5.382941 -1.445338
v 8.390373 -5.425529 -1.183239
v 8.333992 -5.600674 -0.820558
v 8.070755 -5.824216 -0.490867
v 7.743553 -5.946805 -0.478326
v 7.531853 -5.877951 -0.847671
v 7.571396 -5.676577 -1.272779
v 8.182144 -9.748913 -1.172385
v 7.947449 -9.773659 -1.286306
v 8.290138 -9.727767 -0.957012
v 8.210777 -9.720170 -0.728648
v 7.992729 -9.728093 -0.583376
v 7.761742 -9.749336 -0.643812
v 7.650513 -9.773965 -0.912668
v 7.726379 -9.785049 -1.194508
v 6.972420 -13.146384 -0.258509
v 6.865784 -13.145356 -0.299613
v 7.029388 -13.124306 -0.172466
v 7.006485 -13.087032 -0.076411
v 6.919579 -13.051373 -0.011138
v 6.817070 -13.043193 -0.030275
v 6.755707 -13.072428 -0.138273
v 6.774979 -13.116828 -0.256281
v -0.433022 0.260698 8.183083
v -0.994568 1.222381 7.715593
v -1.161865 1.793252 6.455748
v -0.773102 1.658324 5.085565
v -0.134064 0.896464 4.340913
v 0.375122 -0.064902 4.711654
v 0.481094 -0.663517 6.053150
v 0.159775 -0.528838 7.520130
v -1.786530 -2.853166 8.103464
v -2.353012 -1.736054 7.522229
v -2.735100 -1.051853 6.234552
v -2.297951 -1.244603 4.884839
v -1.685715 -2.128144 4.211245
v -1.156097 -3.130838 4.710092
v -0.981522 -3.708198 6.189534
v -1.230377 -3.665709 7.583229
v -2.741020 -3.822116 8.156038
v -3.242538 -2.781372 7.626176
v -3.470581 -2.163980 6.300135
v -3.161598 -2.296885 5.061965
v -2.699097 -3.166203 4.509954
v -2.135872 -4.066494 5.052141
v -1.898483 -4.637927 6.307365
v -2.226074 -4.557119 7.625896
v -4.064140 -4.438332 8.233940
v -4.431961 -3.451365 7.849424
v -4.592102 -2.885573 6.653495
v -4.333771 -3.061485 5.437707
v -3.852623 -3.900738 4.916477
v -3.491440 -4.912479 5.345695
v -3.396332 -5.479373 6.425629
v -3.628578 -5.270291 7.601577
v -5.076378 -4.859009 8.027174
v -5.342529 -3.867577 7.796834
v -5.563560 -3.351175 6.786765
v -5.208389 -3.400371 5.677340
v -4.843491 -4.214287 5.185460
v -4.710640 -5.227020 5.552007
v -4.778404 -5.843053 6.446654
v -4.878929 -5.690881 7.425779
v -6.497940 -5.848743 7.681109
v -7.098282 -5.098392 7.466400
v -7.339500 -4.691465 6.672323
v -7.025459 -4.773431 5.802406
v -6.373268 -5.267136 5.390409
v -5.807182 -5.929055 5.651622
v -5.600075 -6.422442 6.408718
v -5.877159 -6.426902 7.233184
v -7.960236 -7.533525 7.263150
v -8.566162 -7.298972 6.997148
v -8.800858 -7.110810 6.419072
v -8.504642 -7.063169 5.813255
v -7.869179 -7.178699 5.477786
v -7.288177 -7.405023 5.662120
v -7.084137 -7.615657 6.318908
v -7.354973 -7.671587 7.006442
v -9.288181 -14.085670 5.821074
v -9.425316 -14.067708 5.757477
v -9.477741 -14.042956 5.644563
v -9.411606 -14.021088 5.529357
v -9.266563 -14.012052 5.459631
v -9.130127 -14.026154 5.495306
v -9.081078 -14.057881 5.635353
v -9.146889 -14.083673 5.778518
v 3.153648 -3.369288 5.783729
v 3.059532 -3.071584 6.243722
v 1.968811 -3.451209 6.280675
v 2.039452 -3.715115 5.856754
v 2.457443 -3.771898 5.529481
v 2.914749 -3.652101 5.484197
v 3.938614 -4.522669 6.762387
v 3.729645 -4.039182 7.132596
v 3.369240 -3.918802 7.451428
v 2.973228 -4.114696 7.447670
v 2.765366 -4.504748 7.221671
v 2.807701 -4.962743 6.824778
v 3.229523 -5.201185 6.487291
v 3.754395 -4.995792 6.501348
v 4.189995 -4.579531 7.601062
v 4.080772 -4.164577 7.858264
v 3.752563 -4.034763 8.098028
v 3.421814 -4.247074 8.113152
v 3.258629 -4.694436 7.906316
v 3.363403 -5.134579 7.642090
v 3.683937 -5.319738 7.471375
v 4.014214 -5.065795 7.436611
v 4.398392 -4.586112 8.202265
v 4.296425 -4.151121 8.415121
v 3.998070 -4.005756 8.697859
v 3.628189 -4.181106 8.637869
v 3.503761 -4.621178 8.494852
v 3.655418 -5.068354 8.335493
v 3.956322 -5.255435 8.211855
v 4.244858 -5.064000 8.139877
v 4.700943 -4.908747 8.870275
v 4.688622 -4.521187 9.287075
v 4.408508 -4.404899 9.583939
v 4.026611 -4.566274 9.565237
v 3.789146 -4.906281 9.255957
v 3.831734 -5.257163 8.860945
v 4.104492 -5.438102 8.580496
v 4.456322 -5.319571 8.578226
v 4.797287 -6.332904 9.582838
v 4.812508 -6.211957 9.892181
v 4.631935 -6.110704 10.110651
v 4.342064 -6.096746 10.110619
v 4.104668 -6.172778 9.906719
v 4.078224 -6.283492 9.619209
v 4.286469 -6.373591 9.404320
v 4.588120 -6.401058 9.383793
v 4.078262 -11.112428 9.410738
v 4.083115 -11.125760 9.523193
v 4.034859 -11.139271 9.591337
v 3.950706 -11.145327 9.580782
v 3.869225 -11.143738 9.501694
v 3.849022 -11.133554 9.395813
v 3.913208 -11.118344 9.320951
v 4.012482 -11.109407 9.324999
v 2.361008 -3.219169 6.550098
v 2.785835 -3.042270 6.550963
v 4.537300 -8.464972 10.064295
v 4.520348 -8.464890 9.836161
v 4.374664 -8.435481 9.688126
v 4.169518 -8.388664 9.705942
v 4.034180 -8.360052 9.867466
v 4.063744 -8.362738 10.079710
v 4.232246 -8.391566 10.228027
v 4.424957 -8.433595 10.225857
v 1.468071 -0.006046 3.918799
v 1.783569 0.277788 4.579884
v 0.737373 -0.601139 5.502958
v 0.422028 -0.853531 4.912625
v 0.523239 -0.730103 4.169656
v 0.937401 -0.409537 3.738109
v 3.322639 -1.540296 3.735508
v 3.433060 -1.019471 4.482946
v 3.369652 -1.035486 5.187197
v 2.979324 -1.430723 5.483388
v 2.578018 -1.986778 5.307906
v 2.269478 -2.520416 4.699343
v 2.387291 -2.643138 3.875372
v 2.918968 -2.195392 3.471191
v 4.415749 -1.710593 4.319958
v 4.521019 -1.228707 4.835017
v 4.411980 -1.205096 5.433074
v 4.108582 -1.605846 5.680471
v 3.776802 -2.230189 5.461047
v 3.661919 -2.746585 4.933422
v 3.836525 -2.862957 4.391737
v 4.116631 -2.401067 4.140334
v 5.224464 -1.776655 4.725336
v 5.292015 -1.255834 5.196418
v 5.254715 -1.209940 5.814739
v 4.832222 -1.557329 6.038151
v 4.603493 -2.172237 5.848538
v 4.640930 -2.704891 5.379774
v 4.842644 -2.839881 4.902997
v 5.048470 -2.469550 4.630061
v 6.224129 -2.260431 4.991869
v 6.589455 -1.817959 5.565722
v 6.586899 -1.809351 6.170766
v 6.192719 -2.149663 6.451735
v 5.674255 -2.629160 6.238539
v 5.358513 -3.016043 5.671724
v 5.375343 -3.119289 5.066288
v 5.721863 -2.843097 4.776549
v 7.155914 -4.332676 5.089203
v 7.467178 -4.225392 5.430222
v 7.490089 -4.189393 5.857378
v 7.192741 -4.263151 6.135356
v 6.755112 -4.401787 6.125876
v 6.453758 -4.503006 5.820834
v 6.461525 -4.515681 5.375568
v 6.752060 -4.452368 5.060678
v 6.681625 -12.762143 3.821947
v 6.798645 -12.802154 3.925436
v 6.818085 -12.850301 4.034562
v 6.722397 -12.883381 4.100673
v 6.560852 -12.890984 4.098497
v 6.434311 -12.861574 4.014705
v 6.424469 -12.804824 3.885048
v 6.528847 -12.761531 3.798880
v 1.383942 -0.212134 5.490232
v 1.802826 0.166903 5.157045
v 7.559395 -7.443974 5.027231
v 7.315895 -7.402427 4.814416
v 7.018044 -7.378147 4.813772
v 6.822105 -7.383306 5.041901
v 6.840645 -7.420779 5.342291
v 7.081177 -7.458753 5.526724
v 7.403595 -7.474746 5.506163
v 7.601555 -7.470382 5.307199
v 1.342651 17.689003 7.671538
v 0.938744 17.705070 7.940979
v -0.537613 17.805016 7.864418
v -1.663177 17.911827 7.708534
v -1.803024 17.953773 7.234530
v -1.822815 17.950802 6.663413
v -1.753433 17.906738 6.145553
v -1.576324 17.869617 5.748443
v -1.391151 17.793694 5.503669
v -1.144676 17.747757 5.360548
v -0.790733 17.717251 5.315954
v 0.687744 17.619095 5.289810
v 1.561394 17.521236 5.739135
v 2.008400 17.589821 6.415799
v 1.925568 17.629292 7.123583
v 1.159012 16.869961 7.428992
v 0.962387 16.931641 7.901183
v -1.145569 16.777534 8.055676
v -1.859154 16.721893 7.977035
v -2.117958 16.720879 7.550885
v -2.084633 16.718468 6.960195
v -2.071190 16.458717 6.470265
v -1.940826 16.256413 6.096751
v -1.723289 16.121723 5.829751
v -1.412773 16.060440 5.619603
v -1.046875 16.084423 5.496404
v -0.193657 16.110882 5.346575
v 1.142456 16.399792 5.586157
v 1.644760 16.658833 6.342725
v 1.385422 16.713093 6.734096
v 0.435806 15.761502 7.309363
v 0.384201 15.899311 7.875903
v -1.268898 15.807149 8.255341
v -1.951797 16.086834 8.151346
v -2.181793 16.121410 7.807510
v -2.220711 16.094276 7.217721
v -2.126625 15.842883 6.767384
v -2.021698 15.501269 6.457725
v -1.777092 15.269216 6.177076
v -1.438805 15.164878 5.942623
v -1.137848 15.192967 5.777746
v -0.353844 15.224461 5.571554
v 0.573097 15.557800 5.618441
v 1.232582 15.925896 5.972359
v 1.047768 15.941218 6.555538
v 0.109810 14.425182 7.365031
v 0.202255 14.456970 7.885678
v -1.224648 14.734328 8.359417
v -1.722115 15.029062 8.429148
v -2.035370 15.143773 8.103865
v -2.224129 15.144254 7.669846
v -2.213661 14.953822 7.221517
v -1.936295 14.620788 6.829707
v -1.589294 14.219144 6.535361
v -1.400864 14.133183 6.222635
v -1.008194 14.062434 5.995947
v -0.569580 14.127538 5.982957
v 0.273247 14.287311 6.007333
v 0.676804 14.706024 6.200371
v 0.407539 14.747305 6.674062
v 0.189644 13.177386 7.772878
v 0.408142 13.095512 8.307840
v -0.865631 13.512824 8.737490
v -1.363441 13.929037 8.771074
v -1.747314 14.232560 8.515265
v -1.902206 14.128270 8.180506
v -1.890259 13.949025 7.736187
v -1.787155 13.620469 7.206293
v -1.566368 13.103914 6.721927
v -1.423553 12.920851 6.387988
v -1.098747 12.857329 6.110403
v -0.488869 12.775403 6.034431
v 0.137108 12.805346 6.142331
v 0.061485 13.112642 6.613336
v 0.041145 13.375663 7.193376
v 0.130875 12.118156 7.649261
v 0.546310 12.295913 8.264921
v -0.697693 12.669271 8.850986
v -1.159630 12.894300 9.076591
v -1.581963 13.168218 9.030186
v -1.926620 13.255488 8.595589
v -1.982941 13.017333 8.067680
v -1.932732 12.823812 7.483321
v -1.773293 12.528000 6.944755
v -1.562752 12.300229 6.525490
v -1.212646 12.186481 6.158798
v -0.620209 12.105558 6.018454
v 0.036072 11.897560 6.065063
v 0.057068 11.980947 6.454303
v -0.009163 12.118691 7.036163
v -0.049644 11.473730 7.612433
v 0.415588 11.773408 8.267246
v -0.602539 12.266476 8.928389
v -1.077232 12.596002 9.267027
v -1.405159 12.620459 9.236111
v -1.777199 12.698952 8.955759
v -2.011848 12.661090 8.424557
v -2.037781 12.463233 7.847689
v -2.002083 12.263151 7.281215
v -1.745888 12.081372 6.790785
v -1.402832 11.884933 6.371028
v -0.854424 11.715023 6.124586
v -0.186195 11.611140 6.176715
v -0.114853 11.602404 6.492392
v -0.158318 11.603315 7.023765
v -0.029602 11.055057 7.607255
v 0.336426 11.298242 8.280119
v -0.560928 11.947168 8.990955
v -1.008354 12.361545 9.421524
v -1.349434 12.411826 9.476206
v -1.623466 12.369856 9.255594
v -1.975960 12.376101 8.842989
v -2.076035 12.257698 8.262077
v -2.102417 12.000600 7.635392
v -1.925209 11.838848 7.089065
v -1.598373 11.622424 6.663104
v -1.139046 11.424067 6.351433
v -0.578476 11.335714 6.336047
v -0.366341 11.282430 6.582395
v -0.301743 11.280929 7.065818
v -0.036118 10.795117 7.631237
v 0.358406 11.058363 8.314188
v -0.473595 11.536035 8.985437
v -0.906174 12.054632 9.504005
v -1.289856 12.160491 9.637197
v -1.637695 12.024273 9.471182
v -1.923706 12.004960 9.138229
v -2.231194 11.914646 8.616198
v -2.226166 11.700194 8.008011
v -2.083488 11.563120 7.425900
v -1.776146 11.410562 6.927772
v -1.382034 11.230241 6.610634
v -0.894279 11.091104 6.530600
v -0.558044 11.022996 6.699606
v -0.387512 11.031572 7.117914
v -0.024040 10.585458 7.663301
v 0.370514 10.862983 8.343157
v -0.361923 11.212762 8.987804
v -0.771202 11.571291 9.476837
v -1.144554 11.740963 9.693268
v -1.566360 11.666688 9.623531
v -1.941452 11.530266 9.329367
v -2.144379 11.459267 8.878633
v -2.248848 11.326118 8.321283
v -2.224670 11.145960 7.738514
v -1.952240 11.074667 7.204028
v -1.509270 10.978064 6.829186
v -1.097282 10.852620 6.679405
v -0.703880 10.793920 6.798963
v -0.458450 10.772158 7.156648
v -0.044937 10.327321 7.672017
v 0.382751 10.577922 8.332300
v -0.230606 10.921493 8.973305
v -0.650688 11.134476 9.443773
v -1.014076 11.258885 9.696669
v -1.424438 11.224465 9.710636
v -1.834328 11.078647 9.477842
v -2.093361 11.005364 9.104319
v -2.242630 10.908311 8.605848
v -2.272827 10.760002 8.027653
v -2.119537 10.694524 7.485815
v -1.734810 10.630193 7.063447
v -1.262856 10.577714 6.813006
v -0.833275 10.512785 6.880962
v -0.528549 10.497461 7.181983
v -0.097694 9.982244 7.654595
v 0.370262 10.154088 8.273663
v -0.098946 10.454638 8.905724
v -0.502907 10.605604 9.397009
v -0.850540 10.640384 9.690119
v -1.260963 10.631444 9.777037
v -1.660187 10.550653 9.652071
v -1.990074 10.468123 9.342648
v -2.206841 10.410596 8.875671
v -2.257828 10.321909 8.306238
v -2.204399 10.242101 7.741547
v -1.937691 10.206821 7.285972
v -1.529198 10.042167 6.959545
v -1.032829 10.128139 6.950815
v -0.611664 10.114497 7.192405
v -0.125336 9.540933 7.651035
v 0.319511 9.640916 8.227844
v 0.018860 9.849962 8.869576
v -0.367668 9.977658 9.435404
v -0.693649 9.961350 9.834486
v -1.105682 9.940202 9.988628
v -1.525894 9.900618 9.945305
v -1.887581 9.834099 9.711828
v -2.143974 9.813625 9.265596
v -2.239517 9.782008 8.681597
v -2.225235 9.709971 8.028072
v -2.102783 9.712255 7.503144
v -1.643829 9.701121 7.223154
v -1.138710 9.669538 7.055792
v -0.684357 9.667809 7.237328
v -0.380035 9.074443 7.712975
v -0.066757 9.087102 8.328123
v -0.114616 9.200250 9.054169
v -0.250282 9.280448 9.716410
v -0.545052 9.275081 10.175858
v -0.941750 9.240865 10.394272
v -1.370903 9.233186 10.390841
v -1.772400 9.200756 10.172678
v -2.057236 9.167291 9.777483
v -2.197441 9.142379 9.223099
v -2.179550 9.126575 8.559101
v -2.007164 9.154400 7.882496
v -1.771996 9.173329 7.509789
v -1.250984 9.162133 7.280299
v -0.769211 9.144074 7.333100
v -0.441811 8.546300 7.820265
v -0.170845 8.546811 8.431284
v -0.063881 8.590707 9.181351
v -0.140625 8.629239 9.882479
v -0.392952 8.641961 10.356215
v -0.764008 8.644380 10.607849
v -1.190025 8.650519 10.661011
v -1.600861 8.646008 10.517086
v -1.930702 8.622445 10.189381
v -2.112129 8.585433 9.685644
v -2.154961 8.555427 9.061150
v -2.010605 8.557753 8.351492
v -1.795670 8.621972 7.832960
v -1.360176 8.607120 7.471163
v -0.855423 8.593478 7.495181
v -0.483841 8.060869 7.873521
v -0.166801 8.047063 8.429752
v -0.011703 8.078810 9.155190
v -0.039230 8.119127 9.850517
v -0.243279 8.128216 10.336578
v -0.576828 8.114934 10.607782
v -0.997337 8.109912 10.721107
v -1.419594 8.119254 10.648895
v -1.779861 8.131921 10.396978
v -2.022980 8.137185 9.984545
v -2.110016 8.121107 9.439209
v -2.018524 8.085579 8.754999
v -1.820358 8.080236 8.124369
v -1.428871 8.081761 7.699651
v -0.928078 8.087346 7.627126
v -0.523491 7.642803 7.911793
v -0.167671 7.633965 8.393911
v 0.040375 7.667044 9.089571
v 0.060646 7.698209 9.769028
v -0.096832 7.681296 10.256687
v -0.385284 7.637570 10.541151
v -0.787498 7.611785 10.705189
v -1.219994 7.618878 10.706224
v -1.612030 7.643709 10.531466
v -1.905907 7.678096 10.189922
v -2.045151 7.711407 9.706829
v -2.004044 7.709501 9.102106
v -1.858025 7.688425 8.434797
v -1.484383 7.675346 7.933117
v -0.987366 7.664816 7.758631
v -0.559402 7.260573 7.967458
v -0.171700 7.243879 8.358318
v 0.085594 7.265199 8.987066
v 0.162918 7.278315 9.645363
v 0.054535 7.238277 10.150383
v -0.199745 7.173058 10.470695
v -0.561760 7.131459 10.677101
v -1.009384 7.123009 10.732769
v -1.419556 7.149365 10.612576
v -1.750999 7.198546 10.328533
v -1.944099 7.253183 9.889158
v -1.955536 7.302970 9.343119
v -1.831619 7.305999 8.699472
v -1.528824 7.302273 8.158716
v -1.029816 7.292455 7.898265
v -0.590431 6.867266 8.033224
v -0.178406 6.842118 8.331751
v 0.122139 6.842739 8.864138
v 0.255447 6.828881 9.474195
v 0.197876 6.765950 9.989044
v -0.015831 6.675697 10.344934
v -0.340729 6.611434 10.609217
v -0.783676 6.590045 10.727177
v -1.201088 6.607054 10.646713
v -1.561287 6.663166 10.401161
v -1.801765 6.743327 10.005798
v -1.870216 6.827856 9.487675
v -1.757706 6.880512 8.899193
v -1.502289 6.900091 8.350739
v -1.054276 6.900442 8.038246
v -0.615242 6.452426 8.063469
v -0.188118 6.424025 8.276007
v 0.148033 6.401834 8.728102
v 0.331245 6.353677 9.281191
v 0.327087 6.256073 9.776730
v 0.151024 6.134962 10.155748
v -0.130455 6.045109 10.437862
v -0.544197 5.996025 10.612715
v -0.976433 6.002934 10.583223
v -1.346535 6.061347 10.389626
v -1.621597 6.159091 10.058632
v -1.744690 6.276064 9.596790
v -1.690094 6.391499 9.060308
v -1.449921 6.454948 8.523104
v -1.052162 6.475328 8.155800
v -0.633202 6.012530 8.003326
v -0.200829 5.987432 8.126406
v 0.162445 5.936255 8.474794
v 0.387222 5.857204 8.955208
v 0.437874 5.729763 9.419769
v 0.309120 5.586102 9.843300
v 0.048271 5.471171 10.167810
v -0.272041 5.406823 10.340168
v -0.765533 5.381750 10.366867
v -1.156479 5.446394 10.209932
v -1.419380 5.545570 9.962555
v -1.586784 5.682270 9.569826
v -1.597656 5.830778 9.086443
v -1.423195 5.944544 8.567099
v -1.077171 6.007954 8.170296
v -0.663048 5.571650 7.928491
v -0.215195 5.567903 7.938442
v 0.165802 5.496914 8.168438
v 0.428444 5.381023 8.518061
v 0.527031 5.227837 8.878290
v 0.457703 5.067728 9.303965
v 0.233131 4.933990 9.718271
v -0.073761 4.883792 9.907110
v -0.446762 4.821986 10.029533
v -0.902267 4.857541 9.972988
v -1.221298 4.944868 9.777681
v -1.410919 5.069747 9.478327
v -1.474365 5.237592 9.047768
v -1.392731 5.400737 8.579060
v -1.075272 5.522205 8.167652
v -0.688843 5.152910 7.792684
v -0.227745 5.170473 7.726682
v 0.164581 5.109513 7.844061
v 0.459419 4.984945 8.089575
v 0.608536 4.811772 8.369339
v 0.591660 4.633810 8.743580
v 0.418457 4.479989 9.196028
v 0.132080 4.406634 9.478575
v -0.214653 4.323268 9.559572
v -0.569786 4.354468 9.714767
v -0.996193 4.393337 9.630428
v -1.232605 4.503265 9.379177
v -1.320564 4.675341 8.971186
v -1.299919 4.879274 8.469877
v -1.065407 5.055309 8.053843
v -0.702003 4.722239 7.583518
v -0.238777 4.780648 7.446879
v 0.160835 4.735770 7.509429
v 0.485863 4.614697 7.706138
v 0.680687 4.433884 7.957422
v 0.719627 4.232339 8.301401
v 0.596855 4.046419 8.754400
v 0.334808 3.888554 9.119818
v 0.044426 3.860880 9.242802
v -0.250900 3.783741 9.413992
v -0.669807 3.812406 9.437662
v -1.047920 3.896833 9.297798
v -1.186432 4.090177 8.926083
v -1.190231 4.339430 8.402405
v -1.030716 4.566190 7.899335
v -0.680756 4.284352 7.368302
v -0.246803 4.390481 7.167325
v 0.155899 4.370406 7.175390
v 0.508560 4.254416 7.339715
v 0.750603 4.063988 7.609616
v 1.430389 4.021149 8.013548
v 1.478615 4.043045 8.507675
v 1.518265 3.707959 8.872229
v 0.274178 3.379682 9.068010
v 0.008385 3.303266 9.288511
v -0.446594 3.334742 9.382456
v -0.883064 3.375274 9.247499
v -1.049171 3.522546 8.870321
v -1.096817 3.816961 8.263113
v -0.970444 4.086790 7.717333
v -0.626221 3.860189 6.999320
v -0.250320 4.000308 6.789893
v 0.153206 4.005643 6.803784
v 0.529999 3.901971 6.946968
v 0.817055 3.708418 7.224417
v 1.312721 3.655097 7.679299
v 1.397385 3.212181 8.893658
v 0.453316 2.942602 8.919527
v 0.212753 2.858275 9.186531
v -0.226173 2.884382 9.265251
v -0.674583 2.947481 9.193167
v -0.894119 3.061838 8.839546
v -0.968407 3.326754 8.181519
v -0.881706 3.633648 7.507349
v -0.587090 3.433229 6.704383
v -0.249863 3.600839 6.451568
v 0.150810 3.639275 6.420665
v 0.546379 3.561472 6.559643
v 0.869675 3.381847 6.795806
v 1.043579 2.902971 7.326532
v 1.137848 2.529941 7.561620
v 1.185776 2.569786 8.269260
v 0.619194 2.548282 8.746950
v 0.355827 2.433215 9.073172
v -0.042755 2.449931 9.189331
v -0.463844 2.556568 9.078270
v -0.734360 2.681649 8.714771
v -0.857063 2.907619 8.052084
v -0.811653 3.200932 7.300383
v -0.555031 3.015804 6.553294
v -0.249123 3.219404 6.215607
v 0.142212 3.293846 6.105047
v 0.550804 3.251636 6.201886
v 0.905510 3.092482 6.389824
v 1.146339 2.861077 6.803573
v 1.230713 2.413848 7.259047
v 1.143700 2.361217 8.070271
v 0.901047 2.199074 8.423708
v 0.524918 2.050085 8.976557
v 0.161346 2.033344 9.063164
v -0.246742 2.123717 8.962683
v -0.558731 2.302381 8.579321
v -0.745850 2.514581 7.904363
v -0.733078 2.766107 7.206577
v -0.525108 2.624925 6.404283
v -0.247726 2.860790 5.986567
v 0.127480 2.973040 5.817383
v 0.542221 2.974436 5.889192
v 0.923607 2.842353 6.022466
v 1.206787 2.619728 6.379014
v 1.342552 2.353297 6.938675
v 1.306267 2.089057 7.605149
v 1.106369 1.864588 8.226892
v 0.775215 1.712293 8.666491
v 0.371147 1.659390 8.850351
v -0.035088 1.718532 8.761909
v -0.375237 1.881711 8.426489
v -0.606544 2.106130 7.838735
v -0.655693 2.358149 7.115020
v -0.495705 2.262811 6.243257
v -0.246460 2.527113 5.783543
v 0.107056 2.678819 5.580608
v 0.520721 2.724895 5.608238
v 0.923241 2.632782 5.711565
v 1.244873 2.425363 5.999049
v 1.294899 2.153682 6.492529
v 1.295364 1.867889 7.122541
v 1.163628 1.612006 7.755089
v 0.900787 1.422562 8.246950
v 0.532745 1.330651 8.504383
v 0.127968 1.355247 8.490501
v -0.204155 1.493846 8.219837
v -0.458542 1.722530 7.740795
v -0.566635 1.980700 7.005736
v -0.457718 1.928202 6.106678
v -0.261208 2.216634 5.618202
v 0.056061 2.409962 5.398903
v 0.455795 2.498439 5.358772
v 0.862518 2.460229 5.468185
v 1.193306 2.274859 5.688061
v 1.358940 2.003034 6.105493
v 1.304283 1.697896 6.675836
v 1.199417 1.409968 7.291100
v 0.952339 1.181283 7.809482
v 0.612167 1.047712 8.122984
v 0.260513 1.033628 8.181404
v -0.055702 1.143101 7.981069
v -0.329063 1.358074 7.561658
v -0.466408 1.631999 6.888782
v -0.425064 1.618943 6.003186
v -0.290474 1.928629 5.507027
v -0.017517 2.164309 5.270090
v 0.378288 2.297925 5.170879
v 0.736511 2.302478 5.225075
v 1.103645 2.162096 5.449071
v 1.327003 1.898460 5.786717
v 1.307701 1.579002 6.278435
v 1.237633 1.259909 6.844386
v 1.047409 0.990688 7.360882
v 0.753075 0.812306 7.716866
v 0.400673 0.755417 7.841572
v 0.059143 0.831410 7.716229
v -0.211823 1.026899 7.371784
v -0.390022 1.309649 6.770707
v -0.389946 1.328908 5.926164
v -0.311600 1.658142 5.434083
v -0.083588 1.935287 5.192556
v 0.275696 2.115584 5.033648
v 0.632401 2.163574 5.024090
v 0.996117 2.068360 5.222862
v 1.249962 1.829999 5.519691
v 1.339981 1.503218 5.935946
v 1.328537 1.156671 6.443100
v 1.181961 0.846787 6.939608
v 0.913605 0.621975 7.314628
v 0.569954 0.518829 7.489547
v 0.209732 0.555922 7.434784
v -0.101990 0.726580 7.157057
v -0.316315 1.002027 6.606884
v -0.345337 1.049523 5.841157
v -0.315323 1.397329 5.368566
v -0.135826 1.713669 5.121424
v 0.174385 1.940477 4.923107
v 0.533218 2.034786 4.854749
v 0.879669 1.978002 4.975689
v 1.177208 1.778333 5.276170
v 1.352203 1.456234 5.627298
v 1.399132 1.090286 6.070761
v 1.294304 0.743850 6.531558
v 1.056389 0.471984 6.911338
v 0.727158 0.319049 7.129066
v 0.362656 0.312036 7.137977
v 0.026031 0.451785 6.921631
v -0.224472 0.713093 6.452997
v -0.296707 0.770458 5.711989
v -0.313194 1.135171 5.303208
v -0.178833 1.485208 5.048260
v 0.084389 1.757775 4.805489
v 0.430847 1.900434 4.682186
v 0.794563 1.886090 4.735044
v 1.120422 1.715948 4.957197
v 1.350121 1.419589 5.300262
v 1.442825 1.044337 5.697862
v 1.382706 0.667366 6.127856
v 1.180260 0.351058 6.503971
v 0.869835 0.147683 6.747703
v 0.506500 0.091689 6.813443
v 0.151695 0.193756 6.673127
v -0.132080 0.433401 6.275899
v -0.247635 0.482760 5.586292
v -0.311249 0.863036 5.206954
v -0.220619 1.241646 4.937834
v 0.008759 1.556903 4.650341
v 0.336624 1.747463 4.475204
v 0.706787 1.779417 4.464869
v 1.054420 1.646474 4.616911
v 1.320709 1.372534 4.914097
v 1.458839 1.003323 5.290401
v 1.444786 0.605392 5.693630
v 1.280960 0.249938 6.067350
v 0.996506 -0.003791 6.336075
v 0.639778 -0.111666 6.447704
v 0.272324 -0.054636 6.383274
v -0.041328 0.156035 6.100295
v -0.198242 0.185534 5.469501
v -0.305595 0.573990 5.086339
v -0.263451 0.976674 4.771735
v -0.070229 1.328171 4.435934
v 0.238342 1.566055 4.216388
v 0.626091 1.646926 4.146638
v 1.012596 1.557065 4.237774
v 1.289520 1.311512 4.475830
v 1.450447 0.954628 4.822684
v 1.481133 0.546146 5.215239
v 1.358322 0.158310 5.590353
v 1.103500 -0.141886 5.881913
v 0.759644 -0.302591 6.038696
v 0.385704 -0.295847 6.030512
v 0.046822 -0.123102 5.856334
v -0.132103 -0.114152 5.283234
v -0.270828 0.267594 4.916719
v -0.295570 0.686524 4.528563
v -0.146568 1.070239 4.170652
v 0.152252 1.352532 3.908399
v 0.564049 1.484519 3.785938
v 1.018707 1.443201 3.824013
v 1.377052 1.235877 4.015821
v 1.491013 0.898402 4.329860
v 1.502159 0.489069 4.713542
v 1.428749 0.078740 5.101387
v 1.198616 -0.261727 5.425612
v 0.869980 -0.473393 5.628282
v 0.494804 -0.519722 5.672714
v 0.135155 -0.392642 5.550822
v -0.051216 -0.405139 5.004143
v -0.221397 -0.041074 4.666014
v -0.308014 0.382576 4.275705
v -0.217575 0.792606 3.901071
v 0.065559 1.118104 3.605972
v 0.497223 1.302772 3.439340
v 0.916435 1.314653 3.428664
v 1.369423 1.151783 3.575482
v 1.595337 0.842238 3.855926
v 1.540276 0.439569 4.223465
v 1.557655 0.013421 4.615656
v 1.428787 -0.362566 4.964458
v 1.012047 -0.623317 5.207962
v 0.606071 -0.723827 5.302107
v 0.243668 -0.646623 5.229764
v 0.014915 -0.685748 4.714104
v -0.192497 -0.346555 4.405498
v -0.320335 0.074407 4.025378
v -0.278534 0.504415 3.640444
v -0.037170 0.869078 3.316622
v 0.383636 1.099102 3.112462
v 0.800591 1.169922 3.051315
v 1.172958 1.058550 3.149367
v 1.521461 0.783569 3.392344
v 1.589149 0.394961 3.738090
v 1.586464 -0.040013 4.128367
v 1.660881 -0.446236 4.495892
v 1.274071 -0.753413 4.775906
v 0.742714 -0.908448 4.917811
v 0.352081 -0.884502 4.895853
v 0.095291 -0.956461 4.415245
v -0.175728 -0.649018 4.140901
v -0.329712 -0.238201 3.776961
v -0.323479 0.204947 3.387691
v -0.141739 0.603828 3.040379
v 0.187012 0.864046 2.811189
v 0.628029 1.004050 2.696235
v 0.967644 0.945748 2.742137
v 1.319077 0.717245 2.942087
v 1.530182 0.350097 3.260944
v 1.558395 -0.086419 3.643192
v 1.646431 -0.516852 4.023421
v 1.449173 -0.866739 4.335037
v 0.914963 -1.075605 4.522020
v 0.449997 -1.107361 4.550498
v 0.191795 -1.217260 4.108506
v -0.125328 -0.948174 3.872807
v -0.317406 -0.555521 3.530383
v -0.354797 -0.106447 3.142886
v -0.215530 0.320312 2.777447
v 0.028412 0.603643 2.534108
v 0.408066 0.809584 2.375000
v 0.831879 0.822664 2.350819
v 1.208710 0.636872 2.507974
v 1.484016 0.298526 2.795349
v 1.594048 -0.131246 3.163679
v 1.538277 -0.578635 3.550409
v 1.420670 -0.964885 3.888729
v 1.023582 -1.224968 4.117611
v 0.578751 -1.315901 4.195280
v 0.320175 -1.454684 3.798273
v -0.024033 -1.225705 3.610561
v -0.258774 -0.865859 3.298808
v -0.348183 -0.428936 2.915866
v -0.270271 0.014965 2.533022
v -0.059769 0.321029 2.255380
v 0.264687 0.578770 2.079272
v 0.721123 0.672236 2.003877
v 1.131241 0.539379 2.106459
v 1.456512 0.239678 2.355874
v 1.628792 -0.175383 2.699550
v 1.606735 -0.632796 3.083173
v 1.407906 -1.031015 3.443663
v 1.100243 -1.332712 3.709131
v 0.719170 -1.483425 3.835465
v 0.479301 -1.652046 3.478499
v 0.109825 -1.484871 3.340804
v -0.179703 -1.166252 3.071671
v -0.337097 -0.755746 2.709355
v -0.324539 -0.306325 2.327289
v -0.153000 0.037533 2.017606
v 0.121933 0.311428 1.815277
v 0.558212 0.479239 1.700843
v 1.033241 0.413048 1.755297
v 1.409676 0.166879 1.946966
v 1.674049 -0.225817 2.252663
v 1.706657 -0.669140 2.627369
v 1.535286 -1.080985 2.995256
v 1.244408 -1.406233 3.288914
v 0.880600 -1.618906 3.460433
v 0.646034 -1.826606 3.134195
v 0.225868 -1.747671 3.050354
v -0.115211 -1.458742 2.831700
v -0.336662 -1.086870 2.504673
v -0.404785 -0.646347 2.136486
v -0.280090 -0.247719 1.801573
v -0.035019 0.037173 1.577950
v 0.354332 0.251023 1.426051
v 0.853241 0.252980 1.420704
v 1.309120 0.062278 1.558251
v 1.681419 -0.283600 1.828382
v 1.827713 -0.711323 2.177509
v 1.704018 -1.128142 2.541503
v 1.425392 -1.482571 2.852938
v 1.056953 -1.728946 3.062482
v 0.836090 -2.015087 2.764557
v 0.383682 -1.981678 2.735044
v -0.022049 -1.766097 2.564276
v -0.335434 -1.433145 2.280664
v -0.484055 -1.011393 1.935761
v -0.430580 -0.581996 1.591881
v -0.219009 -0.258959 1.342318
v 0.138794 -0.016484 1.155129
v 0.622192 0.042205 1.102011
v 1.133064 -0.084082 1.188277
v 1.591309 -0.375184 1.417102
v 1.856720 -0.768962 1.733080
v 1.829170 -1.195564 2.082760
v 1.593170 -1.565582 2.402563
v 1.253166 -1.852638 2.642699
v 1.041801 -2.200590 2.368311
v 0.578339 -2.234643 2.392723
v 0.105087 -2.095159 2.275501
v -0.270042 -1.795139 2.036917
v -0.506927 -1.403310 1.717376
v -0.536194 -0.974700 1.384443
v -0.395859 -0.595225 1.091384
v -0.089447 -0.329416 0.881838
v 0.350700 -0.214332 0.791476
v 0.889221 -0.281343 0.834666
v 1.428459 -0.520801 1.011934
v 1.796730 -0.878353 1.292038
v 1.877037 -1.288726 1.621867
v 1.703415 -1.682351 1.945702
v 1.424995 -2.003126 2.209561
v 1.195427 -2.472545 1.949065
v 0.789261 -2.580295 2.009428
v 0.308380 -2.493107 1.946128
v -0.140587 -2.221783 1.754624
v -0.461250 -1.820121 1.485010
v -0.605026 -1.402174 1.159954
v -0.544952 -1.002486 0.853340
v -0.302422 -0.695243 0.616011
v 0.100700 -0.529865 0.486631
v 0.633606 -0.537338 0.487036
v 1.196983 -0.717987 0.618366
v 1.658394 -1.040687 0.859981
v 1.850410 -1.442974 1.171196
v 1.741379 -1.850653 1.496726
v 1.489517 -2.212402 1.767460
v -0.315857 17.744328 9.965286
v -1.155128 17.937542 10.539650
v -2.423508 18.006302 9.012447
v -2.121452 17.955624 7.233941
v -0.944977 17.792244 6.120663
v 0.202263 17.624168 5.707584
v 1.308769 17.564011 5.419412
v 1.661438 17.534039 5.552806
v 2.240372 17.555935 6.570568
v 2.339142 17.643917 7.318735
v 2.074730 17.654362 8.071764
v 1.626999 17.633793 8.841812
v 1.184624 17.575043 9.212515
v 0.633682 17.523491 9.589991
v 0.155121 17.614464 9.797113
v -0.471817 16.980289 9.918079
v -1.307396 17.116447 10.291964
v -2.549507 17.123814 8.924208
v -2.388397 17.041309 7.540672
v -1.348213 16.835575 6.096052
v 0.011093 16.648651 5.505877
v 0.757973 16.521385 5.393084
v 1.249344 16.414429 5.479001
v 1.680443 16.456348 6.128571
v 1.962273 16.616142 6.873171
v 1.956940 16.839481 7.701975
v 1.623863 16.958748 8.513041
v 1.042885 16.946526 9.123995
v 0.598854 16.994877 9.572193
v -0.014748 16.929802 9.840166
v -0.585342 15.975471 10.309900
v -1.390656 16.030811 10.310944
v -2.502625 16.010723 8.731260
v -2.439461 16.266022 7.798862
v -1.437233 16.313503 6.055005
v -0.362701 15.821210 5.781071
v 0.272308 15.447295 5.602656
v 0.842873 15.382434 5.657262
v 1.283348 15.387107 6.040090
v 1.636383 15.386775 6.669548
v 1.722603 15.786860 7.476687
v 1.581467 16.163807 8.273903
v 1.152649 16.196552 9.033903
v 0.646408 16.279160 9.655434
v 0.079849 16.189960 10.082340
v -0.570007 14.615340 10.649120
v -1.232285 14.436309 10.234352
v -2.088081 14.445446 8.507717
v -2.153419 14.798043 7.955813
v -1.268509 14.716498 6.924471
v -0.244072 14.310100 6.139703
v -0.001122 13.895040 6.001341
v 0.393265 13.881626 5.841201
v 0.905151 13.839389 6.041250
v 1.209137 13.906454 6.604813
v 1.335861 13.951883 7.167107
v 1.391106 14.535586 7.993321
v 1.166954 14.846971 8.903347
v 0.694405 14.806998 9.636419
v 0.282173 14.740781 10.182600
v -0.194412 13.319978 10.103876
v -0.998466 13.281097 9.946350
v -1.796082 13.430385 8.549028
v -1.086311 13.543439 8.497314
v -0.957428 13.755490 7.609790
v -0.815491 13.418075 6.866965
v -0.356804 12.966342 6.333539
v 0.182877 12.541664 6.057222
v 0.724648 12.512679 6.112539
v 1.265305 12.721184 6.498508
v 1.573044 12.936147 7.127633
v 1.410057 13.262403 7.858362
v 1.270164 13.475818 8.541834
v 0.998268 13.417521 9.168364
v 0.537025 13.413648 9.807520
v 0.767921 11.921599 9.490524
v 0.222038 11.981400 9.405165
v -0.257301 12.197759 9.018425
v -0.524010 12.434428 8.741039
v -0.572205 12.639472 7.934708
v -0.516579 12.609795 7.151985
v -0.278053 12.410726 6.488399
v 0.121506 12.162708 6.123582
v 0.637390 12.022031 6.075898
v 1.149490 12.050035 6.345216
v 1.494438 12.102285 6.829453
v 1.613693 12.221030 7.468015
v 1.628082 12.252641 8.097782
v 1.536545 12.142528 8.657936
v 1.267845 11.880292 9.164957
v 1.054237 11.256394 9.036932
v 0.546036 11.514578 8.829597
v 0.080261 11.704673 8.628132
v -0.240524 11.930992 8.186625
v -0.401527 12.146049 7.659620
v -0.386833 12.182828 7.061122
v -0.304909 12.056258 6.517029
v 0.041145 11.832918 6.148450
v 0.564735 11.602007 5.996988
v 1.080284 11.629035 6.166467
v 1.557312 11.615440 6.524367
v 1.724442 11.624797 7.081369
v 1.719383 11.644452 7.617303
v 1.737053 11.583403 8.171234
v 1.557053 11.386603 8.696730
v 1.036369 10.993424 8.612535
v 0.453545 11.109999 8.636257
v -0.084999 11.365491 8.585426
v -0.543556 11.466447 8.178770
v -0.726906 11.718738 7.678539
v -0.801567 11.754065 7.068416
v -0.579712 11.714923 6.489319
v -0.149094 11.579291 6.072753
v 0.355347 11.412045 5.901371
v 0.897484 11.326822 5.965680
v 1.415619 11.231338 6.255124
v 1.798386 11.189962 6.727166
v 1.890434 11.167650 7.251338
v 1.793007 11.153445 7.734080
v 1.529106 11.092492 8.337715
v 1.102539 10.806552 8.446732
v 0.531334 10.869964 8.615835
v -0.083122 11.016183 8.606491
v -0.599617 11.141772 8.312910
v -0.904160 11.331910 7.813197
v -0.945961 11.478181 7.231097
v -0.813507 11.438684 6.622746
v -0.447433 11.334159 6.143801
v 0.063553 11.156626 5.869074
v 0.626595 11.034208 5.834886
v 1.188866 10.963775 6.084998
v 1.662125 10.835490 6.466725
v 1.898827 10.796165 6.958375
v 1.862762 10.796488 7.512191
v 1.605507 10.795255 8.081934
v 1.130096 10.613418 8.340714
v 0.551895 10.674251 8.589329
v -0.076035 10.736274 8.616068
v -0.639771 10.857131 8.408325
v -1.006851 10.975137 7.919106
v -1.074242 11.146808 7.343141
v -1.035492 11.110507 6.708229
v -0.773727 11.103255 6.230396
v -0.277725 10.992530 5.898230
v 0.310883 10.828126 5.786828
v 0.924973 10.694159 5.932227
v 1.416321 10.627058 6.272022
v 1.729004 10.551996 6.703844
v 1.850449 10.460746 7.294303
v 1.633186 10.573919 7.930617
v 1.127403 10.331967 8.200071
v 0.570984 10.396377 8.500746
v -0.065170 10.430318 8.575832
v -0.655602 10.526250 8.422655
v -1.091728 10.613834 7.990561
v -1.238693 10.773190 7.425773
v -1.244080 10.819473 6.840125
v -1.107101 10.838254 6.303516
v -0.627007 10.786000 5.925881
v -0.016083 10.630297 5.757753
v 0.594940 10.443106 5.796205
v 1.142387 10.378347 6.095582
v 1.528191 10.299781 6.488931
v 1.783981 10.164998 7.069592
v 1.605644 10.287490 7.754065
v 1.082619 9.939688 7.978747
v 0.555893 9.996083 8.323065
v -0.066673 9.999130 8.439848
v -0.667107 10.077958 8.341173
v -1.152962 10.149325 7.979820
v -1.433243 10.280755 7.483575
v -1.550148 10.374697 6.965718
v -1.484070 10.444271 6.394457
v -1.088890 10.469906 5.941099
v -0.427132 10.376859 5.733669
v 0.192719 10.148141 5.761992
v 0.781853 9.986522 5.955184
v 1.250023 10.000054 6.295293
v 1.651848 9.862666 6.887349
v 1.419693 9.902196 7.455267
v 0.978951 9.491347 7.742057
v 0.505249 9.489999 8.118538
v -0.100395 9.452985 8.300581
v -0.705154 9.523084 8.256489
v -1.230499 9.601561 7.963817
v -1.575104 9.736177 7.507685
v -1.789375 9.822406 7.064979
v -1.810684 9.925778 6.536731
v -1.537460 10.011460 6.012436
v -0.984406 10.062652 5.735778
v -0.267525 9.855371 5.724987
v 0.279282 9.690799 5.911777
v 0.814796 9.607847 6.163185
v 1.406624 9.538261 6.750730
v 0.861931 9.504920 7.194210
v 0.345360 9.101397 7.801581
v -0.037308 9.093684 8.339405
v -0.495918 9.078051 8.650848
v -0.834007 8.880579 8.348366
v -1.259369 8.955376 8.137383
v -1.598846 9.114194 7.644656
v -1.909241 9.218672 7.326304
v -1.944038 9.348021 6.781352
v -1.854965 9.372840 6.237436
v -1.516647 9.413397 5.789947
v -0.912201 9.308734 5.760691
v -0.348267 9.179034 5.940024
v 0.127083 9.108572 6.179214
v 0.918144 9.058315 6.613664
v 0.351746 9.089841 7.199499
v 0.111526 8.583755 7.836518
v -0.146889 8.550362 8.440088
v -0.522934 8.517655 8.834187
v -0.963493 8.527822 8.910583
v -1.391411 8.541543 8.794500
v -1.730080 8.561477 8.346304
v -1.957100 8.612295 7.668726
v -2.069862 8.693158 7.042132
v -2.106186 8.764258 6.555735
v -1.868019 8.760304 6.128425
v -1.418503 8.731731 5.957255
v -1.006973 8.730617 6.000628
v -0.405586 8.682505 6.174576
v 0.652885 8.634092 6.457776
v 0.206856 8.617715 7.185246
v 0.065994 8.092761 7.802587
v -0.142097 8.048873 8.434294
v -0.491417 8.046944 8.892075
v -0.921143 8.064261 9.057814
v -1.357796 8.079579 9.037048
v -1.736252 8.075009 8.693451
v -2.066826 8.082211 8.045250
v -2.209473 8.127784 7.324217
v -2.274414 8.185878 6.803526
v -2.151306 8.283374 6.386879
v -1.769470 8.372620 6.111175
v -1.396530 8.355259 6.116329
v -0.786026 8.252410 6.239458
v 0.175629 8.204114 6.530239
v 0.096474 8.140368 7.162306
v 0.013855 7.653568 7.753369
v -0.142868 7.635135 8.394533
v -0.456017 7.632968 8.911451
v -0.871506 7.654988 9.180231
v -1.318130 7.686858 9.224262
v -1.727455 7.700336 8.991316
v -2.113899 7.691109 8.410645
v -2.308098 7.700395 7.660412
v -2.393295 7.730631 7.032992
v -2.362793 7.850120 6.615164
v -2.042625 7.899006 6.268940
v -1.558723 7.923446 6.152220
v -0.918488 7.848907 6.308577
v -0.239456 7.785752 6.605357
v -0.021317 7.724190 7.165390
v -0.045723 7.272937 7.719643
v -0.147202 7.245392 8.354219
v -0.417633 7.230412 8.905876
v -0.810486 7.227780 9.228632
v -1.258179 7.266408 9.334557
v -1.683151 7.301498 9.197868
v -2.080902 7.310612 8.724129
v -2.362549 7.318793 8.030741
v -2.456566 7.324054 7.330099
v -2.524117 7.435489 6.837908
v -2.251945 7.495629 6.466424
v -1.718018 7.492820 6.290234
v -1.097748 7.442886 6.403590
v -0.523529 7.406504 6.694647
v -0.212738 7.359211 7.159700
v -0.109940 6.900838 7.689517
v -0.154892 6.843997 8.323881
v -0.377304 6.805985 8.879873
v -0.738449 6.762355 9.226870
v -1.175331 6.793193 9.395828
v -1.631042 6.838750 9.305124
v -1.994064 6.881760 8.959383
v -2.338928 6.913648 8.354328
v -2.457375 6.908659 7.670405
v -2.600471 7.002169 7.118717
v -2.410217 7.083451 6.701900
v -1.921684 7.098932 6.464914
v -1.312805 7.077278 6.509147
v -0.746147 7.061243 6.696656
v -0.343216 7.017897 7.089677
v -0.176926 6.520548 7.638103
v -0.165817 6.426746 8.264114
v -0.336357 6.359703 8.841726
v -0.657402 6.284310 9.225267
v -1.071960 6.269284 9.424711
v -1.511795 6.311790 9.413876
v -1.916588 6.378434 9.159428
v -2.271355 6.455914 8.650431
v -2.555946 6.509707 8.043362
v -2.659218 6.551008 7.415960
v -2.550835 6.680573 6.956957
v -2.133110 6.686596 6.637350
v -1.527847 6.703821 6.620226
v -0.980865 6.708235 6.711297
v -0.503845 6.680409 7.057156
v -0.258247 6.130269 7.542759
v -0.180550 5.991924 8.111340
v -0.296822 5.883669 8.677872
v -0.571320 5.782835 9.098246
v -0.953720 5.715314 9.318748
v -1.381485 5.731440 9.367933
v -1.809387 5.801963 9.213926
v -2.183578 5.913413 8.846455
v -2.564507 5.993026 8.342892
v -2.784065 6.108079 7.775843
v -2.683533 6.230162 7.255932
v -2.315086 6.291496 6.880400
v -1.771141 6.312346 6.809186
v -1.310623 6.336272 6.836368
v -0.639458 6.319605 7.041585
v -0.341751 5.741955 7.461905
v -0.196968 5.574603 7.921504
v -0.258919 5.414203 8.446888
v -0.483650 5.270866 8.871147
v -0.828331 5.164880 9.140831
v -1.234337 5.140513 9.263088
v -1.658997 5.191934 9.194496
v -2.067513 5.304611 8.973753
v -2.492058 5.436209 8.574608
v -2.728043 5.589405 8.065241
v -2.737091 5.750621 7.551545
v -2.440948 5.871404 7.134739
v -1.862129 5.944903 6.879773
v -1.609772 5.961534 6.771321
v -0.776115 5.962412 6.989230
v -0.423401 5.354644 7.319947
v -0.211800 5.177961 7.707740
v -0.221107 4.990122 8.165863
v -0.395935 4.816276 8.594988
v -0.701653 4.666449 8.939014
v -1.085197 4.588979 9.154623
v -1.484383 4.607346 9.159794
v -1.851196 4.702239 9.001400
v -2.259041 4.859317 8.712244
v -2.586433 5.046769 8.287428
v -2.673325 5.228982 7.785546
v -2.585175 5.415202 7.176366
v -1.960747 5.517600 6.855022
v -1.868874 5.557369 6.684891
v -0.882652 5.602596 6.918590
v -0.482483 4.977148 7.072028
v -0.225357 4.789837 7.427452
v -0.182968 4.588404 7.863141
v -0.306961 4.364435 8.358658
v -0.573051 4.148962 8.799040
v -0.934517 4.010580 9.078888
v -1.331322 3.996268 9.131514
v -1.697090 4.073405 9.026747
v -2.022705 4.232043 8.774124
v -2.421761 4.439093 8.393658
v -2.579781 4.671172 7.876756
v -2.522728 4.846278 7.318662
v -1.797226 5.018562 6.904612
v -1.878960 5.130856 6.489043
v -0.977623 5.201335 6.765935
v -0.523491 4.556581 6.711040
v -0.236023 4.401913 7.143167
v -0.141785 4.180860 7.597467
v -0.214554 3.917333 8.077353
v -0.439636 3.659367 8.672226
v -0.773331 3.481187 9.001015
v -1.158714 3.425324 9.113470
v -1.559799 3.476934 8.989632
v -1.890305 3.621376 8.739225
v -2.321266 3.840937 8.345694
v -2.530113 4.090361 7.828564
v -2.485451 4.301005 7.231607
v -1.789757 4.486700 6.851840
v -1.871284 4.656054 6.383109
v -0.980835 4.829296 6.441182
v -0.531807 4.172372 6.227091
v -0.242073 4.013431 6.756207
v -0.097183 3.769155 7.305758
v -0.117500 3.498906 7.798220
v -0.300209 3.232871 8.465246
v -0.606216 3.053557 8.920719
v -0.983688 2.976674 9.092505
v -1.401909 2.991716 8.995464
v -1.740776 3.108867 8.694269
v -2.159126 3.313393 8.236879
v -2.486900 3.548280 7.690005
v -2.511162 3.811671 6.894732
v -1.808182 4.021788 6.549157
v -1.878014 4.182526 6.096698
v -1.053307 4.309969 6.015432
v -0.582916 3.778032 5.829270
v -0.244110 3.614945 6.411616
v -0.050987 3.364395 6.980465
v -0.020149 3.097687 7.498991
v -0.156754 2.857254 8.153610
v -0.438187 2.680920 8.747847
v -0.814888 2.588080 8.990738
v -1.222015 2.580155 8.943266
v -1.589104 2.670552 8.659805
v -2.034302 2.847741 8.155144
v -2.399246 3.064823 7.601214
v -2.459038 3.298446 6.684332
v -1.819847 3.548520 6.375715
v -1.900681 3.653234 5.805723
v -1.065247 3.806499 5.498167
v -0.613892 3.373379 5.637161
v -0.246178 3.234498 6.173984
v -0.006767 2.987355 6.685409
v 0.075768 2.711803 7.201508
v -0.013023 2.467023 7.874209
v -0.256775 2.282660 8.524672
v -0.613731 2.177069 8.932384
v -1.022675 2.147600 8.937685
v -1.423965 2.221537 8.668278
v -1.953987 2.375209 8.194237
v -2.331070 2.620787 7.599697
v -2.423615 2.845778 6.616898
v -1.827217 3.056543 6.254619
v -1.888260 3.214771 5.613729
v -1.056816 3.425032 5.210825
v -0.637741 2.985285 5.469450
v -0.248016 2.876581 5.945199
v 0.033722 2.641354 6.407459
v 0.167877 2.361671 6.911170
v 0.130844 2.097907 7.592609
v -0.071342 1.883911 8.301207
v -0.402435 1.744473 8.790796
v -0.806709 1.692307 8.941042
v -1.213760 1.740494 8.755695
v -1.723259 1.889359 8.314772
v -2.228561 2.088573 7.711168
v -2.407997 2.355307 6.700873
v -1.804436 2.587604 6.185293
v -1.811180 2.768084 5.425311
v -1.027878 3.032110 4.946367
v -0.652649 2.615613 5.333421
v -0.249260 2.542911 5.741481
v 0.071686 2.328927 6.160161
v 0.255440 2.050264 6.641930
v 0.262482 1.769115 7.300519
v 0.102089 1.524825 8.041552
v -0.212036 1.347173 8.593756
v -0.586929 1.266160 8.855253
v -0.979660 1.284076 8.768909
v -1.331001 1.412944 8.418188
v -1.816681 1.629150 7.850348
v -2.225281 1.888503 6.841181
v -2.083740 2.156682 6.128628
v -1.410187 2.393151 5.013269
v -1.065590 2.622185 4.821664
v -0.669693 2.269079 5.258433
v -0.266602 2.232726 5.582052
v 0.077286 2.048730 5.964460
v 0.295937 1.776835 6.401272
v 0.332474 1.480328 7.028985
v 0.200287 1.206024 7.753865
v -0.062103 0.988959 8.340664
v -0.393951 0.863393 8.661381
v -0.756401 0.853943 8.692719
v -1.098900 0.958197 8.445757
v -1.465759 1.162969 7.959550
v -1.908974 1.411489 7.226419
v -1.977242 1.710996 6.273422
v -1.348541 1.968315 4.963474
v -1.059853 2.249722 4.712379
v -0.681953 1.943575 5.241506
v -0.298393 1.944628 5.475999
v 0.052696 1.797702 5.817068
v 0.301537 1.537496 6.212665
v 0.375595 1.229973 6.790198
v 0.304558 0.928253 7.462734
v 0.101364 0.670729 8.050077
v -0.194633 0.498814 8.408073
v -0.547043 0.447832 8.523645
v -0.895973 0.525161 8.373981
v -1.184113 0.716661 8.006466
v -1.617928 0.985145 7.375978
v -1.672440 1.285282 6.415872
v -1.269455 1.549055 4.964672
v -1.029793 1.884276 4.655528
v -0.686577 1.632884 5.252443
v -0.321266 1.673956 5.403116
v 0.031914 1.567173 5.704515
v 0.308884 1.327042 6.055712
v 0.443169 1.015146 6.559063
v 0.429901 0.688197 7.168552
v 0.282364 0.391239 7.731908
v 0.013123 0.170766 8.109083
v -0.331039 0.069290 8.265978
v -0.690826 0.110925 8.214411
v -1.003433 0.284620 7.951671
v -1.250496 0.554377 7.430393
v -1.333946 0.870285 6.548903
v -1.239517 1.143126 4.969810
v -1.005020 1.526739 4.624170
v -0.682709 1.328890 5.260097
v -0.327362 1.412389 5.342637
v 0.030533 1.345109 5.586690
v 0.329987 1.136552 5.902079
v 0.518318 0.828235 6.328940
v 0.563461 0.481098 6.868574
v 0.458008 0.146574 7.390113
v 0.218849 -0.123074 7.769317
v -0.111000 -0.277575 7.953153
v -0.475601 -0.283897 7.957684
v -0.811607 -0.136683 7.789302
v -1.060913 0.128291 7.378422
v -1.180511 0.459496 6.608203
v -1.176712 0.753290 4.938316
v -0.987640 1.176865 4.586118
v -0.672226 1.019521 5.247387
v -0.327415 1.149713 5.283937
v 0.039612 1.126377 5.455945
v 0.365646 0.954163 5.722955
v 0.593773 0.657086 6.078737
v 0.685074 0.297338 6.546649
v 0.623787 -0.070052 7.019125
v 0.420059 -0.386897 7.387403
v 0.109550 -0.595400 7.599035
v -0.254807 -0.651524 7.652421
v -0.608528 -0.546238 7.542607
v -0.891998 -0.297383 7.243156
v -1.055641 0.043654 6.579307
v -1.087921 0.377739 4.835302
v -0.950813 0.833799 4.502169
v -0.655640 0.696382 5.188577
v -0.327087 0.876362 5.191989
v 0.043114 0.901298 5.294588
v 0.390633 0.767038 5.483577
v 0.655678 0.492283 5.781500
v 0.792274 0.128460 6.186739
v 0.777191 -0.265547 6.611519
v 0.612106 -0.623619 6.972709
v 0.326431 -0.878674 7.228666
v -0.030724 -0.986259 7.335911
v -0.397209 -0.927940 7.276529
v -0.710815 -0.713478 7.056913
v -0.915733 -0.380421 6.560137
v -0.977707 0.011098 5.912582
v -0.886139 0.388903 5.468053
v -0.629417 0.353481 5.170412
v -0.322884 0.585844 5.073443
v 0.041161 0.662352 5.081105
v 0.406181 0.570479 5.180165
v 0.703598 0.325050 5.425860
v 0.883362 -0.032872 5.775941
v 0.915077 -0.441185 6.174359
v 0.792847 -0.828506 6.556017
v 0.537300 -1.127841 6.853675
v 0.192871 -1.287276 7.012909
v -0.180794 -1.279275 7.004883
v -0.519791 -1.105093 6.830372
v -0.764481 -0.795113 6.507162
v -0.873138 -0.402884 5.979763
v -0.827629 0.003679 5.533351
v -0.590324 -0.003958 5.135384
v -0.290001 0.277150 4.907060
v 0.052437 0.407570 4.790354
v 0.421059 0.364750 4.830723
v 0.747421 0.156079 5.028003
v 0.965385 -0.182319 5.349765
v 1.040627 -0.591936 5.742181
v 0.960205 -1.001995 6.138141
v 0.737297 -1.341563 6.468445
v 0.411644 -1.551898 6.674211
v 0.036629 -1.596698 6.718102
v -0.321838 -1.468134 6.592206
v -0.603027 -1.188530 6.319347
v -0.757240 -0.806129 5.945977
v -0.757477 -0.387143 5.523396
v -0.532646 -0.358643 4.960806
v -0.242546 -0.034162 4.659675
v 0.079308 0.149077 4.490413
v 0.435425 0.159435 4.480837
v 0.789276 -0.004893 4.632575
v 1.119179 -0.315495 4.920650
v 1.208984 -0.718673 5.297260
v 1.122490 -1.144731 5.698586
v 0.934052 -1.519958 6.054751
v 0.627495 -1.779483 6.302651
v 0.255219 -1.878432 6.397504
v -0.118446 -1.799747 6.322052
v -0.429527 -1.556959 6.090034
v -0.619736 -1.192090 5.743348
v -0.664421 -0.768206 5.343806
v -0.471291 -0.706243 4.732829
v -0.214195 -0.342467 4.401760
v 0.090813 -0.107549 4.189291
v 0.457619 -0.042094 4.130220
v 0.842712 -0.157473 4.234354
v 1.306557 -0.433667 4.484481
v 1.538445 -0.822958 4.839515
v 1.314178 -1.258062 5.239555
v 1.131676 -1.663670 5.615585
v 0.847473 -1.969708 5.901266
v 0.482399 -2.123248 6.045199
v 0.096878 -2.097763 6.021245
v -0.240234 -1.897581 5.833760
v -0.451447 -1.557388 5.516713
v -0.536575 -1.135994 5.126993
v -0.383896 -1.046095 4.495539
v -0.197365 -0.647913 4.139946
v 0.102249 -0.363544 3.887639
v 0.487656 -0.242097 3.780373
v 0.880867 -0.304614 3.835587
v 1.346428 -0.540261 4.044232
v 1.737793 -0.908315 4.372183
v 1.593964 -1.345138 4.764515
v 1.439255 -1.775166 5.154053
v 1.144867 -2.124051 5.472547
v 0.724281 -2.331495 5.662962
v 0.322823 -2.361617 5.690713
v -0.039970 -2.209213 5.550653
v -0.286392 -1.900620 5.268336
v -0.398987 -1.489176 4.894671
v -0.291740 -1.377458 4.248857
v -0.147560 -0.950642 3.874283
v 0.145073 -0.619994 3.586304
v 0.525345 -0.442708 3.432666
v 0.927422 -0.449409 3.438484
v 1.294228 -0.638958 3.602746
v 1.659630 -0.978555 3.898702
v 1.729851 -1.409527 4.277082
v 1.684052 -1.857349 4.673759
v 1.550323 -2.244543 5.019616
v 1.094841 -2.504170 5.252985
v 0.602135 -2.591378 5.331594
v 0.186226 -2.491058 5.241159
v -0.119972 -2.220559 4.998089
v -0.273903 -1.826659 4.646473
v -0.169411 -1.701919 4.006326
v -0.054642 -1.253657 3.611572
v 0.214348 -0.882051 3.288623
v 0.586800 -0.651296 3.090299
v 0.997810 -0.601182 3.048145
v 1.360687 -0.739197 3.171193
v 1.616104 -1.040988 3.435466
v 1.741776 -1.453549 3.797256
v 1.734642 -1.907983 4.191398
v 1.731224 -2.326713 4.555504
v 1.432243 -2.632301 4.829967
v 0.943970 -2.778185 4.957485
v 0.475899 -2.737145 4.916340
v 0.109764 -2.512233 4.721375
v -0.113968 -2.146736 4.399344
v 0.015984 -2.027727 3.785549
v 0.081116 -1.574986 3.391168
v 0.293518 -1.170824 3.039661
v 0.654846 -0.886901 2.791022
v 1.088028 -0.780386 2.707535
v 1.471527 -0.861551 2.784722
v 1.742798 -1.113320 3.005317
v 1.875351 -1.493775 3.338393
v 1.879974 -1.938061 3.719044
v 1.763618 -2.372276 4.090390
v 1.570168 -2.716815 4.394656
v 1.206490 -2.914527 4.572406
v 0.764954 -2.941266 4.580399
v 0.378456 -2.772508 4.439447
v 0.112923 -2.450728 4.158294
v 0.246704 -2.353029 3.572862
v 0.230194 -1.911079 3.189358
v 0.402885 -1.486739 2.819525
v 0.752205 -1.161403 2.540977
v 1.210518 -0.997163 2.408722
v 1.622635 -1.014045 2.427055
v 1.906990 -1.208339 2.597669
v 2.052658 -1.544692 2.887255
v 2.095497 -1.965368 3.244427
v 1.991966 -2.401876 3.612205
v 1.765656 -2.778552 3.932135
v 1.423393 -3.018476 4.154109
v 1.033661 -3.109959 4.216284
v 0.671127 -3.003842 4.133411
v 0.395958 -2.737719 3.906151
v 0.508514 -2.667186 3.306025
v 0.440689 -2.246427 2.948244
v 0.565689 -1.822889 2.593721
v 0.922577 -1.469076 2.299591
v 1.375893 -1.247153 2.115263
v 1.740211 -1.198943 2.076828
v 2.033630 -1.332757 2.196488
v 2.228142 -1.615808 2.434083
v 2.327339 -2.002447 2.755864
v 2.271324 -2.429401 3.111044
v 2.102356 -2.827925 3.439762
v 1.813759 -3.112263 3.687243
v 1.429306 -3.261818 3.798250
v 1.053276 -3.219021 3.770764
v 0.729477 -3.009338 3.598930
v -1.694168 16.889099 9.103338
v -2.283936 16.778687 8.376770
v -2.100708 16.707790 6.981131
v -0.914864 16.593868 5.949504
v 1.327850 16.637672 6.053932
v 1.802795 16.964073 7.194445
v 1.421822 17.070812 8.626024
v -0.985031 16.937614 9.538212
v -1.592392 15.340697 9.163612
v -2.110313 15.203166 8.360464
v -1.910309 15.105198 7.102229
v -0.421959 14.983822 6.118940
v 0.526749 14.968554 6.055747
v 1.274406 15.185227 6.981964
v -0.374962 15.585332 8.657877
v -0.892189 15.500740 9.785425
v -1.028008 13.133701 9.622318
v -1.636955 12.980497 8.556528
v -1.464767 12.300541 7.292676
v -0.116951 11.805523 6.273044
v 0.551369 11.279331 6.297489
v 1.447464 11.965702 7.520483
v 1.064354 12.232934 8.667540
v -0.186714 12.997869 9.731455
v -1.000412 11.916826 9.543669
v -1.618141 11.586972 8.588789
v -1.353073 11.129088 7.217897
v -0.503426 10.626163 6.255273
v 0.961441 10.244691 6.408714
v 1.687981 10.853745 7.440577
v 0.958183 11.208950 8.615543
v 0.056801 11.578936 9.479925
v -0.874557 10.586391 9.212139
v -1.554008 10.286350 8.303801
v -1.691460 10.055890 7.027583
v -0.696198 9.760265 6.230200
v 0.752060 9.598811 6.527500
v 1.395958 9.819722 7.382391
v 1.069160 10.496598 8.541548
v 0.173996 10.734187 9.311804
v -0.838722 9.551100 9.368227
v -1.537193 9.338475 8.461973
v -1.416328 9.212132 7.335026
v -0.738113 9.022894 6.429986
v 0.601562 8.993968 6.657129
v 1.226845 9.180770 7.508440
v 1.093307 9.616571 8.640327
v 0.235863 9.703111 9.448723
v -0.822784 8.708830 9.765644
v -1.494659 8.506706 8.802940
v -1.491806 8.349881 7.357609
v -0.645874 8.267743 6.720300
v 0.578110 8.279235 6.912679
v 1.215912 8.484330 7.809218
v 1.085808 8.707702 9.009029
v 0.240051 8.791529 9.891342
v -0.810852 8.041497 9.874456
v -1.472046 7.910167 8.975269
v -1.463692 7.718865 7.519209
v -0.618767 7.746741 6.994853
v 0.544899 7.664803 7.146125
v 1.156540 7.788618 8.033037
v 1.031242 7.966578 9.193991
v 0.221397 8.089582 10.028620
v -0.806778 7.421321 9.874199
v -1.463303 7.385247 9.057322
v -1.447334 7.217992 7.663558
v -0.571320 7.243266 7.161907
v 0.491829 7.145760 7.248743
v 1.114960 7.237880 8.184412
v 0.988266 7.416048 9.304575
v 0.201065 7.513557 10.055559
v -0.801842 6.778589 9.817356
v -1.439407 6.805826 8.997185
v -1.450928 6.701459 7.787898
v -0.580811 6.540956 7.256906
v 0.465660 6.665133 7.358136
v 1.078629 6.703524 8.268303
v 0.961845 6.819214 9.347473
v 0.191109 6.878527 10.002680
v -0.793419 6.082831 9.708527
v -1.421455 6.159300 8.950258
v -1.476906 6.140052 7.810299
v -0.570511 6.147043 7.239258
v 0.433784 6.165682 7.339632
v 1.026581 6.132908 8.197330
v 0.913467 6.152722 9.231775
v 0.166664 6.147141 9.849670
v -0.782684 5.346251 9.375753
v -1.412041 5.459570 8.727533
v -1.541260 5.562124 7.790973
v -0.633156 5.681129 7.225826
v 0.393410 5.662810 7.204780
v 0.962814 5.557660 7.968505
v 0.848640 5.434357 8.816793
v 0.133942 5.372658 9.432566
v -0.772797 4.666349 9.026159
v -1.438911 4.800621 8.437618
v -1.560555 4.981219 7.637985
v -0.696915 5.096117 6.943706
v 0.351875 5.161694 6.946063
v 0.900131 5.005453 7.635525
v 0.788971 4.800415 8.288633
v 0.101570 4.682955 8.841665
v -0.766731 3.956990 8.768686
v -1.470337 4.138753 8.158651
v -1.573380 4.387161 7.303224
v -0.676491 4.595475 6.545901
v 0.318092 4.662156 6.590039
v 0.851059 4.455249 7.232752
v 0.750221 4.194826 7.880791
v 0.082520 4.032835 8.447212
v -0.764572 3.325114 8.489056
v -1.515923 3.579488 7.630678
v -1.436958 3.858746 6.480011
v -0.544113 4.018044 5.981761
v 0.301361 4.152239 6.156985
v 0.832207 3.889653 6.808609
v 0.741165 3.576181 7.575562
v 0.079529 3.394316 8.217676
v -0.764290 2.826123 8.058422
v -1.536278 3.089476 6.973401
v -1.361755 3.350777 5.954102
v -0.542809 3.504483 5.618641
v 0.298492 3.634332 5.787405
v 0.828529 3.334192 6.402402
v 0.737801 2.988450 7.218223
v 0.078316 2.817526 7.949596
v -0.824661 2.320215 7.644537
v -1.545486 2.565908 6.461686
v -1.326195 2.830343 5.575857
v -0.542046 3.027836 5.350837
v 0.296608 3.154081 5.474235
v 0.825325 2.827243 6.054431
v 0.734634 2.452150 6.878621
v 0.077644 2.265456 7.636518
v -0.850296 1.819890 7.312821
v -1.680992 2.090953 5.989140
v -1.280212 2.434852 5.261402
v -0.540901 2.598658 5.182508
v 0.294472 2.722921 5.240829
v 0.821869 2.377706 5.797841
v 0.731384 1.972835 6.597184
v 0.075958 1.765360 7.331382
v -0.839569 1.369009 6.868407
v -1.436134 1.670120 5.700331
v -1.168579 2.108714 4.982460
v -0.546318 2.280933 5.010355
v 0.247330 2.342425 5.097301
v 0.743698 1.985031 5.644711
v 0.643105 1.550006 6.391350
v 0.020187 1.317344 7.063933
v -0.758469 0.957814 6.437774
v -1.265152 1.290715 5.589324
v -1.135674 1.756533 4.958410
v -0.557457 1.992238 4.944634
v 0.169746 1.998235 5.012590
v 0.624283 1.631857 5.557697
v 0.523735 1.169232 6.242909
v -0.048477 0.908709 6.796776
v -0.749802 0.564501 6.075508
v -1.189560 0.926768 5.430965
v -1.120827 1.413702 4.951629
v -0.566078 1.704252 4.837802
v 0.129593 1.663595 4.913496
v 0.568817 1.284136 5.431500
v 0.493202 0.802578 6.083056
v -0.052849 0.515467 6.494988
v -0.748756 0.157861 5.787868
v -1.190636 0.544795 5.253809
v -1.134476 1.046063 4.892091
v -0.566811 1.360143 4.628202
v 0.127449 1.306666 4.713320
v 0.565987 0.913842 5.197623
v 0.490677 0.415926 5.822465
v -0.053848 0.105607 6.171842
v -0.747078 -0.278198 5.644165
v -1.198441 0.125069 5.152081
v -1.143478 0.639531 4.663467
v -0.559044 0.963787 4.299536
v 0.147408 0.907971 4.363849
v 0.574242 0.504801 4.826458
v 0.491814 -0.009437 5.420411
v -0.054955 -0.333828 5.799174
v -0.735786 -0.716316 5.303565
v -1.212341 -0.306390 4.842815
v -1.112587 0.216636 4.260252
v -0.532242 0.546408 3.896027
v 0.206123 0.489789 3.958448
v 0.607864 0.079859 4.411948
v 0.515633 -0.443171 4.996119
v 0.003006 -0.772942 5.367575
v -0.697060 -1.147088 4.863378
v -1.137451 -0.752798 4.425980
v -1.024292 -0.184286 3.823074
v -0.466942 0.133185 3.481900
v 0.262314 0.075728 3.543114
v 0.683914 -0.339847 3.988215
v 0.587074 -0.870146 4.561590
v 0.082481 -1.204536 4.926189
v -0.624367 -1.570194 4.415152
v -1.041367 -1.167048 3.977515
v -0.928917 -0.596669 3.392777
v -0.354843 -0.276325 3.058143
v 0.387917 -0.335213 3.118292
v 0.801575 -0.753571 3.555494
v 0.678963 -1.290021 4.118683
v 0.102348 -1.628295 4.476847
v -0.509552 -1.989881 3.957970
v -0.924568 -1.561936 3.509470
v -0.811882 -1.030159 2.968974
v -0.207375 -0.695658 2.623994
v 0.582024 -0.756303 2.683103
v 0.994003 -1.173510 3.112773
v 0.830292 -1.708686 3.666469
v 0.225563 -2.048519 4.018631
v -0.325691 -2.417522 3.493378
v -0.767227 -1.973723 3.050981
v -0.728333 -1.457616 2.520564
v -0.082222 -1.125446 2.181139
v 0.873543 -1.186809 2.239276
v 1.287872 -1.602524 2.661958
v 1.063789 -2.136837 3.206602
v 0.427429 -2.476839 3.553064
v -0.129265 -2.860201 3.012986
v -0.593307 -2.410033 2.535279
v -0.616684 -1.885605 2.054187
v 0.221970 -1.561647 1.730362
v 1.249962 -1.624002 1.787547
v 1.538132 -2.038167 2.203583
v 1.339371 -2.578614 2.733778
v 0.707512 -2.926744 3.062407
v 1.471291 3.868371 8.463636
v 1.431641 3.859735 8.089916
v 1.327782 3.600273 7.808234
v 1.503922 3.625230 8.709620
v 1.394112 3.277864 8.736313
v 1.138748 2.655356 7.715561
v 1.102974 2.863797 7.517813
v 1.183006 2.717255 8.139252
v 1.163376 3.892350 8.452978
v 1.127037 3.875868 8.081039
v 1.151566 3.441732 8.279724
v 1.105499 3.600335 7.829443
v 1.193207 3.640125 8.727383
v 1.199051 3.266943 8.743513
v 1.141335 2.943344 8.075279
v 1.110893 3.195585 7.800885
v 1.177505 2.959842 8.447262
v 0.819939 -0.001763 5.759447
v 0.927437 0.093171 6.322312
v 0.616165 0.056798 6.870120
v 0.047844 -0.093894 7.100006
v -0.464485 -0.274954 6.895258
v -0.601479 -0.376176 6.358618
v -0.260315 -0.333543 5.784688
v 0.337555 -0.176541 5.528569
v 1.283615 -1.046710 5.860590
v 1.261139 -0.813303 6.407290
v 0.903503 -0.783285 6.950575
v 0.378426 -1.001055 7.187850
v -0.019302 -1.323754 7.012484
v -0.014343 -1.533788 6.519527
v 0.417122 -1.507239 5.954743
v 0.947853 -1.329288 5.669211
v 1.576805 -1.395000 6.020043
v 1.543625 -1.162521 6.506001
v 1.174339 -1.154242 7.049457
v 0.683746 -1.344554 7.264440
v 0.375473 -1.668201 7.118496
v 0.394295 -1.851554 6.630146
v 0.736519 -1.852702 6.108934
v 1.259583 -1.670776 5.871368
v 1.975800 -1.638741 6.347474
v 1.944824 -1.387482 6.729985
v 1.597488 -1.372108 7.203876
v 1.133133 -1.580932 7.428462
v 0.838463 -1.902258 7.284130
v 0.888275 -2.159420 6.891019
v 1.217918 -2.195543 6.473101
v 1.659309 -1.977043 6.252647
v 2.186890 -1.834570 6.670758
v 2.174095 -1.551617 6.972130
v 1.901794 -1.526141 7.403967
v 1.448463 -1.682055 7.592052
v 1.199661 -2.001770 7.487707
v 1.296448 -2.281770 7.192914
v 1.612686 -2.367194 6.875167
v 1.952011 -2.184976 6.653457
v 2.462616 -2.236958 7.071031
v 2.535187 -2.023267 7.424226
v 2.334885 -1.998811 7.780556
v 1.977028 -2.141985 7.917887
v 1.685555 -2.355026 7.762163
v 1.634109 -2.531983 7.417984
v 1.832169 -2.590274 7.069818
v 2.168716 -2.483334 6.922853
v 2.736626 -2.880367 7.403514
v 2.795204 -2.835372 7.689288
v 2.664131 -2.850125 7.947992
v 2.397797 -2.919928 8.040878
v 2.137367 -3.007871 7.933590
v 2.056152 -3.058583 7.676820
v 2.219070 -3.038085 7.399593
v 2.508034 -2.962581 7.277771
v 2.990326 -4.119489 7.470411
v 3.060020 -4.162016 7.707605
v 2.976677 -4.189923 7.921777
v 2.763809 -4.189144 8.013474
v 2.521126 -4.162439 7.955009
v 2.416641 -4.123182 7.754713
v 2.535583 -4.092016 7.503641
v 2.783821 -4.089554 7.375046
v 2.089226 -8.897756 6.952440
v 2.064293 -8.882379 6.866947
v 2.059525 -8.907755 7.029637
v 1.982422 -8.907519 7.062707
v 1.894966 -8.897844 7.041635
v 1.857063 -8.883750 6.969401
v 1.900261 -8.872458 6.878944
v 1.989670 -8.871592 6.832541
v -2.159576 2.231541 7.425638
v -2.309898 2.858749 6.664930
v -1.376343 3.301394 6.001148
v -0.125320 3.305706 5.802390
v 0.847633 2.912482 6.169662
v 0.936485 2.327937 6.905056
v 0.032082 1.871840 7.598134
v -1.208862 1.822988 7.821903
v -3.115456 -0.955558 5.695387
v -3.404076 0.341826 5.173402
v -2.871620 1.193617 4.617702
v -1.722252 0.845463 4.409543
v -0.658974 -0.192961 4.592848
v -0.432793 -1.239390 5.086595
v -1.115608 -1.820293 5.642105
v -2.014481 -1.764747 5.868006
v -3.070541 -1.573809 5.167479
v -3.318474 -0.268965 4.711121
v -2.779091 0.631361 4.069638
v -1.760040 0.287271 3.859920
v -0.955940 -0.711659 3.917818
v -0.829132 -1.632981 4.395204
v -1.358459 -2.208572 4.914914
v -2.302223 -2.221765 5.185099
v -3.742661 -1.554217 4.187626
v -3.475594 -0.703704 3.886353
v -2.784332 0.134923 3.488012
v -1.775208 -0.058584 3.382863
v -1.086784 -0.958285 3.495943
v -1.738319 -2.570739 3.834191
v -2.524788 -3.093871 4.100740
v -3.308487 -2.797930 4.312470
v -3.977150 -1.989130 3.454020
v -3.667358 -0.821400 3.209068
v -2.850243 -0.362345 2.762509
v -2.103569 -0.598074 2.705522
v -1.657883 -1.726528 2.812562
v -2.144218 -2.943588 2.973301
v -3.022491 -3.444717 3.129388
v -3.699600 -3.153759 3.399474
v -4.626442 -2.135345 3.061423
v -4.449905 -1.471227 2.567116
v -3.889748 -1.305530 2.075551
v -3.246086 -1.722827 1.941314
v -2.872055 -2.358883 2.203817
v -3.024429 -2.908862 2.687866
v -3.603859 -3.135555 3.139676
v -4.275253 -2.858153 3.292821
v -6.163315 -3.641616 2.147081
v -6.239059 -3.407409 1.696104
v -5.960411 -3.391547 1.309091
v -5.420509 -3.633224 1.193187
v -4.872795 -3.984919 1.372252
v -4.768494 -4.226747 1.781704
v -5.204247 -4.211637 2.218410
v -5.766884 -3.976460 2.379762
v -6.976593 -5.669083 1.667699
v -7.039062 -5.541517 1.209032
v -6.771164 -5.590847 0.864903
v -6.280014 -5.811633 0.806867
v -5.755829 -6.096497 1.025478
v -5.618362 -6.257053 1.440344
v -6.018440 -6.176142 1.844334
v -6.584244 -5.922382 1.946191
v -6.612167 -9.989923 1.115504
v -6.677956 -10.027336 1.479712
v -6.359901 -9.953119 0.885507
v -6.018105 -9.933648 0.906761
v -5.736000 -9.938219 1.149027
v -5.729156 -9.968826 1.488110
v -6.053299 -10.012403 1.743235
v -6.467064 -10.038655 1.747110
v -5.279419 -13.391555 2.055141
v -5.296860 -13.390681 2.243139
v -5.168388 -13.352061 1.926214
v -5.006989 -13.286422 1.920298
v -4.866158 -13.224088 2.029556
v -4.851730 -13.210497 2.201252
v -4.994667 -13.262722 2.346477
v -5.188858 -13.341080 2.368584
v 5.413658 -2.065549 5.047295
v 5.552261 -1.675812 5.150291
v 5.742226 -1.547539 5.372711
v 5.790329 -1.752525 5.609093
v 5.697807 -2.168019 5.708974
v 5.560768 -2.571117 5.602186
v 5.457352 -2.738837 5.348229
v 5.372620 -2.508964 5.136779
v 5.932236 -2.123216 4.560755
v 6.027863 -1.789714 4.668475
v 6.260696 -1.683296 4.922061
v 6.295120 -1.835143 5.256770
v 6.284248 -2.182694 5.348533
v 6.230789 -2.496604 5.171056
v 6.132988 -2.608287 4.885448
v 6.000130 -2.465985 4.651700
v 6.564301 -2.327786 4.137888
v 6.782257 -2.055614 4.167940
v 6.997803 -1.975362 4.387949
v 7.055824 -2.109198 4.670935
v 6.923790 -2.360238 4.840020
v 6.703568 -2.590364 4.794355
v 6.511070 -2.690317 4.578301
v 6.457497 -2.599895 4.308704
v 7.450600 -2.948824 3.723065
v 7.705521 -2.779823 3.722692
v 7.903053 -2.691014 3.910620
v 7.932793 -2.743833 4.190659
v 7.790062 -2.898905 4.409776
v 7.553864 -3.056691 4.421422
v 7.354012 -3.133620 4.209250
v 7.306923 -3.092323 3.916009
v 8.806648 -5.815127 3.273216
v 8.899490 -5.765990 3.268756
v 8.960388 -5.741624 3.313832
v 8.959053 -5.756716 3.391850
v 8.900406 -5.800808 3.467482
v 8.813858 -5.847585 3.486115
v 8.745377 -5.871575 3.426883
v 8.740555 -5.858993 3.334528
v 9.445381 -6.764080 3.319484
v 9.395630 -6.790380 3.321802
v 9.477737 -6.751078 3.343471
v 9.476776 -6.759168 3.385149
v 9.445686 -6.782693 3.425514
v 9.399551 -6.807658 3.435483
v 9.362862 -6.820521 3.403839
v 9.360275 -6.813796 3.354529
v 6.668155 -8.474963 -1.897146
v 5.502854 -8.282970 -3.483525
v 3.698370 -8.181297 -4.264437
v 1.738636 -8.179766 -5.977659
v 0.532368 -8.278547 -7.810674
v -1.360677 -8.467870 -8.027468
v -3.353070 -8.729340 -6.478451
v -3.869485 -9.037185 -4.127728
v -6.066616 -9.361938 -2.980564
v -6.627909 -9.670760 -0.837692
v -5.350098 -9.934338 2.672595
v -5.468474 -10.126388 5.032944
v -4.720530 -10.227998 7.693214
v -2.625712 -10.229739 8.896572
v -0.649058 -10.130830 8.375216
v 1.425432 -9.941545 8.049665
v 4.083536 -9.679971 7.671259
v 5.115969 -9.371751 4.741952
v 4.916108 -9.047510 2.662413
v 7.112714 -8.738444 0.372860
v 0.927586 0.624527 4.119026
v 0.811974 0.662119 3.678793
v 0.428650 0.646379 3.034202
v -0.065842 0.582441 2.603191
v -0.617386 0.477753 2.428001
v -1.191109 0.338320 2.525816
v -1.755127 0.172390 2.886970
v -2.208900 0.006241 3.476233
v -2.455612 -0.131933 4.235904
v -2.552282 -0.252114 4.743490
v -1.651611 -0.864267 5.018242
v -1.381979 -0.900167 5.799828
v -1.916725 -0.356123 6.764615
v -1.078067 -0.292637 6.452547
v -0.864693 -0.186127 7.370785
v -0.293991 -0.047385 7.272969
v 0.233673 0.110465 6.911891
v 0.665047 0.271501 6.322623
v 0.957382 0.419945 5.563020
v 1.084427 0.541793 4.707404
v -0.745377 0.144810 4.582213
v 0.572380 0.551954 6.726488
v 0.245789 0.643937 7.330874
v -0.463715 0.682037 7.581306
v -1.173225 0.643937 7.330874
v -1.500053 0.551954 6.726488
v -1.221443 0.459970 6.122015
v -0.463715 0.421860 5.871677
v 0.293182 0.459970 6.122016
v 0.958145 -1.177941 7.106695
v 0.434868 -0.808069 7.770537
v -0.519112 -0.643492 8.057302
v -1.167786 -0.808069 7.770537
v -1.773392 -1.177941 7.106695
v -1.317764 -1.506275 6.493548
v -0.243271 -1.608118 6.265986
v 0.698296 -1.506275 6.493548
v 1.047882 -1.795708 7.519373
v 0.574036 -1.424788 8.100931
v -0.399551 -1.289536 8.372013
v -1.098717 -1.423575 8.104002
v -1.511795 -1.822107 7.558563
v -1.039330 -2.113986 6.969424
v -0.118141 -2.229635 6.698873
v 0.768028 -2.118886 6.976470
v 1.114120 -2.284689 8.254339
v 0.752579 -1.887598 8.720619
v -0.123459 -1.749341 8.933132
v -0.935509 -1.919425 8.693880
v -1.205368 -2.318711 8.169428
v -0.811913 -2.730886 7.708785
v -0.018616 -2.894283 7.540276
v 0.765114 -2.702280 7.763214
v 0.980995 -2.642821 8.806479
v 0.729195 -2.204257 9.201502
v -0.014954 -2.074581 9.441328
v -0.764183 -2.168304 9.180603
v -1.021950 -2.578674 8.749119
v -0.680084 -3.038602 8.445993
v -0.014954 -3.271325 8.372444
v 0.642990 -3.102777 8.484865
v 0.792992 -3.333635 9.473927
v 0.570229 -3.026016 10.001406
v -0.014954 -2.921453 10.224655
v -0.600182 -3.026016 10.001406
v -0.828758 -3.261829 9.487476
v -0.581818 -3.520154 8.998936
v -0.014954 -3.675404 8.776838
v 0.545906 -3.619355 8.960270
v 0.613060 -4.391285 10.013990
v 0.401367 -4.336732 10.416260
v -0.014954 -4.314523 10.585907
v -0.432053 -4.336732 10.416264
v -0.643738 -4.391285 10.013990
v -0.488144 -4.447176 9.622438
v -0.014954 -4.470705 9.463409
v 0.458176 -4.447176 9.622438
v 0.508583 -6.306807 10.076674
v 0.315651 -6.446576 10.383883
v -0.014954 -6.504419 10.511137
v -0.346275 -6.446576 10.383883
v -0.539268 -6.306807 10.076674
v -0.425583 -6.167059 9.769493
v -0.014954 -6.109191 9.642229
v 0.395615 -6.167059 9.769493
v 0.060249 -11.214125 8.152266
v 0.104706 -11.182213 8.082037
v -0.014954 -11.227368 8.181351
v -0.090736 -11.214125 8.152266
v -0.134895 -11.182213 8.082037
v -0.109276 -11.150302 8.011845
v -0.014954 -11.137048 7.982785
v 0.078575 -11.150302 8.011845
v -0.982101 -0.646218 4.967594
v -0.537460 -0.198717 5.462943
v -1.403419 -0.758381 6.746222
v -1.802139 -1.167822 6.310089
v -1.821762 -1.262992 5.555391
v -1.490219 -1.079866 4.991370
v 1.252838 -2.417571 4.918596
v -0.013374 -0.729926 5.458958
v 0.013374 -0.601434 6.135334
v -0.324821 -0.803121 6.598885
v -0.747559 -1.276744 6.660465
v 0.108315 -2.932565 6.288922
v 0.094482 -3.255837 5.525108
v 0.567299 -3.005891 4.925613
v 2.197929 -3.028118 5.240758
v 2.391006 -2.528652 5.559834
v 2.402725 -2.377642 6.121039
v 2.124657 -2.624569 6.537298
v 1.761086 -3.134086 6.580655
v 1.567451 -3.652970 6.257432
v 1.653496 -3.894724 5.749191
v 1.882011 -3.596031 5.328525
v 3.084206 -3.409040 5.422628
v 3.267426 -2.837456 5.678446
v 3.355415 -2.674139 6.230167
v 2.955696 -2.848667 6.641530
v 2.659943 -3.419332 6.706355
v 2.619980 -3.996838 6.416236
v 2.743568 -4.237254 5.970788
v 2.896317 -4.005380 5.570385
v 4.097763 -4.033949 5.593071
v 4.531982 -3.595566 5.920084
v 4.616936 -3.460053 6.478878
v 4.287155 -3.658007 6.914862
v 3.762413 -4.043386 6.961676
v 3.375000 -4.410748 6.616370
v 3.296791 -4.584076 6.086523
v 3.585167 -4.460360 5.668444
v 5.129677 -5.311269 6.074989
v 5.468735 -5.164997 6.325965
v 5.540710 -5.065720 6.727088
v 5.290413 -5.083051 7.062547
v 4.872154 -5.197015 7.160754
v 4.546661 -5.331565 6.940797
v 4.499916 -5.419150 6.511087
v 4.739388 -5.414984 6.144007
v 5.968872 -11.967198 7.001470
v 6.096657 -11.931071 7.091176
v 6.130409 -11.906831 7.204350
v 6.047371 -11.908792 7.291731
v 5.891243 -11.932549 7.318351
v 5.758331 -11.964130 7.251511
v 5.730629 -11.988703 7.114762
v 5.819351 -11.991584 7.004549
v -1.181740 -2.527677 7.049267
v -1.712234 -2.165300 7.513237
v -2.865067 -2.321582 6.347193
v -2.390671 -2.635697 5.907628
v -1.650772 -2.800025 5.975903
v -1.141602 -2.783506 6.421623
v -1.576401 -4.809708 8.277029
v -2.105621 -4.135200 8.610176
v -2.775269 -3.925418 8.606106
v -3.182106 -4.053331 8.146675
v -3.195595 -4.439396 7.592629
v -2.792824 -4.955376 7.097869
v -2.058044 -5.349647 7.099001
v -1.538216 -5.301371 7.685415
v -2.239319 -5.532710 9.204756
v -2.555023 -4.891093 9.520607
v -3.106339 -4.618928 9.487116
v -3.477692 -4.866248 9.084442
v -3.481506 -5.428829 8.550117
v -3.158493 -6.031637 8.233715
v -2.691872 -6.387272 8.306860
v -2.302132 -6.137470 8.689236
v -2.674789 -5.929152 9.932510
v -2.935890 -5.259606 10.218271
v -3.499611 -4.978135 10.263483
v -3.824745 -5.113830 9.771431
v -3.858002 -5.721521 9.331726
v -3.604713 -6.438279 9.140965
v -3.208321 -6.817266 9.235119
v -2.825867 -6.610424 9.524248
v -3.118431 -6.760113 10.714380
v -3.514038 -6.294848 11.248899
v -4.080780 -6.090470 11.306755
v -4.454933 -6.178839 10.857191
v -4.409637 -6.512115 10.200861
v -4.002655 -6.940942 9.730362
v -3.467789 -7.234451 9.657671
v -3.106125 -7.191207 10.041986
v -3.869705 -8.372796 11.121069
v -4.149757 -8.177114 11.505337
v -4.536125 -7.974563 11.589050
v -4.826408 -7.929423 11.291367
v -4.866982 -7.999854 10.811180
v -4.616425 -8.156592 10.448221
v -4.204277 -8.335587 10.403555
v -3.885536 -8.427820 10.680477
v -4.894051 -14.099631 8.670269
v -5.006226 -14.138824 8.779465
v -5.125793 -14.152524 8.793638
v -5.197540 -14.130505 8.699228
v -5.196564 -14.087008 8.543428
v -5.105843 -14.048076 8.424536
v -4.964630 -14.036155 8.419491
v -4.870056 -14.058438 8.523508
v -2.729721 -2.182584 7.076536
v -2.293213 -2.084394 7.555949
v -4.808556 -10.731229 10.716351
v -4.591209 -10.686139 10.477346
v -4.578758 -10.570802 10.201733
v -4.793007 -10.439762 10.036184
v -5.088783 -10.381949 10.071564
v -5.277939 -10.431970 10.306000
v -5.267639 -10.554399 10.604666
v -5.081299 -10.677346 10.775057
v 2.310524 -2.659204 2.881181
v 4.803376 -3.538394 0.149085
v 5.535058 -5.413902 2.002926
v 4.082765 -3.129070 3.074343
v 4.245239 -6.100636 3.441652
v 3.254684 -3.566287 4.202887
v 3.964816 -6.616966 6.013327
v 2.818219 -4.102837 6.519579
v 3.475792 -7.204698 8.239599
v 2.510922 -4.543265 8.203033
v 1.333626 -7.632604 8.941484
v 0.927100 -4.854434 8.987877
v -0.778669 -7.926599 8.454170
v -0.862329 -5.121337 8.254997
v -2.442654 -8.091981 9.086893
v -2.056622 -5.296633 8.635048
v -4.502077 -7.989094 8.255938
v -3.837831 -5.235443 8.215229
v -5.586993 -7.723476 6.046135
v -4.496541 -5.183515 6.536121
v -5.271471 -7.378746 3.196070
v -4.344298 -5.008276 3.891817
v -6.575070 -6.809223 0.808691
v -5.722588 -4.398468 2.229299
v -5.914363 -6.153256 -0.818789
v -5.166372 -3.959615 0.861642
v -4.012516 -5.892577 -3.187646
v -3.702730 -3.494066 -1.479889
v -3.454272 -5.402656 -5.481106
v -3.187509 -3.142514 -3.601173
v -1.542739 -4.905109 -6.635040
v -1.542334 -2.784261 -4.557525
v 0.353734 -4.490480 -5.787861
v 0.118069 -2.474029 -3.649789
v 2.129578 -4.745354 -5.812627
v 1.826769 -2.300740 -4.002903
v 3.417593 -4.608800 -3.566868
v 2.253847 -2.235879 -2.558013
v 3.755013 -3.567171 -1.847691
v 1.533456 -1.825884 1.016430
v 2.632444 -1.979174 1.369886
v 3.020989 -2.271129 1.451577
v 2.466659 -2.071968 0.736245
v 1.921990 -2.242544 1.948806
v 2.460760 -2.358179 0.052285
v 3.435314 -2.744886 -0.861216
v 2.329770 -2.289917 -0.082734
v 3.408015 -2.669068 1.202902
v 3.242485 -3.098798 1.848029
v 4.065053 -2.934335 -0.138278
v 3.865262 -3.048074 -0.780492
v 4.279195 -3.836592 -0.849303
v 4.671947 -1.474983 -0.649061
v 4.151531 -1.317109 -1.092437
v 4.448509 -1.182803 -0.712071
v 3.997802 -2.042668 -1.615367
v 3.909192 -1.636950 -1.485115
v 4.573454 -2.213820 -1.182960
v 4.786047 -1.900171 -0.784488
v 4.246730 -2.354320 -1.557533
v 6.238670 -1.629239 -2.217907
v 5.893137 -1.425591 -2.468263
v 6.248861 -1.444081 -2.356992
v 5.697822 -1.908482 -2.755911
v 5.816182 -1.667478 -2.787394
v 5.901240 -2.061017 -2.372964
v 6.124749 -1.888973 -2.180354
v 5.692072 -2.112370 -2.610759
v 7.128502 -2.078406 -3.013991
v 7.010604 -1.965016 -3.205027
v 7.148306 -1.970088 -3.089928
v 6.737716 -2.130599 -3.267590
v 6.835677 -2.011839 -3.292805
v 6.863676 -2.263060 -3.075379
v 7.030765 -2.208522 -2.986208
v 6.718135 -2.250277 -3.189086
v 7.668202 -2.653947 -3.973074
v 7.591990 -2.665624 -4.024729
v 7.620804 -2.608362 -4.049880
v 7.676165 -2.610399 -4.003607
v 7.511094 -2.674929 -4.075029
v 7.550478 -2.627185 -4.085168
v 7.561734 -2.728185 -3.997756
v 7.628908 -2.706256 -3.961907
v 7.503222 -2.723043 -4.043468
v 5.661515 -1.572413 -1.639970
v 5.585640 -1.347830 -1.751029
v 5.436455 -1.449920 -2.243384
v 5.113677 -1.656232 -2.307655
v 5.071561 -1.957913 -2.335752
v 5.159632 -2.201500 -2.222767
v 5.412105 -2.117306 -1.934585
v 5.631593 -1.893097 -1.666139
v 5.548155 -1.058890 -2.824286
v 5.377176 -1.162649 -2.919872
v 5.813633 -1.106034 -2.842189
v 5.792517 -1.346909 -2.999700
v 5.613204 -1.209187 -3.393567
v 5.514146 -1.329717 -3.443132
v 5.812457 -1.199858 -3.387683
v 5.847094 -1.401888 -3.445991
v 5.972857 -1.018327 -3.744014
v 5.950162 -1.047350 -3.763347
v 6.019224 -1.021071 -3.723634
v 6.025798 -1.074338 -3.730948
v 6.040292 -8.371518 -2.751885
v 0.856542 0.647628 3.848502
v -2.614449 -3.658096 -6.510597
v -2.546426 -3.927470 -6.335342
v -2.285609 -3.999265 -6.257322
v -1.926807 -3.752899 -6.341915
v -1.716668 -3.400893 -6.515252
v -1.850428 -3.237968 -6.659308
v -2.187223 -3.233478 -6.715257
v -2.507908 -3.438224 -6.656881
v -3.110160 -3.029345 -5.213147
v -3.079579 -3.110166 -4.902624
v -2.898206 -3.445076 -6.040661
v -2.722751 -3.834171 -5.882950
v -4.056743 -5.065184 -6.297440
v -3.774295 -5.333107 -6.304462
v -4.048071 -4.814048 -6.705253
v -3.722706 -5.092332 -6.632321
v -4.897570 -5.430635 -7.549726
v -4.818743 -5.511210 -7.583124
v -4.897661 -5.347555 -7.609979
v -4.790965 -5.405807 -7.641823
vt 0.086883 0.492361
vt 0.028962 0.513658
vt 0.028962 0.513658
vt 0.086883 0.492361
vt 0.001892 0.376377
vt 0.001892 0.376377
vt 0.064572 0.377273
vt 0.064572 0.377273
vt 0.101445 0.960957
vt 0.025979 0.923905
vt 0.081283 0.751449
vt 0.159255 0.754399
vt 0.907808 0.933503
vt 0.813165 0.918156
vt 0.817607 0.760276
vt 0.915544 0.761047
vt 0.718522 0.933503
vt 0.725551 0.761047
vt 0.441811 0.923905
vt 0.366344 0.960957
vt 0.308535 0.754399
vt 0.386507 0.751449
vt 0.290878 0.998008
vt 0.237220 0.758526
vt 0.709935 0.951664
vt 0.608919 0.967011
vt 0.576192 0.715830
vt 0.686494 0.712181
vt 0.507904 0.951664
vt 0.479532 0.712181
vt 0.176912 0.998008
vt 0.230569 0.758526
vt 0.084736 0.665490
vt 0.155516 0.663123
vt 0.829897 0.672213
vt 0.929791 0.675088
vt 0.744971 0.675328
vt 0.314336 0.657860
vt 0.382956 0.665730
vt 0.247058 0.664317
vt 0.563307 0.622880
vt 0.657872 0.617972
vt 0.472363 0.617013
vt 0.220375 0.663357
vt 0.054593 0.577473
vt 0.116603 0.565062
vt 0.858200 0.588220
vt 0.948115 0.587072
vt 0.774874 0.585402
vt 0.341912 0.566843
vt 0.409163 0.575804
vt 0.279602 0.552481
vt 0.553097 0.499553
vt 0.634562 0.506137
vt 0.472682 0.505713
vt 0.181885 0.552057
vt 0.028962 0.513658
vt 0.086883 0.492361
vt 0.869326 0.521771
vt 0.945763 0.523256
vt 0.792454 0.528371
vt 0.379238 0.502757
vt 0.438887 0.518773
vt 0.328280 0.473396
vt 0.552758 0.407151
vt 0.621015 0.427052
vt 0.485184 0.417825
vt 0.139475 0.464170
vt 0.001892 0.376377
vt 0.064572 0.377273
vt 0.869326 0.382888
vt 0.929399 0.385975
vt 0.809254 0.385975
vt 0.408204 0.383991
vt 0.465897 0.376377
vt 0.351556 0.387628
vt 0.552758 0.338949
vt 0.610905 0.341284
vt 0.495132 0.333265
vt 0.124876 0.379609
vt 0.034531 0.211850
vt 0.072830 0.231532
vt 0.869326 0.213066
vt 0.912110 0.221449
vt 0.826543 0.221449
vt 0.394960 0.231532
vt 0.433259 0.211850
vt 0.357536 0.250394
vt 0.552758 0.211624
vt 0.601328 0.204049
vt 0.504187 0.204049
vt 0.110254 0.250394
vt 0.139361 0.001992
vt 0.168107 0.025164
vt 0.869326 0.001992
vt 0.903287 0.011590
vt 0.835366 0.011590
vt 0.299683 0.025164
vt 0.328428 0.001992
vt 0.270938 0.048336
vt 0.552758 0.011590
vt 0.594909 0.001992
vt 0.510607 0.001992
vt 0.196852 0.048336
vt 0.168107 0.025164
vt 0.139361 0.001992
vt 0.139361 0.001992
vt 0.903287 0.011590
vt 0.869326 0.001992
vt 0.869326 0.001992
vt 0.869326 0.001992
vt 0.835366 0.011590
vt 0.835366 0.011590
vt 0.328428 0.001992
vt 0.299683 0.025164
vt 0.299683 0.025164
vt 0.299683 0.025164
vt 0.270938 0.048336
vt 0.270938 0.048336
vt 0.594909 0.001992
vt 0.552758 0.011590
vt 0.552758 0.011590
vt 0.552758 0.011590
vt 0.510607 0.001992
vt 0.510607 0.001992
vt 0.196852 0.048336
vt 0.168107 0.025164
vt 0.168107 0.025164
vt 0.139361 0.001992
vt 0.139361 0.001992
vt 0.139361 0.001992
vt 0.139361 0.001992
vt 0.869326 0.001992
vt 0.869326 0.001992
vt 0.869326 0.001992
vt 0.869326 0.001992
vt 0.835366 0.011590
vt 0.835366 0.011590
vt 0.835366 0.011590
vt 0.835366 0.011590
vt 0.299683 0.025164
vt 0.299683 0.025164
vt 0.299683 0.025164
vt 0.299683 0.025164
vt 0.270938 0.048336
vt 0.270938 0.048336
vt 0.270938 0.048336
vt 0.270938 0.048336
vt 0.552758 0.011590
vt 0.552758 0.011590
vt 0.552758 0.011590
vt 0.552758 0.011590
vt 0.510607 0.001992
vt 0.510607 0.001992
vt 0.510607 0.001992
vt 0.510607 0.001992
vt 0.168107 0.025164
vt 0.168107 0.025164
vt 0.168107 0.025164
vt 0.168107 0.025164
vt 0.101445 0.960957
vt 0.025979 0.923905
vt 0.081283 0.751449
vt 0.159255 0.754399
vt 0.907808 0.933503
vt 0.813165 0.918156
vt 0.817607 0.760276
vt 0.915544 0.761047
vt 0.718522 0.933503
vt 0.725551 0.761047
vt 0.441811 0.923905
vt 0.366344 0.960957
vt 0.308535 0.754399
vt 0.386507 0.751449
vt 0.290878 0.998008
vt 0.237220 0.758526
vt 0.709935 0.951664
vt 0.608919 0.967011
vt 0.576192 0.715830
vt 0.686494 0.712181
vt 0.507904 0.951664
vt 0.479532 0.712181
vt 0.176912 0.998008
vt 0.230569 0.758526
vt 0.084736 0.665490
vt 0.155516 0.663123
vt 0.829897 0.672213
vt 0.929791 0.675088
vt 0.744971 0.675328
vt 0.314336 0.657860
vt 0.382956 0.665730
vt 0.247058 0.664317
vt 0.563307 0.622880
vt 0.657872 0.617972
vt 0.472363 0.617013
vt 0.220375 0.663357
vt 0.054593 0.577473
vt 0.116603 0.565062
vt 0.858200 0.588220
vt 0.948115 0.587072
vt 0.774874 0.585402
vt 0.341912 0.566843
vt 0.409163 0.575804
vt 0.279602 0.552481
vt 0.553097 0.499553
vt 0.634562 0.506137
vt 0.472682 0.505713
vt 0.181885 0.552057
vt 0.028962 0.513658
vt 0.086883 0.492361
vt 0.869326 0.521771
vt 0.945763 0.523256
vt 0.792454 0.528371
vt 0.379238 0.502757
vt 0.438887 0.518773
vt 0.328280 0.473396
vt 0.552758 0.407151
vt 0.621015 0.427052
vt 0.485184 0.417825
vt 0.139475 0.464170
vt 0.001892 0.376377
vt 0.064572 0.377273
vt 0.869326 0.382888
vt 0.929399 0.385975
vt 0.809254 0.385975
vt 0.408204 0.383991
vt 0.465897 0.376377
vt 0.351556 0.387628
vt 0.552758 0.338949
vt 0.610905 0.341284
vt 0.495132 0.333265
vt 0.124876 0.379609
vt 0.034531 0.211850
vt 0.072830 0.231532
vt 0.869326 0.213066
vt 0.912110 0.221449
vt 0.826543 0.221449
vt 0.394960 0.231532
vt 0.433259 0.211850
vt 0.357536 0.250394
vt 0.552758 0.211624
vt 0.601328 0.204049
vt 0.504187 0.204049
vt 0.110254 0.250394
vt 0.139361 0.001992
vt 0.168107 0.025164
vt 0.869326 0.001992
vt 0.903287 0.011590
vt 0.835366 0.011590
vt 0.299683 0.025164
vt 0.328428 0.001992
vt 0.270938 0.048336
vt 0.552758 0.011590
vt 0.594909 0.001992
vt 0.510607 0.001992
vt 0.196852 0.048336
vt 0.168107 0.025164
vt 0.139361 0.001992
vt 0.139361 0.001992
vt 0.903287 0.011590
vt 0.869326 0.001992
vt 0.869326 0.001992
vt 0.869326 0.001992
vt 0.835366 0.011590
vt 0.835366 0.011590
vt 0.328428 0.001992
vt 0.299683 0.025164
vt 0.299683 0.025164
vt 0.299683 0.025164
vt 0.270938 0.048336
vt 0.270938 0.048336
vt 0.594909 0.001992
vt 0.552758 0.011590
vt 0.552758 0.011590
vt 0.552758 0.011590
vt 0.510607 0.001992
vt 0.510607 0.001992
vt 0.196852 0.048336
vt 0.168107 0.025164
vt 0.168107 0.025164
vt 0.139361 0.001992
vt 0.139361 0.001992
vt 0.139361 0.001992
vt 0.139361 0.001992
vt 0.869326 0.001992
vt 0.869326 0.001992
vt 0.869326 0.001992
vt 0.869326 0.001992
vt 0.835366 0.011590
vt 0.835366 0.011590
vt 0.835366 0.011590
vt 0.835366 0.011590
vt 0.299683 0.025164
vt 0.299683 0.025164
vt 0.299683 0.025164
vt 0.299683 0.025164
vt 0.270938 0.048336
vt 0.270938 0.048336
vt 0.270938 0.048336
vt 0.270938 0.048336
vt 0.552758 0.011590
vt 0.552758 0.011590
vt 0.552758 0.011590
vt 0.552758 0.011590
vt 0.510607 0.001992
vt 0.510607 0.001992
vt 0.510607 0.001992
vt 0.510607 0.001992
vt 0.168107 0.025164
vt 0.168107 0.025164
vt 0.168107 0.025164
vt 0.168107 0.025164
vt 0.101445 0.960957
vt 0.025979 0.923905
vt 0.081283 0.751449
vt 0.159255 0.754399
vt 0.907808 0.933503
vt 0.813165 0.918156
vt 0.817607 0.760276
vt 0.915544 0.761047
vt 0.718522 0.933503
vt 0.725551 0.761047
vt 0.441811 0.923905
vt 0.366344 0.960957
vt 0.308535 0.754399
vt 0.386507 0.751449
vt 0.290878 0.998008
vt 0.237220 0.758526
vt 0.709935 0.951664
vt 0.608919 0.967011
vt 0.576192 0.715830
vt 0.686494 0.712181
vt 0.507904 0.951664
vt 0.479532 0.712181
vt 0.176912 0.998008
vt 0.230569 0.758526
vt 0.084736 0.665490
vt 0.155516 0.663123
vt 0.829897 0.672213
vt 0.929791 0.675088
vt 0.744971 0.675328
vt 0.314336 0.657860
vt 0.382956 0.665730
vt 0.247058 0.664317
vt 0.563307 0.622880
vt 0.657872 0.617972
vt 0.472363 0.617013
vt 0.220375 0.663357
vt 0.054593 0.577473
vt 0.116603 0.565062
vt 0.858200 0.588220
vt 0.948115 0.587072
vt 0.774874 0.585402
vt 0.341912 0.566843
vt 0.409163 0.575804
vt 0.279602 0.552481
vt 0.553097 0.499553
vt 0.634562 0.506137
vt 0.472682 0.505713
vt 0.181885 0.552057
vt 0.028962 0.513658
vt 0.086883 0.492361
vt 0.869326 0.521771
vt 0.945763 0.523256
vt 0.792454 0.528371
vt 0.379238 0.502757
vt 0.438887 0.518773
vt 0.328280 0.473396
vt 0.552758 0.407151
vt 0.621015 0.427052
vt 0.485184 0.417825
vt 0.139475 0.464170
vt 0.869326 0.382888
vt 0.929399 0.385975
vt 0.809254 0.385975
vt 0.408204 0.383991
vt 0.465897 0.376377
vt 0.351556 0.387628
vt 0.495132 0.333265
vt 0.552758 0.338949
vt 0.064572 0.377273
vt 0.124876 0.379609
vt 0.001892 0.376377
vt 0.034531 0.211850
vt 0.072830 0.231532
vt 0.869326 0.213066
vt 0.912110 0.221449
vt 0.826543 0.221449
vt 0.394960 0.231532
vt 0.433259 0.211850
vt 0.357536 0.250394
vt 0.610905 0.341284
vt 0.552758 0.211624
vt 0.601328 0.204049
vt 0.504187 0.204049
vt 0.110254 0.250394
vt 0.869326 0.084269
vt 0.906726 0.093393
vt 0.831926 0.093393
vt 0.336822 0.105607
vt 0.369291 0.083795
vt 0.304694 0.127099
vt 0.552758 0.089564
vt 0.597411 0.080754
vt 0.508105 0.080754
vt 0.130968 0.105607
vt 0.163096 0.127098
vt 0.168107 0.025164
vt 0.168107 0.025164
vt 0.139361 0.001992
vt 0.139361 0.001992
vt 0.903287 0.011590
vt 0.903287 0.011590
vt 0.869326 0.001992
vt 0.869326 0.001992
vt 0.869326 0.001992
vt 0.869326 0.001992
vt 0.835366 0.011590
vt 0.835366 0.011590
vt 0.328428 0.001992
vt 0.328428 0.001992
vt 0.299683 0.025164
vt 0.299683 0.025164
vt 0.299683 0.025164
vt 0.299683 0.025164
vt 0.270938 0.048336
vt 0.270938 0.048336
vt 0.594909 0.001992
vt 0.594909 0.001992
vt 0.552758 0.011590
vt 0.552758 0.011590
vt 0.552758 0.011590
vt 0.552758 0.011590
vt 0.510607 0.001992
vt 0.510607 0.001992
vt 0.196852 0.048336
vt 0.196852 0.048336
vt 0.168107 0.025164
vt 0.168107 0.025164
vt 0.139361 0.001992
vt 0.139361 0.001992
vt 0.139361 0.001992
vt 0.139361 0.001992
vt 0.869326 0.001992
vt 0.869326 0.001992
vt 0.869326 0.001992
vt 0.869326 0.001992
vt 0.835366 0.011590
vt 0.835366 0.011590
vt 0.835366 0.011590
vt 0.835366 0.011590
vt 0.299683 0.025164
vt 0.299683 0.025164
vt 0.299683 0.025164
vt 0.299683 0.025164
vt 0.270938 0.048336
vt 0.270938 0.048336
vt 0.270938 0.048336
vt 0.270938 0.048336
vt 0.552758 0.011590
vt 0.552758 0.011590
vt 0.552758 0.011590
vt 0.552758 0.011590
vt 0.510607 0.001992
vt 0.510607 0.001992
vt 0.510607 0.001992
vt 0.510607 0.001992
vt 0.168107 0.025164
vt 0.168107 0.025164
vt 0.168107 0.025164
vt 0.168107 0.025164
vt 0.159255 0.754399
vt 0.081283 0.751449
vt 0.084736 0.665490
vt 0.155516 0.663123
vt 0.312056 0.724965
vt 0.237220 0.758526
vt 0.247058 0.664317
vt 0.332705 0.597233
vt 0.686494 0.712181
vt 0.576192 0.715830
vt 0.563307 0.622880
vt 0.657872 0.617972
vt 0.479532 0.712181
vt 0.472363 0.617013
vt 0.230569 0.758526
vt 0.220375 0.663357
vt 0.054593 0.577473
vt 0.116603 0.565062
vt 0.929791 0.675088
vt 0.830351 0.672198
vt 0.858200 0.588220
vt 0.948115 0.587072
vt 0.744971 0.675328
vt 0.774874 0.585402
vt 0.382956 0.665730
vt 0.341912 0.566843
vt 0.409163 0.575804
vt 0.279602 0.552481
vt 0.553097 0.499553
vt 0.634562 0.506137
vt 0.472682 0.505713
vt 0.181885 0.552057
vt 0.028962 0.513658
vt 0.086883 0.492361
vt 0.869326 0.521771
vt 0.945763 0.523256
vt 0.792454 0.528371
vt 0.379238 0.502757
vt 0.438887 0.518773
vt 0.328280 0.473396
vt 0.552758 0.407151
vt 0.621015 0.427052
vt 0.485184 0.417825
vt 0.139475 0.464170
vt 0.001892 0.376377
vt 0.064572 0.377273
vt 0.869326 0.382888
vt 0.929399 0.385975
vt 0.809254 0.385975
vt 0.408204 0.383991
vt 0.465897 0.376377
vt 0.351556 0.387628
vt 0.552758 0.338949
vt 0.610905 0.341284
vt 0.495132 0.333265
vt 0.124876 0.379609
vt 0.034531 0.211850
vt 0.072830 0.231532
vt 0.869326 0.213066
vt 0.912110 0.221449
vt 0.826543 0.221449
vt 0.394960 0.231532
vt 0.433259 0.211850
vt 0.357536 0.250394
vt 0.552758 0.211624
vt 0.601328 0.204049
vt 0.504187 0.204049
vt 0.110254 0.250394
vt 0.139361 0.001992
vt 0.168107 0.025164
vt 0.869326 0.001992
vt 0.903287 0.011590
vt 0.835366 0.011590
vt 0.299683 0.025164
vt 0.328428 0.001992
vt 0.270938 0.048336
vt 0.552758 0.011590
vt 0.594909 0.001992
vt 0.510607 0.001992
vt 0.196852 0.048336
vt 0.207645 0.700705
vt 0.302341 0.694327
vt 0.253710 0.711408
vt 0.168107 0.025164
vt 0.139361 0.001992
vt 0.139361 0.001992
vt 0.903287 0.011590
vt 0.869326 0.001992
vt 0.869326 0.001992
vt 0.869326 0.001992
vt 0.835366 0.011590
vt 0.835366 0.011590
vt 0.328428 0.001992
vt 0.299683 0.025164
vt 0.299683 0.025164
vt 0.299683 0.025164
vt 0.270938 0.048336
vt 0.270938 0.048336
vt 0.594909 0.001992
vt 0.552758 0.011590
vt 0.552758 0.011590
vt 0.552758 0.011590
vt 0.510607 0.001992
vt 0.510607 0.001992
vt 0.196852 0.048336
vt 0.168107 0.025164
vt 0.168107 0.025164
vt 0.116603 0.565062
vt 0.054593 0.577473
vt 0.028962 0.513658
vt 0.086883 0.492361
vt 0.948115 0.587072
vt 0.858200 0.588220
vt 0.869326 0.521771
vt 0.945763 0.523256
vt 0.774874 0.585402
vt 0.792454 0.528371
vt 0.409163 0.575804
vt 0.341912 0.566843
vt 0.379238 0.502757
vt 0.438887 0.518773
vt 0.279602 0.552481
vt 0.328280 0.473396
vt 0.634562 0.506137
vt 0.553097 0.499553
vt 0.552758 0.407151
vt 0.621015 0.427052
vt 0.472682 0.505713
vt 0.485184 0.417825
vt 0.181885 0.552057
vt 0.139475 0.464170
vt 0.001892 0.376377
vt 0.064572 0.377273
vt 0.869326 0.382888
vt 0.929399 0.385975
vt 0.809254 0.385975
vt 0.408204 0.383991
vt 0.465897 0.376377
vt 0.351556 0.387628
vt 0.552758 0.338949
vt 0.610905 0.341284
vt 0.495132 0.333265
vt 0.124876 0.379609
vt 0.034531 0.211850
vt 0.072830 0.231532
vt 0.869326 0.213066
vt 0.912110 0.221449
vt 0.826543 0.221449
vt 0.394960 0.231532
vt 0.433259 0.211850
vt 0.357536 0.250394
vt 0.552758 0.211624
vt 0.601328 0.204049
vt 0.504187 0.204049
vt 0.110254 0.250394
vt 0.139361 0.001992
vt 0.168107 0.025164
vt 0.869326 0.001992
vt 0.903287 0.011590
vt 0.835366 0.011590
vt 0.299683 0.025164
vt 0.328428 0.001992
vt 0.270938 0.048336
vt 0.552758 0.011590
vt 0.594909 0.001992
vt 0.510607 0.001992
vt 0.196852 0.048336
vt 0.168107 0.025164
vt 0.139361 0.001992
vt 0.139361 0.001992
vt 0.903287 0.011590
vt 0.869326 0.001992
vt 0.869326 0.001992
vt 0.869326 0.001992
vt 0.835366 0.011590
vt 0.835366 0.011590
vt 0.328428 0.001992
vt 0.299683 0.025164
vt 0.299683 0.025164
vt 0.299683 0.025164
vt 0.270938 0.048336
vt 0.270938 0.048336
vt 0.594909 0.001992
vt 0.552758 0.011590
vt 0.552758 0.011590
vt 0.552758 0.011590
vt 0.510607 0.001992
vt 0.510607 0.001992
vt 0.196852 0.048336
vt 0.168107 0.025164
vt 0.168107 0.025164
vt 0.101445 0.960957
vt 0.025979 0.923905
vt 0.081283 0.751449
vt 0.159255 0.754399
vt 0.907808 0.933503
vt 0.813165 0.918156
vt 0.817607 0.760276
vt 0.915544 0.761047
vt 0.718522 0.933503
vt 0.725551 0.761047
vt 0.441811 0.923905
vt 0.366344 0.960957
vt 0.308535 0.754399
vt 0.386507 0.751449
vt 0.290878 0.998008
vt 0.237220 0.758526
vt 0.709935 0.951664
vt 0.608919 0.967011
vt 0.576192 0.715830
vt 0.686494 0.712181
vt 0.507904 0.951664
vt 0.479532 0.712181
vt 0.176912 0.998008
vt 0.230569 0.758526
vt 0.084736 0.665490
vt 0.155516 0.663123
vt 0.829897 0.672213
vt 0.929791 0.675088
vt 0.744971 0.675328
vt 0.314336 0.657860
vt 0.382956 0.665730
vt 0.247058 0.664317
vt 0.563307 0.622880
vt 0.657872 0.617972
vt 0.472363 0.617013
vt 0.220375 0.663357
vt 0.054593 0.577473
vt 0.116603 0.565062
vt 0.858200 0.588220
vt 0.948115 0.587072
vt 0.774874 0.585402
vt 0.341912 0.566843
vt 0.409163 0.575804
vt 0.279602 0.552481
vt 0.553097 0.499553
vt 0.634562 0.506137
vt 0.472682 0.505713
vt 0.181885 0.552057
vt 0.028962 0.513658
vt 0.086883 0.492361
vt 0.869326 0.521771
vt 0.945763 0.523256
vt 0.792454 0.528371
vt 0.379238 0.502757
vt 0.438887 0.518773
vt 0.328280 0.473396
vt 0.552758 0.407151
vt 0.621015 0.427052
vt 0.485184 0.417825
vt 0.139475 0.464170
vt 0.001892 0.376377
vt 0.064572 0.377273
vt 0.869326 0.382888
vt 0.929399 0.385975
vt 0.809254 0.385975
vt 0.408204 0.383991
vt 0.465897 0.376377
vt 0.351556 0.387628
vt 0.552758 0.338949
vt 0.610905 0.341284
vt 0.495132 0.333265
vt 0.124876 0.379609
vt 0.034531 0.211850
vt 0.072830 0.231532
vt 0.869326 0.213066
vt 0.912110 0.221449
vt 0.826543 0.221449
vt 0.394960 0.231532
vt 0.433259 0.211850
vt 0.357536 0.250394
vt 0.552758 0.211624
vt 0.601328 0.204049
vt 0.504187 0.204049
vt 0.110254 0.250394
vt 0.139361 0.001992
vt 0.168107 0.025164
vt 0.869326 0.001992
vt 0.903287 0.011590
vt 0.835366 0.011590
vt 0.299683 0.025164
vt 0.328428 0.001992
vt 0.270938 0.048336
vt 0.552758 0.011590
vt 0.594909 0.001992
vt 0.510607 0.001992
vt 0.196852 0.048336
vt 0.168107 0.025164
vt 0.139361 0.001992
vt 0.139361 0.001992
vt 0.903287 0.011590
vt 0.869326 0.001992
vt 0.869326 0.001992
vt 0.869326 0.001992
vt 0.835366 0.011590
vt 0.835366 0.011590
vt 0.328428 0.001992
vt 0.299683 0.025164
vt 0.299683 0.025164
vt 0.299683 0.025164
vt 0.270938 0.048336
vt 0.270938 0.048336
vt 0.594909 0.001992
vt 0.552758 0.011590
vt 0.552758 0.011590
vt 0.552758 0.011590
vt 0.510607 0.001992
vt 0.510607 0.001992
vt 0.196852 0.048336
vt 0.168107 0.025164
vt 0.168107 0.025164
vt 0.139361 0.001992
vt 0.139361 0.001992
vt 0.139361 0.001992
vt 0.139361 0.001992
vt 0.869326 0.001992
vt 0.869326 0.001992
vt 0.869326 0.001992
vt 0.869326 0.001992
vt 0.835366 0.011590
vt 0.835366 0.011590
vt 0.835366 0.011590
vt 0.835366 0.011590
vt 0.299683 0.025164
vt 0.299683 0.025164
vt 0.299683 0.025164
vt 0.299683 0.025164
vt 0.270938 0.048336
vt 0.270938 0.048336
vt 0.270938 0.048336
vt 0.270938 0.048336
vt 0.552758 0.011590
vt 0.552758 0.011590
vt 0.552758 0.011590
vt 0.552758 0.011590
vt 0.510607 0.001992
vt 0.510607 0.001992
vt 0.510607 0.001992
vt 0.510607 0.001992
vt 0.168107 0.025164
vt 0.168107 0.025164
vt 0.168107 0.025164
vt 0.168107 0.025164
vt 0.101445 0.960957
vt 0.025979 0.923905
vt 0.081283 0.751449
vt 0.159255 0.754399
vt 0.907808 0.933503
vt 0.813165 0.918156
vt 0.817607 0.760276
vt 0.915544 0.761047
vt 0.718522 0.933503
vt 0.725551 0.761047
vt 0.441811 0.923905
vt 0.366344 0.960957
vt 0.308535 0.754399
vt 0.386507 0.751449
vt 0.290878 0.998008
vt 0.237220 0.758526
vt 0.709935 0.951664
vt 0.608919 0.967011
vt 0.576192 0.715830
vt 0.686494 0.712181
vt 0.507904 0.951664
vt 0.479532 0.712181
vt 0.176912 0.998008
vt 0.230569 0.758526
vt 0.084736 0.665490
vt 0.155516 0.663123
vt 0.829897 0.672213
vt 0.929791 0.675088
vt 0.744971 0.675328
vt 0.314336 0.657860
vt 0.382956 0.665730
vt 0.247058 0.664317
vt 0.563307 0.622880
vt 0.657872 0.617972
vt 0.472363 0.617013
vt 0.220375 0.663357
vt 0.054593 0.577473
vt 0.116603 0.565062
vt 0.858200 0.588220
vt 0.948115 0.587072
vt 0.774874 0.585402
vt 0.341912 0.566843
vt 0.409163 0.575804
vt 0.279602 0.552481
vt 0.553097 0.499553
vt 0.634562 0.506137
vt 0.472682 0.505713
vt 0.181885 0.552057
vt 0.028962 0.513658
vt 0.086883 0.492361
vt 0.869326 0.521771
vt 0.945763 0.523256
vt 0.792454 0.528371
vt 0.379238 0.502757
vt 0.438887 0.518773
vt 0.328280 0.473396
vt 0.552758 0.407151
vt 0.621015 0.427052
vt 0.485184 0.417825
vt 0.139475 0.464170
vt 0.001892 0.376377
vt 0.064572 0.377273
vt 0.869326 0.382888
vt 0.929399 0.385975
vt 0.809254 0.385975
vt 0.408204 0.383991
vt 0.465897 0.376377
vt 0.351556 0.387628
vt 0.552758 0.338949
vt 0.610905 0.341284
vt 0.495132 0.333265
vt 0.124876 0.379609
vt 0.034531 0.211850
vt 0.072830 0.231532
vt 0.869326 0.213066
vt 0.912110 0.221449
vt 0.826543 0.221449
vt 0.394960 0.231532
vt 0.433259 0.211850
vt 0.357536 0.250394
vt 0.552758 0.211624
vt 0.601328 0.204049
vt 0.504187 0.204049
vt 0.110254 0.250394
vt 0.139361 0.001992
vt 0.168107 0.025164
vt 0.869326 0.001992
vt 0.903287 0.011590
vt 0.835366 0.011590
vt 0.299683 0.025164
vt 0.328428 0.001992
vt 0.270938 0.048336
vt 0.552758 0.011590
vt 0.594909 0.001992
vt 0.510607 0.001992
vt 0.196852 0.048336
vt 0.159255 0.754399
vt 0.081283 0.751449
vt 0.084736 0.665490
vt 0.155516 0.663123
vt 0.308535 0.754399
vt 0.237220 0.758526
vt 0.247058 0.664317
vt 0.314336 0.657860
vt 0.686494 0.712181
vt 0.576192 0.715830
vt 0.563307 0.622880
vt 0.657872 0.617972
vt 0.479532 0.712181
vt 0.472363 0.617013
vt 0.230569 0.758526
vt 0.220375 0.663357
vt 0.054593 0.577473
vt 0.116603 0.565062
vt 0.929791 0.675088
vt 0.830049 0.672408
vt 0.858200 0.588220
vt 0.948115 0.587072
vt 0.744546 0.675212
vt 0.774874 0.585402
vt 0.383029 0.665197
vt 0.341912 0.566843
vt 0.409163 0.575804
vt 0.279602 0.552481
vt 0.553097 0.499553
vt 0.634562 0.506137
vt 0.472682 0.505713
vt 0.181885 0.552057
vt 0.028962 0.513658
vt 0.086883 0.492361
vt 0.869326 0.521771
vt 0.945763 0.523256
vt 0.792454 0.528371
vt 0.379238 0.502757
vt 0.438887 0.518773
vt 0.328280 0.473396
vt 0.552758 0.407151
vt 0.621015 0.427052
vt 0.485184 0.417825
vt 0.139475 0.464170
vt 0.001892 0.376377
vt 0.064572 0.377273
vt 0.869326 0.382888
vt 0.929399 0.385975
vt 0.809254 0.385975
vt 0.408204 0.383991
vt 0.465897 0.376377
vt 0.351556 0.387628
vt 0.552758 0.338949
vt 0.610905 0.341284
vt 0.495132 0.333265
vt 0.124876 0.379609
vt 0.034531 0.211850
vt 0.072830 0.231532
vt 0.869326 0.213066
vt 0.912110 0.221449
vt 0.826543 0.221449
vt 0.394960 0.231532
vt 0.433259 0.211850
vt 0.357536 0.250394
vt 0.552758 0.211624
vt 0.601328 0.204049
vt 0.504187 0.204049
vt 0.110254 0.250394
vt 0.081863 0.117098
vt 0.115848 0.138355
vt 0.869326 0.117764
vt 0.908126 0.126696
vt 0.830526 0.126696
vt 0.351942 0.138355
vt 0.385927 0.117098
vt 0.318436 0.159163
vt 0.552758 0.121307
vt 0.598430 0.112819
vt 0.507086 0.112819
vt 0.149354 0.159163
vt 0.153731 0.752389
vt 0.314000 0.610932
vt 0.393729 0.613913
vt 0.239444 0.753502
vt 0.139361 0.001992
vt 0.168107 0.025164
vt 0.196852 0.048336
vt 0.510607 0.001992
vt 0.552758 0.011590
vt 0.594909 0.001992
vt 0.270938 0.048336
vt 0.299683 0.025164
vt 0.328428 0.001992
vt 0.835366 0.011590
vt 0.869326 0.001992
vt 0.903287 0.011590
vt 0.159255 0.754399
vt 0.081283 0.751449
vt 0.084736 0.665490
vt 0.155516 0.663123
vt 0.308535 0.754399
vt 0.237220 0.758526
vt 0.247058 0.664317
vt 0.314336 0.657860
vt 0.686494 0.712181
vt 0.576192 0.715830
vt 0.563307 0.622880
vt 0.657872 0.617972
vt 0.479532 0.712181
vt 0.472363 0.617013
vt 0.230569 0.758526
vt 0.220375 0.663357
vt 0.054593 0.577473
vt 0.116603 0.565062
vt 0.929791 0.675088
vt 0.830049 0.672408
vt 0.858200 0.588220
vt 0.948115 0.587072
vt 0.744546 0.675212
vt 0.774874 0.585402
vt 0.383029 0.665197
vt 0.341912 0.566843
vt 0.409163 0.575804
vt 0.279602 0.552481
vt 0.553097 0.499553
vt 0.634562 0.506137
vt 0.472682 0.505713
vt 0.181885 0.552057
vt 0.028962 0.513658
vt 0.086883 0.492361
vt 0.869326 0.521771
vt 0.945763 0.523256
vt 0.792454 0.528371
vt 0.379238 0.502757
vt 0.438887 0.518773
vt 0.328280 0.473396
vt 0.552758 0.407151
vt 0.621015 0.427052
vt 0.485184 0.417825
vt 0.139475 0.464170
vt 0.001892 0.376377
vt 0.064572 0.377273
vt 0.869326 0.382888
vt 0.929399 0.385975
vt 0.809254 0.385975
vt 0.408204 0.383991
vt 0.465897 0.376377
vt 0.351556 0.387628
vt 0.552758 0.338949
vt 0.610905 0.341284
vt 0.495132 0.333265
vt 0.124876 0.379609
vt 0.034531 0.211850
vt 0.072830 0.231532
vt 0.869326 0.213066
vt 0.912110 0.221449
vt 0.826543 0.221449
vt 0.394960 0.231532
vt 0.433259 0.211850
vt 0.357536 0.250394
vt 0.552758 0.211624
vt 0.601328 0.204049
vt 0.504187 0.204049
vt 0.110254 0.250394
vt 0.081863 0.117098
vt 0.115848 0.138355
vt 0.869326 0.117764
vt 0.908126 0.126696
vt 0.830526 0.126696
vt 0.351942 0.138355
vt 0.385927 0.117098
vt 0.318436 0.159163
vt 0.552758 0.121307
vt 0.598430 0.112819
vt 0.507086 0.112819
vt 0.149354 0.159163
vt 0.153731 0.752389
vt 0.314000 0.610932
vt 0.393729 0.613913
vt 0.239444 0.753502
vt 0.139361 0.001992
vt 0.168107 0.025164
vt 0.196852 0.048336
vt 0.510607 0.001992
vt 0.552758 0.011590
vt 0.594909 0.001992
vt 0.270938 0.048336
vt 0.299683 0.025164
vt 0.328428 0.001992
vt 0.835366 0.011590
vt 0.869326 0.001992
vt 0.903287 0.011590
vt 0.004760 0.000000
vt 0.067654 0.000000
vt 0.067654 0.020996
vt 0.004760 0.020996
vt 0.130549 0.000000
vt 0.130549 0.020996
vt 0.193443 0.000000
vt 0.193443 0.020996
vt 0.256338 0.000000
vt 0.256338 0.020996
vt 0.319232 0.000000
vt 0.319232 0.020996
vt 0.382127 0.000000
vt 0.382127 0.020996
vt 0.445022 0.000000
vt 0.445022 0.020996
vt 0.507916 0.000000
vt 0.507916 0.020996
vt 0.570810 0.000000
vt 0.570810 0.020996
vt 0.633705 0.000000
vt 0.633705 0.020996
vt 0.696600 0.000000
vt 0.696600 0.020996
vt 0.759494 0.000000
vt 0.759494 0.020996
vt 0.822389 0.000000
vt 0.822389 0.020996
vt 0.885283 0.000000
vt 0.885283 0.020996
vt 0.948178 0.000000
vt 0.948178 0.020996
vt 0.067654 0.042030
vt 0.004760 0.042030
vt 0.130549 0.042030
vt 0.193443 0.042030
vt 0.256338 0.042030
vt 0.319232 0.042030
vt 0.382127 0.042030
vt 0.445022 0.042030
vt 0.507916 0.042030
vt 0.570810 0.042030
vt 0.633705 0.042030
vt 0.696600 0.042030
vt 0.759494 0.042030
vt 0.822389 0.042030
vt 0.885283 0.042030
vt 0.948178 0.042030
vt 0.067654 0.063017
vt 0.004760 0.063017
vt 0.130549 0.063017
vt 0.193443 0.063017
vt 0.256338 0.063017
vt 0.319232 0.063017
vt 0.382127 0.063017
vt 0.445022 0.063017
vt 0.507916 0.063017
vt 0.570810 0.063017
vt 0.633705 0.063017
vt 0.696600 0.063017
vt 0.759494 0.063017
vt 0.822389 0.063017
vt 0.885283 0.063017
vt 0.948178 0.063017
vt 0.067654 0.083974
vt 0.004760 0.083974
vt 0.130549 0.083974
vt 0.193443 0.083974
vt 0.256338 0.083974
vt 0.319232 0.083974
vt 0.382127 0.083974
vt 0.445022 0.083974
vt 0.507916 0.083974
vt 0.570810 0.083974
vt 0.633705 0.083974
vt 0.696600 0.083974
vt 0.759494 0.083974
vt 0.822389 0.083974
vt 0.885283 0.083974
vt 0.948178 0.083974
vt 0.067654 0.104806
vt 0.004760 0.104806
vt 0.130549 0.104806
vt 0.193443 0.104806
vt 0.256338 0.104806
vt 0.319232 0.104806
vt 0.382127 0.104806
vt 0.445022 0.104806
vt 0.507916 0.104806
vt 0.570810 0.104806
vt 0.633705 0.104806
vt 0.696600 0.104806
vt 0.759494 0.104806
vt 0.822389 0.104806
vt 0.885283 0.104806
vt 0.948178 0.104806
vt 0.067654 0.125501
vt 0.004760 0.125501
vt 0.130549 0.125501
vt 0.193443 0.125501
vt 0.256338 0.125501
vt 0.319232 0.125501
vt 0.382127 0.125501
vt 0.445022 0.125501
vt 0.507916 0.125501
vt 0.570810 0.125501
vt 0.633705 0.125501
vt 0.696600 0.125501
vt 0.759494 0.125501
vt 0.822389 0.125501
vt 0.885283 0.125501
vt 0.948178 0.125501
vt 0.067654 0.146078
vt 0.004760 0.146078
vt 0.130549 0.146078
vt 0.193443 0.146078
vt 0.256338 0.146078
vt 0.319232 0.146078
vt 0.382127 0.146078
vt 0.445022 0.146078
vt 0.507916 0.146078
vt 0.570810 0.146078
vt 0.633705 0.146078
vt 0.696600 0.146078
vt 0.759494 0.146078
vt 0.822389 0.146078
vt 0.885283 0.146078
vt 0.948178 0.146078
vt 0.067654 0.166438
vt 0.004760 0.166438
vt 0.130549 0.166438
vt 0.193443 0.166438
vt 0.256338 0.166438
vt 0.319232 0.166438
vt 0.382127 0.166438
vt 0.445022 0.166438
vt 0.507916 0.166438
vt 0.570810 0.166438
vt 0.633705 0.166438
vt 0.696600 0.166438
vt 0.759494 0.166438
vt 0.822389 0.166438
vt 0.885283 0.166438
vt 0.948178 0.166438
vt 0.067654 0.186639
vt 0.004760 0.186639
vt 0.130549 0.186639
vt 0.193443 0.186639
vt 0.256338 0.186639
vt 0.319232 0.186639
vt 0.382127 0.186639
vt 0.445022 0.186639
vt 0.507916 0.186639
vt 0.570810 0.186639
vt 0.633705 0.186639
vt 0.696600 0.186639
vt 0.759494 0.186639
vt 0.822389 0.186639
vt 0.885283 0.186639
vt 0.948178 0.186639
vt 0.067654 0.206627
vt 0.004760 0.206627
vt 0.130549 0.206627
vt 0.193443 0.206627
vt 0.256338 0.206627
vt 0.319232 0.206627
vt 0.382127 0.206627
vt 0.445022 0.206627
vt 0.507916 0.206627
vt 0.570810 0.206627
vt 0.633705 0.206627
vt 0.696600 0.206627
vt 0.759494 0.206627
vt 0.822389 0.206627
vt 0.885283 0.206627
vt 0.948178 0.206627
vt 0.067654 0.226449
vt 0.004760 0.226449
vt 0.130549 0.226449
vt 0.193443 0.226449
vt 0.256338 0.226449
vt 0.319232 0.226449
vt 0.382127 0.226449
vt 0.445022 0.226449
vt 0.507916 0.226449
vt 0.570810 0.226449
vt 0.633705 0.226449
vt 0.696600 0.226449
vt 0.759494 0.226449
vt 0.822389 0.226449
vt 0.885283 0.226449
vt 0.948178 0.226449
vt 0.067654 0.246173
vt 0.004760 0.246173
vt 0.130549 0.246173
vt 0.193443 0.246173
vt 0.256338 0.246173
vt 0.319232 0.246173
vt 0.382127 0.246173
vt 0.445022 0.246173
vt 0.507916 0.246173
vt 0.570810 0.246173
vt 0.633705 0.246173
vt 0.696600 0.246173
vt 0.759494 0.246173
vt 0.822389 0.246173
vt 0.885283 0.246173
vt 0.948178 0.246173
vt 0.067654 0.265799
vt 0.004760 0.265799
vt 0.130549 0.265799
vt 0.193443 0.265799
vt 0.256338 0.265799
vt 0.319232 0.265799
vt 0.382127 0.265799
vt 0.445022 0.265799
vt 0.507916 0.265799
vt 0.570810 0.265799
vt 0.633705 0.265799
vt 0.696600 0.265799
vt 0.759494 0.265799
vt 0.822389 0.265799
vt 0.885283 0.265799
vt 0.948178 0.265799
vt 0.067654 0.285415
vt 0.004760 0.285415
vt 0.130549 0.285415
vt 0.193443 0.285415
vt 0.256338 0.285415
vt 0.319232 0.285415
vt 0.382127 0.285415
vt 0.445022 0.285415
vt 0.507916 0.285415
vt 0.570810 0.285415
vt 0.633705 0.285415
vt 0.696600 0.285415
vt 0.759494 0.285415
vt 0.822389 0.285415
vt 0.885283 0.285415
vt 0.948178 0.285415
vt 0.067654 0.305088
vt 0.004760 0.305088
vt 0.130549 0.305088
vt 0.193443 0.305088
vt 0.256338 0.305088
vt 0.319232 0.305088
vt 0.382127 0.305088
vt 0.445022 0.305088
vt 0.507916 0.305088
vt 0.570810 0.305088
vt 0.633705 0.305088
vt 0.696600 0.305088
vt 0.759494 0.305088
vt 0.822389 0.305088
vt 0.885283 0.305088
vt 0.948178 0.305088
vt 0.067654 0.324880
vt 0.004760 0.324880
vt 0.130549 0.324880
vt 0.193443 0.324880
vt 0.256338 0.324880
vt 0.319232 0.324880
vt 0.382127 0.324880
vt 0.445022 0.324880
vt 0.507916 0.324880
vt 0.570810 0.324880
vt 0.633705 0.324880
vt 0.696600 0.324880
vt 0.759494 0.324880
vt 0.822389 0.324880
vt 0.885283 0.324880
vt 0.948178 0.324880
vt 0.067654 0.344836
vt 0.004760 0.344836
vt 0.130549 0.344836
vt 0.193443 0.344836
vt 0.256338 0.344836
vt 0.319232 0.344836
vt 0.382127 0.344836
vt 0.445022 0.344836
vt 0.507916 0.344836
vt 0.570810 0.344836
vt 0.633705 0.344836
vt 0.696600 0.344836
vt 0.759494 0.344836
vt 0.822389 0.344836
vt 0.885283 0.344836
vt 0.948178 0.344836
vt 0.067654 0.364985
vt 0.004760 0.364985
vt 0.130549 0.364985
vt 0.193443 0.364985
vt 0.256338 0.364985
vt 0.319232 0.364985
vt 0.382127 0.364985
vt 0.445022 0.364985
vt 0.507916 0.364985
vt 0.570810 0.364985
vt 0.633705 0.364985
vt 0.696600 0.364985
vt 0.759494 0.364985
vt 0.822389 0.364985
vt 0.885283 0.364985
vt 0.948178 0.364985
vt 0.067654 0.385339
vt 0.004760 0.385339
vt 0.130549 0.385339
vt 0.193443 0.385339
vt 0.256338 0.385339
vt 0.319232 0.385339
vt 0.382127 0.385339
vt 0.445022 0.385339
vt 0.507916 0.385339
vt 0.570810 0.385339
vt 0.633705 0.385339
vt 0.696600 0.385339
vt 0.759494 0.385339
vt 0.822389 0.385339
vt 0.885283 0.385339
vt 0.948178 0.385339
vt 0.067654 0.405893
vt 0.004760 0.405893
vt 0.130549 0.405893
vt 0.193443 0.405893
vt 0.256338 0.405893
vt 0.319232 0.405893
vt 0.382127 0.405893
vt 0.445022 0.405893
vt 0.507916 0.405893
vt 0.570810 0.405893
vt 0.633705 0.405893
vt 0.696600 0.405893
vt 0.759494 0.405893
vt 0.822389 0.405893
vt 0.885283 0.405893
vt 0.948178 0.405893
vt 0.067654 0.426604
vt 0.004760 0.426604
vt 0.130549 0.426604
vt 0.193443 0.426604
vt 0.256338 0.426604
vt 0.319232 0.426604
vt 0.382127 0.426604
vt 0.445022 0.426604
vt 0.507916 0.426604
vt 0.570810 0.426604
vt 0.633705 0.426604
vt 0.696600 0.426604
vt 0.759494 0.426604
vt 0.822389 0.426604
vt 0.885283 0.426604
vt 0.948178 0.426604
vt 0.067654 0.447516
vt 0.004760 0.447516
vt 0.130549 0.447516
vt 0.193443 0.447516
vt 0.256338 0.447516
vt 0.319232 0.447516
vt 0.382127 0.447516
vt 0.445022 0.447516
vt 0.507916 0.447516
vt 0.570810 0.447516
vt 0.633705 0.447516
vt 0.696600 0.447516
vt 0.759494 0.447516
vt 0.822389 0.447516
vt 0.885283 0.447516
vt 0.948178 0.447516
vt 0.067654 0.468548
vt 0.004760 0.468548
vt 0.130549 0.468548
vt 0.193443 0.468548
vt 0.256338 0.468548
vt 0.319232 0.468548
vt 0.382127 0.468548
vt 0.445022 0.468548
vt 0.507916 0.468548
vt 0.570810 0.468548
vt 0.633705 0.468548
vt 0.696600 0.468548
vt 0.759494 0.468548
vt 0.822389 0.468548
vt 0.885283 0.468548
vt 0.948178 0.468548
vt 0.067654 0.489765
vt 0.004760 0.489765
vt 0.130549 0.489765
vt 0.193443 0.489765
vt 0.256338 0.489765
vt 0.319232 0.489765
vt 0.382127 0.489765
vt 0.445022 0.489765
vt 0.507916 0.489765
vt 0.570810 0.489765
vt 0.633705 0.489765
vt 0.696600 0.489765
vt 0.759494 0.489765
vt 0.822389 0.489765
vt 0.885283 0.489765
vt 0.948178 0.489765
vt 0.067654 0.510987
vt 0.004760 0.510987
vt 0.130549 0.510987
vt 0.193443 0.510987
vt 0.256338 0.510987
vt 0.319232 0.510987
vt 0.319232 0.489765
vt 0.382127 0.489765
vt 0.382127 0.510987
vt 0.319232 0.510987
vt 0.445022 0.489765
vt 0.445022 0.510987
vt 0.507916 0.510987
vt 0.445022 0.510987
vt 0.570810 0.510987
vt 0.633705 0.510987
vt 0.696600 0.510987
vt 0.759494 0.510987
vt 0.822389 0.510987
vt 0.885283 0.510987
vt 0.948178 0.510987
vt 0.067654 0.532318
vt 0.004760 0.532318
vt 0.130549 0.532318
vt 0.193443 0.532318
vt 0.256338 0.532318
vt 0.319232 0.532318
vt 0.382127 0.532318
vt 0.319232 0.532318
vt 0.445022 0.532318
vt 0.507916 0.532318
vt 0.445022 0.532318
vt 0.570810 0.532318
vt 0.633705 0.532318
vt 0.696600 0.532318
vt 0.759494 0.532318
vt 0.822389 0.532318
vt 0.885283 0.532318
vt 0.948178 0.532318
vt 0.067654 0.553697
vt 0.004760 0.553697
vt 0.130549 0.553697
vt 0.193443 0.553697
vt 0.256338 0.553697
vt 0.319232 0.553697
vt 0.382127 0.532318
vt 0.382127 0.553697
vt 0.445022 0.553697
vt 0.507916 0.553697
vt 0.570810 0.553697
vt 0.633705 0.553697
vt 0.696600 0.553697
vt 0.759494 0.553697
vt 0.822389 0.553697
vt 0.885283 0.553697
vt 0.948178 0.553697
vt 0.067654 0.575108
vt 0.004760 0.575108
vt 0.130549 0.575108
vt 0.193443 0.575108
vt 0.256338 0.575108
vt 0.319232 0.575108
vt 0.382127 0.575108
vt 0.445022 0.575108
vt 0.507916 0.575108
vt 0.570810 0.575108
vt 0.633705 0.575108
vt 0.696600 0.575108
vt 0.759494 0.575108
vt 0.822389 0.575108
vt 0.885283 0.575108
vt 0.948178 0.575108
vt 0.067654 0.596506
vt 0.004760 0.596506
vt 0.130549 0.596506
vt 0.193443 0.596506
vt 0.256338 0.596506
vt 0.319232 0.596506
vt 0.382127 0.596506
vt 0.445022 0.596506
vt 0.507916 0.596506
vt 0.570810 0.596506
vt 0.633705 0.596506
vt 0.696600 0.596506
vt 0.759494 0.596506
vt 0.822389 0.596506
vt 0.885283 0.596506
vt 0.948178 0.596506
vt 0.067654 0.617953
vt 0.004760 0.617953
vt 0.130549 0.617953
vt 0.193443 0.617953
vt 0.256338 0.617953
vt 0.319232 0.617953
vt 0.382127 0.617953
vt 0.445022 0.617953
vt 0.507916 0.617953
vt 0.570810 0.617953
vt 0.633705 0.617953
vt 0.696600 0.617953
vt 0.759494 0.617953
vt 0.822389 0.617953
vt 0.885283 0.617953
vt 0.948178 0.617953
vt 0.067654 0.639395
vt 0.004760 0.639395
vt 0.130549 0.639395
vt 0.193443 0.639395
vt 0.256338 0.639395
vt 0.319232 0.639395
vt 0.382127 0.639395
vt 0.445022 0.639395
vt 0.507916 0.639395
vt 0.570810 0.639395
vt 0.633705 0.639395
vt 0.696600 0.639395
vt 0.759494 0.639395
vt 0.822389 0.639395
vt 0.885283 0.639395
vt 0.948178 0.639395
vt 0.067654 0.660825
vt 0.004760 0.660825
vt 0.130549 0.660825
vt 0.193443 0.660825
vt 0.256338 0.660825
vt 0.319232 0.660825
vt 0.382127 0.660825
vt 0.445022 0.660825
vt 0.507916 0.660825
vt 0.570810 0.660825
vt 0.633705 0.660825
vt 0.696600 0.660825
vt 0.759494 0.660825
vt 0.822389 0.660825
vt 0.885283 0.660825
vt 0.948178 0.660825
vt 0.067654 0.682205
vt 0.004760 0.682205
vt 0.130549 0.682205
vt 0.193443 0.682205
vt 0.256338 0.682205
vt 0.319232 0.682205
vt 0.382127 0.682205
vt 0.445022 0.682205
vt 0.507916 0.682205
vt 0.570810 0.682205
vt 0.633705 0.682205
vt 0.696600 0.682205
vt 0.759494 0.682205
vt 0.822389 0.682205
vt 0.885283 0.682205
vt 0.948178 0.682205
vt 0.067654 0.703607
vt 0.004760 0.703607
vt 0.130549 0.703607
vt 0.193443 0.703607
vt 0.256338 0.703607
vt 0.319232 0.703607
vt 0.382127 0.703607
vt 0.445022 0.703607
vt 0.507916 0.703607
vt 0.570810 0.703607
vt 0.633705 0.703607
vt 0.696600 0.703607
vt 0.759494 0.703607
vt 0.822389 0.703607
vt 0.885283 0.703607
vt 0.948178 0.703607
vt 0.067654 0.724980
vt 0.004760 0.724980
vt 0.130549 0.724980
vt 0.193443 0.724980
vt 0.256338 0.724980
vt 0.319232 0.724980
vt 0.382127 0.724980
vt 0.445022 0.724980
vt 0.507916 0.724980
vt 0.570810 0.724980
vt 0.633705 0.724980
vt 0.696600 0.724980
vt 0.759494 0.724980
vt 0.822389 0.724980
vt 0.885283 0.724980
vt 0.948178 0.724980
vt 0.067654 0.746322
vt 0.004760 0.746322
vt 0.130549 0.746322
vt 0.193443 0.746322
vt 0.256338 0.746322
vt 0.319232 0.746322
vt 0.382127 0.746322
vt 0.445022 0.746322
vt 0.507916 0.746322
vt 0.570810 0.746322
vt 0.633705 0.746322
vt 0.696600 0.746322
vt 0.759494 0.746322
vt 0.822389 0.746322
vt 0.885283 0.746322
vt 0.948178 0.746322
vt 0.067654 0.767592
vt 0.004760 0.767592
vt 0.130549 0.767592
vt 0.193443 0.767592
vt 0.256338 0.767592
vt 0.319232 0.767592
vt 0.382127 0.767592
vt 0.445022 0.767592
vt 0.507916 0.767592
vt 0.570810 0.767592
vt 0.633705 0.767592
vt 0.696600 0.767592
vt 0.759494 0.767592
vt 0.822389 0.767592
vt 0.885283 0.767592
vt 0.948178 0.767592
vt 0.067654 0.788885
vt 0.004760 0.788885
vt 0.130549 0.788885
vt 0.193443 0.788885
vt 0.256338 0.788885
vt 0.319232 0.788885
vt 0.382127 0.788885
vt 0.445022 0.788885
vt 0.507916 0.788885
vt 0.570810 0.788885
vt 0.633705 0.788885
vt 0.696600 0.788885
vt 0.759494 0.788885
vt 0.822389 0.788885
vt 0.885283 0.788885
vt 0.948178 0.788885
vt 0.067654 0.810139
vt 0.004760 0.810139
vt 0.130549 0.810139
vt 0.193443 0.810139
vt 0.256338 0.810139
vt 0.319232 0.810139
vt 0.382127 0.810139
vt 0.445022 0.810139
vt 0.507916 0.810139
vt 0.570810 0.810139
vt 0.633705 0.810139
vt 0.696600 0.810139
vt 0.759494 0.810139
vt 0.822389 0.810139
vt 0.885283 0.810139
vt 0.948178 0.810139
vt 0.067654 0.831358
vt 0.004760 0.831358
vt 0.130549 0.831358
vt 0.193443 0.831358
vt 0.256338 0.831358
vt 0.319232 0.831358
vt 0.382127 0.831358
vt 0.445022 0.831358
vt 0.507916 0.831358
vt 0.570810 0.831358
vt 0.633705 0.831358
vt 0.696600 0.831358
vt 0.759494 0.831358
vt 0.822389 0.831358
vt 0.885283 0.831358
vt 0.948178 0.831358
vt 0.067654 0.852543
vt 0.004760 0.852543
vt 0.130549 0.852543
vt 0.193443 0.852543
vt 0.256338 0.852543
vt 0.319232 0.852543
vt 0.382127 0.852543
vt 0.445022 0.852543
vt 0.507916 0.852543
vt 0.570810 0.852543
vt 0.633705 0.852543
vt 0.696600 0.852543
vt 0.759494 0.852543
vt 0.822389 0.852543
vt 0.885283 0.852543
vt 0.948178 0.852543
vt 0.067654 0.873667
vt 0.004760 0.873667
vt 0.130549 0.873667
vt 0.193443 0.873667
vt 0.256338 0.873667
vt 0.319232 0.873667
vt 0.382127 0.873667
vt 0.445022 0.873667
vt 0.507916 0.873667
vt 0.570810 0.873667
vt 0.633705 0.873667
vt 0.696600 0.873667
vt 0.759494 0.873667
vt 0.822389 0.873667
vt 0.885283 0.873667
vt 0.948178 0.873667
vt 0.070084 0.894805
vt 0.004760 0.894805
vt 0.135409 0.894805
vt 0.200733 0.894805
vt 0.266058 0.894805
vt 0.331382 0.894805
vt 0.396707 0.894805
vt 0.462031 0.894805
vt 0.527356 0.894805
vt 0.592680 0.894805
vt 0.658005 0.894805
vt 0.723329 0.894805
vt 0.788653 0.894805
vt 0.853978 0.894805
vt 0.919303 0.894805
vt 0.984627 0.894805
vt 0.070084 0.915909
vt 0.004760 0.915909
vt 0.135409 0.915909
vt 0.200733 0.915909
vt 0.266058 0.915909
vt 0.331382 0.915909
vt 0.396707 0.915909
vt 0.462031 0.915909
vt 0.527356 0.915909
vt 0.592680 0.915909
vt 0.658005 0.915909
vt 0.723329 0.915909
vt 0.788653 0.915909
vt 0.853978 0.915909
vt 0.919303 0.915909
vt 0.984627 0.915909
vt 0.070084 0.936983
vt 0.004760 0.936983
vt 0.135409 0.936983
vt 0.200733 0.936983
vt 0.266058 0.936983
vt 0.331382 0.936983
vt 0.396707 0.936983
vt 0.462031 0.936983
vt 0.527356 0.936983
vt 0.592680 0.936983
vt 0.658005 0.936983
vt 0.723329 0.936983
vt 0.788653 0.936983
vt 0.853978 0.936983
vt 0.919303 0.936983
vt 0.984627 0.936983
vt 0.070084 0.958014
vt 0.004760 0.958014
vt 0.135409 0.958014
vt 0.200733 0.958014
vt 0.266058 0.958014
vt 0.331382 0.958014
vt 0.396707 0.958014
vt 0.462031 0.958014
vt 0.527356 0.958014
vt 0.592680 0.958014
vt 0.658005 0.958014
vt 0.723329 0.958014
vt 0.788653 0.958014
vt 0.853978 0.958014
vt 0.919303 0.958014
vt 0.984627 0.958014
vt 0.070084 0.979057
vt 0.004760 0.979057
vt 0.135409 0.979057
vt 0.200733 0.979057
vt 0.266058 0.979057
vt 0.331382 0.979057
vt 0.396707 0.979057
vt 0.462031 0.979057
vt 0.527356 0.979057
vt 0.592680 0.979057
vt 0.658005 0.979057
vt 0.723329 0.979057
vt 0.788653 0.979057
vt 0.853978 0.979057
vt 0.919303 0.979057
vt 0.984627 0.979057
vt 0.004760 0.000000
vt 0.070388 0.000000
vt 0.070388 0.020644
vt 0.004760 0.020644
vt 0.136016 0.000000
vt 0.136016 0.020644
vt 0.201644 0.000000
vt 0.201644 0.020644
vt 0.267272 0.000000
vt 0.267272 0.020644
vt 0.332901 0.000000
vt 0.332901 0.020644
vt 0.398529 0.000000
vt 0.398529 0.020644
vt 0.464157 0.000000
vt 0.464157 0.020644
vt 0.529785 0.000000
vt 0.529785 0.020644
vt 0.595413 0.000000
vt 0.595413 0.020644
vt 0.661041 0.000000
vt 0.661041 0.020644
vt 0.726670 0.000000
vt 0.726670 0.020644
vt 0.792298 0.000000
vt 0.792298 0.020644
vt 0.857926 0.000000
vt 0.857926 0.020644
vt 0.923554 0.000000
vt 0.923554 0.020644
vt 0.989182 0.000000
vt 0.989182 0.020644
vt 0.070388 0.041428
vt 0.004760 0.041428
vt 0.136016 0.041428
vt 0.201644 0.041428
vt 0.267272 0.041428
vt 0.332901 0.041428
vt 0.398529 0.041428
vt 0.464157 0.041428
vt 0.529785 0.041428
vt 0.595413 0.041428
vt 0.661041 0.041428
vt 0.726670 0.041428
vt 0.792298 0.041428
vt 0.857926 0.041428
vt 0.923554 0.041428
vt 0.989182 0.041428
vt 0.070388 0.062295
vt 0.004760 0.062295
vt 0.136016 0.062295
vt 0.201644 0.062295
vt 0.267272 0.062295
vt 0.332901 0.062295
vt 0.398529 0.062295
vt 0.464157 0.062295
vt 0.529785 0.062295
vt 0.595413 0.062295
vt 0.661041 0.062295
vt 0.726670 0.062295
vt 0.792298 0.062295
vt 0.857926 0.062295
vt 0.923554 0.062295
vt 0.989182 0.062295
vt 0.070388 0.083284
vt 0.004760 0.083284
vt 0.136016 0.083284
vt 0.201644 0.083284
vt 0.267272 0.083284
vt 0.332901 0.083284
vt 0.398529 0.083284
vt 0.464157 0.083284
vt 0.529785 0.083284
vt 0.595413 0.083284
vt 0.661041 0.083284
vt 0.726670 0.083284
vt 0.792298 0.083284
vt 0.857926 0.083284
vt 0.923554 0.083284
vt 0.989182 0.083284
vt 0.070388 0.104312
vt 0.004760 0.104312
vt 0.136016 0.104312
vt 0.201644 0.104312
vt 0.267272 0.104312
vt 0.332901 0.104312
vt 0.398529 0.104312
vt 0.464157 0.104312
vt 0.529785 0.104312
vt 0.595413 0.104312
vt 0.661041 0.104312
vt 0.726670 0.104312
vt 0.792298 0.104312
vt 0.857926 0.104312
vt 0.923554 0.104312
vt 0.989182 0.104312
vt 0.070388 0.125368
vt 0.004760 0.125368
vt 0.136016 0.125368
vt 0.201644 0.125368
vt 0.267272 0.125368
vt 0.332901 0.125368
vt 0.398529 0.125368
vt 0.464157 0.125368
vt 0.529785 0.125368
vt 0.595413 0.125368
vt 0.661041 0.125368
vt 0.726670 0.125368
vt 0.792298 0.125368
vt 0.857926 0.125368
vt 0.923554 0.125368
vt 0.989182 0.125368
vt 0.070388 0.146459
vt 0.004760 0.146459
vt 0.136016 0.146459
vt 0.201644 0.146459
vt 0.267272 0.146459
vt 0.332901 0.146459
vt 0.398529 0.146459
vt 0.464157 0.146459
vt 0.529785 0.146459
vt 0.595413 0.146459
vt 0.661041 0.146459
vt 0.726670 0.146459
vt 0.792298 0.146459
vt 0.857926 0.146459
vt 0.923554 0.146459
vt 0.989182 0.146459
vt 0.070388 0.167464
vt 0.004760 0.167464
vt 0.136016 0.167464
vt 0.201644 0.167464
vt 0.267272 0.167464
vt 0.332901 0.167464
vt 0.398529 0.167464
vt 0.464157 0.167464
vt 0.529785 0.167464
vt 0.595413 0.167464
vt 0.661041 0.167464
vt 0.726670 0.167464
vt 0.792298 0.167464
vt 0.857926 0.167464
vt 0.923554 0.167464
vt 0.989182 0.167464
vt 0.070388 0.188403
vt 0.004760 0.188403
vt 0.136016 0.188403
vt 0.201644 0.188403
vt 0.267272 0.188403
vt 0.332901 0.188403
vt 0.398529 0.188403
vt 0.464157 0.188403
vt 0.529785 0.188403
vt 0.595413 0.188403
vt 0.661041 0.188403
vt 0.726670 0.188403
vt 0.792298 0.188403
vt 0.857926 0.188403
vt 0.923554 0.188403
vt 0.989182 0.188403
vt 0.070388 0.209171
vt 0.004760 0.209171
vt 0.136016 0.209171
vt 0.201644 0.209171
vt 0.267272 0.209171
vt 0.332901 0.209171
vt 0.398529 0.209171
vt 0.464157 0.209171
vt 0.529785 0.209171
vt 0.595413 0.209171
vt 0.661041 0.209171
vt 0.726670 0.209171
vt 0.792298 0.209171
vt 0.857926 0.209171
vt 0.923554 0.209171
vt 0.989182 0.209171
vt 0.070388 0.229755
vt 0.004760 0.229755
vt 0.136016 0.229755
vt 0.201644 0.229755
vt 0.267272 0.229755
vt 0.332901 0.229755
vt 0.398529 0.229755
vt 0.464157 0.229755
vt 0.529785 0.229755
vt 0.595413 0.229755
vt 0.661041 0.229755
vt 0.726670 0.229755
vt 0.792298 0.229755
vt 0.857926 0.229755
vt 0.923554 0.229755
vt 0.989182 0.229755
vt 0.070388 0.250162
vt 0.004760 0.250162
vt 0.136016 0.250162
vt 0.201644 0.250162
vt 0.267272 0.250162
vt 0.332901 0.250162
vt 0.398529 0.250162
vt 0.464157 0.250162
vt 0.529785 0.250162
vt 0.595413 0.250162
vt 0.661041 0.250162
vt 0.726670 0.250162
vt 0.792298 0.250162
vt 0.857926 0.250162
vt 0.923554 0.250162
vt 0.989182 0.250162
vt 0.070388 0.270330
vt 0.004760 0.270330
vt 0.136016 0.270330
vt 0.201644 0.270330
vt 0.267272 0.270330
vt 0.332901 0.270330
vt 0.398529 0.270330
vt 0.464157 0.270330
vt 0.529785 0.270330
vt 0.595413 0.270330
vt 0.661041 0.270330
vt 0.726670 0.270330
vt 0.792298 0.270330
vt 0.857926 0.270330
vt 0.923554 0.270330
vt 0.989182 0.270330
vt 0.070388 0.290296
vt 0.004760 0.290296
vt 0.136016 0.290296
vt 0.201644 0.290296
vt 0.267272 0.290296
vt 0.332901 0.290296
vt 0.398529 0.290296
vt 0.464157 0.290296
vt 0.529785 0.290296
vt 0.595413 0.290296
vt 0.661041 0.290296
vt 0.726670 0.290296
vt 0.792298 0.290296
vt 0.857926 0.290296
vt 0.923554 0.290296
vt 0.989182 0.290296
vt 0.070388 0.310097
vt 0.004760 0.310097
vt 0.136016 0.310097
vt 0.201644 0.310097
vt 0.267272 0.310097
vt 0.332901 0.310097
vt 0.398529 0.310097
vt 0.464157 0.310097
vt 0.529785 0.310097
vt 0.595413 0.310097
vt 0.661041 0.310097
vt 0.726670 0.310097
vt 0.792298 0.310097
vt 0.857926 0.310097
vt 0.923554 0.310097
vt 0.989182 0.310097
vt 0.070388 0.329782
vt 0.004760 0.329782
vt 0.136016 0.329782
vt 0.201644 0.329782
vt 0.267272 0.329782
vt 0.332901 0.329782
vt 0.398529 0.329782
vt 0.464157 0.329782
vt 0.529785 0.329782
vt 0.595413 0.329782
vt 0.661041 0.329782
vt 0.726670 0.329782
vt 0.792298 0.329782
vt 0.857926 0.329782
vt 0.923554 0.329782
vt 0.989182 0.329782
vt 0.070388 0.349411
vt 0.004760 0.349411
vt 0.136016 0.349411
vt 0.201644 0.349411
vt 0.267272 0.349411
vt 0.332901 0.349411
vt 0.398529 0.349411
vt 0.464157 0.349411
vt 0.529785 0.349411
vt 0.595413 0.349411
vt 0.661041 0.349411
vt 0.726670 0.349411
vt 0.792298 0.349411
vt 0.857926 0.349411
vt 0.923554 0.349411
vt 0.989182 0.349411
vt 0.070388 0.369042
vt 0.004760 0.369042
vt 0.136016 0.369042
vt 0.201644 0.369042
vt 0.267272 0.369042
vt 0.332901 0.369042
vt 0.398529 0.369042
vt 0.464157 0.369042
vt 0.529785 0.369042
vt 0.595413 0.369042
vt 0.661041 0.369042
vt 0.726670 0.369042
vt 0.792298 0.369042
vt 0.857926 0.369042
vt 0.923554 0.369042
vt 0.989182 0.369042
vt 0.070388 0.388726
vt 0.004760 0.388726
vt 0.136016 0.388726
vt 0.201644 0.388726
vt 0.267272 0.388726
vt 0.332901 0.388726
vt 0.398529 0.388726
vt 0.464157 0.388726
vt 0.529785 0.388726
vt 0.595413 0.388726
vt 0.661041 0.388726
vt 0.726670 0.388726
vt 0.792298 0.388726
vt 0.857926 0.388726
vt 0.923554 0.388726
vt 0.989182 0.388726
vt 0.070388 0.408505
vt 0.004760 0.408505
vt 0.136016 0.408505
vt 0.201644 0.408505
vt 0.267272 0.408505
vt 0.332901 0.408505
vt 0.398529 0.408505
vt 0.464157 0.408505
vt 0.529785 0.408505
vt 0.595413 0.408505
vt 0.661041 0.408505
vt 0.726670 0.408505
vt 0.792298 0.408505
vt 0.857926 0.408505
vt 0.923554 0.408505
vt 0.989182 0.408505
vt 0.070388 0.428379
vt 0.004760 0.428379
vt 0.136016 0.428379
vt 0.201644 0.428379
vt 0.267272 0.428379
vt 0.332901 0.428379
vt 0.398529 0.428379
vt 0.464157 0.428379
vt 0.529785 0.428379
vt 0.595413 0.428379
vt 0.661041 0.428379
vt 0.726670 0.428379
vt 0.792298 0.428379
vt 0.857926 0.428379
vt 0.923554 0.428379
vt 0.989182 0.428379
vt 0.070388 0.448428
vt 0.004760 0.448428
vt 0.136016 0.448428
vt 0.201644 0.448428
vt 0.267272 0.448428
vt 0.332901 0.448428
vt 0.398529 0.448428
vt 0.464157 0.448428
vt 0.529785 0.448428
vt 0.595413 0.448428
vt 0.661041 0.448428
vt 0.726670 0.448428
vt 0.792298 0.448428
vt 0.857926 0.448428
vt 0.923554 0.448428
vt 0.989182 0.448428
vt 0.070388 0.468607
vt 0.004760 0.468607
vt 0.136016 0.468607
vt 0.201644 0.468607
vt 0.267272 0.468607
vt 0.332901 0.468607
vt 0.398529 0.468607
vt 0.464157 0.468607
vt 0.529785 0.468607
vt 0.595413 0.468607
vt 0.661041 0.468607
vt 0.726670 0.468607
vt 0.792298 0.468607
vt 0.857926 0.468607
vt 0.923554 0.468607
vt 0.989182 0.468607
vt 0.070388 0.489003
vt 0.004760 0.489003
vt 0.136016 0.489003
vt 0.201644 0.489003
vt 0.267272 0.489003
vt 0.332901 0.489003
vt 0.398529 0.489003
vt 0.464157 0.489003
vt 0.529785 0.489003
vt 0.595413 0.489003
vt 0.661041 0.489003
vt 0.726670 0.489003
vt 0.792298 0.489003
vt 0.857926 0.489003
vt 0.923554 0.489003
vt 0.989182 0.489003
vt 0.070388 0.509461
vt 0.004760 0.509461
vt 0.136016 0.509461
vt 0.201644 0.509461
vt 0.267272 0.509461
vt 0.332901 0.509461
vt 0.398529 0.509461
vt 0.464157 0.509461
vt 0.529785 0.509461
vt 0.595413 0.509461
vt 0.661041 0.509461
vt 0.726670 0.509461
vt 0.792298 0.509461
vt 0.857926 0.509461
vt 0.923554 0.509461
vt 0.989182 0.509461
vt 0.070388 0.530095
vt 0.004760 0.530095
vt 0.136016 0.530095
vt 0.201644 0.530095
vt 0.267272 0.530095
vt 0.332901 0.530095
vt 0.398529 0.530095
vt 0.464157 0.530095
vt 0.529785 0.530095
vt 0.595413 0.530095
vt 0.661041 0.530095
vt 0.726670 0.530095
vt 0.792298 0.530095
vt 0.857926 0.530095
vt 0.923554 0.530095
vt 0.989182 0.530095
vt 0.070388 0.550855
vt 0.004760 0.550855
vt 0.136016 0.550855
vt 0.201644 0.550855
vt 0.267272 0.550855
vt 0.332901 0.550855
vt 0.398529 0.550855
vt 0.464157 0.550855
vt 0.529785 0.550855
vt 0.595413 0.550855
vt 0.661041 0.550855
vt 0.726670 0.550855
vt 0.792298 0.550855
vt 0.857926 0.550855
vt 0.923554 0.550855
vt 0.989182 0.550855
vt 0.070388 0.571731
vt 0.004760 0.571731
vt 0.136016 0.571731
vt 0.201644 0.571731
vt 0.267272 0.571731
vt 0.332901 0.571731
vt 0.398529 0.571731
vt 0.464157 0.571731
vt 0.529785 0.571731
vt 0.595413 0.571731
vt 0.661041 0.571731
vt 0.726670 0.571731
vt 0.792298 0.571731
vt 0.857926 0.571731
vt 0.923554 0.571731
vt 0.989182 0.571731
vt 0.070388 0.592682
vt 0.004760 0.592682
vt 0.136016 0.592682
vt 0.201644 0.592682
vt 0.267272 0.592682
vt 0.332901 0.592682
vt 0.398529 0.592682
vt 0.464157 0.592682
vt 0.529785 0.592682
vt 0.595413 0.592682
vt 0.661041 0.592682
vt 0.726670 0.592682
vt 0.792298 0.592682
vt 0.857926 0.592682
vt 0.923554 0.592682
vt 0.989182 0.592682
vt 0.070388 0.613768
vt 0.004760 0.613768
vt 0.136016 0.613768
vt 0.201644 0.613768
vt 0.267272 0.613768
vt 0.332901 0.613768
vt 0.398529 0.613768
vt 0.464157 0.613768
vt 0.529785 0.613768
vt 0.595413 0.613768
vt 0.661041 0.613768
vt 0.726670 0.613768
vt 0.792298 0.613768
vt 0.857926 0.613768
vt 0.923554 0.613768
vt 0.989182 0.613768
vt 0.070388 0.634937
vt 0.004760 0.634937
vt 0.136016 0.634937
vt 0.201644 0.634937
vt 0.267272 0.634937
vt 0.332901 0.634937
vt 0.398529 0.634937
vt 0.464157 0.634937
vt 0.529785 0.634937
vt 0.595413 0.634937
vt 0.661041 0.634937
vt 0.726670 0.634937
vt 0.792298 0.634937
vt 0.857926 0.634937
vt 0.923554 0.634937
vt 0.989182 0.634937
vt 0.070388 0.656179
vt 0.004760 0.656179
vt 0.136016 0.656179
vt 0.201644 0.656179
vt 0.267272 0.656179
vt 0.332901 0.656179
vt 0.398529 0.656179
vt 0.464157 0.656179
vt 0.529785 0.656179
vt 0.595413 0.656179
vt 0.661041 0.656179
vt 0.726670 0.656179
vt 0.792298 0.656179
vt 0.857926 0.656179
vt 0.923554 0.656179
vt 0.989182 0.656179
vt 0.070388 0.677452
vt 0.004760 0.677452
vt 0.136016 0.677452
vt 0.201644 0.677452
vt 0.267272 0.677452
vt 0.332901 0.677452
vt 0.398529 0.677452
vt 0.464157 0.677452
vt 0.529785 0.677452
vt 0.595413 0.677452
vt 0.661041 0.677452
vt 0.726670 0.677452
vt 0.792298 0.677452
vt 0.857926 0.677452
vt 0.923554 0.677452
vt 0.989182 0.677452
vt 0.070388 0.698824
vt 0.004760 0.698824
vt 0.136016 0.698824
vt 0.201644 0.698824
vt 0.267272 0.698824
vt 0.332901 0.698824
vt 0.398529 0.698824
vt 0.464157 0.698824
vt 0.529785 0.698824
vt 0.595413 0.698824
vt 0.661041 0.698824
vt 0.726670 0.698824
vt 0.792298 0.698824
vt 0.857926 0.698824
vt 0.923554 0.698824
vt 0.989182 0.698824
vt 0.070388 0.720240
vt 0.004760 0.720240
vt 0.136016 0.720240
vt 0.201644 0.720240
vt 0.267272 0.720240
vt 0.332901 0.720240
vt 0.398529 0.720240
vt 0.464157 0.720240
vt 0.529785 0.720240
vt 0.595413 0.720240
vt 0.661041 0.720240
vt 0.726670 0.720240
vt 0.792298 0.720240
vt 0.857926 0.720240
vt 0.923554 0.720240
vt 0.989182 0.720240
vt 0.070388 0.741693
vt 0.004760 0.741693
vt 0.136016 0.741693
vt 0.201644 0.741693
vt 0.267272 0.741693
vt 0.332901 0.741693
vt 0.398529 0.741693
vt 0.464157 0.741693
vt 0.529785 0.741693
vt 0.595413 0.741693
vt 0.661041 0.741693
vt 0.726670 0.741693
vt 0.792298 0.741693
vt 0.857926 0.741693
vt 0.923554 0.741693
vt 0.989182 0.741693
vt 0.022458 0.763136
vt 0.000000 0.763136
vt 0.044916 0.763136
vt 0.067374 0.763136
vt 0.089831 0.763136
vt 0.112289 0.763136
vt 0.134747 0.763136
vt 0.157205 0.763136
vt 0.179663 0.763136
vt 0.202121 0.763136
vt 0.224579 0.763136
vt 0.247036 0.763136
vt 0.269494 0.763136
vt 0.291952 0.763136
vt 0.314410 0.763136
vt 0.336868 0.763136
vt 0.022458 0.784659
vt 0.000000 0.784659
vt 0.044916 0.784659
vt 0.067374 0.784659
vt 0.089831 0.784659
vt 0.112289 0.784659
vt 0.134747 0.784659
vt 0.157205 0.784659
vt 0.179663 0.784659
vt 0.202121 0.784659
vt 0.224579 0.784659
vt 0.247036 0.784659
vt 0.269494 0.784659
vt 0.291952 0.784659
vt 0.314410 0.784659
vt 0.336868 0.784659
vt 0.022458 0.806195
vt 0.000000 0.806195
vt 0.044916 0.806195
vt 0.067374 0.806195
vt 0.089831 0.806195
vt 0.112289 0.806195
vt 0.134747 0.806195
vt 0.157205 0.806195
vt 0.179663 0.806195
vt 0.202121 0.806195
vt 0.224579 0.806195
vt 0.247036 0.806195
vt 0.269494 0.806195
vt 0.291952 0.806195
vt 0.314410 0.806195
vt 0.336868 0.806195
vt 0.022458 0.827742
vt 0.000000 0.827742
vt 0.044916 0.827742
vt 0.067374 0.827742
vt 0.089831 0.827742
vt 0.112289 0.827742
vt 0.134747 0.827742
vt 0.157205 0.827742
vt 0.179663 0.827742
vt 0.202121 0.827742
vt 0.224579 0.827742
vt 0.247036 0.827742
vt 0.269494 0.827742
vt 0.291952 0.827742
vt 0.314410 0.827742
vt 0.336868 0.827742
vt 0.022458 0.849294
vt 0.000000 0.849294
vt 0.044916 0.849294
vt 0.067374 0.849294
vt 0.089831 0.849294
vt 0.112289 0.849294
vt 0.134747 0.849294
vt 0.157205 0.849294
vt 0.179663 0.849294
vt 0.202121 0.849294
vt 0.224579 0.849294
vt 0.247036 0.849294
vt 0.269494 0.849294
vt 0.291952 0.849294
vt 0.314410 0.849294
vt 0.336868 0.849294
vt 0.022458 0.870819
vt 0.000000 0.870819
vt 0.044916 0.870819
vt 0.067374 0.870819
vt 0.089831 0.870819
vt 0.112289 0.870819
vt 0.134747 0.870819
vt 0.157205 0.870819
vt 0.179663 0.870819
vt 0.202121 0.870819
vt 0.224579 0.870819
vt 0.247036 0.870819
vt 0.269494 0.870819
vt 0.291952 0.870819
vt 0.314410 0.870819
vt 0.336868 0.870819
vt 0.022458 0.892388
vt 0.000000 0.892388
vt 0.044916 0.892388
vt 0.067374 0.892388
vt 0.089831 0.892388
vt 0.112289 0.892388
vt 0.134747 0.892388
vt 0.157205 0.892388
vt 0.179663 0.892388
vt 0.202121 0.892388
vt 0.224579 0.892388
vt 0.247036 0.892388
vt 0.269494 0.892388
vt 0.291952 0.892388
vt 0.314410 0.892388
vt 0.336868 0.892388
vt 0.022458 0.913947
vt 0.000000 0.913947
vt 0.044916 0.913947
vt 0.067374 0.913947
vt 0.089831 0.913947
vt 0.112289 0.913947
vt 0.134747 0.913947
vt 0.157205 0.913947
vt 0.179663 0.913947
vt 0.202121 0.913947
vt 0.224579 0.913947
vt 0.247036 0.913947
vt 0.269494 0.913947
vt 0.291952 0.913947
vt 0.314410 0.913947
vt 0.336868 0.913947
vt 0.022458 0.935495
vt 0.000000 0.935495
vt 0.044916 0.935495
vt 0.067374 0.935495
vt 0.089831 0.935495
vt 0.112289 0.935495
vt 0.134747 0.935495
vt 0.157205 0.935495
vt 0.179663 0.935495
vt 0.202121 0.935495
vt 0.224579 0.935495
vt 0.247036 0.935495
vt 0.269494 0.935495
vt 0.291952 0.935495
vt 0.314410 0.935495
vt 0.336868 0.935495
vt 0.005584 0.000000
vt 0.076595 0.000000
vt 0.076595 0.030520
vt 0.005584 0.030520
vt 0.147606 0.000000
vt 0.147606 0.030520
vt 0.218618 0.000000
vt 0.218618 0.030520
vt 0.289629 0.000000
vt 0.289629 0.030520
vt 0.360640 0.000000
vt 0.360640 0.030520
vt 0.431651 0.000000
vt 0.431651 0.030520
vt 0.502662 0.000000
vt 0.502662 0.030520
vt 0.573673 0.000000
vt 0.573673 0.030520
vt 0.076595 0.061778
vt 0.005584 0.061778
vt 0.147606 0.061778
vt 0.218618 0.061778
vt 0.289629 0.061778
vt 0.360640 0.061778
vt 0.431651 0.061778
vt 0.502662 0.061778
vt 0.573673 0.061778
vt 0.076595 0.093883
vt 0.005584 0.093883
vt 0.147606 0.093883
vt 0.218618 0.093883
vt 0.289629 0.093883
vt 0.360640 0.093883
vt 0.431651 0.093883
vt 0.502662 0.093883
vt 0.573673 0.093883
vt 0.076595 0.126953
vt 0.005584 0.126953
vt 0.147606 0.126953
vt 0.218618 0.126953
vt 0.289629 0.126953
vt 0.360640 0.126953
vt 0.431651 0.126953
vt 0.502662 0.126953
vt 0.573673 0.126953
vt 0.076595 0.161053
vt 0.005584 0.161053
vt 0.147606 0.161053
vt 0.218618 0.161053
vt 0.289629 0.161053
vt 0.360640 0.161053
vt 0.431651 0.161053
vt 0.502662 0.161053
vt 0.573673 0.161053
vt 0.076595 0.196286
vt 0.005584 0.196286
vt 0.147606 0.196286
vt 0.218618 0.196286
vt 0.289629 0.196286
vt 0.360640 0.196286
vt 0.431651 0.196286
vt 0.502662 0.196286
vt 0.573673 0.196286
vt 0.076595 0.232522
vt 0.005584 0.232522
vt 0.147606 0.232522
vt 0.218618 0.232522
vt 0.289629 0.232522
vt 0.360640 0.232522
vt 0.431651 0.232522
vt 0.502662 0.232522
vt 0.573673 0.232522
vt 0.076595 0.269644
vt 0.005584 0.269644
vt 0.147606 0.269644
vt 0.218618 0.269644
vt 0.289629 0.269644
vt 0.360640 0.269644
vt 0.431651 0.269644
vt 0.502662 0.269644
vt 0.573673 0.269644
vt 0.076595 0.307251
vt 0.005584 0.307251
vt 0.147606 0.307251
vt 0.218618 0.307251
vt 0.289629 0.307251
vt 0.360640 0.307251
vt 0.431651 0.307251
vt 0.502662 0.307251
vt 0.573673 0.307251
vt 0.076595 0.344986
vt 0.005584 0.344986
vt 0.147606 0.344986
vt 0.218618 0.344986
vt 0.289629 0.344986
vt 0.360640 0.344986
vt 0.431651 0.344986
vt 0.502662 0.344986
vt 0.573673 0.344986
vt 0.076595 0.382501
vt 0.005584 0.382501
vt 0.147606 0.382501
vt 0.218618 0.382501
vt 0.289629 0.382501
vt 0.360640 0.382501
vt 0.431651 0.382501
vt 0.502662 0.382501
vt 0.573673 0.382501
vt 0.076595 0.419567
vt 0.005584 0.419567
vt 0.147606 0.419567
vt 0.218618 0.419567
vt 0.289629 0.419567
vt 0.360640 0.419567
vt 0.431651 0.419567
vt 0.502662 0.419567
vt 0.573673 0.419567
vt 0.076595 0.456058
vt 0.005584 0.456058
vt 0.147606 0.456058
vt 0.218618 0.456058
vt 0.289629 0.456058
vt 0.360640 0.456058
vt 0.431651 0.456058
vt 0.502662 0.456058
vt 0.573673 0.456058
vt 0.076595 0.492022
vt 0.005584 0.492022
vt 0.147606 0.492022
vt 0.218618 0.492022
vt 0.289629 0.492022
vt 0.360640 0.492022
vt 0.431651 0.492022
vt 0.502662 0.492022
vt 0.573673 0.492022
vt 0.076595 0.527526
vt 0.005584 0.527526
vt 0.147606 0.527526
vt 0.218618 0.527526
vt 0.289629 0.527526
vt 0.360640 0.527526
vt 0.431651 0.527526
vt 0.502662 0.527526
vt 0.573673 0.527526
vt 0.076595 0.562589
vt 0.005584 0.562589
vt 0.147606 0.562589
vt 0.218618 0.562589
vt 0.289629 0.562589
vt 0.360640 0.562589
vt 0.431651 0.562589
vt 0.502662 0.562589
vt 0.573673 0.562589
vt 0.076595 0.597283
vt 0.005584 0.597283
vt 0.147606 0.597283
vt 0.218618 0.597283
vt 0.289629 0.597283
vt 0.360640 0.597283
vt 0.431651 0.597283
vt 0.502662 0.597283
vt 0.573673 0.597283
vt 0.076595 0.631651
vt 0.005584 0.631651
vt 0.147606 0.631651
vt 0.218618 0.631651
vt 0.289629 0.631651
vt 0.360640 0.631651
vt 0.431651 0.631651
vt 0.502662 0.631651
vt 0.573673 0.631651
vt 0.076595 0.665805
vt 0.005584 0.665805
vt 0.147606 0.665805
vt 0.218618 0.665805
vt 0.289629 0.665805
vt 0.360640 0.665805
vt 0.431651 0.665805
vt 0.502662 0.665805
vt 0.573673 0.665805
vt 0.076595 0.699717
vt 0.005584 0.699717
vt 0.147606 0.699717
vt 0.218618 0.699717
vt 0.289629 0.699717
vt 0.360640 0.699717
vt 0.431651 0.699717
vt 0.502662 0.699717
vt 0.573673 0.699717
vt 0.076595 0.733505
vt 0.005584 0.733505
vt 0.147606 0.733505
vt 0.218618 0.733505
vt 0.289629 0.733505
vt 0.360640 0.733505
vt 0.431651 0.733505
vt 0.502662 0.733505
vt 0.573673 0.733505
vt 0.076595 0.767143
vt 0.005584 0.767143
vt 0.147606 0.767143
vt 0.218618 0.767143
vt 0.289629 0.767143
vt 0.360640 0.767143
vt 0.431651 0.767143
vt 0.502662 0.767143
vt 0.573673 0.767143
vt 0.076595 0.800635
vt 0.005584 0.800635
vt 0.147606 0.800635
vt 0.218618 0.800635
vt 0.289629 0.800635
vt 0.360640 0.800635
vt 0.431651 0.800635
vt 0.502662 0.800635
vt 0.573673 0.800635
vt 0.076595 0.834062
vt 0.005584 0.834062
vt 0.147606 0.834062
vt 0.218618 0.834062
vt 0.289629 0.834062
vt 0.360640 0.834062
vt 0.431651 0.834062
vt 0.502662 0.834062
vt 0.573673 0.834062
vt 0.076595 0.867352
vt 0.005584 0.867352
vt 0.147606 0.867352
vt 0.218618 0.867352
vt 0.289629 0.867352
vt 0.360640 0.867352
vt 0.431651 0.867352
vt 0.502662 0.867352
vt 0.573673 0.867352
vt 0.048600 0.900637
vt 0.000000 0.900637
vt 0.097200 0.900637
vt 0.145800 0.900637
vt 0.194401 0.900637
vt 0.243001 0.900637
vt 0.291601 0.900637
vt 0.340201 0.900637
vt 0.388801 0.900637
vt 0.048600 0.933840
vt 0.000000 0.933840
vt 0.097200 0.933840
vt 0.145800 0.933840
vt 0.194401 0.933840
vt 0.243001 0.933840
vt 0.291601 0.933840
vt 0.340201 0.933840
vt 0.388801 0.933840
vt 0.048600 0.966969
vt 0.000000 0.966969
vt 0.097200 0.966969
vt 0.145800 0.966969
vt 0.194401 0.966969
vt 0.243001 0.966969
vt 0.291601 0.966969
vt 0.340201 0.966969
vt 0.388801 0.966969
vt 0.382127 0.489765
vt 0.319232 0.489765
vt 0.319232 0.510987
vt 0.445022 0.489765
vt 0.445022 0.510987
vt 0.319232 0.532318
vt 0.382127 0.532318
vt 0.445022 0.532318
vt 0.073699 0.971292
vt 0.019284 0.944576
vt 0.059161 0.820227
vt 0.115382 0.822354
vt 0.930906 0.951497
vt 0.862663 0.940431
vt 0.865866 0.826591
vt 0.936484 0.827148
vt 0.794421 0.951497
vt 0.799490 0.827148
vt 0.590150 0.944576
vt 0.535734 0.971292
vt 0.494051 0.822354
vt 0.550272 0.820227
vt 0.481319 0.998008
vt 0.442630 0.825329
vt 0.786421 0.964592
vt 0.713584 0.975658
vt 0.689985 0.794544
vt 0.769519 0.791913
vt 0.640747 0.964591
vt 0.620289 0.791913
vt 0.128114 0.998008
vt 0.166803 0.825329
vt 0.061650 0.758246
vt 0.112686 0.756540
vt 0.874728 0.763094
vt 0.946757 0.765167
vt 0.813492 0.765340
vt 0.498233 0.752745
vt 0.547712 0.758419
vt 0.449723 0.757400
vt 0.680695 0.727522
vt 0.748881 0.723984
vt 0.615120 0.723292
vt 0.159453 0.756708
vt 0.039916 0.694782
vt 0.084628 0.685833
vt 0.895136 0.702531
vt 0.959969 0.701703
vt 0.835054 0.700499
vt 0.518117 0.687117
vt 0.566609 0.693578
vt 0.473189 0.676761
vt 0.673333 0.638597
vt 0.732073 0.643345
vt 0.615350 0.643039
vt 0.131700 0.676456
vt 0.021435 0.648768
vt 0.063198 0.633412
vt 0.903159 0.654618
vt 0.958274 0.655689
vt 0.847730 0.659377
vt 0.545031 0.640908
vt 0.588041 0.652456
vt 0.508288 0.619737
vt 0.673088 0.571971
vt 0.722306 0.586321
vt 0.624365 0.579668
vt 0.101120 0.613084
vt 0.001916 0.549781
vt 0.047111 0.550428
vt 0.903159 0.554476
vt 0.946474 0.556702
vt 0.859844 0.556702
vt 0.565918 0.555272
vt 0.607517 0.549781
vt 0.525071 0.557894
vt 0.673088 0.522794
vt 0.715015 0.524478
vt 0.631537 0.518696
vt 0.090593 0.552112
vt 0.025450 0.431150
vt 0.053066 0.445341
vt 0.903159 0.432026
vt 0.934008 0.438071
vt 0.872310 0.438071
vt 0.556367 0.445341
vt 0.583983 0.431150
vt 0.529383 0.458941
vt 0.673088 0.430987
vt 0.708110 0.425525
vt 0.638067 0.425525
vt 0.080050 0.458941
vt 0.101038 0.279832
vt 0.121765 0.296540
vt 0.903159 0.279832
vt 0.927646 0.286753
vt 0.878671 0.286753
vt 0.487668 0.296540
vt 0.508395 0.279832
vt 0.466942 0.313248
vt 0.673088 0.286753
vt 0.703481 0.279832
vt 0.642695 0.279832
vt 0.142491 0.313248
vt 0.260305 0.001992
vt 0.281032 0.018700
vt 0.903159 0.001992
vt 0.927646 0.008913
vt 0.878671 0.008913
vt 0.328401 0.018700
vt 0.349128 0.001992
vt 0.307674 0.035409
vt 0.673088 0.008913
vt 0.703481 0.001992
vt 0.642695 0.001992
vt 0.301759 0.035409
vt 0.101445 0.960957
vt 0.025979 0.923905
vt 0.081283 0.751449
vt 0.159255 0.754399
vt 0.907808 0.933503
vt 0.813165 0.918156
vt 0.817607 0.760276
vt 0.915544 0.761047
vt 0.718522 0.933503
vt 0.725551 0.761047
vt 0.441811 0.923905
vt 0.366344 0.960957
vt 0.308535 0.754399
vt 0.386507 0.751449
vt 0.290878 0.998008
vt 0.237220 0.758526
vt 0.709935 0.951664
vt 0.608919 0.967011
vt 0.576192 0.715830
vt 0.686494 0.712181
vt 0.507904 0.951664
vt 0.479532 0.712181
vt 0.176912 0.998008
vt 0.230569 0.758526
vt 0.084736 0.665490
vt 0.155516 0.663123
vt 0.829897 0.672213
vt 0.929791 0.675088
vt 0.744971 0.675328
vt 0.314336 0.657860
vt 0.382956 0.665730
vt 0.247058 0.664317
vt 0.563307 0.622880
vt 0.657872 0.617972
vt 0.472363 0.617013
vt 0.220375 0.663357
vt 0.054593 0.577473
vt 0.116603 0.565062
vt 0.858200 0.588220
vt 0.948115 0.587072
vt 0.774874 0.585402
vt 0.341912 0.566843
vt 0.409163 0.575804
vt 0.279602 0.552481
vt 0.553097 0.499553
vt 0.634562 0.506137
vt 0.472682 0.505713
vt 0.181885 0.552057
vt 0.028962 0.513658
vt 0.086883 0.492361
vt 0.869326 0.521771
vt 0.945763 0.523256
vt 0.792454 0.528371
vt 0.379238 0.502757
vt 0.438887 0.518773
vt 0.328280 0.473396
vt 0.552758 0.407151
vt 0.621015 0.427052
vt 0.485184 0.417825
vt 0.139475 0.464170
vt 0.001892 0.376377
vt 0.064572 0.377273
vt 0.869326 0.382888
vt 0.929399 0.385975
vt 0.809254 0.385975
vt 0.408204 0.383991
vt 0.465897 0.376377
vt 0.351556 0.387628
vt 0.552758 0.338949
vt 0.610905 0.341284
vt 0.495132 0.333265
vt 0.124876 0.379609
vt 0.034531 0.211850
vt 0.072830 0.231532
vt 0.869326 0.213066
vt 0.912110 0.221449
vt 0.826543 0.221449
vt 0.394960 0.231532
vt 0.433259 0.211850
vt 0.357536 0.250394
vt 0.552758 0.211624
vt 0.601328 0.204049
vt 0.504187 0.204049
vt 0.110254 0.250394
vt 0.139361 0.001992
vt 0.168107 0.025164
vt 0.869326 0.001992
vt 0.903287 0.011590
vt 0.835366 0.011590
vt 0.299683 0.025164
vt 0.328428 0.001992
vt 0.270938 0.048336
vt 0.552758 0.011590
vt 0.594909 0.001992
vt 0.510607 0.001992
vt 0.196852 0.048336
vt 0.168107 0.025164
vt 0.139361 0.001992
vt 0.139361 0.001992
vt 0.903287 0.011590
vt 0.869326 0.001992
vt 0.869326 0.001992
vt 0.869326 0.001992
vt 0.835366 0.011590
vt 0.835366 0.011590
vt 0.328428 0.001992
vt 0.299683 0.025164
vt 0.299683 0.025164
vt 0.299683 0.025164
vt 0.270938 0.048336
vt 0.270938 0.048336
vt 0.594909 0.001992
vt 0.552758 0.011590
vt 0.552758 0.011590
vt 0.552758 0.011590
vt 0.510607 0.001992
vt 0.510607 0.001992
vt 0.196852 0.048336
vt 0.168107 0.025164
vt 0.168107 0.025164
vt 0.139361 0.001992
vt 0.139361 0.001992
vt 0.139361 0.001992
vt 0.139361 0.001992
vt 0.869326 0.001992
vt 0.869326 0.001992
vt 0.869326 0.001992
vt 0.869326 0.001992
vt 0.835366 0.011590
vt 0.835366 0.011590
vt 0.835366 0.011590
vt 0.835366 0.011590
vt 0.299683 0.025164
vt 0.299683 0.025164
vt 0.299683 0.025164
vt 0.299683 0.025164
vt 0.270938 0.048336
vt 0.270938 0.048336
vt 0.270938 0.048336
vt 0.270938 0.048336
vt 0.552758 0.011590
vt 0.552758 0.011590
vt 0.552758 0.011590
vt 0.552758 0.011590
vt 0.510607 0.001992
vt 0.510607 0.001992
vt 0.510607 0.001992
vt 0.510607 0.001992
vt 0.168107 0.025164
vt 0.168107 0.025164
vt 0.168107 0.025164
vt 0.168107 0.025164
vt 0.116603 0.565062
vt 0.054593 0.577473
vt 0.028962 0.513658
vt 0.086883 0.492361
vt 0.948115 0.587072
vt 0.858200 0.588220
vt 0.869326 0.521771
vt 0.945763 0.523256
vt 0.774874 0.585402
vt 0.792454 0.528371
vt 0.409163 0.575804
vt 0.341912 0.566843
vt 0.379238 0.502757
vt 0.438887 0.518773
vt 0.279602 0.552481
vt 0.328280 0.473396
vt 0.634562 0.506137
vt 0.553097 0.499553
vt 0.552758 0.407151
vt 0.621015 0.427052
vt 0.472682 0.505713
vt 0.485184 0.417825
vt 0.181885 0.552057
vt 0.139475 0.464170
vt 0.001892 0.376377
vt 0.064572 0.377273
vt 0.869326 0.382888
vt 0.929399 0.385975
vt 0.809254 0.385975
vt 0.408204 0.383991
vt 0.465897 0.376377
vt 0.351556 0.387628
vt 0.552758 0.338949
vt 0.610905 0.341284
vt 0.495132 0.333265
vt 0.124876 0.379609
vt 0.034531 0.211850
vt 0.072830 0.231532
vt 0.869326 0.213066
vt 0.912110 0.221449
vt 0.826543 0.221449
vt 0.394960 0.231532
vt 0.433259 0.211850
vt 0.357536 0.250394
vt 0.552758 0.211624
vt 0.601328 0.204049
vt 0.504187 0.204049
vt 0.110254 0.250394
vt 0.139361 0.001992
vt 0.168107 0.025164
vt 0.869326 0.001992
vt 0.903287 0.011590
vt 0.835366 0.011590
vt 0.299683 0.025164
vt 0.328428 0.001992
vt 0.270938 0.048336
vt 0.552758 0.011590
vt 0.594909 0.001992
vt 0.510607 0.001992
vt 0.196852 0.048336
vt 0.168107 0.025164
vt 0.139361 0.001992
vt 0.139361 0.001992
vt 0.903287 0.011590
vt 0.869326 0.001992
vt 0.869326 0.001992
vt 0.869326 0.001992
vt 0.835366 0.011590
vt 0.835366 0.011590
vt 0.328428 0.001992
vt 0.299683 0.025164
vt 0.299683 0.025164
vt 0.299683 0.025164
vt 0.270938 0.048336
vt 0.270938 0.048336
vt 0.594909 0.001992
vt 0.552758 0.011590
vt 0.552758 0.011590
vt 0.552758 0.011590
vt 0.510607 0.001992
vt 0.510607 0.001992
vt 0.196852 0.048336
vt 0.168107 0.025164
vt 0.168107 0.025164
vt 0.648603 0.892034
vt 0.634965 0.918800
vt 0.500000 0.843750
vt 0.626409 0.935591
vt 0.591841 0.970159
vt 0.548284 0.992353
vt 0.500000 1.000000
vt 0.451716 0.992353
vt 0.408159 0.970159
vt 0.373591 0.935591
vt 0.351397 0.892034
vt 0.343750 0.843750
vt 0.351397 0.795466
vt 0.373591 0.751909
vt 0.408159 0.717341
vt 0.451716 0.695147
vt 0.500000 0.687500
vt 0.548284 0.695147
vt 0.591842 0.717341
vt 0.626409 0.751908
vt 0.648603 0.795466
vt 0.656250 0.843750
vt 0.101445 0.960957
vt 0.025979 0.923905
vt 0.081283 0.751449
vt 0.159255 0.754399
vt 0.907808 0.933503
vt 0.813165 0.918156
vt 0.817607 0.760276
vt 0.915544 0.761047
vt 0.718522 0.933503
vt 0.725551 0.761047
vt 0.441811 0.923905
vt 0.366344 0.960957
vt 0.308535 0.754399
vt 0.386507 0.751449
vt 0.290878 0.998008
vt 0.237220 0.758526
vt 0.709935 0.951664
vt 0.608919 0.967011
vt 0.576192 0.715830
vt 0.686494 0.712181
vt 0.507904 0.951664
vt 0.479532 0.712181
vt 0.176912 0.998008
vt 0.230569 0.758526
vt 0.084736 0.665490
vt 0.155516 0.663123
vt 0.829897 0.672213
vt 0.929791 0.675088
vt 0.744971 0.675328
vt 0.314336 0.657860
vt 0.382956 0.665730
vt 0.247058 0.664317
vt 0.563307 0.622880
vt 0.657872 0.617972
vt 0.472363 0.617013
vt 0.220375 0.663357
vt 0.054593 0.577473
vt 0.116603 0.565062
vt 0.858200 0.588220
vt 0.948115 0.587072
vt 0.774874 0.585402
vt 0.341912 0.566843
vt 0.409163 0.575804
vt 0.279602 0.552481
vt 0.553097 0.499553
vt 0.634562 0.506137
vt 0.472682 0.505713
vt 0.181885 0.552057
vt 0.028962 0.513658
vt 0.086883 0.492361
vt 0.869326 0.521771
vt 0.945763 0.523256
vt 0.792454 0.528371
vt 0.379238 0.502757
vt 0.438887 0.518773
vt 0.328280 0.473396
vt 0.552758 0.407151
vt 0.621015 0.427052
vt 0.485184 0.417825
vt 0.139475 0.464170
vt 0.001892 0.376377
vt 0.064572 0.377273
vt 0.869326 0.382888
vt 0.929399 0.385975
vt 0.809254 0.385975
vt 0.408204 0.383991
vt 0.465897 0.376377
vt 0.351556 0.387628
vt 0.552758 0.338949
vt 0.610905 0.341284
vt 0.495132 0.333265
vt 0.124876 0.379609
vt 0.034531 0.211850
vt 0.072830 0.231532
vt 0.869326 0.213066
vt 0.912110 0.221449
vt 0.826543 0.221449
vt 0.394960 0.231532
vt 0.433259 0.211850
vt 0.357536 0.250394
vt 0.552758 0.211624
vt 0.601328 0.204049
vt 0.504187 0.204049
vt 0.110254 0.250394
vt 0.139361 0.001992
vt 0.168107 0.025164
vt 0.869326 0.001992
vt 0.903287 0.011590
vt 0.835366 0.011590
vt 0.299683 0.025164
vt 0.328428 0.001992
vt 0.270938 0.048336
vt 0.552758 0.011590
vt 0.594909 0.001992
vt 0.510607 0.001992
vt 0.196852 0.048336
vt 0.168107 0.025164
vt 0.139361 0.001992
vt 0.139361 0.001992
vt 0.903287 0.011590
vt 0.869326 0.001992
vt 0.869326 0.001992
vt 0.869326 0.001992
vt 0.835366 0.011590
vt 0.835366 0.011590
vt 0.328428 0.001992
vt 0.299683 0.025164
vt 0.299683 0.025164
vt 0.299683 0.025164
vt 0.270938 0.048336
vt 0.270938 0.048336
vt 0.594909 0.001992
vt 0.552758 0.011590
vt 0.552758 0.011590
vt 0.552758 0.011590
vt 0.510607 0.001992
vt 0.510607 0.001992
vt 0.196852 0.048336
vt 0.168107 0.025164
vt 0.168107 0.025164
vt 0.159255 0.754399
vt 0.081283 0.751449
vt 0.084736 0.665490
vt 0.155516 0.663123
vt 0.308535 0.754399
vt 0.237220 0.758526
vt 0.247058 0.664317
vt 0.314336 0.657860
vt 0.686494 0.712181
vt 0.576192 0.715830
vt 0.563307 0.622880
vt 0.657872 0.617972
vt 0.479532 0.712181
vt 0.472363 0.617013
vt 0.230569 0.758526
vt 0.220375 0.663357
vt 0.054593 0.577473
vt 0.116603 0.565062
vt 0.929791 0.675088
vt 0.829897 0.672213
vt 0.858200 0.588220
vt 0.948115 0.587072
vt 0.744971 0.675328
vt 0.774874 0.585402
vt 0.382956 0.665730
vt 0.341912 0.566843
vt 0.409163 0.575804
vt 0.279602 0.552481
vt 0.553097 0.499553
vt 0.634562 0.506137
vt 0.472682 0.505713
vt 0.181885 0.552057
vt 0.028962 0.513658
vt 0.086883 0.492361
vt 0.869326 0.521771
vt 0.945763 0.523256
vt 0.792454 0.528371
vt 0.379238 0.502757
vt 0.438887 0.518773
vt 0.328280 0.473396
vt 0.552758 0.407151
vt 0.621015 0.427052
vt 0.485184 0.417825
vt 0.139475 0.464170
vt 0.001892 0.376377
vt 0.064572 0.377273
vt 0.869326 0.382888
vt 0.929399 0.385975
vt 0.809254 0.385975
vt 0.408204 0.383991
vt 0.465897 0.376377
vt 0.351556 0.387628
vt 0.552758 0.338949
vt 0.610905 0.341284
vt 0.495132 0.333265
vt 0.124876 0.379609
vt 0.034531 0.211850
vt 0.072830 0.231532
vt 0.869326 0.213066
vt 0.912110 0.221449
vt 0.826543 0.221449
vt 0.394960 0.231532
vt 0.433259 0.211850
vt 0.357536 0.250394
vt 0.552758 0.211624
vt 0.601328 0.204049
vt 0.504187 0.204049
vt 0.110254 0.250394
vt 0.139361 0.001992
vt 0.168107 0.025164
vt 0.869326 0.001992
vt 0.903287 0.011590
vt 0.835366 0.011590
vt 0.299683 0.025164
vt 0.328428 0.001992
vt 0.270938 0.048336
vt 0.552758 0.011590
vt 0.594909 0.001992
vt 0.510607 0.001992
vt 0.196852 0.048336
vt 0.159255 0.754399
vt 0.081283 0.751449
vt 0.084736 0.665490
vt 0.155516 0.663123
vt 0.308535 0.754399
vt 0.237220 0.758526
vt 0.247058 0.664317
vt 0.314336 0.657860
vt 0.686494 0.712181
vt 0.576192 0.715830
vt 0.563307 0.622880
vt 0.657872 0.617972
vt 0.479532 0.712181
vt 0.472363 0.617013
vt 0.230569 0.758526
vt 0.220375 0.663357
vt 0.054593 0.577473
vt 0.116603 0.565062
vt 0.929791 0.675088
vt 0.830049 0.672408
vt 0.858200 0.588220
vt 0.948115 0.587072
vt 0.744546 0.675212
vt 0.774874 0.585402
vt 0.383029 0.665197
vt 0.341912 0.566843
vt 0.409163 0.575804
vt 0.279602 0.552481
vt 0.553097 0.499553
vt 0.634562 0.506137
vt 0.472682 0.505713
vt 0.181885 0.552057
vt 0.028962 0.513658
vt 0.086883 0.492361
vt 0.869326 0.521771
vt 0.945763 0.523256
vt 0.792454 0.528371
vt 0.379238 0.502757
vt 0.438887 0.518773
vt 0.328280 0.473396
vt 0.552758 0.407151
vt 0.621015 0.427052
vt 0.485184 0.417825
vt 0.139475 0.464170
vt 0.001892 0.376377
vt 0.064572 0.377273
vt 0.869326 0.382888
vt 0.929399 0.385975
vt 0.809254 0.385975
vt 0.408204 0.383991
vt 0.465897 0.376377
vt 0.351556 0.387628
vt 0.552758 0.338949
vt 0.610905 0.341284
vt 0.495132 0.333265
vt 0.124876 0.379609
vt 0.034531 0.211850
vt 0.072830 0.231532
vt 0.869326 0.213066
vt 0.912110 0.221449
vt 0.826543 0.221449
vt 0.394960 0.231532
vt 0.433259 0.211850
vt 0.357536 0.250394
vt 0.552758 0.211624
vt 0.601328 0.204049
vt 0.504187 0.204049
vt 0.110254 0.250394
vt 0.081863 0.117098
vt 0.115848 0.138355
vt 0.869326 0.117764
vt 0.908126 0.126696
vt 0.830526 0.126696
vt 0.351942 0.138355
vt 0.385927 0.117098
vt 0.318436 0.159163
vt 0.552758 0.121307
vt 0.598430 0.112819
vt 0.507086 0.112819
vt 0.149354 0.159163
vt 0.153731 0.752389
vt 0.314000 0.610932
vt 0.393729 0.613913
vt 0.239444 0.753502
vt 0.139361 0.001992
vt 0.168107 0.025164
vt 0.196852 0.048336
vt 0.510607 0.001992
vt 0.552758 0.011590
vt 0.594909 0.001992
vt 0.270938 0.048336
vt 0.299683 0.025164
vt 0.328428 0.001992
vt 0.835366 0.011590
vt 0.869326 0.001992
vt 0.903287 0.011590
vt 0.381250 0.528020
vt 0.375000 0.529593
vt 0.378864 0.504088
vt 0.381425 0.514315
vt 0.625000 0.440121
vt 0.623122 0.463787
vt 0.621244 0.487454
vt 0.612500 0.532778
vt 0.612500 0.440784
vt 0.600000 0.533333
vt 0.600000 0.432541
vt 0.587500 0.533046
vt 0.587500 0.433666
vt 0.575000 0.530536
vt 0.575000 0.424709
vt 0.562500 0.532119
vt 0.562500 0.421522
vt 0.550000 0.531510
vt 0.550000 0.419159
vt 0.537500 0.529565
vt 0.537500 0.416424
vt 0.525000 0.530447
vt 0.525000 0.419615
vt 0.512500 0.531826
vt 0.512500 0.423605
vt 0.500000 0.531834
vt 0.500000 0.425197
vt 0.487500 0.528880
vt 0.487500 0.432001
vt 0.475000 0.528049
vt 0.475000 0.439283
vt 0.462500 0.527898
vt 0.462500 0.430659
vt 0.450000 0.523371
vt 0.450000 0.432222
vt 0.437500 0.522578
vt 0.437500 0.436702
vt 0.425000 0.525620
vt 0.425000 0.442230
vt 0.412500 0.528942
vt 0.412500 0.429750
vt 0.406249 0.534141
vt 0.400000 0.435856
vt 0.385525 0.514392
vt 0.387500 0.481771
vt 0.385275 0.453749
vt 0.381250 0.438608
vt 0.381735 0.312500
vt 0.387500 0.312500
vt 0.400000 0.312500
vt 0.412500 0.312500
vt 0.425000 0.312500
vt 0.437500 0.312500
vt 0.450000 0.312500
vt 0.462500 0.312500
vt 0.475000 0.312500
vt 0.487500 0.312500
vt 0.500000 0.312500
vt 0.512500 0.312500
vt 0.525000 0.312500
vt 0.537500 0.312500
vt 0.550000 0.312500
vt 0.562500 0.312500
vt 0.575000 0.312500
vt 0.587500 0.312500
vt 0.600000 0.312500
vt 0.612500 0.312500
vt 0.625000 0.312500
vt 0.625000 0.529593
vt 0.625000 0.687500
vt 0.612500 0.687500
vt 0.600000 0.687500
vt 0.587500 0.687500
vt 0.575000 0.687500
vt 0.562500 0.687500
vt 0.550000 0.687500
vt 0.537500 0.687500
vt 0.525000 0.687500
vt 0.512500 0.687500
vt 0.500000 0.687500
vt 0.487500 0.687500
vt 0.475000 0.687500
vt 0.462500 0.687500
vt 0.450000 0.687500
vt 0.437500 0.687500
vt 0.425000 0.687500
vt 0.412500 0.687500
vt 0.400000 0.687500
vt 0.387500 0.687500
vt 0.382681 0.687500
vt 0.375000 0.687500
vt 0.384073 0.502787
vt 0.385591 0.483482
vt 0.375000 0.484857
vt 0.377258 0.485539
vt 0.384073 0.465547
vt 0.381425 0.454707
vt 0.378864 0.504088
vt 0.381556 0.485408
vt 0.384073 0.502787
vt 0.381425 0.514315
vt 0.384073 0.465547
vt 0.385591 0.483482
vt 0.375000 0.440121
vt 0.378864 0.466818
vt 0.378864 0.466818
vt 0.377258 0.485539
vt 0.381425 0.454707
vt 0.381425 0.514315
vt 0.384073 0.502787
vt 0.378864 0.504088
vt 0.385591 0.483482
vt 0.384073 0.465547
vt 0.377258 0.485539
vt 0.378864 0.466818
vt 0.381425 0.454707
vt 0.381425 0.514315
vt 0.384073 0.502787
vt 0.378864 0.504088
vt 0.385591 0.483482
vt 0.384073 0.465547
vt 0.377258 0.485539
vt 0.378864 0.466818
vt 0.381425 0.454707
vt 0.384073 0.502787
vt 0.381425 0.514315
vt 0.381425 0.514315
vt 0.384073 0.502787
vt 0.378864 0.504088
vt 0.378864 0.504088
vt 0.384073 0.465547
vt 0.385591 0.483482
vt 0.385591 0.483482
vt 0.384073 0.465547
vt 0.377258 0.485539
vt 0.377258 0.485539
vt 0.378864 0.466818
vt 0.378864 0.466818
vt 0.381425 0.454707
vt 0.381425 0.454707
vt 0.385591 0.483482
vt 0.384073 0.502787
vt 0.384073 0.502787
vt 0.385591 0.483482
vt 0.384073 0.502787
vt 0.385591 0.483482
vt 0.384073 0.502787
vt 0.385591 0.483482
vt 0.384073 0.502787
vt 0.385591 0.483482
vt 0.384073 0.502787
vt 0.385591 0.483482
vt 0.375000 0.312500
vt 0.098499 0.083795
vt 0.139361 0.001992
vt 0.510607 0.001992
vt 0.270938 0.048336
vt 0.835366 0.011590
vt 0.034531 0.211850
vt 0.072830 0.231532
vt 0.098499 0.083795
vt 0.130968 0.105607
vt 0.028962 0.513658
vt 0.028962 0.513658
vt 0.001892 0.376377
vt 0.001892 0.376377
vt 0.064572 0.377273
vt 0.064572 0.377273
vt 0.086883 0.492361
vt 0.028962 0.513658
vt 0.028962 0.513658
vt 0.001892 0.376377
vt 0.001892 0.376377
vt 0.001892 0.376377
vt 0.001892 0.376377
vt 0.064572 0.377273
vt 0.064572 0.377273
vn 0.116694 -0.592197 0.797299
vn -0.799186 0.601062 0.005052
vn -0.898463 0.206622 0.387392
vn 0.286558 -0.589653 0.755112
vn -0.494720 0.549878 -0.672968
vn -0.573653 0.589109 -0.569099
vn 0.719825 -0.694138 0.004922
vn 0.931215 -0.336899 -0.139057
vn 0.931195 0.182001 -0.315835
vn 0.902821 0.345443 0.256092
vn 0.873850 0.429984 0.226936
vn 0.908893 0.179834 -0.376262
vn 0.165298 0.503517 0.848026
vn 0.065482 0.539346 0.839534
vn -0.642486 0.327765 0.692663
vn -0.658943 0.233041 0.715183
vn -0.948194 0.146948 0.281664
vn -0.957586 -0.008776 0.288014
vn -0.828351 -0.120345 -0.547130
vn -0.826617 -0.308148 -0.470903
vn -0.268216 -0.161308 -0.949758
vn -0.277409 -0.301082 -0.912356
vn 0.553527 0.001028 -0.832830
vn 0.524767 -0.098164 -0.845567
vn 0.717619 0.692376 0.075086
vn 0.929108 0.161596 -0.332633
vn 0.038555 0.786375 0.616545
vn -0.657223 0.095651 0.747602
vn -0.680306 -0.291743 0.672361
vn -0.478437 -0.877730 -0.026225
vn 0.033865 -0.879019 -0.475582
vn 0.687551 -0.496516 -0.529855
vn 0.547001 0.784222 0.292892
vn 0.887038 0.332950 -0.319855
vn -0.171254 0.606919 0.776094
vn -0.750766 0.058008 0.658016
vn -0.802962 -0.212382 0.556908
vn -0.434855 -0.896920 0.080222
vn 0.105429 -0.959273 -0.262067
vn 0.728289 -0.463083 -0.505124
vn 0.679677 0.603347 0.417147
vn 0.935821 0.245012 -0.253394
vn 0.084806 0.538189 0.838547
vn -0.647268 0.139106 0.749462
vn -0.828528 -0.302651 0.471109
vn -0.499978 -0.864268 -0.055347
vn -0.081498 -0.882126 -0.463910
vn 0.499887 -0.343476 -0.795071
vn 0.865993 0.290604 0.406945
vn 0.886955 -0.016788 -0.461550
vn 0.420632 0.341645 0.840445
vn -0.231915 0.227475 0.945765
vn -0.848239 -0.193070 0.493169
vn -0.800119 -0.570478 -0.185377
vn -0.570746 -0.546443 -0.612902
vn 0.049388 -0.380894 -0.923299
vn 0.932163 0.194027 0.305657
vn 0.849110 0.032395 -0.527222
vn 0.587512 0.148898 0.795398
vn 0.026039 0.027412 0.999285
vn -0.818195 -0.269748 0.507733
vn -0.922933 -0.333916 -0.191559
vn -0.702177 -0.321286 -0.635392
vn -0.102845 -0.224069 -0.969131
vn 0.954664 -0.043083 0.294551
vn 0.806298 0.054927 -0.588954
vn 0.527909 -0.151713 0.835641
vn 0.014103 -0.228680 0.973400
vn -0.631141 -0.272958 0.726055
vn -0.950194 -0.108608 -0.292124
vn -0.722679 0.039039 -0.690081
vn -0.174813 0.100885 -0.979420
vn 0.926643 -0.299279 0.227520
vn 0.808420 -0.069294 -0.584513
vn 0.539509 -0.404786 0.738294
vn 0.025243 -0.387261 0.921625
vn -0.579575 -0.238074 0.779367
vn -0.872207 0.264171 -0.411666
vn -0.663437 0.348762 -0.661979
vn -0.151653 0.288981 -0.945247
vn 0.878173 -0.454947 0.147770
vn 0.773721 -0.052380 -0.631357
vn 0.492793 -0.549217 0.674919
vn -0.029983 -0.457812 0.888543
vn -0.839974 -0.013328 0.542464
vn -0.761938 0.465528 -0.450260
vn -0.631619 0.493258 -0.598125
vn -0.171849 0.452497 -0.875051
vn -0.959919 0.226689 -0.164825
vn -0.538300 0.679753 -0.498167
vn -0.626634 0.625547 -0.464780
vn -0.978729 0.091123 -0.183812
vn 0.418031 0.785548 -0.456250
vn 0.270643 0.827180 -0.492470
vn 0.892235 0.440106 -0.101109
vn 0.894110 0.417034 -0.163245
vn 0.946012 0.067409 0.317044
vn 0.955444 -0.042194 0.292140
vn 0.337688 -0.546574 0.766305
vn 0.326469 -0.664554 0.672150
vn -0.286678 -0.643407 0.709819
vn -0.363014 -0.720205 0.591207
vn -0.911028 -0.293179 0.289954
vn -0.906487 -0.391432 0.158313
vn -0.620818 0.635771 -0.458673
vn -0.828311 0.041625 -0.558721
vn 0.074765 0.962151 -0.262060
vn 0.852659 0.517940 -0.068632
vn 0.990670 0.072309 -0.115522
vn 0.640165 -0.768129 0.012931
vn 0.052229 -0.993484 -0.101305
vn -0.523174 -0.715403 -0.463128
vn -0.617658 0.655766 -0.434131
vn -0.844674 0.153384 -0.512835
vn 0.091769 0.989057 -0.115523
vn 0.763689 0.585683 0.271577
vn 0.948998 0.117699 0.292489
vn 0.740578 -0.671839 0.013289
vn 0.216970 -0.935420 -0.279130
vn -0.523104 -0.678799 -0.515359
vn -0.453825 0.692675 -0.560575
vn -0.762621 0.185054 -0.619810
vn 0.215711 0.955313 -0.202105
vn 0.760257 0.604847 0.236999
vn 0.939195 0.007479 0.343302
vn 0.635263 -0.765336 0.103447
vn 0.044779 -0.989144 -0.139964
vn -0.638566 -0.646444 -0.417544
vn -0.310347 0.666047 -0.678282
vn -0.710225 0.170703 -0.682965
vn 0.379455 0.852682 -0.359092
vn 0.829805 0.555094 0.057397
vn 0.911801 -0.034068 0.409216
vn 0.386681 -0.800079 0.458642
vn -0.050145 -0.954968 0.292441
vn -0.573261 -0.809538 -0.126572
vn -0.102258 0.651856 -0.751417
vn -0.681313 0.402924 -0.611117
vn 0.600304 0.563502 -0.567539
vn 0.938170 0.280211 -0.203271
vn 0.963415 -0.152773 0.220211
vn 0.205791 -0.695598 0.688327
vn -0.457877 -0.678540 0.574397
vn -0.917564 -0.373838 0.135360
vn 0.145428 0.463210 -0.874236
vn -0.554997 0.432504 -0.710576
vn 0.731525 0.279567 -0.621864
vn 0.980730 0.029798 -0.193085
vn 0.849648 -0.318457 0.420338
vn -0.247263 -0.482313 0.840378
vn -0.760734 -0.302111 0.574468
vn -0.996636 -0.017250 0.080124
vn 0.238287 0.073968 -0.968374
vn -0.440069 0.073659 -0.894938
vn 0.727629 0.031653 -0.685241
vn 0.988054 -0.042921 -0.148008
vn 0.782362 -0.140233 0.606832
vn -0.284755 -0.136770 0.948793
vn -0.790801 -0.072517 0.607762
vn -0.999533 -0.017193 -0.025243
vn 0.240852 -0.279756 -0.929369
vn -0.338612 -0.261322 -0.903910
vn 0.681814 -0.245320 -0.689165
vn 0.988197 -0.122573 -0.091887
vn 0.654224 0.102786 0.749284
vn -0.211134 0.211321 0.954341
vn -0.688970 0.166185 0.705481
vn -0.998907 -0.008864 0.045904
vn -0.793697 -0.282278 0.538855
vn -0.946030 0.251118 0.204860
vn -0.947189 0.139917 0.288542
vn -0.775414 -0.381739 0.503000
vn -0.378991 0.846418 -0.374089
vn -0.538505 0.821362 -0.188088
vn 0.405233 0.765015 -0.500537
vn 0.395631 0.820987 -0.411651
vn 0.873455 0.398373 -0.279958
vn 0.911208 0.330903 -0.245361
vn 0.955347 -0.232153 0.182806
vn 0.921574 -0.359301 0.146982
vn 0.492615 -0.671723 0.553281
vn 0.423016 -0.780561 0.460199
vn -0.243522 -0.677241 0.694292
vn -0.270042 -0.769960 0.578135
vn -0.945605 0.197478 0.258521
vn -0.865664 -0.499422 -0.034678
vn -0.429010 0.857015 0.285439
vn 0.431510 0.902088 0.006003
vn 0.832277 0.324006 -0.449816
vn 0.723894 -0.336602 -0.602226
vn 0.330946 -0.780366 -0.530569
vn -0.297741 -0.879346 -0.371620
vn -0.895879 0.423798 -0.133403
vn -0.958786 -0.259966 -0.114659
vn -0.446104 0.864397 -0.231970
vn 0.228572 0.923111 -0.309225
vn 0.768512 0.406420 -0.494178
vn 0.761968 -0.273334 -0.587106
vn 0.353353 -0.798137 -0.487974
vn -0.398750 -0.881119 -0.254221
vn -0.979721 -0.126749 -0.155185
vn -0.574653 -0.799783 0.173553
vn -0.762517 0.520421 -0.384356
vn -0.127746 0.831536 -0.540581
vn 0.604367 0.610112 -0.512351
vn 0.931780 0.000186 -0.363025
vn 0.817279 -0.558793 -0.140734
vn 0.316886 -0.943931 0.092613
vn -0.936606 0.347961 -0.041140
vn -0.928371 -0.369144 0.043126
vn -0.483215 0.834273 -0.265503
vn 0.344270 0.816757 -0.463019
vn 0.878758 0.248464 -0.407492
vn 0.472173 -0.878017 -0.078349
vn 0.906957 -0.339722 -0.249033
vn -0.578365 -0.813829 0.056359
vn -0.945794 -0.072070 -0.316671
vn -0.546545 -0.836935 0.028766
vn -0.786733 0.425497 -0.447217
vn -0.389327 0.775279 -0.497359
vn 0.339978 0.860157 -0.380191
vn 0.961444 0.274288 0.019789
vn 0.890724 -0.353683 0.285515
vn 0.440663 -0.829756 0.342522
vn -0.715220 0.415905 -0.561679
vn -0.931862 -0.072732 -0.355448
vn -0.244476 0.760568 -0.601472
vn 0.437129 0.818024 -0.373839
vn 0.955479 0.092089 0.280320
vn 0.751989 -0.425560 0.503400
vn 0.288931 -0.799648 0.526385
vn -0.611342 -0.775157 0.159351
vn -0.841590 -0.539847 -0.017101
vn -0.873156 -0.050242 -0.484844
vn -0.792845 -0.122642 -0.596955
vn -0.836720 -0.545194 -0.051608
vn -0.569147 0.380509 -0.728893
vn -0.464507 0.261647 -0.846035
vn -0.089949 0.656327 -0.749096
vn 0.047654 0.556549 -0.829447
vn 0.558061 0.691082 -0.459319
vn 0.705190 0.605229 -0.369331
vn 0.899547 0.026044 0.436047
vn 0.816933 0.048989 0.574649
vn 0.578050 -0.415050 0.702561
vn 0.460402 -0.316739 0.829281
vn 0.021706 -0.743019 0.668919
vn -0.097708 -0.631803 0.768946
vn -0.683586 -0.201683 -0.701451
vn -0.815268 -0.562254 -0.138597
vn -0.316027 0.165730 -0.934163
vn 0.259218 0.514848 -0.817152
vn 0.798159 0.584513 -0.145899
vn 0.716802 0.160764 0.678490
vn 0.349310 -0.202853 0.914786
vn -0.208265 -0.558348 0.803040
vn -0.848749 0.527877 0.031162
vn -0.301780 0.924168 -0.234184
vn -0.412128 0.896332 -0.163524
vn -0.853591 0.516626 0.066934
vn 0.863171 -0.474614 -0.172270
vn 0.423256 -0.905770 0.020851
vn 0.393884 -0.917495 -0.055305
vn 0.849634 -0.456700 -0.263719
vn -0.306798 -0.931255 0.196567
vn -0.358153 -0.923226 0.139211
vn -0.937686 -0.277531 0.209097
vn -0.948610 -0.239190 0.207188
vn -0.432372 0.898535 0.075427
vn -0.836015 0.500497 0.224906
vn 0.576023 0.697714 -0.425902
vn 0.326347 0.870272 -0.368951
vn 0.908265 0.159468 -0.386814
vn 0.761557 0.139055 -0.633004
vn 0.656596 -0.382103 -0.650292
vn 0.254263 -0.796544 -0.548514
vn -0.508902 -0.845508 -0.161664
vn -0.971417 -0.166192 0.169499
vn -0.440333 0.891556 0.105997
vn -0.870114 0.479264 0.114926
vn 0.363299 0.928330 -0.078855
vn 0.932124 0.176580 -0.316172
vn 0.779020 -0.502429 -0.375091
vn 0.303333 -0.882852 -0.358555
vn -0.405752 -0.878801 -0.251144
vn -0.980841 -0.194424 -0.012280
vn -0.469221 0.863047 0.187034
vn -0.892153 0.441069 0.097579
vn 0.366861 0.926434 0.084458
vn 0.961499 0.229383 -0.151341
vn 0.834258 -0.450427 -0.318009
vn 0.343455 -0.847068 -0.405605
vn -0.320864 -0.864508 -0.386874
vn -0.948834 -0.276316 -0.152851
vn -0.472922 0.839971 0.266071
vn -0.895775 0.434494 0.093818
vn 0.282770 0.905108 0.317523
vn 0.916029 0.382279 0.121462
vn 0.936108 -0.297577 -0.187483
vn 0.393678 -0.793534 -0.464027
vn -0.315923 -0.799623 -0.510682
vn -0.939952 -0.254117 -0.227847
vn -0.484325 0.842012 -0.237581
vn -0.849319 0.345739 -0.398901
vn 0.260801 0.963531 0.059929
vn 0.815671 0.504324 0.283440
vn 0.951454 -0.092976 0.293411
vn 0.480857 -0.876602 -0.018560
vn -0.313623 -0.885361 -0.343185
vn -0.811644 -0.357463 -0.462011
vn 0.689780 0.606484 -0.395451
vn 0.936849 0.146656 -0.317499
vn -0.307583 0.660096 -0.685322
vn -0.666157 0.181241 -0.723455
vn 0.410624 0.868740 -0.276910
vn 0.848437 0.468653 0.246005
vn 0.871591 -0.045232 0.488143
vn 0.487919 -0.736384 0.468693
vn -0.274470 -0.961579 0.005669
vn -0.718790 -0.485023 -0.498091
vn -0.835898 0.547851 -0.033666
vn -0.273592 0.927833 -0.253522
vn -0.275502 0.893247 -0.355259
vn -0.818769 0.561911 -0.117784
vn 0.610077 0.705297 -0.361058
vn 0.554375 0.701540 -0.447783
vn 0.995901 -0.078887 -0.044254
vn 0.988816 0.005058 -0.149056
vn 0.760170 -0.623058 0.184230
vn 0.808797 -0.571845 0.137261
vn 0.320410 -0.925298 0.202883
vn 0.313156 -0.916680 0.248256
vn -0.455536 -0.881066 0.127319
vn -0.530720 -0.813390 0.238188
vn -0.995593 -0.086456 0.036328
vn -0.995978 -0.020555 0.087212
vn -0.271547 0.756002 -0.595587
vn -0.833320 0.485477 -0.264367
vn 0.488995 0.601965 -0.631286
vn 0.954996 0.085625 -0.283991
vn 0.859912 -0.478585 0.177504
vn 0.258657 -0.816409 0.516307
vn -0.492685 -0.678899 0.544388
vn -0.972638 -0.093129 0.212843
vn -0.397070 0.379756 -0.835536
vn -0.863473 0.339867 -0.372698
vn 0.346965 0.189197 -0.918597
vn 0.866860 -0.142158 -0.477854
vn 0.907899 -0.395685 0.138394
vn 0.426142 -0.492349 0.758944
vn -0.373001 -0.305699 0.876024
vn -0.934573 0.071659 0.348482
vn -0.499404 0.236003 -0.833606
vn -0.907062 0.287944 -0.307126
vn 0.273154 -0.018019 -0.961801
vn 0.835119 -0.297323 -0.462791
vn 0.883006 -0.428472 0.191606
vn 0.414631 -0.371355 0.830769
vn -0.307736 -0.131855 0.942291
vn -0.868966 0.139330 0.474852
vn -0.471980 0.471552 -0.744898
vn -0.836516 0.434274 -0.334136
vn 0.309036 0.230793 -0.922622
vn 0.883280 -0.214271 -0.417019
vn 0.885296 -0.450574 0.115035
vn 0.449995 -0.549747 0.703763
vn -0.388534 -0.297732 0.872008
vn -0.929888 0.165657 0.328429
vn -0.566417 0.379595 -0.731491
vn -0.036240 0.779040 -0.625926
vn -0.169883 0.719252 -0.673660
vn -0.604214 0.280757 -0.745722
vn 0.728618 0.684917 -0.002355
vn 0.536734 0.839044 -0.089005
vn 0.882429 0.039785 0.468760
vn 0.824169 0.135479 0.549901
vn 0.625944 -0.398719 0.670236
vn 0.522136 -0.437367 0.732178
vn -0.072288 -0.749225 0.658359
vn -0.203387 -0.791760 0.575978
vn -0.735993 -0.639543 0.222034
vn -0.727940 -0.679226 0.093570
vn -0.908541 -0.178588 -0.377704
vn -0.856966 -0.268833 -0.439702
vn -0.240083 0.705737 -0.666555
vn -0.302739 0.181149 -0.935700
vn 0.094120 0.978349 0.184323
vn 0.305522 0.339385 0.889648
vn 0.341719 -0.286787 0.894976
vn 0.252192 -0.837902 0.484066
vn -0.047920 -0.949303 -0.310690
vn -0.240920 -0.415661 -0.877031
vn -0.103932 0.820154 -0.562623
vn -0.238219 0.270518 -0.932776
vn 0.146768 0.950263 0.274700
vn 0.231039 0.351028 0.907414
vn 0.293779 -0.361830 0.884745
vn 0.305593 -0.848457 0.432127
vn 0.110529 -0.924218 -0.365520
vn -0.154834 -0.364280 -0.918328
vn 0.289702 0.776514 -0.559553
vn -0.125931 0.323974 -0.937647
vn 0.659588 0.732931 0.166604
vn 0.631414 0.274241 0.725333
vn 0.479827 -0.303923 0.823041
vn 0.267131 -0.822356 0.502366
vn -0.158372 -0.948170 -0.275487
vn -0.355213 -0.297787 -0.886085
vn 0.362286 0.716509 -0.596125
vn -0.273014 0.382296 -0.882787
vn 0.820270 0.568165 0.065922
vn 0.825920 0.107054 0.553531
vn 0.569589 -0.386622 0.725321
vn 0.006554 -0.847991 0.529970
vn -0.575299 -0.814554 -0.074377
vn -0.687178 -0.234595 -0.687569
vn 0.285945 0.681053 -0.674094
vn -0.384748 0.363532 -0.848418
vn 0.838911 0.543336 -0.031854
vn 0.863831 0.142617 0.483174
vn 0.575375 -0.292606 0.763758
vn -0.273115 -0.764091 0.584442
vn -0.795397 -0.603932 -0.051078
vn -0.795680 -0.147504 -0.587483
vn 0.531858 0.253473 -0.808009
vn -0.159484 0.103322 -0.981779
vn 0.960479 0.230229 -0.156446
vn 0.886968 0.095774 0.451791
vn 0.535735 -0.069307 0.841537
vn -0.522470 -0.306253 0.795760
vn -0.963084 -0.265239 0.046026
vn -0.782377 -0.119156 -0.611301
vn 0.618408 -0.167613 -0.767774
vn -0.048149 -0.138785 -0.989151
vn 0.980275 -0.136336 -0.143088
vn 0.854994 -0.069604 0.513946
vn 0.350713 0.004314 0.936473
vn -0.645072 0.093726 0.758352
vn -0.992941 0.075117 0.091787
vn -0.806654 -0.024557 -0.590514
vn 0.614557 -0.402404 -0.678521
vn -0.007383 -0.278368 -0.960446
vn 0.928747 -0.362905 -0.075688
vn 0.778012 -0.160162 0.607491
vn 0.174532 0.112897 0.978158
vn -0.694552 0.319475 0.644619
vn -0.962934 0.267995 0.030599
vn -0.793079 0.056165 -0.606524
vn -0.160040 0.042493 0.986196
vn -0.760707 0.343234 0.550922
vn -0.647124 0.350347 0.677117
vn 0.144174 -0.052609 0.988153
vn -0.885902 0.463860 0.003511
vn -0.867286 0.495402 0.048909
vn -0.736526 0.425617 -0.525718
vn -0.692237 0.411510 -0.592847
vn -0.246370 0.171689 -0.953847
vn -0.031098 -0.006525 -0.999495
vn 0.668333 -0.322629 -0.670255
vn 0.680063 -0.460169 -0.570753
vn 0.900645 -0.430230 -0.061160
vn 0.849348 -0.525913 -0.044981
vn 0.773436 -0.348347 0.529576
vn 0.757434 -0.448138 0.474832
vn -0.384575 0.567847 0.727772
vn 0.088699 -0.055056 0.994536
vn -0.679280 0.727219 0.098647
vn -0.634660 0.476930 -0.608066
vn -0.198582 -0.120786 -0.972613
vn 0.347859 -0.656290 -0.669535
vn 0.567415 -0.813759 -0.125841
vn 0.494296 -0.695787 0.521105
vn -0.269900 0.604520 0.749473
vn 0.020798 -0.128830 0.991449
vn -0.456262 0.873517 0.169683
vn -0.523583 0.623519 -0.580590
vn -0.212570 -0.119958 -0.969755
vn 0.195434 -0.694706 -0.692235
vn 0.373419 -0.918031 -0.133332
vn 0.312068 -0.787992 0.530738
vn -0.414724 0.516081 0.749443
vn -0.105245 -0.171095 0.979617
vn -0.549944 0.823644 0.138460
vn -0.482172 0.673618 -0.560134
vn -0.216495 0.043619 -0.975309
vn 0.146353 -0.594678 -0.790531
vn 0.384630 -0.906285 -0.175233
vn 0.270447 -0.763599 0.586323
vn -0.557261 0.380318 0.738118
vn -0.106262 -0.158753 0.981584
vn -0.744332 0.660833 0.096281
vn -0.590108 0.549129 -0.591802
vn -0.167620 0.084787 -0.982199
vn 0.343098 -0.473041 -0.811490
vn 0.602865 -0.775455 -0.187679
vn 0.424470 -0.675708 0.602698
vn -0.704516 0.103043 0.702168
vn -0.120328 -0.167167 0.978558
vn -0.958168 0.286147 0.005852
vn -0.699417 0.260731 -0.665459
vn -0.161473 0.060206 -0.985039
vn 0.548831 -0.275078 -0.789378
vn 0.873286 -0.480852 -0.078444
vn 0.587829 -0.434762 0.682231
vn -0.720292 -0.035145 0.692780
vn -0.110759 -0.191721 0.975180
vn -0.995229 0.097240 -0.007976
vn -0.720930 0.122124 -0.682162
vn -0.156940 0.035198 -0.986981
vn 0.662975 -0.166266 -0.729945
vn 0.954620 -0.297586 0.011960
vn 0.645630 -0.313963 0.696124
vn 0.875264 0.246964 -0.415838
vn 0.787724 0.612314 0.067545
vn 0.769498 0.638121 -0.025975
vn 0.906972 0.154420 -0.391862
vn -0.875940 -0.221247 0.428695
vn -0.800491 -0.586145 -0.125094
vn -0.741844 -0.669007 -0.045792
vn -0.851980 -0.229600 0.470546
vn -0.285398 -0.660430 -0.694536
vn -0.160118 -0.803254 -0.573712
vn 0.470571 -0.313531 -0.824780
vn 0.599395 -0.447430 -0.663726
vn 0.663995 0.719146 -0.204793
vn 0.944327 0.113694 -0.308739
vn 0.097424 0.865945 0.490559
vn -0.032987 0.995838 0.084963
vn -0.613584 0.349060 0.708288
vn -0.756594 0.480187 0.443831
vn -0.847183 -0.234020 0.476986
vn -0.631866 -0.716951 0.294493
vn 0.032094 -0.998609 -0.041824
vn 0.775968 -0.567951 -0.274417
vn 0.713301 0.685229 -0.147182
vn 0.928664 0.120052 -0.350956
vn 0.026876 0.962456 0.270104
vn -0.737826 0.539441 0.405728
vn -0.928850 -0.079417 0.361843
vn -0.761997 -0.604189 0.233060
vn -0.034325 -0.991993 -0.121541
vn 0.794551 -0.458693 -0.397857
vn 0.893361 0.409790 0.184330
vn 0.962556 0.035592 -0.268738
vn 0.317166 0.617922 0.719429
vn -0.527317 0.385036 0.757420
vn -0.911423 -0.004730 0.411443
vn -0.913433 -0.404624 -0.043800
vn -0.332447 -0.730388 -0.596668
vn 0.658377 -0.403000 -0.635712
vn 0.952124 0.048196 0.301889
vn 0.954682 -0.110435 -0.276379
vn 0.443036 0.179611 0.878327
vn -0.388710 0.150566 0.908974
vn -0.878133 0.017187 0.478108
vn -0.966123 -0.178375 -0.186520
vn -0.455933 -0.362806 -0.812709
vn 0.492996 -0.302208 -0.815859
vn 0.944109 -0.145044 0.296006
vn 0.929558 -0.130787 -0.344699
vn 0.426814 -0.104887 0.898236
vn -0.369455 -0.030881 0.928735
vn -0.863698 0.013583 0.503826
vn -0.967041 0.034647 -0.252253
vn -0.456823 0.009566 -0.889506
vn 0.382033 -0.064141 -0.921920
vn 0.166669 0.751747 0.638043
vn -0.572385 0.323769 0.753359
vn 0.949368 -0.208821 0.234721
vn 0.910478 -0.085357 -0.404653
vn 0.345380 0.079841 -0.935061
vn -0.465322 0.164849 -0.869655
vn -0.959616 0.107931 -0.259784
vn -0.892874 -0.029670 0.449328
vn -0.462465 -0.157836 0.872476
vn 0.364243 -0.263695 0.893192
vn 0.324440 0.494863 -0.806133
vn 0.575683 0.758046 -0.306522
vn 0.494708 0.792137 -0.357469
vn 0.368035 0.408294 -0.835372
vn -0.316257 -0.471956 0.822946
vn -0.624213 -0.726105 0.288321
vn -0.521630 -0.804562 0.283869
vn -0.269530 -0.481212 0.834140
vn -0.646179 -0.599522 -0.472257
vn -0.463144 -0.726897 -0.507068
vn -0.217352 -0.078333 -0.972945
vn -0.003641 -0.200050 -0.979779
vn 0.288097 0.872003 -0.395742
vn 0.454937 0.366582 -0.811573
vn 0.356029 0.785067 0.506867
vn -0.027524 0.939835 0.340519
vn 0.030487 0.095972 0.994917
vn -0.264212 0.228577 0.936987
vn -0.260877 -0.485147 0.834611
vn -0.202878 -0.875627 0.438313
vn 0.056950 -0.948940 -0.310273
vn 0.401130 -0.332939 -0.853374
vn 0.365510 0.842047 -0.396685
vn 0.413912 0.375473 -0.829275
vn 0.146293 0.894383 0.422704
vn -0.280811 0.295235 0.913226
vn -0.409210 -0.337978 0.847536
vn -0.345920 -0.787459 0.510144
vn -0.046586 -0.945985 -0.320846
vn 0.321784 -0.205729 -0.924192
vn 0.742341 0.569132 -0.353579
vn 0.500696 0.289801 -0.815671
vn 0.688106 0.562692 0.458136
vn 0.124121 0.142945 0.981917
vn -0.366895 -0.269329 0.890421
vn -0.659400 -0.589205 0.466936
vn -0.606675 -0.692382 -0.390580
vn 0.055453 -0.148269 -0.987391
vn 0.888878 0.217031 -0.403478
vn 0.498933 0.148400 -0.853840
vn 0.916385 0.145779 0.372809
vn 0.343440 -0.073839 0.936267
vn -0.298009 -0.250221 0.921184
vn -0.810800 -0.362284 0.459732
vn -0.868339 -0.334676 -0.366033
vn -0.194448 -0.062334 -0.978930
vn 0.884903 0.027793 -0.464945
vn 0.424390 0.113034 -0.898397
vn 0.939412 -0.115200 0.322854
vn 0.376963 -0.212769 0.901459
vn -0.275572 -0.215232 0.936875
vn -0.874621 -0.121940 0.469221
vn -0.943881 0.030642 -0.328862
vn -0.364509 0.131010 -0.921938
vn 0.514938 0.668863 0.536154
vn 0.092920 0.074203 0.992905
vn 0.867475 -0.020339 -0.497065
vn 0.388213 0.124317 -0.913146
vn -0.408468 0.204725 -0.889518
vn -0.957616 0.124462 -0.259770
vn -0.860946 -0.059355 0.505221
vn -0.311756 -0.212522 0.926090
vn 0.294401 -0.274912 0.915287
vn 0.907241 -0.218600 0.359343
vn 0.723129 -0.380700 0.576326
vn 0.157730 0.032598 0.986944
vn 0.314043 -0.077643 0.946229
vn 0.756334 -0.465548 0.459591
vn -0.017370 0.123312 0.992216
vn 0.018850 0.126176 0.991829
vn -0.468111 0.289863 0.834776
vn -0.415142 0.283842 0.864344
vn -0.956428 0.251595 0.148142
vn -0.950069 0.242269 0.196657
vn -0.976469 0.199689 -0.081443
vn -0.980629 0.179926 -0.077424
vn -0.948886 0.146226 -0.279703
vn -0.959027 0.103726 -0.263646
vn -0.852004 0.076383 -0.517934
vn -0.870977 0.005917 -0.491288
vn -0.665095 -0.008056 -0.746715
vn -0.687500 -0.098281 -0.719503
vn -0.377570 -0.073719 -0.923042
vn -0.435208 -0.152730 -0.887281
vn -0.111307 -0.057925 -0.992097
vn -0.161848 -0.124213 -0.978967
vn 0.146882 -0.088867 -0.985154
vn 0.024293 -0.122553 -0.992165
vn 0.590280 -0.197892 -0.782565
vn 0.473668 -0.201964 -0.857234
vn 0.907670 -0.402526 -0.118773
vn 0.898014 -0.417618 -0.138441
vn 0.752722 -0.486085 0.443993
vn 0.763652 -0.494913 0.414604
vn 0.426959 -0.073620 0.901269
vn 0.884821 -0.351869 0.305416
vn 0.159870 0.077270 0.984109
vn -0.388238 0.194412 0.900819
vn -0.932684 0.111696 0.342964
vn -0.997874 0.062094 -0.019786
vn -0.974439 -0.033096 -0.222201
vn -0.884487 -0.183119 -0.429128
vn -0.752162 -0.267261 -0.602349
vn -0.570627 -0.262005 -0.778292
vn -0.271627 -0.255977 -0.927736
vn 0.009843 -0.286309 -0.958087
vn 0.352087 -0.313450 -0.881921
vn 0.873872 -0.444141 -0.197706
vn 0.807871 -0.420776 0.412665
vn 0.634374 0.148053 0.758716
vn 0.987463 -0.139786 0.073330
vn 0.304415 0.196366 0.932080
vn -0.207446 0.188686 0.959877
vn -0.868879 -0.003082 0.495015
vn -0.987777 -0.089036 0.127943
vn -0.972980 -0.184752 -0.138478
vn -0.901440 -0.259021 -0.346863
vn -0.852147 -0.198232 -0.484304
vn -0.696457 -0.157273 -0.700152
vn -0.293353 -0.154352 -0.943462
vn 0.010870 -0.184402 -0.982791
vn 0.467581 -0.301256 -0.831031
vn 0.919956 -0.378126 -0.103448
vn 0.896421 -0.262121 0.357383
vn 0.699451 0.239414 0.673387
vn 0.965094 0.005796 -0.261839
vn 0.389098 0.295324 0.872575
vn 0.144559 0.351688 0.924888
vn -0.726724 0.120299 0.676314
vn -0.966647 -0.034564 0.253769
vn -0.989667 -0.127796 -0.065026
vn -0.948265 -0.101489 -0.300822
vn -0.901741 -0.010867 -0.432140
vn -0.756118 -0.008001 -0.654386
vn -0.347500 -0.035457 -0.937009
vn 0.021614 -0.030999 -0.999286
vn 0.588800 -0.106107 -0.801284
vn 0.983965 -0.156613 0.085358
vn 0.990544 -0.102463 0.091237
vn 0.893500 0.064040 0.444474
vn 0.927218 -0.085403 -0.364656
vn 0.456673 0.160504 0.875036
vn 0.306327 0.353385 0.883902
vn -0.445961 0.290940 0.846447
vn -0.934029 0.130360 0.332559
vn -0.995918 0.084214 -0.032473
vn -0.960394 0.112768 -0.254805
vn -0.899775 0.118642 -0.419915
vn -0.791824 0.042534 -0.609266
vn -0.438898 -0.053010 -0.896972
vn -0.048193 -0.072474 -0.996205
vn 0.612366 -0.166580 -0.772825
vn 0.985197 -0.148581 0.085503
vn 0.991937 -0.105375 -0.070407
vn 0.931651 -0.055708 0.359060
vn 0.897038 -0.168660 -0.408506
vn 0.589335 0.138603 0.795911
vn 0.490051 0.481630 0.726555
vn -0.307773 0.456689 0.834692
vn -0.796597 0.222091 0.562235
vn -0.980074 0.120610 0.157826
vn -0.983326 0.157641 -0.090662
vn -0.943621 0.131513 -0.303783
vn -0.842205 0.001793 -0.539154
vn -0.616792 -0.175245 -0.767370
vn -0.213099 -0.349754 -0.912283
vn 0.306503 -0.547995 -0.778304
vn 0.855850 -0.515746 -0.039088
vn 0.939267 -0.320967 -0.121484
vn 0.955570 0.047214 0.290959
vn 0.864146 -0.112532 -0.490498
vn 0.698272 0.154501 0.698961
vn 0.609855 0.430120 0.665638
vn -0.223938 0.544508 0.808308
vn -0.648066 0.417401 0.637014
vn -0.868235 0.332459 0.368293
vn -0.969806 0.242686 0.024073
vn -0.968217 0.157896 -0.193969
vn -0.887814 -0.024864 -0.459530
vn -0.720354 -0.180347 -0.669750
vn -0.367079 -0.426393 -0.826705
vn 0.108255 -0.639342 -0.761264
vn 0.692675 -0.659316 -0.292410
vn 0.888716 -0.357559 -0.286942
vn 0.946881 0.122834 0.297199
vn 0.824953 -0.110871 -0.554220
vn 0.753465 0.200024 0.626323
vn 0.684148 0.266420 0.678942
vn -0.064877 0.322198 0.944447
vn -0.599410 0.286407 0.747448
vn -0.816454 0.280096 0.504925
vn -0.963947 0.199475 0.176112
vn -0.984157 0.142731 -0.105184
vn -0.929764 0.035003 -0.366489
vn -0.777762 -0.146562 -0.611233
vn -0.509978 -0.357015 -0.782600
vn -0.043278 -0.590236 -0.806070
vn 0.576292 -0.616559 -0.536417
vn 0.804453 -0.348990 -0.480688
vn 0.960012 0.119722 0.253070
vn 0.801151 -0.086122 -0.592233
vn 0.757307 0.215672 0.616419
vn 0.718344 0.201905 0.665744
vn 0.163425 0.143138 0.976117
vn -0.451233 0.131186 0.882711
vn -0.785054 0.118879 0.607912
vn -0.947410 0.072418 0.311722
vn -0.998682 0.035165 0.037379
vn -0.968499 0.029584 -0.247255
vn -0.812023 -0.081189 -0.577951
vn -0.564076 -0.250065 -0.786947
vn -0.153950 -0.417305 -0.895632
vn 0.480941 -0.492128 -0.725607
vn 0.735840 -0.281748 -0.615758
vn 0.983446 0.030343 0.178643
vn 0.769091 -0.067962 -0.635516
vn 0.762465 0.134937 0.632803
vn 0.709359 0.170535 0.683906
vn 0.316693 0.108157 0.942342
vn -0.255502 0.072872 0.964058
vn -0.668906 0.057548 0.741116
vn -0.904755 0.051559 0.422800
vn -0.986858 0.033968 0.157982
vn -0.995208 0.001039 -0.097772
vn -0.886141 -0.047478 -0.460978
vn -0.643522 -0.096052 -0.759377
vn -0.244528 -0.233268 -0.941165
vn 0.373149 -0.343720 -0.861752
vn 0.662979 -0.216063 -0.716781
vn 0.999142 -0.004062 0.041227
vn 0.730638 -0.067921 -0.679379
vn 0.803185 0.084829 0.589660
vn 0.742980 0.181195 0.644320
vn 0.457596 0.210632 0.863852
vn -0.068391 0.201156 0.977169
vn -0.520181 0.186376 0.833472
vn -0.825477 0.134344 0.548214
vn -0.969789 0.044568 0.239841
vn -0.999870 -0.016122 -0.000012
vn -0.960564 -0.029848 -0.276451
vn -0.737330 -0.100338 -0.668040
vn -0.368042 -0.229486 -0.901045
vn 0.219985 -0.290515 -0.931240
vn 0.579929 -0.175533 -0.795532
vn 0.965662 -0.250946 -0.067248
vn 0.716750 -0.298265 -0.630324
vn 0.898350 -0.027518 0.438419
vn 0.819448 0.218231 0.529982
vn 0.551652 0.382316 0.741293
vn 0.084660 0.429759 0.898966
vn -0.371852 0.391090 0.841888
vn -0.730652 0.280529 0.622456
vn -0.942296 0.115364 0.314277
vn -0.998262 -0.024611 0.053549
vn -0.977125 -0.141506 -0.158754
vn -0.823994 -0.234213 -0.515924
vn -0.456177 -0.336745 -0.823714
vn 0.025041 -0.341510 -0.939545
vn 0.481883 -0.241782 -0.842217
vn 0.942121 -0.308664 -0.130903
vn 0.721662 -0.349354 -0.597626
vn 0.977549 -0.018926 0.209857
vn 0.890345 0.244302 0.384191
vn 0.616630 0.407594 0.673524
vn 0.200208 0.461105 0.864465
vn -0.238295 0.434080 0.868787
vn -0.635438 0.324307 0.700745
vn -0.902526 0.150503 0.403478
vn -0.993446 -0.012586 0.113604
vn -0.980928 -0.155993 -0.115960
vn -0.878418 -0.301287 -0.370957
vn -0.581861 -0.350314 -0.733974
vn -0.169045 -0.341694 -0.924483
vn 0.389756 -0.317965 -0.864285
vn 0.965542 -0.064606 -0.252101
vn 0.773001 -0.195867 -0.603411
vn 0.996517 0.082763 0.010192
vn 0.937376 0.205333 0.281360
vn 0.714486 0.277270 0.642364
vn 0.329182 0.281490 0.901334
vn -0.105385 0.252737 0.961779
vn -0.523327 0.194655 0.829601
vn -0.838482 0.096916 0.536241
vn -0.978572 -0.018197 0.205097
vn -0.988676 -0.132184 -0.071048
vn -0.936667 -0.210554 -0.279862
vn -0.747123 -0.286404 -0.599817
vn -0.320496 -0.324683 -0.889867
vn 0.308669 -0.296189 -0.903878
vn 0.939545 0.018162 -0.341943
vn 0.718425 -0.132362 -0.682895
vn 0.988993 0.118121 -0.089110
vn 0.964270 0.178598 0.195668
vn 0.791573 0.177588 0.584700
vn 0.441903 0.118565 0.889193
vn 0.044828 0.068523 0.996642
vn -0.377800 0.034446 0.925246
vn -0.736003 0.000511 0.676978
vn -0.942425 -0.047006 0.331097
vn -0.992123 -0.124927 0.009245
vn -0.960663 -0.183729 -0.208255
vn -0.831482 -0.258941 -0.491515
vn -0.454205 -0.334335 -0.825783
vn 0.171735 -0.297069 -0.939285
vn 0.899446 0.032861 -0.435796
vn 0.604321 -0.146628 -0.783133
vn 0.975472 0.145446 -0.165227
vn 0.972914 0.197059 0.120855
vn 0.842819 0.172879 0.509676
vn 0.538681 0.102873 0.836205
vn 0.185640 0.043614 0.981650
vn -0.216732 -0.007812 0.976200
vn -0.608218 -0.050267 0.792177
vn -0.882576 -0.092880 0.460905
vn -0.984399 -0.145881 0.098375
vn -0.971318 -0.191596 -0.140828
vn -0.887387 -0.256197 -0.383285
vn -0.569445 -0.357147 -0.740391
vn -0.012921 -0.326734 -0.945028
vn 0.842060 0.033590 -0.538338
vn 0.463105 -0.165262 -0.870759
vn 0.955837 0.155707 -0.249261
vn 0.979333 0.197792 0.042262
vn 0.891296 0.162094 0.423459
vn 0.640392 0.098551 0.761699
vn 0.314907 0.048879 0.947863
vn -0.077679 -0.019890 0.996780
vn -0.488585 -0.096755 0.867135
vn -0.807966 -0.154705 0.568557
vn -0.963396 -0.188228 0.190888
vn -0.971777 -0.214874 -0.097362
vn -0.908825 -0.267323 -0.320274
vn -0.673618 -0.340909 -0.655759
vn -0.185926 -0.328179 -0.926137
vn 0.764000 0.057006 -0.642693
vn 0.309074 -0.127163 -0.942498
vn 0.926187 0.162234 -0.340380
vn 0.981156 0.188414 -0.042816
vn 0.934739 0.132446 0.329728
vn 0.741816 0.049879 0.668746
vn 0.442603 -0.019262 0.896511
vn 0.046144 -0.096176 0.994294
vn -0.382608 -0.171908 0.907777
vn -0.726469 -0.218053 0.651687
vn -0.930088 -0.230427 0.286077
vn -0.971968 -0.229281 -0.052044
vn -0.917656 -0.258311 -0.301964
vn -0.736421 -0.307103 -0.602803
vn -0.332404 -0.282434 -0.899855
vn 0.658858 0.170737 -0.732636
vn 0.134607 0.031437 -0.990400
vn 0.879836 0.220276 -0.421150
vn 0.973401 0.195788 -0.118985
vn 0.966161 0.099112 0.238136
vn 0.823303 -0.017135 0.567344
vn 0.561078 -0.120982 0.818874
vn 0.159015 -0.242881 0.956934
vn -0.268879 -0.314213 0.910480
vn -0.634002 -0.320521 0.703781
vn -0.880200 -0.291487 0.374544
vn -0.969397 -0.243677 0.029832
vn -0.943345 -0.203736 -0.261902
vn -0.811110 -0.184776 -0.554940
vn -0.476525 -0.124875 -0.870247
vn 0.504150 0.304942 -0.807987
vn -0.058150 0.167261 -0.984196
vn 0.797839 0.329250 -0.505023
vn 0.945629 0.252953 -0.204453
vn 0.987518 0.085703 0.132149
vn 0.893089 -0.087335 0.441322
vn 0.660067 -0.252642 0.707449
vn 0.287878 -0.392693 0.873452
vn -0.132663 -0.465342 0.875133
vn -0.524946 -0.446933 0.724350
vn -0.815927 -0.370399 0.443924
vn -0.954986 -0.275769 0.109330
vn -0.965493 -0.177287 -0.190770
vn -0.862411 -0.085721 -0.498898
vn -0.590795 0.012613 -0.806723
vn 0.302029 0.412339 -0.859509
vn -0.251490 0.256969 -0.933124
vn 0.677707 0.445969 -0.584658
vn 0.887517 0.356293 -0.292180
vn 0.988153 0.150214 0.031458
vn 0.946383 -0.071911 0.314942
vn 0.759255 -0.295872 0.579648
vn 0.402689 -0.493458 0.770935
vn 0.093252 -0.547534 0.831571
vn -0.325257 -0.527772 0.784643
vn -0.709322 -0.434843 0.554774
vn -0.929085 -0.316840 0.190825
vn -0.971964 -0.211775 -0.102165
vn -0.912842 -0.085192 -0.399326
vn -0.687777 0.071201 -0.722422
vn 0.089892 0.522797 -0.847704
vn -0.406873 0.359333 -0.839842
vn 0.523633 0.551518 -0.649335
vn 0.799947 0.459713 -0.385681
vn 0.965174 0.254908 -0.058823
vn 0.972014 0.036382 0.232089
vn 0.858678 -0.164965 0.485242
vn 0.530396 -0.416518 0.738371
vn 0.333815 -0.443168 0.831967
vn -0.023415 -0.489600 0.871633
vn -0.478905 -0.458133 0.748841
vn -0.881428 -0.346042 0.321466
vn -0.970935 -0.237364 -0.030705
vn -0.945116 -0.104451 -0.309589
vn -0.780890 0.112083 -0.614531
vn -0.083561 0.565443 -0.820543
vn -0.538987 0.365500 -0.758883
vn 0.391431 0.610431 -0.688589
vn 0.719909 0.517161 -0.462899
vn 0.789298 0.577751 -0.207875
vn 0.655777 0.746739 0.111076
vn 0.554652 0.622369 0.552285
vn 0.407096 -0.010167 0.913329
vn 0.388125 -0.199646 0.899723
vn 0.266143 -0.209706 0.940846
vn -0.225097 -0.334460 0.915133
vn -0.787909 -0.336186 0.515925
vn -0.971543 -0.233580 0.039306
vn -0.970537 -0.131194 -0.202105
vn -0.866615 0.073528 -0.493531
vn -0.224362 0.612084 -0.758298
vn -0.682747 0.344668 -0.644252
vn 0.290222 0.664384 -0.688742
vn 0.656553 0.567993 -0.496308
vn 0.634382 0.639497 -0.434285
vn 0.524142 0.828919 -0.195366
vn 0.327882 0.869323 0.369826
vn 0.332893 0.339373 0.879777
vn 0.314462 -0.075646 0.946251
vn 0.392446 -0.050391 0.918394
vn -0.073289 -0.209740 0.975007
vn -0.675543 -0.331805 0.658443
vn -0.956690 -0.279220 0.082344
vn -0.973177 -0.170949 -0.153960
vn -0.921239 0.020706 -0.388445
vn -0.317641 0.626105 -0.712107
vn -0.776773 0.321311 -0.541649
vn 0.211800 0.700053 -0.681958
vn 0.592407 0.620910 -0.513346
vn 0.764935 0.406682 -0.499484
vn 0.768338 0.327731 -0.549772
vn 0.795447 -0.580074 0.175434
vn 0.744852 -0.607026 -0.276976
vn 0.995227 0.015771 -0.096308
vn 0.904828 -0.268571 0.330388
vn 0.755707 -0.267474 -0.597800
vn 0.794276 0.213866 -0.568671
vn 0.389367 -0.251126 0.886188
vn 0.364506 -0.320614 0.874267
vn 0.478011 -0.036082 0.877612
vn -0.024468 -0.237606 0.971053
vn -0.581141 -0.416017 0.699432
vn -0.920515 -0.364544 0.140571
vn -0.968911 -0.225861 -0.100988
vn -0.953284 -0.019598 -0.301441
vn -0.435993 0.528474 -0.728440
vn -0.851504 0.188013 -0.489481
vn 0.114793 0.685605 -0.718866
vn 0.516150 0.657713 -0.548638
vn 0.823202 0.439885 -0.358942
vn 0.949531 0.236991 -0.205491
vn 0.993298 0.064279 -0.096061
vn 0.981778 -0.076512 0.173950
vn 0.834130 0.377437 -0.402205
vn 0.585943 -0.322951 0.743218
vn 0.711408 -0.427485 0.557813
vn 0.559043 -0.013164 0.829034
vn -0.042561 -0.272790 0.961132
vn -0.584736 -0.461340 0.667270
vn -0.888633 -0.416961 0.190983
vn -0.964992 -0.258710 -0.043132
vn -0.968087 -0.067275 -0.241416
vn -0.597078 0.417889 -0.684738
vn -0.911330 0.075169 -0.404755
vn -0.034033 0.661950 -0.748775
vn 0.413044 0.687562 -0.597204
vn 0.744466 0.589312 -0.313817
vn 0.898040 0.439436 -0.020497
vn 0.980141 0.192723 0.046713
vn 0.925969 0.353099 0.133799
vn 0.926871 0.034537 0.373787
vn 0.808787 -0.013736 0.587942
vn 0.611689 -0.087824 0.786208
vn -0.023686 -0.408789 0.912322
vn -0.575822 -0.515981 0.634186
vn -0.859546 -0.445647 0.250160
vn -0.954720 -0.297339 0.009982
vn -0.974172 -0.134208 -0.181596
vn -0.715875 0.361260 -0.597507
vn -0.947561 0.037424 -0.317377
vn -0.189385 0.639491 -0.745107
vn 0.292166 0.711065 -0.639551
vn 0.645152 0.643628 -0.411731
vn 0.906153 0.394497 -0.152509
vn 0.988667 0.149030 0.018091
vn 0.983751 0.009324 0.179294
vn 0.894879 -0.135251 0.425322
vn 0.704270 -0.268473 0.657210
vn 0.100229 -0.594477 0.797842
vn -0.502929 -0.614032 0.608298
vn -0.818487 -0.487938 0.303308
vn -0.935104 -0.346151 0.075902
vn -0.977100 -0.177596 -0.117197
vn -0.794431 0.304585 -0.525460
vn -0.968631 -0.008928 -0.248343
vn -0.325183 0.602671 -0.728728
vn 0.167394 0.712713 -0.681190
vn 0.562495 0.657700 -0.501029
vn 0.892800 0.394647 -0.217168
vn 0.996113 0.086157 -0.018314
vn 0.989476 -0.128145 0.067204
vn 0.924705 -0.302442 0.231192
vn 0.737024 -0.496533 0.458530
vn 0.274065 -0.691072 0.668811
vn -0.388860 -0.697188 0.602260
vn -0.769680 -0.537065 0.345186
vn -0.914429 -0.385381 0.123694
vn -0.973463 -0.221074 -0.059123
vn -0.858624 0.249424 -0.447830
vn -0.983098 -0.046881 -0.176976
vn -0.463078 0.552636 -0.692930
vn 0.017799 0.698035 -0.715842
vn 0.476354 0.638928 -0.604035
vn 0.842970 0.400060 -0.359658
vn 0.996193 0.071321 -0.050137
vn 0.995197 -0.062593 0.075270
vn 0.953432 -0.238977 0.184005
vn 0.805357 -0.461789 0.371687
vn 0.423094 -0.697233 0.578669
vn -0.238026 -0.760382 0.604288
vn -0.709746 -0.588868 0.386646
vn -0.900705 -0.402649 0.163108
vn -0.970496 -0.241024 -0.006656
vn -0.914447 0.175575 -0.364638
vn -0.991147 -0.077224 -0.108004
vn -0.594748 0.481083 -0.644076
vn -0.153627 0.676857 -0.719906
vn 0.358526 0.667449 -0.652665
vn 0.766142 0.419797 -0.486619
vn 0.979781 0.094982 -0.176093
vn 0.997975 -0.021861 0.059735
vn 0.976979 -0.100305 0.188285
vn 0.879768 -0.320872 0.350783
vn 0.586862 -0.608396 0.534273
vn -0.045619 -0.804102 0.592738
vn -0.615650 -0.668126 0.417831
vn -0.873151 -0.441871 0.205808
vn -0.965357 -0.256927 0.045536
vn -0.952864 0.095707 -0.287905
vn -0.989796 -0.129667 -0.059088
vn -0.715210 0.403267 -0.570833
vn -0.353811 0.646020 -0.676370
vn 0.209617 0.727380 -0.653436
vn 0.687203 0.509612 -0.517734
vn 0.935671 0.235330 -0.262944
vn 0.993581 0.111447 0.019421
vn 0.980915 0.035792 0.191116
vn 0.922738 -0.192517 0.333903
vn 0.703229 -0.514561 0.490608
vn 0.162663 -0.801556 0.575369
vn -0.466708 -0.763685 0.446059
vn -0.819210 -0.522126 0.237232
vn -0.948687 -0.306636 0.077254
vn -0.976152 0.040460 -0.213285
vn -0.983228 -0.182055 -0.010893
vn -0.813600 0.346991 -0.466532
vn -0.532289 0.622907 -0.573284
vn 0.002755 0.794348 -0.607457
vn 0.562765 0.676889 -0.474465
vn 0.862894 0.429673 -0.266072
vn 0.969330 0.243136 -0.035828
vn 0.987861 0.074681 0.136213
vn 0.947418 -0.163892 0.274844
vn 0.777129 -0.469913 0.418631
vn 0.341233 -0.773702 0.533802
vn -0.297803 -0.826101 0.478404
vn -0.742551 -0.607306 0.282484
vn -0.920338 -0.373098 0.117370
vn -0.992762 0.014788 -0.119187
vn -0.976929 -0.207636 0.049977
vn -0.891711 0.304927 -0.334471
vn -0.675655 0.586799 -0.446271
vn -0.213110 0.827067 -0.520139
vn 0.396651 0.805173 -0.440868
vn 0.769592 0.583584 -0.259151
vn 0.936551 0.339727 -0.086356
vn 0.992268 0.105898 0.064730
vn 0.968967 -0.144893 0.200272
vn 0.836034 -0.430116 0.340657
vn 0.491102 -0.732248 0.471839
vn -0.106688 -0.863003 0.493806
vn -0.643418 -0.681675 0.348329
vn -0.893375 -0.413379 0.176065
vn -0.999606 -0.006363 -0.027324
vn -0.963826 -0.236540 0.122834
vn -0.940978 0.272463 -0.200808
vn -0.774049 0.545512 -0.321348
vn -0.383353 0.816773 -0.431187
vn 0.197224 0.889508 -0.412164
vn 0.661348 0.701407 -0.265795
vn 0.901614 0.414088 -0.124990
vn 0.989342 0.145573 -0.003399
vn 0.985987 -0.112993 0.122732
vn 0.885005 -0.387963 0.257392
vn 0.614337 -0.681657 0.397409
vn 0.091109 -0.873406 0.478395
vn -0.498034 -0.764858 0.408601
vn -0.841372 -0.477517 0.253121
vn -0.997079 -0.069689 0.031258
vn -0.936884 -0.304673 0.171533
vn -0.973317 0.202841 -0.107279
vn -0.841216 0.486462 -0.236030
vn -0.515514 0.771826 -0.372195
vn 0.009114 0.919514 -0.392952
vn 0.502592 0.831183 -0.237775
vn 0.836608 0.544079 -0.063758
vn 0.977437 0.211116 0.006824
vn 0.995589 -0.052008 0.078084
vn 0.925427 -0.323401 0.197478
vn 0.715722 -0.612299 0.335903
vn 0.270882 -0.849360 0.453002
vn -0.329694 -0.831643 0.446846
vn -0.760283 -0.566741 0.317450
vn -0.985495 -0.158640 0.060275
vn -0.899666 -0.394035 0.187985
vn -0.992867 0.109139 -0.048000
vn -0.889560 0.415557 -0.189725
vn -0.605756 0.714987 -0.349075
vn -0.140311 0.904085 -0.403663
vn 0.370860 0.883531 -0.286068
vn 0.762627 0.643362 -0.066971
vn 0.962411 0.258621 0.082948
vn 0.992321 0.054632 0.110974
vn 0.962991 -0.140043 0.230294
vn 0.783635 -0.501361 0.366814
vn 0.417664 -0.790190 0.448505
vn -0.148633 -0.871332 0.467642
vn -0.657551 -0.665642 0.352911
vn -0.970768 -0.211100 0.114218
vn -0.857475 -0.461189 0.228124
vn -0.999435 0.028715 0.017497
vn -0.929691 0.340543 -0.140376
vn -0.681829 0.658692 -0.318173
vn -0.278980 0.869506 -0.407591
vn 0.219410 0.896250 -0.385480
vn 0.688882 0.672506 -0.270513
vn 0.969348 0.243875 -0.029816
vn 0.993225 0.067220 0.094790
vn 0.975544 0.079376 0.204970
vn 0.848943 -0.304670 0.431824
vn 0.496256 -0.722164 0.481880
vn 0.030078 -0.878557 0.476690
vn -0.530978 -0.751986 0.390615
vn -0.948730 -0.252893 0.189624
vn -0.791922 -0.529701 0.303771
vn -0.996615 -0.023552 0.078764
vn -0.960727 0.263988 -0.085519
vn -0.761471 0.595238 -0.256619
vn -0.410331 0.833672 -0.369621
vn 0.069930 0.901008 -0.428129
vn 0.570830 0.702533 -0.424972
vn 0.912644 0.289527 -0.288541
vn 0.997616 0.007850 -0.068566
vn 0.995273 0.093282 0.027022
vn 0.950724 -0.184587 0.249101
vn 0.579816 -0.677869 0.452003
vn 0.180415 -0.861172 0.475219
vn -0.369472 -0.819214 0.438610
vn -0.914109 -0.331240 0.233849
vn -0.692385 -0.625159 0.360250
vn -0.990703 -0.084233 0.106829
vn -0.982738 0.178123 -0.049977
vn -0.849464 0.487180 -0.202649
vn -0.557674 0.766669 -0.318148
vn -0.126453 0.902227 -0.412306
vn 0.441600 0.789149 -0.426887
vn 0.807955 0.484368 -0.335553
vn 0.978668 0.140972 -0.149452
vn 0.997533 0.015023 -0.068578
vn 0.981991 -0.188606 -0.011032
vn 0.703070 -0.666160 0.248845
vn 0.315734 -0.848125 0.425437
vn -0.198735 -0.862879 0.464699
vn -0.861402 -0.447950 0.239433
vn -0.566218 -0.729801 0.383129
vn -0.978029 -0.182825 0.100170
vn -0.996253 0.077078 -0.039237
vn -0.917808 0.353161 -0.181402
vn -0.702085 0.641362 -0.309406
vn -0.333580 0.850488 -0.406686
vn 0.250667 0.869630 -0.425334
vn 0.703487 0.648997 -0.289672
vn 0.925517 0.360107 -0.117219
vn 0.995747 0.090838 0.015362
vn 0.983323 -0.181268 0.014774
vn 0.794698 -0.594805 0.121090
vn 0.454862 -0.823966 0.337906
vn -0.017447 -0.888484 0.458575
vn -0.783281 -0.571984 0.243525
vn -0.407626 -0.827603 0.385895
vn -0.948690 -0.294285 0.115691
vn -0.999809 -0.019148 -0.003987
vn -0.957125 0.252632 -0.141732
vn -0.798861 0.529165 -0.286017
vn -0.477296 0.771189 -0.421256
vn 0.065340 0.872047 -0.485041
vn 0.583409 0.731134 -0.353662
vn 0.857110 0.495322 -0.141487
vn 0.974374 0.219487 0.049209
vn 0.982115 -0.089065 0.165886
vn 0.877632 -0.427449 0.216908
vn 0.610530 -0.724132 0.320758
vn 0.171306 -0.884548 0.433854
vn -0.673069 -0.670788 0.311482
vn -0.209297 -0.885732 0.414336
vn -0.902626 -0.377848 0.206147
vn -0.990943 -0.082330 0.106084
vn -0.979090 0.201506 -0.027909
vn -0.861729 0.470488 -0.189906
vn -0.598832 0.710456 -0.369666
vn -0.117921 0.842439 -0.525729
vn 0.430356 0.764776 -0.479490
vn 0.766027 0.590319 -0.254414
vn 0.933126 0.359514 0.005013
vn 0.975492 0.043562 0.215678
vn 0.903879 -0.281047 0.322514
vn 0.725121 -0.573464 0.381233
vn 0.356512 -0.829415 0.430082
vn -0.523047 -0.756713 0.392183
vn -0.003584 -0.887587 0.460627
vn -0.827988 -0.465880 0.312077
vn -0.958857 -0.156544 0.236829
vn -0.982805 0.148839 0.109275
vn -0.901774 0.426684 -0.068874
vn -0.690437 0.666755 -0.280595
vn -0.279329 0.814593 -0.508344
vn 0.244339 0.778056 -0.578729
vn 0.633745 0.643565 -0.429175
vn 0.874374 0.455602 -0.167022
vn 0.982563 0.139861 0.122509
vn 0.929588 -0.195389 0.312554
vn 0.782018 -0.476778 0.401411
vn 0.496825 -0.738826 0.455303
vn -0.340440 -0.819305 0.461347
vn 0.177740 -0.841143 0.510771
vn -0.707781 -0.589241 0.389669
vn -0.904478 -0.290709 0.312103
vn -0.983597 0.024921 0.178652
vn -0.946768 0.321895 0.003699
vn -0.775170 0.595113 -0.212018
vn -0.415735 0.779078 -0.469257
vn 0.080120 0.775291 -0.626502
vn 0.477583 0.664864 -0.574343
vn 0.770217 0.509607 -0.383492
vn 0.972471 0.214141 -0.091895
vn 0.969782 -0.158594 0.185396
vn 0.840303 -0.411571 0.352847
vn 0.610121 -0.640713 0.466089
vn -0.154535 -0.800506 0.579059
vn 0.355837 -0.740677 0.569892
vn -0.564512 -0.668105 0.484729
vn -0.822504 -0.437671 0.363224
vn -0.963369 -0.147691 0.223846
vn -0.984245 0.167338 0.057102
vn -0.864843 0.474388 -0.164323
vn -0.548440 0.711371 -0.439505
vn -0.072811 0.762894 -0.642411
vn 0.329123 0.676311 -0.659001
vn 0.641075 0.542234 -0.543144
vn 0.907373 0.291678 -0.302652
vn 0.995567 -0.092313 0.018033
vn 0.896347 -0.366947 0.248822
vn 0.725240 -0.544284 0.421641
vn -0.012067 -0.760011 0.649798
vn 0.460058 -0.673549 0.578514
vn -0.435159 -0.704309 0.560880
vn -0.740648 -0.529890 0.413107
vn -0.922990 -0.272176 0.272046
vn -0.992331 0.045509 0.114923
vn -0.929682 0.357211 -0.089949
vn -0.676130 0.630552 -0.381119
vn -0.219794 0.748410 -0.625758
vn 0.208056 0.694278 -0.688978
vn 0.528873 0.578550 -0.620945
vn 0.825919 0.362492 -0.431806
vn 0.994797 -0.017926 -0.100288
vn 0.926451 -0.331955 0.177468
vn 0.777499 -0.506168 0.373214
vn 0.386515 -0.192658 0.901936
vn -0.423159 -0.109964 0.899358
vn -0.518815 -0.031183 0.854318
vn 0.304871 0.042844 0.951429
vn -0.937814 0.089857 0.335307
vn -0.934922 0.038938 0.352711
vn -0.852475 0.181365 -0.490299
vn -0.917297 0.107685 -0.383367
vn -0.544886 0.193602 -0.815854
vn -0.627065 0.099643 -0.772567
vn -0.274971 0.198011 -0.940842
vn -0.285419 0.077848 -0.955236
vn 0.007652 0.070477 -0.997484
vn -0.079833 -0.016129 -0.996678
vn 0.728908 -0.216029 -0.649634
vn 0.584368 -0.241204 -0.774813
vn 0.900398 -0.302943 -0.312264
vn 0.854604 -0.266585 -0.445629
vn 0.937747 -0.341816 0.061586
vn 0.952165 -0.290978 -0.093345
vn 0.888395 -0.304038 0.343969
vn 0.927387 -0.278939 0.249293
vn 0.769948 -0.287453 0.569694
vn 0.836448 -0.217453 0.503059
vn 0.658112 -0.244625 0.712072
vn 0.734591 -0.101848 0.670823
vn 0.521959 -0.109250 0.845945
vn 0.584206 0.040191 0.810610
vn 0.324163 -0.053030 0.944514
vn 0.330043 0.162392 0.929893
vn -0.675327 -0.074876 0.733708
vn 0.136838 0.160681 0.977475
vn -0.919734 -0.140144 0.366672
vn -0.910698 -0.171823 -0.375641
vn -0.679659 -0.210506 -0.702675
vn -0.453305 -0.240276 -0.858360
vn -0.237261 -0.174958 -0.955561
vn 0.338342 -0.229841 -0.912523
vn 0.777781 -0.243489 -0.579456
vn 0.943507 -0.234736 -0.233866
vn 0.969704 -0.218464 0.109305
vn 0.921262 -0.156085 0.356249
vn 0.844561 -0.049554 0.533162
vn 0.715349 0.076268 0.694593
vn 0.474240 0.186334 0.860451
vn -0.721039 -0.219376 0.657250
vn 0.061030 -0.076415 0.995207
vn -0.919748 -0.290127 0.264366
vn -0.829185 -0.373056 -0.416271
vn -0.721106 -0.374342 -0.582988
vn -0.611948 -0.250418 -0.750207
vn -0.487952 -0.109876 -0.865927
vn 0.064937 -0.159766 -0.985017
vn 0.632495 -0.153523 -0.759197
vn 0.913815 -0.113251 -0.390021
vn 0.996597 -0.053059 -0.063086
vn 0.973603 -0.090196 0.209669
vn 0.897018 -0.045043 0.439693
vn 0.798926 0.008068 0.601375
vn 0.572321 0.000313 0.820030
vn -0.644892 -0.499116 0.578790
vn 0.111033 -0.337249 0.934845
vn -0.851694 -0.502441 0.148899
vn -0.687602 -0.546774 -0.477747
vn -0.803457 -0.490589 -0.337312
vn -0.874768 -0.263978 -0.406322
vn -0.712966 -0.171299 -0.679953
vn -0.182651 -0.132231 -0.974245
vn 0.441495 -0.055441 -0.895549
vn 0.812180 0.039602 -0.582062
vn 0.979656 0.101492 -0.173130
vn 0.990455 0.117701 0.071732
vn 0.950912 0.080220 0.298882
vn 0.859262 0.074345 0.506105
vn 0.631159 -0.070792 0.772416
vn -0.414803 -0.660615 0.625721
vn 0.194442 -0.366672 0.909804
vn -0.646670 -0.713517 0.269650
vn -0.729261 -0.559267 -0.394208
vn -0.916624 -0.391466 -0.080965
vn -0.937262 -0.322176 -0.133199
vn -0.845957 -0.217596 -0.486836
vn -0.393195 -0.027653 -0.919039
vn 0.227663 0.091564 -0.969425
vn 0.651812 0.160427 -0.741218
vn 0.921631 0.169889 -0.348903
vn 0.987248 0.158922 -0.009244
vn 0.968508 0.205851 0.140060
vn 0.899857 0.153780 0.408179
vn 0.716137 -0.039403 0.696846
vn -0.421792 -0.648042 0.634140
vn 0.152680 -0.633647 0.758407
vn -0.667002 -0.487775 0.563191
vn -0.928281 -0.157605 0.336831
vn -0.992314 0.053075 0.111788
vn -0.956935 0.258101 -0.132887
vn -0.782360 0.345096 -0.518481
vn -0.365888 0.300351 -0.880860
vn 0.116150 0.288937 -0.950276
vn 0.497459 0.289953 -0.817595
vn 0.786519 0.312121 -0.532887
vn 0.941147 0.284936 -0.181807
vn 0.981411 0.190060 0.026627
vn 0.973534 0.017145 0.227898
vn 0.797815 -0.291048 0.527998
vn -0.209536 -0.309597 0.927494
vn 0.191662 -0.649186 0.736087
vn -0.473725 0.133647 0.870473
vn -0.675425 0.403757 0.617075
vn -0.779907 0.554372 0.290545
vn -0.805595 0.583438 -0.103040
vn -0.685783 0.525866 -0.503157
vn -0.386719 0.407585 -0.827238
vn -0.039664 0.323884 -0.945265
vn 0.359603 0.221741 -0.906375
vn 0.664381 0.181099 -0.725122
vn 0.904779 0.187698 -0.382289
vn 0.985769 0.167039 -0.018893
vn 0.973838 -0.006253 0.227158
vn 0.763464 -0.436318 0.476183
vn 0.078617 -0.176455 0.981164
vn 0.409759 -0.401666 0.819001
vn -0.267670 0.109823 0.957231
vn -0.612795 0.306345 0.728447
vn -0.826588 0.417715 0.377183
vn -0.893694 0.448608 -0.007859
vn -0.796541 0.460454 -0.391798
vn -0.520106 0.407023 -0.750881
vn -0.178074 0.261118 -0.948740
vn 0.213151 0.114273 -0.970314
vn 0.533393 0.025445 -0.845485
vn 0.795424 -0.042936 -0.604530
vn 0.979306 -0.083395 -0.184405
vn 0.966803 -0.118604 0.226328
vn 0.792702 -0.253964 0.554190
vn 0.184775 -0.225474 0.956566
vn 0.469187 -0.367916 0.802809
vn -0.161525 -0.033003 0.986317
vn -0.560948 0.176579 0.808800
vn -0.831351 0.327191 0.449223
vn -0.905456 0.418769 0.069156
vn -0.821510 0.522545 -0.228183
vn -0.591098 0.526828 -0.610782
vn -0.280615 0.348144 -0.894456
vn 0.068117 0.142909 -0.987389
vn 0.413078 -0.020639 -0.910462
vn 0.664961 -0.122521 -0.736760
vn 0.890371 -0.212168 -0.402770
vn 0.955058 -0.283463 0.086681
vn 0.763727 -0.346852 0.544440
vn 0.255484 -0.349124 0.901577
vn 0.509435 -0.451566 0.732506
vn -0.080349 -0.230382 0.969777
vn -0.494582 -0.041712 0.868129
vn -0.805162 0.185068 0.563439
vn -0.887270 0.405928 0.219032
vn -0.831388 0.554381 -0.038161
vn -0.669354 0.604520 -0.431880
vn -0.347905 0.428165 -0.834049
vn -0.033934 0.153331 -0.987592
vn 0.272741 -0.047753 -0.960902
vn 0.556101 -0.162575 -0.815059
vn 0.793224 -0.213251 -0.570369
vn 0.913498 -0.404783 -0.040895
vn 0.725325 -0.490205 0.483324
vn 0.329491 -0.386811 0.861286
vn 0.591840 -0.536165 0.601874
vn 0.008036 -0.277534 0.960682
vn -0.399752 -0.119298 0.908827
vn -0.732688 0.092389 0.674265
vn -0.865181 0.312518 0.392166
vn -0.867365 0.483353 0.118520
vn -0.786201 0.553584 -0.274651
vn -0.486497 0.465839 -0.739131
vn -0.095956 0.170917 -0.980602
vn 0.162757 -0.110281 -0.980484
vn 0.411167 -0.280208 -0.867424
vn 0.660869 -0.320590 -0.678583
vn 0.789657 -0.604934 -0.102454
vn 0.659928 -0.662183 0.354978
vn 0.468696 -0.472530 0.746351
vn 0.649065 -0.699100 0.299958
vn 0.092557 -0.014502 0.995602
vn -0.384292 0.130350 0.913963
vn -0.663473 0.144614 0.734091
vn -0.803325 0.242633 0.543874
vn -0.907415 0.337519 0.250357
vn -0.918209 0.364259 -0.155589
vn -0.710049 0.353219 -0.609153
vn -0.217832 0.140704 -0.965791
vn 0.107795 -0.151329 -0.982588
vn 0.290899 -0.370412 -0.882141
vn 0.482070 -0.459063 -0.746238
vn 0.684117 -0.714308 -0.147474
vn 0.579193 -0.752196 0.314224
vn 0.686874 -0.099137 0.719983
vn 0.765202 -0.583812 0.271349
vn 0.067419 0.437232 0.896818
vn -0.309265 0.596594 0.740561
vn -0.471188 0.583278 0.661641
vn -0.721078 0.419453 0.551459
vn -0.891239 0.303539 0.336983
vn -0.967864 0.251475 -0.000239
vn -0.879331 0.208967 -0.427915
vn -0.420832 0.009286 -0.907091
vn 0.024413 -0.211474 -0.977079
vn 0.247882 -0.390089 -0.886784
vn 0.364803 -0.350057 -0.862774
vn 0.719064 -0.662567 -0.209647
vn 0.737983 -0.605594 0.297719
vn 0.816396 -0.016835 0.577247
vn 0.942175 -0.199532 0.269246
vn 0.391842 0.296605 0.870911
vn -0.088656 0.593913 0.799629
vn -0.389238 0.649445 0.653234
vn -0.687322 0.555155 0.468392
vn -0.865007 0.390010 0.315681
vn -0.951984 0.276852 0.130692
vn -0.951349 0.245072 -0.186749
vn -0.665603 -0.004270 -0.746294
vn -0.116833 -0.303377 -0.945681
vn 0.170727 -0.394971 -0.902691
vn 0.258984 -0.366612 -0.893601
vn 0.737778 -0.479760 -0.474883
vn 0.881142 -0.389540 0.268043
vn 0.888876 -0.017080 0.457830
vn 0.975681 -0.122644 0.181670
vn 0.621798 0.124716 0.773184
vn 0.162593 0.299015 0.940295
vn -0.364580 0.407642 0.837204
vn -0.745287 0.404232 0.530230
vn -0.878882 0.365812 0.306183
vn -0.926486 0.330774 0.179479
vn -0.952554 0.304347 0.003603
vn -0.821521 0.137227 -0.553418
vn -0.326693 -0.129710 -0.936187
vn 0.095496 -0.275903 -0.956430
vn 0.229999 -0.334730 -0.913814
vn 0.605000 -0.540871 -0.584323
vn 0.923956 -0.377607 0.060978
vn 0.925823 -0.042323 0.375579
vn 0.982949 -0.170470 0.068935
vn 0.722893 0.080574 0.686246
vn 0.330601 0.220763 0.917588
vn -0.180910 0.337217 0.923881
vn -0.658872 0.371530 0.654104
vn -0.852012 0.355976 0.383870
vn -0.931146 0.308664 0.194151
vn -0.942931 0.313578 0.112029
vn -0.904049 0.178585 -0.388334
vn -0.462037 -0.111478 -0.879827
vn 0.027491 -0.240027 -0.970377
vn 0.263293 -0.324773 -0.908405
vn 0.552117 -0.474013 -0.685915
vn 0.894175 -0.401234 -0.198653
vn 0.953345 -0.047080 0.298189
vn 0.982392 -0.177700 -0.057688
vn 0.787538 0.045581 0.614578
vn 0.449749 0.120340 0.885011
vn -0.029936 0.187599 0.981790
vn -0.564718 0.226317 0.793646
vn -0.833592 0.234267 0.500244
vn -0.946651 0.202948 0.250329
vn -0.955659 0.237888 0.173565
vn -0.966186 0.141641 -0.215459
vn -0.559850 -0.167056 -0.811579
vn -0.057308 -0.329792 -0.942313
vn 0.249764 -0.366166 -0.896404
vn 0.546102 -0.415121 -0.727631
vn 0.846896 -0.349802 -0.400506
vn 0.974185 -0.048334 0.220517
vn 0.972572 -0.158065 -0.170642
vn 0.836885 0.031936 0.546446
vn 0.537429 0.084618 0.839053
vn 0.096892 0.116236 0.988484
vn -0.448502 0.134494 0.883605
vn -0.778567 0.151293 0.609051
vn -0.910432 0.191407 0.366712
vn -0.949708 0.230248 0.212228
vn -0.985145 0.168660 -0.032308
vn -0.671349 -0.170336 -0.721301
vn -0.166772 -0.330031 -0.929121
vn 0.166581 -0.352316 -0.920936
vn 0.478331 -0.331144 -0.813353
vn 0.796308 -0.263345 -0.544557
vn 0.988851 -0.061434 0.135645
vn 0.949410 -0.141700 -0.280252
vn 0.881925 -0.018495 0.471026
vn 0.614495 -0.009363 0.788865
vn 0.208147 -0.013851 0.978000
vn -0.288379 0.000984 0.957516
vn -0.685796 0.052133 0.725924
vn -0.840031 0.155051 0.519911
vn -0.901472 0.280141 0.329954
vn -0.963527 0.260043 0.063191
vn -0.798055 -0.115868 -0.591340
vn -0.280463 -0.342711 -0.896599
vn 0.070518 -0.392499 -0.917045
vn 0.339268 -0.356279 -0.870610
vn 0.693003 -0.269198 -0.668790
vn 0.997568 -0.060583 0.034460
vn 0.906524 -0.100741 -0.409957
vn 0.925768 -0.074614 0.370657
vn 0.700830 -0.122718 0.702693
vn 0.333532 -0.156186 0.929711
vn -0.130589 -0.147047 0.980471
vn -0.545852 -0.075218 0.834499
vn -0.750014 0.056550 0.659001
vn -0.859121 0.156315 0.487315
vn -0.977487 0.150482 0.147898
vn -0.886584 -0.090757 -0.453577
vn -0.424821 -0.319791 -0.846913
vn -0.080930 -0.338576 -0.937452
vn 0.220352 -0.218237 -0.950693
vn 0.585357 -0.180196 -0.790498
vn 0.997123 -0.017383 -0.073786
vn 0.857541 -0.020140 -0.514022
vn 0.956021 -0.076272 0.283206
vn 0.785517 -0.151860 0.599918
vn 0.489137 -0.182273 0.852949
vn 0.060493 -0.172131 0.983215
vn -0.376848 -0.142753 0.915209
vn -0.638080 -0.075167 0.766292
vn -0.804897 -0.019126 0.593106
vn -0.968122 -0.050460 0.245343
vn -0.962623 -0.093295 -0.254270
vn -0.620052 -0.103441 -0.777712
vn -0.361528 -0.033036 -0.931776
vn 0.114385 0.085794 -0.989725
vn 0.486261 0.001645 -0.873812
vn 0.981838 0.071368 -0.175784
vn 0.798158 0.140778 -0.585770
vn 0.980762 -0.033187 0.192368
vn 0.867837 -0.091351 0.488380
vn 0.648708 -0.097055 0.754824
vn 0.261967 -0.099828 0.959900
vn -0.211919 -0.118510 0.970075
vn -0.542902 -0.141604 0.827771
vn -0.728113 -0.154254 0.667875
vn -0.923761 -0.169152 0.343588
vn -0.984622 -0.158702 -0.073025
vn -0.721863 -0.127675 -0.680156
vn -0.578800 -0.075631 -0.811955
vn -0.093739 0.267325 -0.959036
vn 0.437298 0.180751 -0.880965
vn 0.949215 0.175675 -0.261016
vn 0.748571 0.329266 -0.575522
vn 0.994183 0.031939 0.102862
vn 0.921966 -0.006712 0.387212
vn 0.758412 0.001865 0.651773
vn 0.401969 -0.016919 0.915497
vn -0.100663 -0.083376 0.991421
vn -0.501434 -0.141185 0.853598
vn -0.689182 -0.169076 0.704586
vn -0.869880 -0.170027 0.463034
vn -0.989309 -0.140170 0.040252
vn -0.796683 -0.100694 -0.595950
vn -0.735739 -0.092970 -0.670854
vn -0.274674 0.383146 -0.881904
vn 0.378519 0.401871 -0.833801
vn 0.928369 0.250440 -0.274609
vn 0.715054 0.465672 -0.521390
vn 0.995093 0.094484 0.029362
vn 0.956449 0.049939 0.287597
vn 0.838747 0.048435 0.542363
vn 0.529410 0.027172 0.847931
vn -0.013555 -0.063001 0.997921
vn -0.499085 -0.175808 0.848532
vn -0.706895 -0.240889 0.665035
vn -0.843347 -0.225194 0.487907
vn -0.985898 -0.111696 0.124618
vn -0.860570 0.155728 -0.484941
vn -0.774979 0.219971 -0.592470
vn -0.551971 0.465570 -0.691789
vn 0.270183 0.553350 -0.787912
vn 0.913561 0.289516 -0.285633
vn 0.687050 0.493044 -0.533732
vn 0.987639 0.151479 -0.040298
vn 0.973622 0.090624 0.209397
vn 0.901920 0.063588 0.427196
vn 0.668701 0.008353 0.743484
vn 0.106241 -0.116551 0.987486
vn -0.474156 -0.238964 0.847391
vn -0.724507 -0.292766 0.624002
vn -0.824716 -0.287299 0.487138
vn -0.973794 -0.161284 0.160353
vn -0.868470 0.192640 -0.456782
vn -0.844985 0.264809 -0.464625
vn -0.611414 0.497711 -0.615188
vn 0.079584 0.634301 -0.768979
vn 0.905270 0.257084 -0.338222
vn 0.684400 0.437139 -0.583529
vn 0.974743 0.196174 -0.106729
vn 0.980349 0.136258 0.142653
vn 0.936090 0.098763 0.337611
vn 0.786096 0.041423 0.616715
vn 0.276407 -0.095048 0.956329
vn -0.410826 -0.248841 0.877098
vn -0.704623 -0.245535 0.665747
vn -0.813853 -0.213593 0.540390
vn -0.965139 -0.166108 0.202273
vn -0.888913 0.049332 -0.455412
vn -0.865632 0.140168 -0.480661
vn -0.729283 0.404390 -0.551920
vn -0.027142 0.578946 -0.814914
vn 0.878857 0.252797 -0.404603
vn 0.748131 0.311502 -0.585889
vn 0.955321 0.241269 -0.170735
vn 0.978160 0.189716 0.084920
vn 0.946186 0.152639 0.285365
vn 0.849187 0.111688 0.516147
vn 0.473602 0.007102 0.880710
vn -0.275235 -0.141348 0.950929
vn -0.648746 -0.178242 0.739837
vn -0.782456 -0.145940 0.605363
vn -0.959872 -0.114311 0.256082
vn -0.910565 -0.041111 -0.411317
vn -0.887204 -0.005373 -0.461346
vn -0.834274 0.229424 -0.501350
vn -0.067224 0.466049 -0.882201
vn 0.831164 0.290396 -0.474170
vn 0.762509 0.264447 -0.590464
vn 0.925809 0.294346 -0.237147
vn 0.970377 0.239680 0.030364
vn 0.953435 0.190285 0.233995
vn 0.885383 0.131776 0.445795
vn 0.646076 0.024774 0.762871
vn -0.047333 -0.145516 0.988223
vn -0.596652 -0.256009 0.760570
vn -0.741529 -0.329760 0.584288
vn -0.899302 -0.336603 0.279204
vn -0.965811 -0.155813 -0.207199
vn -0.899939 -0.015674 -0.435734
vn -0.857611 0.147224 -0.492777
vn -0.013052 0.367963 -0.929749
vn 0.777024 0.287608 -0.559925
vn 0.754755 0.190962 -0.627597
vn 0.895156 0.305836 -0.324285
vn 0.970888 0.236200 -0.039834
vn 0.972530 0.156195 0.172593
vn 0.925128 0.080984 0.370919
vn 0.762973 -0.029217 0.645770
vn 0.231468 -0.207881 0.950373
vn -0.498134 -0.346985 0.794647
vn -0.731907 -0.422258 0.534799
vn -0.810770 -0.488073 0.323166
vn -0.889481 -0.452960 -0.060426
vn -0.889115 -0.147223 -0.433359
vn -0.784126 0.010699 -0.620509
vn 0.061208 0.261060 -0.963380
vn 0.714755 0.222167 -0.663150
vn 0.744101 0.138860 -0.653476
vn 0.862096 0.257788 -0.436275
vn 0.972504 0.191406 -0.132663
vn 0.987237 0.112713 0.112513
vn 0.950883 0.047194 0.305932
vn 0.834404 -0.058535 0.548036
vn 0.455543 -0.252598 0.853624
vn -0.309219 -0.420970 0.852741
vn -0.725480 -0.430438 0.537030
vn -0.808802 -0.444996 0.384472
vn -0.845033 -0.528203 0.083190
vn -0.836610 -0.432320 -0.336427
vn -0.814946 -0.263846 -0.515993
vn 0.271084 0.121721 -0.954828
vn 0.637202 0.155935 -0.754757
vn 0.753451 0.077187 -0.652958
vn 0.816361 0.220245 -0.533898
vn 0.957766 0.202688 -0.203967
vn 0.983159 0.164056 0.080525
vn 0.954892 0.117721 0.272623
vn 0.873899 -0.001615 0.486105
vn 0.604389 -0.244459 0.758257
vn -0.065627 -0.493655 0.867178
vn -0.643145 -0.490308 0.588186
vn -0.807038 -0.480464 0.343285
vn -0.809638 -0.584378 0.054662
vn -0.825512 -0.513480 -0.234239
vn -0.847342 -0.363602 -0.387047
vn 0.313087 0.026023 -0.949368
vn 0.540876 0.156343 -0.826444
vn 0.758943 0.059923 -0.648394
vn 0.764820 0.260714 -0.589134
vn 0.924063 0.292438 -0.246147
vn 0.961485 0.268349 0.059463
vn 0.946224 0.202272 0.252479
vn 0.894921 0.046113 0.443835
vn 0.692684 -0.233821 0.682288
vn 0.157318 -0.538449 0.827843
vn -0.484559 -0.585957 0.649505
vn -0.800054 -0.493969 0.340453
vn -0.856825 -0.513070 0.051084
vn -0.888216 -0.439523 -0.133762
vn -0.922754 -0.302836 -0.238360
vn 0.340306 0.021488 -0.940069
vn 0.413601 0.205474 -0.886970
vn 0.754814 0.100061 -0.648262
vn 0.691554 0.354129 -0.629560
vn 0.871655 0.403699 -0.277930
vn 0.936300 0.350101 0.027778
vn 0.943588 0.242706 0.225245
vn 0.912968 0.058811 0.403772
vn 0.757016 -0.227523 0.612503
vn 0.331177 -0.543290 0.771465
vn -0.294499 -0.667661 0.683739
vn -0.742378 -0.547970 0.385492
vn -0.908765 -0.404670 0.101918
vn -0.953868 -0.297739 -0.038563
vn -0.965210 -0.220679 -0.140248
vn 0.322709 0.080593 -0.943061
vn 0.243602 0.287525 -0.926276
vn 0.721479 -0.006327 -0.692407
vn 0.574640 0.462428 -0.675240
vn 0.805112 0.500693 -0.317964
vn 0.914342 0.404423 -0.020500
vn 0.948711 0.258601 0.181862
vn 0.932850 0.060545 0.355142
vn 0.814689 -0.203637 0.542968
vn 0.482415 -0.504797 0.715860
vn -0.103681 -0.694696 0.711792
vn -0.636306 -0.620837 0.457905
vn -0.889046 -0.429212 0.159291
vn -0.946460 -0.322454 -0.015408
vn -0.622585 -0.699759 -0.350322
vn 0.398336 -0.287754 -0.870934
vn 0.022624 0.369551 -0.928935
vn 0.360440 -0.240723 -0.901186
vn 0.394156 0.581661 -0.711556
vn 0.711275 0.596067 -0.372549
vn 0.886596 0.455167 -0.082285
vn 0.951940 0.279485 0.125294
vn 0.950837 0.081775 0.298702
vn 0.865274 -0.152924 0.477404
vn 0.614674 -0.429968 0.661289
vn 0.093103 -0.673950 0.732886
vn -0.497991 -0.680741 0.537212
vn -0.835743 -0.495514 0.236642
vn -0.930384 -0.366185 0.017144
vn -0.889263 -0.417020 -0.187900
vn 0.547491 -0.595356 -0.588051
vn -0.287765 0.389971 -0.874708
vn -0.682459 0.017876 -0.730705
vn 0.135660 0.691124 -0.709890
vn 0.580879 0.703002 -0.410326
vn 0.839938 0.526117 -0.133059
vn 0.941775 0.327960 0.074175
vn 0.960520 0.129324 0.246328
vn 0.903784 -0.088524 0.418734
vn 0.718961 -0.348087 0.601606
vn 0.283012 -0.628018 0.724912
vn -0.338396 -0.722871 0.602449
vn -0.753155 -0.575820 0.318102
vn -0.915573 -0.394116 0.079993
vn -0.952938 -0.271832 -0.134224
vn -0.887529 -0.175037 -0.426209
vn -0.586566 0.386778 -0.711578
vn -0.835511 0.064827 -0.545637
vn -0.143127 0.727330 -0.671197
vn 0.434846 0.784950 -0.441319
vn 0.756027 0.635211 -0.157892
vn 0.895473 0.437904 0.079796
vn 0.948328 0.201872 0.244791
vn 0.925894 -0.025800 0.376901
vn 0.796224 -0.281715 0.535410
vn 0.449133 -0.581067 0.678705
vn -0.156551 -0.756956 0.634437
vn -0.652239 -0.655828 0.380097
vn -0.878884 -0.460595 0.124159
vn -0.953449 -0.291475 -0.077315
vn -0.943903 -0.134263 -0.301697
vn -0.734180 0.371884 -0.568051
vn -0.897780 0.092946 -0.430526
vn -0.354793 0.699242 -0.620631
vn 0.266881 0.841655 -0.469458
vn 0.625551 0.759694 -0.177627
vn 0.779261 0.615237 0.119310
vn 0.889784 0.301349 0.342743
vn 0.918661 0.025587 0.394218
vn 0.848817 -0.217275 0.481976
vn 0.584142 -0.526677 0.617568
vn 0.034488 -0.774724 0.631358
vn -0.531950 -0.735541 0.419535
vn -0.828901 -0.538421 0.151745
vn -0.937456 -0.341961 -0.065105
vn -0.958643 -0.147912 -0.243156
vn -0.815231 0.324846 -0.479451
vn -0.932258 0.042132 -0.359332
vn -0.513429 0.646556 -0.564231
vn 0.080414 0.869786 -0.486832
vn 0.501202 0.833453 -0.232707
vn 0.695135 0.718222 0.030725
vn 0.869262 0.353908 0.345157
vn 0.877141 0.083748 0.472873
vn 0.853795 -0.097454 0.511406
vn 0.667230 -0.445643 0.596831
vn 0.217958 -0.756716 0.616340
vn -0.382962 -0.806417 0.450591
vn -0.765341 -0.617219 0.182466
vn -0.914090 -0.403040 -0.044706
vn -0.955736 -0.209412 -0.206676
vn -0.869663 0.246019 -0.427974
vn -0.954219 -0.028085 -0.297787
vn -0.627071 0.568127 -0.532930
vn -0.104931 0.858687 -0.501644
vn 0.399558 0.866502 -0.299211
vn 0.666967 0.728105 -0.158172
vn 0.935735 0.341554 0.087983
vn 0.924228 0.063021 0.376605
vn 0.853209 0.051166 0.519053
vn 0.704615 -0.306888 0.639795
vn 0.344709 -0.705318 0.619436
vn -0.210380 -0.856584 0.471173
vn -0.673296 -0.704582 0.224133
vn -0.888654 -0.458578 0.000041
vn -0.954894 -0.252726 -0.155906
vn -0.896199 0.148633 -0.418015
vn -0.956071 -0.102742 -0.274541
vn -0.707156 0.466943 -0.530938
vn -0.280980 0.805521 -0.521715
vn 0.282064 0.901676 -0.327750
vn 0.639147 0.745989 -0.187060
vn 0.912130 0.395683 -0.107026
vn 0.994633 0.033899 0.097750
vn 0.949673 0.055475 0.308294
vn 0.814549 -0.211710 0.540082
vn 0.460410 -0.634837 0.620488
vn -0.030035 -0.873805 0.485348
vn -0.536731 -0.807116 0.245934
vn -0.829071 -0.558636 0.023807
vn -0.938152 -0.319062 -0.134425
vn -0.896698 0.028417 -0.441730
vn -0.927100 -0.212901 -0.308478
vn -0.763097 0.339698 -0.549807
vn -0.422589 0.701776 -0.573523
vn 0.130235 0.908745 -0.396511
vn 0.589484 0.797848 -0.126286
vn 0.843492 0.536257 0.030831
vn 0.968700 0.217417 0.119795
vn 0.985599 0.048088 0.162116
vn 0.936965 -0.208490 0.280409
vn 0.620200 -0.625418 0.473503
vn 0.149327 -0.862766 0.483048
vn -0.371515 -0.886248 0.276660
vn -0.729297 -0.683596 0.028683
vn -0.885430 -0.436488 -0.159661
vn -0.888523 -0.099121 -0.447998
vn -0.884710 -0.330356 -0.328867
vn -0.798925 0.187483 -0.571462
vn -0.530792 0.535769 -0.656667
vn -0.044641 0.838969 -0.542346
vn 0.484750 0.857418 -0.172775
vn 0.772402 0.621736 0.129771
vn 0.880096 0.392052 0.267815
vn 0.928811 0.181599 0.323004
vn 0.943980 -0.092316 0.316828
vn 0.756335 -0.540663 0.368295
vn 0.323514 -0.840485 0.434653
vn -0.209245 -0.925916 0.314477
vn -0.628409 -0.776375 0.048402
vn -0.816750 -0.549257 -0.176738
vn -0.879842 -0.207554 -0.427550
vn -0.849285 -0.433797 -0.300891
vn -0.803776 0.057115 -0.592184
vn -0.590311 0.361889 -0.721505
vn -0.220361 0.706256 -0.672788
vn 0.353784 0.885133 -0.302286
vn 0.730018 0.679288 0.075111
vn 0.842781 0.463868 0.273032
vn 0.880443 0.275232 0.386093
vn 0.884114 0.061168 0.463250
vn 0.815693 -0.262055 0.515725
vn 0.489418 -0.714374 0.500139
vn -0.044806 -0.938706 0.341795
vn -0.518427 -0.852799 0.062992
vn -0.746690 -0.646031 -0.158421
vn -0.871782 -0.267865 -0.410176
vn -0.825549 -0.496753 -0.267779
vn -0.798235 -0.002194 -0.602342
vn -0.589623 0.309098 -0.746192
vn -0.249630 0.678109 -0.691269
vn 0.317325 0.878053 -0.358228
vn 0.705153 0.709014 0.007586
vn 0.830464 0.508133 0.228321
vn 0.864292 0.349210 0.362011
vn 0.872293 0.152066 0.464739
vn 0.832872 -0.068592 0.549200
vn 0.659887 -0.449571 0.602026
vn 0.210989 -0.857027 0.470095
vn -0.374386 -0.919277 0.121512
vn -0.683178 -0.719572 -0.124432
vn -0.716443 -0.012496 0.697534
vn -0.976290 -0.100872 0.191525
vn -0.974866 -0.141592 0.172013
vn -0.712289 -0.061701 0.699169
vn -0.836911 -0.173464 -0.519125
vn -0.821971 -0.167232 -0.544423
vn -0.370461 -0.146995 -0.917143
vn -0.367343 -0.111812 -0.923340
vn 0.587672 -0.232362 -0.775016
vn 0.477937 -0.090789 -0.873690
vn 0.806637 -0.507635 0.302727
vn 0.991353 -0.099838 0.085155
vn 0.661537 -0.460591 0.591799
vn 0.774968 0.005010 0.631981
vn 0.200956 -0.186570 0.961670
vn 0.363104 0.068551 0.929224
vn -0.973990 -0.130358 0.185339
vn -0.620518 -0.079487 0.780153
vn -0.807403 -0.103167 -0.580911
vn -0.357872 -0.056048 -0.932087
vn 0.533851 0.004996 -0.845564
vn 0.991128 0.123047 -0.050251
vn 0.801527 0.183182 0.569209
vn 0.547604 0.164530 0.820403
vn -0.965906 -0.064259 0.250793
vn -0.534322 -0.136917 0.834118
vn -0.868308 0.115754 -0.482329
vn -0.348615 0.079451 -0.933892
vn 0.566015 -0.035783 -0.823618
vn 0.986219 0.040611 -0.160384
vn 0.789322 -0.032501 0.613119
vn 0.364220 -0.122760 0.923187
vn -0.966397 -0.010455 0.256842
vn -0.519929 -0.080129 0.850443
vn -0.907774 0.021165 -0.418925
vn -0.323422 -0.090381 -0.941929
vn 0.466940 -0.237026 -0.851931
vn 0.975087 -0.202347 -0.090891
vn 0.827877 -0.025128 0.560347
vn 0.325003 -0.004993 0.945700
vn -0.961245 0.030499 0.274003
vn -0.527230 0.230086 0.817978
vn -0.937813 -0.154864 -0.310684
vn -0.324586 -0.297498 -0.897852
vn 0.447456 -0.307667 -0.839717
vn 0.974127 -0.141784 -0.175993
vn 0.884640 0.098968 0.455650
vn 0.347336 0.265726 0.899304
vn -0.957620 0.080236 0.276632
vn -0.504488 0.269635 0.820237
vn -0.921603 -0.113562 -0.371148
vn -0.240569 -0.323766 -0.915042
vn 0.499531 -0.331673 -0.800289
vn 0.978046 -0.108325 -0.178024
vn 0.891412 0.125692 0.435414
vn 0.339171 0.297484 0.892450
vn -0.957092 0.017996 0.289226
vn -0.513229 0.097365 0.852711
vn -0.912954 -0.164515 -0.373430
vn -0.201168 -0.347302 -0.915922
vn 0.527129 -0.305784 -0.792862
vn 0.972059 -0.135255 -0.191854
vn 0.902195 0.022905 0.430721
vn 0.340447 0.109691 0.933844
vn -0.946744 -0.023602 0.321121
vn -0.508206 -0.029226 0.860740
vn -0.897637 -0.117597 -0.424757
vn -0.201121 -0.226115 -0.953112
vn 0.490448 -0.216145 -0.844241
vn 0.973748 -0.112812 -0.197709
vn 0.888199 -0.017006 0.459144
vn 0.288369 -0.008486 0.957482
vn -0.946471 -0.045953 0.319502
vn -0.494613 -0.117745 0.861101
vn -0.914492 -0.044577 -0.402140
vn -0.238507 -0.079511 -0.967880
vn 0.531703 -0.100303 -0.840971
vn 0.979484 -0.084198 -0.183089
vn 0.864475 -0.095573 0.493506
vn 0.265674 -0.125332 0.955881
vn -0.919947 -0.092473 0.380981
vn -0.442899 -0.271538 0.854464
vn -0.923212 0.036475 -0.382557
vn -0.245223 0.077079 -0.966398
vn 0.540289 0.077230 -0.837928
vn 0.979221 -0.061497 -0.193247
vn 0.828493 -0.252596 0.499795
vn 0.263107 -0.325320 0.908263
vn -0.893535 -0.155101 0.421353
vn -0.368770 -0.431560 0.823265
vn -0.923251 0.127909 -0.362281
vn -0.317043 0.278140 -0.906709
vn 0.457625 0.277257 -0.844813
vn 0.974412 -0.014823 -0.224280
vn 0.805604 -0.383643 0.451465
vn 0.303281 -0.513603 0.802641
vn -0.875724 -0.168811 0.452339
vn -0.276731 -0.441970 0.853278
vn -0.914011 0.212180 -0.345780
vn -0.363131 0.474615 -0.801796
vn 0.394301 0.462710 -0.793994
vn 0.966125 0.064273 -0.249944
vn 0.819425 -0.377653 0.431186
vn 0.401952 -0.517567 0.755354
vn -0.879144 -0.223446 0.420925
vn -0.248351 -0.409831 0.877702
vn -0.919270 0.235900 -0.315111
vn -0.344182 0.614874 -0.709555
vn 0.394628 0.564666 -0.724859
vn 0.958962 0.141375 -0.245775
vn 0.860694 -0.267633 0.433104
vn 0.493845 -0.387160 0.778604
vn -0.918072 -0.281361 0.279248
vn -0.336247 -0.506748 0.793816
vn -0.820043 0.384217 -0.424154
vn -0.243507 0.633141 -0.734736
vn 0.427492 0.563913 -0.706579
vn 0.959743 0.164141 -0.227929
vn 0.885306 -0.216233 0.411675
vn 0.508989 -0.386701 0.769021
vn -0.960473 -0.189938 0.203506
vn -0.466314 -0.551724 0.691485
vn -0.795095 0.358608 -0.489106
vn -0.193092 0.557413 -0.807469
vn 0.478329 0.491605 -0.727685
vn 0.962703 0.152381 -0.223570
vn 0.903010 -0.219677 0.369208
vn 0.467281 -0.468722 0.749632
vn -0.969457 -0.107056 0.220664
vn -0.576082 -0.456122 0.678293
vn -0.760481 0.380836 -0.525959
vn -0.151844 0.487571 -0.859778
vn 0.468115 0.438776 -0.767035
vn 0.962817 0.137584 -0.232496
vn 0.907890 -0.219969 0.356861
vn 0.422565 -0.487203 0.764246
vn -0.970656 -0.207963 0.120741
vn -0.594123 -0.483481 0.642856
vn -0.727095 0.293875 -0.620459
vn -0.099076 0.463247 -0.880674
vn 0.466288 0.347351 -0.813586
vn 0.960138 0.044394 -0.275977
vn 0.905212 -0.269253 0.328776
vn 0.382955 -0.524697 0.760288
vn -0.921024 -0.387424 0.040214
vn -0.616567 -0.585711 0.526106
vn -0.634723 0.124630 -0.762623
vn -0.025626 0.369513 -0.928872
vn 0.474127 0.202049 -0.856960
vn 0.932777 -0.112944 -0.342302
vn 0.884640 -0.363919 0.291507
vn 0.288631 -0.602336 0.744233
vn -0.927126 -0.350486 0.132656
vn -0.658293 -0.537652 0.526859
vn -0.703656 -0.029610 -0.709924
vn 0.012750 0.213945 -0.976762
vn 0.493797 0.136192 -0.858846
vn 0.936831 -0.120217 -0.328475
vn 0.878123 -0.348334 0.327967
vn 0.160519 -0.625301 0.763697
vn -0.948419 -0.219614 0.228631
vn -0.680839 -0.451616 0.576630
vn -0.793472 0.128459 -0.594896
vn -0.075958 0.347660 -0.934539
vn 0.538602 0.317203 -0.780570
vn 0.972239 0.041912 -0.230205
vn 0.883192 -0.283841 0.373371
vn 0.109938 -0.601593 0.791201
vn -0.956597 -0.114123 0.268138
vn -0.642786 -0.372748 0.669242
vn -0.847786 0.268281 -0.457477
vn -0.203069 0.530147 -0.823230
vn 0.549207 0.500119 -0.669517
vn 0.976219 0.133922 -0.170471
vn 0.887113 -0.291104 0.358173
vn 0.152690 -0.588642 0.793843
vn -0.951048 -0.131295 0.279767
vn -0.541267 -0.469390 0.697641
vn -0.876227 0.296079 -0.380215
vn -0.282240 0.627097 -0.726010
vn 0.526732 0.596122 -0.605964
vn 0.973058 0.182574 -0.140803
vn 0.896359 -0.282946 0.341295
vn 0.244336 -0.605938 0.757059
vn -0.963115 -0.216364 0.159991
vn -0.502626 -0.603461 0.619033
vn -0.886753 0.267635 -0.376882
vn -0.301760 0.651724 -0.695842
vn 0.521948 0.633349 -0.571349
vn 0.970558 0.220022 -0.098012
vn 0.897740 -0.249992 0.362722
vn 0.298576 -0.644814 0.703610
vn -0.961048 -0.264212 0.081104
vn -0.494563 -0.661454 0.563814
vn -0.880911 0.237380 -0.409446
vn -0.295169 0.652044 -0.698366
vn 0.504139 0.669621 -0.545391
vn 0.964119 0.261017 -0.048414
vn 0.890893 -0.235927 0.388135
vn 0.314503 -0.659304 0.682939
vn -0.959172 -0.280755 0.034158
vn -0.505120 -0.686152 0.523498
vn -0.870680 0.223256 -0.438262
vn -0.284937 0.647792 -0.706524
vn 0.492338 0.707498 -0.507001
vn 0.950026 0.311297 0.023339
vn 0.864179 -0.227366 0.448887
vn 0.277516 -0.673158 0.685451
vn -0.950839 -0.309582 0.008061
vn -0.516611 -0.708403 0.480913
vn -0.861356 0.227331 -0.454299
vn -0.261268 0.661800 -0.702681
vn 0.459447 0.746917 -0.480650
vn 0.921150 0.367886 0.127050
vn 0.822761 -0.185690 0.537199
vn 0.275129 -0.653099 0.705525
vn -0.931002 -0.364014 0.027009
vn -0.502885 -0.726204 0.468758
vn -0.851469 0.225784 -0.473309
vn -0.258975 0.653420 -0.711318
vn 0.430688 0.775654 -0.461377
vn 0.906596 0.368878 0.204972
vn 0.790575 -0.162426 0.590431
vn 0.263013 -0.636645 0.724919
vn -0.919899 -0.390007 0.041001
vn -0.447195 -0.742645 0.498494
vn -0.819651 0.237938 -0.521111
vn -0.129868 0.693932 -0.708232
vn 0.545089 0.759984 -0.353981
vn 0.908859 0.350598 0.225958
vn 0.807362 -0.127377 0.576144
vn 0.354897 -0.574198 0.737798
vn 0.601124 -0.712392 -0.362144
vn 0.628704 -0.763278 0.148791
vn 0.841995 -0.461072 0.280101
vn 0.639985 -0.414717 -0.646861
vn 0.799181 -0.040948 -0.599695
vn 0.990167 -0.054258 -0.128943
vn 0.993393 0.056286 -0.100010
vn 0.988802 0.016816 -0.148286
vn 0.732991 0.250880 -0.632284
vn 0.914557 0.367037 0.169913
vn 0.879177 0.458244 0.130614
vn 0.704552 0.257445 -0.661308
vn 0.595588 0.283428 0.751627
vn 0.565596 0.366666 0.738686
vn -0.032230 0.080309 0.996249
vn -0.066140 0.091990 0.993561
vn -0.740473 -0.265503 0.617420
vn -0.726359 -0.345909 0.593928
vn -0.856561 -0.467224 -0.219098
vn -0.799820 -0.560572 -0.214585
vn -0.574836 -0.410582 -0.707803
vn -0.509456 -0.483159 -0.712048
vn -0.064323 -0.169125 -0.983493
vn -0.002503 -0.226571 -0.973992
vn 0.653545 0.756456 0.025569
vn 0.711413 0.235909 -0.661996
vn 0.361876 0.699776 0.615922
vn -0.112870 0.213457 0.970410
vn -0.566610 -0.514254 0.643814
vn -0.565880 -0.820996 -0.075798
vn -0.302899 -0.779276 -0.548617
vn 0.174582 -0.512620 -0.840679
vn 0.579372 0.813660 -0.047810
vn 0.755693 0.164900 -0.633827
vn 0.229450 0.868598 0.439193
vn -0.189221 0.418056 0.888496
vn -0.538924 -0.498603 0.678937
vn -0.461037 -0.886646 0.036117
vn -0.155259 -0.892166 -0.424186
vn 0.306978 -0.627714 -0.715361
vn 0.724241 0.689526 -0.005414
vn 0.827559 0.047234 -0.559388
vn 0.301185 0.801412 0.516746
vn -0.212329 0.474118 0.854476
vn -0.588222 -0.319215 0.743032
vn -0.516164 -0.841571 0.159167
vn -0.176171 -0.902562 -0.392868
vn 0.371444 -0.610462 -0.699546
vn 0.854812 0.510684 0.092190
vn 0.835670 0.070143 -0.544734
vn 0.468556 0.577368 0.668656
vn -0.102510 0.310100 0.945161
vn -0.621821 -0.231457 0.748175
vn -0.719956 -0.689147 0.082100
vn -0.375700 -0.762543 -0.526667
vn 0.271392 -0.492605 -0.826853
vn 0.954211 0.270512 0.127687
vn 0.832381 0.107676 -0.543642
vn 0.626052 0.249925 0.738645
vn 0.006956 0.065638 0.997819
vn -0.614930 -0.214919 0.758730
vn -0.880879 -0.473147 -0.013600
vn -0.557642 -0.484448 -0.674051
vn 0.146229 -0.250503 -0.957009
vn 0.995832 -0.082535 0.038819
vn 0.796865 -0.006294 -0.604125
vn 0.721086 -0.140069 0.678539
vn 0.085263 -0.145907 0.985617
vn -0.580498 -0.105356 0.807417
vn -0.999761 -0.008918 -0.019953
vn -0.699331 0.059435 -0.712323
vn -0.005196 0.064118 -0.997929
vn 0.979670 -0.200614 -0.001098
vn 0.752000 -0.063094 -0.656137
vn 0.694724 -0.261777 0.669949
vn 0.041552 -0.203963 0.978096
vn -0.618371 -0.069210 0.782833
vn -0.992753 0.119188 -0.015387
vn -0.723196 0.183164 -0.665912
vn -0.090142 0.127028 -0.987795
vn -0.692749 -0.162983 0.702521
vn -0.920659 0.382772 0.076638
vn -0.963164 0.222463 0.151080
vn -0.680248 -0.257842 0.686134
vn -0.322306 0.621326 -0.714194
vn -0.519153 0.622079 -0.586087
vn 0.263439 0.355192 -0.896905
vn 0.229290 0.441399 -0.867521
vn 0.685656 0.056701 -0.725714
vn 0.750368 0.063450 -0.657968
vn 0.930659 -0.365672 -0.012558
vn 0.883524 -0.441934 0.155177
vn 0.509791 -0.529577 0.677984
vn 0.432080 -0.593290 0.679201
vn -0.127096 -0.446361 0.885781
vn -0.133069 -0.513892 0.847471
vn -0.988678 0.149919 -0.006351
vn -0.757263 -0.321996 0.568217
vn -0.506936 0.631327 -0.586892
vn 0.425950 0.638357 -0.641145
vn 0.836180 0.130665 -0.532663
vn 0.850140 -0.454319 -0.266189
vn 0.466776 -0.841801 0.271095
vn -0.250393 -0.703479 0.665147
vn -0.913626 0.398370 0.081173
vn -0.889251 -0.037824 0.455853
vn -0.447569 0.771129 -0.452815
vn 0.474298 0.592988 -0.650697
vn 0.831218 -0.016080 -0.555714
vn 0.764714 -0.632136 -0.124964
vn 0.237257 -0.896518 0.374119
vn -0.520922 -0.588085 0.618706
vn -0.744796 0.667220 -0.009797
vn -0.819401 0.077554 0.567950
vn -0.178596 0.743563 -0.644373
vn 0.420230 0.379159 -0.824406
vn 0.739175 -0.167256 -0.652415
vn 0.645838 -0.652342 -0.396665
vn 0.103884 -0.993015 -0.055935
vn -0.596023 -0.626278 0.502525
vn -0.703901 0.710292 0.003053
vn -0.677037 0.318991 0.663223
vn -0.239774 0.626318 -0.741778
vn 0.265897 0.196495 -0.943763
vn 0.504417 -0.206632 -0.838371
vn 0.532526 -0.693467 -0.485304
vn 0.214381 -0.911132 0.351964
vn -0.326112 -0.273195 0.904995
vn -0.819282 0.568561 -0.074262
vn -0.746219 0.264258 0.611004
vn -0.367925 0.498373 -0.785020
vn 0.152757 0.169068 -0.973695
vn 0.547724 -0.193934 -0.813872
vn 0.756087 -0.654471 0.000918
vn 0.292715 -0.566150 0.770579
vn -0.306361 -0.177066 0.935302
vn -0.949486 0.116188 -0.291507
vn -0.905789 0.022941 0.423108
vn -0.461716 0.113438 -0.879744
vn 0.156136 0.040748 -0.986895
vn 0.671506 -0.061205 -0.738468
vn 0.933966 -0.170787 0.313909
vn 0.368689 -0.148299 0.917647
vn -0.327260 -0.091357 0.940508
vn -0.896308 -0.202308 -0.394594
vn -0.936916 -0.174513 0.302875
vn -0.393964 -0.155770 -0.905830
vn 0.269565 -0.069515 -0.960470
vn 0.808530 0.018432 -0.588166
vn 0.900748 0.113739 0.419186
vn 0.348289 0.081837 0.933808
vn -0.359762 -0.041672 0.932113
vn -0.806165 -0.429962 -0.406486
vn -0.911337 -0.312931 0.267467
vn -0.313156 -0.377680 -0.871373
vn 0.378022 -0.160935 -0.911702
vn 0.891737 0.120461 -0.436227
vn 0.805794 0.327131 0.493641
vn 0.285731 0.263525 0.921365
vn -0.369562 0.032403 0.928641
vn -0.650549 0.081189 -0.755112
vn -0.388938 0.720044 -0.574686
vn -0.299511 0.712852 -0.634141
vn -0.587407 0.120525 -0.800267
vn 0.235127 0.970681 0.049941
vn 0.272322 0.961098 -0.046173
vn 0.566269 0.411231 0.714303
vn 0.599481 0.503501 0.622181
vn 0.538787 -0.215280 0.814471
vn 0.572896 -0.138303 0.807876
vn 0.448073 -0.684086 0.575549
vn 0.407301 -0.690638 0.597600
vn 0.094699 -0.994323 -0.048522
vn -0.055450 -0.997370 -0.046677
vn -0.482263 -0.550846 -0.681169
vn -0.550655 -0.506674 -0.663371
vn -0.057330 0.652460 -0.755651
vn -0.453097 0.082502 -0.887636
vn 0.419576 0.886798 -0.193765
vn 0.643289 0.588240 0.490054
vn 0.525078 -0.044048 0.849914
vn 0.137857 -0.691953 0.708658
vn -0.322411 -0.934738 0.149384
vn -0.597531 -0.587955 -0.545220
vn 0.195972 0.383295 -0.902596
vn -0.364990 0.015839 -0.930877
vn 0.738784 0.562981 -0.370474
vn 0.851778 0.379323 0.361369
vn 0.557434 0.007362 0.830189
vn -0.065009 -0.448651 0.891339
vn -0.647140 -0.666286 0.370503
vn -0.776417 -0.450799 -0.440405
vn 0.209107 0.210658 -0.954933
vn -0.386133 -0.064803 -0.920164
vn 0.813008 0.369809 -0.449732
vn 0.906636 0.246038 0.342750
vn 0.541759 -0.023285 0.840211
vn -0.191171 -0.363949 0.911589
vn -0.770959 -0.506152 0.386566
vn -0.842888 -0.382215 -0.378751
vn 0.233814 0.078649 -0.969095
vn -0.267300 -0.208312 -0.940828
vn 0.829408 0.413974 -0.375110
vn 0.776539 0.397903 0.488530
vn 0.434888 0.203985 0.877076
vn -0.155540 -0.146398 0.976921
vn -0.744854 -0.495558 0.446784
vn -0.744998 -0.492975 -0.449393
vn 0.575844 0.647880 -0.498654
vn 0.845277 0.509707 -0.160330
vn -0.316643 0.928060 0.196069
vn 0.851712 0.521726 -0.048877
vn 0.741550 0.668173 -0.060397
vn 0.112276 0.932637 -0.342902
vn -0.096066 0.910730 -0.401674
vn -0.256812 0.897843 -0.357668
vn -0.608797 0.758949 -0.231004
vn -0.697032 0.686987 -0.205416
vn -0.706200 0.691560 -0.151747
vn -0.751654 0.362165 0.551228
vn -0.792387 0.421213 0.441251
vn -0.866307 0.499239 -0.016549
vn -0.542634 0.543942 0.640060
vn -0.211853 0.471295 0.856154
vn -0.335276 0.303664 0.891840
vn 0.046142 0.423381 0.904776
vn 0.566040 0.540868 0.622142
vn 0.786131 0.519832 0.334326
vn 0.792282 0.492243 0.360536
vn 0.753549 0.653683 0.069741
vn 0.978311 0.207113 -0.003515
vn 0.622556 0.308836 0.719058
vn 0.625560 0.365344 0.689347
vn 0.982508 0.182748 -0.035797
vn 0.008596 0.324474 0.945856
vn -0.019391 0.369360 0.929084
vn -0.667348 0.252818 0.700521
vn -0.669246 0.250563 0.699520
vn -0.994357 0.103585 -0.022898
vn -0.999146 -0.027186 -0.031131
vn -0.541687 -0.129602 -0.830529
vn -0.554297 -0.294876 -0.778333
vn -0.018077 -0.172877 -0.984778
vn 0.005050 -0.307657 -0.951484
vn 0.561702 -0.051058 -0.825763
vn 0.594187 -0.165649 -0.787085
vn 0.585920 0.610994 0.532338
vn 0.996453 0.082892 -0.014538
vn -0.026526 0.635715 0.771468
vn -0.687681 0.308290 0.657307
vn -0.943093 -0.313252 0.111571
vn -0.498226 -0.692116 -0.522251
vn 0.012104 -0.708420 -0.705688
vn 0.598507 -0.545319 -0.586870
vn 0.588122 0.680914 0.436426
vn 0.999641 0.004445 0.026417
vn 0.019954 0.813314 0.581482
vn -0.670524 0.466143 0.577155
vn -0.935419 -0.335622 0.111128
vn -0.504041 -0.776413 -0.378320
vn 0.022223 -0.847295 -0.530657
vn 0.596373 -0.683269 -0.421287
vn 0.647782 0.530953 0.546322
vn 0.985602 -0.124577 0.114324
vn 0.010773 0.730139 0.683214
vn -0.641317 0.515293 0.568495
vn -0.971440 -0.188064 0.144697
vn -0.618206 -0.720060 -0.315174
vn -0.015337 -0.852973 -0.521730
vn 0.636282 -0.679215 -0.365803
vn 0.652564 0.330642 0.681789
vn 0.985643 -0.103503 0.133398
vn 0.000043 0.478693 0.877982
vn -0.645152 0.333652 0.687354
vn -0.985842 -0.095412 0.137884
vn -0.694452 -0.530940 -0.485633
vn -0.053488 -0.677322 -0.733740
vn 0.664408 -0.544808 -0.511612
vn 0.645527 0.056405 0.761652
vn 0.984674 -0.075783 0.157079
vn -0.000009 0.102155 0.994769
vn -0.642670 0.056486 0.764058
vn -0.985792 -0.076093 0.149745
vn -0.708843 -0.269672 -0.651781
vn -0.024032 -0.356939 -0.933818
vn 0.706725 -0.282500 -0.648640
vn 0.655529 -0.222481 0.721654
vn 0.987366 -0.086211 0.132948
vn -0.000016 -0.282098 0.959386
vn -0.654952 -0.222638 0.722129
vn -0.987448 -0.086127 0.132397
vn -0.692433 0.094440 -0.715274
vn 0.000000 0.155700 -0.987804
vn 0.693055 0.094278 -0.714693
vn 0.668842 -0.344215 0.658913
vn 0.989119 -0.117961 0.087911
vn 0.000010 -0.442404 0.896816
vn -0.668223 -0.344472 0.659407
vn -0.989177 -0.117805 0.087470
vn -0.673338 0.207506 -0.709618
vn 0.000028 0.313427 -0.949612
vn 0.673892 0.207287 -0.709155
vn 0.134933 0.190383 -0.972393
vn 0.421309 0.521896 -0.741703
vn 0.517198 0.658940 -0.546172
vn 0.269184 0.219614 -0.937715
vn -0.325631 -0.406014 0.853884
vn -0.592447 -0.636208 0.494212
vn -0.459275 -0.617569 0.638494
vn -0.159482 -0.225345 0.961138
vn -0.693109 -0.698948 -0.176272
vn -0.589581 -0.780568 -0.207625
vn -0.346561 -0.328477 -0.878634
vn -0.217770 -0.390558 -0.894450
vn 0.501884 0.678494 -0.536431
vn 0.325446 0.168501 -0.930426
vn 0.579890 0.768353 0.270853
vn 0.522283 0.834304 0.176513
vn 0.248965 0.304536 0.919388
vn 0.225788 0.374732 0.899220
vn -0.106948 -0.178710 0.978072
vn -0.316802 -0.632722 0.706611
vn -0.325358 -0.936702 -0.129352
vn -0.022467 -0.560938 -0.827553
vn 0.421929 0.638905 -0.643254
vn 0.223773 0.081994 -0.971186
vn 0.427975 0.889451 0.160355
vn 0.089792 0.522558 0.847863
vn -0.209113 -0.088258 0.973900
vn -0.397039 -0.628675 0.668677
vn -0.389154 -0.912780 -0.124061
vn -0.069596 -0.493111 -0.867178
vn 0.640606 0.466461 -0.609949
vn 0.296809 0.007250 -0.954909
vn 0.694882 0.696500 0.178961
vn 0.276987 0.456544 0.845486
vn -0.210303 -0.020579 0.977420
vn -0.539942 -0.552576 0.634919
vn -0.548098 -0.830577 -0.098647
vn -0.169443 -0.536781 -0.826532
vn 0.829958 0.118134 -0.545173
vn 0.344331 -0.076471 -0.935729
vn 0.944315 0.243442 0.221369
vn 0.496589 0.183223 0.848427
vn -0.119150 0.010793 0.992818
vn -0.740572 -0.242136 0.626836
vn -0.897314 -0.407426 -0.169800
vn -0.388181 -0.317092 -0.865314
vn 0.818493 0.011418 -0.574403
vn 0.274679 -0.097062 -0.956624
vn 0.972912 0.096827 0.209921
vn 0.503404 0.084966 0.859864
vn -0.162774 0.000000 0.986664
vn -0.831529 -0.126813 0.540812
vn -0.953438 -0.200831 -0.224995
vn -0.500999 -0.193071 -0.843637
vn 0.908292 0.066505 0.413017
vn 0.511832 0.340115 0.788892
vn 0.562891 0.354923 0.746447
vn 0.910196 -0.025584 0.413386
vn -0.931364 -0.031889 -0.362691
vn -0.488769 -0.326542 -0.808996
vn -0.501826 -0.384521 -0.774799
vn -0.936595 -0.034827 -0.348677
vn 0.262163 -0.446288 -0.855627
vn 0.270481 -0.576947 -0.770696
vn 0.898261 -0.295713 -0.325087
vn 0.880089 -0.435305 -0.189611
vn 0.638183 0.413230 0.649587
vn 0.870689 -0.126483 0.475292
vn -0.286748 0.630578 0.721212
vn -0.145541 0.850382 0.505637
vn -0.914985 0.358682 0.184799
vn -0.878856 0.475539 -0.038390
vn -0.922237 -0.038150 -0.384738
vn -0.636503 -0.466461 -0.614230
vn 0.100923 -0.849587 -0.517703
vn 0.776882 -0.626552 0.062349
vn 0.635386 0.394815 0.663630
vn 0.891030 -0.095956 0.443688
vn -0.172278 0.801313 0.572903
vn -0.822344 0.567513 -0.040993
vn -0.902398 0.112774 -0.415885
vn -0.706563 -0.351386 -0.614245
vn 0.066730 -0.843916 -0.532310
vn 0.840398 -0.533629 0.094712
vn 0.550356 0.168193 0.817814
vn 0.865387 -0.173991 0.469928
vn -0.249412 0.488028 0.836434
vn -0.885470 0.422499 0.193490
vn -0.917900 0.151380 -0.366801
vn -0.641474 -0.209635 -0.737946
vn 0.109407 -0.636857 -0.763180
vn 0.854900 -0.515264 -0.060410
vn 0.449285 -0.200688 0.870556
vn 0.827796 -0.325004 0.457304
vn -0.303567 0.021740 0.952562
vn -0.908570 0.157528 0.386893
vn -0.952823 0.166224 -0.253966
vn -0.585553 0.038027 -0.809742
vn 0.209442 -0.244310 -0.946809
vn 0.885162 -0.398432 -0.240292
vn 0.413801 -0.411826 0.811892
vn 0.868314 -0.321200 0.377969
vn -0.367746 -0.318874 0.873546
vn -0.928524 -0.055872 0.367045
vn -0.957431 0.157952 -0.241613
vn -0.493136 0.297061 -0.817663
vn 0.319727 0.227358 -0.919828
vn 0.924933 -0.053285 -0.376378
vn -0.308528 0.527559 0.791513
vn -0.911289 0.333697 0.241243
vn 0.467252 -0.456405 0.757212
vn 0.911836 -0.251057 0.324847
vn 0.917992 0.106708 -0.381973
vn 0.319118 0.374469 -0.870596
vn -0.464597 0.364497 -0.807026
vn -0.941208 0.130585 -0.311569
vn -0.959840 -0.146349 0.239351
vn -0.414437 -0.448231 0.792043
vn 0.777662 0.627063 -0.045097
vn 0.650003 0.676269 -0.346637
vn 0.590550 0.559450 0.581606
vn 0.102363 0.933021 0.344955
vn 0.817063 0.562251 -0.127599
vn 0.665320 0.740171 0.097451
vn 0.787603 0.550523 0.276779
vn 0.895095 0.323596 0.306742
vn 0.858897 0.333471 0.388707
vn 0.885751 0.187107 0.424777
vn 0.872776 0.391540 0.291476
vn 0.932074 0.285187 0.223399
vn 0.654845 0.342090 0.673908
vn 0.710700 0.097685 0.696680
vn 0.046659 0.190716 0.980536
vn 0.083587 -0.095965 0.991869
vn -0.206479 0.153007 0.966414
vn 0.054265 -0.050512 0.997248
vn -0.072125 0.236111 0.969046
vn -0.079209 0.016912 0.996715
vn -0.641196 0.372406 0.670956
vn -0.712011 0.051873 0.700250
vn -0.895851 0.433234 0.098790
vn -0.976033 0.151181 0.156539
vn -0.869409 0.311055 0.383891
vn -0.968577 0.070121 0.238624
vn -0.878942 0.314468 0.358568
vn -0.980893 0.092851 0.170962
vn -0.764891 0.589131 -0.260512
vn -0.817134 0.379237 -0.434133
vn -0.786587 0.552829 -0.275066
vn -0.853891 0.292767 -0.430299
vn -0.681776 0.638913 -0.356332
vn -0.804927 0.283493 -0.521273
vn -0.215873 0.803102 -0.555361
vn -0.218450 0.483289 -0.847768
vn -0.041699 0.847725 -0.528794
vn 0.213835 0.532665 -0.818867
vn 0.306443 0.772041 -0.556817
vn 0.604810 0.304642 -0.735798
vn 0.639765 0.724373 -0.256874
vn 0.743203 0.347697 -0.571626
vn 0.866247 0.499136 -0.021893
vn 0.626238 0.750610 -0.210737
vn 0.722691 0.583879 -0.369868
vn 0.753253 0.479154 -0.450578
vn 0.759419 0.470216 -0.449645
vn 0.726858 0.404806 -0.554805
vn 0.722734 0.193654 -0.663441
vn 0.662211 0.146566 -0.734844
vn 0.307393 0.360211 -0.880771
vn -0.228815 0.360602 -0.904218
vn -0.807036 0.160566 -0.568253
vn -0.852509 0.196034 -0.484561
vn -0.769594 0.299553 -0.563909
vn -0.998191 0.054954 0.024407
vn -0.974486 -0.076459 0.211027
vn -0.996325 -0.026512 0.081452
vn -0.796360 -0.110386 0.594664
vn -0.141288 -0.099222 0.984984
vn 0.136257 -0.144629 0.980060
vn 0.134335 -0.234843 0.962706
vn 0.764819 0.029335 0.643578
vn 0.953305 0.252166 0.166200
vn 0.878793 0.122351 0.461251
vn 0.933217 0.301736 0.195092
vn 0.867147 0.445703 -0.222274
vn -0.305085 0.949009 -0.079409
vn -0.440196 0.787363 -0.431609
vn 0.774154 0.403820 0.487459
vn -0.380239 0.300939 -0.874560
vn 0.825739 0.137232 -0.547103
vn 0.833735 -0.165044 0.526921
vn 0.507365 -0.541664 -0.670210
vn 0.220210 0.829364 -0.513481
vn 0.722456 0.684545 -0.097236
vn -0.679622 0.045092 -0.732175
vn -0.198055 0.655839 -0.728457
vn 0.975383 0.143402 0.167525
vn -0.101779 -0.929876 0.353512
vn 0.381167 -0.726292 0.572024
vn -0.602071 -0.782761 -0.157466
vn 0.016195 0.970607 0.240127
vn -0.430190 0.876468 -0.216196
vn 0.655569 0.381961 0.651410
vn -0.671059 0.483928 -0.561689
vn -0.626935 -0.161832 -0.762078
vn 0.809523 -0.220494 0.544109
vn 0.684437 -0.701027 0.200268
vn 0.057241 -0.857190 -0.511810
vn 0.202437 0.975773 0.082985
vn -0.213205 0.966784 -0.140968
vn 0.703508 0.209637 0.679065
vn -0.528556 0.528242 -0.664522
vn -0.541909 -0.146115 -0.827638
vn 0.607664 -0.543219 0.579360
vn 0.329158 -0.910278 0.251096
vn -0.087193 -0.943158 -0.320702
vn 0.207784 0.968345 -0.138323
vn 0.434610 0.898064 0.067787
vn 0.616743 0.786424 0.034150
vn 0.153026 0.868230 -0.471974
vn 0.692643 0.128765 0.709694
vn 0.741366 0.007674 0.671057
vn -0.512304 -0.142479 -0.846903
vn -0.240675 0.189313 -0.951964
vn -0.163738 0.667278 -0.726588
vn -0.550398 -0.077981 -0.831253
vn 0.499732 -0.585987 0.637877
vn 0.419011 -0.606988 0.675274
vn 0.169864 -0.942405 0.288131
vn 0.006664 -0.927318 0.374216
vn -0.212972 -0.919099 -0.331512
vn -0.382667 -0.895908 -0.225641
vn -0.421249 -0.255273 -0.870279
vn -0.324867 0.938624 0.115964
vn 0.533608 0.604168 0.591814
vn 0.556725 -0.704656 -0.439906
vn -0.183038 0.933056 0.309683
vn -0.898103 -0.118157 -0.423615
vn 0.597616 0.771136 0.219555
vn 0.144625 -0.843604 -0.517123
vn -0.296155 0.925050 -0.237855
vn -0.604480 -0.770329 -0.202968
vn 0.687840 0.711669 0.142838
vn 0.185329 -0.970653 -0.153252
vn -0.854967 0.376481 -0.356783
vn -0.678267 -0.674777 0.290912
vn -0.657395 0.358561 -0.662772
vn 0.076432 -0.990307 0.115979
vn -0.375405 0.761901 -0.527805
vn -0.865940 -0.107333 0.488495
vn 0.859469 -0.223239 -0.459867
vn 0.406248 -0.805246 0.431904
vn -0.836655 -0.027847 0.547022
vn 0.050900 -0.996587 0.064983
vn -0.328996 0.909381 -0.254535
vn 0.671256 -0.044844 -0.739868
s 1
f 5/1/1 6/2/2 1/3/3 2/4/4
f 6/2/2 7/5/5 3/6/6 1/3/3
f 7/5/5 8/7/7 4/8/8 3/6/6
f 8/7/7 5/1/1 2/4/4 4/8/8
s 2
f 9/9/9 10/10/10 18/11/11 17/12/12
f 10/13/10 11/14/13 19/15/14 18/16/11
f 11/14/13 12/17/15 20/18/16 19/15/14
f 12/19/15 13/20/17 21/21/18 20/22/16
f 13/20/17 14/23/19 22/24/20 21/21/18
f 14/25/19 15/26/21 23/27/22 22/28/20
f 15/26/21 16/29/23 24/30/24 23/27/22
f 16/31/23 9/9/9 17/12/12 24/32/24
f 17/12/12 18/11/11 26/33/25 25/34/26
f 18/16/11 19/15/14 27/35/27 26/36/25
f 19/15/14 20/18/16 28/37/28 27/35/27
f 20/22/16 21/21/18 29/38/29 28/39/28
f 21/21/18 22/24/20 30/40/30 29/38/29
f 22/28/20 23/27/22 31/41/31 30/42/30
f 23/27/22 24/30/24 32/43/32 31/41/31
f 24/32/24 17/12/12 25/34/26 32/44/32
f 25/34/26 26/33/25 34/45/33 33/46/34
f 26/36/25 27/35/27 35/47/35 34/48/33
f 27/35/27 28/37/28 36/49/36 35/47/35
f 28/39/28 29/38/29 37/50/37 36/51/36
f 29/38/29 30/40/30 38/52/38 37/50/37
f 30/42/30 31/41/31 39/53/39 38/54/38
f 31/41/31 32/43/32 40/55/40 39/53/39
f 32/44/32 25/34/26 33/46/34 40/56/40
f 33/46/34 34/45/33 42/57/41 41/58/42
f 34/48/33 35/47/35 43/59/43 42/60/41
f 35/47/35 36/49/36 44/61/44 43/59/43
f 36/51/36 37/50/37 45/62/45 44/63/44
f 37/50/37 38/52/38 46/64/46 45/62/45
f 38/54/38 39/53/39 47/65/47 46/66/46
f 39/53/39 40/55/40 48/67/48 47/65/47
f 40/56/40 33/46/34 41/58/42 48/68/48
f 41/58/42 42/57/41 50/69/49 49/70/50
f 42/60/41 43/59/43 51/71/51 50/72/49
f 43/59/43 44/61/44 52/73/52 51/71/51
f 44/63/44 45/62/45 53/74/53 52/75/52
f 45/62/45 46/64/46 54/76/54 53/74/53
f 46/66/46 47/65/47 55/77/55 54/78/54
f 47/65/47 48/67/48 56/79/56 55/77/55
f 48/68/48 41/58/42 49/70/50 56/80/56
f 49/70/50 50/69/49 58/81/57 57/82/58
f 50/72/49 51/71/51 59/83/59 58/84/57
f 51/71/51 52/73/52 60/85/60 59/83/59
f 52/75/52 53/74/53 61/86/61 60/87/60
f 53/74/53 54/76/54 62/88/62 61/86/61
f 54/78/54 55/77/55 63/89/63 62/90/62
f 55/77/55 56/79/56 64/91/64 63/89/63
f 56/80/56 49/70/50 57/82/58 64/92/64
f 57/82/58 58/81/57 66/93/65 65/94/66
f 58/84/57 59/83/59 67/95/67 66/96/65
f 59/83/59 60/85/60 68/97/68 67/95/67
f 60/87/60 61/86/61 69/98/69 68/99/68
f 61/86/61 62/88/62 70/100/70 69/98/69
f 62/90/62 63/89/63 71/101/71 70/102/70
f 63/89/63 64/91/64 72/103/72 71/101/71
f 64/92/64 57/82/58 65/94/66 72/104/72
f 65/94/66 66/105/65 73/106/73 74/107/74
f 66/96/65 67/108/67 75/109/75 73/110/73
f 67/95/67 68/111/68 76/112/76 75/113/75
f 68/99/68 69/114/69 77/115/77 76/116/76
f 69/98/69 70/117/70 78/118/78 77/119/77
f 70/102/70 71/120/71 79/121/79 78/122/78
f 71/101/71 72/123/72 80/124/80 79/125/79
f 72/104/72 65/126/66 74/127/74 80/128/80
f 74/129/74 73/130/73 81/131/81 82/132/82
f 73/133/73 75/134/75 83/135/83 81/136/81
f 75/137/75 76/138/76 84/139/84 83/140/83
f 76/141/76 77/142/77 85/143/85 84/144/84
f 77/145/77 78/146/78 86/147/86 85/148/85
f 78/149/78 79/150/79 87/151/87 86/152/86
f 79/153/79 80/154/80 88/155/88 87/156/87
f 80/157/80 74/158/74 82/159/82 88/160/88
s 3
f 89/161/89 90/162/90 98/163/91 97/164/92
f 90/165/90 91/166/93 99/167/94 98/168/91
f 91/166/93 92/169/95 100/170/96 99/167/94
f 92/171/95 93/172/97 101/173/98 100/174/96
f 93/172/97 94/175/99 102/176/100 101/173/98
f 94/177/99 95/178/101 103/179/102 102/180/100
f 95/178/101 96/181/103 104/182/104 103/179/102
f 96/183/103 89/161/89 97/164/92 104/184/104
f 97/164/92 98/163/91 106/185/105 105/186/106
f 98/168/91 99/167/94 107/187/107 106/188/105
f 99/167/94 100/170/96 108/189/108 107/187/107
f 100/174/96 101/173/98 109/190/109 108/191/108
f 101/173/98 102/176/100 110/192/110 109/190/109
f 102/180/100 103/179/102 111/193/111 110/194/110
f 103/179/102 104/182/104 112/195/112 111/193/111
f 104/184/104 97/164/92 105/186/106 112/196/112
f 105/186/106 106/185/105 114/197/113 113/198/114
f 106/188/105 107/187/107 115/199/115 114/200/113
f 107/187/107 108/189/108 116/201/116 115/199/115
f 108/191/108 109/190/109 117/202/117 116/203/116
f 109/190/109 110/192/110 118/204/118 117/202/117
f 110/194/110 111/193/111 119/205/119 118/206/118
f 111/193/111 112/195/112 120/207/120 119/205/119
f 112/196/112 105/186/106 113/198/114 120/208/120
f 113/198/114 114/197/113 122/209/121 121/210/122
f 114/200/113 115/199/115 123/211/123 122/212/121
f 115/199/115 116/201/116 124/213/124 123/211/123
f 116/203/116 117/202/117 125/214/125 124/215/124
f 117/202/117 118/204/118 126/216/126 125/214/125
f 118/206/118 119/205/119 127/217/127 126/218/126
f 119/205/119 120/207/120 128/219/128 127/217/127
f 120/208/120 113/198/114 121/210/122 128/220/128
f 121/210/122 122/209/121 130/221/129 129/222/130
f 122/212/121 123/211/123 131/223/131 130/224/129
f 123/211/123 124/213/124 132/225/132 131/223/131
f 124/215/124 125/214/125 133/226/133 132/227/132
f 125/214/125 126/216/126 134/228/134 133/226/133
f 126/218/126 127/217/127 135/229/135 134/230/134
f 127/217/127 128/219/128 136/231/136 135/229/135
f 128/220/128 121/210/122 129/222/130 136/232/136
f 129/222/130 130/221/129 138/233/137 137/234/138
f 130/224/129 131/223/131 139/235/139 138/236/137
f 131/223/131 132/225/132 140/237/140 139/235/139
f 132/227/132 133/226/133 141/238/141 140/239/140
f 133/226/133 134/228/134 142/240/142 141/238/141
f 134/230/134 135/229/135 143/241/143 142/242/142
f 135/229/135 136/231/136 144/243/144 143/241/143
f 136/232/136 129/222/130 137/234/138 144/244/144
f 137/234/138 138/233/137 146/245/145 145/246/146
f 138/236/137 139/235/139 147/247/147 146/248/145
f 139/235/139 140/237/140 148/249/148 147/247/147
f 140/239/140 141/238/141 149/250/149 148/251/148
f 141/238/141 142/240/142 150/252/150 149/250/149
f 142/242/142 143/241/143 151/253/151 150/254/150
f 143/241/143 144/243/144 152/255/152 151/253/151
f 144/244/144 137/234/138 145/246/146 152/256/152
f 145/246/146 146/257/145 153/258/153 154/259/154
f 146/248/145 147/260/147 155/261/155 153/262/153
f 147/247/147 148/263/148 156/264/156 155/265/155
f 148/251/148 149/266/149 157/267/157 156/268/156
f 149/250/149 150/269/150 158/270/158 157/271/157
f 150/254/150 151/272/151 159/273/159 158/274/158
f 151/253/151 152/275/152 160/276/160 159/277/159
f 152/256/152 145/278/146 154/279/154 160/280/160
f 154/281/154 153/282/153 161/283/161 162/284/162
f 153/285/153 155/286/155 163/287/163 161/288/161
f 155/289/155 156/290/156 164/291/164 163/292/163
f 156/293/156 157/294/157 165/295/165 164/296/164
f 157/297/157 158/298/158 166/299/166 165/300/165
f 158/301/158 159/302/159 167/303/167 166/304/166
f 159/305/159 160/306/160 168/307/168 167/308/167
f 160/309/160 154/310/154 162/311/162 168/312/168
s 1
f 169/313/169 170/314/170 178/315/171 177/316/172
f 170/317/170 171/318/173 179/319/174 178/320/171
f 171/318/173 172/321/175 180/322/176 179/319/174
f 172/323/175 173/324/177 181/325/178 180/326/176
f 173/324/177 174/327/179 182/328/180 181/325/178
f 174/329/179 175/330/181 183/331/182 182/332/180
f 175/330/181 176/333/183 184/334/184 183/331/182
f 176/335/183 169/313/169 177/316/172 184/336/184
f 177/316/172 178/315/171 186/337/185 185/338/186
f 178/320/171 179/319/174 187/339/187 186/340/185
f 179/319/174 180/322/176 188/341/188 187/339/187
f 180/326/176 181/325/178 189/342/189 188/343/188
f 181/325/178 182/328/180 190/344/190 189/342/189
f 182/332/180 183/331/182 191/345/191 190/346/190
f 183/331/182 184/334/184 192/347/192 191/345/191
f 184/336/184 177/316/172 185/338/186 192/348/192
f 185/338/186 186/337/185 194/349/193 193/350/194
f 186/340/185 187/339/187 195/351/195 194/352/193
f 187/339/187 188/341/188 196/353/196 195/351/195
f 188/343/188 189/342/189 197/354/197 196/355/196
f 189/342/189 190/344/190 198/356/198 197/354/197
f 190/346/190 191/345/191 199/357/199 198/358/198
f 191/345/191 192/347/192 200/359/200 199/357/199
f 192/348/192 185/338/186 193/350/194 200/360/200
f 193/350/194 194/349/193 202/361/201 201/362/202
f 194/352/193 195/351/195 203/363/203 202/364/201
f 195/351/195 196/353/196 204/365/204 203/363/203
f 196/355/196 197/354/197 205/366/205 204/367/204
f 197/354/197 198/356/198 206/368/206 205/366/205
f 198/358/198 199/357/199 207/369/207 206/370/206
f 199/357/199 200/359/200 208/371/208 207/369/207
f 200/360/200 193/350/194 201/362/202 208/372/208
f 202/364/201 203/363/203 211/373/209 210/374/210
f 203/363/203 204/365/204 212/375/211 211/373/209
f 204/367/204 205/366/205 213/376/212 212/377/211
f 205/366/205 206/368/206 214/378/213 213/376/212
f 207/369/207 208/371/208 216/379/214 215/380/215
f 208/372/208 201/362/202 209/381/216 216/382/214
f 209/381/216 210/383/210 218/384/217 217/385/218
f 210/374/210 211/373/209 219/386/219 218/387/217
f 211/373/209 212/375/211 220/388/220 219/386/219
f 212/377/211 213/376/212 221/389/221 220/390/220
f 213/376/212 214/378/213 222/391/222 221/389/221
f 214/392/213 215/380/215 223/393/223 222/394/222
f 215/380/215 216/379/214 224/395/224 223/393/223
f 216/382/214 209/381/216 217/385/218 224/396/224
f 218/387/217 219/386/219 2836/397/225 2829/398/226
f 219/386/219 220/388/220 2835/399/227 2836/397/225
f 220/390/220 221/389/221 2834/400/228 2835/401/227
f 221/389/221 222/391/222 2833/402/229 2834/400/228
f 222/394/222 223/393/223 2832/403/230 2833/404/229
f 223/393/223 224/395/224 2831/405/231 2832/403/230
f 224/396/224 217/385/218 2830/406/232 2831/407/231
f 225/408/233 226/409/234 233/410/235 234/411/236
f 226/412/234 227/413/237 235/414/238 233/415/235
f 227/416/237 228/417/239 236/418/240 235/419/238
f 228/420/239 229/421/241 237/422/242 236/423/240
f 229/424/241 230/425/243 238/426/244 237/427/242
f 230/428/243 231/429/245 239/430/246 238/431/244
f 231/432/245 232/433/247 240/434/248 239/435/246
f 232/436/247 225/437/233 234/438/236 240/439/248
f 234/440/236 233/441/235 241/442/249 242/443/250
f 233/444/235 235/445/238 243/446/251 241/447/249
f 235/448/238 236/449/240 244/450/252 243/451/251
f 236/452/240 237/453/242 245/454/253 244/455/252
f 237/456/242 238/457/244 246/458/254 245/459/253
f 238/460/244 239/461/246 247/462/255 246/463/254
f 239/464/246 240/465/248 248/466/256 247/467/255
f 240/468/248 234/469/236 242/470/250 248/471/256
s 6
f 249/472/257 250/473/258 256/474/259 255/475/260
f 251/476/261 252/477/262 259/478/263 311/479/264
f 252/480/262 253/481/265 260/482/266 259/483/263
f 253/481/265 254/484/267 261/485/268 260/482/266
f 254/486/267 249/472/257 255/475/260 261/487/268
f 255/475/260 256/474/259 263/488/269 262/489/270
f 256/490/259 257/491/271 264/492/272 263/493/269
f 257/491/271 258/494/273 265/495/274 264/492/272
f 258/496/273 311/479/264 266/497/275 265/498/274
f 311/479/264 259/478/263 267/499/276 266/497/275
f 259/483/263 260/482/266 268/500/277 267/501/276
f 260/482/266 261/485/268 269/502/278 268/500/277
f 261/487/268 255/475/260 262/489/270 269/503/278
f 262/489/270 263/488/269 271/504/279 270/505/280
f 263/493/269 264/492/272 272/506/281 271/507/279
f 264/492/272 265/495/274 273/508/282 272/506/281
f 265/498/274 266/497/275 274/509/283 273/510/282
f 266/497/275 267/499/276 275/511/284 274/509/283
f 267/501/276 268/500/277 276/512/285 275/513/284
f 268/500/277 269/502/278 277/514/286 276/512/285
f 269/503/278 262/489/270 270/505/280 277/515/286
f 270/505/280 271/504/279 279/516/287 278/517/288
f 271/507/279 272/506/281 280/518/289 279/519/287
f 272/506/281 273/508/282 281/520/290 280/518/289
f 273/510/282 274/509/283 282/521/291 281/522/290
f 274/509/283 275/511/284 283/523/292 282/521/291
f 275/513/284 276/512/285 284/524/293 283/525/292
f 276/512/285 277/514/286 285/526/294 284/524/293
f 277/515/286 270/505/280 278/517/288 285/527/294
f 278/517/288 279/516/287 287/528/295 286/529/296
f 279/519/287 280/518/289 288/530/297 287/531/295
f 280/518/289 281/520/290 289/532/298 288/530/297
f 281/522/290 282/521/291 290/533/299 289/534/298
f 282/521/291 283/523/292 291/535/300 290/533/299
f 283/525/292 284/524/293 292/536/301 291/537/300
f 284/524/293 285/526/294 293/538/302 292/536/301
f 285/527/294 278/517/288 286/529/296 293/539/302
f 286/529/296 287/528/295 295/540/303 294/541/304
f 287/531/295 288/530/297 296/542/305 295/543/303
f 288/530/297 289/532/298 297/544/306 296/542/305
f 289/534/298 290/533/299 298/545/307 297/546/306
f 290/533/299 291/535/300 299/547/308 298/545/307
f 291/537/300 292/536/301 300/548/309 299/549/308
f 292/536/301 293/538/302 301/550/310 300/548/309
f 293/539/302 286/529/296 294/541/304 301/551/310
f 256/474/259 250/473/258 302/552/311 257/553/271
f 258/496/273 312/554/312 251/476/261 311/479/264
f 294/541/304 295/555/303 303/556/313 304/557/314
f 295/543/303 296/558/305 305/559/315 303/560/313
f 296/542/305 297/561/306 306/562/316 305/563/315
f 297/546/306 298/564/307 307/565/317 306/566/316
f 298/545/307 299/567/308 308/568/318 307/569/317
f 299/549/308 300/570/309 309/571/319 308/572/318
f 300/548/309 301/573/310 310/574/320 309/575/319
f 301/551/310 294/576/304 304/577/314 310/578/320
f 258/496/273 257/553/271 302/552/311 312/554/312
s 8
f 313/579/321 314/580/322 322/581/323 321/582/324
f 314/583/322 315/584/325 323/585/326 322/586/323
f 315/584/325 316/587/327 324/588/328 323/585/326
f 316/589/327 317/590/329 325/591/330 324/592/328
f 317/590/329 318/593/331 326/594/332 325/591/330
f 318/595/331 319/596/333 327/597/334 326/598/332
f 319/596/333 320/599/335 328/600/336 327/597/334
f 320/601/335 313/579/321 321/582/324 328/602/336
f 321/582/324 322/581/323 330/603/337 329/604/338
f 322/586/323 323/585/326 331/605/339 330/606/337
f 323/585/326 324/588/328 332/607/340 331/605/339
f 324/592/328 325/591/330 333/608/341 332/609/340
f 325/591/330 326/594/332 334/610/342 333/608/341
f 326/598/332 327/597/334 335/611/343 334/612/342
f 327/597/334 328/600/336 336/613/344 335/611/343
f 328/602/336 321/582/324 329/604/338 336/614/344
f 329/604/338 330/603/337 338/615/345 337/616/346
f 330/606/337 331/605/339 339/617/347 338/618/345
f 331/605/339 332/607/340 340/619/348 339/617/347
f 332/609/340 333/608/341 341/620/349 340/621/348
f 333/608/341 334/610/342 342/622/350 341/620/349
f 334/612/342 335/611/343 343/623/351 342/624/350
f 335/611/343 336/613/344 344/625/352 343/623/351
f 336/614/344 329/604/338 337/616/346 344/626/352
f 337/616/346 338/615/345 346/627/353 345/628/354
f 338/618/345 339/617/347 347/629/355 346/630/353
f 339/617/347 340/619/348 348/631/356 347/629/355
f 340/621/348 341/620/349 349/632/357 348/633/356
f 341/620/349 342/622/350 350/634/358 349/632/357
f 342/624/350 343/623/351 351/635/359 350/636/358
f 343/623/351 344/625/352 352/637/360 351/635/359
f 344/626/352 337/616/346 345/628/354 352/638/360
f 345/628/354 346/639/353 353/640/361 354/641/362
f 346/630/353 347/642/355 355/643/363 353/644/361
f 347/629/355 348/645/356 356/646/364 355/647/363
f 348/633/356 349/648/357 357/649/365 356/650/364
f 349/632/357 350/651/358 358/652/366 357/653/365
f 350/636/358 351/654/359 359/655/367 358/656/366
f 351/635/359 352/657/360 360/658/368 359/659/367
f 352/638/360 345/660/354 354/661/362 360/662/368
s 9
f 361/663/369 362/664/370 370/665/371 369/666/372
f 362/667/370 363/668/373 371/669/374 370/670/371
f 363/668/373 364/671/375 372/672/376 371/669/374
f 364/673/375 365/674/377 373/675/378 372/676/376
f 365/674/377 366/677/379 374/678/380 373/675/378
f 366/679/379 367/680/381 375/681/382 374/682/380
f 367/680/381 368/683/383 376/684/384 375/681/382
f 368/685/383 361/663/369 369/666/372 376/686/384
f 369/666/372 370/665/371 378/687/385 377/688/386
f 370/670/371 371/669/374 379/689/387 378/690/385
f 371/669/374 372/672/376 380/691/388 379/689/387
f 372/676/376 373/675/378 381/692/389 380/693/388
f 373/675/378 374/678/380 382/694/390 381/692/389
f 374/682/380 375/681/382 383/695/391 382/696/390
f 375/681/382 376/684/384 384/697/392 383/695/391
f 376/686/384 369/666/372 377/688/386 384/698/392
f 377/688/386 378/687/385 386/699/393 385/700/394
f 378/690/385 379/689/387 387/701/395 386/702/393
f 379/689/387 380/691/388 388/703/396 387/701/395
f 380/693/388 381/692/389 389/704/397 388/705/396
f 381/692/389 382/694/390 390/706/398 389/704/397
f 382/696/390 383/695/391 391/707/399 390/708/398
f 383/695/391 384/697/392 392/709/400 391/707/399
f 384/698/392 377/688/386 385/700/394 392/710/400
f 385/700/394 386/699/393 394/711/401 393/712/402
f 386/702/393 387/701/395 395/713/403 394/714/401
f 387/701/395 388/703/396 396/715/404 395/713/403
f 388/705/396 389/704/397 397/716/405 396/717/404
f 389/704/397 390/706/398 398/718/406 397/716/405
f 390/708/398 391/707/399 399/719/407 398/720/406
f 391/707/399 392/709/400 400/721/408 399/719/407
f 392/710/400 385/700/394 393/712/402 400/722/408
f 393/712/402 394/711/401 402/723/409 401/724/410
f 394/714/401 395/713/403 403/725/411 402/726/409
f 395/713/403 396/715/404 404/727/412 403/725/411
f 396/717/404 397/716/405 405/728/413 404/729/412
f 397/716/405 398/718/406 406/730/414 405/728/413
f 398/720/406 399/719/407 407/731/415 406/732/414
f 399/719/407 400/721/408 408/733/416 407/731/415
f 400/722/408 393/712/402 401/724/410 408/734/416
f 401/724/410 402/723/409 410/735/417 409/736/418
f 402/726/409 403/725/411 411/737/419 410/738/417
f 403/725/411 404/727/412 412/739/420 411/737/419
f 404/729/412 405/728/413 413/740/421 412/741/420
f 405/728/413 406/730/414 414/742/422 413/740/421
f 406/732/414 407/731/415 415/743/423 414/744/422
f 407/731/415 408/733/416 416/745/424 415/743/423
f 408/734/416 401/724/410 409/736/418 416/746/424
f 409/736/418 410/735/417 418/747/425 417/748/426
f 410/738/417 411/737/419 419/749/427 418/750/425
f 411/737/419 412/739/420 420/751/428 419/749/427
f 412/741/420 413/740/421 421/752/429 420/753/428
f 413/740/421 414/742/422 422/754/430 421/752/429
f 414/744/422 415/743/423 423/755/431 422/756/430
f 415/743/423 416/745/424 424/757/432 423/755/431
f 416/746/424 409/736/418 417/748/426 424/758/432
f 417/748/426 418/759/425 425/760/433 426/761/434
f 418/750/425 419/762/427 427/763/435 425/764/433
f 419/749/427 420/765/428 428/766/436 427/767/435
f 420/753/428 421/768/429 429/769/437 428/770/436
f 421/752/429 422/771/430 430/772/438 429/773/437
f 422/756/430 423/774/431 431/775/439 430/776/438
f 423/755/431 424/777/432 432/778/440 431/779/439
f 424/758/432 417/780/426 426/781/434 432/782/440
f 426/783/434 425/784/433 433/785/441 434/786/442
f 425/787/433 427/788/435 435/789/443 433/790/441
f 427/791/435 428/792/436 436/793/444 435/794/443
f 428/795/436 429/796/437 437/797/445 436/798/444
f 429/799/437 430/800/438 438/801/446 437/802/445
f 430/803/438 431/804/439 439/805/447 438/806/446
f 431/807/439 432/808/440 440/809/448 439/810/447
f 432/811/440 426/812/434 434/813/442 440/814/448
s 10
f 441/815/449 442/816/450 450/817/451 449/818/452
f 442/819/450 443/820/453 451/821/454 450/822/451
f 443/820/453 444/823/455 452/824/456 451/821/454
f 444/825/455 445/826/457 453/827/458 452/828/456
f 445/826/457 446/829/459 454/830/460 453/827/458
f 446/831/459 447/832/461 455/833/462 454/834/460
f 447/832/461 448/835/463 456/836/464 455/833/462
f 448/837/463 441/815/449 449/818/452 456/838/464
f 449/818/452 450/817/451 458/839/465 457/840/466
f 450/822/451 451/821/454 459/841/467 458/842/465
f 451/821/454 452/824/456 460/843/468 459/841/467
f 452/828/456 453/827/458 461/844/469 460/845/468
f 453/827/458 454/830/460 462/846/470 461/844/469
f 454/834/460 455/833/462 463/847/471 462/848/470
f 455/833/462 456/836/464 464/849/472 463/847/471
f 456/838/464 449/818/452 457/840/466 464/850/472
f 457/840/466 458/839/465 466/851/473 465/852/474
f 458/842/465 459/841/467 467/853/475 466/854/473
f 459/841/467 460/843/468 468/855/476 467/853/475
f 460/845/468 461/844/469 469/856/477 468/857/476
f 461/844/469 462/846/470 470/858/478 469/856/477
f 462/848/470 463/847/471 471/859/479 470/860/478
f 463/847/471 464/849/472 472/861/480 471/859/479
f 464/850/472 457/840/466 465/852/474 472/862/480
f 465/852/474 466/851/473 474/863/481 473/864/482
f 466/854/473 467/853/475 475/865/483 474/866/481
f 467/853/475 468/855/476 476/867/484 475/865/483
f 468/857/476 469/856/477 477/868/485 476/869/484
f 469/856/477 470/858/478 478/870/486 477/868/485
f 470/860/478 471/859/479 479/871/487 478/872/486
f 471/859/479 472/861/480 480/873/488 479/871/487
f 472/862/480 465/852/474 473/864/482 480/874/488
f 473/864/482 474/863/481 482/875/489 481/876/490
f 474/866/481 475/865/483 483/877/491 482/878/489
f 475/865/483 476/867/484 484/879/492 483/877/491
f 476/869/484 477/868/485 485/880/493 484/881/492
f 477/868/485 478/870/486 486/882/494 485/880/493
f 478/872/486 479/871/487 487/883/495 486/884/494
f 479/871/487 480/873/488 488/885/496 487/883/495
f 480/874/488 473/864/482 481/876/490 488/886/496
f 481/876/490 482/875/489 490/887/497 489/888/498
f 482/878/489 483/877/491 491/889/499 490/890/497
f 483/877/491 484/879/492 492/891/500 491/889/499
f 484/881/492 485/880/493 493/892/501 492/893/500
f 485/880/493 486/882/494 494/894/502 493/892/501
f 486/884/494 487/883/495 495/895/503 494/896/502
f 487/883/495 488/885/496 496/897/504 495/895/503
f 488/886/496 481/876/490 489/888/498 496/898/504
f 489/888/498 490/887/497 498/899/505 497/900/506
f 490/890/497 491/889/499 499/901/507 498/902/505
f 491/889/499 492/891/500 500/903/508 499/901/507
f 492/893/500 493/892/501 501/904/509 500/905/508
f 493/892/501 494/894/502 502/906/510 501/904/509
f 494/896/502 495/895/503 503/907/511 502/908/510
f 495/895/503 496/897/504 504/909/512 503/907/511
f 496/898/504 489/888/498 497/900/506 504/910/512
s 11
f 505/911/513 506/912/514 512/913/515 511/914/516
f 507/915/517 508/916/518 516/917/519 515/918/520
f 508/919/518 509/920/521 517/921/522 516/922/519
f 509/920/521 510/923/523 518/924/524 517/921/522
f 510/925/523 505/911/513 511/914/516 518/926/524
f 511/914/516 512/913/515 520/927/525 519/928/526
f 512/929/515 513/930/527 521/931/528 520/932/525
f 513/930/527 514/933/529 522/934/530 521/931/528
f 514/935/529 515/918/520 523/936/531 522/937/530
f 515/918/520 516/917/519 524/938/532 523/936/531
f 516/922/519 517/921/522 525/939/533 524/940/532
f 517/921/522 518/924/524 526/941/534 525/939/533
f 518/926/524 511/914/516 519/928/526 526/942/534
f 519/928/526 520/927/525 528/943/535 527/944/536
f 520/932/525 521/931/528 529/945/537 528/946/535
f 521/931/528 522/934/530 530/947/538 529/945/537
f 522/937/530 523/936/531 531/948/539 530/949/538
f 523/936/531 524/938/532 532/950/540 531/948/539
f 524/940/532 525/939/533 533/951/541 532/952/540
f 525/939/533 526/941/534 534/953/542 533/951/541
f 526/942/534 519/928/526 527/944/536 534/954/542
f 527/944/536 528/943/535 536/955/543 535/956/544
f 528/946/535 529/945/537 537/957/545 536/958/543
f 529/945/537 530/947/538 538/959/546 537/957/545
f 530/949/538 531/948/539 539/960/547 538/961/546
f 531/948/539 532/950/540 540/962/548 539/960/547
f 532/952/540 533/951/541 541/963/549 540/964/548
f 533/951/541 534/953/542 542/965/550 541/963/549
f 534/954/542 527/944/536 535/956/544 542/966/550
f 535/956/544 536/955/543 544/967/551 543/968/552
f 536/958/543 537/957/545 545/969/553 544/970/551
f 537/957/545 538/959/546 546/971/554 545/969/553
f 538/961/546 539/960/547 547/972/555 546/973/554
f 539/960/547 540/962/548 548/974/556 547/972/555
f 540/964/548 541/963/549 549/975/557 548/976/556
f 541/963/549 542/965/550 550/977/558 549/975/557
f 542/966/550 535/956/544 543/968/552 550/978/558
f 543/968/552 544/967/551 561/979/559 562/980/560
f 544/970/551 545/969/553 568/981/561 561/982/559
f 545/969/553 546/971/554 567/983/562 568/981/561
f 546/973/554 547/972/555 566/984/563 567/985/562
f 547/972/555 548/974/556 565/986/564 566/984/563
f 548/976/556 549/975/557 564/987/565 565/988/564
f 549/975/557 550/977/558 563/989/566 564/987/565
f 550/978/558 543/968/552 562/980/560 563/990/566
f 512/913/515 506/912/514 560/991/567 513/992/527
f 514/993/529 559/994/568 507/915/517 515/918/520
f 513/992/527 560/991/567 559/994/568 514/993/529
f 562/980/560 561/979/559 552/995/569 551/996/570
f 563/990/566 562/980/560 551/996/570 558/997/571
f 564/987/565 563/989/566 558/998/571 557/999/572
f 565/988/564 564/987/565 557/999/572 556/1000/573
f 566/984/563 565/986/564 556/1001/573 555/1002/574
f 567/985/562 566/984/563 555/1002/574 554/1003/575
f 568/981/561 567/983/562 554/1004/575 553/1005/576
f 561/982/559 568/981/561 553/1005/576 552/1006/569
s 13
f 569/1007/577 570/1008/578 576/1009/579 575/1010/580
f 571/1011/581 572/1012/582 580/1013/583 579/1014/584
f 572/1015/582 573/1016/585 581/1017/586 580/1018/583
f 573/1016/585 574/1019/587 582/1020/588 581/1017/586
f 574/1021/587 569/1007/577 575/1010/580 582/1022/588
f 575/1010/580 576/1009/579 584/1023/589 583/1024/590
f 576/1025/579 577/1026/591 585/1027/592 584/1028/589
f 577/1026/591 578/1029/593 586/1030/594 585/1027/592
f 578/1031/593 579/1014/584 587/1032/595 586/1033/594
f 579/1014/584 580/1013/583 588/1034/596 587/1032/595
f 580/1018/583 581/1017/586 589/1035/597 588/1036/596
f 581/1017/586 582/1020/588 590/1037/598 589/1035/597
f 582/1022/588 575/1010/580 583/1024/590 590/1038/598
f 583/1024/590 584/1023/589 592/1039/599 591/1040/600
f 584/1028/589 585/1027/592 593/1041/601 592/1042/599
f 585/1027/592 586/1030/594 594/1043/602 593/1041/601
f 586/1033/594 587/1032/595 595/1044/603 594/1045/602
f 587/1032/595 588/1034/596 596/1046/604 595/1044/603
f 588/1036/596 589/1035/597 597/1047/605 596/1048/604
f 589/1035/597 590/1037/598 598/1049/606 597/1047/605
f 590/1038/598 583/1024/590 591/1040/600 598/1050/606
f 591/1040/600 592/1039/599 600/1051/607 599/1052/608
f 592/1042/599 593/1041/601 601/1053/609 600/1054/607
f 593/1041/601 594/1043/602 602/1055/610 601/1053/609
f 594/1045/602 595/1044/603 603/1056/611 602/1057/610
f 595/1044/603 596/1046/604 604/1058/612 603/1056/611
f 596/1048/604 597/1047/605 605/1059/613 604/1060/612
f 597/1047/605 598/1049/606 606/1061/614 605/1059/613
f 598/1050/606 591/1040/600 599/1052/608 606/1062/614
f 599/1052/608 600/1051/607 608/1063/615 607/1064/616
f 600/1054/607 601/1053/609 609/1065/617 608/1066/615
f 601/1053/609 602/1055/610 610/1067/618 609/1065/617
f 602/1057/610 603/1056/611 611/1068/619 610/1069/618
f 603/1056/611 604/1058/612 612/1070/620 611/1068/619
f 604/1060/612 605/1059/613 613/1071/621 612/1072/620
f 605/1059/613 606/1061/614 614/1073/622 613/1071/621
f 606/1062/614 599/1052/608 607/1064/616 614/1074/622
f 607/1064/616 608/1063/615 625/1075/623 626/1076/624
f 608/1066/615 609/1065/617 632/1077/625 625/1078/623
f 609/1065/617 610/1067/618 631/1079/626 632/1077/625
f 610/1069/618 611/1068/619 630/1080/627 631/1081/626
f 611/1068/619 612/1070/620 629/1082/628 630/1080/627
f 612/1072/620 613/1071/621 628/1083/629 629/1084/628
f 613/1071/621 614/1073/622 627/1085/630 628/1083/629
f 614/1074/622 607/1064/616 626/1076/624 627/1086/630
f 576/1009/579 570/1008/578 624/1087/631 577/1088/591
f 578/1089/593 623/1090/632 571/1011/581 579/1014/584
f 577/1088/591 624/1087/631 623/1090/632 578/1089/593
f 626/1076/624 625/1075/623 616/1091/633 615/1092/634
f 627/1086/630 626/1076/624 615/1092/634 622/1093/635
f 628/1083/629 627/1085/630 622/1094/635 621/1095/636
f 629/1084/628 628/1083/629 621/1095/636 620/1096/637
f 630/1080/627 629/1082/628 620/1097/637 619/1098/638
f 631/1081/626 630/1080/627 619/1098/638 618/1099/639
f 632/1077/625 631/1079/626 618/1100/639 617/1101/640
f 625/1078/623 632/1077/625 617/1101/640 616/1102/633
s 15
f 633/1103/641 634/1104/642 649/1105/643 648/1106/644
f 634/1104/642 635/1107/645 650/1108/646 649/1105/643
f 635/1107/645 636/1109/647 651/1110/648 650/1108/646
f 636/1109/647 637/1111/649 652/1112/650 651/1110/648
f 637/1111/649 638/1113/651 653/1114/652 652/1112/650
f 638/1113/651 639/1115/653 654/1116/654 653/1114/652
f 639/1115/653 640/1117/655 655/1118/656 654/1116/654
f 640/1117/655 641/1119/657 656/1120/658 655/1118/656
f 641/1119/657 642/1121/659 657/1122/660 656/1120/658
f 642/1121/659 643/1123/661 658/1124/662 657/1122/660
f 643/1123/661 644/1125/663 659/1126/664 658/1124/662
f 644/1125/663 645/1127/665 660/1128/666 659/1126/664
f 645/1127/665 646/1129/667 661/1130/668 660/1128/666
f 646/1129/667 647/1131/669 662/1132/670 661/1130/668
f 647/1131/669 633/1133/641 648/1134/644 662/1132/670
f 648/1106/644 649/1105/643 664/1135/671 663/1136/672
f 649/1105/643 650/1108/646 665/1137/673 664/1135/671
f 650/1108/646 651/1110/648 666/1138/674 665/1137/673
f 651/1110/648 652/1112/650 667/1139/675 666/1138/674
f 652/1112/650 653/1114/652 668/1140/676 667/1139/675
f 653/1114/652 654/1116/654 669/1141/677 668/1140/676
f 654/1116/654 655/1118/656 670/1142/678 669/1141/677
f 655/1118/656 656/1120/658 671/1143/679 670/1142/678
f 656/1120/658 657/1122/660 672/1144/680 671/1143/679
f 657/1122/660 658/1124/662 673/1145/681 672/1144/680
f 658/1124/662 659/1126/664 674/1146/682 673/1145/681
f 659/1126/664 660/1128/666 675/1147/683 674/1146/682
f 660/1128/666 661/1130/668 676/1148/684 675/1147/683
f 661/1130/668 662/1132/670 677/1149/685 676/1148/684
f 662/1132/670 648/1134/644 663/1150/672 677/1149/685
f 663/1136/672 664/1135/671 679/1151/686 678/1152/687
f 664/1135/671 665/1137/673 680/1153/688 679/1151/686
f 665/1137/673 666/1138/674 681/1154/689 680/1153/688
f 666/1138/674 667/1139/675 682/1155/690 681/1154/689
f 667/1139/675 668/1140/676 683/1156/691 682/1155/690
f 668/1140/676 669/1141/677 684/1157/692 683/1156/691
f 669/1141/677 670/1142/678 685/1158/693 684/1157/692
f 670/1142/678 671/1143/679 686/1159/694 685/1158/693
f 671/1143/679 672/1144/680 687/1160/695 686/1159/694
f 672/1144/680 673/1145/681 688/1161/696 687/1160/695
f 673/1145/681 674/1146/682 689/1162/697 688/1161/696
f 674/1146/682 675/1147/683 690/1163/698 689/1162/697
f 675/1147/683 676/1148/684 691/1164/699 690/1163/698
f 676/1148/684 677/1149/685 692/1165/700 691/1164/699
f 677/1149/685 663/1150/672 678/1166/687 692/1165/700
f 678/1152/687 679/1151/686 694/1167/701 693/1168/702
f 679/1151/686 680/1153/688 695/1169/703 694/1167/701
f 680/1153/688 681/1154/689 696/1170/704 695/1169/703
f 681/1154/689 682/1155/690 697/1171/705 696/1170/704
f 682/1155/690 683/1156/691 698/1172/706 697/1171/705
f 683/1156/691 684/1157/692 699/1173/707 698/1172/706
f 684/1157/692 685/1158/693 700/1174/708 699/1173/707
f 685/1158/693 686/1159/694 701/1175/709 700/1174/708
f 686/1159/694 687/1160/695 702/1176/710 701/1175/709
f 687/1160/695 688/1161/696 703/1177/711 702/1176/710
f 688/1161/696 689/1162/697 704/1178/712 703/1177/711
f 689/1162/697 690/1163/698 705/1179/713 704/1178/712
f 690/1163/698 691/1164/699 706/1180/714 705/1179/713
f 691/1164/699 692/1165/700 707/1181/715 706/1180/714
f 692/1165/700 678/1166/687 693/1182/702 707/1181/715
f 693/1168/702 694/1167/701 709/1183/716 708/1184/717
f 694/1167/701 695/1169/703 710/1185/718 709/1183/716
f 695/1169/703 696/1170/704 711/1186/719 710/1185/718
f 696/1170/704 697/1171/705 712/1187/720 711/1186/719
f 697/1171/705 698/1172/706 713/1188/721 712/1187/720
f 698/1172/706 699/1173/707 714/1189/722 713/1188/721
f 699/1173/707 700/1174/708 715/1190/723 714/1189/722
f 700/1174/708 701/1175/709 716/1191/724 715/1190/723
f 701/1175/709 702/1176/710 717/1192/725 716/1191/724
f 702/1176/710 703/1177/711 718/1193/726 717/1192/725
f 703/1177/711 704/1178/712 719/1194/727 718/1193/726
f 704/1178/712 705/1179/713 720/1195/728 719/1194/727
f 705/1179/713 706/1180/714 721/1196/729 720/1195/728
f 706/1180/714 707/1181/715 722/1197/730 721/1196/729
f 707/1181/715 693/1182/702 708/1198/717 722/1197/730
f 708/1184/717 709/1183/716 724/1199/731 723/1200/732
f 709/1183/716 710/1185/718 725/1201/733 724/1199/731
f 710/1185/718 711/1186/719 726/1202/734 725/1201/733
f 711/1186/719 712/1187/720 727/1203/735 726/1202/734
f 712/1187/720 713/1188/721 728/1204/736 727/1203/735
f 713/1188/721 714/1189/722 729/1205/737 728/1204/736
f 714/1189/722 715/1190/723 730/1206/738 729/1205/737
f 715/1190/723 716/1191/724 731/1207/739 730/1206/738
f 716/1191/724 717/1192/725 732/1208/740 731/1207/739
f 717/1192/725 718/1193/726 733/1209/741 732/1208/740
f 718/1193/726 719/1194/727 734/1210/742 733/1209/741
f 719/1194/727 720/1195/728 735/1211/743 734/1210/742
f 720/1195/728 721/1196/729 736/1212/744 735/1211/743
f 721/1196/729 722/1197/730 737/1213/745 736/1212/744
f 722/1197/730 708/1198/717 723/1214/732 737/1213/745
f 723/1200/732 724/1199/731 739/1215/746 738/1216/747
f 724/1199/731 725/1201/733 740/1217/748 739/1215/746
f 725/1201/733 726/1202/734 741/1218/749 740/1217/748
f 726/1202/734 727/1203/735 742/1219/750 741/1218/749
f 727/1203/735 728/1204/736 743/1220/751 742/1219/750
f 728/1204/736 729/1205/737 744/1221/752 743/1220/751
f 729/1205/737 730/1206/738 745/1222/753 744/1221/752
f 730/1206/738 731/1207/739 746/1223/754 745/1222/753
f 731/1207/739 732/1208/740 747/1224/755 746/1223/754
f 732/1208/740 733/1209/741 748/1225/756 747/1224/755
f 733/1209/741 734/1210/742 749/1226/757 748/1225/756
f 734/1210/742 735/1211/743 750/1227/758 749/1226/757
f 735/1211/743 736/1212/744 751/1228/759 750/1227/758
f 736/1212/744 737/1213/745 752/1229/760 751/1228/759
f 737/1213/745 723/1214/732 738/1230/747 752/1229/760
f 738/1216/747 739/1215/746 754/1231/761 753/1232/762
f 739/1215/746 740/1217/748 755/1233/763 754/1231/761
f 740/1217/748 741/1218/749 756/1234/764 755/1233/763
f 741/1218/749 742/1219/750 757/1235/765 756/1234/764
f 742/1219/750 743/1220/751 758/1236/766 757/1235/765
f 743/1220/751 744/1221/752 759/1237/767 758/1236/766
f 744/1221/752 745/1222/753 760/1238/768 759/1237/767
f 745/1222/753 746/1223/754 761/1239/769 760/1238/768
f 746/1223/754 747/1224/755 762/1240/770 761/1239/769
f 747/1224/755 748/1225/756 763/1241/771 762/1240/770
f 748/1225/756 749/1226/757 764/1242/772 763/1241/771
f 749/1226/757 750/1227/758 765/1243/773 764/1242/772
f 750/1227/758 751/1228/759 766/1244/774 765/1243/773
f 751/1228/759 752/1229/760 767/1245/775 766/1244/774
f 752/1229/760 738/1230/747 753/1246/762 767/1245/775
f 753/1232/762 754/1231/761 769/1247/776 768/1248/777
f 754/1231/761 755/1233/763 770/1249/778 769/1247/776
f 755/1233/763 756/1234/764 771/1250/779 770/1249/778
f 756/1234/764 757/1235/765 772/1251/780 771/1250/779
f 757/1235/765 758/1236/766 773/1252/781 772/1251/780
f 758/1236/766 759/1237/767 774/1253/782 773/1252/781
f 759/1237/767 760/1238/768 775/1254/783 774/1253/782
f 760/1238/768 761/1239/769 776/1255/784 775/1254/783
f 761/1239/769 762/1240/770 777/1256/785 776/1255/784
f 762/1240/770 763/1241/771 778/1257/786 777/1256/785
f 763/1241/771 764/1242/772 779/1258/787 778/1257/786
f 764/1242/772 765/1243/773 780/1259/788 779/1258/787
f 765/1243/773 766/1244/774 781/1260/789 780/1259/788
f 766/1244/774 767/1245/775 782/1261/790 781/1260/789
f 767/1245/775 753/1246/762 768/1262/777 782/1261/790
f 768/1248/777 769/1247/776 784/1263/791 783/1264/792
f 769/1247/776 770/1249/778 785/1265/793 784/1263/791
f 770/1249/778 771/1250/779 786/1266/794 785/1265/793
f 771/1250/779 772/1251/780 787/1267/795 786/1266/794
f 772/1251/780 773/1252/781 788/1268/796 787/1267/795
f 773/1252/781 774/1253/782 789/1269/797 788/1268/796
f 774/1253/782 775/1254/783 790/1270/798 789/1269/797
f 775/1254/783 776/1255/784 791/1271/799 790/1270/798
f 776/1255/784 777/1256/785 792/1272/800 791/1271/799
f 777/1256/785 778/1257/786 793/1273/801 792/1272/800
f 778/1257/786 779/1258/787 794/1274/802 793/1273/801
f 779/1258/787 780/1259/788 795/1275/803 794/1274/802
f 780/1259/788 781/1260/789 796/1276/804 795/1275/803
f 781/1260/789 782/1261/790 797/1277/805 796/1276/804
f 782/1261/790 768/1262/777 783/1278/792 797/1277/805
f 783/1264/792 784/1263/791 799/1279/806 798/1280/807
f 784/1263/791 785/1265/793 800/1281/808 799/1279/806
f 785/1265/793 786/1266/794 801/1282/809 800/1281/808
f 786/1266/794 787/1267/795 802/1283/810 801/1282/809
f 787/1267/795 788/1268/796 803/1284/811 802/1283/810
f 788/1268/796 789/1269/797 804/1285/812 803/1284/811
f 789/1269/797 790/1270/798 805/1286/813 804/1285/812
f 790/1270/798 791/1271/799 806/1287/814 805/1286/813
f 791/1271/799 792/1272/800 807/1288/815 806/1287/814
f 792/1272/800 793/1273/801 808/1289/816 807/1288/815
f 793/1273/801 794/1274/802 809/1290/817 808/1289/816
f 794/1274/802 795/1275/803 810/1291/818 809/1290/817
f 795/1275/803 796/1276/804 811/1292/819 810/1291/818
f 796/1276/804 797/1277/805 812/1293/820 811/1292/819
f 797/1277/805 783/1278/792 798/1294/807 812/1293/820
f 798/1280/807 799/1279/806 814/1295/821 813/1296/822
f 799/1279/806 800/1281/808 815/1297/823 814/1295/821
f 800/1281/808 801/1282/809 816/1298/824 815/1297/823
f 801/1282/809 802/1283/810 817/1299/825 816/1298/824
f 802/1283/810 803/1284/811 818/1300/826 817/1299/825
f 803/1284/811 804/1285/812 819/1301/827 818/1300/826
f 804/1285/812 805/1286/813 820/1302/828 819/1301/827
f 805/1286/813 806/1287/814 821/1303/829 820/1302/828
f 806/1287/814 807/1288/815 822/1304/830 821/1303/829
f 807/1288/815 808/1289/816 823/1305/831 822/1304/830
f 808/1289/816 809/1290/817 824/1306/832 823/1305/831
f 809/1290/817 810/1291/818 825/1307/833 824/1306/832
f 810/1291/818 811/1292/819 826/1308/834 825/1307/833
f 811/1292/819 812/1293/820 827/1309/835 826/1308/834
f 812/1293/820 798/1294/807 813/1310/822 827/1309/835
f 813/1296/822 814/1295/821 829/1311/836 828/1312/837
f 814/1295/821 815/1297/823 830/1313/838 829/1311/836
f 815/1297/823 816/1298/824 831/1314/839 830/1313/838
f 816/1298/824 817/1299/825 832/1315/840 831/1314/839
f 817/1299/825 818/1300/826 833/1316/841 832/1315/840
f 818/1300/826 819/1301/827 834/1317/842 833/1316/841
f 819/1301/827 820/1302/828 835/1318/843 834/1317/842
f 820/1302/828 821/1303/829 836/1319/844 835/1318/843
f 821/1303/829 822/1304/830 837/1320/845 836/1319/844
f 822/1304/830 823/1305/831 838/1321/846 837/1320/845
f 823/1305/831 824/1306/832 839/1322/847 838/1321/846
f 824/1306/832 825/1307/833 840/1323/848 839/1322/847
f 825/1307/833 826/1308/834 841/1324/849 840/1323/848
f 826/1308/834 827/1309/835 842/1325/850 841/1324/849
f 827/1309/835 813/1310/822 828/1326/837 842/1325/850
f 828/1312/837 829/1311/836 844/1327/851 843/1328/852
f 829/1311/836 830/1313/838 845/1329/853 844/1327/851
f 830/1313/838 831/1314/839 846/1330/854 845/1329/853
f 831/1314/839 832/1315/840 847/1331/855 846/1330/854
f 832/1315/840 833/1316/841 848/1332/856 847/1331/855
f 833/1316/841 834/1317/842 849/1333/857 848/1332/856
f 834/1317/842 835/1318/843 850/1334/858 849/1333/857
f 835/1318/843 836/1319/844 851/1335/859 850/1334/858
f 836/1319/844 837/1320/845 852/1336/860 851/1335/859
f 837/1320/845 838/1321/846 853/1337/861 852/1336/860
f 838/1321/846 839/1322/847 854/1338/862 853/1337/861
f 839/1322/847 840/1323/848 855/1339/863 854/1338/862
f 840/1323/848 841/1324/849 856/1340/864 855/1339/863
f 841/1324/849 842/1325/850 857/1341/865 856/1340/864
f 842/1325/850 828/1326/837 843/1342/852 857/1341/865
f 843/1328/852 844/1327/851 859/1343/866 858/1344/867
f 844/1327/851 845/1329/853 860/1345/868 859/1343/866
f 845/1329/853 846/1330/854 861/1346/869 860/1345/868
f 846/1330/854 847/1331/855 862/1347/870 861/1346/869
f 847/1331/855 848/1332/856 863/1348/871 862/1347/870
f 848/1332/856 849/1333/857 864/1349/872 863/1348/871
f 849/1333/857 850/1334/858 865/1350/873 864/1349/872
f 850/1334/858 851/1335/859 866/1351/874 865/1350/873
f 851/1335/859 852/1336/860 867/1352/875 866/1351/874
f 852/1336/860 853/1337/861 868/1353/876 867/1352/875
f 853/1337/861 854/1338/862 869/1354/877 868/1353/876
f 854/1338/862 855/1339/863 870/1355/878 869/1354/877
f 855/1339/863 856/1340/864 871/1356/879 870/1355/878
f 856/1340/864 857/1341/865 872/1357/880 871/1356/879
f 857/1341/865 843/1342/852 858/1358/867 872/1357/880
f 858/1344/867 859/1343/866 874/1359/881 873/1360/882
f 859/1343/866 860/1345/868 875/1361/883 874/1359/881
f 860/1345/868 861/1346/869 876/1362/884 875/1361/883
f 861/1346/869 862/1347/870 877/1363/885 876/1362/884
f 862/1347/870 863/1348/871 878/1364/886 877/1363/885
f 863/1348/871 864/1349/872 879/1365/887 878/1364/886
f 864/1349/872 865/1350/873 880/1366/888 879/1365/887
f 865/1350/873 866/1351/874 881/1367/889 880/1366/888
f 866/1351/874 867/1352/875 882/1368/890 881/1367/889
f 867/1352/875 868/1353/876 883/1369/891 882/1368/890
f 868/1353/876 869/1354/877 884/1370/892 883/1369/891
f 869/1354/877 870/1355/878 885/1371/893 884/1370/892
f 870/1355/878 871/1356/879 886/1372/894 885/1371/893
f 871/1356/879 872/1357/880 887/1373/895 886/1372/894
f 872/1357/880 858/1358/867 873/1374/882 887/1373/895
f 873/1360/882 874/1359/881 889/1375/896 888/1376/897
f 874/1359/881 875/1361/883 890/1377/898 889/1375/896
f 875/1361/883 876/1362/884 891/1378/899 890/1377/898
f 876/1362/884 877/1363/885 892/1379/900 891/1378/899
f 877/1363/885 878/1364/886 893/1380/901 892/1379/900
f 878/1364/886 879/1365/887 894/1381/902 893/1380/901
f 879/1365/887 880/1366/888 895/1382/903 894/1381/902
f 880/1366/888 881/1367/889 896/1383/904 895/1382/903
f 881/1367/889 882/1368/890 897/1384/905 896/1383/904
f 882/1368/890 883/1369/891 898/1385/906 897/1384/905
f 883/1369/891 884/1370/892 899/1386/907 898/1385/906
f 884/1370/892 885/1371/893 900/1387/908 899/1386/907
f 885/1371/893 886/1372/894 901/1388/909 900/1387/908
f 886/1372/894 887/1373/895 902/1389/910 901/1388/909
f 887/1373/895 873/1374/882 888/1390/897 902/1389/910
f 888/1376/897 889/1375/896 904/1391/911 903/1392/912
f 889/1375/896 890/1377/898 905/1393/913 904/1391/911
f 890/1377/898 891/1378/899 906/1394/914 905/1393/913
f 891/1378/899 892/1379/900 907/1395/915 906/1394/914
f 892/1379/900 893/1380/901 908/1396/916 907/1395/915
f 893/1380/901 894/1381/902 909/1397/917 908/1396/916
f 894/1381/902 895/1382/903 910/1398/918 909/1397/917
f 895/1382/903 896/1383/904 911/1399/919 910/1398/918
f 896/1383/904 897/1384/905 912/1400/920 911/1399/919
f 897/1384/905 898/1385/906 913/1401/921 912/1400/920
f 898/1385/906 899/1386/907 914/1402/922 913/1401/921
f 899/1386/907 900/1387/908 915/1403/923 914/1402/922
f 900/1387/908 901/1388/909 916/1404/924 915/1403/923
f 901/1388/909 902/1389/910 917/1405/925 916/1404/924
f 902/1389/910 888/1390/897 903/1406/912 917/1405/925
f 903/1392/912 904/1391/911 919/1407/926 918/1408/927
f 904/1391/911 905/1393/913 920/1409/928 919/1407/926
f 905/1393/913 906/1394/914 921/1410/929 920/1409/928
f 906/1394/914 907/1395/915 922/1411/930 921/1410/929
f 907/1395/915 908/1396/916 923/1412/931 922/1411/930
f 908/1396/916 909/1397/917 924/1413/932 923/1412/931
f 909/1397/917 910/1398/918 925/1414/933 924/1413/932
f 910/1398/918 911/1399/919 926/1415/934 925/1414/933
f 911/1399/919 912/1400/920 927/1416/935 926/1415/934
f 912/1400/920 913/1401/921 928/1417/936 927/1416/935
f 913/1401/921 914/1402/922 929/1418/937 928/1417/936
f 914/1402/922 915/1403/923 930/1419/938 929/1418/937
f 915/1403/923 916/1404/924 931/1420/939 930/1419/938
f 916/1404/924 917/1405/925 932/1421/940 931/1420/939
f 917/1405/925 903/1406/912 918/1422/927 932/1421/940
f 918/1408/927 919/1407/926 934/1423/941 933/1424/942
f 919/1407/926 920/1409/928 935/1425/943 934/1423/941
f 920/1409/928 921/1410/929 936/1426/944 935/1425/943
f 921/1410/929 922/1411/930 937/1427/945 936/1426/944
f 922/1411/930 923/1412/931 938/1428/946 937/1427/945
f 923/1412/931 924/1413/932 939/1429/947 938/1428/946
f 924/1413/932 925/1414/933 940/1430/948 939/1429/947
f 925/1414/933 926/1415/934 941/1431/949 940/1430/948
f 926/1415/934 927/1416/935 942/1432/950 941/1431/949
f 927/1416/935 928/1417/936 943/1433/951 942/1432/950
f 928/1417/936 929/1418/937 944/1434/952 943/1433/951
f 929/1418/937 930/1419/938 945/1435/953 944/1434/952
f 930/1419/938 931/1420/939 946/1436/954 945/1435/953
f 931/1420/939 932/1421/940 947/1437/955 946/1436/954
f 932/1421/940 918/1422/927 933/1438/942 947/1437/955
f 933/1424/942 934/1423/941 949/1439/956 948/1440/957
f 934/1423/941 935/1425/943 950/1441/958 949/1439/956
f 935/1425/943 936/1426/944 951/1442/959 950/1441/958
f 936/1426/944 937/1427/945 952/1443/960 951/1442/959
f 937/1427/945 938/1428/946 953/1444/961 952/1443/960
f 938/1428/946 939/1429/947 954/1445/962 953/1444/961
f 939/1429/947 940/1430/948 955/1446/963 954/1445/962
f 940/1430/948 941/1431/949 956/1447/964 955/1446/963
f 941/1431/949 942/1432/950 957/1448/965 956/1447/964
f 942/1432/950 943/1433/951 958/1449/966 957/1448/965
f 943/1433/951 944/1434/952 959/1450/967 958/1449/966
f 944/1434/952 945/1435/953 960/1451/968 959/1450/967
f 945/1435/953 946/1436/954 961/1452/969 960/1451/968
f 946/1436/954 947/1437/955 962/1453/970 961/1452/969
f 947/1437/955 933/1438/942 948/1454/957 962/1453/970
f 948/1440/957 949/1439/956 964/1455/971 963/1456/972
f 949/1439/956 950/1441/958 965/1457/973 964/1455/971
f 950/1441/958 951/1442/959 966/1458/974 965/1457/973
f 951/1442/959 952/1443/960 967/1459/975 966/1458/974
f 952/1443/960 953/1444/961 968/1460/976 967/1459/975
f 953/1444/961 954/1445/962 969/1461/977 968/1460/976
f 954/1445/962 955/1446/963 970/1462/978 969/1461/977
f 955/1446/963 956/1447/964 971/1463/979 970/1462/978
f 956/1447/964 957/1448/965 972/1464/980 971/1463/979
f 957/1448/965 958/1449/966 973/1465/981 972/1464/980
f 958/1449/966 959/1450/967 974/1466/982 973/1465/981
f 959/1450/967 960/1451/968 975/1467/983 974/1466/982
f 960/1451/968 961/1452/969 976/1468/984 975/1467/983
f 961/1452/969 962/1453/970 977/1469/985 976/1468/984
f 962/1453/970 948/1454/957 963/1470/972 977/1469/985
f 963/1456/972 964/1455/971 979/1471/986 978/1472/987
f 964/1455/971 965/1457/973 980/1473/988 979/1471/986
f 965/1457/973 966/1458/974 981/1474/989 980/1473/988
f 966/1458/974 967/1459/975 982/1475/990 981/1474/989
f 967/1459/975 968/1460/976 983/1476/991 982/1475/990
f 968/1460/976 969/1461/977 984/1477/992 983/1476/991
f 969/1461/977 970/1462/978 985/1478/993 984/1477/992
f 970/1462/978 971/1463/979 986/1479/994 985/1478/993
f 971/1463/979 972/1464/980 987/1480/995 986/1479/994
f 972/1464/980 973/1465/981 988/1481/996 987/1480/995
f 973/1465/981 974/1466/982 989/1482/997 988/1481/996
f 974/1466/982 975/1467/983 990/1483/998 989/1482/997
f 975/1467/983 976/1468/984 991/1484/999 990/1483/998
f 976/1468/984 977/1469/985 992/1485/1000 991/1484/999
f 977/1469/985 963/1470/972 978/1486/987 992/1485/1000
f 978/1472/987 979/1471/986 994/1487/1001 993/1488/1002
f 979/1471/986 980/1473/988 995/1489/1003 994/1487/1001
f 980/1473/988 981/1474/989 996/1490/1004 995/1489/1003
f 981/1474/989 982/1475/990 997/1491/1005 996/1490/1004
f 982/1475/990 983/1476/991 998/1492/1006 997/1491/1005
f 983/1476/991 984/1477/992 999/1493/1007 998/1492/1006
f 984/1477/992 985/1478/993 1000/1494/1008 999/1493/1007
f 985/1478/993 986/1479/994 1001/1495/1009 1000/1494/1008
f 986/1479/994 987/1480/995 1002/1496/1010 1001/1495/1009
f 987/1480/995 988/1481/996 1003/1497/1011 1002/1496/1010
f 988/1481/996 989/1482/997 1004/1498/1012 1003/1497/1011
f 989/1482/997 990/1483/998 1005/1499/1013 1004/1498/1012
f 990/1483/998 991/1484/999 1006/1500/1014 1005/1499/1013
f 991/1484/999 992/1485/1000 1007/1501/1015 1006/1500/1014
f 992/1485/1000 978/1486/987 993/1502/1002 1007/1501/1015
f 993/1488/1002 994/1487/1001 1009/1503/1016 1008/1504/1017
f 994/1487/1001 995/1489/1003 1010/1505/1018 1009/1503/1016
f 995/1489/1003 996/1490/1004 1011/1506/1019 1010/1505/1018
f 996/1490/1004 997/1491/1005 1012/1507/1020 1011/1506/1019
f 997/1491/1005 998/1492/1006 1013/1508/1021 1012/1507/1020
f 2283/1509/1022 2282/1510/1023 2284/1511/1024 2285/1512/1025
f 2282/1510/1023 2286/1513/1026 2287/1514/1027 2284/1511/1024
f 1000/1494/1008 1001/1495/1009 1015/1515/1028 1014/1516/1029
f 1001/1495/1009 1002/1496/1010 1016/1517/1030 1015/1515/1028
f 1002/1496/1010 1003/1497/1011 1017/1518/1031 1016/1517/1030
f 1003/1497/1011 1004/1498/1012 1018/1519/1032 1017/1518/1031
f 1004/1498/1012 1005/1499/1013 1019/1520/1033 1018/1519/1032
f 1005/1499/1013 1006/1500/1014 1020/1521/1034 1019/1520/1033
f 1006/1500/1014 1007/1501/1015 1021/1522/1035 1020/1521/1034
f 1007/1501/1015 993/1502/1002 1008/1523/1017 1021/1522/1035
f 1008/1504/1017 1009/1503/1016 1023/1524/1036 1022/1525/1037
f 1009/1503/1016 1010/1505/1018 1024/1526/1038 1023/1524/1036
f 1010/1505/1018 1011/1506/1019 1025/1527/1039 1024/1526/1038
f 1011/1506/1019 1012/1507/1020 1026/1528/1040 1025/1527/1039
f 1012/1507/1020 1013/1508/1021 1027/1529/1041 1026/1528/1040
f 2285/1512/1025 2284/1511/1024 2288/1530/1042 2289/1531/1043
f 2284/1511/1024 2287/1514/1027 2290/1532/1044 2288/1530/1042
f 1014/1516/1029 1015/1515/1028 1030/1533/1045 1029/1534/1046
f 1015/1515/1028 1016/1517/1030 1031/1535/1047 1030/1533/1045
f 1016/1517/1030 1017/1518/1031 1032/1536/1048 1031/1535/1047
f 1017/1518/1031 1018/1519/1032 1033/1537/1049 1032/1536/1048
f 1018/1519/1032 1019/1520/1033 1034/1538/1050 1033/1537/1049
f 1019/1520/1033 1020/1521/1034 1035/1539/1051 1034/1538/1050
f 1020/1521/1034 1021/1522/1035 1036/1540/1052 1035/1539/1051
f 1021/1522/1035 1008/1523/1017 1022/1541/1037 1036/1540/1052
f 1022/1525/1037 1023/1524/1036 1038/1542/1053 1037/1543/1054
f 1023/1524/1036 1024/1526/1038 1039/1544/1055 1038/1542/1053
f 1024/1526/1038 1025/1527/1039 1040/1545/1056 1039/1544/1055
f 1025/1527/1039 1026/1528/1040 1041/1546/1057 1040/1545/1056
f 1026/1528/1040 1027/1529/1041 1042/1547/1058 1041/1546/1057
f 1027/1529/1041 1028/1548/1059 1043/1549/1060 1042/1547/1058
f 1028/1548/1059 1029/1534/1046 1044/1550/1061 1043/1549/1060
f 1029/1534/1046 1030/1533/1045 1045/1551/1062 1044/1550/1061
f 1030/1533/1045 1031/1535/1047 1046/1552/1063 1045/1551/1062
f 1031/1535/1047 1032/1536/1048 1047/1553/1064 1046/1552/1063
f 1032/1536/1048 1033/1537/1049 1048/1554/1065 1047/1553/1064
f 1033/1537/1049 1034/1538/1050 1049/1555/1066 1048/1554/1065
f 1034/1538/1050 1035/1539/1051 1050/1556/1067 1049/1555/1066
f 1035/1539/1051 1036/1540/1052 1051/1557/1068 1050/1556/1067
f 1036/1540/1052 1022/1541/1037 1037/1558/1054 1051/1557/1068
f 1037/1543/1054 1038/1542/1053 1053/1559/1069 1052/1560/1070
f 1038/1542/1053 1039/1544/1055 1054/1561/1071 1053/1559/1069
f 1039/1544/1055 1040/1545/1056 1055/1562/1072 1054/1561/1071
f 1040/1545/1056 1041/1546/1057 1056/1563/1073 1055/1562/1072
f 1041/1546/1057 1042/1547/1058 1057/1564/1074 1056/1563/1073
f 1042/1547/1058 1043/1549/1060 1058/1565/1075 1057/1564/1074
f 1043/1549/1060 1044/1550/1061 1059/1566/1076 1058/1565/1075
f 1044/1550/1061 1045/1551/1062 1060/1567/1077 1059/1566/1076
f 1045/1551/1062 1046/1552/1063 1061/1568/1078 1060/1567/1077
f 1046/1552/1063 1047/1553/1064 1062/1569/1079 1061/1568/1078
f 1047/1553/1064 1048/1554/1065 1063/1570/1080 1062/1569/1079
f 1048/1554/1065 1049/1555/1066 1064/1571/1081 1063/1570/1080
f 1049/1555/1066 1050/1556/1067 1065/1572/1082 1064/1571/1081
f 1050/1556/1067 1051/1557/1068 1066/1573/1083 1065/1572/1082
f 1051/1557/1068 1037/1558/1054 1052/1574/1070 1066/1573/1083
f 1052/1560/1070 1053/1559/1069 1068/1575/1084 1067/1576/1085
f 1053/1559/1069 1054/1561/1071 1069/1577/1086 1068/1575/1084
f 1054/1561/1071 1055/1562/1072 1070/1578/1087 1069/1577/1086
f 1055/1562/1072 1056/1563/1073 1071/1579/1088 1070/1578/1087
f 1056/1563/1073 1057/1564/1074 1072/1580/1089 1071/1579/1088
f 1057/1564/1074 1058/1565/1075 1073/1581/1090 1072/1580/1089
f 1058/1565/1075 1059/1566/1076 1074/1582/1091 1073/1581/1090
f 1059/1566/1076 1060/1567/1077 1075/1583/1092 1074/1582/1091
f 1060/1567/1077 1061/1568/1078 1076/1584/1093 1075/1583/1092
f 1061/1568/1078 1062/1569/1079 1077/1585/1094 1076/1584/1093
f 1062/1569/1079 1063/1570/1080 1078/1586/1095 1077/1585/1094
f 1063/1570/1080 1064/1571/1081 1079/1587/1096 1078/1586/1095
f 1064/1571/1081 1065/1572/1082 1080/1588/1097 1079/1587/1096
f 1065/1572/1082 1066/1573/1083 1081/1589/1098 1080/1588/1097
f 1066/1573/1083 1052/1574/1070 1067/1590/1085 1081/1589/1098
f 1067/1576/1085 1068/1575/1084 1083/1591/1099 1082/1592/1100
f 1068/1575/1084 1069/1577/1086 1084/1593/1101 1083/1591/1099
f 1069/1577/1086 1070/1578/1087 1085/1594/1102 1084/1593/1101
f 1070/1578/1087 1071/1579/1088 1086/1595/1103 1085/1594/1102
f 1071/1579/1088 1072/1580/1089 1087/1596/1104 1086/1595/1103
f 1072/1580/1089 1073/1581/1090 1088/1597/1105 1087/1596/1104
f 1073/1581/1090 1074/1582/1091 1089/1598/1106 1088/1597/1105
f 1074/1582/1091 1075/1583/1092 1090/1599/1107 1089/1598/1106
f 1075/1583/1092 1076/1584/1093 1091/1600/1108 1090/1599/1107
f 1076/1584/1093 1077/1585/1094 1092/1601/1109 1091/1600/1108
f 1077/1585/1094 1078/1586/1095 1093/1602/1110 1092/1601/1109
f 1078/1586/1095 1079/1587/1096 1094/1603/1111 1093/1602/1110
f 1079/1587/1096 1080/1588/1097 1095/1604/1112 1094/1603/1111
f 1080/1588/1097 1081/1589/1098 1096/1605/1113 1095/1604/1112
f 1081/1589/1098 1067/1590/1085 1082/1606/1100 1096/1605/1113
f 1082/1592/1100 1083/1591/1099 1098/1607/1114 1097/1608/1115
f 1083/1591/1099 1084/1593/1101 1099/1609/1116 1098/1607/1114
f 1084/1593/1101 1085/1594/1102 1100/1610/1117 1099/1609/1116
f 1085/1594/1102 1086/1595/1103 1101/1611/1118 1100/1610/1117
f 1086/1595/1103 1087/1596/1104 1102/1612/1119 1101/1611/1118
f 1087/1596/1104 1088/1597/1105 1103/1613/1120 1102/1612/1119
f 1088/1597/1105 1089/1598/1106 1104/1614/1121 1103/1613/1120
f 1089/1598/1106 1090/1599/1107 1105/1615/1122 1104/1614/1121
f 1090/1599/1107 1091/1600/1108 1106/1616/1123 1105/1615/1122
f 1091/1600/1108 1092/1601/1109 1107/1617/1124 1106/1616/1123
f 1092/1601/1109 1093/1602/1110 1108/1618/1125 1107/1617/1124
f 1093/1602/1110 1094/1603/1111 1109/1619/1126 1108/1618/1125
f 1094/1603/1111 1095/1604/1112 1110/1620/1127 1109/1619/1126
f 1095/1604/1112 1096/1605/1113 1111/1621/1128 1110/1620/1127
f 1096/1605/1113 1082/1606/1100 1097/1622/1115 1111/1621/1128
f 1097/1608/1115 1098/1607/1114 1113/1623/1129 1112/1624/1130
f 1098/1607/1114 1099/1609/1116 1114/1625/1131 1113/1623/1129
f 1099/1609/1116 1100/1610/1117 1115/1626/1132 1114/1625/1131
f 1100/1610/1117 1101/1611/1118 1116/1627/1133 1115/1626/1132
f 1101/1611/1118 1102/1612/1119 1117/1628/1134 1116/1627/1133
f 1102/1612/1119 1103/1613/1120 1118/1629/1135 1117/1628/1134
f 1103/1613/1120 1104/1614/1121 1119/1630/1136 1118/1629/1135
f 1104/1614/1121 1105/1615/1122 1120/1631/1137 1119/1630/1136
f 1105/1615/1122 1106/1616/1123 1121/1632/1138 1120/1631/1137
f 1106/1616/1123 1107/1617/1124 1122/1633/1139 1121/1632/1138
f 1107/1617/1124 1108/1618/1125 1123/1634/1140 1122/1633/1139
f 1108/1618/1125 1109/1619/1126 1124/1635/1141 1123/1634/1140
f 1109/1619/1126 1110/1620/1127 1125/1636/1142 1124/1635/1141
f 1110/1620/1127 1111/1621/1128 1126/1637/1143 1125/1636/1142
f 1111/1621/1128 1097/1622/1115 1112/1638/1130 1126/1637/1143
f 1112/1624/1130 1113/1623/1129 1128/1639/1144 1127/1640/1145
f 1113/1623/1129 1114/1625/1131 1129/1641/1146 1128/1639/1144
f 1114/1625/1131 1115/1626/1132 1130/1642/1147 1129/1641/1146
f 1115/1626/1132 1116/1627/1133 1131/1643/1148 1130/1642/1147
f 1116/1627/1133 1117/1628/1134 1132/1644/1149 1131/1643/1148
f 1117/1628/1134 1118/1629/1135 1133/1645/1150 1132/1644/1149
f 1118/1629/1135 1119/1630/1136 1134/1646/1151 1133/1645/1150
f 1119/1630/1136 1120/1631/1137 1135/1647/1152 1134/1646/1151
f 1120/1631/1137 1121/1632/1138 1136/1648/1153 1135/1647/1152
f 1121/1632/1138 1122/1633/1139 1137/1649/1154 1136/1648/1153
f 1122/1633/1139 1123/1634/1140 1138/1650/1155 1137/1649/1154
f 1123/1634/1140 1124/1635/1141 1139/1651/1156 1138/1650/1155
f 1124/1635/1141 1125/1636/1142 1140/1652/1157 1139/1651/1156
f 1125/1636/1142 1126/1637/1143 1141/1653/1158 1140/1652/1157
f 1126/1637/1143 1112/1638/1130 1127/1654/1145 1141/1653/1158
f 1127/1640/1145 1128/1639/1144 1143/1655/1159 1142/1656/1160
f 1128/1639/1144 1129/1641/1146 1144/1657/1161 1143/1655/1159
f 1129/1641/1146 1130/1642/1147 1145/1658/1162 1144/1657/1161
f 1130/1642/1147 1131/1643/1148 1146/1659/1163 1145/1658/1162
f 1131/1643/1148 1132/1644/1149 1147/1660/1164 1146/1659/1163
f 1132/1644/1149 1133/1645/1150 1148/1661/1165 1147/1660/1164
f 1133/1645/1150 1134/1646/1151 1149/1662/1166 1148/1661/1165
f 1134/1646/1151 1135/1647/1152 1150/1663/1167 1149/1662/1166
f 1135/1647/1152 1136/1648/1153 1151/1664/1168 1150/1663/1167
f 1136/1648/1153 1137/1649/1154 1152/1665/1169 1151/1664/1168
f 1137/1649/1154 1138/1650/1155 1153/1666/1170 1152/1665/1169
f 1138/1650/1155 1139/1651/1156 1154/1667/1171 1153/1666/1170
f 1139/1651/1156 1140/1652/1157 1155/1668/1172 1154/1667/1171
f 1140/1652/1157 1141/1653/1158 1156/1669/1173 1155/1668/1172
f 1141/1653/1158 1127/1654/1145 1142/1670/1160 1156/1669/1173
f 1142/1656/1160 1143/1655/1159 1158/1671/1174 1157/1672/1175
f 1143/1655/1159 1144/1657/1161 1159/1673/1176 1158/1671/1174
f 1144/1657/1161 1145/1658/1162 1160/1674/1177 1159/1673/1176
f 1145/1658/1162 1146/1659/1163 1161/1675/1178 1160/1674/1177
f 1146/1659/1163 1147/1660/1164 1162/1676/1179 1161/1675/1178
f 1147/1660/1164 1148/1661/1165 1163/1677/1180 1162/1676/1179
f 1148/1661/1165 1149/1662/1166 1164/1678/1181 1163/1677/1180
f 1149/1662/1166 1150/1663/1167 1165/1679/1182 1164/1678/1181
f 1150/1663/1167 1151/1664/1168 1166/1680/1183 1165/1679/1182
f 1151/1664/1168 1152/1665/1169 1167/1681/1184 1166/1680/1183
f 1152/1665/1169 1153/1666/1170 1168/1682/1185 1167/1681/1184
f 1153/1666/1170 1154/1667/1171 1169/1683/1186 1168/1682/1185
f 1154/1667/1171 1155/1668/1172 1170/1684/1187 1169/1683/1186
f 1155/1668/1172 1156/1669/1173 1171/1685/1188 1170/1684/1187
f 1156/1669/1173 1142/1670/1160 1157/1686/1175 1171/1685/1188
f 1157/1672/1175 1158/1671/1174 1173/1687/1189 1172/1688/1190
f 1158/1671/1174 1159/1673/1176 1174/1689/1191 1173/1687/1189
f 1159/1673/1176 1160/1674/1177 1175/1690/1192 1174/1689/1191
f 1160/1674/1177 1161/1675/1178 1176/1691/1193 1175/1690/1192
f 1161/1675/1178 1162/1676/1179 1177/1692/1194 1176/1691/1193
f 1162/1676/1179 1163/1677/1180 1178/1693/1195 1177/1692/1194
f 1163/1677/1180 1164/1678/1181 1179/1694/1196 1178/1693/1195
f 1164/1678/1181 1165/1679/1182 1180/1695/1197 1179/1694/1196
f 1165/1679/1182 1166/1680/1183 1181/1696/1198 1180/1695/1197
f 1166/1680/1183 1167/1681/1184 1182/1697/1199 1181/1696/1198
f 1167/1681/1184 1168/1682/1185 1183/1698/1200 1182/1697/1199
f 1168/1682/1185 1169/1683/1186 1184/1699/1201 1183/1698/1200
f 1169/1683/1186 1170/1684/1187 1185/1700/1202 1184/1699/1201
f 1170/1684/1187 1171/1685/1188 1186/1701/1203 1185/1700/1202
f 1171/1685/1188 1157/1686/1175 1172/1702/1190 1186/1701/1203
f 1172/1688/1190 1173/1687/1189 1188/1703/1204 1187/1704/1205
f 1173/1687/1189 1174/1689/1191 1189/1705/1206 1188/1703/1204
f 1174/1689/1191 1175/1690/1192 1190/1706/1207 1189/1705/1206
f 1175/1690/1192 1176/1691/1193 1191/1707/1208 1190/1706/1207
f 1176/1691/1193 1177/1692/1194 1192/1708/1209 1191/1707/1208
f 1177/1692/1194 1178/1693/1195 1193/1709/1210 1192/1708/1209
f 1178/1693/1195 1179/1694/1196 1194/1710/1211 1193/1709/1210
f 1179/1694/1196 1180/1695/1197 1195/1711/1212 1194/1710/1211
f 1180/1695/1197 1181/1696/1198 1196/1712/1213 1195/1711/1212
f 1181/1696/1198 1182/1697/1199 1197/1713/1214 1196/1712/1213
f 1182/1697/1199 1183/1698/1200 1198/1714/1215 1197/1713/1214
f 1183/1698/1200 1184/1699/1201 1199/1715/1216 1198/1714/1215
f 1184/1699/1201 1185/1700/1202 1200/1716/1217 1199/1715/1216
f 1185/1700/1202 1186/1701/1203 1201/1717/1218 1200/1716/1217
f 1186/1701/1203 1172/1702/1190 1187/1718/1205 1201/1717/1218
f 1187/1704/1205 1188/1703/1204 1203/1719/1219 1202/1720/1220
f 1188/1703/1204 1189/1705/1206 1204/1721/1221 1203/1719/1219
f 1189/1705/1206 1190/1706/1207 1205/1722/1222 1204/1721/1221
f 1190/1706/1207 1191/1707/1208 1206/1723/1223 1205/1722/1222
f 1191/1707/1208 1192/1708/1209 1207/1724/1224 1206/1723/1223
f 1192/1708/1209 1193/1709/1210 1208/1725/1225 1207/1724/1224
f 1193/1709/1210 1194/1710/1211 1209/1726/1226 1208/1725/1225
f 1194/1710/1211 1195/1711/1212 1210/1727/1227 1209/1726/1226
f 1195/1711/1212 1196/1712/1213 1211/1728/1228 1210/1727/1227
f 1196/1712/1213 1197/1713/1214 1212/1729/1229 1211/1728/1228
f 1197/1713/1214 1198/1714/1215 1213/1730/1230 1212/1729/1229
f 1198/1714/1215 1199/1715/1216 1214/1731/1231 1213/1730/1230
f 1199/1715/1216 1200/1716/1217 1215/1732/1232 1214/1731/1231
f 1200/1716/1217 1201/1717/1218 1216/1733/1233 1215/1732/1232
f 1201/1717/1218 1187/1718/1205 1202/1734/1220 1216/1733/1233
f 1202/1720/1220 1203/1719/1219 1218/1735/1234 1217/1736/1235
f 1203/1719/1219 1204/1721/1221 1219/1737/1236 1218/1735/1234
f 1204/1721/1221 1205/1722/1222 1220/1738/1237 1219/1737/1236
f 1205/1722/1222 1206/1723/1223 1221/1739/1238 1220/1738/1237
f 1206/1723/1223 1207/1724/1224 1222/1740/1239 1221/1739/1238
f 1207/1724/1224 1208/1725/1225 1223/1741/1240 1222/1740/1239
f 1208/1725/1225 1209/1726/1226 1224/1742/1241 1223/1741/1240
f 1209/1726/1226 1210/1727/1227 1225/1743/1242 1224/1742/1241
f 1210/1727/1227 1211/1728/1228 1226/1744/1243 1225/1743/1242
f 1211/1728/1228 1212/1729/1229 1227/1745/1244 1226/1744/1243
f 1212/1729/1229 1213/1730/1230 1228/1746/1245 1227/1745/1244
f 1213/1730/1230 1214/1731/1231 1229/1747/1246 1228/1746/1245
f 1214/1731/1231 1215/1732/1232 1230/1748/1247 1229/1747/1246
f 1215/1732/1232 1216/1733/1233 1231/1749/1248 1230/1748/1247
f 1216/1733/1233 1202/1734/1220 1217/1750/1235 1231/1749/1248
f 1217/1736/1235 1218/1735/1234 1233/1751/1249 1232/1752/1250
f 1218/1735/1234 1219/1737/1236 1234/1753/1251 1233/1751/1249
f 1219/1737/1236 1220/1738/1237 1235/1754/1252 1234/1753/1251
f 1220/1738/1237 1221/1739/1238 1236/1755/1253 1235/1754/1252
f 1221/1739/1238 1222/1740/1239 1237/1756/1254 1236/1755/1253
f 1222/1740/1239 1223/1741/1240 1238/1757/1255 1237/1756/1254
f 1223/1741/1240 1224/1742/1241 1239/1758/1256 1238/1757/1255
f 1224/1742/1241 1225/1743/1242 1240/1759/1257 1239/1758/1256
f 1225/1743/1242 1226/1744/1243 1241/1760/1258 1240/1759/1257
f 1226/1744/1243 1227/1745/1244 1242/1761/1259 1241/1760/1258
f 1227/1745/1244 1228/1746/1245 1243/1762/1260 1242/1761/1259
f 1228/1746/1245 1229/1747/1246 1244/1763/1261 1243/1762/1260
f 1229/1747/1246 1230/1748/1247 1245/1764/1262 1244/1763/1261
f 1230/1748/1247 1231/1749/1248 1246/1765/1263 1245/1764/1262
f 1231/1749/1248 1217/1750/1235 1232/1766/1250 1246/1765/1263
f 1232/1752/1250 1233/1751/1249 1248/1767/1264 1247/1768/1265
f 1233/1751/1249 1234/1753/1251 1249/1769/1266 1248/1767/1264
f 1234/1753/1251 1235/1754/1252 1250/1770/1267 1249/1769/1266
f 1235/1754/1252 1236/1755/1253 1251/1771/1268 1250/1770/1267
f 1236/1755/1253 1237/1756/1254 1252/1772/1269 1251/1771/1268
f 1237/1756/1254 1238/1757/1255 1253/1773/1270 1252/1772/1269
f 1238/1757/1255 1239/1758/1256 1254/1774/1271 1253/1773/1270
f 1239/1758/1256 1240/1759/1257 1255/1775/1272 1254/1774/1271
f 1240/1759/1257 1241/1760/1258 1256/1776/1273 1255/1775/1272
f 1241/1760/1258 1242/1761/1259 1257/1777/1274 1256/1776/1273
f 1242/1761/1259 1243/1762/1260 1258/1778/1275 1257/1777/1274
f 1243/1762/1260 1244/1763/1261 1259/1779/1276 1258/1778/1275
f 1244/1763/1261 1245/1764/1262 1260/1780/1277 1259/1779/1276
f 1245/1764/1262 1246/1765/1263 1261/1781/1278 1260/1780/1277
f 1246/1765/1263 1232/1766/1250 1247/1782/1265 1261/1781/1278
f 1247/1768/1265 1248/1767/1264 1263/1783/1279 1262/1784/1280
f 1248/1767/1264 1249/1769/1266 1264/1785/1281 1263/1783/1279
f 1249/1769/1266 1250/1770/1267 1265/1786/1282 1264/1785/1281
f 1250/1770/1267 1251/1771/1268 1266/1787/1283 1265/1786/1282
f 1251/1771/1268 1252/1772/1269 1267/1788/1284 1266/1787/1283
f 1252/1772/1269 1253/1773/1270 1268/1789/1285 1267/1788/1284
f 1253/1773/1270 1254/1774/1271 1269/1790/1286 1268/1789/1285
f 1254/1774/1271 1255/1775/1272 1270/1791/1287 1269/1790/1286
f 1255/1775/1272 1256/1776/1273 1271/1792/1288 1270/1791/1287
f 1256/1776/1273 1257/1777/1274 1272/1793/1289 1271/1792/1288
f 1257/1777/1274 1258/1778/1275 1273/1794/1290 1272/1793/1289
f 1258/1778/1275 1259/1779/1276 1274/1795/1291 1273/1794/1290
f 1259/1779/1276 1260/1780/1277 1275/1796/1292 1274/1795/1291
f 1260/1780/1277 1261/1781/1278 1276/1797/1293 1275/1796/1292
f 1261/1781/1278 1247/1782/1265 1262/1798/1280 1276/1797/1293
f 1262/1784/1280 1263/1783/1279 1278/1799/1294 1277/1800/1295
f 1263/1783/1279 1264/1785/1281 1279/1801/1296 1278/1799/1294
f 1264/1785/1281 1265/1786/1282 1280/1802/1297 1279/1801/1296
f 1265/1786/1282 1266/1787/1283 1281/1803/1298 1280/1802/1297
f 1266/1787/1283 1267/1788/1284 1282/1804/1299 1281/1803/1298
f 1267/1788/1284 1268/1789/1285 1283/1805/1300 1282/1804/1299
f 1268/1789/1285 1269/1790/1286 1284/1806/1301 1283/1805/1300
f 1269/1790/1286 1270/1791/1287 1285/1807/1302 1284/1806/1301
f 1270/1791/1287 1271/1792/1288 1286/1808/1303 1285/1807/1302
f 1271/1792/1288 1272/1793/1289 1287/1809/1304 1286/1808/1303
f 1272/1793/1289 1273/1794/1290 1288/1810/1305 1287/1809/1304
f 1273/1794/1290 1274/1795/1291 1289/1811/1306 1288/1810/1305
f 1274/1795/1291 1275/1796/1292 1290/1812/1307 1289/1811/1306
f 1275/1796/1292 1276/1797/1293 1291/1813/1308 1290/1812/1307
f 1276/1797/1293 1262/1798/1280 1277/1814/1295 1291/1813/1308
f 1277/1800/1295 1278/1799/1294 1293/1815/1309 1292/1816/1310
f 1278/1799/1294 1279/1801/1296 1294/1817/1311 1293/1815/1309
f 1279/1801/1296 1280/1802/1297 1295/1818/1312 1294/1817/1311
f 1280/1802/1297 1281/1803/1298 1296/1819/1313 1295/1818/1312
f 1281/1803/1298 1282/1804/1299 1297/1820/1314 1296/1819/1313
f 1282/1804/1299 1283/1805/1300 1298/1821/1315 1297/1820/1314
f 1283/1805/1300 1284/1806/1301 1299/1822/1316 1298/1821/1315
f 1284/1806/1301 1285/1807/1302 1300/1823/1317 1299/1822/1316
f 1285/1807/1302 1286/1808/1303 1301/1824/1318 1300/1823/1317
f 1286/1808/1303 1287/1809/1304 1302/1825/1319 1301/1824/1318
f 1287/1809/1304 1288/1810/1305 1303/1826/1320 1302/1825/1319
f 1288/1810/1305 1289/1811/1306 1304/1827/1321 1303/1826/1320
f 1289/1811/1306 1290/1812/1307 1305/1828/1322 1304/1827/1321
f 1290/1812/1307 1291/1813/1308 1306/1829/1323 1305/1828/1322
f 1291/1813/1308 1277/1814/1295 1292/1830/1310 1306/1829/1323
f 1292/1816/1310 1293/1815/1309 1308/1831/1324 1307/1832/1325
f 1293/1815/1309 1294/1817/1311 1309/1833/1326 1308/1831/1324
f 1294/1817/1311 1295/1818/1312 1310/1834/1327 1309/1833/1326
f 1295/1818/1312 1296/1819/1313 1311/1835/1328 1310/1834/1327
f 1296/1819/1313 1297/1820/1314 1312/1836/1329 1311/1835/1328
f 1297/1820/1314 1298/1821/1315 1313/1837/1330 1312/1836/1329
f 1298/1821/1315 1299/1822/1316 1314/1838/1331 1313/1837/1330
f 1299/1822/1316 1300/1823/1317 1315/1839/1332 1314/1838/1331
f 1300/1823/1317 1301/1824/1318 1316/1840/1333 1315/1839/1332
f 1301/1824/1318 1302/1825/1319 1317/1841/1334 1316/1840/1333
f 1302/1825/1319 1303/1826/1320 1318/1842/1335 1317/1841/1334
f 1303/1826/1320 1304/1827/1321 1319/1843/1336 1318/1842/1335
f 1304/1827/1321 1305/1828/1322 1320/1844/1337 1319/1843/1336
f 1305/1828/1322 1306/1829/1323 1321/1845/1338 1320/1844/1337
f 1306/1829/1323 1292/1830/1310 1307/1846/1325 1321/1845/1338
f 1307/1832/1325 1308/1831/1324 1323/1847/1339 1322/1848/1340
f 1308/1831/1324 1309/1833/1326 1324/1849/1341 1323/1847/1339
f 1309/1833/1326 1310/1834/1327 1325/1850/1342 1324/1849/1341
f 1310/1834/1327 1311/1835/1328 1326/1851/1343 1325/1850/1342
f 1311/1835/1328 1312/1836/1329 1327/1852/1344 1326/1851/1343
f 1312/1836/1329 1313/1837/1330 1328/1853/1345 1327/1852/1344
f 1313/1837/1330 1314/1838/1331 1329/1854/1346 1328/1853/1345
f 1314/1838/1331 1315/1839/1332 1330/1855/1347 1329/1854/1346
f 1315/1839/1332 1316/1840/1333 1331/1856/1348 1330/1855/1347
f 1316/1840/1333 1317/1841/1334 1332/1857/1349 1331/1856/1348
f 1317/1841/1334 1318/1842/1335 1333/1858/1350 1332/1857/1349
f 1318/1842/1335 1319/1843/1336 1334/1859/1351 1333/1858/1350
f 1319/1843/1336 1320/1844/1337 1335/1860/1352 1334/1859/1351
f 1320/1844/1337 1321/1845/1338 1336/1861/1353 1335/1860/1352
f 1321/1845/1338 1307/1846/1325 1322/1862/1340 1336/1861/1353
f 1322/1848/1340 1323/1847/1339 1338/1863/1354 1337/1864/1355
f 1323/1847/1339 1324/1849/1341 1339/1865/1356 1338/1863/1354
f 1324/1849/1341 1325/1850/1342 1340/1866/1357 1339/1865/1356
f 1325/1850/1342 1326/1851/1343 1341/1867/1358 1340/1866/1357
f 1326/1851/1343 1327/1852/1344 1342/1868/1359 1341/1867/1358
f 1327/1852/1344 1328/1853/1345 1343/1869/1360 1342/1868/1359
f 1328/1853/1345 1329/1854/1346 1344/1870/1361 1343/1869/1360
f 1329/1854/1346 1330/1855/1347 1345/1871/1362 1344/1870/1361
f 1330/1855/1347 1331/1856/1348 1346/1872/1363 1345/1871/1362
f 1331/1856/1348 1332/1857/1349 1347/1873/1364 1346/1872/1363
f 1332/1857/1349 1333/1858/1350 1348/1874/1365 1347/1873/1364
f 1333/1858/1350 1334/1859/1351 1349/1875/1366 1348/1874/1365
f 1334/1859/1351 1335/1860/1352 1350/1876/1367 1349/1875/1366
f 1335/1860/1352 1336/1861/1353 1351/1877/1368 1350/1876/1367
f 1336/1861/1353 1322/1862/1340 1337/1878/1355 1351/1877/1368
s 17
f 1352/1879/1369 1353/1880/1370 1368/1881/1371 1367/1882/1372
f 1353/1880/1370 1354/1883/1373 1369/1884/1374 1368/1881/1371
f 1354/1883/1373 1355/1885/1375 1370/1886/1376 1369/1884/1374
f 1355/1885/1375 1356/1887/1377 1371/1888/1378 1370/1886/1376
f 1356/1887/1377 1357/1889/1379 1372/1890/1380 1371/1888/1378
f 1357/1889/1379 1358/1891/1381 1373/1892/1382 1372/1890/1380
f 1358/1891/1381 1359/1893/1383 1374/1894/1384 1373/1892/1382
f 1359/1893/1383 1360/1895/1385 1375/1896/1386 1374/1894/1384
f 1360/1895/1385 1361/1897/1387 1376/1898/1388 1375/1896/1386
f 1361/1897/1387 1362/1899/1389 1377/1900/1390 1376/1898/1388
f 1362/1899/1389 1363/1901/1391 1378/1902/1392 1377/1900/1390
f 1363/1901/1391 1364/1903/1393 1379/1904/1394 1378/1902/1392
f 1364/1903/1393 1365/1905/1395 1380/1906/1396 1379/1904/1394
f 1365/1905/1395 1366/1907/1397 1381/1908/1398 1380/1906/1396
f 1366/1907/1397 1352/1909/1369 1367/1910/1372 1381/1908/1398
f 1367/1882/1372 1368/1881/1371 1383/1911/1399 1382/1912/1400
f 1368/1881/1371 1369/1884/1374 1384/1913/1401 1383/1911/1399
f 1369/1884/1374 1370/1886/1376 1385/1914/1402 1384/1913/1401
f 1370/1886/1376 1371/1888/1378 1386/1915/1403 1385/1914/1402
f 1371/1888/1378 1372/1890/1380 1387/1916/1404 1386/1915/1403
f 1372/1890/1380 1373/1892/1382 1388/1917/1405 1387/1916/1404
f 1373/1892/1382 1374/1894/1384 1389/1918/1406 1388/1917/1405
f 1374/1894/1384 1375/1896/1386 1390/1919/1407 1389/1918/1406
f 1375/1896/1386 1376/1898/1388 1391/1920/1408 1390/1919/1407
f 1376/1898/1388 1377/1900/1390 1392/1921/1409 1391/1920/1408
f 1377/1900/1390 1378/1902/1392 1393/1922/1410 1392/1921/1409
f 1378/1902/1392 1379/1904/1394 1394/1923/1411 1393/1922/1410
f 1379/1904/1394 1380/1906/1396 1395/1924/1412 1394/1923/1411
f 1380/1906/1396 1381/1908/1398 1396/1925/1413 1395/1924/1412
f 1381/1908/1398 1367/1910/1372 1382/1926/1400 1396/1925/1413
f 1382/1912/1400 1383/1911/1399 1398/1927/1414 1397/1928/1415
f 1383/1911/1399 1384/1913/1401 1399/1929/1416 1398/1927/1414
f 1384/1913/1401 1385/1914/1402 1400/1930/1417 1399/1929/1416
f 1385/1914/1402 1386/1915/1403 1401/1931/1418 1400/1930/1417
f 1386/1915/1403 1387/1916/1404 1402/1932/1419 1401/1931/1418
f 1387/1916/1404 1388/1917/1405 1403/1933/1420 1402/1932/1419
f 1388/1917/1405 1389/1918/1406 1404/1934/1421 1403/1933/1420
f 1389/1918/1406 1390/1919/1407 1405/1935/1422 1404/1934/1421
f 1390/1919/1407 1391/1920/1408 1406/1936/1423 1405/1935/1422
f 1391/1920/1408 1392/1921/1409 1407/1937/1424 1406/1936/1423
f 1392/1921/1409 1393/1922/1410 1408/1938/1425 1407/1937/1424
f 1393/1922/1410 1394/1923/1411 1409/1939/1426 1408/1938/1425
f 1394/1923/1411 1395/1924/1412 1410/1940/1427 1409/1939/1426
f 1395/1924/1412 1396/1925/1413 1411/1941/1428 1410/1940/1427
f 1396/1925/1413 1382/1926/1400 1397/1942/1415 1411/1941/1428
f 1397/1928/1415 1398/1927/1414 1413/1943/1429 1412/1944/1430
f 1398/1927/1414 1399/1929/1416 1414/1945/1431 1413/1943/1429
f 1399/1929/1416 1400/1930/1417 1415/1946/1432 1414/1945/1431
f 1400/1930/1417 1401/1931/1418 1416/1947/1433 1415/1946/1432
f 1401/1931/1418 1402/1932/1419 1417/1948/1434 1416/1947/1433
f 1402/1932/1419 1403/1933/1420 1418/1949/1435 1417/1948/1434
f 1403/1933/1420 1404/1934/1421 1419/1950/1436 1418/1949/1435
f 1404/1934/1421 1405/1935/1422 1420/1951/1437 1419/1950/1436
f 1405/1935/1422 1406/1936/1423 1421/1952/1438 1420/1951/1437
f 1406/1936/1423 1407/1937/1424 1422/1953/1439 1421/1952/1438
f 1407/1937/1424 1408/1938/1425 1423/1954/1440 1422/1953/1439
f 1408/1938/1425 1409/1939/1426 1424/1955/1441 1423/1954/1440
f 1409/1939/1426 1410/1940/1427 1425/1956/1442 1424/1955/1441
f 1410/1940/1427 1411/1941/1428 1426/1957/1443 1425/1956/1442
f 1411/1941/1428 1397/1942/1415 1412/1958/1430 1426/1957/1443
f 1412/1944/1430 1413/1943/1429 1428/1959/1444 1427/1960/1445
f 1413/1943/1429 1414/1945/1431 1429/1961/1446 1428/1959/1444
f 1414/1945/1431 1415/1946/1432 1430/1962/1447 1429/1961/1446
f 1415/1946/1432 1416/1947/1433 1431/1963/1448 1430/1962/1447
f 1416/1947/1433 1417/1948/1434 1432/1964/1449 1431/1963/1448
f 1417/1948/1434 1418/1949/1435 1433/1965/1450 1432/1964/1449
f 1418/1949/1435 1419/1950/1436 1434/1966/1451 1433/1965/1450
f 1419/1950/1436 1420/1951/1437 1435/1967/1452 1434/1966/1451
f 1420/1951/1437 1421/1952/1438 1436/1968/1453 1435/1967/1452
f 1421/1952/1438 1422/1953/1439 1437/1969/1454 1436/1968/1453
f 1422/1953/1439 1423/1954/1440 1438/1970/1455 1437/1969/1454
f 1423/1954/1440 1424/1955/1441 1439/1971/1456 1438/1970/1455
f 1424/1955/1441 1425/1956/1442 1440/1972/1457 1439/1971/1456
f 1425/1956/1442 1426/1957/1443 1441/1973/1458 1440/1972/1457
f 1426/1957/1443 1412/1958/1430 1427/1974/1445 1441/1973/1458
f 1427/1960/1445 1428/1959/1444 1443/1975/1459 1442/1976/1460
f 1428/1959/1444 1429/1961/1446 1444/1977/1461 1443/1975/1459
f 1429/1961/1446 1430/1962/1447 1445/1978/1462 1444/1977/1461
f 1430/1962/1447 1431/1963/1448 1446/1979/1463 1445/1978/1462
f 1431/1963/1448 1432/1964/1449 1447/1980/1464 1446/1979/1463
f 1432/1964/1449 1433/1965/1450 1448/1981/1465 1447/1980/1464
f 1433/1965/1450 1434/1966/1451 1449/1982/1466 1448/1981/1465
f 1434/1966/1451 1435/1967/1452 1450/1983/1467 1449/1982/1466
f 1435/1967/1452 1436/1968/1453 1451/1984/1468 1450/1983/1467
f 1436/1968/1453 1437/1969/1454 1452/1985/1469 1451/1984/1468
f 1437/1969/1454 1438/1970/1455 1453/1986/1470 1452/1985/1469
f 1438/1970/1455 1439/1971/1456 1454/1987/1471 1453/1986/1470
f 1439/1971/1456 1440/1972/1457 1455/1988/1472 1454/1987/1471
f 1440/1972/1457 1441/1973/1458 1456/1989/1473 1455/1988/1472
f 1441/1973/1458 1427/1974/1445 1442/1990/1460 1456/1989/1473
f 1442/1976/1460 1443/1975/1459 1458/1991/1474 1457/1992/1475
f 1443/1975/1459 1444/1977/1461 1459/1993/1476 1458/1991/1474
f 1444/1977/1461 1445/1978/1462 1460/1994/1477 1459/1993/1476
f 1445/1978/1462 1446/1979/1463 1461/1995/1478 1460/1994/1477
f 1446/1979/1463 1447/1980/1464 1462/1996/1479 1461/1995/1478
f 1447/1980/1464 1448/1981/1465 1463/1997/1480 1462/1996/1479
f 1448/1981/1465 1449/1982/1466 1464/1998/1481 1463/1997/1480
f 1449/1982/1466 1450/1983/1467 1465/1999/1482 1464/1998/1481
f 1450/1983/1467 1451/1984/1468 1466/2000/1483 1465/1999/1482
f 1451/1984/1468 1452/1985/1469 1467/2001/1484 1466/2000/1483
f 1452/1985/1469 1453/1986/1470 1468/2002/1485 1467/2001/1484
f 1453/1986/1470 1454/1987/1471 1469/2003/1486 1468/2002/1485
f 1454/1987/1471 1455/1988/1472 1470/2004/1487 1469/2003/1486
f 1455/1988/1472 1456/1989/1473 1471/2005/1488 1470/2004/1487
f 1456/1989/1473 1442/1990/1460 1457/2006/1475 1471/2005/1488
f 1457/1992/1475 1458/1991/1474 1473/2007/1489 1472/2008/1490
f 1458/1991/1474 1459/1993/1476 1474/2009/1491 1473/2007/1489
f 1459/1993/1476 1460/1994/1477 1475/2010/1492 1474/2009/1491
f 1460/1994/1477 1461/1995/1478 1476/2011/1493 1475/2010/1492
f 1461/1995/1478 1462/1996/1479 1477/2012/1494 1476/2011/1493
f 1462/1996/1479 1463/1997/1480 1478/2013/1495 1477/2012/1494
f 1463/1997/1480 1464/1998/1481 1479/2014/1496 1478/2013/1495
f 1464/1998/1481 1465/1999/1482 1480/2015/1497 1479/2014/1496
f 1465/1999/1482 1466/2000/1483 1481/2016/1498 1480/2015/1497
f 1466/2000/1483 1467/2001/1484 1482/2017/1499 1481/2016/1498
f 1467/2001/1484 1468/2002/1485 1483/2018/1500 1482/2017/1499
f 1468/2002/1485 1469/2003/1486 1484/2019/1501 1483/2018/1500
f 1469/2003/1486 1470/2004/1487 1485/2020/1502 1484/2019/1501
f 1470/2004/1487 1471/2005/1488 1486/2021/1503 1485/2020/1502
f 1471/2005/1488 1457/2006/1475 1472/2022/1490 1486/2021/1503
f 1472/2008/1490 1473/2007/1489 1488/2023/1504 1487/2024/1505
f 1473/2007/1489 1474/2009/1491 1489/2025/1506 1488/2023/1504
f 1474/2009/1491 1475/2010/1492 1490/2026/1507 1489/2025/1506
f 1475/2010/1492 1476/2011/1493 1491/2027/1508 1490/2026/1507
f 1476/2011/1493 1477/2012/1494 1492/2028/1509 1491/2027/1508
f 1477/2012/1494 1478/2013/1495 1493/2029/1510 1492/2028/1509
f 1478/2013/1495 1479/2014/1496 1494/2030/1511 1493/2029/1510
f 1479/2014/1496 1480/2015/1497 1495/2031/1512 1494/2030/1511
f 1480/2015/1497 1481/2016/1498 1496/2032/1513 1495/2031/1512
f 1481/2016/1498 1482/2017/1499 1497/2033/1514 1496/2032/1513
f 1482/2017/1499 1483/2018/1500 1498/2034/1515 1497/2033/1514
f 1483/2018/1500 1484/2019/1501 1499/2035/1516 1498/2034/1515
f 1484/2019/1501 1485/2020/1502 1500/2036/1517 1499/2035/1516
f 1485/2020/1502 1486/2021/1503 1501/2037/1518 1500/2036/1517
f 1486/2021/1503 1472/2022/1490 1487/2038/1505 1501/2037/1518
f 1487/2024/1505 1488/2023/1504 1503/2039/1519 1502/2040/1520
f 1488/2023/1504 1489/2025/1506 1504/2041/1521 1503/2039/1519
f 1489/2025/1506 1490/2026/1507 1505/2042/1522 1504/2041/1521
f 1490/2026/1507 1491/2027/1508 1506/2043/1523 1505/2042/1522
f 1491/2027/1508 1492/2028/1509 1507/2044/1524 1506/2043/1523
f 1492/2028/1509 1493/2029/1510 1508/2045/1525 1507/2044/1524
f 1493/2029/1510 1494/2030/1511 1509/2046/1526 1508/2045/1525
f 1494/2030/1511 1495/2031/1512 1510/2047/1527 1509/2046/1526
f 1495/2031/1512 1496/2032/1513 1511/2048/1528 1510/2047/1527
f 1496/2032/1513 1497/2033/1514 1512/2049/1529 1511/2048/1528
f 1497/2033/1514 1498/2034/1515 1513/2050/1530 1512/2049/1529
f 1498/2034/1515 1499/2035/1516 1514/2051/1531 1513/2050/1530
f 1499/2035/1516 1500/2036/1517 1515/2052/1532 1514/2051/1531
f 1500/2036/1517 1501/2037/1518 1516/2053/1533 1515/2052/1532
f 1501/2037/1518 1487/2038/1505 1502/2054/1520 1516/2053/1533
f 1502/2040/1520 1503/2039/1519 1518/2055/1534 1517/2056/1535
f 1503/2039/1519 1504/2041/1521 1519/2057/1536 1518/2055/1534
f 1504/2041/1521 1505/2042/1522 1520/2058/1537 1519/2057/1536
f 1505/2042/1522 1506/2043/1523 1521/2059/1538 1520/2058/1537
f 1506/2043/1523 1507/2044/1524 1522/2060/1539 1521/2059/1538
f 1507/2044/1524 1508/2045/1525 1523/2061/1540 1522/2060/1539
f 1508/2045/1525 1509/2046/1526 1524/2062/1541 1523/2061/1540
f 1509/2046/1526 1510/2047/1527 1525/2063/1542 1524/2062/1541
f 1510/2047/1527 1511/2048/1528 1526/2064/1543 1525/2063/1542
f 1511/2048/1528 1512/2049/1529 1527/2065/1544 1526/2064/1543
f 1512/2049/1529 1513/2050/1530 1528/2066/1545 1527/2065/1544
f 1513/2050/1530 1514/2051/1531 1529/2067/1546 1528/2066/1545
f 1514/2051/1531 1515/2052/1532 1530/2068/1547 1529/2067/1546
f 1515/2052/1532 1516/2053/1533 1531/2069/1548 1530/2068/1547
f 1516/2053/1533 1502/2054/1520 1517/2070/1535 1531/2069/1548
f 1517/2056/1535 1518/2055/1534 1533/2071/1549 1532/2072/1550
f 1518/2055/1534 1519/2057/1536 1534/2073/1551 1533/2071/1549
f 1519/2057/1536 1520/2058/1537 1535/2074/1552 1534/2073/1551
f 1520/2058/1537 1521/2059/1538 1536/2075/1553 1535/2074/1552
f 1521/2059/1538 1522/2060/1539 1537/2076/1554 1536/2075/1553
f 1522/2060/1539 1523/2061/1540 1538/2077/1555 1537/2076/1554
f 1523/2061/1540 1524/2062/1541 1539/2078/1556 1538/2077/1555
f 1524/2062/1541 1525/2063/1542 1540/2079/1557 1539/2078/1556
f 1525/2063/1542 1526/2064/1543 1541/2080/1558 1540/2079/1557
f 1526/2064/1543 1527/2065/1544 1542/2081/1559 1541/2080/1558
f 1527/2065/1544 1528/2066/1545 1543/2082/1560 1542/2081/1559
f 1528/2066/1545 1529/2067/1546 1544/2083/1561 1543/2082/1560
f 1529/2067/1546 1530/2068/1547 1545/2084/1562 1544/2083/1561
f 1530/2068/1547 1531/2069/1548 1546/2085/1563 1545/2084/1562
f 1531/2069/1548 1517/2070/1535 1532/2086/1550 1546/2085/1563
f 1532/2072/1550 1533/2071/1549 1548/2087/1564 1547/2088/1565
f 1533/2071/1549 1534/2073/1551 1549/2089/1566 1548/2087/1564
f 1534/2073/1551 1535/2074/1552 1550/2090/1567 1549/2089/1566
f 1535/2074/1552 1536/2075/1553 1551/2091/1568 1550/2090/1567
f 1536/2075/1553 1537/2076/1554 1552/2092/1569 1551/2091/1568
f 1537/2076/1554 1538/2077/1555 1553/2093/1570 1552/2092/1569
f 1538/2077/1555 1539/2078/1556 1554/2094/1571 1553/2093/1570
f 1539/2078/1556 1540/2079/1557 1555/2095/1572 1554/2094/1571
f 1540/2079/1557 1541/2080/1558 1556/2096/1573 1555/2095/1572
f 1541/2080/1558 1542/2081/1559 1557/2097/1574 1556/2096/1573
f 1542/2081/1559 1543/2082/1560 1558/2098/1575 1557/2097/1574
f 1543/2082/1560 1544/2083/1561 1559/2099/1576 1558/2098/1575
f 1544/2083/1561 1545/2084/1562 1560/2100/1577 1559/2099/1576
f 1545/2084/1562 1546/2085/1563 1561/2101/1578 1560/2100/1577
f 1546/2085/1563 1532/2086/1550 1547/2102/1565 1561/2101/1578
f 1547/2088/1565 1548/2087/1564 1563/2103/1579 1562/2104/1580
f 1548/2087/1564 1549/2089/1566 1564/2105/1581 1563/2103/1579
f 1549/2089/1566 1550/2090/1567 1565/2106/1582 1564/2105/1581
f 1550/2090/1567 1551/2091/1568 1566/2107/1583 1565/2106/1582
f 1551/2091/1568 1552/2092/1569 1567/2108/1584 1566/2107/1583
f 1552/2092/1569 1553/2093/1570 1568/2109/1585 1567/2108/1584
f 1553/2093/1570 1554/2094/1571 1569/2110/1586 1568/2109/1585
f 1554/2094/1571 1555/2095/1572 1570/2111/1587 1569/2110/1586
f 1555/2095/1572 1556/2096/1573 1571/2112/1588 1570/2111/1587
f 1556/2096/1573 1557/2097/1574 1572/2113/1589 1571/2112/1588
f 1557/2097/1574 1558/2098/1575 1573/2114/1590 1572/2113/1589
f 1558/2098/1575 1559/2099/1576 1574/2115/1591 1573/2114/1590
f 1559/2099/1576 1560/2100/1577 1575/2116/1592 1574/2115/1591
f 1560/2100/1577 1561/2101/1578 1576/2117/1593 1575/2116/1592
f 1561/2101/1578 1547/2102/1565 1562/2118/1580 1576/2117/1593
f 1562/2104/1580 1563/2103/1579 1578/2119/1594 1577/2120/1595
f 1563/2103/1579 1564/2105/1581 1579/2121/1596 1578/2119/1594
f 1564/2105/1581 1565/2106/1582 1580/2122/1597 1579/2121/1596
f 1565/2106/1582 1566/2107/1583 1581/2123/1598 1580/2122/1597
f 1566/2107/1583 1567/2108/1584 1582/2124/1599 1581/2123/1598
f 1567/2108/1584 1568/2109/1585 1583/2125/1600 1582/2124/1599
f 1568/2109/1585 1569/2110/1586 1584/2126/1601 1583/2125/1600
f 1569/2110/1586 1570/2111/1587 1585/2127/1602 1584/2126/1601
f 1570/2111/1587 1571/2112/1588 1586/2128/1603 1585/2127/1602
f 1571/2112/1588 1572/2113/1589 1587/2129/1604 1586/2128/1603
f 1572/2113/1589 1573/2114/1590 1588/2130/1605 1587/2129/1604
f 1573/2114/1590 1574/2115/1591 1589/2131/1606 1588/2130/1605
f 1574/2115/1591 1575/2116/1592 1590/2132/1607 1589/2131/1606
f 1575/2116/1592 1576/2117/1593 1591/2133/1608 1590/2132/1607
f 1576/2117/1593 1562/2118/1580 1577/2134/1595 1591/2133/1608
f 1577/2120/1595 1578/2119/1594 1593/2135/1609 1592/2136/1610
f 1578/2119/1594 1579/2121/1596 1594/2137/1611 1593/2135/1609
f 1579/2121/1596 1580/2122/1597 1595/2138/1612 1594/2137/1611
f 1580/2122/1597 1581/2123/1598 1596/2139/1613 1595/2138/1612
f 1581/2123/1598 1582/2124/1599 1597/2140/1614 1596/2139/1613
f 1582/2124/1599 1583/2125/1600 1598/2141/1615 1597/2140/1614
f 1583/2125/1600 1584/2126/1601 1599/2142/1616 1598/2141/1615
f 1584/2126/1601 1585/2127/1602 1600/2143/1617 1599/2142/1616
f 1585/2127/1602 1586/2128/1603 1601/2144/1618 1600/2143/1617
f 1586/2128/1603 1587/2129/1604 1602/2145/1619 1601/2144/1618
f 1587/2129/1604 1588/2130/1605 1603/2146/1620 1602/2145/1619
f 1588/2130/1605 1589/2131/1606 1604/2147/1621 1603/2146/1620
f 1589/2131/1606 1590/2132/1607 1605/2148/1622 1604/2147/1621
f 1590/2132/1607 1591/2133/1608 1606/2149/1623 1605/2148/1622
f 1591/2133/1608 1577/2134/1595 1592/2150/1610 1606/2149/1623
f 1592/2136/1610 1593/2135/1609 1608/2151/1624 1607/2152/1625
f 1593/2135/1609 1594/2137/1611 1609/2153/1626 1608/2151/1624
f 1594/2137/1611 1595/2138/1612 1610/2154/1627 1609/2153/1626
f 1595/2138/1612 1596/2139/1613 1611/2155/1628 1610/2154/1627
f 1596/2139/1613 1597/2140/1614 1612/2156/1629 1611/2155/1628
f 1597/2140/1614 1598/2141/1615 1613/2157/1630 1612/2156/1629
f 1598/2141/1615 1599/2142/1616 1614/2158/1631 1613/2157/1630
f 1599/2142/1616 1600/2143/1617 1615/2159/1632 1614/2158/1631
f 1600/2143/1617 1601/2144/1618 1616/2160/1633 1615/2159/1632
f 1601/2144/1618 1602/2145/1619 1617/2161/1634 1616/2160/1633
f 1602/2145/1619 1603/2146/1620 1618/2162/1635 1617/2161/1634
f 1603/2146/1620 1604/2147/1621 1619/2163/1636 1618/2162/1635
f 1604/2147/1621 1605/2148/1622 1620/2164/1637 1619/2163/1636
f 1605/2148/1622 1606/2149/1623 1621/2165/1638 1620/2164/1637
f 1606/2149/1623 1592/2150/1610 1607/2166/1625 1621/2165/1638
f 1607/2152/1625 1608/2151/1624 1623/2167/1639 1622/2168/1640
f 1608/2151/1624 1609/2153/1626 1624/2169/1641 1623/2167/1639
f 1609/2153/1626 1610/2154/1627 1625/2170/1642 1624/2169/1641
f 1610/2154/1627 1611/2155/1628 1626/2171/1643 1625/2170/1642
f 1611/2155/1628 1612/2156/1629 1627/2172/1644 1626/2171/1643
f 1612/2156/1629 1613/2157/1630 1628/2173/1645 1627/2172/1644
f 1613/2157/1630 1614/2158/1631 1629/2174/1646 1628/2173/1645
f 1614/2158/1631 1615/2159/1632 1630/2175/1647 1629/2174/1646
f 1615/2159/1632 1616/2160/1633 1631/2176/1648 1630/2175/1647
f 1616/2160/1633 1617/2161/1634 1632/2177/1649 1631/2176/1648
f 1617/2161/1634 1618/2162/1635 1633/2178/1650 1632/2177/1649
f 1618/2162/1635 1619/2163/1636 1634/2179/1651 1633/2178/1650
f 1619/2163/1636 1620/2164/1637 1635/2180/1652 1634/2179/1651
f 1620/2164/1637 1621/2165/1638 1636/2181/1653 1635/2180/1652
f 1621/2165/1638 1607/2166/1625 1622/2182/1640 1636/2181/1653
f 1622/2168/1640 1623/2167/1639 1638/2183/1654 1637/2184/1655
f 1623/2167/1639 1624/2169/1641 1639/2185/1656 1638/2183/1654
f 1624/2169/1641 1625/2170/1642 1640/2186/1657 1639/2185/1656
f 1625/2170/1642 1626/2171/1643 1641/2187/1658 1640/2186/1657
f 1626/2171/1643 1627/2172/1644 1642/2188/1659 1641/2187/1658
f 1627/2172/1644 1628/2173/1645 1643/2189/1660 1642/2188/1659
f 1628/2173/1645 1629/2174/1646 1644/2190/1661 1643/2189/1660
f 1629/2174/1646 1630/2175/1647 1645/2191/1662 1644/2190/1661
f 1630/2175/1647 1631/2176/1648 1646/2192/1663 1645/2191/1662
f 1631/2176/1648 1632/2177/1649 1647/2193/1664 1646/2192/1663
f 1632/2177/1649 1633/2178/1650 1648/2194/1665 1647/2193/1664
f 1633/2178/1650 1634/2179/1651 1649/2195/1666 1648/2194/1665
f 1634/2179/1651 1635/2180/1652 1650/2196/1667 1649/2195/1666
f 1635/2180/1652 1636/2181/1653 1651/2197/1668 1650/2196/1667
f 1636/2181/1653 1622/2182/1640 1637/2198/1655 1651/2197/1668
f 1637/2184/1655 1638/2183/1654 1653/2199/1669 1652/2200/1670
f 1638/2183/1654 1639/2185/1656 1654/2201/1671 1653/2199/1669
f 1639/2185/1656 1640/2186/1657 1655/2202/1672 1654/2201/1671
f 1640/2186/1657 1641/2187/1658 1656/2203/1673 1655/2202/1672
f 1641/2187/1658 1642/2188/1659 1657/2204/1674 1656/2203/1673
f 1642/2188/1659 1643/2189/1660 1658/2205/1675 1657/2204/1674
f 1643/2189/1660 1644/2190/1661 1659/2206/1676 1658/2205/1675
f 1644/2190/1661 1645/2191/1662 1660/2207/1677 1659/2206/1676
f 1645/2191/1662 1646/2192/1663 1661/2208/1678 1660/2207/1677
f 1646/2192/1663 1647/2193/1664 1662/2209/1679 1661/2208/1678
f 1647/2193/1664 1648/2194/1665 1663/2210/1680 1662/2209/1679
f 1648/2194/1665 1649/2195/1666 1664/2211/1681 1663/2210/1680
f 1649/2195/1666 1650/2196/1667 1665/2212/1682 1664/2211/1681
f 1650/2196/1667 1651/2197/1668 1666/2213/1683 1665/2212/1682
f 1651/2197/1668 1637/2198/1655 1652/2214/1670 1666/2213/1683
f 1652/2200/1670 1653/2199/1669 1668/2215/1684 1667/2216/1685
f 1653/2199/1669 1654/2201/1671 1669/2217/1686 1668/2215/1684
f 1654/2201/1671 1655/2202/1672 1670/2218/1687 1669/2217/1686
f 1655/2202/1672 1656/2203/1673 1671/2219/1688 1670/2218/1687
f 1656/2203/1673 1657/2204/1674 1672/2220/1689 1671/2219/1688
f 1657/2204/1674 1658/2205/1675 1673/2221/1690 1672/2220/1689
f 1658/2205/1675 1659/2206/1676 1674/2222/1691 1673/2221/1690
f 1659/2206/1676 1660/2207/1677 1675/2223/1692 1674/2222/1691
f 1660/2207/1677 1661/2208/1678 1676/2224/1693 1675/2223/1692
f 1661/2208/1678 1662/2209/1679 1677/2225/1694 1676/2224/1693
f 1662/2209/1679 1663/2210/1680 1678/2226/1695 1677/2225/1694
f 1663/2210/1680 1664/2211/1681 1679/2227/1696 1678/2226/1695
f 1664/2211/1681 1665/2212/1682 1680/2228/1697 1679/2227/1696
f 1665/2212/1682 1666/2213/1683 1681/2229/1698 1680/2228/1697
f 1666/2213/1683 1652/2214/1670 1667/2230/1685 1681/2229/1698
f 1667/2216/1685 1668/2215/1684 1683/2231/1699 1682/2232/1700
f 1668/2215/1684 1669/2217/1686 1684/2233/1701 1683/2231/1699
f 1669/2217/1686 1670/2218/1687 1685/2234/1702 1684/2233/1701
f 1670/2218/1687 1671/2219/1688 1686/2235/1703 1685/2234/1702
f 1671/2219/1688 1672/2220/1689 1687/2236/1704 1686/2235/1703
f 1672/2220/1689 1673/2221/1690 1688/2237/1705 1687/2236/1704
f 1673/2221/1690 1674/2222/1691 1689/2238/1706 1688/2237/1705
f 1674/2222/1691 1675/2223/1692 1690/2239/1707 1689/2238/1706
f 1675/2223/1692 1676/2224/1693 1691/2240/1708 1690/2239/1707
f 1676/2224/1693 1677/2225/1694 1692/2241/1709 1691/2240/1708
f 1677/2225/1694 1678/2226/1695 1693/2242/1710 1692/2241/1709
f 1678/2226/1695 1679/2227/1696 1694/2243/1711 1693/2242/1710
f 1679/2227/1696 1680/2228/1697 1695/2244/1712 1694/2243/1711
f 1680/2228/1697 1681/2229/1698 1696/2245/1713 1695/2244/1712
f 1681/2229/1698 1667/2230/1685 1682/2246/1700 1696/2245/1713
f 1682/2232/1700 1683/2231/1699 1698/2247/1714 1697/2248/1715
f 1683/2231/1699 1684/2233/1701 1699/2249/1716 1698/2247/1714
f 1684/2233/1701 1685/2234/1702 1700/2250/1717 1699/2249/1716
f 1685/2234/1702 1686/2235/1703 1701/2251/1718 1700/2250/1717
f 1686/2235/1703 1687/2236/1704 1702/2252/1719 1701/2251/1718
f 1687/2236/1704 1688/2237/1705 1703/2253/1720 1702/2252/1719
f 1688/2237/1705 1689/2238/1706 1704/2254/1721 1703/2253/1720
f 1689/2238/1706 1690/2239/1707 1705/2255/1722 1704/2254/1721
f 1690/2239/1707 1691/2240/1708 1706/2256/1723 1705/2255/1722
f 1691/2240/1708 1692/2241/1709 1707/2257/1724 1706/2256/1723
f 1692/2241/1709 1693/2242/1710 1708/2258/1725 1707/2257/1724
f 1693/2242/1710 1694/2243/1711 1709/2259/1726 1708/2258/1725
f 1694/2243/1711 1695/2244/1712 1710/2260/1727 1709/2259/1726
f 1695/2244/1712 1696/2245/1713 1711/2261/1728 1710/2260/1727
f 1696/2245/1713 1682/2246/1700 1697/2262/1715 1711/2261/1728
f 1697/2248/1715 1698/2247/1714 1713/2263/1729 1712/2264/1730
f 1698/2247/1714 1699/2249/1716 1714/2265/1731 1713/2263/1729
f 1699/2249/1716 1700/2250/1717 1715/2266/1732 1714/2265/1731
f 1700/2250/1717 1701/2251/1718 1716/2267/1733 1715/2266/1732
f 1701/2251/1718 1702/2252/1719 1717/2268/1734 1716/2267/1733
f 1702/2252/1719 1703/2253/1720 1718/2269/1735 1717/2268/1734
f 1703/2253/1720 1704/2254/1721 1719/2270/1736 1718/2269/1735
f 1704/2254/1721 1705/2255/1722 1720/2271/1737 1719/2270/1736
f 1705/2255/1722 1706/2256/1723 1721/2272/1738 1720/2271/1737
f 1706/2256/1723 1707/2257/1724 1722/2273/1739 1721/2272/1738
f 1707/2257/1724 1708/2258/1725 1723/2274/1740 1722/2273/1739
f 1708/2258/1725 1709/2259/1726 1724/2275/1741 1723/2274/1740
f 1709/2259/1726 1710/2260/1727 1725/2276/1742 1724/2275/1741
f 1710/2260/1727 1711/2261/1728 1726/2277/1743 1725/2276/1742
f 1711/2261/1728 1697/2262/1715 1712/2278/1730 1726/2277/1743
f 1712/2264/1730 1713/2263/1729 1728/2279/1744 1727/2280/1745
f 1713/2263/1729 1714/2265/1731 1729/2281/1746 1728/2279/1744
f 1714/2265/1731 1715/2266/1732 1730/2282/1747 1729/2281/1746
f 1715/2266/1732 1716/2267/1733 1731/2283/1748 1730/2282/1747
f 1716/2267/1733 1717/2268/1734 1732/2284/1749 1731/2283/1748
f 1717/2268/1734 1718/2269/1735 1733/2285/1750 1732/2284/1749
f 1718/2269/1735 1719/2270/1736 1734/2286/1751 1733/2285/1750
f 1719/2270/1736 1720/2271/1737 1735/2287/1752 1734/2286/1751
f 1720/2271/1737 1721/2272/1738 1736/2288/1753 1735/2287/1752
f 1721/2272/1738 1722/2273/1739 1737/2289/1754 1736/2288/1753
f 1722/2273/1739 1723/2274/1740 1738/2290/1755 1737/2289/1754
f 1723/2274/1740 1724/2275/1741 1739/2291/1756 1738/2290/1755
f 1724/2275/1741 1725/2276/1742 1740/2292/1757 1739/2291/1756
f 1725/2276/1742 1726/2277/1743 1741/2293/1758 1740/2292/1757
f 1726/2277/1743 1712/2278/1730 1727/2294/1745 1741/2293/1758
f 1727/2280/1745 1728/2279/1744 1743/2295/1759 1742/2296/1760
f 1728/2279/1744 1729/2281/1746 1744/2297/1761 1743/2295/1759
f 1729/2281/1746 1730/2282/1747 1745/2298/1762 1744/2297/1761
f 1730/2282/1747 1731/2283/1748 1746/2299/1763 1745/2298/1762
f 1731/2283/1748 1732/2284/1749 1747/2300/1764 1746/2299/1763
f 1732/2284/1749 1733/2285/1750 1748/2301/1765 1747/2300/1764
f 1733/2285/1750 1734/2286/1751 1749/2302/1766 1748/2301/1765
f 1734/2286/1751 1735/2287/1752 1750/2303/1767 1749/2302/1766
f 1735/2287/1752 1736/2288/1753 1751/2304/1768 1750/2303/1767
f 1736/2288/1753 1737/2289/1754 1752/2305/1769 1751/2304/1768
f 1737/2289/1754 1738/2290/1755 1753/2306/1770 1752/2305/1769
f 1738/2290/1755 1739/2291/1756 1754/2307/1771 1753/2306/1770
f 1739/2291/1756 1740/2292/1757 1755/2308/1772 1754/2307/1771
f 1740/2292/1757 1741/2293/1758 1756/2309/1773 1755/2308/1772
f 1741/2293/1758 1727/2294/1745 1742/2310/1760 1756/2309/1773
f 1742/2296/1760 1743/2295/1759 1758/2311/1774 1757/2312/1775
f 1743/2295/1759 1744/2297/1761 1759/2313/1776 1758/2311/1774
f 1744/2297/1761 1745/2298/1762 1760/2314/1777 1759/2313/1776
f 1745/2298/1762 1746/2299/1763 1761/2315/1778 1760/2314/1777
f 1746/2299/1763 1747/2300/1764 1762/2316/1779 1761/2315/1778
f 1747/2300/1764 1748/2301/1765 1763/2317/1780 1762/2316/1779
f 1748/2301/1765 1749/2302/1766 1764/2318/1781 1763/2317/1780
f 1749/2302/1766 1750/2303/1767 1765/2319/1782 1764/2318/1781
f 1750/2303/1767 1751/2304/1768 1766/2320/1783 1765/2319/1782
f 1751/2304/1768 1752/2305/1769 1767/2321/1784 1766/2320/1783
f 1752/2305/1769 1753/2306/1770 1768/2322/1785 1767/2321/1784
f 1753/2306/1770 1754/2307/1771 1769/2323/1786 1768/2322/1785
f 1754/2307/1771 1755/2308/1772 1770/2324/1787 1769/2323/1786
f 1755/2308/1772 1756/2309/1773 1771/2325/1788 1770/2324/1787
f 1756/2309/1773 1742/2310/1760 1757/2326/1775 1771/2325/1788
f 1757/2312/1775 1758/2311/1774 1773/2327/1789 1772/2328/1790
f 1758/2311/1774 1759/2313/1776 1774/2329/1791 1773/2327/1789
f 1759/2313/1776 1760/2314/1777 1775/2330/1792 1774/2329/1791
f 1760/2314/1777 1761/2315/1778 1776/2331/1793 1775/2330/1792
f 1761/2315/1778 1762/2316/1779 1777/2332/1794 1776/2331/1793
f 1762/2316/1779 1763/2317/1780 1778/2333/1795 1777/2332/1794
f 1763/2317/1780 1764/2318/1781 1779/2334/1796 1778/2333/1795
f 1764/2318/1781 1765/2319/1782 1780/2335/1797 1779/2334/1796
f 1765/2319/1782 1766/2320/1783 1781/2336/1798 1780/2335/1797
f 1766/2320/1783 1767/2321/1784 1782/2337/1799 1781/2336/1798
f 1767/2321/1784 1768/2322/1785 1783/2338/1800 1782/2337/1799
f 1768/2322/1785 1769/2323/1786 1784/2339/1801 1783/2338/1800
f 1769/2323/1786 1770/2324/1787 1785/2340/1802 1784/2339/1801
f 1770/2324/1787 1771/2325/1788 1786/2341/1803 1785/2340/1802
f 1771/2325/1788 1757/2326/1775 1772/2342/1790 1786/2341/1803
f 1772/2328/1790 1773/2327/1789 1788/2343/1804 1787/2344/1805
f 1773/2327/1789 1774/2329/1791 1789/2345/1806 1788/2343/1804
f 1774/2329/1791 1775/2330/1792 1790/2346/1807 1789/2345/1806
f 1775/2330/1792 1776/2331/1793 1791/2347/1808 1790/2346/1807
f 1776/2331/1793 1777/2332/1794 1792/2348/1809 1791/2347/1808
f 1777/2332/1794 1778/2333/1795 1793/2349/1810 1792/2348/1809
f 1778/2333/1795 1779/2334/1796 1794/2350/1811 1793/2349/1810
f 1779/2334/1796 1780/2335/1797 1795/2351/1812 1794/2350/1811
f 1780/2335/1797 1781/2336/1798 1796/2352/1813 1795/2351/1812
f 1781/2336/1798 1782/2337/1799 1797/2353/1814 1796/2352/1813
f 1782/2337/1799 1783/2338/1800 1798/2354/1815 1797/2353/1814
f 1783/2338/1800 1784/2339/1801 1799/2355/1816 1798/2354/1815
f 1784/2339/1801 1785/2340/1802 1800/2356/1817 1799/2355/1816
f 1785/2340/1802 1786/2341/1803 1801/2357/1818 1800/2356/1817
f 1786/2341/1803 1772/2342/1790 1787/2358/1805 1801/2357/1818
f 1787/2344/1805 1788/2343/1804 1803/2359/1819 1802/2360/1820
f 1788/2343/1804 1789/2345/1806 1804/2361/1821 1803/2359/1819
f 1789/2345/1806 1790/2346/1807 1805/2362/1822 1804/2361/1821
f 1790/2346/1807 1791/2347/1808 1806/2363/1823 1805/2362/1822
f 1791/2347/1808 1792/2348/1809 1807/2364/1824 1806/2363/1823
f 1792/2348/1809 1793/2349/1810 1808/2365/1825 1807/2364/1824
f 1793/2349/1810 1794/2350/1811 1809/2366/1826 1808/2365/1825
f 1794/2350/1811 1795/2351/1812 1810/2367/1827 1809/2366/1826
f 1795/2351/1812 1796/2352/1813 1811/2368/1828 1810/2367/1827
f 1796/2352/1813 1797/2353/1814 1812/2369/1829 1811/2368/1828
f 1797/2353/1814 1798/2354/1815 1813/2370/1830 1812/2369/1829
f 1798/2354/1815 1799/2355/1816 1814/2371/1831 1813/2370/1830
f 1799/2355/1816 1800/2356/1817 1815/2372/1832 1814/2371/1831
f 1800/2356/1817 1801/2357/1818 1816/2373/1833 1815/2372/1832
f 1801/2357/1818 1787/2358/1805 1802/2374/1820 1816/2373/1833
f 1802/2360/1820 1803/2359/1819 1818/2375/1834 1817/2376/1835
f 1803/2359/1819 1804/2361/1821 1819/2377/1836 1818/2375/1834
f 1804/2361/1821 1805/2362/1822 1820/2378/1837 1819/2377/1836
f 1805/2362/1822 1806/2363/1823 1821/2379/1838 1820/2378/1837
f 1806/2363/1823 1807/2364/1824 1822/2380/1839 1821/2379/1838
f 1807/2364/1824 1808/2365/1825 1823/2381/1840 1822/2380/1839
f 1808/2365/1825 1809/2366/1826 1824/2382/1841 1823/2381/1840
f 1809/2366/1826 1810/2367/1827 1825/2383/1842 1824/2382/1841
f 1810/2367/1827 1811/2368/1828 1826/2384/1843 1825/2383/1842
f 1811/2368/1828 1812/2369/1829 1827/2385/1844 1826/2384/1843
f 1812/2369/1829 1813/2370/1830 1828/2386/1845 1827/2385/1844
f 1813/2370/1830 1814/2371/1831 1829/2387/1846 1828/2386/1845
f 1814/2371/1831 1815/2372/1832 1830/2388/1847 1829/2387/1846
f 1815/2372/1832 1816/2373/1833 1831/2389/1848 1830/2388/1847
f 1816/2373/1833 1802/2374/1820 1817/2390/1835 1831/2389/1848
f 1817/2376/1835 1818/2375/1834 1833/2391/1849 1832/2392/1850
f 1818/2375/1834 1819/2377/1836 1834/2393/1851 1833/2391/1849
f 1819/2377/1836 1820/2378/1837 1835/2394/1852 1834/2393/1851
f 1820/2378/1837 1821/2379/1838 1836/2395/1853 1835/2394/1852
f 1821/2379/1838 1822/2380/1839 1837/2396/1854 1836/2395/1853
f 1822/2380/1839 1823/2381/1840 1838/2397/1855 1837/2396/1854
f 1823/2381/1840 1824/2382/1841 1839/2398/1856 1838/2397/1855
f 1824/2382/1841 1825/2383/1842 1840/2399/1857 1839/2398/1856
f 1825/2383/1842 1826/2384/1843 1841/2400/1858 1840/2399/1857
f 1826/2384/1843 1827/2385/1844 1842/2401/1859 1841/2400/1858
f 1827/2385/1844 1828/2386/1845 1843/2402/1860 1842/2401/1859
f 1828/2386/1845 1829/2387/1846 1844/2403/1861 1843/2402/1860
f 1829/2387/1846 1830/2388/1847 1845/2404/1862 1844/2403/1861
f 1830/2388/1847 1831/2389/1848 1846/2405/1863 1845/2404/1862
f 1831/2389/1848 1817/2390/1835 1832/2406/1850 1846/2405/1863
f 1832/2392/1850 1833/2391/1849 1848/2407/1864 1847/2408/1865
f 1833/2391/1849 1834/2393/1851 1849/2409/1866 1848/2407/1864
f 1834/2393/1851 1835/2394/1852 1850/2410/1867 1849/2409/1866
f 1835/2394/1852 1836/2395/1853 1851/2411/1868 1850/2410/1867
f 1836/2395/1853 1837/2396/1854 1852/2412/1869 1851/2411/1868
f 1837/2396/1854 1838/2397/1855 1853/2413/1870 1852/2412/1869
f 1838/2397/1855 1839/2398/1856 1854/2414/1871 1853/2413/1870
f 1839/2398/1856 1840/2399/1857 1855/2415/1872 1854/2414/1871
f 1840/2399/1857 1841/2400/1858 1856/2416/1873 1855/2415/1872
f 1841/2400/1858 1842/2401/1859 1857/2417/1874 1856/2416/1873
f 1842/2401/1859 1843/2402/1860 1858/2418/1875 1857/2417/1874
f 1843/2402/1860 1844/2403/1861 1859/2419/1876 1858/2418/1875
f 1844/2403/1861 1845/2404/1862 1860/2420/1877 1859/2419/1876
f 1845/2404/1862 1846/2405/1863 1861/2421/1878 1860/2420/1877
f 1846/2405/1863 1832/2406/1850 1847/2422/1865 1861/2421/1878
f 1847/2408/1865 1848/2407/1864 1863/2423/1879 1862/2424/1880
f 1848/2407/1864 1849/2409/1866 1864/2425/1881 1863/2423/1879
f 1849/2409/1866 1850/2410/1867 1865/2426/1882 1864/2425/1881
f 1850/2410/1867 1851/2411/1868 1866/2427/1883 1865/2426/1882
f 1851/2411/1868 1852/2412/1869 1867/2428/1884 1866/2427/1883
f 1852/2412/1869 1853/2413/1870 1868/2429/1885 1867/2428/1884
f 1853/2413/1870 1854/2414/1871 1869/2430/1886 1868/2429/1885
f 1854/2414/1871 1855/2415/1872 1870/2431/1887 1869/2430/1886
f 1855/2415/1872 1856/2416/1873 1871/2432/1888 1870/2431/1887
f 1856/2416/1873 1857/2417/1874 1872/2433/1889 1871/2432/1888
f 1857/2417/1874 1858/2418/1875 1873/2434/1890 1872/2433/1889
f 1858/2418/1875 1859/2419/1876 1874/2435/1891 1873/2434/1890
f 1859/2419/1876 1860/2420/1877 1875/2436/1892 1874/2435/1891
f 1860/2420/1877 1861/2421/1878 1876/2437/1893 1875/2436/1892
f 1861/2421/1878 1847/2422/1865 1862/2438/1880 1876/2437/1893
f 1862/2424/1880 1863/2423/1879 1878/2439/1894 1877/2440/1895
f 1863/2423/1879 1864/2425/1881 1879/2441/1896 1878/2439/1894
f 1864/2425/1881 1865/2426/1882 1880/2442/1897 1879/2441/1896
f 1865/2426/1882 1866/2427/1883 1881/2443/1898 1880/2442/1897
f 1866/2427/1883 1867/2428/1884 1882/2444/1899 1881/2443/1898
f 1867/2428/1884 1868/2429/1885 1883/2445/1900 1882/2444/1899
f 1868/2429/1885 1869/2430/1886 1884/2446/1901 1883/2445/1900
f 1869/2430/1886 1870/2431/1887 1885/2447/1902 1884/2446/1901
f 1870/2431/1887 1871/2432/1888 1886/2448/1903 1885/2447/1902
f 1871/2432/1888 1872/2433/1889 1887/2449/1904 1886/2448/1903
f 1872/2433/1889 1873/2434/1890 1888/2450/1905 1887/2449/1904
f 1873/2434/1890 1874/2435/1891 1889/2451/1906 1888/2450/1905
f 1874/2435/1891 1875/2436/1892 1890/2452/1907 1889/2451/1906
f 1875/2436/1892 1876/2437/1893 1891/2453/1908 1890/2452/1907
f 1876/2437/1893 1862/2438/1880 1877/2454/1895 1891/2453/1908
f 1877/2440/1895 1878/2439/1894 1893/2455/1909 1892/2456/1910
f 1878/2439/1894 1879/2441/1896 1894/2457/1911 1893/2455/1909
f 1879/2441/1896 1880/2442/1897 1895/2458/1912 1894/2457/1911
f 1880/2442/1897 1881/2443/1898 1896/2459/1913 1895/2458/1912
f 1881/2443/1898 1882/2444/1899 1897/2460/1914 1896/2459/1913
f 1882/2444/1899 1883/2445/1900 1898/2461/1915 1897/2460/1914
f 1883/2445/1900 1884/2446/1901 1899/2462/1916 1898/2461/1915
f 1884/2446/1901 1885/2447/1902 1900/2463/1917 1899/2462/1916
f 1885/2447/1902 1886/2448/1903 1901/2464/1918 1900/2463/1917
f 1886/2448/1903 1887/2449/1904 1902/2465/1919 1901/2464/1918
f 1887/2449/1904 1888/2450/1905 1903/2466/1920 1902/2465/1919
f 1888/2450/1905 1889/2451/1906 1904/2467/1921 1903/2466/1920
f 1889/2451/1906 1890/2452/1907 1905/2468/1922 1904/2467/1921
f 1890/2452/1907 1891/2453/1908 1906/2469/1923 1905/2468/1922
f 1891/2453/1908 1877/2454/1895 1892/2470/1910 1906/2469/1923
f 1892/2456/1910 1893/2455/1909 1908/2471/1924 1907/2472/1925
f 1893/2455/1909 1894/2457/1911 1909/2473/1926 1908/2471/1924
f 1894/2457/1911 1895/2458/1912 1910/2474/1927 1909/2473/1926
f 1895/2458/1912 1896/2459/1913 1911/2475/1928 1910/2474/1927
f 1896/2459/1913 1897/2460/1914 1912/2476/1929 1911/2475/1928
f 1897/2460/1914 1898/2461/1915 1913/2477/1930 1912/2476/1929
f 1898/2461/1915 1899/2462/1916 1914/2478/1931 1913/2477/1930
f 1899/2462/1916 1900/2463/1917 1915/2479/1932 1914/2478/1931
f 1900/2463/1917 1901/2464/1918 1916/2480/1933 1915/2479/1932
f 1901/2464/1918 1902/2465/1919 1917/2481/1934 1916/2480/1933
f 1902/2465/1919 1903/2466/1920 1918/2482/1935 1917/2481/1934
f 1903/2466/1920 1904/2467/1921 1919/2483/1936 1918/2482/1935
f 1904/2467/1921 1905/2468/1922 1920/2484/1937 1919/2483/1936
f 1905/2468/1922 1906/2469/1923 1921/2485/1938 1920/2484/1937
f 1906/2469/1923 1892/2470/1910 1907/2486/1925 1921/2485/1938
f 1907/2472/1925 1908/2471/1924 1923/2487/1939 1922/2488/1940
f 1908/2471/1924 1909/2473/1926 1924/2489/1941 1923/2487/1939
f 1909/2473/1926 1910/2474/1927 1925/2490/1942 1924/2489/1941
f 1910/2474/1927 1911/2475/1928 1926/2491/1943 1925/2490/1942
f 1911/2475/1928 1912/2476/1929 1927/2492/1944 1926/2491/1943
f 1912/2476/1929 1913/2477/1930 1928/2493/1945 1927/2492/1944
f 1913/2477/1930 1914/2478/1931 1929/2494/1946 1928/2493/1945
f 1914/2478/1931 1915/2479/1932 1930/2495/1947 1929/2494/1946
f 1915/2479/1932 1916/2480/1933 1931/2496/1948 1930/2495/1947
f 1916/2480/1933 1917/2481/1934 1932/2497/1949 1931/2496/1948
f 1917/2481/1934 1918/2482/1935 1933/2498/1950 1932/2497/1949
f 1918/2482/1935 1919/2483/1936 1934/2499/1951 1933/2498/1950
f 1919/2483/1936 1920/2484/1937 1935/2500/1952 1934/2499/1951
f 1920/2484/1937 1921/2485/1938 1936/2501/1953 1935/2500/1952
f 1921/2485/1938 1907/2486/1925 1922/2502/1940 1936/2501/1953
f 1922/2488/1940 1923/2487/1939 1938/2503/1954 1937/2504/1955
f 1923/2487/1939 1924/2489/1941 1939/2505/1956 1938/2503/1954
f 1924/2489/1941 1925/2490/1942 1940/2506/1957 1939/2505/1956
f 1925/2490/1942 1926/2491/1943 1941/2507/1958 1940/2506/1957
f 1926/2491/1943 1927/2492/1944 1942/2508/1959 1941/2507/1958
f 1927/2492/1944 1928/2493/1945 1943/2509/1960 1942/2508/1959
f 1928/2493/1945 1929/2494/1946 1944/2510/1961 1943/2509/1960
f 1929/2494/1946 1930/2495/1947 1945/2511/1962 1944/2510/1961
f 1930/2495/1947 1931/2496/1948 1946/2512/1963 1945/2511/1962
f 1931/2496/1948 1932/2497/1949 1947/2513/1964 1946/2512/1963
f 1932/2497/1949 1933/2498/1950 1948/2514/1965 1947/2513/1964
f 1933/2498/1950 1934/2499/1951 1949/2515/1966 1948/2514/1965
f 1934/2499/1951 1935/2500/1952 1950/2516/1967 1949/2515/1966
f 1935/2500/1952 1936/2501/1953 1951/2517/1968 1950/2516/1967
f 1936/2501/1953 1922/2502/1940 1937/2518/1955 1951/2517/1968
f 1937/2504/1955 1938/2503/1954 1953/2519/1969 1952/2520/1970
f 1938/2503/1954 1939/2505/1956 1954/2521/1971 1953/2519/1969
f 1939/2505/1956 1940/2506/1957 1955/2522/1972 1954/2521/1971
f 1940/2506/1957 1941/2507/1958 1956/2523/1973 1955/2522/1972
f 1941/2507/1958 1942/2508/1959 1957/2524/1974 1956/2523/1973
f 1942/2508/1959 1943/2509/1960 1958/2525/1975 1957/2524/1974
f 1943/2509/1960 1944/2510/1961 1959/2526/1976 1958/2525/1975
f 1944/2510/1961 1945/2511/1962 1960/2527/1977 1959/2526/1976
f 1945/2511/1962 1946/2512/1963 1961/2528/1978 1960/2527/1977
f 1946/2512/1963 1947/2513/1964 1962/2529/1979 1961/2528/1978
f 1947/2513/1964 1948/2514/1965 1963/2530/1980 1962/2529/1979
f 1948/2514/1965 1949/2515/1966 1964/2531/1981 1963/2530/1980
f 1949/2515/1966 1950/2516/1967 1965/2532/1982 1964/2531/1981
f 1950/2516/1967 1951/2517/1968 1966/2533/1983 1965/2532/1982
f 1951/2517/1968 1937/2518/1955 1952/2534/1970 1966/2533/1983
f 1952/2520/1970 1953/2519/1969 1968/2535/1984 1967/2536/1985
f 1953/2519/1969 1954/2521/1971 1969/2537/1986 1968/2535/1984
f 1954/2521/1971 1955/2522/1972 1970/2538/1987 1969/2537/1986
f 1955/2522/1972 1956/2523/1973 1971/2539/1988 1970/2538/1987
f 1956/2523/1973 1957/2524/1974 1972/2540/1989 1971/2539/1988
f 1957/2524/1974 1958/2525/1975 1973/2541/1990 1972/2540/1989
f 1958/2525/1975 1959/2526/1976 1974/2542/1991 1973/2541/1990
f 1959/2526/1976 1960/2527/1977 1975/2543/1992 1974/2542/1991
f 1960/2527/1977 1961/2528/1978 1976/2544/1993 1975/2543/1992
f 1961/2528/1978 1962/2529/1979 1977/2545/1994 1976/2544/1993
f 1962/2529/1979 1963/2530/1980 1978/2546/1995 1977/2545/1994
f 1963/2530/1980 1964/2531/1981 1979/2547/1996 1978/2546/1995
f 1964/2531/1981 1965/2532/1982 1980/2548/1997 1979/2547/1996
f 1965/2532/1982 1966/2533/1983 1981/2549/1998 1980/2548/1997
f 1966/2533/1983 1952/2534/1970 1967/2550/1985 1981/2549/1998
f 1967/2536/1985 1968/2535/1984 1983/2551/1999 1982/2552/2000
f 1968/2535/1984 1969/2537/1986 1984/2553/2001 1983/2551/1999
f 1969/2537/1986 1970/2538/1987 1985/2554/2002 1984/2553/2001
f 1970/2538/1987 1971/2539/1988 1986/2555/2003 1985/2554/2002
f 1971/2539/1988 1972/2540/1989 1987/2556/2004 1986/2555/2003
f 1972/2540/1989 1973/2541/1990 1988/2557/2005 1987/2556/2004
f 1973/2541/1990 1974/2542/1991 1989/2558/2006 1988/2557/2005
f 1974/2542/1991 1975/2543/1992 1990/2559/2007 1989/2558/2006
f 1975/2543/1992 1976/2544/1993 1991/2560/2008 1990/2559/2007
f 1976/2544/1993 1977/2545/1994 1992/2561/2009 1991/2560/2008
f 1977/2545/1994 1978/2546/1995 1993/2562/2010 1992/2561/2009
f 1978/2546/1995 1979/2547/1996 1994/2563/2011 1993/2562/2010
f 1979/2547/1996 1980/2548/1997 1995/2564/2012 1994/2563/2011
f 1980/2548/1997 1981/2549/1998 1996/2565/2013 1995/2564/2012
f 1981/2549/1998 1967/2550/1985 1982/2566/2000 1996/2565/2013
f 1982/2552/2000 1983/2551/1999 1998/2567/2014 1997/2568/2015
f 1983/2551/1999 1984/2553/2001 1999/2569/2016 1998/2567/2014
f 1984/2553/2001 1985/2554/2002 2000/2570/2017 1999/2569/2016
f 1985/2554/2002 1986/2555/2003 2001/2571/2018 2000/2570/2017
f 1986/2555/2003 1987/2556/2004 2002/2572/2019 2001/2571/2018
f 1987/2556/2004 1988/2557/2005 2003/2573/2020 2002/2572/2019
f 1988/2557/2005 1989/2558/2006 2004/2574/2021 2003/2573/2020
f 1989/2558/2006 1990/2559/2007 2005/2575/2022 2004/2574/2021
f 1990/2559/2007 1991/2560/2008 2006/2576/2023 2005/2575/2022
f 1991/2560/2008 1992/2561/2009 2007/2577/2024 2006/2576/2023
f 1992/2561/2009 1993/2562/2010 2008/2578/2025 2007/2577/2024
f 1993/2562/2010 1994/2563/2011 2009/2579/2026 2008/2578/2025
f 1994/2563/2011 1995/2564/2012 2010/2580/2027 2009/2579/2026
f 1995/2564/2012 1996/2565/2013 2011/2581/2028 2010/2580/2027
f 1996/2565/2013 1982/2566/2000 1997/2582/2015 2011/2581/2028
f 1997/2568/2015 1998/2567/2014 2013/2583/2029 2012/2584/2030
f 1998/2567/2014 1999/2569/2016 2014/2585/2031 2013/2583/2029
f 1999/2569/2016 2000/2570/2017 2015/2586/2032 2014/2585/2031
f 2000/2570/2017 2001/2571/2018 2016/2587/2033 2015/2586/2032
f 2001/2571/2018 2002/2572/2019 2017/2588/2034 2016/2587/2033
f 2002/2572/2019 2003/2573/2020 2018/2589/2035 2017/2588/2034
f 2003/2573/2020 2004/2574/2021 2019/2590/2036 2018/2589/2035
f 2004/2574/2021 2005/2575/2022 2020/2591/2037 2019/2590/2036
f 2005/2575/2022 2006/2576/2023 2021/2592/2038 2020/2591/2037
f 2006/2576/2023 2007/2577/2024 2022/2593/2039 2021/2592/2038
f 2007/2577/2024 2008/2578/2025 2023/2594/2040 2022/2593/2039
f 2008/2578/2025 2009/2579/2026 2024/2595/2041 2023/2594/2040
f 2009/2579/2026 2010/2580/2027 2025/2596/2042 2024/2595/2041
f 2010/2580/2027 2011/2581/2028 2026/2597/2043 2025/2596/2042
f 2011/2581/2028 1997/2582/2015 2012/2598/2030 2026/2597/2043
f 2012/2584/2030 2013/2583/2029 2028/2599/2044 2027/2600/2045
f 2013/2583/2029 2014/2585/2031 2029/2601/2046 2028/2599/2044
f 2014/2585/2031 2015/2586/2032 2030/2602/2047 2029/2601/2046
f 2015/2586/2032 2016/2587/2033 2031/2603/2048 2030/2602/2047
f 2016/2587/2033 2017/2588/2034 2032/2604/2049 2031/2603/2048
f 2017/2588/2034 2018/2589/2035 2033/2605/2050 2032/2604/2049
f 2018/2589/2035 2019/2590/2036 2034/2606/2051 2033/2605/2050
f 2019/2590/2036 2020/2591/2037 2035/2607/2052 2034/2606/2051
f 2020/2591/2037 2021/2592/2038 2036/2608/2053 2035/2607/2052
f 2021/2592/2038 2022/2593/2039 2037/2609/2054 2036/2608/2053
f 2022/2593/2039 2023/2594/2040 2038/2610/2055 2037/2609/2054
f 2023/2594/2040 2024/2595/2041 2039/2611/2056 2038/2610/2055
f 2024/2595/2041 2025/2596/2042 2040/2612/2057 2039/2611/2056
f 2025/2596/2042 2026/2597/2043 2041/2613/2058 2040/2612/2057
f 2026/2597/2043 2012/2598/2030 2027/2614/2045 2041/2613/2058
s 18
f 2042/2615/2059 2043/2616/2060 2051/2617/2061 2050/2618/2062
f 2043/2616/2060 2044/2619/2063 2052/2620/2064 2051/2617/2061
f 2044/2619/2063 2045/2621/2065 2053/2622/2066 2052/2620/2064
f 2045/2621/2065 2046/2623/2067 2054/2624/2068 2053/2622/2066
f 2046/2623/2067 2047/2625/2069 2055/2626/2070 2054/2624/2068
f 2047/2625/2069 2048/2627/2071 2056/2628/2072 2055/2626/2070
f 2048/2627/2071 2049/2629/2073 2057/2630/2074 2056/2628/2072
f 2049/2629/2073 2042/2631/2059 2050/2632/2062 2057/2630/2074
f 2050/2618/2062 2051/2617/2061 2059/2633/2075 2058/2634/2076
f 2051/2617/2061 2052/2620/2064 2060/2635/2077 2059/2633/2075
f 2052/2620/2064 2053/2622/2066 2061/2636/2078 2060/2635/2077
f 2053/2622/2066 2054/2624/2068 2062/2637/2079 2061/2636/2078
f 2054/2624/2068 2055/2626/2070 2063/2638/2080 2062/2637/2079
f 2055/2626/2070 2056/2628/2072 2064/2639/2081 2063/2638/2080
f 2056/2628/2072 2057/2630/2074 2065/2640/2082 2064/2639/2081
f 2057/2630/2074 2050/2632/2062 2058/2641/2076 2065/2640/2082
f 2058/2634/2076 2059/2633/2075 2067/2642/2083 2066/2643/2084
f 2059/2633/2075 2060/2635/2077 2068/2644/2085 2067/2642/2083
f 2060/2635/2077 2061/2636/2078 2069/2645/2086 2068/2644/2085
f 2061/2636/2078 2062/2637/2079 2070/2646/2087 2069/2645/2086
f 2062/2637/2079 2063/2638/2080 2071/2647/2088 2070/2646/2087
f 2063/2638/2080 2064/2639/2081 2072/2648/2089 2071/2647/2088
f 2064/2639/2081 2065/2640/2082 2073/2649/2090 2072/2648/2089
f 2065/2640/2082 2058/2641/2076 2066/2650/2084 2073/2649/2090
f 2066/2643/2084 2067/2642/2083 2075/2651/2091 2074/2652/2092
f 2067/2642/2083 2068/2644/2085 2076/2653/2093 2075/2651/2091
f 2068/2644/2085 2069/2645/2086 2077/2654/2094 2076/2653/2093
f 2069/2645/2086 2070/2646/2087 2078/2655/2095 2077/2654/2094
f 2070/2646/2087 2071/2647/2088 2079/2656/2096 2078/2655/2095
f 2071/2647/2088 2072/2648/2089 2080/2657/2097 2079/2656/2096
f 2072/2648/2089 2073/2649/2090 2081/2658/2098 2080/2657/2097
f 2073/2649/2090 2066/2650/2084 2074/2659/2092 2081/2658/2098
f 2074/2652/2092 2075/2651/2091 2083/2660/2099 2082/2661/2100
f 2075/2651/2091 2076/2653/2093 2084/2662/2101 2083/2660/2099
f 2076/2653/2093 2077/2654/2094 2085/2663/2102 2084/2662/2101
f 2077/2654/2094 2078/2655/2095 2086/2664/2103 2085/2663/2102
f 2078/2655/2095 2079/2656/2096 2087/2665/2104 2086/2664/2103
f 2079/2656/2096 2080/2657/2097 2088/2666/2105 2087/2665/2104
f 2080/2657/2097 2081/2658/2098 2089/2667/2106 2088/2666/2105
f 2081/2658/2098 2074/2659/2092 2082/2668/2100 2089/2667/2106
f 2082/2661/2100 2083/2660/2099 2091/2669/2107 2090/2670/2108
f 2083/2660/2099 2084/2662/2101 2092/2671/2109 2091/2669/2107
f 2084/2662/2101 2085/2663/2102 2093/2672/2110 2092/2671/2109
f 2085/2663/2102 2086/2664/2103 2094/2673/2111 2093/2672/2110
f 2086/2664/2103 2087/2665/2104 2095/2674/2112 2094/2673/2111
f 2087/2665/2104 2088/2666/2105 2096/2675/2113 2095/2674/2112
f 2088/2666/2105 2089/2667/2106 2097/2676/2114 2096/2675/2113
f 2089/2667/2106 2082/2668/2100 2090/2677/2108 2097/2676/2114
f 2090/2670/2108 2091/2669/2107 2099/2678/2115 2098/2679/2116
f 2091/2669/2107 2092/2671/2109 2100/2680/2117 2099/2678/2115
f 2092/2671/2109 2093/2672/2110 2101/2681/2118 2100/2680/2117
f 2093/2672/2110 2094/2673/2111 2102/2682/2119 2101/2681/2118
f 2094/2673/2111 2095/2674/2112 2103/2683/2120 2102/2682/2119
f 2095/2674/2112 2096/2675/2113 2104/2684/2121 2103/2683/2120
f 2096/2675/2113 2097/2676/2114 2105/2685/2122 2104/2684/2121
f 2097/2676/2114 2090/2677/2108 2098/2686/2116 2105/2685/2122
f 2098/2679/2116 2099/2678/2115 2107/2687/2123 2106/2688/2124
f 2099/2678/2115 2100/2680/2117 2108/2689/2125 2107/2687/2123
f 2100/2680/2117 2101/2681/2118 2109/2690/2126 2108/2689/2125
f 2101/2681/2118 2102/2682/2119 2110/2691/2127 2109/2690/2126
f 2102/2682/2119 2103/2683/2120 2111/2692/2128 2110/2691/2127
f 2103/2683/2120 2104/2684/2121 2112/2693/2129 2111/2692/2128
f 2104/2684/2121 2105/2685/2122 2113/2694/2130 2112/2693/2129
f 2105/2685/2122 2098/2686/2116 2106/2695/2124 2113/2694/2130
f 2106/2688/2124 2107/2687/2123 2115/2696/2131 2114/2697/2132
f 2107/2687/2123 2108/2689/2125 2116/2698/2133 2115/2696/2131
f 2108/2689/2125 2109/2690/2126 2117/2699/2134 2116/2698/2133
f 2109/2690/2126 2110/2691/2127 2118/2700/2135 2117/2699/2134
f 2110/2691/2127 2111/2692/2128 2119/2701/2136 2118/2700/2135
f 2111/2692/2128 2112/2693/2129 2120/2702/2137 2119/2701/2136
f 2112/2693/2129 2113/2694/2130 2121/2703/2138 2120/2702/2137
f 2113/2694/2130 2106/2695/2124 2114/2704/2132 2121/2703/2138
f 2114/2697/2132 2115/2696/2131 2123/2705/2139 2122/2706/2140
f 2115/2696/2131 2116/2698/2133 2124/2707/2141 2123/2705/2139
f 2116/2698/2133 2117/2699/2134 2125/2708/2142 2124/2707/2141
f 2117/2699/2134 2118/2700/2135 2126/2709/2143 2125/2708/2142
f 2118/2700/2135 2119/2701/2136 2127/2710/2144 2126/2709/2143
f 2119/2701/2136 2120/2702/2137 2128/2711/2145 2127/2710/2144
f 2120/2702/2137 2121/2703/2138 2129/2712/2146 2128/2711/2145
f 2121/2703/2138 2114/2704/2132 2122/2713/2140 2129/2712/2146
f 2122/2706/2140 2123/2705/2139 2131/2714/2147 2130/2715/2148
f 2123/2705/2139 2124/2707/2141 2132/2716/2149 2131/2714/2147
f 2124/2707/2141 2125/2708/2142 2133/2717/2150 2132/2716/2149
f 2125/2708/2142 2126/2709/2143 2134/2718/2151 2133/2717/2150
f 2126/2709/2143 2127/2710/2144 2135/2719/2152 2134/2718/2151
f 2127/2710/2144 2128/2711/2145 2136/2720/2153 2135/2719/2152
f 2128/2711/2145 2129/2712/2146 2137/2721/2154 2136/2720/2153
f 2129/2712/2146 2122/2713/2140 2130/2722/2148 2137/2721/2154
f 2130/2715/2148 2131/2714/2147 2139/2723/2155 2138/2724/2156
f 2131/2714/2147 2132/2716/2149 2140/2725/2157 2139/2723/2155
f 2132/2716/2149 2133/2717/2150 2141/2726/2158 2140/2725/2157
f 2133/2717/2150 2134/2718/2151 2142/2727/2159 2141/2726/2158
f 2134/2718/2151 2135/2719/2152 2143/2728/2160 2142/2727/2159
f 2135/2719/2152 2136/2720/2153 2144/2729/2161 2143/2728/2160
f 2136/2720/2153 2137/2721/2154 2145/2730/2162 2144/2729/2161
f 2137/2721/2154 2130/2722/2148 2138/2731/2156 2145/2730/2162
f 2138/2724/2156 2139/2723/2155 2147/2732/2163 2146/2733/2164
f 2139/2723/2155 2140/2725/2157 2148/2734/2165 2147/2732/2163
f 2140/2725/2157 2141/2726/2158 2149/2735/2166 2148/2734/2165
f 2141/2726/2158 2142/2727/2159 2150/2736/2167 2149/2735/2166
f 2142/2727/2159 2143/2728/2160 2151/2737/2168 2150/2736/2167
f 2143/2728/2160 2144/2729/2161 2152/2738/2169 2151/2737/2168
f 2144/2729/2161 2145/2730/2162 2153/2739/2170 2152/2738/2169
f 2145/2730/2162 2138/2731/2156 2146/2740/2164 2153/2739/2170
f 2146/2733/2164 2147/2732/2163 2155/2741/2171 2154/2742/2172
f 2147/2732/2163 2148/2734/2165 2156/2743/2173 2155/2741/2171
f 2148/2734/2165 2149/2735/2166 2157/2744/2174 2156/2743/2173
f 2149/2735/2166 2150/2736/2167 2158/2745/2175 2157/2744/2174
f 2150/2736/2167 2151/2737/2168 2159/2746/2176 2158/2745/2175
f 2151/2737/2168 2152/2738/2169 2160/2747/2177 2159/2746/2176
f 2152/2738/2169 2153/2739/2170 2161/2748/2178 2160/2747/2177
f 2153/2739/2170 2146/2740/2164 2154/2749/2172 2161/2748/2178
f 2154/2742/2172 2155/2741/2171 2163/2750/2179 2162/2751/2180
f 2155/2741/2171 2156/2743/2173 2164/2752/2181 2163/2750/2179
f 2156/2743/2173 2157/2744/2174 2165/2753/2182 2164/2752/2181
f 2157/2744/2174 2158/2745/2175 2166/2754/2183 2165/2753/2182
f 2158/2745/2175 2159/2746/2176 2167/2755/2184 2166/2754/2183
f 2159/2746/2176 2160/2747/2177 2168/2756/2185 2167/2755/2184
f 2160/2747/2177 2161/2748/2178 2169/2757/2186 2168/2756/2185
f 2161/2748/2178 2154/2749/2172 2162/2758/2180 2169/2757/2186
f 2162/2751/2180 2163/2750/2179 2171/2759/2187 2170/2760/2188
f 2163/2750/2179 2164/2752/2181 2172/2761/2189 2171/2759/2187
f 2164/2752/2181 2165/2753/2182 2173/2762/2190 2172/2761/2189
f 2165/2753/2182 2166/2754/2183 2174/2763/2191 2173/2762/2190
f 2166/2754/2183 2167/2755/2184 2175/2764/2192 2174/2763/2191
f 2167/2755/2184 2168/2756/2185 2176/2765/2193 2175/2764/2192
f 2168/2756/2185 2169/2757/2186 2177/2766/2194 2176/2765/2193
f 2169/2757/2186 2162/2758/2180 2170/2767/2188 2177/2766/2194
f 2170/2760/2188 2171/2759/2187 2179/2768/2195 2178/2769/2196
f 2171/2759/2187 2172/2761/2189 2180/2770/2197 2179/2768/2195
f 2172/2761/2189 2173/2762/2190 2181/2771/2198 2180/2770/2197
f 2173/2762/2190 2174/2763/2191 2182/2772/2199 2181/2771/2198
f 2174/2763/2191 2175/2764/2192 2183/2773/2200 2182/2772/2199
f 2175/2764/2192 2176/2765/2193 2184/2774/2201 2183/2773/2200
f 2176/2765/2193 2177/2766/2194 2185/2775/2202 2184/2774/2201
f 2177/2766/2194 2170/2767/2188 2178/2776/2196 2185/2775/2202
f 2178/2769/2196 2179/2768/2195 2187/2777/2203 2186/2778/2204
f 2179/2768/2195 2180/2770/2197 2188/2779/2205 2187/2777/2203
f 2180/2770/2197 2181/2771/2198 2189/2780/2206 2188/2779/2205
f 2181/2771/2198 2182/2772/2199 2190/2781/2207 2189/2780/2206
f 2182/2772/2199 2183/2773/2200 2191/2782/2208 2190/2781/2207
f 2183/2773/2200 2184/2774/2201 2192/2783/2209 2191/2782/2208
f 2184/2774/2201 2185/2775/2202 2193/2784/2210 2192/2783/2209
f 2185/2775/2202 2178/2776/2196 2186/2785/2204 2193/2784/2210
f 2186/2778/2204 2187/2777/2203 2195/2786/2211 2194/2787/2212
f 2187/2777/2203 2188/2779/2205 2196/2788/2213 2195/2786/2211
f 2188/2779/2205 2189/2780/2206 2197/2789/2214 2196/2788/2213
f 2189/2780/2206 2190/2781/2207 2198/2790/2215 2197/2789/2214
f 2190/2781/2207 2191/2782/2208 2199/2791/2216 2198/2790/2215
f 2191/2782/2208 2192/2783/2209 2200/2792/2217 2199/2791/2216
f 2192/2783/2209 2193/2784/2210 2201/2793/2218 2200/2792/2217
f 2193/2784/2210 2186/2785/2204 2194/2794/2212 2201/2793/2218
f 2194/2787/2212 2195/2786/2211 2203/2795/2219 2202/2796/2220
f 2195/2786/2211 2196/2788/2213 2204/2797/2221 2203/2795/2219
f 2196/2788/2213 2197/2789/2214 2205/2798/2222 2204/2797/2221
f 2197/2789/2214 2198/2790/2215 2206/2799/2223 2205/2798/2222
f 2198/2790/2215 2199/2791/2216 2207/2800/2224 2206/2799/2223
f 2199/2791/2216 2200/2792/2217 2208/2801/2225 2207/2800/2224
f 2200/2792/2217 2201/2793/2218 2209/2802/2226 2208/2801/2225
f 2201/2793/2218 2194/2794/2212 2202/2803/2220 2209/2802/2226
f 2202/2796/2220 2203/2795/2219 2211/2804/2227 2210/2805/2228
f 2203/2795/2219 2204/2797/2221 2212/2806/2229 2211/2804/2227
f 2204/2797/2221 2205/2798/2222 2213/2807/2230 2212/2806/2229
f 2205/2798/2222 2206/2799/2223 2214/2808/2231 2213/2807/2230
f 2206/2799/2223 2207/2800/2224 2215/2809/2232 2214/2808/2231
f 2207/2800/2224 2208/2801/2225 2216/2810/2233 2215/2809/2232
f 2208/2801/2225 2209/2802/2226 2217/2811/2234 2216/2810/2233
f 2209/2802/2226 2202/2803/2220 2210/2812/2228 2217/2811/2234
f 2210/2805/2228 2211/2804/2227 2219/2813/2235 2218/2814/2236
f 2211/2804/2227 2212/2806/2229 2220/2815/2237 2219/2813/2235
f 2212/2806/2229 2213/2807/2230 2221/2816/2238 2220/2815/2237
f 2213/2807/2230 2214/2808/2231 2222/2817/2239 2221/2816/2238
f 2214/2808/2231 2215/2809/2232 2223/2818/2240 2222/2817/2239
f 2215/2809/2232 2216/2810/2233 2224/2819/2241 2223/2818/2240
f 2216/2810/2233 2217/2811/2234 2225/2820/2242 2224/2819/2241
f 2217/2811/2234 2210/2812/2228 2218/2821/2236 2225/2820/2242
f 2218/2814/2236 2219/2813/2235 2227/2822/2243 2226/2823/2244
f 2219/2813/2235 2220/2815/2237 2228/2824/2245 2227/2822/2243
f 2220/2815/2237 2221/2816/2238 2229/2825/2246 2228/2824/2245
f 2221/2816/2238 2222/2817/2239 2230/2826/2247 2229/2825/2246
f 2222/2817/2239 2223/2818/2240 2231/2827/2248 2230/2826/2247
f 2223/2818/2240 2224/2819/2241 2232/2828/2249 2231/2827/2248
f 2224/2819/2241 2225/2820/2242 2233/2829/2250 2232/2828/2249
f 2225/2820/2242 2218/2821/2236 2226/2830/2244 2233/2829/2250
f 2226/2823/2244 2227/2822/2243 2235/2831/2251 2234/2832/2252
f 2227/2822/2243 2228/2824/2245 2236/2833/2253 2235/2831/2251
f 2228/2824/2245 2229/2825/2246 2237/2834/2254 2236/2833/2253
f 2229/2825/2246 2230/2826/2247 2238/2835/2255 2237/2834/2254
f 2230/2826/2247 2231/2827/2248 2239/2836/2256 2238/2835/2255
f 2231/2827/2248 2232/2828/2249 2240/2837/2257 2239/2836/2256
f 2232/2828/2249 2233/2829/2250 2241/2838/2258 2240/2837/2257
f 2233/2829/2250 2226/2830/2244 2234/2839/2252 2241/2838/2258
f 2234/2832/2252 2235/2831/2251 2243/2840/2259 2242/2841/2260
f 2235/2831/2251 2236/2833/2253 2244/2842/2261 2243/2840/2259
f 2236/2833/2253 2237/2834/2254 2245/2843/2262 2244/2842/2261
f 2237/2834/2254 2238/2835/2255 2246/2844/2263 2245/2843/2262
f 2238/2835/2255 2239/2836/2256 2247/2845/2264 2246/2844/2263
f 2239/2836/2256 2240/2837/2257 2248/2846/2265 2247/2845/2264
f 2240/2837/2257 2241/2838/2258 2249/2847/2266 2248/2846/2265
f 2241/2838/2258 2234/2839/2252 2242/2848/2260 2249/2847/2266
f 2242/2841/2260 2243/2840/2259 2251/2849/2267 2250/2850/2268
f 2243/2840/2259 2244/2842/2261 2252/2851/2269 2251/2849/2267
f 2244/2842/2261 2245/2843/2262 2253/2852/2270 2252/2851/2269
f 2245/2843/2262 2246/2844/2263 2254/2853/2271 2253/2852/2270
f 2246/2844/2263 2247/2845/2264 2255/2854/2272 2254/2853/2271
f 2247/2845/2264 2248/2846/2265 2256/2855/2273 2255/2854/2272
f 2248/2846/2265 2249/2847/2266 2257/2856/2274 2256/2855/2273
f 2249/2847/2266 2242/2848/2260 2250/2857/2268 2257/2856/2274
f 2250/2850/2268 2251/2849/2267 2259/2858/2275 2258/2859/2276
f 2251/2849/2267 2252/2851/2269 2260/2860/2277 2259/2858/2275
f 2252/2851/2269 2253/2852/2270 2261/2861/2278 2260/2860/2277
f 2253/2852/2270 2254/2853/2271 2262/2862/2279 2261/2861/2278
f 2254/2853/2271 2255/2854/2272 2263/2863/2280 2262/2862/2279
f 2255/2854/2272 2256/2855/2273 2264/2864/2281 2263/2863/2280
f 2256/2855/2273 2257/2856/2274 2265/2865/2282 2264/2864/2281
f 2257/2856/2274 2250/2857/2268 2258/2866/2276 2265/2865/2282
f 2258/2859/2276 2259/2858/2275 2267/2867/2283 2266/2868/2284
f 2259/2858/2275 2260/2860/2277 2268/2869/2285 2267/2867/2283
f 2260/2860/2277 2261/2861/2278 2269/2870/2286 2268/2869/2285
f 2261/2861/2278 2262/2862/2279 2270/2871/2287 2269/2870/2286
f 2262/2862/2279 2263/2863/2280 2271/2872/2288 2270/2871/2287
f 2263/2863/2280 2264/2864/2281 2272/2873/2289 2271/2872/2288
f 2264/2864/2281 2265/2865/2282 2273/2874/2290 2272/2873/2289
f 2265/2865/2282 2258/2866/2276 2266/2875/2284 2273/2874/2290
s 15
f 998/1492/1006 999/1493/1007 2274/2876/2291 2275/2877/2292
f 1013/1508/1021 998/1492/1006 2275/2877/2292 2276/2878/2293
f 999/1493/1007 1000/1494/1008 2277/2879/2294 2274/2876/2291
f 1000/1494/1008 1014/1516/1029 2278/2880/2295 2277/2879/2294
f 1028/1548/1059 1027/1529/1041 2280/2881/2296 2279/2882/2297
f 1027/1529/1041 1013/1508/1021 2276/2878/2293 2280/2881/2296
f 1014/1516/1029 1029/1534/1046 2281/2883/2298 2278/2880/2295
f 1029/1534/1046 1028/1548/1059 2279/2882/2297 2281/2883/2298
f 2275/2877/2292 2274/2876/2291 2282/1510/1023 2283/1509/1022
f 2276/2878/2293 2275/2877/2292 2283/1509/1022 2285/1512/1025
f 2274/2876/2291 2277/2879/2294 2286/1513/1026 2282/1510/1023
f 2277/2879/2294 2278/2880/2295 2287/1514/1027 2286/1513/1026
f 2279/2882/2297 2280/2881/2296 2289/1531/1043 2288/1530/1042
f 2280/2881/2296 2276/2878/2293 2285/1512/1025 2289/1531/1043
f 2278/2880/2295 2281/2883/2298 2290/1532/1044 2287/1514/1027
f 2281/2883/2298 2279/2882/2297 2288/1530/1042 2290/1532/1044
s 19
f 2291/2884/2299 2292/2885/2300 2300/2886/2301 2299/2887/2302
f 2292/2888/2300 2293/2889/2303 2301/2890/2304 2300/2891/2301
f 2293/2889/2303 2294/2892/2305 2302/2893/2306 2301/2890/2304
f 2294/2894/2305 2295/2895/2307 2303/2896/2308 2302/2897/2306
f 2295/2895/2307 2296/2898/2309 2304/2899/2310 2303/2896/2308
f 2296/2900/2309 2297/2901/2311 2305/2902/2312 2304/2903/2310
f 2297/2901/2311 2298/2904/2313 2306/2905/2314 2305/2902/2312
f 2298/2906/2313 2291/2884/2299 2299/2887/2302 2306/2907/2314
f 2299/2887/2302 2300/2886/2301 2308/2908/2315 2307/2909/2316
f 2300/2891/2301 2301/2890/2304 2309/2910/2317 2308/2911/2315
f 2301/2890/2304 2302/2893/2306 2310/2912/2318 2309/2910/2317
f 2302/2897/2306 2303/2896/2308 2311/2913/2319 2310/2914/2318
f 2303/2896/2308 2304/2899/2310 2312/2915/2320 2311/2913/2319
f 2304/2903/2310 2305/2902/2312 2313/2916/2321 2312/2917/2320
f 2305/2902/2312 2306/2905/2314 2314/2918/2322 2313/2916/2321
f 2306/2907/2314 2299/2887/2302 2307/2909/2316 2314/2919/2322
f 2307/2909/2316 2308/2908/2315 2316/2920/2323 2315/2921/2324
f 2308/2911/2315 2309/2910/2317 2317/2922/2325 2316/2923/2323
f 2309/2910/2317 2310/2912/2318 2318/2924/2326 2317/2922/2325
f 2310/2914/2318 2311/2913/2319 2319/2925/2327 2318/2926/2326
f 2311/2913/2319 2312/2915/2320 2320/2927/2328 2319/2925/2327
f 2312/2917/2320 2313/2916/2321 2321/2928/2329 2320/2929/2328
f 2313/2916/2321 2314/2918/2322 2322/2930/2330 2321/2928/2329
f 2314/2919/2322 2307/2909/2316 2315/2921/2324 2322/2931/2330
f 2315/2921/2324 2316/2920/2323 2324/2932/2331 2323/2933/2332
f 2316/2923/2323 2317/2922/2325 2325/2934/2333 2324/2935/2331
f 2317/2922/2325 2318/2924/2326 2326/2936/2334 2325/2934/2333
f 2318/2926/2326 2319/2925/2327 2327/2937/2335 2326/2938/2334
f 2319/2925/2327 2320/2927/2328 2328/2939/2336 2327/2937/2335
f 2320/2929/2328 2321/2928/2329 2329/2940/2337 2328/2941/2336
f 2321/2928/2329 2322/2930/2330 2330/2942/2338 2329/2940/2337
f 2322/2931/2330 2315/2921/2324 2323/2933/2332 2330/2943/2338
f 2323/2933/2332 2324/2932/2331 2332/2944/2339 2331/2945/2340
f 2324/2935/2331 2325/2934/2333 2333/2946/2341 2332/2947/2339
f 2325/2934/2333 2326/2936/2334 2334/2948/2342 2333/2946/2341
f 2326/2938/2334 2327/2937/2335 2335/2949/2343 2334/2950/2342
f 2327/2937/2335 2328/2939/2336 2336/2951/2344 2335/2949/2343
f 2328/2941/2336 2329/2940/2337 2337/2952/2345 2336/2953/2344
f 2329/2940/2337 2330/2942/2338 2338/2954/2346 2337/2952/2345
f 2330/2943/2338 2323/2933/2332 2331/2945/2340 2338/2955/2346
f 2331/2945/2340 2332/2944/2339 2340/2956/2347 2339/2957/2348
f 2332/2947/2339 2333/2946/2341 2341/2958/2349 2340/2959/2347
f 2333/2946/2341 2334/2948/2342 2342/2960/2350 2341/2958/2349
f 2334/2950/2342 2335/2949/2343 2343/2961/2351 2342/2962/2350
f 2335/2949/2343 2336/2951/2344 2344/2963/2352 2343/2961/2351
f 2336/2953/2344 2337/2952/2345 2345/2964/2353 2344/2965/2352
f 2337/2952/2345 2338/2954/2346 2346/2966/2354 2345/2964/2353
f 2338/2955/2346 2331/2945/2340 2339/2957/2348 2346/2967/2354
f 2339/2957/2348 2340/2956/2347 2348/2968/2355 2347/2969/2356
f 2340/2959/2347 2341/2958/2349 2349/2970/2357 2348/2971/2355
f 2341/2958/2349 2342/2960/2350 2350/2972/2358 2349/2970/2357
f 2342/2962/2350 2343/2961/2351 2351/2973/2359 2350/2974/2358
f 2343/2961/2351 2344/2963/2352 2352/2975/2360 2351/2973/2359
f 2344/2965/2352 2345/2964/2353 2353/2976/2361 2352/2977/2360
f 2345/2964/2353 2346/2966/2354 2354/2978/2362 2353/2976/2361
f 2346/2967/2354 2339/2957/2348 2347/2969/2356 2354/2979/2362
f 2347/2969/2356 2348/2968/2355 2355/2980/2363 2356/2981/2364
f 2348/2971/2355 2349/2970/2357 2357/2982/2365 2355/2983/2363
f 2349/2970/2357 2350/2972/2358 2358/2984/2366 2357/2982/2365
f 2350/2974/2358 2351/2973/2359 2359/2985/2367 2358/2986/2366
f 2351/2973/2359 2352/2975/2360 2360/2987/2368 2359/2985/2367
f 2352/2977/2360 2353/2976/2361 2361/2988/2369 2360/2989/2368
f 2353/2976/2361 2354/2978/2362 2362/2990/2370 2361/2988/2369
f 2354/2979/2362 2347/2969/2356 2356/2981/2364 2362/2991/2370
s 20
f 2363/2992/2371 2364/2993/2372 2372/2994/2373 2371/2995/2374
f 2364/2996/2372 2365/2997/2375 2373/2998/2376 2372/2999/2373
f 2365/2997/2375 2366/3000/2377 2374/3001/2378 2373/2998/2376
f 2366/3002/2377 2367/3003/2379 2375/3004/2380 2374/3005/2378
f 2367/3003/2379 2368/3006/2381 2376/3007/2382 2375/3004/2380
f 2368/3008/2381 2369/3009/2383 2377/3010/2384 2376/3011/2382
f 2369/3009/2383 2370/3012/2385 2378/3013/2386 2377/3010/2384
f 2370/3014/2385 2363/2992/2371 2371/2995/2374 2378/3015/2386
f 2371/2995/2374 2372/2994/2373 2380/3016/2387 2379/3017/2388
f 2372/2999/2373 2373/2998/2376 2381/3018/2389 2380/3019/2387
f 2373/2998/2376 2374/3001/2378 2382/3020/2390 2381/3018/2389
f 2374/3005/2378 2375/3004/2380 2383/3021/2391 2382/3022/2390
f 2375/3004/2380 2376/3007/2382 2384/3023/2392 2383/3021/2391
f 2376/3011/2382 2377/3010/2384 2385/3024/2393 2384/3025/2392
f 2377/3010/2384 2378/3013/2386 2386/3026/2394 2385/3024/2393
f 2378/3015/2386 2371/2995/2374 2379/3017/2388 2386/3027/2394
f 2379/3017/2388 2380/3016/2387 2388/3028/2395 2387/3029/2396
f 2380/3019/2387 2381/3018/2389 2389/3030/2397 2388/3031/2395
f 2381/3018/2389 2382/3020/2390 2390/3032/2398 2389/3030/2397
f 2382/3022/2390 2383/3021/2391 2391/3033/2399 2390/3034/2398
f 2383/3021/2391 2384/3023/2392 2392/3035/2400 2391/3033/2399
f 2384/3025/2392 2385/3024/2393 2393/3036/2401 2392/3037/2400
f 2385/3024/2393 2386/3026/2394 2394/3038/2402 2393/3036/2401
f 2386/3027/2394 2379/3017/2388 2387/3029/2396 2394/3039/2402
f 2387/3029/2396 2388/3028/2395 2396/3040/2403 2395/3041/2404
f 2388/3031/2395 2389/3030/2397 2397/3042/2405 2396/3043/2403
f 2389/3030/2397 2390/3032/2398 2398/3044/2406 2397/3042/2405
f 2390/3034/2398 2391/3033/2399 2399/3045/2407 2398/3046/2406
f 2391/3033/2399 2392/3035/2400 2400/3047/2408 2399/3045/2407
f 2392/3037/2400 2393/3036/2401 2401/3048/2409 2400/3049/2408
f 2393/3036/2401 2394/3038/2402 2402/3050/2410 2401/3048/2409
f 2394/3039/2402 2387/3029/2396 2395/3041/2404 2402/3051/2410
f 2395/3041/2404 2396/3040/2403 2404/3052/2411 2403/3053/2412
f 2396/3043/2403 2397/3042/2405 2405/3054/2413 2404/3055/2411
f 2397/3042/2405 2398/3044/2406 2406/3056/2414 2405/3054/2413
f 2398/3046/2406 2399/3045/2407 2407/3057/2415 2406/3058/2414
f 2399/3045/2407 2400/3047/2408 2408/3059/2416 2407/3057/2415
f 2400/3049/2408 2401/3048/2409 2409/3060/2417 2408/3061/2416
f 2401/3048/2409 2402/3050/2410 2410/3062/2418 2409/3060/2417
f 2402/3051/2410 2395/3041/2404 2403/3053/2412 2410/3063/2418
f 2403/3053/2412 2404/3052/2411 2412/3064/2419 2411/3065/2420
f 2404/3055/2411 2405/3054/2413 2413/3066/2421 2412/3067/2419
f 2405/3054/2413 2406/3056/2414 2414/3068/2422 2413/3066/2421
f 2406/3058/2414 2407/3057/2415 2415/3069/2423 2414/3070/2422
f 2407/3057/2415 2408/3059/2416 2416/3071/2424 2415/3069/2423
f 2408/3061/2416 2409/3060/2417 2417/3072/2425 2416/3073/2424
f 2409/3060/2417 2410/3062/2418 2418/3074/2426 2417/3072/2425
f 2410/3063/2418 2403/3053/2412 2411/3065/2420 2418/3075/2426
f 2411/3065/2420 2412/3064/2419 2420/3076/2427 2419/3077/2428
f 2412/3067/2419 2413/3066/2421 2421/3078/2429 2420/3079/2427
f 2413/3066/2421 2414/3068/2422 2422/3080/2430 2421/3078/2429
f 2414/3070/2422 2415/3069/2423 2423/3081/2431 2422/3082/2430
f 2415/3069/2423 2416/3071/2424 2424/3083/2432 2423/3081/2431
f 2416/3073/2424 2417/3072/2425 2425/3084/2433 2424/3085/2432
f 2417/3072/2425 2418/3074/2426 2426/3086/2434 2425/3084/2433
f 2418/3075/2426 2411/3065/2420 2419/3077/2428 2426/3087/2434
f 2419/3077/2428 2420/3088/2427 2427/3089/2435 2428/3090/2436
f 2420/3079/2427 2421/3091/2429 2429/3092/2437 2427/3093/2435
f 2421/3078/2429 2422/3094/2430 2430/3095/2438 2429/3096/2437
f 2422/3082/2430 2423/3097/2431 2431/3098/2439 2430/3099/2438
f 2423/3081/2431 2424/3100/2432 2432/3101/2440 2431/3102/2439
f 2424/3085/2432 2425/3103/2433 2433/3104/2441 2432/3105/2440
f 2425/3084/2433 2426/3106/2434 2434/3107/2442 2433/3108/2441
f 2426/3087/2434 2419/3109/2428 2428/3110/2436 2434/3111/2442
f 2428/3112/2436 2427/3113/2435 2435/3114/2443 2436/3115/2444
f 2427/3116/2435 2429/3117/2437 2437/3118/2445 2435/3119/2443
f 2429/3120/2437 2430/3121/2438 2438/3122/2446 2437/3123/2445
f 2430/3124/2438 2431/3125/2439 2439/3126/2447 2438/3127/2446
f 2431/3128/2439 2432/3129/2440 2440/3130/2448 2439/3131/2447
f 2432/3132/2440 2433/3133/2441 2441/3134/2449 2440/3135/2448
f 2433/3136/2441 2434/3137/2442 2442/3138/2450 2441/3139/2449
f 2434/3140/2442 2428/3141/2436 2436/3142/2444 2442/3143/2450
s 21
f 2443/3144/2451 2444/3145/2452 2452/3146/2453 2451/3147/2454
f 2444/3148/2452 2445/3149/2455 2453/3150/2456 2452/3151/2453
f 2445/3149/2455 2446/3152/2457 2454/3153/2458 2453/3150/2456
f 2446/3154/2457 2447/3155/2459 2455/3156/2460 2454/3157/2458
f 2447/3155/2459 2448/3158/2461 2456/3159/2462 2455/3156/2460
f 2448/3160/2461 2449/3161/2463 2457/3162/2464 2456/3163/2462
f 2449/3161/2463 2450/3164/2465 2458/3165/2466 2457/3162/2464
f 2450/3166/2465 2443/3144/2451 2451/3147/2454 2458/3167/2466
f 2451/3147/2454 2452/3146/2453 2460/3168/2467 2459/3169/2468
f 2452/3151/2453 2453/3150/2456 2461/3170/2469 2460/3171/2467
f 2453/3150/2456 2454/3153/2458 2462/3172/2470 2461/3170/2469
f 2454/3157/2458 2455/3156/2460 2463/3173/2471 2462/3174/2470
f 2455/3156/2460 2456/3159/2462 2464/3175/2472 2463/3173/2471
f 2456/3163/2462 2457/3162/2464 2465/3176/2473 2464/3177/2472
f 2457/3162/2464 2458/3165/2466 2466/3178/2474 2465/3176/2473
f 2458/3167/2466 2451/3147/2454 2459/3169/2468 2466/3179/2474
f 2459/3169/2468 2460/3168/2467 2468/3180/2475 2467/3181/2476
f 2460/3171/2467 2461/3170/2469 2469/3182/2477 2468/3183/2475
f 2461/3170/2469 2462/3172/2470 2470/3184/2478 2469/3182/2477
f 2462/3174/2470 2463/3173/2471 2471/3185/2479 2470/3186/2478
f 2463/3173/2471 2464/3175/2472 2472/3187/2480 2471/3185/2479
f 2464/3177/2472 2465/3176/2473 2473/3188/2481 2472/3189/2480
f 2465/3176/2473 2466/3178/2474 2474/3190/2482 2473/3188/2481
f 2466/3179/2474 2459/3169/2468 2467/3181/2476 2474/3191/2482
f 2467/3181/2476 2468/3180/2475 2476/3192/2483 2475/3193/2484
f 2468/3183/2475 2469/3182/2477 2477/3194/2485 2476/3195/2483
f 2469/3182/2477 2470/3184/2478 2478/3196/2486 2477/3194/2485
f 2470/3186/2478 2471/3185/2479 2479/3197/2487 2478/3198/2486
f 2471/3185/2479 2472/3187/2480 2480/3199/2488 2479/3197/2487
f 2472/3189/2480 2473/3188/2481 2481/3200/2489 2480/3201/2488
f 2473/3188/2481 2474/3190/2482 2482/3202/2490 2481/3200/2489
f 2474/3191/2482 2467/3181/2476 2475/3193/2484 2482/3203/2490
f 2475/3193/2484 2476/3204/2483 2483/3205/2491 2484/3206/2492
f 2476/3195/2483 2477/3207/2485 2485/3208/2493 2483/3209/2491
f 2477/3194/2485 2478/3210/2486 2486/3211/2494 2485/3212/2493
f 2478/3198/2486 2479/3213/2487 2487/3214/2495 2486/3215/2494
f 2479/3197/2487 2480/3216/2488 2488/3217/2496 2487/3218/2495
f 2480/3201/2488 2481/3219/2489 2489/3220/2497 2488/3221/2496
f 2481/3200/2489 2482/3222/2490 2490/3223/2498 2489/3224/2497
f 2482/3203/2490 2475/3225/2484 2484/3226/2492 2490/3227/2498
s 22
f 2511/3228/2499 2828/3229/2500 2531/3230/2501
f 2512/3231/2502 2513/3232/2503 2531/3230/2501
f 2513/3232/2503 2514/3233/2504 2531/3230/2501
f 2514/3233/2504 2515/3234/2505 2531/3230/2501
f 2515/3234/2505 2516/3235/2506 2531/3230/2501
f 2516/3235/2506 2517/3236/2507 2531/3230/2501
f 2517/3236/2507 2518/3237/2508 2531/3230/2501
f 2518/3237/2508 2519/3238/2509 2531/3230/2501
f 2519/3238/2509 2520/3239/2510 2531/3230/2501
f 2520/3239/2510 2521/3240/2511 2531/3230/2501
f 2521/3240/2511 2522/3241/2512 2531/3230/2501
f 2522/3241/2512 2523/3242/2513 2531/3230/2501
f 2523/3242/2513 2524/3243/2514 2531/3230/2501
f 2524/3243/2514 2525/3244/2515 2531/3230/2501
f 2525/3244/2515 2526/3245/2516 2531/3230/2501
f 2526/3245/2516 2527/3246/2517 2531/3230/2501
f 2527/3246/2517 2528/3247/2518 2531/3230/2501
f 2528/3247/2518 2529/3248/2519 2531/3230/2501
f 2529/3248/2519 2530/3249/2520 2531/3230/2501
f 2530/3249/2520 2511/3228/2499 2531/3230/2501
s 24
f 2532/3250/2521 2533/3251/2522 2541/3252/2523 2540/3253/2524
f 2533/3254/2522 2534/3255/2525 2542/3256/2526 2541/3257/2523
f 2534/3255/2525 2535/3258/2527 2543/3259/2528 2542/3256/2526
f 2535/3260/2527 2536/3261/2529 2544/3262/2530 2543/3263/2528
f 2536/3261/2529 2537/3264/2531 2545/3265/2532 2544/3262/2530
f 2537/3266/2531 2538/3267/2533 2546/3268/2534 2545/3269/2532
f 2538/3267/2533 2539/3270/2535 2547/3271/2536 2546/3268/2534
f 2539/3272/2535 2532/3250/2521 2540/3253/2524 2547/3273/2536
f 2540/3253/2524 2541/3252/2523 2549/3274/2537 2548/3275/2538
f 2541/3257/2523 2542/3256/2526 2550/3276/2539 2549/3277/2537
f 2542/3256/2526 2543/3259/2528 2551/3278/2540 2550/3276/2539
f 2543/3263/2528 2544/3262/2530 2552/3279/2541 2551/3280/2540
f 2544/3262/2530 2545/3265/2532 2553/3281/2542 2552/3279/2541
f 2545/3269/2532 2546/3268/2534 2554/3282/2543 2553/3283/2542
f 2546/3268/2534 2547/3271/2536 2555/3284/2544 2554/3282/2543
f 2547/3273/2536 2540/3253/2524 2548/3275/2538 2555/3285/2544
f 2548/3275/2538 2549/3274/2537 2557/3286/2545 2556/3287/2546
f 2549/3277/2537 2550/3276/2539 2558/3288/2547 2557/3289/2545
f 2550/3276/2539 2551/3278/2540 2559/3290/2548 2558/3288/2547
f 2551/3280/2540 2552/3279/2541 2560/3291/2549 2559/3292/2548
f 2552/3279/2541 2553/3281/2542 2561/3293/2550 2560/3291/2549
f 2553/3283/2542 2554/3282/2543 2562/3294/2551 2561/3295/2550
f 2554/3282/2543 2555/3284/2544 2563/3296/2552 2562/3294/2551
f 2555/3285/2544 2548/3275/2538 2556/3287/2546 2563/3297/2552
f 2556/3287/2546 2557/3286/2545 2565/3298/2553 2564/3299/2554
f 2557/3289/2545 2558/3288/2547 2566/3300/2555 2565/3301/2553
f 2558/3288/2547 2559/3290/2548 2567/3302/2556 2566/3300/2555
f 2559/3292/2548 2560/3291/2549 2568/3303/2557 2567/3304/2556
f 2560/3291/2549 2561/3293/2550 2569/3305/2558 2568/3303/2557
f 2561/3295/2550 2562/3294/2551 2570/3306/2559 2569/3307/2558
f 2562/3294/2551 2563/3296/2552 2571/3308/2560 2570/3306/2559
f 2563/3297/2552 2556/3287/2546 2564/3299/2554 2571/3309/2560
f 2564/3299/2554 2565/3298/2553 2573/3310/2561 2572/3311/2562
f 2565/3301/2553 2566/3300/2555 2574/3312/2563 2573/3313/2561
f 2566/3300/2555 2567/3302/2556 2575/3314/2564 2574/3312/2563
f 2567/3304/2556 2568/3303/2557 2576/3315/2565 2575/3316/2564
f 2568/3303/2557 2569/3305/2558 2577/3317/2566 2576/3315/2565
f 2569/3307/2558 2570/3306/2559 2578/3318/2567 2577/3319/2566
f 2570/3306/2559 2571/3308/2560 2579/3320/2568 2578/3318/2567
f 2571/3309/2560 2564/3299/2554 2572/3311/2562 2579/3321/2568
f 2572/3311/2562 2573/3310/2561 2581/3322/2569 2580/3323/2570
f 2573/3313/2561 2574/3312/2563 2582/3324/2571 2581/3325/2569
f 2574/3312/2563 2575/3314/2564 2583/3326/2572 2582/3324/2571
f 2575/3316/2564 2576/3315/2565 2584/3327/2573 2583/3328/2572
f 2576/3315/2565 2577/3317/2566 2585/3329/2574 2584/3327/2573
f 2577/3319/2566 2578/3318/2567 2586/3330/2575 2585/3331/2574
f 2578/3318/2567 2579/3320/2568 2587/3332/2576 2586/3330/2575
f 2579/3321/2568 2572/3311/2562 2580/3323/2570 2587/3333/2576
f 2580/3323/2570 2581/3322/2569 2589/3334/2577 2588/3335/2578
f 2581/3325/2569 2582/3324/2571 2590/3336/2579 2589/3337/2577
f 2582/3324/2571 2583/3326/2572 2591/3338/2580 2590/3336/2579
f 2583/3328/2572 2584/3327/2573 2592/3339/2581 2591/3340/2580
f 2584/3327/2573 2585/3329/2574 2593/3341/2582 2592/3339/2581
f 2585/3331/2574 2586/3330/2575 2594/3342/2583 2593/3343/2582
f 2586/3330/2575 2587/3332/2576 2595/3344/2584 2594/3342/2583
f 2587/3333/2576 2580/3323/2570 2588/3335/2578 2595/3345/2584
f 2588/3335/2578 2589/3346/2577 2596/3347/2585 2597/3348/2586
f 2589/3337/2577 2590/3349/2579 2598/3350/2587 2596/3351/2585
f 2590/3336/2579 2591/3352/2580 2599/3353/2588 2598/3354/2587
f 2591/3340/2580 2592/3355/2581 2600/3356/2589 2599/3357/2588
f 2592/3339/2581 2593/3358/2582 2601/3359/2590 2600/3360/2589
f 2593/3343/2582 2594/3361/2583 2602/3362/2591 2601/3363/2590
f 2594/3342/2583 2595/3364/2584 2603/3365/2592 2602/3366/2591
f 2595/3345/2584 2588/3367/2578 2597/3368/2586 2603/3369/2592
s 25
f 2604/3370/2593 2605/3371/2594 2611/3372/2595 2610/3373/2596
f 2606/3374/2597 2607/3375/2598 2615/3376/2599 2614/3377/2600
f 2607/3378/2598 2608/3379/2601 2616/3380/2602 2615/3381/2599
f 2608/3379/2601 2609/3382/2603 2617/3383/2604 2616/3380/2602
f 2609/3384/2603 2604/3370/2593 2610/3373/2596 2617/3385/2604
f 2610/3373/2596 2611/3372/2595 2619/3386/2605 2618/3387/2606
f 2611/3388/2595 2612/3389/2607 2620/3390/2608 2619/3391/2605
f 2612/3389/2607 2613/3392/2609 2621/3393/2610 2620/3390/2608
f 2613/3394/2609 2614/3377/2600 2622/3395/2611 2621/3396/2610
f 2614/3377/2600 2615/3376/2599 2623/3397/2612 2622/3395/2611
f 2615/3381/2599 2616/3380/2602 2624/3398/2613 2623/3399/2612
f 2616/3380/2602 2617/3383/2604 2625/3400/2614 2624/3398/2613
f 2617/3385/2604 2610/3373/2596 2618/3387/2606 2625/3401/2614
f 2618/3387/2606 2619/3386/2605 2627/3402/2615 2626/3403/2616
f 2619/3391/2605 2620/3390/2608 2628/3404/2617 2627/3405/2615
f 2620/3390/2608 2621/3393/2610 2629/3406/2618 2628/3404/2617
f 2621/3396/2610 2622/3395/2611 2630/3407/2619 2629/3408/2618
f 2622/3395/2611 2623/3397/2612 2631/3409/2620 2630/3407/2619
f 2623/3399/2612 2624/3398/2613 2632/3410/2621 2631/3411/2620
f 2624/3398/2613 2625/3400/2614 2633/3412/2622 2632/3410/2621
f 2625/3401/2614 2618/3387/2606 2626/3403/2616 2633/3413/2622
f 2626/3403/2616 2627/3402/2615 2635/3414/2623 2634/3415/2624
f 2627/3405/2615 2628/3404/2617 2636/3416/2625 2635/3417/2623
f 2628/3404/2617 2629/3406/2618 2637/3418/2626 2636/3416/2625
f 2629/3408/2618 2630/3407/2619 2638/3419/2627 2637/3420/2626
f 2630/3407/2619 2631/3409/2620 2639/3421/2628 2638/3419/2627
f 2631/3411/2620 2632/3410/2621 2640/3422/2629 2639/3423/2628
f 2632/3410/2621 2633/3412/2622 2641/3424/2630 2640/3422/2629
f 2633/3413/2622 2626/3403/2616 2634/3415/2624 2641/3425/2630
f 2634/3415/2624 2635/3414/2623 2643/3426/2631 2642/3427/2632
f 2635/3417/2623 2636/3416/2625 2644/3428/2633 2643/3429/2631
f 2636/3416/2625 2637/3418/2626 2645/3430/2634 2644/3428/2633
f 2637/3420/2626 2638/3419/2627 2646/3431/2635 2645/3432/2634
f 2638/3419/2627 2639/3421/2628 2647/3433/2636 2646/3431/2635
f 2639/3423/2628 2640/3422/2629 2648/3434/2637 2647/3435/2636
f 2640/3422/2629 2641/3424/2630 2649/3436/2638 2648/3434/2637
f 2641/3425/2630 2634/3415/2624 2642/3427/2632 2649/3437/2638
f 2642/3427/2632 2643/3426/2631 2651/3438/2639 2650/3439/2640
f 2643/3429/2631 2644/3428/2633 2652/3440/2641 2651/3441/2639
f 2644/3428/2633 2645/3430/2634 2653/3442/2642 2652/3440/2641
f 2645/3432/2634 2646/3431/2635 2654/3443/2643 2653/3444/2642
f 2646/3431/2635 2647/3433/2636 2655/3445/2644 2654/3443/2643
f 2647/3435/2636 2648/3434/2637 2656/3446/2645 2655/3447/2644
f 2648/3434/2637 2649/3436/2638 2657/3448/2646 2656/3446/2645
f 2649/3437/2638 2642/3427/2632 2650/3439/2640 2657/3449/2646
s 27
f 2658/3450/2647 2659/3451/2648 2665/3452/2649 2664/3453/2650
f 2660/3454/2651 2661/3455/2652 2669/3456/2653 2668/3457/2654
f 2661/3458/2652 2662/3459/2655 2670/3460/2656 2669/3461/2653
f 2662/3459/2655 2663/3462/2657 2671/3463/2658 2670/3460/2656
f 2663/3464/2657 2658/3450/2647 2664/3453/2650 2671/3465/2658
f 2664/3453/2650 2665/3452/2649 2673/3466/2659 2672/3467/2660
f 2665/3468/2649 2666/3469/2661 2674/3470/2662 2673/3471/2659
f 2666/3469/2661 2667/3472/2663 2675/3473/2664 2674/3470/2662
f 2667/3474/2663 2668/3457/2654 2676/3475/2665 2675/3476/2664
f 2668/3457/2654 2669/3456/2653 2677/3477/2666 2676/3475/2665
f 2669/3461/2653 2670/3460/2656 2678/3478/2667 2677/3479/2666
f 2670/3460/2656 2671/3463/2658 2679/3480/2668 2678/3478/2667
f 2671/3465/2658 2664/3453/2650 2672/3467/2660 2679/3481/2668
f 2672/3467/2660 2673/3466/2659 2681/3482/2669 2680/3483/2670
f 2673/3471/2659 2674/3470/2662 2682/3484/2671 2681/3485/2669
f 2674/3470/2662 2675/3473/2664 2683/3486/2672 2682/3484/2671
f 2675/3476/2664 2676/3475/2665 2684/3487/2673 2683/3488/2672
f 2676/3475/2665 2677/3477/2666 2685/3489/2674 2684/3487/2673
f 2677/3479/2666 2678/3478/2667 2686/3490/2675 2685/3491/2674
f 2678/3478/2667 2679/3480/2668 2687/3492/2676 2686/3490/2675
f 2679/3481/2668 2672/3467/2660 2680/3483/2670 2687/3493/2676
f 2680/3483/2670 2681/3482/2669 2689/3494/2677 2688/3495/2678
f 2681/3485/2669 2682/3484/2671 2690/3496/2679 2689/3497/2677
f 2682/3484/2671 2683/3486/2672 2691/3498/2680 2690/3496/2679
f 2683/3488/2672 2684/3487/2673 2692/3499/2681 2691/3500/2680
f 2684/3487/2673 2685/3489/2674 2693/3501/2682 2692/3499/2681
f 2685/3491/2674 2686/3490/2675 2694/3502/2683 2693/3503/2682
f 2686/3490/2675 2687/3492/2676 2695/3504/2684 2694/3502/2683
f 2687/3493/2676 2680/3483/2670 2688/3495/2678 2695/3505/2684
f 2688/3495/2678 2689/3494/2677 2697/3506/2685 2696/3507/2686
f 2689/3497/2677 2690/3496/2679 2698/3508/2687 2697/3509/2685
f 2690/3496/2679 2691/3498/2680 2699/3510/2688 2698/3508/2687
f 2691/3500/2680 2692/3499/2681 2700/3511/2689 2699/3512/2688
f 2692/3499/2681 2693/3501/2682 2701/3513/2690 2700/3511/2689
f 2693/3503/2682 2694/3502/2683 2702/3514/2691 2701/3515/2690
f 2694/3502/2683 2695/3504/2684 2703/3516/2692 2702/3514/2691
f 2695/3505/2684 2688/3495/2678 2696/3507/2686 2703/3517/2692
f 2696/3507/2686 2697/3506/2685 2714/3518/2693 2715/3519/2694
f 2697/3509/2685 2698/3508/2687 2721/3520/2695 2714/3521/2693
f 2698/3508/2687 2699/3510/2688 2720/3522/2696 2721/3520/2695
f 2699/3512/2688 2700/3511/2689 2719/3523/2697 2720/3524/2696
f 2700/3511/2689 2701/3513/2690 2718/3525/2698 2719/3523/2697
f 2701/3515/2690 2702/3514/2691 2717/3526/2699 2718/3527/2698
f 2702/3514/2691 2703/3516/2692 2716/3528/2700 2717/3526/2699
f 2703/3517/2692 2696/3507/2686 2715/3519/2694 2716/3529/2700
f 2665/3452/2649 2659/3451/2648 2713/3530/2701 2666/3531/2661
f 2667/3532/2663 2712/3533/2702 2660/3454/2651 2668/3457/2654
f 2666/3531/2661 2713/3530/2701 2712/3533/2702 2667/3532/2663
f 2715/3519/2694 2714/3518/2693 2705/3534/2703 2704/3535/2704
f 2716/3529/2700 2715/3519/2694 2704/3535/2704 2711/3536/2705
f 2717/3526/2699 2716/3528/2700 2711/3537/2705 2710/3538/2706
f 2718/3527/2698 2717/3526/2699 2710/3538/2706 2709/3539/2707
f 2719/3523/2697 2718/3525/2698 2709/3540/2707 2708/3541/2708
f 2720/3524/2696 2719/3523/2697 2708/3541/2708 2707/3542/2709
f 2721/3520/2695 2720/3522/2696 2707/3543/2709 2706/3544/2710
f 2714/3521/2693 2721/3520/2695 2706/3544/2710 2705/3545/2703
s 22
f 2765/3546/2711 2722/3547/2712 2763/3548/2713 2762/3549/2714
f 2723/3550/2715 2770/3551/2716 2722/3552/2712 2725/3553/2717 2724/3554/2718
f 2724/3554/2718 2725/3553/2717 2727/3555/2719 2726/3556/2720
f 2726/3556/2720 2727/3555/2719 2729/3557/2721 2728/3558/2722
f 2728/3558/2722 2729/3557/2721 2731/3559/2723 2730/3560/2724
f 2730/3560/2724 2731/3559/2723 2733/3561/2725 2732/3562/2726
f 2732/3562/2726 2733/3561/2725 2735/3563/2727 2734/3564/2728
f 2734/3564/2728 2735/3563/2727 2737/3565/2729 2736/3566/2730
f 2736/3566/2730 2737/3565/2729 2739/3567/2731 2738/3568/2732
f 2738/3568/2732 2739/3567/2731 2741/3569/2733 2740/3570/2734
f 2740/3570/2734 2741/3569/2733 2743/3571/2735 2742/3572/2736
f 2742/3572/2736 2743/3571/2735 2745/3573/2737 2744/3574/2738
f 2744/3574/2738 2745/3573/2737 2747/3575/2739 2746/3576/2740
f 2746/3576/2740 2747/3575/2739 2749/3577/2741 2748/3578/2742
f 2748/3578/2742 2749/3577/2741 2751/3579/2743 2750/3580/2744
f 2750/3580/2744 2751/3579/2743 2753/3581/2745 2752/3582/2746
f 2752/3582/2746 2753/3581/2745 2755/3583/2747 2754/3584/2748
f 2754/3584/2748 2755/3583/2747 2757/3585/2749 2756/3586/2750
f 2756/3586/2750 2757/3585/2749 2759/3587/2751 2758/3588/2752
f 2758/3588/2752 2759/3587/2751 2761/3589/2753 2768/3590/2754 2760/3591/2755
f 2773/3592/2756 2827/3593/2757 2492/3594/2758 2760/3591/2755
f 2492/3594/2758 2493/3595/2759 2758/3588/2752 2760/3591/2755
f 2493/3595/2759 2494/3596/2760 2756/3586/2750 2758/3588/2752
f 2494/3596/2760 2495/3597/2761 2754/3584/2748 2756/3586/2750
f 2495/3597/2761 2496/3598/2762 2752/3582/2746 2754/3584/2748
f 2496/3598/2762 2497/3599/2763 2750/3580/2744 2752/3582/2746
f 2497/3599/2763 2498/3600/2764 2748/3578/2742 2750/3580/2744
f 2498/3600/2764 2499/3601/2765 2746/3576/2740 2748/3578/2742
f 2499/3601/2765 2500/3602/2766 2744/3574/2738 2746/3576/2740
f 2500/3602/2766 2501/3603/2767 2742/3572/2736 2744/3574/2738
f 2501/3603/2767 2502/3604/2768 2740/3570/2734 2742/3572/2736
f 2502/3604/2768 2503/3605/2769 2738/3568/2732 2740/3570/2734
f 2503/3605/2769 2504/3606/2770 2736/3566/2730 2738/3568/2732
f 2504/3606/2770 2505/3607/2771 2734/3564/2728 2736/3566/2730
f 2505/3607/2771 2506/3608/2772 2732/3562/2726 2734/3564/2728
f 2506/3608/2772 2507/3609/2773 2730/3560/2724 2732/3562/2726
f 2507/3609/2773 2508/3610/2774 2728/3558/2722 2730/3560/2724
f 2508/3610/2774 2509/3611/2775 2726/3556/2720 2728/3558/2722
f 2509/3611/2775 2510/3612/2776 2724/3554/2718 2726/3556/2720
f 2510/3612/2776 2491/3613/2777 2723/3550/2715 2724/3554/2718
f 2725/3553/2717 2722/3614/2712 2511/3615/2499 2530/3616/2520
f 2727/3555/2719 2725/3553/2717 2530/3616/2520 2529/3617/2519
f 2729/3557/2721 2727/3555/2719 2529/3617/2519 2528/3618/2518
f 2731/3559/2723 2729/3557/2721 2528/3618/2518 2527/3619/2517
f 2733/3561/2725 2731/3559/2723 2527/3619/2517 2526/3620/2516
f 2735/3563/2727 2733/3561/2725 2526/3620/2516 2525/3621/2515
f 2737/3565/2729 2735/3563/2727 2525/3621/2515 2524/3622/2514
f 2739/3567/2731 2737/3565/2729 2524/3622/2514 2523/3623/2513
f 2741/3569/2733 2739/3567/2731 2523/3623/2513 2522/3624/2512
f 2743/3571/2735 2741/3569/2733 2522/3624/2512 2521/3625/2511
f 2745/3573/2737 2743/3571/2735 2521/3625/2511 2520/3626/2510
f 2747/3575/2739 2745/3573/2737 2520/3626/2510 2519/3627/2509
f 2749/3577/2741 2747/3575/2739 2519/3627/2509 2518/3628/2508
f 2751/3579/2743 2749/3577/2741 2518/3628/2508 2517/3629/2507
f 2753/3581/2745 2751/3579/2743 2517/3629/2507 2516/3630/2506
f 2755/3583/2747 2753/3581/2745 2516/3630/2506 2515/3631/2505
f 2757/3585/2749 2755/3583/2747 2515/3631/2505 2514/3632/2504
f 2759/3587/2751 2757/3585/2749 2514/3632/2504 2513/3633/2503
f 2761/3589/2753 2759/3587/2751 2513/3633/2503 2512/3634/2502
f 2722/3547/2712 2765/3546/2711 2828/3635/2500 2511/3636/2499
f 2768/3590/2754 2761/3589/2753 2764/3637/2778 2766/3638/2779
f 2763/3548/2713 2722/3547/2712 2770/3639/2716 2769/3640/2780
f 2773/3592/2756 2760/3591/2755 2767/3641/2781 2772/3642/2782
f 2798/3643/2783 2799/3644/2784 2800/3645/2785 2801/3646/2786
f 2764/3637/2778 2761/3589/2753 2765/3546/2711 2762/3549/2714
f 2800/3645/2785 2799/3644/2784 2802/3647/2787 2803/3648/2788
f 2767/3641/2781 2760/3591/2755 2768/3590/2754 2766/3638/2779
f 2770/3639/2716 2723/3649/2715 2771/3650/2789 2769/3640/2780
f 2804/3651/2790 2799/3644/2784 2798/3643/2783 2805/3652/2791
f 2802/3647/2787 2799/3644/2784 2804/3651/2790 2806/3653/2792
f 2771/3650/2789 2723/3649/2715 2773/3592/2756 2772/3642/2782
f 2764/3637/2778 2762/3549/2714 2776/3654/2793 2775/3655/2794
f 2762/3549/2714 2763/3548/2713 2774/3656/2795 2776/3654/2793
f 2767/3641/2781 2766/3638/2779 2778/3657/2796 2777/3658/2797
f 2766/3638/2779 2764/3637/2778 2775/3655/2794 2778/3657/2796
f 2763/3548/2713 2769/3640/2780 2780/3659/2798 2774/3656/2795
f 2769/3640/2780 2771/3650/2789 2779/3660/2799 2780/3659/2798
f 2771/3650/2789 2772/3642/2782 2781/3661/2800 2779/3660/2799
f 2772/3642/2782 2767/3641/2781 2777/3658/2797 2781/3661/2800
f 2775/3655/2794 2776/3654/2793 2808/3662/2801 2809/3663/2802
f 2776/3654/2793 2774/3656/2795 2807/3664/2803 2808/3662/2801
f 2777/3658/2797 2778/3657/2796 2810/3665/2804 2811/3666/2805
f 2778/3657/2796 2775/3655/2794 2809/3663/2802 2810/3665/2804
f 2774/3656/2795 2780/3659/2798 2814/3667/2806 2807/3664/2803
f 2780/3659/2798 2779/3660/2799 2813/3668/2807 2814/3667/2806
f 2779/3660/2799 2781/3661/2800 2812/3669/2808 2813/3668/2807
f 2781/3661/2800 2777/3658/2797 2811/3666/2805 2812/3669/2808
f 2783/3670/2809 2784/3671/2810 2792/3672/2811 2791/3673/2812
f 2784/3671/2810 2782/3674/2813 2790/3675/2814 2792/3672/2811
f 2785/3676/2815 2786/3677/2816 2794/3678/2817 2793/3679/2818
f 2786/3677/2816 2783/3670/2809 2791/3673/2812 2794/3678/2817
f 2782/3674/2813 2788/3680/2819 2796/3681/2820 2790/3675/2814
f 2788/3680/2819 2787/3682/2821 2795/3683/2822 2796/3681/2820
f 2787/3682/2821 2789/3684/2823 2797/3685/2824 2795/3683/2822
f 2789/3684/2823 2785/3676/2815 2793/3679/2818 2797/3685/2824
f 2791/3673/2812 2792/3672/2811 2801/3646/2786 2800/3645/2785
f 2792/3672/2811 2790/3675/2814 2798/3643/2783 2801/3646/2786
f 2793/3679/2818 2794/3678/2817 2803/3648/2788 2802/3647/2787
f 2794/3678/2817 2791/3673/2812 2800/3645/2785 2803/3648/2788
f 2790/3675/2814 2796/3681/2820 2805/3652/2791 2798/3643/2783
f 2796/3681/2820 2795/3683/2822 2804/3651/2790 2805/3652/2791
f 2795/3683/2822 2797/3685/2824 2806/3653/2792 2804/3651/2790
f 2797/3685/2824 2793/3679/2818 2802/3647/2787 2806/3653/2792
f 2808/3662/2801 2807/3664/2803 2782/3674/2813 2784/3671/2810
f 2809/3663/2802 2808/3662/2801 2784/3671/2810 2783/3670/2809
f 2824/3686/2825 2823/3687/2826 2825/3688/2827 2826/3689/2828
f 2811/3666/2805 2810/3665/2804 2786/3677/2816 2785/3676/2815
f 2812/3669/2808 2811/3666/2805 2785/3676/2815 2789/3684/2823
f 2813/3668/2807 2812/3669/2808 2789/3684/2823 2787/3682/2821
f 2814/3667/2806 2813/3668/2807 2787/3682/2821 2788/3680/2819
f 2807/3664/2803 2814/3667/2806 2788/3680/2819 2782/3674/2813
f 2810/3665/2804 2809/3663/2802 2815/3690/2829 2816/3691/2830
f 2809/3663/2802 2783/3670/2809 2817/3692/2831 2815/3690/2829
f 2783/3670/2809 2786/3677/2816 2818/3693/2832 2817/3692/2831
f 2786/3677/2816 2810/3665/2804 2816/3691/2830 2818/3693/2832
f 2816/3691/2830 2815/3690/2829 2819/3694/2833 2820/3695/2834
f 2815/3690/2829 2817/3692/2831 2821/3696/2835 2819/3694/2833
f 2817/3692/2831 2818/3693/2832 2822/3697/2836 2821/3696/2835
f 2818/3693/2832 2816/3691/2830 2820/3695/2834 2822/3697/2836
f 2820/3695/2834 2819/3694/2833 2823/3687/2826 2824/3686/2825
f 2819/3694/2833 2821/3696/2835 2825/3688/2827 2823/3687/2826
f 2821/3696/2835 2822/3697/2836 2826/3689/2828 2825/3688/2827
f 2822/3697/2836 2820/3695/2834 2824/3686/2825 2826/3689/2828
f 2491/3698/2777 2827/3593/2757 2773/3592/2756 2723/3649/2715
f 2828/3635/2500 2765/3546/2711 2761/3589/2753 2512/3634/2502
f 2531/3230/2501 2828/3229/2500 2512/3231/2502
s 6
f 304/557/314 303/560/313 309/575/319 310/578/320
f 308/572/318 305/563/315 306/566/316 307/569/317
f 309/575/319 303/560/313 305/563/315 308/572/318
s 1
f 201/362/202 202/364/201 210/383/210 209/381/216
f 206/370/206 207/369/207 215/380/215 214/378/213
f 2830/406/232 2829/3699/226 226/3700/234 225/408/233
f 2831/407/231 2830/406/232 225/408/233 232/436/247
f 2832/403/230 2831/405/231 232/3701/247 231/432/245
f 2833/404/229 2832/403/230 231/432/245 230/428/243
f 2834/400/228 2833/402/229 230/3702/243 229/424/241
f 2835/401/227 2834/400/228 229/424/241 228/420/239
f 2836/397/225 2835/399/227 228/3703/239 227/416/237
f 2829/398/226 2836/397/225 227/416/237 226/412/234
f 217/385/218 218/384/217 2837/3704/2837 2838/3705/2838
f 218/384/217 2829/3699/226 2839/3706/2839 2837/3704/2837
f 2829/3699/226 2830/406/232 2840/3707/2840 2839/3706/2839
f 2830/406/232 217/385/218 2838/3705/2838 2840/3707/2840
f 6/2/2 5/1/1 2838/3705/2838 2837/3704/2837
f 7/5/5 6/2/2 2837/3704/2837 2839/3706/2839
f 8/7/7 7/5/5 2839/3706/2839 2840/3707/2840
f 5/1/1 8/7/7 2840/3707/2840 2838/3705/2838
f 1/3/3 3/3709/6 2843/6/2841 2841/3710/2842
f 3/8/6 4/3712/8 2844/6/2843 2843/3711/2841
f 4/4/8 2/3714/4 2842/8/2844 2844/3713/2843
f 2842/3/2844 2841/3708/2842 2845/3715/2845 2846/3716/2846
f 2841/3710/2842 2843/6/2841 2847/3717/2847 2845/3718/2845
f 2843/3711/2841 2844/6/2843 2848/3719/2848 2847/3720/2847
f 2844/3713/2843 2842/8/2844 2846/3721/2846 2848/3722/2848
f 2846/3716/2846 2845/3718/2845 2847/3720/2847 2848/3722/2848
f 2/4/4 1/3/3 2841/3708/2842 2842/8/2844
