# This file uses centimeters as units for non-parametric coordinates.

mtllib Frog.mtl
g default
v -0.299676 -0.078598 -0.149544
v -0.221022 -0.084189 -0.191517
v -0.256806 -0.154992 -0.277889
v -0.204180 -0.106151 -0.214123
v -0.245437 -0.001377 -0.110249
v -0.195794 -0.022099 -0.138443
v -0.141379 -0.186397 -0.283958
v -0.131779 -0.135875 -0.253254
v -0.304942 -0.131902 -0.212585
v -0.214913 -0.108236 -0.200188
v -0.310353 -0.199257 -0.177513
v -0.211340 -0.192881 -0.167381
v -0.199602 -0.191304 -0.170811
v -0.262869 -0.219141 -0.245682
v -0.290060 -0.159616 -0.073936
v -0.210158 -0.167627 -0.116577
v -0.236444 -0.063182 -0.049145
v -0.186798 -0.083904 -0.077339
v -0.128096 -0.181445 -0.210522
v -0.140538 -0.212325 -0.251476
v -0.093038 -0.155266 -0.254494
v -0.088937 -0.177759 -0.236813
v -0.095633 -0.194805 -0.253490
v -0.097198 -0.182550 -0.284019
v -0.096658 -0.217789 -0.287510
v -0.096450 -0.222929 -0.272556
v -0.085135 -0.213643 -0.287235
v -0.084789 -0.217248 -0.273586
v -0.068553 -0.173986 -0.266331
v -0.066142 -0.186167 -0.261501
v -0.068250 -0.193331 -0.268879
v -0.069662 -0.184186 -0.276485
v -0.068049 -0.163211 -0.228455
v -0.072864 -0.176398 -0.218143
v -0.066703 -0.176152 -0.235188
v -0.063421 -0.167013 -0.240067
v -0.131055 -0.154511 -0.223648
v -0.063709 -0.180364 -0.264740
v -0.063390 -0.192823 -0.267101
v -0.065570 -0.190993 -0.275021
v -0.065891 -0.178534 -0.272659
v -0.149265 -0.205123 -0.272614
v -0.063698 -0.171444 -0.218521
v -0.065830 -0.178179 -0.226143
v -0.060524 -0.173044 -0.240417
v -0.058392 -0.166309 -0.232800
v -0.112020 -0.203861 -0.248039
v -0.094584 -0.187748 -0.242363
v -0.104599 -0.182620 -0.223656
v -0.093922 -0.223563 -0.281387
v -0.087467 -0.218709 -0.290272
v -0.080783 -0.218098 -0.281929
v -0.087237 -0.222953 -0.273037
v -0.108029 -0.146999 -0.258186
v -0.098491 -0.165183 -0.271984
v -0.113958 -0.183573 -0.285572
v -0.110411 -0.208668 -0.287846
v -0.109982 -0.218787 -0.263950
v -0.091148 -0.202010 -0.286835
v -0.091258 -0.191400 -0.271900
v -0.090407 -0.208676 -0.265869
v -0.084701 -0.166492 -0.245689
v -0.074957 -0.183120 -0.251953
v -0.078781 -0.165152 -0.261471
v -0.078712 -0.193063 -0.262985
v -0.080293 -0.181925 -0.278744
v -0.092731 -0.176677 -0.214653
v -0.088502 -0.152252 -0.236420
v -0.077566 -0.175724 -0.236294
v -0.076786 -0.160408 -0.245823
v -0.296744 -0.211819 -0.219494
v -0.231359 -0.217664 -0.201954
v -0.209956 -0.193979 -0.169376
v -0.260999 -0.208736 -0.166786
v -0.191562 -0.127636 -0.087048
v -0.204230 -0.072961 -0.047867
v -0.261762 -0.106208 -0.044811
v -0.248403 -0.177326 -0.082710
v -0.205234 -0.216434 -0.252228
v -0.141569 -0.200387 -0.225834
v -0.169959 -0.186128 -0.189941
v -0.307191 -0.186244 -0.123577
v -0.214078 -0.186736 -0.146564
v -0.259776 -0.107402 -0.212044
v -0.213441 -0.105722 -0.204014
v -0.230370 -0.118130 -0.252296
v -0.289196 -0.144328 -0.249859
v -0.262055 -0.067689 -0.183079
v -0.273905 -0.022771 -0.127300
v -0.216373 0.010475 -0.130360
v -0.203705 -0.044200 -0.169533
v -0.174628 -0.119919 -0.234287
v -0.144914 -0.152693 -0.272518
v -0.202592 -0.169120 -0.284180
v -0.221100 -0.103296 -0.198879
v -0.309229 -0.112483 -0.178562
v -0.197373 -0.148055 -0.181904
v -0.192234 -0.142338 -0.180916
v -0.269494 -0.193456 -0.273335
v -0.323401 -0.168083 -0.196926
v -0.308083 -0.117973 -0.104691
v -0.242754 -0.015073 -0.071476
v -0.177853 -0.047413 -0.106750
v -0.202376 -0.127041 -0.161095
v -0.253688 -0.215878 -0.189014
v -0.224638 -0.130828 -0.052181
v -0.187428 -0.210741 -0.214725
v -0.259880 -0.199590 -0.126133
v -0.250980 -0.112046 -0.232349
v -0.240829 -0.019579 -0.162163
v -0.188778 -0.135059 -0.265587
v -0.265919 -0.094790 -0.197662
v -0.198153 -0.145147 -0.178696
v -0.306514 -0.182778 -0.242668
v -0.279534 -0.060918 -0.079018
v -0.202825 -0.016589 -0.083096
v -0.185934 -0.089489 -0.135330
v -0.167025 -0.146398 -0.202759
v -0.060124 -0.187299 -0.271908
v -0.209182 -0.199403 -0.277554
v -0.202486 -0.144291 -0.176331
v -0.323314 -0.150088 -0.147461
v -0.054850 -0.174236 -0.228195
v -0.113468 -0.191880 -0.233788
v -0.082974 -0.224596 -0.283497
v -0.117476 -0.160889 -0.273365
v -0.113431 -0.215125 -0.275829
v -0.100877 -0.203941 -0.291084
v -0.087542 -0.203946 -0.276432
v -0.100099 -0.215130 -0.261173
v -0.076431 -0.171910 -0.254353
v -0.076384 -0.190517 -0.255363
v -0.079942 -0.189721 -0.273224
v -0.079987 -0.171113 -0.272221
v -0.092857 -0.163864 -0.222950
v -0.085566 -0.179513 -0.222870
v -0.074938 -0.168666 -0.243641
v -0.082228 -0.153018 -0.243729
v 0.156251 -0.016766 -0.270050
v 0.186129 -0.022373 -0.240276
v 0.197460 -0.018682 -0.189743
v 0.183276 -0.009385 -0.149891
v 0.153090 0.019124 -0.329182
v 0.205904 -0.020271 -0.274338
v 0.226059 -0.015538 -0.174580
v 0.202962 0.020312 -0.099922
v 0.134686 0.057070 -0.351460
v 0.222752 0.027511 -0.288937
v 0.243822 0.028422 -0.174824
v 0.209104 0.053047 -0.075993
v 0.150563 0.088241 -0.334122
v 0.233860 0.081647 -0.289265
v 0.250969 0.087766 -0.176964
v 0.206167 0.101473 -0.090702
v 0.141463 0.116685 -0.322857
v 0.204905 0.129329 -0.271938
v 0.222701 0.137787 -0.185753
v 0.187267 0.137127 -0.114609
v 0.140976 0.144761 -0.279366
v 0.172354 0.149532 -0.249687
v 0.183039 0.154580 -0.201427
v 0.166981 0.157048 -0.161896
v 0.159198 -0.020105 -0.207600
v 0.152319 0.159748 -0.221508
v 0.198669 0.055274 -0.077763
v 0.239170 0.031465 -0.177700
v 0.215844 0.034985 -0.293236
v 0.116605 0.057877 -0.346409
v 0.241013 0.116312 -0.180134
v 0.251565 0.083257 -0.236076
v 0.208894 0.138178 -0.148384
v 0.199073 0.121659 -0.100384
v 0.232929 0.094151 -0.130634
v 0.139102 0.131417 -0.304508
v 0.158062 0.146664 -0.267727
v 0.187181 0.142045 -0.261127
v 0.181710 0.152058 -0.226376
v 0.202243 0.149162 -0.193100
v 0.177654 0.155921 -0.179230
v 0.176460 0.149068 -0.135754
v 0.173767 -0.021226 -0.225262
v 0.155989 -0.021514 -0.238358
v 0.180219 -0.018974 -0.197357
v 0.169911 -0.016655 -0.178131
v 0.145822 0.154332 -0.251316
v 0.162318 0.155266 -0.237904
v 0.168496 0.158185 -0.209999
v 0.159154 0.160631 -0.191093
v 0.246368 0.055180 -0.176979
v 0.202826 0.075376 -0.083149
v 0.226096 0.054443 -0.292694
v 0.133045 0.070594 -0.340080
v 0.155950 -0.001747 -0.302280
v 0.181679 -0.003911 -0.305965
v 0.196292 -0.025517 -0.258232
v 0.172831 -0.020314 -0.258698
v 0.221403 -0.023279 -0.225876
v 0.212714 -0.020841 -0.181103
v 0.195819 -0.021583 -0.215916
v 0.217752 0.000350 -0.134460
v 0.194437 0.003480 -0.122791
v 0.193377 -0.014175 -0.167297
v 0.145680 0.041427 -0.344864
v 0.183664 0.040018 -0.324833
v 0.216620 0.003752 -0.283802
v 0.242058 0.024096 -0.234474
v 0.237578 0.007139 -0.173317
v 0.230289 0.039137 -0.123367
v 0.208419 0.039481 -0.084381
v 0.121072 0.057961 -0.351089
v 0.171819 0.045161 -0.325390
v 0.218612 0.031965 -0.292034
v 0.237489 0.029889 -0.238804
v 0.241337 0.029538 -0.176636
v 0.223305 0.041304 -0.125507
v 0.203307 0.053072 -0.074581
v 0.149326 0.102949 -0.330555
v 0.176335 0.123235 -0.300636
v 0.223630 0.107902 -0.281834
v 0.197000 0.083963 -0.317844
v 0.220864 0.134508 -0.230289
v 0.177674 -0.015789 -0.283363
v 0.208690 -0.026614 -0.220684
v 0.206208 -0.009958 -0.149860
v 0.184719 0.019484 -0.318882
v 0.234250 0.000445 -0.230549
v 0.226583 0.021415 -0.126297
v 0.175386 0.043313 -0.326580
v 0.239658 0.027214 -0.237408
v 0.226460 0.039417 -0.123665
v 0.190509 0.105086 -0.311047
v 0.240624 0.112079 -0.233196
v 0.224315 0.119297 -0.137619
v 0.165387 0.136929 -0.285080
v 0.199988 0.146370 -0.228107
v 0.192381 0.149683 -0.163158
v 0.167274 -0.021648 -0.239590
v 0.182508 -0.020211 -0.212475
v 0.180687 -0.016967 -0.181568
v 0.154754 0.152935 -0.251915
v 0.169751 0.155970 -0.224800
v 0.167599 0.159004 -0.193893
v 0.229027 0.063851 -0.127216
v 0.245988 0.052215 -0.238152
v 0.184897 0.061349 -0.322559
v -0.213026 -0.112855 0.294910
v -0.160830 -0.167204 0.337383
v 0.002110 -0.179156 0.380070
v -0.325910 -0.117278 0.129662
v -0.263112 -0.222277 0.139484
v 0.002110 -0.228881 0.145084
v -0.259368 -0.059065 -0.176895
v -0.195111 -0.118131 -0.177742
v 0.002110 -0.175098 -0.176769
v -0.131524 -0.087597 -0.340836
v 0.002110 -0.140389 -0.345428
v -0.198342 0.018394 0.298660
v -0.124924 0.024241 0.361473
v -0.168890 0.186009 0.124252
v -0.291031 0.073872 0.131199
v 0.002110 0.018805 0.398228
v 0.002110 0.213415 0.127396
v -0.147163 0.183124 -0.165581
v -0.256192 0.048387 -0.107723
v 0.002110 0.213536 -0.154060
v -0.130553 0.133439 -0.327679
v -0.191742 0.041938 -0.348206
v 0.002110 0.167753 -0.296730
v -0.067267 0.040460 -0.399445
v -0.122550 0.017456 -0.382122
v 0.002110 0.028928 -0.421280
v -0.223336 0.139679 -0.177834
v -0.209072 0.172043 -0.208195
v -0.193749 0.156570 -0.275944
v -0.187881 0.123412 -0.294346
v -0.190592 0.043900 -0.166012
v -0.162857 0.048904 -0.282650
v -0.175806 0.099657 -0.177624
v -0.154885 0.100348 -0.272488
v -0.181753 -0.046913 -0.332085
v -0.154132 -0.038511 -0.315823
v -0.199734 -0.029459 -0.276218
v -0.122715 -0.024828 -0.361496
v -0.101237 -0.034154 -0.387032
v -0.069533 -0.003104 -0.402134
v -0.076058 -0.023885 -0.401066
v 0.002110 -0.038052 -0.408367
v 0.002110 -0.045261 -0.410320
v -0.189819 -0.059098 -0.259361
v -0.192342 -0.032963 -0.270149
v -0.137646 -0.032035 -0.328163
v -0.135644 -0.039438 -0.319603
v -0.072123 -0.007943 -0.375389
v -0.080876 -0.003593 -0.360092
v 0.002110 -0.039987 -0.382797
v 0.002110 -0.042428 -0.366718
v -0.196041 -0.031726 -0.256531
v -0.121627 -0.174399 0.350456
v -0.089828 0.022299 0.376297
v -0.117638 0.210597 0.123970
v -0.084354 0.196496 -0.170818
v -0.065273 0.131178 -0.324432
v -0.029347 0.032695 -0.413589
v -0.054612 -0.016046 -0.408028
v -0.041579 -0.024201 -0.364647
v -0.106722 -0.126594 -0.320049
v -0.145768 -0.157595 -0.175835
v -0.198861 -0.233770 0.142120
v -0.051939 -0.140950 -0.320534
v -0.063341 -0.172749 -0.176414
v -0.086842 -0.230729 0.143963
v -0.052656 -0.177358 0.368881
v -0.038582 0.019083 0.389942
v -0.050892 0.206369 0.126102
v -0.034674 0.210156 -0.159809
v -0.025415 0.157280 -0.303936
v -0.010282 0.029086 -0.419525
v -0.027909 -0.028096 -0.413612
v -0.285634 -0.082708 -0.090660
v -0.222356 -0.197557 -0.087933
v -0.166306 -0.217276 -0.085762
v -0.072433 -0.217168 -0.086460
v 0.002110 -0.215846 -0.086884
v 0.002110 0.226665 -0.080360
v -0.040021 0.224614 -0.084358
v -0.093516 0.218649 -0.090942
v -0.137745 0.198690 -0.083206
v -0.243096 0.067664 -0.030334
v 0.217242 -0.112855 0.294910
v 0.165047 -0.167204 0.337383
v 0.330127 -0.117278 0.129662
v 0.267330 -0.222277 0.139484
v 0.263586 -0.059065 -0.176895
v 0.199328 -0.118131 -0.177742
v 0.135740 -0.087597 -0.340836
v 0.202559 0.018394 0.298660
v 0.129140 0.024241 0.361473
v 0.173107 0.186009 0.124252
v 0.295247 0.073872 0.131199
v 0.151381 0.194894 -0.165581
v 0.260411 0.049078 -0.107723
v 0.134474 0.145209 -0.327679
v 0.194717 0.042628 -0.348206
v 0.071484 0.042015 -0.399445
v 0.126768 0.017917 -0.382122
v 0.224759 0.139938 -0.177834
v 0.212460 0.175267 -0.208195
v 0.192999 0.159793 -0.275944
v 0.175336 0.123671 -0.294346
v 0.194808 0.043900 -0.166012
v 0.166245 0.048904 -0.282650
v 0.179193 0.099657 -0.177624
v 0.154134 0.100348 -0.272488
v 0.185969 -0.046913 -0.332085
v 0.158349 -0.038511 -0.315823
v 0.203950 -0.029459 -0.276218
v 0.126933 -0.024828 -0.361496
v 0.105453 -0.034154 -0.387032
v 0.073750 -0.003104 -0.402134
v 0.080275 -0.023885 -0.401066
v 0.194036 -0.059098 -0.259361
v 0.196558 -0.032963 -0.270149
v 0.141864 -0.032035 -0.328163
v 0.139860 -0.039438 -0.319603
v 0.076339 -0.007943 -0.375389
v 0.085093 -0.003593 -0.360092
v 0.200259 -0.031726 -0.256531
v 0.125843 -0.174399 0.350456
v 0.094045 0.022299 0.376297
v 0.121856 0.210597 0.123970
v 0.088571 0.198309 -0.170818
v 0.069490 0.132991 -0.324432
v 0.033564 0.032954 -0.413589
v 0.058828 -0.016046 -0.408028
v 0.045795 -0.024201 -0.364647
v 0.110938 -0.126594 -0.320049
v 0.149984 -0.157595 -0.175835
v 0.203080 -0.233770 0.142120
v 0.056155 -0.140950 -0.320534
v 0.067557 -0.172749 -0.176414
v 0.091058 -0.230729 0.143963
v 0.056874 -0.177358 0.368881
v 0.042800 0.019083 0.389942
v 0.055108 0.206369 0.126102
v 0.038890 0.210156 -0.159809
v 0.029634 0.157280 -0.303936
v 0.014500 0.029086 -0.419525
v 0.032125 -0.028096 -0.413612
v 0.289850 -0.082708 -0.090660
v 0.226572 -0.197557 -0.087933
v 0.170524 -0.217276 -0.085762
v 0.076649 -0.217168 -0.086460
v 0.044237 0.224614 -0.084358
v 0.097733 0.218908 -0.090942
v 0.141961 0.200244 -0.083206
v 0.247313 0.067923 -0.030334
v 0.002110 0.220926 -0.120701
v -0.087430 0.210237 -0.133762
v -0.137787 0.189359 -0.126469
v -0.243130 0.057620 -0.073021
v 0.250503 0.057525 0.232368
v 0.233910 0.142631 0.128048
v 0.152415 0.119371 0.259502
v 0.163065 0.031924 0.335983
v 0.142709 0.205856 0.123310
v 0.108399 0.131539 0.267445
v 0.110054 0.022245 0.372040
v 0.278732 0.075167 0.040684
v 0.193261 0.143842 -0.050808
v 0.160975 0.205012 0.005192
v 0.115632 0.218535 -0.093006
v 0.113051 0.229201 -0.000259
v 0.197245 0.142592 -0.237259
v 0.190613 0.144104 -0.286247
v 0.209784 0.172878 -0.242302
v 0.227772 0.162000 -0.193901
v 0.141021 0.182908 -0.246967
v 0.095900 0.138661 -0.326492
v 0.082280 0.172029 -0.244183
v 0.113115 0.201225 -0.173626
v 0.158862 0.029056 -0.371044
v 0.104650 0.032529 -0.387402
v 0.096762 0.089869 -0.375389
v 0.162250 0.097525 -0.350948
v 0.048826 0.039565 -0.407906
v 0.046909 0.081755 -0.382114
v 0.186612 -0.149739 0.323814
v 0.223221 -0.209830 0.251953
v 0.304084 -0.183564 0.134140
v 0.272423 -0.127314 0.235802
v 0.147389 -0.173475 0.344700
v 0.170235 -0.218822 0.259502
v 0.238074 -0.234720 0.141548
v 0.256661 -0.218714 0.015110
v 0.263990 -0.149462 -0.095421
v 0.321723 -0.100315 0.009949
v 0.194126 -0.232887 0.016647
v 0.199851 -0.215365 -0.085541
v 0.232578 -0.090554 -0.184265
v 0.172400 -0.100715 -0.259510
v 0.150920 -0.057823 -0.329464
v 0.183713 -0.035407 -0.284153
v 0.229150 -0.042348 -0.243061
v 0.175735 -0.140787 -0.175655
v 0.131351 -0.138377 -0.259567
v 0.116899 -0.111486 -0.343147
v 0.200310 -0.047101 0.312168
v 0.133519 -0.080232 0.380657
v 0.327250 -0.022115 0.130211
v 0.100153 -0.086853 0.396683
v 0.281900 -0.008920 -0.056290
v 0.241131 0.106954 -0.132721
v 0.194526 0.181694 -0.192200
v 0.209750 0.134890 -0.121155
v 0.176353 0.158442 -0.294346
v 0.175776 0.091926 -0.332462
v 0.151747 0.074466 -0.293274
v 0.159451 0.106819 -0.223328
v 0.183537 0.067487 -0.154236
v 0.175836 0.035134 -0.224174
v 0.178336 0.044872 -0.311943
v 0.225079 0.040877 -0.139095
v 0.230516 0.023719 -0.231598
v 0.198930 0.119103 -0.167320
v 0.160069 0.113392 -0.291172
v 0.195927 -0.016528 -0.334961
v 0.268442 -0.014464 -0.152596
v 0.207100 -0.035376 -0.290222
v 0.170723 -0.055283 -0.286877
v 0.145163 -0.035933 -0.314552
v 0.173759 -0.035929 -0.296803
v 0.199832 -0.047230 -0.254837
v 0.110979 -0.017605 -0.344646
v 0.080510 -0.006159 -0.361065
v 0.109445 -0.016610 -0.355820
v 0.063213 -0.011211 -0.364021
v 0.041574 -0.027349 -0.364796
v 0.042389 -0.024325 -0.382477
v 0.095428 -0.049177 -0.386639
v 0.106182 -0.010683 -0.386257
v 0.141125 -0.034045 -0.346653
v 0.079126 -0.125018 -0.343502
v 0.034452 -0.136433 -0.343918
v 0.041860 -0.024995 -0.405426
v 0.072291 0.000767 -0.405991
v 0.116079 -0.008893 -0.387188
v 0.088051 -0.027846 -0.397396
v 0.145090 -0.043508 -0.364811
v 0.069511 -0.021572 -0.403214
v 0.048481 0.001225 -0.415188
v 0.201678 -0.027803 -0.256618
v 0.200269 -0.044841 -0.249977
v 0.189058 -0.042624 -0.303192
v 0.121337 -0.036655 -0.359840
v 0.134578 -0.033639 -0.343925
v 0.176464 -0.047563 -0.286076
v 0.076531 -0.021953 -0.390717
v 0.074788 0.002727 -0.382404
v 0.023727 -0.039725 -0.410553
v 0.049865 -0.024837 -0.406956
v 0.197015 -0.025998 -0.270386
v 0.069351 0.020766 0.382877
v 0.045504 -0.090235 0.415150
v 0.092610 -0.175825 0.359329
v 0.089694 0.208656 0.124996
v 0.049153 0.127080 0.274330
v 0.051211 0.229563 0.003052
v 0.071727 0.221555 -0.087769
v 0.047593 0.142850 -0.314789
v 0.035556 0.192662 -0.225899
v 0.062892 0.203260 -0.165524
v 0.022583 0.029954 -0.417282
v 0.019804 0.094296 -0.373970
v 0.022148 -0.012974 -0.424110
v 0.110266 -0.167628 -0.176117
v 0.059311 -0.154799 -0.260139
v 0.149100 -0.232305 0.143013
v 0.087094 -0.229486 0.015743
v 0.125290 -0.217678 -0.086098
v 0.076521 -0.218771 0.270081
v 0.032837 -0.174823 -0.176666
v 0.043871 -0.229448 0.144737
v 0.037104 -0.216340 -0.086758
v 0.027821 -0.178604 0.376637
v 0.021213 0.018683 0.395687
v 0.026992 0.210068 0.127003
v 0.021887 0.226223 -0.081581
v 0.015031 0.165326 -0.298267
v 0.019377 0.213072 -0.155708
v 0.007925 0.028872 -0.420849
v 0.212424 -0.157220 -0.136379
v 0.277144 -0.070738 -0.139519
v 0.159425 -0.188036 -0.133911
v 0.071736 -0.195897 -0.134514
v 0.040956 0.219476 -0.125641
v 0.091646 0.211273 -0.133762
v 0.142003 0.195575 -0.126469
v 0.247346 0.058656 -0.073021
v -0.158849 0.031924 0.335983
v -0.148199 0.119371 0.259502
v -0.229693 0.142631 0.128048
v -0.246285 0.057525 0.232368
v -0.105838 0.022245 0.372040
v -0.104183 0.131539 0.267445
v -0.138490 0.205856 0.123310
v -0.156759 0.205012 0.005192
v -0.189045 0.142806 -0.050808
v -0.274516 0.075167 0.040684
v -0.108834 0.229201 -0.000259
v -0.111416 0.217499 -0.093006
v -0.225418 0.160963 -0.193901
v -0.207429 0.170806 -0.242302
v -0.197570 0.143068 -0.286247
v -0.204203 0.142592 -0.237259
v -0.108897 0.193973 -0.173626
v -0.078064 0.169957 -0.244183
v -0.091683 0.131408 -0.326492
v -0.136805 0.170476 -0.246967
v -0.159895 0.091309 -0.350948
v -0.092544 0.083653 -0.375389
v -0.100433 0.031493 -0.387402
v -0.154644 0.028020 -0.371044
v -0.042692 0.080719 -0.382114
v -0.044610 0.038529 -0.407906
v -0.268205 -0.127314 0.235802
v -0.299868 -0.183564 0.134140
v -0.219005 -0.209830 0.251953
v -0.182396 -0.149739 0.323814
v -0.233858 -0.234720 0.141548
v -0.166018 -0.218822 0.259502
v -0.143173 -0.173475 0.344700
v -0.317507 -0.100315 0.009949
v -0.259774 -0.149462 -0.095421
v -0.252444 -0.218714 0.015110
v -0.195635 -0.215365 -0.085541
v -0.189907 -0.232887 0.016647
v -0.224934 -0.042348 -0.243061
v -0.179497 -0.035407 -0.284153
v -0.146703 -0.057823 -0.329464
v -0.168182 -0.100715 -0.259510
v -0.228362 -0.090554 -0.184265
v -0.112682 -0.111486 -0.343147
v -0.127135 -0.138377 -0.259567
v -0.171517 -0.140787 -0.175655
v -0.129303 -0.080232 0.380657
v -0.196092 -0.047101 0.312168
v -0.323034 -0.022115 0.130211
v -0.095937 -0.086853 0.396683
v -0.277684 -0.008920 -0.056290
v -0.205532 0.128673 -0.121155
v -0.190310 0.174442 -0.192200
v -0.236915 0.105918 -0.132721
v -0.173999 0.151190 -0.294346
v -0.182735 0.090890 -0.332462
v -0.171619 0.035134 -0.224174
v -0.179320 0.067487 -0.154236
v -0.157096 0.106819 -0.223328
v -0.149392 0.074466 -0.293274
v -0.226300 0.023719 -0.231598
v -0.220860 0.040877 -0.139095
v -0.175982 0.044872 -0.311943
v -0.196576 0.119103 -0.167320
v -0.167028 0.113392 -0.291172
v -0.202884 -0.035376 -0.290222
v -0.264225 -0.014464 -0.152596
v -0.191710 -0.016528 -0.334961
v -0.195616 -0.047230 -0.254837
v -0.169543 -0.035929 -0.296803
v -0.140946 -0.035933 -0.314552
v -0.166507 -0.055283 -0.286877
v -0.105226 -0.016610 -0.355820
v -0.076294 -0.006159 -0.361065
v -0.106763 -0.017605 -0.344646
v -0.038173 -0.024325 -0.382477
v 0.002110 -0.040224 -0.367821
v -0.037357 -0.027349 -0.364796
v -0.058997 -0.011211 -0.364021
v -0.136909 -0.034045 -0.346653
v -0.101966 -0.010683 -0.386257
v -0.091208 -0.049177 -0.386639
v -0.037642 -0.024995 -0.405426
v 0.002110 -0.091615 -0.390961
v -0.030235 -0.136433 -0.343918
v -0.074910 -0.125018 -0.343502
v -0.083835 -0.027846 -0.397396
v -0.111863 -0.008893 -0.387188
v -0.068073 0.000767 -0.405991
v -0.140874 -0.043508 -0.364811
v -0.044265 0.001225 -0.415188
v -0.065293 -0.021572 -0.403214
v -0.196051 -0.044841 -0.249977
v -0.197462 -0.027803 -0.256618
v -0.117121 -0.036655 -0.359840
v -0.184842 -0.042624 -0.303192
v -0.172248 -0.047563 -0.286076
v -0.130362 -0.033639 -0.343925
v -0.072314 -0.021953 -0.390717
v -0.070572 0.002727 -0.382404
v -0.045649 -0.024837 -0.406956
v -0.019509 -0.039725 -0.410553
v 0.002110 -0.045737 -0.397022
v 0.002110 -0.030362 -0.387753
v -0.192799 -0.025998 -0.270386
v -0.088392 -0.175825 0.359329
v -0.041287 -0.090235 0.415150
v -0.065135 0.020766 0.382877
v -0.044937 0.127080 0.274330
v -0.085475 0.208656 0.124996
v -0.067511 0.221555 -0.087769
v -0.046995 0.229563 0.003052
v -0.058674 0.203260 -0.165524
v -0.031340 0.192662 -0.225899
v -0.043377 0.142850 -0.314789
v -0.015587 0.094296 -0.373970
v -0.018367 0.029954 -0.417282
v -0.017932 -0.012974 -0.424110
v -0.055095 -0.154799 -0.260139
v -0.106050 -0.167628 -0.176117
v -0.121072 -0.217678 -0.086098
v -0.082878 -0.229486 0.015743
v -0.144884 -0.232305 0.143013
v -0.072305 -0.218771 0.270081
v 0.002110 -0.162447 -0.260490
v -0.028621 -0.174823 -0.176666
v -0.032887 -0.216340 -0.086758
v 0.002110 -0.227420 0.015194
v -0.039652 -0.229448 0.144737
v 0.002110 -0.218740 0.276508
v -0.023604 -0.178604 0.376637
v 0.002110 -0.092290 0.426361
v -0.016996 0.018683 0.395687
v 0.002110 0.131075 0.278519
v -0.022776 0.210068 0.127003
v -0.017671 0.226223 -0.081581
v 0.002110 0.234720 0.005058
v -0.015160 0.213072 -0.155708
v 0.002110 0.200530 -0.218544
v -0.010815 0.165326 -0.298267
v 0.002110 0.101050 -0.371185
v -0.003709 0.028872 -0.420849
v 0.002110 -0.020108 -0.426361
v -0.272928 -0.070738 -0.139519
v -0.208207 -0.157220 -0.136379
v -0.155209 -0.188036 -0.133911
v -0.067520 -0.195897 -0.134514
v 0.002110 -0.195652 -0.134892
v -0.036739 0.219476 -0.125641
v -0.197742 0.101991 0.245274
v -0.122691 0.128698 0.265297
v -0.214417 0.151353 0.026157
v -0.128154 0.226013 -0.001293
v -0.215231 0.158674 -0.240593
v -0.105032 0.168010 -0.247391
v -0.129110 0.062575 -0.372112
v -0.064117 0.084822 -0.379856
v -0.247458 -0.182779 0.244041
v -0.195296 -0.218839 0.256195
v -0.291001 -0.171459 0.009243
v -0.223346 -0.233950 0.016930
v -0.191005 -0.065164 -0.260162
v -0.149642 -0.123847 -0.259384
v -0.153296 -0.065079 0.358303
v -0.268794 -0.033062 0.230556
v -0.113009 -0.085796 0.390915
v -0.310445 -0.013414 0.027859
v -0.219644 0.144705 -0.154392
v -0.176111 0.173074 -0.244850
v -0.180920 0.119376 -0.322685
v -0.155771 0.068115 -0.222542
v -0.201192 0.030646 -0.224895
v -0.214921 0.080133 -0.128487
v -0.179032 0.128476 -0.229866
v -0.165303 0.078989 -0.326283
v -0.228750 -0.016580 -0.251175
v -0.172850 -0.045902 -0.281567
v -0.108804 -0.016672 -0.342506
v -0.043286 -0.022431 -0.365856
v -0.117026 -0.033048 -0.372433
v -0.056351 -0.088207 -0.385212
v -0.085722 -0.003622 -0.398064
v -0.149969 -0.013580 -0.373226
v -0.055438 0.002811 -0.411102
v -0.200349 -0.040570 -0.245625
v -0.153140 -0.043044 -0.331944
v -0.153964 -0.046393 -0.313347
v -0.093619 -0.026255 -0.378719
v -0.101514 -0.010572 -0.368111
v -0.042875 -0.033858 -0.398003
v -0.040688 -0.013820 -0.383286
v -0.185141 -0.035876 -0.271790
v -0.195380 -0.032595 -0.281761
v -0.069602 -0.088482 0.405575
v -0.075633 0.129459 0.270763
v -0.079036 0.229419 0.001331
v -0.053164 0.180597 -0.235432
v -0.027135 0.085982 -0.378799
v -0.031008 -0.005276 -0.420017
v -0.092422 -0.148122 -0.259842
v -0.138335 -0.231249 0.016216
v -0.120862 -0.218798 0.264599
v -0.024749 -0.160123 -0.260387
v -0.037792 -0.228054 0.015369
v -0.032829 -0.218749 0.274540
v -0.018265 -0.091659 0.422928
v -0.019979 0.129023 0.277229
v -0.020945 0.232530 0.004436
v -0.013596 0.198881 -0.220333
v -0.006200 0.099343 -0.371689
v -0.007299 -0.018150 -0.425983
v -0.245089 -0.120574 -0.144638
v -0.182604 -0.177802 -0.133724
v -0.112955 -0.193642 -0.134201
v -0.030582 -0.196079 -0.134773
v -0.016130 0.220962 -0.122211
v -0.062091 0.214874 -0.129848
v -0.108011 0.208644 -0.136303
v -0.190709 0.131644 -0.093266
v -0.271407 -0.010590 -0.102039
v 0.201959 0.101991 0.245274
v 0.126907 0.128698 0.265297
v 0.218634 0.151353 0.026157
v 0.132370 0.226013 -0.001293
v 0.211999 0.158674 -0.240593
v 0.109250 0.176298 -0.247391
v 0.133329 0.066720 -0.372112
v 0.068334 0.088966 -0.379856
v 0.251675 -0.182779 0.244041
v 0.199512 -0.218839 0.256195
v 0.295219 -0.171459 0.009243
v 0.227562 -0.233950 0.016930
v 0.195221 -0.065164 -0.260162
v 0.153858 -0.123847 -0.259384
v 0.157514 -0.065079 0.358303
v 0.273011 -0.033062 0.230556
v 0.117227 -0.085796 0.390915
v 0.314663 -0.013414 0.027859
v 0.223860 0.148849 -0.154392
v 0.180328 0.181363 -0.244850
v 0.177688 0.123520 -0.322685
v 0.159989 0.068115 -0.222542
v 0.205408 0.030646 -0.224895
v 0.219137 0.080133 -0.128487
v 0.175798 0.128476 -0.229866
v 0.162069 0.078989 -0.326283
v 0.232966 -0.016580 -0.251175
v 0.177066 -0.045902 -0.281567
v 0.113020 -0.016672 -0.342506
v 0.047503 -0.022431 -0.365856
v 0.121243 -0.033048 -0.372433
v 0.060570 -0.088207 -0.385212
v 0.089941 -0.003622 -0.398064
v 0.154187 -0.013580 -0.373226
v 0.059654 0.002811 -0.411102
v 0.204566 -0.040570 -0.245625
v 0.157359 -0.043044 -0.331944
v 0.158180 -0.046393 -0.313347
v 0.097836 -0.026255 -0.378719
v 0.105730 -0.010572 -0.368111
v 0.047093 -0.033858 -0.398003
v 0.044904 -0.013820 -0.383286
v 0.189357 -0.035876 -0.271790
v 0.199596 -0.032595 -0.281761
v 0.073820 -0.088482 0.405575
v 0.079851 0.129459 0.270763
v 0.083253 0.229419 0.001331
v 0.057380 0.180597 -0.235432
v 0.031351 0.085982 -0.378799
v 0.035224 -0.005276 -0.420017
v 0.096639 -0.148122 -0.259842
v 0.142551 -0.231249 0.016216
v 0.125078 -0.218798 0.264599
v 0.028965 -0.160123 -0.260387
v 0.042008 -0.228054 0.015369
v 0.037045 -0.218749 0.274540
v 0.022481 -0.091659 0.422928
v 0.024197 0.129023 0.277229
v 0.025163 0.232530 0.004436
v 0.017812 0.198881 -0.220333
v 0.010416 0.099343 -0.371689
v 0.011516 -0.018150 -0.425983
v 0.249307 -0.120574 -0.144638
v 0.186820 -0.177802 -0.133724
v 0.117171 -0.193642 -0.134201
v 0.034799 -0.196079 -0.134773
v 0.020347 0.220962 -0.122211
v 0.066307 0.214874 -0.129848
v 0.112227 0.212788 -0.136303
v 0.194925 0.135788 -0.093266
v 0.275623 -0.010590 -0.102039
v 0.300455 -0.078583 -0.147850
v 0.221800 -0.084175 -0.189823
v 0.257585 -0.154977 -0.276196
v 0.204960 -0.106137 -0.212437
v 0.246217 -0.001362 -0.108562
v 0.196572 -0.022084 -0.136749
v 0.142159 -0.186383 -0.282272
v 0.132559 -0.135860 -0.251560
v 0.305722 -0.131887 -0.210892
v 0.215693 -0.108221 -0.198494
v 0.311132 -0.199242 -0.175819
v 0.212118 -0.192866 -0.165688
v 0.200382 -0.191289 -0.169117
v 0.263647 -0.219126 -0.243988
v 0.290838 -0.159601 -0.072243
v 0.210938 -0.167612 -0.114883
v 0.237222 -0.063167 -0.047459
v 0.187576 -0.083889 -0.075645
v 0.128874 -0.181431 -0.208828
v 0.141318 -0.212310 -0.249783
v 0.093816 -0.155251 -0.252800
v 0.089715 -0.177744 -0.235119
v 0.096411 -0.194790 -0.251797
v 0.097978 -0.182536 -0.282337
v 0.097436 -0.217774 -0.285816
v 0.097230 -0.222914 -0.270863
v 0.085913 -0.213628 -0.285542
v 0.085567 -0.217234 -0.271893
v 0.069333 -0.173971 -0.264641
v 0.066922 -0.186152 -0.259808
v 0.069028 -0.193316 -0.267189
v 0.070440 -0.184171 -0.274792
v 0.068828 -0.163196 -0.226761
v 0.073642 -0.176384 -0.216450
v 0.067483 -0.176138 -0.233505
v 0.064201 -0.166999 -0.238373
v 0.131833 -0.154497 -0.221954
v 0.066669 -0.178519 -0.270966
v 0.066350 -0.190978 -0.273335
v 0.064168 -0.192808 -0.265408
v 0.064489 -0.180349 -0.263046
v 0.150045 -0.205109 -0.270920
v 0.059172 -0.166294 -0.231106
v 0.061302 -0.173029 -0.238724
v 0.066608 -0.178164 -0.224457
v 0.064478 -0.171429 -0.216827
v 0.105379 -0.182605 -0.221962
v 0.095365 -0.187733 -0.240669
v 0.112798 -0.203846 -0.246346
v 0.088016 -0.222938 -0.271351
v 0.081563 -0.218083 -0.280235
v 0.088247 -0.218694 -0.288578
v 0.094702 -0.223549 -0.279694
v 0.114738 -0.183559 -0.283878
v 0.099269 -0.165168 -0.270302
v 0.108808 -0.146984 -0.256493
v 0.110762 -0.218772 -0.262257
v 0.111189 -0.208653 -0.286163
v 0.091927 -0.201996 -0.285141
v 0.091187 -0.208661 -0.264175
v 0.092038 -0.191385 -0.270206
v 0.079561 -0.165137 -0.259785
v 0.075735 -0.183106 -0.250259
v 0.085481 -0.166478 -0.243996
v 0.079491 -0.193049 -0.261292
v 0.081071 -0.181911 -0.277058
v 0.089282 -0.152237 -0.234726
v 0.093510 -0.176663 -0.212959
v 0.078346 -0.175710 -0.234608
v 0.077566 -0.160393 -0.244129
v 0.261777 -0.208721 -0.165100
v 0.210734 -0.193965 -0.167683
v 0.232140 -0.217650 -0.200260
v 0.297523 -0.211804 -0.217800
v 0.249181 -0.177311 -0.081017
v 0.262542 -0.106193 -0.043125
v 0.205010 -0.072947 -0.046181
v 0.192342 -0.127621 -0.085354
v 0.170737 -0.186113 -0.188248
v 0.142349 -0.200372 -0.224148
v 0.206014 -0.216419 -0.250534
v 0.214858 -0.186721 -0.144871
v 0.307971 -0.186229 -0.121891
v 0.289974 -0.144314 -0.248165
v 0.231148 -0.118115 -0.250603
v 0.214221 -0.105707 -0.202320
v 0.260554 -0.107387 -0.210350
v 0.204483 -0.044185 -0.167839
v 0.217154 0.010490 -0.128666
v 0.274685 -0.022757 -0.125607
v 0.262834 -0.067674 -0.181385
v 0.203370 -0.169105 -0.282486
v 0.145692 -0.152678 -0.270824
v 0.175408 -0.119904 -0.232594
v 0.310009 -0.112468 -0.176868
v 0.221878 -0.103282 -0.197186
v 0.193012 -0.142323 -0.179222
v 0.198152 -0.148040 -0.180218
v 0.324182 -0.168068 -0.195232
v 0.270274 -0.193442 -0.271641
v 0.243532 -0.015059 -0.069782
v 0.308861 -0.117959 -0.102997
v 0.178631 -0.047398 -0.105057
v 0.203156 -0.127027 -0.159401
v 0.254468 -0.215863 -0.187321
v 0.225418 -0.130813 -0.050488
v 0.188206 -0.210726 -0.213032
v 0.260660 -0.199575 -0.124439
v 0.251759 -0.112032 -0.230656
v 0.241609 -0.019565 -0.160469
v 0.189558 -0.135045 -0.263893
v 0.266699 -0.094775 -0.195969
v 0.198932 -0.145132 -0.177002
v 0.307294 -0.182763 -0.240974
v 0.280313 -0.060904 -0.077324
v 0.203605 -0.016575 -0.081402
v 0.186712 -0.089475 -0.133636
v 0.167803 -0.146383 -0.201073
v 0.060905 -0.187284 -0.270222
v 0.209962 -0.199388 -0.275860
v 0.203264 -0.144277 -0.174637
v 0.324093 -0.150073 -0.145767
v 0.055628 -0.174222 -0.226501
v 0.114246 -0.191866 -0.232101
v 0.083755 -0.224581 -0.281803
v 0.118254 -0.160874 -0.271671
v 0.114211 -0.215110 -0.274136
v 0.101655 -0.203926 -0.289391
v 0.088322 -0.203931 -0.274738
v 0.100877 -0.215115 -0.259480
v 0.077209 -0.171895 -0.252666
v 0.077162 -0.190503 -0.253670
v 0.080720 -0.189706 -0.271530
v 0.080767 -0.171098 -0.270527
v 0.093636 -0.163850 -0.221256
v 0.086346 -0.179498 -0.221176
v 0.075716 -0.168652 -0.241955
v 0.083006 -0.153003 -0.242035
v 0.177149 -0.039697 0.225060
v 0.203993 -0.101126 0.219288
v 0.149089 -0.100104 0.310577
v 0.135893 -0.163056 0.271446
v 0.237875 -0.028062 0.171741
v 0.264546 -0.043856 0.130226
v 0.244767 -0.151236 0.136688
v 0.261056 -0.117176 0.099781
v 0.275883 -0.062845 0.276783
v 0.343440 -0.147635 0.215118
v 0.184448 -0.205297 0.298550
v 0.203536 -0.138954 0.343220
v 0.304752 -0.041199 0.212395
v 0.357688 -0.076764 0.163902
v 0.318712 -0.139787 0.120129
v 0.320425 -0.177504 0.154266
v 0.249324 -0.151566 0.232014
v 0.232086 -0.161937 0.162624
v 0.308510 -0.179951 0.175781
v 0.336856 -0.175985 0.227741
v 0.173559 -0.036864 0.259041
v 0.173785 -0.127309 0.195946
v 0.266023 -0.187792 0.229584
v 0.270006 -0.094720 0.305779
v 0.255735 -0.203865 0.233299
v 0.237259 -0.209618 0.164162
v 0.316727 -0.217897 0.211124
v 0.309556 -0.217342 0.167633
v 0.363443 -0.198624 0.237713
v 0.341930 -0.190133 0.249702
v 0.356936 -0.215828 0.236874
v 0.339776 -0.209633 0.252556
v 0.352678 -0.198764 0.184555
v 0.363320 -0.198702 0.200096
v 0.351265 -0.213754 0.179779
v 0.355899 -0.214516 0.193569
v 0.310531 -0.191468 0.127365
v 0.332416 -0.196359 0.133881
v 0.309784 -0.210134 0.126392
v 0.333318 -0.212159 0.131725
v 0.272166 -0.169836 0.159927
v 0.297037 -0.158735 0.235470
v 0.145794 -0.150250 0.231464
v 0.156518 -0.063653 0.288624
v 0.216693 -0.212025 0.266342
v 0.240672 -0.117799 0.335949
v 0.270061 -0.218748 0.165062
v 0.305947 -0.220421 0.189362
v 0.282596 -0.216127 0.222897
v 0.231726 -0.205774 0.200291
v 0.228102 -0.186571 0.164444
v 0.247687 -0.179846 0.234077
v 0.350320 -0.201445 0.255432
v 0.356945 -0.216375 0.247059
v 0.368320 -0.209978 0.236053
v 0.361695 -0.195048 0.244427
v 0.365494 -0.207811 0.196785
v 0.357981 -0.216434 0.185307
v 0.355968 -0.207109 0.180264
v 0.363481 -0.198485 0.191746
v 0.340755 -0.205669 0.129135
v 0.329511 -0.213714 0.124611
v 0.318079 -0.201979 0.121445
v 0.329325 -0.193933 0.125961
v 0.307551 -0.175136 0.246834
v 0.350706 -0.189702 0.233379
v 0.338314 -0.217065 0.228680
v 0.338002 -0.201110 0.220215
v 0.304955 -0.207666 0.250446
v 0.354131 -0.190573 0.210335
v 0.335879 -0.191373 0.183651
v 0.335979 -0.215506 0.176205
v 0.318662 -0.200945 0.167381
v 0.340712 -0.216560 0.198967
v 0.319320 -0.189268 0.149357
v 0.278543 -0.179907 0.139580
v 0.276672 -0.211624 0.137642
v 0.321160 -0.214536 0.144764
v 0.274763 -0.077401 0.291195
v 0.283739 -0.151117 0.274384
v 0.301183 -0.161693 0.222111
v 0.319410 -0.102395 0.253098
v 0.361482 -0.109691 0.191322
v 0.339917 -0.050945 0.195366
v 0.294300 -0.048057 0.247162
v 0.345104 -0.166088 0.180729
v 0.322778 -0.164134 0.132381
v 0.343652 -0.115363 0.134624
v 0.329542 -0.160824 0.218922
v 0.331036 -0.177391 0.201763
v 0.310589 -0.178259 0.170353
v 0.176568 -0.060371 0.213017
v 0.192310 -0.110832 0.203255
v 0.157948 -0.072225 0.220795
v 0.174057 -0.034899 0.242851
v 0.201976 -0.033196 0.190678
v 0.248554 -0.028015 0.147610
v 0.224689 -0.064146 0.164986
v 0.259544 -0.082240 0.106140
v 0.247319 -0.135370 0.108913
v 0.221726 -0.124320 0.170677
v 0.237267 -0.155736 0.156925
v 0.222899 -0.153626 0.197201
v 0.232186 -0.130462 0.223328
v 0.271206 -0.136151 0.221539
v 0.219590 -0.172844 0.201160
v 0.148279 -0.200017 0.288811
v 0.192752 -0.183719 0.334728
v 0.173030 -0.114834 0.340836
v 0.128558 -0.131132 0.294910
v 0.219357 -0.041233 0.256878
v 0.222095 -0.050498 0.294018
v 0.271535 -0.029434 0.188797
v 0.317128 -0.051441 0.136703
v 0.285562 -0.133499 0.098942
v 0.282322 -0.170758 0.135403
v 0.305438 -0.127327 0.262249
v 0.338368 -0.075513 0.228432
v 0.352714 -0.143431 0.159073
v 0.334288 -0.173948 0.195389
v 0.165719 -0.065085 0.217453
v 0.205516 -0.042584 0.177334
v 0.233355 -0.099380 0.134380
v 0.220504 -0.138692 0.189377
v 0.250469 -0.149615 0.203621
v 0.150900 -0.164590 0.326229
v 0.220688 -0.042797 0.276077
v 0.240202 -0.034486 0.224266
v 0.301666 -0.032958 0.161026
v 0.304452 -0.091266 0.111603
v 0.282387 -0.159201 0.111950
v 0.272772 -0.170556 0.154053
v 0.282020 -0.142084 0.230705
v 0.138235 -0.097292 0.253193
v 0.178352 -0.196206 0.238335
v 0.241603 -0.174572 0.307999
v 0.201487 -0.075657 0.322849
v 0.265221 -0.217386 0.195282
v 0.222129 -0.180253 0.200886
v 0.370633 -0.208485 0.247711
v 0.367082 -0.208779 0.187267
v 0.339582 -0.205487 0.119438
v 0.330378 -0.177427 0.240200
v 0.350886 -0.205380 0.228092
v 0.320386 -0.217357 0.239471
v 0.299877 -0.189404 0.251575
v 0.346115 -0.186797 0.198559
v 0.334015 -0.203419 0.175804
v 0.337235 -0.220210 0.186012
v 0.349336 -0.203588 0.208767
v 0.298934 -0.179839 0.145012
v 0.270502 -0.194743 0.137203
v 0.298913 -0.217829 0.140663
v 0.327345 -0.202925 0.148472
v -0.177149 -0.041121 0.222580
v -0.203993 -0.102551 0.216812
v -0.149089 -0.101528 0.308102
v -0.135893 -0.164481 0.268967
v -0.237875 -0.029486 0.169266
v -0.264546 -0.045280 0.127747
v -0.244767 -0.152660 0.134209
v -0.261056 -0.118601 0.097301
v -0.275883 -0.064269 0.274307
v -0.343440 -0.149060 0.212639
v -0.184448 -0.206721 0.296074
v -0.203536 -0.140379 0.340740
v -0.304752 -0.042623 0.209919
v -0.357688 -0.078189 0.161423
v -0.318712 -0.141211 0.117649
v -0.320425 -0.178928 0.151779
v -0.249324 -0.152990 0.229538
v -0.232086 -0.163361 0.160145
v -0.308510 -0.181375 0.173302
v -0.336856 -0.177409 0.225262
v -0.173559 -0.038288 0.256561
v -0.173785 -0.128733 0.193470
v -0.266023 -0.189216 0.227104
v -0.270006 -0.096144 0.303303
v -0.255735 -0.205289 0.230824
v -0.237259 -0.211042 0.161674
v -0.316727 -0.219321 0.208649
v -0.309557 -0.218766 0.165157
v -0.363443 -0.200048 0.235237
v -0.341930 -0.191557 0.247223
v -0.356936 -0.217252 0.234398
v -0.339777 -0.211058 0.250080
v -0.352677 -0.200188 0.182076
v -0.363321 -0.200126 0.197617
v -0.351265 -0.215179 0.177303
v -0.355897 -0.215940 0.191093
v -0.310529 -0.192892 0.124886
v -0.332415 -0.197783 0.131393
v -0.309784 -0.211558 0.123913
v -0.333318 -0.213584 0.129238
v -0.272166 -0.171260 0.157448
v -0.297036 -0.160160 0.232994
v -0.156518 -0.065077 0.286144
v -0.145794 -0.151675 0.228989
v -0.216693 -0.213449 0.263855
v -0.240672 -0.119223 0.333473
v -0.231726 -0.207198 0.197811
v -0.282596 -0.217552 0.220417
v -0.305949 -0.221845 0.186874
v -0.270061 -0.220172 0.162586
v -0.247687 -0.181270 0.231598
v -0.228102 -0.187995 0.161964
v -0.361694 -0.196472 0.241947
v -0.368320 -0.211402 0.233574
v -0.356946 -0.217799 0.244583
v -0.350320 -0.202869 0.252956
v -0.363481 -0.199909 0.189266
v -0.355968 -0.208533 0.177780
v -0.357981 -0.217859 0.182823
v -0.365494 -0.209235 0.194309
v -0.329325 -0.195358 0.123482
v -0.318079 -0.203403 0.118965
v -0.329510 -0.215138 0.122135
v -0.340755 -0.207093 0.126652
v -0.350706 -0.191126 0.230900
v -0.307551 -0.176560 0.244354
v -0.338002 -0.202534 0.217728
v -0.338315 -0.218489 0.226204
v -0.304955 -0.209091 0.247971
v -0.335879 -0.192798 0.181168
v -0.354131 -0.191997 0.207855
v -0.318662 -0.202369 0.164906
v -0.335979 -0.216930 0.173725
v -0.340710 -0.217984 0.196487
v -0.278543 -0.181332 0.137104
v -0.319320 -0.190693 0.146881
v -0.276672 -0.213049 0.135166
v -0.321160 -0.215961 0.142284
v -0.319411 -0.103819 0.250618
v -0.301183 -0.163118 0.219627
v -0.283739 -0.152542 0.271900
v -0.274763 -0.078825 0.288712
v -0.294300 -0.049481 0.244686
v -0.339917 -0.052370 0.192890
v -0.361482 -0.111116 0.188843
v -0.343652 -0.116787 0.132137
v -0.322778 -0.165558 0.129898
v -0.345105 -0.167512 0.178249
v -0.310588 -0.179683 0.167877
v -0.331036 -0.178815 0.199280
v -0.329542 -0.162248 0.216442
v -0.174057 -0.036323 0.240372
v -0.157948 -0.073649 0.218315
v -0.192310 -0.112256 0.200775
v -0.176568 -0.061796 0.210537
v -0.224689 -0.065571 0.162506
v -0.248554 -0.029439 0.145123
v -0.201976 -0.034620 0.188202
v -0.221726 -0.125744 0.168198
v -0.247319 -0.136795 0.106430
v -0.259544 -0.083664 0.103661
v -0.232186 -0.131886 0.220848
v -0.222899 -0.155050 0.194717
v -0.237267 -0.157160 0.154446
v -0.219590 -0.174268 0.198685
v -0.271206 -0.137575 0.219063
v -0.128558 -0.132556 0.292435
v -0.173030 -0.116259 0.338356
v -0.192752 -0.185143 0.332249
v -0.148279 -0.201441 0.286335
v -0.222095 -0.051923 0.291542
v -0.219357 -0.042658 0.254398
v -0.271535 -0.030858 0.186317
v -0.317130 -0.052865 0.134224
v -0.285562 -0.134923 0.096462
v -0.282322 -0.172183 0.132923
v -0.305438 -0.128751 0.259769
v -0.338368 -0.076937 0.225952
v -0.352712 -0.144856 0.156593
v -0.334288 -0.175373 0.192913
v -0.165719 -0.066509 0.214977
v -0.205516 -0.044008 0.174854
v -0.233355 -0.100804 0.131905
v -0.220504 -0.140116 0.186890
v -0.250469 -0.151039 0.201145
v -0.150900 -0.166014 0.323750
v -0.220688 -0.044222 0.273602
v -0.240202 -0.035910 0.221783
v -0.301666 -0.034382 0.158539
v -0.304451 -0.092691 0.109119
v -0.282387 -0.160625 0.109470
v -0.272772 -0.171980 0.151577
v -0.282020 -0.143508 0.228226
v -0.138235 -0.098716 0.250713
v -0.178352 -0.197630 0.235855
v -0.241603 -0.175996 0.305511
v -0.201487 -0.077082 0.320370
v -0.265221 -0.218810 0.192802
v -0.222129 -0.181678 0.198410
v -0.370632 -0.209909 0.245232
v -0.367083 -0.210203 0.184788
v -0.339581 -0.206911 0.116959
v -0.330378 -0.178852 0.237720
v -0.350888 -0.206804 0.225616
v -0.320386 -0.218781 0.236992
v -0.299878 -0.190828 0.249100
v -0.346115 -0.188221 0.196079
v -0.334015 -0.204843 0.173325
v -0.337235 -0.221634 0.183537
v -0.349335 -0.205012 0.206287
v -0.298934 -0.181263 0.142536
v -0.270502 -0.196167 0.134727
v -0.298913 -0.219253 0.138184
v -0.327345 -0.204349 0.145992
v -0.152033 -0.016766 -0.270050
v -0.181911 -0.022373 -0.240276
v -0.193244 -0.018682 -0.189743
v -0.179060 -0.009385 -0.149891
v -0.148873 0.019124 -0.329182
v -0.201688 -0.020271 -0.274338
v -0.221843 -0.015538 -0.174580
v -0.198746 0.020312 -0.099922
v -0.130469 0.057070 -0.351460
v -0.218534 0.027511 -0.288937
v -0.239606 0.028422 -0.174824
v -0.204887 0.053047 -0.075993
v -0.146344 0.088241 -0.334122
v -0.230600 0.080980 -0.289265
v -0.247709 0.087100 -0.176964
v -0.201949 0.101473 -0.090702
v -0.137245 0.116685 -0.322857
v -0.206431 0.125329 -0.271938
v -0.224228 0.133786 -0.185753
v -0.183049 0.137127 -0.114609
v -0.136757 0.144761 -0.279366
v -0.169094 0.148865 -0.249687
v -0.179779 0.153913 -0.201427
v -0.162765 0.157048 -0.161896
v -0.154979 -0.020105 -0.207600
v -0.148103 0.159748 -0.221508
v -0.194451 0.055274 -0.077763
v -0.234952 0.031465 -0.177700
v -0.211626 0.034985 -0.293236
v -0.112387 0.057877 -0.346409
v -0.240624 0.113645 -0.180134
v -0.223212 0.129936 -0.230289
v -0.229259 0.093770 -0.130634
v -0.194857 0.121659 -0.100384
v -0.207958 0.135893 -0.148384
v -0.186792 0.139379 -0.261127
v -0.154391 0.146283 -0.267727
v -0.134883 0.131417 -0.304508
v -0.201855 0.146495 -0.193100
v -0.178587 0.151296 -0.226376
v -0.172244 0.149068 -0.135754
v -0.173985 0.155540 -0.179230
v -0.151771 -0.021514 -0.238358
v -0.169551 -0.021226 -0.225262
v -0.176002 -0.018974 -0.197357
v -0.165693 -0.016655 -0.178131
v -0.158102 0.155266 -0.237904
v -0.141603 0.154332 -0.251316
v -0.164278 0.158185 -0.209999
v -0.154936 0.160631 -0.191093
v -0.198608 0.075376 -0.083149
v -0.242150 0.055180 -0.176979
v -0.221878 0.054443 -0.292694
v -0.128826 0.070594 -0.340080
v -0.168614 -0.020314 -0.258698
v -0.192074 -0.025517 -0.258232
v -0.177463 -0.003911 -0.305965
v -0.151731 -0.001747 -0.302280
v -0.191603 -0.021583 -0.215916
v -0.208496 -0.020841 -0.181103
v -0.217187 -0.023279 -0.225876
v -0.189160 -0.014175 -0.167297
v -0.190221 0.003480 -0.122791
v -0.213533 0.000350 -0.134460
v -0.212404 0.003752 -0.283802
v -0.179448 0.040018 -0.324833
v -0.141463 0.041427 -0.344864
v -0.233362 0.007139 -0.173317
v -0.237842 0.024096 -0.234474
v -0.204203 0.039481 -0.084381
v -0.226070 0.039137 -0.123367
v -0.214394 0.031965 -0.292034
v -0.167603 0.045161 -0.325390
v -0.116856 0.057961 -0.351089
v -0.237120 0.029538 -0.176636
v -0.233271 0.029889 -0.238804
v -0.199089 0.053072 -0.074581
v -0.219089 0.041304 -0.125507
v -0.193330 0.083582 -0.317844
v -0.223242 0.105236 -0.281834
v -0.175400 0.120949 -0.300636
v -0.145109 0.102949 -0.330555
v -0.248442 0.082495 -0.236076
v -0.173457 -0.015789 -0.283363
v -0.204472 -0.026614 -0.220684
v -0.201990 -0.009958 -0.149860
v -0.180501 0.019484 -0.318882
v -0.230032 0.000445 -0.230549
v -0.222363 0.021415 -0.126297
v -0.171170 0.043313 -0.326580
v -0.235440 0.027214 -0.237408
v -0.222244 0.039417 -0.123665
v -0.188480 0.103562 -0.311047
v -0.240784 0.109031 -0.233196
v -0.222285 0.117773 -0.137619
v -0.163359 0.135405 -0.285080
v -0.200148 0.143322 -0.228107
v -0.190352 0.148159 -0.163158
v -0.163057 -0.021648 -0.239590
v -0.178291 -0.020211 -0.212475
v -0.176469 -0.016967 -0.181568
v -0.150536 0.152935 -0.251915
v -0.165535 0.155970 -0.224800
v -0.163381 0.159004 -0.193893
v -0.224811 0.063851 -0.127216
v -0.241772 0.052215 -0.238152
v -0.180679 0.061349 -0.322559
vt 0.104154 0.981502
vt 0.078921 0.978381
vt 0.080593 0.976155
vt 0.106318 0.974647
vt 0.054516 0.976437
vt 0.055772 0.973022
vt 0.083664 0.959042
vt 0.104357 0.954896
vt 0.062201 0.957214
vt 0.084265 0.937995
vt 0.100634 0.930815
vt 0.068378 0.936773
vt 0.078525 0.923962
vt 0.087249 0.919754
vt 0.070468 0.924560
vt 0.072912 0.914609
vt 0.079447 0.913921
vt 0.096054 0.919099
vt 0.088619 0.914850
vt 0.070852 0.916813
vt 0.073894 0.907601
vt 0.078855 0.908563
vt 0.077859 0.905165
vt 0.080620 0.907390
vt 0.135060 0.690558
vt 0.114117 0.687094
vt 0.111473 0.663004
vt 0.132913 0.662857
vt 0.131122 0.714948
vt 0.115247 0.709686
vt 0.106163 0.638701
vt 0.127702 0.635435
vt 0.155021 0.688981
vt 0.153454 0.663990
vt 0.124684 0.735473
vt 0.114722 0.731569
vt 0.147834 0.713720
vt 0.097039 0.615473
vt 0.122447 0.611882
vt 0.149507 0.640846
vt 0.119333 0.751580
vt 0.113980 0.748791
vt 0.136961 0.738983
vt 0.095403 0.596135
vt 0.125579 0.593500
vt 0.149549 0.621646
vt 0.125883 0.756159
vt 0.116025 0.762498
vt 0.113899 0.757920
vt 0.157715 0.606406
vt 0.137829 0.748809
vt 0.128813 0.759877
vt 0.120753 0.762798
vt 0.171391 0.631027
vt 0.162248 0.641095
vt 0.120753 0.767367
vt 0.115720 0.767457
vt 0.178139 0.595140
vt 0.188528 0.620268
vt 0.532283 0.065219
vt 0.529284 0.027687
vt 0.549299 0.030039
vt 0.556679 0.055916
vt 0.513360 0.064105
vt 0.516500 0.033994
vt 0.560352 0.011529
vt 0.535582 0.001288
vt 0.573708 0.043675
vt 0.540755 0.092334
vt 0.557796 0.077925
vt 0.514635 0.012596
vt 0.524997 0.081881
vt 0.573645 0.000957
vt 0.585771 0.033156
vt 0.571824 0.076176
vt 0.588032 0.000221
vt 0.595272 0.029019
vt 0.598487 0.003001
vt 0.600039 0.028570
vt 0.582577 0.063424
vt 0.589346 0.056149
vt 0.593038 0.053878
vt 0.261489 0.343570
vt 0.258027 0.341389
vt 0.256645 0.336304
vt 0.260996 0.339541
vt 0.264554 0.350317
vt 0.259560 0.350892
vt 0.254639 0.342271
vt 0.252999 0.338085
vt 0.267672 0.359343
vt 0.260020 0.357758
vt 0.253814 0.349191
vt 0.251405 0.347020
vt 0.252746 0.360263
vt 0.249866 0.358189
vt 0.809629 0.973025
vt 0.803208 0.980799
vt 0.799881 0.971669
vt 0.804852 0.967629
vt 0.798055 0.986602
vt 0.795921 0.975445
vt 0.797760 0.965201
vt 0.799481 0.960535
vt 0.817253 0.972144
vt 0.808695 0.965273
vt 0.795027 0.965121
vt 0.796939 0.959413
vt 0.803151 0.960848
vt 0.702753 0.763987
vt 0.695081 0.742786
vt 0.719101 0.739369
vt 0.723209 0.750715
vt 0.700354 0.721770
vt 0.724228 0.727580
vt 0.745201 0.736608
vt 0.745365 0.737935
vt 0.720162 0.784249
vt 0.735719 0.766264
vt 0.721782 0.702063
vt 0.739421 0.710702
vt 0.749372 0.733372
vt 0.750728 0.747187
vt 0.744366 0.801119
vt 0.755331 0.781924
vt 0.748106 0.682973
vt 0.756405 0.694426
vt 0.757012 0.718389
vt 0.763362 0.759918
vt 0.780746 0.793601
vt 0.772424 0.812138
vt 0.761687 0.676842
vt 0.766903 0.684441
vt 0.768990 0.699016
vt 0.785338 0.771681
vt 0.755754 0.667949
vt 0.760997 0.666511
vt 0.768324 0.671469
vt 0.772846 0.676313
vt 0.774631 0.686903
vt 0.758121 0.659986
vt 0.761610 0.656951
vt 0.772837 0.663200
vt 0.776162 0.665607
vt 0.778261 0.678301
vt 0.782857 0.681827
vt 0.782658 0.687441
vt 0.756732 0.655991
vt 0.760305 0.651666
vt 0.765914 0.664270
vt 0.770315 0.660592
vt 0.775382 0.657835
vt 0.777838 0.657041
vt 0.783218 0.675315
vt 0.790001 0.674789
vt 0.789612 0.680099
vt 0.775270 0.655270
vt 0.778862 0.655334
vt 0.787691 0.672252
vt 0.793991 0.678010
vt 0.794484 0.671368
vt 0.789325 0.669059
vt 0.737117 0.041756
vt 0.759703 0.051347
vt 0.757070 0.062211
vt 0.731425 0.062283
vt 0.747794 0.024727
vt 0.763280 0.041977
vt 0.780560 0.061438
vt 0.780601 0.062808
vt 0.758990 0.076940
vt 0.735111 0.084448
vt 0.779323 0.058116
vt 0.781579 0.069414
vt 0.769072 0.097901
vt 0.752565 0.106389
vt 0.773514 0.033047
vt 0.784719 0.052026
vt 0.785628 0.088445
vt 0.781598 0.117442
vt 0.773947 0.128795
vt 0.796118 0.023505
vt 0.804579 0.042351
vt 0.794904 0.111650
vt 0.790853 0.127906
vt 0.784982 0.137510
vt 0.819606 0.014399
vt 0.819843 0.029730
vt 0.801093 0.122939
vt 0.798019 0.134193
vt 0.792262 0.142064
vt 0.791450 0.001219
vt 0.811123 0.000221
vt 0.806555 0.127866
vt 0.804277 0.141201
vt 0.800502 0.145407
vt 0.790437 0.148532
vt 0.785096 0.147327
vt 0.814088 0.127033
vt 0.814382 0.130846
vt 0.808640 0.136663
vt 0.808454 0.147165
vt 0.804930 0.148370
vt 0.790639 0.152699
vt 0.788002 0.153969
vt 0.824066 0.133091
vt 0.820032 0.134222
vt 0.809863 0.143238
vt 0.809373 0.150320
vt 0.805720 0.150385
vt 0.485661 0.073381
vt 0.493023 0.037005
vt 0.494702 0.037788
vt 0.485726 0.076632
vt 0.477282 0.000252
vt 0.477016 0.000218
vt 0.408871 0.953733
vt 0.410127 0.925676
vt 0.438065 0.943094
vt 0.434620 0.971565
vt 0.417738 0.899330
vt 0.445819 0.914309
vt 0.462588 0.959930
vt 0.453986 0.975673
vt 0.462282 0.933261
vt 0.587388 0.680581
vt 0.595127 0.709309
vt 0.575417 0.718607
vt 0.567876 0.691853
vt 0.215945 0.005866
vt 0.213522 0.001546
vt 0.216074 0.000205
vt 0.218322 0.003550
vt 0.543611 0.182624
vt 0.536075 0.186767
vt 0.537768 0.178117
vt 0.542863 0.177928
vt 0.539778 0.173468
vt 0.543457 0.172639
vt 0.044635 0.612101
vt 0.040887 0.604352
vt 0.049020 0.609544
vt 0.048832 0.613963
vt 0.054891 0.614539
vt 0.054868 0.617304
vt 0.043180 0.619467
vt 0.048416 0.619051
vt 0.053142 0.619903
vt 0.007835 0.826247
vt 0.004249 0.811485
vt 0.016743 0.817622
vt 0.017041 0.829775
vt 0.000000 0.799821
vt 0.016261 0.806883
vt 0.031316 0.818751
vt 0.028400 0.827266
vt 0.025417 0.837107
vt 0.038385 0.843924
vt 0.032689 0.847811
vt 0.043961 0.840233
vt 0.051680 0.864714
vt 0.044550 0.862761
vt 0.036274 0.860332
vt 0.044748 0.878944
vt 0.036701 0.871745
vt 0.051957 0.885578
vt 0.048514 0.904635
vt 0.041963 0.893800
vt 0.033689 0.881392
vt 0.020024 0.533036
vt 0.008103 0.538433
vt 0.019992 0.516217
vt 0.032445 0.516307
vt 0.000000 0.544611
vt 0.009344 0.517394
vt 0.016911 0.494065
vt 0.029225 0.496542
vt 0.041917 0.500818
vt 0.835031 0.598170
vt 0.848034 0.593326
vt 0.844018 0.618141
vt 0.831371 0.620814
vt 0.860651 0.591177
vt 0.856541 0.616411
vt 0.856019 0.646605
vt 0.844853 0.647052
vt 0.833039 0.646620
vt 0.849945 0.672762
vt 0.839317 0.668614
vt 0.859033 0.674677
vt 0.863814 0.701687
vt 0.857167 0.696871
vt 0.847900 0.688702
vt 0.416012 0.453288
vt 0.414222 0.460303
vt 0.408492 0.429333
vt 0.408698 0.424841
vt 0.411302 0.462083
vt 0.407381 0.431046
vt 0.396308 0.404532
vt 0.396150 0.402959
vt 0.395242 0.400457
vt 0.863061 0.590287
vt 0.858268 0.615346
vt 0.864654 0.590132
vt 0.859698 0.615007
vt 0.857682 0.645818
vt 0.856656 0.646022
vt 0.988165 0.137843
vt 0.986773 0.138396
vt 0.985254 0.110915
vt 0.987132 0.111192
vt 0.860184 0.674480
vt 0.859152 0.674969
vt 0.983535 0.111379
vt 0.976748 0.085189
vt 0.979325 0.084254
vt 0.981971 0.085548
vt 0.707806 0.946446
vt 0.700646 0.946664
vt 0.700046 0.924420
vt 0.710208 0.921983
vt 0.262012 0.913301
vt 0.258952 0.907988
vt 0.278727 0.900505
vt 0.284625 0.908059
vt 0.296082 0.889149
vt 0.304299 0.897098
vt 0.699624 0.905067
vt 0.712279 0.900871
vt 0.888840 0.592351
vt 0.901996 0.598512
vt 0.902068 0.621420
vt 0.887377 0.617363
vt 0.912447 0.606641
vt 0.913354 0.626176
vt 0.912995 0.648665
vt 0.901791 0.648433
vt 0.886951 0.647557
vt 0.901183 0.671959
vt 0.887913 0.673328
vt 0.911313 0.669140
vt 0.908969 0.688608
vt 0.900410 0.693743
vt 0.889569 0.696886
vt 0.259797 0.897958
vt 0.274998 0.890969
vt 0.263494 0.885100
vt 0.273266 0.881123
vt 0.282354 0.873628
vt 0.288463 0.881264
vt 0.298461 0.866125
vt 0.308596 0.870046
vt 0.289568 0.862998
vt 0.292974 0.850679
vt 0.303433 0.848915
vt 0.314408 0.848054
vt 0.301826 0.832995
vt 0.311658 0.828032
vt 0.292740 0.839042
vt 0.289343 0.829244
vt 0.296930 0.817719
vt 0.304627 0.808994
vt 0.021060 0.845682
vt 0.016400 0.839476
vt 0.015921 0.855764
vt 0.011091 0.841272
vt 0.027149 0.858495
vt 0.026639 0.850937
vt 0.024231 0.868925
vt 0.029059 0.866116
vt 0.268988 0.871304
vt 0.273362 0.872641
vt 0.275497 0.857012
vt 0.278663 0.866430
vt 0.283798 0.860726
vt 0.284803 0.853161
vt 0.286129 0.845053
vt 0.282241 0.842667
vt 0.870014 0.646508
vt 0.872009 0.674050
vt 0.875656 0.699836
vt 0.864943 0.702066
vt 0.874820 0.590189
vt 0.871327 0.615452
vt 0.722731 0.964376
vt 0.716512 0.955654
vt 0.721392 0.928409
vt 0.729466 0.935109
vt 0.725766 0.905037
vt 0.735545 0.910107
vt 0.334789 0.428063
vt 0.342118 0.407848
vt 0.380068 0.456977
vt 0.355984 0.463968
vt 0.036941 0.032680
vt 0.054631 0.019387
vt 0.042494 0.072556
vt 0.016660 0.079978
vt 0.031705 0.143084
vt 0.000000 0.141105
vt 0.402079 0.520471
vt 0.364838 0.518763
vt 0.064583 0.013876
vt 0.055795 0.069538
vt 0.072931 0.011654
vt 0.065446 0.068416
vt 0.058430 0.143229
vt 0.047557 0.143576
vt 0.406803 0.575657
vt 0.365539 0.567788
vt 0.425575 0.522527
vt 0.435867 0.587013
vt 0.432443 0.634890
vt 0.402175 0.617344
vt 0.361476 0.606254
vt 0.436324 0.523037
vt 0.447242 0.590526
vt 0.063020 0.208010
vt 0.052947 0.208549
vt 0.071008 0.255296
vt 0.061675 0.256369
vt 0.442630 0.640198
vt 0.400481 0.686145
vt 0.412009 0.694845
vt 0.410769 0.720133
vt 0.402059 0.718329
vt 0.418010 0.702588
vt 0.417340 0.721062
vt 0.409629 0.739283
vt 0.402316 0.744866
vt 0.391670 0.749249
vt 0.043034 0.294213
vt 0.062987 0.298408
vt 0.065003 0.336871
vt 0.048436 0.336652
vt 0.075786 0.296942
vt 0.079065 0.335201
vt 0.085735 0.377046
vt 0.071964 0.378122
vt 0.051695 0.378739
vt 0.642402 0.724779
vt 0.617633 0.708802
vt 0.632048 0.693358
vt 0.649384 0.706167
vt 0.036395 0.390872
vt 0.071515 0.403617
vt 0.052447 0.401907
vt 0.621474 0.675012
vt 0.643143 0.662331
vt 0.647642 0.678970
vt 0.654684 0.690066
vt 0.086338 0.405944
vt 0.097509 0.407124
vt 0.104468 0.423533
vt 0.096510 0.420572
vt 0.620887 0.660750
vt 0.644112 0.650964
vt 0.263701 0.430092
vt 0.255870 0.462109
vt 0.225829 0.457645
vt 0.243724 0.414439
vt 0.261306 0.519596
vt 0.225403 0.517171
vt 0.204436 0.514274
vt 0.211177 0.453360
vt 0.234265 0.407088
vt 0.309795 0.362272
vt 0.280877 0.319805
vt 0.292663 0.321914
vt 0.318572 0.365911
vt 0.258952 0.263899
vt 0.273494 0.264925
vt 0.290890 0.265211
vt 0.307216 0.323557
vt 0.329283 0.368772
vt 0.270493 0.584433
vt 0.231960 0.584817
vt 0.280030 0.638929
vt 0.243874 0.641507
vt 0.217825 0.637449
vt 0.206365 0.581640
vt 0.264255 0.202073
vt 0.278720 0.202977
vt 0.279212 0.150853
vt 0.292495 0.152042
vt 0.307073 0.151933
vt 0.295341 0.202837
vt 0.292836 0.685634
vt 0.301890 0.721473
vt 0.289532 0.730734
vt 0.275780 0.689627
vt 0.308871 0.739433
vt 0.305649 0.743730
vt 0.822963 0.351128
vt 0.833244 0.347173
vt 0.837152 0.370758
vt 0.821310 0.364632
vt 0.277382 0.774429
vt 0.270277 0.730382
vt 0.293508 0.768270
vt 0.260844 0.686094
vt 0.257748 0.730312
vt 0.248573 0.684964
vt 0.264443 0.775683
vt 0.256260 0.763170
vt 0.249878 0.730410
vt 0.239469 0.685063
vt 0.289578 0.395755
vt 0.299316 0.420745
vt 0.281371 0.383648
vt 0.337957 0.394041
vt 0.306920 0.464948
vt 0.312849 0.519299
vt 0.230868 0.403123
vt 0.278357 0.378094
vt 0.448072 0.831267
vt 0.447607 0.820432
vt 0.491630 0.807514
vt 0.492161 0.816099
vt 0.546518 0.804442
vt 0.546491 0.812493
vt 0.494960 0.824292
vt 0.547494 0.822091
vt 0.319996 0.620313
vt 0.317561 0.574735
vt 0.351035 0.648172
vt 0.394520 0.655443
vt 0.403203 0.673446
vt 0.382195 0.661710
vt 0.012598 0.271046
vt 0.020536 0.308092
vt 0.005240 0.288378
vt 0.010753 0.316435
vt 0.002230 0.308979
vt 0.027939 0.335549
vt 0.029041 0.361359
vt 0.018743 0.351762
vt 0.011609 0.334220
vt 0.025432 0.376134
vt 0.374282 0.779908
vt 0.347541 0.778421
vt 0.374055 0.769893
vt 0.389484 0.764599
vt 0.016750 0.357136
vt 0.351314 0.742913
vt 0.343856 0.711244
vt 0.361719 0.710359
vt 0.365160 0.748667
vt 0.348604 0.679740
vt 0.361379 0.673361
vt 0.378803 0.686031
vt 0.382683 0.710784
vt 0.379178 0.737411
vt 0.912791 0.560248
vt 0.895930 0.503354
vt 0.908180 0.500083
vt 0.920480 0.542553
vt 0.881344 0.442916
vt 0.898583 0.458221
vt 0.913353 0.471353
vt 0.922610 0.499732
vt 0.926885 0.528261
vt 0.980471 0.964043
vt 0.949489 0.953660
vt 0.963375 0.941817
vt 0.984515 0.945016
vt 0.208979 0.247721
vt 0.216357 0.223206
vt 0.230899 0.228921
vt 0.220930 0.250026
vt 0.368229 0.659414
vt 0.389336 0.680449
vt 0.970185 0.922646
vt 0.982887 0.928715
vt 0.226754 0.190916
vt 0.240432 0.194931
vt 0.235624 0.159894
vt 0.246955 0.161617
vt 0.394413 0.714327
vt 0.386243 0.747532
vt 0.367609 0.766547
vt 0.347541 0.778421
vt 0.349131 0.758778
vt 0.299418 0.769690
vt 0.305666 0.747017
vt 0.315846 0.725870
vt 0.315875 0.771250
vt 0.316992 0.672475
vt 0.337673 0.715263
vt 0.347541 0.778421
vt 0.563333 0.589856
vt 0.570230 0.587225
vt 0.571003 0.602761
vt 0.565551 0.605843
vt 0.578522 0.596125
vt 0.576798 0.611615
vt 0.776260 0.618789
vt 0.768196 0.617040
vt 0.751597 0.600158
vt 0.758804 0.601904
vt 0.576796 0.621928
vt 0.574759 0.624864
vt 0.587990 0.638176
vt 0.587448 0.639420
vt 0.736960 0.582999
vt 0.744007 0.584892
vt 0.726605 0.565478
vt 0.734185 0.567685
vt 0.870462 0.144317
vt 0.869351 0.145377
vt 0.878989 0.128493
vt 0.878484 0.130873
vt 0.854127 0.063299
vt 0.852884 0.061079
vt 0.845000 0.045088
vt 0.850436 0.052699
vt 0.722853 0.547509
vt 0.731651 0.550216
vt 0.722683 0.526190
vt 0.730608 0.526190
vt 0.991518 0.407725
vt 0.983806 0.427909
vt 0.981291 0.430941
vt 0.990390 0.407725
vt 0.904818 0.001980
vt 0.905211 0.010147
vt 0.904059 0.003092
vt 0.904723 0.000000
vt 0.820585 0.341959
vt 0.820055 0.331374
vt 0.577893 0.640585
vt 0.583250 0.649210
vt 0.591471 0.663604
vt 0.578473 0.655571
vt 0.808148 0.323356
vt 0.804113 0.306090
vt 0.828641 0.317630
vt 0.849095 0.339092
vt 0.849420 0.299072
vt 0.861813 0.329062
vt 0.815767 0.289112
vt 0.822719 0.267949
vt 0.851235 0.267949
vt 0.390790 0.022852
vt 0.374712 0.023606
vt 0.361730 0.003077
vt 0.390790 0.000221
vt 0.363925 0.035230
vt 0.352505 0.023812
vt 0.336692 0.035471
vt 0.333729 0.023986
vt 0.675424 0.666741
vt 0.677412 0.670643
vt 0.665259 0.671590
vt 0.663057 0.662735
vt 0.680576 0.679373
vt 0.667903 0.684704
vt 0.685269 0.699258
vt 0.670255 0.703822
vt 0.301262 0.787414
vt 0.317471 0.791974
vt 0.347541 0.778421
vt 0.340003 0.790792
vt 0.647039 0.643307
vt 0.662827 0.650791
vt 0.662031 0.656396
vt 0.671492 0.655982
vt 0.674264 0.661341
vt 0.574102 0.581871
vt 0.581521 0.588262
vt 0.571619 0.584402
vt 0.673494 0.771602
vt 0.675609 0.771553
vt 0.668726 0.777482
vt 0.666423 0.775135
vt 0.749524 0.623502
vt 0.732203 0.601866
vt 0.749599 0.608359
vt 0.764817 0.625137
vt 0.720440 0.580887
vt 0.734831 0.589294
vt 0.782303 0.629106
vt 0.989270 0.759735
vt 0.982266 0.752412
vt 0.973850 0.735979
vt 0.985497 0.751065
vt 0.672244 0.723014
vt 0.669836 0.739634
vt 0.664955 0.755673
vt 0.665586 0.740970
vt 0.658737 0.770075
vt 0.660794 0.755244
vt 0.967661 0.722914
vt 0.982890 0.739064
vt 0.714956 0.571677
vt 0.724842 0.576856
vt 0.713013 0.567561
vt 0.718490 0.565580
vt 0.900318 0.124982
vt 0.892074 0.141826
vt 0.882650 0.141591
vt 0.890073 0.125522
vt 0.578129 0.638999
vt 0.591535 0.653058
vt 0.711876 0.561864
vt 0.714634 0.549999
vt 0.709326 0.556210
vt 0.709898 0.551466
vt 0.706375 0.542077
vt 0.707992 0.537632
vt 0.708116 0.526190
vt 0.715152 0.526190
vt 0.903557 0.087775
vt 0.902030 0.108420
vt 0.890530 0.110001
vt 0.892849 0.087775
vt 0.422500 0.498898
vt 0.424562 0.487415
vt 0.434674 0.477804
vt 0.434212 0.493490
vt 0.880849 0.110464
vt 0.880928 0.108272
vt 0.880525 0.119510
vt 0.881925 0.087775
vt 0.671510 0.756709
vt 0.671256 0.763374
vt 0.516399 0.350183
vt 0.512030 0.361329
vt 0.508817 0.357509
vt 0.509590 0.353291
vt 0.676582 0.764131
vt 0.510417 0.385383
vt 0.508817 0.378275
vt 0.512626 0.382570
vt 0.513937 0.388344
vt 0.771679 0.634686
vt 0.776157 0.630714
vt 0.789464 0.631816
vt 0.003068 0.396410
vt 0.001369 0.403893
vt 0.000000 0.387353
vt 0.000934 0.387293
vt 0.490811 0.794272
vt 0.545747 0.792025
vt 0.446890 0.803721
vt 0.446119 0.785751
vt 0.489929 0.780033
vt 0.544900 0.778673
vt 0.080333 0.066686
vt 0.075201 0.142693
vt 0.085807 0.008227
vt 0.099653 0.004542
vt 0.096340 0.064826
vt 0.093234 0.142118
vt 0.098903 0.251861
vt 0.084569 0.253641
vt 0.078558 0.207178
vt 0.095266 0.206284
vt 0.092049 0.330638
vt 0.097153 0.372016
vt 0.089176 0.294185
vt 0.101691 0.291203
vt 0.103430 0.325664
vt 0.106518 0.366359
vt 0.105622 0.405396
vt 0.110194 0.425459
vt 0.111643 0.402877
vt 0.114410 0.426628
vt 0.648849 0.633742
vt 0.669950 0.637580
vt 0.666089 0.644140
vt 0.648414 0.637798
vt 0.677537 0.642585
vt 0.675902 0.651484
vt 0.317283 0.107155
vt 0.326545 0.065536
vt 0.343800 0.065397
vt 0.337026 0.107016
vt 0.362355 0.065248
vt 0.358256 0.106867
vt 0.320978 0.202621
vt 0.317722 0.265652
vt 0.329558 0.151765
vt 0.353737 0.151584
vt 0.348544 0.202389
vt 0.346574 0.266127
vt 0.329663 0.326092
vt 0.345803 0.373184
vt 0.353800 0.328817
vt 0.363567 0.377928
vt 0.377440 0.065127
vt 0.375516 0.106745
vt 0.390790 0.065073
vt 0.390790 0.106692
vt 0.370956 0.202200
vt 0.370031 0.266513
vt 0.373394 0.151437
vt 0.390790 0.151372
vt 0.390790 0.202116
vt 0.390790 0.266683
vt 0.373424 0.331033
vt 0.378009 0.381786
vt 0.390790 0.332014
vt 0.390790 0.383492
vt 0.489213 0.768457
vt 0.544700 0.767818
vt 0.445492 0.771141
vt 0.445215 0.758212
vt 0.488896 0.758212
vt 0.544761 0.758212
vt 0.109353 0.063313
vt 0.107895 0.141650
vt 0.110909 0.001546
vt 0.120870 0.000220
vt 0.120870 0.062644
vt 0.120870 0.141443
vt 0.120870 0.249774
vt 0.110557 0.250414
vt 0.108849 0.205557
vt 0.120870 0.205235
vt 0.112682 0.322764
vt 0.114132 0.363402
vt 0.111866 0.289065
vt 0.120870 0.288207
vt 0.120870 0.321832
vt 0.120870 0.362599
vt 0.116538 0.401687
vt 0.117837 0.427319
vt 0.120870 0.401425
vt 0.120870 0.427545
vt 0.699825 0.531170
vt 0.699624 0.526190
vt 0.683371 0.638372
vt 0.672547 0.632246
vt 0.648957 0.630444
vt 0.673529 0.627526
vt 0.648929 0.627526
vt 0.259521 0.668165
vt 0.239672 0.663692
vt 0.286513 0.665390
vt 0.286245 0.126768
vt 0.267911 0.122664
vt 0.276226 0.102966
vt 0.292754 0.106208
vt 0.298972 0.128091
vt 0.312590 0.127997
vt 0.304483 0.107245
vt 0.333593 0.127851
vt 0.356179 0.127694
vt 0.374540 0.127567
vt 0.390790 0.127511
vt 0.100613 0.273385
vt 0.111360 0.271599
vt 0.120870 0.270809
vt 0.074182 0.277624
vt 0.087395 0.275581
vt 0.437834 0.663650
vt 0.427389 0.658324
vt 0.063450 0.278948
vt 0.047924 0.273820
vt 0.396129 0.640341
vt 0.356035 0.629372
vt 0.424012 0.679506
vt 0.319091 0.645091
vt 0.666627 0.459586
vt 0.687854 0.423627
vt 0.711975 0.430628
vt 0.673967 0.479831
vt 0.696722 0.368748
vt 0.734020 0.367038
vt 0.225081 0.079978
vt 0.241741 0.141105
vt 0.210036 0.143084
vt 0.199247 0.072556
vt 0.204800 0.032680
vt 0.187110 0.019387
vt 0.185946 0.069538
vt 0.177158 0.013876
vt 0.194184 0.143576
vt 0.183311 0.143229
vt 0.176295 0.068416
vt 0.168810 0.011654
vt 0.697424 0.319649
vt 0.738751 0.311768
vt 0.693495 0.281125
vt 0.734677 0.270017
vt 0.765272 0.252444
vt 0.767858 0.300395
vt 0.757551 0.364979
vt 0.779251 0.296876
vt 0.768317 0.364467
vt 0.775194 0.247129
vt 0.188794 0.208549
vt 0.180066 0.256369
vt 0.170733 0.255296
vt 0.178720 0.208010
vt 0.732559 0.201112
vt 0.733999 0.168879
vt 0.742722 0.167072
vt 0.744526 0.192399
vt 0.723735 0.137911
vt 0.734819 0.142302
vt 0.743330 0.147893
vt 0.750428 0.166141
vt 0.751723 0.184643
vt 0.198707 0.294213
vt 0.193305 0.336652
vt 0.176738 0.336871
vt 0.178754 0.298408
vt 0.189891 0.378739
vt 0.169777 0.378122
vt 0.156006 0.377046
vt 0.162675 0.335201
vt 0.165955 0.296942
vt 0.642055 0.530895
vt 0.648864 0.548884
vt 0.629969 0.561694
vt 0.614514 0.547184
vt 0.654453 0.564985
vt 0.647122 0.576082
vt 0.642363 0.592721
vt 0.618355 0.580039
vt 0.590592 0.561120
vt 0.170226 0.403617
vt 0.155403 0.405944
vt 0.643592 0.604087
vt 0.618808 0.594301
vt 0.145231 0.420572
vt 0.137273 0.423533
vt 0.144232 0.407124
vt 0.595431 0.457554
vt 0.575423 0.473231
vt 0.557501 0.429959
vt 0.587588 0.425488
vt 0.565950 0.480593
vt 0.542827 0.434250
vt 0.536075 0.373244
vt 0.557075 0.370343
vt 0.593032 0.367914
vt 0.471786 0.362272
vt 0.463008 0.365911
vt 0.488918 0.321914
vt 0.500703 0.319805
vt 0.452298 0.368772
vt 0.474365 0.323557
vt 0.490691 0.265211
vt 0.508087 0.264925
vt 0.522629 0.263899
vt 0.563642 0.302594
vt 0.602234 0.302978
vt 0.538008 0.305775
vt 0.549485 0.249882
vt 0.575574 0.245817
vt 0.611785 0.248400
vt 0.502861 0.202977
vt 0.517326 0.202073
vt 0.486240 0.202837
vt 0.474508 0.151933
vt 0.489086 0.152042
vt 0.502369 0.150853
vt 0.624610 0.201624
vt 0.607529 0.197624
vt 0.621301 0.156455
vt 0.633678 0.165730
vt 0.592570 0.201162
vt 0.602017 0.156808
vt 0.609133 0.112693
vt 0.625284 0.118861
vt 0.822963 0.184770
vt 0.821310 0.171267
vt 0.837152 0.165140
vt 0.833244 0.188726
vt 0.640669 0.147743
vt 0.637443 0.143439
vt 0.580280 0.202294
vt 0.589469 0.156877
vt 0.571162 0.202196
vt 0.581587 0.156779
vt 0.587979 0.123970
vt 0.596174 0.111437
vt 0.631100 0.466915
vt 0.621348 0.491943
vt 0.669799 0.493660
vt 0.613128 0.504069
vt 0.644653 0.368211
vt 0.638715 0.422645
vt 0.610109 0.509631
vt 0.562548 0.484564
vt 0.494960 0.692131
vt 0.547494 0.694333
vt 0.546491 0.703931
vt 0.492161 0.700324
vt 0.546518 0.711981
vt 0.491630 0.708910
vt 0.448072 0.685156
vt 0.447607 0.695991
vt 0.649373 0.312691
vt 0.651811 0.267044
vt 0.683272 0.239143
vt 0.714667 0.225584
vt 0.737393 0.213830
vt 0.729821 0.231861
vt 0.236501 0.288378
vt 0.238540 0.308979
vt 0.230556 0.316435
vt 0.221205 0.308092
vt 0.229143 0.271046
vt 0.213802 0.335549
vt 0.229161 0.334220
vt 0.220408 0.351762
vt 0.211729 0.361359
vt 0.212424 0.376133
vt 0.204375 0.390872
vt 0.742597 0.137908
vt 0.723653 0.122539
vt 0.706515 0.117237
vt 0.709552 0.107206
vt 0.679773 0.108695
vt 0.683178 0.144258
vt 0.697044 0.138495
vt 0.693598 0.176861
vt 0.675708 0.175975
vt 0.711083 0.149767
vt 0.714594 0.176435
vt 0.710708 0.201226
vt 0.693258 0.213915
vt 0.680463 0.207526
vt 0.886144 0.305598
vt 0.878155 0.287912
vt 0.891357 0.245463
vt 0.903602 0.248732
vt 0.872258 0.273627
vt 0.876935 0.245113
vt 0.886187 0.216748
vt 0.900949 0.203622
vt 0.918180 0.188324
vt 0.862045 0.960547
vt 0.843564 0.964837
vt 0.840457 0.944304
vt 0.851961 0.930275
vt 0.678824 0.222127
vt 0.700118 0.227884
vt 0.721257 0.206817
vt 0.173242 0.974523
vt 0.160803 0.976922
vt 0.149373 0.954956
vt 0.163982 0.949007
vt 0.136290 0.919578
vt 0.148420 0.915399
vt 0.726342 0.172887
vt 0.718159 0.139631
vt 0.699497 0.120588
vt 0.680990 0.128368
vt 0.679773 0.108695
vt 0.631202 0.117440
vt 0.647684 0.115877
vt 0.647656 0.161326
vt 0.637460 0.140147
vt 0.679773 0.108695
vt 0.669516 0.171949
vt 0.032889 0.239514
vt 0.001060 0.217038
vt 0.000000 0.167657
vt 0.020186 0.177466
vt 0.648803 0.214803
vt 0.976748 0.360021
vt 0.978838 0.344948
vt 0.983978 0.347854
vt 0.983250 0.362502
vt 0.000000 0.033264
vt 0.009068 0.014534
vt 0.011074 0.017425
vt 0.005369 0.036299
vt 0.776260 0.433590
vt 0.758804 0.450476
vt 0.751597 0.452222
vt 0.768196 0.435340
vt 0.790408 0.421541
vt 0.782303 0.423274
vt 0.021563 0.000201
vt 0.022096 0.001425
vt 0.992842 0.212897
vt 1.000000 0.226120
vt 0.998690 0.228461
vt 0.993319 0.211854
vt 0.744007 0.467488
vt 0.734185 0.484694
vt 0.726605 0.486901
vt 0.736960 0.469381
vt 0.996109 0.237297
vt 0.990377 0.245323
vt 0.845393 0.138226
vt 0.845488 0.136246
vt 0.846152 0.139339
vt 0.845000 0.146393
vt 0.981291 0.384509
vt 0.983806 0.387541
vt 0.722853 0.504871
vt 0.731651 0.502164
vt 0.820055 0.204525
vt 0.820585 0.193940
vt 0.849095 0.196806
vt 0.828641 0.218269
vt 0.804113 0.229809
vt 0.808148 0.212542
vt 0.815679 0.201496
vt 0.861813 0.206837
vt 0.849420 0.236826
vt 0.444889 0.035471
vt 0.429075 0.023812
vt 0.419850 0.003077
vt 0.447852 0.023986
vt 0.417656 0.035230
vt 0.406868 0.023606
vt 0.815767 0.246787
vt 0.675424 0.588310
vt 0.663057 0.592316
vt 0.665259 0.583461
vt 0.677412 0.584409
vt 0.667903 0.570347
vt 0.680576 0.575679
vt 0.670255 0.551229
vt 0.685269 0.555793
vt 0.649283 0.095122
vt 0.672411 0.096305
vt 0.679773 0.108695
vt 0.633049 0.099688
vt 0.646909 0.611744
vt 0.662031 0.598656
vt 0.662827 0.604261
vt 0.674264 0.593710
vt 0.671492 0.599070
vt 0.991068 0.354111
vt 0.993896 0.361524
vt 0.986900 0.367550
vt 0.237365 0.925967
vt 0.230294 0.922435
vt 0.232597 0.920087
vt 0.239480 0.926016
vt 0.984560 0.365164
vt 0.749524 0.428878
vt 0.764817 0.427243
vt 0.749599 0.444021
vt 0.732203 0.450514
vt 0.734831 0.463086
vt 0.720440 0.471493
vt 0.879211 0.022948
vt 0.870086 0.018977
vt 0.854208 0.006719
vt 0.871504 0.015577
vt 0.857454 0.016234
vt 0.840457 0.000205
vt 0.229457 0.956600
vt 0.224664 0.942326
vt 0.222608 0.927495
vt 0.228826 0.941897
vt 0.236115 0.974555
vt 0.233707 0.957936
vt 0.724842 0.475524
vt 0.714956 0.480703
vt 0.718490 0.486800
vt 0.713013 0.484819
vt 0.900318 0.050568
vt 0.890073 0.050029
vt 0.882650 0.033959
vt 0.892074 0.033724
vt 0.878484 0.044677
vt 0.870462 0.031233
vt 0.714634 0.502381
vt 0.711876 0.490516
vt 0.707992 0.514748
vt 0.706375 0.510303
vt 0.709898 0.500914
vt 0.709326 0.496170
vt 0.890530 0.065549
vt 0.902030 0.067131
vt 0.880928 0.067279
vt 0.880849 0.065086
vt 0.880525 0.056040
vt 0.235127 0.934195
vt 0.235380 0.940861
vt 0.240453 0.933439
vt 0.997959 0.301963
vt 0.991149 0.298855
vt 0.990377 0.294637
vt 0.993589 0.290817
vt 0.779090 0.419361
vt 0.782177 0.423032
vt 0.776157 0.421665
vt 0.771679 0.417694
vt 0.758683 0.392612
vt 0.760817 0.383495
vt 0.761751 0.383555
vt 0.760381 0.400094
vt 0.991270 0.347748
vt 0.985775 0.336007
vt 0.545747 0.724398
vt 0.490811 0.722152
vt 0.544900 0.737750
vt 0.489929 0.736391
vt 0.446119 0.730673
vt 0.446890 0.712703
vt 0.166540 0.142693
vt 0.161408 0.066686
vt 0.148507 0.142118
vt 0.145401 0.064826
vt 0.142088 0.004542
vt 0.155934 0.008227
vt 0.142838 0.251861
vt 0.146475 0.206284
vt 0.163183 0.207178
vt 0.157172 0.253641
vt 0.144588 0.372016
vt 0.149692 0.330638
vt 0.135223 0.366359
vt 0.138311 0.325664
vt 0.140050 0.291203
vt 0.152565 0.294185
vt 0.131547 0.425459
vt 0.136118 0.405396
vt 0.127331 0.426628
vt 0.130098 0.402877
vt 0.648849 0.621310
vt 0.648414 0.617253
vt 0.666089 0.610911
vt 0.669950 0.617472
vt 0.675902 0.603567
vt 0.677537 0.612467
vt 0.464298 0.107155
vt 0.444555 0.107016
vt 0.437780 0.065397
vt 0.455036 0.065536
vt 0.423325 0.106867
vt 0.419226 0.065248
vt 0.463859 0.265652
vt 0.460603 0.202621
vt 0.435006 0.266127
vt 0.433036 0.202389
vt 0.427844 0.151584
vt 0.452022 0.151765
vt 0.435778 0.373184
vt 0.451918 0.326092
vt 0.418014 0.377928
vt 0.427780 0.328817
vt 0.406065 0.106745
vt 0.404141 0.065127
vt 0.411550 0.266513
vt 0.410625 0.202200
vt 0.408187 0.151437
vt 0.403572 0.381786
vt 0.408157 0.331033
vt 0.544700 0.748605
vt 0.489213 0.747967
vt 0.445492 0.745282
vt 0.133846 0.141650
vt 0.132388 0.063313
vt 0.130832 0.001546
vt 0.132892 0.205557
vt 0.131184 0.250414
vt 0.127609 0.363402
vt 0.129059 0.322764
vt 0.129875 0.289065
vt 0.123904 0.427319
vt 0.125203 0.401687
vt 0.699825 0.521210
vt 0.648957 0.624607
vt 0.672547 0.622805
vt 0.683371 0.616680
vt 0.571365 0.223599
vt 0.591244 0.219119
vt 0.495336 0.126768
vt 0.488827 0.106208
vt 0.505355 0.102966
vt 0.513670 0.122664
vt 0.618278 0.221898
vt 0.468991 0.127997
vt 0.482609 0.128091
vt 0.477098 0.107245
vt 0.425402 0.127694
vt 0.447987 0.127851
vt 0.407040 0.127567
vt 0.130381 0.271599
vt 0.141128 0.273385
vt 0.154346 0.275581
vt 0.167559 0.277624
vt 0.762740 0.228975
vt 0.772077 0.223641
vt 0.193817 0.273820
vt 0.178291 0.278948
vt 0.688468 0.257971
vt 0.730308 0.246986
vt 0.762370 0.207760
vt 0.650905 0.242228
vt 0.481125 0.549871
vt 0.499115 0.568814
vt 0.492072 0.579009
vt 0.467930 0.568873
vt 0.517812 0.586248
vt 0.517329 0.587542
vt 0.520634 0.591640
vt 0.494224 0.591851
vt 0.467955 0.590950
vt 0.541325 0.568580
vt 0.539515 0.545806
vt 0.566879 0.538817
vt 0.565454 0.560950
vt 0.532603 0.523294
vt 0.562200 0.517255
vt 0.576768 0.520810
vt 0.585766 0.535354
vt 0.931317 0.598568
vt 0.953093 0.587203
vt 0.956500 0.612311
vt 0.939842 0.615556
vt 0.504998 0.611836
vt 0.484608 0.615619
vt 0.524184 0.607829
vt 0.531044 0.629459
vt 0.517631 0.631531
vt 0.506439 0.640960
vt 0.515929 0.556776
vt 0.504130 0.534422
vt 0.525627 0.578470
vt 0.103423 0.459244
vt 0.114427 0.478237
vt 0.089260 0.483298
vt 0.083738 0.473258
vt 0.116206 0.501295
vt 0.091041 0.498413
vt 0.066020 0.496668
vt 0.065232 0.489996
vt 0.064775 0.488815
vt 0.058997 0.479421
vt 0.037568 0.473146
vt 0.042348 0.451123
vt 0.066207 0.457004
vt 0.019250 0.463844
vt 0.016822 0.447004
vt 0.021164 0.431695
vt 0.040892 0.428517
vt 0.068204 0.434318
vt 0.103423 0.528155
vt 0.085529 0.522459
vt 0.086530 0.556742
vt 0.077044 0.545853
vt 0.062398 0.542921
vt 0.066405 0.516991
vt 0.088531 0.444583
vt 0.078029 0.464438
vt 0.065381 0.484967
vt 0.985479 0.064287
vt 0.986097 0.067282
vt 0.976748 0.034467
vt 0.978758 0.033849
vt 0.969414 0.255868
vt 0.972072 0.262228
vt 0.948268 0.264812
vt 0.946293 0.262397
vt 0.924092 0.268019
vt 0.922231 0.264030
vt 0.989866 0.000317
vt 0.989199 0.000221
vt 0.140833 0.477327
vt 0.144399 0.454593
vt 0.164221 0.452678
vt 0.159822 0.478016
vt 0.129437 0.794538
vt 0.124862 0.805257
vt 0.104069 0.798311
vt 0.109853 0.784478
vt 0.170076 0.430798
vt 0.188797 0.436693
vt 0.183070 0.455829
vt 0.178426 0.478061
vt 0.132580 0.839563
vt 0.152610 0.866167
vt 0.122949 0.874738
vt 0.103162 0.845781
vt 0.158696 0.885385
vt 0.142673 0.897707
vt 0.115645 0.898881
vt 0.094492 0.884387
vt 0.077231 0.854941
vt 0.000000 0.444853
vt 0.008514 0.424838
vt 0.006425 0.467421
vt 0.956887 0.646224
vt 0.935148 0.639453
vt 0.976168 0.642641
vt 0.970810 0.615914
vt 0.374039 0.963627
vt 0.356227 0.961520
vt 0.365860 0.933113
vt 0.386511 0.944775
vt 0.335389 0.948791
vt 0.344387 0.922472
vt 0.350450 0.892673
vt 0.374415 0.903503
vt 0.387512 0.920652
vt 0.972088 0.281599
vt 0.952812 0.281171
vt 0.971271 0.306315
vt 0.955684 0.302259
vt 0.940701 0.304839
vt 0.932127 0.283780
vt 0.053730 0.579858
vt 0.056063 0.583534
vt 0.055558 0.587365
vt 0.052759 0.582629
vt 0.927774 0.953978
vt 0.925847 0.958196
vt 0.922037 0.957526
vt 0.923226 0.953407
vt 0.918886 0.956450
vt 0.918801 0.953790
vt 0.787996 0.189387
vt 0.786909 0.193824
vt 0.783243 0.192299
vt 0.784626 0.188635
vt 0.149625 0.531995
vt 0.143784 0.503810
vt 0.159416 0.504928
vt 0.161308 0.529185
vt 0.173589 0.502904
vt 0.497304 0.641716
vt 0.477318 0.617629
vt 0.329181 0.942168
vt 0.335675 0.918702
vt 0.880368 0.184867
vt 0.876793 0.183279
vt 0.867715 0.162376
vt 0.871749 0.162448
vt 0.334602 0.918626
vt 0.327097 0.894455
vt 0.334859 0.891748
vt 0.124620 0.819762
vt 0.099354 0.819526
vt 0.077582 0.826612
vt 0.085572 0.803724
vt 0.955110 0.329987
vt 0.955161 0.335486
vt 0.950650 0.337111
vt 0.949147 0.330605
vt 0.465522 0.863571
vt 0.460472 0.865185
vt 0.460105 0.862284
vt 0.467059 0.858233
vt 0.459335 0.858883
vt 0.463007 0.855168
vt 0.550700 0.655926
vt 0.549515 0.662609
vt 0.545996 0.658323
vt 0.546971 0.653009
vt 0.533612 0.642718
vt 0.525361 0.643508
vt 0.534777 0.651693
vt 0.529088 0.652706
vt 0.523401 0.656535
vt 0.518428 0.650084
vt 0.510990 0.666430
vt 0.513771 0.670308
vt 0.511041 0.675124
vt 0.508481 0.669923
vt 0.904059 0.971604
vt 0.907271 0.969697
vt 0.909479 0.971888
vt 0.906499 0.974757
vt 0.913211 0.974772
vt 0.911406 0.977998
vt 0.165523 0.557590
vt 0.165077 0.562828
vt 0.160798 0.561716
vt 0.161405 0.557047
vt 0.077587 0.568032
vt 0.069909 0.559009
vt 0.071317 0.574378
vt 0.063982 0.567319
vt 0.053822 0.562971
vt 0.058542 0.556203
vt 0.510533 0.657882
vt 0.505797 0.658968
vt 0.163806 0.546558
vt 0.157650 0.549824
vt 0.082034 0.574825
vt 0.079204 0.578775
vt 0.154355 0.553719
vt 0.918794 0.980144
vt 0.918893 0.974338
vt 0.927204 0.978315
vt 0.927907 0.971226
vt 0.914912 0.969054
vt 0.919917 0.965840
vt 0.728731 0.003187
vt 0.724186 0.009760
vt 0.722339 0.005893
vt 0.723946 0.000186
vt 0.909192 0.966709
vt 0.912479 0.960482
vt 0.518009 0.664494
vt 0.515399 0.660489
vt 0.515423 0.670401
vt 0.795312 0.170968
vt 0.793246 0.180025
vt 0.788653 0.180313
vt 0.788570 0.173938
vt 0.790979 0.186790
vt 0.783289 0.182241
vt 0.781398 0.172008
vt 0.532779 0.662386
vt 0.529708 0.664069
vt 0.531580 0.669068
vt 0.529196 0.672896
vt 0.526893 0.671488
vt 0.525720 0.665617
vt 0.995393 0.262288
vt 0.997901 0.272109
vt 0.994128 0.273853
vt 0.990377 0.268831
vt 0.525961 0.673782
vt 0.522231 0.667229
vt 0.921613 0.961834
vt 0.927292 0.962605
vt 0.063693 0.579846
vt 0.059119 0.576173
vt 0.059793 0.584067
vt 0.053609 0.572638
vt 0.961254 0.322002
vt 0.952644 0.318863
vt 0.946593 0.327765
vt 0.944957 0.319051
vt 0.541798 0.644058
vt 0.540593 0.649675
vt 0.542809 0.660004
vt 0.538996 0.655804
vt 0.448742 0.850664
vt 0.456783 0.852755
vt 0.454944 0.859023
vt 0.450084 0.857695
vt 0.454359 0.864964
vt 0.450357 0.866327
vt 0.454534 0.869812
vt 0.445996 0.874442
vt 0.454978 0.872801
vt 0.440672 0.879251
vt 0.046250 0.568323
vt 0.040985 0.573545
vt 0.036507 0.573526
vt 0.045857 0.564113
vt 0.037479 0.567757
vt 0.045064 0.559379
vt 0.806197 0.528463
vt 0.797012 0.533860
vt 0.778671 0.508534
vt 0.786684 0.501318
vt 0.787743 0.540457
vt 0.772312 0.519742
vt 0.856090 0.882455
vt 0.868359 0.872154
vt 0.895220 0.884962
vt 0.877435 0.897773
vt 0.845000 0.889087
vt 0.861882 0.913327
vt 0.774459 0.474943
vt 0.790359 0.461109
vt 0.798520 0.486184
vt 0.811362 0.453220
vt 0.816627 0.473658
vt 0.824832 0.493484
vt 0.815157 0.510832
vt 0.261394 0.000221
vt 0.275009 0.002791
vt 0.268601 0.014952
vt 0.246511 0.015702
vt 0.292154 0.012605
vt 0.290887 0.022889
vt 0.285369 0.036099
vt 0.265672 0.034220
vt 0.240780 0.036152
vt 0.496093 0.974313
vt 0.490645 0.966091
vt 0.502060 0.957802
vt 0.510955 0.960930
vt 0.860575 0.392941
vt 0.860708 0.403190
vt 0.852038 0.394533
vt 0.848452 0.392282
vt 0.184851 0.746766
vt 0.188453 0.744504
vt 0.185687 0.757382
vt 0.182795 0.759035
vt 0.503986 0.944180
vt 0.513488 0.944076
vt 0.499209 0.917562
vt 0.511204 0.911088
vt 0.515884 0.917030
vt 0.493992 0.927058
vt 0.518088 0.900621
vt 0.530033 0.897387
vt 0.545183 0.900324
vt 0.520830 0.921124
vt 0.672846 0.796391
vt 0.692862 0.797964
vt 0.697384 0.799469
vt 0.670296 0.801708
vt 0.245797 0.803087
vt 0.255423 0.827801
vt 0.231303 0.836943
vt 0.218065 0.827173
vt 0.496056 0.892825
vt 0.502064 0.884861
vt 0.486102 0.870602
vt 0.488138 0.855592
vt 0.204386 0.839240
vt 0.190544 0.833971
vt 0.200284 0.820526
vt 0.218012 0.803735
vt 0.715927 0.669215
vt 0.704167 0.644331
vt 0.724128 0.634970
vt 0.732171 0.653139
vt 0.180191 0.828006
vt 0.175008 0.816338
vt 0.182671 0.810627
vt 0.194141 0.797233
vt 0.225342 0.793196
vt 0.235627 0.783103
vt 0.204933 0.791681
vt 0.208793 0.789113
vt 0.226849 0.784634
vt 0.947407 0.167219
vt 0.960623 0.157875
vt 0.963875 0.165802
vt 0.948504 0.181296
vt 0.509933 0.873138
vt 0.527023 0.872367
vt 0.491910 0.841272
vt 0.510700 0.860064
vt 0.394530 0.797290
vt 0.418341 0.786047
vt 0.420604 0.800191
vt 0.394001 0.805990
vt 0.548152 0.881887
vt 0.387852 0.865305
vt 0.410099 0.865884
vt 0.408506 0.882324
vt 0.380769 0.879383
vt 0.736405 0.864331
vt 0.725180 0.879074
vt 0.706267 0.883848
vt 0.713499 0.862738
vt 0.683351 0.872579
vt 0.683769 0.854504
vt 0.713907 0.834987
vt 0.691868 0.833612
vt 0.828701 0.548757
vt 0.820338 0.555079
vt 0.835149 0.541552
vt 0.856268 0.543650
vt 0.853760 0.552202
vt 0.848523 0.558812
vt 0.841354 0.521405
vt 0.861813 0.521371
vt 0.844920 0.496312
vt 0.859426 0.501358
vt 0.843448 0.474268
vt 0.863485 0.487840
vt 0.839454 0.457945
vt 0.858326 0.474284
vt 0.262935 0.081878
vt 0.248835 0.063503
vt 0.272927 0.059605
vt 0.283985 0.076190
vt 0.297214 0.053003
vt 0.298128 0.065065
vt 0.164903 0.803689
vt 0.169934 0.791103
vt 0.305246 0.041004
vt 0.163548 0.772105
vt 0.172658 0.761319
vt 0.178970 0.779907
vt 0.190120 0.777151
vt 0.192803 0.775868
vt 0.883513 0.376310
vt 0.879139 0.388053
vt 0.854789 0.390723
vt 0.883960 0.368444
vt 0.909120 0.336218
vt 0.898997 0.356110
vt 0.895219 0.371245
vt 0.362924 0.822838
vt 0.374146 0.846100
vt 0.358647 0.860748
vt 0.345269 0.841846
vt 0.706467 0.812854
vt 0.679839 0.815648
vt 0.426810 0.831517
vt 0.402227 0.834646
vt 0.424835 0.856644
vt 0.845863 0.853116
vt 0.856508 0.833606
vt 0.882064 0.847238
vt 0.873115 0.819976
vt 0.893861 0.821959
vt 0.910983 0.833830
vt 0.910614 0.856589
vt 0.663280 0.842455
vt 0.796518 0.587662
vt 0.778714 0.576516
vt 0.778532 0.561685
vt 0.808386 0.572576
vt 0.834792 0.575263
vt 0.204817 0.769336
vt 0.192860 0.756583
vt 0.207155 0.749570
vt 0.221945 0.761714
vt 0.964046 0.819038
vt 0.975086 0.806083
vt 0.981558 0.816084
vt 0.970998 0.833209
vt 0.189880 0.738918
vt 0.195132 0.730505
vt 0.212374 0.737146
vt 0.227041 0.746119
vt 0.209558 0.780434
vt 0.227113 0.773770
vt 0.973188 0.175860
vt 0.979954 0.187022
vt 0.965698 0.201460
vt 0.959002 0.191265
vt 0.867103 0.416282
vt 0.865805 0.424489
vt 0.854953 0.430452
vt 0.857576 0.422014
vt 0.933041 0.230817
vt 0.939687 0.230184
vt 0.938316 0.235426
vt 0.931317 0.236362
vt 0.912600 0.318304
vt 0.908602 0.311109
vt 0.912570 0.309216
vt 0.916472 0.314648
vt 0.850904 0.426970
vt 0.853986 0.421872
vt 0.838566 0.410887
vt 0.835906 0.413923
vt 0.831371 0.411944
vt 0.835090 0.408413
vt 0.759022 0.977290
vt 0.764762 0.975720
vt 0.766479 0.979574
vt 0.760781 0.981399
vt 0.186347 0.656612
vt 0.192614 0.656826
vt 0.194820 0.661272
vt 0.190631 0.662317
vt 0.182431 0.660130
vt 0.187429 0.665078
vt 0.820740 0.070833
vt 0.816450 0.065483
vt 0.819599 0.062008
vt 0.824717 0.068872
vt 0.620807 0.992910
vt 0.624747 0.989858
vt 0.627778 0.991355
vt 0.622974 0.996143
vt 0.964888 0.776330
vt 0.966696 0.781570
vt 0.960478 0.789538
vt 0.958277 0.785021
vt 0.000249 0.568408
vt 0.002986 0.561559
vt 0.007725 0.570076
vt 0.004698 0.575678
vt 0.879100 0.400388
vt 0.868065 0.405585
vt 0.857278 0.413771
vt 0.803085 0.397855
vt 0.793435 0.397923
vt 0.789455 0.391261
vt 0.796239 0.387607
vt 0.786047 0.399154
vt 0.781398 0.396099
vt 0.782040 0.390918
vt 0.788470 0.383585
vt 0.798272 0.373720
vt 0.194659 0.719708
vt 0.205548 0.721386
vt 0.191413 0.712625
vt 0.195581 0.709431
vt 0.612606 0.084194
vt 0.599678 0.093779
vt 0.601102 0.085282
vt 0.611238 0.073962
vt 0.216188 0.726069
vt 0.949445 0.220023
vt 0.943945 0.212684
vt 0.882978 0.404993
vt 0.937410 0.208401
vt 0.846532 0.408312
vt 0.844782 0.401260
vt 0.835990 0.403448
vt 0.842059 0.395804
vt 0.181982 0.673962
vt 0.181720 0.667259
vt 0.189900 0.672696
vt 0.195545 0.686737
vt 0.196925 0.671002
vt 0.202508 0.678581
vt 0.201011 0.665847
vt 0.211758 0.674897
vt 0.179792 0.745447
vt 0.173928 0.736323
vt 0.177255 0.731334
vt 0.170004 0.731711
vt 0.169714 0.727230
vt 0.773538 0.972772
vt 0.768720 0.968890
vt 0.181559 0.727948
vt 0.773578 0.956647
vt 0.759713 0.967364
vt 0.759779 0.959297
vt 0.755712 0.974879
vt 0.753377 0.967661
vt 0.749597 0.954816
vt 0.821203 0.096968
vt 0.822435 0.082039
vt 0.832603 0.087963
vt 0.839200 0.103895
vt 0.000000 0.587459
vt 0.007351 0.592405
vt 0.839613 0.092919
vt 0.852095 0.119462
vt 0.009631 0.618893
vt 0.016035 0.593433
vt 0.019999 0.619636
vt 0.947138 0.808854
vt 0.955238 0.805869
vt 0.940403 0.835590
vt 0.951404 0.830891
vt 0.964513 0.798816
vt 0.969225 0.783209
vt 0.970573 0.792748
vt 0.626296 0.968955
vt 0.626485 0.981141
vt 0.619817 0.981166
vt 0.617850 0.971161
vt 0.815539 0.078105
vt 0.813199 0.088858
vt 0.805082 0.766548
vt 0.837446 0.762679
vt 0.840825 0.777606
vt 0.807275 0.775933
vt 0.869132 0.761935
vt 0.860593 0.779770
vt 0.819146 0.942558
vt 0.798763 0.940217
vt 0.787528 0.918190
vt 0.814912 0.923799
vt 0.840907 0.794954
vt 0.809399 0.787284
vt 0.837950 0.741502
vt 0.865051 0.737338
vt 0.810961 0.748409
vt 0.818518 0.733715
vt 0.835927 0.723344
vt 0.857186 0.719174
vt 0.681833 0.078370
vt 0.655482 0.077221
vt 0.661145 0.058705
vt 0.678198 0.063630
vt 0.636022 0.066375
vt 0.645858 0.046904
vt 0.657732 0.030448
vt 0.669406 0.035593
vt 0.681559 0.043052
vt 0.688492 0.065346
vt 0.691795 0.074157
vt 0.689320 0.046127
vt 0.692138 0.047532
vt 0.692574 0.066614
vt 0.923424 0.388601
vt 0.920016 0.376351
vt 0.924228 0.377411
vt 0.929914 0.381940
vt 0.578681 0.793179
vt 0.585351 0.797554
vt 0.569749 0.803897
vt 0.572151 0.797678
vt 0.591901 0.803317
vt 0.567876 0.809849
vt 0.621135 0.951937
vt 0.620849 0.946440
vt 0.651403 0.937905
vt 0.649161 0.946575
vt 0.188560 0.939387
vt 0.186264 0.941806
vt 0.187314 0.912784
vt 0.198469 0.916404
vt 0.461049 0.482846
vt 0.495028 0.479529
vt 0.494241 0.496033
vt 0.470197 0.505277
vt 0.522595 0.468173
vt 0.519183 0.482587
vt 0.568783 0.771917
vt 0.572938 0.745195
vt 0.579208 0.755490
vt 0.573676 0.773318
vt 0.471042 0.458643
vt 0.493249 0.457170
vt 0.476998 0.434463
vt 0.491160 0.434002
vt 0.503883 0.434950
vt 0.514245 0.450042
vt 0.456834 0.464076
vt 0.460314 0.457397
vt 0.894973 0.918691
vt 0.906289 0.910560
vt 0.906393 0.933417
vt 0.901623 0.936495
vt 0.453390 0.452606
vt 0.462530 0.439537
vt 0.467725 0.439175
vt 0.205784 0.879918
vt 0.221105 0.882635
vt 0.681050 0.932256
vt 0.680901 0.947899
vt 0.773204 0.936101
vt 0.759535 0.919326
vt 0.230465 0.863605
vt 0.243333 0.854689
vt 0.982336 0.687385
vt 0.974125 0.705950
vt 0.956538 0.693446
vt 0.973565 0.673673
vt 0.584914 0.863105
vt 0.600945 0.850062
vt 0.621705 0.858043
vt 0.604427 0.879063
vt 0.796501 0.848415
vt 0.781398 0.829164
vt 0.798877 0.830410
vt 0.814195 0.846643
vt 0.940403 0.676033
vt 0.958109 0.663247
vt 0.643827 0.812317
vt 0.623794 0.805333
vt 0.616139 0.797377
vt 0.640432 0.799923
vt 0.607617 0.791382
vt 0.635609 0.789676
vt 0.601907 0.773084
vt 0.598755 0.751612
vt 0.620295 0.753826
vt 0.630742 0.769870
vt 0.597908 0.736090
vt 0.536075 0.938847
vt 0.549758 0.936729
vt 0.566134 0.955941
vt 0.550281 0.960971
vt 0.581452 0.978065
vt 0.560885 0.985403
vt 0.625483 0.742502
vt 0.566970 0.924058
vt 0.581893 0.940306
vt 0.504734 0.421235
vt 0.521340 0.434323
vt 0.640863 0.024560
vt 0.658320 0.010023
vt 0.597202 0.960482
vt 0.659214 0.002450
vt 0.672590 0.000214
vt 0.672741 0.012784
vt 0.480273 0.415539
vt 0.491016 0.415074
vt 0.684035 0.021825
vt 0.472589 0.422329
vt 0.697226 0.015327
vt 0.702687 0.015459
vt 0.693740 0.028385
vt 0.692113 0.026126
vt 0.936962 0.403707
vt 0.933329 0.414387
vt 0.946793 0.421347
vt 0.940841 0.433675
vt 0.936268 0.454033
vt 0.931330 0.418285
vt 0.913145 0.388701
vt 0.617850 0.923389
vt 0.644518 0.912579
vt 0.596549 0.827338
vt 0.572831 0.834809
vt 0.619216 0.897257
vt 0.638237 0.894345
vt 0.758683 0.887798
vt 0.783492 0.884188
vt 0.670070 0.902856
vt 0.652286 0.879632
vt 0.768623 0.862894
vt 0.785605 0.868125
vt 0.830513 0.823394
vt 0.803315 0.811325
vt 0.812234 0.893046
vt 0.805058 0.867907
vt 0.626905 0.829511
vt 0.644409 0.838566
vt 0.632540 0.859403
vt 0.930786 0.710587
vt 0.941957 0.724336
vt 0.935302 0.734080
vt 0.925171 0.722771
vt 0.928181 0.932038
vt 0.927789 0.910728
vt 0.942574 0.906286
vt 0.943579 0.923165
vt 0.938256 0.752618
vt 0.925480 0.760274
vt 0.922910 0.746667
vt 0.913996 0.738831
vt 0.442591 0.443444
vt 0.452121 0.431708
vt 0.916116 0.911863
vt 0.915516 0.933693
vt 0.436129 0.430723
vt 0.446345 0.420125
vt 0.940652 0.379376
vt 0.935297 0.369759
vt 0.938968 0.362043
vt 0.944397 0.373267
vt 0.667120 0.974014
vt 0.664947 0.970844
vt 0.665330 0.964911
vt 0.670636 0.967130
vt 0.917431 0.796925
vt 0.915109 0.790930
vt 0.920948 0.786648
vt 0.924282 0.791016
vt 0.945765 0.363064
vt 0.949732 0.372647
vt 0.983753 0.857765
vt 0.981291 0.856071
vt 0.982780 0.850144
vt 0.985521 0.852957
vt 0.299484 0.952971
vt 0.297963 0.946843
vt 0.302675 0.945890
vt 0.305010 0.951951
vt 0.900035 0.769475
vt 0.900442 0.762367
vt 0.904262 0.759987
vt 0.905068 0.764740
vt 0.903032 0.773043
vt 0.907452 0.767642
vt 0.020625 0.917160
vt 0.016696 0.917363
vt 0.017004 0.908818
vt 0.021094 0.910355
vt 0.487017 0.390715
vt 0.482543 0.397557
vt 0.482425 0.390068
vt 0.487409 0.381896
vt 0.885887 0.730038
vt 0.891337 0.723023
vt 0.898453 0.721545
vt 0.893614 0.727986
vt 0.888593 0.734655
vt 0.894083 0.732581
vt 0.936123 0.386239
vt 0.943792 0.396069
vt 0.933003 0.373047
vt 0.656013 0.988717
vt 0.659524 0.976948
vt 0.653486 0.984882
vt 0.649651 0.973770
vt 0.656728 0.970051
vt 0.915528 0.773215
vt 0.924300 0.776027
vt 0.915900 0.781211
vt 0.932904 0.773921
vt 0.940330 0.887329
vt 0.950857 0.886887
vt 0.950992 0.874674
vt 0.959788 0.871321
vt 0.931653 0.887622
vt 0.958903 0.410641
vt 0.952991 0.393715
vt 0.958304 0.384262
vt 0.277124 0.958836
vt 0.281017 0.947332
vt 0.289178 0.950509
vt 0.290479 0.957222
vt 0.280672 0.930407
vt 0.290834 0.941499
vt 0.297904 0.955984
vt 0.292584 0.929493
vt 0.296112 0.937394
vt 0.904851 0.743138
vt 0.908270 0.752587
vt 0.903970 0.752404
vt 0.912763 0.757012
vt 0.914296 0.764130
vt 0.909718 0.772391
vt 0.996949 0.868569
vt 0.990342 0.880051
vt 0.986134 0.865728
vt 0.991635 0.861872
vt 0.995822 0.857470
vt 0.989563 0.852600
vt 0.029563 0.938545
vt 0.011914 0.949617
vt 0.014601 0.935184
vt 0.022559 0.926674
vt 0.000000 0.964672
vt 0.005717 0.939969
vt 0.011095 0.923993
vt 0.468031 0.410294
vt 0.474817 0.414043
vt 0.463475 0.402105
vt 0.475917 0.390458
vt 0.908991 0.723152
vt 0.912056 0.713853
vt 0.902530 0.733495
vt 0.897319 0.738121
vt 0.209980 0.980776
vt 0.207520 0.993347
vt 0.200709 0.981293
vt 0.203202 0.973631
vt 0.195538 0.971633
vt 0.195350 0.964724
vt 0.976195 0.481858
vt 0.969411 0.488913
vt 0.964441 0.477786
vt 0.972899 0.467027
vt 0.964964 0.499076
vt 0.958146 0.491392
vt 0.951790 0.484919
vt 0.960096 0.467894
vt 0.971406 0.454751
vt 0.962892 0.511844
vt 0.956175 0.510692
vt 0.964895 0.524720
vt 0.958461 0.530392
vt 0.952721 0.535184
vt 0.949489 0.509704
vt 0.969261 0.535268
vt 0.964935 0.545198
vt 0.975991 0.542770
vt 0.973502 0.557556
vt 0.971832 0.570209
vt 0.961012 0.554289
vt 0.128984 0.562499
vt 0.116672 0.576257
vt 0.113575 0.563140
vt 0.131051 0.549722
vt 0.014894 0.769953
vt 0.004179 0.751116
vt 0.017601 0.753681
vt 0.028226 0.775283
vt 0.030716 0.754495
vt 0.039705 0.777542
vt 0.041865 0.792582
vt 0.050820 0.796595
vt 0.000000 0.723691
vt 0.013002 0.723475
vt 0.001650 0.695499
vt 0.013806 0.692334
vt 0.025395 0.691335
vt 0.025981 0.723455
vt 0.008423 0.674358
vt 0.019392 0.667925
vt 0.017756 0.656744
vt 0.027368 0.646882
vt 0.034334 0.641664
vt 0.028854 0.665042
vt 0.926060 0.149901
vt 0.908602 0.170968
vt 0.910192 0.167110
vt 0.927307 0.143205
vt 0.033337 0.756404
vt 0.041674 0.779278
vt 0.035069 0.757218
vt 0.042660 0.778973
vt 0.909913 0.165237
vt 0.925515 0.140514
vt 0.027848 0.725138
vt 0.026118 0.692532
vt 0.027243 0.693255
vt 0.029396 0.726004
vt 0.531532 0.154562
vt 0.543626 0.130659
vt 0.545451 0.131199
vt 0.532544 0.155650
vt 0.558991 0.109406
vt 0.561954 0.109344
vt 0.563863 0.111277
vt 0.546783 0.132341
vt 0.029062 0.665636
vt 0.030213 0.666892
vt 0.066765 0.783953
vt 0.062922 0.770011
vt 0.073516 0.765967
vt 0.074608 0.781466
vt 0.059703 0.750569
vt 0.072619 0.746269
vt 0.083253 0.741981
vt 0.082611 0.761100
vt 0.946506 0.121695
vt 0.926897 0.107112
vt 0.934622 0.102532
vt 0.951310 0.118069
vt 0.057728 0.720128
vt 0.072113 0.718171
vt 0.057348 0.688574
vt 0.072027 0.689760
vt 0.083442 0.693666
vt 0.083539 0.717645
vt 0.058909 0.665792
vt 0.072391 0.669120
vt 0.061442 0.647396
vt 0.072979 0.652366
vt 0.929202 0.015985
vt 0.947114 0.000220
vt 0.951462 0.007907
vt 0.935198 0.022099
vt 0.082935 0.675618
vt 0.942398 0.095406
vt 0.954536 0.108457
vt 0.922231 0.084542
vt 0.933294 0.080647
vt 0.943452 0.076439
vt 0.948829 0.087208
vt 0.956390 0.095051
vt 0.090967 0.718528
vt 0.090583 0.737842
vt 0.090961 0.699562
vt 0.930259 0.062474
vt 0.933294 0.044629
vt 0.943452 0.050886
vt 0.941278 0.063616
vt 0.922876 0.039081
vt 0.942398 0.030854
vt 0.954536 0.019115
vt 0.956390 0.032858
vt 0.948830 0.040352
vt 0.974131 0.497436
vt 0.972529 0.505025
vt 0.979705 0.496833
vt 0.981443 0.512012
vt 0.969679 0.512141
vt 0.972397 0.519215
vt 0.973857 0.526938
vt 0.979421 0.527457
vt 0.952524 0.079412
vt 0.957075 0.080039
vt 0.950282 0.071462
vt 0.957125 0.064160
vt 0.948007 0.064053
vt 0.950282 0.056687
vt 0.952524 0.048695
vt 0.957075 0.048153
vt 0.042506 0.665997
vt 0.040036 0.690838
vt 0.035746 0.643721
vt 0.046905 0.645085
vt 0.041423 0.723537
vt 0.045522 0.754746
vt 0.051209 0.796001
vt 0.051190 0.775116
vt 0.057642 0.790066
vn -0.682323 -0.720195 0.125516
vn -0.561545 -0.816569 -0.133723
vn -0.084214 -0.974788 0.206631
vn -0.069864 -0.965462 0.251001
vn -0.198175 -0.927057 -0.318265
vn 0.109291 -0.977102 0.182556
vn 0.444310 -0.521764 0.728251
vn 0.238364 -0.802311 0.547247
vn 0.501581 -0.796297 0.338125
vn 0.778610 -0.581556 0.235710
vn 0.872587 -0.412186 0.262098
vn 0.334810 -0.448687 0.828603
vn 0.165056 -0.747618 0.643292
vn 0.924899 -0.073635 0.373015
vn 0.525836 0.114388 0.842859
vn -0.158743 0.305753 0.938784
vn -0.462438 -0.030122 0.886140
vn -0.598269 -0.362071 0.714828
vn 0.045228 -0.973039 -0.226163
vn 0.221314 -0.929063 0.296414
vn 0.071134 -0.996779 0.037034
vn 0.257127 -0.865993 0.428884
vn 0.414907 -0.151394 0.897180
vn 0.514979 -0.352091 0.781555
vn -0.680021 -0.620279 0.390930
vn 0.023358 -0.927688 0.372626
vn 0.671463 -0.691343 0.266800
vn -0.770405 0.495288 -0.401455
vn -0.333659 0.809698 -0.482764
vn -0.302539 0.837443 -0.455149
vn -0.628171 0.468455 -0.621250
vn 0.268521 0.961252 0.062378
vn 0.073645 0.997086 0.019892
vn 0.319190 0.947597 -0.013312
vn -0.069250 0.758040 -0.648522
vn -0.282734 0.318460 -0.904790
vn 0.532627 0.242266 -0.810935
vn -0.398093 0.528304 -0.749944
vn -0.260345 0.653658 -0.710600
vn 0.617410 0.288734 -0.731735
vn -0.881000 0.451172 -0.142418
vn -0.799407 0.592865 -0.097264
vn -0.463407 0.869398 0.171468
vn 0.260021 0.946973 -0.188765
vn 0.811295 0.461977 -0.358298
vn 0.086071 0.652564 -0.752830
vn -0.018954 0.165505 -0.986027
vn 0.391247 0.919400 -0.040358
vn 0.316694 0.945908 -0.070454
vn 0.097332 0.563953 -0.820051
vn -0.038813 0.023081 -0.998980
vn -0.380657 0.615899 -0.689760
vn -0.859509 0.443984 -0.253223
vn 0.558224 0.500371 -0.661827
vn 0.887781 0.086744 0.452018
vn 0.187672 0.389297 0.901791
vn 0.567086 0.434518 0.699720
vn -0.397859 -0.379461 -0.835295
vn -0.827414 -0.173393 -0.534154
vn -0.984319 -0.053417 -0.168114
vn -0.919540 0.165973 0.356230
vn -0.808112 0.349592 0.474068
vn -0.324301 0.665128 0.672632
vn 0.569574 0.634251 0.522792
vn 0.978302 0.198990 0.057696
vn 0.955871 -0.124691 -0.266014
vn 0.956818 -0.152363 -0.247556
vn 0.549443 0.512222 0.660107
vn 0.361548 0.634221 0.683408
vn 0.648925 0.758224 -0.063191
vn 0.843248 0.347590 0.410017
vn 0.965466 0.007719 -0.260416
vn 0.532844 0.579366 -0.616775
vn 0.725867 -0.101536 0.680299
vn 0.641073 -0.666813 0.379981
vn 0.013317 -0.993392 -0.113997
vn 0.199551 -0.605453 -0.770459
vn 0.207444 0.082740 -0.974742
vn -0.079356 -0.702200 -0.707544
vn -0.066114 -0.548352 -0.833630
vn 0.997222 -0.013580 0.073241
vn -0.990750 0.021617 0.133966
vn 0.268879 0.820043 0.505207
vn 0.332800 0.437772 0.835225
vn 0.941708 -0.176007 0.286719
vn 0.680514 0.730852 0.052507
vn 0.132516 -0.156127 0.978808
vn 0.214634 -0.972521 0.090198
vn 0.081234 -0.920886 -0.381275
vn 0.485894 -0.535516 -0.690745
vn 0.583140 0.390336 -0.712450
vn 0.352926 -0.774479 0.525001
vn 0.304679 -0.844232 0.440958
vn 0.305896 -0.733753 0.606658
vn 0.529932 -0.657415 0.535703
vn 0.450731 -0.715989 0.533105
vn 0.501118 -0.820580 0.274826
vn -0.182973 -0.963416 0.195833
vn -0.313827 -0.901112 -0.299181
vn 0.435899 -0.859106 -0.268194
vn 0.410792 -0.717367 0.562703
vn -0.358292 -0.603142 -0.712633
vn 0.153475 -0.312778 -0.937345
vn 0.713388 0.344272 -0.610373
vn 0.991414 0.130755 -0.001128
vn 0.822558 -0.032467 0.567753
vn 0.115339 0.545146 -0.830369
vn -0.003220 0.314888 -0.949123
vn 0.301470 0.822244 -0.482733
vn 0.450618 0.696471 -0.558455
vn 0.236117 0.641574 -0.729817
vn 0.269932 0.386316 -0.881984
vn -0.356542 -0.804971 -0.474236
vn -0.125553 -0.960173 0.249607
vn -0.295381 -0.337283 -0.893863
vn -0.009920 0.096225 -0.995310
vn 0.607337 0.365796 -0.705220
vn 0.872567 -0.394740 -0.287762
vn 0.953630 0.296387 0.052396
vn 0.795969 -0.113703 0.594563
vn 0.320477 -0.599973 0.733026
vn 0.988571 0.120804 -0.090192
vn 0.746118 0.433782 0.505115
vn 0.510382 0.837441 -0.195456
vn 0.666632 -0.178697 0.723650
vn 0.380015 -0.731259 0.566435
vn 0.080186 -0.996335 0.029789
vn 0.024841 -0.836334 -0.547657
vn 0.206074 0.137993 -0.968758
vn 0.273332 0.679817 -0.680543
vn 0.104294 0.670508 0.734535
vn 0.211309 0.883252 0.418587
vn 0.121440 0.071156 0.990045
vn 0.132780 -0.985619 0.104518
vn 0.061514 -0.898001 -0.435672
vn 0.157429 -0.495175 -0.854411
vn 0.507735 0.291888 -0.810559
vn 0.437837 0.883948 -0.164118
vn -0.148039 -0.945237 -0.290879
vn -0.151679 -0.848140 -0.507595
vn -0.108702 -0.918432 -0.380350
vn -0.153922 -0.974991 -0.160317
vn 0.206136 -0.564572 -0.799229
vn 0.258077 -0.678135 -0.688135
vn 0.567403 -0.697171 -0.438185
vn 0.010349 -0.987164 -0.159375
vn -0.173257 -0.984742 0.016306
vn 0.066246 -0.996646 0.048044
vn -0.187288 -0.976349 0.108012
vn 0.732025 -0.670734 -0.119400
vn 0.735164 -0.652764 0.182847
vn 0.096760 -0.971778 0.215139
vn -0.155607 -0.973258 0.168986
vn 0.089657 -0.915405 0.392423
vn -0.072365 -0.962064 0.263052
vn 0.581273 -0.669480 0.462512
vn 0.564169 -0.612011 0.554217
vn 0.114247 -0.862752 0.492552
vn -0.019626 -0.940189 0.340088
vn 0.424123 -0.225225 -0.877151
vn 0.496252 -0.364771 -0.787830
vn 0.464398 0.818896 -0.337259
vn 0.583365 -0.058096 -0.810130
vn 0.823754 -0.191913 -0.533478
vn 0.760569 -0.407833 -0.505180
vn 0.900051 -0.404336 -0.162545
vn 0.959808 -0.211691 -0.184268
vn 0.982951 -0.151380 0.104366
vn 0.914976 -0.378936 0.138663
vn 0.820080 -0.394702 0.414342
vn 0.935292 -0.051130 0.350165
vn 0.830312 0.501379 0.243312
vn 0.789159 -0.361624 0.496443
vn 0.220008 0.972845 0.071891
vn 0.317957 0.948102 -0.002444
vn 0.389419 0.298785 -0.871252
vn 0.461778 0.093680 -0.882035
vn 0.757961 -0.219461 -0.614274
vn 0.702107 0.609446 -0.368269
vn 0.783981 0.595831 -0.174239
vn 0.951341 -0.242748 -0.189800
vn 0.977080 -0.163128 0.136763
vn 0.594185 0.802776 -0.049959
vn 0.317139 0.941456 -0.114383
vn 0.921936 -0.008830 0.387242
vn 0.885087 0.096092 0.455399
vn 0.328652 0.938519 -0.105693
vn 0.344218 0.127003 -0.930260
vn 0.345534 0.491308 -0.799514
vn 0.453934 0.522097 -0.722052
vn 0.517632 0.141020 -0.843902
vn 0.286655 0.694610 -0.659807
vn 0.343167 0.723003 -0.599586
vn 0.513080 0.748409 -0.420278
vn 0.697421 0.539445 -0.471809
vn 0.842316 0.106155 -0.528427
vn 0.842410 0.508604 -0.177952
vn 0.983728 0.084101 -0.158765
vn 0.635876 0.747944 -0.190375
vn 0.651321 0.756792 0.055197
vn 0.859478 0.500063 0.105994
vn 0.983350 0.089652 0.158071
vn 0.760989 0.545342 0.351423
vn 0.892669 0.147838 0.425777
vn 0.561151 0.783307 0.267470
vn 0.524151 0.781417 0.338604
vn 0.700303 0.569386 0.430553
vn 0.835109 0.185301 0.517935
vn 0.219951 0.809378 -0.544544
vn 0.248727 0.839332 -0.483380
vn 0.167007 0.884850 -0.434913
vn 0.189645 0.905351 -0.379966
vn 0.253421 0.925544 -0.281330
vn 0.345229 0.870895 -0.349797
vn 0.412969 0.892711 -0.180344
vn 0.290718 0.942517 -0.164755
vn 0.292265 0.955421 -0.041867
vn 0.420969 0.907070 0.002846
vn 0.379069 0.909661 0.169778
vn 0.269585 0.959839 0.077673
vn 0.270112 0.952367 0.141553
vn 0.373653 0.894858 0.244158
vn -0.022996 -0.998617 0.047285
vn -0.047912 -0.998043 -0.040172
vn 0.001013 -0.996805 0.079862
vn -0.050752 -0.997784 -0.043024
vn -0.014632 -0.993489 0.112984
vn -0.024077 -0.996316 0.082312
vn -0.002416 -0.984438 0.175717
vn -0.008795 -0.984457 0.175407
vn 0.121367 0.951721 -0.281951
vn 0.157719 0.945259 -0.285676
vn 0.158086 0.977801 -0.137529
vn 0.197233 0.956024 -0.217066
vn 0.249026 0.955854 -0.155981
vn 0.224511 0.971225 -0.079476
vn 0.214465 0.976732 0.000102
vn 0.180834 0.983462 0.010105
vn 0.964359 -0.205538 0.166632
vn 0.893496 -0.115733 0.433903
vn 0.851563 -0.057233 0.521119
vn 0.787831 -0.240825 -0.566856
vn 0.954382 -0.252021 -0.160125
vn 0.329814 -0.023830 -0.943745
vn 0.455858 -0.112526 -0.882910
vn -0.704560 0.240165 0.667770
vn -0.559115 0.418638 0.715634
vn -0.561504 0.654055 0.506878
vn -0.763920 0.390323 0.513881
vn -0.469161 0.437157 0.767321
vn -0.428968 0.723509 0.540852
vn -0.546996 0.800714 0.244239
vn -0.664584 0.721786 0.193266
vn -0.864700 0.468415 0.181332
vn -0.327309 0.469340 0.820115
vn -0.319647 0.754190 0.573605
vn -0.187789 0.517002 0.835132
vn -0.086952 0.807274 0.583736
vn -0.070972 0.938660 0.337462
vn -0.399790 0.866694 0.298346
vn -0.737307 0.657422 -0.155482
vn -0.844932 0.492992 -0.207482
vn -0.664535 0.741768 -0.090410
vn -0.704440 0.682857 -0.193572
vn -0.778039 0.580077 -0.241176
vn -0.822709 0.486439 -0.294155
vn -0.440226 0.897664 -0.020004
vn -0.068049 0.996632 0.045766
vn -0.074838 0.987384 -0.139539
vn -0.413682 0.892935 -0.177580
vn -0.770205 -0.552003 -0.319496
vn -0.920786 0.383499 0.071282
vn -0.961480 -0.037052 -0.272366
vn -0.668016 -0.733717 -0.124154
vn -0.351342 0.933468 0.072081
vn -0.363616 0.896015 -0.254835
vn -0.359750 0.790176 -0.496187
vn -0.891633 0.070587 -0.447222
vn -0.742094 -0.660661 0.113240
vn -0.359750 0.932579 0.029596
vn -0.163723 0.946583 -0.277804
vn -0.020875 0.931650 -0.362758
vn -0.018767 0.951889 -0.305867
vn -0.125823 0.931827 -0.340393
vn -0.120538 0.909353 -0.398179
vn -0.055393 0.829262 -0.556109
vn 0.024255 0.840724 -0.540921
vn -0.081146 0.775688 -0.625878
vn -0.829798 0.221914 -0.512045
vn -0.352374 0.444812 -0.823392
vn -0.314878 0.347188 -0.883353
vn -0.484031 0.063161 -0.872768
vn -0.179623 0.533768 -0.826333
vn -0.300720 0.281243 -0.911301
vn -0.329467 0.192224 -0.924393
vn -0.322174 0.096786 -0.941720
vn -0.042528 0.652090 -0.756948
vn -0.038732 0.663191 -0.747447
vn -0.147466 0.408761 -0.900649
vn -0.186353 0.384515 -0.904113
vn -0.732598 -0.034471 0.679788
vn -0.833940 -0.094600 0.543687
vn -0.771470 -0.388182 0.504132
vn -0.692170 -0.179996 0.698929
vn -0.975479 -0.128200 0.178899
vn -0.868852 -0.479362 0.123732
vn -0.643816 -0.758877 0.098010
vn -0.581826 -0.672458 0.457470
vn -0.577649 -0.379074 0.722927
vn -0.204825 -0.919438 0.335680
vn -0.312423 -0.628419 0.712377
vn -0.214290 -0.973675 0.077691
vn 0.019433 -0.998384 0.053406
vn -0.031897 -0.967046 0.252598
vn -0.184460 -0.716385 0.672880
vn -0.972187 -0.104737 -0.209482
vn -0.846518 -0.484533 -0.220532
vn -0.943577 -0.090638 -0.318508
vn -0.784630 -0.475610 -0.397681
vn -0.599874 -0.682461 -0.417610
vn -0.645512 -0.737742 -0.197612
vn -0.233327 -0.964580 -0.123062
vn -0.264823 -0.892322 -0.365553
vn -0.035828 -0.959277 -0.280185
vn 0.016818 -0.997594 -0.067255
vn -0.866498 -0.238692 -0.438415
vn -0.797475 -0.353166 -0.489191
vn -0.702204 -0.498105 -0.508726
vn -0.632865 -0.572487 -0.521287
vn -0.585140 -0.536807 -0.607824
vn -0.741916 -0.105974 -0.662065
vn -0.818895 -0.008529 -0.573881
vn -0.783745 -0.270362 -0.559150
vn -0.678447 -0.414766 -0.606366
vn -0.716531 -0.555281 -0.422192
vn -0.576270 -0.632582 -0.517448
vn -0.635491 -0.687268 -0.351873
vn -0.540667 -0.696612 -0.471604
vn -0.513111 -0.577973 -0.634558
vn -0.344106 -0.862498 -0.371065
vn -0.368981 -0.881390 -0.294966
vn -0.330954 -0.842834 -0.424382
vn -0.668260 0.049547 0.742276
vn -0.728472 0.071391 0.681345
vn -0.573840 -0.000334 0.818967
vn -0.829255 0.114622 0.546990
vn -0.964496 0.170959 0.201299
vn -0.389373 -0.084198 0.917224
vn -0.291453 -0.108542 0.950407
vn -0.910366 0.306484 -0.278030
vn -0.947165 0.249219 -0.201913
vn -0.893393 0.430923 -0.127096
vn -0.650971 0.684156 0.328889
vn -0.533418 0.728409 0.429982
vn -0.984887 0.114896 -0.129602
vn -0.218985 0.958865 0.180621
vn -0.026573 0.968863 -0.246166
vn -0.095297 0.845913 -0.524738
vn -0.480532 0.522984 -0.703973
vn -0.987485 0.026733 -0.155431
vn -0.674023 0.730987 0.106543
vn -0.615397 0.780457 -0.110330
vn -0.958189 0.200477 -0.204164
vn -0.978421 0.114448 0.172027
vn -0.547524 0.745843 -0.379389
vn -0.803103 0.104099 -0.586676
vn -0.813940 -0.362583 -0.453911
vn -0.901520 -0.381693 -0.203891
vn -0.927456 -0.371122 0.045767
vn -0.815127 0.509763 -0.275155
vn -0.201867 0.977680 -0.058244
vn -0.485297 0.846194 0.220096
vn -0.266586 0.834728 -0.481831
vn -0.523252 -0.154965 -0.837970
vn -0.547209 -0.654677 -0.521498
vn -0.593231 -0.797594 -0.109184
vn -0.665532 -0.691573 0.280704
vn -0.823844 -0.068698 0.562638
vn -0.579639 -0.672231 -0.460570
vn -0.814756 -0.488375 -0.312511
vn -0.936078 0.063622 -0.345991
vn -0.859254 -0.103060 -0.501060
vn -0.943985 0.195327 -0.265970
vn 0.960543 0.175764 0.215555
vn -0.825908 -0.289710 -0.483678
vn -0.690349 -0.369450 -0.622033
vn -0.476320 0.731616 -0.487706
vn -0.633741 -0.717905 -0.288072
vn 0.027982 -0.999581 0.007432
vn 0.470517 -0.841192 0.266478
vn -0.496199 -0.577960 -0.647881
vn -0.597895 0.785236 -0.161014
vn 0.211526 -0.947169 -0.241098
vn -0.530687 0.842700 0.090712
vn 0.574434 -0.706541 0.413311
vn 0.008676 -0.920885 0.389738
vn 0.078613 -0.961823 0.262137
vn -0.115988 0.957330 0.264700
vn -0.412086 -0.910325 -0.038659
vn 0.434959 0.776561 0.455811
vn -0.320974 -0.897145 0.303490
vn 0.000001 -0.962683 0.270630
vn 0.000001 -0.985279 -0.170953
vn 0.000001 0.883538 0.468359
vn 0.391680 0.826880 0.403555
vn 0.548332 0.714385 0.434725
vn -0.860993 0.206028 -0.465021
vn -0.666831 -0.142977 -0.731364
vn -0.738657 0.629450 -0.241202
vn -0.579323 0.296482 -0.759265
vn -0.178551 0.180501 -0.967233
vn -0.427802 -0.269627 -0.862721
vn -0.245978 -0.467765 -0.848935
vn -0.076238 -0.005849 -0.997073
vn 0.000000 -0.068556 -0.997647
vn -0.000000 -0.494671 -0.869080
vn -0.000000 -0.849997 -0.526787
vn -0.138369 -0.828745 -0.542251
vn -0.196559 -0.919687 -0.339913
vn -0.237504 -0.823697 -0.514894
vn -0.285757 -0.548356 -0.785906
vn -0.221615 -0.517459 -0.826513
vn -0.388199 0.052338 -0.920088
vn -0.366835 0.087826 -0.926131
vn -0.169814 -0.606706 -0.776577
vn -0.364481 -0.084208 -0.927396
vn -0.327731 -0.694327 -0.640705
vn -0.523990 -0.175975 -0.833347
vn -0.307380 0.044723 -0.950535
vn -0.332877 0.095396 -0.938133
vn -0.323831 -0.311562 -0.893344
vn -0.315026 -0.576194 -0.754161
vn -0.974562 -0.059560 -0.216058
vn -0.965149 -0.018101 -0.261074
vn 0.794252 0.130657 0.593374
vn 0.755540 0.438077 0.487080
vn 0.284961 -0.929722 0.233269
vn 0.077416 -0.965822 0.247376
vn 0.491268 -0.808327 0.324444
vn 0.189287 0.886668 0.421890
vn -0.458534 0.875410 0.152984
vn 0.760056 0.350745 0.547076
vn 0.539773 -0.699770 0.467939
vn 0.067928 -0.865808 0.495744
vn -0.441203 0.895397 0.060034
vn 0.117493 0.993040 -0.008186
vn -0.319766 -0.913615 0.251112
vn -0.360524 -0.456283 -0.813528
vn -0.395011 -0.437510 -0.807807
vn -0.283991 -0.833105 -0.474641
vn -0.000001 -0.884538 -0.466468
vn -0.000000 -0.952718 0.303856
vn 0.433564 0.900832 0.022885
vn -0.000001 0.998187 0.060197
vn 0.827018 0.323410 0.459834
vn 0.591249 0.766020 0.252265
vn -0.360626 -0.905618 0.223172
vn -0.290428 -0.106211 0.950984
vn -0.167037 0.525731 0.834090
vn -0.184677 -0.728237 0.659974
vn -0.182347 -0.745124 0.641514
vn -0.291477 -0.106686 0.950610
vn -0.190707 0.530134 0.826189
vn -0.021405 0.813224 0.581558
vn 0.025039 0.938194 0.345204
vn -0.077190 0.811743 0.578891
vn -0.041876 0.934567 0.353313
vn -0.071957 0.992969 -0.093998
vn -0.068650 0.990826 -0.116411
vn -0.004621 0.997824 0.065778
vn -0.052232 0.995330 0.081176
vn -0.273154 0.883257 -0.381110
vn -0.219685 0.804377 -0.552010
vn -0.220190 0.923713 -0.313481
vn -0.190056 0.944009 -0.269676
vn -0.269359 0.899944 -0.342851
vn -0.265055 0.808969 -0.524705
vn -0.115432 0.666742 -0.736295
vn -0.155183 0.406636 -0.900314
vn -0.164973 0.672583 -0.721399
vn -0.145904 0.404480 -0.902833
vn -0.271286 -0.090685 -0.958217
vn -0.310982 -0.027345 -0.950023
vn -0.207504 -0.942925 -0.260451
vn -0.168588 -0.913707 -0.369753
vn -0.156208 -0.959005 -0.236448
vn -0.102795 -0.939435 -0.326948
vn 0.023654 -0.997917 -0.060017
vn 0.019532 -0.998661 0.047899
vn -0.002502 -0.970783 -0.239947
vn 0.012736 -0.976326 -0.215930
vn 0.026607 -0.998076 -0.056010
vn 0.019746 -0.998949 0.041360
vn -0.032028 -0.970141 0.240419
vn -0.030573 -0.974420 0.222646
vn -0.097234 -0.971752 -0.215043
vn -0.057543 -0.955307 -0.289962
vn -0.000000 -0.977340 -0.211677
vn 0.000000 -0.962149 -0.272524
vn 0.021670 -0.998294 -0.054217
vn 0.015283 -0.999252 0.035524
vn 0.016394 -0.978846 -0.203939
vn -0.000000 -0.979451 -0.201682
vn -0.000000 -0.998535 -0.054106
vn 0.000000 -0.999444 0.033335
vn -0.022964 -0.978463 0.205141
vn -0.137737 -0.768527 0.624815
vn -0.000000 -0.979922 0.199384
vn 0.000000 -0.779909 0.625892
vn -0.223317 -0.115265 0.967907
vn -0.169223 0.538761 0.825288
vn -0.000000 -0.123041 0.992402
vn 0.000000 0.547095 0.837070
vn -0.125475 0.809841 0.573073
vn -0.123777 0.928104 0.351143
vn 0.000000 0.817935 0.575311
vn -0.000000 0.936557 0.350514
vn 0.000000 0.995126 -0.098615
vn -0.060981 0.993869 -0.092227
vn -0.104847 0.991165 0.081238
vn 0.000000 0.996932 0.078278
vn -0.141029 0.939906 -0.310947
vn -0.162745 0.842573 -0.513405
vn -0.077751 0.970420 -0.228560
vn -0.000002 0.977084 -0.212856
vn -0.000003 0.954614 -0.297845
vn -0.000002 0.859718 -0.510769
vn -0.123447 0.683867 -0.719087
vn -0.095605 0.403271 -0.910073
vn 0.000001 0.693108 -0.720834
vn 0.000000 0.406151 -0.913806
vn -0.152019 -0.223941 -0.962674
vn 0.000001 -0.299635 -0.954054
vn -0.668677 -0.505979 -0.544846
vn -0.483408 -0.606745 -0.631012
vn -0.929847 -0.142124 -0.339390
vn -0.352718 -0.684243 -0.638280
vn -0.170443 -0.805127 -0.568084
vn -0.076108 -0.863266 -0.498979
vn -0.030681 -0.891751 -0.451486
vn -0.003446 -0.905913 -0.423450
vn -0.000000 -0.909752 -0.415152
vn -0.101635 0.974469 -0.200202
vn -0.028391 0.983997 -0.175910
vn -0.000000 0.985224 -0.171272
vn -0.093821 0.957857 -0.271490
vn -0.135277 0.961686 -0.238453
vn -0.340893 0.911096 -0.231723
vn -0.659096 0.749824 -0.057924
vn -0.775273 0.631607 0.004862
vn -0.867414 0.497410 -0.013296
vn -0.963626 0.240749 -0.116038
vn 0.704556 0.240173 0.667771
vn 0.763919 0.390327 0.513880
vn 0.561504 0.654055 0.506879
vn 0.559111 0.418642 0.715635
vn 0.864698 0.468419 0.181331
vn 0.664585 0.721786 0.193265
vn 0.547003 0.800709 0.244237
vn 0.428971 0.723506 0.540854
vn 0.469158 0.437158 0.767322
vn 0.319647 0.754189 0.573607
vn 0.327309 0.469341 0.820115
vn 0.399796 0.866691 0.298345
vn 0.070974 0.938660 0.337461
vn 0.086953 0.807274 0.583736
vn 0.187793 0.517000 0.835132
vn 0.845282 0.492702 -0.206743
vn 0.737860 0.657352 -0.153135
vn 0.825641 0.485388 -0.287604
vn 0.781250 0.582708 -0.223832
vn 0.701352 0.693751 -0.163753
vn 0.663982 0.742838 -0.085554
vn 0.435196 0.900222 -0.014301
vn 0.383583 0.911952 -0.145626
vn 0.050922 0.990641 -0.126640
vn 0.063611 0.996816 0.048073
vn 0.756079 -0.532972 -0.379850
vn 0.651233 -0.735454 -0.187090
vn 0.908675 -0.278615 -0.310939
vn 0.973384 0.223098 -0.052456
vn 0.748922 -0.648941 0.134134
vn 0.918379 -0.236870 -0.316976
vn 0.600257 0.616622 -0.509381
vn 0.575317 0.761748 -0.297910
vn 0.537198 0.843425 0.007237
vn 0.351333 0.934274 0.060807
vn 0.011735 0.953143 -0.302294
vn -0.131596 0.929246 -0.345230
vn 0.011949 0.969330 -0.245474
vn 0.075507 0.770956 -0.632397
vn -0.148518 0.835149 -0.529593
vn -0.063813 0.836768 -0.543827
vn -0.019283 0.921487 -0.387931
vn -0.004022 0.945855 -0.324563
vn 0.826493 0.242034 -0.508260
vn 0.487890 0.065284 -0.870460
vn 0.329373 0.316936 -0.889419
vn 0.412497 0.421715 -0.807466
vn 0.321698 0.092124 -0.942350
vn 0.328873 0.178794 -0.927295
vn 0.294585 0.265703 -0.917944
vn 0.162207 0.512227 -0.843393
vn -0.037856 0.650600 -0.758477
vn 0.160609 0.377795 -0.911853
vn 0.127241 0.406725 -0.904646
vn -0.026866 0.666567 -0.744961
vn 0.732596 -0.034480 0.679790
vn 0.692167 -0.180005 0.698930
vn 0.771467 -0.388182 0.504135
vn 0.833940 -0.094607 0.543686
vn 0.577648 -0.379077 0.722927
vn 0.581822 -0.672460 0.457472
vn 0.643815 -0.758878 0.098013
vn 0.868852 -0.479361 0.123733
vn 0.975480 -0.128201 0.178897
vn 0.312423 -0.628420 0.712376
vn 0.204828 -0.919436 0.335683
vn 0.184463 -0.716385 0.672879
vn 0.031896 -0.967046 0.252596
vn -0.019433 -0.998384 0.053405
vn 0.214293 -0.973675 0.077693
vn 0.846521 -0.484527 -0.220534
vn 0.972187 -0.104735 -0.209485
vn 0.645507 -0.737746 -0.197615
vn 0.599868 -0.682465 -0.417612
vn 0.784631 -0.475608 -0.397682
vn 0.943578 -0.090634 -0.318508
vn 0.233332 -0.964578 -0.123064
vn -0.016818 -0.997594 -0.067254
vn 0.035828 -0.959277 -0.280185
vn 0.264828 -0.892320 -0.365557
vn 0.866498 -0.238690 -0.438415
vn 0.632863 -0.572486 -0.521291
vn 0.702206 -0.498101 -0.508727
vn 0.797469 -0.353166 -0.489201
vn 0.576272 -0.632577 -0.517452
vn 0.716532 -0.555278 -0.422194
vn 0.678450 -0.414771 -0.606359
vn 0.783749 -0.270357 -0.559146
vn 0.818904 -0.008493 -0.573868
vn 0.741921 -0.105972 -0.662060
vn 0.585140 -0.536807 -0.607824
vn 0.540661 -0.696616 -0.471605
vn 0.635483 -0.687273 -0.351877
vn 0.330949 -0.842836 -0.424381
vn 0.368978 -0.881391 -0.294967
vn 0.344106 -0.862498 -0.371063
vn 0.513114 -0.577982 -0.634548
vn 0.728472 0.071394 0.681345
vn 0.668256 0.049545 0.742280
vn 0.573839 -0.000333 0.818968
vn 0.964496 0.170961 0.201296
vn 0.829255 0.114625 0.546989
vn 0.389372 -0.084199 0.917224
vn 0.291460 -0.108536 0.950406
vn 0.947202 0.249138 -0.201838
vn 0.910918 0.305838 -0.276934
vn 0.897548 0.423442 -0.122901
vn 0.983492 0.113128 -0.141232
vn 0.617657 0.687185 0.382461
vn 0.666115 0.661148 0.345215
vn 0.330477 0.929858 0.161706
vn 0.155526 0.953148 -0.259461
vn 0.232891 0.817866 -0.526172
vn 0.657349 0.422836 -0.623780
vn 0.993166 0.063506 0.097919
vn 0.669434 0.738509 0.080392
vn 0.971475 0.214910 0.100247
vn 0.947988 0.231836 -0.218109
vn 0.613654 0.780991 -0.116114
vn 0.972570 -0.230261 -0.032985
vn 0.924754 -0.287548 -0.249292
vn 0.825554 -0.310909 -0.470952
vn 0.800484 0.117281 -0.587768
vn 0.547522 0.745843 -0.379391
vn 0.466584 0.860971 0.202556
vn 0.194742 0.979161 -0.057618
vn 0.812621 0.512963 -0.276617
vn 0.259905 0.836127 -0.483054
vn 0.522771 -0.148187 -0.839495
vn 0.555860 -0.623852 -0.549389
vn 0.647145 -0.739918 -0.183644
vn 0.784799 -0.582038 0.212892
vn 0.856930 0.101236 0.505393
vn 0.579652 -0.672218 -0.460572
vn 0.860162 -0.093790 -0.501322
vn 0.935032 0.068812 -0.347823
vn 0.814756 -0.488375 -0.312510
vn 0.944147 0.194522 -0.265985
vn -0.960495 0.175841 0.215706
vn 0.476318 0.731618 -0.487705
vn 0.690348 -0.369454 -0.622032
vn 0.825895 -0.289686 -0.483715
vn 0.597896 0.785236 -0.161015
vn 0.496174 -0.577990 -0.647873
vn -0.470489 -0.841220 0.266437
vn -0.027981 -0.999581 0.007421
vn 0.633740 -0.717902 -0.288079
vn 0.530686 0.842700 0.090714
vn -0.211487 -0.947168 -0.241134
vn 0.115997 0.957330 0.264696
vn -0.078610 -0.961833 0.262104
vn -0.008670 -0.920884 0.389740
vn -0.574439 -0.706536 0.413311
vn -0.434953 0.776565 0.455810
vn 0.412095 -0.910320 -0.038658
vn -0.548332 0.714385 0.434725
vn -0.391700 0.826871 0.403554
vn 0.320984 -0.897138 0.303500
vn 0.666839 -0.142973 -0.731358
vn 0.860984 0.206046 -0.465028
vn 0.427813 -0.269622 -0.862717
vn 0.178547 0.180506 -0.967232
vn 0.579332 0.296520 -0.759243
vn 0.738662 0.629438 -0.241218
vn 0.245984 -0.467765 -0.848933
vn 0.237506 -0.823700 -0.514888
vn 0.196561 -0.919688 -0.339909
vn 0.138374 -0.828742 -0.542254
vn 0.076238 -0.005857 -0.997072
vn 0.285754 -0.548352 -0.785910
vn 0.366780 0.085550 -0.926366
vn 0.388089 0.051121 -0.920203
vn 0.221617 -0.517479 -0.826499
vn 0.364237 -0.083286 -0.927575
vn 0.169814 -0.606711 -0.776573
vn 0.526050 -0.171684 -0.832944
vn 0.327725 -0.694332 -0.640702
vn 0.331046 0.093115 -0.939009
vn 0.305511 0.044187 -0.951163
vn 0.315025 -0.576163 -0.754185
vn 0.323813 -0.311562 -0.893350
vn 0.965127 -0.018173 -0.261150
vn 0.974521 -0.059622 -0.216228
vn -0.755559 0.438023 0.487101
vn -0.794257 0.130693 0.593359
vn -0.077419 -0.965821 0.247378
vn -0.284964 -0.929720 0.233272
vn -0.491282 -0.808307 0.324471
vn 0.458534 0.875409 0.152986
vn -0.189277 0.886674 0.421880
vn -0.760052 0.350753 0.547077
vn -0.539772 -0.699754 0.467964
vn -0.067937 -0.865795 0.495766
vn -0.117499 0.993039 -0.008187
vn 0.441198 0.895399 0.060040
vn 0.319771 -0.913612 0.251117
vn 0.284008 -0.833103 -0.474636
vn 0.395015 -0.437481 -0.807821
vn 0.360520 -0.456266 -0.813540
vn -0.433575 0.900827 0.022871
vn -0.826997 0.323418 0.459865
vn -0.591272 0.765981 0.252332
vn 0.360626 -0.905618 0.223170
vn 0.167039 0.525733 0.834088
vn 0.290431 -0.106211 0.950983
vn 0.190707 0.530130 0.826192
vn 0.291470 -0.106688 0.950612
vn 0.182343 -0.745122 0.641517
vn 0.184680 -0.728238 0.659972
vn -0.025038 0.938194 0.345203
vn 0.021406 0.813225 0.581556
vn 0.041875 0.934567 0.353314
vn 0.077190 0.811744 0.578890
vn 0.071958 0.992968 -0.093999
vn 0.052232 0.995330 0.081177
vn 0.003721 0.997799 0.066203
vn 0.063717 0.991440 -0.113959
vn 0.185233 0.812029 -0.553441
vn 0.239287 0.892827 -0.381577
vn 0.265056 0.808969 -0.524704
vn 0.269357 0.899945 -0.342851
vn 0.190056 0.944009 -0.269677
vn 0.190650 0.931127 -0.310895
vn 0.149801 0.405577 -0.901702
vn 0.090960 0.669773 -0.736974
vn 0.145902 0.404478 -0.902834
vn 0.164973 0.672581 -0.721400
vn 0.310575 -0.027300 -0.950157
vn 0.271285 -0.090677 -0.958218
vn 0.168588 -0.913707 -0.369753
vn 0.207504 -0.942925 -0.260451
vn 0.102795 -0.939435 -0.326948
vn 0.156208 -0.959005 -0.236448
vn -0.019532 -0.998661 0.047899
vn -0.023654 -0.997917 -0.060017
vn -0.019746 -0.998949 0.041360
vn -0.026607 -0.998076 -0.056010
vn -0.012736 -0.976326 -0.215930
vn 0.002502 -0.970783 -0.239946
vn 0.032028 -0.970141 0.240416
vn 0.030574 -0.974420 0.222647
vn 0.057545 -0.955306 -0.289963
vn 0.097239 -0.971752 -0.215043
vn -0.015283 -0.999252 0.035524
vn -0.021671 -0.998294 -0.054216
vn -0.016394 -0.978846 -0.203940
vn 0.137742 -0.768527 0.624815
vn 0.022964 -0.978463 0.205142
vn 0.169230 0.538760 0.825287
vn 0.223327 -0.115266 0.967904
vn 0.123784 0.928104 0.351143
vn 0.125482 0.809840 0.573074
vn 0.104854 0.991164 0.081238
vn 0.060985 0.993869 -0.092227
vn 0.162756 0.842571 -0.513404
vn 0.141040 0.939904 -0.310947
vn 0.077757 0.970419 -0.228561
vn 0.095618 0.403274 -0.910070
vn 0.123455 0.683869 -0.719085
vn 0.152035 -0.223941 -0.962671
vn 0.483409 -0.606750 -0.631008
vn 0.668683 -0.505977 -0.544839
vn 0.929851 -0.142124 -0.339377
vn 0.170442 -0.805127 -0.568084
vn 0.352716 -0.684247 -0.638277
vn 0.030680 -0.891751 -0.451486
vn 0.076108 -0.863266 -0.498979
vn 0.003446 -0.905913 -0.423450
vn 0.028393 0.983997 -0.175910
vn 0.101635 0.974469 -0.200201
vn 0.118208 0.965275 -0.232962
vn 0.014818 0.969718 -0.243778
vn 0.637615 0.770028 0.022455
vn 0.241948 0.955961 -0.166135
vn 0.871646 0.490114 0.004755
vn 0.775958 0.628395 0.054864
vn 0.964061 0.239563 -0.114875
vn 0.682314 -0.720202 0.125526
vn 0.069862 -0.965460 0.251011
vn 0.084221 -0.974785 0.206642
vn 0.561544 -0.816569 -0.133726
vn -0.501584 -0.796283 0.338152
vn -0.238275 -0.802317 0.547278
vn -0.444335 -0.521758 0.728241
vn -0.109289 -0.977103 0.182556
vn 0.198169 -0.927059 -0.318261
vn -0.778611 -0.581555 0.235708
vn -0.165037 -0.747616 0.643299
vn -0.334779 -0.448637 0.828642
vn -0.872584 -0.412187 0.262106
vn 0.598260 -0.362082 0.714830
vn 0.462425 -0.030094 0.886147
vn 0.158710 0.305708 0.938805
vn -0.525798 0.114391 0.842883
vn -0.924883 -0.073636 0.373054
vn -0.221331 -0.929056 0.296425
vn -0.045229 -0.973038 -0.226168
vn -0.515004 -0.352093 0.781538
vn -0.414902 -0.151469 0.897170
vn -0.257142 -0.865999 0.428863
vn -0.071128 -0.996779 0.037038
vn -0.023332 -0.927689 0.372624
vn 0.680017 -0.620291 0.390915
vn -0.671455 -0.691349 0.266803
vn 0.770399 0.495291 -0.401463
vn 0.628157 0.468466 -0.621255
vn 0.302543 0.837441 -0.455149
vn 0.333648 0.809696 -0.482774
vn 0.282730 0.318463 -0.904790
vn 0.069260 0.758032 -0.648530
vn -0.319176 0.947601 -0.013366
vn -0.073682 0.997082 0.019948
vn -0.268566 0.961244 0.062314
vn -0.532627 0.242260 -0.810937
vn -0.617408 0.288735 -0.731738
vn 0.260336 0.653640 -0.710619
vn 0.398084 0.528302 -0.749951
vn -0.811287 0.461996 -0.358291
vn -0.260055 0.946967 -0.188743
vn 0.463424 0.869395 0.171438
vn 0.799420 0.592851 -0.097241
vn 0.881003 0.451168 -0.142411
vn 0.018977 0.165504 -0.986027
vn -0.086062 0.652563 -0.752831
vn 0.038845 0.023059 -0.998979
vn -0.097329 0.564003 -0.820017
vn -0.316675 0.945913 -0.070470
vn -0.391266 0.919393 -0.040337
vn 0.859511 0.443989 -0.253207
vn 0.380659 0.615905 -0.689753
vn -0.558243 0.500373 -0.661809
vn -0.187532 0.389374 0.901787
vn -0.887723 0.086844 0.452113
vn -0.567135 0.434526 0.699675
vn 0.827412 -0.173394 -0.534158
vn 0.397868 -0.379453 -0.835295
vn 0.984319 -0.053415 -0.168116
vn 0.808095 0.349591 0.474097
vn 0.919537 0.165964 0.356242
vn 0.324297 0.665114 0.672647
vn -0.569539 0.634260 0.522818
vn -0.978299 0.198998 0.057716
vn -0.955869 -0.124709 -0.266013
vn -0.956820 -0.152375 -0.247542
vn -0.549421 0.512262 0.660094
vn -0.361501 0.634229 0.683426
vn -0.648902 0.758238 -0.063265
vn -0.532917 0.579458 -0.616627
vn -0.965408 0.007702 -0.260632
vn -0.843223 0.347635 0.410031
vn -0.207544 0.083075 -0.974692
vn -0.199356 -0.605566 -0.770420
vn -0.013328 -0.993387 -0.114037
vn -0.641182 -0.666754 0.379901
vn -0.725968 -0.101347 0.680220
vn 0.066133 -0.548366 -0.833619
vn 0.079418 -0.702254 -0.707483
vn -0.997220 -0.013594 0.073266
vn 0.990747 0.021622 0.133990
vn -0.268888 0.820044 0.505200
vn -0.680485 0.730878 0.052512
vn -0.941677 -0.176059 0.286789
vn -0.332826 0.437647 0.835279
vn -0.583199 0.390518 -0.712302
vn -0.486250 -0.535264 -0.690691
vn -0.081273 -0.920837 -0.381383
vn -0.214566 -0.972550 0.090043
vn -0.132571 -0.156364 0.978762
vn -0.304633 -0.844275 0.440906
vn -0.352884 -0.774492 0.525010
vn -0.501069 -0.820600 0.274856
vn -0.450670 -0.716002 0.533139
vn -0.529920 -0.657413 0.535718
vn -0.305855 -0.733696 0.606748
vn 0.182869 -0.963415 0.195936
vn -0.410778 -0.717475 0.562575
vn -0.435849 -0.859103 -0.268285
vn 0.313839 -0.901105 -0.299189
vn -0.822522 -0.032563 0.567801
vn -0.991417 0.130733 -0.001133
vn -0.713440 0.344235 -0.610332
vn -0.153616 -0.312704 -0.937346
vn 0.358121 -0.603301 -0.712585
vn 0.003192 0.315035 -0.949075
vn -0.115317 0.545227 -0.830319
vn -0.269791 0.386170 -0.882092
vn -0.235961 0.641645 -0.729804
vn -0.450638 0.696546 -0.558345
vn -0.301426 0.822295 -0.482674
vn 0.125532 -0.960171 0.249628
vn 0.356572 -0.805010 -0.474147
vn 0.295280 -0.337278 -0.893898
vn 0.009776 0.096326 -0.995302
vn -0.607435 0.365671 -0.705200
vn -0.953631 0.296377 0.052419
vn -0.872488 -0.394963 -0.287696
vn -0.795982 -0.113772 0.594533
vn -0.320499 -0.599993 0.733000
vn -0.510418 0.837407 -0.195508
vn -0.746132 0.433947 0.504953
vn -0.988534 0.121153 -0.090126
vn -0.666697 -0.178558 0.723625
vn -0.380008 -0.731266 0.566431
vn -0.080162 -0.996336 0.029802
vn -0.024846 -0.836449 -0.547482
vn -0.206408 0.137905 -0.968699
vn -0.273504 0.679840 -0.680451
vn -0.211307 0.883255 0.418580
vn -0.104294 0.670507 0.734536
vn -0.121445 0.071136 0.990046
vn -0.132758 -0.985620 0.104539
vn -0.061367 -0.897993 -0.435710
vn -0.157488 -0.494779 -0.854629
vn -0.507708 0.292012 -0.810532
vn -0.437840 0.883951 -0.164093
vn 0.437551 0.678037 0.590606
vn 0.631778 0.372746 0.679645
vn 0.698842 -0.333400 0.632823
vn 0.721642 0.016399 0.692072
vn 0.649739 0.146712 0.745866
vn 0.717612 -0.495638 0.489260
vn 0.484456 -0.848575 -0.212659
vn 0.737376 -0.647675 -0.191816
vn 0.837905 -0.251652 0.484342
vn 0.976808 -0.002256 0.214105
vn 0.788277 0.300204 0.537119
vn 0.876957 0.376078 -0.299186
vn 0.695731 0.704894 0.138138
vn 0.325725 0.903984 0.276977
vn 0.392531 0.762933 0.513667
vn 0.829600 -0.558348 0.003367
vn 0.918807 -0.293895 -0.263477
vn 0.362344 -0.883241 -0.297643
vn 0.518798 -0.600829 -0.608156
vn 0.559014 -0.186498 -0.807912
vn 0.758392 0.049092 -0.649948
vn 0.597400 0.328741 0.731466
vn 0.658214 -0.741384 0.130783
vn 0.678020 0.675347 0.290164
vn 0.747348 0.578094 -0.327535
vn 0.682577 0.624250 -0.380001
vn 0.077205 -0.993003 -0.089359
vn -0.308777 0.945285 -0.105321
vn -0.630549 -0.081525 -0.771856
vn -0.368185 0.445393 -0.816128
vn -0.277558 0.958470 -0.065549
vn -0.566350 0.081737 -0.820102
vn 0.161802 0.297449 -0.940927
vn -0.485467 -0.144978 -0.862150
vn -0.815563 0.321309 -0.481267
vn -0.522309 0.812339 0.259419
vn -0.725365 -0.058196 -0.685900
vn -0.817947 -0.009896 -0.575208
vn -0.323549 0.943128 -0.076329
vn -0.098175 0.994984 -0.019219
vn -0.275216 0.748379 -0.603477
vn -0.198895 0.587191 -0.784633
vn -0.878237 0.098863 -0.467895
vn -0.949063 -0.139609 -0.282471
vn -0.313587 0.400426 -0.861001
vn -0.295552 0.076510 -0.952258
vn -0.719814 -0.317462 -0.617321
vn -0.750916 -0.537167 -0.384158
vn -0.929289 -0.365652 0.052158
vn -0.665195 -0.066974 0.743660
vn -0.773411 -0.509342 -0.377368
vn -0.813775 0.066556 -0.577356
vn -0.961508 -0.028709 0.273273
vn -0.441200 0.179598 0.879254
vn 0.378067 0.700741 -0.605002
vn 0.284336 0.030887 -0.958227
vn -0.068734 -0.553621 -0.829927
vn -0.932442 -0.315924 -0.175340
vn -0.662851 -0.745796 0.066466
vn -0.643845 -0.284710 0.710214
vn -0.972459 0.058316 0.225662
vn -0.031032 -0.939760 0.340425
vn 0.092301 -0.583125 0.807122
vn 0.145777 -0.095737 0.984674
vn -0.348118 0.246955 0.904338
vn -0.729750 0.405695 0.550342
vn 0.226185 0.906949 0.355364
vn 0.135212 0.744579 0.653697
vn 0.095206 0.969492 0.225877
vn 0.037586 0.970097 0.239791
vn 0.117602 0.984006 0.133796
vn 0.351131 0.916986 -0.189322
vn 0.496514 0.591144 -0.635628
vn 0.410027 0.287761 -0.865490
vn 0.235834 -0.115681 -0.964884
vn -0.056860 -0.693962 -0.717763
vn -0.189838 -0.910054 -0.368461
vn -0.294645 -0.927449 -0.230266
vn 0.157731 0.802268 -0.575749
vn 0.121476 0.427483 0.895825
vn 0.228025 0.582088 0.780499
vn -0.769769 -0.283275 -0.572023
vn -0.944359 0.235601 -0.229517
vn -0.642099 0.665548 0.380468
vn 0.270675 -0.962646 -0.006931
vn -0.353520 -0.763132 -0.540974
vn 0.508309 0.060348 0.859057
vn 0.598237 -0.568261 0.564971
vn -0.011880 0.612928 0.790049
vn -0.629128 -0.685692 -0.366093
vn -0.161530 -0.981329 -0.104412
vn -0.203819 -0.973518 0.103539
vn -0.692164 -0.681794 0.236781
vn 0.150948 -0.984355 -0.090882
vn -0.008206 -0.999851 0.015209
vn 0.057386 -0.994292 0.089942
vn -0.172932 -0.950613 0.257740
vn -0.475065 -0.582284 0.659741
vn -0.834343 -0.093611 -0.543239
vn -0.953799 -0.104395 0.281726
vn -0.568828 -0.012640 0.822360
vn 0.178168 0.543913 0.820009
vn 0.157110 0.102464 0.982251
vn 0.732570 -0.137829 0.666592
vn 0.549354 0.741266 0.385661
vn -0.072004 -0.472712 0.878270
vn 0.144704 -0.856924 0.494714
vn 0.245933 -0.907693 -0.340016
vn 0.742824 -0.276523 -0.609712
vn 0.656516 0.548686 -0.517620
vn 0.813615 0.370610 0.447973
vn 0.659610 -0.489154 0.570651
vn 0.893328 -0.136664 -0.428122
vn 0.612415 0.702240 -0.363052
vn 0.315464 -0.833942 0.452795
vn 0.409724 -0.890643 -0.197183
vn 0.260457 -0.466646 -0.845224
vn 0.387791 0.232952 -0.891825
vn 0.346681 0.657593 -0.668867
vn 0.658103 0.727838 0.192749
vn 0.963582 -0.015501 0.266962
vn 0.459097 0.044862 -0.887253
vn 0.321706 0.836137 -0.444274
vn 0.478543 -0.846303 0.234026
vn 0.063933 -0.861536 -0.503654
vn -0.265155 -0.480931 -0.835702
vn -0.189049 0.062439 -0.979980
vn -0.089058 0.599330 -0.795532
vn -0.029814 0.417943 0.907984
vn 0.369195 0.775691 0.511858
vn 0.618098 0.616733 -0.487437
vn 0.509318 -0.089449 -0.855917
vn 0.848258 -0.529404 -0.013768
vn 0.207939 -0.926656 -0.313162
vn -0.089829 -0.952626 0.290575
vn -0.240985 -0.545849 0.802481
vn -0.220126 0.062299 0.973480
vn 0.794057 0.433649 0.425936
vn 0.478757 0.820352 -0.312753
vn 0.410484 0.670254 -0.618274
vn 0.381887 0.257445 -0.887628
vn 0.924779 0.181175 -0.334603
vn 0.207580 -0.716779 -0.665686
vn 0.094235 -0.994531 -0.045038
vn 0.226835 -0.893449 0.387678
vn 0.474881 -0.536477 0.697625
vn 0.612761 0.785435 0.087267
vn 0.274854 0.929058 -0.247604
vn -0.185798 0.578513 -0.794230
vn -0.461436 -0.004039 -0.887165
vn -0.387391 -0.627803 -0.675123
vn -0.044323 -0.975659 -0.214765
vn 0.372585 -0.912660 0.168027
vn 0.891201 -0.041213 0.451732
vn -0.437526 0.678046 0.590614
vn -0.721635 0.016364 0.692080
vn -0.698832 -0.333419 0.632823
vn -0.631805 0.372715 0.679636
vn -0.837900 -0.251659 0.484346
vn -0.737398 -0.647631 -0.191883
vn -0.484467 -0.848571 -0.212647
vn -0.717607 -0.495648 0.489258
vn -0.649758 0.146684 0.745854
vn -0.788285 0.300187 0.537116
vn -0.976811 -0.002264 0.214092
vn -0.392530 0.762934 0.513665
vn -0.325714 0.903992 0.276963
vn -0.695721 0.704901 0.138156
vn -0.876964 0.376078 -0.299166
vn -0.918813 -0.293885 -0.263466
vn -0.829585 -0.558370 0.003360
vn -0.758392 0.049095 -0.649947
vn -0.558984 -0.186547 -0.807922
vn -0.518805 -0.600807 -0.608171
vn -0.362317 -0.883255 -0.297637
vn -0.658276 -0.741326 0.130798
vn -0.597405 0.328740 0.731462
vn -0.077251 -0.993001 -0.089343
vn -0.682471 0.624394 -0.379954
vn -0.747285 0.578150 -0.327578
vn -0.678023 0.675359 0.290128
vn 0.308791 0.945280 -0.105326
vn 0.277509 0.958484 -0.065555
vn 0.368228 0.445396 -0.816107
vn 0.630562 -0.081553 -0.771842
vn 0.522322 0.812332 0.259417
vn 0.815548 0.321301 -0.481297
vn 0.485459 -0.144986 -0.862153
vn -0.161808 0.297431 -0.940932
vn 0.566331 0.081732 -0.820115
vn 0.817948 -0.009945 -0.575207
vn 0.725380 -0.058159 -0.685887
vn 0.198927 0.587125 -0.784674
vn 0.275262 0.748341 -0.603503
vn 0.098173 0.994984 -0.019209
vn 0.323552 0.943127 -0.076326
vn 0.949064 -0.139609 -0.282466
vn 0.878247 0.098857 -0.467878
vn 0.750917 -0.537173 -0.384147
vn 0.719814 -0.317443 -0.617332
vn 0.295592 0.076529 -0.952244
vn 0.313612 0.400430 -0.860990
vn 0.665283 -0.067120 0.743568
vn 0.929288 -0.365661 0.052119
vn 0.441206 0.179679 0.879234
vn 0.961522 -0.028717 0.273225
vn 0.813768 0.066519 -0.577371
vn 0.773382 -0.509362 -0.377400
vn -0.284308 0.030932 -0.958234
vn -0.378004 0.700782 -0.604994
vn 0.068753 -0.553583 -0.829951
vn 0.932439 -0.315925 -0.175355
vn 0.972455 0.058317 0.225676
vn 0.643839 -0.284706 0.710221
vn 0.662848 -0.745797 0.066477
vn 0.729735 0.405707 0.550353
vn 0.348108 0.246950 0.904343
vn -0.145791 -0.095782 0.984668
vn -0.092360 -0.583128 0.807113
vn 0.030974 -0.939757 0.340436
vn -0.135219 0.744587 0.653687
vn -0.226202 0.906945 0.355363
vn -0.095204 0.969493 0.225876
vn -0.037581 0.970098 0.239788
vn -0.117615 0.984006 0.133785
vn -0.351134 0.916983 -0.189332
vn -0.496533 0.591147 -0.635610
vn -0.409995 0.287780 -0.865498
vn -0.235810 -0.115695 -0.964888
vn 0.056880 -0.693959 -0.717764
vn 0.189879 -0.910059 -0.368426
vn 0.294632 -0.927459 -0.230242
vn -0.157737 0.802256 -0.575764
vn -0.228046 0.582080 0.780498
vn -0.121501 0.427518 0.895805
vn 0.944359 0.235595 -0.229523
vn 0.769770 -0.283272 -0.572024
vn 0.642111 0.665541 0.380459
vn 0.353547 -0.763108 -0.540990
vn -0.270655 -0.962651 -0.006969
vn -0.598241 -0.568284 0.564944
vn -0.508308 0.060285 0.859063
vn 0.011905 0.612926 0.790050
vn 0.629124 -0.685652 -0.366176
vn 0.692163 -0.681807 0.236750
vn 0.203827 -0.973517 0.103538
vn 0.161531 -0.981331 -0.104395
vn 0.475063 -0.582287 0.659741
vn 0.172920 -0.950626 0.257701
vn -0.057381 -0.994296 0.089902
vn 0.008205 -0.999851 0.015192
vn -0.150981 -0.984349 -0.090893
vn 0.953789 -0.104385 0.281765
vn 0.834360 -0.093599 -0.543214
vn 0.568853 -0.012619 0.822342
vn -0.178222 0.544034 0.819917
vn -0.549334 0.741294 0.385636
vn -0.732618 -0.137756 0.666554
vn -0.157186 0.102609 0.982224
vn -0.656549 0.548705 -0.517558
vn -0.742761 -0.276539 -0.609781
vn -0.245899 -0.907715 -0.339980
vn -0.144742 -0.856901 0.494743
vn 0.072003 -0.472790 0.878229
vn -0.813589 0.370715 0.447932
vn -0.612428 0.702244 -0.363023
vn -0.893376 -0.136810 -0.427975
vn -0.659585 -0.489170 0.570667
vn -0.346723 0.657621 -0.668819
vn -0.387760 0.232931 -0.891844
vn -0.260375 -0.466814 -0.845156
vn -0.409717 -0.890641 -0.197209
vn -0.315428 -0.833955 0.452796
vn -0.658115 0.727847 0.192675
vn -0.321647 0.836155 -0.444284
vn -0.458768 0.044823 -0.887425
vn -0.963552 -0.015519 0.267071
vn 0.089104 0.599373 -0.795495
vn 0.189082 0.062370 -0.979979
vn 0.265198 -0.480928 -0.835691
vn -0.063869 -0.861578 -0.503592
vn -0.478611 -0.846272 0.233998
vn -0.369214 0.775676 0.511867
vn 0.029809 0.417928 0.907991
vn -0.618207 0.616663 -0.487387
vn -0.848166 -0.529556 -0.013609
vn -0.509423 -0.089555 -0.855844
vn -0.207987 -0.926647 -0.313155
vn 0.089840 -0.952630 0.290559
vn 0.240988 -0.545890 0.802452
vn 0.220120 0.062364 0.973477
vn -0.478774 0.820347 -0.312739
vn -0.794020 0.433666 0.425988
vn -0.410467 0.670224 -0.618318
vn -0.924763 0.181114 -0.334680
vn -0.381782 0.257337 -0.887705
vn -0.207556 -0.716721 -0.665756
vn -0.094240 -0.994532 -0.044988
vn -0.226801 -0.893458 0.387678
vn -0.474799 -0.536430 0.697717
vn -0.274849 0.929056 -0.247614
vn -0.612810 0.785396 0.087277
vn 0.185799 0.578482 -0.794253
vn 0.461381 -0.003963 -0.887193
vn 0.387354 -0.627815 -0.675134
vn 0.044313 -0.975661 -0.214763
vn -0.372621 -0.912648 0.168010
vn -0.891247 -0.041207 0.451642
vn 0.148029 -0.945241 -0.290871
vn 0.153923 -0.974990 -0.160318
vn 0.108697 -0.918429 -0.380358
vn 0.151669 -0.848139 -0.507599
vn 0.173266 -0.984740 0.016314
vn -0.010346 -0.987164 -0.159378
vn -0.567406 -0.697172 -0.438180
vn -0.258078 -0.678133 -0.688137
vn -0.206141 -0.564570 -0.799228
vn 0.187302 -0.976346 0.108015
vn -0.066243 -0.996646 0.048042
vn 0.155616 -0.973257 0.168984
vn -0.096758 -0.971778 0.215141
vn -0.735159 -0.652768 0.182854
vn -0.732017 -0.670742 -0.119396
vn 0.072371 -0.962066 0.263045
vn -0.089658 -0.915405 0.392423
vn 0.019629 -0.940191 0.340083
vn -0.114258 -0.862750 0.492552
vn -0.564213 -0.611993 0.554191
vn -0.581278 -0.669472 0.462519
vn -0.496254 -0.364764 -0.787832
vn -0.424119 -0.225244 -0.877148
vn -0.760577 -0.407821 -0.505179
vn -0.823755 -0.191887 -0.533485
vn -0.583365 -0.058118 -0.810128
vn -0.464416 0.818865 -0.337310
vn -0.900053 -0.404329 -0.162551
vn -0.914973 -0.378939 0.138674
vn -0.982945 -0.151405 0.104382
vn -0.959813 -0.211666 -0.184275
vn -0.820080 -0.394698 0.414345
vn -0.789182 -0.361624 0.496407
vn -0.830334 0.501356 0.243285
vn -0.935288 -0.051161 0.350169
vn -0.317952 0.948104 -0.002427
vn -0.219992 0.972847 0.071920
vn -0.702093 0.609477 -0.368243
vn -0.757963 -0.219467 -0.614269
vn -0.461786 0.093726 -0.882025
vn -0.389408 0.298786 -0.871257
vn -0.783887 0.595960 -0.174223
vn -0.594091 0.802845 -0.049970
vn -0.977081 -0.163129 0.136754
vn -0.951333 -0.242777 -0.189801
vn -0.317140 0.941456 -0.114379
vn -0.328650 0.938520 -0.105681
vn -0.885072 0.096096 0.455426
vn -0.921938 -0.008816 0.387238
vn -0.341781 0.122990 -0.931697
vn -0.512236 0.119941 -0.850429
vn -0.453473 0.516453 -0.726387
vn -0.346258 0.496464 -0.796008
vn -0.841787 0.056046 -0.536893
vn -0.709521 0.513250 -0.482861
vn -0.514702 0.747597 -0.419740
vn -0.350510 0.724685 -0.593274
vn -0.295964 0.701600 -0.648199
vn -0.987564 0.020173 -0.155921
vn -0.866477 0.466637 -0.177392
vn -0.984621 0.035305 0.171097
vn -0.878335 0.461803 0.123554
vn -0.652993 0.755014 0.059610
vn -0.638522 0.745722 -0.190231
vn -0.889895 0.121236 0.439760
vn -0.763115 0.530161 0.369573
vn -0.831162 0.175973 0.527450
vn -0.694124 0.569821 0.439881
vn -0.520562 0.785865 0.333812
vn -0.560684 0.783368 0.268268
vn -0.274474 0.830554 -0.484607
vn -0.244679 0.804766 -0.540818
vn -0.367014 0.860480 -0.353378
vn -0.290883 0.910268 -0.294617
vn -0.221038 0.893292 -0.391370
vn -0.195334 0.875868 -0.441249
vn -0.432119 0.882955 -0.183474
vn -0.439225 0.898377 0.000480
vn -0.330300 0.942881 -0.043331
vn -0.330758 0.927840 -0.172374
vn -0.398000 0.902539 0.164375
vn -0.389163 0.890853 0.234380
vn -0.295141 0.945471 0.137753
vn -0.300166 0.950760 0.077174
vn 0.047909 -0.998044 -0.040172
vn 0.022995 -0.998617 0.047288
vn 0.050745 -0.997785 -0.043023
vn -0.001012 -0.996806 0.079861
vn 0.024077 -0.996316 0.082313
vn 0.014630 -0.993489 0.112984
vn 0.008794 -0.984457 0.175407
vn 0.002416 -0.984438 0.175716
vn -0.170949 0.941069 -0.291831
vn -0.128750 0.949528 -0.286042
vn -0.210855 0.951713 -0.223118
vn -0.158085 0.977801 -0.137527
vn -0.265895 0.950733 -0.159393
vn -0.238957 0.967797 -0.079178
vn -0.228119 0.973633 0.000771
vn -0.188458 0.982019 0.011078
vn -0.890666 -0.124203 0.437364
vn -0.960033 -0.222566 0.169712
vn -0.849744 -0.060832 0.523674
vn -0.948905 -0.272533 -0.159073
vn -0.781639 -0.256489 -0.568554
vn -0.452701 -0.116835 -0.883975
vn -0.329197 -0.024670 -0.943939
s 1
g Frog
usemtl initialShadingGroup
f 11/110/1 71/111/2 105/112/3 74/113/4
f 71/111/2 14/114/5 72/115/6 105/112/3
f 105/112/3 72/115/6 13/122/7 73/116/8
f 74/113/4 105/112/3 73/116/8 12/117/9
f 16/129/10 75/135/11 106/130/12 78/125/13
f 75/66/11 18/62/14 76/61/15 106/67/12
f 106/67/12 76/61/15 17/65/16 77/71/17
f 78/125/13 106/130/12 77/131/17 15/124/18
f 14/114/5 79/120/19 107/121/20 72/115/6
f 79/120/19 20/126/21 80/127/22 107/121/20
f 107/121/20 80/127/22 19/134/23 81/128/24
f 72/115/6 107/121/20 81/128/24 13/122/7
f 15/124/18 82/118/25 108/119/26 78/125/13
f 82/118/25 11/110/1 74/113/4 108/119/26
f 108/119/26 74/113/4 12/117/9 83/123/27
f 78/125/13 108/119/26 83/123/27 16/129/10
f 9/163/28 84/164/29 109/165/30 87/166/31
f 84/164/29 10/169/32 85/170/33 109/165/30
f 109/165/30 85/170/33 4/174/34 86/171/35
f 87/166/31 109/165/30 86/171/35 3/172/36
f 2/178/37 88/177/38 110/182/39 91/183/40
f 88/54/38 1/50/41 89/58/42 110/59/39
f 110/182/39 89/192/42 5/193/43 90/187/44
f 91/183/40 110/182/39 90/187/44 6/188/45
f 3/172/36 86/171/35 111/175/46 94/176/47
f 86/171/35 4/174/34 92/179/48 111/175/46
f 111/175/46 92/179/48 8/184/49 93/180/50
f 94/176/47 111/175/46 93/180/50 7/181/51
f 1/50/41 88/54/38 112/55/52 96/46/53
f 88/177/38 2/178/37 95/173/54 112/168/52
f 112/168/52 95/173/54 10/169/32 84/164/29
f 96/167/53 112/168/52 84/164/29 9/163/28
f 10/211/32 97/212/55 113/213/56 85/214/33
f 97/212/55 12/215/9 73/216/8 113/213/56
f 113/2/56 73/5/8 13/6/7 98/3/57
f 85/1/33 113/2/56 98/3/57 4/4/34
f 3/33/36 99/25/58 114/28/59 87/34/31
f 99/25/58 14/26/5 71/27/2 114/28/59
f 114/28/59 71/27/2 11/31/1 100/32/60
f 87/34/31 114/28/59 100/32/60 9/40/28
f 1/217/41 101/218/61 115/219/62 89/220/42
f 101/218/61 15/221/18 77/222/17 115/219/62
f 115/219/62 77/222/17 17/225/16 102/223/63
f 89/220/42 115/219/62 102/223/63 5/224/43
f 5/72/43 102/64/63 116/60/64 90/69/44
f 102/64/63 17/65/16 76/61/15 116/60/64
f 116/60/64 76/61/15 18/62/14 103/63/65
f 90/69/44 116/60/64 103/63/65 6/70/45
f 6/70/45 103/63/65 117/68/66 91/75/40
f 103/63/65 18/62/14 75/66/11 117/68/66
f 117/68/66 75/66/11 16/73/10 104/74/67
f 91/226/40 117/227/66 104/228/67 2/229/37
f 4/4/34 98/3/57 118/7/68 92/8/48
f 98/3/57 13/6/7 81/9/24 118/7/68
f 118/7/68 81/9/24 19/12/23 37/10/69
f 92/8/48 118/7/68 37/10/69 8/11/49
f 29/83/70 38/84/71 119/85/72 41/86/73
f 38/84/71 30/89/74 39/90/75 119/85/72
f 119/158/72 39/153/75 31/152/76 40/157/77
f 41/202/73 119/209/72 40/210/77 32/203/78
f 7/43/51 42/35/79 120/29/80 94/37/47
f 42/35/79 20/36/21 79/30/19 120/29/80
f 120/29/80 79/30/19 14/26/5 99/25/58
f 94/37/47 120/29/80 99/25/58 3/33/36
f 2/80/37 104/74/67 121/77/81 95/81/54
f 104/74/67 16/73/10 83/76/27 121/77/81
f 121/77/81 83/76/27 12/78/9 97/79/55
f 95/81/54 121/77/81 97/79/55 10/82/32
f 9/40/28 100/32/60 122/39/82 96/46/53
f 100/32/60 11/31/1 82/38/25 122/39/82
f 122/39/82 82/38/25 15/44/18 101/45/61
f 96/46/53 122/39/82 101/45/61 1/50/41
f 33/17/83 43/16/84 123/21/85 46/22/86
f 43/160/84 34/156/87 44/155/88 123/161/85
f 123/161/85 44/155/88 35/159/89 45/162/90
f 46/22/86 123/21/85 45/23/90 36/24/91
f 19/134/23 80/127/22 124/133/92 49/140/93
f 80/127/22 20/126/21 47/132/94 124/133/92
f 124/133/92 47/132/94 23/138/95 48/139/96
f 49/140/93 124/133/92 48/139/96 22/145/97
f 26/141/98 50/148/99 125/149/100 53/142/101
f 50/48/99 25/53/102 51/56/103 125/57/100
f 125/230/100 51/231/103 27/232/104 52/233/105
f 53/107/101 125/108/100 52/104/105 28/103/106
f 7/181/51 93/180/50 126/185/107 56/186/108
f 93/180/50 8/184/49 54/189/109 126/185/107
f 126/185/107 54/189/109 21/194/110 55/190/111
f 56/186/108 126/185/107 55/190/111 24/191/112
f 20/36/21 42/35/79 127/41/113 58/42/114
f 42/35/79 7/43/51 57/47/115 127/41/113
f 127/41/113 57/47/115 25/53/102 50/48/99
f 58/42/114 127/41/113 50/48/99 26/49/98
f 7/43/51 56/51/108 128/52/116 57/47/115
f 56/186/108 24/191/112 59/197/117 128/198/116
f 128/198/116 59/197/117 27/204/104 51/205/103
f 57/47/115 128/52/116 51/56/103 25/53/102
f 24/105/112 60/97/118 129/100/119 59/106/117
f 60/97/118 23/98/95 61/99/120 129/100/119
f 129/100/119 61/99/120 28/103/106 52/104/105
f 59/106/117 129/100/119 52/104/105 27/109/104
f 23/98/95 47/101/94 130/102/121 61/99/120
f 47/132/94 20/126/21 58/136/114 130/137/121
f 130/137/121 58/136/114 26/141/98 53/142/101
f 61/99/120 130/102/121 53/107/101 28/103/106
f 21/91/110 62/92/122 131/88/123 64/87/124
f 62/92/122 22/95/97 63/93/125 131/88/123
f 131/88/123 63/93/125 30/89/74 38/84/71
f 64/87/124 131/88/123 38/84/71 29/83/70
f 22/95/97 48/96/96 132/94/126 63/93/125
f 48/139/96 23/138/95 65/143/127 132/144/126
f 132/144/126 65/143/127 31/152/76 39/153/75
f 63/93/125 132/94/126 39/90/75 30/89/74
f 23/138/95 60/150/118 133/151/128 65/143/127
f 60/234/118 24/235/112 66/236/129 133/237/128
f 133/237/128 66/236/129 32/238/78 40/239/77
f 65/143/127 133/151/128 40/157/77 31/152/76
f 24/191/112 55/190/111 134/195/130 66/196/129
f 55/190/111 21/194/110 64/201/124 134/195/130
f 134/195/130 64/201/124 29/208/70 41/202/73
f 66/196/129 134/195/130 41/202/73 32/203/78
f 8/11/49 37/10/69 135/13/131 68/14/132
f 37/10/69 19/12/23 67/15/133 135/13/131
f 135/13/131 67/15/133 34/20/87 43/16/84
f 68/14/132 135/13/131 43/16/84 33/17/83
f 19/134/23 49/140/93 136/146/134 67/147/133
f 49/140/93 22/145/97 69/154/135 136/146/134
f 136/146/134 69/154/135 35/159/89 44/155/88
f 67/147/133 136/146/134 44/155/88 34/156/87
f 22/246/97 62/240/122 137/243/136 69/247/135
f 62/240/122 21/241/110 70/242/137 137/243/136
f 137/243/136 70/242/137 36/244/91 45/245/90
f 69/247/135 137/243/136 45/245/90 35/248/89
f 21/194/110 54/189/109 138/199/138 70/200/137
f 54/18/109 8/11/49 68/14/132 138/19/138
f 138/19/138 68/14/132 33/17/83 46/22/86
f 70/200/137 138/199/138 46/206/86 36/207/91
s 9
f 139/249/139 193/250/140 222/251/141 196/252/142
f 193/250/140 143/253/143 194/254/144 222/251/141
f 222/251/141 194/254/144 144/255/145 195/256/146
f 196/252/142 222/251/141 195/256/146 140/257/147
f 140/257/147 195/256/146 223/258/148 199/259/149
f 195/256/146 144/255/145 197/260/150 223/258/148
f 223/258/148 197/260/150 145/261/151 198/262/152
f 199/259/149 223/258/148 198/262/152 141/263/153
f 141/263/153 198/262/152 224/264/154 202/265/155
f 198/262/152 145/261/151 200/266/156 224/264/154
f 224/264/154 200/266/156 146/267/157 201/268/158
f 202/265/155 224/264/154 201/268/158 142/269/159
f 143/270/143 203/271/160 225/272/161 194/273/144
f 203/271/160 147/274/162 204/275/163 225/272/161
f 225/272/161 204/275/163 148/276/164 205/277/165
f 194/273/144 225/272/161 205/277/165 144/278/145
f 144/279/145 205/280/165 226/281/166 197/282/150
f 205/280/165 148/283/164 206/284/167 226/281/166
f 226/281/166 206/284/167 149/285/168 207/286/169
f 197/282/150 226/281/166 207/286/169 145/287/151
f 145/287/151 207/286/169 227/288/170 200/289/156
f 207/286/169 149/285/168 208/290/171 227/288/170
f 227/288/170 208/290/171 150/291/172 209/292/173
f 200/289/156 227/288/170 209/292/173 146/293/157
f 147/294/162 210/295/174 228/296/175 204/297/163
f 210/295/174 168/298/176 211/299/177 228/296/175
f 228/296/175 211/299/177 167/300/178 212/301/179
f 204/297/163 228/296/175 212/301/179 148/302/164
f 148/283/164 212/303/179 229/304/180 206/284/167
f 212/303/179 167/305/178 213/306/181 229/304/180
f 229/304/180 213/306/181 166/307/182 214/308/183
f 206/284/167 229/304/180 214/308/183 149/285/168
f 149/309/168 214/310/183 230/311/184 208/312/171
f 214/308/183 166/307/182 215/313/185 230/314/184
f 230/311/184 215/315/185 165/316/186 216/317/187
f 208/312/171 230/311/184 216/317/187 150/318/172
f 151/319/188 217/320/189 231/321/190 220/322/191
f 217/323/189 155/324/192 218/325/193 231/326/190
f 231/326/190 218/325/193 156/327/194 219/328/195
f 220/322/191 231/321/190 219/329/195 152/330/196
f 152/331/196 219/332/195 232/333/197 170/334/198
f 219/332/195 156/335/194 221/336/199 232/333/197
f 232/333/197 221/336/199 157/337/200 169/338/201
f 170/334/198 232/333/197 169/338/201 153/339/202
f 153/339/202 169/338/201 233/340/203 173/341/204
f 169/338/201 157/337/200 171/342/205 233/340/203
f 233/340/203 171/342/205 158/343/206 172/344/207
f 173/341/204 233/340/203 172/344/207 154/345/208
f 155/324/192 174/346/209 234/347/210 218/325/193
f 174/346/209 159/348/211 175/349/212 234/347/210
f 234/347/210 175/349/212 160/350/213 176/351/214
f 218/325/193 234/347/210 176/351/214 156/327/194
f 156/327/194 176/351/214 235/352/215 221/353/199
f 176/351/214 160/350/213 177/354/216 235/352/215
f 235/352/215 177/354/216 161/355/217 178/356/218
f 221/353/199 235/352/215 178/356/218 157/357/200
f 157/357/200 178/356/218 236/358/219 171/359/205
f 178/356/218 161/355/217 179/360/220 236/358/219
f 236/358/219 179/360/220 162/361/221 180/362/222
f 171/359/205 236/358/219 180/362/222 158/363/206
f 140/257/147 181/364/223 237/365/224 196/252/142
f 163/366/225 182/367/226 237/365/224 181/364/223
f 139/249/139 196/252/142 237/365/224 182/367/226
f 141/263/153 183/368/227 238/369/228 199/259/149
f 163/366/225 181/364/223 238/369/228 183/368/227
f 140/257/147 199/259/149 238/369/228 181/364/223
f 142/269/159 184/370/229 239/371/230 202/265/155
f 163/366/225 183/368/227 239/371/230 184/370/229
f 141/263/153 202/265/155 239/371/230 183/368/227
f 159/348/211 185/372/231 240/373/232 175/349/212
f 164/374/233 186/375/234 240/373/232 185/372/231
f 160/350/213 175/349/212 240/373/232 186/375/234
f 160/350/213 186/375/234 241/376/235 177/354/216
f 164/374/233 187/377/236 241/376/235 186/375/234
f 161/355/217 177/354/216 241/376/235 187/377/236
f 161/355/217 187/377/236 242/378/237 179/360/220
f 164/374/233 188/379/238 242/378/237 187/377/236
f 162/361/221 179/360/220 242/378/237 188/379/238
f 166/307/182 189/380/239 243/381/240 215/313/185
f 189/380/239 153/339/202 173/341/204 243/381/240
f 243/381/240 173/341/204 154/345/208 190/382/241
f 215/313/185 243/381/240 190/382/241 165/383/186
f 167/305/178 191/384/242 244/385/243 213/306/181
f 191/384/242 152/331/196 170/334/198 244/385/243
f 244/385/243 170/334/198 153/339/202 189/380/239
f 213/306/181 244/385/243 189/380/239 166/307/182
f 168/386/176 192/387/244 245/388/245 211/389/177
f 192/387/244 151/319/188 220/322/191 245/388/245
f 245/388/245 220/322/191 152/330/196 191/390/242
f 211/389/177 245/388/245 191/390/242 167/391/178
s 11
f 257/392/246 539/393/247 688/394/248 542/395/249
f 539/396/247 258/397/250 540/398/251 688/399/248
f 688/399/248 540/398/251 259/400/252 541/401/253
f 542/395/249 688/394/248 541/402/253 260/403/254
f 258/397/250 543/404/255 689/405/256 540/398/251
f 543/404/255 299/406/257 544/407/258 689/405/256
f 689/405/256 544/407/258 300/408/259 545/409/260
f 540/398/251 689/405/256 545/409/260 259/400/252
f 260/403/254 541/402/253 690/410/261 548/411/262
f 541/402/253 259/412/252 546/413/263 690/410/261
f 690/410/261 546/413/263 327/414/264 547/415/265
f 548/411/262 690/410/261 547/415/265 328/416/266
f 259/412/252 545/417/260 691/418/267 546/413/263
f 545/409/260 300/408/259 549/419/268 691/420/267
f 691/420/267 549/419/268 326/421/269 550/422/270
f 546/413/263 691/418/267 550/423/270 327/414/264
f 272/424/271 551/425/272 692/426/273 554/427/274
f 551/425/272 273/428/275 552/429/276 692/426/273
f 692/426/273 552/429/276 274/430/277 553/431/278
f 554/427/274 692/426/273 553/431/278 275/432/279
f 263/433/280 555/434/281 693/435/282 558/436/283
f 555/434/281 301/437/284 556/438/285 693/435/282
f 693/435/282 556/438/285 302/439/286 557/440/287
f 558/436/283 693/435/282 557/440/287 266/441/288
f 267/442/289 559/443/290 694/444/291 562/445/292
f 559/446/290 266/441/288 560/447/293 694/448/291
f 694/444/291 560/449/293 269/450/294 561/451/295
f 562/445/292 694/444/291 561/451/295 270/452/296
f 266/441/288 557/440/287 695/453/297 560/447/293
f 557/440/287 302/439/286 563/454/298 695/453/297
f 695/453/297 563/454/298 303/455/299 564/456/300
f 560/449/293 695/457/297 564/458/300 269/450/294
f 246/459/301 565/460/302 696/461/303 568/462/304
f 565/460/302 249/463/305 566/464/306 696/461/303
f 696/461/303 566/464/306 250/465/307 567/466/308
f 568/462/304 696/461/303 567/466/308 247/467/309
f 247/468/309 567/469/308 697/470/310 571/471/311
f 567/469/308 250/472/307 569/473/312 697/470/310
f 697/470/310 569/473/312 308/474/313 570/475/314
f 571/471/311 697/470/310 570/475/314 298/476/315
f 249/463/305 572/477/316 698/478/317 566/464/306
f 572/477/316 319/479/318 573/480/319 698/478/317
f 698/478/317 573/480/319 320/481/320 574/482/321
f 566/464/306 698/478/317 574/482/321 250/465/307
f 250/472/307 574/483/321 699/484/322 569/473/312
f 574/483/321 320/485/320 575/486/323 699/484/322
f 699/484/322 575/486/323 321/487/324 576/488/325
f 569/473/312 699/484/322 576/488/325 308/474/313
f 252/489/326 577/490/327 700/491/328 581/492/329
f 282/493/330 578/494/331 700/491/328 577/490/327
f 281/495/332 579/496/333 700/497/328 578/498/331
f 255/499/334 580/500/335 700/491/328 579/501/333
f 253/502/336 581/492/329 700/491/328 580/500/335
f 253/502/336 580/500/335 701/503/337 584/504/338
f 580/500/335 255/499/334 582/505/339 701/503/337
f 701/503/337 582/505/339 306/506/340 583/507/341
f 584/504/338 701/503/337 583/507/341 307/508/342
f 246/459/301 568/462/304 702/509/343 586/510/344
f 568/462/304 247/467/309 585/511/345 702/509/343
f 702/509/343 585/511/345 258/512/250 539/393/247
f 586/510/344 702/509/343 539/393/247 257/392/246
f 249/463/305 565/460/302 703/513/346 587/514/347
f 565/460/302 246/459/301 586/510/344 703/513/346
f 703/513/346 586/510/344 257/392/246 542/395/249
f 587/514/347 703/513/346 542/395/249 260/403/254
f 247/467/309 571/515/311 704/516/348 585/511/345
f 571/517/311 298/518/315 588/519/349 704/520/348
f 704/520/348 588/519/349 299/521/257 543/522/255
f 585/523/345 704/520/348 543/522/255 258/524/250
f 328/416/266 589/525/350 705/526/351 548/411/262
f 589/525/350 319/479/318 572/477/316 705/526/351
f 705/526/351 572/477/316 249/463/305 587/514/347
f 548/411/262 705/526/351 587/514/347 260/403/254
f 264/527/352 590/528/353 706/529/354 592/530/355
f 590/531/353 263/433/280 591/532/356 706/533/354
f 706/533/354 591/532/356 273/534/275 551/535/272
f 592/530/355 706/529/354 551/425/272 272/424/271
f 263/433/280 558/436/283 707/536/357 591/532/356
f 558/436/283 266/441/288 593/537/358 707/536/357
f 707/536/357 593/537/358 274/538/277 552/539/276
f 591/532/356 707/536/357 552/539/276 273/534/275
f 266/441/288 559/446/290 708/540/359 593/537/358
f 559/541/290 267/542/289 594/543/360 708/544/359
f 708/544/359 594/543/360 275/432/279 553/431/278
f 593/537/358 708/540/359 553/545/278 274/538/277
f 277/546/361 595/547/362 709/548/363 598/549/364
f 595/547/362 276/550/365 596/551/366 709/548/363
f 709/548/363 596/551/366 278/552/367 597/553/368
f 598/549/364 709/548/363 597/553/368 279/554/369
f 267/555/289 599/556/370 710/557/371 601/558/372
f 599/556/370 264/559/352 600/560/373 710/557/371
f 710/557/371 600/560/373 276/561/365 595/562/362
f 601/558/372 710/557/371 595/562/362 277/563/361
f 264/564/352 592/565/355 711/566/374 600/567/373
f 592/568/355 272/569/271 602/570/375 711/571/374
f 711/572/374 602/573/375 278/552/367 596/551/366
f 600/567/373 711/566/374 596/574/366 276/575/365
f 272/569/271 554/576/274 712/577/376 602/570/375
f 554/576/274 275/578/279 603/579/377 712/577/376
f 712/580/376 603/581/377 279/554/369 597/553/368
f 602/573/375 712/580/376 597/553/368 278/552/367
f 275/432/279 594/543/360 713/582/378 603/581/377
f 594/543/360 267/583/289 601/584/372 713/582/378
f 713/582/378 601/584/372 277/546/361 598/549/364
f 603/581/377 713/582/378 598/549/364 279/554/369
f 280/585/379 604/586/380 714/587/381 606/588/382
f 282/493/330 577/490/327 714/587/381 604/586/380
f 252/489/326 605/589/383 714/587/381 577/490/327
f 264/527/352 599/590/370 714/587/381 605/589/383
f 267/591/289 606/588/382 714/587/381 599/590/370
f 289/592/384 607/593/385 715/594/386 610/595/387
f 607/593/385 290/596/388 608/597/389 715/594/386
f 715/598/386 608/599/389 291/600/390 609/601/391
f 610/595/387 715/594/386 609/602/391 292/603/392
f 292/603/392 609/602/391 716/604/393 613/605/394
f 609/601/391 291/600/390 611/606/395 716/607/393
f 716/607/393 611/606/395 293/608/396 612/609/397
f 613/610/394 716/611/393 612/612/397 294/613/398
f 294/614/398 612/615/397 717/616/399 617/617/400
f 293/608/396 614/618/401 717/619/399 612/609/397
f 295/620/402 615/621/403 717/619/399 614/618/401
f 296/622/404 616/623/405 717/624/399 615/625/403
f 305/626/406 617/627/400 717/628/399 616/629/405
f 281/495/332 618/630/407 718/631/408 579/496/333
f 618/632/407 283/633/409 619/634/410 718/635/408
f 718/631/408 619/636/410 285/637/411 620/638/412
f 579/496/333 718/631/408 620/638/412 255/639/334
f 255/639/334 620/638/412 719/640/413 582/641/339
f 285/637/411 621/642/414 719/640/413 620/638/412
f 287/643/415 622/644/416 719/640/413 621/642/414
f 256/645/417 623/646/418 719/647/413 622/648/416
f 309/649/419 624/650/420 719/647/413 623/646/418
f 306/651/340 582/652/339 719/647/413 624/650/420
f 286/653/421 625/654/422 720/655/423 627/656/424
f 625/654/422 284/657/425 626/658/426 720/655/423
f 720/655/423 626/658/426 270/452/296 561/451/295
f 627/656/424 720/655/423 561/451/295 269/450/294
f 284/657/425 628/659/427 721/660/428 626/658/426
f 628/661/427 280/585/379 606/588/382 721/662/428
f 721/662/428 606/588/382 267/663/289 562/664/292
f 626/658/426 721/660/428 562/445/292 270/452/296
f 303/665/299 629/666/429 722/667/430 564/458/300
f 629/666/429 304/668/431 630/669/432 722/667/430
f 722/667/430 630/669/432 286/653/421 627/656/424
f 564/458/300 722/667/430 627/656/424 269/450/294
f 290/596/388 607/593/385 723/670/433 632/671/434
f 289/592/384 631/672/435 723/670/433 607/593/385
f 297/673/436 632/674/434 723/675/433 631/676/435
f 280/677/379 628/678/427 724/679/437 634/680/438
f 628/678/427 284/681/425 633/682/439 724/679/437
f 724/679/437 633/682/439 291/600/390 608/599/389
f 634/680/438 724/679/437 608/599/389 290/683/388
f 283/684/409 618/685/407 725/686/440 636/687/441
f 618/688/407 281/689/332 635/690/442 725/691/440
f 725/691/440 635/690/442 289/692/384 610/693/387
f 636/687/441 725/686/440 610/694/387 292/695/392
f 284/681/425 625/696/422 726/697/443 633/682/439
f 625/696/422 286/698/421 637/699/444 726/697/443
f 726/697/443 637/699/444 293/608/396 611/606/395
f 633/682/439 726/697/443 611/606/395 291/600/390
f 285/700/411 619/701/410 727/702/445 638/703/446
f 619/634/410 283/633/409 636/704/441 727/705/445
f 727/705/445 636/704/441 292/603/392 613/605/394
f 638/703/446 727/702/445 613/610/394 294/613/398
f 286/698/421 630/706/432 728/707/447 637/699/444
f 304/708/431 639/709/448 728/707/447 630/706/432
f 318/710/449 640/711/450 728/707/447 639/709/448
f 288/712/451 641/713/452 728/707/447 640/711/450
f 295/620/402 614/618/401 728/707/447 641/713/452
f 293/608/396 637/699/444 728/707/447 614/618/401
f 287/714/415 621/715/414 729/716/453 642/717/454
f 285/700/411 638/703/446 729/716/453 621/715/414
f 294/718/398 617/719/400 729/720/453 638/721/446
f 305/722/406 616/723/405 729/716/453 617/724/400
f 296/725/404 642/717/454 729/716/453 616/723/405
f 281/689/332 578/726/331 730/727/455 635/690/442
f 578/728/331 282/729/330 643/730/456 730/731/455
f 730/727/455 643/732/456 297/673/436 631/676/435
f 635/690/442 730/727/455 631/676/435 289/692/384
f 282/733/330 604/734/380 731/735/457 643/736/456
f 604/737/380 280/677/379 634/680/438 731/738/457
f 731/738/457 634/680/438 290/683/388 632/739/434
f 643/740/456 731/741/457 632/742/434 297/743/436
f 299/521/257 588/519/349 732/744/458 646/745/459
f 588/519/349 298/518/315 644/746/460 732/744/458
f 732/744/458 644/746/460 312/747/461 645/748/462
f 646/745/459 732/744/458 645/748/462 313/749/463
f 300/408/259 544/407/258 733/750/464 648/751/465
f 544/407/258 299/406/257 646/752/459 733/750/464
f 733/750/464 646/752/459 313/753/463 647/754/466
f 648/751/465 733/750/464 647/754/466 314/755/467
f 325/756/468 649/757/469 734/758/470 650/759/471
f 649/757/469 326/421/269 549/419/268 734/758/470
f 734/758/470 549/419/268 300/408/259 648/751/465
f 650/759/471 734/758/470 648/751/465 314/755/467
f 302/439/286 556/438/285 735/760/472 653/761/473
f 556/438/285 301/437/284 651/762/474 735/760/472
f 735/760/472 651/762/474 315/763/475 652/764/476
f 653/761/473 735/760/472 652/764/476 316/765/477
f 303/455/299 563/454/298 736/766/478 655/767/479
f 563/454/298 302/439/286 653/761/473 736/766/478
f 736/766/478 653/761/473 316/765/477 654/768/480
f 655/767/479 736/766/478 654/768/480 317/769/481
f 317/770/481 656/771/482 737/772/483 655/773/479
f 656/771/482 318/774/449 639/775/448 737/772/483
f 737/772/483 639/775/448 304/668/431 629/666/429
f 655/773/479 737/772/483 629/666/429 303/665/299
f 307/776/342 583/777/341 738/778/484 658/779/485
f 583/777/341 306/651/340 624/650/420 738/778/484
f 738/778/484 624/650/420 309/649/419 657/780/486
f 658/779/485 738/778/484 657/780/486 310/781/487
f 308/474/313 576/488/325 739/782/488 661/783/489
f 576/488/325 321/487/324 659/784/490 739/782/488
f 739/782/488 659/784/490 322/785/491 660/786/492
f 661/783/489 739/782/488 660/786/492 311/787/493
f 298/476/315 570/475/314 740/788/494 644/789/460
f 570/475/314 308/474/313 661/783/489 740/788/494
f 740/788/494 661/783/489 311/787/493 662/790/495
f 644/789/460 740/788/494 662/790/495 312/791/461
f 310/781/487 657/780/486 741/792/496 664/793/497
f 657/780/486 309/649/419 623/646/418 741/792/496
f 741/792/496 623/646/418 256/645/417 663/794/498
f 664/793/497 741/792/496 663/794/498 254/795/499
f 311/787/493 660/786/492 742/796/500 667/797/501
f 660/786/492 322/785/491 665/798/502 742/796/500
f 742/796/500 665/798/502 323/799/503 666/800/504
f 667/797/501 742/796/500 666/800/504 251/801/505
f 312/791/461 662/790/495 743/802/506 669/803/507
f 662/790/495 311/787/493 667/797/501 743/802/506
f 743/802/506 667/797/501 251/801/505 668/804/508
f 669/803/507 743/802/506 668/804/508 248/805/509
f 313/749/463 645/748/462 744/806/510 671/807/511
f 645/748/462 312/747/461 669/808/507 744/806/510
f 744/806/510 669/808/507 248/809/509 670/810/512
f 671/807/511 744/806/510 670/810/512 261/811/513
f 314/755/467 647/754/466 745/812/514 673/813/515
f 647/754/466 313/753/463 671/814/511 745/812/514
f 745/812/514 671/814/511 261/815/513 672/816/516
f 673/813/515 745/812/514 672/816/516 262/817/517
f 324/818/518 674/819/519 746/820/520 675/821/521
f 674/819/519 325/756/468 650/759/471 746/820/520
f 746/820/520 650/759/471 314/755/467 673/813/515
f 675/821/521 746/820/520 673/813/515 262/817/517
f 316/765/477 652/764/476 747/822/522 678/823/523
f 652/764/476 315/763/475 676/824/524 747/822/522
f 747/822/522 676/824/524 265/825/525 677/826/526
f 678/823/523 747/822/522 677/826/526 268/827/527
f 317/769/481 654/768/480 748/828/528 680/829/529
f 654/768/480 316/765/477 678/823/523 748/828/528
f 748/828/528 678/823/523 268/827/527 679/830/530
f 680/829/529 748/828/528 679/830/530 271/831/531
f 288/712/451 640/711/450 749/832/532 681/833/533
f 640/834/450 318/774/449 656/771/482 749/835/532
f 749/835/532 656/771/482 317/770/481 680/836/529
f 681/837/533 749/835/532 680/836/529 271/838/531
f 320/481/320 573/480/319 750/839/534 683/840/535
f 573/480/319 319/479/318 682/841/536 750/839/534
f 750/839/534 682/841/536 252/489/326 581/492/329
f 683/842/535 750/843/534 581/844/329 253/845/336
f 321/487/324 575/486/323 751/846/537 684/847/538
f 575/486/323 320/485/320 683/842/535 751/846/537
f 751/846/537 683/842/535 253/845/336 584/848/338
f 684/847/538 751/846/537 584/848/338 307/776/342
f 322/785/491 659/784/490 752/849/539 685/850/540
f 659/784/490 321/487/324 684/847/538 752/849/539
f 752/849/539 684/847/538 307/776/342 658/779/485
f 685/850/540 752/849/539 658/779/485 310/781/487
f 323/799/503 665/798/502 753/851/541 686/852/542
f 665/798/502 322/785/491 685/850/540 753/851/541
f 753/851/541 685/850/540 310/781/487 664/793/497
f 686/852/542 753/851/541 664/793/497 254/795/499
f 315/763/475 687/853/543 754/854/544 676/824/524
f 687/853/543 325/756/468 674/819/519 754/854/544
f 754/854/544 674/819/519 324/818/518 397/855/545
f 676/824/524 754/854/544 397/855/545 265/825/525
f 301/437/284 398/856/546 755/857/547 651/762/474
f 398/856/546 326/421/269 649/757/469 755/857/547
f 755/857/547 649/757/469 325/756/468 687/853/543
f 651/762/474 755/857/547 687/853/543 315/763/475
f 327/414/264 550/423/270 756/858/548 399/859/549
f 550/422/270 326/421/269 398/856/546 756/860/548
f 756/860/548 398/856/546 301/437/284 555/434/281
f 399/861/549 756/860/548 555/434/281 263/433/280
f 328/416/266 547/415/265 757/862/550 400/863/551
f 547/415/265 327/414/264 399/859/549 757/862/550
f 757/862/550 399/859/549 263/864/280 590/528/353
f 400/863/551 757/862/550 590/528/353 264/527/352
f 252/489/326 682/841/536 758/865/552 605/589/383
f 682/841/536 319/479/318 589/525/350 758/865/552
f 758/865/552 589/525/350 328/416/266 400/863/551
f 605/589/383 758/865/552 400/863/551 264/527/352
f 336/866/553 401/867/554 759/868/555 404/869/556
f 401/867/554 339/870/557 402/871/558 759/868/555
f 759/872/555 402/873/558 338/874/559 403/875/560
f 404/876/556 759/872/555 403/875/560 337/877/561
f 337/877/561 403/875/560 760/878/562 407/879/563
f 403/875/560 338/874/559 405/880/564 760/878/562
f 760/878/562 405/880/564 370/881/565 406/882/566
f 407/879/563 760/878/562 406/882/566 369/883/567
f 339/870/557 408/884/568 761/885/569 402/871/558
f 408/884/568 396/886/570 409/887/571 761/885/569
f 761/885/569 409/887/571 395/888/572 410/889/573
f 402/871/558 761/885/569 410/889/573 338/890/559
f 338/890/559 410/889/573 762/891/574 405/892/564
f 410/889/573 395/888/572 411/893/575 762/891/574
f 762/894/574 411/895/575 394/896/576 412/897/577
f 405/880/564 762/894/574 412/897/577 370/881/565
f 346/898/578 413/899/579 763/900/580 416/901/581
f 413/899/579 349/902/582 414/903/583 763/900/580
f 763/900/580 414/903/583 348/904/584 415/905/585
f 416/901/581 763/900/580 415/905/585 347/906/586
f 340/907/587 417/908/588 764/909/589 420/910/590
f 417/908/588 342/911/591 418/912/592 764/909/589
f 764/909/589 418/912/592 372/913/593 419/914/594
f 420/910/590 764/909/589 419/914/594 371/915/595
f 343/916/596 421/917/597 765/918/598 424/919/599
f 421/917/597 345/920/600 422/921/601 765/918/598
f 765/918/598 422/921/601 344/922/602 423/923/603
f 424/919/599 765/918/598 423/923/603 342/924/591
f 342/911/591 423/925/603 766/926/604 418/912/592
f 423/923/603 344/922/602 425/927/605 766/928/604
f 766/926/604 425/929/605 373/930/606 426/931/607
f 418/912/592 766/926/604 426/931/607 372/913/593
f 329/932/608 427/933/609 767/934/610 430/935/611
f 427/933/609 330/936/612 428/937/613 767/934/610
f 767/934/610 428/937/613 332/938/614 429/939/615
f 430/935/611 767/934/610 429/939/615 331/940/616
f 330/941/612 431/942/617 768/943/618 428/944/613
f 431/942/617 368/945/619 432/946/620 768/943/618
f 768/943/618 432/946/620 378/947/621 433/948/622
f 428/944/613 768/943/618 433/948/622 332/949/614
f 331/940/616 429/939/615 769/950/623 436/951/624
f 429/939/615 332/938/614 434/952/625 769/950/623
f 769/950/623 434/952/625 390/953/626 435/954/627
f 436/951/624 769/950/623 435/954/627 389/955/628
f 332/949/614 433/948/622 770/956/629 434/957/625
f 433/948/622 378/947/621 437/958/630 770/956/629
f 770/956/629 437/958/630 391/959/631 438/960/632
f 434/957/625 770/956/629 438/960/632 390/961/626
f 333/962/633 439/963/634 771/964/635 443/965/636
f 334/966/637 440/967/638 771/964/635 439/963/634
f 335/968/639 441/969/640 771/964/635 440/967/638
f 355/970/641 442/971/642 771/972/635 441/973/640
f 356/974/643 443/965/636 771/964/635 442/975/642
f 334/966/637 444/976/644 772/977/645 440/967/638
f 444/976/644 377/978/646 445/979/647 772/977/645
f 772/977/645 445/979/647 376/980/648 446/981/649
f 440/967/638 772/977/645 446/981/649 335/968/639
f 329/932/608 447/982/650 773/983/651 427/933/609
f 447/982/650 336/866/553 404/869/556 773/983/651
f 773/983/651 404/869/556 337/984/561 448/985/652
f 427/933/609 773/983/651 448/985/652 330/936/612
f 331/940/616 449/986/653 774/987/654 430/935/611
f 449/986/653 339/870/557 401/867/554 774/987/654
f 774/987/654 401/867/554 336/866/553 447/982/650
f 430/935/611 774/987/654 447/982/650 329/932/608
f 330/936/612 448/985/652 775/988/655 431/989/617
f 448/990/652 337/991/561 407/992/563 775/993/655
f 775/993/655 407/992/563 369/994/567 450/995/656
f 431/996/617 775/993/655 450/995/656 368/997/619
f 396/886/570 408/884/568 776/998/657 451/999/658
f 408/884/568 339/870/557 449/986/653 776/998/657
f 776/998/657 449/986/653 331/940/616 436/951/624
f 451/999/658 776/998/657 436/951/624 389/955/628
f 341/1000/659 452/1001/660 777/1002/661 454/1003/662
f 452/1001/660 346/898/578 416/901/581 777/1002/661
f 777/1004/661 416/1005/581 347/1006/586 453/1007/663
f 454/1008/662 777/1004/661 453/1007/663 340/907/587
f 340/907/587 453/1007/663 778/1009/664 417/908/588
f 453/1007/663 347/1006/586 415/1010/585 778/1009/664
f 778/1009/664 415/1010/585 348/1011/584 455/1012/665
f 417/908/588 778/1009/664 455/1012/665 342/911/591
f 342/911/591 455/1012/665 779/1013/666 424/1014/599
f 455/1015/665 348/904/584 414/903/583 779/1016/666
f 779/1016/666 414/903/583 349/902/582 456/1017/667
f 424/1018/599 779/1016/666 456/1017/667 343/1019/596
f 351/1020/668 457/1021/669 780/1022/670 460/1023/671
f 457/1021/669 353/1024/672 458/1025/673 780/1022/670
f 780/1022/670 458/1025/673 352/1026/674 459/1027/675
f 460/1023/671 780/1022/670 459/1027/675 350/1028/676
f 343/1029/596 461/1030/677 781/1031/678 463/1032/679
f 461/1030/677 351/1033/668 460/1034/671 781/1031/678
f 781/1031/678 460/1034/671 350/1035/676 462/1036/680
f 463/1032/679 781/1031/678 462/1036/680 341/1037/659
f 341/1038/659 462/1039/680 782/1040/681 452/1041/660
f 462/1042/680 350/1028/676 459/1027/675 782/1043/681
f 782/1043/681 459/1027/675 352/1026/674 464/1044/682
f 452/1045/660 782/1046/681 464/1047/682 346/1048/578
f 346/1048/578 464/1047/682 783/1049/683 413/1050/579
f 464/1044/682 352/1026/674 458/1025/673 783/1051/683
f 783/1051/683 458/1025/673 353/1024/672 465/1052/684
f 413/899/579 783/1051/683 465/1052/684 349/902/582
f 349/902/582 465/1052/684 784/1053/685 456/1017/667
f 465/1052/684 353/1024/672 457/1021/669 784/1053/685
f 784/1053/685 457/1021/669 351/1020/668 461/1054/677
f 456/1017/667 784/1053/685 461/1054/677 343/1055/596
f 354/1056/686 466/1057/687 785/1058/688 468/1059/689
f 343/1060/596 463/1061/679 785/1058/688 466/1057/687
f 341/1062/659 467/1063/690 785/1064/688 463/1065/679
f 333/962/633 443/965/636 785/1058/688 467/1066/690
f 356/974/643 468/1059/689 785/1058/688 443/965/636
f 361/1067/691 469/1068/692 786/1069/693 472/1070/694
f 469/1071/692 364/1072/695 470/1073/696 786/1074/693
f 786/1075/693 470/1076/696 363/1077/697 471/1078/698
f 472/1079/694 786/1075/693 471/1078/698 362/1080/699
f 364/1072/695 473/1081/700 787/1082/701 470/1073/696
f 473/1083/700 366/1084/702 474/1085/703 787/1086/701
f 787/1087/701 474/1088/703 365/1089/704 475/1090/705
f 470/1076/696 787/1087/701 475/1090/705 363/1077/697
f 366/1084/702 476/1091/706 788/1092/707 474/1085/703
f 375/1093/708 477/1094/709 788/1095/707 476/1096/706
f 296/622/404 615/625/403 788/1097/707 477/1098/709
f 295/620/402 478/1099/710 788/1100/707 615/621/403
f 365/1089/704 474/1088/703 788/1100/707 478/1099/710
f 355/970/641 441/973/640 789/1101/711 481/1102/712
f 441/973/640 335/1103/639 479/1104/713 789/1101/711
f 789/1101/711 479/1104/713 359/1105/714 480/1106/715
f 481/1102/712 789/1101/711 480/1106/715 357/1107/716
f 335/1103/639 446/1108/649 790/1109/717 479/1104/713
f 376/1110/648 482/1111/718 790/1112/717 446/1113/649
f 379/1114/719 483/1115/720 790/1112/717 482/1111/718
f 256/645/417 622/648/416 790/1112/717 483/1115/720
f 287/643/415 484/1116/721 790/1109/717 622/644/416
f 359/1105/714 479/1104/713 790/1109/717 484/1116/721
f 360/1117/722 485/1118/723 791/1119/724 487/1120/725
f 485/1118/723 344/922/602 422/921/601 791/1119/724
f 791/1119/724 422/921/601 345/920/600 486/1121/726
f 487/1120/725 791/1119/724 486/1121/726 358/1122/727
f 358/1122/727 486/1121/726 792/1123/728 488/1124/729
f 486/1121/726 345/920/600 421/917/597 792/1123/728
f 792/1125/728 421/1126/597 343/1127/596 466/1057/687
f 488/1128/729 792/1125/728 466/1057/687 354/1056/686
f 373/1129/606 425/927/605 793/1130/730 490/1131/731
f 425/927/605 344/922/602 485/1118/723 793/1130/730
f 793/1130/730 485/1118/723 360/1117/722 489/1132/732
f 490/1131/731 793/1130/730 489/1132/732 374/1133/733
f 362/1134/699 491/1135/734 794/1136/735 472/1070/694
f 367/1137/736 492/1138/737 794/1139/735 491/1140/734
f 361/1067/691 472/1070/694 794/1136/735 492/1141/737
f 354/1142/686 493/1143/738 795/1144/739 488/1145/729
f 493/1143/738 362/1080/699 471/1078/698 795/1144/739
f 795/1144/739 471/1078/698 363/1077/697 494/1146/740
f 488/1145/729 795/1144/739 494/1146/740 358/1147/727
f 357/1148/716 495/1149/741 796/1150/742 481/1151/712
f 495/1149/741 364/1152/695 469/1153/692 796/1150/742
f 796/1154/742 469/1155/692 361/1156/691 496/1157/743
f 481/1158/712 796/1154/742 496/1157/743 355/1159/641
f 358/1147/727 494/1146/740 797/1160/744 487/1161/725
f 494/1146/740 363/1077/697 475/1090/705 797/1160/744
f 797/1160/744 475/1090/705 365/1089/704 497/1162/745
f 487/1161/725 797/1160/744 497/1162/745 360/1163/722
f 359/1164/714 498/1165/746 798/1166/747 480/1167/715
f 498/1165/746 366/1168/702 473/1169/700 798/1166/747
f 798/1166/747 473/1169/700 364/1152/695 495/1149/741
f 480/1167/715 798/1166/747 495/1149/741 357/1148/716
f 360/1163/722 497/1162/745 799/1170/748 489/1171/732
f 365/1089/704 478/1099/710 799/1170/748 497/1162/745
f 295/620/402 641/713/452 799/1170/748 478/1099/710
f 288/712/451 499/1172/749 799/1170/748 641/713/452
f 388/1173/750 500/1174/751 799/1170/748 499/1172/749
f 374/1175/733 489/1171/732 799/1170/748 500/1174/751
f 287/714/415 642/717/454 800/1176/752 484/1177/721
f 296/725/404 477/1178/709 800/1176/752 642/717/454
f 375/1179/708 476/1180/706 800/1176/752 477/1178/709
f 366/1168/702 498/1165/746 800/1176/752 476/1180/706
f 359/1164/714 484/1177/721 800/1176/752 498/1165/746
f 355/1159/641 496/1157/743 801/1181/753 442/1182/642
f 496/1157/743 361/1156/691 492/1138/737 801/1181/753
f 801/1181/753 492/1138/737 367/1137/736 501/1183/754
f 442/1184/642 801/1185/753 501/1186/754 356/1187/643
f 356/1188/643 501/1189/754 802/1190/755 468/1191/689
f 501/1192/754 367/1193/736 491/1194/734 802/1195/755
f 802/1196/755 491/1135/734 362/1134/699 493/1197/738
f 468/1191/689 802/1190/755 493/1143/738 354/1142/686
f 369/994/567 502/1198/756 803/1199/757 450/995/656
f 502/1198/756 383/1200/758 503/1201/759 803/1199/757
f 803/1199/757 503/1201/759 382/1202/760 504/1203/761
f 450/995/656 803/1199/757 504/1203/761 368/997/619
f 370/881/565 505/1204/762 804/1205/763 406/882/566
f 505/1204/762 384/1206/764 506/1207/765 804/1205/763
f 804/1205/763 506/1207/765 383/1208/758 502/1209/756
f 406/882/566 804/1205/763 502/1209/756 369/883/567
f 393/1210/766 507/1211/767 805/1212/768 508/1213/769
f 507/1211/767 384/1206/764 505/1204/762 805/1212/768
f 805/1212/768 505/1204/762 370/881/565 412/897/577
f 508/1213/769 805/1212/768 412/897/577 394/896/576
f 372/913/593 509/1214/770 806/1215/771 419/914/594
f 509/1214/770 386/1216/772 510/1217/773 806/1215/771
f 806/1215/771 510/1217/773 385/1218/774 511/1219/775
f 419/914/594 806/1215/771 511/1219/775 371/915/595
f 373/930/606 512/1220/776 807/1221/777 426/931/607
f 512/1220/776 387/1222/778 513/1223/779 807/1221/777
f 807/1221/777 513/1223/779 386/1216/772 509/1214/770
f 426/931/607 807/1221/777 509/1214/770 372/913/593
f 387/1224/778 512/1225/776 808/1226/780 514/1227/781
f 512/1225/776 373/1129/606 490/1131/731 808/1226/780
f 808/1226/780 490/1131/731 374/1133/733 500/1228/751
f 514/1227/781 808/1226/780 500/1228/751 388/1229/750
f 377/1230/646 515/1231/782 809/1232/783 445/1233/647
f 515/1231/782 380/1234/784 516/1235/785 809/1232/783
f 809/1232/783 516/1235/785 379/1114/719 482/1111/718
f 445/1233/647 809/1232/783 482/1111/718 376/1110/648
f 378/947/621 517/1236/786 810/1237/787 437/958/630
f 517/1236/786 381/1238/788 518/1239/789 810/1237/787
f 810/1237/787 518/1239/789 392/1240/790 519/1241/791
f 437/958/630 810/1237/787 519/1241/791 391/959/631
f 368/945/619 504/1242/761 811/1243/792 432/946/620
f 504/1242/761 382/1244/760 520/1245/793 811/1243/792
f 811/1243/792 520/1245/793 381/1238/788 517/1236/786
f 432/946/620 811/1243/792 517/1236/786 378/947/621
f 380/1234/784 521/1246/794 812/1247/795 516/1235/785
f 521/1246/794 254/795/499 663/794/498 812/1247/795
f 812/1247/795 663/794/498 256/645/417 483/1115/720
f 516/1235/785 812/1247/795 483/1115/720 379/1114/719
f 381/1238/788 522/1248/796 813/1249/797 518/1239/789
f 522/1248/796 251/801/505 666/800/504 813/1249/797
f 813/1249/797 666/800/504 323/799/503 523/1250/798
f 518/1239/789 813/1249/797 523/1250/798 392/1240/790
f 382/1244/760 524/1251/799 814/1252/800 520/1245/793
f 524/1251/799 248/805/509 668/804/508 814/1252/800
f 814/1252/800 668/804/508 251/801/505 522/1248/796
f 520/1245/793 814/1252/800 522/1248/796 381/1238/788
f 383/1200/758 525/1253/801 815/1254/802 503/1201/759
f 525/1253/801 261/811/513 670/810/512 815/1254/802
f 815/1254/802 670/810/512 248/809/509 524/1255/799
f 503/1201/759 815/1254/802 524/1255/799 382/1202/760
f 384/1206/764 526/1256/803 816/1257/804 506/1207/765
f 526/1256/803 262/817/517 672/816/516 816/1257/804
f 816/1257/804 672/816/516 261/815/513 525/1258/801
f 506/1207/765 816/1257/804 525/1258/801 383/1208/758
f 324/818/518 675/821/521 817/1259/805 527/1260/806
f 675/821/521 262/817/517 526/1256/803 817/1259/805
f 817/1259/805 526/1256/803 384/1206/764 507/1211/767
f 527/1260/806 817/1259/805 507/1211/767 393/1210/766
f 386/1216/772 528/1261/807 818/1262/808 510/1217/773
f 528/1261/807 268/827/527 677/826/526 818/1262/808
f 818/1262/808 677/826/526 265/825/525 529/1263/809
f 510/1217/773 818/1262/808 529/1263/809 385/1218/774
f 387/1222/778 530/1264/810 819/1265/811 513/1223/779
f 530/1264/810 271/831/531 679/830/530 819/1265/811
f 819/1265/811 679/830/530 268/827/527 528/1261/807
f 513/1223/779 819/1265/811 528/1261/807 386/1216/772
f 288/712/451 681/833/533 820/1266/812 499/1172/749
f 681/837/533 271/838/531 530/1267/810 820/1268/812
f 820/1268/812 530/1267/810 387/1224/778 514/1227/781
f 499/1269/749 820/1268/812 514/1227/781 388/1229/750
f 390/953/626 531/1270/813 821/1271/814 435/954/627
f 531/1272/813 334/1273/637 439/1274/634 821/1275/814
f 821/1271/814 439/963/634 333/962/633 532/1276/815
f 435/954/627 821/1271/814 532/1276/815 389/955/628
f 391/959/631 533/1277/816 822/1278/817 438/960/632
f 533/1277/816 377/1230/646 444/1279/644 822/1278/817
f 822/1278/817 444/1279/644 334/1273/637 531/1272/813
f 438/960/632 822/1278/817 531/1272/813 390/961/626
f 392/1240/790 534/1280/818 823/1281/819 519/1241/791
f 534/1280/818 380/1234/784 515/1231/782 823/1281/819
f 823/1281/819 515/1231/782 377/1230/646 533/1277/816
f 519/1241/791 823/1281/819 533/1277/816 391/959/631
f 323/799/503 686/852/542 824/1282/820 523/1250/798
f 686/852/542 254/795/499 521/1246/794 824/1282/820
f 824/1282/820 521/1246/794 380/1234/784 534/1280/818
f 523/1250/798 824/1282/820 534/1280/818 392/1240/790
f 385/1218/774 529/1263/809 825/1283/821 535/1284/822
f 529/1263/809 265/825/525 397/855/545 825/1283/821
f 825/1283/821 397/855/545 324/818/518 527/1260/806
f 535/1284/822 825/1283/821 527/1260/806 393/1210/766
f 371/915/595 511/1219/775 826/1285/823 536/1286/824
f 511/1219/775 385/1218/774 535/1284/822 826/1285/823
f 826/1285/823 535/1284/822 393/1210/766 508/1213/769
f 536/1286/824 826/1285/823 508/1213/769 394/896/576
f 395/888/572 537/1287/825 827/1288/826 411/893/575
f 537/1289/825 340/907/587 420/910/590 827/1290/826
f 827/1290/826 420/910/590 371/915/595 536/1286/824
f 411/895/575 827/1290/826 536/1286/824 394/896/576
f 396/886/570 538/1291/827 828/1292/828 409/887/571
f 538/1291/827 341/1000/659 454/1003/662 828/1292/828
f 828/1292/828 454/1003/662 340/1293/587 537/1287/825
f 409/887/571 828/1292/828 537/1287/825 395/888/572
f 333/962/633 467/1066/690 829/1294/829 532/1276/815
f 467/1066/690 341/1000/659 538/1291/827 829/1294/829
f 829/1294/829 538/1291/827 396/886/570 451/999/658
f 532/1276/815 829/1294/829 451/999/658 389/955/628
s 37
f 840/1295/830 900/1296/831 934/1297/832 903/1298/833
f 900/1296/831 841/1299/834 901/1300/835 934/1297/832
f 934/1297/832 901/1300/835 842/1301/836 902/1302/837
f 903/1298/833 934/1297/832 902/1302/837 843/1303/838
f 845/1304/839 904/1305/840 935/1306/841 907/1307/842
f 904/1305/840 844/1308/843 905/1309/844 935/1306/841
f 935/1306/841 905/1309/844 846/1310/845 906/1311/846
f 907/1312/842 935/1313/841 906/1314/846 847/1315/847
f 843/1303/838 902/1302/837 936/1316/848 910/1317/849
f 902/1302/837 842/1301/836 908/1318/850 936/1316/848
f 936/1316/848 908/1318/850 848/1319/851 909/1320/852
f 910/1317/849 936/1316/848 909/1320/852 849/1321/853
f 844/1308/843 904/1305/840 937/1322/854 912/1323/855
f 904/1305/840 845/1304/839 911/1324/856 937/1322/854
f 937/1322/854 911/1324/856 841/1299/834 900/1296/831
f 912/1323/855 937/1322/854 900/1296/831 840/1295/830
f 838/1325/857 913/1326/858 938/1327/859 916/1328/860
f 913/1326/858 832/1329/861 914/1330/862 938/1327/859
f 938/1327/859 914/1330/862 833/1331/863 915/1332/864
f 916/1328/860 938/1327/859 915/1332/864 839/1333/865
f 831/1334/866 917/1335/867 939/1336/868 920/1337/869
f 917/1335/867 835/1338/870 918/1339/871 939/1336/868
f 939/1336/868 918/1339/871 834/1340/872 919/1341/873
f 920/1337/869 939/1336/868 919/1341/873 830/1342/874
f 832/1329/861 921/1343/875 940/1344/876 914/1330/862
f 921/1343/875 836/1345/877 922/1346/878 940/1344/876
f 940/1344/876 922/1346/878 837/1347/879 923/1348/880
f 914/1330/862 940/1344/876 923/1348/880 833/1331/863
f 830/1342/874 924/1349/881 941/1350/882 920/1337/869
f 924/1349/881 838/1325/857 916/1328/860 941/1350/882
f 941/1350/882 916/1328/860 839/1333/865 925/1351/883
f 920/1337/869 941/1350/882 925/1351/883 831/1334/866
f 839/1352/865 915/1353/864 942/1354/884 927/1355/885
f 915/1356/864 833/1357/863 926/1358/886 942/1359/884
f 942/1359/884 926/1358/886 842/1360/836 901/1361/835
f 927/1355/885 942/1354/884 901/1362/835 841/1363/834
f 832/1364/861 913/1365/858 943/1366/887 929/1367/888
f 913/1368/858 838/1369/857 928/1370/889 943/1371/887
f 943/1366/887 928/1372/889 840/1373/830 903/1374/833
f 929/1367/888 943/1366/887 903/1374/833 843/1375/838
f 830/1376/874 919/1377/873 944/1378/890 931/1379/891
f 919/1377/873 834/1380/872 930/1381/892 944/1378/890
f 944/1378/890 930/1381/892 846/1382/845 905/1383/844
f 931/1379/891 944/1378/890 905/1383/844 844/1384/843
f 834/1340/872 918/1339/871 945/1385/893 930/1386/892
f 918/1339/871 835/1338/870 932/1387/894 945/1385/893
f 945/1388/893 932/1389/894 847/1315/847 906/1314/846
f 930/1390/892 945/1388/893 906/1314/846 846/1391/845
f 835/1392/870 917/1393/867 946/1394/895 932/1395/894
f 917/1393/867 831/1396/866 933/1397/896 946/1394/895
f 946/1394/895 933/1397/896 845/1398/839 907/1399/842
f 932/1395/894 946/1394/895 907/1399/842 847/1400/847
f 833/1357/863 923/1401/880 947/1402/897 926/1358/886
f 923/1401/880 837/1403/879 866/1404/898 947/1402/897
f 947/1402/897 866/1404/898 848/1405/851 908/1406/850
f 926/1358/886 947/1402/897 908/1406/850 842/1360/836
f 858/1407/899 867/1408/900 948/1409/901 870/1410/902
f 867/1411/900 861/1412/903 868/1413/904 948/1414/901
f 948/1414/901 868/1413/904 860/1415/905 869/1416/906
f 870/1417/902 948/1418/901 869/1419/906 859/1420/907
f 836/1421/877 921/1422/875 949/1423/908 871/1424/909
f 921/1422/875 832/1364/861 929/1367/888 949/1423/908
f 949/1423/908 929/1367/888 843/1375/838 910/1425/849
f 871/1426/909 949/1427/908 910/1317/849 849/1321/853
f 831/1396/866 925/1428/883 950/1429/910 933/1397/896
f 925/1430/883 839/1431/865 927/1432/885 950/1433/910
f 950/1429/910 927/1434/885 841/1435/834 911/1436/856
f 933/1397/896 950/1429/910 911/1436/856 845/1398/839
f 838/1369/857 924/1437/881 951/1438/911 928/1370/889
f 924/1437/881 830/1376/874 931/1379/891 951/1438/911
f 951/1438/911 931/1379/891 844/1384/843 912/1439/855
f 928/1370/889 951/1438/911 912/1439/855 840/1440/830
f 862/1441/912 872/1442/913 952/1443/914 875/1444/915
f 872/1445/913 865/1446/916 873/1447/917 952/1448/914
f 952/1448/914 873/1447/917 864/1449/918 874/1450/919
f 875/1451/915 952/1452/914 874/1453/919 863/1454/920
f 848/1319/851 876/1455/921 953/1456/922 909/1320/852
f 876/1455/921 851/1457/923 877/1458/924 953/1456/922
f 953/1456/922 877/1458/924 852/1459/925 878/1460/926
f 909/1320/852 953/1456/922 878/1460/926 849/1321/853
f 855/1461/927 879/1462/928 954/1463/929 882/1464/930
f 879/1465/928 857/1466/931 880/1467/932 954/1468/929
f 954/1468/929 880/1467/932 856/1469/933 881/1470/934
f 882/1471/930 954/1472/929 881/1473/934 854/1474/935
f 836/1345/877 883/1475/936 955/1476/937 922/1346/878
f 883/1475/936 853/1477/938 884/1478/939 955/1476/937
f 955/1476/937 884/1478/939 850/1479/940 885/1480/941
f 922/1346/878 955/1476/937 885/1480/941 837/1347/879
f 849/1321/853 886/1481/942 956/1482/943 871/1426/909
f 886/1481/942 855/1461/927 882/1464/930 956/1482/943
f 956/1483/943 882/1471/930 854/1474/935 887/1484/944
f 871/1424/909 956/1483/943 887/1484/944 836/1421/877
f 836/1345/877 887/1485/944 957/1486/945 883/1475/936
f 887/1484/944 854/1474/935 881/1473/934 957/1487/945
f 957/1488/945 881/1470/934 856/1469/933 888/1489/946
f 883/1490/936 957/1488/945 888/1489/946 853/1491/938
f 853/1491/938 888/1489/946 958/1492/947 890/1493/948
f 888/1489/946 856/1469/933 880/1467/932 958/1492/947
f 958/1494/947 880/1495/932 857/1496/931 889/1497/949
f 890/1493/948 958/1492/947 889/1498/949 852/1499/925
f 852/1459/925 889/1500/949 959/1501/950 878/1460/926
f 889/1500/949 857/1502/931 879/1462/928 959/1501/950
f 959/1501/950 879/1462/928 855/1461/927 886/1481/942
f 878/1460/926 959/1501/950 886/1481/942 849/1321/853
f 850/1503/940 891/1504/951 960/1505/952 893/1506/953
f 891/1504/951 858/1507/899 870/1417/902 960/1505/952
f 960/1505/952 870/1417/902 859/1420/907 892/1508/954
f 893/1506/953 960/1505/952 892/1508/954 851/1509/923
f 851/1457/923 892/1510/954 961/1511/955 877/1458/924
f 892/1510/954 859/1512/907 869/1513/906 961/1511/955
f 961/1511/955 869/1513/906 860/1514/905 894/1515/956
f 877/1458/924 961/1511/955 894/1515/956 852/1459/925
f 852/1516/925 894/1517/956 962/1518/957 890/1519/948
f 894/1515/956 860/1514/905 868/1520/904 962/1521/957
f 962/1522/957 868/1413/904 861/1412/903 895/1523/958
f 890/1493/948 962/1522/957 895/1523/958 853/1491/938
f 853/1477/938 895/1524/958 963/1525/959 884/1478/939
f 895/1524/958 861/1526/903 867/1408/900 963/1525/959
f 963/1525/959 867/1408/900 858/1407/899 891/1527/951
f 884/1478/939 963/1525/959 891/1527/951 850/1479/940
f 837/1403/879 896/1528/960 964/1529/961 866/1404/898
f 896/1528/960 862/1441/912 875/1444/915 964/1529/961
f 964/1529/961 875/1444/915 863/1530/920 897/1531/962
f 866/1404/898 964/1529/961 897/1531/962 848/1405/851
f 848/1319/851 897/1532/962 965/1533/963 876/1455/921
f 897/1532/962 863/1454/920 874/1453/919 965/1533/963
f 965/1533/963 874/1453/919 864/1534/918 898/1535/964
f 876/1536/921 965/1537/963 898/1538/964 851/1539/923
f 851/1539/923 898/1538/964 966/1540/965 893/1541/953
f 898/1538/964 864/1449/918 873/1447/917 966/1540/965
f 966/1540/965 873/1447/917 865/1446/916 899/1542/966
f 893/1541/953 966/1540/965 899/1542/966 850/1543/940
f 850/1543/940 899/1542/966 967/1544/967 885/1545/941
f 899/1546/966 865/1547/916 872/1548/913 967/1549/967
f 967/1549/967 872/1548/913 862/1550/912 896/1551/960
f 885/1480/941 967/1549/967 896/1551/960 837/1347/879
s 44
f 976/1552/968 1046/1553/969 1084/1554/970 1049/1555/971
f 1046/1553/969 991/1556/972 1047/1557/973 1084/1554/970
f 1084/1558/970 1047/1559/973 990/1560/974 1048/1561/975
f 1049/1562/971 1084/1558/970 1048/1561/975 977/1563/976
f 977/1564/976 1050/1565/977 1085/1566/978 1049/1555/971
f 1050/1565/977 981/1567/979 1051/1568/980 1085/1566/978
f 1085/1566/978 1051/1568/980 980/1569/981 1052/1570/982
f 1049/1555/971 1085/1566/978 1052/1570/982 976/1552/968
f 977/1571/976 1053/1572/983 1086/1573/984 1050/1574/977
f 1053/1572/983 983/1575/985 1054/1576/986 1086/1573/984
f 1086/1573/984 1054/1576/986 982/1577/987 1055/1578/988
f 1050/1574/977 1086/1573/984 1055/1578/988 981/1579/979
f 977/1580/976 1056/1581/989 1087/1582/990 1053/1583/983
f 1056/1584/989 987/1585/991 1057/1586/992 1087/1587/990
f 1087/1588/990 1057/1589/992 986/1590/993 1058/1591/994
f 1053/1583/983 1087/1582/990 1058/1592/994 983/1593/985
f 968/1594/995 1059/1595/996 1088/1596/997 1062/1597/998
f 1059/1595/996 969/1598/999 1060/1599/1000 1088/1596/997
f 1088/1596/997 1060/1599/1000 989/1600/1001 1061/1601/1002
f 1062/1602/998 1088/1603/997 1061/1604/1002 988/1605/1003
f 969/1606/999 1059/1607/996 1089/1608/1004 1065/1609/1005
f 1059/1595/996 968/1594/995 1063/1610/1006 1089/1611/1004
f 1089/1611/1004 1063/1610/1006 972/1612/1007 1064/1613/1008
f 1065/1609/1005 1089/1608/1004 1064/1614/1008 973/1615/1009
f 969/1606/999 1065/1609/1005 1090/1616/1010 1068/1617/1011
f 1065/1618/1005 973/1619/1009 1066/1620/1012 1090/1621/1010
f 1090/1616/1010 1066/1622/1012 975/1623/1013 1067/1624/1014
f 1068/1617/1011 1090/1616/1010 1067/1624/1014 974/1625/1015
f 969/1606/999 1068/1617/1011 1091/1626/1016 1071/1627/1017
f 1068/1617/1011 974/1625/1015 1069/1628/1018 1091/1626/1016
f 1091/1626/1016 1069/1628/1018 985/1629/1019 1070/1630/1020
f 1071/1631/1017 1091/1632/1016 1070/1633/1020 984/1634/1021
f 969/1598/999 1072/1635/1022 1092/1636/1023 1060/1599/1000
f 1072/1635/1022 977/1637/976 1048/1638/975 1092/1636/1023
f 1092/1639/1023 1048/1640/975 990/1641/974 1073/1642/1024
f 1060/1599/1000 1092/1636/1023 1073/1643/1024 989/1600/1001
f 971/1644/1025 1074/1645/1026 1093/1646/1027 1077/1647/1028
f 1074/1648/1026 978/1649/1029 1075/1650/1030 1093/1651/1027
f 1093/1651/1027 1075/1650/1030 979/1652/1031 1076/1653/1032
f 1077/1654/1028 1093/1651/1027 1076/1653/1032 970/1655/1033
f 991/1556/972 1046/1553/969 1094/1656/1034 1079/1657/1035
f 1046/1553/969 976/1552/968 1078/1658/1036 1094/1656/1034
f 1094/1656/1034 1078/1658/1036 968/1659/995 1062/1660/998
f 1079/1657/1035 1094/1656/1034 1062/1660/998 988/1661/1003
f 968/1659/995 1078/1658/1036 1095/1662/1037 1063/1663/1006
f 1078/1658/1036 976/1552/968 1052/1570/982 1095/1662/1037
f 1095/1662/1037 1052/1570/982 980/1569/981 1080/1664/1038
f 1063/1663/1006 1095/1662/1037 1080/1664/1038 972/1665/1007
f 972/1665/1007 1080/1664/1038 1096/1666/1039 1064/1667/1008
f 1080/1664/1038 980/1569/981 1051/1568/980 1096/1666/1039
f 1096/1666/1039 1051/1568/980 981/1567/979 1081/1668/1040
f 1064/1667/1008 1096/1666/1039 1081/1668/1040 973/1669/1009
f 973/1670/1009 1081/1671/1040 1097/1672/1041 1066/1673/1012
f 1081/1671/1040 981/1579/979 1055/1578/988 1097/1672/1041
f 1097/1672/1041 1055/1578/988 982/1577/987 1082/1674/1042
f 1066/1673/1012 1097/1672/1041 1082/1674/1042 975/1675/1013
f 975/1623/1013 1082/1676/1042 1098/1677/1043 1067/1624/1014
f 1082/1674/1042 982/1577/987 1054/1576/986 1098/1678/1043
f 1098/1677/1043 1054/1679/986 983/1680/985 1083/1681/1044
f 1067/1624/1014 1098/1677/1043 1083/1681/1044 974/1625/1015
f 974/1625/1015 1083/1681/1044 1099/1682/1045 1069/1628/1018
f 1083/1681/1044 983/1680/985 1058/1591/994 1099/1682/1045
f 1099/1682/1045 1058/1591/994 986/1590/993 1008/1683/1046
f 1069/1628/1018 1099/1682/1045 1008/1683/1046 985/1629/1019
f 987/1585/991 1056/1584/989 1100/1684/1047 1009/1685/1048
f 1056/1584/989 977/1686/976 1072/1687/1022 1100/1684/1047
f 1100/1684/1047 1072/1687/1022 969/1688/999 1071/1689/1017
f 1009/1685/1048 1100/1684/1047 1071/1689/1017 984/1690/1021
f 989/1691/1001 1010/1692/1049 1101/1693/1050 1061/1694/1002
f 1010/1692/1049 971/1644/1025 1077/1647/1028 1101/1693/1050
f 1101/1695/1050 1077/1654/1028 970/1655/1033 1011/1696/1051
f 1061/1604/1002 1101/1695/1050 1011/1696/1051 988/1605/1003
f 990/1641/974 1012/1697/1052 1102/1698/1053 1073/1642/1024
f 1012/1697/1052 978/1699/1029 1074/1645/1026 1102/1698/1053
f 1102/1698/1053 1074/1645/1026 971/1644/1025 1010/1692/1049
f 1073/1642/1024 1102/1698/1053 1010/1692/1049 989/1691/1001
f 991/1700/972 1013/1701/1054 1103/1702/1055 1047/1559/973
f 1013/1701/1054 979/1703/1031 1075/1704/1030 1103/1702/1055
f 1103/1702/1055 1075/1704/1030 978/1705/1029 1012/1706/1052
f 1047/1559/973 1103/1702/1055 1012/1706/1052 990/1560/974
f 970/1655/1033 1076/1653/1032 1104/1707/1056 1011/1696/1051
f 1076/1708/1032 979/1709/1031 1013/1710/1054 1104/1711/1056
f 1104/1711/1056 1013/1710/1054 991/1556/972 1079/1657/1035
f 1011/1712/1051 1104/1711/1056 1079/1657/1035 988/1661/1003
f 993/1713/1057 1014/1714/1058 1105/1715/1059 1017/1716/1060
f 1014/1717/1058 995/1718/1061 1015/1719/1062 1105/1720/1059
f 1105/1715/1059 1015/1721/1062 994/1722/1063 1016/1723/1064
f 1017/1716/1060 1105/1715/1059 1016/1723/1064 992/1724/1065
f 985/1629/1019 1018/1725/1066 1106/1726/1067 1070/1630/1020
f 1018/1725/1066 993/1713/1057 1017/1716/1060 1106/1726/1067
f 1106/1727/1067 1017/1728/1060 992/1729/1065 1019/1730/1068
f 1070/1633/1020 1106/1727/1067 1019/1730/1068 984/1634/1021
f 997/1731/1069 1020/1732/1070 1107/1733/1071 1023/1734/1072
f 1020/1735/1070 999/1736/1073 1021/1737/1074 1107/1738/1071
f 1107/1739/1071 1021/1740/1074 998/1741/1075 1022/1742/1076
f 1023/1734/1072 1107/1733/1071 1022/1743/1076 996/1744/1077
f 1001/1745/1078 1024/1746/1079 1108/1747/1080 1027/1748/1081
f 1024/1749/1079 1003/1750/1082 1025/1751/1083 1108/1752/1080
f 1108/1753/1080 1025/1754/1083 1002/1755/1084 1026/1756/1085
f 1027/1757/1081 1108/1753/1080 1026/1756/1085 1000/1758/1086
f 1005/1759/1087 1028/1760/1088 1109/1761/1089 1031/1762/1090
f 1028/1763/1088 1007/1764/1091 1029/1765/1092 1109/1766/1089
f 1109/1767/1089 1029/1768/1092 1006/1769/1093 1030/1770/1094
f 1031/1771/1090 1109/1772/1089 1030/1773/1094 1004/1774/1095
f 984/1690/1021 1032/1775/1096 1110/1776/1097 1009/1685/1048
f 1032/1775/1096 997/1731/1069 1023/1734/1072 1110/1776/1097
f 1110/1776/1097 1023/1734/1072 996/1744/1077 1033/1777/1098
f 1009/1685/1048 1110/1776/1097 1033/1777/1098 987/1585/991
f 987/1778/991 1033/1779/1098 1111/1780/1099 1035/1781/1100
f 1033/1779/1098 996/1782/1077 1022/1783/1076 1111/1780/1099
f 1111/1780/1099 1022/1783/1076 998/1784/1075 1034/1785/1101
f 1035/1781/1100 1111/1780/1099 1034/1785/1101 994/1786/1063
f 994/1722/1063 1034/1787/1101 1112/1788/1102 1016/1723/1064
f 1034/1787/1101 998/1789/1075 1021/1790/1074 1112/1788/1102
f 1112/1791/1102 1021/1792/1074 999/1793/1073 1036/1794/1103
f 1016/1723/1064 1112/1788/1102 1036/1795/1103 992/1724/1065
f 992/1729/1065 1036/1796/1103 1113/1797/1104 1019/1730/1068
f 1036/1796/1103 999/1736/1073 1020/1735/1070 1113/1797/1104
f 1113/1798/1104 1020/1732/1070 997/1731/1069 1032/1775/1096
f 1019/1730/1068 1113/1797/1104 1032/1799/1096 984/1634/1021
f 987/1585/991 1037/1800/1105 1114/1801/1106 1057/1586/992
f 1037/1800/1105 1001/1745/1078 1027/1748/1081 1114/1801/1106
f 1114/1801/1106 1027/1748/1081 1000/1802/1086 1038/1803/1107
f 1057/1804/992 1114/1805/1106 1038/1806/1107 986/1807/993
f 986/1807/993 1038/1806/1107 1115/1808/1108 1040/1809/1109
f 1038/1806/1107 1000/1758/1086 1026/1756/1085 1115/1808/1108
f 1115/1808/1108 1026/1756/1085 1002/1755/1084 1039/1810/1110
f 1040/1809/1109 1115/1808/1108 1039/1810/1110 995/1811/1061
f 995/1812/1061 1039/1813/1110 1116/1814/1111 1015/1721/1062
f 1039/1813/1110 1002/1815/1084 1025/1816/1083 1116/1814/1111
f 1116/1817/1111 1025/1751/1083 1003/1750/1082 1041/1818/1112
f 1015/1721/1062 1116/1814/1111 1041/1819/1112 994/1722/1063
f 994/1820/1063 1041/1818/1112 1117/1821/1113 1035/1822/1100
f 1041/1818/1112 1003/1750/1082 1024/1749/1079 1117/1821/1113
f 1117/1821/1113 1024/1749/1079 1001/1823/1078 1037/1824/1105
f 1035/1822/1100 1117/1821/1113 1037/1824/1105 987/1825/991
f 986/1826/993 1042/1827/1114 1118/1828/1115 1008/1829/1046
f 1042/1827/1114 1005/1759/1087 1031/1762/1090 1118/1828/1115
f 1118/1830/1115 1031/1771/1090 1004/1774/1095 1043/1831/1116
f 1008/1829/1046 1118/1828/1115 1043/1832/1116 985/1833/1019
f 985/1834/1019 1043/1831/1116 1119/1835/1117 1018/1836/1066
f 1043/1831/1116 1004/1774/1095 1030/1773/1094 1119/1835/1117
f 1119/1837/1117 1030/1770/1094 1006/1769/1093 1044/1838/1118
f 1018/1839/1066 1119/1837/1117 1044/1838/1118 993/1840/1057
f 993/1840/1057 1044/1838/1118 1120/1841/1119 1014/1717/1058
f 1044/1838/1118 1006/1769/1093 1029/1768/1092 1120/1841/1119
f 1120/1841/1119 1029/1768/1092 1007/1842/1091 1045/1843/1120
f 1014/1717/1058 1120/1841/1119 1045/1843/1120 995/1718/1061
f 995/1844/1061 1045/1845/1120 1121/1846/1121 1040/1847/1109
f 1045/1845/1120 1007/1764/1091 1028/1763/1088 1121/1846/1121
f 1121/1848/1121 1028/1760/1088 1005/1759/1087 1042/1827/1114
f 1040/1849/1109 1121/1848/1121 1042/1827/1114 986/1826/993
s 51
f 1130/1850/1122 1200/1851/1123 1238/1852/1124 1203/1853/1125
f 1200/1851/1123 1131/1854/1126 1201/1855/1127 1238/1852/1124
f 1238/1856/1124 1201/1857/1127 1144/1858/1128 1202/1859/1129
f 1203/1853/1125 1238/1852/1124 1202/1860/1129 1145/1861/1130
f 1131/1854/1126 1200/1851/1123 1239/1862/1131 1206/1863/1132
f 1200/1851/1123 1130/1850/1122 1204/1864/1133 1239/1862/1131
f 1239/1862/1131 1204/1864/1133 1134/1865/1134 1205/1866/1135
f 1206/1863/1132 1239/1862/1131 1205/1866/1135 1135/1867/1136
f 1131/1868/1126 1206/1869/1132 1240/1870/1137 1209/1871/1138
f 1206/1869/1132 1135/1872/1136 1207/1873/1139 1240/1870/1137
f 1240/1870/1137 1207/1873/1139 1136/1874/1140 1208/1875/1141
f 1209/1871/1138 1240/1870/1137 1208/1875/1141 1137/1876/1142
f 1131/1868/1126 1209/1871/1138 1241/1877/1143 1212/1878/1144
f 1209/1871/1138 1137/1876/1142 1210/1879/1145 1241/1877/1143
f 1241/1877/1143 1210/1879/1145 1140/1880/1146 1211/1881/1147
f 1212/1882/1144 1241/1883/1143 1211/1884/1147 1141/1885/1148
f 1122/1886/1149 1213/1887/1150 1242/1888/1151 1216/1889/1152
f 1213/1887/1150 1142/1890/1153 1214/1891/1154 1242/1888/1151
f 1242/1892/1151 1214/1893/1154 1143/1894/1155 1215/1895/1156
f 1216/1896/1152 1242/1897/1151 1215/1898/1156 1123/1899/1157
f 1123/1900/1157 1217/1901/1158 1243/1902/1159 1216/1903/1152
f 1217/1901/1158 1127/1904/1160 1218/1905/1161 1243/1902/1159
f 1243/1906/1159 1218/1907/1161 1126/1908/1162 1219/1909/1163
f 1216/1889/1152 1243/1906/1159 1219/1909/1163 1122/1886/1149
f 1123/1900/1157 1220/1910/1164 1244/1911/1165 1217/1901/1158
f 1220/1910/1164 1128/1912/1166 1221/1913/1167 1244/1911/1165
f 1244/1911/1165 1221/1913/1167 1129/1914/1168 1222/1915/1169
f 1217/1901/1158 1244/1911/1165 1222/1915/1169 1127/1904/1160
f 1123/1900/1157 1223/1916/1170 1245/1917/1171 1220/1910/1164
f 1223/1918/1170 1138/1919/1172 1224/1920/1173 1245/1921/1171
f 1245/1917/1171 1224/1922/1173 1139/1923/1174 1225/1924/1175
f 1220/1910/1164 1245/1917/1171 1225/1924/1175 1128/1912/1166
f 1123/1899/1157 1215/1898/1156 1246/1925/1176 1227/1926/1177
f 1215/1895/1156 1143/1894/1155 1226/1927/1178 1246/1928/1176
f 1246/1929/1176 1226/1930/1178 1144/1858/1128 1201/1857/1127
f 1227/1926/1177 1246/1925/1176 1201/1931/1127 1131/1932/1126
f 1125/1933/1179 1228/1934/1180 1247/1935/1181 1231/1936/1182
f 1228/1937/1180 1124/1938/1183 1229/1939/1184 1247/1940/1181
f 1247/1941/1181 1229/1942/1184 1133/1943/1185 1230/1944/1186
f 1231/1936/1182 1247/1935/1181 1230/1945/1186 1132/1946/1187
f 1145/1947/1130 1232/1948/1188 1248/1949/1189 1203/1950/1125
f 1232/1948/1188 1142/1890/1153 1213/1887/1150 1248/1949/1189
f 1248/1949/1189 1213/1887/1150 1122/1886/1149 1233/1951/1190
f 1203/1950/1125 1248/1949/1189 1233/1951/1190 1130/1952/1122
f 1122/1886/1149 1219/1909/1163 1249/1953/1191 1233/1951/1190
f 1219/1909/1163 1126/1908/1162 1234/1954/1192 1249/1953/1191
f 1249/1953/1191 1234/1954/1192 1134/1955/1134 1204/1956/1133
f 1233/1951/1190 1249/1953/1191 1204/1956/1133 1130/1952/1122
f 1126/1908/1162 1218/1907/1161 1250/1957/1193 1234/1954/1192
f 1218/1958/1161 1127/1959/1160 1235/1960/1194 1250/1961/1193
f 1250/1961/1193 1235/1960/1194 1135/1962/1136 1205/1963/1135
f 1234/1954/1192 1250/1957/1193 1205/1964/1135 1134/1955/1134
f 1127/1959/1160 1222/1965/1169 1251/1966/1195 1235/1960/1194
f 1222/1915/1169 1129/1914/1168 1236/1967/1196 1251/1968/1195
f 1251/1969/1195 1236/1970/1196 1136/1874/1140 1207/1873/1139
f 1235/1960/1194 1251/1966/1195 1207/1971/1139 1135/1962/1136
f 1129/1972/1168 1221/1973/1167 1252/1974/1197 1236/1970/1196
f 1221/1913/1167 1128/1912/1166 1237/1975/1198 1252/1976/1197
f 1252/1974/1197 1237/1977/1198 1137/1876/1142 1208/1875/1141
f 1236/1970/1196 1252/1974/1197 1208/1875/1141 1136/1874/1140
f 1128/1912/1166 1225/1924/1175 1253/1978/1199 1237/1975/1198
f 1225/1979/1175 1139/1980/1174 1162/1981/1200 1253/1982/1199
f 1253/1982/1199 1162/1981/1200 1140/1880/1146 1210/1879/1145
f 1237/1977/1198 1253/1982/1199 1210/1879/1145 1137/1876/1142
f 1141/1885/1148 1163/1983/1201 1254/1984/1202 1212/1882/1144
f 1163/1983/1201 1138/1985/1172 1223/1986/1170 1254/1984/1202
f 1254/1984/1202 1223/1986/1170 1123/1987/1157 1227/1988/1177
f 1212/1882/1144 1254/1984/1202 1227/1988/1177 1131/1989/1126
f 1143/1894/1155 1214/1893/1154 1255/1990/1203 1165/1991/1204
f 1214/1891/1154 1142/1890/1153 1164/1992/1205 1255/1993/1203
f 1255/1993/1203 1164/1992/1205 1124/1938/1183 1228/1937/1180
f 1165/1991/1204 1255/1990/1203 1228/1994/1180 1125/1995/1179
f 1144/1858/1128 1226/1930/1178 1256/1996/1206 1166/1997/1207
f 1226/1927/1178 1143/1894/1155 1165/1991/1204 1256/1998/1206
f 1256/1998/1206 1165/1991/1204 1125/1995/1179 1231/1999/1182
f 1166/1997/1207 1256/1996/1206 1231/2000/1182 1132/2001/1187
f 1145/1861/1130 1202/1860/1129 1257/2002/1208 1167/2003/1209
f 1202/1859/1129 1144/1858/1128 1166/1997/1207 1257/2004/1208
f 1257/2004/1208 1166/1997/1207 1132/2001/1187 1230/2005/1186
f 1167/2003/1209 1257/2002/1208 1230/1944/1186 1133/1943/1185
f 1124/1938/1183 1164/1992/1205 1258/2006/1210 1229/1939/1184
f 1164/1992/1205 1142/1890/1153 1232/1948/1188 1258/2006/1210
f 1258/2006/1210 1232/1948/1188 1145/1947/1130 1167/2007/1209
f 1229/1939/1184 1258/2006/1210 1167/2007/1209 1133/2008/1185
f 1147/2009/1211 1168/2010/1212 1259/2011/1213 1171/2012/1214
f 1168/2013/1212 1146/2014/1215 1169/2015/1216 1259/2016/1213
f 1259/2011/1213 1169/2017/1216 1148/2018/1217 1170/2019/1218
f 1171/2012/1214 1259/2011/1213 1170/2019/1218 1149/2020/1219
f 1139/1923/1174 1224/1922/1173 1260/2021/1220 1173/2022/1221
f 1224/1920/1173 1138/1919/1172 1172/2023/1222 1260/2024/1220
f 1260/2024/1220 1172/2023/1222 1146/2014/1215 1168/2013/1212
f 1173/2022/1221 1260/2021/1220 1168/2025/1212 1147/2026/1211
f 1151/2027/1223 1174/2028/1224 1261/2029/1225 1177/2030/1226
f 1174/2031/1224 1150/2032/1227 1175/2033/1228 1261/2034/1225
f 1261/2035/1225 1175/2036/1228 1152/2037/1229 1176/2038/1230
f 1177/2030/1226 1261/2029/1225 1176/2039/1230 1153/2040/1231
f 1155/2041/1232 1178/2042/1233 1262/2043/1234 1181/2044/1235
f 1178/2045/1233 1154/2046/1236 1179/2047/1237 1262/2048/1234
f 1262/2049/1234 1179/2050/1237 1156/2051/1238 1180/2052/1239
f 1181/2053/1235 1262/2049/1234 1180/2052/1239 1157/2054/1240
f 1159/2055/1241 1182/2056/1242 1263/2057/1243 1185/2058/1244
f 1182/2059/1242 1158/2060/1245 1183/2061/1246 1263/2062/1243
f 1263/2063/1243 1183/2064/1246 1160/2065/1247 1184/2066/1248
f 1185/2067/1244 1263/2063/1243 1184/2066/1248 1161/2068/1249
f 1138/1985/1172 1163/1983/1201 1264/2069/1250 1187/2070/1251
f 1163/1983/1201 1141/1885/1148 1186/2071/1252 1264/2069/1250
f 1264/2072/1250 1186/2073/1252 1150/2032/1227 1174/2031/1224
f 1187/2070/1251 1264/2069/1250 1174/2028/1224 1151/2027/1223
f 1141/2074/1148 1188/2075/1253 1265/2076/1254 1186/2073/1252
f 1188/2077/1253 1148/2018/1217 1189/2078/1255 1265/2079/1254
f 1265/2079/1254 1189/2078/1255 1152/2037/1229 1175/2036/1228
f 1186/2073/1252 1265/2076/1254 1175/2033/1228 1150/2032/1227
f 1148/2018/1217 1169/2017/1216 1266/2080/1256 1189/2078/1255
f 1169/2015/1216 1146/2014/1215 1190/2081/1257 1266/2082/1256
f 1266/2082/1256 1190/2081/1257 1153/2083/1231 1176/2084/1230
f 1189/2078/1255 1266/2080/1256 1176/2038/1230 1152/2037/1229
f 1146/2014/1215 1172/2023/1222 1267/2085/1258 1190/2081/1257
f 1172/2086/1222 1138/1985/1172 1187/2070/1251 1267/2087/1258
f 1267/2087/1258 1187/2070/1251 1151/2027/1223 1177/2030/1226
f 1190/2088/1257 1267/2087/1258 1177/2030/1226 1153/2040/1231
f 1141/2089/1148 1211/2090/1147 1268/2091/1259 1192/2092/1260
f 1211/2090/1147 1140/2093/1146 1191/2094/1261 1268/2091/1259
f 1268/2091/1259 1191/2094/1261 1154/2046/1236 1178/2045/1233
f 1192/2092/1260 1268/2091/1259 1178/2045/1233 1155/2095/1232
f 1140/2093/1146 1193/2096/1262 1269/2097/1263 1191/2094/1261
f 1193/2098/1262 1149/2020/1219 1194/2099/1264 1269/2100/1263
f 1269/2100/1263 1194/2099/1264 1156/2051/1238 1179/2050/1237
f 1191/2094/1261 1269/2097/1263 1179/2047/1237 1154/2046/1236
f 1149/2020/1219 1170/2019/1218 1270/2101/1265 1194/2099/1264
f 1170/2019/1218 1148/2018/1217 1195/2102/1266 1270/2101/1265
f 1270/2101/1265 1195/2102/1266 1157/2054/1240 1180/2052/1239
f 1194/2099/1264 1270/2101/1265 1180/2052/1239 1156/2051/1238
f 1148/2018/1217 1188/2077/1253 1271/2103/1267 1195/2102/1266
f 1188/2104/1253 1141/2105/1148 1192/2106/1260 1271/2107/1267
f 1271/2107/1267 1192/2106/1260 1155/2041/1232 1181/2044/1235
f 1195/2108/1266 1271/2107/1267 1181/2044/1235 1157/2109/1240
f 1140/2110/1146 1162/2111/1200 1272/2112/1268 1197/2113/1269
f 1162/2111/1200 1139/2114/1174 1196/2115/1270 1272/2112/1268
f 1272/2112/1268 1196/2115/1270 1158/2116/1245 1182/2056/1242
f 1197/2113/1269 1272/2112/1268 1182/2056/1242 1159/2055/1241
f 1139/1923/1174 1173/2022/1221 1273/2117/1271 1196/2118/1270
f 1173/2022/1221 1147/2026/1211 1198/2119/1272 1273/2117/1271
f 1273/2117/1271 1198/2119/1272 1160/2120/1247 1183/2061/1246
f 1196/2118/1270 1273/2117/1271 1183/2061/1246 1158/2060/1245
f 1147/2009/1211 1171/2012/1214 1274/2121/1273 1198/2122/1272
f 1171/2012/1214 1149/2020/1219 1199/2123/1274 1274/2121/1273
f 1274/2121/1273 1199/2123/1274 1161/2068/1249 1184/2066/1248
f 1198/2122/1272 1274/2121/1273 1184/2066/1248 1160/2065/1247
f 1149/2020/1219 1193/2098/1262 1275/2124/1275 1199/2123/1274
f 1193/2125/1262 1140/2126/1146 1197/2127/1269 1275/2128/1275
f 1275/2128/1275 1197/2127/1269 1159/2129/1241 1185/2130/1244
f 1199/2123/1274 1275/2124/1275 1185/2067/1244 1161/2068/1249
s 58
f 1276/2131/1276 1330/2132/1277 1359/2133/1278 1333/2134/1279
f 1330/2132/1277 1277/2135/1280 1331/2136/1281 1359/2133/1278
f 1359/2133/1278 1331/2136/1281 1281/2137/1282 1332/2138/1283
f 1333/2134/1279 1359/2133/1278 1332/2138/1283 1280/2139/1284
f 1277/2135/1280 1334/2140/1285 1360/2141/1286 1331/2136/1281
f 1334/2140/1285 1278/2142/1287 1335/2143/1288 1360/2141/1286
f 1360/2141/1286 1335/2143/1288 1282/2144/1289 1336/2145/1290
f 1331/2136/1281 1360/2141/1286 1336/2145/1290 1281/2137/1282
f 1278/2142/1287 1337/2146/1291 1361/2147/1292 1335/2143/1288
f 1337/2146/1291 1279/2148/1293 1338/2149/1294 1361/2147/1292
f 1361/2147/1292 1338/2149/1294 1283/2150/1295 1339/2151/1296
f 1335/2143/1288 1361/2147/1292 1339/2151/1296 1282/2144/1289
f 1280/2152/1284 1332/2153/1283 1362/2154/1297 1342/2155/1298
f 1332/2156/1283 1281/2157/1282 1340/2158/1299 1362/2159/1297
f 1362/2159/1297 1340/2158/1299 1285/2160/1300 1341/2161/1301
f 1342/2162/1298 1362/2159/1297 1341/2161/1301 1284/2163/1302
f 1281/2157/1282 1336/2164/1290 1363/2165/1303 1340/2158/1299
f 1336/2164/1290 1282/2166/1289 1343/2167/1304 1363/2165/1303
f 1363/2165/1303 1343/2167/1304 1286/2168/1305 1344/2169/1306
f 1340/2158/1299 1363/2165/1303 1344/2169/1306 1285/2160/1300
f 1282/2166/1289 1339/2170/1296 1364/2171/1307 1343/2167/1304
f 1339/2170/1296 1283/2172/1295 1345/2173/1308 1364/2171/1307
f 1364/2171/1307 1345/2173/1308 1287/2174/1309 1346/2175/1310
f 1343/2167/1304 1364/2171/1307 1346/2175/1310 1286/2168/1305
f 1284/2176/1302 1341/2177/1301 1365/2178/1311 1349/2179/1312
f 1341/2161/1301 1285/2160/1300 1347/2180/1313 1365/2181/1311
f 1365/2181/1311 1347/2180/1313 1304/2182/1314 1348/2183/1315
f 1349/2179/1312 1365/2178/1311 1348/2184/1315 1305/2185/1316
f 1285/2160/1300 1344/2169/1306 1366/2186/1317 1347/2180/1313
f 1344/2169/1306 1286/2168/1305 1350/2187/1318 1366/2186/1317
f 1366/2186/1317 1350/2187/1318 1303/2188/1319 1351/2189/1320
f 1347/2180/1313 1366/2186/1317 1351/2189/1320 1304/2182/1314
f 1286/2190/1305 1346/2191/1310 1367/2192/1321 1350/2193/1318
f 1346/2191/1310 1287/2194/1309 1352/2195/1322 1367/2192/1321
f 1367/2192/1321 1352/2195/1322 1302/2196/1323 1353/2197/1324
f 1350/2187/1318 1367/2198/1321 1353/2199/1324 1303/2188/1319
f 1288/2200/1325 1354/2201/1326 1368/2202/1327 1357/2203/1328
f 1354/2201/1326 1289/2204/1329 1355/2205/1330 1368/2202/1327
f 1368/2202/1327 1355/2205/1330 1293/2206/1331 1356/2207/1332
f 1357/2208/1328 1368/2209/1327 1356/2210/1332 1292/2211/1333
f 1289/2204/1329 1358/2212/1334 1369/2213/1335 1355/2205/1330
f 1358/2212/1334 1290/2214/1336 1306/2215/1337 1369/2213/1335
f 1369/2213/1335 1306/2215/1337 1294/2216/1338 1307/2217/1339
f 1355/2205/1330 1369/2213/1335 1307/2217/1339 1293/2206/1331
f 1290/2214/1336 1308/2218/1340 1370/2219/1341 1306/2215/1337
f 1308/2218/1340 1291/2220/1342 1309/2221/1343 1370/2219/1341
f 1370/2222/1341 1309/2223/1343 1295/2224/1344 1310/2225/1345
f 1306/2215/1337 1370/2219/1341 1310/2226/1345 1294/2216/1338
f 1292/2211/1333 1356/2210/1332 1371/2227/1346 1313/2228/1347
f 1356/2210/1332 1293/2229/1331 1311/2230/1348 1371/2227/1346
f 1371/2227/1346 1311/2230/1348 1297/2231/1349 1312/2232/1350
f 1313/2228/1347 1371/2227/1346 1312/2232/1350 1296/2233/1351
f 1293/2206/1331 1307/2217/1339 1372/2234/1352 1311/2235/1348
f 1307/2217/1339 1294/2216/1338 1314/2236/1353 1372/2234/1352
f 1372/2237/1352 1314/2238/1353 1298/2239/1354 1315/2240/1355
f 1311/2230/1348 1372/2237/1352 1315/2240/1355 1297/2231/1349
f 1294/2241/1338 1310/2225/1345 1373/2242/1356 1314/2238/1353
f 1310/2225/1345 1295/2224/1344 1316/2243/1357 1373/2242/1356
f 1373/2242/1356 1316/2243/1357 1299/2244/1358 1317/2245/1359
f 1314/2238/1353 1373/2242/1356 1317/2245/1359 1298/2239/1354
f 1277/2135/1280 1330/2132/1277 1374/2246/1360 1319/2247/1361
f 1276/2131/1276 1318/2248/1362 1374/2246/1360 1330/2132/1277
f 1300/2249/1363 1319/2247/1361 1374/2246/1360 1318/2248/1362
f 1278/2142/1287 1334/2140/1285 1375/2250/1364 1320/2251/1365
f 1277/2135/1280 1319/2247/1361 1375/2250/1364 1334/2140/1285
f 1300/2249/1363 1320/2251/1365 1375/2250/1364 1319/2247/1361
f 1279/2148/1293 1337/2146/1291 1376/2252/1366 1321/2253/1367
f 1278/2142/1287 1320/2251/1365 1376/2252/1366 1337/2146/1291
f 1300/2249/1363 1321/2253/1367 1376/2252/1366 1320/2251/1365
f 1296/2233/1351 1312/2232/1350 1377/2254/1368 1323/2255/1369
f 1297/2231/1349 1322/2256/1370 1377/2254/1368 1312/2232/1350
f 1301/2257/1371 1323/2255/1369 1377/2254/1368 1322/2256/1370
f 1297/2231/1349 1315/2240/1355 1378/2258/1372 1322/2256/1370
f 1298/2239/1354 1324/2259/1373 1378/2258/1372 1315/2240/1355
f 1301/2257/1371 1322/2256/1370 1378/2258/1372 1324/2259/1373
f 1298/2239/1354 1317/2245/1359 1379/2260/1374 1324/2259/1373
f 1299/2244/1358 1325/2261/1375 1379/2260/1374 1317/2245/1359
f 1301/2257/1371 1324/2259/1373 1379/2260/1374 1325/2261/1375
f 1303/2188/1319 1353/2199/1324 1380/2262/1376 1327/2263/1377
f 1353/2199/1324 1302/2264/1323 1326/2265/1378 1380/2262/1376
f 1380/2262/1376 1326/2265/1378 1291/2220/1342 1308/2218/1340
f 1327/2263/1377 1380/2262/1376 1308/2218/1340 1290/2214/1336
f 1304/2182/1314 1351/2189/1320 1381/2266/1379 1328/2267/1380
f 1351/2189/1320 1303/2188/1319 1327/2263/1377 1381/2266/1379
f 1381/2266/1379 1327/2263/1377 1290/2214/1336 1358/2212/1334
f 1328/2267/1380 1381/2266/1379 1358/2212/1334 1289/2204/1329
f 1305/2268/1316 1348/2183/1315 1382/2269/1381 1329/2270/1382
f 1348/2183/1315 1304/2182/1314 1328/2267/1380 1382/2269/1381
f 1382/2269/1381 1328/2267/1380 1289/2204/1329 1354/2201/1326
f 1329/2270/1382 1382/2269/1381 1354/2201/1326 1288/2200/1325
