# This file uses centimeters as units for non-parametric coordinates.

mtllib Snaal.mtl
g default
v 0.125751 -0.119815 -1.065390
v 0.109140 -0.115842 -1.064394
v 0.100400 -0.120387 -1.045062
v 0.108274 -0.128905 -1.026726
v 0.124885 -0.132878 -1.027721
v 0.133625 -0.128334 -1.047053
v 0.132090 -0.091577 -1.052624
v 0.117704 -0.088136 -1.051761
v 0.110135 -0.092072 -1.035018
v 0.116954 -0.099450 -1.019138
v 0.131340 -0.102890 -1.020001
v 0.138909 -0.098954 -1.036744
v 0.134389 -0.072124 -1.038096
v 0.126083 -0.070137 -1.037599
v 0.121714 -0.072409 -1.027934
v 0.125650 -0.076669 -1.018765
v 0.133956 -0.078655 -1.019263
v 0.138326 -0.076383 -1.028929
v 0.132032 -0.066667 -1.025704
v 0.013179 0.011518 1.051270
v 0.014572 -0.022849 1.198574
v 0.022777 -0.005761 1.056998
v -0.011515 -0.005701 1.057671
v -0.003310 -0.022773 1.199217
v -0.001911 0.011913 1.054848
v 0.049873 -0.180290 0.551611
v 0.023504 -0.184523 0.605026
v 0.029333 -0.205810 0.556752
v -0.018073 -0.205810 0.556752
v -0.012244 -0.184523 0.605026
v -0.038613 -0.180292 0.551608
v 0.025243 -0.205835 0.284504
v 0.017020 -0.221089 0.303860
v 0.020422 -0.198733 0.242065
v -0.009161 -0.198744 0.242205
v -0.005760 -0.221096 0.303985
v -0.013983 -0.205858 0.284595
v 0.051670 -0.110267 0.092175
v 0.039188 -0.110668 0.058435
v 0.024215 -0.099364 0.091016
v -0.012955 -0.099821 0.090079
v -0.027927 -0.110762 0.058134
v -0.040409 -0.110519 0.090913
v 0.047473 -0.092448 0.348508
v 0.020532 -0.081197 0.351056
v -0.009271 -0.081418 0.351035
v -0.036212 -0.092650 0.347889
v -0.018211 -0.237059 0.476299
v -0.008109 -0.255622 0.500876
v 0.019370 -0.255620 0.500859
v 0.029471 -0.237043 0.476315
v 0.018014 -0.183209 0.756708
v 0.041416 -0.150418 0.680147
v 0.041911 -0.178949 0.397323
v 0.039751 -0.163704 0.187972
v 0.024163 -0.159880 0.147846
v -0.012903 -0.159893 0.147778
v -0.028491 -0.163796 0.187415
v -0.030651 -0.179058 0.397025
v -0.030155 -0.150434 0.680112
v -0.006753 -0.183208 0.756708
v 0.021855 -0.137055 0.875677
v 0.036650 -0.126593 0.800511
v 0.047688 -0.142665 0.360367
v 0.048089 -0.137048 0.136544
v 0.032331 -0.135434 0.099034
v -0.021071 -0.135453 0.098890
v -0.036828 -0.137187 0.135619
v -0.036428 -0.142817 0.359853
v -0.025390 -0.126615 0.800450
v -0.010594 -0.137055 0.875677
v 0.018852 -0.146256 1.332154
v 0.030089 -0.092323 1.176252
v 0.049846 -0.119050 0.385937
v 0.052347 -0.122911 0.111323
v 0.037755 -0.122467 0.075210
v -0.026495 -0.122490 0.075037
v -0.041087 -0.123075 0.110213
v -0.038586 -0.119222 0.385304
v -0.018829 -0.092348 1.176175
v -0.007592 -0.146256 1.332154
v 0.093722 -0.033987 -0.962012
v 0.089818 -0.035353 -0.971024
v 0.082089 -0.033159 -0.976834
v 0.073487 -0.028243 -0.977224
v 0.067297 -0.022483 -0.972044
v 0.065884 -0.018080 -0.963274
v 0.069788 -0.016714 -0.954262
v 0.077517 -0.018908 -0.948451
v 0.086119 -0.023824 -0.948061
v 0.092309 -0.029583 -0.953241
v 0.108023 -0.037026 -0.963029
v 0.100744 -0.039572 -0.979833
v 0.086331 -0.035481 -0.990669
v 0.070290 -0.026315 -0.991396
v 0.058748 -0.015574 -0.981738
v 0.056113 -0.007362 -0.965382
v 0.063392 -0.004815 -0.948578
v 0.077805 -0.008907 -0.937743
v 0.093846 -0.018073 -0.937015
v 0.105388 -0.028814 -0.946674
v 0.121346 -0.036584 -0.965038
v 0.111327 -0.040090 -0.988168
v 0.091489 -0.034458 -1.003081
v 0.069411 -0.021842 -1.004083
v 0.053524 -0.007059 -0.990788
v 0.049898 0.004244 -0.968278
v 0.059916 0.007749 -0.945148
v 0.079754 0.002118 -0.930234
v 0.101832 -0.010498 -0.929233
v 0.117719 -0.025281 -0.942527
v 0.132095 -0.032578 -0.967843
v 0.120317 -0.036699 -0.995034
v 0.096997 -0.030079 -1.012566
v 0.071042 -0.015247 -1.013743
v 0.052366 0.002131 -0.998116
v 0.048103 0.015419 -0.971652
v 0.059881 0.019539 -0.944461
v 0.083201 0.012920 -0.926929
v 0.109156 -0.001912 -0.925752
v 0.127832 -0.019290 -0.941380
v 0.139220 -0.025399 -0.971170
v 0.126836 -0.029731 -0.999760
v 0.102316 -0.022771 -1.018195
v 0.075025 -0.007176 -1.019432
v 0.055388 0.011097 -1.003000
v 0.050905 0.025068 -0.975175
v 0.063289 0.029401 -0.946585
v 0.087810 0.022440 -0.928151
v 0.115100 0.006845 -0.926913
v 0.134737 -0.011428 -0.943346
v 0.142022 -0.015750 -0.974693
v 0.130244 -0.019870 -1.001884
v 0.106924 -0.013251 -1.019416
v 0.080969 0.001581 -1.020593
v 0.062293 0.018960 -1.004965
v 0.058030 0.032247 -0.978503
v 0.069808 0.036368 -0.951312
v 0.093128 0.029748 -0.933780
v 0.119083 0.014916 -0.932603
v 0.137759 -0.002462 -0.948230
v 0.140228 -0.004575 -0.978068
v 0.130209 -0.008080 -1.001198
v 0.110372 -0.002449 -1.016111
v 0.088293 0.010167 -1.017113
v 0.072406 0.024950 -1.003819
v 0.068780 0.036253 -0.981308
v 0.078798 0.039759 -0.958178
v 0.098636 0.034128 -0.943265
v 0.120715 0.021511 -0.942263
v 0.136601 0.006728 -0.955557
v 0.134012 0.007031 -0.980963
v 0.126733 0.004485 -0.997768
v 0.112321 0.008576 -1.008603
v 0.096280 0.017742 -1.009331
v 0.084737 0.028483 -0.999672
v 0.082102 0.036695 -0.983317
v 0.089381 0.039242 -0.966512
v 0.103794 0.035150 -0.955676
v 0.119835 0.025984 -0.954949
v 0.131377 0.015243 -0.964608
v 0.124241 0.017749 -0.983072
v 0.120337 0.016383 -0.992084
v 0.112608 0.018577 -0.997894
v 0.104006 0.023493 -0.998284
v 0.097816 0.029252 -0.993104
v 0.096403 0.033656 -0.984334
v 0.100307 0.035022 -0.975322
v 0.108036 0.032828 -0.969512
v 0.116638 0.027912 -0.969121
v 0.122828 0.022153 -0.974301
v 0.078934 -0.027507 -0.962043
v 0.111191 0.027176 -0.984303
v 0.095156 -0.179156 0.019398
v 0.103586 -0.195183 0.050700
v 0.104219 -0.202255 0.020618
v 0.126587 -0.136332 0.028653
v 0.119306 -0.148775 0.056416
v 0.104517 -0.151651 0.022708
v 0.211388 -0.225855 0.193425
v 0.199027 -0.219605 0.225854
v 0.238599 -0.227023 0.216945
v 0.242794 -0.214643 0.218469
v 0.203378 -0.206764 0.227435
v 0.220406 -0.199244 0.196699
v 0.212958 -0.188859 -0.120419
v 0.227810 -0.187879 -0.101231
v 0.212190 -0.180435 -0.155850
v 0.219602 -0.158560 -0.153015
v 0.233514 -0.171037 -0.099030
v 0.222802 -0.159847 -0.116752
v 0.140845 -0.170657 -0.302276
v 0.147603 -0.157738 -0.335018
v 0.133731 -0.147123 -0.310025
v 0.143572 -0.119621 -0.307547
v 0.163637 -0.110740 -0.329515
v 0.163565 -0.104553 -0.295322
v 0.122898 -0.187191 -0.136230
v 0.114518 -0.161745 -0.141019
v 0.122968 -0.137798 -0.138676
v 0.145572 -0.121027 -0.128770
v 0.238346 -0.183825 0.050089
v 0.254181 -0.196263 0.068327
v 0.248491 -0.213058 0.066241
v 0.228487 -0.212881 0.046525
v 0.157196 -0.202995 0.114995
v 0.160166 -0.214568 0.086246
v 0.175918 -0.203951 -0.042621
v 0.177450 -0.181273 -0.219367
v 0.182111 -0.165343 -0.256677
v 0.192029 -0.136126 -0.253152
v 0.195184 -0.129335 -0.213564
v 0.194413 -0.149758 -0.036264
v 0.177443 -0.163626 0.092483
v 0.165470 -0.178573 0.118003
v -0.035307 -0.020636 -0.974010
v -0.042051 -0.026736 -0.977962
v -0.050459 -0.031664 -0.976133
v -0.057320 -0.033535 -0.969223
v -0.060012 -0.031636 -0.959872
v -0.057509 -0.026691 -0.951649
v -0.050765 -0.020590 -0.947698
v -0.042357 -0.015663 -0.949527
v -0.035496 -0.013792 -0.956436
v -0.032804 -0.015691 -0.965788
v -0.028322 -0.014129 -0.985221
v -0.040898 -0.025505 -0.992589
v -0.056576 -0.034693 -0.989180
v -0.069370 -0.038183 -0.976295
v -0.074391 -0.034641 -0.958855
v -0.069722 -0.025421 -0.943524
v -0.057147 -0.014044 -0.936156
v -0.041468 -0.004856 -0.939565
v -0.028674 -0.001367 -0.952450
v -0.023653 -0.004909 -0.969889
v -0.024632 -0.005903 -0.995488
v -0.041941 -0.021561 -1.005629
v -0.063521 -0.034207 -1.000937
v -0.081130 -0.039010 -0.983202
v -0.088041 -0.034135 -0.959199
v -0.081615 -0.021445 -0.938097
v -0.064306 -0.005786 -0.927956
v -0.042726 0.006860 -0.932648
v -0.025117 0.011663 -0.950383
v -0.018206 0.006788 -0.974385
v -0.024798 0.003149 -1.003575
v -0.045146 -0.015259 -1.015497
v -0.070515 -0.030125 -1.009981
v -0.091215 -0.035771 -0.989133
v -0.099339 -0.030040 -0.960915
v -0.091785 -0.015122 -0.936108
v -0.071437 0.003286 -0.924186
v -0.046068 0.018152 -0.929703
v -0.025368 0.023799 -0.950551
v -0.017244 0.018068 -0.978767
v -0.028803 0.012141 -1.008691
v -0.050198 -0.007214 -1.021227
v -0.076873 -0.022845 -1.015427
v -0.098638 -0.028782 -0.993505
v -0.107181 -0.022756 -0.963837
v -0.099238 -0.007070 -0.937752
v -0.077843 0.012285 -0.925217
v -0.051168 0.027917 -0.931017
v -0.029403 0.033853 -0.952939
v -0.020860 0.027828 -0.982607
v -0.036255 0.020193 -1.010335
v -0.056603 0.001785 -1.022258
v -0.081973 -0.013081 -1.016741
v -0.102673 -0.018727 -0.995893
v -0.110797 -0.012997 -0.967676
v -0.103243 0.001922 -0.942869
v -0.082895 0.020330 -0.930946
v -0.057526 0.035196 -0.936463
v -0.036826 0.040842 -0.957312
v -0.028701 0.035112 -0.985528
v -0.046426 0.026516 -1.008347
v -0.063735 0.010858 -1.018488
v -0.085315 -0.001788 -1.013796
v -0.102924 -0.006591 -0.996061
v -0.109835 -0.001716 -0.972059
v -0.103409 0.010974 -0.950957
v -0.086100 0.026633 -0.940815
v -0.064519 0.039279 -0.945508
v -0.046911 0.044082 -0.963242
v -0.040000 0.039207 -0.987244
v -0.058319 0.030492 -1.002920
v -0.070894 0.019115 -1.010288
v -0.086573 0.009928 -1.006879
v -0.099367 0.006438 -0.993994
v -0.104388 0.009980 -0.976555
v -0.099719 0.019200 -0.961224
v -0.087143 0.030577 -0.953855
v -0.071464 0.039765 -0.957265
v -0.058671 0.043254 -0.970149
v -0.053650 0.039712 -0.987588
v -0.070532 0.031762 -0.994794
v -0.077276 0.025662 -0.998746
v -0.085684 0.020734 -0.996917
v -0.092545 0.018863 -0.990008
v -0.095237 0.020762 -0.980656
v -0.092734 0.025707 -0.972434
v -0.085990 0.031808 -0.968483
v -0.077582 0.036735 -0.970311
v -0.070721 0.038606 -0.977221
v -0.068028 0.036707 -0.986572
v -0.045405 -0.025155 -0.962238
v -0.082636 0.030227 -0.984206
v 0.065367 -0.075887 -1.265456
v 0.054702 -0.061197 -1.260406
v 0.041451 -0.049120 -1.260423
v 0.024462 -0.041218 -1.260430
v 0.005630 -0.038742 -1.260431
v -0.013202 -0.041218 -1.260430
v -0.030191 -0.049120 -1.260423
v -0.043442 -0.061197 -1.260406
v -0.054106 -0.075887 -1.265456
v -0.061723 -0.073037 -1.297296
v -0.059733 -0.099832 -1.311263
v -0.050567 -0.124022 -1.316099
v -0.035171 -0.140481 -1.317009
v -0.015593 -0.150673 -1.317119
v 0.005630 -0.154060 -1.317136
v 0.026853 -0.150673 -1.317119
v 0.046432 -0.140481 -1.317009
v 0.061828 -0.124022 -1.316099
v 0.070993 -0.099832 -1.311262
v 0.072983 -0.073037 -1.297296
v 0.092946 -0.071276 -1.198712
v 0.077640 -0.045722 -1.196143
v 0.058185 -0.026895 -1.196898
v 0.033260 -0.014654 -1.196912
v 0.005630 -0.010862 -1.196914
v -0.022000 -0.014654 -1.196912
v -0.046924 -0.026895 -1.196898
v -0.066379 -0.045722 -1.196143
v -0.081686 -0.071276 -1.198712
v -0.092691 -0.082900 -1.235795
v -0.089038 -0.117272 -1.247880
v -0.074900 -0.148360 -1.249365
v -0.052878 -0.171785 -1.249568
v -0.025130 -0.186463 -1.249653
v 0.005630 -0.191290 -1.249676
v 0.036390 -0.186463 -1.249653
v 0.064138 -0.171785 -1.249568
v 0.086160 -0.148360 -1.249365
v 0.100298 -0.117272 -1.247880
v 0.103951 -0.082900 -1.235795
v 0.116730 -0.071716 -1.074998
v 0.099130 -0.040836 -1.104486
v 0.073673 -0.016433 -1.108902
v 0.041402 -0.000645 -1.108991
v 0.005630 0.004616 -1.109004
v -0.030142 -0.000645 -1.108991
v -0.062413 -0.016433 -1.108902
v -0.087870 -0.040836 -1.104486
v -0.105470 -0.071716 -1.074998
v -0.120120 -0.079397 -1.111376
v -0.117409 -0.129616 -1.146245
v -0.098758 -0.169513 -1.151433
v -0.070121 -0.198951 -1.151611
v -0.034195 -0.217565 -1.151711
v 0.005630 -0.223643 -1.151734
v 0.045455 -0.217565 -1.151711
v 0.081381 -0.198951 -1.151611
v 0.110018 -0.169513 -1.151433
v 0.128670 -0.129616 -1.146245
v 0.131381 -0.079397 -1.111376
v 0.139190 -0.106662 -0.976959
v 0.117713 -0.027507 -1.001459
v 0.087486 0.006259 -1.003254
v 0.048664 0.026580 -1.004340
v 0.005630 0.033445 -1.004485
v -0.037404 0.026580 -1.004340
v -0.076225 0.006259 -1.003254
v -0.106452 -0.027507 -1.001459
v -0.127930 -0.106662 -0.976959
v -0.133725 -0.101243 -0.998203
v -0.140505 -0.135755 -1.025060
v -0.118448 -0.178245 -1.029466
v -0.084168 -0.212465 -1.029681
v -0.041580 -0.234148 -1.029775
v 0.005630 -0.241221 -1.029794
v 0.052840 -0.234148 -1.029775
v 0.095429 -0.212465 -1.029681
v 0.129708 -0.178245 -1.029466
v 0.151765 -0.135755 -1.025060
v 0.144986 -0.101243 -0.998203
v 0.155442 -0.075561 -0.881539
v 0.134625 0.006323 -0.888111
v 0.099401 0.055114 -0.894397
v 0.054928 0.082632 -0.898482
v 0.005630 0.091084 -0.899001
v -0.043668 0.082632 -0.898482
v -0.088140 0.055114 -0.894397
v -0.123365 0.006323 -0.888111
v -0.144182 -0.075561 -0.881539
v -0.142016 -0.114728 -0.878001
v -0.139932 -0.130648 -0.879279
v -0.126544 -0.168164 -0.879889
v -0.089732 -0.201080 -0.885209
v -0.044279 -0.223407 -0.886030
v 0.005630 -0.230650 -0.886001
v 0.055540 -0.223407 -0.886030
v 0.100992 -0.201080 -0.885209
v 0.137804 -0.168164 -0.879889
v 0.151192 -0.130648 -0.879279
v 0.153276 -0.114728 -0.878001
v 0.174706 -0.012950 -0.772846
v 0.147650 0.040264 -0.780353
v 0.108813 0.080672 -0.781866
v 0.059877 0.106564 -0.782848
v 0.005630 0.115303 -0.782970
v -0.048617 0.106564 -0.782848
v -0.097553 0.080672 -0.781866
v -0.136390 0.040264 -0.780353
v -0.163446 -0.012950 -0.772846
v -0.184875 -0.065555 -0.732932
v -0.179301 -0.113673 -0.724422
v -0.153592 -0.159970 -0.728758
v -0.100049 -0.192941 -0.765910
v -0.048617 -0.222439 -0.771716
v 0.005630 -0.231570 -0.771630
v 0.059877 -0.222439 -0.771716
v 0.111309 -0.192941 -0.765910
v 0.164852 -0.159970 -0.728758
v 0.190561 -0.113673 -0.724422
v 0.196135 -0.065555 -0.732932
v 0.183915 0.006791 -0.653664
v 0.157353 0.056804 -0.657598
v 0.115863 0.095794 -0.658416
v 0.063583 0.123259 -0.658491
v 0.005630 0.132754 -0.658658
v -0.052323 0.123259 -0.658491
v -0.104603 0.095794 -0.658416
v -0.146093 0.056803 -0.657598
v -0.172655 0.006791 -0.653664
v -0.181375 -0.053087 -0.643922
v -0.172120 -0.114501 -0.637448
v -0.145558 -0.170507 -0.632824
v -0.104527 -0.214909 -0.633828
v -0.052323 -0.242731 -0.633041
v 0.005630 -0.252003 -0.632856
v 0.063583 -0.242731 -0.633041
v 0.115787 -0.214909 -0.633828
v 0.156818 -0.170507 -0.632824
v 0.183380 -0.114501 -0.637448
v 0.192635 -0.053087 -0.643922
v 0.189292 0.006620 -0.538471
v 0.161862 0.048475 -0.544589
v 0.119139 0.084572 -0.545772
v 0.065306 0.115777 -0.545003
v 0.005630 0.126512 -0.545477
v -0.054045 0.115777 -0.545003
v -0.107879 0.084572 -0.545772
v -0.150602 0.048475 -0.544589
v -0.178032 0.006620 -0.538471
v -0.187483 -0.055769 -0.530501
v -0.178032 -0.122342 -0.521655
v -0.150602 -0.182892 -0.513309
v -0.107879 -0.230499 -0.507284
v -0.054045 -0.259949 -0.504800
v 0.005630 -0.269633 -0.504515
v 0.065306 -0.259949 -0.504800
v 0.119139 -0.230499 -0.507284
v 0.161862 -0.182892 -0.513309
v 0.189292 -0.122342 -0.521655
v 0.198744 -0.055769 -0.530501
v 0.186796 0.003590 -0.394066
v 0.159739 0.052379 -0.410672
v 0.117597 0.091310 -0.422366
v 0.064494 0.120947 -0.425727
v 0.005630 0.131583 -0.426964
v -0.053234 0.120947 -0.425727
v -0.106336 0.091310 -0.422366
v -0.148479 0.052379 -0.410672
v -0.175535 0.003590 -0.394066
v -0.184859 -0.061142 -0.382156
v -0.175535 -0.128701 -0.370890
v -0.148479 -0.189935 -0.360574
v -0.106336 -0.237881 -0.353232
v -0.053234 -0.267336 -0.350179
v 0.005630 -0.276947 -0.349789
v 0.064494 -0.267336 -0.350179
v 0.117597 -0.237881 -0.353232
v 0.159739 -0.189935 -0.360574
v 0.186796 -0.128701 -0.370890
v 0.196119 -0.061142 -0.382156
v 0.174364 0.007763 -0.223692
v 0.149164 0.064309 -0.237982
v 0.109914 0.109407 -0.248836
v 0.060455 0.138434 -0.253985
v 0.005630 0.148419 -0.255465
v -0.049195 0.138434 -0.253985
v -0.098653 0.109407 -0.248836
v -0.137904 0.064309 -0.237982
v -0.163104 0.007763 -0.223692
v -0.171787 -0.055840 -0.208987
v -0.163104 -0.120023 -0.194097
v -0.137904 -0.177851 -0.180986
v -0.098653 -0.222971 -0.171820
v -0.049195 -0.250717 -0.167609
v 0.005630 -0.259849 -0.166662
v 0.060455 -0.250717 -0.167609
v 0.109913 -0.222971 -0.171820
v 0.149164 -0.177851 -0.180986
v 0.174364 -0.120023 -0.194097
v 0.183048 -0.055840 -0.208987
v 0.151179 0.024734 -0.009893
v 0.129472 0.079141 -0.028425
v 0.095623 0.126786 -0.046485
v 0.052945 0.155774 -0.055370
v 0.005630 0.164413 -0.056735
v -0.041685 0.155774 -0.055370
v -0.084362 0.126786 -0.046485
v -0.118212 0.079141 -0.028425
v -0.139918 0.024734 -0.009893
v -0.147362 -0.029320 0.005437
v -0.139829 -0.082553 0.020501
v -0.118071 -0.130483 0.034155
v -0.084225 -0.168191 0.044534
v -0.041603 -0.191972 0.050690
v 0.005630 -0.200165 0.053079
v 0.052863 -0.191972 0.050690
v 0.095485 -0.168191 0.044534
v 0.129331 -0.130483 0.034155
v 0.151089 -0.082553 0.020501
v 0.158623 -0.029320 0.005437
v 0.116934 0.018169 0.285690
v 0.100426 0.053144 0.274007
v 0.074404 0.081569 0.265253
v 0.041452 0.099291 0.261620
v 0.004895 0.104963 0.261321
v -0.031638 0.099149 0.261883
v -0.064534 0.081324 0.265756
v -0.090499 0.052861 0.274702
v -0.106991 0.017924 0.286497
v -0.112452 -0.019614 0.299180
v -0.106442 -0.056830 0.311883
v -0.089649 -0.090270 0.323291
v -0.063764 -0.116771 0.332369
v -0.031296 -0.133862 0.338655
v 0.004642 -0.139881 0.341583
v 0.040629 -0.133914 0.338400
v 0.073222 -0.116838 0.331900
v 0.099270 -0.090304 0.322646
v 0.116216 -0.056783 0.311127
v 0.122342 -0.019461 0.298360
v 0.074142 -0.008983 0.631255
v 0.063335 0.012876 0.627679
v 0.046041 0.030014 0.625600
v 0.024124 0.040669 0.625199
v -0.000102 0.043914 0.625823
v -0.024155 0.039656 0.626791
v -0.045657 0.028266 0.628645
v -0.062525 0.010865 0.631892
v -0.073198 -0.010715 0.636129
v -0.076767 -0.034301 0.640745
v -0.073010 -0.057632 0.645154
v -0.062350 -0.078549 0.649055
v -0.045858 -0.095144 0.651990
v -0.025039 -0.105880 0.653841
v -0.001786 -0.109751 0.654279
v 0.021807 -0.106237 0.652313
v 0.043485 -0.095614 0.649169
v 0.061099 -0.078784 0.645165
v 0.072818 -0.057300 0.640598
v 0.077361 -0.033227 0.635789
v 0.051086 -0.022229 0.849911
v 0.043063 -0.006216 0.849895
v 0.030184 0.006295 0.850010
v 0.013893 0.014015 0.850178
v -0.004051 0.016214 0.850288
v -0.021780 0.012804 0.850375
v -0.037531 0.004220 0.850381
v -0.049806 -0.008574 0.850417
v -0.057546 -0.024229 0.850457
v -0.060121 -0.041230 0.850589
v -0.057397 -0.058011 0.850745
v -0.049667 -0.073064 0.850938
v -0.037675 -0.085020 0.851054
v -0.022471 -0.092773 0.851140
v -0.005410 -0.095586 0.851141
v 0.011971 -0.093137 0.851025
v 0.028023 -0.085510 0.850812
v 0.041133 -0.073302 0.850563
v 0.049925 -0.057632 0.850285
v 0.053398 -0.040008 0.850061
v 0.042012 -0.025577 0.975103
v 0.035508 -0.012673 0.975468
v 0.025131 -0.002558 0.975595
v 0.012016 0.003748 0.975497
v -0.002465 0.005618 0.975059
v -0.016819 0.002947 0.974454
v -0.029624 -0.003931 0.973581
v -0.039656 -0.014252 0.972673
v -0.046019 -0.026952 0.971849
v -0.048172 -0.040803 0.971227
v -0.045976 -0.054517 0.970843
v -0.039662 -0.066839 0.970612
v -0.029833 -0.076615 0.970528
v -0.017382 -0.082940 0.970685
v -0.003436 -0.085189 0.971070
v 0.010712 -0.083118 0.971693
v 0.023707 -0.076838 0.972398
v 0.034259 -0.066880 0.973144
v 0.041265 -0.054157 0.973881
v 0.043965 -0.039910 0.974532
v 0.035293 -0.027386 1.057780
v 0.030127 -0.017211 1.057901
v 0.021960 -0.009208 1.057789
v 0.011658 -0.004167 1.057507
v 0.000268 -0.002580 1.057039
v -0.011069 -0.004571 1.056422
v -0.021233 -0.009910 1.055718
v -0.029248 -0.018035 1.055032
v -0.034365 -0.028128 1.054454
v -0.036121 -0.039210 1.054043
v -0.034381 -0.050228 1.053813
v -0.029318 -0.060143 1.053725
v -0.021420 -0.068011 1.053772
v -0.011425 -0.073078 1.054019
v -0.000275 -0.074855 1.054432
v 0.010978 -0.073141 1.054991
v 0.021243 -0.068068 1.055634
v 0.029508 -0.060096 1.056284
v 0.034926 -0.049974 1.056900
v 0.036929 -0.038695 1.057415
v 0.027087 -0.029747 1.113829
v 0.023394 -0.022510 1.113824
v 0.017600 -0.016800 1.113674
v 0.010296 -0.013176 1.113429
v 0.002212 -0.011990 1.113105
v -0.005854 -0.013347 1.112729
v -0.013109 -0.017101 1.112340
v -0.018853 -0.022871 1.111978
v -0.022535 -0.030086 1.111686
v -0.023808 -0.038044 1.111493
v -0.022559 -0.045978 1.111413
v -0.018913 -0.053125 1.111427
v -0.013226 -0.058798 1.111495
v -0.006038 -0.062443 1.111674
v 0.001962 -0.063705 1.111948
v 0.010004 -0.062450 1.112293
v 0.017298 -0.058788 1.112653
v 0.023135 -0.053064 1.113028
v 0.026936 -0.045827 1.113392
v 0.028300 -0.037790 1.113664
v 0.016707 -0.032952 1.148150
v 0.014707 -0.029031 1.148145
v 0.011574 -0.025933 1.148056
v 0.007626 -0.023956 1.147934
v 0.003253 -0.023294 1.147784
v -0.001118 -0.024008 1.147620
v -0.005057 -0.026028 1.147449
v -0.008182 -0.029153 1.147293
v -0.010192 -0.033073 1.147176
v -0.010888 -0.037408 1.147096
v -0.010206 -0.041737 1.147067
v -0.008216 -0.045637 1.147084
v -0.005115 -0.048733 1.147107
v -0.001196 -0.050718 1.147202
v 0.003155 -0.051397 1.147305
v 0.007524 -0.050705 1.147478
v 0.011473 -0.048706 1.147645
v 0.014616 -0.045591 1.147790
v 0.016656 -0.041662 1.147961
v 0.017377 -0.037306 1.148082
v 0.003628 -0.037148 1.162573
v -0.118134 -0.074836 -1.005193
v -0.076615 -0.063790 -1.193190
v -0.050564 -0.073074 -1.260387
v 0.129395 -0.074836 -1.005193
v 0.087875 -0.063790 -1.193190
v 0.061824 -0.073074 -1.260387
v 0.037055 -0.082420 -1.301238
v 0.042850 -0.072799 -1.314997
v 0.044629 -0.084403 -1.325316
v 0.042460 -0.098137 -1.333642
v 0.032224 -0.107028 -1.336434
v 0.018224 -0.112493 -1.336759
v 0.005630 -0.114295 -1.336768
v -0.006964 -0.112493 -1.336759
v -0.020964 -0.107028 -1.336434
v -0.031200 -0.098137 -1.333642
v -0.033369 -0.084403 -1.325316
v -0.031590 -0.072799 -1.314997
v -0.025794 -0.082420 -1.301238
v -0.022992 -0.083494 -1.299093
v -0.019953 -0.081840 -1.299095
v -0.013153 -0.080307 -1.299098
v -0.004245 -0.079354 -1.299098
v 0.005630 -0.079082 -1.299098
v 0.015505 -0.079354 -1.299098
v 0.024413 -0.080307 -1.299098
v 0.031213 -0.081840 -1.299095
v 0.034252 -0.083494 -1.299093
v 0.005630 -0.071567 -1.328057
v 0.176598 -0.000892 -0.736922
v 0.185221 -0.055912 -0.699373
v 0.176391 -0.111488 -0.690647
v 0.150882 -0.161861 -0.693645
v 0.111283 -0.201124 -0.726905
v 0.061191 -0.227372 -0.731911
v 0.005630 -0.236018 -0.731801
v -0.049930 -0.227372 -0.731911
v -0.100022 -0.201124 -0.726905
v -0.139622 -0.161861 -0.693645
v -0.165131 -0.111488 -0.690647
v -0.173960 -0.055912 -0.699373
v -0.165338 -0.000892 -0.736922
v -0.139829 0.048133 -0.743984
v -0.100052 0.086967 -0.744455
v -0.049930 0.112511 -0.744707
v 0.005630 0.121367 -0.744768
v 0.061191 0.112511 -0.744707
v 0.111312 0.086967 -0.744455
v 0.151089 0.048133 -0.743984
v -0.001919 -0.000688 0.752469
v -0.003867 0.005616 0.815479
v -0.012403 0.014722 0.709313
v 0.023661 0.014668 0.709073
v 0.015126 0.005542 0.815351
v 0.013171 -0.001070 0.751659
v -0.021497 0.187995 0.304363
v -0.009261 0.176856 0.340882
v -0.015089 0.214021 0.295304
v 0.026350 0.214021 0.295304
v 0.020521 0.176856 0.340882
v 0.032757 0.187997 0.304358
v -0.013983 0.205741 0.008229
v -0.005760 0.220977 0.027417
v -0.009161 0.196853 -0.030280
v 0.020422 0.196855 -0.030141
v 0.017020 0.220977 0.027542
v 0.025243 0.205758 0.008322
v -0.039936 0.118973 -0.182336
v -0.027324 0.121285 -0.216152
v -0.012955 0.106761 -0.187041
v 0.024215 0.107273 -0.187949
v 0.038585 0.121396 -0.216444
v 0.051196 0.119297 -0.183560
v -0.035992 0.095283 0.064491
v -0.009272 0.082197 0.069908
v 0.020531 0.082456 0.069183
v 0.047252 0.095528 0.063754
v 0.026645 0.250826 0.185200
v 0.018899 0.274816 0.201938
v -0.007639 0.274816 0.201921
v -0.015385 0.250809 0.185214
v -0.006282 0.150972 0.455938
v -0.027329 0.153836 0.407619
v -0.030180 0.176681 0.121252
v -0.028491 0.165753 -0.086986
v -0.012903 0.163744 -0.126669
v 0.024163 0.163761 -0.126736
v 0.039751 0.165879 -0.087537
v 0.041440 0.176808 0.120960
v 0.038589 0.153854 0.407585
v 0.017542 0.150972 0.455938
v -0.010039 0.080896 0.567887
v -0.024504 0.089758 0.502890
v -0.036648 0.132148 0.078613
v -0.037301 0.140236 -0.142217
v -0.021673 0.141003 -0.179594
v 0.032933 0.141032 -0.179740
v 0.048562 0.140434 -0.143153
v 0.047908 0.132334 0.078096
v 0.035765 0.089784 0.502828
v 0.021299 0.080896 0.567887
v -0.070596 -0.179156 0.019398
v -0.077773 -0.195183 0.050700
v -0.078314 -0.202255 0.020618
v -0.097358 -0.136332 0.028653
v -0.091159 -0.148775 0.056416
v -0.078566 -0.151651 0.022708
v -0.169561 -0.225855 0.193425
v -0.159036 -0.219605 0.225854
v -0.192731 -0.227023 0.216944
v -0.196302 -0.214643 0.218469
v -0.162740 -0.206764 0.227435
v -0.177239 -0.199244 0.196699
v -0.170898 -0.188859 -0.120419
v -0.183543 -0.187879 -0.101231
v -0.170245 -0.180435 -0.155850
v -0.176555 -0.158560 -0.153015
v -0.188400 -0.171037 -0.099030
v -0.179280 -0.159847 -0.116752
v -0.109497 -0.170657 -0.302276
v -0.115252 -0.157737 -0.335018
v -0.103440 -0.147123 -0.310025
v -0.111820 -0.119621 -0.307547
v -0.128904 -0.110740 -0.329515
v -0.128843 -0.104553 -0.295322
v -0.094217 -0.187191 -0.136230
v -0.087082 -0.161745 -0.141019
v -0.094276 -0.137798 -0.138676
v -0.113523 -0.121027 -0.128770
v -0.192515 -0.183825 0.050089
v -0.205997 -0.196264 0.068327
v -0.201153 -0.213058 0.066241
v -0.184120 -0.212881 0.046525
v -0.123420 -0.202995 0.114995
v -0.125949 -0.214568 0.086246
v -0.139361 -0.203951 -0.042621
v -0.140665 -0.181273 -0.219367
v -0.144634 -0.165343 -0.256677
v -0.153078 -0.136126 -0.253152
v -0.155765 -0.129335 -0.213564
v -0.155108 -0.149758 -0.036264
v -0.140658 -0.163626 0.092484
v -0.130464 -0.178573 0.118003
v 0.267640 -0.091692 -0.270895
v 0.296573 -0.025747 -0.337316
v 0.280063 -0.075097 -0.293133
v 0.251953 -0.070335 -0.292461
v 0.283812 -0.022405 -0.337643
v 0.248217 -0.088512 -0.270985
v 0.293380 0.017316 -0.431319
v 0.301615 0.021431 -0.409071
v 0.287848 0.029889 -0.438813
v 0.272595 0.032182 -0.431242
v 0.290936 0.025193 -0.408128
v 0.270898 0.021586 -0.424654
v 0.190602 -0.036428 -0.680536
v 0.188497 -0.015687 -0.671008
v 0.146423 -0.098590 -0.789256
v 0.123905 -0.094043 -0.782282
v 0.167508 -0.011404 -0.664564
v 0.159608 -0.030102 -0.671028
v 0.175678 -0.139732 -0.662144
v 0.139409 -0.147764 -0.780751
v 0.169720 -0.150003 -0.647460
v 0.148466 -0.145712 -0.640989
v 0.116843 -0.143208 -0.773763
v 0.144627 -0.133455 -0.652691
v 0.300886 0.001030 -0.383216
v 0.293430 -0.035274 -0.373889
v 0.190317 -0.090975 -0.676884
v 0.139825 -0.129534 -0.802515
v 0.116718 -0.124868 -0.795358
v 0.156977 -0.084193 -0.666649
v 0.266060 -0.029440 -0.371919
v 0.291094 0.004876 -0.383880
v 0.225510 -0.128549 -0.479946
v 0.215943 -0.144952 -0.470945
v 0.195450 -0.140958 -0.466190
v 0.195411 -0.122619 -0.472816
v 0.213338 -0.054251 -0.498273
v 0.217100 0.019353 -0.518207
v 0.222506 0.036879 -0.521558
v 0.242292 0.032796 -0.527902
v 0.246285 0.013176 -0.526753
v 0.246267 -0.061175 -0.506950
v -0.266324 -0.091692 -0.270895
v -0.296357 -0.025747 -0.337316
v -0.279220 -0.075097 -0.293132
v -0.250044 -0.070335 -0.292461
v -0.283113 -0.022405 -0.337643
v -0.246166 -0.088512 -0.270985
v -0.293043 0.017316 -0.431319
v -0.301590 0.021431 -0.409071
v -0.287301 0.029889 -0.438813
v -0.271469 0.032182 -0.431242
v -0.290505 0.025193 -0.408128
v -0.269707 0.021586 -0.424654
v -0.186362 -0.036429 -0.680536
v -0.184179 -0.015687 -0.671008
v -0.140508 -0.098590 -0.789256
v -0.117135 -0.094043 -0.782282
v -0.162394 -0.011404 -0.664564
v -0.154194 -0.030102 -0.671028
v -0.170873 -0.139732 -0.662144
v -0.133228 -0.147764 -0.780751
v -0.164688 -0.150003 -0.647460
v -0.142628 -0.145712 -0.640989
v -0.109805 -0.143208 -0.773763
v -0.138644 -0.133455 -0.652691
v -0.300836 0.001031 -0.383216
v -0.293096 -0.035274 -0.373889
v -0.186067 -0.090975 -0.676884
v -0.133660 -0.129534 -0.802515
v -0.109674 -0.124868 -0.795358
v -0.151462 -0.084193 -0.666650
v -0.264687 -0.029440 -0.371919
v -0.290671 0.004876 -0.383880
v -0.222598 -0.128549 -0.479946
v -0.212667 -0.144952 -0.470945
v -0.191396 -0.140958 -0.466190
v -0.191356 -0.122619 -0.472816
v -0.209963 -0.054251 -0.498273
v -0.213868 0.019353 -0.518207
v -0.219479 0.036879 -0.521559
v -0.240016 0.032796 -0.527903
v -0.244160 0.013176 -0.526753
v -0.244141 -0.061175 -0.506950
v 0.187323 0.007609 -0.599533
v 0.138231 0.077639 -0.658211
v 0.117922 0.090521 -0.603452
v 0.142172 0.066838 -0.545682
v 0.090765 0.111365 -0.658471
v 0.064666 0.120140 -0.602752
v 0.093295 0.101775 -0.545366
v 0.034966 0.130384 -0.658589
v 0.005630 0.130310 -0.603020
v 0.035837 0.123912 -0.545223
v -0.023705 0.130384 -0.658589
v -0.053406 0.120140 -0.602752
v -0.024577 0.123912 -0.545223
v -0.079505 0.111365 -0.658471
v -0.106662 0.090521 -0.603452
v -0.082035 0.101775 -0.545366
v -0.126970 0.077639 -0.658211
v -0.148927 0.053131 -0.603358
v -0.130911 0.066838 -0.545682
v -0.161456 0.033187 -0.656314
v -0.176063 0.007609 -0.599533
v -0.166422 0.029387 -0.541988
v -0.179281 -0.022384 -0.648952
v -0.185413 -0.053722 -0.593242
v -0.185091 -0.022779 -0.534631
v -0.178975 -0.084065 -0.640319
v -0.176063 -0.118082 -0.585918
v -0.185091 -0.089307 -0.526114
v -0.160845 -0.143578 -0.634617
v -0.148927 -0.176719 -0.578941
v -0.166422 -0.153825 -0.517307
v -0.126665 -0.194505 -0.633067
v -0.106662 -0.223016 -0.573887
v -0.130911 -0.208683 -0.509902
v -0.079505 -0.231060 -0.633592
v -0.053406 -0.251835 -0.571815
v -0.082035 -0.247645 -0.505653
v -0.023705 -0.249697 -0.632857
v 0.005630 -0.261379 -0.571578
v -0.024577 -0.267240 -0.504515
v 0.034966 -0.249696 -0.632857
v 0.064666 -0.251835 -0.571815
v 0.035837 -0.267240 -0.504515
v 0.090765 -0.231060 -0.633592
v 0.117922 -0.223016 -0.573887
v 0.093295 -0.247645 -0.505653
v 0.137925 -0.194505 -0.633067
v 0.160187 -0.176719 -0.578941
v 0.142171 -0.208682 -0.509902
v 0.172105 -0.143578 -0.634617
v 0.187323 -0.118082 -0.585918
v 0.177682 -0.153825 -0.517307
v 0.190236 -0.084065 -0.640319
v 0.196673 -0.053722 -0.593242
v 0.196351 -0.089307 -0.526114
v 0.190541 -0.022384 -0.648952
v 0.196351 -0.022779 -0.534631
v 0.161775 0.048837 -0.481511
v 0.175344 0.029746 -0.402290
v 0.189190 0.004880 -0.469643
v 0.119076 0.085653 -0.488174
v 0.140316 0.072855 -0.417525
v 0.065272 0.116445 -0.489313
v 0.092104 0.107880 -0.424712
v 0.005630 0.127270 -0.490173
v 0.035427 0.128891 -0.426579
v -0.054012 0.116445 -0.489313
v -0.024167 0.128891 -0.426579
v -0.107816 0.085653 -0.488174
v -0.080843 0.107880 -0.424712
v -0.150515 0.048837 -0.481511
v -0.129055 0.072855 -0.417525
v -0.177930 0.004880 -0.469643
v -0.164083 0.029746 -0.402290
v -0.187376 -0.058819 -0.459693
v -0.182499 -0.027455 -0.387683
v -0.177930 -0.126409 -0.449707
v -0.182499 -0.095225 -0.376502
v -0.150515 -0.187793 -0.440393
v -0.164084 -0.160563 -0.365489
v -0.107816 -0.235942 -0.433696
v -0.129055 -0.215941 -0.356416
v -0.054012 -0.265602 -0.430936
v -0.080843 -0.255057 -0.351238
v 0.005630 -0.275306 -0.430620
v -0.024167 -0.274582 -0.349805
v 0.065272 -0.265602 -0.430936
v 0.035427 -0.274582 -0.349805
v 0.119076 -0.235942 -0.433696
v 0.092104 -0.255057 -0.351238
v 0.161775 -0.187793 -0.440393
v 0.140315 -0.215941 -0.356416
v 0.189190 -0.126409 -0.449707
v 0.175344 -0.160563 -0.365489
v 0.198636 -0.058819 -0.459693
v 0.193759 -0.095225 -0.376502
v 0.193759 -0.027455 -0.387683
v 0.155565 0.057261 -0.328624
v 0.163698 0.037207 -0.231049
v 0.181889 0.003948 -0.312761
v 0.114564 0.099087 -0.340056
v 0.131074 0.088585 -0.244033
v 0.062900 0.128088 -0.344288
v 0.086170 0.126148 -0.252023
v 0.005630 0.138451 -0.345703
v 0.033382 0.145895 -0.255111
v -0.051640 0.128088 -0.344288
v -0.022122 0.145895 -0.255111
v -0.103304 0.099086 -0.340056
v -0.074910 0.126148 -0.252023
v -0.144305 0.057261 -0.328624
v -0.119813 0.088585 -0.244033
v -0.170629 0.003948 -0.312761
v -0.152438 0.037207 -0.231049
v -0.179700 -0.061003 -0.299231
v -0.169590 -0.023536 -0.216367
v -0.170629 -0.127633 -0.286016
v -0.169590 -0.088295 -0.201466
v -0.144305 -0.187835 -0.274232
v -0.152438 -0.150144 -0.187176
v -0.103304 -0.234854 -0.266000
v -0.119813 -0.202334 -0.175812
v -0.051640 -0.263693 -0.262485
v -0.074910 -0.239138 -0.169176
v 0.005630 -0.273108 -0.261919
v -0.022122 -0.257589 -0.166843
v 0.062900 -0.263693 -0.262485
v 0.033382 -0.257589 -0.166843
v 0.114564 -0.234854 -0.266000
v 0.086170 -0.239138 -0.169176
v 0.155565 -0.187835 -0.274232
v 0.131074 -0.202334 -0.175812
v 0.181889 -0.127633 -0.286016
v 0.163698 -0.150144 -0.187176
v 0.190960 -0.061003 -0.299231
v 0.180850 -0.088295 -0.201466
v 0.180850 -0.023536 -0.216367
v 0.140445 0.074350 -0.141362
v 0.141996 0.052213 -0.018861
v 0.164115 0.016844 -0.124820
v 0.103579 0.122695 -0.156299
v 0.113875 0.104604 -0.038111
v 0.057125 0.152551 -0.163810
v 0.075136 0.143871 -0.052116
v 0.005630 0.162032 -0.165320
v 0.029581 0.162411 -0.056615
v -0.045865 0.152551 -0.163810
v -0.018321 0.162411 -0.056615
v -0.092319 0.122695 -0.156299
v -0.063876 0.143871 -0.052116
v -0.129185 0.074350 -0.141362
v -0.102614 0.104604 -0.038111
v -0.152854 0.016844 -0.124820
v -0.130736 0.052213 -0.018861
v -0.161010 -0.043085 -0.109495
v -0.145490 -0.002381 -0.001997
v -0.152854 -0.102685 -0.094144
v -0.145443 -0.056269 0.013020
v -0.129185 -0.156343 -0.080453
v -0.130614 -0.107500 0.027628
v -0.092319 -0.198343 -0.070512
v -0.102468 -0.150875 0.039837
v -0.045865 -0.224450 -0.065306
v -0.063761 -0.181949 0.048106
v 0.005630 -0.233230 -0.063673
v -0.018278 -0.198086 0.052425
v 0.057125 -0.224450 -0.065306
v 0.029539 -0.198086 0.052425
v 0.103579 -0.198343 -0.070512
v 0.075021 -0.181949 0.048106
v 0.140445 -0.156343 -0.080453
v 0.113728 -0.150875 0.039837
v 0.164115 -0.102685 -0.094144
v 0.141874 -0.107500 0.027628
v 0.172270 -0.043085 -0.109495
v 0.156703 -0.056269 0.013020
v 0.156751 -0.002381 -0.001997
v 0.116310 0.070442 0.111167
v 0.109985 0.036216 0.279623
v 0.135594 0.024981 0.127342
v 0.086107 0.109518 0.096562
v 0.088457 0.068456 0.269093
v 0.047952 0.133439 0.089730
v 0.058595 0.091897 0.262857
v 0.005630 0.140681 0.088824
v 0.023399 0.103599 0.261253
v -0.036691 0.133439 0.089730
v -0.013603 0.103525 0.261386
v -0.074847 0.109518 0.096562
v -0.048755 0.091697 0.263245
v -0.105049 0.070442 0.111167
v -0.078555 0.068183 0.269701
v -0.124333 0.024981 0.127342
v -0.100043 0.035944 0.280385
v -0.130838 -0.021125 0.141998
v -0.111146 -0.000705 0.292786
v -0.123976 -0.066562 0.156499
v -0.110855 -0.038474 0.305608
v -0.104484 -0.107442 0.169630
v -0.099302 -0.074229 0.317822
v -0.074297 -0.139738 0.179923
v -0.077698 -0.104555 0.328159
v -0.036365 -0.160363 0.186650
v -0.048165 -0.126607 0.335865
v 0.005630 -0.167566 0.189630
v -0.013549 -0.138334 0.340745
v 0.047625 -0.160363 0.186650
v 0.022846 -0.138362 0.340614
v 0.085558 -0.139738 0.179923
v 0.057554 -0.126672 0.335499
v 0.115744 -0.107442 0.169630
v 0.087235 -0.104611 0.327595
v 0.135237 -0.066562 0.156499
v 0.109003 -0.074227 0.317114
v 0.142098 -0.021125 0.141998
v 0.120693 -0.038375 0.304812
v 0.121070 -0.000502 0.291961
v 0.081293 0.032141 0.456688
v 0.069632 0.002397 0.629311
v 0.094769 0.004883 0.463956
v 0.059886 0.053617 0.451994
v 0.055392 0.022156 0.626431
v 0.032753 0.067072 0.450428
v 0.035520 0.036223 0.625221
v 0.002690 0.071381 0.450716
v 0.012145 0.043233 0.625437
v -0.027279 0.066505 0.451479
v -0.012302 0.042709 0.626242
v -0.054185 0.052636 0.454007
v -0.035362 0.034795 0.627566
v -0.075363 0.031010 0.459470
v -0.054777 0.020211 0.630110
v -0.088779 0.003904 0.467181
v -0.068703 0.000465 0.633924
v -0.093221 -0.025902 0.475973
v -0.075895 -0.022399 0.638429
v -0.088370 -0.055478 0.484689
v -0.075788 -0.046136 0.642995
v -0.074791 -0.082018 0.492461
v -0.068484 -0.068517 0.647198
v -0.053854 -0.103076 0.498581
v -0.054745 -0.087490 0.650655
v -0.027543 -0.116708 0.502787
v -0.035875 -0.101315 0.653060
v 0.001676 -0.121561 0.504538
v -0.013589 -0.108716 0.654315
v 0.031094 -0.116913 0.501769
v 0.010108 -0.108911 0.653533
v 0.057905 -0.103345 0.496706
v 0.033023 -0.101768 0.650856
v 0.079494 -0.082152 0.489879
v 0.052921 -0.087887 0.647258
v 0.093688 -0.055287 0.481668
v 0.067786 -0.068502 0.642933
v 0.098998 -0.025293 0.472691
v 0.076034 -0.045440 0.638195
v 0.076724 -0.020966 0.633446
v 0.050982 0.000789 0.755453
v 0.047746 -0.013888 0.849885
v 0.060090 -0.017532 0.756702
v 0.036354 0.015111 0.754883
v 0.037147 0.000566 0.849940
v 0.017832 0.023964 0.754977
v 0.022358 0.010810 0.850096
v -0.002595 0.026543 0.755454
v 0.005011 0.015819 0.850238
v -0.022809 0.022750 0.756087
v -0.013056 0.015191 0.850338
v -0.040806 0.013024 0.757004
v -0.030002 0.009106 0.850381
v -0.054868 -0.001596 0.758393
v -0.044176 -0.001730 0.850398
v -0.063747 -0.019568 0.760072
v -0.054290 -0.016137 0.850431
v -0.066714 -0.039120 0.761860
v -0.059495 -0.032659 0.850515
v -0.063607 -0.058425 0.763514
v -0.059410 -0.049744 0.850663
v -0.054768 -0.075729 0.764988
v -0.054117 -0.065842 0.850844
v -0.041065 -0.089466 0.766028
v -0.044143 -0.079503 0.851003
v -0.023713 -0.098362 0.766614
v -0.030394 -0.089474 0.851104
v -0.004263 -0.101591 0.766582
v -0.014079 -0.094823 0.851154
v 0.015550 -0.098762 0.765590
v 0.003342 -0.095021 0.851097
v 0.033839 -0.090000 0.764121
v 0.020266 -0.089942 0.850926
v 0.048771 -0.075999 0.762340
v 0.035036 -0.079916 0.850692
v 0.058774 -0.058044 0.760393
v 0.046139 -0.065811 0.850423
v 0.062722 -0.037872 0.758451
v 0.052364 -0.048955 0.850165
v 0.052971 -0.031017 0.849973
v 0.038408 -0.010236 0.920893
v 0.039295 -0.018857 0.975315
v 0.045601 -0.024536 0.920494
v 0.026887 0.000951 0.921152
v 0.030738 -0.007197 0.975559
v 0.012322 0.007878 0.921218
v 0.018833 0.001118 0.975584
v -0.003734 0.009871 0.921003
v 0.004853 0.005252 0.975309
v -0.019611 0.006837 0.920664
v -0.009749 0.004837 0.974783
v -0.033731 -0.000832 0.920078
v -0.023496 -0.000008 0.974039
v -0.044753 -0.012268 0.919410
v -0.035048 -0.008724 0.973122
v -0.051716 -0.026274 0.918732
v -0.043336 -0.020379 0.972243
v -0.054046 -0.041503 0.918199
v -0.047637 -0.033814 0.971509
v -0.051612 -0.056550 0.917825
v -0.047609 -0.047757 0.971010
v -0.044672 -0.070059 0.917582
v -0.043301 -0.060927 0.970711
v -0.033889 -0.080784 0.917432
v -0.035135 -0.072106 0.970545
v -0.020218 -0.087737 0.917459
v -0.023868 -0.080254 0.970577
v -0.004883 -0.090237 0.917648
v -0.010517 -0.084595 0.970847
v 0.010715 -0.088013 0.918043
v 0.003697 -0.084693 0.971361
v 0.025091 -0.081150 0.918493
v 0.017436 -0.080477 0.972039
v 0.036809 -0.070203 0.918994
v 0.029362 -0.072267 0.972768
v 0.044639 -0.056173 0.919502
v 0.038259 -0.060791 0.973520
v 0.047706 -0.040417 0.920006
v 0.043181 -0.047137 0.974216
v 0.043572 -0.032659 0.974834
v 0.032855 -0.014931 1.020640
v 0.033124 -0.022089 1.057872
v 0.038693 -0.026476 1.020389
v 0.023581 -0.005866 1.020632
v 0.026368 -0.012884 1.057870
v 0.011872 -0.000183 1.020415
v 0.017013 -0.006281 1.057670
v -0.001069 0.001556 1.019914
v 0.006028 -0.002928 1.057294
v -0.013925 -0.000767 1.019240
v -0.005479 -0.003137 1.056746
v -0.025424 -0.006874 1.018377
v -0.016361 -0.006852 1.056075
v -0.034465 -0.016102 1.017512
v -0.025560 -0.013672 1.055367
v -0.040219 -0.027511 1.016760
v -0.032203 -0.022895 1.054726
v -0.042182 -0.039999 1.016208
v -0.035677 -0.033611 1.054226
v -0.040214 -0.052388 1.015885
v -0.035682 -0.044793 1.053907
v -0.034517 -0.063529 1.015718
v -0.032239 -0.055384 1.053753
v -0.025637 -0.072368 1.015706
v -0.025681 -0.064384 1.053728
v -0.014392 -0.078073 1.015934
v -0.016628 -0.070930 1.053872
v -0.001824 -0.080086 1.016376
v -0.005930 -0.074395 1.054206
v 0.010893 -0.078183 1.017022
v 0.005407 -0.074431 1.054697
v 0.022533 -0.072491 1.017762
v 0.016299 -0.071000 1.055307
v 0.031944 -0.063511 1.018523
v 0.025682 -0.064402 1.055961
v 0.038151 -0.052075 1.019259
v 0.032614 -0.055245 1.056601
v 0.040495 -0.039303 1.019887
v 0.036374 -0.044410 1.057173
v 0.036565 -0.032971 1.057622
v 0.027002 -0.019713 1.088745
v 0.025531 -0.025981 1.113847
v 0.031459 -0.028464 1.088707
v 0.019987 -0.012819 1.088593
v 0.020725 -0.019426 1.113764
v 0.011143 -0.008459 1.088308
v 0.014093 -0.014702 1.113562
v 0.001358 -0.007056 1.087903
v 0.006302 -0.012268 1.113275
v -0.008393 -0.008728 1.087396
v -0.001874 -0.012356 1.112921
v -0.017153 -0.013290 1.086856
v -0.009629 -0.014945 1.112534
v -0.024076 -0.020272 1.086343
v -0.016207 -0.019767 1.112152
v -0.028506 -0.028977 1.085921
v -0.020977 -0.026340 1.111822
v -0.030033 -0.038559 1.085630
v -0.023483 -0.034020 1.111576
v -0.028530 -0.048100 1.085485
v -0.023495 -0.042062 1.111440
v -0.024146 -0.056693 1.085461
v -0.021016 -0.049694 1.111412
v -0.017306 -0.063512 1.085530
v -0.016293 -0.056183 1.111450
v -0.008655 -0.067898 1.085755
v -0.009778 -0.060900 1.111571
v 0.000983 -0.069426 1.086108
v -0.002092 -0.063384 1.111800
v 0.010687 -0.067927 1.086561
v 0.006028 -0.063389 1.112115
v 0.019513 -0.063527 1.087064
v 0.013790 -0.060902 1.112472
v 0.026596 -0.056633 1.087579
v 0.020437 -0.056152 1.112840
v 0.031219 -0.047902 1.088066
v 0.025319 -0.049592 1.113216
v 0.032900 -0.038190 1.088456
v 0.027936 -0.041860 1.113541
v 0.028014 -0.033718 1.113764
v 0.019215 -0.025674 1.133790
v 0.016122 -0.030780 1.147899
v 0.022074 -0.031275 1.133803
v 0.014734 -0.021250 1.133666
v 0.013467 -0.027153 1.147848
v 0.009089 -0.018434 1.133479
v 0.009807 -0.024530 1.147737
v 0.002837 -0.017501 1.133245
v 0.005507 -0.023166 1.147596
v -0.003406 -0.018534 1.132983
v 0.000987 -0.023193 1.147435
v -0.009028 -0.021428 1.132715
v -0.003308 -0.024606 1.147263
v -0.013484 -0.025892 1.132470
v -0.006958 -0.027266 1.147092
v -0.016346 -0.031486 1.132278
v -0.009611 -0.030907 1.146951
v -0.017337 -0.037665 1.132152
v -0.011010 -0.035173 1.146851
v -0.016366 -0.043830 1.132107
v -0.011017 -0.039651 1.146794
v -0.013532 -0.049386 1.132130
v -0.009636 -0.043903 1.146792
v -0.009114 -0.053796 1.132176
v -0.007005 -0.047519 1.146810
v -0.003530 -0.056626 1.132314
v -0.003377 -0.050146 1.146871
v 0.002677 -0.057600 1.132497
v 0.000897 -0.051522 1.146971
v 0.008911 -0.056619 1.132750
v 0.005403 -0.051516 1.147111
v 0.014553 -0.053771 1.133002
v 0.009703 -0.050125 1.147294
v 0.019057 -0.049329 1.133250
v 0.013367 -0.047482 1.147449
v 0.021983 -0.043720 1.133509
v 0.016046 -0.043842 1.147612
v 0.023024 -0.037498 1.133696
v 0.017474 -0.039560 1.147767
v 0.017501 -0.035058 1.147864
v 0.010115 -0.032410 1.156389
v 0.011275 -0.034683 1.156392
v 0.008299 -0.030612 1.156339
v 0.006012 -0.029464 1.156270
v 0.003477 -0.029078 1.156187
v 0.000943 -0.029489 1.156098
v -0.001343 -0.030658 1.156004
v -0.003157 -0.032470 1.155919
v -0.004324 -0.034744 1.155856
v -0.004729 -0.037262 1.155813
v -0.004333 -0.039775 1.155797
v -0.003177 -0.042041 1.155807
v -0.001376 -0.043839 1.155818
v 0.000900 -0.044991 1.155871
v 0.003425 -0.045384 1.155925
v 0.005959 -0.044981 1.156023
v 0.008249 -0.043820 1.156116
v 0.010069 -0.042012 1.156193
v 0.011249 -0.039733 1.156287
v 0.011665 -0.037207 1.156354
v -0.096894 -0.055561 -1.091432
v -0.072727 -0.055677 -1.193964
v -0.047740 -0.067720 -1.260396
v 0.089288 -0.068149 -1.196672
v 0.063382 -0.075925 -1.260384
v 0.040712 -0.076841 -1.307085
v 0.051074 -0.080250 -1.285867
v 0.057904 -0.072084 -1.308987
v 0.045095 -0.076817 -1.320467
v 0.058009 -0.091683 -1.322244
v 0.045178 -0.092178 -1.329991
v 0.052573 -0.111018 -1.329646
v 0.038929 -0.103821 -1.335821
v 0.039623 -0.123710 -1.331702
v 0.025732 -0.111021 -1.336961
v 0.022591 -0.131539 -1.331934
v 0.011893 -0.114767 -1.336993
v 0.005630 -0.134136 -1.331948
v -0.000633 -0.114767 -1.336993
v -0.011331 -0.131539 -1.331934
v -0.014472 -0.111021 -1.336961
v -0.028362 -0.123710 -1.331702
v -0.027669 -0.103821 -1.335821
v -0.041313 -0.111018 -1.329646
v -0.033917 -0.092178 -1.329991
v -0.046748 -0.091683 -1.322244
v -0.033835 -0.076817 -1.320467
v -0.046644 -0.072084 -1.308987
v -0.029452 -0.076841 -1.307085
v -0.039814 -0.080250 -1.285867
v -0.036622 -0.079853 -1.282259
v -0.024700 -0.084444 -1.298505
v -0.022354 -0.083060 -1.298506
v -0.031583 -0.073397 -1.282268
v -0.017436 -0.081380 -1.298509
v -0.021589 -0.066968 -1.282276
v -0.009179 -0.080106 -1.298510
v -0.008680 -0.062784 -1.282280
v 0.000527 -0.079506 -1.298511
v 0.005630 -0.061479 -1.282280
v 0.010733 -0.079506 -1.298511
v 0.019940 -0.062784 -1.282280
v 0.020439 -0.080106 -1.298510
v 0.032849 -0.066968 -1.282276
v 0.028696 -0.081380 -1.298509
v 0.042843 -0.073397 -1.282268
v 0.047882 -0.079853 -1.282259
v 0.033614 -0.083060 -1.298506
v 0.035960 -0.084444 -1.298505
v -0.009034 -0.079903 -1.312541
v -0.010685 -0.079944 -1.312541
v 0.028201 -0.086077 -1.332977
v 0.029009 -0.078087 -1.327208
v 0.021940 -0.091268 -1.335082
v 0.013205 -0.094428 -1.335343
v 0.005630 -0.095473 -1.335349
v -0.001945 -0.094428 -1.335343
v -0.010680 -0.091268 -1.335082
v -0.016941 -0.086077 -1.332977
v -0.017749 -0.078087 -1.327208
v -0.016141 -0.072300 -1.320831
v -0.012534 -0.078723 -1.313783
v -0.005175 -0.079969 -1.312541
v -0.000050 -0.080052 -1.312541
v 0.005630 -0.080100 -1.312541
v 0.011310 -0.080052 -1.312541
v 0.016435 -0.079969 -1.312541
v 0.020294 -0.079903 -1.312541
v 0.021945 -0.079944 -1.312541
v 0.023794 -0.078723 -1.313783
v 0.027401 -0.072300 -1.320831
v 0.179699 0.003112 -0.701702
v 0.186839 -0.054272 -0.678550
v 0.177560 -0.112471 -0.671193
v 0.151823 -0.165493 -0.670499
v 0.113094 -0.207594 -0.687428
v 0.062288 -0.234109 -0.689538
v 0.005630 -0.242963 -0.689396
v -0.051027 -0.234109 -0.689538
v -0.101834 -0.207594 -0.687428
v -0.140563 -0.165493 -0.670499
v -0.166300 -0.112471 -0.671193
v -0.175579 -0.054272 -0.678550
v -0.168439 0.003112 -0.701702
v -0.142702 0.053488 -0.707092
v -0.102139 0.092685 -0.707864
v -0.051027 0.118859 -0.708148
v 0.005630 0.127936 -0.708247
v 0.062288 0.118859 -0.708148
v 0.113399 0.092685 -0.707864
v 0.153962 0.053488 -0.707092
v -0.007303 0.001206 0.747473
v -0.024302 0.053755 0.398547
v -0.024684 0.086147 0.066422
v -0.005438 0.039206 0.423849
v -0.001587 -0.009758 0.859035
v 0.005625 -0.001522 0.753712
v 0.012841 -0.010056 0.858521
v 0.005629 0.006167 0.816006
v -0.007878 0.003852 0.813707
v -0.007592 0.039256 0.695613
v -0.018761 0.081834 0.568651
v -0.018829 0.048542 0.609077
v 0.018558 0.000898 0.746764
v 0.016693 0.039095 0.423054
v 0.035943 0.086448 0.065549
v 0.035561 0.053840 0.398100
v 0.019137 0.003777 0.813579
v 0.030089 0.048572 0.609003
v 0.030022 0.081834 0.568651
v 0.018852 0.039256 0.695613
v -0.021622 0.203395 0.290785
v -0.012033 0.251620 0.260432
v -0.012527 0.268421 0.198362
v -0.019256 0.224275 0.256273
v -0.012986 0.191414 0.315536
v 0.005630 0.177386 0.344418
v 0.024246 0.191414 0.315536
v 0.005630 0.217563 0.296811
v 0.032882 0.203395 0.290785
v 0.030516 0.224285 0.256255
v 0.023787 0.268421 0.198387
v 0.023293 0.251620 0.260432
v -0.033846 0.140703 -0.173598
v -0.026495 0.130774 -0.201427
v -0.040078 0.121455 -0.211287
v -0.041087 0.129042 -0.165353
v -0.007197 0.206259 -0.007696
v 0.005630 0.222465 0.027991
v 0.018457 0.206259 -0.007539
v 0.005630 0.197098 -0.032021
v 0.045106 0.140818 -0.174181
v 0.052347 0.129273 -0.166451
v 0.051338 0.121668 -0.212096
v 0.037755 0.130807 -0.201598
v -0.020169 0.113278 -0.216663
v 0.005630 0.121267 -0.217834
v 0.031429 0.113614 -0.217267
v 0.005630 0.105548 -0.187442
v 0.005630 0.080583 0.567632
v 0.005630 0.276947 0.203114
v 0.005630 0.141104 -0.181593
v 0.005629 0.081003 0.070732
v 0.049846 0.112243 0.067714
v 0.042493 0.111130 0.303323
v -0.031232 0.111026 0.303571
v -0.038586 0.112034 0.068336
v -0.017989 0.175266 0.330276
v 0.029249 0.175266 0.330276
v -0.010464 0.216515 0.025856
v -0.014184 0.196115 -0.024857
v 0.021725 0.216515 0.026034
v 0.025444 0.196125 -0.024706
v -0.028914 0.111155 -0.187016
v 0.040174 0.111691 -0.188295
v -0.039889 0.113636 -0.109773
v -0.010550 0.100557 -0.112620
v 0.021811 0.101035 -0.113476
v 0.051149 0.113965 -0.110871
v 0.049714 0.139854 -0.064896
v 0.025265 0.234321 0.090423
v 0.016987 0.254216 0.110838
v -0.005727 0.254216 0.110769
v -0.014005 0.234302 0.090393
v -0.038453 0.139634 -0.064066
v -0.018302 0.150269 0.453304
v -0.006783 0.166605 0.395165
v -0.024388 0.173078 0.351711
v -0.022562 0.215028 0.155254
v -0.030264 0.166416 0.277589
v -0.030152 0.173308 -0.003351
v -0.020986 0.186339 -0.036967
v -0.010702 0.180815 -0.077057
v -0.023509 0.163474 -0.120422
v 0.021962 0.180825 -0.077015
v 0.005630 0.163833 -0.128741
v 0.032246 0.186406 -0.037173
v 0.034769 0.163546 -0.120753
v 0.033822 0.215097 0.155114
v 0.041412 0.173452 -0.003835
v 0.041524 0.166488 0.277452
v 0.035649 0.173088 0.351694
v 0.029562 0.150269 0.453304
v 0.018044 0.166605 0.395165
v 0.005630 0.151207 0.456816
v -0.008485 0.120269 0.500754
v -0.027353 0.125459 0.446875
v -0.034361 0.151376 0.095978
v -0.033516 0.151429 -0.119083
v -0.016851 0.151233 -0.157761
v 0.028112 0.151257 -0.157882
v 0.044777 0.151595 -0.119856
v 0.045621 0.151538 0.095566
v 0.038613 0.125482 0.446826
v 0.019745 0.120269 0.500754
v -0.070421 -0.191496 0.015424
v -0.085229 -0.195903 -0.046523
v -0.086971 -0.174904 -0.145644
v -0.077534 -0.170608 -0.048904
v -0.069464 -0.187563 0.042789
v -0.073504 -0.165227 0.021896
v -0.080477 -0.149381 0.047493
v -0.084186 -0.172050 0.054722
v -0.075895 -0.204400 0.046046
v -0.098845 -0.199026 0.074214
v -0.123056 -0.211288 0.108786
v -0.099495 -0.209187 0.044751
v -0.085208 -0.140370 0.021624
v -0.084588 -0.146660 -0.046268
v -0.101474 -0.125706 -0.140362
v -0.104429 -0.129754 -0.038713
v -0.094718 -0.139136 0.054086
v -0.117710 -0.146111 0.052458
v -0.134942 -0.170076 0.113863
v -0.109830 -0.160940 0.078906
v -0.184589 -0.228466 0.212797
v -0.200759 -0.222548 0.153059
v -0.195296 -0.214874 0.062397
v -0.179054 -0.221753 0.131033
v -0.177529 -0.225408 0.240985
v -0.159600 -0.213086 0.228565
v -0.180771 -0.214167 0.242369
v -0.196871 -0.221597 0.218936
v -0.190314 -0.208615 0.215242
v -0.187328 -0.193099 0.134545
v -0.202157 -0.191084 0.065353
v -0.205021 -0.207773 0.154879
v -0.141884 -0.173898 -0.251472
v -0.128723 -0.161467 -0.304081
v -0.112498 -0.167691 -0.331324
v -0.123296 -0.177057 -0.268405
v -0.177309 -0.183449 -0.133441
v -0.187143 -0.179822 -0.099651
v -0.182778 -0.164483 -0.130946
v -0.173668 -0.169346 -0.156233
v -0.154951 -0.128830 -0.246279
v -0.141818 -0.113455 -0.261511
v -0.131654 -0.101918 -0.324010
v -0.140407 -0.121048 -0.299248
v -0.108293 -0.150488 -0.340197
v -0.122079 -0.134050 -0.333800
v -0.119599 -0.112308 -0.336100
v -0.106452 -0.133075 -0.308705
v -0.126256 -0.190818 0.118224
v -0.205192 -0.205221 0.068420
v -0.149002 -0.150524 -0.256928
v -0.089498 -0.149594 -0.138795
v -0.132856 -0.131467 -0.088817
v -0.148577 -0.157521 0.040546
v -0.132882 -0.211706 0.034022
v -0.113869 -0.196730 -0.096337
v -0.161623 -0.224328 0.219546
v -0.167881 -0.202632 0.222219
v -0.179025 -0.190266 -0.103123
v -0.168368 -0.184607 -0.150913
v -0.185888 -0.166466 -0.100012
v -0.176828 -0.155302 -0.147151
v -0.103554 -0.159841 -0.311537
v -0.118780 -0.108683 -0.306519
v -0.102855 -0.177966 -0.229363
v -0.096044 -0.152396 -0.235845
v -0.103367 -0.128452 -0.233754
v -0.122230 -0.111774 -0.222274
v -0.156660 -0.138337 -0.132263
v -0.187171 -0.171048 -0.042341
v -0.198298 -0.182824 -0.024458
v -0.193453 -0.199625 -0.026596
v -0.178775 -0.200100 -0.045950
v -0.140890 -0.192548 -0.138417
v -0.142242 -0.210995 0.174699
v -0.149660 -0.220673 0.143523
v -0.164126 -0.209287 0.008259
v -0.157322 -0.185534 -0.164603
v -0.158914 -0.173033 -0.202098
v -0.165891 -0.148869 -0.199080
v -0.168745 -0.146134 -0.159956
v -0.175913 -0.168631 0.013127
v -0.160594 -0.182792 0.148171
v -0.147036 -0.194373 0.176746
v 0.242854 -0.123325 -0.352392
v 0.220662 -0.141698 -0.473865
v 0.254917 -0.105348 -0.368688
v 0.273625 -0.088442 -0.271950
v 0.292686 -0.017775 -0.348926
v 0.269739 -0.052425 -0.287756
v 0.257264 -0.091385 -0.270635
v 0.285695 -0.055574 -0.287176
v 0.287609 -0.057685 -0.331322
v 0.301079 -0.016024 -0.368839
v 0.300367 -0.009232 -0.366289
v 0.293764 -0.045242 -0.302957
v 0.224903 -0.100010 -0.364899
v 0.192273 -0.136171 -0.467271
v 0.222365 -0.119766 -0.350183
v 0.246216 -0.084063 -0.271759
v 0.289619 -0.005631 -0.366774
v 0.281527 -0.010645 -0.368872
v 0.259355 -0.052227 -0.330269
v 0.271654 -0.040715 -0.303323
v 0.273128 0.018286 -0.469452
v 0.245620 0.027965 -0.529185
v 0.267868 0.034777 -0.475139
v 0.291469 0.027458 -0.440268
v 0.280014 0.031659 -0.434806
v 0.285507 0.029345 -0.415121
v 0.297372 0.024126 -0.407467
v 0.298021 0.026472 -0.419563
v 0.250027 0.037825 -0.467629
v 0.218223 0.033689 -0.520715
v 0.246721 0.023413 -0.461405
v 0.270219 0.030870 -0.431115
v 0.183054 -0.118742 -0.670927
v 0.155670 -0.144234 -0.736307
v 0.137588 -0.140046 -0.800449
v 0.163397 -0.112386 -0.751387
v 0.130039 -0.105018 -0.799741
v 0.141638 -0.055614 -0.735005
v 0.178002 -0.012558 -0.667796
v 0.163298 -0.059988 -0.741714
v 0.114610 -0.135406 -0.793334
v 0.124945 -0.138030 -0.726791
v 0.150463 -0.112134 -0.660960
v 0.131369 -0.105918 -0.741468
v 0.158922 -0.148641 -0.643967
v 0.128879 -0.145764 -0.719448
v 0.124065 -0.146937 -0.792493
v 0.150725 -0.150176 -0.726214
v 0.297552 0.008382 -0.388445
v 0.232558 0.036175 -0.524657
v 0.121901 -0.133217 -0.816440
v 0.205439 -0.144295 -0.467901
v 0.241900 -0.042767 -0.421519
v 0.204366 -0.092988 -0.484494
v 0.273237 -0.049212 -0.426947
v 0.236403 -0.099521 -0.492477
v 0.301799 0.018582 -0.413724
v 0.284178 0.023160 -0.410272
v 0.165879 -0.073308 -0.748604
v 0.192605 -0.019489 -0.672234
v 0.135202 -0.067113 -0.739102
v 0.163403 -0.013527 -0.663274
v 0.174318 -0.148477 -0.649471
v 0.144894 -0.142535 -0.640519
v 0.294694 -0.006934 -0.408207
v 0.301936 0.012101 -0.397216
v 0.248031 -0.020073 -0.518858
v 0.191336 -0.061897 -0.681087
v 0.140684 -0.118744 -0.804153
v 0.117707 -0.114104 -0.797038
v 0.158746 -0.055253 -0.671079
v 0.269710 -0.001676 -0.404152
v 0.216527 -0.013383 -0.510118
v 0.292166 0.016094 -0.397689
v 0.191512 -0.151054 -0.565835
v 0.199028 -0.137257 -0.577228
v 0.170736 -0.146858 -0.559848
v 0.168384 -0.131043 -0.568389
v 0.184665 -0.067515 -0.582783
v 0.187485 0.000117 -0.592738
v 0.194731 0.019948 -0.590309
v 0.215332 0.015608 -0.596465
v 0.218090 -0.006331 -0.601850
v 0.218284 -0.074500 -0.592834
v -0.272537 -0.088441 -0.271950
v -0.253120 -0.105348 -0.368688
v -0.217565 -0.141698 -0.473865
v -0.240598 -0.123325 -0.352392
v -0.285065 -0.055574 -0.287176
v -0.255555 -0.091385 -0.270635
v -0.268506 -0.052425 -0.287756
v -0.292324 -0.017775 -0.348926
v -0.293442 -0.045242 -0.302957
v -0.300297 -0.009232 -0.366289
v -0.301037 -0.016024 -0.368839
v -0.287054 -0.057685 -0.331322
v -0.244089 -0.084063 -0.271759
v -0.219333 -0.119766 -0.350183
v -0.188099 -0.136171 -0.467271
v -0.221967 -0.100010 -0.364899
v -0.270493 -0.040715 -0.303323
v -0.257726 -0.052227 -0.330269
v -0.280741 -0.010645 -0.368872
v -0.289141 -0.005631 -0.366774
v -0.291059 0.027458 -0.440268
v -0.266562 0.034777 -0.475139
v -0.243470 0.027965 -0.529185
v -0.272023 0.018286 -0.469452
v -0.297859 0.026472 -0.419563
v -0.297185 0.024126 -0.407467
v -0.284871 0.029345 -0.415121
v -0.279170 0.031659 -0.434806
v -0.269003 0.030870 -0.431115
v -0.244613 0.023413 -0.461405
v -0.215033 0.033689 -0.520715
v -0.248045 0.037825 -0.467629
v -0.158127 -0.112386 -0.751387
v -0.131338 -0.140046 -0.800449
v -0.150106 -0.144234 -0.736307
v -0.178529 -0.118742 -0.670927
v -0.158024 -0.059988 -0.741714
v -0.173286 -0.012558 -0.667796
v -0.135543 -0.055614 -0.735005
v -0.123502 -0.105018 -0.799741
v -0.124881 -0.105918 -0.741468
v -0.144701 -0.112134 -0.660960
v -0.118214 -0.138030 -0.726791
v -0.107486 -0.135406 -0.793334
v -0.144973 -0.150176 -0.726214
v -0.117302 -0.146937 -0.792493
v -0.122297 -0.145764 -0.719448
v -0.153480 -0.148641 -0.643967
v -0.297375 0.008382 -0.388445
v -0.229913 0.036175 -0.524657
v -0.115055 -0.133217 -0.816440
v -0.201764 -0.144295 -0.467901
v -0.200651 -0.092988 -0.484494
v -0.239609 -0.042767 -0.421519
v -0.233903 -0.099521 -0.492477
v -0.272136 -0.049212 -0.426947
v -0.301782 0.018582 -0.413724
v -0.283490 0.023160 -0.410272
v -0.188442 -0.019489 -0.672234
v -0.160702 -0.073308 -0.748604
v -0.158134 -0.013527 -0.663274
v -0.128861 -0.067113 -0.739102
v -0.169462 -0.148477 -0.649471
v -0.138921 -0.142535 -0.640519
v -0.301925 0.012101 -0.397216
v -0.294408 -0.006934 -0.408207
v -0.245972 -0.020073 -0.518858
v -0.134552 -0.118744 -0.804153
v -0.187124 -0.061897 -0.681087
v -0.110702 -0.114104 -0.797038
v -0.153299 -0.055253 -0.671079
v -0.213273 -0.013383 -0.510118
v -0.268474 -0.001676 -0.404151
v -0.291782 0.016094 -0.397689
v -0.195109 -0.137257 -0.577228
v -0.187308 -0.151053 -0.565835
v -0.165744 -0.146858 -0.559848
v -0.163303 -0.131043 -0.568389
v -0.180202 -0.067515 -0.582783
v -0.183129 0.000117 -0.592738
v -0.190651 0.019948 -0.590309
v -0.212032 0.015608 -0.596465
v -0.214894 -0.006332 -0.601850
v -0.215095 -0.074500 -0.592834
v 0.018563 0.011069 1.037277
v 0.035200 -0.046078 0.712292
v 0.035944 -0.084908 0.345982
v 0.016698 -0.032235 0.713176
v 0.012847 0.012346 1.164571
v 0.005635 0.011878 1.057827
v -0.001581 0.012650 1.167144
v 0.005631 -0.027952 1.203837
v 0.018237 -0.007425 1.183748
v 0.016629 -0.090202 1.305894
v 0.024974 -0.116195 1.317634
v 0.026544 -0.048080 1.148134
v -0.007298 0.011389 1.040232
v -0.005433 -0.032099 0.715266
v -0.024683 -0.085160 0.345669
v -0.023938 -0.046141 0.712409
v -0.006976 -0.007350 1.184391
v -0.015284 -0.048106 1.148051
v -0.013714 -0.116195 1.317635
v -0.005369 -0.090202 1.305894
v 0.044816 -0.195085 0.541930
v 0.025178 -0.235246 0.542703
v 0.025671 -0.250689 0.494556
v 0.041822 -0.211051 0.525352
v 0.026758 -0.190563 0.572203
v 0.005630 -0.187365 0.612972
v -0.015498 -0.190563 0.572203
v 0.005630 -0.209386 0.561693
v -0.033555 -0.195085 0.541930
v -0.030562 -0.211060 0.525335
v -0.014411 -0.250690 0.494582
v -0.013918 -0.235246 0.542703
v 0.050291 -0.122496 0.081117
v 0.040166 -0.116704 0.064621
v 0.051986 -0.111126 0.063270
v 0.054239 -0.116628 0.100114
v 0.018457 -0.209483 0.264043
v 0.005630 -0.222518 0.304424
v -0.007197 -0.209492 0.264201
v 0.005630 -0.198874 0.240314
v -0.039031 -0.122589 0.080429
v -0.042979 -0.116803 0.098922
v -0.040726 -0.111292 0.062436
v -0.028906 -0.116729 0.064436
v 0.031429 -0.104086 0.061056
v 0.005630 -0.110550 0.056762
v -0.020169 -0.104384 0.060432
v 0.005630 -0.098130 0.090688
v 0.005630 -0.156276 1.336993
v 0.005630 -0.257265 0.502967
v 0.005630 -0.122457 0.073240
v 0.005631 -0.080066 0.352785
v -0.039468 -0.105249 0.368893
v -0.029029 -0.100969 0.790516
v 0.040289 -0.100870 0.790823
v 0.050728 -0.105069 0.369579
v 0.041183 -0.176000 0.581187
v -0.029923 -0.176000 0.581187
v 0.021725 -0.216810 0.302328
v 0.025444 -0.198324 0.247523
v -0.010464 -0.216820 0.302506
v -0.014184 -0.198343 0.247675
v 0.040174 -0.103752 0.090777
v -0.028914 -0.104210 0.089467
v 0.051564 -0.108943 0.164529
v 0.021811 -0.097654 0.165675
v -0.010550 -0.098079 0.164793
v -0.040304 -0.109207 0.163393
v -0.041772 -0.124272 0.185188
v -0.014005 -0.227044 0.378428
v -0.005727 -0.243689 0.402090
v 0.016987 -0.243685 0.402022
v 0.025265 -0.227023 0.378400
v 0.053032 -0.124080 0.186184
v 0.031446 -0.163590 0.739208
v 0.019928 -0.187105 0.681195
v 0.046955 -0.164953 0.611283
v 0.035706 -0.209254 0.438387
v 0.043408 -0.163218 0.549627
v 0.041412 -0.174568 0.272909
v 0.032246 -0.185551 0.238570
v 0.021962 -0.179908 0.196340
v 0.034769 -0.159987 0.154099
v -0.010702 -0.179920 0.196381
v 0.005630 -0.159844 0.145773
v -0.020986 -0.185605 0.238360
v -0.023509 -0.160038 0.153764
v -0.024446 -0.209314 0.438243
v -0.030152 -0.174682 0.272418
v -0.032148 -0.163283 0.549486
v -0.035694 -0.164962 0.611265
v -0.020186 -0.163590 0.739208
v -0.008668 -0.187105 0.681195
v 0.005630 -0.189748 0.762541
v 0.030923 -0.130170 0.872563
v 0.019745 -0.157733 0.787561
v 0.038613 -0.138027 0.717405
v 0.045621 -0.157755 0.369674
v 0.042855 -0.134223 0.592660
v 0.049299 -0.141522 0.214989
v 0.044777 -0.148044 0.156161
v 0.028112 -0.145519 0.117564
v 0.044458 -0.135499 0.105049
v -0.016851 -0.145536 0.117442
v 0.005630 -0.135412 0.097028
v -0.033516 -0.148163 0.155378
v -0.033198 -0.135577 0.104473
v -0.034361 -0.157892 0.369253
v -0.038039 -0.141688 0.214166
v -0.031595 -0.134312 0.592413
v -0.027353 -0.138047 0.717355
v -0.019662 -0.130170 0.872563
v -0.008485 -0.157733 0.787561
v 0.005630 -0.139350 0.876715
v 0.021075 -0.147552 1.122978
v 0.033633 -0.114926 1.006919
v 0.048965 -0.130673 0.374328
v 0.050454 -0.129194 0.122532
v 0.035345 -0.128230 0.085798
v -0.024084 -0.128252 0.085638
v -0.039194 -0.129347 0.121504
v -0.037705 -0.130836 0.373747
v -0.022373 -0.114949 1.006849
v -0.009815 -0.147552 1.122978
v 0.092660 -0.035272 -0.966811
v 0.095176 -0.037846 -0.975367
v 0.105503 -0.039107 -0.971793
v 0.100798 -0.035879 -0.962389
v 0.086419 -0.034827 -0.974763
v 0.084045 -0.034686 -0.983736
v 0.094113 -0.038296 -0.986306
v 0.077658 -0.031013 -0.978090
v 0.071656 -0.027607 -0.984297
v 0.078123 -0.031334 -0.992378
v 0.069723 -0.025286 -0.975520
v 0.062742 -0.019312 -0.976838
v 0.063639 -0.020882 -0.987689
v 0.065644 -0.019834 -0.968037
v 0.060707 -0.012970 -0.964207
v 0.056195 -0.010930 -0.974030
v 0.066980 -0.016739 -0.958497
v 0.066329 -0.011003 -0.951228
v 0.058634 -0.005281 -0.956618
v 0.073220 -0.017183 -0.950545
v 0.077460 -0.014163 -0.942860
v 0.070023 -0.006092 -0.942105
v 0.081982 -0.020997 -0.947218
v 0.089849 -0.021242 -0.942298
v 0.086014 -0.013053 -0.936034
v 0.089917 -0.026724 -0.949788
v 0.098763 -0.029537 -0.949757
v 0.100497 -0.023506 -0.940723
v 0.093996 -0.032177 -0.957272
v 0.107941 -0.033457 -0.954382
v 0.106171 -0.040322 -0.984135
v 0.117876 -0.039448 -0.977101
v 0.114927 -0.037259 -0.963920
v 0.088834 -0.035401 -0.997169
v 0.102200 -0.038332 -0.997077
v 0.069538 -0.024374 -0.998044
v 0.080191 -0.028751 -1.005434
v 0.055654 -0.011455 -0.986426
v 0.060256 -0.014364 -0.998979
v 0.052484 -0.001576 -0.966752
v 0.050010 -0.000667 -0.980179
v 0.061240 0.001487 -0.946537
v 0.053367 0.007108 -0.956214
v 0.078578 -0.003434 -0.933503
v 0.069044 0.005992 -0.936239
v 0.097874 -0.014461 -0.932628
v 0.091052 -0.003589 -0.927882
v 0.111758 -0.027380 -0.944246
v 0.110987 -0.017976 -0.934337
v 0.121233 -0.031673 -0.953136
v 0.116079 -0.038868 -0.991829
v 0.128017 -0.035945 -0.982024
v 0.127113 -0.035007 -0.966357
v 0.094233 -0.032666 -1.008253
v 0.109588 -0.034633 -1.005507
v 0.069919 -0.018772 -1.009355
v 0.083715 -0.023369 -1.015330
v 0.052423 -0.002492 -0.994716
v 0.060281 -0.006457 -1.007743
v 0.048430 0.009955 -0.969925
v 0.048236 0.009645 -0.985643
v 0.059463 0.013815 -0.944453
v 0.052181 0.018786 -0.957471
v 0.081309 0.007614 -0.928030
v 0.070610 0.017474 -0.933988
v 0.105623 -0.006280 -0.926927
v 0.096483 0.006210 -0.924165
v 0.123119 -0.022560 -0.941566
v 0.119918 -0.010703 -0.931752
v 0.131962 -0.026804 -0.953853
v 0.123930 -0.033624 -0.997697
v 0.134932 -0.028939 -0.986082
v 0.136160 -0.029345 -0.969461
v 0.099714 -0.026750 -1.015903
v 0.115554 -0.027559 -1.010773
v 0.072761 -0.011348 -1.017126
v 0.088350 -0.015716 -1.021102
v 0.053367 0.006698 -1.000897
v 0.063709 0.002067 -1.013124
v 0.048940 0.020496 -0.973417
v 0.051045 0.018997 -0.989886
v 0.061170 0.024775 -0.945181
v 0.055194 0.028608 -0.960264
v 0.085387 0.017901 -0.926975
v 0.074571 0.027228 -0.935573
v 0.112340 0.002499 -0.925752
v 0.101775 0.015385 -0.925243
v 0.131733 -0.015547 -0.941981
v 0.126416 -0.002398 -0.933221
v 0.139080 -0.019328 -0.956460
v 0.128955 -0.025106 -1.001165
v 0.137944 -0.019116 -0.988875
v 0.141186 -0.020827 -0.972929
v 0.104738 -0.018232 -1.019371
v 0.119515 -0.017804 -1.012357
v 0.077786 -0.002830 -1.020593
v 0.093642 -0.006541 -1.022181
v 0.058392 0.015216 -1.004365
v 0.070208 0.010372 -1.014594
v 0.053965 0.029014 -0.976884
v 0.058163 0.026473 -0.992493
v 0.066195 0.033294 -0.948648
v 0.062108 0.035614 -0.964321
v 0.090412 0.026419 -0.930442
v 0.080537 0.034302 -0.940839
v 0.117364 0.011018 -0.929221
v 0.106410 0.023038 -0.931015
v 0.136758 -0.007029 -0.945448
v 0.129845 0.006126 -0.938602
v 0.141889 -0.009976 -0.960702
v 0.130662 -0.014146 -1.001892
v 0.136758 -0.007439 -0.990131
v 0.141696 -0.010286 -0.976421
v 0.108816 -0.007945 -1.018316
v 0.121082 -0.006323 -1.010107
v 0.084502 0.005949 -1.019418
v 0.099073 0.003258 -1.018463
v 0.067006 0.022229 -1.004779
v 0.079139 0.017645 -1.012009
v 0.063013 0.034676 -0.979989
v 0.068893 0.031342 -0.993209
v 0.074046 0.038537 -0.954517
v 0.072249 0.039117 -0.969244
v 0.095892 0.032335 -0.938093
v 0.087926 0.038001 -0.949269
v 0.120206 0.018441 -0.936990
v 0.109934 0.028420 -0.940913
v 0.137702 0.002161 -0.951630
v 0.129869 0.014033 -0.947366
v 0.140115 0.000336 -0.966167
v 0.128885 -0.001818 -0.999809
v 0.131492 0.004950 -0.989728
v 0.137641 0.001245 -0.979594
v 0.111548 0.003103 -1.012843
v 0.120102 0.005761 -1.004241
v 0.092252 0.014130 -1.013718
v 0.104112 0.012723 -1.010312
v 0.078367 0.027050 -1.002100
v 0.089628 0.023175 -1.005623
v 0.075198 0.036928 -0.982426
v 0.082184 0.033127 -0.991963
v 0.083954 0.039991 -0.962211
v 0.084623 0.038776 -0.974552
v 0.101291 0.035070 -0.949177
v 0.096013 0.037965 -0.960040
v 0.120587 0.024044 -0.948302
v 0.112003 0.031004 -0.953968
v 0.134471 0.011124 -0.959920
v 0.126486 0.020551 -0.958657
v 0.133930 0.010600 -0.972316
v 0.123797 0.010672 -0.995117
v 0.123145 0.016408 -0.987849
v 0.129419 0.012639 -0.982139
v 0.112666 0.013832 -1.003486
v 0.116905 0.016852 -0.995801
v 0.100277 0.020911 -1.004048
v 0.108144 0.020666 -0.999127
v 0.091363 0.029206 -0.996588
v 0.100208 0.026393 -0.996558
v 0.089328 0.035548 -0.983957
v 0.096130 0.031846 -0.989074
v 0.094949 0.037515 -0.970978
v 0.097466 0.034941 -0.979534
v 0.106080 0.034356 -0.962610
v 0.103706 0.034497 -0.971582
v 0.118469 0.027276 -0.962048
v 0.112467 0.030683 -0.968256
v 0.127384 0.018981 -0.969508
v 0.120403 0.024955 -0.970825
v 0.124482 0.019503 -0.978309
v 0.087266 -0.031516 -0.961909
v 0.085023 -0.032301 -0.967089
v 0.080580 -0.031040 -0.970429
v 0.075635 -0.028215 -0.970654
v 0.072077 -0.024904 -0.967676
v 0.071265 -0.022373 -0.962635
v 0.073509 -0.021587 -0.957455
v 0.077952 -0.022849 -0.954114
v 0.082896 -0.025674 -0.953890
v 0.086454 -0.028985 -0.956867
v 0.116616 0.021257 -0.988891
v 0.118860 0.022042 -0.983711
v 0.112174 0.022518 -0.992231
v 0.107229 0.025343 -0.992455
v 0.103671 0.028654 -0.989478
v 0.102859 0.031185 -0.984437
v 0.105103 0.031971 -0.979256
v 0.109545 0.030709 -0.975916
v 0.114490 0.027884 -0.975692
v 0.118048 0.024573 -0.978670
v 0.103304 -0.170608 -0.048904
v 0.114388 -0.174904 -0.145644
v 0.112341 -0.195903 -0.046523
v 0.094950 -0.191496 0.015424
v 0.111117 -0.172050 0.054722
v 0.106760 -0.149381 0.047493
v 0.098571 -0.165227 0.021896
v 0.093826 -0.187563 0.042789
v 0.129096 -0.209187 0.044751
v 0.156769 -0.211288 0.108786
v 0.128333 -0.199026 0.074214
v 0.101378 -0.204400 0.046046
v 0.134892 -0.129754 -0.038713
v 0.131421 -0.125706 -0.140362
v 0.111589 -0.146660 -0.046268
v 0.112317 -0.140370 0.021624
v 0.141235 -0.160940 0.078906
v 0.170730 -0.170076 0.113863
v 0.150491 -0.146111 0.052458
v 0.123487 -0.139136 0.054086
v 0.222538 -0.221753 0.131033
v 0.241612 -0.214874 0.062397
v 0.248028 -0.222548 0.153059
v 0.229037 -0.228466 0.212797
v 0.243463 -0.221597 0.218936
v 0.224554 -0.214167 0.242369
v 0.199690 -0.213086 0.228565
v 0.220746 -0.225408 0.240985
v 0.253034 -0.207772 0.154879
v 0.249671 -0.191084 0.065353
v 0.232254 -0.193099 0.134545
v 0.235763 -0.208615 0.215242
v 0.157050 -0.177057 -0.268405
v 0.144369 -0.167691 -0.331324
v 0.163424 -0.161467 -0.304081
v 0.178882 -0.173898 -0.251472
v 0.216210 -0.169346 -0.156233
v 0.226911 -0.164483 -0.130946
v 0.232039 -0.179822 -0.099651
v 0.220487 -0.183449 -0.133441
v 0.177146 -0.121048 -0.299248
v 0.166866 -0.101918 -0.324010
v 0.178803 -0.113455 -0.261511
v 0.194229 -0.128830 -0.246279
v 0.137267 -0.133075 -0.308705
v 0.152707 -0.112308 -0.336100
v 0.155621 -0.134050 -0.333800
v 0.139430 -0.150488 -0.340197
v 0.160528 -0.190818 0.118224
v 0.253234 -0.205221 0.068420
v 0.187242 -0.150524 -0.256928
v 0.117356 -0.149594 -0.138795
v 0.186743 -0.157521 0.040546
v 0.168279 -0.131467 -0.088817
v 0.145978 -0.196730 -0.096337
v 0.168309 -0.211706 0.034022
v 0.202064 -0.224328 0.219546
v 0.209415 -0.202632 0.222219
v 0.209986 -0.184607 -0.150913
v 0.222503 -0.190266 -0.103123
v 0.219922 -0.155302 -0.147151
v 0.230564 -0.166466 -0.100012
v 0.133864 -0.159841 -0.311537
v 0.151746 -0.108683 -0.306519
v 0.125044 -0.152396 -0.235845
v 0.133043 -0.177966 -0.229363
v 0.133644 -0.128452 -0.233754
v 0.155799 -0.111774 -0.222274
v 0.196236 -0.138337 -0.132263
v 0.245139 -0.182824 -0.024458
v 0.232069 -0.171048 -0.042341
v 0.239448 -0.199625 -0.026596
v 0.222209 -0.200100 -0.045950
v 0.177714 -0.192549 -0.138417
v 0.188014 -0.220673 0.143522
v 0.179302 -0.210995 0.174699
v 0.205005 -0.209287 0.008259
v 0.197013 -0.185534 -0.164603
v 0.198882 -0.173033 -0.202098
v 0.207078 -0.148869 -0.199080
v 0.210429 -0.146134 -0.159956
v 0.218848 -0.168631 0.013127
v 0.200857 -0.182792 0.148171
v 0.184934 -0.194373 0.176746
v -0.038135 -0.023659 -0.976957
v -0.041229 -0.026460 -0.985268
v -0.033887 -0.019819 -0.990135
v -0.031516 -0.017673 -0.979578
v -0.046263 -0.029575 -0.978096
v -0.053338 -0.033556 -0.982635
v -0.048723 -0.030617 -0.992213
v -0.054454 -0.033223 -0.973408
v -0.063218 -0.036251 -0.972684
v -0.063673 -0.037273 -0.983658
v -0.059579 -0.033208 -0.964684
v -0.067096 -0.033515 -0.959216
v -0.073027 -0.037246 -0.967736
v -0.059681 -0.029536 -0.955257
v -0.063490 -0.026394 -0.947375
v -0.073212 -0.030545 -0.950529
v -0.054720 -0.023611 -0.948726
v -0.053778 -0.017608 -0.941684
v -0.064157 -0.019730 -0.938610
v -0.046591 -0.017694 -0.947587
v -0.041669 -0.010512 -0.944318
v -0.049322 -0.008933 -0.936531
v -0.038400 -0.014047 -0.952274
v -0.031788 -0.007817 -0.954269
v -0.034371 -0.002276 -0.945087
v -0.033275 -0.014062 -0.960999
v -0.027910 -0.010552 -0.967737
v -0.025018 -0.002303 -0.961009
v -0.033174 -0.017734 -0.970426
v -0.024833 -0.009004 -0.978216
v -0.041139 -0.023856 -0.999430
v -0.032292 -0.013735 -1.002252
v -0.026012 -0.010171 -0.990566
v -0.060000 -0.034908 -0.995328
v -0.052711 -0.028597 -1.005113
v -0.075389 -0.039106 -0.979829
v -0.073288 -0.037759 -0.993336
v -0.081429 -0.034846 -0.958852
v -0.086163 -0.037721 -0.971422
v -0.075813 -0.023755 -0.940409
v -0.086418 -0.028498 -0.947739
v -0.060686 -0.010069 -0.931546
v -0.073955 -0.013613 -0.931333
v -0.041825 0.000983 -0.935647
v -0.053535 0.001249 -0.928472
v -0.026436 0.005180 -0.951146
v -0.032959 0.010411 -0.940248
v -0.020396 0.000920 -0.972124
v -0.020084 0.010373 -0.962163
v -0.019829 0.001150 -0.985846
v -0.043290 -0.018669 -1.011026
v -0.033803 -0.006058 -1.011527
v -0.024228 -0.001425 -0.999857
v -0.067055 -0.032596 -1.005858
v -0.057807 -0.023529 -1.014890
v -0.086447 -0.037885 -0.986327
v -0.081997 -0.034300 -1.001047
v -0.094058 -0.032517 -0.959895
v -0.097132 -0.034255 -0.975284
v -0.086981 -0.018541 -0.936656
v -0.097431 -0.023413 -0.947443
v -0.067919 -0.001297 -0.925487
v -0.082780 -0.005914 -0.928157
v -0.044154 0.012630 -0.930655
v -0.058776 0.011557 -0.924794
v -0.024762 0.017919 -0.950185
v -0.034586 0.022327 -0.938637
v -0.017151 0.012550 -0.976618
v -0.019451 0.022283 -0.964400
v -0.019152 0.011441 -0.992241
v -0.047469 -0.011407 -1.018922
v -0.038271 0.002460 -1.017052
v -0.026340 0.007709 -1.006541
v -0.073813 -0.026844 -1.013193
v -0.063511 -0.015910 -1.020589
v -0.095309 -0.032708 -0.991543
v -0.088946 -0.027235 -1.006032
v -0.103746 -0.026757 -0.962242
v -0.104859 -0.027188 -0.978944
v -0.095901 -0.011265 -0.936481
v -0.105174 -0.015788 -0.949670
v -0.074771 0.007851 -0.924100
v -0.089770 0.002611 -0.929392
v -0.048427 0.023288 -0.929829
v -0.064530 0.020982 -0.925856
v -0.026932 0.029152 -0.951478
v -0.039095 0.032306 -0.940411
v -0.018495 0.023201 -0.980780
v -0.023181 0.032260 -0.967499
v -0.022867 0.020859 -0.996773
v -0.053269 -0.002779 -1.022344
v -0.045260 0.010986 -1.018287
v -0.032139 0.016336 -1.009963
v -0.079613 -0.018217 -1.016614
v -0.069265 -0.006486 -1.021651
v -0.101109 -0.024080 -0.994965
v -0.093455 -0.017256 -1.007807
v -0.109546 -0.018129 -0.965664
v -0.108589 -0.017212 -0.982044
v -0.101701 -0.002637 -0.939903
v -0.108889 -0.006369 -0.954203
v -0.080571 0.016478 -0.927522
v -0.094238 0.011129 -0.934917
v -0.054227 0.031916 -0.933251
v -0.070234 0.028601 -0.931554
v -0.032731 0.037779 -0.954901
v -0.046044 0.039371 -0.945398
v -0.024294 0.031828 -0.984202
v -0.030909 0.039327 -0.971160
v -0.030610 0.028484 -0.999001
v -0.060121 0.006368 -1.020957
v -0.054086 0.018684 -1.015111
v -0.041060 0.023613 -1.009789
v -0.083887 -0.007558 -1.015789
v -0.074505 0.003822 -1.017972
v -0.103279 -0.012847 -0.996258
v -0.095082 -0.005340 -1.006196
v -0.110890 -0.007479 -0.969826
v -0.107957 -0.005302 -0.984281
v -0.103813 0.006496 -0.946587
v -0.108211 0.003921 -0.960598
v -0.084751 0.023741 -0.935418
v -0.095749 0.018806 -0.944192
v -0.060986 0.037667 -0.940586
v -0.075329 0.033668 -0.941331
v -0.041594 0.042956 -0.960117
v -0.054752 0.042830 -0.953107
v -0.033983 0.037588 -0.986549
v -0.041878 0.042792 -0.975022
v -0.041623 0.033569 -0.998705
v -0.067355 0.015141 -1.014899
v -0.063884 0.024802 -1.007834
v -0.052228 0.028826 -1.006035
v -0.086216 0.004089 -1.010797
v -0.078719 0.014004 -1.009913
v -0.101605 -0.000109 -0.995298
v -0.093669 0.007347 -1.001357
v -0.107645 0.004151 -0.974320
v -0.103023 0.007375 -0.985435
v -0.102029 0.015242 -0.955878
v -0.103208 0.014076 -0.968228
v -0.086901 0.028928 -0.947014
v -0.094154 0.024890 -0.956310
v -0.068041 0.039980 -0.951115
v -0.079318 0.035688 -0.954231
v -0.052652 0.044177 -0.966614
v -0.064368 0.042345 -0.962786
v -0.046612 0.039917 -0.987592
v -0.055014 0.042317 -0.978708
v -0.054829 0.035617 -0.995915
v -0.074263 0.022679 -1.004760
v -0.073321 0.028682 -0.997718
v -0.064550 0.031466 -0.999069
v -0.086372 0.015583 -1.002127
v -0.081450 0.022766 -0.998857
v -0.096252 0.012888 -0.992175
v -0.089641 0.019119 -0.994170
v -0.100130 0.015624 -0.978707
v -0.094766 0.019134 -0.985445
v -0.096524 0.022745 -0.966866
v -0.094867 0.022805 -0.976018
v -0.086812 0.031531 -0.961175
v -0.089906 0.028731 -0.969487
v -0.074703 0.038627 -0.963809
v -0.081778 0.034647 -0.968349
v -0.064823 0.041322 -0.973760
v -0.073586 0.038294 -0.973036
v -0.060945 0.038587 -0.987228
v -0.068461 0.038279 -0.981760
v -0.068360 0.034607 -0.991188
v -0.039407 -0.022846 -0.968890
v -0.043283 -0.026353 -0.971162
v -0.048116 -0.029185 -0.970111
v -0.052060 -0.030260 -0.966139
v -0.053608 -0.029169 -0.960763
v -0.052169 -0.026326 -0.956037
v -0.048292 -0.022820 -0.953766
v -0.043459 -0.019987 -0.954817
v -0.039515 -0.018912 -0.958789
v -0.037968 -0.020003 -0.964165
v -0.079749 0.027891 -0.992678
v -0.075872 0.031398 -0.990407
v -0.084582 0.025059 -0.991627
v -0.088525 0.023983 -0.987655
v -0.090073 0.025075 -0.982280
v -0.088634 0.027917 -0.977554
v -0.084757 0.031424 -0.975282
v -0.079924 0.034256 -0.976334
v -0.075981 0.035332 -0.980305
v -0.074433 0.034240 -0.985680
v 0.075065 -0.067208 -1.231833
v 0.059000 -0.067720 -1.260396
v 0.066307 -0.051865 -1.231860
v 0.083987 -0.055677 -1.193964
v 0.048720 -0.054836 -1.260416
v 0.049930 -0.035929 -1.231885
v 0.068848 -0.035837 -1.196883
v 0.033295 -0.044531 -1.260428
v 0.028920 -0.025532 -1.231895
v 0.046219 -0.019767 -1.196907
v 0.015163 -0.039330 -1.260431
v 0.005630 -0.022319 -1.231897
v 0.019616 -0.011757 -1.196914
v -0.003903 -0.039330 -1.260431
v -0.017660 -0.025532 -1.231895
v -0.008356 -0.011757 -1.196914
v -0.022035 -0.044531 -1.260428
v -0.038670 -0.035929 -1.231885
v -0.034958 -0.019767 -1.196907
v -0.037459 -0.054836 -1.260416
v -0.055047 -0.051865 -1.231860
v -0.057588 -0.035837 -1.196883
v -0.063805 -0.067208 -1.231833
v -0.052122 -0.075925 -1.260384
v -0.068188 -0.073007 -1.237790
v -0.078028 -0.068149 -1.196672
v -0.058209 -0.072576 -1.280683
v -0.077248 -0.078537 -1.274423
v -0.087801 -0.074984 -1.216073
v -0.061944 -0.084317 -1.306534
v -0.074169 -0.108759 -1.285645
v -0.092677 -0.098651 -1.244923
v -0.055952 -0.112999 -1.314346
v -0.062251 -0.136449 -1.288106
v -0.083054 -0.133800 -1.249092
v -0.043544 -0.133105 -1.316832
v -0.043688 -0.156505 -1.288480
v -0.064750 -0.161080 -1.249504
v -0.025740 -0.146381 -1.317091
v -0.020298 -0.168997 -1.288556
v -0.039557 -0.180302 -1.249619
v -0.005075 -0.153221 -1.317132
v 0.005630 -0.173129 -1.288577
v -0.009940 -0.190101 -1.249671
v 0.016335 -0.153221 -1.317132
v 0.031558 -0.168997 -1.288556
v 0.021200 -0.190101 -1.249671
v 0.037000 -0.146381 -1.317091
v 0.054948 -0.156505 -1.288480
v 0.050817 -0.180302 -1.249619
v 0.054804 -0.133105 -1.316832
v 0.073511 -0.136449 -1.288106
v 0.076010 -0.161080 -1.249504
v 0.067212 -0.112999 -1.314346
v 0.085429 -0.108759 -1.285645
v 0.094314 -0.133800 -1.249092
v 0.073204 -0.084317 -1.306534
v 0.088508 -0.078537 -1.274423
v 0.103937 -0.098651 -1.244923
v 0.069469 -0.072576 -1.280683
v 0.079448 -0.073006 -1.237790
v 0.099061 -0.074984 -1.216073
v 0.100524 -0.064354 -1.141056
v 0.088679 -0.043087 -1.152774
v 0.108154 -0.055561 -1.091432
v 0.066115 -0.021520 -1.155698
v 0.087479 -0.027699 -1.108861
v 0.037429 -0.007513 -1.155717
v 0.058181 -0.007322 -1.108951
v 0.005630 -0.003019 -1.155720
v 0.023738 0.003315 -1.109004
v -0.026169 -0.007513 -1.155717
v -0.012477 0.003315 -1.109004
v -0.054855 -0.021520 -1.155698
v -0.046920 -0.007322 -1.108951
v -0.077419 -0.043087 -1.152774
v -0.076219 -0.027699 -1.108861
v -0.089263 -0.064354 -1.141057
v -0.094232 -0.070363 -1.144071
v -0.107527 -0.080439 -1.176840
v -0.114221 -0.074347 -1.090823
v -0.103324 -0.124180 -1.200455
v -0.121035 -0.101690 -1.131394
v -0.087051 -0.159818 -1.203570
v -0.109690 -0.151567 -1.151297
v -0.061707 -0.186324 -1.203725
v -0.085492 -0.185423 -1.151534
v -0.029771 -0.203022 -1.203818
v -0.052874 -0.209747 -1.151671
v 0.005630 -0.208491 -1.203841
v -0.014529 -0.222155 -1.151731
v 0.041031 -0.203022 -1.203818
v 0.025789 -0.222155 -1.151731
v 0.072967 -0.186324 -1.203725
v 0.064134 -0.209747 -1.151671
v 0.098312 -0.159818 -1.203570
v 0.096752 -0.185423 -1.151535
v 0.114584 -0.124180 -1.200455
v 0.120950 -0.151567 -1.151297
v 0.118788 -0.080439 -1.176840
v 0.132295 -0.101690 -1.131394
v 0.105493 -0.070363 -1.144071
v 0.125481 -0.074347 -1.090823
v 0.108697 -0.035841 -1.054015
v 0.127375 -0.055632 -0.999522
v 0.124827 -0.074533 -1.030857
v 0.080811 -0.008262 -1.057122
v 0.104095 -0.007879 -1.002574
v 0.045155 0.009410 -1.057416
v 0.068849 0.017916 -1.003886
v 0.005630 0.015454 -1.057457
v 0.027414 0.031740 -1.004488
v -0.033895 0.009410 -1.057416
v -0.016154 0.031740 -1.004488
v -0.069551 -0.008262 -1.057122
v -0.057588 0.017916 -1.003886
v -0.097436 -0.035841 -1.054015
v -0.092835 -0.007879 -1.002574
v -0.113567 -0.074533 -1.030857
v -0.119431 -0.095089 -1.020222
v -0.124244 -0.090516 -0.982813
v -0.128835 -0.088017 -1.053225
v -0.130564 -0.104460 -0.984090
v -0.131681 -0.133717 -1.088128
v -0.138992 -0.114340 -1.013293
v -0.110070 -0.176134 -1.093661
v -0.132405 -0.157491 -1.029200
v -0.078068 -0.208492 -1.093889
v -0.102389 -0.196718 -1.029608
v -0.038372 -0.228981 -1.093997
v -0.063723 -0.225040 -1.029738
v 0.005630 -0.235662 -1.094022
v -0.018267 -0.239491 -1.029791
v 0.049632 -0.228981 -1.093997
v 0.029527 -0.239491 -1.029791
v 0.089328 -0.208492 -1.093889
v 0.074983 -0.225040 -1.029738
v 0.121330 -0.176134 -1.093661
v 0.113650 -0.196718 -1.029608
v 0.142941 -0.133717 -1.088128
v 0.143665 -0.157491 -1.029200
v 0.140095 -0.088017 -1.053225
v 0.150252 -0.114340 -1.013293
v 0.130691 -0.095089 -1.020222
v 0.141824 -0.104460 -0.984090
v 0.135504 -0.090516 -0.982813
v 0.126512 -0.015235 -0.946916
v 0.147488 -0.036011 -0.886976
v 0.146174 -0.097102 -0.934227
v 0.093655 0.030394 -0.950191
v 0.118428 0.035105 -0.891023
v 0.051908 0.054789 -0.953116
v 0.078050 0.071129 -0.896915
v 0.005630 0.062542 -0.953493
v 0.030585 0.089105 -0.899002
v -0.040647 0.054789 -0.953116
v -0.019324 0.089105 -0.899002
v -0.082395 0.030394 -0.950191
v -0.066790 0.071129 -0.896915
v -0.115251 -0.015235 -0.946916
v -0.107167 0.035105 -0.891023
v -0.116114 -0.055632 -0.999522
v -0.134914 -0.097102 -0.934227
v -0.136228 -0.036011 -0.886976
v -0.134848 -0.114020 -0.942128
v -0.144552 -0.100492 -0.878780
v -0.138246 -0.135004 -0.955996
v -0.141252 -0.122191 -0.878511
v -0.121350 -0.174408 -0.958054
v -0.135728 -0.147863 -0.879276
v -0.087046 -0.208388 -0.958115
v -0.110281 -0.185875 -0.882507
v -0.043093 -0.229942 -0.958147
v -0.067688 -0.213860 -0.886073
v 0.005630 -0.237000 -0.958146
v -0.019634 -0.228910 -0.886007
v 0.054353 -0.229942 -0.958147
v 0.030894 -0.228910 -0.886007
v 0.098306 -0.208388 -0.958115
v 0.078948 -0.213860 -0.886073
v 0.132610 -0.174408 -0.958054
v 0.121541 -0.185875 -0.882507
v 0.149506 -0.135004 -0.955996
v 0.146989 -0.147863 -0.879276
v 0.146108 -0.114020 -0.942128
v 0.152513 -0.122191 -0.878511
v 0.155812 -0.100492 -0.878780
v 0.142130 0.025983 -0.827754
v 0.162031 0.014456 -0.779788
v 0.166314 -0.042376 -0.821786
v 0.104803 0.071390 -0.832335
v 0.129750 0.062283 -0.781104
v 0.057768 0.098700 -0.835175
v 0.085320 0.095589 -0.782463
v 0.005630 0.107409 -0.835533
v 0.033089 0.113125 -0.782973
v -0.046508 0.098700 -0.835175
v -0.021829 0.113125 -0.782973
v -0.093543 0.071390 -0.832335
v -0.074060 0.095589 -0.782463
v -0.130870 0.025983 -0.827754
v -0.118490 0.062283 -0.781104
v -0.155054 -0.042377 -0.821786
v -0.150771 0.014456 -0.779788
v -0.165044 -0.091745 -0.798828
v -0.176229 -0.039767 -0.752968
v -0.160592 -0.121871 -0.793251
v -0.185136 -0.089879 -0.725520
v -0.141796 -0.163055 -0.795432
v -0.169661 -0.137874 -0.723328
v -0.095257 -0.195357 -0.816981
v -0.128474 -0.177447 -0.747234
v -0.046508 -0.221586 -0.820344
v -0.074060 -0.209084 -0.771939
v 0.005630 -0.229825 -0.820284
v -0.021829 -0.229564 -0.771635
v 0.057768 -0.221586 -0.820344
v 0.033089 -0.229564 -0.771635
v 0.106518 -0.195357 -0.816981
v 0.085320 -0.209084 -0.771939
v 0.153057 -0.163055 -0.795432
v 0.139734 -0.177447 -0.747234
v 0.171852 -0.121871 -0.793251
v 0.180921 -0.137874 -0.723328
v 0.176304 -0.091745 -0.798828
v 0.196396 -0.089879 -0.725520
v 0.187490 -0.039767 -0.752968
v 0.149811 0.045686 -0.760417
v 0.165819 0.024654 -0.743515
v 0.176534 -0.002684 -0.752597
v 0.110383 0.084414 -0.760848
v 0.132756 0.069019 -0.744273
v 0.060702 0.109790 -0.761150
v 0.087250 0.101628 -0.744603
v 0.005630 0.118556 -0.761195
v 0.033755 0.119126 -0.744756
v -0.049442 0.109790 -0.761150
v -0.022494 0.119126 -0.744756
v -0.099123 0.084414 -0.760848
v -0.075990 0.101628 -0.744603
v -0.138551 0.045686 -0.760417
v -0.121496 0.069019 -0.744273
v -0.165274 -0.002684 -0.752597
v -0.154558 0.024654 -0.743515
v -0.182453 -0.056642 -0.708640
v -0.171822 -0.027982 -0.718259
v -0.175140 -0.111050 -0.699306
v -0.171704 -0.083980 -0.692111
v -0.148416 -0.159796 -0.703948
v -0.154322 -0.137735 -0.689154
v -0.100533 -0.195552 -0.744475
v -0.121378 -0.183005 -0.710138
v -0.049442 -0.223924 -0.750771
v -0.075990 -0.216178 -0.732221
v 0.005630 -0.232927 -0.750674
v -0.022494 -0.233912 -0.731804
v 0.060702 -0.223924 -0.750771
v 0.033755 -0.233912 -0.731804
v 0.111793 -0.195552 -0.744475
v 0.087250 -0.216178 -0.732221
v 0.159677 -0.159796 -0.703948
v 0.132638 -0.183005 -0.710138
v 0.186400 -0.111050 -0.699306
v 0.165582 -0.137735 -0.689154
v 0.193713 -0.056642 -0.708640
v 0.182963 -0.083980 -0.692111
v 0.183082 -0.027982 -0.718259
v 0.172716 0.033187 -0.656314
v 0.160187 0.053131 -0.603358
v 0.177682 0.029387 -0.541988
v 0.027187 -0.034985 0.702676
v 0.005633 0.010998 1.169579
v 0.021371 -0.063663 1.289456
v -0.015923 -0.034920 0.704202
v -0.010110 -0.063663 1.289456
v 0.036474 -0.226641 0.531731
v 0.005630 -0.192760 0.577204
v -0.025214 -0.226641 0.531731
v 0.052884 -0.116717 0.070481
v 0.005630 -0.210088 0.263580
v -0.041624 -0.116816 0.069743
v 0.005630 -0.103616 0.060193
v 0.005630 -0.099049 1.311373
v 0.005630 -0.238114 0.546361
v 0.005630 -0.116700 0.062667
v 0.005633 -0.031238 0.717815
v -0.027578 -0.072204 0.767668
v 0.038838 -0.072100 0.768002
v 0.016044 0.016845 1.153408
v -0.004780 0.017149 1.155982
v 0.041392 -0.183971 0.557198
v -0.030132 -0.183971 0.557198
v 0.022831 -0.207678 0.265642
v -0.011571 -0.207691 0.265855
v 0.044109 -0.105915 0.062907
v -0.032849 -0.106266 0.061888
v 0.038863 -0.102289 0.163576
v 0.005630 -0.096321 0.165981
v -0.027603 -0.102715 0.162409
v -0.043431 -0.116531 0.172308
v -0.010453 -0.239285 0.398461
v 0.005630 -0.245155 0.403271
v 0.021713 -0.239279 0.398361
v 0.054692 -0.116328 0.173381
v 0.036396 -0.171447 0.657560
v 0.043525 -0.187230 0.535478
v 0.033100 -0.201999 0.328246
v 0.029683 -0.179992 0.202864
v 0.005630 -0.179883 0.194206
v -0.018423 -0.180026 0.202787
v -0.021840 -0.202064 0.328037
v -0.032264 -0.187266 0.535406
v -0.025136 -0.171447 0.657560
v 0.005630 -0.192325 0.689074
v 0.030750 -0.145707 0.779024
v 0.043298 -0.147056 0.555317
v 0.046395 -0.155088 0.237393
v 0.039921 -0.145613 0.123662
v 0.005630 -0.145488 0.115531
v -0.028661 -0.145679 0.123174
v -0.035135 -0.155234 0.236706
v -0.032038 -0.147136 0.555117
v -0.019490 -0.145707 0.779024
v 0.005630 -0.161741 0.790407
v 0.028578 -0.129348 1.115385
v 0.041740 -0.120203 0.701769
v 0.051373 -0.131832 0.198986
v 0.047699 -0.128275 0.091753
v 0.005630 -0.128215 0.083813
v -0.036439 -0.128361 0.091116
v -0.040113 -0.132013 0.198067
v -0.030480 -0.120297 0.701488
v -0.017317 -0.129348 1.115385
v 0.005630 -0.153619 1.125509
v 0.098851 -0.037486 -0.969157
v 0.090055 -0.036860 -0.980366
v 0.077705 -0.031484 -0.985055
v 0.066519 -0.023411 -0.981434
v 0.060770 -0.015726 -0.970885
v 0.062654 -0.011363 -0.957438
v 0.071450 -0.011989 -0.946229
v 0.083800 -0.017365 -0.941540
v 0.094985 -0.025438 -0.945161
v 0.100734 -0.033123 -0.955711
v 0.111895 -0.039762 -0.974463
v 0.098195 -0.038786 -0.991921
v 0.078960 -0.030413 -0.999224
v 0.061538 -0.017839 -0.993583
v 0.052583 -0.005869 -0.977153
v 0.055516 0.000927 -0.956209
v 0.069217 -0.000049 -0.938751
v 0.088452 -0.008422 -0.931448
v 0.105874 -0.020996 -0.937088
v 0.114829 -0.032967 -0.953519
v 0.123292 -0.038161 -0.979642
v 0.106028 -0.036932 -1.001640
v 0.081791 -0.026381 -1.010843
v 0.059838 -0.010537 -1.003736
v 0.048554 0.004547 -0.983032
v 0.052250 0.013109 -0.956640
v 0.069514 0.011880 -0.934642
v 0.093752 0.001329 -0.925439
v 0.115705 -0.014515 -0.932547
v 0.126988 -0.029599 -0.953251
v 0.131925 -0.032842 -0.984188
v 0.112788 -0.031479 -1.008573
v 0.085921 -0.019783 -1.018775
v 0.061585 -0.002220 -1.010895
v 0.049078 0.014501 -0.987945
v 0.053175 0.023992 -0.958690
v 0.072312 0.022630 -0.934305
v 0.099180 0.010933 -0.924103
v 0.123515 -0.006629 -0.931983
v 0.136023 -0.023350 -0.954933
v 0.136950 -0.024323 -0.987656
v 0.117813 -0.022961 -1.012041
v 0.090946 -0.011264 -1.022242
v 0.066611 0.006298 -1.014362
v 0.054103 0.023019 -0.991412
v 0.058200 0.032511 -0.962157
v 0.077337 0.031148 -0.937772
v 0.104205 0.019452 -0.927571
v 0.128540 0.001889 -0.935451
v 0.141047 -0.014831 -0.958401
v 0.137875 -0.013440 -0.989706
v 0.120611 -0.012211 -1.011703
v 0.096374 -0.001659 -1.020906
v 0.074421 0.014184 -1.013799
v 0.063137 0.029268 -0.993095
v 0.066833 0.037831 -0.966704
v 0.084097 0.036601 -0.944705
v 0.108335 0.026050 -0.935503
v 0.130288 0.010206 -0.942610
v 0.141571 -0.004877 -0.963314
v 0.134609 -0.001258 -0.990137
v 0.120908 -0.000282 -1.007595
v 0.101673 0.008092 -1.014898
v 0.084251 0.020665 -1.009257
v 0.075297 0.032636 -0.992827
v 0.078230 0.039431 -0.971883
v 0.091931 0.038456 -0.954425
v 0.111166 0.030082 -0.947121
v 0.128588 0.017508 -0.952763
v 0.137542 0.005538 -0.969193
v 0.127472 0.011032 -0.988908
v 0.118675 0.011658 -1.000117
v 0.106326 0.017034 -1.004806
v 0.095140 0.025107 -1.001184
v 0.089391 0.032793 -0.990635
v 0.091274 0.037156 -0.977188
v 0.100071 0.036529 -0.965979
v 0.112420 0.031153 -0.961290
v 0.123606 0.023080 -0.964912
v 0.129355 0.015395 -0.975461
v 0.087647 -0.032833 -0.965010
v 0.083606 -0.032545 -0.970160
v 0.077932 -0.030075 -0.972314
v 0.072793 -0.026366 -0.970650
v 0.070152 -0.022835 -0.965804
v 0.071017 -0.020831 -0.959625
v 0.075058 -0.021119 -0.954475
v 0.080732 -0.023589 -0.952322
v 0.085871 -0.027298 -0.953986
v 0.088513 -0.030829 -0.958832
v 0.119108 0.020500 -0.986720
v 0.115067 0.020788 -0.991870
v 0.109393 0.023258 -0.994024
v 0.104254 0.026967 -0.992360
v 0.101613 0.030498 -0.987514
v 0.102478 0.032502 -0.981335
v 0.106520 0.032214 -0.976186
v 0.112193 0.029744 -0.974032
v 0.117332 0.026036 -0.975696
v 0.119974 0.022505 -0.980542
v 0.103278 -0.183790 -0.053526
v 0.099723 -0.168430 0.045831
v 0.126408 -0.207986 0.068638
v 0.120133 -0.134600 -0.047860
v 0.145571 -0.151420 0.075606
v 0.238495 -0.223963 0.148939
v 0.223126 -0.220038 0.242850
v 0.246008 -0.201786 0.151670
v 0.159812 -0.171084 -0.299236
v 0.224318 -0.174040 -0.132707
v 0.179738 -0.112618 -0.292619
v 0.145546 -0.131212 -0.338720
v 0.134382 -0.180076 0.078040
v 0.253291 -0.215922 0.155190
v 0.170455 -0.141059 -0.303577
v 0.106027 -0.158447 -0.046551
v 0.159099 -0.139608 -0.006216
v 0.136887 -0.204857 -0.014005
v 0.092356 -0.197070 0.039567
v 0.111648 -0.140122 0.046582
v 0.218220 -0.227894 0.237065
v 0.224222 -0.210181 0.239247
v 0.217537 -0.186461 -0.132329
v 0.226151 -0.161028 -0.128980
v 0.137774 -0.160444 -0.339442
v 0.157499 -0.103470 -0.333423
v 0.125326 -0.165791 -0.239293
v 0.127820 -0.140170 -0.234122
v 0.142506 -0.116582 -0.234373
v 0.174915 -0.121244 -0.183746
v 0.241463 -0.177898 -0.026888
v 0.243914 -0.191702 -0.024567
v 0.233405 -0.201690 -0.029919
v 0.152569 -0.186534 -0.190955
v 0.181784 -0.217764 0.167937
v 0.198001 -0.217503 0.087547
v 0.202286 -0.197062 -0.086099
v 0.196354 -0.179413 -0.196329
v 0.203173 -0.160730 -0.202727
v 0.208453 -0.143814 -0.192020
v 0.216141 -0.156400 -0.081297
v 0.211814 -0.176848 0.092485
v 0.191798 -0.188205 0.171579
v 0.180560 -0.202584 0.177711
v -0.035814 -0.022068 -0.983373
v -0.047272 -0.030408 -0.984978
v -0.058818 -0.035548 -0.978371
v -0.066043 -0.035527 -0.966074
v -0.066185 -0.030352 -0.952785
v -0.059192 -0.022000 -0.943579
v -0.047735 -0.013660 -0.941974
v -0.036189 -0.008519 -0.948582
v -0.028964 -0.008541 -0.960879
v -0.028821 -0.013716 -0.974168
v -0.032706 -0.017016 -0.996478
v -0.050552 -0.030005 -0.998978
v -0.068536 -0.038012 -0.988686
v -0.079788 -0.037979 -0.969533
v -0.080010 -0.029919 -0.948836
v -0.069118 -0.016909 -0.934498
v -0.051273 -0.003921 -0.931997
v -0.033289 0.004087 -0.942289
v -0.022037 0.004054 -0.961442
v -0.021815 -0.004007 -0.982140
v -0.032664 -0.010050 -1.007306
v -0.055151 -0.026417 -1.010457
v -0.077811 -0.036507 -0.997488
v -0.091990 -0.036465 -0.973354
v -0.092270 -0.026308 -0.947273
v -0.078546 -0.009916 -0.929207
v -0.056058 0.006451 -0.926056
v -0.033398 0.016541 -0.939024
v -0.019220 0.016499 -0.963158
v -0.018939 0.006342 -0.989239
v -0.035690 -0.001853 -1.014798
v -0.060617 -0.019995 -1.018291
v -0.085737 -0.031180 -1.003915
v -0.101454 -0.031134 -0.977162
v -0.101765 -0.019875 -0.948251
v -0.086551 -0.001703 -0.928224
v -0.061624 0.016439 -0.924731
v -0.036504 0.027624 -0.939107
v -0.020787 0.027578 -0.965860
v -0.020476 0.016319 -0.994771
v -0.041490 0.006775 -1.018220
v -0.066417 -0.011368 -1.021712
v -0.091537 -0.022552 -1.007337
v -0.107253 -0.022506 -0.980585
v -0.107564 -0.011247 -0.951673
v -0.092350 0.006924 -0.931646
v -0.067423 0.025067 -0.928153
v -0.042304 0.036251 -0.942529
v -0.026587 0.036205 -0.969282
v -0.026276 0.024946 -0.998193
v -0.049495 0.014987 -1.017237
v -0.071982 -0.001380 -1.020388
v -0.094643 -0.011469 -1.007420
v -0.108821 -0.011428 -0.983285
v -0.109102 -0.001271 -0.957204
v -0.095377 0.015122 -0.939138
v -0.072890 0.031489 -0.935987
v -0.050229 0.041578 -0.948956
v -0.036051 0.041537 -0.973090
v -0.035771 0.031380 -0.999171
v -0.058922 0.021981 -1.011946
v -0.076768 0.008992 -1.014447
v -0.094752 0.000985 -1.004155
v -0.106004 0.001018 -0.985002
v -0.106226 0.009078 -0.964303
v -0.095334 0.022088 -0.949966
v -0.077489 0.035076 -0.947465
v -0.059505 0.043084 -0.957757
v -0.048253 0.043051 -0.976910
v -0.048030 0.034990 -0.997609
v -0.068848 0.027071 -1.002865
v -0.080306 0.018732 -1.004470
v -0.091852 0.013591 -0.997862
v -0.099076 0.013612 -0.985565
v -0.099219 0.018787 -0.972276
v -0.092226 0.027140 -0.963071
v -0.080768 0.035479 -0.961465
v -0.069222 0.040620 -0.968073
v -0.061998 0.040599 -0.980370
v -0.061855 0.035423 -0.993659
v -0.040494 -0.024488 -0.971651
v -0.045758 -0.028319 -0.972388
v -0.051063 -0.030681 -0.969352
v -0.054382 -0.030671 -0.963702
v -0.054447 -0.028294 -0.957597
v -0.051235 -0.024456 -0.953368
v -0.045970 -0.020625 -0.952631
v -0.040666 -0.018263 -0.955666
v -0.037347 -0.018273 -0.961316
v -0.037281 -0.020651 -0.967421
v -0.076806 0.029528 -0.993076
v -0.082070 0.025696 -0.993814
v -0.087375 0.023334 -0.990777
v -0.090694 0.023344 -0.985129
v -0.090760 0.025722 -0.979023
v -0.087547 0.029559 -0.974794
v -0.082283 0.033391 -0.974056
v -0.076978 0.035753 -0.977092
v -0.073659 0.035743 -0.982742
v -0.073593 0.033365 -0.988847
v 0.071593 -0.060278 -1.231845
v 0.058919 -0.043503 -1.231874
v 0.039844 -0.029877 -1.231892
v 0.017419 -0.023076 -1.231897
v -0.006159 -0.023076 -1.231897
v -0.028583 -0.029877 -1.231892
v -0.047658 -0.043503 -1.231874
v -0.065752 -0.071122 -1.231825
v -0.073125 -0.073849 -1.255691
v -0.077236 -0.091960 -1.282884
v -0.069124 -0.123576 -1.287283
v -0.053695 -0.147415 -1.288423
v -0.032459 -0.163747 -1.288525
v -0.007495 -0.172108 -1.288572
v 0.018755 -0.172108 -1.288572
v 0.043719 -0.163747 -1.288525
v 0.064956 -0.147415 -1.288423
v 0.080385 -0.123576 -1.287283
v 0.088496 -0.091960 -1.282884
v 0.084386 -0.073849 -1.255691
v 0.096505 -0.054999 -1.144105
v 0.078388 -0.031673 -1.155679
v 0.052344 -0.013392 -1.155711
v 0.021726 -0.004105 -1.155720
v -0.010466 -0.004105 -1.155720
v -0.041083 -0.013392 -1.155711
v -0.067128 -0.031673 -1.155679
v -0.088133 -0.068100 -1.155010
v -0.101899 -0.072450 -1.156174
v -0.107511 -0.100409 -1.191588
v -0.096436 -0.143569 -1.203476
v -0.075370 -0.174165 -1.203654
v -0.046375 -0.196012 -1.203780
v -0.012290 -0.207148 -1.203836
v 0.023550 -0.207148 -1.203836
v 0.057636 -0.196012 -1.203780
v 0.086630 -0.174165 -1.203654
v 0.107697 -0.143569 -1.203476
v 0.118772 -0.100409 -1.191588
v 0.113159 -0.072450 -1.156174
v 0.117943 -0.054679 -1.045104
v 0.096066 -0.020601 -1.057027
v 0.063693 0.001876 -1.057278
v 0.025637 0.013940 -1.057459
v -0.014377 0.013940 -1.057459
v -0.052433 0.001876 -1.057278
v -0.084805 -0.020601 -1.057028
v -0.119114 -0.092822 -1.011836
v -0.123568 -0.088776 -1.034849
v -0.132543 -0.106947 -1.072858
v -0.123235 -0.156475 -1.093416
v -0.095051 -0.193609 -1.093805
v -0.059011 -0.220376 -1.093953
v -0.016644 -0.234028 -1.094017
v 0.027904 -0.234028 -1.094017
v 0.070271 -0.220376 -1.093953
v 0.106311 -0.193609 -1.093805
v 0.134495 -0.156475 -1.093416
v 0.143804 -0.106947 -1.072858
v 0.134828 -0.088776 -1.034849
v 0.137955 -0.061700 -0.949085
v 0.111516 0.012970 -0.947894
v 0.073613 0.044512 -0.951973
v 0.029056 0.060688 -0.953494
v -0.017795 0.060688 -0.953494
v -0.062353 0.044512 -0.951973
v -0.100256 0.012970 -0.947894
v -0.126695 -0.061700 -0.949085
v -0.135836 -0.110127 -0.934386
v -0.137334 -0.122026 -0.950015
v -0.132533 -0.153812 -0.958016
v -0.105851 -0.192748 -0.958088
v -0.065945 -0.220884 -0.958135
v -0.019033 -0.235269 -0.958148
v 0.030293 -0.235269 -0.958148
v 0.077205 -0.220884 -0.958135
v 0.117111 -0.192748 -0.958088
v 0.143793 -0.153812 -0.958016
v 0.148594 -0.122026 -0.950015
v 0.147096 -0.110127 -0.934386
v 0.155952 -0.007831 -0.826309
v 0.124926 0.051682 -0.829994
v 0.082223 0.087227 -0.834086
v 0.032022 0.105315 -0.835536
v -0.020762 0.105315 -0.835536
v -0.070963 0.087227 -0.834086
v -0.113666 0.051682 -0.829994
v -0.144691 -0.007831 -0.826309
v -0.161879 -0.070272 -0.810313
v -0.164427 -0.107021 -0.794269
v -0.154100 -0.142068 -0.792388
v -0.120526 -0.180276 -0.806130
v -0.070963 -0.209923 -0.820480
v -0.020762 -0.227960 -0.820290
v 0.032022 -0.227960 -0.820290
v 0.082223 -0.209923 -0.820480
v 0.131786 -0.180276 -0.806130
v 0.165360 -0.142068 -0.792388
v 0.175687 -0.107021 -0.794269
v 0.173139 -0.070272 -0.810313
v 0.164411 0.022465 -0.760113
v 0.131639 0.066490 -0.760653
v 0.086533 0.098998 -0.761024
v 0.033507 0.116341 -0.761193
v -0.022247 0.116341 -0.761193
v -0.075273 0.098998 -0.761024
v -0.120379 0.066489 -0.760653
v -0.153150 0.022465 -0.760113
v -0.176017 -0.029274 -0.730723
v -0.181655 -0.084128 -0.700499
v -0.164425 -0.136729 -0.698070
v -0.126016 -0.178884 -0.724098
v -0.075273 -0.211359 -0.751035
v -0.022247 -0.230864 -0.750678
v 0.033507 -0.230864 -0.750678
v 0.086533 -0.211359 -0.751035
v 0.137276 -0.178884 -0.724098
v 0.175686 -0.136729 -0.698070
v 0.192915 -0.084128 -0.700499
v 0.187277 -0.029274 -0.730723
v 0.175838 0.032014 -0.601874
v 0.140708 0.072593 -0.603722
v 0.092355 0.107038 -0.603039
v 0.035513 0.127823 -0.602864
v -0.024253 0.127823 -0.602864
v -0.081095 0.107038 -0.603039
v -0.129447 0.072593 -0.603722
v -0.164577 0.032014 -0.601874
v -0.183047 -0.021718 -0.596600
v -0.183047 -0.086159 -0.589626
v -0.164577 -0.148546 -0.582288
v -0.129447 -0.201771 -0.576083
v -0.081095 -0.239770 -0.572524
v -0.024253 -0.259012 -0.571578
v 0.035513 -0.259012 -0.571578
v 0.092355 -0.239770 -0.572524
v 0.140708 -0.201771 -0.576083
v 0.175838 -0.148546 -0.582288
v 0.194307 -0.086159 -0.589626
v 0.194307 -0.021718 -0.596600
v 0.177587 0.028730 -0.475746
v 0.142096 0.067760 -0.485652
v 0.093246 0.102672 -0.489076
v 0.035821 0.124598 -0.489839
v -0.024560 0.124598 -0.489839
v -0.081986 0.102672 -0.489076
v -0.130835 0.067760 -0.485652
v -0.166326 0.028730 -0.475746
v -0.184985 -0.025267 -0.464481
v -0.184985 -0.092885 -0.454712
v -0.166326 -0.158338 -0.444848
v -0.130835 -0.213895 -0.436604
v -0.081986 -0.253227 -0.431884
v -0.024560 -0.272915 -0.430620
v 0.035821 -0.272915 -0.430620
v 0.093246 -0.253227 -0.431884
v 0.142095 -0.213895 -0.436604
v 0.177587 -0.158338 -0.444848
v 0.196245 -0.092885 -0.454712
v 0.196245 -0.025267 -0.464481
v 0.170748 0.032140 -0.320763
v 0.136668 0.079617 -0.335191
v 0.089762 0.115547 -0.342812
v 0.034620 0.135801 -0.345307
v -0.023360 0.135801 -0.345307
v -0.078501 0.115547 -0.342812
v -0.125408 0.079617 -0.335191
v -0.159487 0.032140 -0.320763
v -0.177404 -0.027617 -0.305773
v -0.177404 -0.094659 -0.292567
v -0.159487 -0.158977 -0.279810
v -0.125408 -0.213351 -0.269564
v -0.078501 -0.251675 -0.263732
v -0.023360 -0.270790 -0.261983
v 0.034620 -0.270790 -0.261983
v 0.089762 -0.251675 -0.263732
v 0.136668 -0.213350 -0.269564
v 0.170748 -0.158977 -0.279810
v 0.188664 -0.094659 -0.292567
v 0.188664 -0.027617 -0.305773
v 0.154096 0.046246 -0.133035
v 0.123454 0.100296 -0.149437
v 0.081277 0.140158 -0.160987
v 0.031697 0.159739 -0.165076
v -0.020436 0.159739 -0.165076
v -0.070017 0.140158 -0.160987
v -0.112193 0.100296 -0.149437
v -0.142836 0.046246 -0.133035
v -0.158946 -0.012995 -0.117078
v -0.158946 -0.073243 -0.101754
v -0.142836 -0.130628 -0.086953
v -0.112193 -0.179102 -0.074921
v -0.070017 -0.213507 -0.067379
v -0.020436 -0.231031 -0.064077
v 0.031697 -0.231031 -0.064077
v 0.081277 -0.213507 -0.067379
v 0.123454 -0.179102 -0.074921
v 0.154096 -0.130628 -0.086953
v 0.170206 -0.073243 -0.101754
v 0.170206 -0.012995 -0.117078
v 0.127452 0.048068 0.119336
v 0.102403 0.091365 0.103234
v 0.067796 0.123580 0.092179
v 0.027054 0.138986 0.088863
v -0.015794 0.138986 0.088863
v -0.056536 0.123580 0.092179
v -0.091143 0.091365 0.103234
v -0.116191 0.048068 0.119336
v -0.129241 0.001916 0.134785
v -0.129052 -0.044138 0.149311
v -0.115705 -0.087834 0.163335
v -0.090557 -0.124876 0.175192
v -0.056078 -0.151634 0.183722
v -0.015624 -0.165726 0.188771
v 0.026884 -0.165726 0.188771
v 0.067338 -0.151634 0.183722
v 0.101817 -0.124876 0.175192
v 0.126966 -0.087834 0.163335
v 0.140312 -0.044138 0.149311
v 0.140501 0.001916 0.134785
v 0.089120 0.019062 0.460065
v 0.071455 0.043756 0.453964
v 0.046867 0.061437 0.450879
v 0.017900 0.070381 0.450452
v -0.012495 0.070088 0.450984
v -0.041289 0.060636 0.452428
v -0.065629 0.042663 0.456393
v -0.083130 0.017973 0.463116
v -0.092156 -0.010845 0.471517
v -0.091935 -0.040898 0.480399
v -0.082597 -0.069287 0.488743
v -0.065127 -0.093362 0.495749
v -0.041222 -0.110913 0.500932
v -0.013131 -0.120293 0.504127
v 0.016536 -0.120406 0.503606
v 0.044994 -0.111173 0.499467
v 0.069497 -0.093589 0.493494
v 0.087620 -0.069278 0.485913
v 0.097509 -0.040502 0.477218
v 0.098074 -0.010034 0.468218
v 0.056298 -0.007990 0.756001
v 0.044265 0.008551 0.755080
v 0.027459 0.020283 0.754862
v 0.007725 0.026054 0.755186
v -0.012857 0.025424 0.755746
v -0.032198 0.018572 0.756495
v -0.048415 0.006235 0.757648
v -0.060010 -0.010271 0.759207
v -0.065988 -0.029261 0.760969
v -0.065907 -0.048915 0.762707
v -0.059857 -0.067428 0.764290
v -0.048453 -0.083129 0.765565
v -0.032752 -0.094577 0.766383
v -0.014144 -0.100716 0.766703
v 0.005715 -0.100935 0.766181
v 0.025002 -0.095089 0.764900
v 0.041829 -0.083582 0.763261
v 0.054468 -0.067413 0.761377
v 0.061547 -0.048111 0.759411
v 0.062234 -0.027586 0.757533
v 0.042603 -0.017088 0.920708
v 0.033114 -0.004175 0.921042
v 0.019891 0.004998 0.921216
v 0.004376 0.009506 0.921135
v -0.011796 0.008966 0.920856
v -0.026980 0.003534 0.920394
v -0.039696 -0.006150 0.919749
v -0.048784 -0.019032 0.919062
v -0.053475 -0.033823 0.918445
v -0.053414 -0.049135 0.917994
v -0.048669 -0.063577 0.917691
v -0.039705 -0.075836 0.917490
v -0.027341 -0.084780 0.917425
v -0.012673 -0.089566 0.917529
v 0.002975 -0.089716 0.917828
v 0.018147 -0.085134 0.918262
v 0.031364 -0.076131 0.918739
v 0.041271 -0.063493 0.919248
v 0.046800 -0.048413 0.919755
v 0.047304 -0.032385 0.920256
v 0.036248 -0.020465 1.020548
v 0.028589 -0.010027 1.020664
v 0.017958 -0.002560 1.020555
v 0.005474 0.001194 1.020194
v -0.007589 0.000891 1.019600
v -0.019916 -0.003384 1.018822
v -0.030308 -0.011153 1.017937
v -0.037790 -0.021601 1.017116
v -0.041689 -0.033694 1.016456
v -0.041683 -0.046279 1.016023
v -0.037803 -0.058183 1.015784
v -0.030427 -0.068293 1.015687
v -0.020248 -0.075652 1.015790
v -0.008202 -0.079560 1.016128
v 0.004592 -0.079621 1.016679
v 0.016921 -0.075785 1.017386
v 0.027582 -0.068365 1.018143
v 0.035495 -0.058034 1.018900
v 0.039829 -0.045777 1.019588
v 0.040112 -0.032812 1.020162
v 0.029584 -0.023909 1.088753
v 0.023772 -0.015988 1.088689
v 0.015740 -0.010292 1.088466
v 0.006308 -0.007376 1.088120
v -0.003583 -0.007515 1.087659
v -0.012952 -0.010673 1.087127
v -0.020888 -0.016519 1.086593
v -0.026632 -0.024460 1.086118
v -0.029645 -0.033715 1.085757
v -0.029655 -0.043392 1.085541
v -0.026675 -0.052569 1.085461
v -0.020996 -0.060369 1.085480
v -0.013157 -0.066039 1.085624
v -0.003903 -0.069034 1.085917
v 0.005886 -0.069052 1.086325
v 0.015266 -0.066068 1.086809
v 0.023320 -0.060354 1.087322
v 0.029249 -0.052446 1.087831
v 0.032443 -0.043109 1.088275
v 0.032568 -0.033266 1.088604
v 0.020868 -0.028360 1.133812
v 0.017151 -0.023285 1.133738
v 0.012024 -0.019621 1.133578
v 0.006001 -0.017724 1.133367
v -0.000324 -0.017775 1.133116
v -0.006330 -0.019764 1.132848
v -0.011431 -0.023489 1.132587
v -0.015134 -0.028580 1.132367
v -0.017084 -0.034539 1.132206
v -0.017094 -0.040787 1.132119
v -0.015167 -0.046719 1.132113
v -0.011497 -0.051763 1.132146
v -0.006435 -0.055428 1.132236
v -0.000467 -0.057354 1.132398
v 0.005830 -0.057351 1.132619
v 0.011842 -0.055414 1.132877
v 0.016977 -0.051725 1.133125
v 0.020739 -0.046637 1.133384
v 0.022749 -0.040648 1.133613
v 0.022796 -0.034347 1.133761
v 0.011819 -0.032974 1.155360
v 0.010094 -0.030615 1.155327
v 0.007715 -0.028908 1.155256
v 0.004920 -0.028019 1.155169
v 0.001982 -0.028033 1.155070
v -0.000811 -0.028949 1.154964
v -0.003186 -0.030677 1.154859
v -0.004914 -0.033045 1.154775
v -0.005825 -0.035822 1.154714
v -0.005830 -0.038737 1.154679
v -0.004930 -0.041507 1.154679
v -0.003217 -0.043862 1.154687
v -0.000854 -0.045572 1.154726
v 0.001928 -0.046467 1.154786
v 0.004859 -0.046461 1.154871
v 0.007656 -0.045555 1.154988
v 0.010037 -0.043834 1.155082
v 0.011775 -0.041466 1.155180
v 0.012701 -0.038681 1.155277
v 0.012716 -0.035755 1.155337
v -0.106682 -0.054679 -1.045104
v -0.085245 -0.054999 -1.144105
v -0.060333 -0.060278 -1.231845
v 0.130374 -0.092822 -1.011836
v 0.099394 -0.068100 -1.155009
v 0.077012 -0.071122 -1.231825
v 0.054646 -0.074695 -1.296703
v 0.058817 -0.079700 -1.316940
v 0.056103 -0.102170 -1.326579
v 0.046894 -0.118085 -1.331151
v 0.031317 -0.128237 -1.331908
v 0.014062 -0.133495 -1.331946
v -0.002802 -0.133495 -1.331946
v -0.020056 -0.128237 -1.331908
v -0.035634 -0.118085 -1.331151
v -0.044843 -0.102170 -1.326579
v -0.047557 -0.079700 -1.316940
v -0.043386 -0.074695 -1.296702
v -0.037955 -0.081466 -1.282256
v -0.034625 -0.076922 -1.282262
v -0.027112 -0.070000 -1.282272
v -0.015392 -0.064537 -1.282279
v -0.001613 -0.061788 -1.282280
v 0.012874 -0.061788 -1.282280
v 0.026652 -0.064537 -1.282279
v 0.038372 -0.070000 -1.282272
v 0.045886 -0.076922 -1.282262
v 0.049215 -0.081466 -1.282256
v -0.012290 -0.081310 -1.310190
v 0.032560 -0.084116 -1.330595
v 0.028613 -0.091780 -1.335282
v 0.019311 -0.096442 -1.336233
v 0.009785 -0.098873 -1.336257
v 0.001475 -0.098873 -1.336257
v -0.008050 -0.096442 -1.336233
v -0.017353 -0.091780 -1.335282
v -0.021299 -0.084116 -1.330595
v -0.020538 -0.074372 -1.323481
v -0.017197 -0.075648 -1.315158
v -0.013803 -0.081558 -1.310190
v -0.009250 -0.081361 -1.310190
v -0.003924 -0.081453 -1.310190
v 0.002338 -0.081539 -1.310190
v 0.008922 -0.081539 -1.310190
v 0.015184 -0.081453 -1.310190
v 0.020510 -0.081361 -1.310190
v 0.023550 -0.081310 -1.310190
v 0.025064 -0.081558 -1.310190
v 0.028457 -0.075648 -1.315158
v 0.031798 -0.074372 -1.323481
v 0.185485 -0.025079 -0.690253
v 0.184263 -0.083649 -0.673266
v 0.166538 -0.139996 -0.669121
v 0.134044 -0.188231 -0.678773
v 0.088862 -0.222970 -0.689949
v 0.034310 -0.240759 -0.689397
v -0.023050 -0.240759 -0.689397
v -0.077602 -0.222970 -0.689949
v -0.122784 -0.188231 -0.678773
v -0.155277 -0.139996 -0.669121
v -0.173002 -0.083649 -0.673266
v -0.174225 -0.025079 -0.690253
v -0.157722 0.029481 -0.706221
v -0.124007 0.074592 -0.707593
v -0.077602 0.107656 -0.708039
v -0.023050 0.125646 -0.708221
v 0.034310 0.125646 -0.708221
v 0.088862 0.107656 -0.708039
v 0.135267 0.074592 -0.707593
v 0.168982 0.029481 -0.706221
v -0.015926 0.042351 0.418950
v 0.005627 -0.009826 0.859684
v -0.013714 0.038682 0.695377
v 0.027183 0.042313 0.418171
v 0.024974 0.038682 0.695377
v -0.017676 0.241958 0.256567
v 0.005630 0.193015 0.317570
v 0.028937 0.241958 0.256567
v -0.039031 0.130447 -0.195528
v 0.005630 0.206891 -0.008122
v 0.050291 0.130581 -0.196210
v 0.005630 0.112862 -0.217552
v 0.005630 0.039448 0.695692
v 0.005630 0.254840 0.261721
v 0.005630 0.130883 -0.203394
v 0.005627 0.038090 0.425082
v 0.040289 0.079771 0.350504
v -0.029029 0.079653 0.350806
v -0.004784 -0.010001 0.856316
v 0.016040 -0.010299 0.855802
v -0.020082 0.186613 0.309435
v 0.031342 0.186613 0.309435
v -0.011571 0.204362 -0.006209
v 0.022831 0.204362 -0.005995
v -0.032849 0.114992 -0.214705
v 0.044109 0.115405 -0.215700
v -0.027603 0.105311 -0.114436
v 0.005630 0.099209 -0.112395
v 0.038863 0.105806 -0.115575
v 0.053032 0.125952 -0.091541
v 0.021713 0.248904 0.107852
v 0.005630 0.255986 0.111804
v -0.010453 0.248904 0.107752
v -0.041772 0.125700 -0.090557
v -0.017598 0.165812 0.387339
v -0.024727 0.196992 0.265698
v -0.021840 0.204661 0.046332
v -0.018423 0.180506 -0.070540
v 0.005630 0.180918 -0.079189
v 0.029683 0.180544 -0.070615
v 0.033100 0.204739 0.046125
v 0.035987 0.197031 0.265628
v 0.028859 0.165812 0.387339
v 0.005630 0.166869 0.397774
v -0.019490 0.120653 0.500851
v -0.032038 0.138853 0.284689
v -0.035135 0.153568 -0.037573
v -0.028661 0.150959 -0.151669
v 0.005630 0.151324 -0.159792
v 0.039921 0.151055 -0.152151
v 0.046395 0.153755 -0.038251
v 0.043298 0.138945 0.284495
v 0.030750 0.120653 0.500851
v 0.005630 0.120140 0.500721
v -0.077512 -0.183790 -0.053526
v -0.074485 -0.168431 0.045831
v -0.097206 -0.207986 0.068638
v -0.091862 -0.134600 -0.047860
v -0.113521 -0.151420 0.075606
v -0.192642 -0.223963 0.148939
v -0.179556 -0.220038 0.242850
v -0.199039 -0.201786 0.151670
v -0.125648 -0.171084 -0.299236
v -0.180570 -0.174040 -0.132707
v -0.142613 -0.112618 -0.292619
v -0.113501 -0.131212 -0.338720
v -0.103995 -0.180076 0.078040
v -0.205240 -0.215922 0.155190
v -0.134710 -0.141059 -0.303577
v -0.079852 -0.158447 -0.046551
v -0.125040 -0.139609 -0.006216
v -0.106129 -0.204857 -0.014005
v -0.068213 -0.197070 0.039567
v -0.084638 -0.140122 0.046582
v -0.175379 -0.227894 0.237065
v -0.180488 -0.210181 0.239247
v -0.174797 -0.186461 -0.132329
v -0.182131 -0.161028 -0.128980
v -0.106883 -0.160444 -0.339442
v -0.123678 -0.103470 -0.333423
v -0.096284 -0.165791 -0.239293
v -0.098407 -0.140170 -0.234122
v -0.110912 -0.116582 -0.234373
v -0.138507 -0.121244 -0.183746
v -0.195169 -0.177898 -0.026888
v -0.197255 -0.191702 -0.024567
v -0.188307 -0.201690 -0.029919
v -0.119481 -0.186534 -0.190955
v -0.144355 -0.217764 0.167937
v -0.158163 -0.217503 0.087548
v -0.161812 -0.197062 -0.086099
v -0.156761 -0.179413 -0.196329
v -0.162567 -0.160730 -0.202727
v -0.167062 -0.143814 -0.192020
v -0.173608 -0.156399 -0.081297
v -0.169923 -0.176848 0.092485
v -0.152881 -0.188205 0.171579
v -0.143313 -0.202584 0.177711
v 0.249072 -0.118330 -0.356430
v 0.278430 -0.052132 -0.291935
v 0.298293 -0.030997 -0.336384
v 0.220620 -0.113405 -0.353180
v 0.277508 -0.025964 -0.336752
v 0.271728 0.031212 -0.475754
v 0.292061 0.028139 -0.416531
v 0.247092 0.035668 -0.466499
v 0.158847 -0.130634 -0.747579
v 0.150654 -0.060802 -0.743317
v 0.127234 -0.124251 -0.737788
v 0.138383 -0.148533 -0.728226
v 0.297357 -0.000415 -0.376520
v 0.258793 0.037255 -0.471470
v 0.120451 -0.141153 -0.814960
v 0.231864 -0.123438 -0.350114
v 0.233490 -0.075232 -0.391136
v 0.264787 -0.081272 -0.395624
v 0.287394 -0.061730 -0.273731
v 0.263765 -0.057479 -0.274387
v 0.299905 0.025339 -0.422977
v 0.281839 0.029097 -0.416569
v 0.172681 -0.051780 -0.728059
v 0.143143 -0.045815 -0.718910
v 0.158922 -0.149281 -0.711246
v 0.129198 -0.143279 -0.702040
v 0.302219 0.002648 -0.395148
v 0.274825 -0.012274 -0.452370
v 0.164263 -0.093394 -0.754054
v 0.122776 -0.125164 -0.817741
v 0.132651 -0.087010 -0.744264
v 0.245651 -0.006309 -0.445677
v 0.283912 0.007821 -0.393876
v 0.298379 0.017051 -0.398433
v 0.195321 -0.148848 -0.570944
v 0.181199 -0.149963 -0.561522
v 0.166475 -0.143023 -0.562657
v 0.176431 -0.103501 -0.575482
v 0.187131 -0.030204 -0.589141
v 0.189378 0.015133 -0.591757
v 0.205465 0.019669 -0.592505
v 0.218082 0.009079 -0.600311
v 0.219730 -0.037036 -0.598892
v 0.209032 -0.110191 -0.585068
v -0.247053 -0.118330 -0.356430
v -0.277526 -0.052132 -0.291935
v -0.298144 -0.030997 -0.336384
v -0.217521 -0.113405 -0.353180
v -0.276569 -0.025963 -0.336752
v -0.270569 0.031212 -0.475754
v -0.291674 0.028139 -0.416531
v -0.244998 0.035668 -0.466499
v -0.153404 -0.130634 -0.747579
v -0.144900 -0.060802 -0.743317
v -0.120590 -0.124251 -0.737789
v -0.132162 -0.148533 -0.728226
v -0.297173 -0.000415 -0.376520
v -0.257144 0.037255 -0.471470
v -0.113550 -0.141153 -0.814960
v -0.229192 -0.123438 -0.350115
v -0.230880 -0.075232 -0.391136
v -0.263365 -0.081272 -0.395624
v -0.286828 -0.061730 -0.273731
v -0.262305 -0.057479 -0.274387
v -0.299815 0.025339 -0.422976
v -0.281063 0.029097 -0.416569
v -0.167762 -0.051780 -0.728058
v -0.137105 -0.045815 -0.718910
v -0.153482 -0.149281 -0.711246
v -0.122629 -0.143279 -0.702040
v -0.302219 0.002648 -0.395149
v -0.273784 -0.012274 -0.452370
v -0.159024 -0.093394 -0.754054
v -0.115963 -0.125164 -0.817741
v -0.126212 -0.087010 -0.744264
v -0.243502 -0.006309 -0.445676
v -0.283215 0.007821 -0.393875
v -0.298232 0.017051 -0.398433
v -0.191262 -0.148848 -0.570944
v -0.176604 -0.149963 -0.561522
v -0.161321 -0.143023 -0.562657
v -0.171656 -0.103501 -0.575482
v -0.182762 -0.030204 -0.589141
v -0.185094 0.015133 -0.591757
v -0.201792 0.019669 -0.592505
v -0.214886 0.009079 -0.600311
v -0.216596 -0.037036 -0.598892
v -0.205493 -0.110191 -0.585068
v 0.109181 -0.123744 -1.177046
v 0.086206 -0.123744 -1.177046
v 0.074718 -0.123744 -1.150271
v 0.086206 -0.123744 -1.123496
v 0.109181 -0.123744 -1.123496
v 0.120669 -0.123744 -1.150271
v 0.107642 -0.081448 -1.173460
v 0.087745 -0.081448 -1.173460
v 0.077796 -0.081448 -1.150271
v 0.087745 -0.081448 -1.127083
v 0.107642 -0.081448 -1.127083
v 0.117591 -0.081448 -1.150271
v 0.103437 -0.050485 -1.163658
v 0.091950 -0.050485 -1.163658
v 0.086206 -0.050485 -1.150271
v 0.091950 -0.050485 -1.136884
v 0.103437 -0.050485 -1.136884
v 0.109181 -0.050485 -1.150271
v 0.097693 -0.039152 -1.150271
v -0.059672 -0.123744 -1.233939
v -0.082647 -0.123744 -1.233939
v -0.094135 -0.123744 -1.207163
v -0.082647 -0.123744 -1.180388
v -0.059672 -0.123744 -1.180388
v -0.048184 -0.123744 -1.207163
v -0.061211 -0.081448 -1.230352
v -0.081108 -0.081448 -1.230352
v -0.091057 -0.081448 -1.207163
v -0.081108 -0.081448 -1.183975
v -0.061211 -0.081448 -1.183975
v -0.051262 -0.081448 -1.207163
v -0.065415 -0.050485 -1.220551
v -0.076903 -0.050485 -1.220551
v -0.082647 -0.050485 -1.207163
v -0.076903 -0.050485 -1.193776
v -0.065416 -0.050485 -1.193776
v -0.059672 -0.050485 -1.207163
v -0.071159 -0.039152 -1.207163
vt 0.623592 0.820447
vt 0.665063 0.820447
vt 0.706534 0.820447
vt 0.748005 0.820447
vt 0.789476 0.820447
vt 0.830947 0.820447
vt 0.872418 0.820447
vt 0.623592 0.861918
vt 0.665063 0.861918
vt 0.706534 0.861918
vt 0.748005 0.861918
vt 0.789476 0.861918
vt 0.830947 0.861918
vt 0.872418 0.861918
vt 0.623592 0.903389
vt 0.665063 0.903389
vt 0.706534 0.903389
vt 0.748005 0.903389
vt 0.789476 0.903389
vt 0.830947 0.903389
vt 0.872418 0.903389
vt 0.644327 0.944860
vt 0.685798 0.944860
vt 0.727269 0.944860
vt 0.768740 0.944860
vt 0.810212 0.944860
vt 0.851683 0.944860
vt 0.621723 0.083716
vt 0.623414 0.088112
vt 0.626124 0.193243
vt 0.622828 0.189944
vt 0.596223 0.308136
vt 0.590935 0.314332
vt 0.578267 0.206027
vt 0.581753 0.203005
vt 0.563698 0.091727
vt 0.566067 0.090933
vt 0.628875 0.305315
vt 0.624033 0.303721
vt 0.622160 0.037433
vt 0.621618 0.048117
vt 0.619352 0.046543
vt 0.619351 0.035779
vt 0.619352 0.081655
vt 0.616981 0.082591
vt 0.617085 0.047308
vt 0.616542 0.037231
vt 0.590412 0.354157
vt 0.572742 0.387370
vt 0.577638 0.342967
vt 0.027898 0.873582
vt 0.023052 0.868924
vt 0.001890 0.835205
vt 0.010229 0.840369
vt 0.188764 0.993210
vt 0.187274 0.984871
vt 0.187973 0.967259
vt 0.189896 0.976705
vt 0.556237 0.396223
vt 0.563737 0.351801
vt 0.498498 0.088234
vt 0.503868 0.093713
vt 0.489318 0.199292
vt 0.485792 0.196714
vt 0.615289 0.087184
vt 0.615875 0.189287
vt 0.612579 0.192763
vt 0.614669 0.303727
vt 0.609826 0.305413
vt 0.473532 0.311942
vt 0.471179 0.311245
vt 0.056545 0.952148
vt 0.061391 0.947490
vt 0.043698 0.980501
vt 0.035359 0.985666
vt 0.497980 0.048419
vt 0.485175 0.059837
vt 0.480287 0.015408
vt 0.471274 0.051000
vt 0.463781 0.006554
vt 0.180363 0.984871
vt 0.178873 0.993210
vt 0.177740 0.976704
vt 0.179664 0.967259
vt 0.022142 0.798123
vt 0.017494 0.795081
vt 0.007579 0.791877
vt 0.012477 0.789873
vt 0.531450 0.152500
vt 0.528080 0.157157
vt 0.518831 0.152743
vt 0.521535 0.149295
vt 0.512430 0.139595
vt 0.513979 0.137615
vt 0.526433 0.147291
vt 0.518267 0.131883
vt 0.913789 0.001992
vt 0.912980 0.006847
vt 0.906341 0.008418
vt 0.906341 0.003544
vt 0.911957 0.017160
vt 0.906341 0.019656
vt 0.900725 0.017160
vt 0.899703 0.006847
vt 0.898894 0.001992
vt 0.435625 0.245621
vt 0.438995 0.250278
vt 0.429080 0.253482
vt 0.426376 0.250035
vt 0.042697 0.826204
vt 0.047345 0.823163
vt 0.037677 0.831418
vt 0.032782 0.829408
vt 0.433975 0.255492
vt 0.425806 0.270899
vt 0.421523 0.265154
vt 0.419974 0.263177
vt 0.554127 0.017204
vt 0.554257 0.007714
vt 0.556073 0.004372
vt 0.556101 0.013682
vt 0.086862 0.797525
vt 0.082923 0.795669
vt 0.083680 0.792342
vt 0.087676 0.794183
vt 0.083373 0.790398
vt 0.087394 0.791917
vt 0.557829 0.002106
vt 0.558099 0.011188
vt 0.077477 0.848095
vt 0.076859 0.855000
vt 0.072829 0.854854
vt 0.072829 0.847544
vt 0.076408 0.867510
vt 0.072829 0.867687
vt 0.069251 0.867549
vt 0.068799 0.855049
vt 0.068182 0.848138
vt 0.062735 0.795615
vt 0.058797 0.797309
vt 0.057982 0.793951
vt 0.061978 0.792284
vt 0.461773 0.395280
vt 0.461620 0.385922
vt 0.463590 0.389470
vt 0.463586 0.398637
vt 0.465565 0.391986
vt 0.465322 0.400933
vt 0.058264 0.791655
vt 0.062286 0.790304
vt 0.625190 0.385424
vt 0.627457 0.394838
vt 0.619351 0.395109
vt 0.619351 0.385527
vt 0.390536 0.967341
vt 0.392604 0.964903
vt 0.392567 0.975447
vt 0.390388 0.975447
vt 0.392634 0.985990
vt 0.390630 0.983553
vt 0.611245 0.395034
vt 0.613511 0.385719
vt 0.619351 0.001992
vt 0.622806 0.003714
vt 0.615895 0.003714
vt 0.183818 0.982092
vt 0.183818 0.964111
vt 0.615035 0.588177
vt 0.613912 0.595624
vt 0.604885 0.595624
vt 0.605787 0.589482
vt 0.615035 0.603072
vt 0.605787 0.601766
vt 0.072829 0.943703
vt 0.066687 0.942554
vt 0.068512 0.929412
vt 0.072829 0.930069
vt 0.078971 0.942554
vt 0.077146 0.929407
vt 0.072829 0.795050
vt 0.072829 0.791728
vt 0.072829 0.789873
vt 0.619351 0.303177
vt 0.619352 0.188486
vt 0.477603 0.179352
vt 0.467221 0.304646
vt 0.462830 0.299489
vt 0.468565 0.172173
vt 0.561052 0.230701
vt 0.570091 0.223531
vt 0.555340 0.103487
vt 0.559733 0.098348
vt 0.622623 0.051624
vt 0.623312 0.042091
vt 0.598038 0.344624
vt 0.505678 0.057345
vt 0.616080 0.050816
vt 0.615390 0.041889
vt 0.023490 0.807416
vt 0.020986 0.799878
vt 0.534768 0.172324
vt 0.532871 0.162011
vt 0.534942 0.157297
vt 0.537446 0.164834
vt 0.440415 0.240766
vt 0.442486 0.245481
vt 0.442313 0.230453
vt 0.444991 0.237943
vt 0.046189 0.821406
vt 0.048693 0.813869
vt 0.528072 0.071617
vt 0.524624 0.077218
vt 0.527493 0.065691
vt 0.530432 0.059998
vt 0.523279 0.077699
vt 0.526926 0.065188
vt 0.079055 0.849809
vt 0.078234 0.855502
vt 0.067425 0.855569
vt 0.066604 0.849857
vt 0.430822 0.325039
vt 0.432165 0.325504
vt 0.435034 0.337020
vt 0.434468 0.337540
vt 0.435610 0.331131
vt 0.437971 0.342732
vt 0.559467 0.001992
vt 0.560146 0.010749
vt 0.629894 0.395661
vt 0.631441 0.394256
vt 0.633916 0.394142
vt 0.630204 0.385499
vt 0.607261 0.394576
vt 0.608497 0.385911
vt 0.392800 0.990012
vt 0.391221 0.987536
vt 0.467547 0.392440
vt 0.466901 0.401105
vt 0.629792 0.362626
vt 0.624434 0.361966
vt 0.558515 0.033921
vt 0.560606 0.033622
vt 0.633783 0.362327
vt 0.633816 0.385060
vt 0.619351 0.361870
vt 0.614267 0.362244
vt 0.468017 0.369522
vt 0.465977 0.369213
vt 0.608909 0.362993
vt 0.604918 0.362684
vt 0.604885 0.385457
vt 0.461244 0.362365
vt 0.463676 0.366412
vt 0.425107 0.295355
vt 0.423723 0.294215
vt 0.428953 0.301650
vt 0.072829 0.898745
vt 0.076398 0.898352
vt 0.069261 0.898374
vt 0.517564 0.107391
vt 0.521415 0.101119
vt 0.516180 0.108541
vt 0.556195 0.036703
vt 0.553759 0.040725
vt 0.545484 0.195927
vt 0.541345 0.214484
vt 0.538877 0.188830
vt 0.540917 0.174290
vt 0.535181 0.219982
vt 0.533957 0.196256
vt 0.026961 0.816872
vt 0.024921 0.831412
vt 0.526998 0.119967
vt 0.533918 0.150473
vt 0.536520 0.107065
vt 0.541462 0.154918
vt 0.371897 0.991874
vt 0.372432 0.988692
vt 0.373510 0.964875
vt 0.374427 0.983623
vt 0.541310 0.041287
vt 0.537896 0.067974
vt 0.529277 0.085361
vt 0.534445 0.057185
vt 0.536192 0.045966
vt 0.077961 0.833728
vt 0.080387 0.835778
vt 0.078652 0.818491
vt 0.081985 0.820456
vt 0.542477 0.030644
vt 0.072829 0.833057
vt 0.067698 0.833741
vt 0.067006 0.818470
vt 0.072829 0.817839
vt 0.065272 0.835753
vt 0.441973 0.345659
vt 0.443726 0.356835
vt 0.448825 0.361665
vt 0.450006 0.372238
vt 0.063674 0.820350
vt 0.434524 0.282856
vt 0.436802 0.317483
vt 0.444030 0.295807
vt 0.445405 0.334958
vt 0.453024 0.206862
vt 0.448987 0.247904
vt 0.441451 0.252328
vt 0.448459 0.228493
vt 0.382060 0.964875
vt 0.383137 0.988709
vt 0.383672 0.991874
vt 0.381143 0.983619
vt 0.442726 0.182795
vt 0.448890 0.188294
vt 0.446422 0.213947
vt 0.441502 0.206521
vt 0.050124 0.789873
vt 0.052161 0.804419
vt 0.910232 0.064818
vt 0.906341 0.066650
vt 0.906341 0.043567
vt 0.910834 0.041092
vt 0.902450 0.064818
vt 0.901849 0.041092
vt 0.552970 0.233745
vt 0.551846 0.256383
vt 0.546964 0.226994
vt 0.549377 0.207633
vt 0.549683 0.257362
vt 0.543186 0.229676
vt 0.546540 0.156706
vt 0.543179 0.098377
vt 0.547920 0.095453
vt 0.550572 0.168439
vt 0.549685 0.025129
vt 0.548279 0.049776
vt 0.544017 0.056815
vt 0.546230 0.031292
vt 0.546994 0.021081
vt 0.079893 0.808976
vt 0.083603 0.810893
vt 0.081218 0.803154
vt 0.085029 0.805044
vt 0.550171 0.015233
vt 0.072829 0.808338
vt 0.065766 0.808938
vt 0.064440 0.803109
vt 0.072829 0.802524
vt 0.062055 0.810739
vt 0.453737 0.371731
vt 0.454518 0.381850
vt 0.457186 0.377939
vt 0.457692 0.387725
vt 0.060630 0.804863
vt 0.451515 0.346178
vt 0.450680 0.304532
vt 0.455417 0.307486
vt 0.455771 0.353260
vt 0.460508 0.169052
vt 0.458089 0.234416
vt 0.454060 0.246134
vt 0.456915 0.195160
vt 0.457227 0.145416
vt 0.459391 0.146394
vt 0.454509 0.175784
vt 0.450730 0.173101
vt 0.911439 0.102197
vt 0.906341 0.102523
vt 0.906341 0.075406
vt 0.910776 0.074511
vt 0.901244 0.102197
vt 0.901906 0.074511
vt 0.552104 0.332677
vt 0.556635 0.298598
vt 0.546792 0.400785
vt 0.546385 0.335063
vt 0.554978 0.202721
vt 0.551688 0.099840
vt 0.551324 0.044748
vt 0.552152 0.020726
vt 0.552441 0.011056
vt 0.082165 0.798996
vt 0.086047 0.800867
vt 0.072829 0.798372
vt 0.063493 0.798946
vt 0.059611 0.800666
vt 0.459649 0.382374
vt 0.459959 0.391922
vt 0.458812 0.358318
vt 0.459181 0.303120
vt 0.462493 0.200145
vt 0.464173 0.104202
vt 0.454336 0.001992
vt 0.459649 0.070100
vt 0.453929 0.067714
vt 0.910496 0.245621
vt 0.906341 0.247141
vt 0.906341 0.180694
vt 0.911194 0.179898
vt 0.902187 0.245621
vt 0.901488 0.179898
vt 0.203710 0.981946
vt 0.203377 0.980438
vt 0.205322 0.979700
vt 0.205934 0.981827
vt 0.202484 0.979114
vt 0.204167 0.977749
vt 0.205917 0.976346
vt 0.207412 0.978872
vt 0.208204 0.981626
vt 0.201416 0.977939
vt 0.202558 0.976179
vt 0.200056 0.977288
vt 0.200670 0.975120
vt 0.201388 0.972942
vt 0.203833 0.974312
vt 0.198663 0.976894
vt 0.198678 0.974705
vt 0.257400 0.980603
vt 0.258270 0.980331
vt 0.258470 0.982554
vt 0.257252 0.982792
vt 0.258876 0.984784
vt 0.257299 0.985093
vt 0.198809 0.972405
vt 0.259199 0.979796
vt 0.259789 0.981654
vt 0.260080 0.978704
vt 0.261077 0.980210
vt 0.262251 0.981750
vt 0.260583 0.983619
vt 0.260913 0.977445
vt 0.262203 0.978340
vt 0.261464 0.975948
vt 0.263069 0.976241
vt 0.264831 0.976611
vt 0.263710 0.979328
vt 0.261885 0.974447
vt 0.263574 0.974115
vt 0.261893 0.973117
vt 0.263687 0.972164
vt 0.265631 0.971331
vt 0.265485 0.973857
vt 0.261746 0.971949
vt 0.263377 0.970593
vt 0.261204 0.971291
vt 0.262695 0.969534
vt 0.264346 0.967927
vt 0.265230 0.969297
vt 0.198619 0.986206
vt 0.200022 0.986594
vt 0.200593 0.988378
vt 0.198601 0.987963
vt 0.201322 0.986329
vt 0.202493 0.988140
vt 0.203749 0.989800
vt 0.201289 0.990108
vt 0.198709 0.989571
vt 0.202515 0.985786
vt 0.204107 0.987240
vt 0.203266 0.984701
vt 0.205294 0.985796
vt 0.207376 0.986765
vt 0.205839 0.988634
vt 0.203796 0.983435
vt 0.205914 0.983925
vt 0.208178 0.984343
vt 0.209420 0.978033
vt 0.210373 0.981346
vt 0.207622 0.974995
vt 0.209242 0.973728
vt 0.211300 0.977205
vt 0.212390 0.980995
vt 0.205116 0.972548
vt 0.202175 0.970899
vt 0.203009 0.969042
vt 0.206374 0.970928
vt 0.199072 0.970254
vt 0.259486 0.986873
vt 0.257589 0.987244
vt 0.260282 0.988770
vt 0.258111 0.989195
vt 0.199459 0.968303
vt 0.261539 0.985471
vt 0.263545 0.983222
vt 0.264927 0.984593
vt 0.262631 0.987167
vt 0.265300 0.980309
vt 0.266649 0.977041
vt 0.268478 0.977521
vt 0.266935 0.981260
vt 0.267436 0.973728
vt 0.267612 0.970690
vt 0.269579 0.970253
vt 0.269378 0.973730
vt 0.267129 0.968243
vt 0.266065 0.966594
vt 0.267810 0.965567
vt 0.269027 0.967454
vt 0.202055 0.991549
vt 0.198952 0.990903
vt 0.205015 0.991178
vt 0.206259 0.992245
vt 0.202872 0.992669
vt 0.515911 0.595527
vt 0.514344 0.592424
vt 0.515862 0.591607
vt 0.517656 0.595157
vt 0.207529 0.989776
vt 0.209377 0.987527
vt 0.211250 0.988068
vt 0.209135 0.990641
vt 0.210342 0.984614
vt 0.212354 0.984734
vt 0.213001 0.976406
vt 0.214202 0.980580
vt 0.210735 0.972577
vt 0.212067 0.971570
vt 0.214486 0.975658
vt 0.215767 0.980113
vt 0.207577 0.969494
vt 0.203871 0.967417
vt 0.204740 0.966062
vt 0.208695 0.968280
vt 0.199962 0.966603
vt 0.261246 0.990427
vt 0.258856 0.990894
vt 0.196232 0.967070
vt 0.196585 0.965692
vt 0.200566 0.965193
vt 0.263834 0.988661
vt 0.266361 0.985827
vt 0.267814 0.986895
vt 0.265116 0.989921
vt 0.262354 0.991806
vt 0.268573 0.982156
vt 0.270272 0.978038
vt 0.271989 0.978581
vt 0.270175 0.982976
vt 0.271263 0.973864
vt 0.271485 0.970035
vt 0.273284 0.970038
vt 0.273047 0.974125
vt 0.270877 0.966952
vt 0.269537 0.964875
vt 0.520723 0.598374
vt 0.519382 0.594669
vt 0.521049 0.594074
vt 0.522480 0.598030
vt 0.272634 0.966747
vt 0.517408 0.590759
vt 0.513692 0.588220
vt 0.515017 0.587029
vt 0.516389 0.585919
vt 0.518941 0.589901
vt 0.210617 0.991203
vt 0.207450 0.992969
vt 0.212947 0.988369
vt 0.214428 0.988428
vt 0.211941 0.991453
vt 0.512430 0.583862
vt 0.513627 0.582538
vt 0.214163 0.984698
vt 0.215725 0.984509
vt 0.286284 0.980733
vt 0.285226 0.976277
vt 0.286201 0.975598
vt 0.287299 0.980225
vt 0.284989 0.972190
vt 0.285955 0.971353
vt 0.287178 0.970705
vt 0.287427 0.975003
vt 0.288539 0.979688
vt 0.209701 0.967316
vt 0.213202 0.970733
vt 0.205593 0.965013
vt 0.206411 0.964293
vt 0.210570 0.966625
vt 0.214115 0.970085
vt 0.201259 0.964111
vt 0.544569 0.591769
vt 0.542017 0.595751
vt 0.540792 0.595210
vt 0.543442 0.591076
vt 0.539481 0.594499
vt 0.542164 0.590312
vt 0.545631 0.586742
vt 0.544381 0.585925
vt 0.266447 0.990911
vt 0.263579 0.992868
vt 0.269249 0.987769
vt 0.270631 0.988430
vt 0.267794 0.991611
vt 0.264890 0.993593
vt 0.271700 0.983700
vt 0.273584 0.979135
vt 0.275021 0.979688
vt 0.273113 0.984310
vt 0.274683 0.974508
vt 0.274929 0.970264
vt 0.276382 0.970705
vt 0.276133 0.975003
vt 0.274255 0.966846
vt 0.522615 0.593387
vt 0.524100 0.597495
vt 0.524041 0.592626
vt 0.525545 0.596786
vt 0.275699 0.967245
vt 0.520425 0.589054
vt 0.517775 0.584919
vt 0.519141 0.584052
vt 0.521824 0.588238
vt 0.514907 0.581408
vt 0.293157 0.992073
vt 0.290459 0.989048
vt 0.291635 0.988859
vt 0.294437 0.992000
vt 0.292929 0.988430
vt 0.295766 0.991611
vt 0.516237 0.580496
vt 0.288098 0.985129
vt 0.289183 0.984789
vt 0.290447 0.984310
vt 0.288877 0.974508
vt 0.289976 0.979135
vt 0.288631 0.970264
vt 0.290276 0.970038
vt 0.290513 0.974125
vt 0.291571 0.978581
vt 0.287861 0.967245
vt 0.289305 0.966846
vt 0.545885 0.581765
vt 0.542955 0.585163
vt 0.544440 0.581055
vt 0.541390 0.584476
vt 0.542820 0.580521
vt 0.290926 0.966747
vt 0.540766 0.589497
vt 0.538116 0.593632
vt 0.536730 0.592631
vt 0.539281 0.588650
vt 0.536577 0.598054
vt 0.535247 0.597143
vt 0.271925 0.988859
vt 0.269123 0.992000
vt 0.273101 0.989048
vt 0.270403 0.992073
vt 0.533967 0.596013
vt 0.274377 0.984789
vt 0.276261 0.980225
vt 0.277276 0.980733
vt 0.275462 0.985129
vt 0.277359 0.975598
vt 0.277605 0.971353
vt 0.278571 0.972190
vt 0.278334 0.976277
vt 0.223772 0.970085
vt 0.227316 0.966625
vt 0.228185 0.967316
vt 0.224685 0.970734
vt 0.231476 0.964293
vt 0.232293 0.965013
vt 0.233147 0.966062
vt 0.229191 0.968280
vt 0.225820 0.971570
vt 0.523102 0.587475
vt 0.525291 0.591808
vt 0.520452 0.583340
vt 0.521677 0.582800
vt 0.524229 0.586782
vt 0.236627 0.964111
vt 0.237320 0.965193
vt 0.298670 0.993593
vt 0.297113 0.990911
vt 0.299981 0.992868
vt 0.294311 0.987769
vt 0.295746 0.986896
vt 0.298444 0.989921
vt 0.301206 0.991806
vt 0.291860 0.983700
vt 0.293385 0.982977
vt 0.292297 0.973864
vt 0.293288 0.978038
vt 0.292075 0.970035
vt 0.293981 0.970253
vt 0.294182 0.973730
vt 0.295082 0.977521
vt 0.292683 0.966952
vt 0.539723 0.583882
vt 0.541063 0.580176
vt 0.294023 0.964875
vt 0.295750 0.965567
vt 0.294533 0.967454
vt 0.537748 0.587791
vt 0.535357 0.591522
vt 0.534032 0.590330
vt 0.536203 0.586943
vt 0.537996 0.583393
vt 0.532770 0.594689
vt 0.225945 0.991453
vt 0.223459 0.988428
vt 0.224940 0.988370
vt 0.227269 0.991203
vt 0.226636 0.988068
vt 0.228751 0.990641
vt 0.230437 0.992969
vt 0.231628 0.992245
vt 0.222161 0.984509
vt 0.223724 0.984698
vt 0.222119 0.980114
vt 0.223685 0.980581
vt 0.225497 0.980995
vt 0.225532 0.984734
vt 0.223401 0.975658
vt 0.224885 0.976406
vt 0.227151 0.972577
vt 0.228645 0.973728
vt 0.226587 0.977205
vt 0.230309 0.969495
vt 0.234015 0.967417
vt 0.234877 0.969042
vt 0.231512 0.970928
vt 0.237925 0.966603
vt 0.241302 0.965692
vt 0.241655 0.967071
vt 0.304704 0.990894
vt 0.302314 0.990427
vt 0.303278 0.988770
vt 0.305449 0.989195
vt 0.238427 0.968303
vt 0.299726 0.988661
vt 0.297199 0.985827
vt 0.298633 0.984593
vt 0.300929 0.987167
vt 0.294987 0.982156
vt 0.296625 0.981260
vt 0.296124 0.973729
vt 0.296911 0.977041
vt 0.295948 0.970690
vt 0.297929 0.971331
vt 0.298075 0.973857
vt 0.298729 0.976611
vt 0.296431 0.968243
vt 0.297495 0.966594
vt 0.299214 0.967927
vt 0.298330 0.969297
vt 0.534684 0.586126
vt 0.536251 0.583024
vt 0.235015 0.992669
vt 0.232871 0.991178
vt 0.235832 0.991549
vt 0.234137 0.989800
vt 0.236598 0.990108
vt 0.238934 0.990903
vt 0.239177 0.989571
vt 0.230358 0.989777
vt 0.228509 0.987528
vt 0.230510 0.986765
vt 0.232047 0.988635
vt 0.227544 0.984614
vt 0.227513 0.981346
vt 0.229683 0.981626
vt 0.229708 0.984343
vt 0.228466 0.978034
vt 0.230264 0.974995
vt 0.231970 0.976346
vt 0.230475 0.978872
vt 0.232771 0.972548
vt 0.235712 0.970900
vt 0.236498 0.972942
vt 0.234053 0.974312
vt 0.238814 0.970254
vt 0.304074 0.986873
vt 0.305971 0.987244
vt 0.304684 0.984784
vt 0.306261 0.985093
vt 0.239077 0.972405
vt 0.302021 0.985471
vt 0.300015 0.983222
vt 0.301309 0.981750
vt 0.302977 0.983619
vt 0.298259 0.980309
vt 0.299850 0.979328
vt 0.299986 0.974115
vt 0.300491 0.976241
vt 0.299873 0.972164
vt 0.301667 0.973117
vt 0.301675 0.974447
vt 0.302096 0.975948
vt 0.300183 0.970593
vt 0.300866 0.969534
vt 0.302356 0.971291
vt 0.301814 0.971949
vt 0.237294 0.988378
vt 0.239285 0.987963
vt 0.235393 0.988140
vt 0.236565 0.986329
vt 0.237865 0.986594
vt 0.239267 0.986206
vt 0.233779 0.987240
vt 0.232592 0.985796
vt 0.234620 0.984702
vt 0.235371 0.985786
vt 0.231973 0.983925
vt 0.231953 0.981827
vt 0.234176 0.981946
vt 0.234090 0.983435
vt 0.232564 0.979701
vt 0.233719 0.977750
vt 0.235402 0.979114
vt 0.234510 0.980438
vt 0.235328 0.976179
vt 0.237216 0.975120
vt 0.237831 0.977289
vt 0.236470 0.977939
vt 0.239208 0.974706
vt 0.305090 0.982554
vt 0.306308 0.982792
vt 0.305290 0.980331
vt 0.306160 0.980604
vt 0.239223 0.976894
vt 0.303771 0.981654
vt 0.302483 0.980210
vt 0.303480 0.978704
vt 0.304361 0.979796
vt 0.301357 0.978340
vt 0.302647 0.977445
vt 0.201802 0.981004
vt 0.200977 0.980350
vt 0.201682 0.981978
vt 0.199064 0.981936
vt 0.200532 0.979386
vt 0.199581 0.979301
vt 0.257695 0.978789
vt 0.258279 0.978267
vt 0.198749 0.978709
vt 0.198028 0.979230
vt 0.258860 0.978266
vt 0.259320 0.977332
vt 0.258502 0.975562
vt 0.259970 0.976743
vt 0.260115 0.975748
vt 0.260599 0.974802
vt 0.260362 0.974120
vt 0.260509 0.973184
vt 0.259965 0.973071
vt 0.199629 0.984990
vt 0.200309 0.984497
vt 0.198755 0.984427
vt 0.201244 0.984468
vt 0.201427 0.983562
vt 0.202074 0.982945
vt 0.302961 0.974802
vt 0.303445 0.975748
vt 0.303198 0.974120
vt 0.305058 0.975562
vt 0.303051 0.973184
vt 0.303595 0.973071
vt 0.238257 0.984990
vt 0.239131 0.984427
vt 0.237577 0.984497
vt 0.238822 0.981936
vt 0.236643 0.984468
vt 0.236459 0.983562
vt 0.235813 0.982945
vt 0.236204 0.981978
vt 0.236085 0.981004
vt 0.236909 0.980350
vt 0.237354 0.979386
vt 0.238305 0.979301
vt 0.239137 0.978709
vt 0.305281 0.978267
vt 0.305865 0.978789
vt 0.239859 0.979231
vt 0.304700 0.978266
vt 0.304240 0.977332
vt 0.303590 0.976743
vt 0.923101 0.321136
vt 0.925787 0.342597
vt 0.921646 0.344049
vt 0.919224 0.322385
vt 0.928572 0.371539
vt 0.924438 0.372992
vt 0.920577 0.370035
vt 0.917840 0.341849
vt 0.915844 0.320753
vt 0.918066 0.311302
vt 0.925334 0.310038
vt 0.926471 0.312832
vt 0.920460 0.313787
vt 0.932647 0.309506
vt 0.932457 0.312309
vt 0.931744 0.320096
vt 0.927478 0.320351
vt 0.629533 0.510027
vt 0.637349 0.517609
vt 0.636504 0.525115
vt 0.628640 0.518017
vt 0.647111 0.530647
vt 0.646044 0.537729
vt 0.914043 0.305666
vt 0.913006 0.293051
vt 0.915611 0.291100
vt 0.916858 0.303913
vt 0.915170 0.312764
vt 0.728123 0.409590
vt 0.730732 0.430757
vt 0.726095 0.433630
vt 0.723639 0.411799
vt 0.734088 0.459052
vt 0.729641 0.462694
vt 0.937101 0.342269
vt 0.939895 0.371332
vt 0.936096 0.370803
vt 0.933312 0.341769
vt 0.935288 0.320437
vt 0.928825 0.302439
vt 0.931816 0.303476
vt 0.935676 0.310238
vt 0.923285 0.290155
vt 0.925954 0.291456
vt 0.734087 0.394838
vt 0.741992 0.382818
vt 0.744102 0.389535
vt 0.735633 0.402111
vt 0.727149 0.401599
vt 0.663205 0.564322
vt 0.666708 0.544719
vt 0.671722 0.550345
vt 0.668750 0.570409
vt 0.668577 0.518167
vt 0.672701 0.523154
vt 0.674863 0.524362
vt 0.674717 0.551640
vt 0.671754 0.571712
vt 0.772616 0.516206
vt 0.774321 0.516832
vt 0.774811 0.524346
vt 0.773124 0.523759
vt 0.776506 0.516685
vt 0.776655 0.524194
vt 0.658509 0.583501
vt 0.660354 0.583053
vt 0.662680 0.589706
vt 0.660694 0.590865
vt 0.908569 0.251515
vt 0.910257 0.250928
vt 0.912441 0.255417
vt 0.910393 0.256269
vt 0.778665 0.496705
vt 0.780546 0.495697
vt 0.778400 0.515671
vt 0.782281 0.469511
vt 0.783908 0.468577
vt 0.765644 0.370939
vt 0.766795 0.398059
vt 0.763237 0.402855
vt 0.761323 0.376319
vt 0.762425 0.350965
vt 0.757600 0.356791
vt 0.652541 0.434624
vt 0.646132 0.419217
vt 0.647000 0.409530
vt 0.652991 0.424537
vt 0.641040 0.408575
vt 0.642147 0.399448
vt 0.790192 0.354024
vt 0.791258 0.343942
vt 0.794386 0.342781
vt 0.793214 0.352502
vt 0.789308 0.369031
vt 0.791996 0.367396
vt 0.787254 0.399075
vt 0.790738 0.398955
vt 0.789264 0.406347
vt 0.786307 0.406116
vt 0.794127 0.399966
vt 0.792266 0.406900
vt 0.790207 0.416928
vt 0.787447 0.416733
vt 0.784915 0.416237
vt 0.801176 0.368503
vt 0.805913 0.354020
vt 0.808562 0.356103
vt 0.803468 0.370663
vt 0.809152 0.344510
vt 0.811924 0.346240
vt 0.744823 0.510533
vt 0.740778 0.520396
vt 0.739741 0.511382
vt 0.744529 0.500759
vt 0.808299 0.365877
vt 0.803310 0.380942
vt 0.933166 0.424640
vt 0.937580 0.424225
vt 0.938165 0.433656
vt 0.932109 0.434120
vt 0.941807 0.423861
vt 0.944105 0.432833
vt 0.500079 0.586929
vt 0.502329 0.580989
vt 0.505763 0.580496
vt 0.503244 0.587820
vt 0.498157 0.592985
vt 0.500725 0.595263
vt 0.922812 0.302711
vt 0.919437 0.290086
vt 0.774022 0.496133
vt 0.776104 0.496803
vt 0.777004 0.468856
vt 0.779466 0.469540
vt 0.799626 0.352660
vt 0.796652 0.367317
vt 0.801828 0.343164
vt 0.929608 0.341857
vt 0.932390 0.370840
vt 0.738338 0.420546
vt 0.747024 0.405854
vt 0.749433 0.429987
vt 0.741222 0.446499
vt 0.639797 0.499149
vt 0.649669 0.514238
vt 0.632085 0.488932
vt 0.635401 0.460746
vt 0.642653 0.473280
vt 0.652060 0.490158
vt 0.917473 0.314799
vt 0.723429 0.403957
vt 0.935366 0.312595
vt 0.665351 0.578034
vt 0.660275 0.572530
vt 0.666145 0.579266
vt 0.908909 0.258251
vt 0.907788 0.252746
vt 0.777908 0.523214
vt 0.754147 0.348773
vt 0.758799 0.343422
vt 0.752250 0.347134
vt 0.758904 0.342441
vt 0.663698 0.465714
vt 0.662764 0.456132
vt 0.665137 0.461972
vt 0.666697 0.471148
vt 0.785361 0.406466
vt 0.785943 0.400626
vt 0.784165 0.415642
vt 0.795151 0.401809
vt 0.793352 0.407518
vt 0.793723 0.411360
vt 0.791643 0.416619
vt 0.925772 0.422205
vt 0.929170 0.425115
vt 0.928981 0.433883
vt 0.926704 0.431332
vt 0.499709 0.598390
vt 0.497637 0.596113
vt 0.945244 0.423539
vt 0.946882 0.431992
vt 0.737835 0.523353
vt 0.736028 0.514901
vt 0.808659 0.342441
vt 0.811436 0.343282
vt 0.931509 0.401333
vt 0.927301 0.402416
vt 0.923475 0.399296
vt 0.935351 0.400792
vt 0.939033 0.400676
vt 0.737301 0.488431
vt 0.733124 0.492233
vt 0.942762 0.400871
vt 0.749676 0.485694
vt 0.743307 0.476326
vt 0.750006 0.460150
vt 0.786503 0.440358
vt 0.788051 0.439595
vt 0.790204 0.434740
vt 0.764217 0.427041
vt 0.761265 0.431896
vt 0.781225 0.439687
vt 0.783714 0.440324
vt 0.666605 0.489112
vt 0.670122 0.494148
vt 0.668364 0.471743
vt 0.672021 0.495193
vt 0.644724 0.443552
vt 0.638589 0.431484
vt 0.652624 0.460059
vt 0.655861 0.548643
vt 0.653903 0.556314
vt 0.910971 0.274466
vt 0.913098 0.272341
vt 0.658998 0.531056
vt 0.661199 0.506144
vt 0.658688 0.451831
vt 0.660345 0.476497
vt 0.658481 0.441863
vt 0.787575 0.386357
vt 0.789580 0.384544
vt 0.793445 0.384347
vt 0.797172 0.385493
vt 0.798760 0.387711
vt 0.798031 0.397785
vt 0.786189 0.463781
vt 0.794806 0.422500
vt 0.790963 0.452167
vt 0.800481 0.406486
vt 0.757111 0.414468
vt 0.756260 0.444136
vt 0.751458 0.372038
vt 0.754901 0.389535
vt 0.918320 0.271698
vt 0.920259 0.273322
vt 0.746455 0.363060
vt 0.748612 0.364684
vt 0.915741 0.271395
vt 0.914427 0.255772
vt 0.315862 0.978986
vt 0.314912 0.978060
vt 0.315412 0.976044
vt 0.316792 0.977236
vt 0.313945 0.977744
vt 0.314032 0.975448
vt 0.314332 0.973148
vt 0.316118 0.973919
vt 0.317906 0.975463
vt 0.313053 0.977702
vt 0.312791 0.975539
vt 0.142642 0.977937
vt 0.141323 0.978553
vt 0.140419 0.976510
vt 0.142325 0.975774
vt 0.139401 0.974454
vt 0.141869 0.973501
vt 0.312726 0.973266
vt 0.140068 0.979410
vt 0.138697 0.977850
vt 0.139168 0.980724
vt 0.137314 0.979637
vt 0.135382 0.978503
vt 0.137172 0.976189
vt 0.138458 0.982151
vt 0.136427 0.981714
vt 0.138322 0.983663
vt 0.136096 0.983869
vt 0.133804 0.983982
vt 0.134233 0.981192
vt 0.138426 0.985113
vt 0.136382 0.985889
vt 0.139108 0.986246
vt 0.137229 0.987589
vt 0.135271 0.988799
vt 0.134175 0.986598
vt 0.139985 0.987165
vt 0.138579 0.988782
vt 0.141227 0.987487
vt 0.140281 0.989377
vt 0.139222 0.991114
vt 0.137020 0.990343
vt 0.142539 0.987522
vt 0.142179 0.989286
vt 0.316786 0.987288
vt 0.317424 0.986678
vt 0.319042 0.988315
vt 0.318053 0.989051
vt 0.320820 0.989808
vt 0.319539 0.990761
vt 0.141681 0.990996
vt 0.317932 0.985815
vt 0.319669 0.986975
vt 0.318012 0.984507
vt 0.319889 0.985188
vt 0.321916 0.985760
vt 0.321630 0.988073
vt 0.317927 0.983074
vt 0.319662 0.983112
vt 0.317415 0.981569
vt 0.319030 0.980957
vt 0.320803 0.980281
vt 0.321622 0.983071
vt 0.316773 0.980112
vt 0.318036 0.978936
vt 0.319516 0.977664
vt 0.316999 0.971926
vt 0.319150 0.973784
vt 0.314850 0.970999
vt 0.315571 0.969051
vt 0.318030 0.970112
vt 0.320491 0.972238
vt 0.312918 0.971141
vt 0.138326 0.972522
vt 0.141294 0.971376
vt 0.137219 0.970760
vt 0.140616 0.969448
vt 0.144252 0.971233
vt 0.144000 0.969286
vt 0.135644 0.974609
vt 0.133491 0.977392
vt 0.131687 0.976332
vt 0.134151 0.973148
vt 0.132108 0.980627
vt 0.131593 0.983983
vt 0.129515 0.983874
vt 0.130105 0.980034
vt 0.132039 0.987130
vt 0.133357 0.989778
vt 0.131534 0.990504
vt 0.130025 0.987475
vt 0.135461 0.991635
vt 0.138110 0.992563
vt 0.136973 0.993691
vt 0.133941 0.992629
vt 0.141068 0.992421
vt 0.322654 0.991039
vt 0.321114 0.992186
vt 0.457852 0.969543
vt 0.459392 0.966575
vt 0.461239 0.966858
vt 0.459476 0.970254
vt 0.455920 0.972501
vt 0.457266 0.973638
vt 0.323629 0.988952
vt 0.323973 0.986169
vt 0.326010 0.986409
vt 0.325617 0.989594
vt 0.324501 0.991981
vt 0.323619 0.982935
vt 0.322634 0.979578
vt 0.324478 0.978868
vt 0.325605 0.982708
vt 0.321086 0.976431
vt 0.322707 0.975267
vt 0.319188 0.968524
vt 0.321898 0.970865
vt 0.316480 0.967355
vt 0.317551 0.965951
vt 0.320442 0.967198
vt 0.323335 0.969697
vt 0.139849 0.967769
vt 0.143576 0.967590
vt 0.136109 0.969214
vt 0.135022 0.967918
vt 0.139015 0.966376
vt 0.142993 0.966185
vt 0.132729 0.971844
vt 0.130016 0.975350
vt 0.128518 0.974469
vt 0.131414 0.970726
vt 0.128275 0.979426
vt 0.127625 0.983655
vt 0.125965 0.983335
vt 0.126659 0.978820
vt 0.128187 0.987621
vt 0.129848 0.990957
vt 0.128339 0.991129
vt 0.126565 0.987568
vt 0.132499 0.993297
vt 0.454807 0.976670
vt 0.458676 0.974773
vt 0.455968 0.978112
vt 0.460116 0.975879
vt 0.457225 0.979443
vt 0.453258 0.980762
vt 0.454332 0.982272
vt 0.461111 0.971047
vt 0.463052 0.967306
vt 0.464787 0.967908
vt 0.462715 0.971901
vt 0.327542 0.989978
vt 0.326314 0.992608
vt 0.327975 0.986472
vt 0.329823 0.986356
vt 0.329361 0.990100
vt 0.328049 0.992907
vt 0.327529 0.982395
vt 0.326289 0.978166
vt 0.328022 0.977491
vt 0.329347 0.982005
vt 0.324338 0.974201
vt 0.325940 0.973258
vt 0.321763 0.966170
vt 0.324767 0.968765
vt 0.318761 0.964875
vt 0.483449 0.581612
vt 0.486450 0.585313
vt 0.485133 0.586170
vt 0.482094 0.582423
vt 0.323118 0.965462
vt 0.326160 0.968089
vt 0.138132 0.965308
vt 0.142263 0.965109
vt 0.133986 0.966909
vt 0.133024 0.966207
vt 0.137223 0.964586
vt 0.489149 0.589444
vt 0.487865 0.590353
vt 0.130239 0.969824
vt 0.127232 0.973712
vt 0.343754 0.988877
vt 0.343274 0.984990
vt 0.344507 0.985606
vt 0.344993 0.989542
vt 0.129231 0.969159
vt 0.342311 0.984232
vt 0.342788 0.979881
vt 0.343768 0.980471
vt 0.344112 0.975367
vt 0.345144 0.975783
vt 0.346400 0.976285
vt 0.345008 0.981031
vt 0.346194 0.971134
vt 0.347306 0.971388
vt 0.348799 0.967572
vt 0.350011 0.967690
vt 0.351329 0.968089
vt 0.348590 0.971833
vt 0.458548 0.980627
vt 0.455544 0.983565
vt 0.461550 0.976926
vt 0.462944 0.977891
vt 0.459904 0.981639
vt 0.353015 0.965095
vt 0.354371 0.965462
vt 0.464249 0.972795
vt 0.466401 0.968649
vt 0.467855 0.969510
vt 0.465676 0.973708
vt 0.331025 0.989952
vt 0.329663 0.992867
vt 0.331505 0.986065
vt 0.332982 0.985606
vt 0.332496 0.989542
vt 0.467763 0.964903
vt 0.469234 0.965717
vt 0.331010 0.981547
vt 0.329635 0.976859
vt 0.331089 0.976285
vt 0.332481 0.981031
vt 0.327473 0.972463
vt 0.328899 0.971833
vt 0.324474 0.965095
vt 0.327478 0.967689
vt 0.483740 0.587135
vt 0.480738 0.583434
vt 0.482306 0.588183
vt 0.479415 0.584619
vt 0.477734 0.580496
vt 0.476522 0.581790
vt 0.486438 0.591266
vt 0.490044 0.594551
vt 0.488590 0.595412
vt 0.486976 0.596154
vt 0.484904 0.592161
vt 0.491424 0.598345
vt 0.489952 0.599159
vt 0.345985 0.986065
vt 0.346465 0.989952
vt 0.347666 0.986356
vt 0.348129 0.990100
vt 0.347827 0.992867
vt 0.349440 0.992907
vt 0.346479 0.981547
vt 0.347854 0.976859
vt 0.349467 0.977491
vt 0.348143 0.982005
vt 0.350017 0.972463
vt 0.352722 0.968765
vt 0.354154 0.969697
vt 0.351549 0.973258
vt 0.355726 0.966170
vt 0.464261 0.978749
vt 0.461259 0.982450
vt 0.358728 0.964875
vt 0.359938 0.965951
vt 0.357047 0.967198
vt 0.466960 0.974618
vt 0.158882 0.964586
vt 0.163080 0.966208
vt 0.162119 0.966910
vt 0.157973 0.965308
vt 0.161083 0.967919
vt 0.157090 0.966376
vt 0.153842 0.965110
vt 0.153112 0.966185
vt 0.166873 0.969159
vt 0.165865 0.969824
vt 0.334215 0.984990
vt 0.333735 0.988877
vt 0.168873 0.973712
vt 0.167587 0.974469
vt 0.164690 0.970726
vt 0.333721 0.980471
vt 0.332346 0.975783
vt 0.333377 0.975367
vt 0.334702 0.979881
vt 0.335178 0.984232
vt 0.330183 0.971387
vt 0.328690 0.967572
vt 0.331295 0.971134
vt 0.478158 0.585949
vt 0.475447 0.583299
vt 0.480866 0.589288
vt 0.479455 0.590424
vt 0.476996 0.587392
vt 0.166256 0.990957
vt 0.163606 0.993298
vt 0.162164 0.992629
vt 0.164570 0.990504
vt 0.483300 0.593015
vt 0.485241 0.596755
vt 0.483428 0.597204
vt 0.481666 0.593808
vt 0.349947 0.989978
vt 0.351176 0.992608
vt 0.349514 0.986471
vt 0.351480 0.986409
vt 0.351873 0.989594
vt 0.352989 0.991982
vt 0.349960 0.982395
vt 0.351201 0.978166
vt 0.353011 0.978868
vt 0.351885 0.982708
vt 0.353151 0.974201
vt 0.355592 0.970865
vt 0.356998 0.972238
vt 0.354782 0.975267
vt 0.358302 0.968524
vt 0.361010 0.967355
vt 0.361918 0.969051
vt 0.359459 0.970112
vt 0.156255 0.967769
vt 0.152529 0.967590
vt 0.159996 0.969214
vt 0.158885 0.970760
vt 0.155489 0.969448
vt 0.152105 0.969286
vt 0.163375 0.971844
vt 0.166088 0.975350
vt 0.164418 0.976332
vt 0.161954 0.973148
vt 0.169446 0.978820
vt 0.167830 0.979427
vt 0.170139 0.983335
vt 0.168480 0.983656
vt 0.166589 0.983874
vt 0.165999 0.980034
vt 0.169540 0.987568
vt 0.167918 0.987621
vt 0.167766 0.991129
vt 0.166079 0.987475
vt 0.160644 0.991635
vt 0.162747 0.989778
vt 0.159132 0.993691
vt 0.157994 0.992563
vt 0.156882 0.991114
vt 0.159085 0.990343
vt 0.160834 0.988799
vt 0.480041 0.594519
vt 0.478109 0.591561
vt 0.481582 0.597487
vt 0.356376 0.992186
vt 0.354835 0.991039
vt 0.356670 0.989808
vt 0.357950 0.990762
vt 0.155037 0.992421
vt 0.154424 0.990996
vt 0.353860 0.988952
vt 0.353516 0.986169
vt 0.355573 0.985760
vt 0.355859 0.988073
vt 0.353870 0.982935
vt 0.354855 0.979578
vt 0.356686 0.980281
vt 0.355868 0.983071
vt 0.356403 0.976431
vt 0.358340 0.973784
vt 0.359583 0.975463
vt 0.357973 0.977664
vt 0.360490 0.971926
vt 0.362639 0.970999
vt 0.363158 0.973148
vt 0.361371 0.973919
vt 0.154810 0.971376
vt 0.151853 0.971234
vt 0.157779 0.972522
vt 0.156703 0.974454
vt 0.154236 0.973501
vt 0.364571 0.971141
vt 0.364764 0.973266
vt 0.160461 0.974609
vt 0.162614 0.977392
vt 0.160723 0.978503
vt 0.158933 0.976189
vt 0.163996 0.980627
vt 0.164512 0.983983
vt 0.162301 0.983982
vt 0.161872 0.981192
vt 0.164066 0.987130
vt 0.161930 0.986598
vt 0.157525 0.988782
vt 0.158876 0.987589
vt 0.155824 0.989377
vt 0.154877 0.987488
vt 0.156120 0.987165
vt 0.156996 0.986246
vt 0.153925 0.989286
vt 0.358447 0.988315
vt 0.359436 0.989051
vt 0.360065 0.986678
vt 0.360703 0.987288
vt 0.153566 0.987523
vt 0.357821 0.986975
vt 0.357600 0.985189
vt 0.359477 0.984507
vt 0.359557 0.985815
vt 0.357827 0.983112
vt 0.358459 0.980957
vt 0.360074 0.981569
vt 0.359562 0.983074
vt 0.359453 0.978936
vt 0.360697 0.977236
vt 0.361627 0.978986
vt 0.360716 0.980112
vt 0.362078 0.976044
vt 0.363457 0.975448
vt 0.363544 0.977744
vt 0.362577 0.978060
vt 0.364698 0.975540
vt 0.155686 0.976511
vt 0.153780 0.975774
vt 0.154781 0.978553
vt 0.153463 0.977937
vt 0.364436 0.977702
vt 0.157408 0.977850
vt 0.158790 0.979637
vt 0.156937 0.980725
vt 0.156036 0.979410
vt 0.159677 0.981714
vt 0.160009 0.983869
vt 0.157783 0.983663
vt 0.157647 0.982151
vt 0.159722 0.985889
vt 0.157679 0.985113
vt 0.314651 0.979727
vt 0.314065 0.979881
vt 0.315167 0.980594
vt 0.314442 0.982684
vt 0.142800 0.979730
vt 0.142059 0.980446
vt 0.313448 0.979495
vt 0.313176 0.980211
vt 0.141134 0.980684
vt 0.140820 0.981693
vt 0.142911 0.982919
vt 0.140091 0.982459
vt 0.140334 0.983382
vt 0.140070 0.984377
vt 0.140786 0.984867
vt 0.141080 0.985706
vt 0.142004 0.985581
vt 0.315865 0.985703
vt 0.316065 0.985016
vt 0.142734 0.985938
vt 0.315176 0.985346
vt 0.316607 0.984749
vt 0.316403 0.983768
vt 0.316604 0.982974
vt 0.316060 0.982079
vt 0.315857 0.981056
vt 0.155025 0.985706
vt 0.155318 0.984867
vt 0.154100 0.985581
vt 0.153193 0.982919
vt 0.153371 0.985938
vt 0.361424 0.985016
vt 0.361624 0.985703
vt 0.363048 0.982684
vt 0.362314 0.985346
vt 0.360882 0.984749
vt 0.361086 0.983768
vt 0.360885 0.982974
vt 0.361429 0.982079
vt 0.361632 0.981056
vt 0.362322 0.980594
vt 0.362838 0.979727
vt 0.363424 0.979881
vt 0.364042 0.979495
vt 0.154045 0.980446
vt 0.153304 0.979730
vt 0.364314 0.980211
vt 0.154971 0.980684
vt 0.155284 0.981694
vt 0.156014 0.982459
vt 0.155770 0.983383
vt 0.156034 0.984378
vt 0.217496 0.045339
vt 0.216422 0.033198
vt 0.218599 0.033194
vt 0.220045 0.045096
vt 0.214579 0.024226
vt 0.216261 0.024223
vt 0.218311 0.024220
vt 0.221243 0.033189
vt 0.223173 0.044411
vt 0.220309 0.024217
vt 0.223870 0.033185
vt 0.222105 0.024215
vt 0.226250 0.033181
vt 0.229088 0.044174
vt 0.226278 0.044179
vt 0.056930 0.763289
vt 0.054367 0.763291
vt 0.056425 0.754325
vt 0.059594 0.754323
vt 0.051592 0.763292
vt 0.052993 0.754326
vt 0.054356 0.743335
vt 0.058428 0.743333
vt 0.062187 0.743330
vt 0.048670 0.763292
vt 0.049379 0.754327
vt 0.045675 0.763292
vt 0.045675 0.754327
vt 0.045675 0.743335
vt 0.050069 0.743335
vt 0.042680 0.763292
vt 0.041971 0.754327
vt 0.039758 0.763292
vt 0.038357 0.754326
vt 0.036994 0.743335
vt 0.041281 0.743335
vt 0.036983 0.763291
vt 0.034925 0.754325
vt 0.034420 0.763289
vt 0.031756 0.754323
vt 0.029163 0.743330
vt 0.032922 0.743333
vt 0.353392 0.763289
vt 0.351596 0.763287
vt 0.355157 0.754319
vt 0.357537 0.754323
vt 0.349597 0.763284
vt 0.352529 0.754315
vt 0.354460 0.743093
vt 0.357565 0.743325
vt 0.360375 0.743330
vt 0.348783 0.742165
vt 0.347709 0.754306
vt 0.346479 0.754304
vt 0.347413 0.743259
vt 0.345866 0.763278
vt 0.344970 0.763277
vt 0.023247 0.754304
vt 0.027530 0.763277
vt 0.026906 0.764871
vt 0.022482 0.756178
vt 0.019390 0.743259
vt 0.018241 0.743900
vt 0.025617 0.769655
vt 0.020930 0.761803
vt 0.024513 0.774875
vt 0.019635 0.767688
vt 0.104172 0.977033
vt 0.102699 0.982919
vt 0.101329 0.970782
vt 0.103816 0.964586
vt 0.016319 0.749355
vt 0.104427 0.990106
vt 0.100883 0.993008
vt 0.098482 0.985577
vt 0.342333 0.777777
vt 0.337458 0.779263
vt 0.334653 0.771214
vt 0.339932 0.770346
vt 0.331979 0.759348
vt 0.337830 0.758419
vt 0.096380 0.973650
vt 0.333321 0.780232
vt 0.329998 0.771729
vt 0.329858 0.780783
vt 0.325954 0.771987
vt 0.322211 0.759815
vt 0.326786 0.759729
vt 0.327004 0.781013
vt 0.322508 0.772087
vt 0.324687 0.781068
vt 0.319652 0.772105
vt 0.314851 0.759879
vt 0.318215 0.759859
vt 0.111104 0.006686
vt 0.114067 0.006660
vt 0.111956 0.015636
vt 0.108428 0.015650
vt 0.117255 0.006651
vt 0.115777 0.015626
vt 0.114259 0.027849
vt 0.109726 0.027860
vt 0.105540 0.027876
vt 0.120560 0.006647
vt 0.119800 0.015621
vt 0.123924 0.006646
vt 0.123924 0.015619
vt 0.123924 0.027842
vt 0.119031 0.027843
vt 0.127287 0.006647
vt 0.128047 0.015621
vt 0.130592 0.006651
vt 0.132070 0.015626
vt 0.133588 0.027849
vt 0.128816 0.027843
vt 0.133780 0.006660
vt 0.135891 0.015636
vt 0.136743 0.006686
vt 0.139419 0.015650
vt 0.142307 0.027876
vt 0.138121 0.027860
vt 0.193400 0.006436
vt 0.195717 0.006491
vt 0.191221 0.015417
vt 0.188365 0.015399
vt 0.198571 0.006721
vt 0.194667 0.015517
vt 0.190924 0.027689
vt 0.186928 0.027645
vt 0.183564 0.027625
vt 0.202034 0.007272
vt 0.198711 0.015775
vt 0.206171 0.008241
vt 0.203367 0.016290
vt 0.200692 0.028156
vt 0.195499 0.027775
vt 0.211046 0.009727
vt 0.208645 0.017158
vt 0.115676 0.967855
vt 0.119220 0.970758
vt 0.117492 0.977944
vt 0.113275 0.975286
vt 0.116121 0.990081
vt 0.111172 0.987213
vt 0.206543 0.029085
vt 0.066837 0.774875
vt 0.065733 0.769655
vt 0.070420 0.761803
vt 0.071715 0.767688
vt 0.064444 0.764871
vt 0.068868 0.756178
vt 0.073110 0.743900
vt 0.075031 0.749355
vt 0.118965 0.983830
vt 0.118609 0.996278
vt 0.215005 0.082474
vt 0.217319 0.061719
vt 0.220258 0.060761
vt 0.220081 0.077311
vt 0.224001 0.058038
vt 0.224708 0.073210
vt 0.227587 0.057125
vt 0.230777 0.057119
vt 0.232375 0.071822
vt 0.228836 0.071835
vt 0.060352 0.730389
vt 0.064679 0.730385
vt 0.055666 0.730391
vt 0.056915 0.715710
vt 0.062186 0.715697
vt 0.233331 0.057115
vt 0.235238 0.071807
vt 0.050732 0.730392
vt 0.045675 0.730392
vt 0.045675 0.715714
vt 0.051364 0.715714
vt 0.040618 0.730392
vt 0.035684 0.730391
vt 0.034435 0.715710
vt 0.039986 0.715714
vt 0.030998 0.730389
vt 0.026671 0.730385
vt 0.364618 0.730389
vt 0.362064 0.730385
vt 0.363662 0.715682
vt 0.366525 0.715697
vt 0.029164 0.715697
vt 0.358874 0.730379
vt 0.355287 0.729466
vt 0.355995 0.714294
vt 0.360123 0.715669
vt 0.346292 0.705030
vt 0.348605 0.725785
vt 0.347429 0.730169
vt 0.346717 0.726732
vt 0.346431 0.743900
vt 0.011890 0.730535
vt 0.014299 0.726732
vt 0.345266 0.749355
vt 0.342779 0.755552
vt 0.343552 0.737028
vt 0.346062 0.730535
vt 0.343879 0.716459
vt 0.345466 0.710002
vt 0.008018 0.710002
vt 0.010768 0.705030
vt 0.337277 0.741662
vt 0.329809 0.744448
vt 0.328100 0.727415
vt 0.336875 0.722749
vt 0.323716 0.745397
vt 0.318611 0.745427
vt 0.315565 0.729045
vt 0.321203 0.729002
vt 0.314103 0.745453
vt 0.310283 0.745475
vt 0.306316 0.729101
vt 0.310566 0.729077
vt 0.312175 0.759895
vt 0.307239 0.745492
vt 0.112801 0.042250
vt 0.107584 0.042262
vt 0.111411 0.058622
vt 0.105542 0.058635
vt 0.302924 0.729120
vt 0.118293 0.042245
vt 0.123924 0.042243
vt 0.123924 0.058615
vt 0.117590 0.058616
vt 0.129554 0.042245
vt 0.135047 0.042250
vt 0.136436 0.058622
vt 0.130257 0.058616
vt 0.140264 0.042262
vt 0.180888 0.027609
vt 0.178996 0.042029
vt 0.175952 0.042012
vt 0.175029 0.058403
vt 0.171637 0.058384
vt 0.142305 0.058635
vt 0.182816 0.042051
vt 0.187324 0.042077
vt 0.184278 0.058459
vt 0.179279 0.058427
vt 0.192429 0.042107
vt 0.198522 0.043056
vt 0.196813 0.060089
vt 0.189917 0.058502
vt 0.205990 0.045842
vt 0.211492 0.031952
vt 0.212265 0.050476
vt 0.212592 0.071045
vt 0.205588 0.064755
vt 0.213979 0.038149
vt 0.214775 0.056969
vt 0.077051 0.726732
vt 0.079460 0.730535
vt 0.080582 0.705030
vt 0.083332 0.710002
vt 0.214179 0.077502
vt 0.220359 0.091867
vt 0.214120 0.096344
vt 0.226277 0.089067
vt 0.228896 0.105580
vt 0.220059 0.106189
vt 0.214025 0.104407
vt 0.231066 0.088121
vt 0.234943 0.088091
vt 0.239505 0.105016
vt 0.235063 0.105230
vt 0.067054 0.715682
vt 0.063918 0.699462
vt 0.069297 0.699413
vt 0.058094 0.699505
vt 0.059196 0.682829
vt 0.065538 0.682686
vt 0.238128 0.088042
vt 0.243167 0.104818
vt 0.051961 0.699519
vt 0.045675 0.699518
vt 0.045675 0.682875
vt 0.052519 0.682876
vt 0.039389 0.699519
vt 0.033256 0.699505
vt 0.032154 0.682829
vt 0.038831 0.682876
vt 0.027432 0.699462
vt 0.024296 0.715682
vt 0.022054 0.699413
vt 0.369415 0.699462
vt 0.366230 0.699413
vt 0.370792 0.682488
vt 0.374454 0.682686
vt 0.025812 0.682686
vt 0.362352 0.699383
vt 0.357564 0.698437
vt 0.360183 0.681924
vt 0.366350 0.682274
vt 0.345312 0.683097
vt 0.345407 0.691160
vt 0.339661 0.685184
vt 0.340386 0.676065
vt 0.338949 0.687819
vt 0.335313 0.674226
vt 0.005081 0.692415
vt 0.006381 0.687819
vt 0.341171 0.698188
vt 0.340932 0.692415
vt 0.003427 0.698189
vt 0.001890 0.680901
vt 0.002883 0.676467
vt 0.003711 0.674226
vt 0.335223 0.704357
vt 0.326812 0.709155
vt 0.326171 0.689339
vt 0.332900 0.685642
vt 0.337015 0.680901
vt 0.319661 0.710816
vt 0.313485 0.710893
vt 0.312821 0.690723
vt 0.319342 0.690640
vt 0.307994 0.710939
vt 0.303318 0.710965
vt 0.302070 0.690791
vt 0.307017 0.690768
vt 0.299584 0.710985
vt 0.110098 0.076756
vt 0.103614 0.076769
vt 0.109090 0.096934
vt 0.102133 0.096946
vt 0.298118 0.690809
vt 0.116925 0.076749
vt 0.123924 0.076748
vt 0.123924 0.096928
vt 0.116415 0.096929
vt 0.130922 0.076749
vt 0.137749 0.076756
vt 0.138757 0.096934
vt 0.131432 0.096929
vt 0.144234 0.076769
vt 0.172031 0.076539
vt 0.168297 0.076519
vt 0.170783 0.096713
vt 0.166832 0.096695
vt 0.145714 0.096946
vt 0.176707 0.076565
vt 0.182198 0.076611
vt 0.181534 0.096781
vt 0.175730 0.096736
vt 0.188375 0.076688
vt 0.195525 0.078349
vt 0.194885 0.098165
vt 0.188055 0.096864
vt 0.203936 0.083147
vt 0.209884 0.089315
vt 0.205728 0.106603
vt 0.201613 0.101862
vt 0.209645 0.095089
vt 0.084969 0.687819
vt 0.086269 0.692415
vt 0.087639 0.674226
vt 0.088467 0.676467
vt 0.087923 0.698189
vt 0.089460 0.680901
vt 0.204026 0.113278
vt 0.209099 0.111439
vt 0.218153 0.122036
vt 0.207029 0.126704
vt 0.232752 0.122717
vt 0.239525 0.141194
vt 0.226224 0.141550
vt 0.213797 0.143259
vt 0.241614 0.122410
vt 0.247088 0.121689
vt 0.254855 0.139219
vt 0.248568 0.140279
vt 0.251524 0.121128
vt 0.060215 0.666735
vt 0.067035 0.666376
vt 0.061164 0.649569
vt 0.068429 0.649076
vt 0.259887 0.138428
vt 0.053035 0.666854
vt 0.045675 0.666853
vt 0.045675 0.649732
vt 0.053516 0.649732
vt 0.038315 0.666854
vt 0.031135 0.666735
vt 0.030186 0.649569
vt 0.037834 0.649732
vt 0.024315 0.666376
vt 0.378375 0.665815
vt 0.382811 0.666375
vt 0.386142 0.648285
vt 0.391174 0.649076
vt 0.022921 0.649076
vt 0.372901 0.665094
vt 0.364038 0.664787
vt 0.370812 0.646310
vt 0.379855 0.647225
vt 0.351346 0.681315
vt 0.349440 0.665468
vt 0.338316 0.660800
vt 0.345084 0.644245
vt 0.357511 0.645954
vt 0.583785 0.601603
vt 0.584476 0.603844
vt 0.582696 0.588227
vt 0.586788 0.588177
vt 0.405153 0.980520
vt 0.406164 0.984954
vt 0.402149 0.967335
vt 0.403373 0.964903
vt 0.334224 0.660850
vt 0.333001 0.663282
vt 0.332778 0.643134
vt 0.337251 0.643378
vt 0.402049 0.989695
vt 0.399634 0.969814
vt 0.326408 0.667639
vt 0.330485 0.665760
vt 0.327776 0.643535
vt 0.330433 0.643294
vt 0.320498 0.668274
vt 0.314027 0.668286
vt 0.315989 0.643727
vt 0.322367 0.643534
vt 0.308265 0.668297
vt 0.303350 0.668305
vt 0.305647 0.645398
vt 0.310424 0.644549
vt 0.299424 0.668312
vt 0.108615 0.119439
vt 0.101435 0.119443
vt 0.108242 0.142098
vt 0.100887 0.142084
vt 0.301631 0.645670
vt 0.116174 0.119439
vt 0.123924 0.119440
vt 0.123924 0.142107
vt 0.115986 0.142105
vt 0.131673 0.119439
vt 0.139232 0.119439
vt 0.139605 0.142098
vt 0.131861 0.142105
vt 0.146412 0.119443
vt 0.172064 0.119199
vt 0.168137 0.119192
vt 0.174360 0.142106
vt 0.170344 0.141834
vt 0.146960 0.142084
vt 0.176978 0.119207
vt 0.182740 0.119218
vt 0.184702 0.143777
vt 0.179137 0.142955
vt 0.189211 0.119230
vt 0.195121 0.119865
vt 0.196489 0.143969
vt 0.191080 0.143970
vt 0.199198 0.121744
vt 0.414993 0.964903
vt 0.419108 0.969644
vt 0.415093 0.987263
vt 0.412578 0.984785
vt 0.201714 0.124222
vt 0.201491 0.144370
vt 0.199146 0.144210
vt 0.418097 0.974078
vt 0.416316 0.989695
vt 0.595571 0.588177
vt 0.594879 0.590417
vt 0.597883 0.603844
vt 0.593791 0.603794
vt 0.202937 0.126654
vt 0.205964 0.144126
vt 0.235078 0.160612
vt 0.224224 0.162033
vt 0.245702 0.160158
vt 0.250189 0.175051
vt 0.242081 0.175229
vt 0.233469 0.177410
vt 0.253777 0.159454
vt 0.259969 0.158718
vt 0.262885 0.174576
vt 0.257108 0.174815
vt 0.264945 0.158168
vt 0.062057 0.629678
vt 0.069740 0.629336
vt 0.062719 0.613237
vt 0.070713 0.613116
vt 0.267572 0.174388
vt 0.053967 0.629791
vt 0.045675 0.629790
vt 0.045675 0.613275
vt 0.054303 0.613276
vt 0.037383 0.629791
vt 0.029293 0.629678
vt 0.028631 0.613237
vt 0.037047 0.613276
vt 0.021610 0.629336
vt 0.391256 0.628786
vt 0.396232 0.629336
vt 0.394172 0.612928
vt 0.398859 0.613116
vt 0.020637 0.613116
vt 0.385064 0.628050
vt 0.376989 0.627346
vt 0.381476 0.612453
vt 0.388395 0.612689
vt 0.366365 0.626892
vt 0.355511 0.625471
vt 0.364756 0.610094
vt 0.373367 0.612275
vt 0.346746 0.621866
vt 0.339999 0.618258
vt 0.348228 0.597554
vt 0.356331 0.603849
vt 0.335200 0.616825
vt 0.330534 0.616505
vt 0.333110 0.594880
vt 0.340586 0.595225
vt 0.324188 0.616234
vt 0.317594 0.617191
vt 0.318563 0.596242
vt 0.325506 0.594536
vt 0.312183 0.620552
vt 0.307445 0.623961
vt 0.308204 0.607915
vt 0.313072 0.602047
vt 0.302868 0.625061
vt 0.107542 0.162736
vt 0.099858 0.162694
vt 0.106879 0.178015
vt 0.098885 0.177945
vt 0.303132 0.609809
vt 0.115631 0.162753
vt 0.123924 0.162755
vt 0.123924 0.178042
vt 0.115296 0.178041
vt 0.132216 0.162753
vt 0.140305 0.162736
vt 0.140968 0.178015
vt 0.132551 0.178041
vt 0.147989 0.162694
vt 0.176158 0.163543
vt 0.171581 0.162443
vt 0.176917 0.179589
vt 0.171845 0.177695
vt 0.148962 0.177945
vt 0.180896 0.166952
vt 0.186307 0.170313
vt 0.187276 0.191262
vt 0.181785 0.185457
vt 0.192901 0.171270
vt 0.199247 0.170999
vt 0.201823 0.192624
vt 0.194219 0.192968
vt 0.203913 0.170679
vt 0.208712 0.169246
vt 0.216941 0.189950
vt 0.209299 0.192279
vt 0.215459 0.165638
vt 0.225044 0.183655
vt 0.244597 0.181410
vt 0.236695 0.183772
vt 0.251893 0.181315
vt 0.252662 0.186478
vt 0.245285 0.186625
vt 0.237258 0.188697
vt 0.258429 0.181241
vt 0.264061 0.181180
vt 0.264863 0.186330
vt 0.259224 0.186387
vt 0.268643 0.181124
vt 0.062979 0.606419
vt 0.071094 0.606380
vt 0.063132 0.601253
vt 0.071320 0.601221
vt 0.269470 0.186283
vt 0.054434 0.606433
vt 0.045675 0.606434
vt 0.045675 0.601272
vt 0.054512 0.601269
vt 0.036916 0.606433
vt 0.028372 0.606419
vt 0.028218 0.601253
vt 0.036838 0.601269
vt 0.020256 0.606380
vt 0.395348 0.606324
vt 0.399930 0.606380
vt 0.396150 0.601174
vt 0.400756 0.601221
vt 0.020030 0.601221
vt 0.389716 0.606263
vt 0.383180 0.606189
vt 0.383948 0.601026
vt 0.390511 0.601117
vt 0.375884 0.606094
vt 0.367982 0.603732
vt 0.368545 0.598807
vt 0.376572 0.600879
vt 0.359628 0.596859
vt 0.351029 0.589921
vt 0.351258 0.587009
vt 0.360034 0.592943
vt 0.342393 0.587363
vt 0.333934 0.586988
vt 0.333796 0.584268
vt 0.342439 0.584728
vt 0.325866 0.586600
vt 0.318618 0.588447
vt 0.317969 0.585210
vt 0.325549 0.583798
vt 0.312621 0.594778
vt 0.307384 0.601180
vt 0.305633 0.595660
vt 0.311326 0.590392
vt 0.302417 0.603241
vt 0.106620 0.184596
vt 0.098504 0.184513
vt 0.106467 0.190522
vt 0.098279 0.190424
vt 0.300903 0.597330
vt 0.115165 0.184625
vt 0.123924 0.184627
vt 0.123924 0.190557
vt 0.115087 0.190555
vt 0.132682 0.184625
vt 0.141227 0.184596
vt 0.141381 0.190522
vt 0.132760 0.190555
vt 0.149343 0.184513
vt 0.176097 0.186324
vt 0.171130 0.184263
vt 0.174346 0.191844
vt 0.169616 0.190174
vt 0.149568 0.190424
vt 0.181334 0.192726
vt 0.187331 0.199057
vt 0.186682 0.202294
vt 0.180039 0.197112
vt 0.194579 0.200904
vt 0.202647 0.200516
vt 0.202509 0.203236
vt 0.194263 0.203705
vt 0.211106 0.200141
vt 0.219742 0.197583
vt 0.219971 0.200495
vt 0.211152 0.202776
vt 0.228341 0.190645
vt 0.228747 0.194561
vt 0.239672 0.214856
vt 0.247966 0.214024
vt 0.247597 0.231129
vt 0.239929 0.231864
vt 0.255386 0.213620
vt 0.254232 0.230662
vt 0.252769 0.249127
vt 0.246772 0.249944
vt 0.239618 0.251049
vt 0.261932 0.213427
vt 0.260347 0.230548
vt 0.267637 0.213363
vt 0.265980 0.230633
vt 0.264111 0.248756
vt 0.258539 0.248784
vt 0.272529 0.213346
vt 0.271170 0.230763
vt 0.072424 0.574158
vt 0.063884 0.574164
vt 0.064224 0.556651
vt 0.072924 0.556741
vt 0.064425 0.538507
vt 0.073219 0.538621
vt 0.269516 0.248883
vt 0.054892 0.574195
vt 0.055064 0.556687
vt 0.045675 0.574217
vt 0.045675 0.556736
vt 0.045675 0.538656
vt 0.055166 0.538576
vt 0.036458 0.574195
vt 0.036286 0.556687
vt 0.027466 0.574164
vt 0.027126 0.556651
vt 0.026925 0.538507
vt 0.036184 0.538576
vt 0.018926 0.574158
vt 0.018426 0.556741
vt 0.403816 0.574158
vt 0.398923 0.574141
vt 0.397267 0.556871
vt 0.402456 0.556741
vt 0.395398 0.538749
vt 0.400803 0.538621
vt 0.018131 0.538621
vt 0.393219 0.574077
vt 0.391634 0.556956
vt 0.386673 0.573884
vt 0.385519 0.556842
vt 0.384056 0.538377
vt 0.389826 0.538720
vt 0.379253 0.573480
vt 0.378884 0.556375
vt 0.370959 0.572648
vt 0.371216 0.555640
vt 0.370905 0.536455
vt 0.378059 0.537560
vt 0.361792 0.571167
vt 0.362002 0.554718
vt 0.352146 0.569587
vt 0.351946 0.553663
vt 0.351303 0.533950
vt 0.361668 0.535248
vt 0.342412 0.568455
vt 0.341754 0.552527
vt 0.332849 0.567553
vt 0.331724 0.551362
vt 0.330386 0.531171
vt 0.340766 0.532572
vt 0.323714 0.566663
vt 0.322153 0.550222
vt 0.315252 0.566100
vt 0.313301 0.549170
vt 0.311361 0.528549
vt 0.320494 0.529805
vt 0.307713 0.566176
vt 0.305430 0.548272
vt 0.301302 0.566415
vt 0.298754 0.547582
vt 0.296403 0.526655
vt 0.303258 0.527478
vt 0.296227 0.566341
vt 0.293490 0.547154
vt 0.097175 0.221413
vt 0.105715 0.221586
vt 0.105375 0.240824
vt 0.096675 0.240601
vt 0.105174 0.261880
vt 0.096380 0.261611
vt 0.291016 0.526143
vt 0.114706 0.221644
vt 0.114534 0.240898
vt 0.123924 0.221645
vt 0.123924 0.240898
vt 0.123924 0.261969
vt 0.114433 0.261969
vt 0.133141 0.221644
vt 0.133313 0.240898
vt 0.142132 0.221586
vt 0.142472 0.240824
vt 0.142673 0.261880
vt 0.133415 0.261969
vt 0.150673 0.221413
vt 0.151172 0.240601
vt 0.164940 0.221163
vt 0.170015 0.221089
vt 0.167468 0.239922
vt 0.162203 0.240350
vt 0.165116 0.260848
vt 0.159729 0.261361
vt 0.151468 0.261611
vt 0.176426 0.221328
vt 0.174143 0.239232
vt 0.183966 0.221404
vt 0.182014 0.238334
vt 0.180074 0.258955
vt 0.171971 0.260026
vt 0.192427 0.220841
vt 0.190866 0.237282
vt 0.201562 0.219951
vt 0.200437 0.236142
vt 0.199099 0.256333
vt 0.189207 0.257699
vt 0.211125 0.219049
vt 0.210468 0.234977
vt 0.220859 0.217917
vt 0.220659 0.233841
vt 0.220016 0.253554
vt 0.209479 0.254932
vt 0.230505 0.216337
vt 0.230715 0.232785
vt 0.230381 0.252256
vt 0.246565 0.270757
vt 0.239072 0.272675
vt 0.252883 0.268946
vt 0.253996 0.291204
vt 0.246885 0.293837
vt 0.238666 0.296421
vt 0.258829 0.267645
vt 0.264450 0.266853
vt 0.266228 0.287529
vt 0.260429 0.289050
vt 0.269798 0.266569
vt 0.064414 0.521010
vt 0.073204 0.520935
vt 0.064170 0.501031
vt 0.072845 0.500712
vt 0.271434 0.286792
vt 0.055161 0.521174
vt 0.045675 0.521280
vt 0.045675 0.501419
vt 0.055037 0.501298
vt 0.036189 0.521174
vt 0.026936 0.521010
vt 0.027180 0.501031
vt 0.036313 0.501298
vt 0.018146 0.520935
vt 0.395737 0.520651
vt 0.401085 0.520935
vt 0.397514 0.499975
vt 0.402721 0.500712
vt 0.018505 0.500712
vt 0.390115 0.519859
vt 0.384170 0.518558
vt 0.385283 0.496300
vt 0.391716 0.498454
vt 0.377852 0.516747
vt 0.370359 0.514829
vt 0.369953 0.491083
vt 0.378171 0.493667
vt 0.360887 0.513207
vt 0.350345 0.511703
vt 0.349615 0.487341
vt 0.360199 0.489077
vt 0.339641 0.510138
vt 0.329108 0.508565
vt 0.328388 0.483801
vt 0.338906 0.485565
vt 0.319076 0.507038
vt 0.309822 0.505639
vt 0.309148 0.480560
vt 0.318377 0.482104
vt 0.301620 0.504448
vt 0.294693 0.503534
vt 0.294084 0.478253
vt 0.300977 0.479253
vt 0.289262 0.502965
vt 0.105184 0.285087
vt 0.096395 0.284789
vt 0.105429 0.310461
vt 0.096754 0.310128
vt 0.288687 0.477626
vt 0.114438 0.285186
vt 0.123924 0.285186
vt 0.123924 0.310583
vt 0.114562 0.310578
vt 0.133409 0.285186
vt 0.142663 0.285087
vt 0.142419 0.310461
vt 0.133286 0.310578
vt 0.151452 0.284789
vt 0.163406 0.283969
vt 0.157975 0.284539
vt 0.162797 0.309251
vt 0.157400 0.309878
vt 0.151093 0.310128
vt 0.170333 0.283056
vt 0.178535 0.281865
vt 0.177861 0.306944
vt 0.169691 0.308251
vt 0.187789 0.280466
vt 0.197821 0.278939
vt 0.197101 0.303703
vt 0.187090 0.305400
vt 0.208354 0.277366
vt 0.219058 0.275801
vt 0.218328 0.300163
vt 0.207619 0.301939
vt 0.229600 0.274297
vt 0.228912 0.298427
vt 0.247637 0.319453
vt 0.238779 0.321967
vt 0.255530 0.316983
vt 0.257744 0.345462
vt 0.249229 0.347640
vt 0.239978 0.349952
vt 0.262554 0.314919
vt 0.268671 0.313391
vt 0.271914 0.342052
vt 0.265372 0.343561
vt 0.273843 0.312525
vt 0.063669 0.475443
vt 0.072109 0.474979
vt 0.062901 0.447070
vt 0.070980 0.446454
vt 0.277174 0.341050
vt 0.054784 0.475763
vt 0.045675 0.475888
vt 0.045675 0.447535
vt 0.054395 0.447424
vt 0.036567 0.475763
vt 0.027681 0.475443
vt 0.028449 0.447070
vt 0.036955 0.447424
vt 0.019241 0.474979
vt 0.399958 0.474113
vt 0.405130 0.474979
vt 0.403201 0.445452
vt 0.408460 0.446454
vt 0.020370 0.446454
vt 0.393841 0.472584
vt 0.386817 0.470521
vt 0.389031 0.442042
vt 0.396659 0.443943
vt 0.378923 0.468051
vt 0.370066 0.465537
vt 0.371265 0.437552
vt 0.380516 0.439864
vt 0.360148 0.463342
vt 0.349658 0.461286
vt 0.351281 0.432932
vt 0.361430 0.435250
vt 0.339084 0.459192
vt 0.328723 0.457134
vt 0.331115 0.428253
vt 0.341083 0.430569
vt 0.318875 0.455184
vt 0.309808 0.453431
vt 0.312945 0.424134
vt 0.321651 0.426079
vt 0.301791 0.451965
vt 0.295035 0.450845
vt 0.298769 0.421254
vt 0.305253 0.422508
vt 0.289750 0.450132
vt 0.105930 0.338014
vt 0.097490 0.337622
vt 0.106698 0.367824
vt 0.098618 0.367331
vt 0.293689 0.420423
vt 0.114815 0.338172
vt 0.123924 0.338192
vt 0.123924 0.368121
vt 0.115204 0.368064
vt 0.133032 0.338172
vt 0.141918 0.338014
vt 0.141149 0.367824
vt 0.132643 0.368064
vt 0.150357 0.337622
vt 0.163748 0.336659
vt 0.158463 0.337372
vt 0.167482 0.366250
vt 0.162402 0.367081
vt 0.149229 0.367331
vt 0.170504 0.335539
vt 0.178521 0.334073
vt 0.181658 0.363370
vt 0.173966 0.364996
vt 0.187588 0.332320
vt 0.197437 0.330370
vt 0.199828 0.359251
vt 0.190364 0.361425
vt 0.207797 0.328312
vt 0.218371 0.326218
vt 0.219994 0.354572
vt 0.209797 0.356935
vt 0.228861 0.324162
vt 0.230143 0.352254
vt 0.252069 0.378436
vt 0.242831 0.381017
vt 0.260899 0.375820
vt 0.262404 0.411304
vt 0.253944 0.414309
vt 0.245310 0.417127
vt 0.269051 0.373283
vt 0.276089 0.371127
vt 0.277374 0.405630
vt 0.270405 0.408261
vt 0.281576 0.369654
vt 0.061855 0.418737
vt 0.069443 0.417850
vt 0.060541 0.384666
vt 0.067513 0.383643
vt 0.282742 0.403861
vt 0.053865 0.419135
vt 0.045675 0.419212
vt 0.045675 0.385095
vt 0.053200 0.385057
vt 0.037485 0.419135
vt 0.029496 0.418737
vt 0.030809 0.384666
vt 0.038150 0.385057
vt 0.021907 0.417850
vt 0.407376 0.416377
vt 0.412862 0.417850
vt 0.408661 0.381874
vt 0.414029 0.383643
vt 0.023837 0.383643
vt 0.400338 0.414221
vt 0.392186 0.411684
vt 0.393691 0.376200
vt 0.401692 0.379243
vt 0.383356 0.409068
vt 0.374118 0.406487
vt 0.376597 0.370377
vt 0.385231 0.373195
vt 0.364742 0.404054
vt 0.355288 0.401672
vt 0.359613 0.365561
vt 0.368077 0.367896
vt 0.345813 0.399240
vt 0.336562 0.396849
vt 0.342887 0.360827
vt 0.351146 0.363178
vt 0.327783 0.394589
vt 0.319703 0.392547
vt 0.327828 0.356537
vt 0.335049 0.358588
vt 0.312552 0.390809
vt 0.306507 0.389423
vt 0.315980 0.353276
vt 0.321421 0.354752
vt 0.301742 0.388439
vt 0.107744 0.399967
vt 0.100155 0.399316
vt 0.109083 0.436412
vt 0.102121 0.435600
vt 0.311658 0.352154
vt 0.115734 0.400353
vt 0.123924 0.400480
vt 0.123924 0.437163
vt 0.116412 0.436957
vt 0.132114 0.400353
vt 0.140103 0.399967
vt 0.138764 0.436412
vt 0.131435 0.436957
vt 0.147692 0.399316
vt 0.175220 0.398081
vt 0.170455 0.399065
vt 0.184693 0.434228
vt 0.180371 0.435350
vt 0.145726 0.435600
vt 0.181265 0.396695
vt 0.188416 0.394957
vt 0.196541 0.430967
vt 0.190134 0.432752
vt 0.196496 0.392915
vt 0.205275 0.390655
vt 0.211600 0.426677
vt 0.203762 0.428916
vt 0.214526 0.388264
vt 0.224001 0.385832
vt 0.228326 0.421943
vt 0.219859 0.424326
vt 0.233456 0.383450
vt 0.236790 0.419608
vt 0.252641 0.457730
vt 0.245387 0.460246
vt 0.259671 0.455164
vt 0.254236 0.506327
vt 0.248917 0.508092
vt 0.243247 0.509998
vt 0.266245 0.452671
vt 0.271949 0.450575
vt 0.263167 0.503577
vt 0.259047 0.504784
vt 0.276367 0.449198
vt 0.058972 0.339076
vt 0.065207 0.338306
vt 0.056930 0.285069
vt 0.062316 0.284680
vt 0.266412 0.502824
vt 0.052406 0.339348
vt 0.045675 0.339360
vt 0.045444 0.285162
vt 0.051258 0.285184
vt 0.038944 0.339348
vt 0.032378 0.339076
vt 0.033965 0.284986
vt 0.039632 0.285142
vt 0.026143 0.338306
vt 0.403235 0.336929
vt 0.407654 0.338306
vt 0.394377 0.283769
vt 0.397636 0.284558
vt 0.028587 0.284558
vt 0.397532 0.334833
vt 0.390958 0.332340
vt 0.385434 0.280958
vt 0.390248 0.282530
vt 0.383928 0.329774
vt 0.376674 0.327258
vt 0.374457 0.277252
vt 0.380119 0.279173
vt 0.369427 0.324920
vt 0.362188 0.322653
vt 0.362663 0.273267
vt 0.368604 0.275276
vt 0.354957 0.320356
vt 0.347912 0.318097
vt 0.350969 0.269276
vt 0.356737 0.271248
vt 0.341228 0.315949
vt 0.335067 0.313972
vt 0.340463 0.265692
vt 0.345503 0.267410
vt 0.329590 0.312224
vt 0.324920 0.310737
vt 0.332136 0.262839
vt 0.335975 0.264162
vt 0.321182 0.309544
vt 0.110729 0.479131
vt 0.104535 0.478211
vt 0.112322 0.526890
vt 0.107021 0.526014
vt 0.329046 0.261741
vt 0.117246 0.479797
vt 0.123924 0.480067
vt 0.123613 0.527810
vt 0.117897 0.527547
vt 0.130602 0.479797
vt 0.137118 0.479131
vt 0.134920 0.526810
vt 0.129333 0.527506
vt 0.143312 0.478211
vt 0.193633 0.476767
vt 0.189895 0.477960
vt 0.200828 0.524517
vt 0.197738 0.525648
vt 0.140238 0.525898
vt 0.198303 0.475280
vt 0.203781 0.473532
vt 0.209165 0.521609
vt 0.204670 0.523165
vt 0.209941 0.471554
vt 0.216625 0.469407
vt 0.219697 0.517991
vt 0.214217 0.519872
vt 0.223670 0.467148
vt 0.230901 0.464851
vt 0.231424 0.513979
vt 0.225481 0.516006
vt 0.238140 0.462584
vt 0.237381 0.511968
vt 0.243528 0.564786
vt 0.239073 0.566009
vt 0.247637 0.563725
vt 0.241584 0.617450
vt 0.238292 0.617963
vt 0.234716 0.618574
vt 0.251286 0.562869
vt 0.254385 0.562250
vt 0.246969 0.616797
vt 0.244500 0.617058
vt 0.256842 0.561900
vt 0.054197 0.225746
vt 0.058632 0.225604
vt 0.051486 0.170833
vt 0.055066 0.170826
vt 0.062722 0.225253
vt 0.058372 0.170707
vt 0.049530 0.225738
vt 0.044751 0.225655
vt 0.043874 0.170637
vt 0.047722 0.170758
vt 0.039980 0.225571
vt 0.035335 0.225415
vt 0.036317 0.170333
vt 0.040041 0.170506
vt 0.030933 0.225117
vt 0.385363 0.224621
vt 0.387877 0.225117
vt 0.377706 0.169750
vt 0.379758 0.170090
vt 0.032796 0.170090
vt 0.382230 0.223871
vt 0.378569 0.222905
vt 0.372239 0.168730
vt 0.375176 0.169290
vt 0.374472 0.221759
vt 0.370052 0.220482
vt 0.365459 0.167399
vt 0.368971 0.168092
vt 0.365418 0.219120
vt 0.360687 0.217719
vt 0.358048 0.165949
vt 0.361788 0.166676
vt 0.355975 0.216329
vt 0.351394 0.214981
vt 0.350717 0.164563
vt 0.354329 0.165242
vt 0.347056 0.213707
vt 0.343056 0.212539
vt 0.344145 0.163338
vt 0.347298 0.163921
vt 0.339491 0.211506
vt 0.336439 0.210616
vt 0.338931 0.162415
vt 0.341336 0.162835
vt 0.333977 0.209877
vt 0.113501 0.578460
vt 0.109203 0.577877
vt 0.114288 0.625921
vt 0.110883 0.625675
vt 0.336993 0.162079
vt 0.118029 0.578881
vt 0.122681 0.579010
vt 0.121594 0.626058
vt 0.117885 0.626069
vt 0.127350 0.578717
vt 0.131924 0.578140
vt 0.129006 0.625440
vt 0.125331 0.625823
vt 0.136292 0.577416
vt 0.205068 0.576298
vt 0.202608 0.577166
vt 0.207497 0.624202
vt 0.205563 0.624732
vt 0.132530 0.624983
vt 0.208133 0.575289
vt 0.211726 0.574154
vt 0.212785 0.622944
vt 0.209925 0.623602
vt 0.215772 0.572907
vt 0.220167 0.571574
vt 0.219535 0.621509
vt 0.216015 0.622243
vt 0.224813 0.570175
vt 0.229591 0.568753
vt 0.227099 0.619998
vt 0.223261 0.620754
vt 0.234386 0.567348
vt 0.230951 0.619262
vt 0.235028 0.657768
vt 0.232030 0.657989
vt 0.237786 0.657596
vt 0.235585 0.687269
vt 0.233175 0.687266
vt 0.230554 0.687274
vt 0.240225 0.657479
vt 0.242286 0.657417
vt 0.239516 0.687306
vt 0.237716 0.687284
vt 0.052534 0.130094
vt 0.055328 0.130087
vt 0.049509 0.130058
vt 0.048271 0.100146
vt 0.050931 0.100171
vt 0.053390 0.100198
vt 0.046333 0.129992
vt 0.043091 0.129908
vt 0.042633 0.100111
vt 0.045480 0.100127
vt 0.039867 0.129816
vt 0.036740 0.129709
vt 0.037063 0.100084
vt 0.039804 0.100095
vt 0.033790 0.129581
vt 0.372917 0.129421
vt 0.374661 0.129581
vt 0.370151 0.100082
vt 0.371686 0.100082
vt 0.034480 0.100082
vt 0.370784 0.129218
vt 0.368324 0.128984
vt 0.366131 0.100070
vt 0.368282 0.100077
vt 0.365598 0.128728
vt 0.362677 0.128457
vt 0.361213 0.100058
vt 0.363755 0.100066
vt 0.359632 0.128175
vt 0.356534 0.127895
vt 0.355871 0.100017
vt 0.358564 0.100040
vt 0.353456 0.127629
vt 0.350469 0.127375
vt 0.350598 0.099967
vt 0.353196 0.099993
vt 0.347640 0.127131
vt 0.345031 0.126912
vt 0.345869 0.099907
vt 0.348138 0.099936
vt 0.342707 0.126731
vt 0.340716 0.126585
vt 0.342112 0.099870
vt 0.343846 0.099886
vt 0.339110 0.126474
vt 0.114704 0.661353
vt 0.111864 0.661281
vt 0.115094 0.687911
vt 0.112605 0.687900
vt 0.340713 0.099855
vt 0.117710 0.661381
vt 0.120815 0.661343
vt 0.120455 0.687911
vt 0.117731 0.687916
vt 0.123950 0.661217
vt 0.127040 0.661032
vt 0.125916 0.687875
vt 0.123205 0.687898
vt 0.130010 0.660815
vt 0.209261 0.660320
vt 0.207662 0.660564
vt 0.132787 0.660570
vt 0.130959 0.687808
vt 0.128522 0.687844
vt 0.211277 0.660049
vt 0.213660 0.659760
vt 0.214507 0.687479
vt 0.212429 0.687520
vt 0.210671 0.687558
vt 0.216358 0.659457
vt 0.219301 0.659148
vt 0.219431 0.687392
vt 0.216861 0.687435
vt 0.222422 0.658840
vt 0.225639 0.658538
vt 0.224968 0.687322
vt 0.222157 0.687354
vt 0.228871 0.658250
vt 0.227793 0.687294
vt 0.232170 0.709519
vt 0.229829 0.709451
vt 0.234322 0.709577
vt 0.233557 0.726724
vt 0.231613 0.726676
vt 0.229502 0.726609
vt 0.236227 0.709624
vt 0.237837 0.709658
vt 0.236735 0.726764
vt 0.235277 0.726753
vt 0.050156 0.077826
vt 0.052354 0.077846
vt 0.047778 0.077825
vt 0.047681 0.060771
vt 0.049823 0.060744
vt 0.239109 0.709678
vt 0.237890 0.726760
vt 0.045281 0.077851
vt 0.042733 0.077893
vt 0.043132 0.060908
vt 0.045431 0.060830
vt 0.040200 0.077939
vt 0.037744 0.077999
vt 0.038622 0.061099
vt 0.040843 0.060995
vt 0.035429 0.078084
vt 0.368564 0.078183
vt 0.369936 0.078084
vt 0.367590 0.061373
vt 0.368823 0.061229
vt 0.036524 0.061229
vt 0.366893 0.078287
vt 0.364971 0.078393
vt 0.364347 0.061658
vt 0.366084 0.061517
vt 0.362846 0.078502
vt 0.360570 0.078606
vt 0.360357 0.061917
vt 0.362422 0.061793
vt 0.358198 0.078696
vt 0.355785 0.078774
vt 0.356005 0.062112
vt 0.358201 0.062024
vt 0.353387 0.078838
vt 0.351057 0.078891
vt 0.351696 0.062233
vt 0.353820 0.062181
vt 0.348850 0.078933
vt 0.346813 0.078967
vt 0.347825 0.062306
vt 0.349682 0.062275
vt 0.344998 0.078996
vt 0.343443 0.079014
vt 0.344753 0.062332
vt 0.346170 0.062327
vt 0.342188 0.079017
vt 0.115802 0.708749
vt 0.113564 0.708738
vt 0.116693 0.725472
vt 0.114655 0.725438
vt 0.343610 0.062317
vt 0.118173 0.708770
vt 0.120620 0.708808
vt 0.121075 0.725593
vt 0.118850 0.725523
vt 0.123089 0.708864
vt 0.125521 0.708932
vt 0.125520 0.725788
vt 0.123316 0.725684
vt 0.127856 0.709001
vt 0.130038 0.709073
vt 0.129603 0.726010
vt 0.127633 0.725897
vt 0.213618 0.708900
vt 0.212041 0.708823
vt 0.215481 0.708980
vt 0.216525 0.725994
vt 0.214832 0.725876
vt 0.213396 0.725760
vt 0.217589 0.709060
vt 0.219889 0.709140
vt 0.220522 0.726226
vt 0.218438 0.726112
vt 0.222327 0.709219
vt 0.224840 0.709298
vt 0.224999 0.726430
vt 0.222728 0.726331
vt 0.227363 0.709377
vt 0.227277 0.726525
vt 0.231109 0.740888
vt 0.229220 0.740838
vt 0.232847 0.740917
vt 0.232131 0.752624
vt 0.230598 0.752615
vt 0.228934 0.752586
vt 0.234388 0.740925
vt 0.235695 0.740915
vt 0.234645 0.752589
vt 0.233490 0.752614
vt 0.236734 0.740890
vt 0.047636 0.046658
vt 0.049549 0.046614
vt 0.047569 0.035004
vt 0.049251 0.034952
vt 0.235565 0.752551
vt 0.045626 0.046727
vt 0.043570 0.046815
vt 0.043990 0.035151
vt 0.045800 0.035070
vt 0.041522 0.046914
vt 0.039531 0.047027
vt 0.040428 0.035345
vt 0.042185 0.035243
vt 0.037648 0.047158
vt 0.366666 0.047298
vt 0.367762 0.047158
vt 0.365712 0.035565
vt 0.366672 0.035454
vt 0.038765 0.035454
vt 0.365321 0.047436
vt 0.363766 0.047570
vt 0.363159 0.035781
vt 0.364530 0.035676
vt 0.362038 0.047694
vt 0.360181 0.047806
vt 0.359987 0.035963
vt 0.361632 0.035877
vt 0.358239 0.047902
vt 0.356258 0.047979
vt 0.356506 0.036092
vt 0.358265 0.036034
vt 0.354285 0.048038
vt 0.352365 0.048081
vt 0.353044 0.036164
vt 0.354752 0.036135
vt 0.350544 0.048113
vt 0.348865 0.048134
vt 0.349929 0.036192
vt 0.351424 0.036183
vt 0.347368 0.048143
vt 0.346087 0.048137
vt 0.347456 0.036177
vt 0.348596 0.036191
vt 0.345056 0.048111
vt 0.117633 0.739689
vt 0.115793 0.739644
vt 0.118565 0.751655
vt 0.116930 0.751609
vt 0.346540 0.036146
vt 0.119578 0.739750
vt 0.121581 0.739828
vt 0.122068 0.751785
vt 0.120292 0.751714
vt 0.123598 0.739923
vt 0.125577 0.740031
vt 0.125604 0.751961
vt 0.123853 0.751868
vt 0.127471 0.740145
vt 0.129234 0.740263
vt 0.128829 0.752162
vt 0.127276 0.752060
vt 0.216058 0.740132
vt 0.214762 0.740013
vt 0.217583 0.740252
vt 0.218656 0.752116
vt 0.217304 0.752015
vt 0.216152 0.751912
vt 0.219304 0.740370
vt 0.221177 0.740483
vt 0.221837 0.752310
vt 0.220181 0.752216
vt 0.223155 0.740586
vt 0.225190 0.740681
vt 0.225381 0.752472
vt 0.223585 0.752395
vt 0.227229 0.740767
vt 0.227179 0.752537
vt 0.230026 0.762318
vt 0.228595 0.762303
vt 0.231345 0.762315
vt 0.230466 0.770195
vt 0.229375 0.770202
vt 0.228192 0.770197
vt 0.232515 0.762298
vt 0.233511 0.762268
vt 0.232260 0.770148
vt 0.231435 0.770176
vt 0.234305 0.762228
vt 0.047407 0.025326
vt 0.048851 0.025276
vt 0.047141 0.017433
vt 0.048334 0.017391
vt 0.050186 0.025236
vt 0.049436 0.017356
vt 0.045888 0.025385
vt 0.044333 0.025453
vt 0.044601 0.017535
vt 0.045886 0.017481
vt 0.042780 0.025530
vt 0.041269 0.025612
vt 0.042067 0.017653
vt 0.043317 0.017593
vt 0.039836 0.025697
vt 0.364650 0.025782
vt 0.365472 0.025697
vt 0.363452 0.017775
vt 0.364130 0.017714
vt 0.040881 0.017714
vt 0.363635 0.025865
vt 0.362456 0.025943
vt 0.361639 0.017889
vt 0.362615 0.017834
vt 0.361140 0.026014
vt 0.359721 0.026076
vt 0.359372 0.017981
vt 0.360549 0.017938
vt 0.358232 0.026127
vt 0.356710 0.026167
vt 0.356872 0.018041
vt 0.358136 0.018015
vt 0.355192 0.026195
vt 0.353712 0.026213
vt 0.354379 0.018066
vt 0.355610 0.018058
vt 0.352308 0.026221
vt 0.351013 0.026221
vt 0.352134 0.018062
vt 0.353212 0.018067
vt 0.349858 0.026215
vt 0.348870 0.026199
vt 0.350351 0.018041
vt 0.351173 0.018055
vt 0.348076 0.026169
vt 0.119435 0.761626
vt 0.118021 0.761585
vt 0.120258 0.769770
vt 0.119082 0.769738
vt 0.349691 0.018017
vt 0.120928 0.761677
vt 0.122463 0.761737
vt 0.122771 0.769856
vt 0.121497 0.769810
vt 0.124004 0.761806
vt 0.125513 0.761880
vt 0.125298 0.769965
vt 0.124049 0.769909
vt 0.126951 0.761958
vt 0.128285 0.762038
vt 0.127589 0.770078
vt 0.126488 0.770021
vt 0.218575 0.761868
vt 0.217579 0.761787
vt 0.219744 0.761949
vt 0.220866 0.769945
vt 0.219896 0.769886
vt 0.219068 0.769827
vt 0.221060 0.762028
vt 0.222488 0.762102
vt 0.223140 0.770059
vt 0.221957 0.770004
vt 0.223994 0.762168
vt 0.225539 0.762224
vt 0.225665 0.770145
vt 0.224386 0.770106
vt 0.227086 0.762271
vt 0.226944 0.770176
vt 0.228628 0.776475
vt 0.227712 0.776472
vt 0.229472 0.776468
vt 0.228417 0.780978
vt 0.227867 0.780901
vt 0.227185 0.780980
vt 0.230222 0.776452
vt 0.230862 0.776429
vt 0.229390 0.780951
vt 0.229007 0.780885
vt 0.047684 0.011102
vt 0.048536 0.011075
vt 0.046762 0.011133
vt 0.046302 0.006592
vt 0.046987 0.006654
vt 0.231374 0.776402
vt 0.229831 0.780850
vt 0.045792 0.011169
vt 0.044798 0.011207
vt 0.044928 0.006639
vt 0.045636 0.006698
vt 0.043804 0.011247
vt 0.042836 0.011289
vt 0.043555 0.006690
vt 0.044216 0.006749
vt 0.041917 0.011331
vt 0.362093 0.011373
vt 0.362616 0.011331
vt 0.360647 0.006744
vt 0.361094 0.006803
vt 0.042867 0.006803
vt 0.361445 0.011413
vt 0.360690 0.011450
vt 0.359666 0.006793
vt 0.360258 0.006856
vt 0.359845 0.011483
vt 0.358933 0.011511
vt 0.358434 0.006830
vt 0.359115 0.006900
vt 0.357973 0.011533
vt 0.356991 0.011550
vt 0.357072 0.006855
vt 0.357774 0.006932
vt 0.356010 0.011561
vt 0.355054 0.011565
vt 0.355712 0.006864
vt 0.356367 0.006950
vt 0.354146 0.011562
vt 0.353308 0.011557
vt 0.354486 0.006859
vt 0.355031 0.006950
vt 0.352561 0.011552
vt 0.351923 0.011543
vt 0.353513 0.006851
vt 0.353895 0.006945
vt 0.351410 0.011524
vt 0.121046 0.776255
vt 0.120133 0.776231
vt 0.121779 0.780933
vt 0.121094 0.780829
vt 0.353070 0.006926
vt 0.122008 0.776281
vt 0.122996 0.776312
vt 0.123146 0.780965
vt 0.122436 0.780860
vt 0.123986 0.776351
vt 0.124954 0.776392
vt 0.124519 0.781019
vt 0.123852 0.780905
vt 0.125875 0.776432
vt 0.126727 0.776471
vt 0.125759 0.781072
vt 0.125203 0.780962
vt 0.221287 0.776259
vt 0.220644 0.776221
vt 0.222040 0.776299
vt 0.223214 0.780867
vt 0.222620 0.780760
vt 0.222235 0.780821
vt 0.222885 0.776341
vt 0.223802 0.776380
vt 0.224448 0.780921
vt 0.223763 0.780811
vt 0.224767 0.776413
vt 0.225757 0.776439
vt 0.225817 0.780959
vt 0.225109 0.780860
vt 0.226747 0.776459
vt 0.226523 0.780890
vt 0.227178 0.783246
vt 0.226641 0.783570
vt 0.227355 0.783569
vt 0.225867 0.785512
vt 0.227919 0.783235
vt 0.681346 0.532466
vt 0.680317 0.530995
vt 0.680881 0.530995
vt 0.681941 0.532082
vt 0.678850 0.528942
vt 0.680888 0.530431
vt 0.228456 0.783213
vt 0.227920 0.783553
vt 0.045795 0.003973
vt 0.046330 0.004291
vt 0.045046 0.001992
vt 0.046514 0.003951
vt 0.045452 0.004319
vt 0.044998 0.003999
vt 0.044529 0.004350
vt 0.044202 0.004027
vt 0.043651 0.004383
vt 0.359193 0.004056
vt 0.359730 0.004383
vt 0.043484 0.004056
vt 0.688692 0.532436
vt 0.688095 0.532047
vt 0.689280 0.530975
vt 0.689859 0.530981
vt 0.358623 0.004083
vt 0.359187 0.004416
vt 0.691421 0.528942
vt 0.689290 0.530412
vt 0.358443 0.004442
vt 0.357909 0.004103
vt 0.357154 0.001992
vt 0.357570 0.004462
vt 0.357118 0.004116
vt 0.356654 0.004472
vt 0.356328 0.004121
vt 0.355784 0.004472
vt 0.355616 0.004118
vt 0.355044 0.004470
vt 0.670198 0.583053
vt 0.671373 0.584590
vt 0.670794 0.584583
vt 0.669604 0.583434
vt 0.672945 0.586693
vt 0.670807 0.585155
vt 0.354507 0.004458
vt 0.355051 0.004114
vt 0.122437 0.783657
vt 0.121886 0.783297
vt 0.123295 0.785762
vt 0.121722 0.783640
vt 0.122760 0.783316
vt 0.123231 0.783674
vt 0.123681 0.783343
vt 0.124027 0.783704
vt 0.124560 0.783379
vt 0.124747 0.783734
vt 0.126354 0.781010
vt 0.125308 0.783409
vt 0.224338 0.783507
vt 0.223766 0.783158
vt 0.697341 0.531043
vt 0.698793 0.528947
vt 0.699354 0.528942
vt 0.699364 0.529515
vt 0.224510 0.783189
vt 0.225055 0.783537
vt 0.225385 0.783220
vt 0.225848 0.783558
vt 0.226304 0.783238
vt 0.351368 0.710193
vt 0.351645 0.695637
vt 0.351332 0.742408
vt 0.351545 0.726743
vt 0.347548 0.763281
vt 0.349886 0.754310
vt 0.208374 0.102320
vt 0.207662 0.099685
vt 0.215144 0.043604
vt 0.216126 0.044245
vt 0.216142 0.057335
vt 0.215430 0.060772
vt 0.063821 0.763277
vt 0.068103 0.754304
vt 0.213683 0.024227
vt 0.215192 0.033200
vt 0.071960 0.743259
vt 0.057369 0.780436
vt 0.056698 0.777950
vt 0.061076 0.774689
vt 0.062099 0.778548
vt 0.055548 0.776113
vt 0.059953 0.771284
vt 0.072676 0.969043
vt 0.070292 0.968897
vt 0.071198 0.964586
vt 0.074963 0.964840
vt 0.058075 0.782155
vt 0.062386 0.781047
vt 0.117127 0.964586
vt 0.119520 0.967085
vt 0.208732 0.004791
vt 0.212497 0.006457
vt 0.076991 0.969725
vt 0.075119 0.968871
vt 0.078258 0.965439
vt 0.081038 0.966548
vt 0.205437 0.003429
vt 0.202657 0.002465
vt 0.079785 0.972941
vt 0.078777 0.970835
vt 0.083259 0.968332
vt 0.085026 0.970617
vt 0.200437 0.001992
vt 0.087978 0.965846
vt 0.090296 0.968477
vt 0.081502 0.977340
vt 0.081039 0.974981
vt 0.086448 0.973226
vt 0.087486 0.975968
vt 0.131994 0.002005
vt 0.134604 0.002070
vt 0.129253 0.001996
vt 0.082068 0.981297
vt 0.082216 0.979329
vt 0.088101 0.978648
vt 0.088302 0.981297
vt 0.126573 0.001993
vt 0.123924 0.001992
vt 0.081502 0.985254
vt 0.082216 0.983265
vt 0.088101 0.983946
vt 0.087486 0.986626
vt 0.121274 0.001993
vt 0.118594 0.001996
vt 0.079785 0.989653
vt 0.081039 0.987613
vt 0.086448 0.989368
vt 0.085026 0.991977
vt 0.115853 0.002005
vt 0.113243 0.002070
vt 0.076991 0.992869
vt 0.078777 0.991759
vt 0.083259 0.994262
vt 0.081038 0.996046
vt 0.090296 0.994117
vt 0.087978 0.996747
vt 0.333944 0.785039
vt 0.331724 0.785512
vt 0.072676 0.993550
vt 0.075119 0.993723
vt 0.078258 0.997155
vt 0.074963 0.997754
vt 0.336724 0.784075
vt 0.340019 0.782713
vt 0.033981 0.780436
vt 0.033275 0.782155
vt 0.028964 0.781047
vt 0.029251 0.778548
vt 0.070292 0.993697
vt 0.071198 0.998008
vt 0.343784 0.781047
vt 0.104727 0.993779
vt 0.102334 0.996278
vt 0.035802 0.776113
vt 0.034652 0.777950
vt 0.030274 0.774689
vt 0.031397 0.771284
vt 0.343736 0.770150
vt 0.343229 0.770149
vt 0.342592 0.775439
vt 0.342293 0.775255
vt 0.031981 0.770149
vt 0.036146 0.775255
vt 0.343111 0.775440
vt 0.342728 0.775255
vt 0.344657 0.770151
vt 0.345764 0.770153
vt 0.039773 0.775441
vt 0.038428 0.775256
vt 0.035388 0.770154
vt 0.037123 0.770156
vt 0.037637 0.775440
vt 0.033983 0.770153
vt 0.346831 0.770154
vt 0.032136 0.763287
vt 0.042572 0.775441
vt 0.041022 0.775256
vt 0.039070 0.770156
vt 0.041179 0.770157
vt 0.045675 0.775441
vt 0.044072 0.775257
vt 0.043399 0.770157
vt 0.045675 0.770157
vt 0.048778 0.775441
vt 0.047278 0.775257
vt 0.047951 0.770157
vt 0.050171 0.770157
vt 0.051577 0.775441
vt 0.050328 0.775256
vt 0.052280 0.770156
vt 0.054227 0.770156
vt 0.053713 0.775440
vt 0.052922 0.775256
vt 0.055962 0.770154
vt 0.057367 0.770153
vt 0.059214 0.763287
vt 0.214477 0.017351
vt 0.215545 0.017350
vt 0.212449 0.017354
vt 0.213370 0.017353
vt 0.211305 0.012064
vt 0.211441 0.012249
vt 0.211825 0.012064
vt 0.055205 0.775255
vt 0.059369 0.770149
vt 0.211006 0.012249
vt 0.211942 0.017355
vt 0.343720 0.779665
vt 0.343278 0.778926
vt 0.045675 0.784540
vt 0.040549 0.779665
vt 0.040045 0.778926
vt 0.041068 0.779665
vt 0.036682 0.775440
vt 0.036882 0.775255
vt 0.057928 0.783679
vt 0.058101 0.785147
vt 0.054136 0.785338
vt 0.053021 0.784273
vt 0.073202 0.974205
vt 0.072586 0.972836
vt 0.052767 0.786086
vt 0.068643 0.981297
vt 0.074994 0.974076
vt 0.074833 0.976172
vt 0.076459 0.976999
vt 0.075826 0.978917
vt 0.077223 0.979991
vt 0.076154 0.981297
vt 0.077223 0.982602
vt 0.075826 0.983677
vt 0.076459 0.985595
vt 0.074833 0.986421
vt 0.074994 0.988518
vt 0.073202 0.988389
vt 0.038583 0.786086
vt 0.037214 0.785338
vt 0.038330 0.784273
vt 0.072586 0.989758
vt 0.033422 0.783679
vt 0.033249 0.785147
vt 0.037453 0.783102
vt 0.038835 0.782270
vt 0.038503 0.780487
vt 0.039968 0.780055
vt 0.039569 0.778926
vt 0.343707 0.779665
vt 0.343200 0.778926
vt 0.042280 0.779665
vt 0.041000 0.778926
vt 0.043890 0.779665
vt 0.042673 0.778926
vt 0.045675 0.779665
vt 0.044641 0.778926
vt 0.047460 0.779665
vt 0.046709 0.778926
vt 0.049070 0.779665
vt 0.048677 0.778926
vt 0.050282 0.779665
vt 0.050350 0.778926
vt 0.054668 0.775440
vt 0.050801 0.779665
vt 0.051305 0.778926
vt 0.054468 0.775255
vt 0.211991 0.008578
vt 0.212433 0.007839
vt 0.051382 0.780055
vt 0.051781 0.778926
vt 0.211913 0.008578
vt 0.212420 0.007839
vt 0.052515 0.782270
vt 0.052847 0.780487
vt 0.053897 0.783102
vt 0.229659 0.203360
vt 0.220486 0.207037
vt 0.238516 0.199763
vt 0.211256 0.208697
vt 0.202201 0.209349
vt 0.193552 0.210000
vt 0.185541 0.209567
vt 0.178397 0.206967
vt 0.172313 0.204247
vt 0.150075 0.203706
vt 0.141725 0.203835
vt 0.167482 0.203456
vt 0.132935 0.203879
vt 0.123924 0.203880
vt 0.114912 0.203879
vt 0.106122 0.203835
vt 0.298769 0.584048
vt 0.303600 0.583256
vt 0.097772 0.203706
vt 0.309684 0.580537
vt 0.316828 0.577937
vt 0.324839 0.577504
vt 0.333487 0.578155
vt 0.342543 0.578807
vt 0.351773 0.580467
vt 0.360946 0.584144
vt 0.369803 0.587741
vt 0.378088 0.589161
vt 0.385631 0.589435
vt 0.392262 0.589592
vt 0.397947 0.589677
vt 0.019524 0.589732
vt 0.027873 0.589767
vt 0.402650 0.589732
vt 0.036664 0.589789
vt 0.045675 0.589798
vt 0.054686 0.589789
vt 0.063477 0.589767
vt 0.271363 0.197772
vt 0.266660 0.197827
vt 0.071826 0.589732
vt 0.260975 0.197912
vt 0.254344 0.198069
vt 0.246801 0.198343
vt 0.684869 0.306769
vt 0.683178 0.305200
vt 0.680468 0.201979
vt 0.683764 0.203518
vt 0.806261 0.036190
vt 0.810508 0.048180
vt 0.822772 0.145822
vt 0.819189 0.139411
vt 0.835820 0.250781
vt 0.832950 0.250174
vt 0.677717 0.091216
vt 0.682559 0.092311
vt 0.651396 0.015881
vt 0.652112 0.002196
vt 0.654379 0.001992
vt 0.654379 0.015716
vt 0.684974 0.340252
vt 0.687240 0.307160
vt 0.687240 0.340456
vt 0.689611 0.306515
vt 0.689507 0.340090
vt 0.656645 0.002358
vt 0.657363 0.015921
vt 0.807093 0.015380
vt 0.818036 0.052559
vt 0.821134 0.079674
vt 0.650135 0.016438
vt 0.650225 0.053543
vt 0.648302 0.053617
vt 0.649457 0.093674
vt 0.646716 0.093434
vt 0.831594 0.092376
vt 0.834084 0.113037
vt 0.714431 0.292553
vt 0.710105 0.304395
vt 0.723117 0.201152
vt 0.726739 0.194846
vt 0.691303 0.304977
vt 0.690717 0.203268
vt 0.694013 0.201734
vt 0.691923 0.092083
vt 0.696766 0.090942
vt 0.736984 0.090360
vt 0.739837 0.089795
vt 0.658623 0.016478
vt 0.660457 0.053617
vt 0.658534 0.053543
vt 0.711009 0.325388
vt 0.725083 0.261111
vt 0.721976 0.288249
vt 0.738032 0.227751
vt 0.735534 0.248432
vt 0.662043 0.093434
vt 0.659303 0.093674
vt 0.864950 0.175414
vt 0.869788 0.179680
vt 0.881905 0.190431
vt 0.876349 0.190524
vt 0.873127 0.178260
vt 0.884940 0.189217
vt 0.892228 0.207601
vt 0.890219 0.208719
vt 0.884686 0.212850
vt 0.647870 0.179318
vt 0.648531 0.172962
vt 0.654380 0.172323
vt 0.654380 0.178845
vt 0.649701 0.164998
vt 0.654380 0.163887
vt 0.659058 0.164998
vt 0.660229 0.172962
vt 0.660890 0.179318
vt 0.777067 0.162548
vt 0.773728 0.161128
vt 0.785845 0.150377
vt 0.788880 0.151591
vt 0.768890 0.165392
vt 0.780292 0.150279
vt 0.788631 0.127953
vt 0.794159 0.132097
vt 0.796168 0.133212
vt 0.849944 0.315728
vt 0.850091 0.325588
vt 0.846868 0.332478
vt 0.846427 0.322997
vt 0.641976 0.326646
vt 0.645801 0.328530
vt 0.644286 0.335390
vt 0.640347 0.333536
vt 0.644025 0.340016
vt 0.640018 0.338488
vt 0.844043 0.337430
vt 0.843263 0.328333
vt 0.649732 0.281616
vt 0.650349 0.274520
vt 0.654380 0.274654
vt 0.654380 0.282163
vt 0.650801 0.263488
vt 0.654380 0.263307
vt 0.657958 0.263448
vt 0.658410 0.274470
vt 0.659027 0.281572
vt 0.662958 0.328576
vt 0.666783 0.326829
vt 0.668412 0.333750
vt 0.664473 0.335443
vt 0.754067 0.015037
vt 0.753946 0.024786
vt 0.750439 0.017466
vt 0.750850 0.008116
vt 0.747305 0.012090
vt 0.748050 0.003124
vt 0.668741 0.338742
vt 0.664734 0.340108
vt 0.681402 0.011578
vt 0.679136 0.002272
vt 0.687241 0.001992
vt 0.687241 0.011453
vt 0.250643 0.986578
vt 0.248127 0.988827
vt 0.248133 0.978472
vt 0.250774 0.978472
vt 0.248092 0.968118
vt 0.250537 0.970367
vt 0.695347 0.002082
vt 0.693081 0.011293
vt 0.654380 0.053518
vt 0.654380 0.093754
vt 0.654380 0.189870
vt 0.648830 0.190275
vt 0.659929 0.190275
vt 0.658549 0.208654
vt 0.654380 0.208284
vt 0.650211 0.208659
vt 0.654380 0.329158
vt 0.654380 0.336007
vt 0.654380 0.340544
vt 0.687241 0.092570
vt 0.687240 0.203905
vt 0.734886 0.179892
vt 0.745089 0.091040
vt 0.751401 0.094302
vt 0.744739 0.165067
vt 0.840766 0.175663
vt 0.830909 0.160822
vt 0.847403 0.246344
vt 0.841083 0.249573
vt 0.683969 0.339398
vt 0.651107 0.003050
vt 0.802740 0.001992
vt 0.706586 0.338654
vt 0.657650 0.003212
vt 0.690512 0.339236
vt 0.557109 0.591651
vt 0.553110 0.583509
vt 0.556675 0.590057
vt 0.561948 0.595916
vt 0.553610 0.580176
vt 0.558184 0.588140
vt 0.864515 0.173820
vt 0.866024 0.171904
vt 0.769964 0.168905
vt 0.768455 0.166987
vt 0.568403 0.595916
vt 0.567903 0.592584
vt 0.571468 0.586036
vt 0.572977 0.587953
vt 0.571903 0.584441
vt 0.576741 0.580176
vt 0.870526 0.268458
vt 0.873911 0.262920
vt 0.870092 0.272995
vt 0.867501 0.278854
vt 0.875313 0.262429
vt 0.870688 0.273462
vt 0.648154 0.279912
vt 0.648975 0.274053
vt 0.659784 0.273986
vt 0.660605 0.279864
vt 0.779253 0.078418
vt 0.777851 0.077944
vt 0.774032 0.067881
vt 0.774628 0.067396
vt 0.774471 0.072379
vt 0.771444 0.062002
vt 0.842012 0.338503
vt 0.840807 0.329803
vt 0.250104 0.990562
vt 0.248074 0.992834
vt 0.676388 0.011587
vt 0.675151 0.002887
vt 0.699331 0.002574
vt 0.698095 0.011184
vt 0.248007 0.964111
vt 0.249975 0.966382
vt 0.744915 0.010602
vt 0.746082 0.001992
vt 0.676800 0.034391
vt 0.682158 0.034961
vt 0.841586 0.305534
vt 0.838971 0.306999
vt 0.687241 0.035032
vt 0.692325 0.034693
vt 0.743066 0.033451
vt 0.745630 0.034929
vt 0.697683 0.034033
vt 0.753764 0.049374
vt 0.749396 0.041003
vt 0.788027 0.103651
vt 0.789696 0.104589
vt 0.783445 0.098175
vt 0.654380 0.236973
vt 0.650811 0.237299
vt 0.657948 0.237277
vt 0.884087 0.237189
vt 0.879499 0.242643
vt 0.885756 0.236241
vt 0.845377 0.299497
vt 0.849755 0.291173
vt 0.854217 0.142971
vt 0.853096 0.128617
vt 0.857980 0.149343
vt 0.860263 0.160537
vt 0.646860 0.129675
vt 0.650637 0.128848
vt 0.650479 0.147942
vt 0.647081 0.150401
vt 0.646959 0.168331
vt 0.644948 0.161595
vt 0.645856 0.176472
vt 0.873443 0.222264
vt 0.867776 0.187562
vt 0.861395 0.232947
vt 0.858170 0.183827
vt 0.857962 0.298375
vt 0.860335 0.272097
vt 0.870186 0.256487
vt 0.864429 0.282659
vt 0.862597 0.293207
vt 0.649248 0.296313
vt 0.646822 0.294265
vt 0.648557 0.311901
vt 0.645224 0.309938
vt 0.857245 0.308880
vt 0.654380 0.296983
vt 0.659511 0.296300
vt 0.660203 0.311922
vt 0.654380 0.312552
vt 0.661937 0.294289
vt 0.768390 0.058085
vt 0.766549 0.047577
vt 0.761941 0.042260
vt 0.761208 0.031824
vt 0.663535 0.310042
vt 0.777405 0.118501
vt 0.774151 0.084257
vt 0.765375 0.107769
vt 0.764320 0.068559
vt 0.758163 0.197826
vt 0.762132 0.156939
vt 0.771729 0.153224
vt 0.764206 0.180265
vt 0.658122 0.128848
vt 0.661899 0.129675
vt 0.661678 0.150401
vt 0.658280 0.147942
vt 0.757036 0.212191
vt 0.761920 0.191465
vt 0.663811 0.161601
vt 0.662903 0.176474
vt 0.661801 0.168331
vt 0.654380 0.128572
vt 0.654380 0.147123
vt 0.843791 0.113678
vt 0.845301 0.130637
vt 0.649945 0.114767
vt 0.646487 0.114736
vt 0.849510 0.181595
vt 0.853444 0.240888
vt 0.854133 0.282849
vt 0.853461 0.308459
vt 0.853313 0.318698
vt 0.647316 0.321670
vt 0.643605 0.319756
vt 0.654380 0.322308
vt 0.661443 0.321708
vt 0.665154 0.319908
vt 0.757453 0.032106
vt 0.757283 0.021959
vt 0.758132 0.057746
vt 0.757435 0.099791
vt 0.753478 0.159152
vt 0.749248 0.210156
vt 0.662272 0.114736
vt 0.658814 0.114767
vt 0.747731 0.227130
vt 0.654380 0.114777
vt 0.878187 0.455274
vt 0.874310 0.454025
vt 0.876731 0.432361
vt 0.880873 0.433813
vt 0.870929 0.455657
vt 0.872925 0.434562
vt 0.875662 0.406376
vt 0.879523 0.403418
vt 0.883657 0.404871
vt 0.873151 0.465108
vt 0.875545 0.462623
vt 0.881557 0.463579
vt 0.880420 0.466372
vt 0.882563 0.456059
vt 0.886829 0.456314
vt 0.887542 0.464101
vt 0.887732 0.466905
vt 0.622059 0.515151
vt 0.622819 0.523141
vt 0.616123 0.530239
vt 0.615404 0.522734
vt 0.870255 0.463647
vt 0.871944 0.472497
vt 0.869128 0.470745
vt 0.870697 0.485310
vt 0.868091 0.483359
vt 0.608001 0.542853
vt 0.607092 0.535771
vt 0.713611 0.411392
vt 0.717429 0.413600
vt 0.715338 0.435432
vt 0.711389 0.432558
vt 0.890373 0.455973
vt 0.888397 0.434642
vt 0.892186 0.434141
vt 0.891181 0.405607
vt 0.894980 0.405078
vt 0.712318 0.464496
vt 0.708532 0.460854
vt 0.890761 0.466173
vt 0.886901 0.472934
vt 0.883910 0.473971
vt 0.714441 0.403401
vt 0.707217 0.403912
vt 0.708533 0.396640
vt 0.700006 0.391337
vt 0.701802 0.384619
vt 0.881040 0.484954
vt 0.878370 0.486255
vt 0.593389 0.569447
vt 0.588668 0.575533
vt 0.586137 0.555469
vt 0.590407 0.549843
vt 0.586109 0.576836
vt 0.583587 0.556764
vt 0.583463 0.529486
vt 0.585304 0.528278
vt 0.588815 0.523291
vt 0.817745 0.350430
vt 0.818252 0.342877
vt 0.819940 0.342290
vt 0.819450 0.349804
vt 0.863655 0.524895
vt 0.865478 0.520141
vt 0.867526 0.520993
vt 0.865342 0.525482
vt 0.869513 0.520638
vt 0.867186 0.525331
vt 0.821784 0.342442
vt 0.821635 0.349951
vt 0.823529 0.350965
vt 0.825674 0.370939
vt 0.823793 0.369931
vt 0.684405 0.352766
vt 0.688513 0.358593
vt 0.685343 0.378121
vt 0.681663 0.372740
vt 0.683713 0.404657
vt 0.680683 0.399861
vt 0.829037 0.398059
vt 0.827409 0.397125
vt 0.602468 0.439749
vt 0.602085 0.429661
vt 0.607187 0.414654
vt 0.607926 0.424341
vt 0.834436 0.497605
vt 0.837125 0.499240
vt 0.838342 0.514134
vt 0.835321 0.512612
vt 0.839514 0.523855
vt 0.836387 0.522694
vt 0.611318 0.404572
vt 0.612261 0.413699
vt 0.832383 0.467561
vt 0.831436 0.460520
vt 0.834392 0.460289
vt 0.835867 0.467681
vt 0.830044 0.450399
vt 0.832575 0.449903
vt 0.835336 0.449708
vt 0.837395 0.459736
vt 0.839256 0.466670
vt 0.846305 0.498133
vt 0.848597 0.495973
vt 0.853691 0.510533
vt 0.851042 0.512616
vt 0.848438 0.485694
vt 0.853428 0.500759
vt 0.699392 0.512335
vt 0.699642 0.502560
vt 0.703719 0.513184
vt 0.702836 0.522198
vt 0.857053 0.520396
vt 0.854281 0.522126
vt 0.888252 0.351770
vt 0.887194 0.342290
vt 0.893251 0.342754
vt 0.892665 0.352185
vt 0.841792 0.525482
vt 0.846957 0.523472
vt 0.847848 0.525018
vt 0.853788 0.524195
vt 0.899190 0.343577
vt 0.896892 0.352549
vt 0.877898 0.473699
vt 0.874523 0.486324
vt 0.821233 0.369833
vt 0.819151 0.370503
vt 0.824595 0.397096
vt 0.822133 0.397780
vt 0.841781 0.499319
vt 0.844754 0.513976
vt 0.887475 0.405570
vt 0.884694 0.434553
vt 0.704914 0.422348
vt 0.702458 0.448301
vt 0.695466 0.431789
vt 0.697518 0.407655
vt 0.604914 0.519363
vt 0.613320 0.504273
vt 0.602878 0.495282
vt 0.610888 0.478404
vt 0.617062 0.465870
vt 0.619886 0.494056
vt 0.872558 0.461611
vt 0.717608 0.405759
vt 0.890451 0.463815
vt 0.595884 0.577654
vt 0.591561 0.583158
vt 0.862874 0.523664
vt 0.863994 0.518160
vt 0.590886 0.584390
vt 0.823037 0.343423
vt 0.693068 0.348935
vt 0.691453 0.350574
vt 0.687492 0.345224
vt 0.687403 0.344243
vt 0.592969 0.470838
vt 0.590416 0.476272
vt 0.591744 0.467096
vt 0.593764 0.461257
vt 0.830489 0.460170
vt 0.829294 0.450994
vt 0.831072 0.466010
vt 0.838480 0.459118
vt 0.840279 0.464828
vt 0.836772 0.450017
vt 0.838852 0.455276
vt 0.880857 0.354205
vt 0.881789 0.345078
vt 0.884066 0.342527
vt 0.884256 0.351295
vt 0.838664 0.525245
vt 0.901967 0.344419
vt 0.900329 0.352871
vt 0.856565 0.523354
vt 0.706880 0.516702
vt 0.705341 0.525155
vt 0.882386 0.373994
vt 0.886595 0.375077
vt 0.878561 0.377114
vt 0.890436 0.375619
vt 0.894118 0.375734
vt 0.709352 0.494034
vt 0.705796 0.490232
vt 0.897847 0.375539
vt 0.845610 0.460150
vt 0.850980 0.476326
vt 0.694978 0.461951
vt 0.700682 0.478127
vt 0.833180 0.427041
vt 0.831632 0.426278
vt 0.831317 0.402855
vt 0.835332 0.431897
vt 0.828843 0.426312
vt 0.826353 0.426949
vt 0.587499 0.499273
vt 0.590494 0.494236
vt 0.585883 0.500317
vt 0.588996 0.476867
vt 0.614348 0.436608
vt 0.609124 0.448676
vt 0.602398 0.465183
vt 0.601309 0.561439
vt 0.599642 0.553767
vt 0.868183 0.504069
vt 0.866056 0.501944
vt 0.595097 0.511268
vt 0.596971 0.536180
vt 0.595824 0.481621
vt 0.597235 0.456956
vt 0.597411 0.446987
vt 0.834708 0.482092
vt 0.832704 0.480279
vt 0.838574 0.482289
vt 0.842301 0.481143
vt 0.843889 0.478925
vt 0.843160 0.468851
vt 0.836092 0.414469
vt 0.839935 0.444136
vt 0.842021 0.429987
vt 0.690811 0.391336
vt 0.693743 0.373840
vt 0.688929 0.416270
vt 0.833510 0.389535
vt 0.828404 0.376319
vt 0.875344 0.503088
vt 0.873406 0.504712
vt 0.696166 0.366485
vt 0.698003 0.364861
vt 0.870826 0.505015
vt 0.537906 0.576389
vt 0.527967 0.550783
vt 0.529536 0.549515
vt 0.538927 0.576058
vt 0.521172 0.513534
vt 0.522194 0.512617
vt 0.526326 0.510706
vt 0.533615 0.545663
vt 0.543120 0.569403
vt 0.148103 0.809851
vt 0.146882 0.813499
vt 0.142403 0.795592
vt 0.144686 0.794097
vt 0.144094 0.809953
vt 0.139673 0.794279
vt 0.649511 0.595482
vt 0.646781 0.595390
vt 0.640018 0.584052
vt 0.642861 0.583149
vt 0.651794 0.594401
vt 0.646121 0.583053
vt 0.548591 0.557404
vt 0.556976 0.555813
vt 0.552500 0.566316
vt 0.555632 0.544029
vt 0.561681 0.545616
vt 0.567039 0.541099
vt 0.563814 0.546417
vt 0.558625 0.555520
vt 0.351649 0.796047
vt 0.342325 0.818807
vt 0.338117 0.815124
vt 0.347336 0.789542
vt 0.335222 0.852713
vt 0.330964 0.850971
vt 0.329460 0.850632
vt 0.336118 0.814183
vt 0.345938 0.789299
vt 0.145919 0.819106
vt 0.142113 0.809674
vt 0.140274 0.799170
vt 0.371979 0.819396
vt 0.375280 0.824770
vt 0.370404 0.820055
vt 0.365590 0.809963
vt 0.364498 0.821012
vt 0.357339 0.807926
vt 0.360956 0.799459
vt 0.572156 0.525985
vt 0.572461 0.514004
vt 0.576522 0.512024
vt 0.575342 0.523173
vt 0.570855 0.496000
vt 0.575502 0.495236
vt 0.577020 0.495639
vt 0.577642 0.512217
vt 0.576106 0.523630
vt 0.145362 0.841741
vt 0.142901 0.840482
vt 0.146686 0.834740
vt 0.148558 0.835693
vt 0.140570 0.839362
vt 0.144627 0.834297
vt 0.146333 0.832100
vt 0.148354 0.831892
vt 0.149688 0.832396
vt 0.133479 0.850795
vt 0.132557 0.850439
vt 0.139823 0.839322
vt 0.385633 0.851084
vt 0.385335 0.868028
vt 0.384333 0.867763
vt 0.384955 0.850729
vt 0.379829 0.866975
vt 0.381104 0.849128
vt 0.383447 0.839611
vt 0.380531 0.837581
vt 0.538131 0.448829
vt 0.529407 0.450701
vt 0.525670 0.426617
vt 0.531404 0.425420
vt 0.522812 0.453460
vt 0.521397 0.430159
vt 0.520288 0.416194
vt 0.522713 0.410005
vt 0.526016 0.409356
vt 0.100927 0.951849
vt 0.095779 0.955143
vt 0.102256 0.937415
vt 0.106229 0.936911
vt 0.093852 0.949658
vt 0.099424 0.934803
vt 0.107552 0.912671
vt 0.110849 0.913687
vt 0.114147 0.914696
vt 0.334515 0.954055
vt 0.331204 0.953419
vt 0.334709 0.935967
vt 0.340469 0.937123
vt 0.328753 0.947270
vt 0.330380 0.932512
vt 0.331817 0.909230
vt 0.338516 0.911828
vt 0.347295 0.913615
vt 0.227121 0.841927
vt 0.223728 0.843024
vt 0.217275 0.816550
vt 0.221153 0.817183
vt 0.220443 0.843960
vt 0.214289 0.819309
vt 0.210507 0.802243
vt 0.212777 0.796358
vt 0.217597 0.800047
vt 0.149296 0.818954
vt 0.148350 0.822168
vt 0.569349 0.539455
vt 0.566585 0.543203
vt 0.148411 0.825916
vt 0.146382 0.824481
vt 0.139085 0.853154
vt 0.136233 0.852001
vt 0.131049 0.869732
vt 0.127990 0.868713
vt 0.124832 0.867739
vt 0.522365 0.405446
vt 0.524859 0.404981
vt 0.217025 0.793858
vt 0.211641 0.789299
vt 0.329398 0.960214
vt 0.327581 0.953155
vt 0.331892 0.960679
vt 0.241644 0.897387
vt 0.250100 0.934636
vt 0.246646 0.935352
vt 0.238344 0.898344
vt 0.257887 0.960242
vt 0.254627 0.960324
vt 0.251784 0.960214
vt 0.243662 0.935330
vt 0.235205 0.898881
vt 0.350110 0.827050
vt 0.360311 0.836596
vt 0.356703 0.860712
vt 0.344532 0.856383
vt 0.547494 0.502222
vt 0.551253 0.527358
vt 0.541180 0.537200
vt 0.535446 0.506769
vt 0.648002 0.584074
vt 0.652328 0.592467
vt 0.547320 0.575498
vt 0.145219 0.789873
vt 0.147221 0.799055
vt 0.355688 0.790368
vt 0.425521 0.985847
vt 0.436860 0.980577
vt 0.435272 0.984778
vt 0.426919 0.985603
vt 0.446292 0.964903
vt 0.440539 0.975686
vt 0.574677 0.528606
vt 0.572554 0.531513
vt 0.149151 0.836765
vt 0.146500 0.842198
vt 0.573449 0.532975
vt 0.575033 0.529678
vt 0.143474 0.834752
vt 0.381025 0.833062
vt 0.382890 0.835041
vt 0.144209 0.832773
vt 0.555270 0.447682
vt 0.543682 0.426295
vt 0.550446 0.432750
vt 0.560592 0.450290
vt 0.535739 0.413522
vt 0.547867 0.428460
vt 0.115437 0.915081
vt 0.109177 0.932621
vt 0.344200 0.949947
vt 0.352661 0.936380
vt 0.359353 0.930035
vt 0.356274 0.935093
vt 0.364290 0.914991
vt 0.369498 0.912555
vt 0.099896 0.929746
vt 0.106262 0.912266
vt 0.520064 0.457442
vt 0.519812 0.438033
vt 0.223728 0.821886
vt 0.228566 0.841295
vt 0.519531 0.433330
vt 0.327966 0.905553
vt 0.328964 0.905405
vt 0.328730 0.924735
vt 0.327949 0.930204
vt 0.564537 0.533247
vt 0.567547 0.537350
vt 0.570517 0.536700
vt 0.562859 0.519371
vt 0.560408 0.498480
vt 0.547267 0.447509
vt 0.537371 0.424582
vt 0.529406 0.408841
vt 0.099124 0.956529
vt 0.093497 0.960799
vt 0.527389 0.404572
vt 0.334422 0.961088
vt 0.337897 0.954583
vt 0.340752 0.955432
vt 0.346410 0.938002
vt 0.356388 0.915007
vt 0.373222 0.831139
vt 0.371766 0.844187
vt 0.369543 0.864434
vt 0.146719 0.828820
vt 0.144126 0.827622
vt 0.143376 0.819766
vt 0.376206 0.827911
vt 0.572073 0.536318
vt 0.574295 0.533479
vt 0.148671 0.829053
vt 0.233968 0.867573
vt 0.235165 0.865968
vt 0.243127 0.896470
vt 0.519948 0.482115
vt 0.523589 0.480141
vt 0.230728 0.868928
vt 0.227440 0.869454
vt 0.332575 0.882742
vt 0.328811 0.880941
vt 0.327606 0.880059
vt 0.352535 0.887265
vt 0.341229 0.884971
vt 0.373785 0.890393
vt 0.364258 0.889263
vt 0.380016 0.889629
vt 0.378503 0.890085
vt 0.370165 0.912960
vt 0.122578 0.891275
vt 0.119478 0.890030
vt 0.116105 0.889340
vt 0.564726 0.472405
vt 0.569568 0.472888
vt 0.561786 0.450675
vt 0.571619 0.474096
vt 0.555079 0.473334
vt 0.543308 0.475237
vt 0.532094 0.477677
vt 0.473973 0.404892
vt 0.474995 0.405223
vt 0.465604 0.431767
vt 0.464035 0.430498
vt 0.479188 0.411879
vt 0.469683 0.435618
vt 0.462393 0.470575
vt 0.458262 0.468664
vt 0.457239 0.467747
vt 0.393098 0.810168
vt 0.396646 0.794414
vt 0.399015 0.795910
vt 0.394365 0.813816
vt 0.632875 0.601051
vt 0.621527 0.595163
vt 0.621624 0.591779
vt 0.633957 0.598682
vt 0.622526 0.588829
vt 0.633865 0.595849
vt 0.401849 0.794596
vt 0.397259 0.810271
vt 0.488568 0.414966
vt 0.493044 0.425468
vt 0.484658 0.423878
vt 0.494693 0.425761
vt 0.499882 0.434865
vt 0.503107 0.440183
vt 0.497748 0.435666
vt 0.491700 0.437253
vt 0.287776 0.954340
vt 0.283463 0.960844
vt 0.274244 0.935262
vt 0.278453 0.931580
vt 0.282065 0.961088
vt 0.272245 0.936204
vt 0.265587 0.899755
vt 0.267091 0.899415
vt 0.271349 0.897673
vt 0.401224 0.799487
vt 0.399315 0.809991
vt 0.395365 0.819424
vt 0.297083 0.950927
vt 0.293466 0.942461
vt 0.301718 0.940424
vt 0.300626 0.929375
vt 0.306531 0.930332
vt 0.308106 0.930991
vt 0.311407 0.925617
vt 0.508224 0.455297
vt 0.511410 0.458109
vt 0.512590 0.469258
vt 0.508528 0.467278
vt 0.512174 0.457651
vt 0.513710 0.469065
vt 0.513087 0.485643
vt 0.511569 0.486046
vt 0.506923 0.485282
vt 0.395943 0.842058
vt 0.392626 0.836010
vt 0.394569 0.835057
vt 0.398498 0.840799
vt 0.391454 0.832713
vt 0.392838 0.832209
vt 0.394937 0.832417
vt 0.396707 0.834614
vt 0.400918 0.839679
vt 0.401693 0.839639
vt 0.409235 0.850757
vt 0.408277 0.851112
vt 0.319575 0.910776
vt 0.316658 0.912806
vt 0.317232 0.901258
vt 0.321082 0.899658
vt 0.315956 0.883412
vt 0.320460 0.882624
vt 0.321760 0.899303
vt 0.321463 0.882358
vt 0.474199 0.532453
vt 0.467471 0.555861
vt 0.461738 0.554665
vt 0.465474 0.530581
vt 0.462084 0.571925
vt 0.458781 0.571276
vt 0.456356 0.565087
vt 0.457465 0.551123
vt 0.458880 0.527821
vt 0.442065 0.952166
vt 0.436562 0.937228
vt 0.440685 0.937732
vt 0.447408 0.955461
vt 0.428344 0.915013
vt 0.431766 0.914004
vt 0.435189 0.912988
vt 0.443625 0.935121
vt 0.449409 0.949975
vt 0.270642 0.796331
vt 0.276596 0.813264
vt 0.270836 0.814420
vt 0.267331 0.796968
vt 0.283422 0.836771
vt 0.274643 0.838559
vt 0.267944 0.841157
vt 0.266507 0.817875
vt 0.264880 0.803117
vt 0.187442 0.841927
vt 0.193637 0.817183
vt 0.197662 0.816550
vt 0.190964 0.843024
vt 0.197327 0.800047
vt 0.202331 0.796358
vt 0.204686 0.802243
vt 0.200761 0.819309
vt 0.194374 0.843960
vt 0.392842 0.822486
vt 0.391860 0.819271
vt 0.394885 0.824798
vt 0.392778 0.826233
vt 0.502652 0.438079
vt 0.505417 0.441826
vt 0.405419 0.852319
vt 0.402459 0.853471
vt 0.417253 0.868057
vt 0.413975 0.869030
vt 0.410800 0.870050
vt 0.460927 0.576300
vt 0.458433 0.575836
vt 0.268019 0.789708
vt 0.265526 0.790172
vt 0.263708 0.797232
vt 0.197921 0.793858
vt 0.203510 0.789299
vt 0.172367 0.897387
vt 0.175793 0.898344
vt 0.167175 0.935352
vt 0.163592 0.934636
vt 0.179051 0.898881
vt 0.170273 0.935330
vt 0.161842 0.960214
vt 0.158892 0.960324
vt 0.155509 0.960242
vt 0.286238 0.923337
vt 0.280659 0.894004
vt 0.292830 0.889675
vt 0.296438 0.913791
vt 0.483562 0.479060
vt 0.471514 0.474512
vt 0.477247 0.444081
vt 0.487321 0.453923
vt 0.402534 0.789299
vt 0.396092 0.790190
vt 0.400582 0.789630
vt 0.394014 0.799372
vt 0.483387 0.405783
vt 0.291816 0.960019
vt 0.403797 0.790396
vt 0.623924 0.588177
vt 0.632277 0.593900
vt 0.508621 0.449769
vt 0.510744 0.452676
vt 0.509516 0.448307
vt 0.511100 0.451603
vt 0.394763 0.842515
vt 0.392011 0.837082
vt 0.397903 0.835069
vt 0.397141 0.833090
vt 0.319018 0.915346
vt 0.317152 0.917324
vt 0.491337 0.533600
vt 0.496660 0.530992
vt 0.486514 0.548531
vt 0.479750 0.554987
vt 0.433502 0.932938
vt 0.427005 0.915398
vt 0.471806 0.567760
vt 0.483935 0.552822
vt 0.280327 0.800440
vt 0.292402 0.815294
vt 0.295480 0.820351
vt 0.288789 0.814007
vt 0.436527 0.912583
vt 0.443135 0.930063
vt 0.300417 0.835396
vt 0.305625 0.837832
vt 0.455879 0.543249
vt 0.456132 0.523839
vt 0.455598 0.547952
vt 0.185942 0.841295
vt 0.190963 0.821886
vt 0.264093 0.844834
vt 0.264077 0.820182
vt 0.264858 0.825652
vt 0.265091 0.844981
vt 0.503615 0.443932
vt 0.500604 0.448035
vt 0.506585 0.444582
vt 0.496476 0.482801
vt 0.498927 0.461911
vt 0.473439 0.556699
vt 0.483335 0.533773
vt 0.465474 0.572440
vt 0.449777 0.961116
vt 0.443937 0.956847
vt 0.276879 0.794954
vt 0.274024 0.795804
vt 0.270549 0.789299
vt 0.463457 0.576709
vt 0.282537 0.812385
vt 0.292515 0.835380
vt 0.307893 0.906200
vt 0.309349 0.919247
vt 0.305671 0.885953
vt 0.398005 0.820083
vt 0.397227 0.827939
vt 0.394536 0.829137
vt 0.312333 0.922476
vt 0.508140 0.444964
vt 0.392509 0.829371
vt 0.510363 0.447802
vt 0.170829 0.896470
vt 0.179093 0.865968
vt 0.180335 0.867573
vt 0.459657 0.501141
vt 0.456015 0.499167
vt 0.183698 0.868928
vt 0.187110 0.869454
vt 0.264938 0.869445
vt 0.268702 0.867644
vt 0.263733 0.870328
vt 0.277356 0.865416
vt 0.288662 0.863122
vt 0.300385 0.861124
vt 0.309912 0.859994
vt 0.314630 0.860302
vt 0.316143 0.860757
vt 0.306292 0.837427
vt 0.422810 0.890348
vt 0.419593 0.891592
vt 0.426310 0.889658
vt 0.505635 0.508393
vt 0.500793 0.508877
vt 0.507687 0.507185
vt 0.497854 0.530607
vt 0.479375 0.506044
vt 0.491146 0.507948
vt 0.468161 0.503604
vt 0.623592 0.820447
vt 0.665063 0.820447
vt 0.665063 0.861918
vt 0.623592 0.861918
vt 0.706534 0.820447
vt 0.706534 0.861918
vt 0.748005 0.820447
vt 0.748005 0.861918
vt 0.789476 0.820447
vt 0.789476 0.861918
vt 0.830947 0.820447
vt 0.830947 0.861918
vt 0.872418 0.820447
vt 0.872418 0.861918
vt 0.665063 0.903389
vt 0.623592 0.903389
vt 0.706534 0.903389
vt 0.748005 0.903389
vt 0.789476 0.903389
vt 0.830947 0.903389
vt 0.872418 0.903389
vt 0.644327 0.944860
vt 0.685798 0.944860
vt 0.727269 0.944860
vt 0.768740 0.944860
vt 0.810212 0.944860
vt 0.851683 0.944860
vt 0.623592 0.820447
vt 0.665063 0.820447
vt 0.665063 0.861918
vt 0.623592 0.861918
vt 0.706534 0.820447
vt 0.706534 0.861918
vt 0.748005 0.820447
vt 0.748005 0.861918
vt 0.789476 0.820447
vt 0.789476 0.861918
vt 0.830947 0.820447
vt 0.830947 0.861918
vt 0.872418 0.820447
vt 0.872418 0.861918
vt 0.665063 0.903389
vt 0.623592 0.903389
vt 0.706534 0.903389
vt 0.748005 0.903389
vt 0.789476 0.903389
vt 0.830947 0.903389
vt 0.872418 0.903389
vt 0.644327 0.944860
vt 0.685798 0.944860
vt 0.727269 0.944860
vt 0.768740 0.944860
vt 0.810212 0.944860
vt 0.851683 0.944860
vn 0.627293 0.199525 -0.752791
vn -0.550509 0.481236 -0.682167
vn -0.528905 0.546103 -0.649639
vn 0.641088 0.266266 -0.719797
vn -0.951054 0.298085 0.081499
vn -0.929099 0.355508 0.101928
vn -0.584815 -0.036387 0.810350
vn -0.562821 0.034389 0.825863
vn 0.592974 -0.318078 0.739735
vn 0.607171 -0.245445 0.755712
vn 0.985663 -0.165141 -0.034599
vn 0.994428 -0.104559 -0.013399
vn -0.454633 0.715049 -0.531049
vn 0.664929 0.447284 -0.598169
vn -0.842075 0.515292 0.159326
vn -0.486175 0.239438 0.840418
vn 0.633408 -0.028362 0.773298
vn 0.995921 0.075667 0.049149
vn 0.238428 0.915834 0.323109
vn -0.081847 0.990899 -0.106866
vn 0.737898 0.672049 -0.062097
vn 0.552562 0.827935 -0.095915
vn 0.044070 0.990291 -0.131842
vn 0.983939 0.177550 0.018416
vn 0.955127 0.296160 -0.004676
vn 0.847924 0.528887 -0.036098
vn 0.437626 0.894334 -0.093002
vn 0.124415 0.985384 -0.116359
vn -0.706834 0.569479 0.419618
vn 0.004634 0.972772 0.231716
vn 0.061381 0.922400 0.381328
vn 0.014521 0.822519 0.568552
vn 0.002144 0.996565 -0.082783
vn 0.087390 0.991005 -0.101351
vn 0.020028 0.962853 0.269281
vn 0.717527 0.558839 0.415758
vn 0.977540 0.198203 0.071638
vn 0.963145 0.235691 0.129620
vn 0.992638 0.116541 0.032988
vn -0.241316 0.692737 0.679619
vn 0.804242 -0.572700 0.158775
vn 0.990924 -0.094455 0.095647
vn 0.999011 0.028470 0.034157
vn -0.983881 0.177904 0.018144
vn -0.736342 0.673721 -0.062448
vn -0.555682 0.825868 -0.095709
vn -0.954507 0.298146 -0.005090
vn -0.048797 0.990080 -0.131756
vn -0.131413 0.984449 -0.116580
vn -0.436375 0.894908 -0.093369
vn -0.846902 0.530506 -0.036340
vn -0.978273 0.194733 0.071147
vn -0.963555 0.234264 0.129158
vn 0.249638 0.690219 0.679175
vn -0.992678 0.116216 0.032928
vn -0.999010 0.028515 0.034134
vn -0.990932 -0.094395 0.095626
vn -0.804243 -0.572699 0.158773
vn 0.973722 0.158525 -0.163512
vn 0.823601 -0.400234 0.401864
vn 0.872132 -0.444582 0.204286
vn 0.974029 -0.218376 -0.059827
vn 0.544807 -0.485220 0.683921
vn 0.471943 -0.664295 0.579640
vn 0.342366 -0.935057 0.091949
vn 0.818147 -0.574372 -0.027066
vn 0.955247 -0.287057 -0.071428
vn 0.470929 -0.785772 0.400984
vn -0.000000 -0.914596 0.404368
vn 0.000000 -0.561460 0.827504
vn 0.467065 -0.881907 0.063956
vn -0.000001 -0.999955 0.009530
vn -0.467064 -0.881907 0.063956
vn -0.470929 -0.785772 0.400985
vn -0.544806 -0.485220 0.683921
vn -0.823663 -0.400215 0.401754
vn -0.872088 -0.444616 0.204403
vn -0.471871 -0.664260 0.579738
vn -0.973884 0.157891 -0.163160
vn -0.973968 -0.218700 -0.059639
vn -0.955123 -0.287484 -0.071361
vn -0.818078 -0.574476 -0.026940
vn -0.342404 -0.935028 0.092095
vn 0.947372 -0.318891 -0.028193
vn 0.647594 -0.717566 -0.256361
vn 0.868471 -0.386538 -0.310397
vn 0.993512 0.112019 -0.019652
vn 0.080852 -0.882344 -0.463608
vn 0.095697 -0.814833 -0.571742
vn 0.133768 -0.354941 -0.925269
vn 0.764377 0.559636 -0.320212
vn 0.653484 0.756836 -0.012568
vn 0.160117 -0.910110 -0.382180
vn 0.193761 -0.922951 -0.332594
vn -0.001519 -0.937712 -0.347411
vn -0.001166 -0.918519 -0.395376
vn 0.283375 -0.931124 -0.229579
vn -0.000698 -0.970460 -0.241261
vn -0.284281 -0.930873 -0.229478
vn -0.196139 -0.922641 -0.332059
vn -0.160266 -0.910290 -0.381689
vn -0.072016 -0.882499 -0.464768
vn -0.636508 -0.725429 -0.261935
vn -0.861095 -0.396788 -0.317924
vn -0.083311 -0.818313 -0.568703
vn -0.947015 -0.319915 -0.028597
vn -0.993157 0.115072 -0.019926
vn -0.643803 0.765090 -0.012443
vn -0.755307 0.572237 -0.319463
vn -0.113655 -0.391591 -0.913093
vn 0.147383 0.987613 -0.053840
vn 0.114436 0.926161 -0.359346
vn -0.003039 0.927561 -0.373659
vn -0.010468 0.997565 -0.068950
vn 0.005404 -0.268584 -0.963241
vn -0.116991 0.925679 -0.359765
vn -0.158396 0.985930 -0.053408
vn 0.003801 0.605668 0.795708
vn -0.000001 -0.985925 0.167190
vn 0.000072 -0.736261 0.676698
vn 0.000008 -0.994138 0.108124
vn 0.001592 -0.879650 -0.475619
vn 0.002328 -0.812772 -0.582577
vn -0.007763 0.993047 -0.117458
vn -0.007971 0.991473 -0.130066
vn -0.993391 0.112704 0.021714
vn -0.991761 0.127271 0.014565
vn -0.999669 -0.008475 0.024314
vn -0.999069 0.034408 0.026036
vn 0.999071 0.034335 0.026061
vn 0.993357 0.113000 0.021739
vn 0.999667 -0.008561 0.024338
vn 0.991742 0.127415 0.014607
vn 0.910561 0.412443 0.027727
vn -0.912759 0.407500 0.028556
vn 0.637683 -0.755673 0.149396
vn 0.678015 -0.609736 0.410509
vn -0.678015 -0.609736 0.410509
vn -0.637562 -0.755775 0.149395
vn 0.863685 -0.493137 -0.104232
vn 0.812786 -0.567336 -0.132320
vn 0.769383 -0.617564 -0.163295
vn 0.742507 -0.641762 -0.191901
vn -0.768452 -0.618677 -0.163465
vn -0.738825 -0.645671 -0.192995
vn -0.811870 -0.568564 -0.132678
vn -0.862034 -0.495884 -0.104865
vn 0.360971 0.916510 -0.172366
vn 0.354306 0.934857 -0.022585
vn -0.354309 0.919229 -0.171709
vn -0.349147 0.936806 -0.022162
vn 0.366669 0.928494 -0.058760
vn 0.159211 0.984931 -0.067550
vn 0.700248 0.712882 -0.038099
vn -0.010578 0.997618 -0.068159
vn -0.169061 0.983291 -0.067510
vn -0.362714 0.930021 -0.059166
vn -0.695012 0.717955 -0.038717
vn -0.991616 -0.128478 0.013795
vn -0.988197 0.153186 0.000571
vn -0.824735 -0.553846 -0.114313
vn -0.281421 -0.945425 -0.164238
vn -0.923600 -0.376628 -0.071513
vn -0.000337 -0.986043 -0.166489
vn 0.280847 -0.945581 -0.164322
vn 0.825105 -0.553308 -0.114244
vn 0.924052 -0.375541 -0.071393
vn 0.988323 0.152372 0.000689
vn 0.991622 -0.128429 0.013821
vn 0.992770 -0.102664 0.062200
vn 0.901612 -0.415024 0.121867
vn 0.809361 -0.581026 0.085694
vn 0.994218 -0.104746 0.023631
vn 0.676599 -0.709503 0.197026
vn 0.599443 -0.799505 0.038207
vn 0.973515 -0.225141 -0.039757
vn 0.996804 -0.057071 -0.055893
vn 0.982964 -0.183520 -0.010070
vn 0.999926 -0.009947 -0.007021
vn 0.876353 -0.471539 -0.098271
vn 0.947516 -0.317553 -0.037070
vn 0.931273 -0.360292 -0.054031
vn 0.867229 -0.488301 -0.097348
vn 0.610564 -0.753507 -0.243802
vn 0.124010 -0.919939 -0.371934
vn 0.105042 -0.913348 -0.393399
vn 0.537109 -0.795752 -0.279808
vn -0.000036 -0.924780 -0.380503
vn -0.120853 -0.920496 -0.371594
vn -0.099626 -0.913965 -0.393373
vn 0.000869 -0.915618 -0.402048
vn -0.603443 -0.758737 -0.245306
vn -0.865575 -0.491116 -0.097910
vn -0.874773 -0.474340 -0.098864
vn -0.527894 -0.801162 -0.281898
vn -0.973422 -0.225555 -0.039691
vn -0.930823 -0.361438 -0.054132
vn -0.982910 -0.183814 -0.010032
vn -0.947205 -0.318470 -0.037138
vn -0.992783 -0.102556 0.062163
vn -0.999926 -0.009981 -0.007015
vn -0.996796 -0.057326 -0.055787
vn -0.994227 -0.104676 0.023568
vn -0.676599 -0.709503 0.197025
vn -0.901616 -0.415016 0.121862
vn -0.809302 -0.581109 0.085685
vn -0.599443 -0.799505 0.038207
vn -0.000002 -0.948371 0.317163
vn -0.000002 -0.999919 0.012725
vn 0.955150 -0.292796 0.044255
vn 0.884142 -0.466258 0.029925
vn 0.893445 -0.431843 0.123566
vn 0.991997 -0.109438 0.062975
vn 0.571402 -0.820226 0.026995
vn 0.610411 -0.747427 0.262206
vn 0.998794 -0.045858 0.017523
vn 0.989511 -0.144263 0.007442
vn 0.990601 -0.136029 0.014331
vn 0.994068 -0.105200 0.027600
vn 0.920789 -0.384363 -0.066424
vn 0.979045 -0.203590 -0.004604
vn 0.968612 -0.247881 -0.018594
vn 0.899846 -0.427302 -0.087693
vn 0.551395 -0.780834 -0.293705
vn 0.098745 -0.894193 -0.436656
vn 0.094163 -0.882433 -0.460917
vn 0.590197 -0.754092 -0.288121
vn 0.001444 -0.893739 -0.448586
vn -0.091448 -0.894682 -0.437244
vn -0.085888 -0.882716 -0.461990
vn 0.001595 -0.879975 -0.475017
vn -0.541390 -0.786557 -0.297027
vn -0.898668 -0.429646 -0.088315
vn -0.919983 -0.386186 -0.067025
vn -0.579760 -0.760468 -0.292518
vn -0.968471 -0.248429 -0.018628
vn -0.989493 -0.144391 0.007453
vn -0.990583 -0.136166 0.014316
vn -0.978976 -0.203925 -0.004627
vn -0.954964 -0.293392 0.044322
vn -0.994071 -0.105171 0.027598
vn -0.998794 -0.045877 0.017507
vn -0.992003 -0.109372 0.062985
vn -0.571401 -0.820227 0.026995
vn -0.883951 -0.466621 0.029936
vn -0.893370 -0.431987 0.123599
vn -0.610410 -0.747428 0.262205
vn -0.000000 -0.999775 0.021204
vn -0.000001 -0.932393 0.361445
vn 0.971252 -0.237274 0.019241
vn 0.990012 -0.138586 0.025898
vn 0.735528 -0.677472 -0.005553
vn 0.992035 -0.122799 0.028041
vn 0.993034 -0.115678 0.022394
vn 0.984972 -0.172624 0.005526
vn 0.935755 -0.349700 -0.045522
vn 0.615567 -0.738755 -0.274443
vn 0.086352 -0.882400 -0.462508
vn 0.001592 -0.879780 -0.475379
vn -0.077786 -0.882611 -0.463624
vn -0.604634 -0.745866 -0.279467
vn -0.935200 -0.351114 -0.046033
vn -0.984941 -0.172802 0.005504
vn -0.993038 -0.115652 0.022385
vn -0.992031 -0.122833 0.028044
vn -0.990003 -0.138651 0.025898
vn -0.971242 -0.237315 0.019239
vn -0.735528 -0.677472 -0.005553
vn 0.000000 -0.999673 -0.025563
vn -0.258721 -0.907580 0.330698
vn -0.277066 -0.924951 0.260191
vn -0.187307 -0.955947 0.226012
vn -0.158864 -0.932359 0.324760
vn -0.316756 -0.927881 0.196732
vn -0.240906 -0.961063 0.135362
vn -0.153258 -0.986034 0.065182
vn -0.082161 -0.979481 0.184030
vn -0.045465 -0.948317 0.314052
vn -0.368616 -0.918435 0.143528
vn -0.315694 -0.946806 0.062421
vn -0.431644 -0.895268 0.110354
vn -0.403343 -0.914953 0.013239
vn -0.366704 -0.925445 -0.095284
vn -0.251120 -0.967451 -0.031259
vn -0.497151 -0.862479 0.094721
vn -0.495929 -0.868343 -0.006015
vn -0.559528 -0.822190 0.104556
vn -0.584132 -0.811643 0.005046
vn -0.604263 -0.789695 -0.106062
vn -0.488324 -0.864187 -0.121326
vn -0.613568 -0.778461 0.132414
vn -0.659186 -0.750520 0.046842
vn -0.651538 -0.736571 0.181555
vn -0.714221 -0.690591 0.113894
vn -0.775202 -0.630630 0.036978
vn -0.703181 -0.709124 -0.051762
vn -0.673413 -0.698461 0.242213
vn -0.743096 -0.638348 0.200799
vn -0.672542 -0.671109 0.311928
vn -0.743912 -0.598048 0.298218
vn -0.814222 -0.509019 0.279182
vn -0.813606 -0.561505 0.150853
vn -0.653817 -0.653039 0.382182
vn -0.715598 -0.574680 0.397068
vn -0.614535 -0.650785 0.445899
vn -0.661882 -0.569339 0.487612
vn -0.706419 -0.471309 0.528053
vn -0.777428 -0.477705 0.409150
vn -0.562260 -0.659568 0.498831
vn -0.587231 -0.583807 0.560651
vn -0.499608 -0.683423 0.532282
vn -0.499438 -0.615437 0.609754
vn -0.492973 -0.531891 0.688527
vn -0.608469 -0.489740 0.624435
vn -0.433700 -0.715541 0.547636
vn -0.406973 -0.662283 0.629090
vn -0.371739 -0.756493 0.538079
vn -0.318660 -0.718757 0.617935
vn -0.255428 -0.667635 0.699300
vn -0.371265 -0.592997 0.714504
vn -0.317305 -0.799548 0.509942
vn -0.243739 -0.780103 0.576221
vn -0.279725 -0.842111 0.461089
vn -0.188552 -0.839813 0.509080
vn -0.084491 -0.826714 0.556243
vn -0.156424 -0.748062 0.644930
vn -0.257455 -0.879546 0.400144
vn -0.159812 -0.892271 0.422271
vn -0.045997 -0.895681 0.442311
vn 0.041765 -0.990369 0.132000
vn 0.088098 -0.951046 0.296228
vn -0.048046 -0.998681 -0.018097
vn 0.072419 -0.991042 -0.112208
vn 0.181449 -0.980902 0.070060
vn 0.237754 -0.933195 0.269482
vn -0.171630 -0.975175 -0.139915
vn -0.317631 -0.922157 -0.220764
vn -0.254934 -0.898117 -0.358321
vn -0.077655 -0.962453 -0.260104
vn -0.471222 -0.844753 -0.253659
vn -0.617668 -0.750703 -0.234375
vn -0.619277 -0.689920 -0.374841
vn -0.441429 -0.804085 -0.398231
vn -0.742577 -0.648914 -0.165801
vn -0.833557 -0.549816 -0.053717
vn -0.881443 -0.445974 -0.155453
vn -0.770913 -0.566304 -0.291535
vn -0.882041 -0.462476 0.090108
vn -0.882848 -0.396205 0.252192
vn -0.941285 -0.259458 0.216018
vn -0.940259 -0.339918 0.019200
vn -0.836364 -0.356612 0.416320
vn -0.746701 -0.348552 0.566524
vn -0.775961 -0.201604 0.597696
vn -0.884782 -0.211408 0.415293
vn -0.622963 -0.371811 0.688240
vn -0.477105 -0.425095 0.769198
vn -0.448598 -0.294520 0.843811
vn -0.625679 -0.229836 0.745454
vn -0.323376 -0.502241 0.801986
vn -0.177078 -0.596539 0.782806
vn -0.084256 -0.502715 0.860336
vn -0.261907 -0.388201 0.883575
vn -0.052001 -0.698074 0.714135
vn 0.038828 -0.797440 0.602147
vn 0.177909 -0.746676 0.640955
vn 0.067586 -0.625997 0.776891
vn 0.087447 -0.884529 0.458216
vn 0.236934 -0.852384 0.466158
vn 0.335188 -0.942148 -0.002402
vn 0.401252 -0.886270 0.231349
vn 0.207435 -0.954082 -0.216099
vn 0.352860 -0.877072 -0.325935
vn 0.497095 -0.863578 -0.084441
vn 0.571838 -0.800459 0.179630
vn 0.031463 -0.920521 -0.389425
vn -0.176322 -0.845138 -0.504632
vn -0.080728 -0.753992 -0.651905
vn 0.153978 -0.839143 -0.521660
vn -0.394935 -0.734878 -0.551345
vn -0.603443 -0.601065 -0.524002
vn -0.563298 -0.478247 -0.673777
vn -0.327734 -0.629456 -0.704539
vn -0.781158 -0.456156 -0.426280
vn -0.910784 -0.315094 -0.266813
vn -0.910536 -0.155112 -0.383229
vn -0.764044 -0.314551 -0.563289
vn -0.979669 -0.190791 -0.062028
vn -0.980942 -0.096435 0.168681
vn -0.989804 0.091933 0.108796
vn -0.988300 -0.014762 -0.151809
vn -0.914638 -0.040161 0.402275
vn -0.787124 -0.028639 0.616130
vn -0.770813 0.168556 0.614358
vn -0.914840 0.155425 0.372707
vn -0.610917 -0.061782 0.789280
vn -0.403360 -0.137548 0.904644
vn -0.337249 0.045436 0.940318
vn -0.571723 0.130973 0.809925
vn -0.184512 -0.247396 0.951184
vn 0.023755 -0.381623 0.924013
vn 0.145323 -0.230315 0.962204
vn -0.090032 -0.078755 0.992820
vn 0.201706 -0.526137 0.826132
vn 0.331101 -0.667605 0.666840
vn 0.492586 -0.553411 0.671636
vn 0.346309 -0.393608 0.851553
vn 0.400225 -0.791501 0.461894
vn 0.570547 -0.693403 0.440079
vn 0.653151 -0.737636 -0.171133
vn 0.734096 -0.669347 0.114355
vn 0.497310 -0.752193 -0.432306
vn 0.624246 -0.580901 -0.522371
vn 0.784296 -0.566035 -0.253938
vn 0.867570 -0.495757 0.039352
vn 0.282155 -0.711226 -0.643853
vn 0.028451 -0.619125 -0.784777
vn 0.142490 -0.444169 -0.884540
vn 0.403092 -0.538910 -0.739657
vn -0.238681 -0.484501 -0.841600
vn -0.493373 -0.320925 -0.808449
vn -0.393688 -0.137736 -0.908867
vn -0.132055 -0.305929 -0.942851
vn -0.710440 -0.144012 -0.688865
vn -0.868834 0.028493 -0.494282
vn -0.779499 0.221275 -0.586019
vn -0.616775 0.043916 -0.785914
vn -0.952904 0.180153 -0.243965
vn -0.954554 0.295635 0.037771
vn -0.867570 0.495757 -0.039340
vn -0.865913 0.376960 -0.328779
vn -0.873476 0.364147 0.323165
vn -0.717769 0.378479 0.584433
vn -0.624267 0.580870 0.522380
vn -0.784306 0.566018 0.253944
vn -0.502491 0.337728 0.795891
vn -0.248922 0.245368 0.936927
vn -0.142509 0.444141 0.884551
vn -0.403120 0.538879 0.739665
vn 0.018349 0.110970 0.993654
vn 0.272909 -0.052813 0.960589
vn 0.393708 0.137771 0.908853
vn 0.132070 0.305923 0.942852
vn 0.490119 -0.229496 0.840901
vn 0.648384 -0.402202 0.646400
vn 0.779503 -0.221266 0.586018
vn 0.616784 -0.043893 0.785908
vn 0.732584 -0.553624 0.396006
vn 0.865916 -0.376950 0.328782
vn 0.873477 -0.364139 -0.323174
vn 0.954559 -0.295616 -0.037792
vn 0.717760 -0.378475 -0.584445
vn 0.770817 -0.168535 -0.614359
vn 0.914841 -0.155403 -0.372714
vn 0.989806 -0.091916 -0.108795
vn 0.502487 -0.337715 -0.795899
vn 0.248930 -0.245360 -0.936927
vn 0.337255 -0.045430 -0.940316
vn 0.571719 -0.130964 -0.809929
vn -0.018351 -0.110968 -0.993655
vn -0.272908 0.052815 -0.960589
vn -0.145320 0.230313 -0.962205
vn 0.090035 0.078769 -0.992819
vn -0.490110 0.229492 -0.840908
vn -0.648381 0.402197 -0.646406
vn -0.492572 0.553418 -0.671641
vn -0.346299 0.393607 -0.851558
vn -0.732586 0.553625 -0.396002
vn -0.734102 0.669341 -0.114351
vn -0.571840 0.800458 -0.179625
vn -0.570548 0.693401 -0.440079
vn -0.653156 0.737633 0.171129
vn -0.497304 0.752190 0.432318
vn -0.352851 0.877082 0.325919
vn -0.497087 0.863582 0.084435
vn -0.282151 0.711224 0.643857
vn -0.028443 0.619119 0.784782
vn 0.080733 0.754007 0.651887
vn -0.153965 0.839157 0.521641
vn 0.238703 0.484489 0.841601
vn 0.493377 0.320925 0.808447
vn 0.563294 0.478222 0.673798
vn 0.327742 0.629442 0.704548
vn 0.710438 0.144016 0.688867
vn 0.868836 -0.028499 0.494279
vn 0.910534 0.155105 0.383237
vn 0.764036 0.314544 0.563304
vn 0.952905 -0.180148 0.243964
vn 0.988300 0.014758 0.151808
vn 0.914641 0.040153 -0.402269
vn 0.980943 0.096429 -0.168679
vn 0.787127 0.028623 -0.616127
vn 0.775957 0.201598 -0.597703
vn 0.884786 0.211398 -0.415289
vn 0.941286 0.259456 -0.216017
vn 0.610905 0.061771 -0.789290
vn 0.403358 0.137546 -0.904645
vn 0.448596 0.294514 -0.843815
vn 0.625667 0.229834 -0.745464
vn 0.184512 0.247393 -0.951185
vn -0.023755 0.381613 -0.924017
vn 0.084260 0.502709 -0.860339
vn 0.261904 0.388189 -0.883581
vn -0.201707 0.526132 -0.826136
vn -0.331102 0.667607 -0.666838
vn -0.177902 0.746676 -0.640957
vn -0.067578 0.626003 -0.776887
vn -0.400224 0.791497 -0.461902
vn -0.401254 0.886267 -0.231357
vn -0.237745 0.933198 -0.269480
vn -0.236929 0.852383 -0.466163
vn -0.335188 0.942148 0.002403
vn -0.207433 0.954082 0.216100
vn -0.072419 0.991042 0.112208
vn -0.181449 0.980902 -0.070061
vn -0.031460 0.920522 0.389423
vn 0.176329 0.845144 0.504619
vn 0.254938 0.898121 0.358310
vn 0.077662 0.962453 0.260101
vn 0.394944 0.734891 0.551321
vn 0.603447 0.601070 0.523991
vn 0.619276 0.689924 0.374836
vn 0.441425 0.804093 0.398219
vn 0.781158 0.456161 0.426274
vn 0.910783 0.315105 0.266803
vn 0.881441 0.445980 0.155447
vn 0.770912 0.566307 0.291534
vn 0.979669 0.190791 0.062020
vn 0.940257 0.339923 -0.019201
vn 0.836365 0.356616 -0.416316
vn 0.882852 0.396200 -0.252188
vn 0.746697 0.348566 -0.566520
vn 0.706420 0.471310 -0.528052
vn 0.777425 0.477706 -0.409155
vn 0.814223 0.509019 -0.279181
vn 0.622958 0.371808 -0.688245
vn 0.477107 0.425076 -0.769207
vn 0.492973 0.531896 -0.688524
vn 0.608472 0.489743 -0.624430
vn 0.323372 0.502231 -0.801994
vn 0.177070 0.596541 -0.782806
vn 0.255413 0.667627 -0.699312
vn 0.371268 0.592986 -0.714512
vn 0.051999 0.698078 -0.714131
vn -0.038824 0.797440 -0.602148
vn 0.084481 0.826710 -0.556250
vn 0.156402 0.748062 -0.644936
vn -0.087445 0.884528 -0.458218
vn -0.088097 0.951046 -0.296228
vn 0.045466 0.948317 -0.314052
vn 0.045998 0.895681 -0.442312
vn -0.041765 0.990369 -0.132001
vn 0.048047 0.998681 0.018097
vn 0.153259 0.986034 -0.065182
vn 0.082164 0.979481 -0.184030
vn 0.171628 0.975176 0.139913
vn 0.317624 0.922157 0.220775
vn 0.366702 0.925446 0.095289
vn 0.251121 0.967451 0.031258
vn 0.471221 0.844749 0.253673
vn 0.617667 0.750703 0.234376
vn 0.604267 0.789691 0.106062
vn 0.488329 0.864185 0.121325
vn 0.742579 0.648912 0.165800
vn 0.833561 0.549809 0.053724
vn 0.775203 0.630629 -0.036977
vn 0.703180 0.709125 0.051765
vn 0.882045 0.462469 -0.090101
vn 0.813609 0.561502 -0.150850
vn 0.715595 0.574683 -0.397069
vn 0.743908 0.598051 -0.298221
vn 0.661883 0.569337 -0.487612
vn 0.614539 0.650783 -0.445896
vn 0.653819 0.653037 -0.382183
vn 0.672550 0.671100 -0.311931
vn 0.587227 0.583810 -0.560653
vn 0.499434 0.615447 -0.609746
vn 0.499600 0.683423 -0.532290
vn 0.562257 0.659568 -0.498836
vn 0.406998 0.662276 -0.629081
vn 0.318662 0.718758 -0.617933
vn 0.371754 0.756500 -0.538058
vn 0.433723 0.715531 -0.547631
vn 0.243724 0.780116 -0.576210
vn 0.188557 0.839811 -0.509081
vn 0.279725 0.842111 -0.461089
vn 0.317296 0.799562 -0.509925
vn 0.159815 0.892272 -0.422268
vn 0.158863 0.932359 -0.324759
vn 0.258716 0.907581 -0.330701
vn 0.257454 0.879546 -0.400146
vn 0.187309 0.955947 -0.226012
vn 0.240907 0.961063 -0.135359
vn 0.316756 0.927881 -0.196730
vn 0.277067 0.924951 -0.260193
vn 0.315690 0.946807 -0.062421
vn 0.403340 0.914955 -0.013239
vn 0.431641 0.895270 -0.110354
vn 0.368612 0.918437 -0.143525
vn 0.495932 0.868341 0.006018
vn 0.584136 0.811640 -0.005042
vn 0.559526 0.822192 -0.104556
vn 0.497146 0.862481 -0.094724
vn 0.659187 0.750519 -0.046839
vn 0.714219 0.690594 -0.113894
vn 0.651540 0.736569 -0.181553
vn 0.613573 0.778457 -0.132415
vn 0.743093 0.638351 -0.200801
vn 0.673415 0.698460 -0.242211
vn -0.369691 -0.881508 0.293721
vn -0.407596 -0.871980 0.271138
vn -0.380713 -0.862583 0.333179
vn -0.479468 -0.812797 0.330865
vn -0.420931 -0.877859 0.228431
vn -0.460792 -0.856879 0.231145
vn -0.492866 -0.846541 0.201125
vn -0.520012 -0.823041 0.228454
vn -0.558020 -0.799522 0.222213
vn -0.562627 -0.783382 0.264129
vn -0.591517 -0.754742 0.283678
vn -0.572356 -0.753069 0.324493
vn -0.580537 -0.729343 0.361989
vn -0.545484 -0.743673 0.386521
vn -0.529298 -0.732988 0.427285
vn -0.492262 -0.758778 0.426537
vn -0.457354 -0.764306 0.454603
vn -0.433047 -0.792610 0.429232
vn -0.392211 -0.811316 0.433518
vn -0.390444 -0.832255 0.393580
vn -0.358714 -0.856096 0.372053
vn 0.580537 0.729332 -0.362011
vn 0.572355 0.753070 -0.324493
vn 0.545475 0.743672 -0.386536
vn 0.479469 0.812796 -0.330865
vn 0.529291 0.732994 -0.427284
vn 0.492264 0.758777 -0.426537
vn 0.457368 0.764301 -0.454598
vn 0.433059 0.792602 -0.429234
vn 0.392208 0.811317 -0.433517
vn 0.390443 0.832256 -0.393580
vn 0.358716 0.856094 -0.372057
vn 0.380715 0.862582 -0.333178
vn 0.369692 0.881508 -0.293720
vn 0.407593 0.871982 -0.271138
vn 0.420931 0.877860 -0.228429
vn 0.460797 0.856877 -0.231145
vn 0.492868 0.846540 -0.201125
vn 0.520016 0.823037 -0.228458
vn 0.558015 0.799523 -0.222222
vn 0.562621 0.783390 -0.264115
vn 0.591514 0.754752 -0.283656
vn -0.983780 0.167841 -0.063294
vn -0.984043 0.145275 -0.102732
vn -0.927700 -0.343853 -0.145392
vn -0.920156 -0.363662 -0.145132
vn -0.985489 0.135542 -0.102175
vn -0.933133 -0.330905 -0.140587
vn -0.421084 -0.896646 -0.136798
vn -0.393391 -0.909457 -0.134652
vn -0.344562 -0.930847 -0.121664
vn -0.674605 -0.034492 0.737373
vn -0.648602 0.126126 0.750605
vn -0.870368 0.241296 0.429227
vn -0.918421 0.120731 0.376732
vn -0.595405 0.271058 0.756320
vn -0.835995 0.369706 0.405499
vn -0.881791 0.471009 -0.024399
vn -0.945175 0.325438 -0.027112
vn -0.130708 -0.989262 -0.065392
vn -0.422127 -0.870781 0.252092
vn -0.424511 -0.893838 0.144372
vn -0.125618 -0.991494 -0.034060
vn -0.536385 -0.817616 0.209272
vn -0.885646 -0.078556 0.457668
vn -0.761344 -0.030548 0.647628
vn 0.082857 0.989942 0.114671
vn 0.034781 0.994340 0.100394
vn -0.590182 0.807253 0.005301
vn -0.577738 0.816175 0.008762
vn 0.007034 0.995249 0.097109
vn -0.600010 0.799958 0.007414
vn -0.858596 0.510031 -0.051776
vn -0.864980 0.498726 -0.055513
vn -0.657632 0.342351 0.671056
vn -0.022640 0.892286 0.450903
vn -0.015010 0.932348 0.361252
vn -0.714868 0.487198 0.501599
vn -0.130857 0.907639 0.398833
vn 0.301897 0.931155 0.204471
vn 0.298268 0.938648 0.173137
vn -0.136629 -0.989619 -0.044572
vn -0.037297 -0.995562 -0.086407
vn 0.049210 -0.995343 -0.082886
vn 0.003136 -0.999575 -0.028996
vn 0.023821 -0.992950 -0.116115
vn 0.108276 -0.986456 -0.123208
vn 0.639127 -0.758806 -0.125416
vn 0.539825 -0.840549 -0.045451
vn 0.488594 -0.865324 0.111759
vn 0.901753 -0.338609 0.268674
vn 0.195067 -0.186379 0.962918
vn 0.002701 -0.734702 0.678385
vn 0.852416 0.434099 0.291453
vn 0.296885 0.457376 0.838252
vn -0.573736 0.638718 0.512705
vn -0.807030 0.206633 0.553178
vn -0.849697 -0.309813 0.426651
vn 0.900333 0.419453 0.116015
vn 0.477412 0.866012 0.148661
vn 0.430481 0.878594 0.206783
vn 0.955406 0.295289 0.001723
vn 0.535507 0.838431 0.101320
vn 0.452633 0.884176 0.115572
vn 0.391436 0.907963 0.149603
vn 0.291384 0.936712 0.194077
vn 0.139012 -0.979330 -0.146927
vn -0.009121 -0.989673 -0.143054
vn 0.423197 -0.860433 -0.283829
vn 0.519097 -0.815639 -0.255485
vn -0.463185 -0.873025 -0.152600
vn 0.023713 -0.911917 -0.409688
vn 0.757699 -0.299501 -0.579821
vn 0.839996 -0.350511 -0.414184
vn 0.857176 -0.380776 -0.346783
vn 0.833224 -0.448488 -0.323414
vn 0.909004 -0.266669 -0.320311
vn 0.913443 -0.269815 -0.304667
vn 0.817253 -0.487307 -0.307619
vn 0.955031 -0.071402 -0.287780
vn 0.964513 -0.030277 -0.262293
vn 0.982052 0.113629 -0.150539
vn 0.933419 -0.289601 -0.211803
vn 0.749987 -0.620369 -0.229483
vn 0.933931 -0.147655 -0.325530
vn 0.905670 -0.150765 -0.396272
vn 0.815729 0.563371 -0.131148
vn 0.883901 0.452617 -0.117712
vn 0.824477 -0.117177 -0.553631
vn 0.458729 0.861521 -0.217602
vn -0.036978 0.996159 0.079378
vn 0.421191 0.902640 0.088537
vn 0.566408 0.820907 0.072760
vn -0.978315 0.154810 -0.137601
vn -0.929939 0.344713 -0.128010
vn -0.699268 0.317515 -0.640475
vn -0.763860 0.144803 -0.628928
vn -0.860067 0.502384 -0.088857
vn -0.649101 0.479696 -0.590389
vn 0.780787 -0.197833 -0.592650
vn -0.738426 0.169329 0.652729
vn -0.847904 0.228362 0.478445
vn 0.945859 -0.322938 0.032584
vn 0.947147 -0.309615 -0.083967
vn 0.874367 -0.247595 -0.417349
vn 0.900001 -0.263367 -0.347328
vn -0.939508 0.333604 -0.077679
vn -0.937919 0.338255 -0.076757
vn 0.313929 0.940034 0.133356
vn 0.384420 0.911699 0.145003
vn 0.425446 0.896905 0.120649
vn 0.324739 0.937860 0.122321
vn -0.115617 -0.987782 -0.104498
vn -0.044764 -0.994835 -0.091106
vn -0.104856 -0.987808 -0.115066
vn -0.003834 -0.993618 -0.112729
vn -0.902135 -0.430517 0.028413
vn -0.547144 0.816595 0.183865
vn -0.160649 -0.974566 0.156245
vn -0.417221 -0.904406 0.089311
vn 0.261285 0.884588 0.386310
vn 0.006453 0.950842 0.309611
vn 0.198895 -0.966473 -0.162391
vn 0.376541 -0.900415 -0.217875
vn 0.336963 -0.919115 -0.204164
vn 0.244366 -0.952189 -0.183362
vn 0.778353 0.626474 -0.041201
vn 0.744737 0.667142 -0.016973
vn 0.624416 0.779576 0.048647
vn 0.663690 0.747748 0.019735
vn -0.947093 -0.288115 -0.141441
vn -0.854094 -0.318763 -0.410990
vn -0.628042 0.778180 0.000107
vn -0.517883 0.818112 -0.249979
vn -0.986302 0.129590 -0.102053
vn -0.938590 -0.316623 -0.137107
vn -0.448521 -0.882639 -0.140633
vn -0.936705 0.341710 -0.076274
vn -0.854410 0.517217 -0.049696
vn -0.021054 0.995536 0.092005
vn -0.610728 0.791798 0.008152
vn 0.351103 0.929401 0.113754
vn 0.476752 0.872887 0.103808
vn 0.978994 0.182072 -0.091762
vn 0.602322 0.796601 0.051330
vn 0.532721 0.842649 0.078432
vn 0.712018 -0.676367 -0.188570
vn 0.940942 -0.298373 -0.160005
vn 0.104740 -0.983884 -0.144922
vn 0.178624 -0.970372 -0.162704
vn -0.078759 -0.989335 -0.122533
vn 0.047667 -0.990935 -0.125601
vn -0.148761 -0.988289 -0.033978
vn -0.518519 -0.847553 0.113105
vn -0.924919 -0.207384 0.318616
vn -0.028853 -0.995801 -0.086877
vn 0.035881 -0.992589 -0.116104
vn 0.183171 -0.971125 -0.152854
vn 0.106229 -0.984921 -0.136552
vn 0.489819 -0.838372 -0.239186
vn 0.855286 -0.411111 -0.315394
vn 0.910858 -0.270090 -0.312071
vn 0.949392 -0.125083 -0.288112
vn 0.864998 0.493509 -0.090707
vn 0.608894 0.790871 0.061407
vn 0.534377 0.840726 0.087296
vn 0.464859 0.877924 0.114698
vn 0.279253 0.938186 0.204511
vn 0.400086 0.904326 0.148747
vn -0.673446 0.624603 0.395402
vn -0.099497 0.942390 0.319378
vn -0.890997 0.255201 0.375495
vn 0.685198 -0.716703 0.129772
vn 0.639790 -0.763604 0.087047
vn 0.673667 -0.738983 -0.008770
vn 0.738727 -0.672239 0.048766
vn 0.580780 -0.811166 0.068589
vn 0.591485 -0.805444 -0.037505
vn 0.595463 -0.788360 -0.154636
vn 0.703253 -0.701126 -0.117720
vn 0.788224 -0.613973 -0.041702
vn 0.515592 -0.853999 0.069647
vn 0.499946 -0.865424 -0.033108
vn 0.450599 -0.887452 0.096902
vn 0.407905 -0.913021 0.002414
vn 0.355131 -0.929193 -0.102384
vn 0.475479 -0.866908 -0.149633
vn 0.390425 -0.909730 0.141281
vn 0.324868 -0.943378 0.067077
vn 0.344369 -0.916427 0.203894
vn 0.258107 -0.953880 0.153278
vn 0.159033 -0.982680 0.095120
vn 0.245929 -0.969116 -0.018272
vn 0.312119 -0.909496 0.274588
vn 0.215331 -0.943055 0.253534
vn 0.302681 -0.887016 0.348694
vn 0.199329 -0.912408 0.357463
vn 0.082062 -0.928392 0.362429
vn 0.102311 -0.968696 0.226189
vn 0.310561 -0.853405 0.418630
vn 0.213178 -0.864585 0.455025
vn 0.341438 -0.810468 0.475984
vn 0.253983 -0.804456 0.536977
vn 0.153623 -0.787060 0.597441
vn 0.099458 -0.865804 0.490400
vn 0.386380 -0.762854 0.518426
vn 0.319192 -0.737938 0.594612
vn 0.445866 -0.715999 0.537168
vn 0.401228 -0.671244 0.623256
vn 0.346379 -0.612679 0.710384
vn 0.238484 -0.699755 0.673401
vn 0.510589 -0.672450 0.535827
vn 0.492938 -0.611491 0.618943
vn 0.576042 -0.639713 0.508864
vn 0.584804 -0.563675 0.583330
vn 0.586725 -0.471855 0.658109
vn 0.466280 -0.533979 0.705301
vn 0.635736 -0.616728 0.464205
vn 0.667991 -0.533555 0.518756
vn 0.682278 -0.610736 0.401868
vn 0.734606 -0.522818 0.432453
vn 0.782819 -0.418374 0.460605
vn 0.695812 -0.431777 0.573946
vn 0.714049 -0.616960 0.330900
vn 0.777535 -0.533866 0.332304
vn 0.723962 -0.640147 0.257083
vn 0.793393 -0.564281 0.228284
vn 0.859791 -0.472644 0.193307
vn 0.839439 -0.432195 0.329469
vn 0.715602 -0.673052 0.186853
vn 0.779702 -0.612335 0.130810
vn 0.842282 -0.535069 0.065286
vn 0.725015 -0.645009 -0.241490
vn 0.831800 -0.535541 -0.145963
vn 0.589596 -0.754654 -0.287877
vn 0.569737 -0.699842 -0.430839
vn 0.733064 -0.567552 -0.374838
vn 0.861933 -0.435505 -0.259628
vn 0.438810 -0.853318 -0.281594
vn 0.287623 -0.931610 -0.222209
vn 0.205430 -0.913326 -0.351618
vn 0.387808 -0.818836 -0.423217
vn 0.150399 -0.981732 -0.116541
vn 0.041236 -0.998813 0.025941
vn -0.091830 -0.994404 -0.052229
vn 0.039887 -0.973750 -0.224100
vn -0.030051 -0.981203 0.190624
vn -0.055476 -0.930599 0.361812
vn -0.208498 -0.912110 0.352966
vn -0.177799 -0.973110 0.146438
vn -0.033631 -0.851929 0.522576
vn 0.034445 -0.753027 0.657087
vn -0.100017 -0.697884 0.709193
vn -0.182099 -0.817164 0.546885
vn 0.141068 -0.643301 0.752505
vn 0.276642 -0.533927 0.798994
vn 0.192175 -0.433536 0.880406
vn 0.028616 -0.565480 0.824266
vn 0.427250 -0.434995 0.792614
vn 0.578620 -0.356957 0.733335
vn 0.556488 -0.220028 0.801192
vn 0.373865 -0.314177 0.872650
vn 0.715665 -0.306567 0.627567
vn 0.825011 -0.289752 0.485180
vn 0.853749 -0.138970 0.501797
vn 0.721788 -0.159266 0.673540
vn 0.896120 -0.307113 0.320391
vn 0.921713 -0.357980 0.149319
vn 0.970416 -0.221267 0.096608
vn 0.939482 -0.159911 0.302988
vn 0.899689 -0.436378 -0.011552
vn 0.943786 -0.315866 -0.097449
vn 0.721270 -0.464509 -0.513810
vn 0.871269 -0.310851 -0.379820
vn 0.531253 -0.618444 -0.579049
vn 0.469380 -0.505529 -0.723963
vn 0.682451 -0.332933 -0.650705
vn 0.850684 -0.160549 -0.500561
vn 0.319563 -0.756876 -0.570103
vn 0.107342 -0.866859 -0.486861
vn -0.006037 -0.784104 -0.620601
vn 0.231996 -0.660780 -0.713826
vn -0.085236 -0.937127 -0.338419
vn -0.238546 -0.961206 -0.138486
vn -0.393949 -0.889913 -0.229912
vn -0.221934 -0.862894 -0.454048
vn -0.338523 -0.936381 0.092701
vn -0.374307 -0.865449 0.333005
vn -0.546208 -0.782516 0.298873
vn -0.505957 -0.862058 0.029395
vn -0.343518 -0.754946 0.558617
vn -0.248067 -0.616170 0.747527
vn -0.404615 -0.502966 0.763749
vn -0.511560 -0.658608 0.551853
vn -0.098352 -0.462115 0.881349
vn 0.091932 -0.308572 0.946748
vn -0.023317 -0.157998 0.987164
vn -0.236634 -0.330238 0.913754
vn 0.303357 -0.169721 0.937640
vn 0.515848 -0.060159 0.854566
vn 0.452077 0.120584 0.883791
vn 0.213826 -0.002367 0.976869
vn 0.708155 0.010496 0.705979
vn 0.861739 0.034182 0.506199
vn 0.840003 0.226405 0.493088
vn 0.667735 0.199732 0.717103
vn 0.961440 0.009775 0.274841
vn 0.997500 -0.061565 0.034697
vn 0.992252 0.119012 -0.035665
vn 0.951758 0.198914 0.233645
vn 0.966449 -0.171670 -0.191066
vn 0.957376 -0.004549 -0.288810
vn 0.610957 -0.175336 -0.772003
vn 0.791825 0.010089 -0.610665
vn 0.381855 -0.360851 -0.850866
vn 0.271552 -0.191525 -0.943174
vn 0.506532 -0.001463 -0.862220
vn 0.691921 0.188732 -0.696868
vn 0.126689 -0.527847 -0.839837
vn -0.129300 -0.660367 -0.739727
vn -0.252529 -0.498644 -0.829206
vn 0.009992 -0.362848 -0.931795
vn -0.361353 -0.745103 -0.560577
vn -0.546398 -0.774123 -0.319660
vn -0.680145 -0.615304 -0.398502
vn -0.490335 -0.585637 -0.645446
vn -0.666691 -0.744216 -0.040813
vn -0.710094 -0.658662 0.248859
vn -0.847981 -0.496916 0.184399
vn -0.803378 -0.584733 -0.112568
vn -0.672733 -0.525474 0.520872
vn -0.557877 -0.358068 0.748706
vn -0.691929 -0.188712 0.696865
vn -0.809582 -0.360455 0.463303
vn -0.377163 -0.172439 0.909952
vn -0.147895 0.012834 0.988920
vn -0.271545 0.191531 0.943175
vn -0.506536 0.001474 0.862217
vn 0.107132 0.180046 0.977807
vn 0.363248 0.312361 0.877771
vn 0.252517 0.498648 0.829208
vn -0.009993 0.362849 0.931794
vn 0.595139 0.397335 0.698524
vn 0.780335 0.426133 0.457698
vn 0.680136 0.615312 0.398505
vn 0.490323 0.585654 0.645440
vn 0.900491 0.396433 0.178767
vn 0.944038 0.310659 -0.110832
vn 0.847980 0.496917 -0.184399
vn 0.803379 0.584729 0.112578
vn 0.906528 0.177701 -0.382923
vn 0.809575 0.360464 -0.463307
vn 0.377158 0.172450 -0.909952
vn 0.557878 0.358070 -0.748704
vn 0.147895 -0.012810 -0.988920
vn 0.023326 0.158008 -0.987162
vn 0.236634 0.330240 -0.913754
vn 0.404630 0.502959 -0.763745
vn -0.107148 -0.180033 -0.977808
vn -0.363258 -0.312366 -0.877765
vn -0.452077 -0.120606 -0.883788
vn -0.213809 0.002360 -0.976873
vn -0.595139 -0.397342 -0.698520
vn -0.780332 -0.426133 -0.457704
vn -0.840004 -0.226388 -0.493094
vn -0.667741 -0.199732 -0.717098
vn -0.900490 -0.396430 -0.178776
vn -0.944037 -0.310663 0.110830
vn -0.992251 -0.119016 0.035688
vn -0.951760 -0.198904 -0.233646
vn -0.906525 -0.177698 0.382931
vn -0.791829 -0.010080 0.610660
vn -0.850681 0.160544 0.500566
vn -0.957373 0.004540 0.288820
vn -0.610957 0.175324 0.772006
vn -0.381828 0.360817 0.850893
vn -0.469372 0.505523 0.723973
vn -0.682456 0.332917 0.650707
vn -0.126653 0.527808 0.839868
vn 0.129315 0.660359 0.739732
vn 0.006044 0.784108 0.620595
vn -0.231988 0.660786 0.713823
vn 0.361351 0.745117 0.560559
vn 0.546386 0.774131 0.319661
vn 0.393960 0.889909 0.229906
vn 0.221947 0.862892 0.454045
vn 0.666690 0.744217 0.040818
vn 0.710094 0.658662 -0.248859
vn 0.546203 0.782522 -0.298869
vn 0.505955 0.862059 -0.029398
vn 0.672736 0.525470 -0.520873
vn 0.511567 0.658605 -0.551851
vn 0.098361 0.462102 -0.881355
vn 0.248075 0.616162 -0.747531
vn -0.091928 0.308580 -0.946746
vn -0.192162 0.433515 -0.880420
vn -0.028603 0.565473 -0.824271
vn 0.100021 0.697878 -0.709199
vn -0.303357 0.169743 -0.937636
vn -0.515851 0.060160 -0.854564
vn -0.556478 0.220030 -0.801198
vn -0.373855 0.314167 -0.872658
vn -0.708164 -0.010500 -0.705970
vn -0.861744 -0.034178 -0.506191
vn -0.853752 0.138949 -0.501797
vn -0.721797 0.159249 -0.673534
vn -0.961440 -0.009772 -0.274842
vn -0.997499 0.061569 -0.034703
vn -0.970415 0.221273 -0.096605
vn -0.939482 0.159908 -0.302991
vn -0.966446 0.171682 0.191070
vn -0.871267 0.310860 0.379817
vn -0.861935 0.435502 0.259628
vn -0.943787 0.315864 0.097451
vn -0.721278 0.464515 0.513794
vn -0.531258 0.618456 0.579031
vn -0.569742 0.699839 0.430836
vn -0.733067 0.567548 0.374836
vn -0.319565 0.756889 0.570085
vn -0.107349 0.866861 0.486855
vn -0.205428 0.913327 0.351616
vn -0.387808 0.818837 0.423216
vn 0.085240 0.937124 0.338427
vn 0.238552 0.961204 0.138492
vn 0.091828 0.994404 0.052232
vn -0.039887 0.973748 0.224106
vn 0.338522 0.936381 -0.092706
vn 0.374307 0.865449 -0.333006
vn 0.208505 0.912110 -0.352960
vn 0.177799 0.973110 -0.146437
vn 0.343523 0.754944 -0.558616
vn 0.182114 0.817164 -0.546881
vn -0.141054 0.643308 -0.752501
vn -0.034447 0.753023 -0.657092
vn -0.276640 0.533920 -0.798999
vn -0.346400 0.612693 -0.710362
vn -0.238489 0.699766 -0.673387
vn -0.153632 0.787061 -0.597438
vn -0.427265 0.434990 -0.792609
vn -0.578623 0.356974 -0.733324
vn -0.586725 0.471844 -0.658116
vn -0.466285 0.533984 -0.705294
vn -0.715666 0.306581 -0.627560
vn -0.825014 0.289749 -0.485177
vn -0.782820 0.418369 -0.460608
vn -0.695816 0.431768 -0.573948
vn -0.896125 0.307100 -0.320390
vn -0.921718 0.357972 -0.149309
vn -0.859789 0.472650 -0.193301
vn -0.839438 0.432195 -0.329471
vn -0.899691 0.436375 0.011557
vn -0.831799 0.535541 0.145968
vn -0.788223 0.613976 0.041692
vn -0.842279 0.535074 -0.065285
vn -0.725016 0.645007 0.241493
vn -0.589598 0.754652 0.287879
vn -0.595462 0.788360 0.154641
vn -0.703257 0.701122 0.117715
vn -0.438806 0.853319 0.281595
vn -0.287626 0.931608 0.222213
vn -0.355130 0.929194 0.102379
vn -0.475470 0.866913 0.149633
vn -0.150402 0.981732 0.116542
vn -0.041236 0.998813 -0.025941
vn -0.159029 0.982681 -0.095121
vn -0.245928 0.969116 0.018273
vn 0.030053 0.981203 -0.190625
vn 0.055480 0.930602 -0.361804
vn -0.082065 0.928394 -0.362422
vn -0.102309 0.968696 -0.226188
vn 0.033631 0.851929 -0.522576
vn -0.099477 0.865807 -0.490391
vn -0.319198 0.737938 -0.594609
vn -0.253980 0.804452 -0.536984
vn -0.401234 0.671245 -0.623251
vn -0.445856 0.715995 -0.537181
vn -0.386380 0.762853 -0.518426
vn -0.341444 0.810457 -0.476000
vn -0.492916 0.611505 -0.618947
vn -0.584801 0.563673 -0.583336
vn -0.576046 0.639720 -0.508851
vn -0.510569 0.672458 -0.535835
vn -0.668001 0.533545 -0.518752
vn -0.734603 0.522822 -0.432454
vn -0.682278 0.610731 -0.401876
vn -0.635738 0.616733 -0.464195
vn -0.777529 0.533877 -0.332300
vn -0.793388 0.564291 -0.228280
vn -0.723973 0.640139 -0.257069
vn -0.714062 0.616947 -0.330896
vn -0.779697 0.612340 -0.130812
vn -0.738723 0.672242 -0.048772
vn -0.685201 0.716700 -0.129771
vn -0.715605 0.673051 -0.186845
vn -0.673667 0.738983 0.008761
vn -0.591483 0.805445 0.037498
vn -0.580789 0.811160 -0.068584
vn -0.639796 0.763600 -0.087039
vn -0.499942 0.865426 0.033108
vn -0.407904 0.913022 -0.002413
vn -0.450589 0.887458 -0.096893
vn -0.515593 0.853999 -0.069642
vn -0.324869 0.943377 -0.067076
vn -0.258105 0.953881 -0.153278
vn -0.344366 0.916427 -0.203897
vn -0.390426 0.909730 -0.141276
vn -0.215326 0.943056 -0.253534
vn -0.199322 0.912412 -0.357457
vn -0.302678 0.887024 -0.348676
vn -0.312117 0.909496 -0.274591
vn -0.213168 0.864585 -0.455030
vn -0.310561 0.853403 -0.418634
vn 0.595737 -0.780710 0.188651
vn 0.557697 -0.805119 0.201887
vn 0.606153 -0.761282 0.230282
vn 0.529936 -0.788288 0.312682
vn 0.526090 -0.831398 0.178904
vn 0.497291 -0.840516 0.215023
vn 0.455932 -0.862632 0.219071
vn 0.448011 -0.853956 0.264663
vn 0.412015 -0.862510 0.293802
vn 0.428661 -0.840314 0.331847
vn 0.411136 -0.831067 0.374560
vn 0.446647 -0.804793 0.390915
vn 0.453651 -0.780284 0.430533
vn 0.495108 -0.760951 0.419311
vn 0.523310 -0.729594 0.440272
vn 0.555512 -0.725558 0.406169
vn 0.593454 -0.698371 0.400113
vn 0.604795 -0.712118 0.356526
vn 0.637372 -0.698490 0.325374
vn 0.624144 -0.725753 0.289356
vn 0.638247 -0.729930 0.244629
vn -0.453642 0.780288 -0.430535
vn -0.446654 0.804790 -0.390913
vn -0.495102 0.760956 -0.419310
vn -0.529930 0.788291 -0.312684
vn -0.523307 0.729589 -0.440283
vn -0.555522 0.725553 -0.406163
vn -0.593462 0.698364 -0.400113
vn -0.604776 0.712122 -0.356549
vn -0.637370 0.698478 -0.325404
vn -0.624138 0.725762 -0.289347
vn -0.638248 0.729939 -0.244601
vn -0.606149 0.761287 -0.230273
vn -0.595736 0.780710 -0.188656
vn -0.557711 0.805108 -0.201889
vn -0.526108 0.831386 -0.178908
vn -0.497294 0.840511 -0.215034
vn -0.455914 0.862641 -0.219074
vn -0.448001 0.853955 -0.264680
vn -0.412016 0.862505 -0.293817
vn -0.428659 0.840319 -0.331836
vn -0.411144 0.831068 -0.374549
vn 0.877430 0.407698 -0.252783
vn 0.827165 0.418547 -0.374989
vn 0.809720 0.447128 -0.380040
vn 0.865064 0.423721 -0.268562
vn 0.760713 0.413884 -0.500015
vn 0.735336 0.448339 -0.508207
vn 0.660908 0.539265 -0.521914
vn 0.739641 0.550691 -0.386873
vn 0.787671 0.549957 -0.277706
vn 0.559441 0.628826 -0.540004
vn 0.639065 0.662680 -0.390450
vn 0.452606 0.694733 -0.559012
vn 0.529012 0.752732 -0.391843
vn 0.556900 0.788218 -0.261868
vn 0.674456 0.686238 -0.272372
vn 0.337081 0.744870 -0.575800
vn 0.402621 0.826977 -0.392436
vn 0.216865 0.779381 -0.587822
vn 0.263227 0.881352 -0.392340
vn 0.279817 0.928229 -0.245139
vn 0.425571 0.869058 -0.252243
vn 0.101335 0.797609 -0.594601
vn 0.124112 0.911680 -0.391709
vn 0.000000 0.802458 -0.596708
vn 0.000001 0.920226 -0.391387
vn 0.000000 0.970800 -0.239892
vn 0.132988 0.961356 -0.241059
vn -0.101335 0.797609 -0.594601
vn -0.124111 0.911680 -0.391709
vn -0.216865 0.779381 -0.587822
vn -0.263226 0.881352 -0.392340
vn -0.279818 0.928229 -0.245139
vn -0.132987 0.961356 -0.241059
vn -0.337081 0.744870 -0.575799
vn -0.402622 0.826976 -0.392435
vn -0.452606 0.694732 -0.559012
vn -0.529011 0.752733 -0.391843
vn -0.556899 0.788219 -0.261868
vn -0.425573 0.869058 -0.252243
vn -0.559444 0.628823 -0.540004
vn -0.639069 0.662677 -0.390450
vn -0.660908 0.539264 -0.521914
vn -0.739642 0.550689 -0.386874
vn -0.787673 0.549954 -0.277708
vn -0.674457 0.686237 -0.272372
vn -0.877426 0.407705 -0.252785
vn -0.827163 0.418552 -0.374988
vn -0.605871 0.738566 -0.295702
vn -0.695390 0.681399 -0.228318
vn -0.760712 0.413887 -0.500015
vn -0.337656 0.884236 -0.322670
vn 0.202026 0.978411 0.043570
vn -0.132707 0.987912 -0.080115
vn -0.296746 0.949020 -0.106317
vn 0.013465 0.999241 0.036559
vn -0.293084 0.952762 -0.079668
vn -0.540637 0.775861 -0.325195
vn -0.769875 0.567305 -0.292330
vn -0.857835 0.449766 -0.248655
vn -0.422908 0.896318 -0.133278
vn -0.783016 0.225603 -0.579645
vn -0.900179 0.074074 -0.429174
vn -0.805554 -0.024086 -0.592032
vn -0.882503 -0.153782 -0.444454
vn -0.921176 -0.187336 -0.341087
vn -0.948587 0.023715 -0.315626
vn -0.792218 -0.197211 -0.577493
vn -0.837714 -0.316963 -0.444714
vn -0.718373 -0.380310 -0.582499
vn -0.760232 -0.472116 -0.446266
vn -0.775261 -0.513801 -0.367394
vn -0.859362 -0.362483 -0.360699
vn -0.597864 -0.530082 -0.601308
vn -0.656947 -0.603180 -0.452321
vn -0.473626 -0.624342 -0.621188
vn -0.540101 -0.704306 -0.460700
vn -0.562552 -0.736763 -0.375121
vn -0.677726 -0.634912 -0.370910
vn -0.357423 -0.682934 -0.637063
vn -0.414998 -0.780087 -0.468233
vn -0.239881 -0.724498 -0.646188
vn -0.278986 -0.835679 -0.473084
vn -0.290608 -0.877719 -0.380995
vn -0.433056 -0.817948 -0.378712
vn -0.119682 -0.750474 -0.649974
vn -0.138124 -0.868942 -0.475249
vn 0.000004 -0.759179 -0.650882
vn 0.000000 -0.879582 -0.475747
vn 0.000000 -0.924187 -0.381940
vn -0.143272 -0.913056 -0.381840
vn 0.119683 -0.750472 -0.649975
vn 0.138125 -0.868942 -0.475249
vn 0.239879 -0.724498 -0.646190
vn 0.278987 -0.835679 -0.473083
vn 0.290609 -0.877718 -0.380994
vn 0.143274 -0.913056 -0.381840
vn 0.357423 -0.682933 -0.637064
vn 0.414998 -0.780087 -0.468232
vn 0.473627 -0.624343 -0.621188
vn 0.540100 -0.704307 -0.460700
vn 0.562552 -0.736763 -0.375121
vn 0.433056 -0.817949 -0.378712
vn 0.597865 -0.530081 -0.601308
vn 0.656947 -0.603180 -0.452321
vn 0.718375 -0.380307 -0.582498
vn 0.760233 -0.472116 -0.446266
vn 0.775261 -0.513802 -0.367394
vn 0.677726 -0.634912 -0.370910
vn 0.792220 -0.197199 -0.577494
vn 0.837715 -0.316959 -0.444715
vn 0.805555 -0.024090 -0.592031
vn 0.882501 -0.153783 -0.444457
vn 0.921176 -0.187336 -0.341086
vn 0.859362 -0.362482 -0.360698
vn 0.783014 0.225598 -0.579651
vn 0.900178 0.074073 -0.429177
vn 0.540637 0.775860 -0.325196
vn 0.769874 0.567307 -0.292330
vn 0.857835 0.449765 -0.248655
vn 0.948587 0.023713 -0.315626
vn -0.013472 0.999241 0.036560
vn 0.293086 0.952761 -0.079668
vn -0.202027 0.978410 0.043570
vn 0.132708 0.987912 -0.080116
vn 0.296747 0.949020 -0.106318
vn 0.422908 0.896318 -0.133278
vn 0.793266 0.606913 -0.048842
vn 0.881370 0.434424 -0.185641
vn 0.901888 0.377048 -0.210790
vn 0.921186 0.334341 -0.199080
vn 0.817399 0.533658 -0.216954
vn 0.837387 0.506636 -0.205191
vn 0.689376 0.694080 -0.207399
vn 0.563601 0.802985 -0.193829
vn 0.562058 0.804156 -0.193454
vn 0.695525 0.690014 -0.200315
vn 0.432094 0.883075 -0.182957
vn 0.286842 0.941690 -0.175901
vn 0.291906 0.938215 -0.185859
vn 0.434102 0.880985 -0.188203
vn 0.138688 0.975189 -0.172544
vn 0.000000 0.985133 -0.171792
vn -0.000000 0.982657 -0.185431
vn 0.143795 0.972098 -0.185333
vn -0.138688 0.975189 -0.172544
vn -0.286843 0.941690 -0.175902
vn -0.291906 0.938215 -0.185859
vn -0.143796 0.972098 -0.185333
vn -0.432095 0.883074 -0.182958
vn -0.563600 0.802985 -0.193829
vn -0.562057 0.804156 -0.193455
vn -0.434103 0.880985 -0.188203
vn -0.689377 0.694079 -0.207399
vn -0.817401 0.533655 -0.216954
vn -0.837389 0.506633 -0.205192
vn -0.695526 0.690013 -0.200316
vn -0.793262 0.606919 -0.048842
vn -0.881368 0.434429 -0.185639
vn -0.733390 0.657814 -0.171521
vn -0.403575 0.912624 -0.065151
vn -0.421575 0.901960 -0.093503
vn -0.872727 0.442445 -0.206372
vn -0.871951 0.470576 -0.135126
vn -0.410876 0.910992 0.035694
vn -0.968378 0.047323 -0.244958
vn -0.946694 -0.165522 -0.276357
vn -0.961065 -0.132582 -0.242436
vn -0.973900 0.100641 -0.203445
vn -0.876069 -0.376443 -0.301320
vn -0.783467 -0.540881 -0.305984
vn -0.785764 -0.566539 -0.248210
vn -0.882999 -0.392617 -0.257225
vn -0.688047 -0.657610 -0.306821
vn -0.572773 -0.759394 -0.308628
vn -0.580652 -0.777635 -0.241096
vn -0.695145 -0.676610 -0.242842
vn -0.440813 -0.842291 -0.310209
vn -0.295343 -0.903318 -0.311109
vn -0.299152 -0.923736 -0.239208
vn -0.446930 -0.861738 -0.240128
vn -0.145140 -0.939206 -0.311171
vn 0.000000 -0.950401 -0.311028
vn 0.000000 -0.971303 -0.237847
vn -0.146665 -0.960060 -0.238275
vn 0.145141 -0.939206 -0.311171
vn 0.295343 -0.903318 -0.311109
vn 0.299152 -0.923736 -0.239208
vn 0.146665 -0.960059 -0.238275
vn 0.440813 -0.842291 -0.310208
vn 0.572772 -0.759395 -0.308628
vn 0.580650 -0.777637 -0.241095
vn 0.446930 -0.861738 -0.240128
vn 0.688048 -0.657610 -0.306822
vn 0.783469 -0.540879 -0.305984
vn 0.785766 -0.566537 -0.248210
vn 0.695144 -0.676610 -0.242843
vn 0.876070 -0.376443 -0.301319
vn 0.946694 -0.165523 -0.276357
vn 0.961065 -0.132583 -0.242436
vn 0.882999 -0.392617 -0.257226
vn 0.968378 0.047320 -0.244960
vn 0.872727 0.442444 -0.206374
vn 0.871951 0.470578 -0.135125
vn 0.973901 0.100634 -0.203445
vn 0.421572 0.901961 -0.093503
vn 0.403576 0.912624 -0.065152
vn 0.410876 0.910992 0.035694
vn 0.935670 0.295054 -0.193560
vn 0.965924 0.195145 -0.170026
vn 0.857120 0.467858 -0.215532
vn 0.890806 0.395761 -0.223244
vn 0.951532 0.241863 -0.189970
vn 0.972546 0.145228 -0.181836
vn 0.706321 0.668383 -0.233186
vn 0.562846 0.789268 -0.245479
vn 0.579052 0.741524 -0.338882
vn 0.739812 0.608166 -0.287773
vn 0.438145 0.862219 -0.254180
vn 0.296921 0.918229 -0.262097
vn 0.302319 0.865615 -0.399142
vn 0.450293 0.811218 -0.373043
vn 0.147184 0.952359 -0.267112
vn -0.000000 0.963209 -0.268752
vn -0.000000 0.908677 -0.417500
vn 0.146733 0.898607 -0.413492
vn -0.147184 0.952359 -0.267112
vn -0.296921 0.918228 -0.262096
vn -0.302320 0.865615 -0.399141
vn -0.146733 0.898607 -0.413491
vn -0.438146 0.862219 -0.254180
vn -0.562845 0.789269 -0.245480
vn -0.579051 0.741525 -0.338882
vn -0.450293 0.811219 -0.373042
vn -0.706321 0.668382 -0.233186
vn -0.857121 0.467856 -0.215533
vn -0.890806 0.395762 -0.223244
vn -0.739811 0.608167 -0.287772
vn -0.972546 0.145228 -0.181835
vn -0.965924 0.195144 -0.170029
vn -0.970853 0.177891 -0.160620
vn -0.971259 0.152550 -0.182714
vn -0.761622 0.647237 0.031869
vn -0.954123 0.250137 -0.164560
vn -0.345047 0.912467 0.219878
vn -0.874678 0.484107 -0.024051
vn -0.866166 0.494663 0.071175
vn -0.308427 0.927445 0.211468
vn -0.978898 0.152232 -0.136321
vn -0.975415 -0.119253 -0.185322
vn -0.988810 -0.135313 -0.062817
vn -0.984718 0.171826 -0.028402
vn -0.886685 -0.423168 -0.186329
vn -0.788562 -0.591488 -0.168261
vn -0.801310 -0.595677 -0.055411
vn -0.897342 -0.437046 -0.061382
vn -0.701811 -0.694253 -0.159609
vn -0.587761 -0.794402 -0.153174
vn -0.587125 -0.808663 -0.036723
vn -0.705346 -0.707162 -0.049083
vn -0.452229 -0.879562 -0.147852
vn -0.302458 -0.942272 -0.143672
vn -0.300637 -0.953609 -0.015712
vn -0.450447 -0.892457 -0.024847
vn -0.148097 -0.978884 -0.140903
vn 0.000000 -0.990160 -0.139942
vn 0.000000 -0.999966 -0.008264
vn -0.147067 -0.989075 -0.010091
vn 0.148097 -0.978884 -0.140903
vn 0.302458 -0.942272 -0.143672
vn 0.300636 -0.953609 -0.015712
vn 0.147067 -0.989075 -0.010091
vn 0.452229 -0.879561 -0.147853
vn 0.587761 -0.794402 -0.153175
vn 0.587126 -0.808662 -0.036723
vn 0.450447 -0.892457 -0.024847
vn 0.701811 -0.694252 -0.159609
vn 0.788562 -0.591488 -0.168261
vn 0.801309 -0.595679 -0.055411
vn 0.705348 -0.707160 -0.049083
vn 0.886686 -0.423166 -0.186330
vn 0.975415 -0.119252 -0.185322
vn 0.988810 -0.135312 -0.062819
vn 0.897342 -0.437047 -0.061382
vn 0.978899 0.152225 -0.136322
vn 0.874676 0.484111 -0.024050
vn 0.866162 0.494669 0.071177
vn 0.984718 0.171822 -0.028404
vn 0.345045 0.912468 0.219878
vn 0.761633 0.647225 0.031866
vn 0.954127 0.250123 -0.164563
vn 0.308408 0.927451 0.211467
vn 0.971259 0.152550 -0.182715
vn 0.955403 0.205866 -0.211717
vn 0.971888 0.127037 -0.198228
vn 0.906604 0.344148 -0.244196
vn 0.895101 0.367834 -0.251978
vn 0.942923 0.230576 -0.240274
vn 0.965257 0.122657 -0.230727
vn 0.773533 0.551344 -0.312516
vn 0.613582 0.694074 -0.376536
vn 0.641729 0.704382 -0.303364
vn 0.782254 0.558196 -0.276579
vn 0.476709 0.771214 -0.421874
vn 0.315748 0.832101 -0.455972
vn 0.335829 0.878518 -0.339742
vn 0.503539 0.801027 -0.323734
vn 0.148716 0.867886 -0.473980
vn -0.000000 0.878078 -0.478518
vn -0.000000 0.936627 -0.350327
vn 0.158781 0.923822 -0.348342
vn -0.148717 0.867886 -0.473980
vn -0.315749 0.832101 -0.455972
vn -0.335830 0.878518 -0.339743
vn -0.158781 0.923822 -0.348342
vn -0.476708 0.771215 -0.421874
vn -0.613582 0.694074 -0.376535
vn -0.641730 0.704381 -0.303365
vn -0.503540 0.801027 -0.323734
vn -0.773532 0.551345 -0.312516
vn -0.906604 0.344148 -0.244196
vn -0.895101 0.367834 -0.251978
vn -0.782253 0.558197 -0.276579
vn -0.951532 0.241863 -0.189969
vn -0.955404 0.205865 -0.211716
vn -0.971888 0.127040 -0.198228
vn -0.965256 0.122658 -0.230728
vn -0.942923 0.230575 -0.240273
vn -0.989958 0.005011 -0.141275
vn -0.971357 0.236442 -0.023683
vn -0.977250 -0.059136 -0.203681
vn -0.976284 -0.012971 -0.216107
vn -0.992241 0.123991 0.009132
vn -0.986868 -0.161307 0.008505
vn -0.968772 -0.216778 -0.120370
vn -0.983109 -0.081040 -0.164104
vn -0.916086 -0.400975 0.002275
vn -0.817828 -0.575459 0.002263
vn -0.811349 -0.581976 -0.054927
vn -0.924049 -0.370090 -0.095739
vn -0.693787 -0.719937 0.018711
vn -0.571561 -0.819543 0.040831
vn -0.546841 -0.836383 0.037803
vn -0.653791 -0.756675 0.000357
vn -0.442603 -0.894933 0.056554
vn -0.296197 -0.952851 0.065900
vn -0.306874 -0.950359 0.051434
vn -0.448326 -0.892415 0.050983
vn -0.144168 -0.986979 0.071332
vn -0.000000 -0.997319 0.073179
vn 0.000000 -0.998675 0.051463
vn -0.146489 -0.987891 0.051113
vn 0.144168 -0.986979 0.071332
vn 0.296196 -0.952851 0.065900
vn 0.306874 -0.950359 0.051434
vn 0.146490 -0.987891 0.051113
vn 0.442603 -0.894933 0.056555
vn 0.571561 -0.819543 0.040831
vn 0.546841 -0.836383 0.037803
vn 0.448325 -0.892415 0.050983
vn 0.693789 -0.719936 0.018710
vn 0.817827 -0.575460 0.002263
vn 0.811349 -0.581976 -0.054928
vn 0.653792 -0.756674 0.000357
vn 0.916086 -0.400976 0.002275
vn 0.986868 -0.161306 0.008506
vn 0.968772 -0.216779 -0.120369
vn 0.924051 -0.370086 -0.095739
vn 0.992242 0.123984 0.009133
vn 0.971353 0.236459 -0.023679
vn 0.977250 -0.059133 -0.203680
vn 0.983108 -0.081047 -0.164103
vn 0.989958 0.005007 -0.141275
vn 0.976284 -0.012973 -0.216105
vn 0.919384 0.292860 -0.262615
vn 0.946637 0.176170 -0.269893
vn 0.865810 0.434483 -0.248190
vn 0.824069 0.509425 -0.247784
vn 0.889457 0.365812 -0.273948
vn 0.929499 0.245455 -0.275288
vn 0.760985 0.605249 -0.233614
vn 0.633410 0.741418 -0.221564
vn 0.605514 0.772943 -0.189506
vn 0.724228 0.655000 -0.215564
vn 0.497753 0.841018 -0.211968
vn 0.335256 0.919398 -0.205697
vn 0.322197 0.933799 -0.155591
vn 0.474441 0.863828 -0.169431
vn 0.161987 0.965657 -0.203142
vn -0.000000 0.979255 -0.202632
vn 0.000000 0.988949 -0.148255
vn 0.159346 0.975845 -0.149451
vn -0.161987 0.965657 -0.203142
vn -0.335256 0.919398 -0.205697
vn -0.322197 0.933799 -0.155591
vn -0.159346 0.975845 -0.149451
vn -0.497754 0.841018 -0.211968
vn -0.633411 0.741417 -0.221564
vn -0.605514 0.772942 -0.189506
vn -0.474441 0.863828 -0.169431
vn -0.760984 0.605250 -0.233615
vn -0.865809 0.434484 -0.248190
vn -0.824068 0.509426 -0.247786
vn -0.724227 0.655001 -0.215565
vn -0.919383 0.292861 -0.262617
vn -0.946636 0.176171 -0.269895
vn -0.929499 0.245455 -0.275289
vn -0.889455 0.365814 -0.273951
vn -0.961149 0.059619 -0.269514
vn -0.963625 -0.037328 -0.264637
vn -0.984433 0.043663 -0.170253
vn -0.958846 0.148655 -0.241902
vn -0.956716 -0.165845 -0.239145
vn -0.938282 -0.278478 -0.205125
vn -0.949605 -0.300452 -0.089320
vn -0.983907 -0.142027 -0.108418
vn -0.899166 -0.404041 -0.168080
vn -0.774099 -0.624208 -0.105523
vn -0.748789 -0.661865 -0.035350
vn -0.890768 -0.450857 -0.057094
vn -0.602763 -0.797084 -0.036540
vn -0.525885 -0.850552 0.002312
vn -0.518545 -0.854316 -0.035425
vn -0.578926 -0.814607 -0.035501
vn -0.471106 -0.882048 0.007103
vn -0.333847 -0.942626 -0.001831
vn -0.353419 -0.934301 -0.046661
vn -0.492753 -0.869058 -0.043961
vn -0.154979 -0.987893 -0.007056
vn -0.000000 -0.999968 -0.008069
vn 0.000000 -0.999029 -0.044061
vn -0.162115 -0.985769 -0.044468
vn 0.154980 -0.987892 -0.007056
vn 0.333847 -0.942626 -0.001831
vn 0.353419 -0.934301 -0.046661
vn 0.162116 -0.985769 -0.044468
vn 0.471105 -0.882049 0.007104
vn 0.525886 -0.850552 0.002312
vn 0.518546 -0.854316 -0.035424
vn 0.492751 -0.869059 -0.043960
vn 0.602763 -0.797083 -0.036539
vn 0.774099 -0.624208 -0.105523
vn 0.748788 -0.661866 -0.035348
vn 0.578925 -0.814607 -0.035499
vn 0.899168 -0.404037 -0.168081
vn 0.938283 -0.278477 -0.205125
vn 0.949606 -0.300451 -0.089319
vn 0.890770 -0.450855 -0.057093
vn 0.956716 -0.165847 -0.239144
vn 0.963625 -0.037327 -0.264637
vn 0.984432 0.043662 -0.170254
vn 0.983907 -0.142029 -0.108419
vn 0.961149 0.059619 -0.269513
vn 0.958845 0.148655 -0.241904
vn 0.874544 0.439810 -0.204302
vn 0.929621 0.336810 -0.149545
vn 0.793470 0.574800 -0.200026
vn 0.795238 0.588305 -0.146605
vn 0.884543 0.448840 -0.126990
vn 0.944321 0.321707 -0.069016
vn 0.694558 0.695091 -0.185574
vn 0.580595 0.795508 -0.173425
vn 0.576057 0.801798 -0.158993
vn 0.691081 0.706046 -0.154619
vn 0.453127 0.876189 -0.164222
vn 0.309733 0.937505 -0.158587
vn 0.308114 0.936172 -0.169258
vn 0.449866 0.877949 -0.163788
vn 0.156099 0.975219 -0.156786
vn 0.000000 0.987638 -0.156751
vn 0.000000 0.984682 -0.174362
vn 0.155741 0.972516 -0.173080
vn -0.156099 0.975219 -0.156786
vn -0.309733 0.937505 -0.158587
vn -0.308114 0.936172 -0.169258
vn -0.155742 0.972516 -0.173080
vn -0.453128 0.876189 -0.164221
vn -0.580595 0.795508 -0.173425
vn -0.576055 0.801799 -0.158993
vn -0.449868 0.877948 -0.163787
vn -0.694557 0.695092 -0.185576
vn -0.793469 0.574801 -0.200027
vn -0.795239 0.588304 -0.146606
vn -0.691079 0.706047 -0.154620
vn -0.874544 0.439812 -0.204301
vn -0.929622 0.336811 -0.149537
vn -0.944321 0.321706 -0.069015
vn -0.884543 0.448839 -0.126990
vn -0.951428 0.307856 0.002991
vn -0.948176 0.215770 0.233251
vn -0.985437 0.082351 0.148768
vn -0.974410 0.222510 0.031867
vn -0.923676 -0.049929 0.379907
vn -0.881073 -0.263621 0.392702
vn -0.919305 -0.284607 0.271805
vn -0.960238 -0.110081 0.256565
vn -0.810426 -0.455383 0.368560
vn -0.684635 -0.693922 0.223041
vn -0.787717 -0.615894 0.013298
vn -0.866759 -0.469379 0.168561
vn -0.597243 -0.801966 0.012354
vn -0.565264 -0.816278 -0.119026
vn -0.607431 -0.777882 -0.161016
vn -0.707244 -0.701409 -0.088495
vn -0.494525 -0.854516 -0.158896
vn -0.340253 -0.930251 -0.137332
vn -0.312238 -0.935050 -0.167894
vn -0.469844 -0.864381 -0.179142
vn -0.160018 -0.980360 -0.115278
vn 0.000001 -0.993831 -0.110908
vn 0.000000 -0.986956 -0.160991
vn -0.152987 -0.974925 -0.161603
vn 0.160018 -0.980360 -0.115279
vn 0.340253 -0.930252 -0.137332
vn 0.312238 -0.935050 -0.167895
vn 0.152987 -0.974925 -0.161603
vn 0.494524 -0.854516 -0.158897
vn 0.565264 -0.816277 -0.119027
vn 0.607433 -0.777881 -0.161017
vn 0.469844 -0.864381 -0.179142
vn 0.597243 -0.801965 0.012353
vn 0.684634 -0.693923 0.223043
vn 0.787717 -0.615894 0.013302
vn 0.707247 -0.701407 -0.088494
vn 0.810425 -0.455379 0.368566
vn 0.881071 -0.263619 0.392708
vn 0.919306 -0.284607 0.271801
vn 0.866759 -0.469379 0.168560
vn 0.923675 -0.049933 0.379910
vn 0.948176 0.215768 0.233253
vn 0.985437 0.082349 0.148770
vn 0.960238 -0.110085 0.256563
vn 0.951428 0.307856 0.002988
vn 0.974410 0.222507 0.031867
vn 0.951393 0.296290 -0.084048
vn 0.878615 0.472687 -0.067853
vn 0.860667 0.508822 -0.018785
vn 0.946515 0.320038 -0.041047
vn 0.783110 0.620247 -0.045075
vn 0.757728 0.652389 0.015423
vn 0.738507 0.674118 0.013175
vn 0.846518 0.532358 0.001846
vn 0.943815 0.330419 -0.006084
vn 0.680081 0.732774 -0.023073
vn 0.663241 0.747040 0.045188
vn 0.578614 0.815528 -0.010985
vn 0.579819 0.812513 0.060268
vn 0.582499 0.812365 0.027522
vn 0.653191 0.756858 0.022545
vn 0.467472 0.883941 -0.010919
vn 0.484684 0.872492 0.061958
vn 0.325009 0.945570 -0.016331
vn 0.342052 0.937849 0.058652
vn 0.356172 0.933984 0.028546
vn 0.498071 0.866657 0.028807
vn 0.162512 0.986498 -0.020304
vn 0.169128 0.983986 0.056282
vn -0.000000 0.999772 -0.021356
vn 0.000000 0.998446 0.055723
vn -0.000000 0.999614 0.027778
vn 0.176056 0.983981 0.028031
vn -0.162513 0.986498 -0.020304
vn -0.169128 0.983986 0.056282
vn -0.325010 0.945570 -0.016331
vn -0.342053 0.937849 0.058652
vn -0.356173 0.933984 0.028546
vn -0.176057 0.983981 0.028031
vn -0.467472 0.883940 -0.010918
vn -0.484685 0.872492 0.061958
vn -0.578613 0.815528 -0.010984
vn -0.579819 0.812513 0.060268
vn -0.582499 0.812365 0.027521
vn -0.498072 0.866657 0.028806
vn -0.680080 0.732775 -0.023072
vn -0.663241 0.747041 0.045188
vn -0.783110 0.620248 -0.045073
vn -0.757727 0.652389 0.015423
vn -0.738507 0.674117 0.013175
vn -0.653191 0.756858 0.022545
vn -0.878616 0.472685 -0.067851
vn -0.860668 0.508821 -0.018784
vn -0.951394 0.296288 -0.084047
vn -0.946515 0.320039 -0.041047
vn -0.943815 0.330419 -0.006085
vn -0.846518 0.532357 0.001845
vn -0.987321 0.125909 -0.096662
vn -0.988325 0.144233 -0.049107
vn -0.993794 -0.020596 -0.109317
vn -0.998550 -0.006263 -0.053459
vn -0.999889 -0.001366 -0.014869
vn -0.988870 0.148414 -0.010455
vn -0.980099 -0.158635 -0.119336
vn -0.986973 -0.149504 -0.059437
vn -0.946097 -0.297891 -0.127130
vn -0.954708 -0.289626 -0.068188
vn -0.959043 -0.281624 -0.030393
vn -0.989486 -0.143031 -0.021451
vn -0.892365 -0.430770 -0.134618
vn -0.901615 -0.425196 -0.079369
vn -0.822915 -0.551280 -0.137483
vn -0.827592 -0.553878 -0.091163
vn -0.834901 -0.547830 -0.053131
vn -0.907926 -0.417101 -0.041192
vn -0.732033 -0.667743 -0.135078
vn -0.731077 -0.674600 -0.102181
vn -0.609594 -0.781210 -0.134557
vn -0.610131 -0.784251 -0.112656
vn -0.617306 -0.782974 -0.076720
vn -0.738422 -0.671169 -0.065312
vn -0.464141 -0.874648 -0.139873
vn -0.468836 -0.874769 -0.122361
vn -0.311200 -0.938863 -0.147277
vn -0.315747 -0.939906 -0.129924
vn -0.319656 -0.942954 -0.093046
vn -0.474972 -0.875762 -0.086269
vn -0.155333 -0.976034 -0.152414
vn -0.157428 -0.978342 -0.134399
vn 0.000001 -0.988056 -0.154093
vn 0.000000 -0.990734 -0.135819
vn -0.000000 -0.995172 -0.098150
vn -0.158933 -0.982521 -0.096914
vn 0.155332 -0.976034 -0.152415
vn 0.157428 -0.978342 -0.134399
vn 0.311199 -0.938864 -0.147277
vn 0.315747 -0.939906 -0.129924
vn 0.319656 -0.942954 -0.093046
vn 0.158933 -0.982521 -0.096914
vn 0.464142 -0.874647 -0.139873
vn 0.468837 -0.874769 -0.122360
vn 0.609594 -0.781210 -0.134557
vn 0.610131 -0.784250 -0.112655
vn 0.617307 -0.782973 -0.076719
vn 0.474973 -0.875762 -0.086268
vn 0.732034 -0.667743 -0.135079
vn 0.731077 -0.674600 -0.102179
vn 0.822916 -0.551278 -0.137485
vn 0.827593 -0.553877 -0.091162
vn 0.834900 -0.547831 -0.053130
vn 0.738423 -0.671168 -0.065311
vn 0.892365 -0.430770 -0.134617
vn 0.901615 -0.425195 -0.079370
vn 0.946096 -0.297894 -0.127129
vn 0.954707 -0.289629 -0.068188
vn 0.959043 -0.281626 -0.030394
vn 0.907926 -0.417102 -0.041193
vn 0.980099 -0.158637 -0.119335
vn 0.986973 -0.149506 -0.059437
vn 0.993794 -0.020596 -0.109317
vn 0.998550 -0.006263 -0.053459
vn 0.999889 -0.001366 -0.014869
vn 0.989486 -0.143032 -0.021452
vn 0.987321 0.125907 -0.096662
vn 0.988325 0.144231 -0.049106
vn 0.988870 0.148414 -0.010455
vn 0.852976 0.521821 0.011620
vn 0.945060 0.326179 0.021649
vn 0.748554 0.663042 -0.006457
vn 0.778607 0.627508 -0.002165
vn 0.872081 0.488654 0.026310
vn 0.948482 0.313768 0.043955
vn 0.661585 0.749500 -0.023569
vn 0.585942 0.809634 -0.034140
vn 0.595641 0.801586 -0.051692
vn 0.686217 0.726747 -0.030748
vn 0.497437 0.866668 -0.037991
vn 0.356639 0.933414 -0.039326
vn 0.350665 0.933879 -0.070026
vn 0.492620 0.867939 -0.063308
vn 0.179109 0.982977 -0.040938
vn -0.000000 0.999119 -0.041960
vn -0.000000 0.997052 -0.076733
vn 0.179334 0.980944 -0.074754
vn -0.179110 0.982977 -0.040938
vn -0.356639 0.933414 -0.039326
vn -0.350666 0.933879 -0.070025
vn -0.179335 0.980944 -0.074754
vn -0.497437 0.866668 -0.037991
vn -0.585943 0.809633 -0.034140
vn -0.595642 0.801585 -0.051692
vn -0.492620 0.867939 -0.063308
vn -0.661586 0.749499 -0.023568
vn -0.748553 0.663043 -0.006457
vn -0.778607 0.627509 -0.002166
vn -0.686217 0.726747 -0.030747
vn -0.852976 0.521821 0.011621
vn -0.945061 0.326177 0.021650
vn -0.948482 0.313767 0.043954
vn -0.872081 0.488654 0.026310
vn -0.988540 0.149390 0.021705
vn -0.999844 0.002448 0.017505
vn -0.998847 0.007292 0.047441
vn -0.987463 0.150179 0.048621
vn -0.990520 -0.136886 0.011527
vn -0.961766 -0.273840 0.004186
vn -0.963367 -0.265089 0.040635
vn -0.990555 -0.129690 0.044519
vn -0.912682 -0.408648 -0.004177
vn -0.841537 -0.540038 -0.013176
vn -0.846773 -0.531029 0.031348
vn -0.916162 -0.399174 0.036151
vn -0.746181 -0.665371 -0.022273
vn -0.624762 -0.780208 -0.030792
vn -0.630979 -0.775486 0.022077
vn -0.752528 -0.658025 0.026540
vn -0.480689 -0.876067 -0.038019
vn -0.323008 -0.945410 -0.043202
vn -0.325900 -0.945281 0.015263
vn -0.485514 -0.874040 0.018170
vn -0.160135 -0.986012 -0.046228
vn 0.000001 -0.998884 -0.047234
vn 0.000001 -0.999919 0.012764
vn -0.161232 -0.986825 0.013439
vn 0.160135 -0.986012 -0.046228
vn 0.323007 -0.945410 -0.043202
vn 0.325898 -0.945282 0.015263
vn 0.161232 -0.986825 0.013439
vn 0.480690 -0.876066 -0.038019
vn 0.624764 -0.780206 -0.030792
vn 0.630981 -0.775484 0.022077
vn 0.485515 -0.874040 0.018170
vn 0.746181 -0.665370 -0.022273
vn 0.841536 -0.540040 -0.013177
vn 0.846773 -0.531030 0.031346
vn 0.752529 -0.658025 0.026539
vn 0.912681 -0.408652 -0.004178
vn 0.961766 -0.273840 0.004186
vn 0.963368 -0.265088 0.040636
vn 0.916162 -0.399175 0.036151
vn 0.990520 -0.136887 0.011528
vn 0.999844 0.002446 0.017505
vn 0.998847 0.007289 0.047442
vn 0.990555 -0.129691 0.044520
vn 0.988540 0.149390 0.021704
vn 0.987463 0.150178 0.048622
vn 0.891528 0.451234 0.039583
vn 0.952233 0.299397 0.060110
vn 0.811784 0.583881 0.009465
vn 0.842056 0.539086 0.018133
vn 0.907224 0.417929 0.047758
vn 0.955433 0.287006 0.069108
vn 0.719644 0.693950 -0.023373
vn 0.616505 0.785631 -0.052018
vn 0.651008 0.757018 -0.055793
vn 0.758572 0.651343 -0.017924
vn 0.497136 0.864625 -0.072666
vn 0.349731 0.932857 -0.086410
vn 0.357657 0.927069 -0.112364
vn 0.516737 0.851531 -0.088755
vn 0.180010 0.979106 -0.094596
vn -0.000001 0.995247 -0.097383
vn -0.000000 0.991595 -0.129381
vn 0.181573 0.975339 -0.125477
vn -0.180011 0.979106 -0.094596
vn -0.349731 0.932857 -0.086410
vn -0.357657 0.927068 -0.112364
vn -0.181573 0.975339 -0.125477
vn -0.497136 0.864625 -0.072666
vn -0.616506 0.785630 -0.052018
vn -0.651009 0.757017 -0.055793
vn -0.516738 0.851531 -0.088755
vn -0.719643 0.693950 -0.023373
vn -0.811783 0.583882 0.009465
vn -0.842055 0.539087 0.018133
vn -0.758571 0.651344 -0.017925
vn -0.891528 0.451233 0.039583
vn -0.952233 0.299398 0.060109
vn -0.955432 0.287008 0.069108
vn -0.907224 0.417929 0.047758
vn -0.986026 0.151232 0.069869
vn -0.997150 0.013444 0.074238
vn -0.995222 0.020233 0.095518
vn -0.984677 0.153005 0.083672
vn -0.989672 -0.120815 0.077151
vn -0.963830 -0.254349 0.079613
vn -0.962761 -0.242340 0.119842
vn -0.987988 -0.111183 0.107327
vn -0.918269 -0.387377 0.081980
vn -0.850432 -0.519264 0.084442
vn -0.851137 -0.503878 0.147217
vn -0.918065 -0.373393 0.133174
vn -0.757221 -0.647340 0.086998
vn -0.635729 -0.766707 0.089492
vn -0.637786 -0.750152 0.174648
vn -0.758716 -0.631120 0.161364
vn -0.489379 -0.867283 0.091258
vn -0.328509 -0.939992 0.092179
vn -0.331354 -0.923785 0.191903
vn -0.491834 -0.850774 0.185154
vn -0.162516 -0.982376 0.092338
vn 0.000000 -0.995742 0.092179
vn 0.000000 -0.980636 0.195837
vn -0.164884 -0.966820 0.195121
vn 0.162516 -0.982376 0.092338
vn 0.328509 -0.939992 0.092179
vn 0.331353 -0.923785 0.191904
vn 0.164884 -0.966820 0.195121
vn 0.489379 -0.867283 0.091258
vn 0.635729 -0.766707 0.089493
vn 0.637786 -0.750152 0.174647
vn 0.491835 -0.850774 0.185154
vn 0.757220 -0.647340 0.086998
vn 0.850433 -0.519263 0.084442
vn 0.851138 -0.503877 0.147217
vn 0.758716 -0.631120 0.161364
vn 0.918270 -0.387376 0.081980
vn 0.963830 -0.254349 0.079613
vn 0.962761 -0.242340 0.119841
vn 0.918065 -0.373392 0.133174
vn 0.989672 -0.120816 0.077151
vn 0.997150 0.013444 0.074238
vn 0.995222 0.020233 0.095519
vn 0.987988 -0.111183 0.107327
vn 0.986026 0.151232 0.069870
vn 0.984677 0.153004 0.083672
vn 0.914304 0.399940 0.064006
vn 0.955479 0.283959 0.080173
vn 0.859967 0.508506 0.043338
vn 0.856447 0.508454 0.089291
vn 0.910049 0.403935 0.092988
vn 0.951440 0.291750 0.098200
vn 0.787443 0.616165 0.016580
vn 0.682740 0.730501 -0.015323
vn 0.679258 0.729327 0.081796
vn 0.784793 0.613787 0.085824
vn 0.540062 0.840374 -0.045884
vn 0.367831 0.927366 -0.068500
vn 0.359275 0.930058 0.076899
vn 0.533886 0.841891 0.078645
vn 0.181227 0.980159 -0.080289
vn 0.000000 0.996539 -0.083131
vn 0.000000 0.996929 0.078312
vn 0.173669 0.981771 0.077232
vn -0.181227 0.980159 -0.080289
vn -0.367832 0.927366 -0.068500
vn -0.359276 0.930058 0.076899
vn -0.173668 0.981771 0.077232
vn -0.540064 0.840373 -0.045884
vn -0.682741 0.730500 -0.015323
vn -0.679258 0.729327 0.081795
vn -0.533889 0.841889 0.078645
vn -0.787441 0.616167 0.016579
vn -0.859967 0.508506 0.043338
vn -0.856447 0.508454 0.089291
vn -0.784792 0.613789 0.085824
vn -0.914304 0.399939 0.064006
vn -0.955479 0.283960 0.080172
vn -0.951441 0.291749 0.098200
vn -0.910050 0.403933 0.092988
vn -0.982786 0.158739 0.094518
vn -0.993584 0.027833 0.109619
vn -0.992644 0.032695 0.116571
vn -0.980280 0.166851 0.105890
vn -0.986608 -0.103147 0.126355
vn -0.961433 -0.233758 0.144928
vn -0.960667 -0.236595 0.145400
vn -0.986247 -0.102324 0.129793
vn -0.916666 -0.363941 0.165136
vn -0.849798 -0.493002 0.186528
vn -0.846979 -0.499496 0.182019
vn -0.914852 -0.369426 0.163008
vn -0.757900 -0.618315 0.208023
vn -0.638540 -0.735019 0.228065
vn -0.637712 -0.738387 0.219335
vn -0.755037 -0.624020 0.201293
vn -0.494963 -0.833879 0.244251
vn -0.336857 -0.906360 0.255029
vn -0.343240 -0.906844 0.244583
vn -0.497884 -0.835021 0.234203
vn -0.170189 -0.950317 0.260640
vn 0.000001 -0.965001 0.262245
vn 0.000000 -0.967654 0.252280
vn -0.176581 -0.951898 0.250418
vn 0.170189 -0.950317 0.260640
vn 0.336857 -0.906360 0.255029
vn 0.343241 -0.906844 0.244583
vn 0.176580 -0.951898 0.250418
vn 0.494963 -0.833879 0.244251
vn 0.638540 -0.735020 0.228065
vn 0.637711 -0.738388 0.219335
vn 0.497884 -0.835021 0.234203
vn 0.757901 -0.618315 0.208022
vn 0.849799 -0.493001 0.186528
vn 0.846979 -0.499495 0.182019
vn 0.755037 -0.624020 0.201293
vn 0.916666 -0.363941 0.165136
vn 0.961433 -0.233758 0.144928
vn 0.960667 -0.236595 0.145400
vn 0.914852 -0.369425 0.163008
vn 0.986608 -0.103145 0.126355
vn 0.993584 0.027833 0.109619
vn 0.992644 0.032694 0.116571
vn 0.986247 -0.102323 0.129793
vn 0.982786 0.158737 0.094518
vn 0.980280 0.166848 0.105889
vn 0.897127 0.425437 0.119027
vn 0.944603 0.306895 0.116361
vn 0.835437 0.534932 0.126064
vn 0.807856 0.571332 0.144736
vn 0.881320 0.452184 0.137132
vn 0.937356 0.322192 0.132499
vn 0.755153 0.641068 0.137026
vn 0.644199 0.749883 0.150613
vn 0.599917 0.782437 0.167008
vn 0.715716 0.680949 0.155110
vn 0.499930 0.850374 0.164118
vn 0.334217 0.926210 0.174456
vn 0.308930 0.932849 0.185351
vn 0.461511 0.869142 0.177762
vn 0.161734 0.970223 0.180302
vn -0.000191 0.983306 0.181959
vn -0.001909 0.981920 0.189287
vn 0.151129 0.970282 0.188979
vn -0.162101 0.970257 0.179793
vn -0.334607 0.926264 0.173417
vn -0.312534 0.932380 0.181631
vn -0.154880 0.970044 0.187153
vn -0.500424 0.850384 0.162549
vn -0.644818 0.749761 0.148551
vn -0.603344 0.781350 0.159590
vn -0.465004 0.868409 0.172153
vn -0.755894 0.640734 0.134477
vn -0.836207 0.534424 0.123081
vn -0.810887 0.569660 0.133979
vn -0.719032 0.679476 0.145966
vn -0.897865 0.424812 0.115646
vn -0.945290 0.306191 0.112579
vn -0.939771 0.320549 0.118656
vn -0.884024 0.450471 0.124810
vn -0.978109 0.174457 0.113440
vn -0.992508 0.033448 0.117513
vn -0.993108 0.030560 0.113150
vn -0.977066 0.179245 0.114951
vn -0.986293 -0.108749 0.124095
vn -0.959177 -0.249569 0.133021
vn -0.956747 -0.267480 0.114407
vn -0.986387 -0.119504 0.112961
vn -0.910664 -0.387280 0.143892
vn -0.839968 -0.519678 0.156170
vn -0.829536 -0.545096 0.121406
vn -0.904326 -0.410409 0.117298
vn -0.746448 -0.643645 0.168930
vn -0.630220 -0.755001 0.181098
vn -0.616788 -0.776075 0.131452
vn -0.733195 -0.668191 0.126276
vn -0.493982 -0.848132 0.191453
vn -0.343127 -0.917919 0.199218
vn -0.335464 -0.931464 0.140850
vn -0.482967 -0.864948 0.136414
vn -0.178289 -0.962587 0.204056
vn 0.000145 -0.978543 0.206043
vn -0.000303 -0.989186 0.146663
vn -0.174436 -0.974046 0.144247
vn 0.178563 -0.962302 0.205159
vn 0.343361 -0.917380 0.201288
vn 0.334943 -0.930483 0.148372
vn 0.173880 -0.973546 0.148234
vn 0.494140 -0.847377 0.194366
vn 0.630286 -0.754069 0.184714
vn 0.615979 -0.774372 0.144632
vn 0.482328 -0.863566 0.147014
vn 0.746405 -0.642594 0.173068
vn 0.839822 -0.518547 0.160650
vn 0.828359 -0.542954 0.137919
vn 0.732191 -0.666252 0.141436
vn 0.910407 -0.386126 0.148546
vn 0.958807 -0.248448 0.137705
vn 0.955121 -0.265267 0.131824
vn 0.902940 -0.408164 0.134544
vn 0.985818 -0.107721 0.128685
vn 0.991948 0.034339 0.121904
vn 0.991055 0.032347 0.129476
vn 0.984525 -0.117468 0.130046
vn 0.977483 0.175227 0.117566
vn 0.974858 0.180852 0.130171
vn 0.873957 0.463632 0.145758
vn 0.935630 0.323456 0.141328
vn 0.791883 0.591811 0.150600
vn 0.792419 0.592821 0.143650
vn 0.877683 0.458273 0.140207
vn 0.940466 0.311421 0.136161
vn 0.690930 0.705954 0.155705
vn 0.572085 0.804317 0.160601
vn 0.565566 0.811272 0.148230
vn 0.687284 0.711495 0.146341
vn 0.437941 0.883840 0.164424
vn 0.293031 0.941462 0.166680
vn 0.285743 0.946624 0.149181
vn 0.430507 0.890175 0.149173
vn 0.142822 0.975530 0.167165
vn -0.006906 0.986071 0.166180
vn -0.015401 0.989095 0.146471
vn 0.135641 0.979607 0.148226
vn -0.156283 0.974001 0.164005
vn -0.305470 0.938611 0.160303
vn -0.312964 0.939276 0.140764
vn -0.165534 0.975632 0.144015
vn -0.448901 0.880061 0.154855
vn -0.581383 0.800069 0.147931
vn -0.583877 0.801076 0.131779
vn -0.453676 0.880628 0.136650
vn -0.698441 0.701829 0.140062
vn -0.797538 0.588619 0.132138
vn -0.800471 0.587219 0.120089
vn -0.700395 0.702513 0.126187
vn -0.878105 0.461956 0.124613
vn -0.938856 0.323575 0.117683
vn -0.942599 0.316348 0.106914
vn -0.881868 0.457606 0.113599
vn -0.978126 0.175746 0.111282
vn -0.994179 0.022133 0.105446
vn -0.995532 0.011900 0.093671
vn -0.980919 0.166610 0.100195
vn -0.986060 -0.132786 0.100268
vn -0.953684 -0.285094 0.095958
vn -0.951405 -0.296822 0.082008
vn -0.985717 -0.143877 0.087532
vn -0.897680 -0.430807 0.092605
vn -0.819335 -0.566154 0.090325
vn -0.813348 -0.577109 0.073551
vn -0.893411 -0.442545 0.077276
vn -0.720437 -0.687772 0.089110
vn -0.603178 -0.792628 0.088980
vn -0.595143 -0.800603 0.069574
vn -0.713181 -0.697380 0.070942
vn -0.470403 -0.877866 0.089849
vn -0.325337 -0.941145 0.091660
vn -0.318623 -0.945247 0.070627
vn -0.462434 -0.883928 0.069471
vn -0.168964 -0.981119 0.094106
vn -0.002547 -0.995274 0.097070
vn -0.006001 -0.997094 0.075951
vn -0.165764 -0.983470 0.072865
vn 0.163996 -0.981340 0.100382
vn 0.320495 -0.941561 0.103663
vn 0.306337 -0.948249 0.083552
vn 0.153699 -0.984911 0.079543
vn 0.465424 -0.878609 0.106897
vn 0.598000 -0.793868 0.110317
vn 0.581924 -0.807905 0.093031
vn 0.449661 -0.888851 0.088028
vn 0.715201 -0.689585 0.113846
vn 0.814339 -0.568372 0.117499
vn 0.801300 -0.589137 0.104099
vn 0.700076 -0.707253 0.098425
vn 0.893052 -0.433315 0.121226
vn 0.949478 -0.287830 0.125080
vn 0.943222 -0.311383 0.115644
vn 0.883096 -0.456145 0.109874
vn 0.982329 -0.135591 0.129015
vn 0.990915 0.019613 0.133056
vn 0.991954 -0.001136 0.126598
vn 0.979904 -0.158388 0.121250
vn 0.975141 0.174053 0.137133
vn 0.978837 0.156730 0.131579
vn 0.884741 0.449842 0.121964
vn 0.947029 0.298346 0.118848
vn 0.798546 0.588925 0.124464
vn 0.802225 0.588411 0.101030
vn 0.889188 0.446607 0.099437
vn 0.951396 0.292146 0.097452
vn 0.691344 0.711419 0.126199
vn 0.566887 0.813924 0.127150
vn 0.567436 0.816987 0.102704
vn 0.693633 0.713054 0.102118
vn 0.428846 0.894371 0.127247
vn 0.281217 0.951263 0.126556
vn 0.277751 0.955182 0.102379
vn 0.427467 0.898172 0.102760
vn 0.128351 0.983807 0.125100
vn -0.025450 0.992079 0.123012
vn -0.032606 0.994399 0.100535
vn 0.122878 0.987207 0.101609
vn -0.177681 0.976702 0.120343
vn -0.325885 0.938129 0.117101
vn -0.334651 0.937279 0.097553
vn -0.185999 0.977533 0.099165
vn -0.466409 0.877285 0.113288
vn -0.595790 0.795709 0.108998
vn -0.603447 0.791884 0.093657
vn -0.474924 0.874808 0.095703
vn -0.710985 0.695433 0.104276
vn -0.809283 0.578965 0.099305
vn -0.814347 0.573495 0.089117
vn -0.717449 0.690586 0.091427
vn -0.888741 0.448629 0.094185
vn -0.947525 0.307019 0.089083
vn -0.949906 0.300906 0.084462
vn -0.892420 0.442784 0.086766
vn -0.983964 0.157281 0.084128
vn -0.996830 0.003065 0.079507
vn -0.996772 -0.003001 0.080234
vn -0.985099 0.151043 0.082258
vn -0.985505 -0.152004 0.075330
vn -0.949919 -0.304149 0.071742
vn -0.947848 -0.309328 0.076815
vn -0.984368 -0.157712 0.078400
vn -0.890885 -0.448982 0.068840
vn -0.810071 -0.582520 0.066753
vn -0.806635 -0.586335 0.074504
vn -0.888048 -0.453510 0.075500
vn -0.709302 -0.701854 0.065505
vn -0.590757 -0.804215 0.065142
vn -0.586957 -0.806283 0.073409
vn -0.705483 -0.704874 0.073803
vn -0.457889 -0.886584 0.065627
vn -0.314652 -0.946843 0.066947
vn -0.311878 -0.947279 0.073454
vn -0.454482 -0.887736 0.073285
vn -0.164044 -0.984039 0.068974
vn -0.009054 -0.997398 0.071522
vn -0.010929 -0.997158 0.074539
vn -0.162812 -0.983887 0.073888
vn 0.145554 -0.986552 0.074364
vn 0.295366 -0.952234 0.077516
vn 0.288599 -0.954402 0.076337
vn 0.140485 -0.987213 0.075332
vn 0.437594 -0.895515 0.081021
vn 0.569757 -0.817415 0.084909
vn 0.562230 -0.823185 0.079150
vn 0.430167 -0.899408 0.077598
vn 0.688589 -0.719661 0.089075
vn 0.791210 -0.604361 0.093462
vn 0.785218 -0.613634 0.082981
vn 0.681542 -0.727289 0.080939
vn 0.875176 -0.473784 0.097956
vn 0.938195 -0.330582 0.102498
vn 0.935686 -0.341770 0.087662
vn 0.870729 -0.484322 0.085229
vn 0.978179 -0.178122 0.106948
vn 0.993591 -0.020198 0.111219
vn 0.995224 -0.030616 0.092693
vn 0.977772 -0.189292 0.090166
vn 0.983454 0.139806 0.115205
vn 0.986807 0.130993 0.095143
vn 0.891274 0.446672 0.078191
vn 0.953457 0.291448 0.077315
vn 0.804141 0.589149 0.079129
vn 0.804632 0.589357 0.072290
vn 0.891366 0.447589 0.071631
vn 0.953379 0.293213 0.071377
vn 0.695280 0.714266 0.080066
vn 0.568857 0.818437 0.081016
vn 0.570809 0.817676 0.074719
vn 0.696388 0.713912 0.073310
vn 0.428543 0.899797 0.081953
vn 0.278086 0.956967 0.082961
vn 0.281153 0.956430 0.078712
vn 0.431270 0.898973 0.076506
vn 0.122299 0.988927 0.084064
vn -0.033967 0.995777 0.085295
vn -0.031175 0.995958 0.084241
vn 0.125336 0.988779 0.081277
vn -0.187961 0.978349 0.086628
vn -0.336987 0.937379 0.088093
vn -0.334960 0.937799 0.091300
vn -0.185537 0.978725 0.087595
vn -0.477312 0.874153 0.089613
vn -0.605462 0.790638 0.091144
vn -0.603872 0.790884 0.099200
vn -0.475615 0.874488 0.095190
vn -0.718944 0.688871 0.092612
vn -0.815297 0.571359 0.094018
vn -0.813779 0.571208 0.107168
vn -0.717380 0.688993 0.103221
vn -0.892790 0.440276 0.095308
vn -0.949641 0.298126 0.096452
vn -0.947829 0.297566 0.114346
vn -0.891204 0.439833 0.110914
vn -0.984162 0.148134 0.097369
vn -0.995168 -0.005855 0.098016
vn -0.992799 -0.006058 0.119639
vn -0.982057 0.147666 0.117295
vn -0.982152 -0.160339 0.098327
vn -0.945132 -0.311556 0.098281
vn -0.942529 -0.311010 0.122111
vn -0.979611 -0.160179 0.121267
vn -0.884962 -0.455268 0.097844
vn -0.803254 -0.587677 0.097049
vn -0.800757 -0.586588 0.121257
vn -0.882394 -0.454392 0.122098
vn -0.702015 -0.705678 0.095883
vn -0.583890 -0.806328 0.094379
vn -0.582099 -0.804632 0.117164
vn -0.699719 -0.704339 0.119585
vn -0.452079 -0.887163 0.092559
vn -0.309985 -0.946423 0.090516
vn -0.309154 -0.944580 0.110419
vn -0.450884 -0.885264 0.114070
vn -0.161639 -0.982888 0.088337
vn -0.011049 -0.996221 0.086150
vn -0.010308 -0.994718 0.102126
vn -0.160952 -0.981215 0.106356
vn 0.139171 -0.986697 0.084020
vn 0.286786 -0.954477 0.082020
vn 0.288014 -0.953029 0.093724
vn 0.140131 -0.985282 0.097888
vn 0.428210 -0.900114 0.080196
vn 0.560212 -0.824609 0.078626
vn 0.561641 -0.822909 0.085907
vn 0.429632 -0.898539 0.089688
vn 0.679728 -0.729378 0.077315
vn 0.783967 -0.616090 0.076342
vn 0.785491 -0.613762 0.079374
vn 0.681150 -0.727489 0.082433
vn 0.870161 -0.486915 0.075723
vn 0.935792 -0.344380 0.075476
vn 0.936971 -0.341329 0.074703
vn 0.871635 -0.484106 0.076777
vn 0.978535 -0.191742 0.075534
vn 0.996580 -0.032657 0.075902
vn 0.996957 -0.029741 0.072065
vn 0.979312 -0.188683 0.073121
vn 0.988617 0.129547 0.076510
vn 0.988660 0.132064 0.071493
vn 0.889968 0.448316 0.083485
vn 0.951781 0.295272 0.083225
vn 0.803801 0.588895 0.084297
vn 0.801526 0.587959 0.108901
vn 0.887084 0.448775 0.108091
vn 0.948714 0.297163 0.107866
vn 0.696419 0.712512 0.085602
vn 0.571894 0.815654 0.087446
vn 0.571579 0.812846 0.112154
vn 0.695068 0.710443 0.110233
vn 0.433413 0.896708 0.089817
vn 0.284188 0.954276 0.092706
vn 0.286259 0.950889 0.117752
vn 0.434230 0.893474 0.114669
vn 0.128933 0.986996 0.095999
vn -0.027475 0.994633 0.099749
vn -0.023955 0.991830 0.125296
vn 0.132021 0.983800 0.121281
vn -0.181951 0.977798 0.103952
vn -0.331488 0.937195 0.108539
vn -0.327444 0.935234 0.134600
vn -0.178231 0.975396 0.129757
vn -0.472280 0.874136 0.113306
vn -0.600691 0.790696 0.118197
vn -0.596368 0.789541 0.144812
vn -0.467979 0.872638 0.139639
vn -0.714328 0.688896 0.123112
vn -0.810851 0.571096 0.127943
vn -0.806599 0.570387 0.155106
vn -0.710053 0.687986 0.150002
vn -0.888308 0.439712 0.132526
vn -0.944859 0.297567 0.136729
vn -0.940486 0.297427 0.164388
vn -0.884015 0.439243 0.159950
vn -0.978980 0.147982 0.140355
vn -0.989671 -0.005256 0.143264
vn -0.985206 -0.004298 0.171318
vn -0.974526 0.148322 0.168222
vn -0.976553 -0.158826 0.145326
vn -0.939662 -0.309175 0.146444
vn -0.935588 -0.306800 0.174780
vn -0.972207 -0.157157 0.173536
vn -0.879816 -0.452166 0.146523
vn -0.798547 -0.584063 0.145583
vn -0.795446 -0.580506 0.174007
vn -0.876161 -0.449156 0.174929
vn -0.697959 -0.701590 0.143613
vn -0.580825 -0.801770 0.140737
vn -0.578936 -0.797659 0.169039
vn -0.695496 -0.697640 0.172000
vn -0.450096 -0.882398 0.137068
vn -0.308839 -0.941809 0.132723
vn -0.308167 -0.937652 0.160754
vn -0.448764 -0.878240 0.165246
vn -0.160782 -0.978678 0.127823
vn -0.009666 -0.992403 0.122653
vn -0.009172 -0.988601 0.150283
vn -0.160511 -0.974679 0.155683
vn 0.141425 -0.982961 0.117415
vn 0.289676 -0.950522 0.112229
vn 0.290711 -0.946625 0.139243
vn 0.142321 -0.979180 0.144745
vn 0.431480 -0.895734 0.107171
vn 0.563529 -0.819725 0.102404
vn 0.564530 -0.815297 0.128827
vn 0.432530 -0.891625 0.133880
vn 0.682956 -0.723854 0.098011
vn 0.787098 -0.609609 0.094098
vn 0.787434 -0.604614 0.119954
vn 0.683737 -0.719090 0.124152
vn 0.872841 -0.479500 0.090715
vn 0.937566 -0.336502 0.087954
vn 0.936683 -0.331368 0.113227
vn 0.872603 -0.474388 0.116275
vn 0.979179 -0.183970 0.085813
vn 0.996110 -0.025540 0.084338
vn 0.993794 -0.021299 0.109174
vn 0.977575 -0.179059 0.110839
vn 0.987271 0.135374 0.083482
vn 0.984424 0.138575 0.108192
vn 0.881652 0.447945 0.148445
vn 0.942992 0.297938 0.148317
vn 0.796850 0.585492 0.149098
vn 0.787693 0.579768 0.208348
vn 0.871426 0.444289 0.207907
vn 0.932152 0.296415 0.207919
vn 0.691472 0.706613 0.150215
vn 0.569142 0.808088 0.151890
vn 0.563054 0.799151 0.210542
vn 0.683744 0.699093 0.209197
vn 0.433058 0.888089 0.154139
vn 0.286545 0.945121 0.156964
vn 0.284202 0.934401 0.214765
vn 0.428760 0.878097 0.212392
vn 0.133671 0.977983 0.160254
vn -0.021375 0.986224 0.164031
vn -0.019878 0.975111 0.220823
vn 0.133309 0.966898 0.217571
vn -0.174904 0.970113 0.168196
vn -0.323268 0.930411 0.172721
vn -0.318367 0.920051 0.228360
vn -0.171664 0.959254 0.224418
vn -0.463037 0.868390 0.177472
vn -0.590926 0.785841 0.182377
vn -0.583125 0.777075 0.236896
vn -0.456600 0.858746 0.232533
vn -0.704231 0.684819 0.187301
vn -0.800437 0.567785 0.192146
vn -0.790285 0.561363 0.245602
vn -0.695189 0.677126 0.241274
vn -0.877525 0.437310 0.196749
vn -0.933707 0.296315 0.200970
vn -0.921885 0.293048 0.253477
vn -0.866440 0.432354 0.249704
vn -0.967566 0.148155 0.204610
vn -0.978214 -0.003477 0.207571
vn -0.965753 -0.002985 0.259447
vn -0.955272 0.146733 0.256758
vn -0.965356 -0.155256 0.209721
vn -0.929119 -0.303701 0.210958
vn -0.917393 -0.299060 0.262589
vn -0.953062 -0.152755 0.261418
vn -0.870304 -0.444948 0.211172
vn -0.790348 -0.575405 0.210380
vn -0.780718 -0.567190 0.262249
vn -0.859524 -0.438318 0.262861
vn -0.691291 -0.691823 0.208561
vn -0.575688 -0.791335 0.205847
vn -0.569209 -0.780556 0.258331
vn -0.683073 -0.682243 0.260682
vn -0.446481 -0.871616 0.202336
vn -0.306829 -0.930901 0.198191
vn -0.303852 -0.918877 0.251672
vn -0.441854 -0.859999 0.255280
vn -0.159941 -0.967972 0.193517
vn -0.009078 -0.982029 0.188510
vn -0.009415 -0.969916 0.243258
vn -0.158533 -0.955801 0.247610
vn 0.142110 -0.972729 0.183311
vn 0.290220 -0.940237 0.178122
vn 0.287141 -0.928841 0.234103
vn 0.140174 -0.960924 0.238698
vn 0.431733 -0.885240 0.173080
vn 0.563302 -0.808918 0.168353
vn 0.558142 -0.798546 0.225394
vn 0.427682 -0.874286 0.229590
vn 0.681888 -0.712840 0.163976
vn 0.784779 -0.598759 0.160030
vn 0.776908 -0.590612 0.218154
vn 0.675457 -0.703325 0.221566
vn 0.869178 -0.469071 0.156531
vn 0.932630 -0.326513 0.153595
vn 0.922800 -0.321309 0.212603
vn 0.860096 -0.462545 0.215142
vn 0.972925 -0.174746 0.151261
vn 0.988579 -0.017877 0.149638
vn 0.977770 -0.015508 0.209107
vn 0.962547 -0.170804 0.210543
vn 0.978813 0.140796 0.148667
vn 0.967812 0.141310 0.208258
vn 0.851941 0.435221 0.291168
vn 0.911522 0.290851 0.290745
vn 0.770117 0.567769 0.290789
vn 0.727960 0.538341 0.424575
vn 0.811532 0.414755 0.411575
vn 0.862602 0.274834 0.424716
vn 0.667982 0.684567 0.291836
vn 0.550495 0.782040 0.292181
vn 0.519203 0.741692 0.424642
vn 0.635075 0.653712 0.411510
vn 0.418737 0.859187 0.294035
vn 0.278180 0.914045 0.295192
vn 0.261342 0.866181 0.425948
vn 0.397470 0.819791 0.412263
vn 0.129867 0.945743 0.297834
vn -0.018895 0.953839 0.299725
vn -0.019989 0.903405 0.428322
vn 0.121881 0.902006 0.414162
vn -0.168218 0.938004 0.303070
vn -0.310858 0.899981 0.305618
vn -0.296659 0.851739 0.431896
vn -0.162226 0.894202 0.417236
vn -0.447056 0.839245 0.309530
vn -0.570006 0.759884 0.312521
vn -0.542103 0.718096 0.436419
vn -0.428480 0.799278 0.421378
vn -0.680084 0.661218 0.316665
vn -0.772339 0.548904 0.319682
vn -0.732558 0.518214 0.441376
vn -0.650189 0.628977 0.426195
vn -0.846882 0.421980 0.323611
vn -0.900804 0.286576 0.326232
vn -0.853232 0.270011 0.446195
vn -0.808223 0.401140 0.431117
vn -0.933275 0.142882 0.329519
vn -0.943517 -0.002748 0.331312
vn -0.893033 -0.003539 0.449977
vn -0.890017 0.135007 0.435481
vn -0.930867 -0.149129 0.333538
vn -0.896309 -0.291560 0.334101
vn -0.848263 -0.275629 0.452193
vn -0.887336 -0.142510 0.438549
vn -0.839775 -0.427303 0.334949
vn -0.762928 -0.553481 0.334065
vn -0.722054 -0.523312 0.452529
vn -0.800705 -0.406700 0.439849
vn -0.667631 -0.665715 0.333305
vn -0.556702 -0.761973 0.330879
vn -0.528009 -0.720237 0.449962
vn -0.636630 -0.634221 0.438709
vn -0.433058 -0.839197 0.328952
vn -0.297451 -0.897516 0.325559
vn -0.283077 -0.848858 0.446440
vn -0.414669 -0.798919 0.435637
vn -0.155875 -0.933554 0.322771
vn -0.009676 -0.947795 0.318733
vn -0.011424 -0.897275 0.441323
vn -0.149720 -0.889743 0.431209
vn 0.135126 -0.939205 0.315650
vn 0.280180 -0.908046 0.311372
vn 0.261556 -0.860807 0.436577
vn 0.125471 -0.895832 0.426313
vn 0.417354 -0.854898 0.308164
vn 0.546590 -0.780216 0.304141
vn 0.516188 -0.739697 0.431739
vn 0.395469 -0.816136 0.421339
vn 0.660738 -0.687346 0.301629
vn 0.760367 -0.576881 0.298413
vn 0.718961 -0.547678 0.427953
vn 0.629345 -0.655847 0.416881
vn 0.840754 -0.452836 0.296770
vn 0.902706 -0.313820 0.294343
vn 0.853633 -0.299446 0.426196
vn 0.800191 -0.433785 0.414157
vn 0.941356 -0.166745 0.293334
vn 0.956415 -0.013990 0.291675
vn 0.905091 -0.014245 0.424979
vn 0.896723 -0.160255 0.412561
vn 0.946389 0.138991 0.291598
vn 0.901667 0.131964 0.411802
vn 0.705007 0.360331 0.610841
vn 0.650642 0.204349 0.731373
vn 0.545861 0.409086 0.731221
vn -0.020673 -0.009709 0.999739
vn 0.549234 0.571294 0.609889
vn 0.384449 0.566482 0.728902
vn 0.341863 0.716211 0.608417
vn 0.186434 0.661189 0.726685
vn 0.100824 0.787962 0.607412
vn -0.029163 0.688520 0.724631
vn -0.147293 0.780925 0.607009
vn -0.241086 0.647026 0.723349
vn -0.380849 0.697255 0.607281
vn -0.428299 0.542756 0.722479
vn -0.574467 0.547886 0.608120
vn -0.571558 0.389213 0.722381
vn -0.711718 0.349030 0.609620
vn -0.661117 0.199797 0.723191
vn -0.782848 0.115908 0.611321
vn -0.689832 -0.007862 0.723927
vn -0.780206 -0.126322 0.612635
vn -0.655173 -0.213650 0.724639
vn -0.704445 -0.356972 0.613456
vn -0.558639 -0.402719 0.725079
vn -0.560144 -0.557331 0.612879
vn -0.412433 -0.552923 0.723999
vn -0.367847 -0.700401 0.611659
vn -0.226799 -0.651686 0.723787
vn -0.134222 -0.781052 0.609871
vn -0.021464 -0.691144 0.722398
vn 0.103046 -0.786873 0.608451
vn 0.185276 -0.665394 0.723135
vn 0.340384 -0.717392 0.607855
vn 0.383109 -0.573525 0.724083
vn 0.547200 -0.576222 0.607076
vn 0.539862 -0.428306 0.724640
vn 0.694995 -0.384297 0.607699
vn 0.643019 -0.239421 0.727464
vn 0.779793 -0.144098 0.609228
vn 0.683382 -0.019329 0.729805
vn 0.784162 0.112162 0.610336
vn -0.921185 0.334344 -0.199079
vn -0.935670 0.295052 -0.193562
vn -0.865062 0.423724 -0.268563
vn -0.901886 0.377054 -0.210787
vn -0.735332 0.448345 -0.508206
vn -0.809717 0.447133 -0.380040
vn 0.970853 0.177891 -0.160619
vn 0.695388 0.681401 -0.228316
vn 0.733386 0.657820 -0.171519
vn 0.337655 0.884236 -0.322670
vn 0.605871 0.738567 -0.295702
vn -0.012045 0.998240 -0.058077
vn -0.314530 0.870399 0.378782
vn -0.281431 0.940959 0.188132
vn 0.187784 0.943915 -0.271592
vn -0.411086 0.809997 0.418226
vn -0.421108 0.883998 0.203017
vn 0.369484 0.457300 -0.808924
vn 0.301654 0.625636 -0.719433
vn 0.520700 0.453925 -0.723065
vn 0.599983 0.225161 -0.767674
vn 0.383618 0.200401 -0.901486
vn 0.424238 0.356241 -0.832535
vn 0.643774 0.067311 -0.762249
vn 0.592893 -0.142258 -0.792616
vn 0.126208 -0.076610 -0.989041
vn 0.246400 -0.008201 -0.969133
vn 0.443602 -0.321130 -0.836715
vn 0.316782 -0.403537 -0.858375
vn 0.037680 -0.120354 -0.992016
vn 0.076493 -0.124449 -0.989273
vn 0.221437 -0.438573 -0.870988
vn 0.147083 -0.459405 -0.875964
vn 0.000008 -0.128395 -0.991723
vn 0.022794 -0.145214 -0.989138
vn 0.074255 -0.473132 -0.877857
vn 0.000012 -0.479298 -0.877652
vn -0.037694 -0.120349 -0.992016
vn -0.022797 -0.145205 -0.989139
vn -0.074255 -0.473130 -0.877858
vn -0.147098 -0.459406 -0.875961
vn -0.126201 -0.076610 -0.989042
vn -0.076492 -0.124449 -0.989273
vn -0.221436 -0.438573 -0.870988
vn -0.316778 -0.403538 -0.858376
vn -0.383625 0.200400 -0.901483
vn -0.246401 -0.008201 -0.969133
vn -0.443602 -0.321132 -0.836715
vn -0.592893 -0.142260 -0.792616
vn -0.369485 0.457299 -0.808924
vn -0.424243 0.356240 -0.832533
vn -0.643768 0.067305 -0.762255
vn -0.599972 0.225170 -0.767680
vn 0.012049 0.998240 -0.058075
vn -0.301656 0.625636 -0.719433
vn -0.520693 0.453934 -0.723065
vn -0.187778 0.943918 -0.271586
vn 0.411092 0.809993 0.418227
vn 0.314534 0.870400 0.378777
vn 0.281431 0.940959 0.188131
vn 0.421107 0.883998 0.203020
vn -0.665189 0.461932 -0.586636
vn -0.008808 0.978342 -0.206806
vn -0.548899 0.688134 -0.474533
vn 0.121047 0.991381 0.050113
vn -0.399306 0.747718 -0.530539
vn -0.534126 0.618926 -0.575881
vn -0.640556 0.474747 -0.603575
vn -0.547247 0.556737 -0.624951
vn -0.210179 0.810275 -0.547065
vn -0.282371 0.786874 -0.548723
vn -0.431401 0.626542 -0.649106
vn -0.329213 0.659478 -0.675802
vn -0.089783 0.805812 -0.585326
vn -0.134427 0.803924 -0.579340
vn -0.234986 0.677826 -0.696659
vn -0.146176 0.685625 -0.713127
vn -0.000000 0.801752 -0.597657
vn -0.034735 0.797145 -0.602788
vn -0.066920 0.690233 -0.720486
vn -0.000000 0.689462 -0.724322
vn 0.089784 0.805811 -0.585327
vn 0.034734 0.797145 -0.602788
vn 0.066920 0.690233 -0.720486
vn 0.146176 0.685625 -0.713127
vn 0.210176 0.810277 -0.547062
vn 0.134430 0.803922 -0.579343
vn 0.234987 0.677825 -0.696659
vn 0.329214 0.659478 -0.675801
vn 0.399309 0.747722 -0.530533
vn 0.282374 0.786870 -0.548726
vn 0.431404 0.626540 -0.649105
vn 0.547246 0.556739 -0.624951
vn 0.665193 0.461926 -0.586637
vn 0.640558 0.474743 -0.603577
vn 0.548893 0.688149 -0.474519
vn 0.534128 0.618913 -0.575895
vn -0.121039 0.991382 0.050106
vn 0.008809 0.978342 -0.206806
vn -0.005164 0.907694 0.419601
vn -0.345253 0.932142 -0.109141
vn -0.000002 0.807962 -0.589235
vn 0.066368 0.844891 0.530805
vn 0.280465 0.510616 -0.812779
vn 0.228985 0.612025 -0.756962
vn 0.148181 0.435634 -0.887843
vn 0.097427 0.234479 -0.967227
vn -0.004929 0.260044 -0.965584
vn -0.025357 0.137829 -0.990131
vn -0.045563 0.220814 -0.974251
vn -0.017430 0.127284 -0.991713
vn 0.000007 0.229678 -0.973267
vn 0.017440 0.127284 -0.991713
vn 0.045563 0.220814 -0.974251
vn 0.025346 0.137829 -0.990132
vn 0.004919 0.260044 -0.965584
vn -0.097433 0.234479 -0.967226
vn -0.148188 0.435633 -0.887842
vn -0.280464 0.510615 -0.812781
vn -0.228987 0.612023 -0.756963
vn -0.245725 0.717954 -0.651277
vn 0.014510 0.999394 0.031655
vn 0.228853 0.807441 0.543752
vn 0.230121 0.775154 0.588371
vn 0.112758 0.909430 0.400279
vn 0.014559 0.926660 0.375618
vn -0.133586 0.990388 0.035870
vn 0.015163 0.941131 0.337702
vn -0.063531 0.995666 0.067917
vn -0.000000 0.946816 0.321775
vn -0.016582 0.996560 0.081196
vn -0.015164 0.941131 0.337701
vn 0.016581 0.996560 0.081196
vn -0.014548 0.926660 0.375620
vn 0.063531 0.995667 0.067912
vn 0.005178 0.907694 0.419601
vn 0.133587 0.990388 0.035874
vn -0.066366 0.844892 0.530805
vn 0.345267 0.932136 -0.109150
vn -0.230122 0.775153 0.588372
vn -0.112755 0.909434 0.400271
vn -0.014514 0.999394 0.031652
vn -0.228853 0.807440 0.543753
vn 0.245721 0.717954 -0.651279
vn 0.987914 0.106695 -0.112437
vn 0.991197 -0.035660 -0.127504
vn 0.954892 0.275674 -0.110391
vn 0.976263 -0.166813 -0.138143
vn 0.941031 -0.306294 -0.143680
vn 0.885925 -0.437746 -0.153345
vn 0.822616 -0.547254 -0.154325
vn 0.739530 -0.657002 -0.146435
vn 0.615680 -0.774315 -0.146200
vn 0.463371 -0.873476 -0.149422
vn 0.308025 -0.938900 -0.153584
vn 0.153112 -0.975592 -0.157407
vn 0.000001 -0.987290 -0.158930
vn -0.153112 -0.975592 -0.157407
vn -0.308026 -0.938900 -0.153584
vn -0.463371 -0.873476 -0.149422
vn -0.615679 -0.774316 -0.146201
vn -0.739529 -0.657004 -0.146436
vn -0.822616 -0.547254 -0.154324
vn -0.885926 -0.437744 -0.153343
vn -0.941033 -0.306293 -0.143675
vn -0.976264 -0.166811 -0.138138
vn -0.991197 -0.035659 -0.127502
vn -0.987914 0.106697 -0.112437
vn -0.954892 0.275671 -0.110391
vn -0.885855 0.449561 -0.114694
vn -0.793663 0.597083 -0.116580
vn -0.688306 0.716165 -0.115509
vn -0.576367 0.809087 -0.114803
vn -0.454700 0.882729 -0.118477
vn -0.312919 0.941566 -0.124638
vn -0.157759 0.979025 -0.128926
vn -0.000000 0.991487 -0.130205
vn 0.157758 0.979025 -0.128926
vn 0.312918 0.941567 -0.124638
vn 0.454699 0.882730 -0.118477
vn 0.576369 0.809086 -0.114803
vn 0.688307 0.716164 -0.115509
vn 0.793663 0.597084 -0.116580
vn 0.885855 0.449563 -0.114693
vn -0.118588 -0.986704 -0.111139
vn -0.549758 -0.831096 -0.083934
vn -0.533389 -0.841182 -0.088938
vn -0.151513 -0.981436 -0.117592
vn -0.939374 -0.342855 -0.005249
vn -0.918449 -0.395201 -0.016379
vn -0.889510 -0.456110 -0.027121
vn -0.458148 -0.884169 -0.091352
vn -0.159058 -0.981073 -0.110437
vn -0.119957 0.950530 0.286537
vn -0.215324 -0.967492 0.132648
vn -0.035680 -0.986128 0.162107
vn 0.005560 0.958361 0.285506
vn -0.022160 -0.993675 -0.110083
vn 0.095487 -0.989082 -0.112249
vn 0.168084 -0.976566 0.134412
vn 0.127320 0.949221 0.287697
vn -0.987112 0.113465 0.112849
vn -0.939370 0.308546 0.149611
vn -0.997103 -0.065580 0.038547
vn -0.037466 0.954591 0.295556
vn 0.026640 0.920401 0.390068
vn -0.880816 0.419930 0.218685
vn -0.998631 0.004753 0.052086
vn 0.940817 -0.338878 -0.004978
vn 0.563033 -0.822254 -0.083014
vn 0.541131 -0.836236 -0.088804
vn 0.919061 -0.393772 -0.016436
vn 0.146955 -0.982041 -0.118323
vn 0.163834 -0.980229 -0.110944
vn 0.459056 -0.883633 -0.091979
vn 0.889033 -0.457015 -0.027525
vn 0.987800 0.108832 0.111384
vn 0.939958 0.306906 0.149293
vn 0.038756 0.954468 0.295786
vn 0.997089 -0.065844 0.038440
vn 0.998635 0.004600 0.052028
vn 0.880860 0.419849 0.218663
vn -0.026640 0.920401 0.390068
vn -0.887133 0.424431 0.181254
vn -0.962873 0.207981 0.172106
vn -0.961400 0.258250 0.094958
vn -0.984600 0.174596 0.008885
vn -0.471089 0.604815 0.642085
vn -0.464831 0.745485 0.477687
vn -0.409477 0.911621 0.035723
vn -0.930549 0.364566 -0.034215
vn -0.977004 0.212394 -0.018773
vn -0.386108 0.688981 0.613372
vn -0.000000 0.757948 0.652315
vn 0.000000 0.674225 0.738526
vn -0.214244 0.932423 0.291010
vn -0.000001 0.952782 0.303655
vn 0.214245 0.932423 0.291010
vn 0.386110 0.688980 0.613373
vn 0.471090 0.604815 0.642084
vn 0.962878 0.207971 0.172084
vn 0.961380 0.258304 0.095017
vn 0.464740 0.745497 0.477757
vn 0.887002 0.424652 0.181378
vn 0.984569 0.174765 0.008970
vn 0.976941 0.212690 -0.018711
vn 0.930536 0.364604 -0.034156
vn 0.409692 0.911519 0.035848
vn -0.930591 0.364546 -0.033273
vn -0.622720 0.749061 -0.226115
vn -0.761366 0.593902 -0.260005
vn -0.994222 0.104316 -0.025335
vn -0.091267 0.908626 -0.407516
vn -0.089105 0.878999 -0.468425
vn -0.107366 0.691770 -0.714092
vn -0.905263 -0.157519 -0.394571
vn -0.814591 -0.578127 -0.047023
vn -0.160121 0.931475 -0.326675
vn -0.195073 0.908735 -0.368981
vn 0.002083 0.922707 -0.385497
vn 0.001162 0.940663 -0.339340
vn -0.289553 0.887738 -0.357883
vn 0.001607 0.926425 -0.376477
vn 0.292044 0.886995 -0.357701
vn 0.198568 0.908130 -0.368606
vn 0.160268 0.931624 -0.326176
vn 0.082752 0.908947 -0.408618
vn 0.612356 0.756258 -0.230421
vn 0.751019 0.604544 -0.265513
vn 0.078377 0.880595 -0.467342
vn 0.929979 0.366070 -0.033651
vn 0.994240 0.104031 -0.025768
vn 0.808463 -0.586617 -0.047630
vn 0.901260 -0.164923 -0.400663
vn 0.089416 0.707039 -0.701499
vn -0.147382 -0.982578 -0.113222
vn -0.126079 -0.861687 -0.491528
vn 0.002533 -0.863134 -0.504968
vn 0.010468 -0.991602 -0.128902
vn -0.004924 0.652839 -0.757481
vn 0.127641 -0.860293 -0.493562
vn 0.158397 -0.980924 -0.112689
vn 0.000985 0.956543 0.291588
vn 0.000000 0.922908 0.385022
vn -0.000057 0.834488 0.551026
vn 0.000137 0.998361 0.057223
vn -0.001599 0.906916 -0.421308
vn -0.002201 0.877540 -0.479498
vn 0.003048 -0.993605 -0.112873
vn -0.009079 -0.992721 -0.120097
vn 0.995697 -0.089339 0.024608
vn 0.998570 -0.049307 0.020649
vn 0.997725 0.062586 0.025053
vn 0.999565 0.000740 0.029495
vn -0.999563 0.000830 0.029539
vn -0.995716 -0.089108 0.024694
vn -0.997722 0.062633 0.025074
vn -0.998581 -0.049055 0.020728
vn -0.550336 -0.834308 0.032571
vn 0.565081 -0.824317 0.034424
vn -0.070961 0.945980 0.316366
vn -0.777843 0.452299 0.436332
vn 0.777871 0.452269 0.436314
vn 0.070574 0.946008 0.316366
vn -0.823982 0.543352 -0.160694
vn -0.771603 0.595031 -0.224872
vn -0.642199 0.724212 -0.251192
vn -0.589143 0.774694 -0.229694
vn 0.640076 0.725839 -0.251916
vn 0.581350 0.780111 -0.231212
vn 0.769998 0.596777 -0.225746
vn 0.820774 0.547771 -0.162100
vn -0.426702 -0.862281 -0.272757
vn -0.403314 -0.911978 -0.075057
vn 0.420531 -0.864912 -0.274009
vn 0.398481 -0.914128 -0.074723
vn -0.413568 -0.906918 -0.080389
vn -0.165710 -0.981841 -0.092347
vn -0.813246 -0.580039 -0.046744
vn 0.010683 -0.995483 -0.094341
vn 0.176006 -0.980018 -0.092666
vn 0.410511 -0.908243 -0.081090
vn 0.810270 -0.584130 -0.047478
vn 0.983952 0.178003 0.012422
vn 0.999919 -0.011581 0.005297
vn 0.886853 0.440611 -0.139116
vn 0.336282 0.900625 -0.275297
vn 0.945981 0.316046 -0.072356
vn 0.000836 0.957747 -0.287611
vn -0.334912 0.901085 -0.275462
vn -0.887031 0.440288 -0.139006
vn -0.946333 0.315031 -0.072169
vn -0.999922 -0.011293 0.005386
vn -0.983991 0.177785 0.012424
vn -0.977362 0.199090 0.071608
vn -0.720998 0.628354 0.292120
vn -0.390322 0.896306 0.210438
vn -0.913684 0.395352 0.094224
vn -0.079233 0.911436 0.403741
vn -0.127846 0.967200 0.219498
vn -0.975706 0.218907 -0.008796
vn -0.977112 0.210623 0.029836
vn -0.984686 0.174331 0.001615
vn -0.989775 0.140555 0.024292
vn -0.883683 0.461074 -0.080715
vn -0.959525 0.280319 -0.027075
vn -0.947235 0.316340 -0.051714
vn -0.867608 0.486457 -0.103031
vn -0.562689 0.795908 -0.223410
vn -0.124013 0.940668 -0.315856
vn -0.105047 0.935382 -0.337678
vn -0.530248 0.813834 -0.237721
vn 0.000036 0.946017 -0.324118
vn 0.120853 0.941204 -0.315483
vn 0.099627 0.935996 -0.337617
vn -0.000868 0.938169 -0.346176
vn 0.554256 0.801436 -0.224723
vn 0.865667 0.489761 -0.103703
vn 0.882123 0.463966 -0.081207
vn 0.520790 0.819394 -0.239525
vn 0.975629 0.219253 -0.008754
vn 0.946857 0.317450 -0.051840
vn 0.984651 0.174528 0.001646
vn 0.959284 0.281139 -0.027115
vn 0.977365 0.199075 0.071607
vn 0.989763 0.140629 0.024330
vn 0.977068 0.210815 0.029916
vn 0.913547 0.395644 0.094330
vn 0.079233 0.911436 0.403741
vn 0.721083 0.628267 0.292095
vn 0.390000 0.896440 0.210468
vn 0.127847 0.967200 0.219498
vn -0.000000 0.908010 0.418949
vn -0.000000 0.974095 0.226142
vn -0.846932 0.444072 0.292416
vn -0.996854 0.049923 0.061561
vn 0.006192 0.849713 0.527208
vn -0.998690 0.045458 0.023505
vn -0.994615 0.102710 0.013845
vn -0.975156 0.221477 -0.004311
vn -0.906435 0.418037 -0.060174
vn -0.563017 0.790026 -0.242631
vn -0.098499 0.918208 -0.383656
vn -0.001456 0.918346 -0.395775
vn 0.091082 0.918722 -0.384257
vn 0.553041 0.796097 -0.245712
vn 0.905359 0.420297 -0.060622
vn 0.975055 0.221923 -0.004308
vn 0.994611 0.102752 0.013852
vn 0.998691 0.045441 0.023493
vn 0.996861 0.049837 0.061517
vn 0.847030 0.443933 0.292342
vn -0.006192 0.849714 0.527209
vn -0.000000 0.846845 0.531840
vn 0.988143 0.143663 -0.054177
vn 0.939604 -0.318111 -0.126294
vn 0.945861 -0.299018 -0.126233
vn 0.988353 0.124254 -0.087861
vn 0.390764 -0.912721 -0.119352
vn 0.447310 -0.884740 -0.130954
vn 0.478818 -0.867866 -0.132447
vn 0.950225 -0.286750 -0.121852
vn 0.989420 0.115850 -0.087333
vn 0.732539 -0.031086 0.680015
vn 0.936965 0.105524 0.333108
vn 0.900423 0.213163 0.379210
vn 0.707295 0.117909 0.697016
vn 0.959248 0.281595 -0.023380
vn 0.909888 0.414300 -0.021427
vn 0.872835 0.330027 0.359502
vn 0.654129 0.257521 0.711195
vn 0.471803 -0.871034 0.136757
vn 0.479940 -0.842390 0.245022
vn 0.149819 -0.986539 -0.065533
vn 0.810451 -0.027502 0.585160
vn 0.913684 -0.069199 0.400492
vn 0.601102 -0.773882 0.199458
vn 0.146083 -0.988705 -0.033500
vn -0.104276 0.987929 0.114553
vn 0.636155 0.771510 0.008906
vn 0.650641 0.759367 0.005193
vn -0.043411 0.993997 0.100428
vn 0.896547 0.440233 -0.048969
vn 0.891423 0.450854 -0.045782
vn 0.661306 0.750084 0.006941
vn -0.008224 0.995245 0.097057
vn 0.000124 0.934375 0.356292
vn 0.025339 0.891030 0.453237
vn 0.715196 0.317345 0.622726
vn -0.347444 0.922189 0.169853
vn -0.349800 0.914913 0.201432
vn 0.157137 0.902976 0.399928
vn 0.768856 0.445502 0.458682
vn 0.162262 -0.985767 -0.043974
vn -0.003044 -0.999583 -0.028717
vn -0.057199 -0.994925 -0.082777
vn 0.044645 -0.995278 -0.086190
vn -0.553736 -0.825822 0.106749
vn -0.599785 -0.799001 -0.043066
vn -0.695981 -0.708567 -0.116376
vn -0.125135 -0.984507 -0.122833
vn -0.027560 -0.992874 -0.115941
vn -0.014321 -0.727826 0.685613
vn -0.221352 -0.182127 0.958036
vn -0.924436 -0.296180 0.240197
vn 0.882854 -0.272961 0.382178
vn 0.846245 0.182608 0.500523
vn 0.639998 0.597746 0.482807
vn -0.327355 0.445003 0.833553
vn -0.887398 0.380811 0.259824
vn -0.487744 0.849706 0.200264
vn -0.537290 0.831224 0.142780
vn -0.924012 0.368473 0.102125
vn -0.334688 0.922671 0.191474
vn -0.446324 0.882945 0.145615
vn -0.511881 0.851797 0.111446
vn -0.595807 0.797297 0.096598
vn -0.966697 0.255916 0.001910
vn -0.161369 -0.976008 -0.146182
vn -0.579114 -0.778258 -0.242778
vn -0.478333 -0.834237 -0.274311
vn 0.012513 -0.989601 -0.143296
vn -0.890245 -0.336894 -0.306540
vn -0.876321 -0.311285 -0.367644
vn -0.808369 -0.271565 -0.522295
vn -0.024046 -0.909831 -0.414281
vn 0.528706 -0.835911 -0.147384
vn -0.870192 -0.399903 -0.287826
vn -0.857623 -0.434776 -0.274686
vn -0.934982 -0.235027 -0.265651
vn -0.931501 -0.232861 -0.279430
vn -0.799508 -0.563443 -0.208133
vn -0.950486 -0.250689 -0.183660
vn -0.986894 0.097037 -0.128934
vn -0.973749 -0.026340 -0.226095
vn -0.966808 -0.061855 -0.247904
vn -0.950713 -0.128075 -0.282385
vn -0.911651 0.397755 -0.103360
vn -0.854680 0.505836 -0.116842
vn -0.928765 -0.131611 -0.346519
vn -0.627388 0.775649 0.068937
vn -0.476914 0.874757 0.085755
vn 0.052686 0.995555 0.078063
vn -0.494841 0.843160 -0.210273
vn -0.862582 -0.102969 -0.495328
vn 0.984103 0.132683 -0.118050
vn 0.803883 0.130054 -0.580395
vn 0.753551 0.291493 -0.589230
vn 0.947752 0.298991 -0.111227
vn -0.826220 -0.177942 -0.534506
vn 0.710178 0.444428 -0.546014
vn 0.892685 0.443818 -0.078348
vn 0.789582 0.154503 0.593876
vn 0.883020 0.202547 0.423380
vn -0.959580 -0.279992 0.028455
vn -0.960711 -0.267889 -0.072595
vn -0.924454 -0.230362 -0.303841
vn -0.904112 -0.217921 -0.367548
vn 0.953831 0.292898 -0.066458
vn 0.955010 0.288856 -0.067222
vn -0.362969 0.922582 0.130748
vn -0.374177 0.919583 0.119831
vn -0.483428 0.867583 0.116611
vn -0.439765 0.886964 0.141073
vn 0.051932 -0.994487 -0.091098
vn 0.134244 -0.985430 -0.104433
vn 0.004326 -0.993602 -0.112857
vn 0.122607 -0.985775 -0.114955
vn 0.924037 -0.381490 0.024925
vn 0.601979 0.780730 0.167576
vn 0.476098 -0.875182 0.085953
vn 0.180112 -0.969635 0.165431
vn -0.301133 0.869110 0.392386
vn -0.003118 0.951164 0.308670
vn -0.232172 -0.959243 -0.161090
vn -0.282697 -0.941926 -0.181267
vn -0.385259 -0.901172 -0.198658
vn -0.428030 -0.878598 -0.211793
vn -0.794331 0.607304 -0.014853
vn -0.824340 0.564876 -0.037137
vn -0.721277 0.692405 0.018313
vn -0.684624 0.727478 0.045439
vn 0.884546 -0.277284 -0.375089
vn 0.961381 -0.246695 -0.122015
vn 0.593558 0.766455 -0.245430
vn 0.691314 0.722555 -0.000395
vn 0.954564 -0.273379 -0.118624
vn 0.990012 0.110750 -0.087235
vn 0.509575 -0.849650 -0.135750
vn 0.952905 0.295983 -0.066075
vn 0.888002 0.457733 -0.043957
vn 0.672585 0.739982 0.007455
vn 0.027542 0.995417 0.091577
vn -0.536929 0.837721 0.099649
vn -0.402572 0.908622 0.111097
vn -0.662115 0.747833 0.048466
vn -0.984574 0.156350 -0.078538
vn -0.594502 0.800629 0.074568
vn -0.956114 -0.258193 -0.138501
vn -0.764823 -0.620711 -0.172521
vn -0.206499 -0.965016 -0.161561
vn -0.122611 -0.981876 -0.144523
vn 0.092717 -0.988124 -0.122535
vn -0.055597 -0.990529 -0.125542
vn 0.580591 -0.807039 0.107716
vn 0.174628 -0.984069 -0.033360
vn 0.943711 -0.181529 0.276508
vn -0.042091 -0.992341 -0.116139
vn 0.033978 -0.995649 -0.086770
vn -0.124088 -0.982882 -0.136181
vn -0.212762 -0.965266 -0.151637
vn -0.548968 -0.803976 -0.228596
vn -0.888686 -0.363864 -0.279000
vn -0.932959 -0.235590 -0.272186
vn -0.962512 -0.108087 -0.248772
vn -0.896640 0.435458 -0.080079
vn -0.669205 0.740836 0.057677
vn -0.524810 0.844052 0.110235
vn -0.595897 0.798759 0.083009
vn -0.456128 0.878101 0.144519
vn -0.322452 0.924762 0.202088
vn 0.118952 0.940198 0.319183
vn 0.730093 0.577818 0.364816
vn 0.917275 0.223911 0.329349
vn 0.259311 -0.743511 0.616400
vn 0.265881 -0.945793 0.186502
vn 0.799363 -0.598737 -0.050334
vn 0.806789 -0.580379 0.110689
vn 0.224326 -0.971531 0.076188
vn 0.807464 -0.577684 -0.119515
vn 0.883646 -0.435072 -0.172863
vn 0.868759 -0.481319 -0.116577
vn 0.872232 -0.484038 -0.070131
vn 0.349598 0.784537 0.512135
vn 0.215212 0.819117 0.531724
vn 0.130428 0.720765 0.680799
vn -0.165151 0.726882 0.666609
vn 0.028315 0.861050 0.507731
vn 0.421083 0.475976 0.772099
vn -0.414086 -0.591795 0.691601
vn -0.063624 -0.702736 0.708601
vn 0.877042 -0.470360 -0.097767
vn 0.958260 -0.285709 -0.010418
vn 0.969452 -0.226169 0.094927
vn 0.892088 -0.410726 -0.188370
vn 0.952497 -0.283717 -0.110700
vn 0.925942 0.286730 0.245800
vn 0.810074 0.472753 0.346821
vn -0.848549 0.514055 0.125347
vn -0.883351 0.443785 0.150821
vn -0.950516 0.239340 0.198082
vn -0.894437 0.321291 0.311053
vn -0.909310 0.364800 0.200191
vn -0.966709 0.117562 0.227271
vn -0.538759 -0.809344 0.233886
vn -0.581108 -0.736293 0.346679
vn -0.249558 0.853623 0.457218
vn -0.734535 0.646453 0.206294
vn -0.702131 0.680802 0.208618
vn -0.295923 0.789885 0.537132
vn -0.710904 0.629032 0.314538
vn -0.820852 0.511141 0.254829
vn -0.832069 0.533257 0.152636
vn 0.873681 -0.256675 -0.413279
vn 0.902208 -0.136855 -0.409013
vn 0.890431 0.137072 -0.433986
vn 0.887496 0.064614 -0.456262
vn 0.928505 -0.040060 -0.369153
vn 0.893335 0.182251 -0.410777
vn 0.406936 0.860155 -0.307469
vn 0.392078 0.904279 -0.168981
vn 0.355682 0.932680 -0.059977
vn 0.187233 0.981302 0.044602
vn 0.247276 0.961819 0.117299
vn 0.466184 0.883914 0.037008
vn 0.000546 0.987088 0.160181
vn 0.022157 0.962041 0.272004
vn -0.174462 0.788114 0.590287
vn 0.324878 0.833314 0.447262
vn 0.885480 0.433835 0.166469
vn -0.100536 0.990278 0.096133
vn -0.811610 0.365743 0.455546
vn -0.730974 0.418160 0.539276
vn -0.196624 0.978611 -0.060491
vn -0.877542 0.341512 0.336586
vn -0.916463 0.128044 0.379077
vn -0.863125 0.229190 0.449985
vn -0.777401 0.377143 0.503399
vn 0.941399 -0.186950 -0.280746
vn 0.909984 -0.338689 -0.239207
vn 0.902797 -0.342995 -0.259445
vn 0.932835 -0.193059 -0.304215
vn 0.883703 -0.411121 -0.223715
vn 0.843651 -0.488500 -0.222757
vn 0.467676 -0.863202 -0.190161
vn 0.759074 -0.514910 -0.398340
vn 0.875731 -0.211121 -0.434193
vn 0.552436 0.503592 -0.664236
vn -0.078373 0.706945 -0.702912
vn -0.017858 0.811412 -0.584202
vn 0.222180 0.755692 -0.616089
vn -0.729388 0.622062 -0.284661
vn -0.270379 0.830782 -0.486515
vn -0.163316 0.899247 -0.405811
vn 0.034889 0.879088 -0.475382
vn 0.220389 0.830109 -0.512200
vn -0.980938 0.166456 0.100264
vn -0.998915 -0.006543 0.046098
vn -0.940097 0.269032 0.209380
vn -0.951463 0.184597 0.246256
vn -0.866993 -0.484542 0.116372
vn -0.954273 0.213162 0.209582
vn -0.915130 0.325619 0.237719
vn -0.923878 0.295089 0.243664
vn -0.943846 0.185774 0.273210
vn 0.001374 -0.999978 -0.006420
vn -0.186196 -0.981664 0.040820
vn -0.191579 -0.981160 0.024938
vn 0.075011 -0.996494 -0.037065
vn -0.371683 -0.923809 0.091811
vn -0.461522 -0.882845 0.087082
vn -0.243976 -0.958605 -0.146810
vn 0.270872 0.801054 0.533798
vn 0.260525 0.749973 0.608002
vn 0.160784 0.986081 -0.042338
vn 0.126562 0.971741 -0.199254
vn -0.324027 -0.641471 -0.695357
vn -0.296575 -0.122151 -0.947165
vn -0.138506 -0.946707 0.290795
vn -0.150654 -0.975284 0.161629
vn -0.874695 0.444827 0.192453
vn -0.882026 0.377041 0.282614
vn -0.921494 0.261928 0.286781
vn -0.906809 0.354136 0.228658
vn 0.929365 -0.252030 -0.269745
vn 0.905676 -0.342619 -0.249725
vn 0.877981 -0.450499 -0.161865
vn 0.898184 -0.387837 -0.206998
vn 0.914678 -0.325893 0.239077
vn -0.697098 0.606349 0.382616
vn 0.922286 0.121103 -0.367046
vn 0.922139 -0.238865 -0.304308
vn -0.616619 0.519383 0.591627
vn -0.624903 0.543577 0.560374
vn 0.936730 0.036487 -0.348147
vn 0.895520 0.117895 -0.429121
vn 0.792445 0.349122 -0.500145
vn 0.857111 0.269840 -0.438801
vn -0.962454 0.130909 0.237792
vn -0.911800 0.402099 0.083293
vn -0.947780 0.049889 0.314999
vn -0.927138 0.334055 0.169769
vn 0.744044 -0.639218 -0.194419
vn 0.688388 -0.706204 -0.165523
vn -0.965183 -0.024839 0.260395
vn -0.961743 -0.135566 0.238061
vn 0.895137 -0.311544 -0.318857
vn 0.942093 -0.265167 -0.205297
vn 0.928419 0.285143 0.238182
vn 0.914737 -0.208286 -0.346227
vn 0.937302 -0.105206 -0.332260
vn 0.945150 -0.033265 -0.324939
vn 0.930370 -0.032647 -0.365166
vn 0.799158 0.095948 -0.593415
vn -0.215576 0.285249 -0.933895
vn -0.959636 0.278591 -0.038559
vn -0.958163 0.093900 0.270382
vn -0.949059 0.076559 0.305655
vn -0.800592 0.441934 0.404656
vn -0.878219 0.282895 0.385618
vn -0.924272 0.159749 0.346700
vn -0.260807 0.737065 0.623470
vn -0.647091 0.601681 0.468244
vn 0.300842 0.741834 0.599314
vn 0.107354 -0.994215 0.003267
vn 0.784995 -0.590964 -0.185862
vn 0.885774 -0.409654 -0.218147
vn -0.174921 -0.981760 0.074495
vn -0.451727 -0.880152 0.145857
vn -0.914479 0.326065 0.239604
vn -0.966235 0.026884 0.256258
vn -0.938450 0.201910 0.280258
vn -0.918978 0.305951 0.248744
vn -0.941493 0.073380 0.328947
vn -0.944258 0.096225 0.314830
vn -0.235000 0.945804 -0.224122
vn -0.915444 0.324100 0.238584
vn 0.369750 0.828568 -0.420429
vn 0.086716 0.934952 -0.344014
vn 0.939210 0.014639 -0.343030
vn 0.886166 0.219837 -0.407899
vn 0.946615 -0.049207 -0.318589
vn 0.940111 -0.200752 -0.275479
vn 0.907308 -0.349006 -0.234492
vn -0.251963 -0.743113 0.619917
vn -0.796908 -0.593553 0.112398
vn -0.788565 -0.612791 -0.051509
vn -0.257325 -0.948019 0.187198
vn -0.864243 -0.497874 -0.072154
vn -0.860643 -0.494889 -0.119910
vn -0.876265 -0.447760 -0.177959
vn -0.796839 -0.591681 -0.122316
vn -0.216125 -0.973355 0.076613
vn -0.338975 0.787773 0.514305
vn 0.158789 0.729469 0.665328
vn -0.124567 0.720070 0.682629
vn -0.207080 0.820598 0.532670
vn 0.059097 -0.702672 0.709056
vn 0.398804 -0.600466 0.693106
vn -0.407400 0.479405 0.777301
vn -0.027308 0.861077 0.507741
vn -0.967172 -0.234367 0.098235
vn -0.955260 -0.295574 -0.010727
vn -0.869361 -0.483811 -0.100685
vn -0.800121 0.483586 0.354895
vn -0.920804 0.296054 0.253914
vn -0.949105 -0.293414 -0.114492
vn -0.885184 -0.422810 -0.194114
vn 0.839441 0.527979 0.128752
vn 0.888459 0.331223 0.317697
vn 0.947042 0.247250 0.204886
vn 0.875970 0.456694 0.155266
vn 0.566835 -0.745567 0.350469
vn 0.524906 -0.817756 0.236114
vn 0.964274 0.121562 0.235370
vn 0.903293 0.376085 0.206450
vn 0.688664 0.693251 0.212471
vn 0.721747 0.659394 0.210430
vn 0.240923 0.855537 0.458270
vn 0.822301 0.547036 0.156756
vn 0.810650 0.523884 0.261519
vn 0.697554 0.640838 0.320540
vn 0.286431 0.792391 0.538586
vn -0.865798 -0.264009 -0.425081
vn -0.880359 0.065329 -0.469787
vn -0.883494 0.140716 -0.446807
vn -0.895772 -0.141102 -0.421525
vn -0.345459 0.936451 -0.060977
vn -0.380767 0.908952 -0.169773
vn -0.395138 0.865163 -0.308801
vn -0.886544 0.187486 -0.422952
vn -0.923593 -0.041361 -0.381138
vn -0.453660 0.890398 0.037206
vn -0.238665 0.963990 0.117317
vn -0.181202 0.982452 0.044207
vn -0.878771 0.445506 0.171134
vn -0.314898 0.836640 0.448189
vn 0.167624 0.789362 0.590601
vn -0.021804 0.962439 0.270621
vn -0.001873 0.987229 0.159299
vn 0.717763 0.427231 0.549810
vn 0.800934 0.375408 0.466448
vn 0.096031 0.990829 0.095056
vn 0.765620 0.385778 0.514783
vn 0.854665 0.235754 0.462566
vn 0.910846 0.132095 0.391039
vn 0.869938 0.351359 0.346057
vn 0.189530 0.979953 -0.061410
vn -0.937280 -0.193239 -0.290113
vn -0.928199 -0.199452 -0.314112
vn -0.896402 -0.353520 -0.267370
vn -0.903975 -0.349277 -0.246649
vn -0.868044 -0.217272 -0.446421
vn -0.747196 -0.525299 -0.407135
vn -0.454598 -0.869739 -0.192081
vn -0.834370 -0.501504 -0.228736
vn -0.876312 -0.423158 -0.230250
vn -0.538650 0.508702 -0.671624
vn -0.214145 0.757267 -0.617000
vn 0.016797 0.811603 -0.583967
vn 0.074800 0.707959 -0.702281
vn -0.212449 0.831955 -0.512559
vn -0.033214 0.879177 -0.475337
vn 0.158035 0.899830 -0.406610
vn 0.261919 0.832567 -0.488089
vn 0.718485 0.632741 -0.288821
vn 0.979497 0.172612 0.103877
vn 0.947977 0.190983 0.254686
vn 0.935883 0.278065 0.216342
vn 0.998829 -0.006632 0.047927
vn 0.939876 0.192060 0.282394
vn 0.918677 0.304597 0.251500
vn 0.909437 0.335869 0.245186
vn 0.951044 0.220309 0.216749
vn 0.860248 -0.495635 0.119662
vn -0.001040 -0.999979 -0.006356
vn -0.071916 -0.996727 -0.036924
vn 0.184643 -0.982485 0.025083
vn 0.179733 -0.982864 0.040919
vn 0.235248 -0.961013 -0.145302
vn 0.448656 -0.889393 0.087679
vn 0.360004 -0.928369 0.092343
vn -0.261698 0.803221 0.535117
vn -0.251398 0.752220 0.609068
vn -0.155606 0.986899 -0.042619
vn -0.122417 0.972232 -0.199448
vn 0.285667 -0.122921 -0.950413
vn 0.316078 -0.646911 -0.693975
vn 0.145687 -0.976019 0.161750
vn 0.133482 -0.947407 0.290866
vn 0.866864 0.457558 0.197957
vn 0.900652 0.365077 0.235681
vn 0.916157 0.270357 0.295913
vn 0.874524 0.388101 0.290837
vn -0.924494 -0.260289 -0.278496
vn -0.891557 -0.399575 -0.213228
vn -0.870318 -0.463476 -0.166542
vn -0.899438 -0.353200 -0.257413
vn -0.909402 -0.335162 0.246282
vn 0.682852 0.617408 0.390539
vn -0.916901 -0.246337 -0.314022
vn -0.917352 0.122237 -0.378844
vn 0.602207 0.526957 0.599719
vn 0.610393 0.551494 0.568572
vn -0.932319 0.037694 -0.359667
vn -0.848715 0.276991 -0.450509
vn -0.781497 0.356899 -0.511748
vn -0.888754 0.121402 -0.442016
vn 0.906156 0.414042 0.086317
vn 0.959721 0.135543 0.246098
vn 0.922236 0.344666 0.175174
vn 0.944075 0.051603 0.325669
vn -0.674918 -0.718399 -0.168490
vn -0.731325 -0.652542 -0.198377
vn 0.959068 -0.139584 0.246385
vn 0.962642 -0.025685 0.269556
vn -0.938029 -0.273988 -0.212208
vn -0.888324 -0.320877 -0.328509
vn -0.923672 0.294196 0.245517
vn -0.932918 -0.108742 -0.343277
vn -0.908995 -0.214911 -0.357129
vn -0.925581 -0.033703 -0.377047
vn -0.941277 -0.034374 -0.335881
vn -0.788480 0.097818 -0.607233
vn 0.208288 0.289128 -0.934356
vn 0.956937 0.287640 -0.039181
vn 0.955140 0.097194 0.279752
vn 0.945435 0.079186 0.316042
vn 0.870515 0.291168 0.396768
vn 0.789582 0.452496 0.414497
vn 0.919100 0.164923 0.357849
vn 0.632856 0.610896 0.475710
vn 0.251808 0.739159 0.624689
vn -0.291251 0.744085 0.601258
vn -0.773581 -0.604545 -0.189995
vn -0.103032 -0.994672 0.003564
vn -0.878496 -0.421673 -0.224583
vn 0.168986 -0.982795 0.074546
vn 0.438545 -0.886648 0.146744
vn 0.963758 0.027855 0.265319
vn 0.908746 0.336302 0.247149
vn 0.913502 0.315681 0.256631
vn 0.934142 0.208647 0.289560
vn 0.940322 0.099479 0.325420
vn 0.937389 0.075830 0.339928
vn 0.909814 0.334165 0.246114
vn 0.227094 0.947503 -0.225090
vn -0.083430 0.935188 -0.344184
vn -0.358323 0.832795 -0.421969
vn -0.879013 0.226117 -0.419771
vn -0.934955 0.015123 -0.354443
vn -0.935911 -0.207474 -0.284651
vn -0.942830 -0.050885 -0.329366
vn -0.901169 -0.359807 -0.241728
vn 0.606535 0.089069 -0.790052
vn -0.606533 0.089068 -0.790054
vn -0.602514 0.164141 -0.781048
vn 0.602513 0.164141 -0.781048
vn -0.997363 0.072579 0.000000
vn -0.990571 0.137003 0.000000
vn -0.606541 0.089068 0.790048
vn -0.602525 0.164138 0.781040
vn 0.606543 0.089069 0.790046
vn 0.602524 0.164139 0.781040
vn 0.997363 0.072581 0.000000
vn 0.990571 0.137003 0.000001
vn -0.576548 0.374904 -0.725975
vn 0.576550 0.374901 -0.725975
vn -0.946525 0.322631 -0.000000
vn -0.576561 0.374900 0.725966
vn 0.576559 0.374899 0.725969
vn 0.946526 0.322628 0.000003
vn 0.000002 1.000000 0.000001
vn 0.606543 0.089069 -0.790046
vn -0.606541 0.089068 -0.790048
vn -0.602522 0.164141 -0.781041
vn 0.602522 0.164141 -0.781041
vn -0.997363 0.072579 -0.000000
vn -0.990571 0.137003 -0.000000
vn -0.606531 0.089068 0.790055
vn -0.602516 0.164138 0.781046
vn 0.606534 0.089069 0.790053
vn 0.602515 0.164139 0.781047
vn 0.997363 0.072581 -0.000000
vn 0.990571 0.137003 0.000001
vn -0.576557 0.374905 -0.725967
vn 0.576559 0.374902 -0.725967
vn -0.946525 0.322631 0.000000
vn -0.576554 0.374898 0.725973
vn 0.576553 0.374896 0.725975
vn 0.946526 0.322627 0.000003
vn 0.000001 1.000000 -0.000000
s 1
g Pike1
usemtl initialShadingGroup
f 1/1/1 2/2/2 8/9/3 7/8/4
f 2/2/2 3/3/5 9/10/6 8/9/3
f 3/3/5 4/4/7 10/11/8 9/10/6
f 4/4/7 5/5/9 11/12/10 10/11/8
f 5/5/9 6/6/11 12/13/12 11/12/10
f 6/6/11 1/7/1 7/14/4 12/13/12
f 7/8/4 8/9/3 14/16/13 13/15/14
f 8/9/3 9/10/6 15/17/15 14/16/13
f 9/10/6 10/11/8 16/18/16 15/17/15
f 10/11/8 11/12/10 17/19/17 16/18/16
f 11/12/10 12/13/12 18/20/18 17/19/17
f 12/13/12 7/14/4 13/21/14 18/20/18
f 13/15/14 14/16/13 19/22/19
f 14/16/13 15/17/15 19/23/19
f 15/17/15 16/18/16 19/24/19
f 16/18/16 17/19/17 19/25/19
f 17/19/17 18/20/18 19/26/19
f 18/20/18 13/21/14 19/27/19
s 2
f 20/28/20 1820/29/21 2678/30/22 1823/31/23
f 1820/32/21 22/33/24 1821/34/25 2678/35/22
f 2678/35/22 1821/34/25 44/36/26 1822/37/27
f 1823/31/23 2678/30/22 1822/38/27 45/39/28
f 21/40/29 1824/41/30 2679/42/31 1827/43/32
f 1824/41/30 20/28/20 1825/44/33 2679/42/31
f 2679/42/31 1825/44/33 25/45/34 1826/46/35
f 1827/43/32 2679/42/31 1826/46/35 24/47/36
f 22/33/24 1828/48/37 2680/49/38 1831/50/39
f 1828/51/37 21/52/29 1829/53/40 2680/54/38
f 2680/55/38 1829/56/40 72/57/41 1830/58/42
f 1831/50/39 2680/49/38 1830/59/42 73/60/43
f 23/61/44 1832/62/45 2681/63/46 1835/64/47
f 1832/65/45 25/45/34 1833/66/48 2681/67/46
f 2681/67/46 1833/66/48 46/68/49 1834/69/50
f 1835/64/47 2681/63/46 1834/70/50 47/71/51
f 24/72/36 1836/73/52 2682/74/53 1839/75/54
f 1836/76/52 23/61/44 1837/77/55 2682/78/53
f 2682/78/53 1837/77/55 80/79/56 1838/80/57
f 1839/81/54 2682/82/53 1838/83/57 81/84/58
f 26/85/59 1840/86/60 2683/87/61 1843/88/62
f 1840/89/60 28/90/63 1841/91/64 2683/92/61
f 2683/92/61 1841/91/64 50/93/65 1842/94/66
f 1843/95/62 2683/92/61 1842/94/66 51/96/67
f 28/97/63 1844/98/68 2684/99/69 1847/100/70
f 1844/98/68 27/101/71 1845/102/72 2684/99/69
f 2684/99/69 1845/102/72 30/103/73 1846/104/74
f 1847/100/70 2684/99/69 1846/104/74 29/105/75
f 29/106/75 1848/107/76 2685/108/77 1851/109/78
f 1848/110/76 31/111/79 1849/112/80 2685/113/77
f 2685/108/77 1849/114/80 48/115/81 1850/116/82
f 1851/109/78 2685/108/77 1850/116/82 49/117/83
f 75/118/84 1852/119/85 2686/120/86 1855/121/87
f 1852/122/85 76/123/88 1853/124/89 2686/125/86
f 2686/125/86 1853/124/89 39/126/90 1854/127/91
f 1855/121/87 2686/120/86 1854/128/91 38/129/92
f 34/130/93 1856/131/94 2687/132/95 1859/133/96
f 1856/131/94 33/134/97 1857/135/98 2687/132/95
f 2687/132/95 1857/135/98 36/136/99 1858/137/100
f 1859/133/96 2687/132/95 1858/137/100 35/138/101
f 77/139/102 1860/140/103 2688/141/104 1863/142/105
f 1860/143/103 78/144/106 1861/145/107 2688/146/104
f 2688/146/104 1861/145/107 43/147/108 1862/148/109
f 1863/142/105 2688/141/104 1862/149/109 42/150/110
f 40/151/111 1864/152/112 2689/153/113 1867/154/114
f 1864/155/112 39/156/90 1865/157/115 2689/158/113
f 2689/158/113 1865/157/115 42/159/110 1866/160/116
f 1867/154/114 2689/153/113 1866/161/116 41/162/117
f 21/40/29 1827/43/32 2690/163/118 1829/164/40
f 1827/43/32 24/47/36 1839/165/54 2690/163/118
f 2690/166/118 1839/81/54 81/84/58 1868/167/119
f 1829/56/40 2690/166/118 1868/167/119 72/57/41
f 28/168/63 1847/169/70 2691/170/120 1841/171/64
f 1847/169/70 29/172/75 1851/173/78 2691/170/120
f 2691/174/120 1851/175/78 49/176/83 1869/177/121
f 1841/178/64 2691/174/120 1869/177/121 50/179/65
f 76/123/88 1870/180/122 2692/181/123 1853/124/89
f 1870/180/122 77/139/102 1863/142/105 2692/181/123
f 2692/181/123 1863/142/105 42/150/110 1865/182/115
f 1853/124/89 2692/181/123 1865/182/115 39/126/90
f 45/39/28 1871/183/124 2693/184/125 1823/31/23
f 1871/183/124 46/68/49 1833/66/48 2693/184/125
f 2693/184/125 1833/66/48 25/45/34 1825/44/33
f 1823/31/23 2693/184/125 1825/44/33 20/28/20
f 23/61/44 1835/64/47 2694/185/126 1837/77/55
f 1835/64/47 47/71/51 1872/186/127 2694/185/126
f 2694/185/126 1872/186/127 79/187/128 1873/188/129
f 1837/77/55 2694/185/126 1873/188/129 80/79/56
f 73/60/43 1874/189/130 2695/190/131 1831/50/39
f 1874/189/130 74/191/132 1875/192/133 2695/190/131
f 2695/190/131 1875/192/133 44/36/26 1821/34/25
f 1831/50/39 2695/190/131 1821/34/25 22/33/24
f 20/28/20 1824/41/30 2696/193/134 1820/29/21
f 21/40/29 1828/194/37 2696/193/134 1824/41/30
f 22/33/24 1820/32/21 2696/195/134 1828/48/37
f 23/61/44 1836/76/52 2697/196/135 1832/62/45
f 24/47/36 1826/46/35 2697/197/135 1836/198/52
f 25/45/34 1832/65/45 2697/197/135 1826/46/35
f 26/85/59 1876/199/136 2698/200/137 1840/86/60
f 27/201/71 1844/202/68 2698/203/137 1876/204/136
f 28/90/63 1840/89/60 2698/203/137 1844/202/68
f 29/106/75 1846/205/74 2699/206/138 1848/107/76
f 30/207/73 1877/208/139 2699/206/138 1846/205/74
f 31/111/79 1848/110/76 2699/209/138 1877/210/139
f 32/211/140 1878/212/141 2700/213/142 1879/214/143
f 33/215/97 1856/216/94 2700/213/142 1878/212/141
f 34/130/93 1879/217/143 2700/218/142 1856/131/94
f 35/138/101 1858/137/100 2701/219/144 1881/220/145
f 36/221/99 1880/222/146 2701/223/144 1858/224/100
f 37/225/147 1881/226/145 2701/223/144 1880/222/146
f 38/129/92 1854/128/91 2702/227/148 1882/228/149
f 39/229/90 1864/152/112 2702/230/148 1854/231/91
f 40/151/111 1882/232/149 2702/230/148 1864/152/112
f 41/162/117 1866/161/116 2703/233/150 1883/234/151
f 42/159/110 1862/235/109 2703/236/150 1866/160/116
f 43/147/108 1883/237/151 2703/238/150 1862/148/109
f 45/39/28 1822/38/27 2704/239/152 1885/240/153
f 1822/37/27 44/36/26 1884/241/154 2704/242/152
f 2704/239/152 1884/243/154 38/244/92 1882/232/149
f 1885/240/153 2704/239/152 1882/232/149 40/151/111
f 40/151/111 1867/154/114 2705/245/155 1885/240/153
f 1867/154/114 41/162/117 1886/246/156 2705/245/155
f 2705/245/155 1886/246/156 46/68/49 1871/183/124
f 1885/240/153 2705/245/155 1871/183/124 45/39/28
f 47/71/51 1834/70/50 2706/247/157 1887/248/158
f 1834/69/50 46/68/49 1886/246/156 2706/249/157
f 2706/249/157 1886/246/156 41/162/117 1883/234/151
f 1887/250/158 2706/249/157 1883/234/151 43/251/108
f 78/144/106 1888/252/159 2707/253/160 1861/145/107
f 1888/252/159 79/187/128 1872/186/127 2707/253/160
f 2707/253/160 1872/186/127 47/71/51 1887/248/158
f 1861/145/107 2707/253/160 1887/248/158 43/147/108
f 49/117/83 1850/116/82 2708/254/161 1890/255/162
f 1850/116/82 48/115/81 1889/256/163 2708/254/161
f 2708/254/161 1889/256/163 37/225/147 1880/222/146
f 1890/255/162 2708/254/161 1880/222/146 36/221/99
f 50/179/65 1869/177/121 2709/257/164 1891/258/165
f 1869/177/121 49/176/83 1890/259/162 2709/257/164
f 2709/257/164 1890/259/162 36/136/99 1857/135/98
f 1891/258/165 2709/257/164 1857/135/98 33/134/97
f 51/96/67 1842/94/66 2710/260/166 1892/261/167
f 1842/94/66 50/93/65 1891/262/165 2710/260/166
f 2710/260/166 1891/262/165 33/215/97 1878/212/141
f 1892/261/167 2710/260/166 1878/212/141 32/211/140
f 38/129/92 1884/241/154 2711/263/168 1855/121/87
f 1884/241/154 44/36/26 1875/192/133 2711/263/168
f 2711/263/168 1875/192/133 74/191/132 1893/264/169
f 1855/121/87 2711/263/168 1893/264/169 75/118/84
f 53/265/170 1894/266/171 2712/267/172 1896/268/173
f 1894/266/171 52/269/174 1895/270/175 2712/267/172
f 2712/267/172 1895/270/175 27/201/71 1876/204/136
f 1896/271/173 2712/272/172 1876/199/136 26/85/59
f 51/96/67 1897/273/176 2713/274/177 1843/95/62
f 1897/273/176 54/275/178 1898/276/179 2713/274/177
f 2713/274/177 1898/276/179 53/265/170 1896/268/173
f 1843/277/62 2713/278/177 1896/279/173 26/280/59
f 55/281/180 1899/282/181 2714/283/182 1900/284/183
f 1899/282/181 54/275/178 1897/273/176 2714/283/182
f 2714/283/182 1897/273/176 51/96/67 1892/261/167
f 1900/284/183 2714/283/182 1892/261/167 32/211/140
f 32/211/140 1879/214/143 2715/285/184 1900/284/183
f 1879/217/143 34/130/93 1901/286/185 2715/287/184
f 2715/287/184 1901/286/185 56/288/186 1902/289/187
f 1900/284/183 2715/285/184 1902/290/187 55/281/180
f 34/130/93 1859/133/96 2716/291/188 1901/286/185
f 1859/133/96 35/138/101 1903/292/189 2716/291/188
f 2716/291/188 1903/292/189 57/293/190 1904/294/191
f 1901/286/185 2716/291/188 1904/294/191 56/288/186
f 35/138/101 1881/220/145 2717/295/192 1903/292/189
f 1881/226/145 37/225/147 1905/296/193 2717/297/192
f 2717/297/192 1905/296/193 58/298/194 1906/299/195
f 1903/292/189 2717/295/192 1906/300/195 57/293/190
f 48/115/81 1907/301/196 2718/302/197 1889/256/163
f 1907/301/196 59/303/198 1908/304/199 2718/302/197
f 2718/302/197 1908/304/199 58/298/194 1905/296/193
f 1889/256/163 2718/302/197 1905/296/193 37/225/147
f 60/305/200 1909/306/201 2719/307/202 1910/308/203
f 1909/306/201 59/303/198 1907/301/196 2719/307/202
f 2719/307/202 1907/301/196 48/115/81 1849/114/80
f 1910/309/203 2719/310/202 1849/311/80 31/312/79
f 61/313/204 1911/314/205 2720/315/206 1912/316/207
f 1911/314/205 60/305/200 1910/308/203 2720/315/206
f 2720/317/206 1910/318/203 31/111/79 1877/210/139
f 1912/316/207 2720/315/206 1877/208/139 30/207/73
f 52/319/174 1913/320/208 2721/321/209 1895/322/175
f 1913/320/208 61/323/204 1912/324/207 2721/321/209
f 2721/321/209 1912/324/207 30/103/73 1845/102/72
f 1895/322/175 2721/321/209 1845/102/72 27/101/71
f 63/325/210 1914/326/211 2722/327/212 1916/328/213
f 1914/326/211 62/329/214 1915/330/215 2722/327/212
f 2722/327/212 1915/330/215 52/269/174 1894/266/171
f 1916/328/213 2722/327/212 1894/266/171 53/265/170
f 53/265/170 1898/276/179 2723/331/216 1916/328/213
f 1898/276/179 54/275/178 1917/332/217 2723/331/216
f 2723/331/216 1917/332/217 64/333/218 1918/334/219
f 1916/328/213 2723/331/216 1918/334/219 63/325/210
f 65/335/220 1919/336/221 2724/337/222 1920/338/223
f 1919/336/221 64/333/218 1917/332/217 2724/337/222
f 2724/337/222 1917/332/217 54/275/178 1899/282/181
f 1920/338/223 2724/337/222 1899/282/181 55/281/180
f 55/281/180 1902/290/187 2725/339/224 1920/338/223
f 1902/289/187 56/288/186 1921/340/225 2725/341/224
f 2725/341/224 1921/340/225 66/342/226 1922/343/227
f 1920/338/223 2725/339/224 1922/344/227 65/335/220
f 56/288/186 1904/294/191 2726/345/228 1921/340/225
f 1904/294/191 57/293/190 1923/346/229 2726/345/228
f 2726/345/228 1923/346/229 67/347/230 1924/348/231
f 1921/340/225 2726/345/228 1924/348/231 66/342/226
f 57/293/190 1906/300/195 2727/349/232 1923/346/229
f 1906/299/195 58/298/194 1925/350/233 2727/351/232
f 2727/351/232 1925/350/233 68/352/234 1926/353/235
f 1923/346/229 2727/349/232 1926/354/235 67/347/230
f 58/298/194 1908/304/199 2728/355/236 1925/350/233
f 1908/304/199 59/303/198 1927/356/237 2728/355/236
f 2728/355/236 1927/356/237 69/357/238 1928/358/239
f 1925/350/233 2728/355/236 1928/358/239 68/352/234
f 70/359/240 1929/360/241 2729/361/242 1930/362/243
f 1929/360/241 69/357/238 1927/356/237 2729/361/242
f 2729/361/242 1927/356/237 59/303/198 1909/306/201
f 1930/362/243 2729/361/242 1909/306/201 60/305/200
f 71/363/244 1931/364/245 2730/365/246 1932/366/247
f 1931/364/245 70/359/240 1930/362/243 2730/365/246
f 2730/365/246 1930/362/243 60/305/200 1911/314/205
f 1932/366/247 2730/365/246 1911/314/205 61/313/204
f 62/367/214 1933/368/248 2731/369/249 1915/370/215
f 1933/368/248 71/371/244 1932/372/247 2731/369/249
f 2731/369/249 1932/372/247 61/323/204 1913/320/208
f 1915/370/215 2731/369/249 1913/320/208 52/319/174
f 73/60/43 1830/59/42 2732/373/250 1935/374/251
f 1830/59/42 72/375/41 1934/376/252 2732/373/250
f 2732/373/250 1934/376/252 62/329/214 1914/326/211
f 1935/374/251 2732/373/250 1914/326/211 63/325/210
f 63/325/210 1918/334/219 2733/377/253 1935/374/251
f 1918/334/219 64/333/218 1936/378/254 2733/377/253
f 2733/377/253 1936/378/254 74/191/132 1874/189/130
f 1935/374/251 2733/377/253 1874/189/130 73/60/43
f 75/118/84 1893/264/169 2734/379/255 1937/380/256
f 1893/264/169 74/191/132 1936/378/254 2734/379/255
f 2734/379/255 1936/378/254 64/333/218 1919/336/221
f 1937/380/256 2734/379/255 1919/336/221 65/335/220
f 65/335/220 1922/344/227 2735/381/257 1937/380/256
f 1922/343/227 66/342/226 1938/382/258 2735/383/257
f 2735/383/257 1938/382/258 76/123/88 1852/122/85
f 1937/380/256 2735/381/257 1852/119/85 75/118/84
f 66/342/226 1924/348/231 2736/384/259 1938/382/258
f 1924/348/231 67/347/230 1939/385/260 2736/384/259
f 2736/384/259 1939/385/260 77/139/102 1870/180/122
f 1938/382/258 2736/384/259 1870/180/122 76/123/88
f 67/347/230 1926/354/235 2737/386/261 1939/385/260
f 1926/353/235 68/352/234 1940/387/262 2737/388/261
f 2737/388/261 1940/387/262 78/144/106 1860/143/103
f 1939/385/260 2737/386/261 1860/140/103 77/139/102
f 68/352/234 1928/358/239 2738/389/263 1940/387/262
f 1928/358/239 69/357/238 1941/390/264 2738/389/263
f 2738/389/263 1941/390/264 79/187/128 1888/252/159
f 1940/387/262 2738/389/263 1888/252/159 78/144/106
f 80/79/56 1873/188/129 2739/391/265 1942/392/266
f 1873/188/129 79/187/128 1941/390/264 2739/391/265
f 2739/391/265 1941/390/264 69/357/238 1929/360/241
f 1942/392/266 2739/391/265 1929/360/241 70/359/240
f 81/393/58 1838/80/57 2740/394/267 1943/395/268
f 1838/80/57 80/79/56 1942/392/266 2740/394/267
f 2740/394/267 1942/392/266 70/359/240 1931/364/245
f 1943/395/268 2740/394/267 1931/364/245 71/363/244
f 72/396/41 1868/397/119 2741/398/269 1934/399/252
f 1868/397/119 81/400/58 1943/401/268 2741/398/269
f 2741/398/269 1943/401/268 71/371/244 1933/368/248
f 1934/399/252 2741/398/269 1933/368/248 62/367/214
s 19
f 82/402/270 1944/403/271 2742/404/272 1947/405/273
f 1944/403/271 83/406/274 1945/407/275 2742/404/272
f 2742/404/272 1945/407/275 93/408/276 1946/409/277
f 1947/405/273 2742/404/272 1946/409/277 92/410/278
f 83/406/274 1948/411/279 2743/412/280 1945/407/275
f 1948/411/279 84/413/281 1949/414/282 2743/412/280
f 2743/412/280 1949/414/282 94/415/283 1950/416/284
f 1945/407/275 2743/412/280 1950/416/284 93/408/276
f 84/413/281 1951/417/285 2744/418/286 1949/414/282
f 1951/419/285 85/420/287 1952/421/288 2744/422/286
f 2744/422/286 1952/421/288 95/423/289 1953/424/290
f 1949/414/282 2744/418/286 1953/425/290 94/415/283
f 85/420/287 1954/426/291 2745/427/292 1952/421/288
f 1954/426/291 86/428/293 1955/429/294 2745/427/292
f 2745/427/292 1955/429/294 96/430/295 1956/431/296
f 1952/421/288 2745/427/292 1956/431/296 95/423/289
f 86/428/293 1957/432/297 2746/433/298 1955/429/294
f 1957/432/297 87/434/299 1958/435/300 2746/433/298
f 2746/433/298 1958/435/300 97/436/301 1959/437/302
f 1955/429/294 2746/433/298 1959/437/302 96/430/295
f 87/434/299 1960/438/303 2747/439/304 1958/435/300
f 1960/438/303 88/440/305 1961/441/306 2747/439/304
f 2747/439/304 1961/441/306 98/442/307 1962/443/308
f 1958/435/300 2747/439/304 1962/443/308 97/436/301
f 88/440/305 1963/444/309 2748/445/310 1961/441/306
f 1963/444/309 89/446/311 1964/447/312 2748/445/310
f 2748/445/310 1964/447/312 99/448/313 1965/449/314
f 1961/441/306 2748/445/310 1965/449/314 98/442/307
f 89/450/311 1966/451/315 2749/452/316 1964/453/312
f 1966/451/315 90/454/317 1967/455/318 2749/452/316
f 2749/452/316 1967/455/318 100/456/319 1968/457/320
f 1964/453/312 2749/452/316 1968/457/320 99/458/313
f 90/454/317 1969/459/321 2750/460/322 1967/455/318
f 1969/459/321 91/461/323 1970/462/324 2750/460/322
f 2750/460/322 1970/462/324 101/463/325 1971/464/326
f 1967/455/318 2750/460/322 1971/464/326 100/456/319
f 91/461/323 1972/465/327 2751/466/328 1970/462/324
f 1972/465/327 82/402/270 1947/405/273 2751/466/328
f 2751/466/328 1947/405/273 92/410/278 1973/467/329
f 1970/462/324 2751/466/328 1973/467/329 101/463/325
f 92/410/278 1946/409/277 2752/468/330 1976/469/331
f 1946/409/277 93/408/276 1974/470/332 2752/468/330
f 2752/468/330 1974/470/332 103/471/333 1975/472/334
f 1976/469/331 2752/468/330 1975/472/334 102/473/335
f 93/408/276 1950/416/284 2753/474/336 1974/470/332
f 1950/416/284 94/415/283 1977/475/337 2753/474/336
f 2753/474/336 1977/475/337 104/476/338 1978/477/339
f 1974/470/332 2753/474/336 1978/477/339 103/471/333
f 94/415/283 1953/425/290 2754/478/340 1977/475/337
f 1953/424/290 95/423/289 1979/479/341 2754/480/340
f 2754/480/340 1979/479/341 105/481/342 1980/482/343
f 1977/475/337 2754/478/340 1980/483/343 104/476/338
f 95/423/289 1956/431/296 2755/484/344 1979/479/341
f 1956/431/296 96/430/295 1981/485/345 2755/484/344
f 2755/484/344 1981/485/345 106/486/346 1982/487/347
f 1979/479/341 2755/484/344 1982/487/347 105/481/342
f 96/430/295 1959/437/302 2756/488/348 1981/485/345
f 1959/437/302 97/436/301 1983/489/349 2756/488/348
f 2756/488/348 1983/489/349 107/490/350 1984/491/351
f 1981/485/345 2756/488/348 1984/491/351 106/486/346
f 97/436/301 1962/443/308 2757/492/352 1983/489/349
f 1962/443/308 98/442/307 1985/493/353 2757/492/352
f 2757/492/352 1985/493/353 108/494/354 1986/495/355
f 1983/489/349 2757/492/352 1986/495/355 107/490/350
f 98/442/307 1965/449/314 2758/496/356 1985/493/353
f 1965/449/314 99/448/313 1987/497/357 2758/496/356
f 2758/496/356 1987/497/357 109/498/358 1988/499/359
f 1985/493/353 2758/496/356 1988/499/359 108/494/354
f 99/458/313 1968/457/320 2759/500/360 1987/501/357
f 1968/457/320 100/456/319 1989/502/361 2759/500/360
f 2759/500/360 1989/502/361 110/503/362 1990/504/363
f 1987/505/357 2759/506/360 1990/507/363 109/508/358
f 100/456/319 1971/464/326 2760/509/364 1989/502/361
f 1971/464/326 101/463/325 1991/510/365 2760/509/364
f 2760/509/364 1991/510/365 111/511/366 1992/512/367
f 1989/502/361 2760/509/364 1992/512/367 110/503/362
f 101/463/325 1973/467/329 2761/513/368 1991/510/365
f 1973/467/329 92/410/278 1976/469/331 2761/513/368
f 2761/513/368 1976/469/331 102/473/335 1993/514/369
f 1991/510/365 2761/513/368 1993/514/369 111/511/366
f 102/473/335 1975/472/334 2762/515/370 1996/516/371
f 1975/472/334 103/471/333 1994/517/372 2762/515/370
f 2762/515/370 1994/517/372 113/518/373 1995/519/374
f 1996/516/371 2762/515/370 1995/519/374 112/520/375
f 103/471/333 1978/477/339 2763/521/376 1994/517/372
f 1978/477/339 104/476/338 1997/522/377 2763/521/376
f 2763/521/376 1997/522/377 114/523/378 1998/524/379
f 1994/517/372 2763/521/376 1998/524/379 113/518/373
f 104/476/338 1980/483/343 2764/525/380 1997/522/377
f 1980/482/343 105/481/342 1999/526/381 2764/527/380
f 2764/525/380 1999/528/381 115/529/382 2000/530/383
f 1997/522/377 2764/525/380 2000/530/383 114/523/378
f 105/481/342 1982/487/347 2765/531/384 1999/526/381
f 1982/487/347 106/486/346 2001/532/385 2765/531/384
f 2765/531/384 2001/532/385 116/533/386 2002/534/387
f 1999/526/381 2765/531/384 2002/534/387 115/535/382
f 106/486/346 1984/491/351 2766/536/388 2001/532/385
f 1984/491/351 107/490/350 2003/537/389 2766/536/388
f 2766/536/388 2003/537/389 117/538/390 2004/539/391
f 2001/532/385 2766/536/388 2004/539/391 116/533/386
f 107/490/350 1986/495/355 2767/540/392 2003/537/389
f 1986/495/355 108/494/354 2005/541/393 2767/540/392
f 2767/540/392 2005/541/393 118/542/394 2006/543/395
f 2003/537/389 2767/540/392 2006/543/395 117/538/390
f 108/494/354 1988/499/359 2768/544/396 2005/541/393
f 1988/499/359 109/498/358 2007/545/397 2768/544/396
f 2768/546/396 2007/547/397 119/548/398 2008/549/399
f 2005/541/393 2768/544/396 2008/550/399 118/542/394
f 109/508/358 1990/507/363 2769/551/400 2007/547/397
f 1990/507/363 110/552/362 2009/553/401 2769/551/400
f 2769/551/400 2009/553/401 120/554/402 2010/555/403
f 2007/547/397 2769/551/400 2010/555/403 119/548/398
f 110/503/362 1992/512/367 2770/556/404 2009/557/401
f 1992/512/367 111/511/366 2011/558/405 2770/556/404
f 2770/556/404 2011/558/405 121/559/406 2012/560/407
f 2009/553/401 2770/561/404 2012/562/407 120/554/402
f 111/511/366 1993/514/369 2771/563/408 2011/558/405
f 1993/514/369 102/473/335 1996/516/371 2771/563/408
f 2771/563/408 1996/516/371 112/520/375 2013/564/409
f 2011/558/405 2771/563/408 2013/564/409 121/559/406
f 112/565/375 1995/566/374 2772/567/410 2016/568/411
f 1995/566/374 113/569/373 2014/570/412 2772/567/410
f 2772/567/410 2014/570/412 123/571/413 2015/572/414
f 2016/568/411 2772/567/410 2015/572/414 122/573/415
f 113/518/373 1998/524/379 2773/574/416 2014/575/412
f 1998/524/379 114/523/378 2017/576/417 2773/574/416
f 2773/574/416 2017/576/417 124/577/418 2018/578/419
f 2014/575/412 2773/574/416 2018/578/419 123/579/413
f 114/523/378 2000/530/383 2774/580/420 2017/576/417
f 2000/581/383 115/582/382 2019/583/421 2774/584/420
f 2774/584/420 2019/583/421 125/585/422 2020/586/423
f 2017/587/417 2774/584/420 2020/586/423 124/588/418
f 115/535/382 2002/534/387 2775/589/424 2019/590/421
f 2002/534/387 116/533/386 2021/591/425 2775/589/424
f 2775/589/424 2021/591/425 126/592/426 2022/593/427
f 2019/590/421 2775/589/424 2022/593/427 125/594/422
f 116/533/386 2004/539/391 2776/595/428 2021/591/425
f 2004/539/391 117/538/390 2023/596/429 2776/595/428
f 2776/595/428 2023/596/429 127/597/430 2024/598/431
f 2021/591/425 2776/595/428 2024/598/431 126/592/426
f 117/538/390 2006/543/395 2777/599/432 2023/596/429
f 2006/543/395 118/542/394 2025/600/433 2777/599/432
f 2777/599/432 2025/600/433 128/601/434 2026/602/435
f 2023/596/429 2777/599/432 2026/602/435 127/597/430
f 118/542/394 2008/550/399 2778/603/436 2025/600/433
f 2008/549/399 119/548/398 2027/604/437 2778/605/436
f 2778/605/436 2027/604/437 129/606/438 2028/607/439
f 2025/600/433 2778/603/436 2028/608/439 128/601/434
f 119/548/398 2010/555/403 2779/609/440 2027/604/437
f 2010/555/403 120/554/402 2029/610/441 2779/609/440
f 2779/609/440 2029/610/441 130/611/442 2030/612/443
f 2027/604/437 2779/609/440 2030/612/443 129/606/438
f 120/554/402 2012/562/407 2780/613/444 2029/610/441
f 2012/614/407 121/615/406 2031/616/445 2780/617/444
f 2780/617/444 2031/616/445 131/618/446 2032/619/447
f 2029/610/441 2780/613/444 2032/620/447 130/611/442
f 121/615/406 2013/621/409 2781/622/448 2031/616/445
f 2013/621/409 112/565/375 2016/568/411 2781/622/448
f 2781/622/448 2016/568/411 122/573/415 2033/623/449
f 2031/616/445 2781/622/448 2033/623/449 131/618/446
f 122/573/415 2015/572/414 2782/624/450 2036/625/451
f 2015/572/414 123/571/413 2034/626/452 2782/624/450
f 2782/624/450 2034/626/452 133/627/453 2035/628/454
f 2036/625/451 2782/624/450 2035/628/454 132/629/455
f 123/571/413 2018/630/419 2783/631/456 2034/626/452
f 2018/632/419 124/588/418 2037/633/457 2783/634/456
f 2783/634/456 2037/633/457 134/635/458 2038/636/459
f 2034/626/452 2783/631/456 2038/637/459 133/627/453
f 124/588/418 2020/586/423 2784/638/460 2037/633/457
f 2020/586/423 125/585/422 2039/639/461 2784/638/460
f 2784/638/460 2039/639/461 135/640/462 2040/641/463
f 2037/633/457 2784/638/460 2040/641/463 134/635/458
f 125/585/422 2022/642/427 2785/643/464 2039/639/461
f 2022/593/427 126/592/426 2041/644/465 2785/645/464
f 2785/645/464 2041/644/465 136/646/466 2042/647/467
f 2039/639/461 2785/643/464 2042/648/467 135/640/462
f 126/592/426 2024/598/431 2786/649/468 2041/644/465
f 2024/598/431 127/597/430 2043/650/469 2786/649/468
f 2786/649/468 2043/650/469 137/651/470 2044/652/471
f 2041/644/465 2786/649/468 2044/652/471 136/646/466
f 127/597/430 2026/602/435 2787/653/472 2043/650/469
f 2026/602/435 128/601/434 2045/654/473 2787/653/472
f 2787/653/472 2045/654/473 138/655/474 2046/656/475
f 2043/650/469 2787/653/472 2046/656/475 137/651/470
f 128/657/434 2028/658/439 2788/659/476 2045/660/473
f 2028/658/439 129/661/438 2047/662/477 2788/659/476
f 2788/659/476 2047/662/477 139/663/478 2048/664/479
f 2045/660/473 2788/659/476 2048/664/479 138/665/474
f 129/606/438 2030/612/443 2789/666/480 2047/667/477
f 2030/612/443 130/611/442 2049/668/481 2789/666/480
f 2789/666/480 2049/668/481 140/669/482 2050/670/483
f 2047/662/477 2789/671/480 2050/672/483 139/663/478
f 130/673/442 2032/619/447 2790/674/484 2049/675/481
f 2032/619/447 131/618/446 2051/676/485 2790/674/484
f 2790/674/484 2051/676/485 141/677/486 2052/678/487
f 2049/675/481 2790/674/484 2052/678/487 140/679/482
f 131/618/446 2033/623/449 2791/680/488 2051/676/485
f 2033/623/449 122/573/415 2036/625/451 2791/680/488
f 2791/680/488 2036/625/451 132/629/455 2053/681/489
f 2051/676/485 2791/680/488 2053/681/489 141/677/486
f 132/629/455 2035/628/454 2792/682/490 2056/683/491
f 2035/628/454 133/627/453 2054/684/492 2792/682/490
f 2792/682/490 2054/684/492 143/685/493 2055/686/494
f 2056/683/491 2792/682/490 2055/686/494 142/687/495
f 133/627/453 2038/637/459 2793/688/496 2054/684/492
f 2038/636/459 134/635/458 2057/689/497 2793/690/496
f 2793/688/496 2057/691/497 144/692/498 2058/693/499
f 2054/684/492 2793/688/496 2058/693/499 143/685/493
f 134/635/458 2040/641/463 2794/694/500 2057/689/497
f 2040/641/463 135/640/462 2059/695/501 2794/694/500
f 2794/694/500 2059/695/501 145/696/502 2060/697/503
f 2057/689/497 2794/694/500 2060/697/503 144/698/498
f 135/640/462 2042/648/467 2795/699/504 2059/695/501
f 2042/700/467 136/701/466 2061/702/505 2795/703/504
f 2795/703/504 2061/702/505 146/704/506 2062/705/507
f 2059/706/501 2795/703/504 2062/705/507 145/707/502
f 136/701/466 2044/708/471 2796/709/508 2061/702/505
f 2044/708/471 137/710/470 2063/711/509 2796/709/508
f 2796/709/508 2063/711/509 147/712/510 2064/713/511
f 2061/702/505 2796/709/508 2064/713/511 146/704/506
f 137/710/470 2046/714/475 2797/715/512 2063/711/509
f 2046/714/475 138/665/474 2065/716/513 2797/715/512
f 2797/715/512 2065/716/513 148/717/514 2066/718/515
f 2063/711/509 2797/715/512 2066/718/515 147/712/510
f 138/665/474 2048/664/479 2798/719/516 2065/716/513
f 2048/664/479 139/663/478 2067/720/517 2798/719/516
f 2798/719/516 2067/720/517 149/721/518 2068/722/519
f 2065/716/513 2798/719/516 2068/722/519 148/717/514
f 139/663/478 2050/672/483 2799/723/520 2067/720/517
f 2050/672/483 140/724/482 2069/725/521 2799/723/520
f 2799/726/520 2069/727/521 150/728/522 2070/729/523
f 2067/720/517 2799/723/520 2070/730/523 149/721/518
f 140/679/482 2052/678/487 2800/731/524 2069/727/521
f 2052/678/487 141/677/486 2071/732/525 2800/731/524
f 2800/731/524 2071/732/525 151/733/526 2072/734/527
f 2069/727/521 2800/731/524 2072/734/527 150/728/522
f 141/677/486 2053/681/489 2801/735/528 2071/732/525
f 2053/681/489 132/629/455 2056/683/491 2801/735/528
f 2801/735/528 2056/683/491 142/687/495 2073/736/529
f 2071/732/525 2801/735/528 2073/736/529 151/733/526
f 142/687/495 2055/686/494 2802/737/530 2076/738/531
f 2055/686/494 143/685/493 2074/739/532 2802/737/530
f 2802/737/530 2074/739/532 153/740/533 2075/741/534
f 2076/738/531 2802/737/530 2075/741/534 152/742/535
f 143/685/493 2058/693/499 2803/743/536 2074/739/532
f 2058/693/499 144/692/498 2077/744/537 2803/743/536
f 2803/743/536 2077/744/537 154/745/538 2078/746/539
f 2074/739/532 2803/743/536 2078/746/539 153/740/533
f 144/698/498 2060/697/503 2804/747/540 2077/748/537
f 2060/749/503 145/707/502 2079/750/541 2804/751/540
f 2804/751/540 2079/750/541 155/752/542 2080/753/543
f 2077/754/537 2804/751/540 2080/753/543 154/755/538
f 145/707/502 2062/705/507 2805/756/544 2079/750/541
f 2062/705/507 146/704/506 2081/757/545 2805/756/544
f 2805/756/544 2081/757/545 156/758/546 2082/759/547
f 2079/750/541 2805/756/544 2082/759/547 155/752/542
f 146/704/506 2064/713/511 2806/760/548 2081/757/545
f 2064/713/511 147/712/510 2083/761/549 2806/760/548
f 2806/760/548 2083/761/549 157/762/550 2084/763/551
f 2081/757/545 2806/760/548 2084/763/551 156/758/546
f 147/712/510 2066/718/515 2807/764/552 2083/761/549
f 2066/718/515 148/717/514 2085/765/553 2807/764/552
f 2807/764/552 2085/765/553 158/766/554 2086/767/555
f 2083/761/549 2807/764/552 2086/767/555 157/762/550
f 148/717/514 2068/722/519 2808/768/556 2085/765/553
f 2068/722/519 149/721/518 2087/769/557 2808/768/556
f 2808/768/556 2087/769/557 159/770/558 2088/771/559
f 2085/765/553 2808/768/556 2088/771/559 158/766/554
f 149/721/518 2070/730/523 2809/772/560 2087/769/557
f 2070/729/523 150/728/522 2089/773/561 2809/774/560
f 2809/774/560 2089/773/561 160/775/562 2090/776/563
f 2087/769/557 2809/772/560 2090/777/563 159/770/558
f 150/728/522 2072/734/527 2810/778/564 2089/773/561
f 2072/734/527 151/733/526 2091/779/565 2810/778/564
f 2810/778/564 2091/779/565 161/780/566 2092/781/567
f 2089/773/561 2810/778/564 2092/781/567 160/775/562
f 151/733/526 2073/736/529 2811/782/568 2091/779/565
f 2073/736/529 142/687/495 2076/738/531 2811/782/568
f 2811/782/568 2076/738/531 152/742/535 2093/783/569
f 2091/779/565 2811/782/568 2093/783/569 161/780/566
f 152/742/535 2075/741/534 2812/784/570 2096/785/571
f 2075/741/534 153/740/533 2094/786/572 2812/784/570
f 2812/784/570 2094/786/572 163/787/573 2095/788/574
f 2096/785/571 2812/784/570 2095/788/574 162/789/575
f 153/740/533 2078/746/539 2813/790/576 2094/786/572
f 2078/746/539 154/745/538 2097/791/577 2813/790/576
f 2813/790/576 2097/791/577 164/792/578 2098/793/579
f 2094/786/572 2813/790/576 2098/793/579 163/787/573
f 154/755/538 2080/753/543 2814/794/580 2097/795/577
f 2080/753/543 155/752/542 2099/796/581 2814/794/580
f 2814/794/580 2099/796/581 165/797/582 2100/798/583
f 2097/795/577 2814/794/580 2100/798/583 164/799/578
f 155/752/542 2082/759/547 2815/800/584 2099/796/581
f 2082/759/547 156/758/546 2101/801/585 2815/800/584
f 2815/800/584 2101/801/585 166/802/586 2102/803/587
f 2099/796/581 2815/800/584 2102/803/587 165/797/582
f 156/758/546 2084/763/551 2816/804/588 2101/801/585
f 2084/763/551 157/762/550 2103/805/589 2816/804/588
f 2816/804/588 2103/805/589 167/806/590 2104/807/591
f 2101/801/585 2816/804/588 2104/807/591 166/802/586
f 157/762/550 2086/767/555 2817/808/592 2103/805/589
f 2086/767/555 158/766/554 2105/809/593 2817/808/592
f 2817/808/592 2105/809/593 168/810/594 2106/811/595
f 2103/805/589 2817/808/592 2106/811/595 167/806/590
f 158/766/554 2088/771/559 2818/812/596 2105/809/593
f 2088/771/559 159/770/558 2107/813/597 2818/812/596
f 2818/812/596 2107/813/597 169/814/598 2108/815/599
f 2105/809/593 2818/812/596 2108/815/599 168/810/594
f 159/770/558 2090/777/563 2819/816/600 2107/813/597
f 2090/776/563 160/775/562 2109/817/601 2819/818/600
f 2819/818/600 2109/817/601 170/819/602 2110/820/603
f 2107/813/597 2819/816/600 2110/821/603 169/814/598
f 160/775/562 2092/781/567 2820/822/604 2109/817/601
f 2092/781/567 161/780/566 2111/823/605 2820/822/604
f 2820/822/604 2111/823/605 171/824/606 2112/825/607
f 2109/817/601 2820/822/604 2112/825/607 170/819/602
f 161/780/566 2093/783/569 2821/826/608 2111/823/605
f 2093/783/569 152/742/535 2096/785/571 2821/826/608
f 2821/826/608 2096/785/571 162/789/575 2113/827/609
f 2111/823/605 2821/826/608 2113/827/609 171/824/606
f 83/406/274 1944/403/271 2822/828/610 2115/829/611
f 82/402/270 2114/830/612 2822/828/610 1944/403/271
f 172/831/613 2115/829/611 2822/828/610 2114/830/612
f 84/413/281 1948/411/279 2823/832/614 2116/833/615
f 83/406/274 2115/829/611 2823/832/614 1948/411/279
f 172/831/613 2116/833/615 2823/832/614 2115/829/611
f 85/420/287 1951/419/285 2824/834/616 2117/835/617
f 84/413/281 2116/833/615 2824/836/616 1951/417/285
f 172/831/613 2117/837/617 2824/836/616 2116/833/615
f 86/428/293 1954/426/291 2825/838/618 2118/839/619
f 85/420/287 2117/835/617 2825/838/618 1954/426/291
f 172/840/613 2118/839/619 2825/838/618 2117/835/617
f 87/434/299 1957/432/297 2826/841/620 2119/842/621
f 86/428/293 2118/839/619 2826/841/620 1957/432/297
f 172/840/613 2119/842/621 2826/841/620 2118/839/619
f 88/440/305 1960/438/303 2827/843/622 2120/844/623
f 87/434/299 2119/842/621 2827/843/622 1960/438/303
f 172/840/613 2120/844/623 2827/843/622 2119/842/621
f 89/446/311 1963/444/309 2828/845/624 2121/846/625
f 88/440/305 2120/844/623 2828/845/624 1963/444/309
f 172/840/613 2121/846/625 2828/845/624 2120/844/623
f 90/454/317 1966/451/315 2829/847/626 2122/848/627
f 89/450/311 2121/849/625 2829/847/626 1966/451/315
f 172/831/613 2122/848/627 2829/847/626 2121/849/625
f 91/461/323 1969/459/321 2830/850/628 2123/851/629
f 90/454/317 2122/848/627 2830/850/628 1969/459/321
f 172/831/613 2123/851/629 2830/850/628 2122/848/627
f 82/402/270 1972/465/327 2831/852/630 2114/830/612
f 91/461/323 2123/851/629 2831/852/630 1972/465/327
f 172/831/613 2114/830/612 2831/852/630 2123/851/629
f 162/789/575 2095/788/574 2832/853/631 2125/854/632
f 163/787/573 2124/855/633 2832/853/631 2095/788/574
f 173/856/634 2125/854/632 2832/853/631 2124/855/633
f 163/787/573 2098/793/579 2833/857/635 2124/855/633
f 164/792/578 2126/858/636 2833/857/635 2098/793/579
f 173/856/634 2124/855/633 2833/857/635 2126/858/636
f 164/799/578 2100/798/583 2834/859/637 2126/860/636
f 165/797/582 2127/861/638 2834/859/637 2100/798/583
f 173/862/634 2126/860/636 2834/859/637 2127/861/638
f 165/797/582 2102/803/587 2835/863/639 2127/861/638
f 166/802/586 2128/864/640 2835/863/639 2102/803/587
f 173/862/634 2127/861/638 2835/863/639 2128/864/640
f 166/802/586 2104/807/591 2836/865/641 2128/864/640
f 167/806/590 2129/866/642 2836/865/641 2104/807/591
f 173/862/634 2128/864/640 2836/865/641 2129/866/642
f 167/806/590 2106/811/595 2837/867/643 2129/866/642
f 168/810/594 2130/868/644 2837/867/643 2106/811/595
f 173/862/634 2129/866/642 2837/867/643 2130/868/644
f 168/810/594 2108/815/599 2838/869/645 2130/868/644
f 169/814/598 2131/870/646 2838/869/645 2108/815/599
f 173/862/634 2130/868/644 2838/869/645 2131/870/646
f 169/814/598 2110/821/603 2839/871/647 2131/870/646
f 170/819/602 2132/872/648 2839/873/647 2110/820/603
f 173/862/634 2131/870/646 2839/871/647 2132/874/648
f 170/819/602 2112/825/607 2840/875/649 2132/872/648
f 171/824/606 2133/876/650 2840/875/649 2112/825/607
f 173/856/634 2132/872/648 2840/875/649 2133/876/650
f 171/824/606 2113/827/609 2841/877/651 2133/876/650
f 162/789/575 2125/854/632 2841/877/651 2113/827/609
f 173/856/634 2133/876/650 2841/877/651 2125/854/632
s 20
f 174/878/652 2134/879/653 2842/880/654 2137/881/655
f 2134/879/653 199/882/656 2135/883/657 2842/880/654
f 2842/880/654 2135/883/657 198/884/658 2136/885/659
f 2137/881/655 2842/880/654 2136/885/659 176/886/660
f 175/887/661 2138/888/662 2843/889/663 2141/890/664
f 2138/888/662 178/891/665 2139/892/666 2843/889/663
f 2843/889/663 2139/892/666 179/893/667 2140/894/668
f 2141/890/664 2843/889/663 2140/894/668 174/878/652
f 176/895/660 2142/896/669 2844/897/670 2145/898/671
f 2142/896/669 207/899/672 2143/900/673 2844/897/670
f 2844/901/670 2143/902/673 206/903/674 2144/904/675
f 2145/905/671 2844/901/670 2144/904/675 175/887/661
f 177/906/676 2146/907/677 2845/908/678 2149/909/679
f 2146/907/677 201/910/680 2147/911/681 2845/908/678
f 2845/912/678 2147/913/681 200/914/682 2148/915/683
f 2149/916/679 2845/912/678 2148/915/683 179/893/667
f 178/891/665 2150/917/684 2846/918/685 2153/919/686
f 2150/917/684 215/920/687 2151/921/688 2846/918/685
f 2846/922/685 2151/923/688 214/924/689 2152/925/690
f 2153/926/686 2846/922/685 2152/925/690 177/906/676
f 180/927/691 2154/928/692 2847/929/693 2157/930/694
f 2154/928/692 205/931/695 2155/932/696 2847/929/693
f 2847/929/693 2155/932/696 204/933/697 2156/934/698
f 2157/930/694 2847/929/693 2156/934/698 182/935/699
f 182/936/699 2158/937/700 2848/938/701 2161/939/702
f 2158/937/700 183/940/703 2159/941/704 2848/938/701
f 2848/942/701 2159/943/704 184/944/705 2160/945/706
f 2161/946/702 2848/947/701 2160/948/706 181/949/707
f 183/940/703 2162/950/708 2849/951/709 2165/952/710
f 2162/950/708 203/953/711 2163/954/712 2849/951/709
f 2849/955/709 2163/956/712 202/957/713 2164/958/714
f 2165/959/710 2849/955/709 2164/958/714 185/960/715
f 209/961/716 2166/962/717 2850/963/718 2169/964/719
f 2166/962/717 192/965/720 2167/966/721 2850/963/718
f 2850/967/718 2167/968/721 193/969/722 2168/970/723
f 2169/971/719 2850/967/718 2168/970/723 210/972/724
f 188/973/725 2170/974/726 2851/975/727 2173/976/728
f 2170/974/726 189/977/729 2171/978/730 2851/975/727
f 2851/975/727 2171/978/730 190/979/731 2172/980/732
f 2173/976/728 2851/975/727 2172/980/732 187/981/733
f 211/982/734 2174/983/735 2852/984/736 2177/985/737
f 2174/983/735 196/986/738 2175/987/739 2852/984/736
f 2852/988/736 2175/989/739 197/990/740 2176/991/741
f 2177/985/737 2852/984/736 2176/992/741 212/993/742
f 194/994/743 2178/995/744 2853/996/745 2181/997/746
f 2178/995/744 195/998/747 2179/999/748 2853/996/745
f 2853/1000/745 2179/1001/748 196/1002/738 2180/1003/749
f 2181/1004/746 2853/1000/745 2180/1003/749 193/1005/722
f 175/887/661 2144/904/675 2854/1006/750 2138/888/662
f 2144/904/675 206/903/674 2182/1007/751 2854/1006/750
f 2854/1006/750 2182/1007/751 215/920/687 2150/917/684
f 2138/888/662 2854/1006/750 2150/917/684 178/891/665
f 182/936/699 2156/1008/698 2855/1009/752 2158/937/700
f 2156/1008/698 204/1010/697 2183/1011/753 2855/1009/752
f 2855/1009/752 2183/1011/753 203/953/711 2162/950/708
f 2158/937/700 2855/1009/752 2162/950/708 183/940/703
f 210/972/724 2168/970/723 2856/1012/754 2184/1013/755
f 2168/970/723 193/969/722 2180/1014/749 2856/1012/754
f 2856/1012/754 2180/1014/749 196/986/738 2174/983/735
f 2184/1013/755 2856/1012/754 2174/983/735 211/982/734
f 199/882/656 2134/879/653 2857/1015/756 2185/1016/757
f 2134/879/653 174/878/652 2140/894/668 2857/1015/756
f 2857/1015/756 2140/894/668 179/893/667 2148/915/683
f 2185/1016/757 2857/1015/756 2148/915/683 200/914/682
f 177/906/676 2152/925/690 2858/1017/758 2146/907/677
f 2152/925/690 214/924/689 2186/1018/759 2858/1017/758
f 2858/1017/758 2186/1018/759 213/1019/760 2187/1020/761
f 2146/907/677 2858/1017/758 2187/1020/761 201/910/680
f 207/899/672 2142/896/669 2859/1021/762 2189/1022/763
f 2142/896/669 176/895/660 2136/1023/659 2859/1021/762
f 2859/1021/762 2136/1023/659 198/1024/658 2188/1025/764
f 2189/1022/763 2859/1021/762 2188/1025/764 208/1026/765
f 174/878/652 2137/881/655 2860/1027/766 2141/890/664
f 176/886/660 2145/905/671 2860/1027/766 2137/881/655
f 175/887/661 2141/890/664 2860/1027/766 2145/905/671
f 177/906/676 2149/909/679 2861/1028/767 2153/926/686
f 179/893/667 2139/892/666 2861/1029/767 2149/916/679
f 178/891/665 2153/919/686 2861/1029/767 2139/892/666
f 180/927/691 2157/930/694 2862/1030/768 2190/1031/769
f 182/935/699 2161/1032/702 2862/1030/768 2157/930/694
f 181/949/707 2190/1033/769 2862/1034/768 2161/946/702
f 183/940/703 2165/952/710 2863/1035/770 2159/941/704
f 185/960/715 2191/1036/771 2863/1037/770 2165/959/710
f 184/1038/705 2159/1039/704 2863/1037/770 2191/1036/771
f 186/1040/772 2192/1041/773 2864/1042/774 2193/1043/775
f 188/973/725 2173/976/728 2864/1044/774 2192/1045/773
f 187/981/733 2193/1046/775 2864/1044/774 2173/976/728
f 189/977/729 2194/1047/776 2865/1048/777 2171/978/730
f 191/1049/778 2195/1050/779 2865/1048/777 2194/1047/776
f 190/979/731 2171/978/730 2865/1048/777 2195/1050/779
f 192/1051/720 2196/1052/780 2866/1053/781 2167/1054/721
f 194/994/743 2181/997/746 2866/1053/781 2196/1052/780
f 193/1005/722 2167/1055/721 2866/1056/781 2181/1004/746
f 195/998/747 2197/1057/782 2867/1058/783 2179/999/748
f 197/990/740 2175/989/739 2867/1059/783 2197/1060/782
f 196/986/738 2179/1061/748 2867/1062/783 2175/987/739
f 199/882/656 2198/1063/784 2868/1064/785 2135/883/657
f 2198/1063/784 194/994/743 2196/1052/780 2868/1064/785
f 2868/1064/785 2196/1052/780 192/1051/720 2199/1065/786
f 2135/883/657 2868/1064/785 2199/1065/786 198/884/658
f 194/994/743 2198/1063/784 2869/1066/787 2178/995/744
f 2198/1063/784 199/882/656 2185/1016/757 2869/1066/787
f 2869/1066/787 2185/1016/757 200/914/682 2200/1067/788
f 2178/995/744 2869/1066/787 2200/1067/788 195/998/747
f 201/910/680 2201/1068/789 2870/1069/790 2147/911/681
f 2201/1068/789 197/990/740 2197/1060/782 2870/1069/790
f 2870/1070/790 2197/1057/782 195/998/747 2200/1067/788
f 2147/913/681 2870/1070/790 2200/1067/788 200/914/682
f 212/1071/742 2176/991/741 2871/1072/791 2202/1073/792
f 2176/991/741 197/990/740 2201/1068/789 2871/1072/791
f 2871/1072/791 2201/1068/789 201/910/680 2187/1020/761
f 2202/1073/792 2871/1072/791 2187/1020/761 213/1019/760
f 203/953/711 2203/1074/793 2872/1075/794 2163/954/712
f 2203/1074/793 190/979/731 2195/1050/779 2872/1075/794
f 2872/1075/794 2195/1050/779 191/1049/778 2204/1076/795
f 2163/956/712 2872/1077/794 2204/1078/795 202/957/713
f 204/1010/697 2205/1079/796 2873/1080/797 2183/1011/753
f 2205/1079/796 187/981/733 2172/980/732 2873/1080/797
f 2873/1080/797 2172/980/732 190/979/731 2203/1074/793
f 2183/1011/753 2873/1080/797 2203/1074/793 203/953/711
f 205/931/695 2206/1081/798 2874/1082/799 2155/932/696
f 2206/1081/798 186/1040/772 2193/1043/775 2874/1082/799
f 2874/1082/799 2193/1043/775 187/1083/733 2205/1084/796
f 2155/932/696 2874/1082/799 2205/1084/796 204/933/697
f 192/965/720 2166/962/717 2875/1085/800 2199/1086/786
f 2166/962/717 209/961/716 2207/1087/801 2875/1085/800
f 2875/1085/800 2207/1087/801 208/1026/765 2188/1025/764
f 2199/1086/786 2875/1085/800 2188/1025/764 198/1024/658
f 207/899/672 2208/1088/802 2876/1089/803 2143/900/673
f 2208/1088/802 180/927/691 2190/1031/769 2876/1089/803
f 2876/1090/803 2190/1033/769 181/949/707 2209/1091/804
f 2143/902/673 2876/1090/803 2209/1091/804 206/903/674
f 205/931/695 2154/928/692 2877/1092/805 2210/1093/806
f 2154/928/692 180/927/691 2208/1088/802 2877/1092/805
f 2877/1092/805 2208/1088/802 207/899/672 2189/1022/763
f 2210/1093/806 2877/1092/805 2189/1022/763 208/1026/765
f 209/961/716 2211/1094/807 2878/1095/808 2207/1087/801
f 2211/1094/807 186/1040/772 2206/1081/798 2878/1095/808
f 2878/1095/808 2206/1081/798 205/931/695 2210/1093/806
f 2207/1087/801 2878/1095/808 2210/1093/806 208/1026/765
f 186/1040/772 2211/1094/807 2879/1096/809 2192/1041/773
f 2211/1094/807 209/961/716 2169/964/719 2879/1096/809
f 2879/1097/809 2169/971/719 210/972/724 2212/1098/810
f 2192/1045/773 2879/1097/809 2212/1098/810 188/973/725
f 188/973/725 2212/1098/810 2880/1099/811 2170/974/726
f 2212/1098/810 210/972/724 2184/1013/755 2880/1099/811
f 2880/1099/811 2184/1013/755 211/982/734 2213/1100/812
f 2170/974/726 2880/1099/811 2213/1100/812 189/977/729
f 189/977/729 2213/1100/812 2881/1101/813 2194/1047/776
f 2213/1100/812 211/982/734 2177/985/737 2881/1101/813
f 2881/1101/813 2177/985/737 212/993/742 2214/1102/814
f 2194/1047/776 2881/1101/813 2214/1102/814 191/1049/778
f 202/1103/713 2204/1076/795 2882/1104/815 2215/1105/816
f 2204/1076/795 191/1049/778 2214/1102/814 2882/1104/815
f 2882/1104/815 2214/1102/814 212/993/742 2202/1106/792
f 2215/1107/816 2882/1108/815 2202/1073/792 213/1019/760
f 214/924/689 2216/1109/817 2883/1110/818 2186/1018/759
f 2216/1109/817 185/960/715 2164/958/714 2883/1110/818
f 2883/1110/818 2164/958/714 202/957/713 2215/1107/816
f 2186/1018/759 2883/1110/818 2215/1107/816 213/1019/760
f 215/920/687 2217/1111/819 2884/1112/820 2151/921/688
f 2217/1113/819 184/1038/705 2191/1036/771 2884/1114/820
f 2884/1114/820 2191/1036/771 185/960/715 2216/1109/817
f 2151/923/688 2884/1114/820 2216/1109/817 214/924/689
f 206/903/674 2209/1091/804 2885/1115/821 2182/1007/751
f 2209/1091/804 181/949/707 2160/948/706 2885/1115/821
f 2885/1115/821 2160/948/706 184/1116/705 2217/1111/819
f 2182/1007/751 2885/1115/821 2217/1111/819 215/920/687
s 29
f 216/1117/822 2218/1118/823 2886/1119/824 2221/1120/825
f 2218/1118/823 217/1121/826 2219/1122/827 2886/1119/824
f 2886/1119/824 2219/1122/827 227/1123/828 2220/1124/829
f 2221/1120/825 2886/1119/824 2220/1124/829 226/1125/830
f 217/1121/826 2222/1126/831 2887/1127/832 2219/1122/827
f 2222/1128/831 218/1129/833 2223/1130/834 2887/1131/832
f 2887/1131/832 2223/1130/834 228/1132/835 2224/1133/836
f 2219/1122/827 2887/1127/832 2224/1134/836 227/1123/828
f 218/1129/833 2225/1135/837 2888/1136/838 2223/1130/834
f 2225/1135/837 219/1137/839 2226/1138/840 2888/1136/838
f 2888/1136/838 2226/1138/840 229/1139/841 2227/1140/842
f 2223/1130/834 2888/1136/838 2227/1140/842 228/1132/835
f 219/1137/839 2228/1141/843 2889/1142/844 2226/1138/840
f 2228/1141/843 220/1143/845 2229/1144/846 2889/1142/844
f 2889/1142/844 2229/1144/846 230/1145/847 2230/1146/848
f 2226/1138/840 2889/1142/844 2230/1146/848 229/1139/841
f 220/1143/845 2231/1147/849 2890/1148/850 2229/1144/846
f 2231/1147/849 221/1149/851 2232/1150/852 2890/1148/850
f 2890/1148/850 2232/1150/852 231/1151/853 2233/1152/854
f 2229/1144/846 2890/1148/850 2233/1152/854 230/1145/847
f 221/1149/851 2234/1153/855 2891/1154/856 2232/1150/852
f 2234/1153/855 222/1155/857 2235/1156/858 2891/1154/856
f 2891/1154/856 2235/1156/858 232/1157/859 2236/1158/860
f 2232/1150/852 2891/1154/856 2236/1158/860 231/1151/853
f 222/1155/857 2237/1159/861 2892/1160/862 2235/1156/858
f 2237/1161/861 223/1162/863 2238/1163/864 2892/1164/862
f 2892/1164/862 2238/1163/864 233/1165/865 2239/1166/866
f 2235/1156/858 2892/1160/862 2239/1167/866 232/1157/859
f 223/1162/863 2240/1168/867 2893/1169/868 2238/1163/864
f 2240/1168/867 224/1170/869 2241/1171/870 2893/1169/868
f 2893/1169/868 2241/1171/870 234/1172/871 2242/1173/872
f 2238/1163/864 2893/1169/868 2242/1173/872 233/1165/865
f 224/1170/869 2243/1174/873 2894/1175/874 2241/1171/870
f 2243/1174/873 225/1176/875 2244/1177/876 2894/1175/874
f 2894/1175/874 2244/1177/876 235/1178/877 2245/1179/878
f 2241/1171/870 2894/1175/874 2245/1179/878 234/1172/871
f 225/1176/875 2246/1180/879 2895/1181/880 2244/1177/876
f 2246/1180/879 216/1117/822 2221/1120/825 2895/1181/880
f 2895/1181/880 2221/1120/825 226/1125/830 2247/1182/881
f 2244/1177/876 2895/1181/880 2247/1182/881 235/1178/877
f 226/1125/830 2220/1124/829 2896/1183/882 2250/1184/883
f 2220/1124/829 227/1123/828 2248/1185/884 2896/1183/882
f 2896/1183/882 2248/1185/884 237/1186/885 2249/1187/886
f 2250/1184/883 2896/1183/882 2249/1187/886 236/1188/887
f 227/1123/828 2224/1134/836 2897/1189/888 2248/1185/884
f 2224/1133/836 228/1132/835 2251/1190/889 2897/1191/888
f 2897/1191/888 2251/1190/889 238/1192/890 2252/1193/891
f 2248/1194/884 2897/1191/888 2252/1193/891 237/1195/885
f 228/1132/835 2227/1140/842 2898/1196/892 2251/1190/889
f 2227/1140/842 229/1139/841 2253/1197/893 2898/1196/892
f 2898/1196/892 2253/1197/893 239/1198/894 2254/1199/895
f 2251/1190/889 2898/1196/892 2254/1199/895 238/1192/890
f 229/1139/841 2230/1146/848 2899/1200/896 2253/1197/893
f 2230/1146/848 230/1145/847 2255/1201/897 2899/1200/896
f 2899/1200/896 2255/1201/897 240/1202/898 2256/1203/899
f 2253/1197/893 2899/1200/896 2256/1203/899 239/1198/894
f 230/1145/847 2233/1152/854 2900/1204/900 2255/1201/897
f 2233/1152/854 231/1151/853 2257/1205/901 2900/1204/900
f 2900/1204/900 2257/1205/901 241/1206/902 2258/1207/903
f 2255/1201/897 2900/1204/900 2258/1207/903 240/1202/898
f 231/1151/853 2236/1158/860 2901/1208/904 2257/1205/901
f 2236/1158/860 232/1157/859 2259/1209/905 2901/1208/904
f 2901/1208/904 2259/1209/905 242/1210/906 2260/1211/907
f 2257/1205/901 2901/1208/904 2260/1211/907 241/1206/902
f 232/1157/859 2239/1167/866 2902/1212/908 2259/1209/905
f 2239/1166/866 233/1165/865 2261/1213/909 2902/1214/908
f 2902/1215/908 2261/1216/909 243/1217/910 2262/1218/911
f 2259/1219/905 2902/1215/908 2262/1218/911 242/1220/906
f 233/1165/865 2242/1173/872 2903/1221/912 2261/1213/909
f 2242/1173/872 234/1172/871 2263/1222/913 2903/1221/912
f 2903/1221/912 2263/1222/913 244/1223/914 2264/1224/915
f 2261/1213/909 2903/1221/912 2264/1224/915 243/1225/910
f 234/1172/871 2245/1179/878 2904/1226/916 2263/1222/913
f 2245/1179/878 235/1178/877 2265/1227/917 2904/1226/916
f 2904/1226/916 2265/1227/917 245/1228/918 2266/1229/919
f 2263/1222/913 2904/1226/916 2266/1229/919 244/1223/914
f 235/1178/877 2247/1182/881 2905/1230/920 2265/1227/917
f 2247/1182/881 226/1125/830 2250/1184/883 2905/1230/920
f 2905/1230/920 2250/1184/883 236/1188/887 2267/1231/921
f 2265/1227/917 2905/1230/920 2267/1231/921 245/1228/918
f 236/1188/887 2249/1187/886 2906/1232/922 2270/1233/923
f 2249/1187/886 237/1186/885 2268/1234/924 2906/1232/922
f 2906/1232/922 2268/1234/924 247/1235/925 2269/1236/926
f 2270/1233/923 2906/1232/922 2269/1236/926 246/1237/927
f 237/1195/885 2252/1193/891 2907/1238/928 2268/1239/924
f 2252/1193/891 238/1192/890 2271/1240/929 2907/1238/928
f 2907/1238/928 2271/1240/929 248/1241/930 2272/1242/931
f 2268/1239/924 2907/1238/928 2272/1242/931 247/1243/925
f 238/1192/890 2254/1199/895 2908/1244/932 2271/1240/929
f 2254/1199/895 239/1198/894 2273/1245/933 2908/1244/932
f 2908/1244/932 2273/1245/933 249/1246/934 2274/1247/935
f 2271/1240/929 2908/1244/932 2274/1247/935 248/1241/930
f 239/1198/894 2256/1203/899 2909/1248/936 2273/1245/933
f 2256/1203/899 240/1202/898 2275/1249/937 2909/1248/936
f 2909/1248/936 2275/1249/937 250/1250/938 2276/1251/939
f 2273/1245/933 2909/1248/936 2276/1251/939 249/1246/934
f 240/1202/898 2258/1207/903 2910/1252/940 2275/1249/937
f 2258/1207/903 241/1206/902 2277/1253/941 2910/1252/940
f 2910/1252/940 2277/1253/941 251/1254/942 2278/1255/943
f 2275/1249/937 2910/1252/940 2278/1255/943 250/1250/938
f 241/1206/902 2260/1211/907 2911/1256/944 2277/1253/941
f 2260/1257/907 242/1220/906 2279/1258/945 2911/1259/944
f 2911/1259/944 2279/1258/945 252/1260/946 2280/1261/947
f 2277/1262/941 2911/1259/944 2280/1261/947 251/1263/942
f 242/1220/906 2262/1218/911 2912/1264/948 2279/1258/945
f 2262/1218/911 243/1217/910 2281/1265/949 2912/1264/948
f 2912/1264/948 2281/1265/949 253/1266/950 2282/1267/951
f 2279/1258/945 2912/1264/948 2282/1267/951 252/1260/946
f 243/1225/910 2264/1224/915 2913/1268/952 2281/1269/949
f 2264/1224/915 244/1223/914 2283/1270/953 2913/1268/952
f 2913/1268/952 2283/1270/953 254/1271/954 2284/1272/955
f 2281/1269/949 2913/1268/952 2284/1272/955 253/1273/950
f 244/1223/914 2266/1229/919 2914/1274/956 2283/1270/953
f 2266/1229/919 245/1228/918 2285/1275/957 2914/1274/956
f 2914/1274/956 2285/1275/957 255/1276/958 2286/1277/959
f 2283/1270/953 2914/1274/956 2286/1277/959 254/1271/954
f 245/1228/918 2267/1231/921 2915/1278/960 2285/1275/957
f 2267/1231/921 236/1188/887 2270/1233/923 2915/1278/960
f 2915/1278/960 2270/1233/923 246/1237/927 2287/1279/961
f 2285/1275/957 2915/1278/960 2287/1279/961 255/1276/958
f 246/1237/927 2269/1236/926 2916/1280/962 2290/1281/963
f 2269/1236/926 247/1235/925 2288/1282/964 2916/1280/962
f 2916/1283/962 2288/1284/964 257/1285/965 2289/1286/966
f 2290/1281/963 2916/1280/962 2289/1287/966 256/1288/967
f 247/1243/925 2272/1242/931 2917/1289/968 2288/1290/964
f 2272/1242/931 248/1241/930 2291/1291/969 2917/1289/968
f 2917/1289/968 2291/1291/969 258/1292/970 2292/1293/971
f 2288/1284/964 2917/1294/968 2292/1295/971 257/1285/965
f 248/1241/930 2274/1247/935 2918/1296/972 2291/1291/969
f 2274/1247/935 249/1246/934 2293/1297/973 2918/1296/972
f 2918/1298/972 2293/1299/973 259/1300/974 2294/1301/975
f 2291/1291/969 2918/1296/972 2294/1302/975 258/1292/970
f 249/1303/934 2276/1304/939 2919/1305/976 2293/1299/973
f 2276/1304/939 250/1306/938 2295/1307/977 2919/1305/976
f 2919/1305/976 2295/1307/977 260/1308/978 2296/1309/979
f 2293/1299/973 2919/1305/976 2296/1309/979 259/1300/974
f 250/1306/938 2278/1310/943 2920/1311/980 2295/1307/977
f 2278/1310/943 251/1312/942 2297/1313/981 2920/1311/980
f 2920/1311/980 2297/1313/981 261/1314/982 2298/1315/983
f 2295/1307/977 2920/1311/980 2298/1315/983 260/1308/978
f 251/1263/942 2280/1261/947 2921/1316/984 2297/1317/981
f 2280/1261/947 252/1260/946 2299/1318/985 2921/1316/984
f 2921/1316/984 2299/1318/985 262/1319/986 2300/1320/987
f 2297/1313/981 2921/1321/984 2300/1322/987 261/1314/982
f 252/1260/946 2282/1267/951 2922/1323/988 2299/1318/985
f 2282/1267/951 253/1266/950 2301/1324/989 2922/1323/988
f 2922/1323/988 2301/1324/989 263/1325/990 2302/1326/991
f 2299/1318/985 2922/1323/988 2302/1326/991 262/1319/986
f 253/1273/950 2284/1272/955 2923/1327/992 2301/1328/989
f 2284/1272/955 254/1271/954 2303/1329/993 2923/1327/992
f 2923/1327/992 2303/1329/993 264/1330/994 2304/1331/995
f 2301/1324/989 2923/1332/992 2304/1333/995 263/1325/990
f 254/1271/954 2286/1277/959 2924/1334/996 2303/1329/993
f 2286/1277/959 255/1276/958 2305/1335/997 2924/1334/996
f 2924/1334/996 2305/1335/997 265/1336/998 2306/1337/999
f 2303/1329/993 2924/1334/996 2306/1337/999 264/1330/994
f 255/1276/958 2287/1279/961 2925/1338/1000 2305/1335/997
f 2287/1279/961 246/1237/927 2290/1281/963 2925/1338/1000
f 2925/1338/1000 2290/1281/963 256/1288/967 2307/1339/1001
f 2305/1335/997 2925/1338/1000 2307/1339/1001 265/1336/998
f 256/1288/967 2289/1287/966 2926/1340/1002 2310/1341/1003
f 2289/1286/966 257/1285/965 2308/1342/1004 2926/1343/1002
f 2926/1343/1002 2308/1342/1004 267/1344/1005 2309/1345/1006
f 2310/1346/1003 2926/1343/1002 2309/1345/1006 266/1347/1007
f 257/1285/965 2292/1295/971 2927/1348/1008 2308/1342/1004
f 2292/1295/971 258/1349/970 2311/1350/1009 2927/1348/1008
f 2927/1348/1008 2311/1350/1009 268/1351/1010 2312/1352/1011
f 2308/1342/1004 2927/1348/1008 2312/1352/1011 267/1344/1005
f 258/1349/970 2294/1353/975 2928/1354/1012 2311/1350/1009
f 2294/1301/975 259/1300/974 2313/1355/1013 2928/1356/1012
f 2928/1356/1012 2313/1355/1013 269/1357/1014 2314/1358/1015
f 2311/1359/1009 2928/1356/1012 2314/1358/1015 268/1360/1010
f 259/1300/974 2296/1309/979 2929/1361/1016 2313/1355/1013
f 2296/1309/979 260/1308/978 2315/1362/1017 2929/1361/1016
f 2929/1361/1016 2315/1362/1017 270/1363/1018 2316/1364/1019
f 2313/1355/1013 2929/1361/1016 2316/1364/1019 269/1357/1014
f 260/1308/978 2298/1315/983 2930/1365/1020 2315/1362/1017
f 2298/1315/983 261/1314/982 2317/1366/1021 2930/1365/1020
f 2930/1365/1020 2317/1366/1021 271/1367/1022 2318/1368/1023
f 2315/1362/1017 2930/1365/1020 2318/1368/1023 270/1363/1018
f 261/1314/982 2300/1322/987 2931/1369/1024 2317/1366/1021
f 2300/1320/987 262/1319/986 2319/1370/1025 2931/1371/1024
f 2931/1369/1024 2319/1372/1025 272/1373/1026 2320/1374/1027
f 2317/1366/1021 2931/1369/1024 2320/1374/1027 271/1367/1022
f 262/1319/986 2302/1326/991 2932/1375/1028 2319/1370/1025
f 2302/1376/991 263/1377/990 2321/1378/1029 2932/1379/1028
f 2932/1379/1028 2321/1378/1029 273/1380/1030 2322/1381/1031
f 2319/1382/1025 2932/1379/1028 2322/1381/1031 272/1383/1026
f 263/1377/990 2304/1384/995 2933/1385/1032 2321/1378/1029
f 2304/1331/995 264/1330/994 2323/1386/1033 2933/1387/1032
f 2933/1385/1032 2323/1388/1033 274/1389/1034 2324/1390/1035
f 2321/1378/1029 2933/1385/1032 2324/1390/1035 273/1380/1030
f 264/1330/994 2306/1337/999 2934/1391/1036 2323/1386/1033
f 2306/1337/999 265/1336/998 2325/1392/1037 2934/1391/1036
f 2934/1391/1036 2325/1392/1037 275/1393/1038 2326/1394/1039
f 2323/1386/1033 2934/1391/1036 2326/1394/1039 274/1395/1034
f 265/1336/998 2307/1339/1001 2935/1396/1040 2325/1392/1037
f 2307/1339/1001 256/1288/967 2310/1341/1003 2935/1396/1040
f 2935/1396/1040 2310/1341/1003 266/1397/1007 2327/1398/1041
f 2325/1392/1037 2935/1396/1040 2327/1398/1041 275/1393/1038
f 266/1347/1007 2309/1345/1006 2936/1399/1042 2330/1400/1043
f 2309/1345/1006 267/1344/1005 2328/1401/1044 2936/1399/1042
f 2936/1399/1042 2328/1401/1044 277/1402/1045 2329/1403/1046
f 2330/1404/1043 2936/1405/1042 2329/1406/1046 276/1407/1047
f 267/1344/1005 2312/1352/1011 2937/1408/1048 2328/1401/1044
f 2312/1352/1011 268/1351/1010 2331/1409/1049 2937/1408/1048
f 2937/1408/1048 2331/1409/1049 278/1410/1050 2332/1411/1051
f 2328/1401/1044 2937/1408/1048 2332/1411/1051 277/1402/1045
f 268/1360/1010 2314/1358/1015 2938/1412/1052 2331/1413/1049
f 2314/1358/1015 269/1357/1014 2333/1414/1053 2938/1412/1052
f 2938/1412/1052 2333/1414/1053 279/1415/1054 2334/1416/1055
f 2331/1413/1049 2938/1412/1052 2334/1416/1055 278/1417/1050
f 269/1357/1014 2316/1364/1019 2939/1418/1056 2333/1414/1053
f 2316/1364/1019 270/1363/1018 2335/1419/1057 2939/1418/1056
f 2939/1418/1056 2335/1419/1057 280/1420/1058 2336/1421/1059
f 2333/1414/1053 2939/1418/1056 2336/1421/1059 279/1415/1054
f 270/1363/1018 2318/1368/1023 2940/1422/1060 2335/1419/1057
f 2318/1368/1023 271/1367/1022 2337/1423/1061 2940/1422/1060
f 2940/1422/1060 2337/1423/1061 281/1424/1062 2338/1425/1063
f 2335/1419/1057 2940/1422/1060 2338/1425/1063 280/1420/1058
f 271/1367/1022 2320/1374/1027 2941/1426/1064 2337/1423/1061
f 2320/1374/1027 272/1373/1026 2339/1427/1065 2941/1426/1064
f 2941/1426/1064 2339/1427/1065 282/1428/1066 2340/1429/1067
f 2337/1423/1061 2941/1426/1064 2340/1429/1067 281/1424/1062
f 272/1383/1026 2322/1381/1031 2942/1430/1068 2339/1431/1065
f 2322/1381/1031 273/1380/1030 2341/1432/1069 2942/1430/1068
f 2942/1430/1068 2341/1432/1069 283/1433/1070 2342/1434/1071
f 2339/1431/1065 2942/1430/1068 2342/1434/1071 282/1435/1066
f 273/1380/1030 2324/1390/1035 2943/1436/1072 2341/1432/1069
f 2324/1390/1035 274/1389/1034 2343/1437/1073 2943/1436/1072
f 2943/1436/1072 2343/1437/1073 284/1438/1074 2344/1439/1075
f 2341/1432/1069 2943/1436/1072 2344/1439/1075 283/1433/1070
f 274/1389/1034 2326/1440/1039 2944/1441/1076 2343/1437/1073
f 2326/1440/1039 275/1442/1038 2345/1443/1077 2944/1441/1076
f 2944/1441/1076 2345/1443/1077 285/1444/1078 2346/1445/1079
f 2343/1437/1073 2944/1441/1076 2346/1445/1079 284/1438/1074
f 275/1442/1038 2327/1446/1041 2945/1447/1080 2345/1443/1077
f 2327/1446/1041 266/1448/1007 2330/1404/1043 2945/1447/1080
f 2945/1447/1080 2330/1404/1043 276/1407/1047 2347/1449/1081
f 2345/1443/1077 2945/1447/1080 2347/1449/1081 285/1444/1078
f 276/1407/1047 2329/1406/1046 2946/1450/1082 2350/1451/1083
f 2329/1406/1046 277/1452/1045 2348/1453/1084 2946/1450/1082
f 2946/1450/1082 2348/1453/1084 287/1454/1085 2349/1455/1086
f 2350/1451/1083 2946/1450/1082 2349/1455/1086 286/1456/1087
f 277/1402/1045 2332/1411/1051 2947/1457/1088 2348/1458/1084
f 2332/1411/1051 278/1410/1050 2351/1459/1089 2947/1457/1088
f 2947/1460/1088 2351/1461/1089 288/1462/1090 2352/1463/1091
f 2348/1453/1084 2947/1464/1088 2352/1465/1091 287/1454/1085
f 278/1417/1050 2334/1416/1055 2948/1466/1092 2351/1461/1089
f 2334/1416/1055 279/1415/1054 2353/1467/1093 2948/1466/1092
f 2948/1466/1092 2353/1467/1093 289/1468/1094 2354/1469/1095
f 2351/1461/1089 2948/1466/1092 2354/1469/1095 288/1462/1090
f 279/1415/1054 2336/1421/1059 2949/1470/1096 2353/1467/1093
f 2336/1421/1059 280/1420/1058 2355/1471/1097 2949/1470/1096
f 2949/1470/1096 2355/1471/1097 290/1472/1098 2356/1473/1099
f 2353/1467/1093 2949/1470/1096 2356/1473/1099 289/1468/1094
f 280/1420/1058 2338/1425/1063 2950/1474/1100 2355/1471/1097
f 2338/1425/1063 281/1424/1062 2357/1475/1101 2950/1474/1100
f 2950/1474/1100 2357/1475/1101 291/1476/1102 2358/1477/1103
f 2355/1471/1097 2950/1474/1100 2358/1477/1103 290/1472/1098
f 281/1424/1062 2340/1429/1067 2951/1478/1104 2357/1475/1101
f 2340/1429/1067 282/1428/1066 2359/1479/1105 2951/1478/1104
f 2951/1478/1104 2359/1479/1105 292/1480/1106 2360/1481/1107
f 2357/1475/1101 2951/1478/1104 2360/1481/1107 291/1476/1102
f 282/1435/1066 2342/1434/1071 2952/1482/1108 2359/1483/1105
f 2342/1434/1071 283/1433/1070 2361/1484/1109 2952/1482/1108
f 2952/1482/1108 2361/1484/1109 293/1485/1110 2362/1486/1111
f 2359/1479/1105 2952/1487/1108 2362/1488/1111 292/1480/1106
f 283/1433/1070 2344/1439/1075 2953/1489/1112 2361/1484/1109
f 2344/1439/1075 284/1438/1074 2363/1490/1113 2953/1489/1112
f 2953/1489/1112 2363/1490/1113 294/1491/1114 2364/1492/1115
f 2361/1484/1109 2953/1489/1112 2364/1492/1115 293/1485/1110
f 284/1438/1074 2346/1445/1079 2954/1493/1116 2363/1490/1113
f 2346/1445/1079 285/1444/1078 2365/1494/1117 2954/1493/1116
f 2954/1493/1116 2365/1494/1117 295/1495/1118 2366/1496/1119
f 2363/1490/1113 2954/1493/1116 2366/1496/1119 294/1491/1114
f 285/1444/1078 2347/1449/1081 2955/1497/1120 2365/1494/1117
f 2347/1449/1081 276/1407/1047 2350/1451/1083 2955/1497/1120
f 2955/1497/1120 2350/1451/1083 286/1456/1087 2367/1498/1121
f 2365/1494/1117 2955/1497/1120 2367/1498/1121 295/1495/1118
f 286/1456/1087 2349/1455/1086 2956/1499/1122 2370/1500/1123
f 2349/1455/1086 287/1454/1085 2368/1501/1124 2956/1499/1122
f 2956/1499/1122 2368/1501/1124 297/1502/1125 2369/1503/1126
f 2370/1500/1123 2956/1499/1122 2369/1503/1126 296/1504/1127
f 287/1454/1085 2352/1465/1091 2957/1505/1128 2368/1501/1124
f 2352/1463/1091 288/1462/1090 2371/1506/1129 2957/1507/1128
f 2957/1507/1128 2371/1506/1129 298/1508/1130 2372/1509/1131
f 2368/1501/1124 2957/1505/1128 2372/1510/1131 297/1502/1125
f 288/1462/1090 2354/1469/1095 2958/1511/1132 2371/1506/1129
f 2354/1469/1095 289/1468/1094 2373/1512/1133 2958/1511/1132
f 2958/1511/1132 2373/1512/1133 299/1513/1134 2374/1514/1135
f 2371/1506/1129 2958/1511/1132 2374/1514/1135 298/1508/1130
f 289/1468/1094 2356/1473/1099 2959/1515/1136 2373/1512/1133
f 2356/1473/1099 290/1472/1098 2375/1516/1137 2959/1515/1136
f 2959/1515/1136 2375/1516/1137 300/1517/1138 2376/1518/1139
f 2373/1512/1133 2959/1515/1136 2376/1518/1139 299/1513/1134
f 290/1472/1098 2358/1477/1103 2960/1519/1140 2375/1516/1137
f 2358/1477/1103 291/1476/1102 2377/1520/1141 2960/1519/1140
f 2960/1519/1140 2377/1520/1141 301/1521/1142 2378/1522/1143
f 2375/1516/1137 2960/1519/1140 2378/1522/1143 300/1517/1138
f 291/1476/1102 2360/1481/1107 2961/1523/1144 2377/1520/1141
f 2360/1481/1107 292/1480/1106 2379/1524/1145 2961/1523/1144
f 2961/1523/1144 2379/1524/1145 302/1525/1146 2380/1526/1147
f 2377/1520/1141 2961/1523/1144 2380/1526/1147 301/1521/1142
f 292/1480/1106 2362/1488/1111 2962/1527/1148 2379/1524/1145
f 2362/1486/1111 293/1485/1110 2381/1528/1149 2962/1529/1148
f 2962/1529/1148 2381/1528/1149 303/1530/1150 2382/1531/1151
f 2379/1524/1145 2962/1527/1148 2382/1532/1151 302/1525/1146
f 293/1485/1110 2364/1492/1115 2963/1533/1152 2381/1528/1149
f 2364/1492/1115 294/1491/1114 2383/1534/1153 2963/1533/1152
f 2963/1533/1152 2383/1534/1153 304/1535/1154 2384/1536/1155
f 2381/1528/1149 2963/1533/1152 2384/1536/1155 303/1530/1150
f 294/1491/1114 2366/1496/1119 2964/1537/1156 2383/1534/1153
f 2366/1496/1119 295/1495/1118 2385/1538/1157 2964/1537/1156
f 2964/1537/1156 2385/1538/1157 305/1539/1158 2386/1540/1159
f 2383/1534/1153 2964/1537/1156 2386/1540/1159 304/1535/1154
f 295/1495/1118 2367/1498/1121 2965/1541/1160 2385/1538/1157
f 2367/1498/1121 286/1456/1087 2370/1500/1123 2965/1541/1160
f 2965/1541/1160 2370/1500/1123 296/1504/1127 2387/1542/1161
f 2385/1538/1157 2965/1541/1160 2387/1542/1161 305/1539/1158
f 217/1121/826 2218/1118/823 2966/1543/1162 2389/1544/1163
f 216/1117/822 2388/1545/1164 2966/1543/1162 2218/1118/823
f 306/1546/1165 2389/1544/1163 2966/1543/1162 2388/1545/1164
f 218/1129/833 2222/1128/831 2967/1547/1166 2390/1548/1167
f 217/1121/826 2389/1544/1163 2967/1549/1166 2222/1126/831
f 306/1546/1165 2390/1550/1167 2967/1549/1166 2389/1544/1163
f 219/1137/839 2225/1135/837 2968/1551/1168 2391/1552/1169
f 218/1129/833 2390/1548/1167 2968/1551/1168 2225/1135/837
f 306/1553/1165 2391/1552/1169 2968/1551/1168 2390/1548/1167
f 220/1143/845 2228/1141/843 2969/1554/1170 2392/1555/1171
f 219/1137/839 2391/1552/1169 2969/1554/1170 2228/1141/843
f 306/1553/1165 2392/1555/1171 2969/1554/1170 2391/1552/1169
f 221/1149/851 2231/1147/849 2970/1556/1172 2393/1557/1173
f 220/1143/845 2392/1555/1171 2970/1556/1172 2231/1147/849
f 306/1553/1165 2393/1557/1173 2970/1556/1172 2392/1555/1171
f 222/1155/857 2234/1153/855 2971/1558/1174 2394/1559/1175
f 221/1149/851 2393/1557/1173 2971/1558/1174 2234/1153/855
f 306/1553/1165 2394/1559/1175 2971/1558/1174 2393/1557/1173
f 223/1162/863 2237/1161/861 2972/1560/1176 2395/1561/1177
f 222/1155/857 2394/1559/1175 2972/1562/1176 2237/1159/861
f 306/1546/1165 2395/1561/1177 2972/1560/1176 2394/1563/1175
f 224/1170/869 2240/1168/867 2973/1564/1178 2396/1565/1179
f 223/1162/863 2395/1561/1177 2973/1564/1178 2240/1168/867
f 306/1546/1165 2396/1565/1179 2973/1564/1178 2395/1561/1177
f 225/1176/875 2243/1174/873 2974/1566/1180 2397/1567/1181
f 224/1170/869 2396/1565/1179 2974/1566/1180 2243/1174/873
f 306/1546/1165 2397/1567/1181 2974/1566/1180 2396/1565/1179
f 216/1117/822 2246/1180/879 2975/1568/1182 2388/1545/1164
f 225/1176/875 2397/1567/1181 2975/1568/1182 2246/1180/879
f 306/1546/1165 2388/1545/1164 2975/1568/1182 2397/1567/1181
f 296/1504/1127 2369/1503/1126 2976/1569/1183 2399/1570/1184
f 297/1502/1125 2398/1571/1185 2976/1569/1183 2369/1503/1126
f 307/1572/1186 2399/1570/1184 2976/1569/1183 2398/1571/1185
f 297/1502/1125 2372/1510/1131 2977/1573/1187 2398/1571/1185
f 298/1508/1130 2400/1574/1188 2977/1575/1187 2372/1509/1131
f 307/1576/1186 2398/1577/1185 2977/1575/1187 2400/1574/1188
f 298/1508/1130 2374/1514/1135 2978/1578/1189 2400/1574/1188
f 299/1513/1134 2401/1579/1190 2978/1578/1189 2374/1514/1135
f 307/1576/1186 2400/1574/1188 2978/1578/1189 2401/1579/1190
f 299/1513/1134 2376/1518/1139 2979/1580/1191 2401/1579/1190
f 300/1517/1138 2402/1581/1192 2979/1580/1191 2376/1518/1139
f 307/1576/1186 2401/1579/1190 2979/1580/1191 2402/1581/1192
f 300/1517/1138 2378/1522/1143 2980/1582/1193 2402/1581/1192
f 301/1521/1142 2403/1583/1194 2980/1582/1193 2378/1522/1143
f 307/1576/1186 2402/1581/1192 2980/1582/1193 2403/1583/1194
f 301/1521/1142 2380/1526/1147 2981/1584/1195 2403/1583/1194
f 302/1525/1146 2404/1585/1196 2981/1584/1195 2380/1526/1147
f 307/1576/1186 2403/1583/1194 2981/1584/1195 2404/1585/1196
f 302/1525/1146 2382/1532/1151 2982/1586/1197 2404/1585/1196
f 303/1530/1150 2405/1587/1198 2982/1588/1197 2382/1531/1151
f 307/1576/1186 2404/1585/1196 2982/1586/1197 2405/1589/1198
f 303/1530/1150 2384/1536/1155 2983/1590/1199 2405/1587/1198
f 304/1535/1154 2406/1591/1200 2983/1590/1199 2384/1536/1155
f 307/1572/1186 2405/1587/1198 2983/1590/1199 2406/1591/1200
f 304/1535/1154 2386/1540/1159 2984/1592/1201 2406/1591/1200
f 305/1539/1158 2407/1593/1202 2984/1592/1201 2386/1540/1159
f 307/1572/1186 2406/1591/1200 2984/1592/1201 2407/1593/1202
f 305/1539/1158 2387/1542/1161 2985/1594/1203 2407/1593/1202
f 296/1504/1127 2399/1570/1184 2985/1594/1203 2387/1542/1161
f 307/1572/1186 2407/1593/1202 2985/1594/1203 2399/1570/1184
s 30
f 673/1595/1204 2408/1596/1205 2986/1597/1206 2411/1598/1207
f 2408/1596/1205 674/1599/1208 2409/1600/1209 2986/1597/1206
f 2986/1597/1206 2409/1600/1209 309/1601/1210 2410/1602/1211
f 2411/1598/1207 2986/1597/1206 2410/1602/1211 329/1603/1212
f 309/1601/1210 2412/1604/1213 2987/1605/1214 2410/1602/1211
f 2412/1604/1213 310/1606/1215 2413/1607/1216 2987/1605/1214
f 2987/1605/1214 2413/1607/1216 330/1608/1217 2414/1609/1218
f 2410/1602/1211 2987/1605/1214 2414/1609/1218 329/1603/1212
f 310/1610/1215 2415/1611/1219 2988/1612/1220 2413/1613/1216
f 2415/1611/1219 311/1614/1221 2416/1615/1222 2988/1612/1220
f 2988/1612/1220 2416/1615/1222 331/1616/1223 2417/1617/1224
f 2413/1613/1216 2988/1612/1220 2417/1617/1224 330/1618/1217
f 311/1614/1221 2418/1619/1225 2989/1620/1226 2416/1615/1222
f 2418/1619/1225 312/1621/1227 2419/1622/1228 2989/1620/1226
f 2989/1620/1226 2419/1622/1228 332/1623/1229 2420/1624/1230
f 2416/1615/1222 2989/1620/1226 2420/1624/1230 331/1616/1223
f 312/1621/1227 2421/1625/1231 2990/1626/1232 2419/1622/1228
f 2421/1625/1231 313/1627/1233 2422/1628/1234 2990/1626/1232
f 2990/1626/1232 2422/1628/1234 333/1629/1235 2423/1630/1236
f 2419/1622/1228 2990/1626/1232 2423/1630/1236 332/1623/1229
f 313/1627/1233 2424/1631/1237 2991/1632/1238 2422/1628/1234
f 2424/1631/1237 314/1633/1239 2425/1634/1240 2991/1632/1238
f 2991/1632/1238 2425/1634/1240 334/1635/1241 2426/1636/1242
f 2422/1628/1234 2991/1632/1238 2426/1636/1242 333/1629/1235
f 314/1637/1239 2427/1638/1243 2992/1639/1244 2425/1640/1240
f 2427/1638/1243 315/1641/1245 2428/1642/1246 2992/1639/1244
f 2992/1639/1244 2428/1642/1246 335/1643/1247 2429/1644/1248
f 2425/1640/1240 2992/1639/1244 2429/1644/1248 334/1645/1241
f 670/1646/1249 2430/1647/1250 2993/1648/1251 2433/1649/1252
f 2430/1647/1250 671/1650/1253 2431/1651/1254 2993/1648/1251
f 2993/1652/1251 2431/1653/1254 316/1654/1255 2432/1655/1256
f 2433/1656/1252 2993/1652/1251 2432/1655/1256 336/1657/1257
f 316/1654/1255 2434/1658/1258 2994/1659/1259 2432/1655/1256
f 2434/1658/1258 317/1660/1260 2435/1661/1261 2994/1659/1259
f 2994/1662/1259 2435/1663/1261 337/1664/1262 2436/1665/1263
f 2432/1655/1256 2994/1659/1259 2436/1666/1263 336/1657/1257
f 317/1667/1260 2437/1668/1264 2995/1669/1265 2435/1663/1261
f 2437/1670/1264 318/1671/1266 2438/1672/1267 2995/1673/1265
f 2995/1673/1265 2438/1672/1267 338/1674/1268 2439/1675/1269
f 2435/1663/1261 2995/1669/1265 2439/1676/1269 337/1664/1262
f 318/1671/1266 2440/1677/1270 2996/1678/1271 2438/1672/1267
f 2440/1677/1270 319/1679/1272 2441/1680/1273 2996/1678/1271
f 2996/1678/1271 2441/1680/1273 339/1681/1274 2442/1682/1275
f 2438/1672/1267 2996/1678/1271 2442/1682/1275 338/1674/1268
f 319/1679/1272 2443/1683/1276 2997/1684/1277 2441/1680/1273
f 2443/1683/1276 320/1685/1278 2444/1686/1279 2997/1684/1277
f 2997/1684/1277 2444/1686/1279 340/1687/1280 2445/1688/1281
f 2441/1680/1273 2997/1684/1277 2445/1688/1281 339/1681/1274
f 320/1689/1278 2446/1690/1282 2998/1691/1283 2444/1692/1279
f 2446/1690/1282 321/1693/1284 2447/1694/1285 2998/1691/1283
f 2998/1691/1283 2447/1694/1285 341/1695/1286 2448/1696/1287
f 2444/1692/1279 2998/1691/1283 2448/1696/1287 340/1697/1280
f 321/1693/1284 2449/1698/1288 2999/1699/1289 2447/1694/1285
f 2449/1698/1288 322/1700/1290 2450/1701/1291 2999/1699/1289
f 2999/1699/1289 2450/1701/1291 342/1702/1292 2451/1703/1293
f 2447/1694/1285 2999/1699/1289 2451/1703/1293 341/1695/1286
f 322/1700/1290 2452/1704/1294 3000/1705/1295 2450/1701/1291
f 2452/1704/1294 323/1706/1296 2453/1707/1297 3000/1705/1295
f 3000/1705/1295 2453/1707/1297 343/1708/1298 2454/1709/1299
f 2450/1701/1291 3000/1705/1295 2454/1709/1299 342/1702/1292
f 323/1706/1296 2455/1710/1300 3001/1711/1301 2453/1707/1297
f 2455/1710/1300 324/1712/1302 2456/1713/1303 3001/1711/1301
f 3001/1711/1301 2456/1713/1303 344/1714/1304 2457/1715/1305
f 2453/1707/1297 3001/1711/1301 2457/1715/1305 343/1708/1298
f 324/1716/1302 2458/1717/1306 3002/1718/1307 2456/1719/1303
f 2458/1717/1306 325/1720/1308 2459/1721/1309 3002/1718/1307
f 3002/1718/1307 2459/1721/1309 345/1722/1310 2460/1723/1311
f 2456/1719/1303 3002/1718/1307 2460/1723/1311 344/1724/1304
f 325/1720/1308 2461/1725/1312 3003/1726/1313 2459/1721/1309
f 2461/1725/1312 326/1727/1314 2462/1728/1315 3003/1726/1313
f 3003/1726/1313 2462/1728/1315 346/1729/1316 2463/1730/1317
f 2459/1721/1309 3003/1726/1313 2463/1730/1317 345/1722/1310
f 326/1727/1314 2464/1731/1318 3004/1732/1319 2462/1728/1315
f 2464/1733/1318 327/1734/1320 2465/1735/1321 3004/1736/1319
f 3004/1736/1319 2465/1735/1321 347/1737/1322 2466/1738/1323
f 2462/1728/1315 3004/1732/1319 2466/1739/1323 346/1729/1316
f 327/1740/1320 2467/1741/1324 3005/1742/1325 2465/1743/1321
f 2467/1741/1324 308/1744/1326 2468/1745/1327 3005/1742/1325
f 3005/1742/1325 2468/1745/1327 328/1746/1328 2469/1747/1329
f 2465/1735/1321 3005/1748/1325 2469/1749/1329 347/1737/1322
f 348/1750/1330 2470/1751/1331 3006/1752/1332 2472/1753/1333
f 2470/1751/1331 673/1595/1204 2411/1598/1207 3006/1752/1332
f 3006/1752/1332 2411/1598/1207 329/1603/1212 2471/1754/1334
f 2472/1753/1333 3006/1752/1332 2471/1754/1334 349/1755/1335
f 329/1603/1212 2414/1609/1218 3007/1756/1336 2471/1754/1334
f 2414/1609/1218 330/1608/1217 2473/1757/1337 3007/1756/1336
f 3007/1756/1336 2473/1757/1337 350/1758/1338 2474/1759/1339
f 2471/1754/1334 3007/1756/1336 2474/1759/1339 349/1755/1335
f 330/1618/1217 2417/1617/1224 3008/1760/1340 2473/1761/1337
f 2417/1617/1224 331/1616/1223 2475/1762/1341 3008/1760/1340
f 3008/1760/1340 2475/1762/1341 351/1763/1342 2476/1764/1343
f 2473/1757/1337 3008/1765/1340 2476/1766/1343 350/1758/1338
f 331/1616/1223 2420/1624/1230 3009/1767/1344 2475/1762/1341
f 2420/1624/1230 332/1623/1229 2477/1768/1345 3009/1767/1344
f 3009/1767/1344 2477/1768/1345 352/1769/1346 2478/1770/1347
f 2475/1762/1341 3009/1767/1344 2478/1770/1347 351/1763/1342
f 332/1623/1229 2423/1630/1236 3010/1771/1348 2477/1768/1345
f 2423/1630/1236 333/1629/1235 2479/1772/1349 3010/1771/1348
f 3010/1771/1348 2479/1772/1349 353/1773/1350 2480/1774/1351
f 2477/1768/1345 3010/1771/1348 2480/1774/1351 352/1769/1346
f 333/1629/1235 2426/1636/1242 3011/1775/1352 2479/1772/1349
f 2426/1636/1242 334/1635/1241 2481/1776/1353 3011/1775/1352
f 3011/1777/1352 2481/1778/1353 354/1779/1354 2482/1780/1355
f 2479/1772/1349 3011/1775/1352 2482/1781/1355 353/1773/1350
f 334/1645/1241 2429/1644/1248 3012/1782/1356 2481/1778/1353
f 2429/1644/1248 335/1643/1247 2483/1783/1357 3012/1782/1356
f 3012/1782/1356 2483/1783/1357 355/1784/1358 2484/1785/1359
f 2481/1778/1353 3012/1782/1356 2484/1785/1359 354/1779/1354
f 356/1786/1360 2485/1787/1361 3013/1788/1362 2486/1789/1363
f 670/1646/1249 2433/1649/1252 3013/1788/1362 2485/1787/1361
f 336/1790/1257 2486/1789/1363 3013/1788/1362 2433/1649/1252
f 336/1657/1257 2436/1666/1263 3014/1791/1364 2486/1792/1363
f 2436/1793/1263 337/1794/1262 2487/1795/1365 3014/1796/1364
f 3014/1796/1364 2487/1795/1365 357/1797/1366 2488/1798/1367
f 2486/1792/1363 3014/1791/1364 2488/1799/1367 356/1800/1360
f 337/1794/1262 2439/1675/1269 3015/1801/1368 2487/1795/1365
f 2439/1675/1269 338/1674/1268 2489/1802/1369 3015/1801/1368
f 3015/1801/1368 2489/1802/1369 358/1803/1370 2490/1804/1371
f 2487/1795/1365 3015/1801/1368 2490/1804/1371 357/1797/1366
f 338/1674/1268 2442/1682/1275 3016/1805/1372 2489/1802/1369
f 2442/1682/1275 339/1681/1274 2491/1806/1373 3016/1805/1372
f 3016/1805/1372 2491/1806/1373 359/1807/1374 2492/1808/1375
f 2489/1802/1369 3016/1805/1372 2492/1808/1375 358/1803/1370
f 339/1681/1274 2445/1688/1281 3017/1809/1376 2491/1806/1373
f 2445/1688/1281 340/1687/1280 2493/1810/1377 3017/1809/1376
f 3017/1809/1376 2493/1810/1377 360/1811/1378 2494/1812/1379
f 2491/1806/1373 3017/1809/1376 2494/1812/1379 359/1807/1374
f 340/1687/1280 2448/1813/1287 3018/1814/1380 2493/1810/1377
f 2448/1696/1287 341/1695/1286 2495/1815/1381 3018/1816/1380
f 3018/1816/1380 2495/1815/1381 361/1817/1382 2496/1818/1383
f 2493/1810/1377 3018/1814/1380 2496/1819/1383 360/1811/1378
f 341/1695/1286 2451/1703/1293 3019/1820/1384 2495/1815/1381
f 2451/1703/1293 342/1702/1292 2497/1821/1385 3019/1820/1384
f 3019/1820/1384 2497/1821/1385 362/1822/1386 2498/1823/1387
f 2495/1815/1381 3019/1820/1384 2498/1823/1387 361/1817/1382
f 342/1702/1292 2454/1709/1299 3020/1824/1388 2497/1821/1385
f 2454/1709/1299 343/1708/1298 2499/1825/1389 3020/1824/1388
f 3020/1824/1388 2499/1825/1389 363/1826/1390 2500/1827/1391
f 2497/1821/1385 3020/1824/1388 2500/1827/1391 362/1822/1386
f 343/1708/1298 2457/1715/1305 3021/1828/1392 2499/1825/1389
f 2457/1829/1305 344/1724/1304 2501/1830/1393 3021/1831/1392
f 3021/1831/1392 2501/1830/1393 364/1832/1394 2502/1833/1395
f 2499/1825/1389 3021/1828/1392 2502/1834/1395 363/1826/1390
f 344/1724/1304 2460/1723/1311 3022/1835/1396 2501/1830/1393
f 2460/1723/1311 345/1722/1310 2503/1836/1397 3022/1835/1396
f 3022/1835/1396 2503/1836/1397 365/1837/1398 2504/1838/1399
f 2501/1830/1393 3022/1835/1396 2504/1838/1399 364/1832/1394
f 345/1722/1310 2463/1730/1317 3023/1839/1400 2503/1836/1397
f 2463/1730/1317 346/1729/1316 2505/1840/1401 3023/1839/1400
f 3023/1839/1400 2505/1840/1401 366/1841/1402 2506/1842/1403
f 2503/1836/1397 3023/1839/1400 2506/1842/1403 365/1837/1398
f 346/1729/1316 2466/1739/1323 3024/1843/1404 2505/1840/1401
f 2466/1739/1323 347/1844/1322 2507/1845/1405 3024/1843/1404
f 3024/1843/1404 2507/1845/1405 367/1846/1406 2508/1847/1407
f 2505/1840/1401 3024/1843/1404 2508/1847/1407 366/1841/1402
f 347/1844/1322 2469/1848/1329 3025/1849/1408 2507/1845/1405
f 2469/1747/1329 328/1746/1328 2509/1850/1409 3025/1851/1408
f 3025/1851/1408 2509/1850/1409 348/1852/1330 2510/1853/1410
f 2507/1845/1405 3025/1849/1408 2510/1854/1410 367/1846/1406
f 348/1750/1330 2472/1753/1333 3026/1855/1411 2513/1856/1412
f 2472/1753/1333 349/1755/1335 2511/1857/1413 3026/1855/1411
f 3026/1855/1411 2511/1857/1413 369/1858/1414 2512/1859/1415
f 2513/1856/1412 3026/1855/1411 2512/1859/1415 672/1860/1416
f 349/1755/1335 2474/1759/1339 3027/1861/1417 2511/1857/1413
f 2474/1759/1339 350/1758/1338 2514/1862/1418 3027/1861/1417
f 3027/1861/1417 2514/1862/1418 370/1863/1419 2515/1864/1420
f 2511/1857/1413 3027/1861/1417 2515/1864/1420 369/1858/1414
f 350/1865/1338 2476/1764/1343 3028/1866/1421 2514/1867/1418
f 2476/1764/1343 351/1763/1342 2516/1868/1422 3028/1866/1421
f 3028/1866/1421 2516/1868/1422 371/1869/1423 2517/1870/1424
f 2514/1862/1418 3028/1871/1421 2517/1872/1424 370/1863/1419
f 351/1763/1342 2478/1770/1347 3029/1873/1425 2516/1868/1422
f 2478/1770/1347 352/1769/1346 2518/1874/1426 3029/1873/1425
f 3029/1873/1425 2518/1874/1426 372/1875/1427 2519/1876/1428
f 2516/1868/1422 3029/1873/1425 2519/1876/1428 371/1869/1423
f 352/1769/1346 2480/1774/1351 3030/1877/1429 2518/1874/1426
f 2480/1774/1351 353/1773/1350 2520/1878/1430 3030/1877/1429
f 3030/1877/1429 2520/1878/1430 373/1879/1431 2521/1880/1432
f 2518/1874/1426 3030/1877/1429 2521/1880/1432 372/1875/1427
f 353/1773/1350 2482/1781/1355 3031/1881/1433 2520/1878/1430
f 2482/1781/1355 354/1882/1354 2522/1883/1434 3031/1881/1433
f 3031/1884/1433 2522/1885/1434 374/1886/1435 2523/1887/1436
f 2520/1878/1430 3031/1881/1433 2523/1888/1436 373/1879/1431
f 354/1779/1354 2484/1785/1359 3032/1889/1437 2522/1885/1434
f 2484/1785/1359 355/1784/1358 2524/1890/1438 3032/1889/1437
f 3032/1889/1437 2524/1890/1438 375/1891/1439 2525/1892/1440
f 2522/1885/1434 3032/1889/1437 2525/1892/1440 374/1886/1435
f 669/1893/1441 2526/1894/1442 3033/1895/1443 2528/1896/1444
f 356/1786/1360 2527/1897/1445 3033/1895/1443 2526/1894/1442
f 376/1898/1446 2528/1896/1444 3033/1895/1443 2527/1897/1445
f 356/1800/1360 2488/1799/1367 3034/1899/1447 2527/1900/1445
f 2488/1798/1367 357/1797/1366 2529/1901/1448 3034/1902/1447
f 3034/1899/1447 2529/1903/1448 377/1904/1449 2530/1905/1450
f 2527/1900/1445 3034/1899/1447 2530/1905/1450 376/1906/1446
f 357/1797/1366 2490/1804/1371 3035/1907/1451 2529/1901/1448
f 2490/1804/1371 358/1803/1370 2531/1908/1452 3035/1907/1451
f 3035/1907/1451 2531/1908/1452 378/1909/1453 2532/1910/1454
f 2529/1901/1448 3035/1907/1451 2532/1910/1454 377/1911/1449
f 358/1803/1370 2492/1808/1375 3036/1912/1455 2531/1908/1452
f 2492/1808/1375 359/1807/1374 2533/1913/1456 3036/1912/1455
f 3036/1912/1455 2533/1913/1456 379/1914/1457 2534/1915/1458
f 2531/1908/1452 3036/1912/1455 2534/1915/1458 378/1909/1453
f 359/1807/1374 2494/1812/1379 3037/1916/1459 2533/1913/1456
f 2494/1812/1379 360/1811/1378 2535/1917/1460 3037/1916/1459
f 3037/1916/1459 2535/1917/1460 380/1918/1461 2536/1919/1462
f 2533/1913/1456 3037/1916/1459 2536/1919/1462 379/1914/1457
f 360/1811/1378 2496/1819/1383 3038/1920/1463 2535/1917/1460
f 2496/1818/1383 361/1817/1382 2537/1921/1464 3038/1922/1463
f 3038/1922/1463 2537/1921/1464 381/1923/1465 2538/1924/1466
f 2535/1917/1460 3038/1920/1463 2538/1925/1466 380/1918/1461
f 361/1817/1382 2498/1823/1387 3039/1926/1467 2537/1921/1464
f 2498/1823/1387 362/1822/1386 2539/1927/1468 3039/1926/1467
f 3039/1926/1467 2539/1927/1468 382/1928/1469 2540/1929/1470
f 2537/1921/1464 3039/1926/1467 2540/1929/1470 381/1923/1465
f 362/1822/1386 2500/1827/1391 3040/1930/1471 2539/1927/1468
f 2500/1827/1391 363/1826/1390 2541/1931/1472 3040/1930/1471
f 3040/1930/1471 2541/1931/1472 383/1932/1473 2542/1933/1474
f 2539/1927/1468 3040/1930/1471 2542/1933/1474 382/1928/1469
f 363/1826/1390 2502/1834/1395 3041/1934/1475 2541/1931/1472
f 2502/1833/1395 364/1832/1394 2543/1935/1476 3041/1936/1475
f 3041/1936/1475 2543/1935/1476 384/1937/1477 2544/1938/1478
f 2541/1931/1472 3041/1934/1475 2544/1939/1478 383/1932/1473
f 364/1832/1394 2504/1838/1399 3042/1940/1479 2543/1935/1476
f 2504/1838/1399 365/1837/1398 2545/1941/1480 3042/1940/1479
f 3042/1940/1479 2545/1941/1480 385/1942/1481 2546/1943/1482
f 2543/1935/1476 3042/1940/1479 2546/1943/1482 384/1937/1477
f 365/1837/1398 2506/1842/1403 3043/1944/1483 2545/1941/1480
f 2506/1842/1403 366/1841/1402 2547/1945/1484 3043/1944/1483
f 3043/1944/1483 2547/1945/1484 386/1946/1485 2548/1947/1486
f 2545/1941/1480 3043/1944/1483 2548/1947/1486 385/1942/1481
f 366/1841/1402 2508/1847/1407 3044/1948/1487 2547/1945/1484
f 2508/1847/1407 367/1846/1406 2549/1949/1488 3044/1948/1487
f 3044/1948/1487 2549/1949/1488 387/1950/1489 2550/1951/1490
f 2547/1945/1484 3044/1948/1487 2550/1951/1490 386/1946/1485
f 367/1846/1406 2510/1854/1410 3045/1952/1491 2549/1949/1488
f 2510/1853/1410 348/1852/1330 2551/1953/1492 3045/1954/1491
f 3045/1954/1491 2551/1953/1492 368/1955/1493 2552/1956/1494
f 2549/1957/1488 3045/1954/1491 2552/1956/1494 387/1958/1489
f 368/1959/1493 2553/1960/1495 3046/1961/1496 2556/1962/1497
f 672/1860/1416 2512/1859/1415 3046/1961/1496 2553/1960/1495
f 369/1858/1414 2554/1963/1498 3046/1961/1496 2512/1859/1415
f 389/1964/1499 2555/1965/1500 3046/1961/1496 2554/1963/1498
f 388/1966/1501 2556/1962/1497 3046/1961/1496 2555/1965/1500
f 369/1858/1414 2515/1864/1420 3047/1967/1502 2554/1963/1498
f 2515/1864/1420 370/1863/1419 2557/1968/1503 3047/1967/1502
f 3047/1967/1502 2557/1968/1503 390/1969/1504 2558/1970/1505
f 2554/1963/1498 3047/1967/1502 2558/1970/1505 389/1964/1499
f 370/1863/1419 2517/1872/1424 3048/1971/1506 2557/1968/1503
f 2517/1870/1424 371/1869/1423 2559/1972/1507 3048/1973/1506
f 3048/1973/1506 2559/1972/1507 391/1974/1508 2560/1975/1509
f 2557/1968/1503 3048/1971/1506 2560/1976/1509 390/1969/1504
f 371/1869/1423 2519/1876/1428 3049/1977/1510 2559/1972/1507
f 2519/1876/1428 372/1875/1427 2561/1978/1511 3049/1977/1510
f 3049/1977/1510 2561/1978/1511 392/1979/1512 2562/1980/1513
f 2559/1972/1507 3049/1977/1510 2562/1980/1513 391/1974/1508
f 372/1875/1427 2521/1880/1432 3050/1981/1514 2561/1978/1511
f 2521/1880/1432 373/1879/1431 2563/1982/1515 3050/1981/1514
f 3050/1981/1514 2563/1982/1515 393/1983/1516 2564/1984/1517
f 2561/1978/1511 3050/1981/1514 2564/1984/1517 392/1979/1512
f 373/1879/1431 2523/1888/1436 3051/1985/1518 2563/1982/1515
f 2523/1887/1436 374/1886/1435 2565/1986/1519 3051/1987/1518
f 3051/1987/1518 2565/1986/1519 394/1988/1520 2566/1989/1521
f 2563/1982/1515 3051/1985/1518 2566/1990/1521 393/1983/1516
f 374/1886/1435 2525/1892/1440 3052/1991/1522 2565/1986/1519
f 2525/1892/1440 375/1891/1439 2567/1992/1523 3052/1991/1522
f 3052/1991/1522 2567/1992/1523 395/1993/1524 2568/1994/1525
f 2565/1986/1519 3052/1991/1522 2568/1994/1525 394/1988/1520
f 375/1891/1439 2569/1995/1526 3053/1996/1527 2567/1992/1523
f 669/1893/1441 2528/1896/1444 3053/1996/1527 2569/1995/1526
f 376/1898/1446 2570/1997/1528 3053/1996/1527 2528/1896/1444
f 396/1998/1529 2571/1999/1530 3053/1996/1527 2570/1997/1528
f 395/1993/1524 2567/1992/1523 3053/1996/1527 2571/1999/1530
f 376/2000/1446 2530/2001/1450 3054/2002/1531 2570/2003/1528
f 2530/2004/1450 377/2005/1449 2572/2006/1532 3054/2007/1531
f 3054/2008/1531 2572/2009/1532 397/2010/1533 2573/2011/1534
f 2570/1997/1528 3054/2008/1531 2573/2011/1534 396/1998/1529
f 377/2005/1449 2532/2012/1454 3055/2013/1535 2572/2006/1532
f 2532/1910/1454 378/1909/1453 2574/2014/1536 3055/2015/1535
f 3055/2015/1535 2574/2014/1536 398/2016/1537 2575/2017/1538
f 2572/2009/1532 3055/2015/1535 2575/2017/1538 397/2010/1533
f 378/1909/1453 2534/1915/1458 3056/2018/1539 2574/2014/1536
f 2534/1915/1458 379/1914/1457 2576/2019/1540 3056/2018/1539
f 3056/2018/1539 2576/2019/1540 399/2020/1541 2577/2021/1542
f 2574/2014/1536 3056/2018/1539 2577/2021/1542 398/2016/1537
f 379/1914/1457 2536/1919/1462 3057/2022/1543 2576/2019/1540
f 2536/1919/1462 380/1918/1461 2578/2023/1544 3057/2022/1543
f 3057/2022/1543 2578/2023/1544 400/2024/1545 2579/2025/1546
f 2576/2019/1540 3057/2022/1543 2579/2025/1546 399/2020/1541
f 380/1918/1461 2538/1925/1466 3058/2026/1547 2578/2023/1544
f 2538/1924/1466 381/1923/1465 2580/2027/1548 3058/2028/1547
f 3058/2028/1547 2580/2027/1548 401/2029/1549 2581/2030/1550
f 2578/2023/1544 3058/2026/1547 2581/2031/1550 400/2024/1545
f 381/1923/1465 2540/1929/1470 3059/2032/1551 2580/2027/1548
f 2540/1929/1470 382/1928/1469 2582/2033/1552 3059/2032/1551
f 3059/2032/1551 2582/2033/1552 402/2034/1553 2583/2035/1554
f 2580/2027/1548 3059/2032/1551 2583/2035/1554 401/2029/1549
f 382/1928/1469 2542/1933/1474 3060/2036/1555 2582/2033/1552
f 2542/1933/1474 383/1932/1473 2584/2037/1556 3060/2036/1555
f 3060/2036/1555 2584/2037/1556 403/2038/1557 2585/2039/1558
f 2582/2033/1552 3060/2036/1555 2585/2039/1558 402/2034/1553
f 383/1932/1473 2544/1939/1478 3061/2040/1559 2584/2037/1556
f 2544/1938/1478 384/1937/1477 2586/2041/1560 3061/2042/1559
f 3061/2042/1559 2586/2041/1560 404/2043/1561 2587/2044/1562
f 2584/2037/1556 3061/2040/1559 2587/2045/1562 403/2038/1557
f 384/1937/1477 2546/1943/1482 3062/2046/1563 2586/2041/1560
f 2546/1943/1482 385/1942/1481 2588/2047/1564 3062/2046/1563
f 3062/2046/1563 2588/2047/1564 405/2048/1565 2589/2049/1566
f 2586/2041/1560 3062/2046/1563 2589/2049/1566 404/2043/1561
f 385/1942/1481 2548/1947/1486 3063/2050/1567 2588/2047/1564
f 2548/1947/1486 386/1946/1485 2590/2051/1568 3063/2050/1567
f 3063/2050/1567 2590/2051/1568 406/2052/1569 2591/2053/1570
f 2588/2047/1564 3063/2050/1567 2591/2053/1570 405/2048/1565
f 386/1946/1485 2550/1951/1490 3064/2054/1571 2590/2051/1568
f 2550/2055/1490 387/2056/1489 2592/2057/1572 3064/2058/1571
f 3064/2054/1571 2592/2059/1572 407/2060/1573 2593/2061/1574
f 2590/2051/1568 3064/2054/1571 2593/2061/1574 406/2052/1569
f 387/2056/1489 2552/2062/1494 3065/2063/1575 2592/2057/1572
f 2552/2064/1494 368/2065/1493 2556/2066/1497 3065/2067/1575
f 3065/2068/1575 2556/1962/1497 388/1966/1501 2594/2069/1576
f 2592/2059/1572 3065/2068/1575 2594/2069/1576 407/2060/1573
f 388/1966/1501 2555/1965/1500 3066/2070/1577 2597/2071/1578
f 2555/1965/1500 389/1964/1499 2595/2072/1579 3066/2070/1577
f 3066/2070/1577 2595/2072/1579 409/2073/1580 2596/2074/1581
f 2597/2071/1578 3066/2070/1577 2596/2074/1581 408/2075/1582
f 389/1964/1499 2558/1970/1505 3067/2076/1583 2595/2072/1579
f 2558/1970/1505 390/1969/1504 2598/2077/1584 3067/2076/1583
f 3067/2076/1583 2598/2077/1584 410/2078/1585 2599/2079/1586
f 2595/2072/1579 3067/2076/1583 2599/2079/1586 409/2073/1580
f 390/1969/1504 2560/1976/1509 3068/2080/1587 2598/2077/1584
f 2560/1975/1509 391/1974/1508 2600/2081/1588 3068/2082/1587
f 3068/2082/1587 2600/2081/1588 411/2083/1589 2601/2084/1590
f 2598/2077/1584 3068/2080/1587 2601/2085/1590 410/2078/1585
f 391/1974/1508 2562/1980/1513 3069/2086/1591 2600/2081/1588
f 2562/1980/1513 392/1979/1512 2602/2087/1592 3069/2086/1591
f 3069/2086/1591 2602/2087/1592 412/2088/1593 2603/2089/1594
f 2600/2081/1588 3069/2086/1591 2603/2089/1594 411/2083/1589
f 392/1979/1512 2564/1984/1517 3070/2090/1595 2602/2087/1592
f 2564/1984/1517 393/1983/1516 2604/2091/1596 3070/2090/1595
f 3070/2090/1595 2604/2091/1596 413/2092/1597 2605/2093/1598
f 2602/2087/1592 3070/2090/1595 2605/2093/1598 412/2088/1593
f 393/1983/1516 2566/1990/1521 3071/2094/1599 2604/2091/1596
f 2566/1989/1521 394/1988/1520 2606/2095/1600 3071/2096/1599
f 3071/2096/1599 2606/2095/1600 414/2097/1601 2607/2098/1602
f 2604/2091/1596 3071/2094/1599 2607/2099/1602 413/2092/1597
f 394/1988/1520 2568/1994/1525 3072/2100/1603 2606/2095/1600
f 2568/1994/1525 395/1993/1524 2608/2101/1604 3072/2100/1603
f 3072/2100/1603 2608/2101/1604 415/2102/1605 2609/2103/1606
f 2606/2095/1600 3072/2100/1603 2609/2103/1606 414/2097/1601
f 395/1993/1524 2571/1999/1530 3073/2104/1607 2608/2101/1604
f 2571/1999/1530 396/1998/1529 2610/2105/1608 3073/2104/1607
f 3073/2104/1607 2610/2105/1608 416/2106/1609 2611/2107/1610
f 2608/2101/1604 3073/2104/1607 2611/2107/1610 415/2102/1605
f 396/1998/1529 2573/2011/1534 3074/2108/1611 2610/2105/1608
f 2573/2011/1534 397/2010/1533 2612/2109/1612 3074/2108/1611
f 3074/2108/1611 2612/2109/1612 417/2110/1613 2613/2111/1614
f 2610/2105/1608 3074/2108/1611 2613/2111/1614 416/2106/1609
f 397/2010/1533 2575/2017/1538 3075/2112/1615 2612/2109/1612
f 2575/2017/1538 398/2016/1537 2614/2113/1616 3075/2112/1615
f 3075/2112/1615 2614/2113/1616 418/2114/1617 2615/2115/1618
f 2612/2109/1612 3075/2112/1615 2615/2115/1618 417/2110/1613
f 398/2016/1537 2577/2021/1542 3076/2116/1619 2614/2113/1616
f 2577/2021/1542 399/2020/1541 2616/2117/1620 3076/2116/1619
f 3076/2116/1619 2616/2117/1620 419/2118/1621 2617/2119/1622
f 2614/2113/1616 3076/2116/1619 2617/2119/1622 418/2114/1617
f 399/2020/1541 2579/2025/1546 3077/2120/1623 2616/2117/1620
f 2579/2025/1546 400/2024/1545 2618/2121/1624 3077/2120/1623
f 3077/2120/1623 2618/2121/1624 420/2122/1625 2619/2123/1626
f 2616/2117/1620 3077/2120/1623 2619/2123/1626 419/2118/1621
f 400/2024/1545 2581/2031/1550 3078/2124/1627 2618/2121/1624
f 2581/2030/1550 401/2029/1549 2620/2125/1628 3078/2126/1627
f 3078/2126/1627 2620/2125/1628 421/2127/1629 2621/2128/1630
f 2618/2121/1624 3078/2124/1627 2621/2129/1630 420/2122/1625
f 401/2029/1549 2583/2035/1554 3079/2130/1631 2620/2125/1628
f 2583/2035/1554 402/2034/1553 2622/2131/1632 3079/2130/1631
f 3079/2130/1631 2622/2131/1632 422/2132/1633 2623/2133/1634
f 2620/2125/1628 3079/2130/1631 2623/2133/1634 421/2127/1629
f 402/2034/1553 2585/2039/1558 3080/2134/1635 2622/2131/1632
f 2585/2039/1558 403/2038/1557 2624/2135/1636 3080/2134/1635
f 3080/2134/1635 2624/2135/1636 423/2136/1637 2625/2137/1638
f 2622/2131/1632 3080/2134/1635 2625/2137/1638 422/2132/1633
f 403/2038/1557 2587/2045/1562 3081/2138/1639 2624/2135/1636
f 2587/2044/1562 404/2043/1561 2626/2139/1640 3081/2140/1639
f 3081/2140/1639 2626/2139/1640 424/2141/1641 2627/2142/1642
f 2624/2135/1636 3081/2138/1639 2627/2143/1642 423/2136/1637
f 404/2043/1561 2589/2049/1566 3082/2144/1643 2626/2139/1640
f 2589/2049/1566 405/2048/1565 2628/2145/1644 3082/2144/1643
f 3082/2144/1643 2628/2145/1644 425/2146/1645 2629/2147/1646
f 2626/2139/1640 3082/2144/1643 2629/2147/1646 424/2141/1641
f 405/2048/1565 2591/2053/1570 3083/2148/1647 2628/2145/1644
f 2591/2053/1570 406/2052/1569 2630/2149/1648 3083/2148/1647
f 3083/2148/1647 2630/2149/1648 426/2150/1649 2631/2151/1650
f 2628/2145/1644 3083/2148/1647 2631/2151/1650 425/2146/1645
f 406/2052/1569 2593/2061/1574 3084/2152/1651 2630/2149/1648
f 2593/2061/1574 407/2060/1573 2632/2153/1652 3084/2152/1651
f 3084/2152/1651 2632/2153/1652 427/2154/1653 2633/2155/1654
f 2630/2149/1648 3084/2152/1651 2633/2155/1654 426/2150/1649
f 407/2060/1573 2594/2069/1576 3085/2156/1655 2632/2153/1652
f 2594/2069/1576 388/1966/1501 2597/2071/1578 3085/2156/1655
f 3085/2156/1655 2597/2071/1578 408/2075/1582 2634/2157/1656
f 2632/2153/1652 3085/2156/1655 2634/2157/1656 427/2154/1653
f 408/2075/1582 2596/2074/1581 3086/2158/1657 2637/2159/1658
f 2596/2074/1581 409/2073/1580 2635/2160/1659 3086/2158/1657
f 3086/2158/1657 2635/2160/1659 717/2161/1660 2636/2162/1661
f 2637/2159/1658 3086/2158/1657 2636/2162/1661 698/2163/1662
f 409/2073/1580 2599/2079/1586 3087/2164/1663 2635/2160/1659
f 2599/2079/1586 410/2078/1585 2638/2165/1664 3087/2164/1663
f 3087/2164/1663 2638/2165/1664 716/2166/1665 2639/2167/1666
f 2635/2160/1659 3087/2164/1663 2639/2167/1666 717/2161/1660
f 410/2078/1585 2601/2085/1590 3088/2168/1667 2638/2165/1664
f 2601/2084/1590 411/2083/1589 2640/2169/1668 3088/2170/1667
f 3088/2170/1667 2640/2169/1668 715/2171/1669 2641/2172/1670
f 2638/2165/1664 3088/2168/1667 2641/2173/1670 716/2166/1665
f 411/2083/1589 2603/2089/1594 3089/2174/1671 2640/2169/1668
f 2603/2089/1594 412/2088/1593 2642/2175/1672 3089/2174/1671
f 3089/2174/1671 2642/2175/1672 714/2176/1673 2643/2177/1674
f 2640/2169/1668 3089/2174/1671 2643/2177/1674 715/2171/1669
f 412/2088/1593 2605/2093/1598 3090/2178/1675 2642/2175/1672
f 2605/2093/1598 413/2092/1597 2644/2179/1676 3090/2178/1675
f 3090/2178/1675 2644/2179/1676 713/2180/1677 2645/2181/1678
f 2642/2175/1672 3090/2178/1675 2645/2181/1678 714/2176/1673
f 413/2092/1597 2607/2099/1602 3091/2182/1679 2644/2179/1676
f 2607/2098/1602 414/2097/1601 2646/2183/1680 3091/2184/1679
f 3091/2184/1679 2646/2183/1680 712/2185/1681 2647/2186/1682
f 2644/2179/1676 3091/2182/1679 2647/2187/1682 713/2180/1677
f 414/2097/1601 2609/2103/1606 3092/2188/1683 2646/2183/1680
f 2609/2103/1606 415/2102/1605 2648/2189/1684 3092/2188/1683
f 3092/2188/1683 2648/2189/1684 711/2190/1685 2649/2191/1686
f 2646/2183/1680 3092/2188/1683 2649/2191/1686 712/2185/1681
f 415/2102/1605 2611/2107/1610 3093/2192/1687 2648/2189/1684
f 2611/2107/1610 416/2106/1609 2650/2193/1688 3093/2192/1687
f 3093/2192/1687 2650/2193/1688 710/2194/1689 2651/2195/1690
f 2648/2189/1684 3093/2192/1687 2651/2195/1690 711/2190/1685
f 416/2106/1609 2613/2111/1614 3094/2196/1691 2650/2193/1688
f 2613/2111/1614 417/2110/1613 2652/2197/1692 3094/2196/1691
f 3094/2196/1691 2652/2197/1692 709/2198/1693 2653/2199/1694
f 2650/2193/1688 3094/2196/1691 2653/2199/1694 710/2194/1689
f 417/2110/1613 2615/2115/1618 3095/2200/1695 2652/2197/1692
f 2615/2115/1618 418/2114/1617 2654/2201/1696 3095/2200/1695
f 3095/2200/1695 2654/2201/1696 708/2202/1697 2655/2203/1698
f 2652/2197/1692 3095/2200/1695 2655/2203/1698 709/2198/1693
f 418/2114/1617 2617/2119/1622 3096/2204/1699 2654/2201/1696
f 2617/2119/1622 419/2118/1621 2656/2205/1700 3096/2204/1699
f 3096/2204/1699 2656/2205/1700 707/2206/1701 2657/2207/1702
f 2654/2201/1696 3096/2204/1699 2657/2207/1702 708/2202/1697
f 419/2118/1621 2619/2123/1626 3097/2208/1703 2656/2205/1700
f 2619/2123/1626 420/2122/1625 2658/2209/1704 3097/2208/1703
f 3097/2208/1703 2658/2209/1704 706/2210/1705 2659/2211/1706
f 2656/2205/1700 3097/2208/1703 2659/2211/1706 707/2206/1701
f 420/2122/1625 2621/2129/1630 3098/2212/1707 2658/2209/1704
f 2621/2128/1630 421/2127/1629 2660/2213/1708 3098/2214/1707
f 3098/2214/1707 2660/2213/1708 705/2215/1709 2661/2216/1710
f 2658/2209/1704 3098/2212/1707 2661/2217/1710 706/2210/1705
f 421/2127/1629 2623/2133/1634 3099/2218/1711 2660/2213/1708
f 2623/2133/1634 422/2132/1633 2662/2219/1712 3099/2218/1711
f 3099/2218/1711 2662/2219/1712 704/2220/1713 2663/2221/1714
f 2660/2213/1708 3099/2218/1711 2663/2221/1714 705/2215/1709
f 422/2132/1633 2625/2137/1638 3100/2222/1715 2662/2219/1712
f 2625/2137/1638 423/2136/1637 2664/2223/1716 3100/2222/1715
f 3100/2222/1715 2664/2223/1716 703/2224/1717 2665/2225/1718
f 2662/2219/1712 3100/2222/1715 2665/2225/1718 704/2220/1713
f 423/2136/1637 2627/2143/1642 3101/2226/1719 2664/2223/1716
f 2627/2142/1642 424/2141/1641 2666/2227/1720 3101/2228/1719
f 3101/2228/1719 2666/2227/1720 702/2229/1721 2667/2230/1722
f 2664/2223/1716 3101/2226/1719 2667/2231/1722 703/2224/1717
f 424/2141/1641 2629/2147/1646 3102/2232/1723 2666/2227/1720
f 2629/2147/1646 425/2146/1645 2668/2233/1724 3102/2232/1723
f 3102/2232/1723 2668/2233/1724 701/2234/1725 2669/2235/1726
f 2666/2227/1720 3102/2232/1723 2669/2235/1726 702/2229/1721
f 425/2146/1645 2631/2151/1650 3103/2236/1727 2668/2233/1724
f 2631/2151/1650 426/2150/1649 2670/2237/1728 3103/2236/1727
f 3103/2236/1727 2670/2237/1728 700/2238/1729 2671/2239/1730
f 2668/2233/1724 3103/2236/1727 2671/2239/1730 701/2234/1725
f 426/2150/1649 2633/2155/1654 3104/2240/1731 2670/2237/1728
f 2633/2155/1654 427/2154/1653 2672/2241/1732 3104/2240/1731
f 3104/2240/1731 2672/2241/1732 699/2242/1733 2673/2243/1734
f 2670/2237/1728 3104/2240/1731 2673/2243/1734 700/2238/1729
f 427/2154/1653 2634/2157/1656 3105/2244/1735 2672/2241/1732
f 2634/2157/1656 408/2075/1582 2637/2159/1658 3105/2244/1735
f 3105/2244/1735 2637/2159/1658 698/2163/1662 2674/2245/1736
f 2672/2241/1732 3105/2244/1735 2674/2245/1736 699/2242/1733
f 428/2246/1737 2675/2247/1738 3106/2248/1739 896/2249/1740
f 2675/2247/1738 429/2250/1741 2676/2251/1742 3106/2248/1739
f 3106/2248/1739 2676/2251/1742 449/2252/1743 2677/2253/1744
f 896/2249/1740 3106/2248/1739 2677/2253/1744 448/2254/1745
f 429/2250/1741 897/2255/1746 3107/2256/1747 2676/2251/1742
f 897/2255/1746 430/2257/1748 898/2258/1749 3107/2256/1747
f 3107/2256/1747 898/2258/1749 450/2259/1750 899/2260/1751
f 2676/2251/1742 3107/2256/1747 899/2260/1751 449/2252/1743
f 430/2257/1748 900/2261/1752 3108/2262/1753 898/2258/1749
f 900/2263/1752 431/2264/1754 901/2265/1755 3108/2266/1753
f 3108/2266/1753 901/2265/1755 451/2267/1756 902/2268/1757
f 898/2258/1749 3108/2262/1753 902/2269/1757 450/2259/1750
f 431/2264/1754 903/2270/1758 3109/2271/1759 901/2265/1755
f 903/2270/1758 432/2272/1760 904/2273/1761 3109/2271/1759
f 3109/2271/1759 904/2273/1761 452/2274/1762 905/2275/1763
f 901/2265/1755 3109/2271/1759 905/2275/1763 451/2267/1756
f 432/2272/1760 906/2276/1764 3110/2277/1765 904/2273/1761
f 906/2276/1764 433/2278/1766 907/2279/1767 3110/2277/1765
f 3110/2277/1765 907/2279/1767 453/2280/1768 908/2281/1769
f 904/2273/1761 3110/2277/1765 908/2281/1769 452/2274/1762
f 433/2278/1766 909/2282/1770 3111/2283/1771 907/2279/1767
f 909/2284/1770 434/2285/1772 910/2286/1773 3111/2287/1771
f 3111/2287/1771 910/2286/1773 454/2288/1774 911/2289/1775
f 907/2279/1767 3111/2283/1771 911/2290/1775 453/2280/1768
f 434/2285/1772 912/2291/1776 3112/2292/1777 910/2286/1773
f 912/2291/1776 435/2293/1778 913/2294/1779 3112/2292/1777
f 3112/2292/1777 913/2294/1779 455/2295/1780 914/2296/1781
f 910/2286/1773 3112/2292/1777 914/2296/1781 454/2288/1774
f 435/2293/1778 915/2297/1782 3113/2298/1783 913/2294/1779
f 915/2297/1782 436/2299/1784 916/2300/1785 3113/2298/1783
f 3113/2298/1783 916/2300/1785 456/2301/1786 917/2302/1787
f 913/2294/1779 3113/2298/1783 917/2302/1787 455/2295/1780
f 436/2299/1784 918/2303/1788 3114/2304/1789 916/2300/1785
f 918/2303/1788 437/2305/1790 919/2306/1791 3114/2304/1789
f 3114/2304/1789 919/2306/1791 457/2307/1792 920/2308/1793
f 916/2300/1785 3114/2304/1789 920/2308/1793 456/2301/1786
f 437/2305/1790 921/2309/1794 3115/2310/1795 919/2306/1791
f 921/2309/1794 438/2311/1796 922/2312/1797 3115/2310/1795
f 3115/2310/1795 922/2312/1797 458/2313/1798 923/2314/1799
f 919/2306/1791 3115/2310/1795 923/2314/1799 457/2307/1792
f 438/2311/1796 924/2315/1800 3116/2316/1801 922/2312/1797
f 924/2315/1800 439/2317/1802 925/2318/1803 3116/2316/1801
f 3116/2316/1801 925/2318/1803 459/2319/1804 926/2320/1805
f 922/2312/1797 3116/2316/1801 926/2320/1805 458/2313/1798
f 439/2317/1802 927/2321/1806 3117/2322/1807 925/2318/1803
f 927/2321/1806 440/2323/1808 928/2324/1809 3117/2322/1807
f 3117/2322/1807 928/2324/1809 460/2325/1810 929/2326/1811
f 925/2318/1803 3117/2322/1807 929/2326/1811 459/2319/1804
f 440/2323/1808 930/2327/1812 3118/2328/1813 928/2324/1809
f 930/2329/1812 441/2330/1814 931/2331/1815 3118/2332/1813
f 3118/2332/1813 931/2331/1815 461/2333/1816 932/2334/1817
f 928/2324/1809 3118/2328/1813 932/2335/1817 460/2325/1810
f 441/2330/1814 933/2336/1818 3119/2337/1819 931/2331/1815
f 933/2336/1818 442/2338/1820 934/2339/1821 3119/2337/1819
f 3119/2337/1819 934/2339/1821 462/2340/1822 935/2341/1823
f 931/2331/1815 3119/2337/1819 935/2341/1823 461/2333/1816
f 442/2338/1820 936/2342/1824 3120/2343/1825 934/2339/1821
f 936/2342/1824 443/2344/1826 937/2345/1827 3120/2343/1825
f 3120/2343/1825 937/2345/1827 463/2346/1828 938/2347/1829
f 934/2339/1821 3120/2343/1825 938/2347/1829 462/2340/1822
f 443/2344/1826 939/2348/1830 3121/2349/1831 937/2345/1827
f 939/2350/1830 444/2351/1832 940/2352/1833 3121/2353/1831
f 3121/2353/1831 940/2352/1833 464/2354/1834 941/2355/1835
f 937/2345/1827 3121/2349/1831 941/2356/1835 463/2346/1828
f 444/2351/1832 942/2357/1836 3122/2358/1837 940/2352/1833
f 942/2357/1836 445/2359/1838 943/2360/1839 3122/2358/1837
f 3122/2358/1837 943/2360/1839 465/2361/1840 944/2362/1841
f 940/2352/1833 3122/2358/1837 944/2362/1841 464/2354/1834
f 445/2359/1838 945/2363/1842 3123/2364/1843 943/2360/1839
f 945/2363/1842 446/2365/1844 946/2366/1845 3123/2364/1843
f 3123/2364/1843 946/2366/1845 466/2367/1846 947/2368/1847
f 943/2360/1839 3123/2364/1843 947/2368/1847 465/2361/1840
f 446/2365/1844 948/2369/1848 3124/2370/1849 946/2366/1845
f 948/2369/1848 447/2371/1850 949/2372/1851 3124/2370/1849
f 3124/2370/1849 949/2372/1851 467/2373/1852 950/2374/1853
f 946/2366/1845 3124/2370/1849 950/2374/1853 466/2367/1846
f 447/2371/1850 951/2375/1854 3125/2376/1855 949/2372/1851
f 951/2375/1854 428/2246/1737 896/2249/1740 3125/2376/1855
f 3125/2376/1855 896/2249/1740 448/2254/1745 952/2377/1856
f 949/2372/1851 3125/2376/1855 952/2377/1856 467/2373/1852
f 448/2254/1745 2677/2253/1744 3126/2378/1857 955/2379/1858
f 2677/2253/1744 449/2252/1743 953/2380/1859 3126/2378/1857
f 3126/2378/1857 953/2380/1859 469/2381/1860 954/2382/1861
f 955/2379/1858 3126/2378/1857 954/2382/1861 468/2383/1862
f 449/2252/1743 899/2260/1751 3127/2384/1863 953/2380/1859
f 899/2260/1751 450/2259/1750 956/2385/1864 3127/2384/1863
f 3127/2384/1863 956/2385/1864 470/2386/1865 957/2387/1866
f 953/2380/1859 3127/2384/1863 957/2387/1866 469/2381/1860
f 450/2259/1750 902/2269/1757 3128/2388/1867 956/2385/1864
f 902/2268/1757 451/2267/1756 958/2389/1868 3128/2390/1867
f 3128/2390/1867 958/2389/1868 471/2391/1869 959/2392/1870
f 956/2385/1864 3128/2388/1867 959/2393/1870 470/2386/1865
f 451/2267/1756 905/2275/1763 3129/2394/1871 958/2389/1868
f 905/2275/1763 452/2274/1762 960/2395/1872 3129/2394/1871
f 3129/2394/1871 960/2395/1872 472/2396/1873 961/2397/1874
f 958/2389/1868 3129/2394/1871 961/2397/1874 471/2391/1869
f 452/2274/1762 908/2281/1769 3130/2398/1875 960/2395/1872
f 908/2281/1769 453/2280/1768 962/2399/1876 3130/2398/1875
f 3130/2398/1875 962/2399/1876 473/2400/1877 963/2401/1878
f 960/2395/1872 3130/2398/1875 963/2401/1878 472/2396/1873
f 453/2280/1768 911/2290/1775 3131/2402/1879 962/2399/1876
f 911/2289/1775 454/2288/1774 964/2403/1880 3131/2404/1879
f 3131/2404/1879 964/2403/1880 474/2405/1881 965/2406/1882
f 962/2399/1876 3131/2402/1879 965/2407/1882 473/2400/1877
f 454/2288/1774 914/2296/1781 3132/2408/1883 964/2403/1880
f 914/2296/1781 455/2295/1780 966/2409/1884 3132/2408/1883
f 3132/2408/1883 966/2409/1884 475/2410/1885 967/2411/1886
f 964/2403/1880 3132/2408/1883 967/2411/1886 474/2405/1881
f 455/2295/1780 917/2302/1787 3133/2412/1887 966/2409/1884
f 917/2302/1787 456/2301/1786 968/2413/1888 3133/2412/1887
f 3133/2412/1887 968/2413/1888 476/2414/1889 969/2415/1890
f 966/2409/1884 3133/2412/1887 969/2415/1890 475/2410/1885
f 456/2301/1786 920/2308/1793 3134/2416/1891 968/2413/1888
f 920/2308/1793 457/2307/1792 970/2417/1892 3134/2416/1891
f 3134/2416/1891 970/2417/1892 477/2418/1893 971/2419/1894
f 968/2413/1888 3134/2416/1891 971/2419/1894 476/2414/1889
f 457/2307/1792 923/2314/1799 3135/2420/1895 970/2417/1892
f 923/2314/1799 458/2313/1798 972/2421/1896 3135/2420/1895
f 3135/2420/1895 972/2421/1896 478/2422/1897 973/2423/1898
f 970/2417/1892 3135/2420/1895 973/2423/1898 477/2418/1893
f 458/2313/1798 926/2320/1805 3136/2424/1899 972/2421/1896
f 926/2320/1805 459/2319/1804 974/2425/1900 3136/2424/1899
f 3136/2424/1899 974/2425/1900 479/2426/1901 975/2427/1902
f 972/2421/1896 3136/2424/1899 975/2427/1902 478/2422/1897
f 459/2319/1804 929/2326/1811 3137/2428/1903 974/2425/1900
f 929/2326/1811 460/2325/1810 976/2429/1904 3137/2428/1903
f 3137/2428/1903 976/2429/1904 480/2430/1905 977/2431/1906
f 974/2425/1900 3137/2428/1903 977/2431/1906 479/2426/1901
f 460/2325/1810 932/2335/1817 3138/2432/1907 976/2429/1904
f 932/2334/1817 461/2333/1816 978/2433/1908 3138/2434/1907
f 3138/2434/1907 978/2433/1908 481/2435/1909 979/2436/1910
f 976/2429/1904 3138/2432/1907 979/2437/1910 480/2430/1905
f 461/2333/1816 935/2341/1823 3139/2438/1911 978/2433/1908
f 935/2341/1823 462/2340/1822 980/2439/1912 3139/2438/1911
f 3139/2438/1911 980/2439/1912 482/2440/1913 981/2441/1914
f 978/2433/1908 3139/2438/1911 981/2441/1914 481/2435/1909
f 462/2340/1822 938/2347/1829 3140/2442/1915 980/2439/1912
f 938/2347/1829 463/2346/1828 982/2443/1916 3140/2442/1915
f 3140/2442/1915 982/2443/1916 483/2444/1917 983/2445/1918
f 980/2439/1912 3140/2442/1915 983/2445/1918 482/2440/1913
f 463/2346/1828 941/2356/1835 3141/2446/1919 982/2443/1916
f 941/2355/1835 464/2354/1834 984/2447/1920 3141/2448/1919
f 3141/2448/1919 984/2447/1920 484/2449/1921 985/2450/1922
f 982/2443/1916 3141/2446/1919 985/2451/1922 483/2444/1917
f 464/2354/1834 944/2362/1841 3142/2452/1923 984/2447/1920
f 944/2362/1841 465/2361/1840 986/2453/1924 3142/2452/1923
f 3142/2452/1923 986/2453/1924 485/2454/1925 987/2455/1926
f 984/2447/1920 3142/2452/1923 987/2455/1926 484/2449/1921
f 465/2361/1840 947/2368/1847 3143/2456/1927 986/2453/1924
f 947/2368/1847 466/2367/1846 988/2457/1928 3143/2456/1927
f 3143/2456/1927 988/2457/1928 486/2458/1929 989/2459/1930
f 986/2453/1924 3143/2456/1927 989/2459/1930 485/2454/1925
f 466/2367/1846 950/2374/1853 3144/2460/1931 988/2457/1928
f 950/2374/1853 467/2373/1852 990/2461/1932 3144/2460/1931
f 3144/2460/1931 990/2461/1932 487/2462/1933 991/2463/1934
f 988/2457/1928 3144/2460/1931 991/2463/1934 486/2458/1929
f 467/2373/1852 952/2377/1856 3145/2464/1935 990/2461/1932
f 952/2377/1856 448/2254/1745 955/2379/1858 3145/2464/1935
f 3145/2464/1935 955/2379/1858 468/2383/1862 992/2465/1936
f 990/2461/1932 3145/2464/1935 992/2465/1936 487/2462/1933
f 468/2383/1862 954/2382/1861 3146/2466/1937 995/2467/1938
f 954/2382/1861 469/2381/1860 993/2468/1939 3146/2466/1937
f 3146/2466/1937 993/2468/1939 489/2469/1940 994/2470/1941
f 995/2467/1938 3146/2466/1937 994/2470/1941 488/2471/1942
f 469/2381/1860 957/2387/1866 3147/2472/1943 993/2468/1939
f 957/2387/1866 470/2386/1865 996/2473/1944 3147/2472/1943
f 3147/2472/1943 996/2473/1944 490/2474/1945 997/2475/1946
f 993/2468/1939 3147/2472/1943 997/2475/1946 489/2469/1940
f 470/2386/1865 959/2393/1870 3148/2476/1947 996/2473/1944
f 959/2392/1870 471/2391/1869 998/2477/1948 3148/2478/1947
f 3148/2478/1947 998/2477/1948 491/2479/1949 999/2480/1950
f 996/2473/1944 3148/2476/1947 999/2481/1950 490/2474/1945
f 471/2391/1869 961/2397/1874 3149/2482/1951 998/2477/1948
f 961/2397/1874 472/2396/1873 1000/2483/1952 3149/2482/1951
f 3149/2482/1951 1000/2483/1952 492/2484/1953 1001/2485/1954
f 998/2477/1948 3149/2482/1951 1001/2485/1954 491/2479/1949
f 472/2396/1873 963/2401/1878 3150/2486/1955 1000/2483/1952
f 963/2401/1878 473/2400/1877 1002/2487/1956 3150/2486/1955
f 3150/2486/1955 1002/2487/1956 493/2488/1957 1003/2489/1958
f 1000/2483/1952 3150/2486/1955 1003/2489/1958 492/2484/1953
f 473/2400/1877 965/2407/1882 3151/2490/1959 1002/2487/1956
f 965/2406/1882 474/2405/1881 1004/2491/1960 3151/2492/1959
f 3151/2492/1959 1004/2491/1960 494/2493/1961 1005/2494/1962
f 1002/2487/1956 3151/2490/1959 1005/2495/1962 493/2488/1957
f 474/2405/1881 967/2411/1886 3152/2496/1963 1004/2491/1960
f 967/2411/1886 475/2410/1885 1006/2497/1964 3152/2496/1963
f 3152/2496/1963 1006/2497/1964 495/2498/1965 1007/2499/1966
f 1004/2491/1960 3152/2496/1963 1007/2499/1966 494/2493/1961
f 475/2410/1885 969/2415/1890 3153/2500/1967 1006/2497/1964
f 969/2415/1890 476/2414/1889 1008/2501/1968 3153/2500/1967
f 3153/2500/1967 1008/2501/1968 496/2502/1969 1009/2503/1970
f 1006/2497/1964 3153/2500/1967 1009/2503/1970 495/2498/1965
f 476/2414/1889 971/2419/1894 3154/2504/1971 1008/2501/1968
f 971/2419/1894 477/2418/1893 1010/2505/1972 3154/2504/1971
f 3154/2504/1971 1010/2505/1972 497/2506/1973 1011/2507/1974
f 1008/2501/1968 3154/2504/1971 1011/2507/1974 496/2502/1969
f 477/2418/1893 973/2423/1898 3155/2508/1975 1010/2505/1972
f 973/2423/1898 478/2422/1897 1012/2509/1976 3155/2508/1975
f 3155/2508/1975 1012/2509/1976 498/2510/1977 1013/2511/1978
f 1010/2505/1972 3155/2508/1975 1013/2511/1978 497/2506/1973
f 478/2422/1897 975/2427/1902 3156/2512/1979 1012/2509/1976
f 975/2427/1902 479/2426/1901 1014/2513/1980 3156/2512/1979
f 3156/2512/1979 1014/2513/1980 499/2514/1981 1015/2515/1982
f 1012/2509/1976 3156/2512/1979 1015/2515/1982 498/2510/1977
f 479/2426/1901 977/2431/1906 3157/2516/1983 1014/2513/1980
f 977/2431/1906 480/2430/1905 1016/2517/1984 3157/2516/1983
f 3157/2516/1983 1016/2517/1984 500/2518/1985 1017/2519/1986
f 1014/2513/1980 3157/2516/1983 1017/2519/1986 499/2514/1981
f 480/2430/1905 979/2437/1910 3158/2520/1987 1016/2517/1984
f 979/2436/1910 481/2435/1909 1018/2521/1988 3158/2522/1987
f 3158/2522/1987 1018/2521/1988 501/2523/1989 1019/2524/1990
f 1016/2517/1984 3158/2520/1987 1019/2525/1990 500/2518/1985
f 481/2435/1909 981/2441/1914 3159/2526/1991 1018/2521/1988
f 981/2441/1914 482/2440/1913 1020/2527/1992 3159/2526/1991
f 3159/2526/1991 1020/2527/1992 502/2528/1993 1021/2529/1994
f 1018/2521/1988 3159/2526/1991 1021/2529/1994 501/2523/1989
f 482/2440/1913 983/2445/1918 3160/2530/1995 1020/2527/1992
f 983/2445/1918 483/2444/1917 1022/2531/1996 3160/2530/1995
f 3160/2530/1995 1022/2531/1996 503/2532/1997 1023/2533/1998
f 1020/2527/1992 3160/2530/1995 1023/2533/1998 502/2528/1993
f 483/2444/1917 985/2451/1922 3161/2534/1999 1022/2531/1996
f 985/2450/1922 484/2449/1921 1024/2535/2000 3161/2536/1999
f 3161/2536/1999 1024/2535/2000 504/2537/2001 1025/2538/2002
f 1022/2531/1996 3161/2534/1999 1025/2539/2002 503/2532/1997
f 484/2449/1921 987/2455/1926 3162/2540/2003 1024/2535/2000
f 987/2455/1926 485/2454/1925 1026/2541/2004 3162/2540/2003
f 3162/2540/2003 1026/2541/2004 505/2542/2005 1027/2543/2006
f 1024/2535/2000 3162/2540/2003 1027/2543/2006 504/2537/2001
f 485/2454/1925 989/2459/1930 3163/2544/2007 1026/2541/2004
f 989/2459/1930 486/2458/1929 1028/2545/2008 3163/2544/2007
f 3163/2544/2007 1028/2545/2008 506/2546/2009 1029/2547/2010
f 1026/2541/2004 3163/2544/2007 1029/2547/2010 505/2542/2005
f 486/2458/1929 991/2463/1934 3164/2548/2011 1028/2545/2008
f 991/2463/1934 487/2462/1933 1030/2549/2012 3164/2548/2011
f 3164/2548/2011 1030/2549/2012 507/2550/2013 1031/2551/2014
f 1028/2545/2008 3164/2548/2011 1031/2551/2014 506/2546/2009
f 487/2462/1933 992/2465/1936 3165/2552/2015 1030/2549/2012
f 992/2465/1936 468/2383/1862 995/2467/1938 3165/2552/2015
f 3165/2552/2015 995/2467/1938 488/2471/1942 1032/2553/2016
f 1030/2549/2012 3165/2552/2015 1032/2553/2016 507/2550/2013
f 488/2471/1942 994/2470/1941 3166/2554/2017 1035/2555/2018
f 994/2470/1941 489/2469/1940 1033/2556/2019 3166/2554/2017
f 3166/2554/2017 1033/2556/2019 509/2557/2020 1034/2558/2021
f 1035/2555/2018 3166/2554/2017 1034/2558/2021 508/2559/2022
f 489/2469/1940 997/2475/1946 3167/2560/2023 1033/2556/2019
f 997/2475/1946 490/2474/1945 1036/2561/2024 3167/2560/2023
f 3167/2560/2023 1036/2561/2024 510/2562/2025 1037/2563/2026
f 1033/2556/2019 3167/2560/2023 1037/2563/2026 509/2557/2020
f 490/2474/1945 999/2481/1950 3168/2564/2027 1036/2561/2024
f 999/2480/1950 491/2479/1949 1038/2565/2028 3168/2566/2027
f 3168/2566/2027 1038/2565/2028 511/2567/2029 1039/2568/2030
f 1036/2561/2024 3168/2564/2027 1039/2569/2030 510/2562/2025
f 491/2479/1949 1001/2485/1954 3169/2570/2031 1038/2565/2028
f 1001/2485/1954 492/2484/1953 1040/2571/2032 3169/2570/2031
f 3169/2570/2031 1040/2571/2032 512/2572/2033 1041/2573/2034
f 1038/2565/2028 3169/2570/2031 1041/2573/2034 511/2567/2029
f 492/2484/1953 1003/2489/1958 3170/2574/2035 1040/2571/2032
f 1003/2489/1958 493/2488/1957 1042/2575/2036 3170/2574/2035
f 3170/2574/2035 1042/2575/2036 513/2576/2037 1043/2577/2038
f 1040/2571/2032 3170/2574/2035 1043/2577/2038 512/2572/2033
f 493/2488/1957 1005/2495/1962 3171/2578/2039 1042/2575/2036
f 1005/2494/1962 494/2493/1961 1044/2579/2040 3171/2580/2039
f 3171/2580/2039 1044/2579/2040 514/2581/2041 1045/2582/2042
f 1042/2575/2036 3171/2578/2039 1045/2583/2042 513/2576/2037
f 494/2493/1961 1007/2499/1966 3172/2584/2043 1044/2579/2040
f 1007/2499/1966 495/2498/1965 1046/2585/2044 3172/2584/2043
f 3172/2584/2043 1046/2585/2044 515/2586/2045 1047/2587/2046
f 1044/2579/2040 3172/2584/2043 1047/2587/2046 514/2581/2041
f 495/2498/1965 1009/2503/1970 3173/2588/2047 1046/2585/2044
f 1009/2503/1970 496/2502/1969 1048/2589/2048 3173/2588/2047
f 3173/2588/2047 1048/2589/2048 516/2590/2049 1049/2591/2050
f 1046/2585/2044 3173/2588/2047 1049/2591/2050 515/2586/2045
f 496/2502/1969 1011/2507/1974 3174/2592/2051 1048/2589/2048
f 1011/2507/1974 497/2506/1973 1050/2593/2052 3174/2592/2051
f 3174/2592/2051 1050/2593/2052 517/2594/2053 1051/2595/2054
f 1048/2589/2048 3174/2592/2051 1051/2595/2054 516/2590/2049
f 497/2506/1973 1013/2511/1978 3175/2596/2055 1050/2593/2052
f 1013/2511/1978 498/2510/1977 1052/2597/2056 3175/2596/2055
f 3175/2596/2055 1052/2597/2056 518/2598/2057 1053/2599/2058
f 1050/2593/2052 3175/2596/2055 1053/2599/2058 517/2594/2053
f 498/2510/1977 1015/2515/1982 3176/2600/2059 1052/2597/2056
f 1015/2515/1982 499/2514/1981 1054/2601/2060 3176/2600/2059
f 3176/2600/2059 1054/2601/2060 519/2602/2061 1055/2603/2062
f 1052/2597/2056 3176/2600/2059 1055/2603/2062 518/2598/2057
f 499/2514/1981 1017/2519/1986 3177/2604/2063 1054/2601/2060
f 1017/2519/1986 500/2518/1985 1056/2605/2064 3177/2604/2063
f 3177/2604/2063 1056/2605/2064 520/2606/2065 1057/2607/2066
f 1054/2601/2060 3177/2604/2063 1057/2607/2066 519/2602/2061
f 500/2518/1985 1019/2525/1990 3178/2608/2067 1056/2605/2064
f 1019/2524/1990 501/2523/1989 1058/2609/2068 3178/2610/2067
f 3178/2610/2067 1058/2609/2068 521/2611/2069 1059/2612/2070
f 1056/2605/2064 3178/2608/2067 1059/2613/2070 520/2606/2065
f 501/2523/1989 1021/2529/1994 3179/2614/2071 1058/2609/2068
f 1021/2529/1994 502/2528/1993 1060/2615/2072 3179/2614/2071
f 3179/2614/2071 1060/2615/2072 522/2616/2073 1061/2617/2074
f 1058/2609/2068 3179/2614/2071 1061/2617/2074 521/2611/2069
f 502/2528/1993 1023/2533/1998 3180/2618/2075 1060/2615/2072
f 1023/2533/1998 503/2532/1997 1062/2619/2076 3180/2618/2075
f 3180/2618/2075 1062/2619/2076 523/2620/2077 1063/2621/2078
f 1060/2615/2072 3180/2618/2075 1063/2621/2078 522/2616/2073
f 503/2532/1997 1025/2539/2002 3181/2622/2079 1062/2619/2076
f 1025/2538/2002 504/2537/2001 1064/2623/2080 3181/2624/2079
f 3181/2624/2079 1064/2623/2080 524/2625/2081 1065/2626/2082
f 1062/2619/2076 3181/2622/2079 1065/2627/2082 523/2620/2077
f 504/2537/2001 1027/2543/2006 3182/2628/2083 1064/2623/2080
f 1027/2543/2006 505/2542/2005 1066/2629/2084 3182/2628/2083
f 3182/2628/2083 1066/2629/2084 525/2630/2085 1067/2631/2086
f 1064/2623/2080 3182/2628/2083 1067/2631/2086 524/2625/2081
f 505/2542/2005 1029/2547/2010 3183/2632/2087 1066/2629/2084
f 1029/2547/2010 506/2546/2009 1068/2633/2088 3183/2632/2087
f 3183/2632/2087 1068/2633/2088 526/2634/2089 1069/2635/2090
f 1066/2629/2084 3183/2632/2087 1069/2635/2090 525/2630/2085
f 506/2546/2009 1031/2551/2014 3184/2636/2091 1068/2633/2088
f 1031/2551/2014 507/2550/2013 1070/2637/2092 3184/2636/2091
f 3184/2636/2091 1070/2637/2092 527/2638/2093 1071/2639/2094
f 1068/2633/2088 3184/2636/2091 1071/2639/2094 526/2634/2089
f 507/2550/2013 1032/2553/2016 3185/2640/2095 1070/2637/2092
f 1032/2553/2016 488/2471/1942 1035/2555/2018 3185/2640/2095
f 3185/2640/2095 1035/2555/2018 508/2559/2022 1072/2641/2096
f 1070/2637/2092 3185/2640/2095 1072/2641/2096 527/2638/2093
f 508/2559/2022 1034/2558/2021 3186/2642/2097 1075/2643/2098
f 1034/2558/2021 509/2557/2020 1073/2644/2099 3186/2642/2097
f 3186/2642/2097 1073/2644/2099 529/2645/2100 1074/2646/2101
f 1075/2643/2098 3186/2642/2097 1074/2646/2101 528/2647/2102
f 509/2557/2020 1037/2563/2026 3187/2648/2103 1073/2644/2099
f 1037/2563/2026 510/2562/2025 1076/2649/2104 3187/2648/2103
f 3187/2648/2103 1076/2649/2104 530/2650/2105 1077/2651/2106
f 1073/2644/2099 3187/2648/2103 1077/2651/2106 529/2645/2100
f 510/2562/2025 1039/2569/2030 3188/2652/2107 1076/2649/2104
f 1039/2568/2030 511/2567/2029 1078/2653/2108 3188/2654/2107
f 3188/2654/2107 1078/2653/2108 531/2655/2109 1079/2656/2110
f 1076/2649/2104 3188/2652/2107 1079/2657/2110 530/2650/2105
f 511/2567/2029 1041/2573/2034 3189/2658/2111 1078/2653/2108
f 1041/2573/2034 512/2572/2033 1080/2659/2112 3189/2658/2111
f 3189/2658/2111 1080/2659/2112 532/2660/2113 1081/2661/2114
f 1078/2653/2108 3189/2658/2111 1081/2661/2114 531/2655/2109
f 512/2572/2033 1043/2577/2038 3190/2662/2115 1080/2659/2112
f 1043/2577/2038 513/2576/2037 1082/2663/2116 3190/2662/2115
f 3190/2662/2115 1082/2663/2116 533/2664/2117 1083/2665/2118
f 1080/2659/2112 3190/2662/2115 1083/2665/2118 532/2660/2113
f 513/2576/2037 1045/2583/2042 3191/2666/2119 1082/2663/2116
f 1045/2582/2042 514/2581/2041 1084/2667/2120 3191/2668/2119
f 3191/2668/2119 1084/2667/2120 534/2669/2121 1085/2670/2122
f 1082/2663/2116 3191/2666/2119 1085/2671/2122 533/2664/2117
f 514/2581/2041 1047/2587/2046 3192/2672/2123 1084/2667/2120
f 1047/2587/2046 515/2586/2045 1086/2673/2124 3192/2672/2123
f 3192/2672/2123 1086/2673/2124 535/2674/2125 1087/2675/2126
f 1084/2667/2120 3192/2672/2123 1087/2675/2126 534/2669/2121
f 515/2586/2045 1049/2591/2050 3193/2676/2127 1086/2673/2124
f 1049/2591/2050 516/2590/2049 1088/2677/2128 3193/2676/2127
f 3193/2676/2127 1088/2677/2128 536/2678/2129 1089/2679/2130
f 1086/2673/2124 3193/2676/2127 1089/2679/2130 535/2674/2125
f 516/2590/2049 1051/2595/2054 3194/2680/2131 1088/2677/2128
f 1051/2595/2054 517/2594/2053 1090/2681/2132 3194/2680/2131
f 3194/2680/2131 1090/2681/2132 537/2682/2133 1091/2683/2134
f 1088/2677/2128 3194/2680/2131 1091/2683/2134 536/2678/2129
f 517/2594/2053 1053/2599/2058 3195/2684/2135 1090/2681/2132
f 1053/2599/2058 518/2598/2057 1092/2685/2136 3195/2684/2135
f 3195/2684/2135 1092/2685/2136 538/2686/2137 1093/2687/2138
f 1090/2681/2132 3195/2684/2135 1093/2687/2138 537/2682/2133
f 518/2598/2057 1055/2603/2062 3196/2688/2139 1092/2685/2136
f 1055/2603/2062 519/2602/2061 1094/2689/2140 3196/2688/2139
f 3196/2688/2139 1094/2689/2140 539/2690/2141 1095/2691/2142
f 1092/2685/2136 3196/2688/2139 1095/2691/2142 538/2686/2137
f 519/2602/2061 1057/2607/2066 3197/2692/2143 1094/2689/2140
f 1057/2607/2066 520/2606/2065 1096/2693/2144 3197/2692/2143
f 3197/2692/2143 1096/2693/2144 540/2694/2145 1097/2695/2146
f 1094/2689/2140 3197/2692/2143 1097/2695/2146 539/2690/2141
f 520/2606/2065 1059/2613/2070 3198/2696/2147 1096/2693/2144
f 1059/2612/2070 521/2611/2069 1098/2697/2148 3198/2698/2147
f 3198/2698/2147 1098/2697/2148 541/2699/2149 1099/2700/2150
f 1096/2693/2144 3198/2696/2147 1099/2701/2150 540/2694/2145
f 521/2611/2069 1061/2617/2074 3199/2702/2151 1098/2697/2148
f 1061/2617/2074 522/2616/2073 1100/2703/2152 3199/2702/2151
f 3199/2702/2151 1100/2703/2152 542/2704/2153 1101/2705/2154
f 1098/2697/2148 3199/2702/2151 1101/2705/2154 541/2699/2149
f 522/2616/2073 1063/2621/2078 3200/2706/2155 1100/2703/2152
f 1063/2621/2078 523/2620/2077 1102/2707/2156 3200/2706/2155
f 3200/2706/2155 1102/2707/2156 543/2708/2157 1103/2709/2158
f 1100/2703/2152 3200/2706/2155 1103/2709/2158 542/2704/2153
f 523/2620/2077 1065/2627/2082 3201/2710/2159 1102/2707/2156
f 1065/2626/2082 524/2625/2081 1104/2711/2160 3201/2712/2159
f 3201/2712/2159 1104/2711/2160 544/2713/2161 1105/2714/2162
f 1102/2707/2156 3201/2710/2159 1105/2715/2162 543/2708/2157
f 524/2625/2081 1067/2631/2086 3202/2716/2163 1104/2711/2160
f 1067/2631/2086 525/2630/2085 1106/2717/2164 3202/2716/2163
f 3202/2716/2163 1106/2717/2164 545/2718/2165 1107/2719/2166
f 1104/2711/2160 3202/2716/2163 1107/2719/2166 544/2713/2161
f 525/2630/2085 1069/2635/2090 3203/2720/2167 1106/2717/2164
f 1069/2635/2090 526/2634/2089 1108/2721/2168 3203/2720/2167
f 3203/2720/2167 1108/2721/2168 546/2722/2169 1109/2723/2170
f 1106/2717/2164 3203/2720/2167 1109/2723/2170 545/2718/2165
f 526/2634/2089 1071/2639/2094 3204/2724/2171 1108/2721/2168
f 1071/2639/2094 527/2638/2093 1110/2725/2172 3204/2724/2171
f 3204/2724/2171 1110/2725/2172 547/2726/2173 1111/2727/2174
f 1108/2721/2168 3204/2724/2171 1111/2727/2174 546/2722/2169
f 527/2638/2093 1072/2641/2096 3205/2728/2175 1110/2725/2172
f 1072/2641/2096 508/2559/2022 1075/2643/2098 3205/2728/2175
f 3205/2728/2175 1075/2643/2098 528/2647/2102 1112/2729/2176
f 1110/2725/2172 3205/2728/2175 1112/2729/2176 547/2726/2173
f 528/2647/2102 1074/2646/2101 3206/2730/2177 1115/2731/2178
f 1074/2646/2101 529/2645/2100 1113/2732/2179 3206/2730/2177
f 3206/2730/2177 1113/2732/2179 549/2733/2180 1114/2734/2181
f 1115/2731/2178 3206/2730/2177 1114/2734/2181 548/2735/2182
f 529/2645/2100 1077/2651/2106 3207/2736/2183 1113/2732/2179
f 1077/2651/2106 530/2650/2105 1116/2737/2184 3207/2736/2183
f 3207/2736/2183 1116/2737/2184 550/2738/2185 1117/2739/2186
f 1113/2732/2179 3207/2736/2183 1117/2739/2186 549/2733/2180
f 530/2650/2105 1079/2657/2110 3208/2740/2187 1116/2737/2184
f 1079/2656/2110 531/2655/2109 1118/2741/2188 3208/2742/2187
f 3208/2742/2187 1118/2741/2188 551/2743/2189 1119/2744/2190
f 1116/2745/2184 3208/2742/2187 1119/2744/2190 550/2746/2185
f 531/2655/2109 1081/2661/2114 3209/2747/2191 1118/2741/2188
f 1081/2661/2114 532/2660/2113 1120/2748/2192 3209/2747/2191
f 3209/2747/2191 1120/2748/2192 552/2749/2193 1121/2750/2194
f 1118/2741/2188 3209/2747/2191 1121/2750/2194 551/2743/2189
f 532/2660/2113 1083/2665/2118 3210/2751/2195 1120/2748/2192
f 1083/2665/2118 533/2664/2117 1122/2752/2196 3210/2751/2195
f 3210/2751/2195 1122/2752/2196 553/2753/2197 1123/2754/2198
f 1120/2748/2192 3210/2751/2195 1123/2754/2198 552/2749/2193
f 533/2664/2117 1085/2671/2122 3211/2755/2199 1122/2752/2196
f 1085/2670/2122 534/2669/2121 1124/2756/2200 3211/2757/2199
f 3211/2757/2199 1124/2756/2200 554/2758/2201 1125/2759/2202
f 1122/2752/2196 3211/2755/2199 1125/2760/2202 553/2753/2197
f 534/2669/2121 1087/2675/2126 3212/2761/2203 1124/2756/2200
f 1087/2675/2126 535/2674/2125 1126/2762/2204 3212/2761/2203
f 3212/2761/2203 1126/2762/2204 555/2763/2205 1127/2764/2206
f 1124/2756/2200 3212/2761/2203 1127/2764/2206 554/2758/2201
f 535/2674/2125 1089/2679/2130 3213/2765/2207 1126/2762/2204
f 1089/2679/2130 536/2678/2129 1128/2766/2208 3213/2765/2207
f 3213/2765/2207 1128/2766/2208 556/2767/2209 1129/2768/2210
f 1126/2762/2204 3213/2765/2207 1129/2768/2210 555/2763/2205
f 536/2678/2129 1091/2683/2134 3214/2769/2211 1128/2766/2208
f 1091/2683/2134 537/2682/2133 1130/2770/2212 3214/2769/2211
f 3214/2769/2211 1130/2770/2212 557/2771/2213 1131/2772/2214
f 1128/2766/2208 3214/2769/2211 1131/2772/2214 556/2767/2209
f 537/2682/2133 1093/2687/2138 3215/2773/2215 1130/2770/2212
f 1093/2687/2138 538/2686/2137 1132/2774/2216 3215/2773/2215
f 3215/2773/2215 1132/2774/2216 558/2775/2217 1133/2776/2218
f 1130/2770/2212 3215/2773/2215 1133/2776/2218 557/2771/2213
f 538/2686/2137 1095/2691/2142 3216/2777/2219 1132/2774/2216
f 1095/2691/2142 539/2690/2141 1134/2778/2220 3216/2777/2219
f 3216/2777/2219 1134/2778/2220 559/2779/2221 1135/2780/2222
f 1132/2774/2216 3216/2777/2219 1135/2780/2222 558/2775/2217
f 539/2690/2141 1097/2695/2146 3217/2781/2223 1134/2778/2220
f 1097/2695/2146 540/2694/2145 1136/2782/2224 3217/2781/2223
f 3217/2781/2223 1136/2782/2224 560/2783/2225 1137/2784/2226
f 1134/2778/2220 3217/2781/2223 1137/2784/2226 559/2779/2221
f 540/2694/2145 1099/2701/2150 3218/2785/2227 1136/2782/2224
f 1099/2700/2150 541/2699/2149 1138/2786/2228 3218/2787/2227
f 3218/2787/2227 1138/2786/2228 561/2788/2229 1139/2789/2230
f 1136/2782/2224 3218/2785/2227 1139/2790/2230 560/2783/2225
f 541/2699/2149 1101/2705/2154 3219/2791/2231 1138/2786/2228
f 1101/2705/2154 542/2704/2153 1140/2792/2232 3219/2791/2231
f 3219/2791/2231 1140/2792/2232 562/2793/2233 1141/2794/2234
f 1138/2786/2228 3219/2791/2231 1141/2794/2234 561/2788/2229
f 542/2704/2153 1103/2709/2158 3220/2795/2235 1140/2792/2232
f 1103/2709/2158 543/2708/2157 1142/2796/2236 3220/2795/2235
f 3220/2795/2235 1142/2796/2236 563/2797/2237 1143/2798/2238
f 1140/2792/2232 3220/2795/2235 1143/2798/2238 562/2793/2233
f 543/2708/2157 1105/2715/2162 3221/2799/2239 1142/2796/2236
f 1105/2714/2162 544/2713/2161 1144/2800/2240 3221/2801/2239
f 3221/2801/2239 1144/2800/2240 564/2802/2241 1145/2803/2242
f 1142/2796/2236 3221/2799/2239 1145/2804/2242 563/2797/2237
f 544/2713/2161 1107/2719/2166 3222/2805/2243 1144/2800/2240
f 1107/2719/2166 545/2718/2165 1146/2806/2244 3222/2805/2243
f 3222/2805/2243 1146/2806/2244 565/2807/2245 1147/2808/2246
f 1144/2800/2240 3222/2805/2243 1147/2808/2246 564/2802/2241
f 545/2718/2165 1109/2723/2170 3223/2809/2247 1146/2806/2244
f 1109/2723/2170 546/2722/2169 1148/2810/2248 3223/2809/2247
f 3223/2809/2247 1148/2810/2248 566/2811/2249 1149/2812/2250
f 1146/2806/2244 3223/2809/2247 1149/2812/2250 565/2807/2245
f 546/2722/2169 1111/2727/2174 3224/2813/2251 1148/2810/2248
f 1111/2727/2174 547/2726/2173 1150/2814/2252 3224/2813/2251
f 3224/2813/2251 1150/2814/2252 567/2815/2253 1151/2816/2254
f 1148/2810/2248 3224/2813/2251 1151/2816/2254 566/2811/2249
f 547/2726/2173 1112/2729/2176 3225/2817/2255 1150/2814/2252
f 1112/2729/2176 528/2647/2102 1115/2731/2178 3225/2817/2255
f 3225/2817/2255 1115/2731/2178 548/2735/2182 1152/2818/2256
f 1150/2814/2252 3225/2817/2255 1152/2818/2256 567/2815/2253
f 548/2735/2182 1114/2734/2181 3226/2819/2257 1155/2820/2258
f 1114/2734/2181 549/2733/2180 1153/2821/2259 3226/2819/2257
f 3226/2819/2257 1153/2821/2259 569/2822/2260 1154/2823/2261
f 1155/2820/2258 3226/2819/2257 1154/2823/2261 568/2824/2262
f 549/2733/2180 1117/2739/2186 3227/2825/2263 1153/2821/2259
f 1117/2739/2186 550/2738/2185 1156/2826/2264 3227/2825/2263
f 3227/2825/2263 1156/2826/2264 570/2827/2265 1157/2828/2266
f 1153/2821/2259 3227/2825/2263 1157/2828/2266 569/2822/2260
f 550/2746/2185 1119/2744/2190 3228/2829/2267 1156/2830/2264
f 1119/2744/2190 551/2743/2189 1158/2831/2268 3228/2829/2267
f 3228/2829/2267 1158/2831/2268 571/2832/2269 1159/2833/2270
f 1156/2830/2264 3228/2829/2267 1159/2833/2270 570/2834/2265
f 551/2743/2189 1121/2750/2194 3229/2835/2271 1158/2831/2268
f 1121/2750/2194 552/2749/2193 1160/2836/2272 3229/2835/2271
f 3229/2835/2271 1160/2836/2272 572/2837/2273 1161/2838/2274
f 1158/2831/2268 3229/2835/2271 1161/2838/2274 571/2832/2269
f 552/2749/2193 1123/2754/2198 3230/2839/2275 1160/2836/2272
f 1123/2754/2198 553/2753/2197 1162/2840/2276 3230/2839/2275
f 3230/2839/2275 1162/2840/2276 573/2841/2277 1163/2842/2278
f 1160/2836/2272 3230/2839/2275 1163/2842/2278 572/2837/2273
f 553/2753/2197 1125/2760/2202 3231/2843/2279 1162/2840/2276
f 1125/2759/2202 554/2758/2201 1164/2844/2280 3231/2845/2279
f 3231/2845/2279 1164/2844/2280 574/2846/2281 1165/2847/2282
f 1162/2840/2276 3231/2843/2279 1165/2848/2282 573/2841/2277
f 554/2758/2201 1127/2764/2206 3232/2849/2283 1164/2844/2280
f 1127/2764/2206 555/2763/2205 1166/2850/2284 3232/2849/2283
f 3232/2849/2283 1166/2850/2284 575/2851/2285 1167/2852/2286
f 1164/2844/2280 3232/2849/2283 1167/2852/2286 574/2846/2281
f 555/2763/2205 1129/2768/2210 3233/2853/2287 1166/2850/2284
f 1129/2768/2210 556/2767/2209 1168/2854/2288 3233/2853/2287
f 3233/2853/2287 1168/2854/2288 576/2855/2289 1169/2856/2290
f 1166/2850/2284 3233/2853/2287 1169/2856/2290 575/2851/2285
f 556/2767/2209 1131/2772/2214 3234/2857/2291 1168/2854/2288
f 1131/2772/2214 557/2771/2213 1170/2858/2292 3234/2857/2291
f 3234/2857/2291 1170/2858/2292 577/2859/2293 1171/2860/2294
f 1168/2854/2288 3234/2857/2291 1171/2860/2294 576/2855/2289
f 557/2771/2213 1133/2776/2218 3235/2861/2295 1170/2858/2292
f 1133/2776/2218 558/2775/2217 1172/2862/2296 3235/2861/2295
f 3235/2861/2295 1172/2862/2296 578/2863/2297 1173/2864/2298
f 1170/2858/2292 3235/2861/2295 1173/2864/2298 577/2859/2293
f 558/2775/2217 1135/2780/2222 3236/2865/2299 1172/2862/2296
f 1135/2780/2222 559/2779/2221 1174/2866/2300 3236/2865/2299
f 3236/2865/2299 1174/2866/2300 579/2867/2301 1175/2868/2302
f 1172/2862/2296 3236/2865/2299 1175/2868/2302 578/2863/2297
f 559/2779/2221 1137/2784/2226 3237/2869/2303 1174/2866/2300
f 1137/2784/2226 560/2783/2225 1176/2870/2304 3237/2869/2303
f 3237/2869/2303 1176/2870/2304 580/2871/2305 1177/2872/2306
f 1174/2866/2300 3237/2869/2303 1177/2872/2306 579/2867/2301
f 560/2783/2225 1139/2790/2230 3238/2873/2307 1176/2870/2304
f 1139/2789/2230 561/2788/2229 1178/2874/2308 3238/2875/2307
f 3238/2875/2307 1178/2874/2308 581/2876/2309 1179/2877/2310
f 1176/2870/2304 3238/2873/2307 1179/2878/2310 580/2871/2305
f 561/2788/2229 1141/2794/2234 3239/2879/2311 1178/2874/2308
f 1141/2794/2234 562/2793/2233 1180/2880/2312 3239/2879/2311
f 3239/2879/2311 1180/2880/2312 582/2881/2313 1181/2882/2314
f 1178/2874/2308 3239/2879/2311 1181/2882/2314 581/2876/2309
f 562/2793/2233 1143/2798/2238 3240/2883/2315 1180/2880/2312
f 1143/2798/2238 563/2797/2237 1182/2884/2316 3240/2883/2315
f 3240/2883/2315 1182/2884/2316 583/2885/2317 1183/2886/2318
f 1180/2880/2312 3240/2883/2315 1183/2886/2318 582/2881/2313
f 563/2797/2237 1145/2804/2242 3241/2887/2319 1182/2884/2316
f 1145/2803/2242 564/2802/2241 1184/2888/2320 3241/2889/2319
f 3241/2887/2319 1184/2890/2320 584/2891/2321 1185/2892/2322
f 1182/2884/2316 3241/2887/2319 1185/2892/2322 583/2885/2317
f 564/2802/2241 1147/2808/2246 3242/2893/2323 1184/2888/2320
f 1147/2808/2246 565/2807/2245 1186/2894/2324 3242/2893/2323
f 3242/2893/2323 1186/2894/2324 585/2895/2325 1187/2896/2326
f 1184/2888/2320 3242/2893/2323 1187/2896/2326 584/2897/2321
f 565/2807/2245 1149/2812/2250 3243/2898/2327 1186/2894/2324
f 1149/2812/2250 566/2811/2249 1188/2899/2328 3243/2898/2327
f 3243/2898/2327 1188/2899/2328 586/2900/2329 1189/2901/2330
f 1186/2894/2324 3243/2898/2327 1189/2901/2330 585/2895/2325
f 566/2811/2249 1151/2816/2254 3244/2902/2331 1188/2899/2328
f 1151/2816/2254 567/2815/2253 1190/2903/2332 3244/2902/2331
f 3244/2902/2331 1190/2903/2332 587/2904/2333 1191/2905/2334
f 1188/2899/2328 3244/2902/2331 1191/2905/2334 586/2900/2329
f 567/2815/2253 1152/2818/2256 3245/2906/2335 1190/2903/2332
f 1152/2818/2256 548/2735/2182 1155/2820/2258 3245/2906/2335
f 3245/2906/2335 1155/2820/2258 568/2824/2262 1192/2907/2336
f 1190/2903/2332 3245/2906/2335 1192/2907/2336 587/2904/2333
f 568/2824/2262 1154/2823/2261 3246/2908/2337 1195/2909/2338
f 1154/2823/2261 569/2822/2260 1193/2910/2339 3246/2908/2337
f 3246/2908/2337 1193/2910/2339 589/2911/2340 1194/2912/2341
f 1195/2909/2338 3246/2908/2337 1194/2912/2341 588/2913/2342
f 569/2822/2260 1157/2828/2266 3247/2914/2343 1193/2910/2339
f 1157/2828/2266 570/2827/2265 1196/2915/2344 3247/2914/2343
f 3247/2914/2343 1196/2915/2344 590/2916/2345 1197/2917/2346
f 1193/2910/2339 3247/2914/2343 1197/2917/2346 589/2911/2340
f 570/2834/2265 1159/2833/2270 3248/2918/2347 1196/2919/2344
f 1159/2833/2270 571/2832/2269 1198/2920/2348 3248/2918/2347
f 3248/2918/2347 1198/2920/2348 591/2921/2349 1199/2922/2350
f 1196/2915/2344 3248/2923/2347 1199/2924/2350 590/2916/2345
f 571/2832/2269 1161/2838/2274 3249/2925/2351 1198/2920/2348
f 1161/2838/2274 572/2837/2273 1200/2926/2352 3249/2925/2351
f 3249/2925/2351 1200/2926/2352 592/2927/2353 1201/2928/2354
f 1198/2920/2348 3249/2925/2351 1201/2928/2354 591/2921/2349
f 572/2837/2273 1163/2842/2278 3250/2929/2355 1200/2926/2352
f 1163/2842/2278 573/2841/2277 1202/2930/2356 3250/2929/2355
f 3250/2929/2355 1202/2930/2356 593/2931/2357 1203/2932/2358
f 1200/2926/2352 3250/2929/2355 1203/2932/2358 592/2927/2353
f 573/2841/2277 1165/2848/2282 3251/2933/2359 1202/2930/2356
f 1165/2847/2282 574/2846/2281 1204/2934/2360 3251/2935/2359
f 3251/2935/2359 1204/2934/2360 594/2936/2361 1205/2937/2362
f 1202/2930/2356 3251/2933/2359 1205/2938/2362 593/2931/2357
f 574/2846/2281 1167/2852/2286 3252/2939/2363 1204/2934/2360
f 1167/2852/2286 575/2851/2285 1206/2940/2364 3252/2939/2363
f 3252/2939/2363 1206/2940/2364 595/2941/2365 1207/2942/2366
f 1204/2934/2360 3252/2939/2363 1207/2942/2366 594/2936/2361
f 575/2851/2285 1169/2856/2290 3253/2943/2367 1206/2940/2364
f 1169/2856/2290 576/2855/2289 1208/2944/2368 3253/2943/2367
f 3253/2943/2367 1208/2944/2368 596/2945/2369 1209/2946/2370
f 1206/2940/2364 3253/2943/2367 1209/2946/2370 595/2941/2365
f 576/2855/2289 1171/2860/2294 3254/2947/2371 1208/2944/2368
f 1171/2860/2294 577/2859/2293 1210/2948/2372 3254/2947/2371
f 3254/2947/2371 1210/2948/2372 597/2949/2373 1211/2950/2374
f 1208/2944/2368 3254/2947/2371 1211/2950/2374 596/2945/2369
f 577/2859/2293 1173/2864/2298 3255/2951/2375 1210/2948/2372
f 1173/2864/2298 578/2863/2297 1212/2952/2376 3255/2951/2375
f 3255/2951/2375 1212/2952/2376 598/2953/2377 1213/2954/2378
f 1210/2948/2372 3255/2951/2375 1213/2954/2378 597/2949/2373
f 578/2863/2297 1175/2868/2302 3256/2955/2379 1212/2952/2376
f 1175/2868/2302 579/2867/2301 1214/2956/2380 3256/2955/2379
f 3256/2955/2379 1214/2956/2380 599/2957/2381 1215/2958/2382
f 1212/2952/2376 3256/2955/2379 1215/2958/2382 598/2953/2377
f 579/2867/2301 1177/2872/2306 3257/2959/2383 1214/2956/2380
f 1177/2872/2306 580/2871/2305 1216/2960/2384 3257/2959/2383
f 3257/2959/2383 1216/2960/2384 600/2961/2385 1217/2962/2386
f 1214/2956/2380 3257/2959/2383 1217/2962/2386 599/2957/2381
f 580/2871/2305 1179/2878/2310 3258/2963/2387 1216/2960/2384
f 1179/2877/2310 581/2876/2309 1218/2964/2388 3258/2965/2387
f 3258/2965/2387 1218/2964/2388 601/2966/2389 1219/2967/2390
f 1216/2960/2384 3258/2963/2387 1219/2968/2390 600/2961/2385
f 581/2876/2309 1181/2882/2314 3259/2969/2391 1218/2964/2388
f 1181/2882/2314 582/2881/2313 1220/2970/2392 3259/2969/2391
f 3259/2969/2391 1220/2970/2392 602/2971/2393 1221/2972/2394
f 1218/2964/2388 3259/2969/2391 1221/2972/2394 601/2966/2389
f 582/2881/2313 1183/2886/2318 3260/2973/2395 1220/2970/2392
f 1183/2886/2318 583/2885/2317 1222/2974/2396 3260/2973/2395
f 3260/2973/2395 1222/2974/2396 603/2975/2397 1223/2976/2398
f 1220/2970/2392 3260/2973/2395 1223/2976/2398 602/2971/2393
f 583/2885/2317 1185/2892/2322 3261/2977/2399 1222/2974/2396
f 1185/2892/2322 584/2891/2321 1224/2978/2400 3261/2977/2399
f 3261/2977/2399 1224/2978/2400 604/2979/2401 1225/2980/2402
f 1222/2974/2396 3261/2977/2399 1225/2980/2402 603/2975/2397
f 584/2897/2321 1187/2896/2326 3262/2981/2403 1224/2982/2400
f 1187/2896/2326 585/2895/2325 1226/2983/2404 3262/2981/2403
f 3262/2981/2403 1226/2983/2404 605/2984/2405 1227/2985/2406
f 1224/2982/2400 3262/2981/2403 1227/2985/2406 604/2986/2401
f 585/2895/2325 1189/2901/2330 3263/2987/2407 1226/2983/2404
f 1189/2901/2330 586/2900/2329 1228/2988/2408 3263/2987/2407
f 3263/2987/2407 1228/2988/2408 606/2989/2409 1229/2990/2410
f 1226/2983/2404 3263/2987/2407 1229/2990/2410 605/2984/2405
f 586/2900/2329 1191/2905/2334 3264/2991/2411 1228/2988/2408
f 1191/2905/2334 587/2904/2333 1230/2992/2412 3264/2991/2411
f 3264/2991/2411 1230/2992/2412 607/2993/2413 1231/2994/2414
f 1228/2988/2408 3264/2991/2411 1231/2994/2414 606/2989/2409
f 587/2904/2333 1192/2907/2336 3265/2995/2415 1230/2992/2412
f 1192/2907/2336 568/2824/2262 1195/2909/2338 3265/2995/2415
f 3265/2995/2415 1195/2909/2338 588/2913/2342 1232/2996/2416
f 1230/2992/2412 3265/2995/2415 1232/2996/2416 607/2993/2413
f 588/2913/2342 1194/2912/2341 3266/2997/2417 1235/2998/2418
f 1194/2912/2341 589/2911/2340 1233/2999/2419 3266/2997/2417
f 3266/2997/2417 1233/2999/2419 609/3000/2420 1234/3001/2421
f 1235/2998/2418 3266/2997/2417 1234/3001/2421 608/3002/2422
f 589/2911/2340 1197/2917/2346 3267/3003/2423 1233/2999/2419
f 1197/2917/2346 590/2916/2345 1236/3004/2424 3267/3003/2423
f 3267/3003/2423 1236/3004/2424 610/3005/2425 1237/3006/2426
f 1233/2999/2419 3267/3003/2423 1237/3006/2426 609/3000/2420
f 590/2916/2345 1199/2924/2350 3268/3007/2427 1236/3004/2424
f 1199/2922/2350 591/2921/2349 1238/3008/2428 3268/3009/2427
f 3268/3009/2427 1238/3008/2428 611/3010/2429 1239/3011/2430
f 1236/3004/2424 3268/3007/2427 1239/3012/2430 610/3005/2425
f 591/2921/2349 1201/2928/2354 3269/3013/2431 1238/3008/2428
f 1201/2928/2354 592/2927/2353 1240/3014/2432 3269/3013/2431
f 3269/3013/2431 1240/3014/2432 612/3015/2433 1241/3016/2434
f 1238/3008/2428 3269/3013/2431 1241/3016/2434 611/3010/2429
f 592/2927/2353 1203/2932/2358 3270/3017/2435 1240/3014/2432
f 1203/2932/2358 593/2931/2357 1242/3018/2436 3270/3017/2435
f 3270/3017/2435 1242/3018/2436 613/3019/2437 1243/3020/2438
f 1240/3014/2432 3270/3017/2435 1243/3020/2438 612/3015/2433
f 593/2931/2357 1205/2938/2362 3271/3021/2439 1242/3018/2436
f 1205/2937/2362 594/2936/2361 1244/3022/2440 3271/3023/2439
f 3271/3023/2439 1244/3022/2440 614/3024/2441 1245/3025/2442
f 1242/3018/2436 3271/3021/2439 1245/3026/2442 613/3019/2437
f 594/2936/2361 1207/2942/2366 3272/3027/2443 1244/3022/2440
f 1207/2942/2366 595/2941/2365 1246/3028/2444 3272/3027/2443
f 3272/3027/2443 1246/3028/2444 615/3029/2445 1247/3030/2446
f 1244/3022/2440 3272/3027/2443 1247/3030/2446 614/3024/2441
f 595/2941/2365 1209/2946/2370 3273/3031/2447 1246/3028/2444
f 1209/2946/2370 596/2945/2369 1248/3032/2448 3273/3031/2447
f 3273/3031/2447 1248/3032/2448 616/3033/2449 1249/3034/2450
f 1246/3028/2444 3273/3031/2447 1249/3034/2450 615/3029/2445
f 596/2945/2369 1211/2950/2374 3274/3035/2451 1248/3032/2448
f 1211/2950/2374 597/2949/2373 1250/3036/2452 3274/3035/2451
f 3274/3035/2451 1250/3036/2452 617/3037/2453 1251/3038/2454
f 1248/3032/2448 3274/3035/2451 1251/3038/2454 616/3033/2449
f 597/2949/2373 1213/2954/2378 3275/3039/2455 1250/3036/2452
f 1213/2954/2378 598/2953/2377 1252/3040/2456 3275/3039/2455
f 3275/3039/2455 1252/3040/2456 618/3041/2457 1253/3042/2458
f 1250/3036/2452 3275/3039/2455 1253/3042/2458 617/3037/2453
f 598/2953/2377 1215/2958/2382 3276/3043/2459 1252/3040/2456
f 1215/2958/2382 599/2957/2381 1254/3044/2460 3276/3043/2459
f 3276/3043/2459 1254/3044/2460 619/3045/2461 1255/3046/2462
f 1252/3040/2456 3276/3043/2459 1255/3046/2462 618/3041/2457
f 599/2957/2381 1217/2962/2386 3277/3047/2463 1254/3044/2460
f 1217/2962/2386 600/2961/2385 1256/3048/2464 3277/3047/2463
f 3277/3047/2463 1256/3048/2464 620/3049/2465 1257/3050/2466
f 1254/3044/2460 3277/3047/2463 1257/3050/2466 619/3045/2461
f 600/2961/2385 1219/2968/2390 3278/3051/2467 1256/3048/2464
f 1219/2967/2390 601/2966/2389 1258/3052/2468 3278/3053/2467
f 3278/3053/2467 1258/3052/2468 621/3054/2469 1259/3055/2470
f 1256/3048/2464 3278/3051/2467 1259/3056/2470 620/3049/2465
f 601/2966/2389 1221/2972/2394 3279/3057/2471 1258/3052/2468
f 1221/2972/2394 602/2971/2393 1260/3058/2472 3279/3057/2471
f 3279/3057/2471 1260/3058/2472 622/3059/2473 1261/3060/2474
f 1258/3052/2468 3279/3057/2471 1261/3060/2474 621/3054/2469
f 602/2971/2393 1223/2976/2398 3280/3061/2475 1260/3058/2472
f 1223/2976/2398 603/2975/2397 1262/3062/2476 3280/3061/2475
f 3280/3061/2475 1262/3062/2476 623/3063/2477 1263/3064/2478
f 1260/3058/2472 3280/3061/2475 1263/3064/2478 622/3059/2473
f 603/2975/2397 1225/2980/2402 3281/3065/2479 1262/3062/2476
f 1225/2980/2402 604/2979/2401 1264/3066/2480 3281/3065/2479
f 3281/3065/2479 1264/3066/2480 624/3067/2481 1265/3068/2482
f 1262/3062/2476 3281/3065/2479 1265/3068/2482 623/3063/2477
f 604/2986/2401 1227/2985/2406 3282/3069/2483 1264/3070/2480
f 1227/2985/2406 605/2984/2405 1266/3071/2484 3282/3069/2483
f 3282/3069/2483 1266/3071/2484 625/3072/2485 1267/3073/2486
f 1264/3070/2480 3282/3069/2483 1267/3073/2486 624/3074/2481
f 605/2984/2405 1229/2990/2410 3283/3075/2487 1266/3071/2484
f 1229/2990/2410 606/2989/2409 1268/3076/2488 3283/3075/2487
f 3283/3075/2487 1268/3076/2488 626/3077/2489 1269/3078/2490
f 1266/3071/2484 3283/3075/2487 1269/3078/2490 625/3072/2485
f 606/2989/2409 1231/2994/2414 3284/3079/2491 1268/3076/2488
f 1231/2994/2414 607/2993/2413 1270/3080/2492 3284/3079/2491
f 3284/3079/2491 1270/3080/2492 627/3081/2493 1271/3082/2494
f 1268/3076/2488 3284/3079/2491 1271/3082/2494 626/3077/2489
f 607/2993/2413 1232/2996/2416 3285/3083/2495 1270/3080/2492
f 1232/2996/2416 588/2913/2342 1235/2998/2418 3285/3083/2495
f 3285/3083/2495 1235/2998/2418 608/3002/2422 1272/3084/2496
f 1270/3080/2492 3285/3083/2495 1272/3084/2496 627/3081/2493
f 608/3002/2422 1234/3001/2421 3286/3085/2497 1275/3086/2498
f 1234/3001/2421 609/3000/2420 1273/3087/2499 3286/3085/2497
f 3286/3085/2497 1273/3087/2499 629/3088/2500 1274/3089/2501
f 1275/3086/2498 3286/3085/2497 1274/3089/2501 628/3090/2502
f 609/3000/2420 1237/3006/2426 3287/3091/2503 1273/3087/2499
f 1237/3006/2426 610/3005/2425 1276/3092/2504 3287/3091/2503
f 3287/3091/2503 1276/3092/2504 630/3093/2505 1277/3094/2506
f 1273/3087/2499 3287/3091/2503 1277/3094/2506 629/3088/2500
f 610/3005/2425 1239/3012/2430 3288/3095/2507 1276/3092/2504
f 1239/3011/2430 611/3010/2429 1278/3096/2508 3288/3097/2507
f 3288/3097/2507 1278/3096/2508 631/3098/2509 1279/3099/2510
f 1276/3100/2504 3288/3097/2507 1279/3099/2510 630/3101/2505
f 611/3010/2429 1241/3016/2434 3289/3102/2511 1278/3096/2508
f 1241/3016/2434 612/3015/2433 1280/3103/2512 3289/3102/2511
f 3289/3102/2511 1280/3103/2512 632/3104/2513 1281/3105/2514
f 1278/3096/2508 3289/3102/2511 1281/3105/2514 631/3098/2509
f 612/3015/2433 1243/3020/2438 3290/3106/2515 1280/3103/2512
f 1243/3020/2438 613/3019/2437 1282/3107/2516 3290/3106/2515
f 3290/3106/2515 1282/3107/2516 633/3108/2517 1283/3109/2518
f 1280/3103/2512 3290/3106/2515 1283/3109/2518 632/3104/2513
f 613/3019/2437 1245/3026/2442 3291/3110/2519 1282/3107/2516
f 1245/3025/2442 614/3024/2441 1284/3111/2520 3291/3112/2519
f 3291/3112/2519 1284/3111/2520 634/3113/2521 1285/3114/2522
f 1282/3107/2516 3291/3110/2519 1285/3115/2522 633/3108/2517
f 614/3024/2441 1247/3030/2446 3292/3116/2523 1284/3111/2520
f 1247/3030/2446 615/3029/2445 1286/3117/2524 3292/3116/2523
f 3292/3116/2523 1286/3117/2524 635/3118/2525 1287/3119/2526
f 1284/3111/2520 3292/3116/2523 1287/3119/2526 634/3113/2521
f 615/3029/2445 1249/3034/2450 3293/3120/2527 1286/3117/2524
f 1249/3034/2450 616/3033/2449 1288/3121/2528 3293/3120/2527
f 3293/3120/2527 1288/3121/2528 636/3122/2529 1289/3123/2530
f 1286/3117/2524 3293/3120/2527 1289/3123/2530 635/3118/2525
f 616/3033/2449 1251/3038/2454 3294/3124/2531 1288/3121/2528
f 1251/3038/2454 617/3037/2453 1290/3125/2532 3294/3124/2531
f 3294/3124/2531 1290/3125/2532 637/3126/2533 1291/3127/2534
f 1288/3121/2528 3294/3124/2531 1291/3127/2534 636/3122/2529
f 617/3037/2453 1253/3042/2458 3295/3128/2535 1290/3125/2532
f 1253/3042/2458 618/3041/2457 1292/3129/2536 3295/3128/2535
f 3295/3128/2535 1292/3129/2536 638/3130/2537 1293/3131/2538
f 1290/3125/2532 3295/3128/2535 1293/3131/2538 637/3126/2533
f 618/3041/2457 1255/3046/2462 3296/3132/2539 1292/3129/2536
f 1255/3046/2462 619/3045/2461 1294/3133/2540 3296/3132/2539
f 3296/3132/2539 1294/3133/2540 639/3134/2541 1295/3135/2542
f 1292/3129/2536 3296/3132/2539 1295/3135/2542 638/3130/2537
f 619/3045/2461 1257/3050/2466 3297/3136/2543 1294/3133/2540
f 1257/3050/2466 620/3049/2465 1296/3137/2544 3297/3136/2543
f 3297/3136/2543 1296/3137/2544 640/3138/2545 1297/3139/2546
f 1294/3133/2540 3297/3136/2543 1297/3139/2546 639/3134/2541
f 620/3049/2465 1259/3056/2470 3298/3140/2547 1296/3137/2544
f 1259/3055/2470 621/3054/2469 1298/3141/2548 3298/3142/2547
f 3298/3142/2547 1298/3141/2548 641/3143/2549 1299/3144/2550
f 1296/3137/2544 3298/3140/2547 1299/3145/2550 640/3138/2545
f 621/3054/2469 1261/3060/2474 3299/3146/2551 1298/3141/2548
f 1261/3060/2474 622/3059/2473 1300/3147/2552 3299/3146/2551
f 3299/3146/2551 1300/3147/2552 642/3148/2553 1301/3149/2554
f 1298/3141/2548 3299/3146/2551 1301/3149/2554 641/3143/2549
f 622/3059/2473 1263/3064/2478 3300/3150/2555 1300/3147/2552
f 1263/3064/2478 623/3063/2477 1302/3151/2556 3300/3150/2555
f 3300/3150/2555 1302/3151/2556 643/3152/2557 1303/3153/2558
f 1300/3147/2552 3300/3150/2555 1303/3153/2558 642/3148/2553
f 623/3063/2477 1265/3068/2482 3301/3154/2559 1302/3151/2556
f 1265/3068/2482 624/3067/2481 1304/3155/2560 3301/3154/2559
f 3301/3154/2559 1304/3155/2560 644/3156/2561 1305/3157/2562
f 1302/3151/2556 3301/3154/2559 1305/3157/2562 643/3152/2557
f 624/3074/2481 1267/3073/2486 3302/3158/2563 1304/3159/2560
f 1267/3073/2486 625/3072/2485 1306/3160/2564 3302/3158/2563
f 3302/3158/2563 1306/3160/2564 645/3161/2565 1307/3162/2566
f 1304/3159/2560 3302/3158/2563 1307/3162/2566 644/3163/2561
f 625/3072/2485 1269/3078/2490 3303/3164/2567 1306/3160/2564
f 1269/3078/2490 626/3077/2489 1308/3165/2568 3303/3164/2567
f 3303/3164/2567 1308/3165/2568 646/3166/2569 1309/3167/2570
f 1306/3160/2564 3303/3164/2567 1309/3167/2570 645/3161/2565
f 626/3077/2489 1271/3082/2494 3304/3168/2571 1308/3165/2568
f 1271/3082/2494 627/3081/2493 1310/3169/2572 3304/3168/2571
f 3304/3168/2571 1310/3169/2572 647/3170/2573 1311/3171/2574
f 1308/3165/2568 3304/3168/2571 1311/3171/2574 646/3166/2569
f 627/3081/2493 1272/3084/2496 3305/3172/2575 1310/3169/2572
f 1272/3084/2496 608/3002/2422 1275/3086/2498 3305/3172/2575
f 3305/3172/2575 1275/3086/2498 628/3090/2502 1312/3173/2576
f 1310/3169/2572 3305/3172/2575 1312/3173/2576 647/3170/2573
f 628/3090/2502 1274/3089/2501 3306/3174/2577 1315/3175/2578
f 1274/3089/2501 629/3088/2500 1313/3176/2579 3306/3174/2577
f 3306/3174/2577 1313/3176/2579 649/3177/2580 1314/3178/2581
f 1315/3175/2578 3306/3174/2577 1314/3178/2581 648/3179/2582
f 629/3088/2500 1277/3094/2506 3307/3180/2583 1313/3176/2579
f 1277/3094/2506 630/3093/2505 1316/3181/2584 3307/3180/2583
f 3307/3180/2583 1316/3181/2584 650/3182/2585 1317/3183/2586
f 1313/3176/2579 3307/3180/2583 1317/3183/2586 649/3177/2580
f 630/3101/2505 1279/3099/2510 3308/3184/2587 1316/3185/2584
f 1279/3099/2510 631/3098/2509 1318/3186/2588 3308/3184/2587
f 3308/3184/2587 1318/3186/2588 651/3187/2589 1319/3188/2590
f 1316/3181/2584 3308/3189/2587 1319/3190/2590 650/3182/2585
f 631/3098/2509 1281/3105/2514 3309/3191/2591 1318/3186/2588
f 1281/3105/2514 632/3104/2513 1320/3192/2592 3309/3191/2591
f 3309/3191/2591 1320/3192/2592 652/3193/2593 1321/3194/2594
f 1318/3186/2588 3309/3191/2591 1321/3194/2594 651/3187/2589
f 632/3104/2513 1283/3109/2518 3310/3195/2595 1320/3192/2592
f 1283/3109/2518 633/3108/2517 1322/3196/2596 3310/3195/2595
f 3310/3195/2595 1322/3196/2596 653/3197/2597 1323/3198/2598
f 1320/3192/2592 3310/3195/2595 1323/3198/2598 652/3193/2593
f 633/3108/2517 1285/3115/2522 3311/3199/2599 1322/3196/2596
f 1285/3114/2522 634/3113/2521 1324/3200/2600 3311/3201/2599
f 3311/3201/2599 1324/3200/2600 654/3202/2601 1325/3203/2602
f 1322/3196/2596 3311/3199/2599 1325/3204/2602 653/3197/2597
f 634/3113/2521 1287/3119/2526 3312/3205/2603 1324/3200/2600
f 1287/3119/2526 635/3118/2525 1326/3206/2604 3312/3205/2603
f 3312/3205/2603 1326/3206/2604 655/3207/2605 1327/3208/2606
f 1324/3200/2600 3312/3205/2603 1327/3208/2606 654/3202/2601
f 635/3118/2525 1289/3123/2530 3313/3209/2607 1326/3206/2604
f 1289/3123/2530 636/3122/2529 1328/3210/2608 3313/3209/2607
f 3313/3209/2607 1328/3210/2608 656/3211/2609 1329/3212/2610
f 1326/3206/2604 3313/3209/2607 1329/3212/2610 655/3207/2605
f 636/3122/2529 1291/3127/2534 3314/3213/2611 1328/3210/2608
f 1291/3127/2534 637/3126/2533 1330/3214/2612 3314/3213/2611
f 3314/3213/2611 1330/3214/2612 657/3215/2613 1331/3216/2614
f 1328/3210/2608 3314/3213/2611 1331/3216/2614 656/3211/2609
f 637/3126/2533 1293/3131/2538 3315/3217/2615 1330/3214/2612
f 1293/3131/2538 638/3130/2537 1332/3218/2616 3315/3217/2615
f 3315/3217/2615 1332/3218/2616 658/3219/2617 1333/3220/2618
f 1330/3214/2612 3315/3217/2615 1333/3220/2618 657/3215/2613
f 638/3130/2537 1295/3135/2542 3316/3221/2619 1332/3218/2616
f 1295/3135/2542 639/3134/2541 1334/3222/2620 3316/3221/2619
f 3316/3221/2619 1334/3222/2620 659/3223/2621 1335/3224/2622
f 1332/3218/2616 3316/3221/2619 1335/3224/2622 658/3219/2617
f 639/3134/2541 1297/3139/2546 3317/3225/2623 1334/3222/2620
f 1297/3139/2546 640/3138/2545 1336/3226/2624 3317/3225/2623
f 3317/3225/2623 1336/3226/2624 660/3227/2625 1337/3228/2626
f 1334/3222/2620 3317/3225/2623 1337/3228/2626 659/3223/2621
f 640/3138/2545 1299/3145/2550 3318/3229/2627 1336/3226/2624
f 1299/3144/2550 641/3143/2549 1338/3230/2628 3318/3231/2627
f 3318/3231/2627 1338/3230/2628 661/3232/2629 1339/3233/2630
f 1336/3226/2624 3318/3229/2627 1339/3234/2630 660/3227/2625
f 641/3143/2549 1301/3149/2554 3319/3235/2631 1338/3230/2628
f 1301/3149/2554 642/3148/2553 1340/3236/2632 3319/3235/2631
f 3319/3235/2631 1340/3236/2632 662/3237/2633 1341/3238/2634
f 1338/3230/2628 3319/3235/2631 1341/3238/2634 661/3232/2629
f 642/3148/2553 1303/3153/2558 3320/3239/2635 1340/3236/2632
f 1303/3153/2558 643/3152/2557 1342/3240/2636 3320/3239/2635
f 3320/3239/2635 1342/3240/2636 663/3241/2637 1343/3242/2638
f 1340/3236/2632 3320/3239/2635 1343/3242/2638 662/3237/2633
f 643/3152/2557 1305/3157/2562 3321/3243/2639 1342/3240/2636
f 1305/3157/2562 644/3156/2561 1344/3244/2640 3321/3243/2639
f 3321/3243/2639 1344/3244/2640 664/3245/2641 1345/3246/2642
f 1342/3240/2636 3321/3243/2639 1345/3246/2642 663/3241/2637
f 644/3163/2561 1307/3162/2566 3322/3247/2643 1344/3248/2640
f 1307/3162/2566 645/3161/2565 1346/3249/2644 3322/3247/2643
f 3322/3247/2643 1346/3249/2644 665/3250/2645 1347/3251/2646
f 1344/3248/2640 3322/3247/2643 1347/3251/2646 664/3252/2641
f 645/3161/2565 1309/3167/2570 3323/3253/2647 1346/3249/2644
f 1309/3167/2570 646/3166/2569 1348/3254/2648 3323/3253/2647
f 3323/3253/2647 1348/3254/2648 666/3255/2649 1349/3256/2650
f 1346/3249/2644 3323/3253/2647 1349/3256/2650 665/3250/2645
f 646/3166/2569 1311/3171/2574 3324/3257/2651 1348/3254/2648
f 1311/3171/2574 647/3170/2573 1350/3258/2652 3324/3257/2651
f 3324/3257/2651 1350/3258/2652 667/3259/2653 1351/3260/2654
f 1348/3254/2648 3324/3257/2651 1351/3260/2654 666/3255/2649
f 647/3170/2573 1312/3173/2576 3325/3261/2655 1350/3258/2652
f 1312/3173/2576 628/3090/2502 1315/3175/2578 3325/3261/2655
f 3325/3261/2655 1315/3175/2578 648/3179/2582 1352/3262/2656
f 1350/3258/2652 3325/3261/2655 1352/3262/2656 667/3259/2653
f 648/3179/2582 1314/3178/2581 3326/3263/2657 1354/3264/2658
f 649/3177/2580 1353/3265/2659 3326/3263/2657 1314/3178/2581
f 668/3266/2660 1354/3264/2658 3326/3263/2657 1353/3265/2659
f 649/3177/2580 1317/3183/2586 3327/3267/2661 1353/3265/2659
f 650/3268/2585 1355/3269/2662 3327/3270/2661 1317/3271/2586
f 668/3272/2660 1353/3273/2659 3327/3270/2661 1355/3269/2662
f 650/3182/2585 1319/3190/2590 3328/3274/2663 1355/3275/2662
f 651/3187/2589 1356/3276/2664 3328/3277/2663 1319/3188/2590
f 668/3278/2660 1355/3279/2662 3328/3277/2663 1356/3276/2664
f 651/3187/2589 1321/3194/2594 3329/3280/2665 1356/3276/2664
f 652/3193/2593 1357/3281/2666 3329/3280/2665 1321/3194/2594
f 668/3278/2660 1356/3276/2664 3329/3280/2665 1357/3281/2666
f 652/3193/2593 1323/3198/2598 3330/3282/2667 1357/3281/2666
f 653/3197/2597 1358/3283/2668 3330/3282/2667 1323/3198/2598
f 668/3278/2660 1357/3281/2666 3330/3282/2667 1358/3283/2668
f 653/3197/2597 1325/3204/2602 3331/3284/2669 1358/3283/2668
f 654/3202/2601 1359/3285/2670 3331/3286/2669 1325/3203/2602
f 668/3278/2660 1358/3283/2668 3331/3284/2669 1359/3287/2670
f 654/3288/2601 1327/3289/2606 3332/3290/2671 1359/3291/2670
f 655/3207/2605 1360/3292/2672 3332/3293/2671 1327/3208/2606
f 668/3294/2660 1359/3291/2670 3332/3290/2671 1360/3295/2672
f 655/3207/2605 1329/3212/2610 3333/3296/2673 1360/3292/2672
f 656/3211/2609 1361/3297/2674 3333/3296/2673 1329/3212/2610
f 668/3298/2660 1360/3292/2672 3333/3296/2673 1361/3297/2674
f 656/3211/2609 1331/3216/2614 3334/3299/2675 1361/3297/2674
f 657/3215/2613 1362/3300/2676 3334/3299/2675 1331/3216/2614
f 668/3298/2660 1361/3297/2674 3334/3299/2675 1362/3300/2676
f 657/3215/2613 1333/3220/2618 3335/3301/2677 1362/3300/2676
f 658/3219/2617 1363/3302/2678 3335/3301/2677 1333/3220/2618
f 668/3298/2660 1362/3300/2676 3335/3301/2677 1363/3302/2678
f 658/3219/2617 1335/3224/2622 3336/3303/2679 1363/3302/2678
f 659/3223/2621 1364/3304/2680 3336/3303/2679 1335/3224/2622
f 668/3298/2660 1363/3302/2678 3336/3303/2679 1364/3304/2680
f 659/3223/2621 1337/3228/2626 3337/3305/2681 1364/3304/2680
f 660/3306/2625 1365/3307/2682 3337/3308/2681 1337/3309/2626
f 668/3310/2660 1364/3311/2680 3337/3308/2681 1365/3307/2682
f 660/3227/2625 1339/3234/2630 3338/3312/2683 1365/3313/2682
f 661/3232/2629 1366/3314/2684 3338/3315/2683 1339/3233/2630
f 668/3316/2660 1365/3317/2682 3338/3315/2683 1366/3314/2684
f 661/3232/2629 1341/3238/2634 3339/3318/2685 1366/3314/2684
f 662/3237/2633 1367/3319/2686 3339/3318/2685 1341/3238/2634
f 668/3316/2660 1366/3314/2684 3339/3318/2685 1367/3319/2686
f 662/3237/2633 1343/3242/2638 3340/3320/2687 1367/3319/2686
f 663/3241/2637 1368/3321/2688 3340/3320/2687 1343/3242/2638
f 668/3316/2660 1367/3319/2686 3340/3320/2687 1368/3321/2688
f 663/3241/2637 1345/3246/2642 3341/3322/2689 1368/3321/2688
f 664/3245/2641 1369/3323/2690 3341/3322/2689 1345/3246/2642
f 668/3316/2660 1368/3321/2688 3341/3322/2689 1369/3323/2690
f 664/3245/2641 1347/3324/2646 3342/3325/2691 1369/3323/2690
f 665/3250/2645 1370/3326/2692 3342/3327/2691 1347/3251/2646
f 668/3328/2660 1369/3329/2690 3342/3330/2691 1370/3331/2692
f 665/3250/2645 1349/3256/2650 3343/3332/2693 1370/3326/2692
f 666/3255/2649 1371/3333/2694 3343/3332/2693 1349/3256/2650
f 668/3266/2660 1370/3326/2692 3343/3332/2693 1371/3333/2694
f 666/3255/2649 1351/3260/2654 3344/3334/2695 1371/3333/2694
f 667/3259/2653 1372/3335/2696 3344/3334/2695 1351/3260/2654
f 668/3266/2660 1371/3333/2694 3344/3334/2695 1372/3335/2696
f 667/3259/2653 1352/3262/2656 3345/3336/2697 1372/3335/2696
f 648/3179/2582 1354/3264/2658 3345/3336/2697 1352/3262/2656
f 668/3266/2660 1372/3335/2696 3345/3336/2697 1354/3264/2658
f 355/1784/1358 1373/3337/2698 3346/3338/2699 2524/1890/1438
f 1373/3337/2698 356/1786/1360 2526/1894/1442 3346/3338/2699
f 3346/3338/2699 2526/1894/1442 669/1893/1441 2569/1995/1526
f 2524/1890/1438 3346/3338/2699 2569/1995/1526 375/1891/1439
f 335/1643/1247 1374/3339/2700 3347/3340/2701 2483/1783/1357
f 1374/3339/2700 670/1646/1249 2485/1787/1361 3347/3340/2701
f 3347/3340/2701 2485/1787/1361 356/1786/1360 1373/3337/2698
f 2483/1783/1357 3347/3340/2701 1373/3337/2698 355/1784/1358
f 315/1641/1245 1375/3341/2702 3348/3342/2703 2428/1642/1246
f 1375/3341/2702 671/1650/1253 2430/1647/1250 3348/3342/2703
f 3348/3342/2703 2430/1647/1250 670/1646/1249 1374/3339/2700
f 2428/1642/1246 3348/3342/2703 1374/3339/2700 335/1643/1247
f 348/1750/1330 2513/1856/1412 3349/3343/2704 2551/3344/1492
f 672/1860/1416 2553/1960/1495 3349/3343/2704 2513/1856/1412
f 368/1959/1493 2551/3344/1492 3349/3343/2704 2553/1960/1495
f 328/3345/1328 1376/3346/2705 3350/3347/2706 2509/3348/1409
f 673/1595/1204 2470/1751/1331 3350/3347/2706 1376/3346/2705
f 348/1750/1330 2509/3348/1409 3350/3347/2706 2470/1751/1331
f 308/1744/1326 1377/3349/2707 3351/3350/2708 2468/1745/1327
f 1377/3351/2707 674/1599/1208 2408/1596/1205 3351/3352/2708
f 3351/3352/2708 2408/1596/1205 673/1595/1204 1376/3346/2705
f 2468/1745/1327 3351/3350/2708 1376/3353/2705 328/1746/1328
f 676/3354/2709 1378/3355/2710 3352/3356/2711 1380/3357/2712
f 1378/3355/2710 675/3358/2713 1379/3359/2714 3352/3356/2711
f 3352/3356/2711 1379/3359/2714 308/1744/1326 2467/1741/1324
f 1380/3357/2712 3352/3356/2711 2467/1741/1324 327/1740/1320
f 677/3360/2715 1381/3361/2716 3353/3362/2717 1382/3363/2718
f 1381/3364/2716 676/3354/2709 1380/3357/2712 3353/3365/2717
f 3353/3366/2717 1380/3367/2712 327/1734/1320 2464/1733/1318
f 1382/3368/2718 3353/3369/2717 2464/1731/1318 326/1727/1314
f 678/3370/2719 1383/3371/2720 3354/3372/2721 1384/3373/2722
f 1383/3371/2720 677/3360/2715 1382/3363/2718 3354/3372/2721
f 3354/3374/2721 1382/3368/2718 326/1727/1314 2461/1725/1312
f 1384/3375/2722 3354/3374/2721 2461/1725/1312 325/1720/1308
f 679/3376/2723 1385/3377/2724 3355/3378/2725 1386/3379/2726
f 1385/3377/2724 678/3370/2719 1384/3373/2722 3355/3378/2725
f 3355/3380/2725 1384/3375/2722 325/1720/1308 2458/1717/1306
f 1386/3379/2726 3355/3378/2725 2458/3381/1306 324/3382/1302
f 680/3383/2727 1387/3384/2728 3356/3385/2729 1388/3386/2730
f 1387/3384/2728 679/3376/2723 1386/3379/2726 3356/3385/2729
f 3356/3387/2729 1386/3388/2726 324/1712/1302 2455/1710/1300
f 1388/3389/2730 3356/3387/2729 2455/1710/1300 323/1706/1296
f 681/3390/2731 1389/3391/2732 3357/3392/2733 1390/3393/2734
f 1389/3391/2732 680/3383/2727 1388/3386/2730 3357/3392/2733
f 3357/3394/2733 1388/3389/2730 323/1706/1296 2452/1704/1294
f 1390/3395/2734 3357/3394/2733 2452/1704/1294 322/1700/1290
f 682/3396/2735 1391/3397/2736 3358/3398/2737 1392/3399/2738
f 1391/3397/2736 681/3390/2731 1390/3393/2734 3358/3398/2737
f 3358/3400/2737 1390/3395/2734 322/1700/1290 2449/1698/1288
f 1392/3401/2738 3358/3400/2737 2449/1698/1288 321/1693/1284
f 683/3402/2739 1393/3403/2740 3359/3404/2741 1394/3405/2742
f 1393/3403/2740 682/3396/2735 1392/3399/2738 3359/3404/2741
f 3359/3406/2741 1392/3401/2738 321/1693/1284 2446/1690/1282
f 1394/3407/2742 3359/3406/2741 2446/1690/1282 320/1689/1278
f 684/3408/2743 1395/3409/2744 3360/3410/2745 1396/3411/2746
f 1395/3409/2744 683/3402/2739 1394/3405/2742 3360/3410/2745
f 3360/3410/2745 1394/3405/2742 320/3412/1278 2443/3413/1276
f 1396/3414/2746 3360/3415/2745 2443/1683/1276 319/1679/1272
f 685/3416/2747 1397/3417/2748 3361/3418/2749 1398/3419/2750
f 1397/3417/2748 684/3408/2743 1396/3411/2746 3361/3418/2749
f 3361/3420/2749 1396/3414/2746 319/1679/1272 2440/1677/1270
f 1398/3421/2750 3361/3420/2749 2440/1677/1270 318/1671/1266
f 686/3422/2751 1399/3423/2752 3362/3424/2753 1400/3425/2754
f 1399/3426/2752 685/3416/2747 1398/3419/2750 3362/3427/2753
f 3362/3428/2753 1398/3421/2750 318/1671/1266 2437/1670/1264
f 1400/3429/2754 3362/3430/2753 2437/1668/1264 317/1667/1260
f 687/3431/2755 1401/3432/2756 3363/3433/2757 1402/3434/2758
f 1401/3432/2756 686/3422/2751 1400/3425/2754 3363/3433/2757
f 3363/3433/2757 1400/3425/2754 317/1660/1260 2434/1658/1258
f 1402/3434/2758 3363/3433/2757 2434/1658/1258 316/1654/1255
f 671/1650/1253 1403/3435/2759 3364/3436/2760 2431/1651/1254
f 1403/3435/2759 688/3437/2761 1404/3438/2762 3364/3436/2760
f 3364/3439/2760 1404/3440/2762 687/3431/2755 1402/3434/2758
f 2431/1653/1254 3364/3439/2760 1402/3434/2758 316/1654/1255
f 689/3441/2763 1405/3442/2764 3365/3443/2765 1406/3444/2766
f 1405/3442/2764 688/3437/2761 1403/3435/2759 3365/3443/2765
f 3365/3443/2765 1403/3435/2759 671/1650/1253 1375/3341/2702
f 1406/3444/2766 3365/3443/2765 1375/3341/2702 315/1641/1245
f 690/3445/2767 1407/3446/2768 3366/3447/2769 1408/3448/2770
f 1407/3446/2768 689/3449/2763 1406/3450/2766 3366/3447/2769
f 3366/3451/2769 1406/3444/2766 315/1641/1245 2427/1638/1243
f 1408/3448/2770 3366/3447/2769 2427/3452/1243 314/1633/1239
f 691/3453/2771 1409/3454/2772 3367/3455/2773 1410/3456/2774
f 1409/3454/2772 690/3445/2767 1408/3448/2770 3367/3455/2773
f 3367/3455/2773 1408/3448/2770 314/1633/1239 2424/1631/1237
f 1410/3456/2774 3367/3455/2773 2424/1631/1237 313/1627/1233
f 692/3457/2775 1411/3458/2776 3368/3459/2777 1412/3460/2778
f 1411/3458/2776 691/3453/2771 1410/3456/2774 3368/3459/2777
f 3368/3459/2777 1410/3456/2774 313/1627/1233 2421/1625/1231
f 1412/3460/2778 3368/3459/2777 2421/1625/1231 312/1621/1227
f 693/3461/2779 1413/3462/2780 3369/3463/2781 1414/3464/2782
f 1413/3462/2780 692/3457/2775 1412/3460/2778 3369/3463/2781
f 3369/3463/2781 1412/3460/2778 312/1621/1227 2418/1619/1225
f 1414/3464/2782 3369/3463/2781 2418/1619/1225 311/1614/1221
f 694/3465/2783 1415/3466/2784 3370/3467/2785 1416/3468/2786
f 1415/3466/2784 693/3461/2779 1414/3464/2782 3370/3467/2785
f 3370/3467/2785 1414/3464/2782 311/1614/1221 2415/1611/1219
f 1416/3468/2786 3370/3467/2785 2415/1611/1219 310/1610/1215
f 695/3469/2787 1417/3470/2788 3371/3471/2789 1418/3472/2790
f 1417/3470/2788 694/3465/2783 1416/3468/2786 3371/3471/2789
f 3371/3471/2789 1416/3468/2786 310/1610/1215 2412/3473/1213
f 1418/3474/2790 3371/3475/2789 2412/1604/1213 309/1601/1210
f 674/1599/1208 1419/3476/2791 3372/3477/2792 2409/1600/1209
f 1419/3476/2791 696/3478/2793 1420/3479/2794 3372/3477/2792
f 3372/3477/2792 1420/3479/2794 695/3480/2787 1418/3474/2790
f 2409/1600/1209 3372/3477/2792 1418/3474/2790 309/1601/1210
f 675/3358/2713 1421/3481/2795 3373/3482/2796 1379/3359/2714
f 1421/3483/2795 696/3478/2793 1419/3476/2791 3373/3484/2796
f 3373/3484/2796 1419/3476/2791 674/1599/1208 1377/3351/2707
f 1379/3359/2714 3373/3482/2796 1377/3349/2707 308/1744/1326
f 689/3441/2763 1422/3485/2797 3374/3486/2798 1405/3442/2764
f 697/3487/2799 1423/3488/2800 3374/3489/2798 1422/3490/2797
f 688/3491/2761 1405/3492/2764 3374/3489/2798 1423/3488/2800
f 677/3493/2715 1383/3494/2720 3375/3495/2801 1425/3496/2802
f 678/3370/2719 1424/3497/2803 3375/3498/2801 1383/3371/2720
f 697/3487/2799 1425/3496/2802 3375/3495/2801 1424/3499/2803
f 697/3500/2799 1424/3497/2803 3376/3501/2804 1426/3502/2805
f 678/3370/2719 1385/3377/2724 3376/3501/2804 1424/3497/2803
f 679/3376/2723 1426/3502/2805 3376/3501/2804 1385/3377/2724
f 697/3500/2799 1426/3502/2805 3377/3503/2806 1427/3504/2807
f 679/3376/2723 1387/3384/2728 3377/3503/2806 1426/3502/2805
f 680/3383/2727 1427/3504/2807 3377/3503/2806 1387/3384/2728
f 697/3500/2799 1427/3504/2807 3378/3505/2808 1428/3506/2809
f 680/3383/2727 1389/3391/2732 3378/3505/2808 1427/3504/2807
f 681/3390/2731 1428/3506/2809 3378/3505/2808 1389/3391/2732
f 697/3500/2799 1428/3506/2809 3379/3507/2810 1429/3508/2811
f 681/3390/2731 1391/3397/2736 3379/3507/2810 1428/3506/2809
f 682/3396/2735 1429/3508/2811 3379/3507/2810 1391/3397/2736
f 697/3500/2799 1429/3508/2811 3380/3509/2812 1430/3510/2813
f 682/3396/2735 1393/3403/2740 3380/3509/2812 1429/3508/2811
f 683/3402/2739 1430/3510/2813 3380/3509/2812 1393/3403/2740
f 697/3500/2799 1430/3510/2813 3381/3511/2814 1431/3512/2815
f 683/3402/2739 1395/3409/2744 3381/3511/2814 1430/3510/2813
f 684/3408/2743 1431/3512/2815 3381/3511/2814 1395/3409/2744
f 697/3487/2799 1431/3513/2815 3382/3514/2816 1432/3515/2817
f 684/3408/2743 1397/3417/2748 3382/3516/2816 1431/3512/2815
f 685/3517/2747 1432/3515/2817 3382/3514/2816 1397/3518/2748
f 697/3487/2799 1432/3515/2817 3383/3519/2818 1433/3520/2819
f 685/3517/2747 1399/3423/2752 3383/3519/2818 1432/3515/2817
f 686/3422/2751 1433/3520/2819 3383/3519/2818 1399/3423/2752
f 697/3487/2799 1433/3520/2819 3384/3521/2820 1434/3522/2821
f 686/3422/2751 1401/3432/2756 3384/3521/2820 1433/3520/2819
f 687/3431/2755 1434/3522/2821 3384/3521/2820 1401/3432/2756
f 697/3487/2799 1434/3522/2821 3385/3523/2822 1423/3488/2800
f 687/3431/2755 1404/3440/2762 3385/3523/2822 1434/3522/2821
f 688/3437/2761 1423/3524/2800 3385/3525/2822 1404/3438/2762
f 690/3445/2767 1435/3526/2823 3386/3527/2824 1407/3446/2768
f 697/3487/2799 1422/3490/2797 3386/3527/2824 1435/3526/2823
f 689/3449/2763 1407/3446/2768 3386/3527/2824 1422/3490/2797
f 691/3453/2771 1436/3528/2825 3387/3529/2826 1409/3454/2772
f 697/3487/2799 1435/3526/2823 3387/3529/2826 1436/3528/2825
f 690/3445/2767 1409/3454/2772 3387/3529/2826 1435/3526/2823
f 692/3457/2775 1437/3530/2827 3388/3531/2828 1411/3458/2776
f 697/3487/2799 1436/3528/2825 3388/3531/2828 1437/3530/2827
f 691/3453/2771 1411/3458/2776 3388/3531/2828 1436/3528/2825
f 693/3461/2779 1438/3532/2829 3389/3533/2830 1413/3462/2780
f 697/3487/2799 1437/3530/2827 3389/3533/2830 1438/3532/2829
f 692/3457/2775 1413/3462/2780 3389/3533/2830 1437/3530/2827
f 694/3465/2783 1439/3534/2831 3390/3535/2832 1415/3466/2784
f 697/3487/2799 1438/3532/2829 3390/3535/2832 1439/3534/2831
f 693/3461/2779 1415/3466/2784 3390/3535/2832 1438/3532/2829
f 695/3469/2787 1440/3536/2833 3391/3537/2834 1417/3470/2788
f 697/3487/2799 1439/3534/2831 3391/3537/2834 1440/3536/2833
f 694/3465/2783 1417/3470/2788 3391/3537/2834 1439/3534/2831
f 696/3538/2793 1441/3539/2835 3392/3540/2836 1420/3541/2794
f 697/3487/2799 1440/3536/2833 3392/3540/2836 1441/3539/2835
f 695/3480/2787 1420/3479/2794 3392/3542/2836 1440/3543/2833
f 675/3358/2713 1442/3544/2837 3393/3545/2838 1421/3481/2795
f 697/3487/2799 1441/3539/2835 3393/3545/2838 1442/3544/2837
f 696/3478/2793 1421/3483/2795 3393/3546/2838 1441/3547/2835
f 676/3354/2709 1443/3548/2839 3394/3549/2840 1378/3355/2710
f 697/3487/2799 1442/3544/2837 3394/3549/2840 1443/3548/2839
f 675/3358/2713 1378/3355/2710 3394/3549/2840 1442/3544/2837
f 677/3493/2715 1425/3496/2802 3395/3550/2841 1381/3364/2716
f 697/3487/2799 1443/3548/2839 3395/3550/2841 1425/3496/2802
f 676/3354/2709 1381/3364/2716 3395/3550/2841 1443/3548/2839
f 699/2242/1733 2674/2245/1736 3396/3551/2842 1445/3552/2843
f 2674/2245/1736 698/2163/1662 1444/3553/2844 3396/3551/2842
f 3396/3551/2842 1444/3553/2844 428/2246/1737 951/2375/1854
f 1445/3552/2843 3396/3551/2842 951/2375/1854 447/2371/1850
f 700/2238/1729 2673/2243/1734 3397/3554/2845 1446/3555/2846
f 2673/2243/1734 699/2242/1733 1445/3552/2843 3397/3554/2845
f 3397/3554/2845 1445/3552/2843 447/2371/1850 948/2369/1848
f 1446/3555/2846 3397/3554/2845 948/2369/1848 446/2365/1844
f 701/2234/1725 2671/2239/1730 3398/3556/2847 1447/3557/2848
f 2671/2239/1730 700/2238/1729 1446/3555/2846 3398/3556/2847
f 3398/3556/2847 1446/3555/2846 446/2365/1844 945/2363/1842
f 1447/3557/2848 3398/3556/2847 945/2363/1842 445/2359/1838
f 702/2229/1721 2669/2235/1726 3399/3558/2849 1448/3559/2850
f 2669/2235/1726 701/2234/1725 1447/3557/2848 3399/3558/2849
f 3399/3558/2849 1447/3557/2848 445/2359/1838 942/2357/1836
f 1448/3559/2850 3399/3558/2849 942/2357/1836 444/2351/1832
f 703/2224/1717 2667/2231/1722 3400/3560/2851 1449/3561/2852
f 2667/2230/1722 702/2229/1721 1448/3559/2850 3400/3562/2851
f 3400/3562/2851 1448/3559/2850 444/2351/1832 939/2350/1830
f 1449/3561/2852 3400/3560/2851 939/2348/1830 443/2344/1826
f 704/2220/1713 2665/2225/1718 3401/3563/2853 1450/3564/2854
f 2665/2225/1718 703/2224/1717 1449/3561/2852 3401/3563/2853
f 3401/3563/2853 1449/3561/2852 443/2344/1826 936/2342/1824
f 1450/3564/2854 3401/3563/2853 936/2342/1824 442/2338/1820
f 705/2215/1709 2663/2221/1714 3402/3565/2855 1451/3566/2856
f 2663/2221/1714 704/2220/1713 1450/3564/2854 3402/3565/2855
f 3402/3565/2855 1450/3564/2854 442/2338/1820 933/2336/1818
f 1451/3566/2856 3402/3565/2855 933/2336/1818 441/2330/1814
f 706/2210/1705 2661/2217/1710 3403/3567/2857 1452/3568/2858
f 2661/2216/1710 705/2215/1709 1451/3566/2856 3403/3569/2857
f 3403/3569/2857 1451/3566/2856 441/2330/1814 930/2329/1812
f 1452/3568/2858 3403/3567/2857 930/2327/1812 440/2323/1808
f 707/2206/1701 2659/2211/1706 3404/3570/2859 1453/3571/2860
f 2659/2211/1706 706/2210/1705 1452/3568/2858 3404/3570/2859
f 3404/3570/2859 1452/3568/2858 440/2323/1808 927/2321/1806
f 1453/3571/2860 3404/3570/2859 927/2321/1806 439/2317/1802
f 708/2202/1697 2657/2207/1702 3405/3572/2861 1454/3573/2862
f 2657/2207/1702 707/2206/1701 1453/3571/2860 3405/3572/2861
f 3405/3572/2861 1453/3571/2860 439/2317/1802 924/2315/1800
f 1454/3573/2862 3405/3572/2861 924/2315/1800 438/2311/1796
f 709/2198/1693 2655/2203/1698 3406/3574/2863 1455/3575/2864
f 2655/2203/1698 708/2202/1697 1454/3573/2862 3406/3574/2863
f 3406/3574/2863 1454/3573/2862 438/2311/1796 921/2309/1794
f 1455/3575/2864 3406/3574/2863 921/2309/1794 437/2305/1790
f 710/2194/1689 2653/2199/1694 3407/3576/2865 1456/3577/2866
f 2653/2199/1694 709/2198/1693 1455/3575/2864 3407/3576/2865
f 3407/3576/2865 1455/3575/2864 437/2305/1790 918/2303/1788
f 1456/3577/2866 3407/3576/2865 918/2303/1788 436/2299/1784
f 711/2190/1685 2651/2195/1690 3408/3578/2867 1457/3579/2868
f 2651/2195/1690 710/2194/1689 1456/3577/2866 3408/3578/2867
f 3408/3578/2867 1456/3577/2866 436/2299/1784 915/2297/1782
f 1457/3579/2868 3408/3578/2867 915/2297/1782 435/2293/1778
f 712/2185/1681 2649/2191/1686 3409/3580/2869 1458/3581/2870
f 2649/2191/1686 711/2190/1685 1457/3579/2868 3409/3580/2869
f 3409/3580/2869 1457/3579/2868 435/2293/1778 912/2291/1776
f 1458/3581/2870 3409/3580/2869 912/2291/1776 434/2285/1772
f 713/2180/1677 2647/2187/1682 3410/3582/2871 1459/3583/2872
f 2647/2186/1682 712/2185/1681 1458/3581/2870 3410/3584/2871
f 3410/3584/2871 1458/3581/2870 434/2285/1772 909/2284/1770
f 1459/3583/2872 3410/3582/2871 909/2282/1770 433/2278/1766
f 714/2176/1673 2645/2181/1678 3411/3585/2873 1460/3586/2874
f 2645/2181/1678 713/2180/1677 1459/3583/2872 3411/3585/2873
f 3411/3585/2873 1459/3583/2872 433/2278/1766 906/2276/1764
f 1460/3586/2874 3411/3585/2873 906/2276/1764 432/2272/1760
f 715/2171/1669 2643/2177/1674 3412/3587/2875 1461/3588/2876
f 2643/2177/1674 714/2176/1673 1460/3586/2874 3412/3587/2875
f 3412/3587/2875 1460/3586/2874 432/2272/1760 903/2270/1758
f 1461/3588/2876 3412/3587/2875 903/2270/1758 431/2264/1754
f 716/2166/1665 2641/2173/1670 3413/3589/2877 1462/3590/2878
f 2641/2172/1670 715/2171/1669 1461/3588/2876 3413/3591/2877
f 3413/3591/2877 1461/3588/2876 431/2264/1754 900/2263/1752
f 1462/3590/2878 3413/3589/2877 900/2261/1752 430/2257/1748
f 717/2161/1660 2639/2167/1666 3414/3592/2879 1463/3593/2880
f 2639/2167/1666 716/2166/1665 1462/3590/2878 3414/3592/2879
f 3414/3592/2879 1462/3590/2878 430/2257/1748 897/2255/1746
f 1463/3593/2880 3414/3592/2879 897/2255/1746 429/2250/1741
f 698/2163/1662 2636/2162/1661 3415/3594/2881 1444/3553/2844
f 2636/2162/1661 717/2161/1660 1463/3593/2880 3415/3594/2881
f 3415/3594/2881 1463/3593/2880 429/2250/1741 2675/2247/1738
f 1444/3553/2844 3415/3594/2881 2675/2247/1738 428/2246/1737
s 55
f 718/3595/2882 1464/3596/2883 3416/3597/2884 1467/3598/2885
f 1464/3599/2883 720/3600/2886 1465/3601/2887 3416/3602/2884
f 3416/3602/2884 1465/3601/2887 742/3603/2888 1466/3604/2889
f 1467/3598/2885 3416/3597/2884 1466/3605/2889 743/3606/2890
f 719/3607/2891 1468/3608/2892 3417/3609/2893 1471/3610/2894
f 1468/3611/2892 718/3595/2882 1469/3612/2895 3417/3613/2893
f 3417/3613/2893 1469/3612/2895 723/3614/2896 1470/3615/2897
f 1471/3610/2894 3417/3609/2893 1470/3616/2897 722/3617/2898
f 720/3600/2886 1472/3618/2899 3418/3619/2900 1475/3620/2901
f 1472/3621/2899 719/3607/2891 1473/3622/2902 3418/3623/2900
f 3418/3623/2900 1473/3622/2902 760/3624/2903 1474/3625/2904
f 1475/3620/2901 3418/3619/2900 1474/3626/2904 761/3627/2905
f 721/3628/2906 1476/3629/2907 3419/3630/2908 1479/3631/2909
f 1476/3632/2907 723/3614/2896 1477/3633/2910 3419/3634/2908
f 3419/3634/2908 1477/3633/2910 744/3635/2911 1478/3636/2912
f 1479/3631/2909 3419/3630/2908 1478/3637/2912 745/3638/2913
f 722/3617/2898 1480/3639/2914 3420/3640/2915 1483/3641/2916
f 1480/3642/2914 721/3628/2906 1481/3643/2917 3420/3644/2915
f 3420/3644/2915 1481/3643/2917 768/3645/2918 1482/3646/2919
f 1483/3641/2916 3420/3640/2915 1482/3647/2919 769/3648/2920
f 724/3649/2921 1484/3650/2922 3421/3651/2923 1487/3652/2924
f 1484/3650/2922 726/3653/2925 1485/3654/2926 3421/3651/2923
f 3421/3651/2923 1485/3654/2926 748/3655/2927 1486/3656/2928
f 1487/3652/2924 3421/3651/2923 1486/3656/2928 749/3657/2929
f 726/3658/2925 1488/3659/2930 3422/3660/2931 1491/3661/2932
f 1488/3659/2930 725/3662/2933 1489/3663/2934 3422/3660/2931
f 3422/3660/2931 1489/3663/2934 728/3664/2935 1490/3665/2936
f 1491/3661/2932 3422/3660/2931 1490/3665/2936 727/3666/2937
f 727/3667/2937 1492/3668/2938 3423/3669/2939 1495/3670/2940
f 1492/3668/2938 729/3671/2941 1493/3672/2942 3423/3669/2939
f 3423/3669/2939 1493/3672/2942 746/3673/2943 1494/3674/2944
f 1495/3670/2940 3423/3669/2939 1494/3674/2944 747/3675/2945
f 763/3676/2946 1496/3677/2947 3424/3678/2948 1499/3679/2949
f 1496/3680/2947 764/3681/2950 1497/3682/2951 3424/3683/2948
f 3424/3683/2948 1497/3682/2951 737/3684/2952 1498/3685/2953
f 1499/3679/2949 3424/3678/2948 1498/3686/2953 736/3687/2954
f 732/3688/2955 1500/3689/2956 3425/3690/2957 1503/3691/2958
f 1500/3689/2956 731/3692/2959 1501/3693/2960 3425/3690/2957
f 3425/3690/2957 1501/3693/2960 734/3694/2961 1502/3695/2962
f 1503/3691/2958 3425/3690/2957 1502/3695/2962 733/3696/2963
f 765/3697/2964 1504/3698/2965 3426/3699/2966 1507/3700/2967
f 1504/3701/2965 766/3702/2968 1505/3703/2969 3426/3704/2966
f 3426/3704/2966 1505/3703/2969 741/3705/2970 1506/3706/2971
f 1507/3700/2967 3426/3699/2966 1506/3707/2971 740/3708/2972
f 738/3709/2973 1508/3710/2974 3427/3711/2975 1511/3712/2976
f 1508/3713/2974 737/3714/2952 1509/3715/2977 3427/3716/2975
f 3427/3716/2975 1509/3715/2977 740/3717/2972 1510/3718/2978
f 1511/3712/2976 3427/3711/2975 1510/3719/2978 739/3720/2979
f 719/3607/2891 1471/3610/2894 3428/3721/2980 1473/3622/2902
f 1471/3610/2894 722/3617/2898 1483/3641/2916 3428/3721/2980
f 3428/3721/2980 1483/3641/2916 769/3648/2920 1512/3722/2981
f 1473/3622/2902 3428/3721/2980 1512/3722/2981 760/3624/2903
f 726/3658/2925 1491/3661/2932 3429/3723/2982 1485/3724/2926
f 1491/3661/2932 727/3666/2937 1495/3725/2940 3429/3723/2982
f 3429/3723/2982 1495/3725/2940 747/3726/2945 1513/3727/2983
f 1485/3724/2926 3429/3723/2982 1513/3727/2983 748/3728/2927
f 764/3681/2950 1514/3729/2984 3430/3730/2985 1497/3682/2951
f 1514/3729/2984 765/3697/2964 1507/3700/2967 3430/3730/2985
f 3430/3730/2985 1507/3700/2967 740/3708/2972 1509/3731/2977
f 1497/3682/2951 3430/3730/2985 1509/3731/2977 737/3684/2952
f 743/3606/2890 1515/3732/2986 3431/3733/2987 1467/3598/2885
f 1515/3732/2986 744/3635/2911 1477/3633/2910 3431/3733/2987
f 3431/3733/2987 1477/3633/2910 723/3614/2896 1469/3612/2895
f 1467/3598/2885 3431/3733/2987 1469/3612/2895 718/3595/2882
f 721/3628/2906 1479/3631/2909 3432/3734/2988 1481/3643/2917
f 1479/3631/2909 745/3638/2913 1516/3735/2989 3432/3734/2988
f 3432/3734/2988 1516/3735/2989 767/3736/2990 1517/3737/2991
f 1481/3643/2917 3432/3734/2988 1517/3737/2991 768/3645/2918
f 761/3627/2905 1518/3738/2992 3433/3739/2993 1475/3620/2901
f 1518/3738/2992 762/3740/2994 1519/3741/2995 3433/3739/2993
f 3433/3739/2993 1519/3741/2995 742/3603/2888 1465/3601/2887
f 1475/3620/2901 3433/3739/2993 1465/3601/2887 720/3600/2886
f 718/3595/2882 1468/3611/2892 3434/3742/2996 1464/3596/2883
f 719/3607/2891 1472/3621/2899 3434/3743/2996 1468/3608/2892
f 720/3600/2886 1464/3599/2883 3434/3744/2996 1472/3618/2899
f 721/3628/2906 1480/3642/2914 3435/3745/2997 1476/3629/2907
f 722/3617/2898 1470/3616/2897 3435/3746/2997 1480/3639/2914
f 723/3614/2896 1476/3632/2907 3435/3747/2997 1470/3615/2897
f 724/3748/2921 1520/3749/2998 3436/3750/2999 1484/3751/2922
f 725/3752/2933 1488/3753/2930 3436/3750/2999 1520/3749/2998
f 726/3653/2925 1484/3650/2922 3436/3754/2999 1488/3755/2930
f 727/3667/2937 1490/3756/2936 3437/3757/3000 1492/3668/2938
f 728/3758/2935 1521/3759/3001 3437/3760/3000 1490/3761/2936
f 729/3762/2941 1492/3763/2938 3437/3760/3000 1521/3759/3001
f 730/3764/3002 1522/3765/3003 3438/3766/3004 1523/3767/3005
f 731/3768/2959 1500/3769/2956 3438/3766/3004 1522/3765/3003
f 732/3688/2955 1523/3770/3005 3438/3771/3004 1500/3689/2956
f 733/3696/2963 1502/3695/2962 3439/3772/3006 1525/3773/3007
f 734/3774/2961 1524/3775/3008 3439/3776/3006 1502/3777/2962
f 735/3778/3009 1525/3779/3007 3439/3776/3006 1524/3775/3008
f 736/3687/2954 1498/3686/2953 3440/3780/3010 1526/3781/3011
f 737/3714/2952 1508/3713/2974 3440/3782/3010 1498/3783/2953
f 738/3709/2973 1526/3784/3011 3440/3785/3010 1508/3710/2974
f 739/3720/2979 1510/3719/2978 3441/3786/3012 1527/3787/3013
f 740/3717/2972 1506/3788/2971 3441/3789/3012 1510/3718/2978
f 741/3705/2970 1527/3790/3013 3441/3791/3012 1506/3706/2971
f 743/3606/2890 1466/3605/2889 3442/3792/3014 1529/3793/3015
f 1466/3604/2889 742/3603/2888 1528/3794/3016 3442/3795/3014
f 3442/3795/3014 1528/3794/3016 736/3687/2954 1526/3781/3011
f 1529/3793/3015 3442/3792/3014 1526/3784/3011 738/3709/2973
f 738/3709/2973 1511/3712/2976 3443/3796/3017 1529/3793/3015
f 1511/3712/2976 739/3720/2979 1530/3797/3018 3443/3796/3017
f 3443/3796/3017 1530/3797/3018 744/3635/2911 1515/3732/2986
f 1529/3793/3015 3443/3796/3017 1515/3732/2986 743/3606/2890
f 745/3638/2913 1478/3637/2912 3444/3798/3019 1531/3799/3020
f 1478/3636/2912 744/3635/2911 1530/3797/3018 3444/3800/3019
f 3444/3800/3019 1530/3797/3018 739/3720/2979 1527/3787/3013
f 1531/3799/3020 3444/3798/3019 1527/3790/3013 741/3705/2970
f 766/3702/2968 1532/3801/3021 3445/3802/3022 1505/3703/2969
f 1532/3801/3021 767/3736/2990 1516/3735/2989 3445/3802/3022
f 3445/3802/3022 1516/3735/2989 745/3638/2913 1531/3799/3020
f 1505/3703/2969 3445/3802/3022 1531/3799/3020 741/3705/2970
f 747/3675/2945 1494/3674/2944 3446/3803/3023 1534/3804/3024
f 1494/3674/2944 746/3673/2943 1533/3805/3025 3446/3803/3023
f 3446/3803/3023 1533/3805/3025 735/3778/3009 1524/3775/3008
f 1534/3804/3024 3446/3803/3023 1524/3775/3008 734/3774/2961
f 748/3728/2927 1513/3727/2983 3447/3806/3026 1535/3807/3027
f 1513/3727/2983 747/3726/2945 1534/3808/3024 3447/3806/3026
f 3447/3806/3026 1534/3808/3024 734/3694/2961 1501/3693/2960
f 1535/3807/3027 3447/3806/3026 1501/3693/2960 731/3692/2959
f 749/3657/2929 1486/3656/2928 3448/3809/3028 1536/3810/3029
f 1486/3656/2928 748/3655/2927 1535/3811/3027 3448/3809/3028
f 3448/3809/3028 1535/3811/3027 731/3768/2959 1522/3765/3003
f 1536/3810/3029 3448/3809/3028 1522/3765/3003 730/3764/3002
f 736/3687/2954 1528/3794/3016 3449/3812/3030 1499/3679/2949
f 1528/3794/3016 742/3603/2888 1519/3741/2995 3449/3812/3030
f 3449/3812/3030 1519/3741/2995 762/3740/2994 1537/3813/3031
f 1499/3679/2949 3449/3812/3030 1537/3813/3031 763/3676/2946
f 751/3814/3032 1538/3815/3033 3450/3816/3034 1540/3817/3035
f 1538/3818/3033 750/3819/3036 1539/3820/3037 3450/3821/3034
f 3450/3821/3034 1539/3820/3037 725/3662/2933 1520/3822/2998
f 1540/3823/3035 3450/3821/3034 1520/3822/2998 724/3824/2921
f 749/3657/2929 1541/3825/3038 3451/3826/3039 1487/3652/2924
f 1541/3825/3038 752/3827/3040 1542/3828/3041 3451/3826/3039
f 3451/3826/3039 1542/3828/3041 751/3814/3032 1540/3817/3035
f 1487/3652/2924 3451/3826/3039 1540/3817/3035 724/3649/2921
f 753/3829/3042 1543/3830/3043 3452/3831/3044 1544/3832/3045
f 1543/3830/3043 752/3827/3040 1541/3825/3038 3452/3831/3044
f 3452/3831/3044 1541/3825/3038 749/3657/2929 1536/3810/3029
f 1544/3832/3045 3452/3831/3044 1536/3810/3029 730/3764/3002
f 730/3764/3002 1523/3767/3005 3453/3833/3046 1544/3832/3045
f 1523/3770/3005 732/3688/2955 1545/3834/3047 3453/3835/3046
f 3453/3835/3046 1545/3834/3047 754/3836/3048 1546/3837/3049
f 1544/3832/3045 3453/3833/3046 1546/3838/3049 753/3829/3042
f 732/3688/2955 1503/3691/2958 3454/3839/3050 1545/3834/3047
f 1503/3691/2958 733/3696/2963 1547/3840/3051 3454/3839/3050
f 3454/3839/3050 1547/3840/3051 755/3841/3052 1548/3842/3053
f 1545/3834/3047 3454/3839/3050 1548/3842/3053 754/3836/3048
f 733/3696/2963 1525/3773/3007 3455/3843/3054 1547/3840/3051
f 1525/3779/3007 735/3778/3009 1549/3844/3055 3455/3845/3054
f 3455/3845/3054 1549/3844/3055 756/3846/3056 1550/3847/3057
f 1547/3840/3051 3455/3843/3054 1550/3848/3057 755/3841/3052
f 746/3673/2943 1551/3849/3058 3456/3850/3059 1533/3805/3025
f 1551/3849/3058 757/3851/3060 1552/3852/3061 3456/3850/3059
f 3456/3850/3059 1552/3852/3061 756/3846/3056 1549/3844/3055
f 1533/3805/3025 3456/3850/3059 1549/3844/3055 735/3778/3009
f 758/3853/3062 1553/3854/3063 3457/3855/3064 1554/3856/3065
f 1553/3854/3063 757/3851/3060 1551/3849/3058 3457/3855/3064
f 3457/3855/3064 1551/3849/3058 746/3673/2943 1493/3672/2942
f 1554/3856/3065 3457/3855/3064 1493/3672/2942 729/3671/2941
f 759/3857/3066 1555/3858/3067 3458/3859/3068 1556/3860/3069
f 1555/3861/3067 758/3853/3062 1554/3856/3065 3458/3862/3068
f 3458/3859/3068 1554/3863/3065 729/3864/2941 1521/3865/3001
f 1556/3860/3069 3458/3859/3068 1521/3865/3001 728/3664/2935
f 750/3819/3036 1557/3866/3070 3459/3867/3071 1539/3820/3037
f 1557/3866/3070 759/3857/3066 1556/3860/3069 3459/3867/3071
f 3459/3867/3071 1556/3860/3069 728/3664/2935 1489/3663/2934
f 1539/3820/3037 3459/3867/3071 1489/3663/2934 725/3662/2933
f 761/3627/2905 1474/3626/2904 3460/3868/3072 1559/3869/3073
f 1474/3625/2904 760/3624/2903 1558/3870/3074 3460/3871/3072
f 3460/3871/3072 1558/3870/3074 750/3819/3036 1538/3818/3033
f 1559/3869/3073 3460/3868/3072 1538/3815/3033 751/3814/3032
f 751/3814/3032 1542/3828/3041 3461/3872/3075 1559/3869/3073
f 1542/3828/3041 752/3827/3040 1560/3873/3076 3461/3872/3075
f 3461/3872/3075 1560/3873/3076 762/3740/2994 1518/3738/2992
f 1559/3869/3073 3461/3872/3075 1518/3738/2992 761/3627/2905
f 763/3676/2946 1537/3813/3031 3462/3874/3077 1561/3875/3078
f 1537/3813/3031 762/3740/2994 1560/3873/3076 3462/3874/3077
f 3462/3874/3077 1560/3873/3076 752/3827/3040 1543/3830/3043
f 1561/3875/3078 3462/3874/3077 1543/3830/3043 753/3829/3042
f 753/3829/3042 1546/3838/3049 3463/3876/3079 1561/3875/3078
f 1546/3837/3049 754/3836/3048 1562/3877/3080 3463/3878/3079
f 3463/3878/3079 1562/3877/3080 764/3681/2950 1496/3680/2947
f 1561/3875/3078 3463/3876/3079 1496/3677/2947 763/3676/2946
f 754/3836/3048 1548/3842/3053 3464/3879/3081 1562/3877/3080
f 1548/3842/3053 755/3841/3052 1563/3880/3082 3464/3879/3081
f 3464/3879/3081 1563/3880/3082 765/3697/2964 1514/3729/2984
f 1562/3877/3080 3464/3879/3081 1514/3729/2984 764/3681/2950
f 755/3841/3052 1550/3848/3057 3465/3881/3083 1563/3880/3082
f 1550/3847/3057 756/3846/3056 1564/3882/3084 3465/3883/3083
f 3465/3883/3083 1564/3882/3084 766/3702/2968 1504/3701/2965
f 1563/3880/3082 3465/3881/3083 1504/3698/2965 765/3697/2964
f 756/3846/3056 1552/3852/3061 3466/3884/3085 1564/3882/3084
f 1552/3852/3061 757/3851/3060 1565/3885/3086 3466/3884/3085
f 3466/3884/3085 1565/3885/3086 767/3736/2990 1532/3801/3021
f 1564/3882/3084 3466/3884/3085 1532/3801/3021 766/3702/2968
f 768/3645/2918 1517/3737/2991 3467/3886/3087 1566/3887/3088
f 1517/3737/2991 767/3736/2990 1565/3885/3086 3467/3886/3087
f 3467/3886/3087 1565/3885/3086 757/3851/3060 1553/3854/3063
f 1566/3887/3088 3467/3886/3087 1553/3854/3063 758/3853/3062
f 769/3648/2920 1482/3647/2919 3468/3888/3089 1567/3889/3090
f 1482/3646/2919 768/3645/2918 1566/3887/3088 3468/3890/3089
f 3468/3890/3089 1566/3887/3088 758/3853/3062 1555/3861/3067
f 1567/3889/3090 3468/3888/3089 1555/3858/3067 759/3857/3066
f 760/3624/2903 1512/3722/2981 3469/3891/3091 1558/3870/3074
f 1512/3722/2981 769/3648/2920 1567/3889/3090 3469/3891/3091
f 3469/3891/3091 1567/3889/3090 759/3857/3066 1557/3866/3070
f 1558/3870/3074 3469/3891/3091 1557/3866/3070 750/3819/3036
s 68
f 770/3892/3092 1568/3893/3093 3470/3894/3094 1571/3895/3095
f 1568/3893/3093 772/3896/3096 1569/3897/3097 3470/3894/3094
f 3470/3894/3094 1569/3897/3097 794/3898/3098 1570/3899/3099
f 1571/3895/3095 3470/3894/3094 1570/3899/3099 795/3900/3100
f 771/3901/3101 1572/3902/3102 3471/3903/3103 1575/3904/3104
f 1572/3902/3102 770/3892/3092 1573/3905/3105 3471/3903/3103
f 3471/3903/3103 1573/3905/3105 775/3906/3106 1574/3907/3107
f 1575/3904/3104 3471/3903/3103 1574/3907/3107 774/3908/3108
f 772/3909/3096 1576/3910/3109 3472/3911/3110 1579/3912/3111
f 1576/3913/3109 771/3901/3101 1577/3914/3112 3472/3915/3110
f 3472/3915/3110 1577/3914/3112 802/3916/3113 1578/3917/3114
f 1579/3912/3111 3472/3911/3110 1578/3918/3114 803/3919/3115
f 773/3920/3116 1580/3921/3117 3473/3922/3118 1583/3923/3119
f 1580/3924/3117 775/3906/3106 1581/3925/3120 3473/3926/3118
f 3473/3926/3118 1581/3925/3120 796/3927/3121 1582/3928/3122
f 1583/3923/3119 3473/3922/3118 1582/3929/3122 797/3930/3123
f 774/3908/3108 1584/3931/3124 3474/3932/3125 1587/3933/3126
f 1584/3934/3124 773/3920/3116 1585/3935/3127 3474/3936/3125
f 3474/3936/3125 1585/3935/3127 810/3937/3128 1586/3938/3129
f 1587/3933/3126 3474/3932/3125 1586/3939/3129 811/3940/3130
f 776/3941/3131 1588/3942/3132 3475/3943/3133 1591/3944/3134
f 1588/3942/3132 778/3945/3135 1589/3946/3136 3475/3943/3133
f 3475/3943/3133 1589/3946/3136 800/3947/3137 1590/3948/3138
f 1591/3944/3134 3475/3943/3133 1590/3948/3138 801/3949/3139
f 778/3950/3135 1592/3951/3140 3476/3952/3141 1595/3953/3142
f 1592/3954/3140 777/3955/3143 1593/3956/3144 3476/3957/3141
f 3476/3957/3141 1593/3956/3144 780/3958/3145 1594/3959/3146
f 1595/3953/3142 3476/3952/3141 1594/3960/3146 779/3961/3147
f 779/3961/3147 1596/3962/3148 3477/3963/3149 1599/3964/3150
f 1596/3965/3148 781/3966/3151 1597/3967/3152 3477/3968/3149
f 3477/3968/3149 1597/3967/3152 798/3969/3153 1598/3970/3154
f 1599/3964/3150 3477/3963/3149 1598/3971/3154 799/3972/3155
f 805/3973/3156 1600/3974/3157 3478/3975/3158 1603/3976/3159
f 1600/3977/3157 806/3978/3160 1601/3979/3161 3478/3980/3158
f 3478/3980/3158 1601/3979/3161 789/3981/3162 1602/3982/3163
f 1603/3976/3159 3478/3975/3158 1602/3983/3163 788/3984/3164
f 784/3985/3165 1604/3986/3166 3479/3987/3167 1607/3988/3168
f 1604/3986/3166 783/3989/3169 1605/3990/3170 3479/3987/3167
f 3479/3987/3167 1605/3990/3170 786/3991/3171 1606/3992/3172
f 1607/3988/3168 3479/3987/3167 1606/3992/3172 785/3993/3173
f 807/3994/3174 1608/3995/3175 3480/3996/3176 1611/3997/3177
f 1608/3995/3175 808/3998/3178 1609/3999/3179 3480/3996/3176
f 3480/4000/3176 1609/4001/3179 793/4002/3180 1610/4003/3181
f 1611/3997/3177 3480/3996/3176 1610/4004/3181 792/4005/3182
f 790/4006/3183 1612/4007/3184 3481/4008/3185 1615/4009/3186
f 1612/4010/3184 789/3981/3162 1613/4011/3187 3481/4012/3185
f 3481/4012/3185 1613/4011/3187 792/4005/3182 1614/4013/3188
f 1615/4009/3186 3481/4008/3185 1614/4014/3188 791/4015/3189
f 771/3901/3101 1575/3904/3104 3482/4016/3190 1577/3914/3112
f 1575/3904/3104 774/3908/3108 1587/3933/3126 3482/4016/3190
f 3482/4016/3190 1587/3933/3126 811/3940/3130 1616/4017/3191
f 1577/3914/3112 3482/4016/3190 1616/4017/3191 802/3916/3113
f 778/3950/3135 1595/3953/3142 3483/4018/3192 1589/4019/3136
f 1595/3953/3142 779/3961/3147 1599/3964/3150 3483/4018/3192
f 3483/4018/3192 1599/3964/3150 799/3972/3155 1617/4020/3193
f 1589/4019/3136 3483/4018/3192 1617/4020/3193 800/4021/3137
f 806/3978/3160 1618/4022/3194 3484/4023/3195 1601/3979/3161
f 1618/4022/3194 807/3994/3174 1611/3997/3177 3484/4023/3195
f 3484/4023/3195 1611/3997/3177 792/4005/3182 1613/4011/3187
f 1601/3979/3161 3484/4023/3195 1613/4011/3187 789/3981/3162
f 795/3900/3100 1619/4024/3196 3485/4025/3197 1571/3895/3095
f 1619/4024/3196 796/3927/3121 1581/3925/3120 3485/4025/3197
f 3485/4025/3197 1581/3925/3120 775/3906/3106 1573/3905/3105
f 1571/3895/3095 3485/4025/3197 1573/3905/3105 770/3892/3092
f 773/3920/3116 1583/3923/3119 3486/4026/3198 1585/3935/3127
f 1583/3923/3119 797/3930/3123 1620/4027/3199 3486/4026/3198
f 3486/4026/3198 1620/4027/3199 809/4028/3200 1621/4029/3201
f 1585/3935/3127 3486/4026/3198 1621/4029/3201 810/3937/3128
f 803/3919/3115 1622/4030/3202 3487/4031/3203 1579/3912/3111
f 1622/4030/3202 804/4032/3204 1623/4033/3205 3487/4031/3203
f 3487/4031/3203 1623/4033/3205 794/4034/3098 1569/4035/3097
f 1579/3912/3111 3487/4031/3203 1569/4035/3097 772/3909/3096
f 770/3892/3092 1572/3902/3102 3488/4036/3206 1568/3893/3093
f 771/3901/3101 1576/3913/3109 3488/4036/3206 1572/3902/3102
f 772/3896/3096 1568/3893/3093 3488/4036/3206 1576/3913/3109
f 773/3920/3116 1584/3934/3124 3489/4037/3207 1580/3921/3117
f 774/3908/3108 1574/3907/3107 3489/4038/3207 1584/3931/3124
f 775/3906/3106 1580/3924/3117 3489/4038/3207 1574/3907/3107
f 776/3941/3131 1624/4039/3208 3490/4040/3209 1588/3942/3132
f 777/3955/3143 1592/3954/3140 3490/4041/3209 1624/4042/3208
f 778/3945/3135 1588/3942/3132 3490/4040/3209 1592/4043/3140
f 779/3961/3147 1594/3960/3146 3491/4044/3210 1596/3962/3148
f 780/4045/3145 1625/4046/3211 3491/4047/3210 1594/4048/3146
f 781/3966/3151 1596/3965/3148 3491/4047/3210 1625/4046/3211
f 782/4049/3212 1626/4050/3213 3492/4051/3214 1627/4052/3215
f 783/3989/3169 1604/3986/3166 3492/4053/3214 1626/4054/3213
f 784/3985/3165 1627/4055/3215 3492/4053/3214 1604/3986/3166
f 785/3993/3173 1606/3992/3172 3493/4056/3216 1629/4057/3217
f 786/3991/3171 1628/4058/3218 3493/4056/3216 1606/3992/3172
f 787/4059/3219 1629/4057/3217 3493/4056/3216 1628/4058/3218
f 788/4060/3164 1602/4061/3163 3494/4062/3220 1630/4063/3221
f 789/3981/3162 1612/4010/3184 3494/4064/3220 1602/3982/3163
f 790/4006/3183 1630/4063/3221 3494/4062/3220 1612/4007/3184
f 791/4015/3189 1614/4014/3188 3495/4065/3222 1631/4066/3223
f 792/4005/3182 1610/4004/3181 3495/4067/3222 1614/4013/3188
f 793/4002/3180 1631/4068/3223 3495/4069/3222 1610/4003/3181
f 795/3900/3100 1570/3899/3099 3496/4070/3224 1633/4071/3225
f 1570/3899/3099 794/3898/3098 1632/4072/3226 3496/4070/3224
f 3496/4070/3224 1632/4072/3226 788/4060/3164 1630/4063/3221
f 1633/4071/3225 3496/4070/3224 1630/4063/3221 790/4006/3183
f 790/4006/3183 1615/4009/3186 3497/4073/3227 1633/4071/3225
f 1615/4009/3186 791/4015/3189 1634/4074/3228 3497/4073/3227
f 3497/4073/3227 1634/4074/3228 796/3927/3121 1619/4024/3196
f 1633/4071/3225 3497/4073/3227 1619/4024/3196 795/3900/3100
f 797/3930/3123 1582/3929/3122 3498/4075/3229 1635/4076/3230
f 1582/3928/3122 796/3927/3121 1634/4074/3228 3498/4077/3229
f 3498/4077/3229 1634/4074/3228 791/4015/3189 1631/4066/3223
f 1635/4076/3230 3498/4075/3229 1631/4068/3223 793/4002/3180
f 808/3998/3178 1636/4078/3231 3499/4079/3232 1609/3999/3179
f 1636/4080/3231 809/4028/3200 1620/4027/3199 3499/4081/3232
f 3499/4081/3232 1620/4027/3199 797/3930/3123 1635/4076/3230
f 1609/4001/3179 3499/4081/3232 1635/4076/3230 793/4002/3180
f 799/3972/3155 1598/3971/3154 3500/4082/3233 1638/4083/3234
f 1598/3971/3154 798/4084/3153 1637/4085/3235 3500/4082/3233
f 3500/4082/3233 1637/4085/3235 787/4059/3219 1628/4058/3218
f 1638/4083/3234 3500/4082/3233 1628/4058/3218 786/3991/3171
f 800/4021/3137 1617/4020/3193 3501/4086/3236 1639/4087/3237
f 1617/4020/3193 799/3972/3155 1638/4083/3234 3501/4086/3236
f 3501/4086/3236 1638/4083/3234 786/3991/3171 1605/3990/3170
f 1639/4087/3237 3501/4086/3236 1605/3990/3170 783/3989/3169
f 801/3949/3139 1590/3948/3138 3502/4088/3238 1640/4089/3239
f 1590/3948/3138 800/3947/3137 1639/4090/3237 3502/4088/3238
f 3502/4088/3238 1639/4090/3237 783/4091/3169 1626/4050/3213
f 1640/4089/3239 3502/4088/3238 1626/4050/3213 782/4049/3212
f 788/3984/3164 1632/4092/3226 3503/4093/3240 1603/3976/3159
f 1632/4092/3226 794/4034/3098 1623/4033/3205 3503/4093/3240
f 3503/4093/3240 1623/4033/3205 804/4032/3204 1641/4094/3241
f 1603/3976/3159 3503/4093/3240 1641/4094/3241 805/3973/3156
f 803/3919/3115 1578/3918/3114 3504/4095/3242 1643/4096/3243
f 1578/3917/3114 802/3916/3113 1642/4097/3244 3504/4098/3242
f 3504/4098/3242 1642/4097/3244 777/3955/3143 1624/4042/3208
f 1643/4096/3243 3504/4095/3242 1624/4039/3208 776/3941/3131
f 801/3949/3139 1644/4099/3245 3505/4100/3246 1591/3944/3134
f 1644/4099/3245 804/4032/3204 1622/4030/3202 3505/4100/3246
f 3505/4100/3246 1622/4030/3202 803/3919/3115 1643/4096/3243
f 1591/3944/3134 3505/4100/3246 1643/4096/3243 776/3941/3131
f 805/3973/3156 1641/4094/3241 3506/4101/3247 1645/4102/3248
f 1641/4094/3241 804/4032/3204 1644/4099/3245 3506/4101/3247
f 3506/4101/3247 1644/4099/3245 801/3949/3139 1640/4089/3239
f 1645/4102/3248 3506/4101/3247 1640/4089/3239 782/4049/3212
f 782/4049/3212 1627/4052/3215 3507/4103/3249 1645/4102/3248
f 1627/4055/3215 784/3985/3165 1646/4104/3250 3507/4105/3249
f 3507/4105/3249 1646/4104/3250 806/3978/3160 1600/3977/3157
f 1645/4102/3248 3507/4103/3249 1600/3974/3157 805/3973/3156
f 784/3985/3165 1607/3988/3168 3508/4106/3251 1646/4104/3250
f 1607/3988/3168 785/3993/3173 1647/4107/3252 3508/4106/3251
f 3508/4106/3251 1647/4107/3252 807/3994/3174 1618/4022/3194
f 1646/4104/3250 3508/4106/3251 1618/4022/3194 806/3978/3160
f 785/3993/3173 1629/4057/3217 3509/4108/3253 1647/4107/3252
f 1629/4057/3217 787/4059/3219 1648/4109/3254 3509/4108/3253
f 3509/4108/3253 1648/4109/3254 808/3998/3178 1608/3995/3175
f 1647/4107/3252 3509/4108/3253 1608/3995/3175 807/3994/3174
f 798/4084/3153 1649/4110/3255 3510/4111/3256 1637/4085/3235
f 1649/4110/3255 809/4112/3200 1636/4078/3231 3510/4111/3256
f 3510/4111/3256 1636/4078/3231 808/3998/3178 1648/4109/3254
f 1637/4085/3235 3510/4111/3256 1648/4109/3254 787/4059/3219
f 810/3937/3128 1621/4029/3201 3511/4113/3257 1650/4114/3258
f 1621/4029/3201 809/4028/3200 1649/4115/3255 3511/4113/3257
f 3511/4116/3257 1649/4110/3255 798/4084/3153 1597/4117/3152
f 1650/4114/3258 3511/4113/3257 1597/3967/3152 781/3966/3151
f 811/3940/3130 1586/3939/3129 3512/4118/3259 1651/4119/3260
f 1586/3938/3129 810/3937/3128 1650/4114/3258 3512/4120/3259
f 3512/4120/3259 1650/4114/3258 781/3966/3151 1625/4046/3211
f 1651/4121/3260 3512/4120/3259 1625/4046/3211 780/4045/3145
f 802/3916/3113 1616/4017/3191 3513/4122/3261 1642/4097/3244
f 1616/4017/3191 811/3940/3130 1651/4119/3260 3513/4122/3261
f 3513/4122/3261 1651/4119/3260 780/3958/3145 1593/3956/3144
f 1642/4097/3244 3513/4122/3261 1593/3956/3144 777/3955/3143
s 77
f 812/4123/3262 1652/4124/3263 3514/4125/3264 1655/4126/3265
f 1652/4124/3263 845/4127/3266 1653/4128/3267 3514/4125/3264
f 3514/4125/3264 1653/4128/3267 844/4129/3268 1654/4130/3269
f 1655/4126/3265 3514/4125/3264 1654/4130/3269 814/4131/3270
f 813/4132/3271 1656/4133/3272 3515/4134/3273 1659/4135/3274
f 1656/4133/3272 816/4136/3275 1657/4137/3276 3515/4134/3273
f 3515/4138/3273 1657/4139/3276 817/4140/3277 1658/4141/3278
f 1659/4142/3274 3515/4138/3273 1658/4141/3278 812/4143/3262
f 814/4131/3270 1660/4144/3279 3516/4145/3280 1663/4146/3281
f 1660/4144/3279 837/4147/3282 1661/4148/3283 3516/4145/3280
f 3516/4145/3280 1661/4148/3283 836/4149/3284 1662/4150/3285
f 1663/4146/3281 3516/4145/3280 1662/4150/3285 813/4151/3271
f 815/4152/3286 1664/4153/3287 3517/4154/3288 1667/4155/3289
f 1664/4153/3287 847/4156/3290 1665/4157/3291 3517/4154/3288
f 3517/4154/3288 1665/4157/3291 846/4158/3292 1666/4159/3293
f 1667/4155/3289 3517/4154/3288 1666/4159/3293 817/4160/3277
f 816/4136/3275 1668/4161/3294 3518/4162/3295 1671/4163/3296
f 1668/4164/3294 843/4165/3297 1669/4166/3298 3518/4167/3295
f 3518/4167/3295 1669/4166/3298 842/4168/3299 1670/4169/3300
f 1671/4170/3296 3518/4167/3295 1670/4169/3300 815/4152/3286
f 818/4171/3301 1672/4172/3302 3519/4173/3303 1675/4174/3304
f 1672/4172/3302 852/4175/3305 1673/4176/3306 3519/4173/3303
f 3519/4173/3303 1673/4176/3306 851/4177/3307 1674/4178/3308
f 1675/4174/3304 3519/4173/3303 1674/4178/3308 820/4179/3309
f 820/4180/3309 1676/4181/3310 3520/4182/3311 1679/4183/3312
f 1676/4181/3310 821/4184/3313 1677/4185/3314 3520/4182/3311
f 3520/4182/3311 1677/4185/3314 822/4186/3315 1678/4187/3316
f 1679/4183/3312 3520/4182/3311 1678/4187/3316 819/4188/3317
f 821/4184/3313 1680/4189/3318 3521/4190/3319 1683/4191/3320
f 1680/4192/3318 850/4193/3321 1681/4194/3322 3521/4195/3319
f 3521/4195/3319 1681/4194/3322 849/4196/3323 1682/4197/3324
f 1683/4198/3320 3521/4195/3319 1682/4197/3324 823/4199/3325
f 838/4200/3326 1684/4201/3327 3522/4202/3328 1687/4203/3329
f 1684/4201/3327 830/4204/3330 1685/4205/3331 3522/4202/3328
f 3522/4202/3328 1685/4205/3331 831/4206/3332 1686/4207/3333
f 1687/4203/3329 3522/4202/3328 1686/4207/3333 839/4208/3334
f 826/4209/3335 1688/4210/3336 3523/4211/3337 1691/4212/3338
f 1688/4210/3336 827/4213/3339 1689/4214/3340 3523/4211/3337
f 3523/4211/3337 1689/4214/3340 828/4215/3341 1690/4216/3342
f 1691/4212/3338 3523/4211/3337 1690/4216/3342 825/4217/3343
f 840/4218/3344 1692/4219/3345 3524/4220/3346 1695/4221/3347
f 1692/4219/3345 834/4222/3348 1693/4223/3349 3524/4220/3346
f 3524/4220/3346 1693/4223/3349 835/4224/3350 1694/4225/3351
f 1695/4221/3347 3524/4220/3346 1694/4225/3351 841/4226/3352
f 832/4227/3353 1696/4228/3354 3525/4229/3355 1699/4230/3356
f 1696/4228/3354 833/4231/3357 1697/4232/3358 3525/4229/3355
f 3525/4229/3355 1697/4232/3358 834/4233/3348 1698/4234/3359
f 1699/4230/3356 3525/4229/3355 1698/4234/3359 831/4235/3332
f 813/4132/3271 1662/4236/3285 3526/4237/3360 1656/4133/3272
f 1662/4150/3285 836/4149/3284 1700/4238/3361 3526/4239/3360
f 3526/4237/3360 1700/4240/3361 843/4241/3297 1668/4161/3294
f 1656/4133/3272 3526/4237/3360 1668/4161/3294 816/4136/3275
f 820/4180/3309 1674/4242/3308 3527/4243/3362 1676/4181/3310
f 1674/4242/3308 851/4244/3307 1701/4245/3363 3527/4243/3362
f 3527/4243/3362 1701/4245/3363 850/4246/3321 1680/4189/3318
f 1676/4181/3310 3527/4243/3362 1680/4189/3318 821/4184/3313
f 839/4208/3334 1686/4207/3333 3528/4247/3364 1702/4248/3365
f 1686/4249/3333 831/4235/3332 1698/4234/3359 3528/4250/3364
f 3528/4251/3364 1698/4252/3359 834/4222/3348 1692/4219/3345
f 1702/4253/3365 3528/4251/3364 1692/4219/3345 840/4218/3344
f 845/4254/3266 1652/4255/3263 3529/4256/3366 1703/4257/3367
f 1652/4255/3263 812/4258/3262 1658/4259/3278 3529/4256/3366
f 3529/4256/3366 1658/4259/3278 817/4260/3277 1666/4261/3293
f 1703/4257/3367 3529/4256/3366 1666/4261/3293 846/4262/3292
f 815/4152/3286 1670/4169/3300 3530/4263/3368 1664/4153/3287
f 1670/4169/3300 842/4168/3299 1704/4264/3369 3530/4263/3368
f 3530/4263/3368 1704/4264/3369 848/4265/3370 1705/4266/3371
f 1664/4153/3287 3530/4263/3368 1705/4266/3371 847/4156/3290
f 853/4267/3372 1706/4268/3373 3531/4269/3374 1707/4270/3375
f 1706/4268/3373 837/4147/3282 1660/4144/3279 3531/4269/3374
f 3531/4269/3374 1660/4144/3279 814/4131/3270 1654/4130/3269
f 1707/4270/3375 3531/4269/3374 1654/4130/3269 844/4129/3268
f 812/4143/3262 1655/4271/3265 3532/4272/3376 1659/4142/3274
f 814/4131/3270 1663/4146/3281 3532/4273/3376 1655/4126/3265
f 813/4132/3271 1659/4135/3274 3532/4274/3376 1663/4275/3281
f 815/4152/3286 1667/4155/3289 3533/4276/3377 1671/4170/3296
f 817/4277/3277 1657/4278/3276 3533/4279/3377 1667/4280/3289
f 816/4281/3275 1671/4282/3296 3533/4279/3377 1657/4278/3276
f 818/4171/3301 1675/4174/3304 3534/4283/3378 1708/4284/3379
f 820/4180/3309 1679/4183/3312 3534/4285/3378 1675/4286/3304
f 819/4287/3317 1708/4284/3379 3534/4283/3378 1679/4288/3312
f 821/4184/3313 1683/4191/3320 3535/4289/3380 1677/4185/3314
f 823/4199/3325 1709/4290/3381 3535/4291/3380 1683/4198/3320
f 822/4186/3315 1677/4185/3314 3535/4289/3380 1709/4292/3381
f 824/4293/3382 1710/4294/3383 3536/4295/3384 1711/4296/3385
f 826/4297/3335 1691/4298/3338 3536/4295/3384 1710/4294/3383
f 825/4217/3343 1711/4299/3385 3536/4300/3384 1691/4212/3338
f 827/4301/3339 1712/4302/3386 3537/4303/3387 1689/4304/3340
f 829/4305/3388 1713/4306/3389 3537/4303/3387 1712/4302/3386
f 828/4215/3341 1689/4214/3340 3537/4307/3387 1713/4308/3389
f 830/4204/3330 1714/4309/3390 3538/4310/3391 1685/4205/3331
f 832/4227/3353 1699/4230/3356 3538/4311/3391 1714/4312/3390
f 831/4206/3332 1685/4205/3331 3538/4310/3391 1699/4313/3356
f 833/4314/3357 1715/4315/3392 3539/4316/3393 1697/4317/3358
f 835/4224/3350 1693/4223/3349 3539/4316/3393 1715/4315/3392
f 834/4222/3348 1697/4317/3358 3539/4316/3393 1693/4223/3349
f 837/4147/3282 1716/4318/3394 3540/4319/3395 1661/4148/3283
f 1716/4318/3394 818/4171/3301 1708/4284/3379 3540/4319/3395
f 3540/4319/3395 1708/4284/3379 819/4287/3317 1717/4320/3396
f 1661/4148/3283 3540/4319/3395 1717/4320/3396 836/4149/3284
f 852/4175/3305 1672/4172/3302 3541/4321/3397 1718/4322/3398
f 1672/4172/3302 818/4171/3301 1716/4318/3394 3541/4321/3397
f 3541/4321/3397 1716/4318/3394 837/4147/3282 1706/4268/3373
f 1718/4322/3398 3541/4321/3397 1706/4268/3373 853/4267/3372
f 824/4293/3382 1719/4323/3399 3542/4324/3400 1710/4294/3383
f 1719/4323/3399 838/4200/3326 1687/4203/3329 3542/4324/3400
f 3542/4324/3400 1687/4203/3329 839/4208/3334 1720/4325/3401
f 1710/4294/3383 3542/4324/3400 1720/4325/3401 826/4297/3335
f 826/4209/3335 1720/4326/3401 3543/4327/3402 1688/4210/3336
f 1720/4325/3401 839/4208/3334 1702/4248/3365 3543/4328/3402
f 3543/4329/3402 1702/4253/3365 840/4218/3344 1721/4330/3403
f 1688/4331/3336 3543/4329/3402 1721/4330/3403 827/4301/3339
f 827/4301/3339 1721/4330/3403 3544/4332/3404 1712/4302/3386
f 1721/4330/3403 840/4218/3344 1695/4221/3347 3544/4332/3404
f 3544/4332/3404 1695/4221/3347 841/4226/3352 1722/4333/3405
f 1712/4302/3386 3544/4332/3404 1722/4333/3405 829/4305/3388
f 842/4168/3299 1723/4334/3406 3545/4335/3407 1704/4264/3369
f 1723/4334/3406 823/4199/3325 1682/4197/3324 3545/4335/3407
f 3545/4335/3407 1682/4197/3324 849/4196/3323 1724/4336/3408
f 1704/4264/3369 3545/4335/3407 1724/4336/3408 848/4265/3370
f 843/4241/3297 1725/4337/3409 3546/4338/3410 1669/4339/3298
f 1725/4337/3409 822/4186/3315 1709/4292/3381 3546/4338/3410
f 3546/4340/3410 1709/4290/3381 823/4199/3325 1723/4334/3406
f 1669/4166/3298 3546/4340/3410 1723/4334/3406 842/4168/3299
f 836/4149/3284 1717/4320/3396 3547/4341/3411 1700/4238/3361
f 1717/4320/3396 819/4287/3317 1678/4342/3316 3547/4341/3411
f 3547/4343/3411 1678/4187/3316 822/4186/3315 1725/4337/3409
f 1700/4240/3361 3547/4343/3411 1725/4337/3409 843/4241/3297
f 845/4254/3266 1726/4344/3412 3548/4345/3413 1653/4346/3267
f 1726/4344/3412 832/4227/3353 1714/4312/3390 3548/4345/3413
f 3548/4347/3413 1714/4309/3390 830/4204/3330 1727/4348/3414
f 1653/4128/3267 3548/4347/3413 1727/4348/3414 844/4129/3268
f 832/4227/3353 1726/4344/3412 3549/4349/3415 1696/4228/3354
f 1726/4344/3412 845/4254/3266 1703/4257/3367 3549/4349/3415
f 3549/4349/3415 1703/4257/3367 846/4262/3292 1728/4350/3416
f 1696/4228/3354 3549/4349/3415 1728/4350/3416 833/4231/3357
f 847/4156/3290 1729/4351/3417 3550/4352/3418 1665/4157/3291
f 1729/4351/3417 835/4224/3350 1715/4315/3392 3550/4352/3418
f 3550/4352/3418 1715/4315/3392 833/4314/3357 1728/4353/3416
f 1665/4157/3291 3550/4352/3418 1728/4353/3416 846/4158/3292
f 848/4265/3370 1730/4354/3419 3551/4355/3420 1705/4266/3371
f 1730/4354/3419 841/4226/3352 1694/4225/3351 3551/4355/3420
f 3551/4355/3420 1694/4225/3351 835/4224/3350 1729/4351/3417
f 1705/4266/3371 3551/4355/3420 1729/4351/3417 847/4156/3290
f 849/4196/3323 1731/4356/3421 3552/4357/3422 1724/4336/3408
f 1731/4356/3421 829/4305/3388 1722/4333/3405 3552/4357/3422
f 3552/4357/3422 1722/4333/3405 841/4226/3352 1730/4354/3419
f 1724/4336/3408 3552/4357/3422 1730/4354/3419 848/4265/3370
f 850/4193/3321 1732/4358/3423 3553/4359/3424 1681/4194/3322
f 1732/4358/3423 828/4360/3341 1713/4306/3389 3553/4359/3424
f 3553/4359/3424 1713/4306/3389 829/4305/3388 1731/4356/3421
f 1681/4194/3322 3553/4359/3424 1731/4356/3421 849/4196/3323
f 851/4244/3307 1733/4361/3425 3554/4362/3426 1701/4245/3363
f 1733/4361/3425 825/4217/3343 1690/4216/3342 3554/4362/3426
f 3554/4362/3426 1690/4216/3342 828/4215/3341 1732/4363/3423
f 1701/4245/3363 3554/4362/3426 1732/4363/3423 850/4246/3321
f 852/4175/3305 1734/4364/3427 3555/4365/3428 1673/4176/3306
f 1734/4364/3427 824/4293/3382 1711/4296/3385 3555/4365/3428
f 3555/4365/3428 1711/4296/3385 825/4366/3343 1733/4367/3425
f 1673/4176/3306 3555/4365/3428 1733/4367/3425 851/4177/3307
f 838/4200/3326 1719/4323/3399 3556/4368/3429 1735/4369/3430
f 1719/4323/3399 824/4293/3382 1734/4364/3427 3556/4368/3429
f 3556/4368/3429 1734/4364/3427 852/4175/3305 1718/4322/3398
f 1735/4369/3430 3556/4368/3429 1718/4322/3398 853/4267/3372
f 830/4204/3330 1684/4201/3327 3557/4370/3431 1727/4348/3414
f 1684/4201/3327 838/4200/3326 1735/4369/3430 3557/4370/3431
f 3557/4370/3431 1735/4369/3430 853/4267/3372 1707/4270/3375
f 1727/4348/3414 3557/4370/3431 1707/4270/3375 844/4129/3268
s 87
f 854/4371/3432 1736/4372/3433 3558/4373/3434 1739/4374/3435
f 1736/4372/3433 856/4375/3436 1737/4376/3437 3558/4373/3434
f 3558/4373/3434 1737/4376/3437 886/4377/3438 1738/4378/3439
f 1739/4374/3435 3558/4373/3434 1738/4378/3439 887/4379/3440
f 855/4380/3441 1740/4381/3442 3559/4382/3443 1743/4383/3444
f 1740/4384/3442 854/4385/3432 1741/4386/3445 3559/4387/3443
f 3559/4387/3443 1741/4386/3445 859/4388/3446 1742/4389/3447
f 1743/4383/3444 3559/4382/3443 1742/4390/3447 858/4391/3448
f 856/4375/3436 1744/4392/3449 3560/4393/3450 1747/4394/3451
f 1744/4392/3449 855/4395/3441 1745/4396/3452 3560/4393/3450
f 3560/4393/3450 1745/4396/3452 878/4397/3453 1746/4398/3454
f 1747/4394/3451 3560/4393/3450 1746/4398/3454 879/4399/3455
f 857/4400/3456 1748/4401/3457 3561/4402/3458 1751/4403/3459
f 1748/4401/3457 859/4404/3446 1749/4405/3460 3561/4402/3458
f 3561/4402/3458 1749/4405/3460 888/4406/3461 1750/4407/3462
f 1751/4403/3459 3561/4402/3458 1750/4407/3462 889/4408/3463
f 858/4391/3448 1752/4409/3464 3562/4410/3465 1755/4411/3466
f 1752/4412/3464 857/4400/3456 1753/4413/3467 3562/4414/3465
f 3562/4414/3465 1753/4413/3467 884/4415/3468 1754/4416/3469
f 1755/4417/3466 3562/4414/3465 1754/4416/3469 885/4418/3470
f 860/4419/3471 1756/4420/3472 3563/4421/3473 1759/4422/3474
f 1756/4420/3472 862/4423/3475 1757/4424/3476 3563/4421/3473
f 3563/4421/3473 1757/4424/3476 893/4425/3477 1758/4426/3478
f 1759/4422/3474 3563/4421/3473 1758/4426/3478 894/4427/3479
f 862/4428/3475 1760/4429/3480 3564/4430/3481 1763/4431/3482
f 1760/4429/3480 861/4432/3483 1761/4433/3484 3564/4430/3481
f 3564/4430/3481 1761/4433/3484 864/4434/3485 1762/4435/3486
f 1763/4431/3482 3564/4430/3481 1762/4435/3486 863/4436/3487
f 863/4436/3487 1764/4437/3488 3565/4438/3489 1767/4439/3490
f 1764/4440/3488 865/4441/3491 1765/4442/3492 3565/4443/3489
f 3565/4443/3489 1765/4442/3492 891/4444/3493 1766/4445/3494
f 1767/4446/3490 3565/4443/3489 1766/4445/3494 892/4447/3495
f 880/4448/3496 1768/4449/3497 3566/4450/3498 1771/4451/3499
f 1768/4449/3497 881/4452/3500 1769/4453/3501 3566/4450/3498
f 3566/4450/3498 1769/4453/3501 873/4454/3502 1770/4455/3503
f 1771/4451/3499 3566/4450/3498 1770/4455/3503 872/4456/3504
f 868/4457/3505 1772/4458/3506 3567/4459/3507 1775/4460/3508
f 1772/4458/3506 867/4461/3509 1773/4462/3510 3567/4459/3507
f 3567/4459/3507 1773/4462/3510 870/4463/3511 1774/4464/3512
f 1775/4460/3508 3567/4459/3507 1774/4464/3512 869/4465/3513
f 882/4466/3514 1776/4467/3515 3568/4468/3516 1779/4469/3517
f 1776/4467/3515 883/4470/3518 1777/4471/3519 3568/4468/3516
f 3568/4468/3516 1777/4471/3519 877/4472/3520 1778/4473/3521
f 1779/4469/3517 3568/4468/3516 1778/4473/3521 876/4474/3522
f 874/4475/3523 1780/4476/3524 3569/4477/3525 1783/4478/3526
f 1780/4476/3524 873/4479/3502 1781/4480/3527 3569/4477/3525
f 3569/4477/3525 1781/4480/3527 876/4481/3522 1782/4482/3528
f 1783/4478/3526 3569/4477/3525 1782/4482/3528 875/4483/3529
f 855/4380/3441 1743/4383/3444 3570/4484/3530 1745/4485/3452
f 1743/4383/3444 858/4391/3448 1755/4411/3466 3570/4484/3530
f 3570/4484/3530 1755/4411/3466 885/4486/3470 1784/4487/3531
f 1745/4396/3452 3570/4488/3530 1784/4489/3531 878/4397/3453
f 862/4428/3475 1763/4431/3482 3571/4490/3532 1757/4491/3476
f 1763/4431/3482 863/4436/3487 1767/4439/3490 3571/4490/3532
f 3571/4490/3532 1767/4439/3490 892/4492/3495 1785/4493/3533
f 1757/4491/3476 3571/4490/3532 1785/4493/3533 893/4494/3477
f 881/4452/3500 1786/4495/3534 3572/4496/3535 1769/4453/3501
f 1786/4497/3534 882/4466/3514 1779/4469/3517 3572/4498/3535
f 3572/4498/3535 1779/4469/3517 876/4474/3522 1781/4499/3527
f 1769/4500/3501 3572/4501/3535 1781/4480/3527 873/4479/3502
f 887/4502/3440 1787/4503/3536 3573/4504/3537 1739/4505/3435
f 1787/4503/3536 888/4506/3461 1749/4507/3460 3573/4504/3537
f 3573/4504/3537 1749/4507/3460 859/4508/3446 1741/4509/3445
f 1739/4505/3435 3573/4504/3537 1741/4509/3445 854/4510/3432
f 857/4400/3456 1751/4403/3459 3574/4511/3538 1753/4413/3467
f 1751/4403/3459 889/4408/3463 1788/4512/3539 3574/4511/3538
f 3574/4511/3538 1788/4512/3539 890/4513/3540 1789/4514/3541
f 1753/4413/3467 3574/4511/3538 1789/4514/3541 884/4415/3468
f 895/4515/3542 1790/4516/3543 3575/4517/3544 1791/4518/3545
f 1790/4516/3543 886/4377/3438 1737/4376/3437 3575/4517/3544
f 3575/4517/3544 1737/4376/3437 856/4375/3436 1747/4394/3451
f 1791/4518/3545 3575/4517/3544 1747/4394/3451 879/4399/3455
f 854/4519/3432 1740/4381/3442 3576/4520/3546 1736/4521/3433
f 855/4380/3441 1744/4522/3449 3576/4520/3546 1740/4381/3442
f 856/4375/3436 1736/4372/3433 3576/4523/3546 1744/4392/3449
f 857/4400/3456 1752/4412/3464 3577/4524/3547 1748/4401/3457
f 858/4391/3448 1742/4390/3447 3577/4525/3547 1752/4409/3464
f 859/4388/3446 1748/4526/3457 3577/4527/3547 1742/4389/3447
f 860/4419/3471 1792/4528/3548 3578/4529/3549 1756/4420/3472
f 861/4530/3483 1760/4531/3480 3578/4529/3549 1792/4528/3548
f 862/4428/3475 1756/4532/3472 3578/4533/3549 1760/4429/3480
f 863/4436/3487 1762/4435/3486 3579/4534/3550 1764/4437/3488
f 864/4434/3485 1793/4535/3551 3579/4534/3550 1762/4435/3486
f 865/4441/3491 1764/4440/3488 3579/4536/3550 1793/4537/3551
f 866/4538/3552 1794/4539/3553 3580/4540/3554 1795/4541/3555
f 867/4461/3509 1772/4458/3506 3580/4542/3554 1794/4543/3553
f 868/4544/3505 1795/4541/3555 3580/4540/3554 1772/4545/3506
f 869/4546/3513 1774/4547/3512 3581/4548/3556 1797/4549/3557
f 870/4463/3511 1796/4550/3558 3581/4551/3556 1774/4464/3512
f 871/4552/3559 1797/4549/3557 3581/4548/3556 1796/4553/3558
f 872/4456/3504 1770/4455/3503 3582/4554/3560 1798/4555/3561
f 873/4454/3502 1780/4556/3524 3582/4554/3560 1770/4455/3503
f 874/4475/3523 1798/4557/3561 3582/4558/3560 1780/4476/3524
f 875/4559/3529 1782/4560/3528 3583/4561/3562 1799/4562/3563
f 876/4474/3522 1778/4473/3521 3583/4561/3562 1782/4560/3528
f 877/4472/3520 1799/4562/3563 3583/4561/3562 1778/4473/3521
f 879/4399/3455 1746/4398/3454 3584/4563/3564 1801/4564/3565
f 1746/4398/3454 878/4397/3453 1800/4565/3566 3584/4563/3564
f 3584/4563/3564 1800/4565/3566 861/4530/3483 1792/4528/3548
f 1801/4564/3565 3584/4563/3564 1792/4528/3548 860/4419/3471
f 894/4427/3479 1802/4566/3567 3585/4567/3568 1759/4422/3474
f 1802/4566/3567 895/4515/3542 1791/4518/3545 3585/4567/3568
f 3585/4567/3568 1791/4518/3545 879/4399/3455 1801/4564/3565
f 1759/4422/3474 3585/4567/3568 1801/4564/3565 860/4419/3471
f 866/4538/3552 1795/4541/3555 3586/4568/3569 1804/4569/3570
f 1795/4541/3555 868/4544/3505 1803/4570/3571 3586/4568/3569
f 3586/4568/3569 1803/4570/3571 881/4452/3500 1768/4449/3497
f 1804/4569/3570 3586/4568/3569 1768/4449/3497 880/4448/3496
f 868/4457/3505 1775/4460/3508 3587/4571/3572 1803/4572/3571
f 1775/4573/3508 869/4546/3513 1805/4574/3573 3587/4575/3572
f 3587/4575/3572 1805/4574/3573 882/4466/3514 1786/4497/3534
f 1803/4570/3571 3587/4576/3572 1786/4495/3534 881/4452/3500
f 869/4546/3513 1797/4549/3557 3588/4577/3574 1805/4574/3573
f 1797/4549/3557 871/4552/3559 1806/4578/3575 3588/4577/3574
f 3588/4577/3574 1806/4578/3575 883/4470/3518 1776/4467/3515
f 1805/4574/3573 3588/4577/3574 1776/4467/3515 882/4466/3514
f 884/4415/3468 1789/4514/3541 3589/4579/3576 1808/4580/3577
f 1789/4514/3541 890/4513/3540 1807/4581/3578 3589/4579/3576
f 3589/4579/3576 1807/4581/3578 891/4444/3493 1765/4442/3492
f 1808/4580/3577 3589/4579/3576 1765/4442/3492 865/4441/3491
f 885/4486/3470 1754/4582/3469 3590/4583/3579 1809/4584/3580
f 1754/4416/3469 884/4415/3468 1808/4580/3577 3590/4585/3579
f 3590/4585/3579 1808/4580/3577 865/4441/3491 1793/4537/3551
f 1809/4584/3580 3590/4583/3579 1793/4535/3551 864/4434/3485
f 878/4397/3453 1784/4489/3531 3591/4586/3581 1800/4565/3566
f 1784/4487/3531 885/4486/3470 1809/4584/3580 3591/4587/3581
f 3591/4587/3581 1809/4584/3580 864/4434/3485 1761/4433/3484
f 1800/4565/3566 3591/4586/3581 1761/4588/3484 861/4530/3483
f 887/4502/3440 1738/4589/3439 3592/4590/3582 1811/4591/3583
f 1738/4378/3439 886/4377/3438 1810/4592/3584 3592/4593/3582
f 3592/4593/3582 1810/4592/3584 872/4456/3504 1798/4555/3561
f 1811/4591/3583 3592/4590/3582 1798/4557/3561 874/4475/3523
f 874/4475/3523 1783/4478/3526 3593/4594/3585 1811/4591/3583
f 1783/4478/3526 875/4483/3529 1812/4595/3586 3593/4594/3585
f 3593/4594/3585 1812/4595/3586 888/4506/3461 1787/4503/3536
f 1811/4591/3583 3593/4594/3585 1787/4503/3536 887/4502/3440
f 889/4408/3463 1750/4407/3462 3594/4596/3587 1813/4597/3588
f 1750/4407/3462 888/4406/3461 1812/4598/3586 3594/4596/3587
f 3594/4596/3587 1812/4598/3586 875/4559/3529 1799/4562/3563
f 1813/4597/3588 3594/4596/3587 1799/4562/3563 877/4472/3520
f 890/4513/3540 1788/4512/3539 3595/4599/3589 1814/4600/3590
f 1788/4512/3539 889/4408/3463 1813/4597/3588 3595/4599/3589
f 3595/4599/3589 1813/4597/3588 877/4472/3520 1777/4471/3519
f 1814/4600/3590 3595/4599/3589 1777/4471/3519 883/4470/3518
f 891/4444/3493 1807/4581/3578 3596/4601/3591 1815/4602/3592
f 1807/4581/3578 890/4513/3540 1814/4600/3590 3596/4601/3591
f 3596/4601/3591 1814/4600/3590 883/4470/3518 1806/4578/3575
f 1815/4602/3592 3596/4601/3591 1806/4578/3575 871/4552/3559
f 892/4447/3495 1766/4445/3494 3597/4603/3593 1816/4604/3594
f 1766/4445/3494 891/4444/3493 1815/4602/3592 3597/4603/3593
f 3597/4603/3593 1815/4602/3592 871/4552/3559 1796/4553/3558
f 1816/4604/3594 3597/4603/3593 1796/4553/3558 870/4605/3511
f 893/4494/3477 1785/4493/3533 3598/4606/3595 1817/4607/3596
f 1785/4493/3533 892/4492/3495 1816/4608/3594 3598/4606/3595
f 3598/4606/3595 1816/4608/3594 870/4463/3511 1773/4462/3510
f 1817/4607/3596 3598/4606/3595 1773/4462/3510 867/4461/3509
f 894/4427/3479 1758/4426/3478 3599/4609/3597 1818/4610/3598
f 1758/4426/3478 893/4425/3477 1817/4611/3596 3599/4609/3597
f 3599/4609/3597 1817/4611/3596 867/4612/3509 1794/4539/3553
f 1818/4610/3598 3599/4609/3597 1794/4539/3553 866/4538/3552
f 880/4448/3496 1819/4613/3599 3600/4614/3600 1804/4569/3570
f 1819/4613/3599 895/4515/3542 1802/4566/3567 3600/4614/3600
f 3600/4614/3600 1802/4566/3567 894/4427/3479 1818/4610/3598
f 1804/4569/3570 3600/4614/3600 1818/4610/3598 866/4538/3552
f 872/4456/3504 1810/4592/3584 3601/4615/3601 1771/4451/3499
f 1810/4592/3584 886/4377/3438 1790/4516/3543 3601/4615/3601
f 3601/4615/3601 1790/4516/3543 895/4515/3542 1819/4613/3599
f 1771/4451/3499 3601/4615/3601 1819/4613/3599 880/4448/3496
s 97
f 3602/4616/3602 3603/4617/3603 3609/4618/3604 3608/4619/3605
f 3603/4617/3603 3604/4620/3606 3610/4621/3607 3609/4618/3604
f 3604/4620/3606 3605/4622/3608 3611/4623/3609 3610/4621/3607
f 3605/4622/3608 3606/4624/3610 3612/4625/3611 3611/4623/3609
f 3606/4624/3610 3607/4626/3612 3613/4627/3613 3612/4625/3611
f 3607/4626/3612 3602/4628/3602 3608/4629/3605 3613/4627/3613
f 3608/4619/3605 3609/4618/3604 3615/4630/3614 3614/4631/3615
f 3609/4618/3604 3610/4621/3607 3616/4632/3616 3615/4630/3614
f 3610/4621/3607 3611/4623/3609 3617/4633/3617 3616/4632/3616
f 3611/4623/3609 3612/4625/3611 3618/4634/3618 3617/4633/3617
f 3612/4625/3611 3613/4627/3613 3619/4635/3619 3618/4634/3618
f 3613/4627/3613 3608/4629/3605 3614/4636/3615 3619/4635/3619
f 3614/4631/3615 3615/4630/3614 3620/4637/3620
f 3615/4630/3614 3616/4632/3616 3620/4638/3620
f 3616/4632/3616 3617/4633/3617 3620/4639/3620
f 3617/4633/3617 3618/4634/3618 3620/4640/3620
f 3618/4634/3618 3619/4635/3619 3620/4641/3620
f 3619/4635/3619 3614/4636/3615 3620/4642/3620
s 98
f 3621/4643/3621 3622/4644/3622 3628/4645/3623 3627/4646/3624
f 3622/4644/3622 3623/4647/3625 3629/4648/3626 3628/4645/3623
f 3623/4647/3625 3624/4649/3627 3630/4650/3628 3629/4648/3626
f 3624/4649/3627 3625/4651/3629 3631/4652/3630 3630/4650/3628
f 3625/4651/3629 3626/4653/3631 3632/4654/3632 3631/4652/3630
f 3626/4653/3631 3621/4655/3621 3627/4656/3624 3632/4654/3632
f 3627/4646/3624 3628/4645/3623 3634/4657/3633 3633/4658/3634
f 3628/4645/3623 3629/4648/3626 3635/4659/3635 3634/4657/3633
f 3629/4648/3626 3630/4650/3628 3636/4660/3636 3635/4659/3635
f 3630/4650/3628 3631/4652/3630 3637/4661/3637 3636/4660/3636
f 3631/4652/3630 3632/4654/3632 3638/4662/3638 3637/4661/3637
f 3632/4654/3632 3627/4656/3624 3633/4663/3634 3638/4662/3638
f 3633/4658/3634 3634/4657/3633 3639/4664/3639
f 3634/4657/3633 3635/4659/3635 3639/4665/3639
f 3635/4659/3635 3636/4660/3636 3639/4666/3639
f 3636/4660/3636 3637/4661/3637 3639/4667/3639
f 3637/4661/3637 3638/4662/3638 3639/4668/3639
f 3638/4662/3638 3633/4663/3634 3639/4669/3639
