# This file uses centimeters as units for non-parametric coordinates.

g default
v -1.396332 1.877202 3.481432
v 0.058061 3.586488 3.851976
v 1.045024 4.007941 3.967248
v 1.915226 3.505642 3.874695
v 2.491347 2.141744 3.728925
v -1.672455 2.119485 2.486898
v -0.213815 3.554417 2.669836
v 1.036499 3.934670 2.704959
v 2.092122 3.389023 2.656159
v 2.733308 2.232972 2.500063
v -1.555063 2.404056 1.036301
v -0.346554 3.250022 0.984248
v 1.001070 3.513236 0.920086
v 2.074823 3.026597 0.977961
v 2.799699 2.272391 1.001601
v -1.246284 2.193448 -0.711224
v -0.234044 2.819234 -0.811386
v 0.928781 2.925680 -0.865951
v 1.911411 2.457191 -0.811107
v 2.639776 1.829715 -0.731824
v -0.974462 1.643872 -2.427636
v -0.132816 2.142747 -2.522125
v 0.812664 2.261010 -2.568721
v 1.690863 1.919225 -2.523403
v 2.413735 1.422768 -2.446814
v -0.641496 2.035076 3.581486
v 0.385827 3.265327 3.935921
v 1.025113 3.562665 4.049178
v 1.605866 3.207765 3.963908
v 1.992819 2.223631 3.846266
v -0.329660 2.232908 3.291436
v 0.525298 3.170590 3.580691
v 1.031128 3.391528 3.673120
v 1.486501 3.106120 3.603531
v 1.796131 2.346823 3.507523
v 0.467241 3.042366 3.435729
v 0.984780 3.093466 3.435729
v 1.094290 3.102929 3.435729
v 1.114817 3.102929 3.435729
v 1.132804 3.102929 3.435729
v 2.065139 1.677260 -2.486248
v -1.021813 1.935402 3.631482
v -0.091819 2.728164 3.777487
v 0.237610 3.431365 4.007969
v 0.734473 3.522089 4.025157
v 1.038067 3.796462 4.127960
v 1.321218 3.465701 4.020168
v 1.751934 3.371803 4.037044
v 1.831785 2.766054 3.904888
v 2.232468 2.178404 3.909804
v -0.469493 2.093089 3.420235
v 0.132637 2.761475 3.451393
v 0.448404 3.193360 3.758861
v 0.803672 3.364686 3.653517
v 1.019866 3.455749 3.867066
v 1.263133 3.310374 3.649445
v 1.545416 3.127378 3.785600
v 1.665244 2.764120 3.555365
v 1.891655 2.238722 3.673205
v 0.010887 2.577711 3.317255
v 0.764379 3.071702 3.435729
v 0.720445 3.137191 3.483309
v 1.075485 3.101983 3.435729
v 1.060022 3.267326 3.536370
v 1.104421 3.102929 3.435729
v 1.332928 3.101637 3.496421
v 1.124168 3.102929 3.435729
v 1.541978 2.664093 3.441305
v -0.668136 2.838892 3.686738
v -0.085374 3.621763 3.373608
v -0.990825 2.920216 2.591207
v -1.598811 1.954440 3.074124
v 0.599541 3.948387 3.943607
v 1.045104 4.041316 3.458640
v 0.453469 3.883313 2.702868
v 1.487765 3.869216 3.936599
v 2.028461 3.497767 3.377048
v 1.597146 3.760226 2.692346
v 2.257417 2.891992 3.803475
v 2.650659 2.166944 3.207509
v 2.461540 2.853873 2.587267
v -0.320982 3.421219 1.857793
v -0.994196 2.867192 1.014430
v -1.657752 2.298703 1.805976
v 1.019177 3.751432 1.834796
v 0.338410 3.478211 0.942882
v 2.094579 3.234918 1.843783
v 1.581021 3.337845 0.941750
v 2.778129 2.298265 1.771809
v 2.471877 2.660993 0.995948
v -0.272325 3.059211 0.083824
v -0.767076 2.543859 -0.763296
v -1.400646 2.361308 0.178517
v 1.000724 3.234252 0.016030
v 0.347648 2.952633 -0.850138
v 2.029503 2.753293 0.082440
v 1.456194 2.738853 -0.848076
v 2.745519 2.084460 0.151402
v 2.294355 2.148211 -0.771533
v -0.198161 2.502666 -1.675976
v -0.564359 1.920114 -2.477531
v -1.100706 1.940140 -1.577790
v 0.836244 2.598066 -1.723886
v 0.334838 2.262990 -2.555568
v 1.769054 2.181156 -1.675997
v 1.270238 2.130688 -2.554696
v 2.519684 1.612212 -1.596345
v -0.873773 2.890000 3.241106
v 0.529155 3.984190 3.443288
v 1.554182 3.880328 3.433508
v 2.395017 2.892391 3.298018
v -1.042844 2.918828 1.840238
v 0.377711 3.703099 1.847816
v 1.599495 3.576116 1.841370
v 2.473509 2.791626 1.816709
v -0.870475 2.746399 0.131664
v 0.370796 3.233002 0.037492
v 1.555927 3.049590 0.039014
v 2.416648 2.424563 0.119627
v -0.663088 2.255307 -1.629676
v 0.314159 2.621943 -1.710546
v 1.327212 2.432543 -1.708873
v 2.158202 1.901943 -1.637281
v -0.363421 2.777940 3.839717
v 0.676518 3.744767 4.102592
v 1.400644 3.682066 4.097113
v 2.034783 2.836739 3.973400
v 0.024158 2.713105 3.607494
v 0.758929 3.422112 3.844117
v 1.288268 3.363885 3.839350
v 1.746750 2.727694 3.729212
v 0.401293 2.893338 3.409082
v 0.919040 3.251981 3.525116
v 1.198173 3.219886 3.522779
v 1.448554 2.904435 3.468770
v -1.190817 2.396758 3.403973
v -0.384636 3.282883 3.579968
v -0.532403 3.288601 2.993816
v -1.336212 2.481101 2.867493
v 0.293844 3.849201 3.699129
v 0.810227 4.048058 3.749080
v 0.771576 4.005801 3.103600
v 0.189670 3.814628 3.074738
v 1.284999 3.997350 3.742951
v 1.756693 3.737854 3.696137
v 1.832265 3.668053 3.063377
v 1.312489 3.943009 3.097355
v 2.174144 3.233225 3.626284
v 2.470067 2.531118 3.545771
v 2.579987 2.543186 2.912254
v 2.271760 3.183652 2.999457
v -1.378677 2.577504 2.192776
v -0.639930 3.236051 2.253768
v -0.694763 3.137647 1.433512
v -1.344450 2.639407 1.435087
v 0.083046 3.681270 2.283043
v 0.729503 3.856074 2.282704
v 0.678845 3.643964 1.385345
v -0.003248 3.491752 1.413316
v 1.326076 3.788517 2.278102
v 1.864815 3.516013 2.270344
v 1.846627 3.315009 1.406879
v 1.305430 3.574851 1.383709
v 2.303420 3.085339 2.236300
v 2.626547 2.553580 2.173866
v 2.642711 2.522760 1.405282
v 2.289956 2.945059 1.417686
v -1.217909 2.613119 0.596848
v -0.625754 3.001117 0.557339
v -0.538235 2.815739 -0.342243
v -1.075603 2.477934 -0.292026
v 0.015895 3.279016 0.511168
v 0.684807 3.393115 0.472234
v 0.676325 3.112737 -0.422992
v 0.056530 3.042762 -0.389639
v 1.300439 3.309406 0.472780
v 1.831174 3.056851 0.510593
v 1.757179 2.757590 -0.387983
v 1.251884 3.006989 -0.421743
v 2.269377 2.727374 0.549005
v 2.626356 2.374679 0.574114
v 2.531424 2.122577 -0.308369
v 2.177425 2.447364 -0.346452
v -0.947416 2.246134 -1.174122
v -0.475563 2.552340 -1.224513
v -0.395085 2.219485 -2.078525
v -0.828113 1.946480 -2.029607
v 0.050022 2.749452 -1.267196
v 0.606911 2.797610 -1.293772
v 0.569684 2.454461 -2.143759
v 0.073023 2.400775 -2.119101
v 1.140395 2.689816 -1.292576
v 1.619402 2.457521 -1.265399
v 1.514120 2.171958 -2.118149
v 1.058761 2.369907 -2.142911
v 2.034436 2.170622 -1.227484
v 2.401718 1.868981 -1.187234
v 2.289700 1.652711 -2.042784
v 1.922294 1.920929 -2.082249
v -0.169664 3.201804 3.889141
v -0.900446 2.363896 3.694105
v -0.522922 2.379538 3.730149
v 0.069175 3.078066 3.918024
v 0.844213 3.916310 4.081956
v 0.411019 3.732677 4.023299
v 0.529469 3.519367 4.047701
v 0.873936 3.670637 4.104904
v 1.644274 3.650670 4.026550
v 1.242437 3.876979 4.076454
v 1.194372 3.637751 4.099878
v 1.518088 3.450692 4.052226
v 2.267689 2.520411 3.892674
v 2.008225 3.185079 3.960415
v 1.808170 3.063553 3.990912
v 2.016459 2.509138 3.930215
v 0.214915 2.994170 3.783070
v -0.274138 2.398300 3.604734
v -0.165994 2.443455 3.433219
v 0.284755 2.978589 3.598175
v 0.886345 3.497734 3.960464
v 0.597407 3.370209 3.906165
v 0.636687 3.315826 3.712033
v 0.901201 3.428822 3.762258
v 1.438199 3.301047 3.910459
v 1.160415 3.465939 3.955692
v 1.150823 3.396824 3.757844
v 1.404230 3.243885 3.716005
v 1.858108 2.490411 3.794643
v 1.682913 2.966311 3.852259
v 1.627561 2.938863 3.662171
v 1.788175 2.508102 3.608879
v 0.442455 3.005765 3.474669
v 0.038446 2.606932 3.353702
v 0.409828 2.893625 3.394966
v 0.726960 3.055426 3.438954
v 0.950501 3.339655 3.594996
v 0.743299 3.256531 3.558165
v 0.934563 3.156170 3.469316
v 1.040356 3.188703 3.482710
v 1.330339 3.200381 3.561078
v 1.139544 3.314699 3.591760
v 1.115543 3.179424 3.481533
v 1.191181 3.137559 3.470376
v 1.635524 2.656847 3.482518
v 1.502422 2.974572 3.521600
v 1.263556 3.055157 3.456020
v 1.325977 2.939371 3.441809
v -0.784498 2.866471 3.496706
v -0.463106 3.294094 3.313821
v -0.940728 2.908307 2.934438
v -1.276528 2.434958 3.159769
v 0.564217 3.987194 3.731935
v 0.791923 4.044522 3.456841
v 0.491872 3.947016 3.094616
v 0.241990 3.847532 3.416153
v 1.524375 3.895972 3.723527
v 1.798050 3.717905 3.408671
v 1.579118 3.831882 3.083971
v 1.300218 3.987358 3.450513
v 2.336217 2.898629 3.586916
v 2.533334 2.537172 3.253480
v 2.438367 2.876425 2.957796
v 2.229733 3.217593 3.339685
v -1.023521 2.924555 2.225915
v -0.680178 3.192098 1.852148
v -1.032831 2.900538 1.435851
v -1.374641 2.616123 1.824151
v 0.415513 3.800720 2.284992
v 0.705566 3.756339 1.839788
v 0.343237 3.594309 1.398170
v 0.034245 3.591471 1.855083
v 1.605211 3.674960 2.276063
v 1.859474 3.422143 1.845065
v 1.586378 3.463733 1.394516
v 1.319347 3.688618 1.836635
v 2.473857 2.827884 2.207448
v 2.633448 2.548074 1.795373
v 2.476112 2.738272 1.413419
v 2.296903 3.022660 1.833588
v -0.932819 2.816293 0.577649
v -0.577318 2.916357 0.107929
v -0.815161 2.656068 -0.317370
v -1.144953 2.558372 0.155152
v 0.352028 3.358666 0.488781
v 0.691966 3.256943 0.021975
v 0.367422 3.098548 -0.409356
v 0.045871 3.165925 0.059227
v 1.573574 3.198489 0.489320
v 1.804559 2.909840 0.060126
v 1.514607 2.895070 -0.407381
v 1.288106 3.161430 0.023012
v 2.456346 2.552962 0.562668
v 2.586724 2.255222 0.135853
v 2.360963 2.286184 -0.327123
v 2.231813 2.591060 0.102049
v -0.717327 2.408329 -1.199960
v -0.436201 2.391701 -1.653874
v -0.614522 2.090626 -2.054761
v -0.883735 2.101962 -1.604082
v 0.327898 2.792588 -1.283227
v 0.576952 2.628370 -1.720498
v 0.319991 2.444233 -2.134018
v 0.053838 2.579728 -1.695286
v 1.388062 2.584863 -1.281282
v 1.555020 2.313531 -1.693829
v 1.291542 2.281337 -2.132721
v 1.087080 2.530089 -1.719452
v 2.222109 2.021030 -1.207554
v 2.340645 1.757735 -1.616952
v 2.109417 1.788253 -2.062814
v 1.969069 2.043522 -1.657055
v -0.520991 2.808436 3.796696
v -0.710310 2.368491 3.738099
v -0.213974 2.750237 3.828936
v -0.046124 3.140111 3.931341
v 0.638173 3.860131 4.061357
v 0.473327 3.628062 4.064608
v 0.709940 3.624639 4.084723
v 0.860928 3.796046 4.123263
v 1.445064 3.790466 4.055292
v 1.218650 3.760580 4.118022
v 1.357183 3.566363 4.079569
v 1.579746 3.554585 4.068899
v 2.151299 2.869335 3.926679
v 1.905669 3.127385 4.005213
v 1.922974 2.800285 3.960512
v 2.139409 2.515276 3.941599
v -0.020934 2.714554 3.698506
v -0.216433 2.411832 3.516108
v 0.066684 2.727514 3.519955
v 0.249288 2.979438 3.689907
v 0.747879 3.459461 3.941306
v 0.614505 3.337401 3.809869
v 0.774931 3.395402 3.744537
v 0.891221 3.458045 3.862787
v 1.300123 3.402427 3.936415
v 1.154397 3.425777 3.858137
v 1.278299 3.337419 3.740013
v 1.420629 3.265832 3.814054
v 1.779324 2.740124 3.823402
v 1.654752 2.944278 3.757334
v 1.715565 2.733961 3.635480
v 1.822641 2.488789 3.701185
v 0.247656 2.818688 3.417308
v 0.209614 2.740011 3.364269
v 0.578104 2.979614 3.418096
v 0.574659 3.028722 3.449496
v 0.853669 3.315326 3.582002
v 0.831375 3.209773 3.508322
v 0.995906 3.179312 3.477984
v 0.992820 3.269327 3.534272
v 1.234993 3.270093 3.578684
v 1.128920 3.251491 3.531992
v 1.153642 3.163062 3.476778
v 1.266418 3.170580 3.510375
v 1.574029 2.823369 3.502026
v 1.393490 3.011125 3.482561
v 1.295782 3.000046 3.448903
v 1.497782 2.786960 3.455026
v -1.068416 2.371428 3.586589
v -0.286987 3.252832 3.776869
v -0.017952 3.619344 3.649021
v -0.149206 3.598526 3.041843
v -0.592145 3.268542 2.635336
v -1.368169 2.530259 2.540658
v -1.649926 2.030439 2.796765
v -1.516793 1.900393 3.306503
v 0.348360 3.813096 3.907049
v 0.827107 4.008092 3.963167
v 1.046254 4.046530 3.752204
v 1.041045 4.001095 3.103807
v 0.751122 3.940213 2.706505
v 0.134544 3.757027 2.691496
v 1.265685 3.963663 3.957367
v 1.705127 3.718557 3.908016
v 1.978484 3.518453 3.662987
v 2.068776 3.451864 3.035298
v 1.854697 3.597641 2.678015
v 1.322535 3.873622 2.700784
v 2.102547 3.224429 3.839710
v 2.383807 2.525405 3.766408
v 2.581946 2.147152 3.503738
v 2.699248 2.196943 2.864772
v 2.608348 2.548782 2.544810
v 2.294508 3.137527 2.625147
v -0.270409 3.494215 2.273692
v -0.351643 3.338722 1.426518
v -0.674409 3.073664 1.000897
v -1.288882 2.640643 1.025885
v -1.617817 2.366265 1.432770
v -1.672677 2.212675 2.156993
v 1.030712 3.850837 2.279352
v 1.001686 3.638287 1.379103
v 0.676794 3.521903 0.926963
v -0.006384 3.386228 0.963443
v 2.101750 3.317524 2.258053
v 2.083467 3.138759 1.416151
v 1.840365 3.193587 0.960488
v 1.303115 3.448139 0.926649
v 2.759111 2.270853 2.137918
v 2.793158 2.302885 1.395212
v 2.642640 2.468129 0.999546
v 2.283509 2.848107 0.989267
v -0.311281 3.158416 0.535364
v -0.247141 2.947714 -0.366412
v -0.508157 2.695616 -0.788087
v -1.012343 2.373343 -0.737509
v -1.321248 2.290568 -0.266446
v -1.480670 2.400771 0.615491
v 1.003676 3.378112 0.465556
v 0.973837 3.082996 -0.427978
v 0.642473 2.959843 -0.861848
v 0.052676 2.905335 -0.832693
v 2.062669 2.895983 0.532016
v 1.977594 2.604905 -0.366643
v 1.693869 2.605139 -0.830802
v 1.199260 2.848858 -0.860576
v 2.783468 2.194460 0.584451
v 2.695070 1.957756 -0.289903
v 2.469481 1.989558 -0.751687
v 2.109847 2.304486 -0.791346
v -0.220148 2.669079 -1.247139
v -0.166878 2.325417 -2.100203
v -0.352608 2.041482 -2.500822
v -0.770750 1.785343 -2.452915
v -1.038780 1.794691 -2.003758
v -1.169808 2.074849 -1.147642
v 0.879636 2.763644 -1.297375
v 0.817527 2.430128 -2.147122
v 0.574524 2.278216 -2.565286
v 0.097695 2.217209 -2.540777
v 1.834643 2.316530 -1.246831
v 1.724933 2.049309 -2.100793
v 1.486070 2.031594 -2.540414
v 1.045169 2.209498 -2.564661
v 2.577489 1.715702 -1.166719
v 2.466303 1.515736 -2.022458
v 2.241042 1.550797 -2.466674
v 1.882816 1.800591 -2.505253
v -1.223611 1.893770 3.586440
v -0.816608 1.987403 3.626512
v -0.366830 2.391365 3.681834
v 0.161850 3.025981 3.863748
v 0.320601 3.341588 3.992562
v 0.147377 3.518413 3.966367
v 0.572741 3.426711 3.989311
v 0.882620 3.563421 4.044699
v 1.031853 3.670597 4.109530
v 1.042134 3.916747 4.086516
v 1.172831 3.531777 4.039832
v 1.467383 3.359383 3.993691
v 1.671227 3.285002 4.021466
v 1.836414 3.451054 3.993751
v 1.728905 3.005793 3.934324
v 1.916236 2.501137 3.875552
v 2.100961 2.204051 3.899969
v 2.368415 2.154898 3.858535
v -0.535010 2.063725 3.506358
v -0.412649 2.142905 3.342226
v -0.090257 2.504658 3.373330
v 0.341606 2.988430 3.521790
v 0.477290 3.180190 3.663620
v 0.423240 3.218828 3.853825
v 0.675568 3.293023 3.624262
v 0.919055 3.394536 3.669465
v 1.023174 3.425994 3.766318
v 1.020808 3.496177 3.964854
v 1.146825 3.364619 3.665493
v 1.377494 3.225353 3.627837
v 1.523230 3.112331 3.688998
v 1.568341 3.157206 3.881261
v 1.583031 2.949238 3.579386
v 1.733648 2.560178 3.531424
v 1.854950 2.271764 3.582323
v 1.930079 2.228933 3.765932
v -0.180207 2.382838 3.286973
v 0.231798 2.802548 3.370701
v 0.621259 3.057507 3.435729
v 0.888664 3.084003 3.435729
v 0.847633 3.115974 3.456407
v 0.609597 3.155827 3.522662
v 1.043786 3.099144 3.435729
v 1.089317 3.102929 3.435729
v 1.077376 3.187640 3.483793
v 1.043976 3.336964 3.597974
v 1.099125 3.102929 3.435729
v 1.109467 3.102929 3.435729
v 1.228438 3.101922 3.463174
v 1.420973 3.102796 3.541272
v 1.119914 3.102929 3.435729
v 1.128411 3.102929 3.435729
v 1.354666 2.875913 3.434727
v 1.688797 2.482665 3.463044
v -2.835176 0.861712 4.546163
v -1.221044 1.805486 5.156242
v 2.886392 1.707450 5.169257
v 4.840269 0.805598 4.573350
v -3.523413 0.967557 2.786118
v -2.059954 2.412195 2.860958
v 3.620835 2.107253 2.851719
v 5.524681 0.929023 2.756531
v -3.736963 0.652901 0.325096
v -2.027498 1.748847 0.301821
v 3.560777 2.104935 0.306757
v 5.610378 1.030041 0.274441
v -4.138110 -0.357903 -1.479408
v -2.079714 0.898189 -1.581554
v 3.208508 1.744461 -1.485114
v 5.383382 0.907636 -1.491244
v -3.893319 -0.608797 -4.363851
v -2.014499 0.440903 -5.033262
v 3.282725 1.234454 -4.849567
v 4.719403 0.596631 -3.957341
v -1.579175 0.633928 2.705174
v -0.382931 1.218451 3.250406
v -2.017584 0.451994 1.589488
v 2.020679 1.111156 3.260384
v 3.278836 0.672220 2.743230
v 3.751393 0.690496 1.592465
v -2.033983 0.143645 0.382512
v 3.784615 0.733178 0.388772
v -1.908126 -0.534003 0.307013
v 3.692445 0.550893 0.377864
v -1.614287 -0.568063 -1.140165
v 3.144019 0.469715 -0.975599
v -0.705846 0.086705 -1.825135
v 2.347853 0.631559 -1.733055
v 1.521884 2.273306 5.274064
v 0.467486 2.330220 5.274064
v 0.423113 3.134962 2.871127
v 2.004674 2.937724 2.871127
v 0.138497 2.504723 0.323255
v 1.658123 2.666677 0.418043
v -0.059421 1.799897 -1.451739
v 1.212208 2.010433 -1.032015
v -0.031637 1.371136 -5.043314
v 1.237013 1.546844 -4.933617
v 1.279066 1.508004 3.335838
v 0.633241 1.560624 3.335838
v 0.349696 0.621675 -1.877488
v 1.112128 0.741260 -1.863341
v -2.648715 0.178889 4.290857
v -0.915062 1.066661 5.148439
v 0.445762 1.445883 5.280112
v 1.350124 1.420779 5.280113
v 2.550550 1.001627 5.163516
v 4.699491 0.172536 4.354576
v 5.535592 0.140187 2.523459
v 5.627828 0.249259 0.286111
v 5.482715 0.083751 -1.218204
v 4.588703 -0.258424 -3.874184
v 3.255258 0.218861 -5.177759
v 1.322919 0.496750 -5.386349
v 0.117100 0.319885 -5.405402
v -1.677583 -0.565062 -5.359290
v -3.570289 -1.476263 -4.310916
v -4.016233 -1.305636 -1.237882
v -3.687541 -0.311695 0.293207
v -3.515615 0.022249 2.504484
v 1.157644 1.857799 -2.972437
v 0.583498 1.535482 -4.974264
v -0.068940 1.694916 -3.274837
v 1.308926 0.938079 -5.771906
v 0.693084 0.483508 -5.395181
v 0.030859 0.751982 -5.799834
v -0.250729 2.150641 5.262197
v -0.837964 2.897155 2.868930
v 2.090837 2.066478 5.263583
v 2.801853 2.585858 2.869187
v -0.947630 2.177662 0.294437
v 2.586000 2.457928 0.373639
v -0.949723 1.435025 -1.580313
v 2.100587 1.944292 -1.221847
v -0.915250 0.994683 -5.082249
v 2.211348 1.442793 -4.947764
v -0.122289 1.330079 5.266910
v 1.829757 1.284094 5.268452
v -0.692479 -0.046354 -5.418307
v 2.264735 0.405174 -5.351026
v -2.118350 0.291317 3.608357
v -1.064507 0.909345 3.046958
v -0.684700 1.038381 4.330843
v 0.204193 1.439570 3.327295
v 0.516840 1.397130 4.442714
v 0.979122 1.581684 3.335838
v 1.317778 1.356228 4.442714
v 1.581633 1.345343 3.328293
v 2.310162 0.962310 4.343641
v 2.665260 0.851581 3.075871
v 4.067077 0.306223 3.659706
v 3.620937 0.643167 2.241911
v 4.747572 0.297395 2.122284
v 3.784974 0.735723 0.865291
v 4.826391 0.378867 0.328978
v 3.777779 0.654987 0.404754
v 4.713516 0.196164 -0.544664
v 3.462083 0.478975 -0.207947
v 3.978067 -0.063881 -2.668779
v 2.801011 0.537862 -1.477191
v 2.881151 0.282889 -3.738354
v 1.719394 0.704351 -1.837785
v 1.243911 0.532450 -3.912601
v 0.709288 0.724438 -1.870692
v 0.227025 0.388829 -3.929835
v -0.144048 0.402658 -1.883563
v -1.248282 -0.372509 -3.881609
v -1.233347 -0.282229 -1.619818
v -2.736768 -1.227357 -2.982765
v -1.798896 -0.665361 -0.338526
v -2.996590 -1.085981 -0.599900
v -1.985152 -0.203806 0.375939
v -2.915651 -0.201120 0.328508
v -2.057173 0.352049 0.868009
v -2.800694 0.132414 2.110178
v -1.869610 0.508783 2.218583
v -2.211761 1.294145 4.900177
v -1.625626 2.179023 4.196071
v -2.857586 1.718329 2.850054
v -3.218704 0.901369 3.896383
v 4.016121 1.210028 4.920941
v 5.264439 0.845649 3.899570
v 4.625655 1.534233 2.808040
v 3.265122 1.971167 4.197764
v -2.149658 2.223726 1.472925
v -2.937860 1.247651 0.332461
v -3.651356 0.938153 1.487884
v 5.617703 0.999747 1.447633
v 4.674463 1.601410 0.278599
v 3.692473 2.149300 1.464299
v -2.012354 1.267981 -0.524508
v -3.209766 0.305204 -1.521533
v -3.898023 0.132655 -0.484430
v 5.552709 1.000227 -0.563646
v 4.426095 1.385299 -1.538460
v 3.369764 1.946781 -0.480988
v -2.084831 0.743270 -3.348013
v -3.165475 -0.154552 -4.822484
v -4.235638 -0.573735 -3.098236
v 5.053621 0.756782 -2.863504
v 4.169455 0.912886 -4.477925
v 3.205564 1.559323 -3.200641
v -2.904385 0.468295 4.587363
v -1.845960 0.604115 4.837639
v -1.049530 1.392955 5.461661
v -3.813046 0.343701 2.697387
v -3.209723 0.024656 3.506411
v 2.689567 1.318779 5.477590
v 3.646115 0.555398 4.877410
v 4.958910 0.428929 4.640958
v 5.296600 0.073807 3.557382
v 5.835248 0.399963 2.700469
v -4.013827 0.039687 0.300055
v -3.633995 -0.037859 1.331778
v 5.615396 0.214265 1.336979
v 5.925625 0.515764 0.272657
v -4.443696 -0.986765 -1.459877
v -3.829076 -0.807065 -0.383078
v 5.620373 0.216337 -0.416786
v 5.734591 0.391221 -1.460657
v -3.949894 -1.113725 -4.697334
v -4.062564 -1.551357 -2.761968
v 5.110075 -0.145639 -2.527679
v 4.790252 0.114097 -4.207928
v -1.907637 -0.157493 -5.756401
v -2.708409 -1.108711 -5.104538
v 4.005008 -0.070195 -4.736993
v 3.348912 0.659627 -5.560803
v 1.021368 2.363865 5.274064
v 0.430911 1.823364 5.599103
v 0.914764 1.472555 5.280112
v 1.396502 1.796722 5.599103
v 1.789269 2.674460 4.259872
v 1.278338 3.130738 2.871127
v 0.489469 2.829752 4.259872
v 1.863175 2.904793 1.477368
v 0.910793 2.677260 0.384039
v 0.203030 2.956266 1.467889
v 1.438259 2.341154 -0.139657
v 0.567481 1.972996 -1.182807
v 0.037903 2.096228 -0.433766
v -2.526031 1.560191 4.071510
v 4.341686 1.422539 4.057642
v -2.959149 1.613490 1.503804
v 4.709797 1.600137 1.456723
v -3.039367 0.751548 -0.490952
v 4.571597 1.517686 -0.560833
v -3.320916 0.079017 -3.226221
v 4.272768 1.226146 -3.060965
v -2.065247 0.909513 5.142951
v -3.481752 0.328339 3.771722
v 3.860505 0.836681 5.180292
v 5.580937 0.331698 3.808554
v -3.939439 0.311757 1.437574
v 5.920094 0.475210 1.426105
v -4.195916 -0.476519 -0.487370
v 5.898805 0.497603 -0.549592
v -4.477569 -1.203292 -3.101449
v 5.334921 0.197573 -2.840394
v -3.032597 -0.715863 -5.499849
v 4.163157 0.344469 -5.090665
v 0.931687 1.858538 5.599102
v 1.188305 2.831803 4.259872
v 1.078227 3.026629 1.473968
v 0.741976 2.303488 -0.245188
v 0.533105 1.848123 -3.081636
v 0.645125 0.920925 -5.783647
v -0.493567 2.611756 4.252840
v 2.466022 2.394204 4.253661
v -1.023463 2.685988 1.464788
v 2.780293 2.592612 1.472733
v -0.938428 1.736636 -0.523280
v 2.339599 2.214271 -0.276755
v -0.953734 1.322387 -3.369901
v 2.095127 1.766646 -3.092315
v -0.184687 1.681432 5.585344
v 1.913983 1.634318 5.586952
v -0.839429 0.375530 -5.815483
v 2.298339 0.849961 -5.740594
v -1.464936 0.641383 4.066875
v 0.010794 1.285189 4.431497
v 0.937555 1.417120 4.442714
v 1.721891 1.215151 4.432807
v 3.208149 0.595137 4.100879
v 4.552383 0.238266 2.990201
v 4.814943 0.359999 1.133669
v 4.823674 0.324386 -0.067927
v 4.406612 0.018648 -1.558064
v 3.501845 0.069202 -3.379201
v 2.044590 0.445592 -3.881289
v 0.710162 0.525295 -3.920948
v -0.446116 0.079026 -3.940087
v -2.062435 -0.867265 -3.647680
v -3.028292 -1.316163 -1.755572
v -2.951255 -0.642816 -0.067397
v -2.889810 0.049896 1.131084
v -2.584169 0.157735 2.951649
v -2.719331 1.149690 4.415091
v -1.910852 1.726887 4.659578
v -2.317282 2.011581 3.531646
v -3.057781 1.293311 3.442875
v 3.602114 1.601068 4.666399
v 4.665813 1.073896 4.422341
v 5.008160 1.186039 3.413218
v 3.961890 1.774097 3.511274
v -3.285893 1.335315 2.164361
v -2.570934 2.056158 2.166792
v -2.534848 1.741704 0.863647
v -3.338149 1.150193 0.878857
v 4.174321 1.862102 2.137819
v 5.184983 1.270124 2.116250
v 5.217336 1.316199 0.826895
v 4.155758 1.889602 0.832969
v -3.451430 0.715235 -0.093710
v -2.502534 1.263369 -0.108985
v -2.581820 0.798623 -0.958539
v -3.602856 0.193798 -0.924138
v 4.037732 1.818843 -0.141848
v 5.167017 1.298984 -0.166341
v 5.053435 1.216741 -0.993605
v 3.891046 1.667063 -0.973962
v -3.838789 -0.168468 -2.283053
v -2.727762 0.480003 -2.373664
v -2.665327 0.316753 -4.198197
v -3.724821 -0.290034 -3.952277
v 3.782072 1.505102 -2.299461
v 4.844658 1.091266 -2.203694
v 4.589215 0.900023 -3.643523
v 3.751858 1.278723 -3.991145
v -1.649565 1.367507 5.266047
v -2.542490 0.865004 4.874104
v -2.422611 0.483067 4.804309
v -1.492480 0.983603 5.243267
v -3.180176 0.603417 4.253695
v -3.606925 0.609343 3.327725
v -3.605449 0.122097 3.173373
v -3.146265 0.175573 4.108189
v 4.468330 0.800259 4.911197
v 3.332108 1.282061 5.290749
v 3.175876 0.911095 5.271207
v 4.364277 0.438166 4.856572
v 5.663825 0.600351 3.331532
v 5.267857 0.567762 4.288033
v 5.255466 0.176787 4.167379
v 5.663524 0.180196 3.203628
v -3.821912 0.641813 2.113029
v -3.902771 0.504616 0.851752
v -3.887835 -0.017738 0.806040
v -3.811923 0.132894 2.014791
v 5.856836 0.741489 0.822011
v 5.821846 0.683221 2.092082
v 5.810448 0.264589 2.019112
v 5.847478 0.325356 0.799719
v -4.026436 0.086916 -0.107739
v -4.252994 -0.459023 -0.920980
v -4.209710 -0.964618 -0.858353
v -3.992492 -0.423495 -0.100498
v 5.746751 0.698423 -0.980774
v 5.838774 0.753190 -0.167272
v 5.848674 0.337084 -0.136562
v 5.782119 0.269160 -0.899442
v -4.480231 -0.846116 -2.251009
v -4.245752 -0.896000 -3.911999
v -4.133158 -1.417718 -3.872537
v -4.399748 -1.367043 -2.138900
v 5.027603 0.396710 -3.528847
v 5.468974 0.559352 -2.139917
v 5.509913 0.085773 -2.026327
v 5.022861 -0.104270 -3.481344
v -3.577692 -0.662977 -5.017837
v -2.553683 -0.144785 -5.450939
v -2.367005 -0.704365 -5.615466
v -3.401065 -1.194543 -5.124881
v 3.778713 0.808621 -5.158524
v 4.492116 0.481421 -4.562982
v 4.440463 -0.047549 -4.655336
v 3.755264 0.245087 -5.319763
v 1.205337 2.086576 5.523655
v 0.717510 2.105271 5.523655
v 0.681016 1.631597 5.513545
v 1.142188 1.619089 5.513545
v 0.805717 2.614886 4.837196
v 1.366673 2.558690 4.837196
v 1.593984 2.947854 3.588910
v 0.901692 3.051494 3.588910
v 0.800383 3.142663 2.153346
v 1.581704 3.066843 2.153346
v 1.351597 2.856140 0.881276
v 0.597978 2.823946 0.858841
v 0.488858 2.411458 -0.012487
v 1.171841 2.526536 0.099690
v 0.968426 2.161769 -0.518781
v 0.336360 2.042829 -0.743569
v 0.247052 1.841825 -2.182385
v 0.807666 1.920945 -1.955861
v 0.847731 1.762672 -4.054406
v 0.268952 1.685869 -4.171450
v 0.323099 1.174200 -5.547813
v 0.917342 1.258294 -5.518404
v 0.970140 0.676627 -5.732588
v 0.387424 0.591488 -5.740387
v -0.861722 2.214659 4.798520
v 0.097554 2.509856 4.837196
v -0.055123 2.945354 3.588910
v -1.312352 2.596964 3.571605
v 1.931425 2.379778 4.837196
v 2.625190 2.071740 4.803037
v 3.049759 2.300642 3.573383
v 2.285017 2.691507 3.588910
v -1.619320 2.642376 2.149968
v -0.288436 3.007810 2.153346
v -0.390183 2.609121 0.839604
v -1.579797 2.234181 0.834564
v 2.397176 2.807022 2.153346
v 3.255223 2.388631 2.150240
v 3.169226 2.355054 0.853139
v 2.218260 2.690668 0.879089
v -1.488559 1.727855 -0.135419
v -0.393313 2.132855 -0.108668
v -0.452486 1.762871 -0.936878
v -1.482249 1.312432 -0.990692
v 1.991255 2.448607 0.088753
v 2.949971 2.211366 -0.040998
v 2.719459 1.980387 -0.793337
v 1.748394 2.133952 -0.539957
v -1.503496 1.108422 -2.430068
v -0.477036 1.586904 -2.379480
v -0.461526 1.422607 -4.278201
v -1.474205 0.938982 -4.296054
v 1.564081 1.896420 -1.974241
v 2.607609 1.767608 -2.203140
v 2.695306 1.548732 -4.120147
v 1.639570 1.712521 -4.057460
v 0.145687 2.008757 5.523654
v -0.626002 1.776904 5.470913
v -0.538011 1.364222 5.458668
v 0.156000 1.556648 5.513545
v 2.329610 1.708235 5.477074
v 1.695613 1.961323 5.523655
v 1.600617 1.522393 5.513545
v 2.200017 1.308165 5.465077
v -1.408476 0.435362 -5.575210
v -0.410411 0.905423 -5.582036
v -0.322267 0.321764 -5.756816
v -1.279664 -0.141094 -5.744649
v 1.740301 1.216052 -5.509137
v 2.806843 1.070271 -5.444579
v 2.832856 0.501272 -5.626693
v 1.785103 0.638019 -5.719446
v -1.246018 0.807494 4.668707
v -2.048925 0.361640 4.272391
v -1.580484 0.593081 3.394414
v -0.926308 0.950673 3.709384
v 0.228465 1.339591 4.911940
v -0.403942 1.164117 4.862584
v -0.202133 1.252510 3.866424
v 0.347998 1.424905 3.906118
v 1.131822 1.386115 4.911940
v 0.710120 1.402474 4.911940
v 0.772142 1.490308 3.906118
v 1.133240 1.465047 3.906118
v 2.072327 1.103161 4.868349
v 1.543858 1.296581 4.911940
v 1.470215 1.354542 3.906118
v 1.886509 1.156162 3.871060
v 3.966635 0.345003 4.322531
v 2.924951 0.749239 4.693984
v 2.531271 0.865565 3.730830
v 3.332949 0.569484 3.433475
v 5.106440 0.134069 2.852007
v 4.743961 0.125129 3.708538
v 3.926718 0.429961 2.945210
v 4.198153 0.446648 2.266035
v 5.273007 0.265122 0.735741
v 5.237997 0.212515 1.798386
v 4.291779 0.509717 1.429737
v 4.316864 0.545809 0.631392
v 5.234056 0.174049 -0.549046
v 5.281493 0.260514 -0.005251
v 4.320699 0.517292 0.227370
v 4.281501 0.421464 0.078356
v 4.576543 -0.198873 -2.768847
v 5.001873 -0.012183 -1.475241
v 4.097190 0.290563 -0.450652
v 3.764847 0.189928 -1.397437
v 3.472480 0.068007 -4.401686
v 4.070076 -0.169495 -3.820296
v 3.376418 0.218010 -2.202570
v 2.916810 0.361053 -2.646682
v 1.707807 0.434159 -4.749211
v 2.651757 0.294677 -4.666784
v 2.269727 0.509414 -2.850470
v 1.514124 0.606964 -2.916379
v 0.450797 0.405593 -4.769948
v 0.972432 0.479731 -4.762442
v 0.924209 0.636941 -2.928604
v 0.509282 0.576996 -2.935040
v -1.019663 -0.271068 -4.772429
v -0.178569 0.159037 -4.785200
v 0.013741 0.386602 -2.947282
v -0.635730 0.055066 -2.931986
v -2.841110 -1.267058 -4.196362
v -1.959006 -0.806788 -4.646637
v -1.330158 -0.374868 -2.810865
v -1.958542 -0.793358 -2.438727
v -3.612832 -1.420990 -1.594013
v -3.468475 -1.493917 -3.083678
v -2.331043 -1.013242 -1.612692
v -2.417899 -0.955961 -0.566543
v -3.370646 -0.525905 0.006552
v -3.486362 -1.031844 -0.546264
v -2.451740 -0.647106 0.046969
v -2.471146 -0.225033 0.222939
v -3.253801 0.018486 1.788697
v -3.313822 -0.144553 0.732485
v -2.474279 0.094563 0.631947
v -2.449126 0.251080 1.429552
v -2.679965 0.088301 3.650817
v -3.083890 0.033830 2.820070
v -2.324556 0.303787 2.249227
v -2.076312 0.373777 2.905677
v -2.349422 1.437716 4.549650
v -2.112492 1.882408 4.142633
v -2.698802 1.660666 3.495432
v -2.897908 1.226405 3.983224
v 4.168241 1.335513 4.554145
v 4.853390 1.133810 3.972661
v 4.501933 1.486363 3.463470
v 3.784219 1.702089 4.135656
v -2.939327 1.704574 2.173344
v -2.577104 1.933883 1.490415
v -2.947723 1.455034 0.877332
v -3.320807 1.275375 1.502647
v 4.690464 1.573400 2.127768
v 5.214077 1.299493 1.452589
v 4.701826 1.610716 0.828977
v 4.184082 1.885777 1.460478
v -2.988180 1.004629 -0.096645
v -2.534670 1.021371 -0.506244
v -3.107713 0.509112 -0.937961
v -3.511513 0.450723 -0.484059
v 4.630013 1.568493 -0.160339
v 5.119887 1.264629 -0.566420
v 4.502306 1.454714 -0.995875
v 3.964424 1.748653 -0.535987
v -3.315825 0.162061 -2.326070
v -2.713559 0.408291 -3.295838
v -3.243802 0.004960 -4.096112
v -3.845177 -0.245517 -3.148942
v 4.347861 1.315164 -2.261584
v 4.714517 1.008045 -2.948326
v 4.208995 1.100082 -3.832320
v 3.759475 1.411171 -3.155186
v -2.131261 1.109210 5.094657
v -2.510692 0.662439 4.897690
v -1.976327 0.728497 5.054983
v -1.571815 1.166946 5.328594
v -3.417726 0.593935 3.836220
v -3.681707 0.328745 3.264821
v -3.407847 0.128932 3.669206
v -3.221321 0.364524 4.212022
v 3.926643 1.030832 5.125989
v 3.252628 1.086799 5.356077
v 3.775046 0.666329 5.094848
v 4.447349 0.604797 4.944570
v 5.505575 0.569783 3.857229
v 5.329721 0.346860 4.261505
v 5.506413 0.156881 3.716462
v 5.740485 0.356551 3.284451
v -3.869343 0.605924 1.466688
v -3.972037 0.209702 0.831377
v -3.857395 0.087578 1.394898
v -3.892699 0.350692 2.074196
v 5.850347 0.716804 1.441410
v 5.892105 0.440479 2.067881
v 5.838071 0.299514 1.393901
v 5.928255 0.501268 0.814558
v -4.129709 -0.189401 -0.491452
v -4.320253 -0.748514 -0.908964
v -4.095539 -0.694370 -0.456270
v -4.086888 -0.201418 -0.111942
v 5.808995 0.735230 -0.563407
v 5.921241 0.515810 -0.160182
v 5.832484 0.315316 -0.506089
v 5.842021 0.457341 -0.961206
v -4.443542 -0.905124 -3.107852
v -4.261923 -1.183609 -3.964351
v -4.348612 -1.433520 -3.002878
v -4.530964 -1.145492 -2.226954
v 5.258980 0.472271 -2.852729
v 5.560216 0.295440 -2.113579
v 5.285775 -0.024256 -2.750891
v 5.074730 0.125192 -3.561525
v -3.107041 -0.420352 -5.292141
v -2.478866 -0.447206 -5.672051
v -2.906238 -0.969364 -5.440370
v -3.531529 -0.948005 -5.192055
v 4.167057 0.640477 -4.900049
v 4.492094 0.200088 -4.710561
v 4.119114 0.086475 -5.041741
v 3.786341 0.508540 -5.369483
v 0.966512 2.109804 5.523655
v 0.689900 1.853366 5.599103
v 0.915632 1.636133 5.513544
v 1.164379 1.839520 5.599103
v 1.095366 2.604388 4.837195
v 1.488665 2.770120 4.259871
v 1.263043 3.021412 3.588910
v 0.863425 2.853966 4.259871
v 1.204173 3.128407 2.153345
v 1.457232 2.989800 1.476437
v 0.981561 2.863188 0.871397
v 0.676768 3.016387 1.470828
v 0.830300 2.491150 0.050296
v 1.071621 2.345002 -0.168577
v 0.650902 2.121534 -0.617770
v 0.414082 2.219706 -0.342560
v 0.524742 1.898007 -2.055656
v 0.819926 1.866854 -3.003451
v 0.554506 1.742905 -4.106065
v 0.251908 1.794118 -3.180820
v 0.614630 1.235024 -5.531549
v 0.947949 0.944999 -5.777629
v 0.672203 0.652873 -5.736282
v 0.354685 0.859286 -5.790776
v -0.350350 2.386855 4.827527
v 0.034424 2.749857 4.259871
v -0.664829 2.799811 3.584514
v -1.079774 2.421716 4.231743
v 2.256779 2.245274 4.828656
v 2.842756 2.203372 4.235029
v 2.663167 2.511742 3.585028
v 2.113161 2.550202 4.259871
v -0.965989 2.854276 2.152467
v -0.379822 2.845720 1.466019
v -0.990890 2.440274 0.835557
v -1.637818 2.476784 1.464025
v 2.831871 2.612624 2.152569
v 3.234826 2.385222 1.468626
v 2.697182 2.538231 0.867238
v 2.316482 2.770576 1.475890
v -0.935705 1.944116 -0.128908
v -0.423393 1.935037 -0.491877
v -0.940281 1.557389 -0.977481
v -1.479008 1.505052 -0.533821
v 2.464246 2.346790 0.029497
v 2.833449 2.101325 -0.384938
v 2.214573 2.075672 -0.656681
v 1.869862 2.293567 -0.185355
v -0.957768 1.376919 -2.420576
v -0.474712 1.537292 -3.337513
v -0.939076 1.205826 -4.299915
v -1.494332 1.055804 -3.373050
v 2.060101 1.847417 -2.083819
v 2.641960 1.676881 -3.166979
v 2.150893 1.644384 -4.097057
v 1.591533 1.826535 -3.014763
v -0.208193 1.911665 5.510469
v -0.578470 1.558320 5.544070
v -0.160171 1.478762 5.499825
v 0.146160 1.768014 5.599103
v 1.982243 1.854051 5.512010
v 1.637259 1.730951 5.599103
v 1.868685 1.434330 5.501428
v 2.253935 1.499120 5.550498
v -0.883713 0.691433 -5.588530
v -0.372126 0.588714 -5.811642
v -0.777362 0.109973 -5.759833
v -1.356212 0.122148 -5.800640
v 2.264265 1.155621 -5.494158
v 2.838139 0.768576 -5.678407
v 2.302264 0.581714 -5.691430
v 1.773829 0.906691 -5.765660
v -1.663418 0.580253 4.498290
v -1.810296 0.447488 3.863180
v -1.271608 0.766354 3.572910
v -1.088113 0.848975 4.221390
v -0.060613 1.269783 4.899602
v -0.308452 1.181601 4.397844
v 0.094749 1.353958 3.896195
v 0.281550 1.354848 4.442714
v 0.925502 1.403886 4.911941
v 0.734995 1.417595 4.442714
v 0.958596 1.488639 3.906118
v 1.129581 1.396341 4.442714
v 1.781163 1.216769 4.901043
v 1.507573 1.297246 4.442714
v 1.658395 1.266691 3.897354
v 1.981777 1.105774 4.403085
v 3.451668 0.539505 4.535734
v 2.736580 0.781294 4.244568
v 2.934257 0.706586 3.603905
v 3.667450 0.430464 3.907587
v 4.966095 0.110955 3.307749
v 4.356482 0.247838 3.352248
v 4.093980 0.425689 2.627375
v 4.675573 0.260467 2.578550
v 5.263194 0.244010 1.247524
v 4.791642 0.332010 1.626389
v 4.309676 0.533487 1.003547
v 4.823723 0.377055 0.686931
v 5.272816 0.228633 -0.265573
v 4.831188 0.361124 0.102617
v 4.312795 0.475777 0.160674
v 4.789345 0.269213 -0.258429
v 4.806351 -0.119004 -2.114215
v 4.581671 0.105798 -1.002405
v 3.943331 0.230309 -0.906787
v 4.201143 -0.044756 -2.138051
v 3.790919 -0.062233 -4.160138
v 3.750186 -0.018197 -3.076656
v 3.162780 0.282953 -2.462209
v 3.217386 0.175428 -3.593928
v 2.174447 0.375054 -4.723740
v 2.477486 0.372455 -3.829994
v 1.888353 0.565530 -2.895398
v 1.620664 0.499966 -3.904679
v 0.704989 0.460416 -4.766069
v 0.952530 0.542396 -3.917498
v 0.710847 0.620441 -2.931821
v 0.480447 0.476188 -3.924533
v -0.579742 -0.036730 -4.787629
v -0.086465 0.255147 -3.938432
v -0.298564 0.236310 -2.947969
v -0.838024 -0.133294 -3.924559
v -2.419556 -1.060439 -4.483181
v -1.662986 -0.626900 -3.800997
v -1.659802 -0.596229 -2.669417
v -2.426929 -1.071480 -3.386617
v -3.611443 -1.504872 -2.330529
v -2.946565 -1.315063 -2.404927
v -2.393239 -1.017188 -1.076712
v -3.025167 -1.235088 -1.124726
v -3.425422 -0.779323 -0.249558
v -2.973903 -0.879659 -0.274923
v -2.463391 -0.436013 0.147910
v -2.930099 -0.406911 0.105775
v -3.292213 -0.037909 1.241615
v -2.904428 -0.051437 0.685167
v -2.470569 0.189451 1.005061
v -2.858977 0.107966 1.621085
v -2.919835 0.045726 3.260718
v -2.700667 0.140366 2.553799
v -2.217241 0.326512 2.598140
v -2.373056 0.200249 3.303608
v -2.587856 1.041502 4.718204
v -1.752199 1.559296 5.046067
v -1.397051 1.995659 4.743549
v -1.865492 2.333141 3.555048
v -2.487823 2.080915 2.860447
v -3.206182 1.336254 2.823943
v -3.385926 0.938068 3.381907
v -3.013555 0.871739 4.299907
v 3.440891 1.464249 5.064449
v 4.513598 0.973608 4.741955
v 5.050906 0.817454 4.317974
v 5.419913 0.885534 3.367059
v 5.120292 1.231253 2.781813
v 4.105098 1.824347 2.832310
v 3.463649 2.053984 3.550091
v 3.060768 1.856185 4.751798
v -2.152358 2.373986 2.154940
v -2.091364 1.998422 0.844995
v -2.493435 1.509933 0.319644
v -3.366938 0.964183 0.333656
v -3.683585 0.831608 0.868402
v -3.604526 0.978125 2.141273
v 5.588020 0.968032 2.104081
v 5.622300 1.021354 0.825111
v 5.198342 1.317082 0.275231
v 4.102462 1.868777 0.287967
v 3.642790 2.138690 0.840485
v 3.692478 2.139265 2.145582
v -2.003909 1.502510 -0.125728
v -2.035223 1.062293 -0.980303
v -2.656312 0.611179 -1.552841
v -3.721845 -0.021133 -1.495591
v -4.010503 -0.132469 -0.917703
v -3.811545 0.405926 -0.097721
v 5.590509 1.022992 -0.166452
v 5.486994 0.961769 -0.983217
v 4.963133 1.158045 -1.516497
v 3.825076 1.582928 -1.535283
v 3.275733 1.845163 -0.911804
v 3.466944 2.037358 -0.104267
v -2.103624 0.800329 -2.412978
v -2.053946 0.635852 -4.263265
v -2.609741 0.134931 -4.957774
v -3.616479 -0.415334 -4.603990
v -4.071198 -0.588400 -3.859852
v -4.249062 -0.507301 -2.254583
v 5.231887 0.837848 -2.153802
v 4.869693 0.668811 -3.512963
v 4.503500 0.735161 -4.208627
v 3.758510 1.085345 -4.696028
v 3.239923 1.427997 -4.095315
v 3.188035 1.656636 -2.289316
v -2.894509 0.681679 4.595123
v -2.822438 0.287101 4.488042
v -2.270242 0.367991 4.595323
v -1.388302 0.849551 5.019930
v -0.990353 1.205512 5.376499
v -1.117118 1.600674 5.392003
v -3.740950 0.630314 2.747298
v -3.733810 0.132986 2.621815
v -3.399199 0.015598 3.032217
v -2.955444 0.070456 3.926522
v 2.767928 1.518664 5.407202
v 2.625592 1.136179 5.392375
v 3.075122 0.787585 5.046918
v 4.207127 0.338768 4.648720
v 4.882131 0.262890 4.549657
v 4.928063 0.632013 4.635502
v 5.056042 0.091543 3.988706
v 5.447366 0.097349 3.066876
v 5.755352 0.223758 2.635603
v 5.762588 0.643489 2.735097
v -3.962039 0.329565 0.312034
v -3.920849 -0.185778 0.292560
v -3.660879 -0.145846 0.773618
v -3.590901 0.014138 1.923389
v 5.588527 0.180339 1.933403
v 5.625422 0.238419 0.774459
v 5.847926 0.338938 0.276316
v 5.850063 0.754533 0.272808
v -4.381341 -0.692821 -1.478883
v -4.320555 -1.203037 -1.390333
v -3.922154 -1.070425 -0.746430
v -3.745567 -0.543125 -0.064477
v 5.631836 0.243242 -0.087791
v 5.576358 0.164517 -0.770412
v 5.680341 0.194137 -1.383795
v 5.638069 0.640541 -1.484552
v -3.959355 -0.834315 -4.575349
v -3.820400 -1.352722 -4.618951
v -3.866370 -1.537957 -3.593374
v -4.092030 -1.473838 -1.942981
v 5.322366 -0.029988 -1.829701
v 4.860599 -0.232139 -3.234914
v 4.736111 -0.122594 -4.141540
v 4.772697 0.382987 -4.116267
v -1.970025 0.150756 -5.532530
v -1.814451 -0.417681 -5.700210
v -2.199813 -0.848449 -5.275542
v -3.174768 -1.326320 -4.798817
v 4.309148 -0.193430 -4.368264
v 3.659353 0.078247 -5.000213
v 3.332111 0.393895 -5.508410
v 3.325752 0.958404 -5.339626
v 1.271377 2.332933 5.274064
v 0.758094 2.363976 5.274064
v 0.446273 2.071761 5.523654
v 0.430070 1.605232 5.513544
v 0.688875 1.468969 5.280112
v 1.132791 1.456342 5.280112
v 1.367903 1.581034 5.513544
v 1.444681 2.036734 5.523654
v 1.639057 2.482447 4.837197
v 1.927022 2.836189 3.588909
v 1.640059 3.055377 2.871127
v 0.890711 3.159835 2.871127
v 0.478067 3.030157 3.588909
v 0.479500 2.585342 4.837197
v 1.971964 2.959455 2.153346
v 1.756147 2.799581 0.884999
v 1.265696 2.696900 0.408736
v 0.551211 2.612067 0.352647
v 0.154031 2.738959 0.847084
v 0.316203 3.103874 2.153346
v 1.550946 2.512812 0.118305
v 1.324625 2.164011 -0.481283
v 0.868710 2.005797 -1.073637
v 0.270991 1.906758 -1.321511
v -0.019569 1.924524 -0.861498
v 0.096739 2.291073 -0.071271
v 1.139685 1.918390 -1.917292
v 1.194220 1.751038 -4.032772
v 0.882532 1.557274 -4.946723
v 0.294058 1.476029 -5.008904
v -0.054527 1.583130 -4.234262
v -0.071897 1.742428 -2.301757
v 1.277233 1.250051 -5.510293
v 1.326139 0.669436 -5.727557
v 0.979705 0.505579 -5.391463
v 0.419925 0.424182 -5.399247
v 0.070902 0.484437 -5.746650
v -0.003248 1.067880 -5.565282
v -0.707121 2.000059 5.226597
v 0.138155 2.259866 5.274064
v -0.171159 3.046547 2.871127
v -1.512014 2.686157 2.862687
v 1.788383 2.186384 5.274064
v 2.448429 1.908144 5.232141
v 3.203041 2.360552 2.863364
v 2.396806 2.781145 2.871127
v -0.376281 2.357106 0.304557
v -1.519150 1.969851 0.291453
v 3.064909 2.299297 0.338392
v 2.109763 2.583372 0.403267
v -0.466540 1.642697 -1.535476
v -1.499847 1.176975 -1.593836
v 2.627512 1.863429 -1.366102
v 1.627573 1.991511 -1.095952
v -0.439440 1.209642 -5.070167
v -1.444969 0.733771 -5.072350
v 2.754165 1.351058 -4.925171
v 1.692791 1.508929 -4.942271
v -0.485009 1.221122 5.227305
v 0.181742 1.402387 5.280112
v 1.573380 1.366347 5.280112
v 2.145566 1.165159 5.233473
v -0.258520 0.160995 -5.415391
v -1.170319 -0.292726 -5.403242
v 2.775795 0.324064 -5.289473
v 1.765853 0.463310 -5.378095
v -2.395776 0.187167 3.989181
v -1.852427 0.456201 3.172007
v -1.344805 0.757925 2.894049
v -0.738753 1.069124 3.165231
v -0.550152 1.120048 3.806884
v -0.808716 1.013563 4.788954
v -0.067114 1.341667 3.301665
v 0.434302 1.513002 3.335838
v 0.569006 1.469391 3.906118
v 0.479252 1.381236 4.911940
v 0.814408 1.583385 3.335838
v 1.132411 1.556430 3.335838
v 1.302664 1.420134 3.906118
v 1.335914 1.350243 4.911940
v 1.422078 1.436889 3.335838
v 1.775430 1.235734 3.305656
v 2.171279 1.022109 3.818474
v 2.442872 0.948880 4.802962
v 2.330809 0.976596 3.184931
v 2.994158 0.745632 2.929778
v 3.678891 0.473100 3.215318
v 4.417413 0.196508 4.048692
v 3.483319 0.642368 2.512799
v 3.705167 0.662721 1.933991
v 4.257514 0.479202 1.865415
v 5.188663 0.174561 2.346992
v 3.775951 0.716531 1.220758
v 3.785361 0.742972 0.572489
v 4.317923 0.541978 0.357817
v 5.276189 0.271931 0.304371
v 3.785676 0.701237 0.360565
v 3.750193 0.602260 0.438224
v 4.213955 0.358383 -0.098961
v 5.149109 0.094523 -0.928119
v 3.593369 0.508719 0.140560
v 3.308654 0.464895 -0.601914
v 3.572262 0.181726 -1.852675
v 4.326451 -0.224725 -3.362940
v 2.979405 0.496671 -1.263259
v 2.594994 0.585388 -1.629691
v 2.623971 0.441171 -2.771073
v 3.098259 0.194058 -4.564162
v 2.045980 0.671365 -1.799579
v 1.398044 0.728441 -1.856198
v 1.181318 0.631035 -2.923941
v 1.293310 0.469198 -4.757384
v 0.891678 0.741378 -1.867737
v 0.537710 0.686082 -1.873507
v 0.287564 0.501241 -2.939710
v 0.169672 0.308168 -4.775764
v 0.117998 0.526154 -1.883940
v -0.423108 0.255235 -1.867061
v -0.984135 -0.150314 -2.889546
v -1.484145 -0.532378 -4.728972
v -0.978927 -0.098404 -1.748488
v -1.448857 -0.443631 -1.422573
v -2.192762 -0.938860 -2.094478
v -3.198978 -1.412234 -3.743942
v -1.724230 -0.642979 -0.755223
v -1.857368 -0.628635 0.039474
v -2.434716 -0.830620 -0.163563
v -3.550170 -1.255967 -0.966616
v -1.950921 -0.383601 0.391219
v -2.013381 -0.019928 0.345094
v -2.478414 -0.040513 0.356156
v -3.332615 -0.304666 0.305870
v -2.047603 0.264633 0.572408
v -2.045691 0.413129 1.222760
v -2.402278 0.284463 1.859513
v -3.184497 0.034575 2.329350
v -1.963731 0.479635 1.921436
v -1.745741 0.554981 2.479995
v -2.950345 -0.215588 -4.405347
v -3.689631 2.750304 -2.110053
v -3.908991 3.616121 -0.552372
v -3.635326 2.856915 0.631723
v -3.007392 1.199916 1.779751
v -1.652298 0.074822 -4.822047
v -2.064498 2.820993 -2.523761
v -2.186764 3.742199 -0.638562
v -2.206436 2.965041 0.767289
v -1.905690 1.649204 2.103033
v 0.199679 0.746342 -4.888724
v 0.210858 2.590579 -2.815091
v 0.369618 3.315872 -0.763283
v 0.338278 2.821669 0.887965
v 0.320451 1.948675 2.376853
v 2.305138 1.074866 -4.570396
v 2.502757 1.979718 -2.752847
v 2.814321 2.329681 -0.747212
v 2.999594 1.885654 1.047337
v 2.863573 1.176109 2.627532
v 4.386099 0.348280 -3.892480
v 4.668049 0.873207 -2.334728
v 4.985301 1.168701 -0.686560
v 5.045227 0.868248 0.891814
v 4.984743 0.385246 2.340712
v -2.989537 0.475538 -3.021626
v -3.449444 2.351859 -1.668101
v -3.587452 2.878239 -0.781642
v -3.413192 2.434847 -0.096335
v -3.019533 1.404564 0.570553
v -2.035400 0.582442 -2.655536
v -2.407661 2.170512 -1.560484
v -2.526809 2.616179 -0.837144
v -2.408555 2.243939 -0.264586
v -2.095752 1.378291 0.295736
v 3.880239 1.755167 -0.718177
v 4.842107 1.081163 -1.514092
v 3.954528 1.367363 0.999875
v 5.045620 1.074421 0.119170
v 3.885763 0.759427 2.534087
v 5.019358 0.631768 1.626630
v -3.132155 0.103167 -3.709924
v -3.244387 1.524218 -2.304496
v -3.762629 2.556509 -1.865798
v -3.562562 2.779258 -1.175297
v -3.951243 3.252431 -0.656224
v -3.534728 2.751385 -0.430199
v -3.710030 2.652427 0.272593
v -3.233948 1.960857 0.236691
v -3.166354 1.269711 1.175152
v -2.581622 0.605607 -2.719908
v -2.241521 1.470053 -2.075682
v -2.966067 2.234049 -1.581806
v -2.500433 2.532151 -1.160046
v -3.081940 2.689685 -0.833008
v -2.495318 2.509865 -0.544776
v -2.945191 2.310273 -0.247761
v -2.269783 1.845691 0.015224
v -2.620244 1.428162 0.323217
v -3.360375 1.436530 -3.195201
v -3.056718 2.833166 -2.329385
v -1.883893 1.587058 -3.643865
v -2.419303 -0.187969 -4.727804
v -3.869967 3.448058 -1.248665
v -3.240427 3.767972 -0.562622
v -2.153063 3.538470 -1.514659
v -3.825174 3.392066 0.058446
v -3.064824 2.944414 0.758324
v -2.212008 3.493558 0.099686
v -3.358557 2.088290 1.204459
v -2.549724 1.361745 2.031933
v -2.112849 2.329339 1.433020
v -0.949471 2.742826 -2.698052
v 0.195778 1.749927 -3.858188
v -0.770091 0.409708 -4.883696
v -0.980491 3.598695 -0.714629
v 0.264320 3.123817 -1.759102
v -1.099993 2.965870 0.806882
v 0.391097 3.172076 0.105202
v -1.020979 1.906209 2.215711
v 0.323661 2.399351 1.638904
v 1.369419 2.347275 -2.835915
v 2.398835 1.563738 -3.683446
v 1.240062 1.016790 -4.784901
v 1.679623 2.872373 -0.768691
v 2.633647 2.252738 -1.751059
v 1.848398 2.418818 0.990589
v 2.949194 2.179400 0.185618
v 1.749098 1.641963 2.547312
v 2.962427 1.541021 1.852195
v 3.596589 1.466501 -2.570377
v 4.518368 0.620027 -3.123228
v 3.352132 0.804473 -4.257466
v -2.773753 1.486650 -3.477888
v -3.208530 3.577325 -1.365744
v -3.186296 3.512293 0.124991
v -2.859933 2.196475 1.392715
v -0.875992 1.686232 -3.781485
v -0.967714 3.387779 -1.657377
v -1.029219 3.403809 0.086950
v -1.103923 2.450512 1.512546
v 1.298808 1.738611 -3.827811
v 1.477513 2.739614 -1.790429
v 1.810923 2.731559 0.151986
v 1.830597 2.043142 1.780710
v 3.467986 1.156950 -3.431924
v 3.746305 1.687204 -1.649111
v 3.945736 1.623705 0.167738
v 3.929915 1.070928 1.780701
v -3.481582 1.473045 -2.733183
v -3.917430 3.120533 -1.193095
v -3.878750 3.079881 -0.179199
v -3.463142 2.015666 0.723251
v -2.794586 1.515980 -2.117121
v -3.060909 2.604072 -1.166389
v -3.040908 2.581266 -0.533460
v -2.798589 1.904450 0.037370
v -2.925276 0.626056 -3.976430
v -3.290927 2.192671 -2.768741
v -2.483007 2.242736 -2.983719
v -2.209141 0.748703 -4.173779
v -3.538896 3.248799 -1.737105
v -3.640777 3.689105 -0.906209
v -2.734735 3.736771 -0.999964
v -2.664304 3.277782 -1.914441
v -3.618216 3.643244 -0.208062
v -3.493968 3.227772 0.417903
v -2.699636 3.263113 0.444886
v -2.737739 3.691552 -0.227805
v -3.285763 2.546142 1.024831
v -2.989879 1.703692 1.637410
v -2.393163 1.884018 1.745549
v -2.600013 2.621578 1.091331
v -1.308995 0.954452 -4.284235
v -1.460608 2.261451 -3.159123
v -0.363606 2.236450 -3.298228
v -0.322292 1.164784 -4.363781
v -1.550482 3.194431 -2.090218
v -1.585186 3.639443 -1.116784
v -0.334347 3.422580 -1.215018
v -0.367474 3.021830 -2.235788
v -1.627838 3.617936 -0.279873
v -1.679361 3.237794 0.440036
v -0.377173 3.134097 0.473695
v -0.316962 3.432867 -0.310953
v -1.686007 2.693343 1.123045
v -1.595220 2.098528 1.808417
v -0.422085 2.213685 1.932123
v -0.431904 2.694921 1.208535
v 0.728644 1.336975 -4.355708
v 0.766041 2.146122 -3.352479
v 1.893951 1.946667 -3.296437
v 1.811368 1.385728 -4.233061
v 0.825604 2.749827 -2.311664
v 0.961138 3.067389 -1.266427
v 2.159481 2.588970 -1.262809
v 1.994163 2.370013 -2.298004
v 1.096951 3.074366 -0.308147
v 1.122068 2.825538 0.541383
v 2.460512 2.322484 0.609697
v 2.354084 2.561675 -0.282144
v 1.111755 2.454910 1.329961
v 1.092898 2.043184 2.090748
v 2.398529 1.606940 2.220073
v 2.466698 1.981974 1.435422
v 2.883311 1.183179 -3.998644
v 2.993320 1.572095 -3.127783
v 4.061232 1.041440 -2.873800
v 3.931206 0.744205 -3.681450
v 3.121206 1.875724 -2.194615
v 3.268671 2.036323 -1.216004
v 4.369024 1.446378 -1.141249
v 4.213675 1.293080 -2.023855
v 3.402311 1.995263 -0.267215
v 3.465572 1.772157 0.616311
v 4.490363 1.241580 0.553277
v 4.468834 1.426236 -0.273443
v 3.461848 1.464851 1.438953
v 3.407149 1.131089 2.217573
v 4.442939 0.710331 2.077759
v 4.472981 0.985362 1.333800
v -3.646576 2.114374 -2.459080
v -3.284818 0.700821 -3.523519
v -3.252016 0.919517 -2.911178
v -3.529914 2.022431 -2.109488
v -3.996224 3.426731 -0.890581
v -3.893449 3.051155 -1.576015
v -3.719876 2.747915 -1.449624
v -3.799289 3.033777 -0.942500
v -3.836650 3.040727 0.213926
v -3.973068 3.390089 -0.314377
v -3.781541 3.007250 -0.515391
v -3.676483 2.746416 -0.120538
v -3.299574 1.638316 1.245860
v -3.604376 2.428659 0.728586
v -3.495744 2.280206 0.264856
v -3.259285 1.670815 0.651704
v -3.138654 1.942893 -1.884581
v -2.927953 1.060875 -2.500346
v -2.423351 1.061252 -2.375996
v -2.615588 1.882427 -1.814918
v -3.343246 2.748210 -0.985746
v -3.282811 2.521536 -1.377034
v -2.747364 2.421222 -1.351957
v -2.802853 2.632421 -0.993907
v -3.252915 2.524755 -0.347314
v -3.329958 2.727977 -0.654657
v -2.795588 2.613847 -0.688943
v -2.732179 2.425049 -0.404008
v -2.941791 1.686267 0.254689
v -3.119354 2.161320 -0.046879
v -2.615510 2.087308 -0.124813
v -2.455461 1.645840 0.155436
v -3.117909 1.451904 -3.357914
v -2.928639 2.221427 -2.884622
v -2.353788 1.533968 -3.568684
v -2.600996 0.669847 -4.096507
v -3.606745 3.537826 -1.300814
v -3.238027 3.735420 -0.946762
v -2.711808 3.574793 -1.438633
v -3.149054 3.280853 -1.824855
v -3.567001 3.475244 0.110622
v -3.133463 3.258715 0.444446
v -2.723270 3.514602 0.116398
v -3.222190 3.687821 -0.208035
v -3.149687 2.138319 1.330650
v -2.717689 1.784534 1.712023
v -2.511663 2.260800 1.417793
v -2.974730 2.586718 1.074614
v -1.389947 1.639120 -3.716995
v -0.918810 2.255766 -3.236248
v -0.346070 1.724474 -3.830745
v -0.825068 1.061715 -4.331416
v -1.568778 3.476593 -1.589001
v -0.973630 3.547128 -1.169989
v -0.354795 3.270649 -1.715505
v -0.963921 3.119921 -2.169247
v -1.654394 3.460550 0.089700
v -1.066182 3.203649 0.452332
v -0.339224 3.311574 0.091947
v -0.998363 3.543207 -0.298843
v -1.654800 2.400132 1.465534
v -1.071461 2.180169 1.864285
v -0.432298 2.457808 1.571267
v -1.114353 2.713618 1.160183
v 0.745509 1.758669 -3.857225
v 1.331889 2.064159 -3.338389
v 1.851355 1.677663 -3.769900
v 1.268693 1.384772 -4.308532
v 0.877078 2.945904 -1.783887
v 1.576008 2.840521 -1.270756
v 2.062159 2.507657 -1.779296
v 1.414079 2.573813 -2.316039
v 1.121417 2.973552 0.127224
v 1.840927 2.589122 0.579357
v 2.419277 2.461656 0.173460
v 1.756982 2.831015 -0.295904
v 1.106710 2.252472 1.712671
v 1.797745 1.844147 2.165481
v 2.441537 1.797334 1.831170
v 1.845935 2.235761 1.390060
v 2.936930 1.384744 -3.568406
v 3.529898 1.319774 -3.007902
v 3.994350 0.896622 -3.281150
v 3.409263 0.983394 -3.846946
v 3.194601 1.977566 -1.706286
v 3.819737 1.744459 -1.180956
v 4.293927 1.386715 -1.583668
v 3.669812 1.591765 -2.114849
v 3.441645 1.900350 0.182432
v 3.955313 1.505222 0.590598
v 4.487487 1.348662 0.145372
v 3.922128 1.710968 -0.268566
v 3.440216 1.300174 1.831932
v 3.909387 0.916119 2.159109
v 4.459266 0.849415 1.708826
v 3.945533 1.221970 1.395433
v -3.475271 1.447328 -2.976185
v -3.311142 0.806007 -3.214719
v -3.398293 1.502427 -2.498515
v -3.634927 2.068480 -2.278987
v -3.961714 3.299782 -1.214119
v -3.856139 2.901331 -1.507288
v -3.772564 2.937847 -1.181515
v -3.948474 3.231704 -0.912861
v -3.918569 3.251372 -0.046379
v -3.927707 3.200302 -0.412825
v -3.739532 2.904313 -0.315357
v -3.805255 2.895735 0.048119
v -3.459430 2.048343 0.987005
v -3.594545 2.354520 0.497689
v -3.382860 1.987442 0.458159
v -3.319558 1.649514 0.949124
v -3.038849 1.527165 -2.183446
v -2.690697 1.072812 -2.414298
v -2.524508 1.495372 -2.087281
v -2.888105 1.911071 -1.836812
v -3.322869 2.672303 -1.170362
v -3.023287 2.460874 -1.360536
v -2.784104 2.561657 -1.163057
v -3.080078 2.676168 -0.992750
v -3.298708 2.647816 -0.499069
v -3.068446 2.657150 -0.680548
v -2.770641 2.539396 -0.544865
v -2.999690 2.464739 -0.389834
v -3.034610 1.933095 0.103811
v -2.877187 2.120574 -0.105330
v -2.539288 1.875218 0.015224
v -2.712031 1.670710 0.180249
v -3.160408 0.631617 -3.792461
v -3.540148 2.156856 -2.629190
v -3.434525 2.805816 -2.223581
v -2.589084 2.836757 -2.428950
v -1.983756 2.256207 -3.072923
v -1.771282 0.848334 -4.229326
v -2.056779 -0.074812 -4.788938
v -2.722837 -0.242333 -4.609616
v -3.798728 3.174580 -1.653416
v -3.905879 3.589114 -0.885188
v -3.643699 3.718842 -0.544792
v -2.741395 3.772697 -0.596875
v -2.171900 3.701874 -1.058932
v -2.119747 3.246629 -2.003638
v -3.881835 3.547455 -0.239604
v -3.741700 3.158902 0.347111
v -3.400191 2.913760 0.720425
v -2.661235 2.958349 0.766813
v -2.216720 3.252346 0.437368
v -2.199780 3.664801 -0.255657
v -3.506390 2.495055 0.917612
v -3.191761 1.651587 1.491945
v -2.808326 1.255663 1.944641
v -2.246516 1.499234 2.073954
v -2.023065 1.992048 1.767758
v -2.173032 2.655521 1.099352
v -1.515835 2.790278 -2.615303
v -0.371781 2.676854 -2.766490
v 0.199759 2.200803 -3.338995
v 0.196542 1.258318 -4.374241
v -0.295394 0.581237 -4.897077
v -1.222898 0.238615 -4.856159
v -1.606052 3.685663 -0.678697
v -0.316474 3.476896 -0.743708
v 0.319544 3.263451 -1.248341
v 0.231448 2.898889 -2.284906
v -1.692891 2.973963 0.781147
v -0.415504 2.921519 0.842990
v 0.364417 3.013330 0.503565
v 0.395882 3.279169 -0.314592
v -1.510126 1.792727 2.151497
v -0.404702 1.966056 2.292042
v 0.322703 2.175785 2.008691
v 0.326751 2.615827 1.265870
v 0.792072 2.482215 -2.838335
v 1.940461 2.181272 -2.807522
v 2.448879 1.785395 -3.226331
v 2.351347 1.323858 -4.129649
v 1.772685 1.082326 -4.691073
v 0.713612 0.898161 -4.851058
v 1.042154 3.111228 -0.770706
v 2.266823 2.608721 -0.759955
v 2.720564 2.318863 -1.244065
v 2.563877 2.137595 -2.257538
v 1.114107 2.647074 0.940303
v 2.474324 2.157983 1.029405
v 2.987036 2.044029 0.624612
v 2.890642 2.278905 -0.271153
v 1.063955 1.830471 2.466511
v 2.341639 1.413670 2.605553
v 2.918423 1.359832 2.241709
v 2.989788 1.717140 1.455302
v 3.053867 1.738124 -2.671583
v 4.133718 1.174859 -2.455877
v 4.589944 0.750098 -2.732587
v 4.451146 0.485314 -3.509057
v 3.869930 0.587989 -4.078227
v 2.831078 0.974507 -4.423691
v 3.343904 2.044665 -0.733178
v 4.430449 1.462681 -0.702530
v 4.921521 1.145190 -1.099213
v 4.754860 0.987032 -1.927247
v 3.471606 1.622913 1.034969
v 4.483270 1.116607 0.949632
v 5.050708 0.979583 0.510151
v 5.025271 1.141286 -0.280083
v 3.368053 0.959799 2.599547
v 4.424115 0.569680 2.443645
v 5.002144 0.509135 1.984967
v 5.034263 0.751891 1.263109
v -3.084792 -0.085418 -4.085968
v -3.098411 0.305156 -3.335661
v -3.120074 1.013693 -2.658015
v -3.356252 1.979483 -1.971161
v -3.639551 2.448078 -1.755919
v -3.789160 2.662227 -1.987318
v -3.517741 2.613715 -1.405410
v -3.585325 2.862697 -0.969971
v -3.801722 3.051610 -0.723489
v -3.999253 3.450626 -0.594350
v -3.570361 2.840089 -0.602520
v -3.481784 2.615259 -0.262273
v -3.594858 2.537175 0.071916
v -3.731790 2.764405 0.470820
v -3.329470 2.213284 0.070021
v -3.129703 1.687854 0.403570
v -3.129154 1.342255 0.845371
v -3.127080 1.213432 1.504933
v -2.811512 0.569304 -2.826265
v -2.317155 0.603602 -2.672888
v -2.140960 1.037944 -2.361568
v -2.332088 1.855373 -1.805960
v -2.691553 2.198888 -1.567084
v -3.221824 2.282777 -1.612771
v -2.463244 2.392076 -1.347337
v -2.521258 2.602823 -0.992139
v -2.806618 2.645742 -0.838028
v -3.345192 2.762391 -0.816181
v -2.518168 2.584305 -0.688589
v -2.458692 2.395522 -0.404008
v -2.680483 2.273466 -0.264586
v -3.192868 2.361640 -0.197286
v -2.344843 2.057781 -0.124813
v -2.186141 1.616313 0.155436
v -2.365726 1.407818 0.295736
v -2.844032 1.430138 0.405663
vt 0.012340 0.763697
vt 0.032448 0.759748
vt 0.033995 0.769641
vt 0.014529 0.773111
vt 0.011400 0.756611
vt 0.031421 0.752351
vt 0.051476 0.755992
vt 0.052429 0.766346
vt 0.035864 0.781481
vt 0.017608 0.784346
vt 0.012071 0.752357
vt 0.031116 0.747995
vt 0.050358 0.748294
vt 0.068344 0.752619
vt 0.068799 0.763400
vt 0.053170 0.778769
vt 0.037856 0.794721
vt 0.021215 0.796899
vt 0.049125 0.743839
vt 0.067127 0.744642
vt 0.081974 0.749822
vt 0.082072 0.760979
vt 0.068576 0.776364
vt 0.053653 0.792674
vt 0.039770 0.808814
vt 0.024990 0.810264
vt 0.065060 0.740094
vt 0.080643 0.741600
vt 0.091286 0.747792
vt 0.091218 0.759255
vt 0.081131 0.774418
vt 0.067763 0.790886
vt 0.053829 0.807472
vt 0.041334 0.823747
vt 0.028475 0.824483
vt 0.077886 0.736966
vt 0.089823 0.739369
vt 0.089885 0.773086
vt 0.079344 0.789488
vt 0.066447 0.806343
vt 0.053597 0.823095
vt 0.042277 0.839508
vt 0.031212 0.839602
vt 0.086566 0.734660
vt 0.087552 0.788611
vt 0.076905 0.805536
vt 0.064667 0.822613
vt 0.052856 0.839477
vt 0.042327 0.856085
vt 0.032743 0.855663
vt 0.073948 0.822384
vt 0.062461 0.839572
vt 0.051505 0.856549
vt 0.041212 0.873465
vt 0.032610 0.872710
vt 0.070606 0.839855
vt 0.059869 0.857097
vt 0.049443 0.874243
vt 0.038994 0.891358
vt 0.031011 0.890411
vt 0.056930 0.875065
vt 0.046611 0.892310
vt 0.035736 0.909473
vt 0.028146 0.908437
vt 0.053496 0.893271
vt 0.042952 0.910500
vt 0.031499 0.927520
vt 0.024211 0.926455
vt 0.049420 0.911508
vt 0.038407 0.928564
vt 0.026346 0.945207
vt 0.019407 0.944134
vt 0.044554 0.929569
vt 0.032916 0.946254
vt 0.020505 0.962625
vt 0.013950 0.961559
vt 0.038750 0.947248
vt 0.026717 0.963661
vt 0.014207 0.979863
vt 0.008058 0.978815
vt 0.032243 0.964642
vt 0.020046 0.980882
vt 0.007679 0.997011
vt 0.001948 0.995987
vt 0.025266 0.981844
vt 0.013139 0.998008
vt 0.288224 0.723013
vt 0.274757 0.721545
vt 0.275026 0.712772
vt 0.288581 0.714367
vt 0.286630 0.727903
vt 0.273840 0.726536
vt 0.259907 0.720043
vt 0.260138 0.711105
vt 0.274773 0.701069
vt 0.287947 0.702757
vt 0.299616 0.724430
vt 0.300135 0.715854
vt 0.297405 0.729253
vt 0.259705 0.725158
vt 0.244365 0.718525
vt 0.244584 0.709403
vt 0.260384 0.699265
vt 0.274127 0.687286
vt 0.286572 0.688974
vt 0.299297 0.704270
vt 0.308241 0.725780
vt 0.309023 0.717197
vt 0.305491 0.730582
vt 0.244898 0.723775
vt 0.245386 0.697402
vt 0.260627 0.685442
vt 0.273213 0.672276
vt 0.284704 0.673811
vt 0.297438 0.690426
vt 0.308215 0.705551
vt 0.314345 0.726938
vt 0.315428 0.718306
vt 0.311154 0.731746
vt 0.246601 0.683518
vt 0.260854 0.670556
vt 0.272160 0.656890
vt 0.282590 0.658059
vt 0.294892 0.675067
vt 0.306196 0.691564
vt 0.314795 0.706558
vt 0.248060 0.668744
vt 0.261048 0.655530
vt 0.270692 0.641061
vt 0.280051 0.641745
vt 0.291996 0.658940
vt 0.303343 0.675953
vt 0.312832 0.692398
vt 0.249595 0.654073
vt 0.260825 0.640197
vt 0.268530 0.624724
vt 0.276907 0.624897
vt 0.288649 0.642158
vt 0.300036 0.659438
vt 0.309929 0.676533
vt 0.250705 0.639242
vt 0.259800 0.624394
vt 0.265400 0.607812
vt 0.272980 0.607542
vt 0.284754 0.624835
vt 0.296234 0.642210
vt 0.306475 0.659670
vt 0.250893 0.623986
vt 0.257587 0.607958
vt 0.261023 0.590260
vt 0.268089 0.589706
vt 0.280210 0.607083
vt 0.291894 0.624459
vt 0.302471 0.642060
vt 0.249657 0.608041
vt 0.253801 0.590724
vt 0.255822 0.572312
vt 0.262567 0.571600
vt 0.274919 0.589018
vt 0.286975 0.606376
vt 0.246500 0.591142
vt 0.248962 0.572970
vt 0.250216 0.554215
vt 0.256745 0.553432
vt 0.269139 0.570806
vt 0.281436 0.588150
vt 0.242044 0.573600
vt 0.243588 0.554974
vt 0.244627 0.536212
vt 0.250957 0.535409
vt 0.263127 0.552614
vt 0.275480 0.569902
vt 0.236911 0.555722
vt 0.238200 0.537015
vt 0.239475 0.518548
vt 0.245535 0.517741
vt 0.257144 0.534608
vt 0.269313 0.551749
vt 0.231725 0.537820
vt 0.233315 0.519372
vt 0.234651 0.501140
vt 0.240386 0.500339
vt 0.251445 0.516957
vt 0.263137 0.533811
vt 0.227106 0.520203
vt 0.228809 0.501964
vt 0.230045 0.483902
vt 0.235420 0.483115
vt 0.245961 0.499572
vt 0.257157 0.516205
vt 0.222913 0.502798
vt 0.224554 0.484713
vt 0.225549 0.466749
vt 0.230545 0.465979
vt 0.240620 0.482363
vt 0.251324 0.498849
vt 0.219005 0.485537
vt 0.220426 0.467541
vt 0.235351 0.465243
vt 0.245589 0.481660
vt 0.215239 0.468346
vt 0.309097 0.749557
vt 0.310262 0.759673
vt 0.306446 0.759170
vt 0.305311 0.749492
vt 0.312375 0.749992
vt 0.313563 0.760724
vt 0.311431 0.768836
vt 0.307586 0.767944
vt 0.302649 0.759424
vt 0.301572 0.750274
vt 0.307934 0.738965
vt 0.304177 0.739362
vt 0.314755 0.770436
vt 0.311188 0.738750
vt 0.312606 0.776569
vt 0.308731 0.775361
vt 0.303731 0.767724
vt 0.299404 0.760645
vt 0.298434 0.752384
vt 0.300496 0.740700
vt 0.315954 0.778617
vt 0.313789 0.782396
vt 0.309883 0.780970
vt 0.304817 0.774751
vt 0.300377 0.768145
vt 0.297243 0.763046
vt 0.296453 0.756300
vt 0.297466 0.743741
vt 0.317160 0.784760
vt 0.314840 0.786503
vt 0.310908 0.784942
vt 0.305911 0.780081
vt 0.301355 0.774500
vt 0.298036 0.769171
vt 0.295664 0.749244
vt 0.306884 0.783870
vt 0.302340 0.779330
vt 0.298833 0.774365
vt 0.303215 0.782774
vt 0.299635 0.778318
vt 0.876988 0.041130
vt 0.878188 0.057477
vt 0.865734 0.059914
vt 0.866118 0.043002
vt 0.888247 0.036464
vt 0.891355 0.053959
vt 0.879675 0.078318
vt 0.866358 0.080513
vt 0.854975 0.062527
vt 0.856440 0.044691
vt 0.876581 0.031155
vt 0.869288 0.029171
vt 0.883865 0.024185
vt 0.899915 0.031013
vt 0.904877 0.050383
vt 0.894066 0.075849
vt 0.880869 0.102454
vt 0.867208 0.104026
vt 0.854991 0.083062
vt 0.846897 0.066680
vt 0.848786 0.048897
vt 0.860644 0.029486
vt 0.876715 0.017870
vt 0.894099 0.016813
vt 0.911630 0.026560
vt 0.917930 0.047501
vt 0.908947 0.073720
vt 0.895805 0.100922
vt 0.881297 0.128577
vt 0.867673 0.129721
vt 0.855597 0.106048
vt 0.846620 0.086766
vt 0.853304 0.033509
vt 0.868509 0.016914
vt 0.886608 0.008935
vt 0.904841 0.010903
vt 0.923163 0.072253
vt 0.911283 0.099864
vt 0.895767 0.127641
vt 0.879678 0.155045
vt 0.866220 0.155904
vt 0.855880 0.131294
vt 0.847061 0.109110
vt 0.897071 0.001992
vt 0.929946 0.045337
vt 0.936189 0.071305
vt 0.925971 0.099443
vt 0.910726 0.127277
vt 0.893339 0.154447
vt 0.875362 0.180140
vt 0.862116 0.180815
vt 0.854303 0.157083
vt 0.847057 0.133700
vt 0.939391 0.099422
vt 0.924968 0.127543
vt 0.907036 0.154400
vt 0.888268 0.179717
vt 0.868123 0.202150
vt 0.855024 0.202679
vt 0.850169 0.181640
vt 0.845221 0.158812
vt 0.937844 0.128023
vt 0.920015 0.154943
vt 0.900617 0.179779
vt 0.880733 0.201803
vt 0.858118 0.219278
vt 0.845195 0.219684
vt 0.843281 0.203164
vt 0.840955 0.182667
vt 0.931757 0.155651
vt 0.912230 0.180333
vt 0.892216 0.201851
vt 0.870648 0.219116
vt 0.847047 0.234944
vt 0.834001 0.235228
vt 0.833514 0.219854
vt 0.834148 0.203468
vt 0.922630 0.181089
vt 0.902841 0.202371
vt 0.882371 0.219234
vt 0.859932 0.234929
vt 0.836307 0.252495
vt 0.823079 0.252628
vt 0.822370 0.235063
vt 0.824518 0.219391
vt 0.849524 0.252756
vt 0.827175 0.275250
vt 0.813607 0.275229
vt 0.811351 0.252141
vt 0.813545 0.233803
vt 0.872119 0.235208
vt 0.862298 0.253316
vt 0.840818 0.275906
vt 0.821123 0.306652
vt 0.807398 0.306508
vt 0.801700 0.274459
vt 0.802597 0.250091
vt 0.854037 0.276957
vt 0.834849 0.307806
vt 0.818432 0.340829
vt 0.805007 0.341218
vt 0.795270 0.305533
vt 0.792939 0.271642
vt 0.848239 0.309548
vt 0.831728 0.342883
vt 0.817838 0.371682
vt 0.805377 0.373794
vt 0.792928 0.340959
vt 0.786295 0.301966
vt 0.844875 0.346013
vt 0.829924 0.375426
vt 0.817011 0.392099
vt 0.807876 0.400667
vt 0.793726 0.375915
vt 0.783602 0.336966
vt 0.841875 0.381253
vt 0.824848 0.401827
vt 0.814816 0.418592
vt 0.796557 0.405608
vt 0.784242 0.372196
vt 0.835413 0.410678
vt 0.824645 0.429704
vt 0.803270 0.425649
vt 0.786875 0.402433
vt 0.812674 0.438118
vt 0.793283 0.422928
vt 0.935087 0.794499
vt 0.933849 0.815795
vt 0.924204 0.813823
vt 0.925211 0.792592
vt 0.946640 0.795938
vt 0.945024 0.817510
vt 0.933767 0.833247
vt 0.924818 0.832172
vt 0.917122 0.810093
vt 0.918067 0.789318
vt 0.936835 0.770338
vt 0.926970 0.768935
vt 0.956698 0.820471
vt 0.958813 0.797808
vt 0.943882 0.834460
vt 0.948402 0.771206
vt 0.936370 0.847323
vt 0.928143 0.847544
vt 0.917929 0.828359
vt 0.919831 0.766307
vt 0.938444 0.744289
vt 0.928611 0.743309
vt 0.954270 0.838688
vt 0.960645 0.772230
vt 0.968394 0.823914
vt 0.970979 0.799844
vt 0.943402 0.844805
vt 0.949982 0.744775
vt 0.943185 0.858491
vt 0.935267 0.859843
vt 0.921417 0.843845
vt 0.921485 0.741333
vt 0.939805 0.717930
vt 0.930018 0.717310
vt 0.950208 0.851635
vt 0.964869 0.844027
vt 0.962220 0.745268
vt 0.972919 0.773293
vt 0.951267 0.718183
vt 0.922900 0.716006
vt 0.940805 0.692839
vt 0.931073 0.692537
vt 0.959785 0.858886
vt 0.963409 0.718383
vt 0.974505 0.745735
vt 0.952142 0.692964
vt 0.923947 0.691936
vt 0.941333 0.670590
vt 0.931661 0.670584
vt 0.964086 0.693036
vt 0.975588 0.718551
vt 0.952494 0.670657
vt 0.924497 0.670732
vt 0.941279 0.652763
vt 0.931662 0.653050
vt 0.964122 0.670689
vt 0.976017 0.693121
vt 0.952208 0.652796
vt 0.924422 0.654007
vt 0.940551 0.636715
vt 0.930925 0.637275
vt 0.963389 0.652801
vt 0.951286 0.636706
vt 0.923540 0.639037
vt 0.939060 0.619808
vt 0.929294 0.620601
vt 0.961997 0.636593
vt 0.949728 0.619709
vt 0.921671 0.623103
vt 0.936715 0.599400
vt 0.926615 0.600368
vt 0.960057 0.619288
vt 0.947535 0.599129
vt 0.918631 0.603481
vt 0.933426 0.572851
vt 0.922735 0.573918
vt 0.957679 0.598106
vt 0.944708 0.572289
vt 0.914242 0.577453
vt 0.929899 0.543975
vt 0.918771 0.544475
vt 0.954974 0.570267
vt 0.941424 0.543539
vt 0.914160 0.610190
vt 0.909552 0.585418
vt 0.909784 0.548101
vt 0.926838 0.516586
vt 0.915839 0.515262
vt 0.951603 0.540102
vt 0.937860 0.517229
vt 0.904867 0.557143
vt 0.906543 0.518510
vt 0.926282 0.492789
vt 0.915389 0.489076
vt 0.947227 0.511940
vt 0.934937 0.499227
vt 0.901363 0.528493
vt 0.905801 0.491765
vt 0.930269 0.474693
vt 0.918873 0.468714
vt 0.940548 0.489048
vt 0.960438 0.535540
vt 0.955331 0.504292
vt 0.908841 0.470952
vt 0.936713 0.461038
vt 0.924721 0.453316
vt 0.947748 0.478138
vt 0.914270 0.455298
vt 0.943524 0.450567
vt 0.931368 0.442021
vt 0.954734 0.469303
vt 0.920695 0.444036
vt 0.174165 0.629499
vt 0.150124 0.650529
vt 0.148403 0.643638
vt 0.170597 0.624527
vt 0.120944 0.673458
vt 0.121381 0.664586
vt 0.146544 0.636342
vt 0.166314 0.619604
vt 0.191352 0.611001
vt 0.186352 0.607865
vt 0.088337 0.697653
vt 0.091140 0.686758
vt 0.122423 0.654742
vt 0.144679 0.629476
vt 0.161922 0.615153
vt 0.180283 0.605081
vt 0.202431 0.594604
vt 0.196424 0.593205
vt 0.121567 0.680050
vt 0.088112 0.705106
vt 0.054017 0.722481
vt 0.059290 0.709543
vt 0.095401 0.674249
vt 0.123613 0.645235
vt 0.142939 0.623872
vt 0.158024 0.611595
vt 0.174068 0.602745
vt 0.189163 0.592353
vt 0.208145 0.579880
vt 0.201567 0.580098
vt 0.052933 0.730756
vt 0.066929 0.694310
vt 0.100000 0.661952
vt 0.124496 0.637376
vt 0.168632 0.600954
vt 0.181762 0.591884
vt 0.193666 0.581001
vt 0.209239 0.566397
vt 0.202535 0.568098
vt 0.075112 0.679148
vt 0.103815 0.651697
vt 0.175338 0.591632
vt 0.185648 0.582201
vt 0.194506 0.570604
vt 0.206457 0.553727
vt 0.200082 0.556756
vt 0.082014 0.666427
vt 0.178718 0.583314
vt 0.186371 0.573329
vt 0.192394 0.560744
vt 0.200163 0.541653
vt 0.194463 0.545900
vt 0.179347 0.575685
vt 0.184574 0.564899
vt 0.187516 0.551280
vt 0.190717 0.529959
vt 0.185930 0.535355
vt 0.177802 0.568429
vt 0.180404 0.556796
vt 0.180056 0.542071
vt 0.178484 0.518430
vt 0.174736 0.524948
vt 0.174209 0.561448
vt 0.174007 0.548904
vt 0.170200 0.532978
vt 0.163825 0.506848
vt 0.161135 0.514506
vt 0.168694 0.554645
vt 0.165531 0.541107
vt 0.158132 0.523859
vt 0.147347 0.495228
vt 0.145728 0.504037
vt 0.161386 0.547923
vt 0.155121 0.533291
vt 0.144405 0.514722
vt 0.149373 0.490116
vt 0.165894 0.502505
vt 0.129656 0.483582
vt 0.129118 0.493551
vt 0.152410 0.541184
vt 0.143261 0.525461
vt 0.129572 0.505572
vt 0.131767 0.477689
vt 0.111359 0.471923
vt 0.111906 0.483056
vt 0.142184 0.534432
vt 0.130435 0.517620
vt 0.114186 0.496415
vt 0.113617 0.465243
vt 0.131125 0.527672
vt 0.117125 0.509775
vt 0.141060 0.539815
vt 0.131061 0.533703
vt 0.119649 0.520908
vt 0.120685 0.527587
vt 0.363685 0.472514
vt 0.373861 0.471033
vt 0.372430 0.479607
vt 0.361477 0.480936
vt 0.366224 0.467804
vt 0.375426 0.466263
vt 0.383079 0.470240
vt 0.382396 0.478913
vt 0.371009 0.491301
vt 0.359376 0.492400
vt 0.383772 0.465428
vt 0.391907 0.470075
vt 0.391957 0.478786
vt 0.381654 0.490752
vt 0.369499 0.505425
vt 0.357257 0.506231
vt 0.391790 0.465243
vt 0.400846 0.470475
vt 0.401629 0.479161
vt 0.391911 0.490679
vt 0.380830 0.505061
vt 0.367943 0.521295
vt 0.355024 0.521756
vt 0.399904 0.465651
vt 0.409843 0.471317
vt 0.411326 0.479948
vt 0.402245 0.491008
vt 0.391746 0.505053
vt 0.380001 0.521148
vt 0.366406 0.538223
vt 0.352938 0.538302
vt 0.408113 0.466508
vt 0.412533 0.491697
vt 0.402742 0.505314
vt 0.391562 0.521210
vt 0.379126 0.538316
vt 0.364874 0.555933
vt 0.350961 0.555639
vt 0.340912 0.522633
vt 0.338619 0.538681
vt 0.413543 0.505856
vt 0.403149 0.521379
vt 0.391328 0.538451
vt 0.378156 0.556258
vt 0.363478 0.574148
vt 0.349442 0.573535
vt 0.336570 0.555529
vt 0.414274 0.521721
vt 0.403293 0.538502
vt 0.390860 0.556460
vt 0.377073 0.574668
vt 0.363282 0.592592
vt 0.349315 0.591759
vt 0.335328 0.573000
vt 0.414600 0.538585
vt 0.403020 0.556386
vt 0.390152 0.574921
vt 0.376990 0.593237
vt 0.363834 0.610987
vt 0.350217 0.610081
vt 0.335535 0.590916
vt 0.414369 0.556194
vt 0.402456 0.574734
vt 0.390127 0.593515
vt 0.377315 0.611658
vt 0.364594 0.629269
vt 0.351432 0.628389
vt 0.336963 0.609100
vt 0.321429 0.572716
vt 0.322253 0.590242
vt 0.413837 0.574296
vt 0.402363 0.593249
vt 0.390232 0.611928
vt 0.377605 0.629898
vt 0.364458 0.647371
vt 0.351863 0.646572
vt 0.338542 0.627392
vt 0.324224 0.608210
vt 0.424901 0.556044
vt 0.424380 0.573795
vt 0.413621 0.592638
vt 0.402254 0.611636
vt 0.390113 0.630139
vt 0.376971 0.647923
vt 0.363657 0.665227
vt 0.351707 0.664520
vt 0.339562 0.645631
vt 0.326186 0.626416
vt 0.424127 0.591879
vt 0.413319 0.610966
vt 0.401755 0.629856
vt 0.389024 0.648125
vt 0.375600 0.665701
vt 0.362857 0.682771
vt 0.351600 0.682122
vt 0.340092 0.663657
vt 0.327770 0.644652
vt 0.423754 0.610104
vt 0.412604 0.629208
vt 0.400287 0.647873
vt 0.387198 0.665868
vt 0.374159 0.683199
vt 0.362300 0.700082
vt 0.351754 0.699464
vt 0.340655 0.681310
vt 0.328988 0.662713
vt 0.422676 0.628352
vt 0.410930 0.647291
vt 0.398155 0.665650
vt 0.385207 0.683345
vt 0.372946 0.700485
vt 0.362536 0.717237
vt 0.352532 0.716633
vt 0.341546 0.698682
vt 0.330308 0.680393
vt 0.420757 0.646505
vt 0.408564 0.665143
vt 0.395771 0.683150
vt 0.383450 0.700622
vt 0.372651 0.717632
vt 0.363138 0.734314
vt 0.353531 0.733715
vt 0.342813 0.715867
vt 0.331903 0.697786
vt 0.418192 0.664444
vt 0.405804 0.682693
vt 0.393611 0.700443
vt 0.382691 0.717768
vt 0.372847 0.734708
vt 0.344193 0.732959
vt 0.333569 0.714989
vt 0.415175 0.682049
vt 0.403339 0.700014
vt 0.392464 0.717597
vt 0.382494 0.734847
vt 0.335289 0.732096
vt 0.412567 0.699405
vt 0.401894 0.717184
vt 0.391913 0.734682
vt 0.324679 0.714026
vt 0.326711 0.731153
vt 0.410910 0.716594
vt 0.401031 0.734279
vt 0.409774 0.733700
vt 0.419450 0.715891
vt 0.418070 0.733011
vt 0.284827 0.759187
vt 0.284051 0.764797
vt 0.280114 0.764349
vt 0.280870 0.758990
vt 0.288239 0.759338
vt 0.287448 0.765340
vt 0.282627 0.770892
vt 0.278726 0.770200
vt 0.276080 0.763701
vt 0.276798 0.758586
vt 0.285005 0.753740
vt 0.281043 0.753778
vt 0.285995 0.771891
vt 0.288421 0.753566
vt 0.280507 0.777948
vt 0.276660 0.776928
vt 0.274763 0.769301
vt 0.272392 0.762536
vt 0.273038 0.757862
vt 0.276962 0.753644
vt 0.284634 0.748085
vt 0.280682 0.748329
vt 0.283833 0.779463
vt 0.288042 0.747582
vt 0.277641 0.786387
vt 0.273867 0.784994
vt 0.272802 0.775758
vt 0.271207 0.767726
vt 0.269495 0.760511
vt 0.270022 0.756588
vt 0.273187 0.753322
vt 0.276619 0.748473
vt 0.283853 0.742425
vt 0.279921 0.742905
vt 0.280909 0.788537
vt 0.287245 0.741571
vt 0.274215 0.795941
vt 0.270528 0.794114
vt 0.270151 0.783558
vt 0.269442 0.773813
vt 0.268530 0.764982
vt 0.267191 0.757863
vt 0.267562 0.754874
vt 0.270142 0.752802
vt 0.272878 0.748635
vt 0.275896 0.743309
vt 0.277414 0.798813
vt 0.286173 0.735650
vt 0.282801 0.736832
vt 0.270416 0.806198
vt 0.266826 0.803861
vt 0.266982 0.792392
vt 0.267056 0.781255
vt 0.267091 0.770398
vt 0.266511 0.761414
vt 0.265282 0.754749
vt 0.265473 0.752948
vt 0.267647 0.752152
vt 0.269891 0.748930
vt 0.272227 0.743924
vt 0.273540 0.809953
vt 0.266431 0.816766
vt 0.262942 0.814112
vt 0.263468 0.801817
vt 0.264204 0.789720
vt 0.265147 0.777169
vt 0.265497 0.765908
vt 0.265517 0.751449
vt 0.267469 0.749361
vt 0.269361 0.745064
vt 0.269474 0.821080
vt 0.259782 0.811809
vt 0.261042 0.798749
vt 0.262824 0.785061
vt 0.264128 0.771814
vt 0.265425 0.749903
vt 0.267096 0.746555
vt 0.271352 0.739291
vt 0.268648 0.741201
vt 0.257724 0.808448
vt 0.260247 0.793536
vt 0.262490 0.778837
vt 0.263570 0.750763
vt 0.263570 0.750568
vt 0.265233 0.748359
vt 0.266594 0.743791
vt 0.257544 0.802393
vt 0.260675 0.786602
vt 0.262855 0.771674
vt 0.263700 0.765644
vt 0.263570 0.750353
vt 0.264973 0.746838
vt 0.267845 0.737530
vt 0.266028 0.741096
vt 0.258770 0.794652
vt 0.261919 0.778491
vt 0.263570 0.764128
vt 0.263570 0.759093
vt 0.066791 0.036996
vt 0.087605 0.033594
vt 0.078345 0.055772
vt 0.058622 0.057937
vt 0.073218 0.021339
vt 0.094735 0.016876
vt 0.109291 0.031367
vt 0.100458 0.054327
vt 0.077376 0.012428
vt 0.098945 0.007325
vt 0.115554 0.014026
vt 0.130007 0.030192
vt 0.124205 0.053473
vt 0.091036 0.081069
vt 0.068628 0.081740
vt 0.118840 0.004129
vt 0.134042 0.012584
vt 0.148151 0.029800
vt 0.145594 0.053188
vt 0.117267 0.080547
vt 0.082948 0.109788
vt 0.060751 0.109858
vt 0.135765 0.002526
vt 0.149796 0.012103
vt 0.163624 0.029800
vt 0.164028 0.053188
vt 0.141966 0.080368
vt 0.110253 0.109535
vt 0.078601 0.138660
vt 0.057007 0.138459
vt 0.150101 0.001992
vt 0.163137 0.012103
vt 0.176839 0.029800
vt 0.179177 0.053188
vt 0.163566 0.080369
vt 0.137266 0.109446
vt 0.105067 0.138559
vt 0.077851 0.166447
vt 0.057117 0.166087
vt 0.162278 0.001992
vt 0.174910 0.012103
vt 0.188573 0.029800
vt 0.192337 0.053188
vt 0.180727 0.080368
vt 0.161340 0.109446
vt 0.132515 0.138523
vt 0.102739 0.166417
vt 0.080202 0.191947
vt 0.059478 0.191524
vt 0.173266 0.001992
vt 0.185575 0.012103
vt 0.199563 0.029800
vt 0.204505 0.053188
vt 0.195365 0.080368
vt 0.180282 0.109446
vt 0.157009 0.138523
vt 0.128813 0.166367
vt 0.104058 0.191907
vt 0.082659 0.213948
vt 0.062066 0.213528
vt 0.183353 0.001992
vt 0.195703 0.012103
vt 0.210597 0.029800
vt 0.216683 0.053188
vt 0.208772 0.080368
vt 0.195985 0.109446
vt 0.176623 0.138523
vt 0.152424 0.166291
vt 0.128393 0.191743
vt 0.105811 0.213827
vt 0.083898 0.231241
vt 0.063021 0.230848
vt 0.041513 0.190769
vt 0.043190 0.212806
vt 0.193027 0.001992
vt 0.205851 0.012103
vt 0.222441 0.029800
vt 0.229803 0.053188
vt 0.222263 0.080369
vt 0.210638 0.109446
vt 0.192980 0.138523
vt 0.171615 0.166172
vt 0.150439 0.191440
vt 0.128956 0.213417
vt 0.106294 0.230977
vt 0.084285 0.247380
vt 0.062679 0.247003
vt 0.042822 0.230170
vt 0.202723 0.001992
vt 0.216647 0.012103
vt 0.235621 0.030146
vt 0.244098 0.053439
vt 0.236765 0.080368
vt 0.225409 0.109446
vt 0.208274 0.138523
vt 0.187878 0.166045
vt 0.168423 0.190963
vt 0.149810 0.212660
vt 0.128266 0.230157
vt 0.106184 0.246953
vt 0.084154 0.265888
vt 0.061753 0.265467
vt 0.041520 0.246263
vt 0.025187 0.212287
vt 0.023148 0.229670
vt 0.212889 0.001992
vt 0.228899 0.012528
vt 0.250546 0.031184
vt 0.259359 0.054194
vt 0.252084 0.080526
vt 0.241294 0.109446
vt 0.224083 0.138523
vt 0.203232 0.165945
vt 0.183962 0.190455
vt 0.166529 0.211469
vt 0.148118 0.228642
vt 0.127048 0.245681
vt 0.106109 0.265353
vt 0.083441 0.290321
vt 0.059950 0.289824
vt 0.039610 0.264585
vt 0.021075 0.245643
vt 0.224500 0.002464
vt 0.243385 0.013801
vt 0.268191 0.033260
vt 0.276469 0.055704
vt 0.267745 0.080997
vt 0.257702 0.109524
vt 0.241309 0.138523
vt 0.219676 0.165907
vt 0.198952 0.190055
vt 0.181096 0.210198
vt 0.164003 0.226261
vt 0.145735 0.243327
vt 0.125869 0.263708
vt 0.105726 0.289773
vt 0.083293 0.324197
vt 0.058982 0.323505
vt 0.036592 0.288660
vt 0.018306 0.263752
vt 0.004382 0.229551
vt 0.001948 0.245364
vt 0.238572 0.003879
vt 0.261127 0.016349
vt 0.290121 0.036719
vt 0.297498 0.058220
vt 0.284512 0.081941
vt 0.273954 0.109760
vt 0.258918 0.138555
vt 0.238040 0.165967
vt 0.215341 0.189904
vt 0.195473 0.209197
vt 0.177835 0.223718
vt 0.160974 0.239632
vt 0.143407 0.260654
vt 0.125300 0.287957
vt 0.105400 0.323812
vt 0.083664 0.362397
vt 0.059743 0.361383
vt 0.033698 0.321912
vt 0.014172 0.287392
vt 0.256328 0.006710
vt 0.283590 0.020594
vt 0.313055 0.041267
vt 0.320081 0.061380
vt 0.304695 0.083513
vt 0.290879 0.110232
vt 0.276068 0.138649
vt 0.256829 0.166095
vt 0.234061 0.190143
vt 0.211370 0.208820
vt 0.191671 0.221717
vt 0.174257 0.235688
vt 0.157825 0.255877
vt 0.141792 0.284565
vt 0.124875 0.322148
vt 0.105564 0.362270
vt 0.084479 0.399788
vt 0.060994 0.398460
vt 0.034273 0.359269
vt 0.009875 0.319984
vt 0.279183 0.011427
vt 0.306892 0.026408
vt 0.326572 0.085450
vt 0.310497 0.111018
vt 0.293781 0.138838
vt 0.275242 0.166261
vt 0.253462 0.190623
vt 0.229666 0.209419
vt 0.207028 0.220962
vt 0.187611 0.232584
vt 0.170567 0.250781
vt 0.155177 0.279289
vt 0.141287 0.318999
vt 0.124969 0.360957
vt 0.106157 0.399944
vt 0.085664 0.431236
vt 0.062592 0.429652
vt 0.036227 0.395824
vt 0.009669 0.356449
vt 0.303267 0.018101
vt 0.331584 0.112001
vt 0.313301 0.139152
vt 0.293781 0.166436
vt 0.272585 0.191194
vt 0.248958 0.210619
vt 0.224865 0.222160
vt 0.202463 0.231413
vt 0.183430 0.246771
vt 0.167188 0.273670
vt 0.154207 0.314163
vt 0.141407 0.358418
vt 0.125503 0.399065
vt 0.107123 0.431637
vt 0.087142 0.451607
vt 0.064394 0.449878
vt 0.038479 0.426594
vt 0.012793 0.391688
vt 0.327045 0.033659
vt 0.325211 0.026803
vt 0.334210 0.139559
vt 0.313696 0.166591
vt 0.291769 0.191707
vt 0.268359 0.212047
vt 0.244026 0.224560
vt 0.219947 0.233264
vt 0.197860 0.245252
vt 0.179391 0.269248
vt 0.165457 0.309030
vt 0.154404 0.354610
vt 0.141990 0.397285
vt 0.126398 0.431147
vt 0.108400 0.452146
vt 0.089259 0.460739
vt 0.066921 0.458947
vt 0.040750 0.446572
vt 0.015966 0.421114
vt 0.334993 0.166743
vt 0.312549 0.192011
vt 0.288446 0.213328
vt 0.263703 0.227416
vt 0.238976 0.236966
vt 0.215027 0.247629
vt 0.193306 0.267562
vt 0.176918 0.304987
vt 0.165795 0.350592
vt 0.155095 0.394740
vt 0.142918 0.430059
vt 0.127574 0.451883
vt 0.110194 0.461340
vt 0.018333 0.440139
vt 0.334670 0.192173
vt 0.310390 0.214089
vt 0.284645 0.229979
vt 0.258982 0.241349
vt 0.233912 0.252357
vt 0.210132 0.270152
vt 0.190368 0.303424
vt 0.177414 0.347425
vt 0.166662 0.392092
vt 0.156112 0.428665
vt 0.144068 0.451204
vt 0.129125 0.461184
vt 0.333562 0.214469
vt 0.307768 0.231501
vt 0.280708 0.245240
vt 0.254364 0.257893
vt 0.229294 0.275252
vt 0.207560 0.305731
vt 0.191095 0.346168
vt 0.178541 0.389999
vt 0.167837 0.427262
vt 0.157288 0.450497
vt 0.145449 0.460706
vt 0.355553 0.192258
vt 0.354784 0.214605
vt 0.331761 0.232250
vt 0.304798 0.247468
vt 0.276899 0.262692
vt 0.250640 0.281096
vt 0.227654 0.310170
vt 0.208672 0.347883
vt 0.192577 0.389122
vt 0.179951 0.426147
vt 0.169098 0.449838
vt 0.158568 0.460339
vt 0.353515 0.232493
vt 0.329395 0.248474
vt 0.301825 0.265210
vt 0.274176 0.285917
vt 0.249833 0.315004
vt 0.229073 0.351025
vt 0.210618 0.390123
vt 0.194311 0.425616
vt 0.181361 0.449305
vt 0.170333 0.460050
vt 0.351606 0.248701
vt 0.326588 0.266098
vt 0.299153 0.287949
vt 0.273346 0.318495
vt 0.251225 0.354049
vt 0.231332 0.391727
vt 0.212774 0.425966
vt 0.195940 0.448977
vt 0.182601 0.459806
vt 0.348914 0.266006
vt 0.323500 0.288078
vt 0.297411 0.318906
vt 0.274057 0.355413
vt 0.253386 0.392662
vt 0.233781 0.426189
vt 0.214699 0.448930
vt 0.197224 0.459575
vt 0.345256 0.287188
vt 0.320331 0.317372
vt 0.296496 0.353571
vt 0.275449 0.391656
vt 0.255770 0.425273
vt 0.235925 0.448323
vt 0.216057 0.459322
vt 0.340456 0.315027
vt 0.317289 0.349755
vt 0.296187 0.387436
vt 0.277182 0.422211
vt 0.257904 0.446315
vt 0.237305 0.458306
vt 0.335184 0.345192
vt 0.314706 0.381002
vt 0.296456 0.415991
vt 0.278925 0.442063
vt 0.259172 0.455787
vt 0.313104 0.407156
vt 0.297275 0.434727
vt 0.279864 0.451023
vt 0.297584 0.443273
vt 0.442468 0.429945
vt 0.426271 0.417133
vt 0.433308 0.409145
vt 0.448640 0.421479
vt 0.438900 0.433728
vt 0.422951 0.421156
vt 0.413153 0.401745
vt 0.420883 0.394386
vt 0.443555 0.396924
vt 0.457606 0.408397
vt 0.460547 0.440100
vt 0.465828 0.431295
vt 0.456945 0.443663
vt 0.402556 0.383962
vt 0.410582 0.377367
vt 0.432042 0.383217
vt 0.454793 0.381497
vt 0.467273 0.391820
vt 0.473223 0.417548
vt 0.480147 0.447727
vt 0.484368 0.438680
vt 0.394551 0.363876
vt 0.402906 0.358158
vt 0.422325 0.367414
vt 0.444475 0.369152
vt 0.465566 0.363820
vt 0.476582 0.372830
vt 0.481263 0.400072
vt 0.490132 0.424452
vt 0.500489 0.453124
vt 0.503539 0.443886
vt 0.389351 0.341532
vt 0.398190 0.336779
vt 0.415679 0.349563
vt 0.435923 0.354894
vt 0.456496 0.353031
vt 0.476635 0.344909
vt 0.486130 0.352560
vt 0.489095 0.380061
vt 0.496528 0.406331
vt 0.507847 0.429323
vt 0.518813 0.456453
vt 0.520960 0.447080
vt 0.386187 0.316942
vt 0.395140 0.313239
vt 0.411604 0.329684
vt 0.431204 0.338777
vt 0.450787 0.340573
vt 0.469888 0.335787
vt 0.497485 0.358755
vt 0.503083 0.385590
vt 0.512871 0.410765
vt 0.524244 0.432306
vt 0.534119 0.458120
vt 0.535654 0.448685
vt 0.384345 0.291830
vt 0.393395 0.289273
vt 0.408796 0.307783
vt 0.427152 0.320806
vt 0.446440 0.326439
vt 0.464870 0.325197
vt 0.510681 0.363546
vt 0.518321 0.389539
vt 0.528112 0.413479
vt 0.538152 0.433805
vt 0.546927 0.458676
vt 0.547970 0.449220
vt 0.383112 0.267975
vt 0.392306 0.266662
vt 0.407240 0.285620
vt 0.424791 0.300993
vt 0.443292 0.310651
vt 0.461057 0.313160
vt 0.525095 0.366996
vt 0.532419 0.391951
vt 0.541045 0.414842
vt 0.549863 0.434305
vt 0.558030 0.458676
vt 0.558665 0.449220
vt 0.381774 0.247174
vt 0.391226 0.247200
vt 0.406365 0.264996
vt 0.423542 0.281143
vt 0.441394 0.293234
vt 0.458875 0.299713
vt 0.537889 0.369073
vt 0.544446 0.393157
vt 0.552013 0.415297
vt 0.560022 0.434305
vt 0.568196 0.458676
vt 0.568514 0.449220
vt 0.378872 0.231251
vt 0.388875 0.232711
vt 0.405604 0.247713
vt 0.422949 0.263079
vt 0.440525 0.276038
vt 0.457737 0.284857
vt 0.548880 0.370111
vt 0.554705 0.393559
vt 0.561545 0.415297
vt 0.569375 0.434305
vt 0.577700 0.458676
vt 0.577665 0.449220
vt 0.374698 0.216839
vt 0.385492 0.219804
vt 0.404063 0.235588
vt 0.422495 0.248630
vt 0.440375 0.260923
vt 0.457272 0.270486
vt 0.558201 0.370457
vt 0.563658 0.393559
vt 0.570382 0.415297
vt 0.578100 0.434305
vt 0.586878 0.458676
vt 0.586497 0.449220
vt 0.370073 0.200551
vt 0.381721 0.205085
vt 0.401844 0.225213
vt 0.421910 0.239608
vt 0.440207 0.249750
vt 0.457659 0.258511
vt 0.566260 0.370457
vt 0.571887 0.393559
vt 0.578588 0.415297
vt 0.586458 0.434305
vt 0.596021 0.458676
vt 0.595301 0.449220
vt 0.365582 0.179000
vt 0.377910 0.185176
vt 0.399375 0.213193
vt 0.421053 0.232592
vt 0.440502 0.244354
vt 0.458211 0.250818
vt 0.573599 0.370457
vt 0.579440 0.393559
vt 0.586367 0.415297
vt 0.594725 0.434305
vt 0.605449 0.458676
vt 0.604345 0.449220
vt 0.362374 0.148676
vt 0.374840 0.156613
vt 0.396790 0.196165
vt 0.420135 0.224185
vt 0.580272 0.370457
vt 0.586515 0.393559
vt 0.593991 0.415297
vt 0.603149 0.434305
vt 0.616308 0.458185
vt 0.614731 0.448747
vt 0.364446 0.113676
vt 0.376033 0.123435
vt 0.394252 0.170749
vt 0.419216 0.211021
vt 0.441288 0.237225
vt 0.440816 0.241314
vt 0.586482 0.370457
vt 0.593378 0.393559
vt 0.601679 0.415297
vt 0.612762 0.433864
vt 0.629730 0.456713
vt 0.627524 0.447330
vt 0.373174 0.078446
vt 0.383981 0.089755
vt 0.394308 0.140913
vt 0.418058 0.189760
vt 0.441977 0.228697
vt 0.592423 0.370457
vt 0.600166 0.393559
vt 0.610361 0.414895
vt 0.624558 0.432539
vt 0.646970 0.453767
vt 0.643930 0.444496
vt 0.385843 0.048209
vt 0.395975 0.060688
vt 0.400100 0.110403
vt 0.417932 0.164204
vt 0.442659 0.212372
vt 0.463310 0.247760
vt 0.461576 0.251171
vt 0.598216 0.370457
vt 0.607789 0.393204
vt 0.620889 0.413691
vt 0.639568 0.429890
vt 0.669262 0.448859
vt 0.665181 0.439773
vt 0.402831 0.027714
vt 0.411998 0.040923
vt 0.411017 0.083656
vt 0.421243 0.137899
vt 0.443658 0.191705
vt 0.465366 0.236922
vt 0.604680 0.370152
vt 0.617030 0.392139
vt 0.634192 0.411283
vt 0.659097 0.425476
vt 0.693535 0.441715
vt 0.688312 0.432906
vt 0.422876 0.014933
vt 0.430890 0.028538
vt 0.425514 0.065328
vt 0.429741 0.114491
vt 0.446177 0.169993
vt 0.467734 0.221609
vt 0.612530 0.369235
vt 0.628566 0.390009
vt 0.651466 0.407270
vt 0.680435 0.419065
vt 0.717404 0.432062
vt 0.711038 0.423642
vt 0.444720 0.007840
vt 0.451493 0.021611
vt 0.442592 0.053709
vt 0.442293 0.098131
vt 0.451779 0.150475
vt 0.470759 0.204729
vt 0.622465 0.367401
vt 0.643149 0.386458
vt 0.670570 0.401449
vt 0.701296 0.410428
vt 0.720770 0.435627
vt 0.696997 0.445176
vt 0.738383 0.419629
vt 0.730984 0.411726
vt 0.467104 0.004407
vt 0.472649 0.018218
vt 0.461248 0.047088
vt 0.457059 0.087555
vt 0.461267 0.136530
vt 0.475213 0.189135
vt 0.635029 0.364344
vt 0.659474 0.381317
vt 0.689176 0.393619
vt 0.719557 0.399335
vt 0.741493 0.423328
vt 0.753506 0.404143
vt 0.745428 0.396905
vt 0.488769 0.002607
vt 0.493198 0.016438
vt 0.480485 0.043752
vt 0.473240 0.081344
vt 0.473369 0.127185
vt 0.481915 0.177694
vt 0.648577 0.359926
vt 0.675625 0.374412
vt 0.705365 0.383577
vt 0.732785 0.385555
vt 0.763672 0.385876
vt 0.755173 0.379432
vt 0.509117 0.001992
vt 0.512555 0.015827
vt 0.499301 0.041992
vt 0.490040 0.078079
vt 0.486723 0.121455
vt 0.490645 0.169704
vt 0.661901 0.354008
vt 0.689639 0.365575
vt 0.717089 0.371122
vt 0.741784 0.369319
vt 0.770037 0.365101
vt 0.761280 0.359562
vt 0.527553 0.002114
vt 0.530135 0.015945
vt 0.517122 0.041376
vt 0.506659 0.076339
vt 0.500740 0.118267
vt 0.500951 0.164491
vt 0.673433 0.346451
vt 0.699679 0.354633
vt 0.725025 0.356455
vt 0.747469 0.350857
vt 0.773757 0.342091
vt 0.764854 0.337548
vt 0.543480 0.002526
vt 0.545351 0.016350
vt 0.533374 0.041474
vt 0.522536 0.075710
vt 0.514854 0.116548
vt 0.512014 0.161386
vt 0.681717 0.337116
vt 0.706455 0.341757
vt 0.730015 0.339780
vt 0.750800 0.330399
vt 0.775989 0.317117
vt 0.766999 0.313645
vt 0.556302 0.002780
vt 0.557619 0.016599
vt 0.547481 0.041857
vt 0.537105 0.075777
vt 0.528513 0.115901
vt 0.523468 0.159688
vt 0.687292 0.326142
vt 0.710675 0.327120
vt 0.732932 0.321296
vt 0.752799 0.308175
vt 0.777108 0.291789
vt 0.768087 0.289484
vt 0.567839 0.002946
vt 0.568684 0.016764
vt 0.558869 0.042092
vt 0.549804 0.076125
vt 0.541164 0.115928
vt 0.534772 0.159020
vt 0.690704 0.313668
vt 0.713079 0.310890
vt 0.734717 0.301208
vt 0.753819 0.285860
vt 0.777489 0.267719
vt 0.768493 0.266696
vt 0.579908 0.003096
vt 0.580296 0.016915
vt 0.569167 0.042249
vt 0.560071 0.076340
vt 0.552257 0.116235
vt 0.545388 0.159004
vt 0.692576 0.299833
vt 0.714467 0.293241
vt 0.735661 0.281247
vt 0.754217 0.265127
vt 0.777507 0.246516
vt 0.768591 0.246913
vt 0.594329 0.003300
vt 0.594199 0.017122
vt 0.580001 0.042396
vt 0.569376 0.076485
vt 0.561239 0.116424
vt 0.554774 0.159266
vt 0.693571 0.284775
vt 0.715192 0.275976
vt 0.736016 0.263150
vt 0.754346 0.247653
vt 0.777537 0.229790
vt 0.768753 0.231766
vt 0.612922 0.003628
vt 0.612142 0.017456
vt 0.593000 0.042601
vt 0.579195 0.076625
vt 0.569404 0.116555
vt 0.562390 0.159427
vt 0.693937 0.270376
vt 0.715484 0.260900
vt 0.736125 0.248649
vt 0.754561 0.235110
vt 0.776881 0.214821
vt 0.768289 0.218439
vt 0.633872 0.004763
vt 0.632352 0.018553
vt 0.609791 0.042932
vt 0.590998 0.076823
vt 0.578047 0.116685
vt 0.569341 0.159541
vt 0.693952 0.258514
vt 0.715527 0.249818
vt 0.736319 0.239480
vt 0.754209 0.224564
vt 0.774841 0.198886
vt 0.766506 0.204113
vt 0.655366 0.007386
vt 0.653055 0.021046
vt 0.628694 0.043964
vt 0.606261 0.077144
vt 0.588463 0.116874
vt 0.576730 0.159661
vt 0.693922 0.251072
vt 0.715639 0.244533
vt 0.736014 0.232571
vt 0.752639 0.213081
vt 0.770718 0.179265
vt 0.762712 0.185973
vt 0.675591 0.012177
vt 0.672478 0.025572
vt 0.648030 0.046271
vt 0.623434 0.078092
vt 0.601945 0.117180
vt 0.585660 0.159839
vt 0.693965 0.249929
vt 0.715319 0.241831
vt 0.734624 0.224854
vt 0.749198 0.197725
vt 0.692733 0.019819
vt 0.688848 0.032764
vt 0.666118 0.050429
vt 0.640971 0.080170
vt 0.617105 0.118030
vt 0.597242 0.160128
vt 0.714051 0.238497
vt 0.731552 0.213258
vt 0.756216 0.161202
vt 0.743233 0.175561
vt 0.707473 0.031082
vt 0.702850 0.043427
vt 0.681278 0.057011
vt 0.657323 0.083882
vt 0.632554 0.119850
vt 0.610260 0.160874
vt 0.711315 0.231314
vt 0.726211 0.194715
vt 0.747617 0.132926
vt 0.735313 0.149676
vt 0.720491 0.046735
vt 0.715171 0.058364
vt 0.694178 0.066796
vt 0.670944 0.089733
vt 0.646905 0.123067
vt 0.623490 0.162422
vt 0.706585 0.217067
vt 0.719119 0.172206
vt 0.737510 0.104276
vt 0.726003 0.123157
vt 0.732467 0.067549
vt 0.726496 0.078380
vt 0.705486 0.080563
vt 0.682467 0.098431
vt 0.658767 0.128106
vt 0.635719 0.165117
vt 0.690188 0.250630
vt 0.686175 0.241017
vt 0.700352 0.198589
vt 0.710796 0.148710
vt 0.715872 0.099090
vt 0.744083 0.094294
vt 0.692528 0.110687
vt 0.668732 0.135579
vt 0.645731 0.169304
vt 0.680856 0.226899
vt 0.693121 0.178712
vt 0.701759 0.127211
vt 0.677386 0.146097
vt 0.654077 0.175482
vt 0.674641 0.210939
vt 0.685320 0.160271
vt 0.661303 0.184148
vt 0.667972 0.195801
vt 0.501513 0.765666
vt 0.508696 0.762930
vt 0.523274 0.784453
vt 0.520829 0.786792
vt 0.747566 0.823956
vt 0.732841 0.825410
vt 0.733693 0.814671
vt 0.749678 0.813293
vt 0.719359 0.825536
vt 0.719052 0.814790
vt 0.735336 0.798356
vt 0.752309 0.797161
vt 0.763962 0.821070
vt 0.767353 0.810544
vt 0.706689 0.824436
vt 0.705411 0.813757
vt 0.719774 0.798453
vt 0.737491 0.777967
vt 0.755262 0.777039
vt 0.770907 0.794751
vt 0.782461 0.816650
vt 0.787060 0.806316
vt 0.694615 0.822141
vt 0.692501 0.811682
vt 0.705410 0.797714
vt 0.721162 0.778237
vt 0.739880 0.755167
vt 0.758341 0.754404
vt 0.774536 0.775114
vt 0.791346 0.791011
vt 0.803491 0.810595
vt 0.809144 0.800499
vt 0.682921 0.818760
vt 0.680053 0.808724
vt 0.691919 0.796260
vt 0.706211 0.778089
vt 0.722851 0.755769
vt 0.742223 0.731399
vt 0.761353 0.730735
vt 0.778150 0.753054
vt 0.795379 0.772067
vt 0.813838 0.785822
vt 0.671391 0.814450
vt 0.667798 0.804925
vt 0.678978 0.794120
vt 0.692267 0.777503
vt 0.707339 0.756296
vt 0.724477 0.732244
vt 0.744379 0.706625
vt 0.764123 0.706385
vt 0.781657 0.729993
vt 0.799220 0.750816
vt 0.817853 0.767770
vt 0.833012 0.793490
vt 0.837872 0.779548
vt 0.666263 0.791339
vt 0.678960 0.776546
vt 0.692944 0.756792
vt 0.708320 0.733127
vt 0.725932 0.706903
vt 0.746203 0.680728
vt 0.766478 0.681556
vt 0.784859 0.706232
vt 0.802928 0.728590
vt 0.821467 0.747545
vt 0.841550 0.762535
vt 0.858068 0.785686
vt 0.862932 0.772550
vt 0.655467 0.800290
vt 0.653450 0.787690
vt 0.665919 0.774990
vt 0.679265 0.756983
vt 0.693349 0.734203
vt 0.709089 0.707627
vt 0.727110 0.680004
vt 0.747553 0.654239
vt 0.768244 0.656476
vt 0.787554 0.682070
vt 0.806281 0.705646
vt 0.824958 0.726353
vt 0.844595 0.743500
vt 0.866062 0.756676
vt 0.643078 0.794777
vt 0.640564 0.783039
vt 0.652773 0.772510
vt 0.665900 0.756566
vt 0.679157 0.735214
vt 0.693460 0.708877
vt 0.709579 0.680024
vt 0.727903 0.652210
vt 0.748285 0.628248
vt 0.769248 0.631653
vt 0.789544 0.657807
vt 0.809053 0.682244
vt 0.828083 0.704404
vt 0.847558 0.723490
vt 0.868312 0.738938
vt 0.888506 0.765189
vt 0.890982 0.750503
vt 0.639548 0.768931
vt 0.652448 0.755213
vt 0.665338 0.735762
vt 0.678659 0.710374
vt 0.693258 0.680925
vt 0.709727 0.651146
vt 0.728204 0.624966
vt 0.748461 0.603339
vt 0.769513 0.607329
vt 0.790628 0.633738
vt 0.811022 0.658642
vt 0.830594 0.681913
vt 0.850170 0.702670
vt 0.870537 0.720211
vt 0.892323 0.734118
vt 0.627629 0.777277
vt 0.626270 0.764130
vt 0.638931 0.752775
vt 0.651488 0.735483
vt 0.664296 0.711744
vt 0.677793 0.682463
vt 0.692721 0.651340
vt 0.709466 0.622746
vt 0.728122 0.599142
vt 0.748139 0.579703
vt 0.769062 0.583645
vt 0.790805 0.609899
vt 0.811963 0.635097
vt 0.832245 0.659091
vt 0.852166 0.681203
vt 0.872448 0.700607
vt 0.893705 0.716723
vt 0.614669 0.770473
vt 0.612967 0.758190
vt 0.625371 0.749138
vt 0.637614 0.734219
vt 0.649984 0.712326
vt 0.662833 0.684015
vt 0.676583 0.652421
vt 0.691829 0.621755
vt 0.708970 0.596008
vt 0.727768 0.575355
vt 0.747380 0.556973
vt 0.767918 0.560494
vt 0.790075 0.586400
vt 0.811865 0.611708
vt 0.832791 0.636151
vt 0.853278 0.659252
vt 0.873759 0.680239
vt 0.894821 0.698380
vt 0.611789 0.744383
vt 0.623724 0.731806
vt 0.635709 0.711903
vt 0.648025 0.684680
vt 0.661011 0.653480
vt 0.675051 0.621729
vt 0.690826 0.593823
vt 0.708412 0.571820
vt 0.727252 0.553175
vt 0.746243 0.534770
vt 0.766104 0.537770
vt 0.788435 0.563321
vt 0.810715 0.588575
vt 0.832220 0.613229
vt 0.853239 0.636983
vt 0.874183 0.659222
vt 0.895363 0.679150
vt 0.609826 0.728359
vt 0.621460 0.710588
vt 0.633331 0.684696
vt 0.645702 0.653947
vt 0.658891 0.622051
vt 0.673513 0.592608
vt 0.689956 0.569179
vt 0.707967 0.550084
vt 0.726684 0.531722
vt 0.744823 0.512446
vt 0.763788 0.515421
vt 0.785886 0.540744
vt 0.808500 0.565797
vt 0.830521 0.590460
vt 0.852047 0.614569
vt 0.873432 0.637666
vt 0.895025 0.659094
vt 0.607224 0.708543
vt 0.618712 0.684282
vt 0.630591 0.654072
vt 0.643106 0.622146
vt 0.656854 0.592305
vt 0.672284 0.567508
vt 0.689463 0.547712
vt 0.707807 0.529356
vt 0.726076 0.509995
vt 0.743215 0.490194
vt 0.761137 0.493237
vt 0.782655 0.518520
vt 0.805208 0.543471
vt 0.827681 0.567979
vt 0.849701 0.592185
vt 0.871521 0.615789
vt 0.893499 0.638275
vt 0.604132 0.683578
vt 0.615611 0.654111
vt 0.627602 0.622351
vt 0.640671 0.592405
vt 0.655281 0.566949
vt 0.671680 0.546179
vt 0.689592 0.527763
vt 0.707862 0.508298
vt 0.725442 0.487706
vt 0.741512 0.467813
vt 0.758318 0.471030
vt 0.778969 0.496488
vt 0.801108 0.521486
vt 0.823689 0.545924
vt 0.846199 0.570007
vt 0.868464 0.593805
vt 0.890819 0.616949
vt 0.600696 0.654202
vt 0.612287 0.622910
vt 0.624846 0.593026
vt 0.638834 0.567258
vt 0.654555 0.545670
vt 0.672016 0.526793
vt 0.690188 0.507342
vt 0.708060 0.486151
vt 0.724795 0.465229
vt 0.775055 0.474564
vt 0.796470 0.499727
vt 0.818833 0.524187
vt 0.841538 0.548208
vt 0.864275 0.571930
vt 0.887018 0.595372
vt 0.597064 0.624083
vt 0.609259 0.594357
vt 0.622802 0.568277
vt 0.638028 0.546067
vt 0.655056 0.526549
vt 0.673057 0.506954
vt 0.691094 0.485396
vt 0.708329 0.463610
vt 0.791562 0.478081
vt 0.813400 0.502663
vt 0.836010 0.526695
vt 0.858967 0.550381
vt 0.882129 0.573802
vt 0.593791 0.596328
vt 0.607048 0.570019
vt 0.621950 0.547176
vt 0.638691 0.526944
vt 0.656478 0.506986
vt 0.674569 0.485279
vt 0.692155 0.462786
vt 0.807680 0.481245
vt 0.829902 0.505372
vt 0.852822 0.529074
vt 0.876186 0.552497
vt 0.591432 0.572324
vt 0.606171 0.548958
vt 0.622771 0.527820
vt 0.640454 0.507350
vt 0.658513 0.485566
vt 0.676316 0.462579
vt 0.823504 0.484145
vt 0.846118 0.507930
vt 0.869452 0.531389
vt 0.590541 0.551180
vt 0.607149 0.529160
vt 0.624846 0.507983
vt 0.642950 0.485983
vt 0.660855 0.462802
vt 0.839134 0.486868
vt 0.862191 0.510413
vt 0.591675 0.530744
vt 0.609517 0.508814
vt 0.627758 0.486539
vt 0.645814 0.463246
vt 0.854667 0.489503
vt 0.594327 0.509771
vt 0.612813 0.487200
vt 0.631088 0.463850
vt 0.597991 0.487963
vt 0.616572 0.464547
vt 0.602160 0.465252
vt 0.187021 0.826391
vt 0.187108 0.818762
vt 0.196914 0.818123
vt 0.196835 0.824992
vt 0.188030 0.810444
vt 0.197740 0.810644
vt 0.207575 0.817839
vt 0.207500 0.824310
vt 0.187714 0.833647
vt 0.197453 0.831535
vt 0.189845 0.801122
vt 0.199362 0.802272
vt 0.208352 0.810805
vt 0.218806 0.817792
vt 0.218653 0.824107
vt 0.208046 0.830486
vt 0.189157 0.840628
vt 0.198718 0.837838
vt 0.192612 0.790481
vt 0.201833 0.792722
vt 0.209876 0.802940
vt 0.219565 0.810940
vt 0.230213 0.817864
vt 0.229988 0.824143
vt 0.219100 0.830146
vt 0.209162 0.836445
vt 0.191302 0.847431
vt 0.200574 0.843986
vt 0.196387 0.778204
vt 0.205202 0.781711
vt 0.212194 0.793976
vt 0.221053 0.803288
vt 0.231057 0.811062
vt 0.230338 0.830161
vt 0.220110 0.835983
vt 0.210832 0.842263
vt 0.194081 0.854153
vt 0.203006 0.850063
vt 0.200919 0.764700
vt 0.209245 0.769604
vt 0.215352 0.783646
vt 0.223314 0.794573
vt 0.232563 0.803475
vt 0.231264 0.835986
vt 0.221669 0.841689
vt 0.213039 0.848019
vt 0.197472 0.860892
vt 0.205984 0.856156
vt 0.205955 0.750379
vt 0.213738 0.756767
vt 0.219140 0.772291
vt 0.226392 0.784533
vt 0.234815 0.794840
vt 0.232747 0.841689
vt 0.223763 0.847337
vt 0.215794 0.853788
vt 0.201342 0.867644
vt 0.209417 0.862261
vt 0.211243 0.735649
vt 0.218455 0.743564
vt 0.223349 0.760252
vt 0.230081 0.773500
vt 0.237876 0.784896
vt 0.234778 0.847337
vt 0.226395 0.852999
vt 0.218978 0.859569
vt 0.227768 0.747872
vt 0.234179 0.761804
vt 0.241545 0.773970
vt 0.237359 0.852999
vt 0.229483 0.858672
vt 0.213177 0.868373
vt 0.222485 0.865357
vt 0.238481 0.749777
vt 0.245619 0.762388
vt 0.240400 0.858672
vt 0.232878 0.864352
vt 0.217137 0.874489
vt 0.226203 0.871149
vt 0.249895 0.750480
vt 0.243788 0.864352
vt 0.236514 0.870036
vt 0.247450 0.870036
vt 0.150428 0.837477
vt 0.134492 0.851709
vt 0.133257 0.845326
vt 0.147928 0.832472
vt 0.116484 0.867081
vt 0.116670 0.859379
vt 0.132135 0.839272
vt 0.145415 0.827802
vt 0.163253 0.824634
vt 0.159727 0.820978
vt 0.097439 0.880172
vt 0.099126 0.871998
vt 0.117118 0.851788
vt 0.131240 0.834324
vt 0.143305 0.824047
vt 0.156090 0.817616
vt 0.171933 0.813954
vt 0.167695 0.811430
vt 0.101232 0.863685
vt 0.117597 0.845464
vt 0.153001 0.814974
vt 0.163292 0.809155
vt 0.177096 0.804752
vt 0.172423 0.803198
vt 0.103163 0.856591
vt 0.159538 0.807402
vt 0.167557 0.801844
vt 0.179372 0.796405
vt 0.174500 0.795728
vt 0.163402 0.800851
vt 0.169420 0.795201
vt 0.179390 0.788387
vt 0.174517 0.788552
vt 0.165077 0.794849
vt 0.169418 0.788804
vt 0.177779 0.780273
vt 0.173064 0.781237
vt 0.165046 0.789077
vt 0.168088 0.782220
vt 0.174274 0.772065
vt 0.169883 0.773864
vt 0.163795 0.783093
vt 0.165196 0.775625
vt 0.168611 0.763995
vt 0.164719 0.766609
vt 0.161118 0.777082
vt 0.160510 0.769106
vt 0.160525 0.756211
vt 0.157314 0.759633
vt 0.156811 0.771160
vt 0.153798 0.762903
vt 0.149750 0.749251
vt 0.147413 0.753405
vt 0.150669 0.765550
vt 0.144827 0.757355
vt 0.136959 0.743455
vt 0.135639 0.748175
vt 0.142487 0.760566
vt 0.134162 0.752704
vt 0.122824 0.738740
vt 0.122616 0.743937
vt 0.132775 0.756398
vt 0.122368 0.748917
vt 0.108017 0.734660
vt 0.108970 0.740167
vt 0.122044 0.752977
vt 0.110009 0.745494
vt 0.110802 0.749875
vt 0.457769 0.772965
vt 0.464344 0.781015
vt 0.455236 0.772066
vt 0.451546 0.764854
vt 0.445521 0.762528
vt 0.444908 0.756289
vt 0.448063 0.758037
vt 0.444332 0.750491
vt 0.553557 0.778074
vt 0.549163 0.783980
vt 0.550245 0.777810
vt 0.552697 0.772922
vt 0.551402 0.771260
vt 0.551786 0.767366
vt 0.556497 0.773580
vt 0.554326 0.769400
vt 0.552016 0.764976
vt 0.558207 0.770029
vt 0.555263 0.766915
vt 0.552131 0.763691
vt 0.555644 0.765115
vt 0.552169 0.763131
vt 0.555601 0.763615
vt 0.552169 0.762930
vt 0.480273 0.788004
vt 0.477579 0.790797
vt 0.474531 0.789459
vt 0.476041 0.788016
vt 0.471221 0.788057
vt 0.471438 0.788057
vt 0.482727 0.784338
vt 0.477463 0.786121
vt 0.473011 0.790493
vt 0.471017 0.788057
vt 0.471644 0.788057
vt 0.487140 0.782857
vt 0.483840 0.788051
vt 0.484957 0.780016
vt 0.478769 0.783889
vt 0.490040 0.776732
vt 0.486952 0.775257
vt 0.479992 0.781431
vt 0.492532 0.769986
vt 0.488742 0.770279
vt 0.481154 0.778860
vt 0.494690 0.762930
vt 0.613967 0.829440
vt 0.616200 0.830745
vt 0.618135 0.836564
vt 0.618135 0.836392
vt 0.600625 0.829440
vt 0.603083 0.830663
vt 0.607251 0.837615
vt 0.607251 0.837443
vt 0.594543 0.829440
vt 0.593380 0.832011
vt 0.585377 0.838636
vt 0.585555 0.838636
vt 0.461798 0.710415
vt 0.451335 0.729929
vt 0.443245 0.727254
vt 0.453673 0.707265
vt 0.441442 0.746587
vt 0.433236 0.745299
vt 0.435912 0.723652
vt 0.446246 0.704052
vt 0.471244 0.688846
vt 0.462829 0.686108
vt 0.455236 0.683710
vt 0.478383 0.668951
vt 0.469528 0.667025
vt 0.461665 0.665386
vt 0.483842 0.652025
vt 0.474515 0.651073
vt 0.466305 0.650080
vt 0.487775 0.637690
vt 0.478023 0.637670
vt 0.469460 0.637272
vt 0.490327 0.625513
vt 0.480265 0.626135
vt 0.471428 0.626169
vt 0.491685 0.614525
vt 0.481480 0.615644
vt 0.472496 0.616003
vt 0.491868 0.604438
vt 0.481690 0.605849
vt 0.472680 0.606499
vt 0.490928 0.594763
vt 0.480919 0.596422
vt 0.471990 0.597321
vt 0.488908 0.585067
vt 0.479185 0.587019
vt 0.470448 0.588178
vt 0.485853 0.574902
vt 0.476521 0.577266
vt 0.468072 0.578750
vt 0.481508 0.563291
vt 0.472607 0.566056
vt 0.464505 0.567891
vt 0.475601 0.549219
vt 0.467130 0.552285
vt 0.459394 0.554469
vt 0.467921 0.531463
vt 0.459824 0.534637
vt 0.452427 0.537229
vt 0.458337 0.508608
vt 0.450427 0.511828
vt 0.443309 0.514937
vt 0.448159 0.484523
vt 0.440294 0.487202
vt 0.433393 0.490664
vt 0.438819 0.462579
vt 0.430901 0.463429
vt 0.542016 0.719414
vt 0.530043 0.695770
vt 0.542530 0.693242
vt 0.554267 0.716383
vt 0.553071 0.689467
vt 0.564684 0.711851
vt 0.553179 0.741830
vt 0.565150 0.738814
vt 0.531202 0.670904
vt 0.541866 0.667803
vt 0.575419 0.733696
vt 0.520938 0.649969
vt 0.531695 0.647455
vt 0.574554 0.759026
vt 0.584541 0.753741
vt 0.512302 0.631039
vt 0.523116 0.629019
vt 0.505688 0.614714
vt 0.516526 0.613092
vt 0.501341 0.601596
vt 0.512189 0.600269
vt 0.498844 0.589830
vt 0.509703 0.588733
vt 0.497869 0.577563
vt 0.508740 0.576664
vt 0.498149 0.562940
vt 0.509032 0.562242
vt 0.499420 0.544106
vt 0.510304 0.543650
vt 0.501719 0.522858
vt 0.512585 0.522699
vt 0.505015 0.500991
vt 0.515844 0.501205
vt 0.509429 0.480300
vt 0.520194 0.480980
vt 0.515549 0.462580
vt 0.526222 0.463839
vt 0.532303 0.763250
vt 0.533985 0.762930
vt 0.541436 0.784603
vt 0.539563 0.784923
vt 0.530103 0.764518
vt 0.537427 0.786041
vt 0.332805 0.759510
vt 0.324254 0.759038
vt 0.334929 0.738750
vt 0.342212 0.740137
vt 0.341352 0.759825
vt 0.349661 0.741280
vt 0.333984 0.778417
vt 0.324428 0.779274
vt 0.348827 0.760119
vt 0.356287 0.742115
vt 0.401071 0.775703
vt 0.392870 0.740524
vt 0.406007 0.738750
vt 0.413367 0.773500
vt 0.426837 0.781122
vt 0.419554 0.751942
vt 0.429650 0.750491
vt 0.436659 0.780499
vt 0.564411 0.777589
vt 0.569634 0.762930
vt 0.578572 0.764999
vt 0.573936 0.779891
vt 0.368848 0.756900
vt 0.376203 0.738750
vt 0.386679 0.743048
vt 0.379874 0.760175
vt 0.362374 0.774507
vt 0.374112 0.776863
vn -0.695237 0.326421 0.640386
vn -0.650125 0.353794 0.672433
vn -0.754796 0.489799 0.436325
vn -0.785278 0.433868 0.441698
vn -0.639030 0.434859 0.634459
vn -0.716042 0.579561 0.389094
vn -0.723734 0.644676 0.246176
vn -0.778198 0.553652 0.296441
vn -0.811863 0.491354 0.315357
vn -0.641600 0.504126 0.578105
vn -0.692058 0.644590 0.324901
vn -0.618332 0.595922 0.512389
vn -0.641897 0.724321 0.251650
vn -0.620171 0.776365 0.112455
vn -0.683386 0.706838 0.182656
vn -0.660809 0.743813 0.100372
vn -0.711339 0.684564 0.159277
vn -0.589106 0.807347 0.033851
vn -0.555784 0.831028 -0.022288
vn -0.633761 0.772464 0.040568
vn -0.691522 0.715968 0.095851
vn -0.775897 0.595741 0.207548
vn -0.814023 0.533659 0.229291
vn -0.761809 0.631990 0.142253
vn -0.802471 0.573454 0.164899
vn -0.539251 0.712589 0.448804
vn -0.537724 0.823811 0.179409
vn -0.376003 0.835974 0.399712
vn -0.360629 0.924993 0.119729
vn -0.331925 0.943137 -0.017837
vn -0.506976 0.860935 0.042032
vn -0.136667 0.919790 0.367842
vn -0.121809 0.989315 0.080113
vn 0.099486 0.930911 0.351435
vn 0.106951 0.992268 0.062975
vn 0.110220 0.991365 -0.071037
vn -0.106430 0.992707 -0.056612
vn -0.094469 0.987051 -0.129635
vn -0.303909 0.948070 -0.093821
vn 0.111628 0.983729 -0.140770
vn 0.111037 0.977390 -0.179941
vn -0.086003 0.981320 -0.172088
vn -0.278453 0.950045 -0.140992
vn -0.471762 0.881009 -0.035565
vn -0.436460 0.895461 -0.087476
vn 0.299075 0.888601 0.347767
vn 0.301576 0.951275 0.064243
vn 0.478952 0.801456 0.358153
vn 0.483378 0.871478 0.082896
vn 0.470101 0.881386 -0.046507
vn 0.296127 0.952794 -0.067026
vn 0.624031 0.681618 0.382077
vn 0.640047 0.759187 0.118216
vn 0.731649 0.541542 0.414031
vn 0.767043 0.620161 0.164456
vn 0.756920 0.652197 0.041368
vn 0.624471 0.780992 -0.009313
vn 0.606034 0.791360 -0.080445
vn 0.458199 0.881458 -0.114392
vn 0.737617 0.674383 -0.033592
vn 0.714952 0.693860 -0.086039
vn 0.588829 0.798314 -0.126389
vn 0.449072 0.879993 -0.154748
vn 0.291640 0.947018 -0.134549
vn 0.288481 0.941798 -0.172612
vn 0.800209 0.400985 0.445956
vn 0.855353 0.473474 0.210224
vn 0.832468 0.289824 0.472228
vn 0.901753 0.354895 0.246762
vn 0.909950 0.391844 0.135832
vn 0.855461 0.509336 0.093616
vn 0.843501 0.216922 0.491377
vn 0.921677 0.274502 0.274152
vn 0.858311 0.196116 0.474173
vn 0.928343 0.244865 0.279679
vn 0.943366 0.278319 0.180553
vn 0.935496 0.310504 0.168627
vn 0.931714 0.347890 0.104319
vn 0.901536 0.427869 0.064502
vn 0.941696 0.313645 0.121802
vn 0.929178 0.358941 0.088253
vn 0.916759 0.394280 0.064003
vn 0.882288 0.470489 0.014406
vn 0.841551 0.539874 0.018111
vn 0.819349 0.572129 -0.036537
vn -0.739308 0.667175 0.091112
vn -0.779907 0.615103 0.115733
vn -0.666755 0.743946 0.044528
vn -0.638928 0.769159 -0.012816
vn -0.710312 0.703217 0.030712
vn -0.749047 0.660016 0.057516
vn -0.602957 0.797733 -0.008084
vn -0.520736 0.851019 -0.067825
vn -0.486935 0.866662 -0.108588
vn -0.571258 0.818730 -0.057847
vn -0.539642 0.833712 -0.117092
vn -0.607544 0.790058 -0.081848
vn -0.455572 0.876576 -0.155142
vn -0.427040 0.882712 -0.196103
vn -0.509684 0.843481 -0.169591
vn -0.575882 0.804708 -0.144237
vn -0.674547 0.736850 -0.045142
vn -0.710552 0.703358 -0.020091
vn -0.636974 0.761948 -0.117047
vn -0.668563 0.737244 -0.097438
vn -0.402476 0.906545 -0.127237
vn -0.256490 0.950796 -0.173779
vn -0.237889 0.950751 -0.198701
vn -0.372657 0.914261 -0.158914
vn -0.080816 0.976335 -0.200598
vn 0.108716 0.972175 -0.207503
vn 0.106380 0.966855 -0.232109
vn -0.076508 0.971719 -0.223401
vn -0.071273 0.967088 -0.244256
vn -0.221220 0.949244 -0.223600
vn 0.106008 0.961784 -0.252454
vn 0.114607 0.955682 -0.271177
vn -0.057946 0.962949 -0.263385
vn -0.200923 0.948209 -0.246027
vn -0.346726 0.917964 -0.192674
vn -0.321459 0.920414 -0.222489
vn 0.285844 0.936867 -0.201429
vn 0.441344 0.877656 -0.186911
vn 0.434053 0.874325 -0.217148
vn 0.283740 0.931222 -0.228729
vn 0.572540 0.803403 -0.163531
vn 0.689804 0.712453 -0.128766
vn 0.661426 0.731419 -0.165959
vn 0.555997 0.807443 -0.197239
vn 0.541236 0.811721 -0.219484
vn 0.428700 0.871537 -0.237990
vn 0.633667 0.749578 -0.191310
vn 0.611200 0.760185 -0.220348
vn 0.530814 0.812235 -0.241892
vn 0.427524 0.866430 -0.257917
vn 0.283330 0.926070 -0.249236
vn 0.289151 0.918908 -0.268328
vn 0.788920 0.609070 -0.081486
vn 0.852177 0.522570 -0.026728
vn 0.811352 0.581075 -0.063720
vn 0.750126 0.650293 -0.120126
vn 0.890186 0.454529 0.031167
vn 0.904652 0.421761 0.061018
vn 0.868185 0.495437 0.028228
vn 0.852364 0.522942 -0.002895
vn 0.808231 0.586787 -0.049423
vn 0.765663 0.635092 -0.102071
vn 0.824837 0.564882 -0.023486
vn 0.781180 0.614457 -0.110460
vn 0.764834 0.631739 -0.126233
vn 0.724246 0.670405 -0.161322
vn 0.708787 0.689041 -0.151139
vn 0.673519 0.713468 -0.193225
vn -0.606532 0.776119 -0.172507
vn -0.633342 0.756968 -0.160865
vn -0.550144 0.813662 -0.187870
vn -0.536286 0.815827 -0.216388
vn -0.589533 0.779412 -0.212057
vn -0.612767 0.762436 -0.207863
vn -0.484645 0.850808 -0.203091
vn -0.401220 0.888819 -0.221411
vn -0.379257 0.894359 -0.237247
vn -0.468244 0.854866 -0.223499
vn -0.460924 0.852413 -0.246862
vn -0.533411 0.809740 -0.244526
vn -0.364129 0.895227 -0.256863
vn -0.356879 0.887279 -0.292187
vn -0.460529 0.841061 -0.283777
vn -0.535971 0.795805 -0.281834
vn -0.584710 0.773073 -0.245912
vn -0.605408 0.757023 -0.245758
vn -0.585160 0.759876 -0.283155
vn -0.603666 0.745214 -0.283271
vn -0.295981 0.924050 -0.241923
vn -0.176835 0.948594 -0.262487
vn -0.149428 0.948985 -0.277667
vn -0.270237 0.928042 -0.256340
vn -0.037444 0.959171 -0.280336
vn 0.130628 0.947704 -0.291194
vn 0.151600 0.937491 -0.313252
vn -0.011318 0.954423 -0.298243
vn 0.013194 0.947787 -0.318630
vn -0.124474 0.946999 -0.296139
vn 0.169694 0.926403 -0.336127
vn 0.180614 0.917326 -0.354813
vn 0.030287 0.939413 -0.341447
vn -0.106937 0.940021 -0.323922
vn -0.248924 0.928879 -0.274266
vn -0.235158 0.922356 -0.306530
vn 0.299449 0.908468 -0.291575
vn 0.429669 0.857016 -0.284445
vn 0.433358 0.844791 -0.313892
vn 0.311210 0.895663 -0.317706
vn 0.525661 0.805571 -0.273379
vn 0.597234 0.758765 -0.259975
vn 0.588999 0.751204 -0.297947
vn 0.523980 0.794658 -0.306535
vn 0.520598 0.786309 -0.332709
vn 0.433590 0.834426 -0.340195
vn 0.581564 0.746344 -0.323658
vn 0.570638 0.748697 -0.337379
vn 0.512762 0.784865 -0.347938
vn 0.429696 0.829888 -0.355876
vn 0.318850 0.883632 -0.342825
vn 0.320990 0.876338 -0.359163
vn 0.650370 0.719166 -0.244580
vn 0.694819 0.682600 -0.226461
vn 0.675166 0.683929 -0.276393
vn 0.635948 0.715906 -0.288182
vn 0.730709 0.650692 -0.206555
vn 0.745523 0.636363 -0.198087
vn 0.718761 0.646582 -0.255567
vn 0.706215 0.657565 -0.262429
vn 0.685905 0.667741 -0.289233
vn 0.660323 0.687255 -0.302744
vn 0.695449 0.660970 -0.281904
vn 0.672850 0.681837 -0.287003
vn 0.665280 0.685713 -0.295298
vn 0.643946 0.698950 -0.311132
vn 0.625084 0.714632 -0.313960
vn 0.611909 0.720989 -0.325180
vn -0.582914 0.747325 -0.318931
vn -0.599204 0.735270 -0.316755
vn -0.537373 0.779270 -0.322442
vn -0.533993 0.770046 -0.349114
vn -0.575083 0.744139 -0.339907
vn -0.589155 0.735240 -0.335141
vn -0.462707 0.824096 -0.326753
vn -0.356055 0.872715 -0.334057
vn -0.359052 0.858180 -0.366890
vn -0.463359 0.810535 -0.358234
vn -0.459880 0.804183 -0.376563
vn -0.525785 0.768644 -0.364332
vn -0.361763 0.848121 -0.387063
vn -0.362819 0.844690 -0.393524
vn -0.457133 0.802602 -0.383224
vn -0.520472 0.768972 -0.371202
vn -0.563462 0.746898 -0.353064
vn -0.575968 0.739783 -0.347824
vn -0.556833 0.748526 -0.360064
vn -0.568856 0.741923 -0.354899
vn -0.230672 0.910390 -0.343482
vn -0.100634 0.930143 -0.353139
vn -0.106289 0.920685 -0.375555
vn -0.235247 0.897559 -0.372890
vn 0.036136 0.931563 -0.361780
vn 0.182045 0.912236 -0.366994
vn 0.173187 0.912459 -0.370708
vn 0.029462 0.926494 -0.375155
vn 0.014448 0.923737 -0.382755
vn -0.119049 0.913032 -0.390129
vn 0.157085 0.915699 -0.369890
vn 0.148932 0.917251 -0.369417
vn 0.006406 0.922796 -0.385235
vn -0.126019 0.910057 -0.394861
vn -0.243929 0.887099 -0.391860
vn -0.248575 0.883135 -0.397848
vn 0.316731 0.875203 -0.365653
vn 0.421398 0.832899 -0.358754
vn 0.408119 0.844312 -0.347241
vn 0.305512 0.881146 -0.360894
vn 0.500524 0.792759 -0.347863
vn 0.555481 0.761366 -0.334309
vn 0.538212 0.781894 -0.314596
vn 0.484738 0.809514 -0.331236
vn 0.466274 0.827098 -0.313842
vn 0.390541 0.858279 -0.332919
vn 0.519918 0.801167 -0.296338
vn 0.510428 0.809294 -0.290698
vn 0.456713 0.834610 -0.307959
vn 0.381396 0.864348 -0.327781
vn 0.288713 0.890268 -0.352232
vn 0.280103 0.894293 -0.348974
vn 0.594792 0.737817 -0.319136
vn 0.624537 0.719891 -0.302836
vn 0.605277 0.744132 -0.282681
vn 0.576631 0.760571 -0.298376
vn 0.643415 0.710116 -0.285925
vn 0.650250 0.707243 -0.277457
vn 0.629535 0.731986 -0.260540
vn 0.623066 0.734933 -0.267696
vn 0.605583 0.753893 -0.254783
vn 0.587741 0.763743 -0.266942
vn 0.612054 0.750544 -0.249145
vn 0.603626 0.758286 -0.246248
vn 0.597149 0.761590 -0.251781
vn 0.578955 0.771750 -0.263084
vn 0.558946 0.780226 -0.280760
vn 0.549842 0.788384 -0.275907
vn -0.452657 0.227170 0.862262
vn -0.464778 0.309595 0.829538
vn -0.421814 0.164196 0.891691
vn -0.131860 -0.129797 0.982734
vn -0.172742 -0.088531 0.980980
vn -0.206506 -0.040694 0.977599
vn -0.400303 0.105725 0.910264
vn -0.462486 0.115933 0.879015
vn -0.150898 -0.130577 0.979887
vn -0.096287 -0.161564 0.982154
vn 0.171191 -0.373614 0.911650
vn 0.139023 -0.362511 0.921552
vn 0.132903 -0.339783 0.931066
vn 0.381446 -0.505186 0.774135
vn 0.412887 -0.533633 0.738079
vn 0.393413 -0.538314 0.745281
vn 0.103424 -0.347506 0.931957
vn 0.060154 -0.335139 0.940246
vn 0.368182 -0.546566 0.752135
vn 0.319965 -0.564051 0.761229
vn -0.128116 0.605401 0.785542
vn 0.072673 0.620265 0.781018
vn -0.318868 0.525289 0.788920
vn -0.176046 0.072479 0.981710
vn -0.082722 0.112155 0.990242
vn 0.026819 0.116575 0.992820
vn -0.431262 0.413780 0.801748
vn -0.216262 0.015321 0.976215
vn 0.013232 -0.323624 0.946093
vn -0.021348 -0.309833 0.950551
vn 0.239528 -0.590988 0.770298
vn 0.131165 -0.612957 0.779153
vn -0.030376 -0.298965 0.953781
vn -0.015702 -0.299333 0.954019
vn 0.021672 -0.621166 0.783380
vn -0.054290 -0.619897 0.782803
vn 0.480355 0.424175 0.767682
vn 0.544004 0.323600 0.774173
vn 0.380278 0.516860 0.766971
vn 0.171846 0.069113 0.982696
vn 0.196457 0.034393 0.979909
vn 0.198380 0.006595 0.980103
vn 0.240778 0.587555 0.772532
vn 0.115228 0.100603 0.988232
vn -0.009146 -0.301818 0.953322
vn -0.034685 -0.302778 0.952430
vn -0.122484 -0.608565 0.783994
vn -0.218793 -0.582607 0.782751
vn -0.084885 -0.292098 0.952614
vn -0.147687 -0.262513 0.953559
vn -0.330624 -0.534043 0.778130
vn -0.443859 -0.456974 0.770820
vn 0.586772 0.103402 0.803123
vn 0.627531 0.100917 0.772024
vn 0.587529 0.151507 0.794894
vn 0.175701 -0.033623 0.983869
vn 0.162847 -0.045507 0.985601
vn 0.219340 -0.031928 0.975126
vn 0.576729 0.226973 0.784772
vn 0.187476 -0.016388 0.982132
vn -0.202736 -0.225229 0.952980
vn -0.236968 -0.192771 0.952200
vn -0.529512 -0.372259 0.762260
vn -0.578197 -0.302654 0.757686
vn -0.258746 -0.173137 0.950302
vn -0.221082 -0.155831 0.962725
vn -0.602811 -0.259795 0.754404
vn -0.587837 -0.242366 0.771820
vn 0.582288 -0.659319 0.475646
vn 0.531864 -0.697276 0.480548
vn 0.604131 -0.638768 0.476446
vn 0.692287 -0.659867 0.292088
vn 0.662488 -0.683451 0.306601
vn 0.608398 -0.726977 0.318365
vn 0.617200 -0.628153 0.473800
vn 0.603675 -0.616898 0.504988
vn 0.710075 -0.646538 0.278895
vn 0.711359 -0.649830 0.267749
vn 0.728591 -0.658572 0.188249
vn 0.695762 -0.668425 0.262914
vn 0.740528 -0.652270 0.161748
vn 0.729016 -0.667603 0.151138
vn 0.681747 -0.678191 0.274369
vn 0.610359 -0.674259 0.415736
vn 0.653406 -0.691211 0.308688
vn 0.593570 -0.731310 0.335948
vn 0.541321 -0.677181 0.498394
vn 0.475764 -0.698509 0.534541
vn 0.071724 -0.854684 0.514171
vn -0.089138 -0.851930 0.516014
vn 0.268594 -0.820785 0.504152
vn 0.325007 -0.884691 0.334203
vn 0.093913 -0.936903 0.336738
vn -0.107460 -0.936382 0.334127
vn 0.430701 -0.757941 0.489921
vn 0.502506 -0.800492 0.326649
vn 0.490339 -0.801419 0.342483
vn 0.320290 -0.886255 0.334613
vn 0.389804 -0.752295 0.531136
vn 0.254844 -0.825065 0.504304
vn 0.091799 -0.943427 0.318620
vn -0.113917 -0.945782 0.304171
vn 0.066818 -0.881456 0.467515
vn -0.108885 -0.891507 0.439726
vn -0.525278 -0.686030 0.503434
vn -0.661836 -0.567336 0.490003
vn -0.375066 -0.771923 0.513284
vn -0.446441 -0.832529 0.328002
vn -0.605197 -0.728370 0.321271
vn -0.742066 -0.592349 0.313785
vn -0.223965 -0.826064 0.517163
vn -0.274194 -0.902427 0.332331
vn -0.285373 -0.911034 0.297621
vn -0.458973 -0.838169 0.294645
vn -0.259874 -0.865598 0.428025
vn -0.416836 -0.801639 0.428512
vn -0.614532 -0.730928 0.296808
vn -0.744752 -0.593519 0.305089
vn -0.555759 -0.702551 0.444470
vn -0.666034 -0.572820 0.477783
vn -0.830260 -0.297880 0.471101
vn -0.831443 -0.281219 0.479185
vn -0.806815 -0.353719 0.473215
vn -0.879710 -0.360359 0.310245
vn -0.901279 -0.302086 0.310548
vn -0.905136 -0.285840 0.314680
vn -0.755774 -0.447302 0.478253
vn -0.832009 -0.460409 0.309491
vn -0.828692 -0.461947 0.316029
vn -0.872033 -0.363035 0.328275
vn -0.730531 -0.450293 0.513382
vn -0.760299 -0.360023 0.540675
vn -0.891532 -0.306334 0.333661
vn -0.905416 -0.289597 0.310413
vn -0.772309 -0.304939 0.557272
vn -0.839344 -0.293719 0.457418
vn 0.349409 -0.599778 0.719847
vn 0.292190 -0.599214 0.745364
vn 0.438897 -0.636103 0.634620
vn 0.324657 -0.615330 0.718309
vn 0.213328 -0.527499 0.822336
vn 0.165808 -0.510713 0.843611
vn 0.590472 -0.696565 0.407604
vn 0.655687 -0.695381 0.294142
vn 0.668567 -0.741582 0.055455
vn 0.644263 -0.764374 -0.025629
vn 0.064512 0.153518 -0.986038
vn 0.474913 -0.752001 -0.457113
vn 0.118260 0.096663 -0.988267
vn -0.016023 0.270019 -0.962722
vn -0.004178 0.236616 -0.971594
vn 0.157012 -0.265432 -0.951259
vn 0.150589 -0.527224 0.836276
vn 0.095738 -0.465288 0.879967
vn 0.081394 -0.471030 0.878354
vn 0.059260 -0.438017 0.897011
vn 0.027060 -0.740521 0.671489
vn -0.090915 -0.759761 0.643815
vn 0.150304 -0.689197 0.708813
vn 0.077378 -0.569528 0.818322
vn 0.000768 -0.611318 0.791385
vn -0.071687 -0.631161 0.772332
vn 0.235351 -0.633846 0.736783
vn 0.128956 -0.530296 0.837948
vn 0.070169 -0.467498 0.881205
vn 0.039203 -0.492970 0.869163
vn 0.045324 -0.443701 0.895028
vn 0.023744 -0.462321 0.886395
vn -0.009910 -0.525593 0.850679
vn -0.055869 -0.543637 0.837459
vn -0.013050 -0.485758 0.873996
vn -0.043609 -0.500089 0.864875
vn -0.425610 -0.618457 0.660581
vn -0.499426 -0.504219 0.704512
vn -0.319506 -0.701408 0.637136
vn -0.229110 -0.593967 0.771176
vn -0.305604 -0.527421 0.792738
vn -0.353825 -0.431099 0.830037
vn -0.199289 -0.747752 0.633365
vn -0.141837 -0.626529 0.766384
vn -0.100453 -0.542604 0.833961
vn -0.164413 -0.521028 0.837555
vn -0.070337 -0.502150 0.861916
vn -0.114221 -0.493564 0.862177
vn -0.225192 -0.471670 0.852535
vn -0.264458 -0.394605 0.879971
vn -0.165095 -0.467130 0.868639
vn -0.209229 -0.418140 0.883958
vn -0.537295 -0.273419 0.797845
vn -0.610014 -0.267148 0.745999
vn -0.537272 -0.322025 0.779512
vn -0.360666 -0.278050 0.890285
vn -0.352127 -0.239428 0.904810
vn -0.394301 -0.230314 0.889653
vn -0.531231 -0.397442 0.748220
vn -0.367411 -0.339656 0.865819
vn -0.274949 -0.313044 0.909069
vn -0.266603 -0.258299 0.928550
vn -0.233078 -0.331802 0.914102
vn -0.227509 -0.265563 0.936865
vn -0.256131 -0.225373 0.940002
vn -0.260947 -0.208466 0.942576
vn -0.218045 -0.231230 0.948150
vn -0.214663 -0.218158 0.952012
vn -0.710549 0.438104 0.550622
vn -0.653164 0.506519 0.562863
vn -0.671838 0.599451 0.435077
vn -0.737194 0.502277 0.451954
vn -0.577477 0.573985 0.580570
vn -0.606533 0.656800 0.448031
vn -0.642800 0.675382 0.361480
vn -0.695570 0.632632 0.340529
vn -0.761548 0.547221 0.347266
vn -0.484583 0.644208 0.591757
vn -0.517418 0.718015 0.465546
vn -0.396529 0.700031 0.593903
vn -0.421599 0.773570 0.473121
vn -0.450107 0.799666 0.397415
vn -0.559040 0.732989 0.387559
vn -0.606809 0.738913 0.292902
vn -0.681183 0.678805 0.274252
vn -0.486012 0.822529 0.295361
vn -0.517877 0.845602 0.129468
vn -0.642856 0.752022 0.145599
vn -0.708430 0.689298 0.151642
vn -0.720046 0.645227 0.255373
vn -0.777859 0.575616 0.252194
vn -0.738917 0.656175 0.153087
vn -0.790543 0.591874 0.157248
vn 0.417940 0.714435 0.561167
vn 0.435318 0.707069 0.557271
vn 0.451706 0.807331 0.379709
vn 0.447224 0.802516 0.394917
vn 0.473845 0.680089 0.559419
vn 0.479164 0.793090 0.376045
vn 0.484719 0.833542 0.265059
vn 0.466307 0.840896 0.274685
vn 0.473253 0.829914 0.295422
vn 0.532192 0.635130 0.559805
vn 0.535965 0.752438 0.382857
vn 0.598528 0.574493 0.558321
vn 0.630489 0.652833 0.419872
vn 0.654191 0.694814 0.298776
vn 0.543629 0.794163 0.271613
vn 0.551229 0.812328 0.190446
vn 0.494441 0.848312 0.189457
vn 0.666403 0.717273 0.203535
vn 0.673402 0.726575 0.136448
vn 0.557282 0.820196 0.129289
vn 0.502735 0.855024 0.127246
vn 0.481729 0.853375 0.199221
vn 0.495557 0.841658 0.214557
vn 0.491651 0.861029 0.130029
vn 0.504169 0.853517 0.131616
vn -0.731785 0.680872 0.030085
vn -0.788416 0.612468 0.057297
vn -0.702052 0.712123 -0.001964
vn -0.654491 0.743007 -0.139936
vn -0.693157 0.716045 -0.082543
vn -0.769967 0.637111 -0.035220
vn -0.639648 0.767665 -0.039264
vn -0.520115 0.850712 -0.075951
vn -0.486485 0.835991 -0.253873
vn -0.591520 0.780497 -0.202310
vn -0.521413 0.790680 -0.320863
vn -0.581155 0.773035 -0.254316
vn -0.438163 0.818639 -0.371273
vn -0.398854 0.804113 -0.440815
vn -0.458583 0.791975 -0.403085
vn -0.510163 0.786320 -0.348474
vn -0.635236 0.749520 -0.186267
vn -0.741673 0.660089 -0.119179
vn -0.578841 0.763494 -0.286393
vn -0.715564 0.667506 -0.205922
vn 0.489419 0.869618 0.065066
vn 0.493057 0.868543 0.050288
vn 0.502838 0.861257 0.073424
vn 0.492864 0.869644 0.028369
vn 0.472850 0.881094 0.009326
vn 0.464274 0.885507 -0.018092
vn 0.557227 0.826451 0.080481
vn 0.676221 0.731591 0.086595
vn 0.674299 0.736908 0.047821
vn 0.550645 0.833728 0.041074
vn 0.538526 0.842604 0.002973
vn 0.474280 0.880222 -0.016376
vn 0.666866 0.745060 0.013241
vn 0.652082 0.757780 -0.023620
vn 0.519480 0.853357 -0.043845
vn 0.447764 0.891034 -0.074608
vn 0.444643 0.894557 -0.045385
vn 0.423619 0.902010 -0.083212
vn 0.406939 0.905975 -0.116660
vn 0.371800 0.912930 -0.168295
vn -0.546398 0.748798 -0.375167
vn -0.695120 0.657571 -0.290531
vn -0.467613 0.780480 -0.414957
vn -0.469971 0.788668 -0.396396
vn -0.545169 0.753949 -0.366541
vn -0.690547 0.671258 -0.269367
vn -0.421549 0.790309 -0.444645
vn -0.381259 0.798678 -0.465570
vn -0.391143 0.825057 -0.407784
vn -0.423888 0.810458 -0.404324
vn -0.448946 0.849133 -0.278247
vn -0.496239 0.824546 -0.271790
vn -0.417372 0.866720 -0.273125
vn -0.441866 0.886556 -0.137018
vn -0.465395 0.873399 -0.143466
vn -0.508911 0.850087 -0.135506
vn -0.566379 0.787006 -0.244616
vn -0.701819 0.692929 -0.165224
vn -0.580803 0.805996 -0.114191
vn -0.716881 0.694202 -0.064544
vn 0.358758 0.912588 -0.196153
vn 0.306538 0.916129 -0.258346
vn 0.411978 0.899733 -0.144062
vn 0.377011 0.907525 -0.185097
vn 0.314048 0.921685 -0.227751
vn 0.249958 0.926986 -0.279677
vn 0.491634 0.864575 -0.103953
vn 0.630010 0.772848 -0.076112
vn 0.607133 0.782249 -0.139555
vn 0.462917 0.872718 -0.155151
vn 0.447289 0.876841 -0.176302
vn 0.355598 0.916981 -0.180821
vn 0.596503 0.780284 -0.187992
vn 0.610547 0.762955 -0.212442
vn 0.455540 0.873466 -0.171874
vn 0.354554 0.923149 -0.148619
vn 0.286441 0.937176 -0.199129
vn 0.217703 0.949246 -0.227018
vn 0.278413 0.949944 -0.141748
vn 0.208444 0.967050 -0.146170
vn -0.586245 0.807266 -0.068104
vn -0.731847 0.679775 -0.048030
vn -0.508967 0.857065 -0.079952
vn -0.508978 0.855382 -0.096241
vn -0.590956 0.800488 -0.099949
vn -0.743094 0.659610 -0.112812
vn -0.471226 0.878069 -0.083310
vn -0.457907 0.885767 -0.075750
vn -0.467274 0.879425 -0.090921
vn -0.475939 0.874430 -0.094094
vn -0.480220 0.860036 -0.172418
vn -0.517444 0.838077 -0.172859
vn -0.467613 0.866430 -0.175033
vn -0.456021 0.820423 -0.344894
vn -0.480180 0.807386 -0.342864
vn -0.536045 0.773010 -0.339281
vn -0.596637 0.782861 -0.176502
vn -0.742019 0.638239 -0.205081
vn -0.626002 0.708431 -0.325955
vn -0.736208 0.603254 -0.306729
vn 0.286875 0.951103 -0.114477
vn 0.214073 0.971164 -0.104943
vn 0.373259 0.917811 -0.135277
vn 0.410406 0.898152 -0.157768
vn 0.312106 0.940852 -0.131861
vn 0.231930 0.965772 -0.116161
vn 0.486192 0.856330 -0.174116
vn 0.645383 0.728147 -0.230832
vn 0.690863 0.674505 -0.260290
vn 0.534192 0.821254 -0.200450
vn 0.588461 0.769389 -0.248504
vn 0.469414 0.855850 -0.217188
vn 0.730759 0.613717 -0.298903
vn 0.761939 0.547033 -0.346704
vn 0.670424 0.658889 -0.341170
vn 0.558792 0.758186 -0.336015
vn 0.358365 0.913554 -0.192335
vn 0.261522 0.948699 -0.177697
vn 0.431707 0.840864 -0.326461
vn 0.304930 0.896047 -0.322672
vn -0.424752 0.395835 0.814187
vn -0.345127 0.464575 0.815511
vn -0.515634 0.306627 0.800064
vn -0.303046 -0.219190 0.927426
vn -0.229614 -0.140577 0.963076
vn -0.176124 -0.082152 0.980934
vn -0.606400 0.216653 0.765076
vn -0.715752 0.167008 0.678091
vn -0.584314 -0.319360 0.746047
vn -0.413837 -0.293152 0.861859
vn -0.069958 -0.735052 0.674392
vn 0.029499 -0.688843 0.724310
vn -0.233698 -0.780659 0.579618
vn 0.108794 -0.946586 0.303543
vn 0.218136 -0.900771 0.375536
vn 0.280026 -0.870653 0.404413
vn 0.078869 -0.661737 0.745577
vn 0.094066 -0.654738 0.749980
vn 0.295597 -0.865774 0.403804
vn 0.274555 -0.880226 0.387068
vn -0.814323 0.236489 0.530049
vn -0.863193 0.315248 0.394356
vn -0.885709 -0.171759 0.431299
vn -0.765767 -0.264591 0.586167
vn -0.887562 0.370009 0.274459
vn -0.901626 0.397867 0.169623
vn -0.983512 -0.050536 0.173638
vn -0.952394 -0.095359 0.289574
vn -0.661096 -0.723384 0.199167
vn -0.565251 -0.762170 0.315576
vn -0.710527 -0.693740 0.117800
vn -0.180732 -0.983031 0.031413
vn -0.157295 -0.986334 0.049029
vn -0.101303 -0.988894 0.108747
vn -0.420761 -0.790462 0.445118
vn -0.011619 -0.980168 0.197828
vn 0.507314 0.323043 0.798921
vn 0.633679 0.289179 0.717514
vn 0.430898 0.386028 0.815665
vn 0.249494 -0.186922 0.950165
vn 0.353348 -0.245052 0.902826
vn 0.543350 -0.269236 0.795162
vn 0.379443 0.433743 0.817246
vn 0.348501 0.461263 0.815956
vn 0.152082 -0.092330 0.984046
vn 0.190086 -0.131593 0.972908
vn -0.091606 -0.682625 0.725005
vn -0.038895 -0.712580 0.700512
vn -0.123585 -0.662684 0.738631
vn -0.284424 -0.881553 0.376786
vn -0.265062 -0.890058 0.370862
vn -0.233248 -0.906626 0.351604
vn 0.050217 -0.754636 0.654219
vn 0.207272 -0.802704 0.559200
vn -0.180221 -0.932405 0.313275
vn -0.091103 -0.966446 0.240170
vn 0.849641 0.476441 0.226084
vn 0.859513 0.490706 0.142988
vn 0.825306 0.440878 0.352840
vn 0.915157 -0.130628 0.381344
vn 0.973210 -0.066938 0.219956
vn 0.991802 -0.038675 0.121790
vn 0.764317 0.372417 0.526427
vn 0.772471 -0.218164 0.596400
vn 0.404503 -0.823426 0.397928
vn 0.553671 -0.801230 0.226892
vn 0.012406 -0.991516 0.129395
vn 0.086234 -0.995874 0.028258
vn 0.631681 -0.769186 0.096600
vn 0.657720 -0.752779 0.026976
vn 0.122762 -0.991742 -0.037102
vn 0.128327 -0.990028 -0.058114
vn -0.907180 0.412850 0.081107
vn -0.906290 0.422560 0.009051
vn -0.997687 -0.021207 0.064586
vn -0.994554 -0.028820 0.100158
vn -0.903075 0.427792 -0.038083
vn -0.903366 0.421873 -0.077151
vn -0.988906 -0.054710 0.138104
vn -0.996603 -0.034050 0.074990
vn -0.725546 -0.655900 0.208273
vn -0.736256 -0.664376 0.128576
vn -0.688331 -0.623087 0.371435
vn -0.202571 -0.867351 0.454607
vn -0.187293 -0.945918 0.264878
vn -0.186509 -0.971379 0.147094
vn -0.730427 -0.676030 0.097263
vn -0.187044 -0.980016 0.067699
vn 0.860516 0.509208 0.014830
vn 0.850797 0.525352 -0.012238
vn 0.865015 0.499601 0.046342
vn 0.999286 -0.026042 0.027376
vn 0.999879 -0.015204 0.003373
vn 0.999949 0.004956 -0.008804
vn 0.864682 0.494727 0.087006
vn 0.997375 -0.032020 0.064951
vn 0.660762 -0.750592 -0.002452
vn 0.661923 -0.749361 -0.017798
vn 0.121402 -0.991094 -0.054729
vn 0.117035 -0.992036 -0.046555
vn 0.666401 -0.745303 -0.020801
vn 0.680045 -0.733126 -0.008046
vn 0.118384 -0.992463 -0.031658
vn 0.132139 -0.991226 -0.003289
vn -0.901570 0.422958 -0.090984
vn -0.896748 0.440479 -0.042684
vn -0.950470 -0.039542 0.308290
vn -0.965764 -0.052137 0.254128
vn -0.895824 0.444291 0.010241
vn -0.904869 0.424217 0.035383
vn -0.977669 -0.103713 0.182777
vn -0.960086 -0.055997 0.274041
vn -0.661586 -0.585963 0.467923
vn -0.640978 -0.524408 0.560486
vn -0.663217 -0.685339 0.300755
vn -0.244377 -0.911138 0.331824
vn -0.302298 -0.796107 0.524242
vn -0.299323 -0.710186 0.637213
vn -0.640858 -0.547742 0.537847
vn -0.250213 -0.740610 0.623610
vn 0.808835 0.550947 -0.205531
vn 0.814022 0.522767 -0.253148
vn 0.819741 0.557185 -0.132554
vn 0.993359 0.050953 -0.103161
vn 0.982198 0.049178 -0.181299
vn 0.970721 0.033555 -0.237856
vn 0.836366 0.545141 -0.057559
vn 0.998822 0.033053 -0.035521
vn 0.707262 -0.706891 0.009308
vn 0.730952 -0.682429 0.000261
vn 0.170771 -0.984112 0.048591
vn 0.221372 -0.969990 0.100565
vn 0.742715 -0.668773 -0.033409
vn 0.748963 -0.658719 -0.071724
vn 0.259716 -0.958390 0.118474
vn 0.276327 -0.954838 0.109220
vn -0.921301 0.388487 -0.016778
vn -0.926422 0.349754 -0.139337
vn -0.966533 -0.208624 -0.149300
vn -0.986738 -0.158380 0.035544
vn -0.906902 0.319313 -0.274895
vn -0.835805 0.339495 -0.431477
vn -0.817361 -0.192796 -0.542909
vn -0.918249 -0.228196 -0.323643
vn -0.538379 -0.812848 -0.222320
vn -0.605955 -0.791930 -0.075268
vn -0.411027 -0.818555 -0.401280
vn 0.059786 -0.987990 -0.142485
vn -0.042746 -0.996859 -0.066666
vn -0.122129 -0.992310 0.020133
vn -0.651803 -0.750054 0.112128
vn -0.187587 -0.969382 0.158457
vn 0.865312 0.355635 -0.353213
vn 0.849765 0.330620 -0.410597
vn 0.852830 0.417608 -0.313502
vn 0.949721 -0.020639 -0.312418
vn 0.928945 -0.050767 -0.366720
vn 0.886587 -0.049523 -0.459903
vn 0.832375 0.476534 -0.282962
vn 0.961372 0.010614 -0.275047
vn 0.754468 -0.646340 -0.114122
vn 0.748788 -0.641146 -0.168073
vn 0.279316 -0.956428 0.085017
vn 0.261040 -0.964131 0.048065
vn 0.720989 -0.648475 -0.244242
vn 0.644505 -0.670255 -0.367928
vn 0.212679 -0.977100 -0.006601
vn 0.106897 -0.989986 -0.092201
vn -0.681788 0.476090 -0.555431
vn -0.544407 0.584051 -0.602084
vn -0.436407 0.072111 -0.896855
vn -0.629548 -0.069843 -0.773816
vn -0.453424 0.643958 -0.616217
vn -0.408043 0.671926 -0.618075
vn -0.220816 0.222463 -0.949605
vn -0.296584 0.170144 -0.939728
vn 0.140230 -0.632819 -0.761495
vn -0.004801 -0.697249 -0.716813
vn 0.222824 -0.600971 -0.767583
vn 0.436132 -0.860628 -0.262883
vn 0.396945 -0.875188 -0.276552
vn 0.317022 -0.909638 -0.268431
vn -0.200716 -0.775162 -0.599029
vn 0.201483 -0.953450 -0.224359
vn 0.517251 0.660264 -0.544520
vn 0.356812 0.739545 -0.570752
vn 0.658989 0.551269 -0.511699
vn 0.689226 0.117659 -0.714929
vn 0.533209 0.212494 -0.818861
vn 0.356798 0.279707 -0.891325
vn 0.772480 0.428326 -0.468840
vn 0.808207 0.016458 -0.588668
vn 0.507362 -0.683054 -0.525377
vn 0.339142 -0.672701 -0.657614
vn -0.041851 -0.982059 -0.183873
vn -0.154631 -0.957904 -0.241888
vn 0.184205 -0.652944 -0.734665
vn 0.080909 -0.641014 -0.763253
vn -0.200045 -0.943532 -0.264064
vn -0.176573 -0.949236 -0.260334
vn 0.227952 0.789541 0.569792
vn 0.151892 0.801870 0.577870
vn 0.087169 0.545116 0.833817
vn 0.142267 0.541704 0.828442
vn 0.055879 0.810429 0.583165
vn 0.023825 0.549020 0.835470
vn -0.000019 -0.005732 0.999984
vn 0.001765 -0.006285 0.999979
vn 0.002745 -0.006811 0.999973
vn -0.043366 0.810771 0.583755
vn -0.039218 0.552420 0.832643
vn -0.129792 0.803353 0.581187
vn -0.094333 0.555033 0.826462
vn -0.003073 -0.004538 0.999985
vn -0.001864 -0.004838 0.999987
vn 0.039599 -0.630472 0.775201
vn -0.017111 -0.627981 0.778041
vn 0.089477 -0.633437 0.768604
vn 0.124315 -0.924375 0.360661
vn 0.053249 -0.930130 0.363350
vn -0.028603 -0.930243 0.365826
vn -0.076233 -0.625841 0.776216
vn -0.131419 -0.623545 0.770663
vn -0.113562 -0.923292 0.366929
vn -0.191091 -0.910336 0.367113
vn -0.025525 0.903379 0.428082
vn -0.129129 0.893094 0.430939
vn 0.092044 0.900270 0.425491
vn 0.123760 0.937326 0.325735
vn -0.003664 0.945323 0.326117
vn -0.116952 0.936755 0.329867
vn 0.200471 0.884855 0.420527
vn 0.277983 0.866936 0.413700
vn 0.312980 0.893496 0.322037
vn 0.237282 0.915480 0.324952
vn 0.256468 0.941726 0.217660
vn 0.139967 0.966836 0.213629
vn 0.334210 0.916105 0.221484
vn 0.332223 0.939038 0.088517
vn 0.249566 0.965356 0.076182
vn 0.131360 0.989073 0.066919
vn 0.007555 0.977325 0.211609
vn -0.108202 0.970476 0.215565
vn -0.000009 0.998079 0.061947
vn -0.110027 0.991900 0.063475
vn -0.031102 0.994900 -0.095953
vn -0.126592 0.986582 -0.103108
vn 0.092855 0.991933 -0.086297
vn 0.034149 0.977569 -0.207830
vn -0.077978 0.970906 -0.226407
vn -0.155704 0.956476 -0.246801
vn 0.210929 0.974819 -0.072360
vn 0.299001 0.952806 -0.052540
vn 0.244601 0.956172 -0.160953
vn 0.151394 0.970584 -0.187208
vn 0.089761 0.956869 -0.276307
vn -0.025432 0.953323 -0.300880
vn 0.186386 0.951026 -0.246597
vn 0.130750 0.920654 -0.367834
vn 0.043326 0.919510 -0.390671
vn -0.063332 0.914411 -0.399803
vn -0.125988 0.937363 -0.324772
vn -0.188355 0.917055 -0.351471
vn -0.156316 0.900176 -0.406507
vn -0.211948 0.882988 -0.418821
vn -0.154948 0.871732 -0.464838
vn -0.220816 0.867745 -0.445262
vn -0.059843 0.865547 -0.497239
vn -0.041685 0.878393 -0.476118
vn -0.148306 0.893422 -0.424032
vn -0.233981 0.891640 -0.387598
vn 0.026726 0.853614 -0.520220
vn 0.077636 0.856606 -0.510096
vn 0.045555 0.862120 -0.504652
vn 0.030107 0.858616 -0.511735
vn 0.013588 0.934735 -0.355087
vn -0.061299 0.944130 -0.323822
vn 0.027208 0.935105 -0.353326
vn 0.021523 0.984081 -0.176414
vn -0.012812 0.985624 -0.168470
vn -0.101364 0.984004 -0.146494
vn -0.174675 0.943886 -0.280298
vn -0.269181 0.929684 -0.251456
vn -0.215717 0.968630 -0.123381
vn -0.306423 0.945538 -0.109829
vn -0.231477 0.971206 -0.056369
vn -0.320049 0.945916 -0.053027
vn -0.116848 0.991139 -0.063168
vn -0.108251 0.991189 -0.076331
vn -0.225963 0.970931 -0.078948
vn -0.318199 0.944498 -0.081683
vn -0.019135 0.997194 -0.072375
vn 0.031214 0.996229 -0.080949
vn 0.048095 0.995797 -0.077945
vn -0.006801 0.997149 -0.075153
vn 0.002668 0.987661 -0.156588
vn -0.098596 0.981451 -0.164414
vn 0.058052 0.986381 -0.153888
vn 0.057681 0.946593 -0.317229
vn 0.004892 0.945945 -0.324291
vn -0.091490 0.937282 -0.336351
vn -0.216530 0.960914 -0.172507
vn -0.310485 0.933778 -0.177926
vn -0.203354 0.915502 -0.347136
vn -0.292052 0.888667 -0.353519
vn -0.170223 0.770169 -0.614706
vn -0.241440 0.744758 -0.622127
vn -0.077350 0.793718 -0.603348
vn -0.023367 0.345143 -0.938259
vn -0.059549 0.323993 -0.944183
vn -0.082718 0.302971 -0.949403
vn 0.004344 0.806911 -0.590657
vn 0.049648 0.810648 -0.583425
vn 0.031274 0.358988 -0.932818
vn 0.011576 0.358303 -0.933534
vn 0.026837 -0.644493 -0.764139
vn 0.105614 -0.637182 -0.763442
vn -0.020326 -0.647649 -0.761668
vn -0.050699 -0.976243 -0.210663
vn 0.022104 -0.978158 -0.206686
vn 0.143451 -0.968130 -0.205295
vn 0.191179 -0.623957 -0.757712
vn 0.252368 -0.609310 -0.751699
vn 0.271715 -0.940108 -0.205836
vn 0.359046 -0.909648 -0.208872
vn -0.325092 0.739921 0.588925
vn -0.338018 0.818227 0.465026
vn -0.265098 0.768171 0.582784
vn -0.274288 0.849545 0.450598
vn -0.268865 0.892747 0.361545
vn -0.343989 0.856882 0.383959
vn -0.201959 0.789049 0.580184
vn -0.210147 0.873953 0.438229
vn -0.202531 0.917724 0.341707
vn -0.192871 0.953881 0.230026
vn -0.262277 0.931372 0.252503
vn -0.188965 0.979271 0.072941
vn -0.262144 0.960968 0.088443
vn -0.353797 0.893472 0.276650
vn -0.368635 0.923396 0.106999
vn 0.291143 0.771606 0.565562
vn 0.334907 0.848373 0.410000
vn 0.350382 0.746621 0.565499
vn 0.388681 0.824979 0.410288
vn 0.417846 0.851362 0.317156
vn 0.365901 0.874267 0.319019
vn 0.395505 0.724214 0.564880
vn 0.431536 0.804762 0.407595
vn 0.461579 0.830467 0.311882
vn 0.487378 0.844023 0.223801
vn 0.443758 0.867412 0.225112
vn 0.495891 0.859349 0.124949
vn 0.453412 0.884034 0.113590
vn 0.389982 0.893163 0.223994
vn 0.395012 0.913057 0.101457
vn -0.374502 0.921894 -0.099292
vn -0.266241 0.957922 -0.107244
vn -0.270772 0.921279 -0.279157
vn -0.364942 0.888352 -0.278653
vn -0.194316 0.975013 -0.107657
vn -0.209121 0.940932 -0.266301
vn -0.227635 0.898117 -0.376255
vn -0.274010 0.877635 -0.393288
vn -0.244741 0.866715 -0.434635
vn -0.281457 0.847837 -0.449394
vn -0.346165 0.851054 -0.394814
vn -0.334624 0.825329 -0.454818
vn 0.368926 0.929020 -0.028564
vn 0.432088 0.901829 -0.002079
vn 0.384985 0.918258 -0.092671
vn 0.319301 0.938778 -0.129392
vn 0.476909 0.878569 0.025962
vn 0.436400 0.898159 -0.053536
vn 0.384666 0.914402 -0.126101
vn 0.327736 0.929333 -0.170087
vn 0.320832 0.920280 -0.223947
vn 0.259869 0.924435 -0.279083
vn 0.262213 0.941604 -0.211250
vn 0.197760 0.923241 -0.329420
vn -0.340103 0.815435 -0.468398
vn -0.299314 0.837728 -0.456753
vn -0.334081 0.857487 -0.391288
vn -0.365738 0.838585 -0.403745
vn -0.261511 0.856711 -0.444587
vn -0.289926 0.878316 -0.380137
vn -0.331586 0.910812 -0.245910
vn -0.375888 0.891828 -0.251695
vn -0.363649 0.925385 -0.106879
vn -0.404961 0.907627 -0.110541
vn -0.400093 0.878278 -0.261827
vn -0.428882 0.895094 -0.121933
vn 0.116798 0.877780 -0.464608
vn 0.171328 0.901537 -0.397338
vn 0.102199 0.912210 -0.396773
vn 0.056746 0.887017 -0.458237
vn 0.239777 0.914456 -0.326002
vn 0.173946 0.925494 -0.336459
vn 0.143910 0.954879 -0.259802
vn 0.077255 0.953397 -0.291661
vn 0.142609 0.977335 -0.156459
vn 0.086314 0.982546 -0.164784
vn 0.035121 0.945331 -0.324216
vn 0.043690 0.984361 -0.170658
vn -0.446108 0.892660 -0.064395
vn -0.418191 0.906577 -0.056865
vn -0.422957 0.902042 -0.086190
vn -0.453687 0.886786 -0.088194
vn -0.376068 0.925054 -0.053366
vn -0.378673 0.921715 -0.083949
vn -0.373635 0.909971 -0.179861
vn -0.419541 0.889746 -0.179828
vn -0.352745 0.865518 -0.355598
vn -0.399563 0.845780 -0.353562
vn -0.451480 0.874333 -0.178067
vn -0.434130 0.830467 -0.349078
vn 0.064487 0.994121 -0.086976
vn 0.106859 0.989876 -0.093419
vn 0.125890 0.987550 -0.094320
vn 0.084235 0.992795 -0.085215
vn 0.154855 0.982937 -0.099273
vn 0.171795 0.979571 -0.104535
vn 0.188852 0.967341 -0.169075
vn 0.137811 0.976939 -0.163091
vn 0.206392 0.924385 -0.320804
vn 0.142595 0.936936 -0.319087
vn 0.094715 0.982911 -0.157846
vn 0.094596 0.943479 -0.317645
vn -0.151920 0.553288 0.819019
vn -0.216014 0.539828 0.813587
vn -0.072032 -0.016338 0.997268
vn -0.025011 -0.004646 0.999676
vn -0.278121 0.510478 0.813671
vn -0.125063 -0.043956 0.991175
vn 0.104452 -0.652479 0.750574
vn 0.118361 -0.643361 0.756358
vn 0.244807 -0.896250 0.369874
vn 0.220451 -0.905349 0.362967
vn 0.117501 -0.635720 0.762925
vn 0.181725 -0.914596 0.361233
vn 0.315360 0.484234 0.816129
vn 0.263427 0.509939 0.818882
vn 0.068259 -0.031324 0.997176
vn 0.115089 -0.060005 0.991541
vn 0.200002 0.531535 0.823085
vn 0.023181 -0.012216 0.999657
vn -0.163564 -0.622332 0.765474
vn -0.164253 -0.630716 0.758431
vn -0.251481 -0.894187 0.370388
vn -0.284687 -0.882896 0.373428
vn -0.147102 -0.645616 0.749360
vn -0.292954 -0.878939 0.376356
vn -0.375052 0.687632 -0.621690
vn -0.336205 0.704153 -0.625407
vn -0.136852 0.266524 -0.954063
vn -0.176017 0.247463 -0.952775
vn -0.291817 0.722996 -0.626195
vn -0.104660 0.283788 -0.953158
vn 0.278185 -0.597895 -0.751754
vn 0.278729 -0.591755 -0.756397
vn 0.406442 -0.887425 -0.217443
vn 0.432919 -0.871693 -0.229634
vn 0.259791 -0.592235 -0.762737
vn 0.442617 -0.862533 -0.245208
vn 0.086723 0.807256 -0.583795
vn 0.143195 0.798257 -0.585049
vn 0.117841 0.333062 -0.935512
vn 0.059964 0.349298 -0.935091
vn 0.226044 0.780051 -0.583459
vn 0.210694 0.311261 -0.926674
vn 0.017940 -0.644027 -0.764792
vn -0.018820 -0.645499 -0.763529
vn -0.138457 -0.959515 -0.245277
vn -0.114558 -0.965980 -0.231862
vn -0.032443 -0.646503 -0.762221
vn -0.088139 -0.971498 -0.220052
vn 0.401695 -0.901726 0.159787
vn 0.357956 -0.923481 0.138024
vn 0.412268 -0.895228 0.169123
vn 0.473033 -0.880553 0.029449
vn 0.444751 -0.895432 0.019973
vn 0.389467 -0.921036 0.002847
vn 0.381641 -0.911627 0.152600
vn 0.311660 -0.944867 0.100474
vn 0.413414 -0.910424 -0.014708
vn 0.461211 -0.887061 0.020180
vn 0.491709 -0.869901 -0.038652
vn 0.488624 -0.871857 -0.033347
vn 0.458775 -0.886656 -0.058020
vn 0.466254 -0.882935 -0.055068
vn 0.495388 -0.867408 -0.046845
vn 0.483666 -0.874197 -0.042981
vn 0.447677 -0.893368 -0.038466
vn 0.393087 -0.918243 -0.048086
vn 0.436345 -0.898628 -0.045515
vn 0.387423 -0.920421 -0.052228
vn 0.203165 -0.975500 0.084400
vn 0.131750 -0.988603 0.072840
vn 0.261775 -0.960027 0.099105
vn 0.284736 -0.958021 -0.033488
vn 0.218909 -0.974259 -0.053832
vn 0.139368 -0.987684 -0.071113
vn 0.307251 -0.944518 0.116118
vn 0.335157 -0.942048 -0.014710
vn 0.348615 -0.935292 -0.060796
vn 0.304443 -0.949223 -0.079311
vn 0.351707 -0.933896 -0.064348
vn 0.312227 -0.946275 -0.084126
vn 0.240508 -0.965169 -0.102986
vn 0.154689 -0.979870 -0.126196
vn 0.249722 -0.961995 -0.110476
vn 0.160497 -0.977486 -0.136971
vn -0.134391 -0.988016 0.075914
vn -0.219994 -0.971472 0.088570
vn -0.040272 -0.996804 0.068999
vn -0.053574 -0.995160 -0.082374
vn -0.159790 -0.984400 -0.073652
vn -0.257520 -0.964759 -0.054068
vn 0.051420 -0.996364 0.067934
vn 0.049079 -0.995504 -0.081014
vn 0.051279 -0.988538 -0.142000
vn -0.068216 -0.986809 -0.146818
vn 0.050874 -0.986560 -0.155280
vn -0.076593 -0.983921 -0.161349
vn -0.193880 -0.971266 -0.138034
vn -0.311072 -0.943411 -0.114938
vn -0.211383 -0.965450 -0.152392
vn -0.338146 -0.932357 -0.127938
vn -0.355633 -0.923706 0.142453
vn -0.353271 -0.923046 0.152269
vn -0.336729 -0.933074 0.126435
vn -0.379254 -0.925282 0.004414
vn -0.394130 -0.918636 0.027741
vn -0.387840 -0.920836 0.040519
vn -0.291238 -0.950597 0.107456
vn -0.335426 -0.941735 -0.024982
vn -0.396630 -0.914364 -0.081385
vn -0.432252 -0.900437 -0.048687
vn -0.430376 -0.897875 -0.092717
vn -0.463275 -0.884191 -0.059855
vn -0.432090 -0.901485 -0.024970
vn -0.411432 -0.911294 -0.016331
vn -0.454111 -0.890122 -0.038292
vn -0.423549 -0.905234 -0.034040
vn -0.286570 -0.952814 0.100112
vn -0.237985 -0.970211 0.045316
vn -0.316249 -0.939143 0.134151
vn -0.345813 -0.937975 0.024804
vn -0.322148 -0.946676 -0.005013
vn -0.292257 -0.955141 -0.047873
vn -0.337751 -0.929019 0.151155
vn -0.368918 -0.928602 0.039978
vn -0.384660 -0.922771 -0.023039
vn -0.358418 -0.932627 -0.041739
vn -0.390645 -0.919371 -0.046413
vn -0.362886 -0.929220 -0.069745
vn -0.334260 -0.939939 -0.069169
vn -0.311971 -0.944578 -0.102213
vn -0.338693 -0.935781 -0.097982
vn -0.317584 -0.939736 -0.126634
vn -0.137712 -0.985618 -0.097942
vn -0.143737 -0.985346 -0.091835
vn -0.149533 -0.985952 -0.074424
vn -0.247330 -0.961660 -0.118485
vn -0.247142 -0.961331 -0.121502
vn -0.257387 -0.960775 -0.103265
vn -0.183655 -0.982717 -0.023203
vn -0.262110 -0.960565 -0.092810
vn -0.295920 -0.946193 -0.130958
vn -0.293370 -0.945581 -0.140748
vn -0.306341 -0.940495 -0.147053
vn -0.309978 -0.939144 -0.148062
vn -0.300977 -0.944558 -0.131241
vn -0.313628 -0.943596 -0.106136
vn -0.321725 -0.937726 -0.131010
vn -0.335395 -0.936531 -0.102076
vn -0.160714 -0.986513 -0.031034
vn -0.149359 -0.988763 0.006315
vn -0.160423 -0.985556 -0.054250
vn -0.274058 -0.960134 -0.055093
vn -0.274546 -0.961223 -0.025961
vn -0.262316 -0.964650 0.025313
vn -0.154281 -0.985319 -0.073100
vn -0.268131 -0.960174 -0.078564
vn -0.323729 -0.942887 -0.078504
vn -0.328506 -0.943077 -0.051858
vn -0.344190 -0.935962 -0.074223
vn -0.347659 -0.936480 -0.046250
vn -0.327904 -0.944584 -0.015530
vn -0.311308 -0.947958 0.066805
vn -0.346229 -0.938134 -0.005480
vn -0.330016 -0.939597 0.090810
vn 0.009636 -0.979715 0.200164
vn 0.021952 -0.981409 0.190670
vn -0.042324 -0.985047 0.167009
vn -0.113041 -0.958052 0.263360
vn -0.061470 -0.959627 0.274477
vn -0.073473 -0.970188 0.230947
vn -0.109480 -0.990696 0.080843
vn -0.209403 -0.967700 0.140384
vn -0.201939 -0.924314 0.323829
vn -0.004111 -0.845104 0.534586
vn -0.125096 -0.804028 0.581282
vn 0.267314 -0.448440 0.852904
vn -0.008113 -0.909966 0.414604
vn -0.099839 -0.958459 0.267185
vn 0.084893 -0.839280 0.537031
vn -0.081185 -0.947176 0.310270
vn -0.082862 -0.990117 0.113146
vn -0.177761 -0.982388 0.057568
vn -0.024548 -0.988751 0.147540
vn -0.146898 -0.973374 0.175966
vn -0.203543 -0.967560 0.149660
vn -0.280161 -0.953702 0.109375
vn 0.009864 -0.985124 0.171563
vn -0.103929 -0.974438 0.199171
vn -0.162991 -0.965206 0.204477
vn -0.215948 -0.960252 0.176871
vn -0.173320 -0.961785 0.211968
vn -0.234889 -0.956014 0.175682
vn -0.268950 -0.950457 0.155878
vn -0.325800 -0.936619 0.128835
vn -0.288928 -0.944623 0.155589
vn -0.337984 -0.931248 0.136178
vn -0.322284 -0.945670 -0.042902
vn -0.256126 -0.966224 -0.028469
vn -0.333945 -0.941883 -0.036560
vn -0.376427 -0.925413 0.043747
vn -0.345108 -0.937537 0.043873
vn -0.269856 -0.961094 0.058952
vn -0.283016 -0.959111 -0.002849
vn -0.354432 -0.932800 0.065280
vn -0.372146 -0.922816 0.099589
vn -0.371759 -0.924188 0.087585
vn -0.373371 -0.920596 0.114448
vn -0.362524 -0.925834 0.106812
vn -0.326715 -0.940799 0.090304
vn -0.249005 -0.963292 0.100325
vn -0.308065 -0.944915 0.110601
vn -0.227371 -0.966751 0.117023
vn -0.105160 -0.994393 0.011161
vn -0.060945 -0.997975 0.018201
vn -0.144611 -0.989487 0.001810
vn -0.148842 -0.985738 0.078533
vn -0.106640 -0.990936 0.081688
vn -0.061421 -0.994590 0.083770
vn -0.188662 -0.981987 -0.010411
vn -0.197401 -0.977628 0.072644
vn -0.179325 -0.978087 0.105771
vn -0.132957 -0.985641 0.104088
vn -0.160803 -0.980014 0.117110
vn -0.117663 -0.986786 0.111398
vn -0.093163 -0.990503 0.101120
vn -0.050352 -0.993828 0.098844
vn -0.080783 -0.991111 0.105703
vn -0.040464 -0.993991 0.101713
vn 0.273189 -0.961744 0.020375
vn 0.363812 -0.931363 0.014303
vn 0.140786 -0.989751 0.023921
vn 0.138530 -0.986681 0.085263
vn 0.269835 -0.959520 0.080688
vn 0.359960 -0.929989 0.074497
vn 0.015396 -0.999625 0.022656
vn 0.014491 -0.996236 0.085466
vn 0.022531 -0.994955 0.097761
vn 0.142155 -0.985176 0.096026
vn 0.029723 -0.994591 0.099524
vn 0.144781 -0.984685 0.097130
vn 0.269216 -0.958788 0.090819
vn 0.356029 -0.930629 0.084694
vn 0.267551 -0.959171 0.091694
vn 0.352099 -0.932051 0.085482
vn 0.479321 -0.877448 -0.018338
vn 0.491808 -0.869964 -0.035898
vn 0.454549 -0.890711 -0.004301
vn 0.457383 -0.887209 0.060501
vn 0.490604 -0.869965 0.049687
vn 0.515632 -0.856133 0.034046
vn 0.417163 -0.908810 0.006283
vn 0.414893 -0.907303 0.068312
vn 0.409857 -0.908696 0.079304
vn 0.454579 -0.887726 0.072802
vn 0.404441 -0.911048 0.080125
vn 0.449598 -0.890182 0.073737
vn 0.494087 -0.867117 0.063130
vn 0.530452 -0.846403 0.047158
vn 0.492079 -0.868203 0.063895
vn 0.534821 -0.843665 0.046864
vn 0.380428 -0.923650 -0.046311
vn 0.301184 -0.953280 -0.023372
vn 0.441838 -0.895280 -0.057037
vn 0.503786 -0.863815 0.004837
vn 0.465285 -0.885161 -0.000695
vn 0.413473 -0.910514 0.002145
vn 0.481196 -0.875069 -0.052005
vn 0.522363 -0.852553 0.017036
vn 0.552141 -0.833271 0.028266
vn 0.550315 -0.834866 0.012372
vn 0.566126 -0.823897 0.026362
vn 0.574424 -0.818499 0.009807
vn 0.529179 -0.848507 0.002546
vn 0.495392 -0.868664 0.003258
vn 0.563806 -0.825907 -0.000472
vn 0.537039 -0.843557 0.001333
vn 0.084636 -0.981319 0.172771
vn -0.008715 -0.939197 0.343267
vn 0.156943 -0.985529 0.064044
vn 0.299972 -0.950821 0.077178
vn 0.219219 -0.958588 0.181803
vn 0.088114 -0.922972 0.374644
vn 0.227361 -0.973802 0.004062
vn 0.360248 -0.932592 0.022234
vn 0.454575 -0.890380 0.024176
vn 0.392521 -0.916078 0.082026
vn 0.490172 -0.871103 0.030198
vn 0.411240 -0.905412 0.105406
vn 0.290681 -0.935598 0.200403
vn 0.092319 -0.891878 0.442754
vn 0.273302 -0.926902 0.257215
vn -0.024695 -0.819339 0.572777
vn -0.035028 -0.744078 0.667174
vn 0.086784 -0.877685 0.471315
vn -0.128156 -0.711723 0.690671
vn -0.119178 -0.610413 0.783067
vn 0.017326 -0.655983 0.754577
vn 0.207543 -0.832005 0.514485
vn -0.116555 -0.818636 0.562362
vn -0.085445 -0.763808 0.639763
vn -0.197581 -0.617041 0.761723
vn -0.249644 -0.375318 0.892645
vn -0.323553 -0.437305 0.839094
vn -0.341539 -0.183289 0.921822
vn -0.059098 -0.454885 0.888587
vn 0.238666 -0.756549 0.608828
vn -0.110032 -0.309903 0.944380
vn 0.255028 -0.721660 0.643559
vn 0.142626 -0.988428 0.051648
vn 0.138057 -0.990384 -0.008984
vn 0.148529 -0.978486 0.143195
vn 0.300399 -0.942230 0.148199
vn 0.297036 -0.953314 0.054432
vn 0.290537 -0.956748 -0.014884
vn 0.141092 -0.952730 0.269071
vn 0.287328 -0.915940 0.280172
vn 0.358969 -0.879370 0.312809
vn 0.379842 -0.909928 0.166586
vn 0.383740 -0.858686 0.339710
vn 0.409157 -0.892690 0.188929
vn 0.379959 -0.922238 0.071467
vn 0.376935 -0.926239 0.000899
vn 0.410412 -0.907145 0.093010
vn 0.408353 -0.912522 0.023513
vn 0.229968 -0.972837 0.026511
vn 0.174364 -0.984508 -0.018482
vn 0.313773 -0.947482 -0.061838
vn 0.352725 -0.934057 -0.055886
vn 0.147102 -0.988701 -0.028836
vn 0.296598 -0.953728 -0.049316
vn 0.378428 -0.924528 -0.045174
vn 0.392646 -0.917721 -0.060148
vn 0.407990 -0.912525 -0.029026
vn 0.414282 -0.908654 -0.052139
vn 0.416486 -0.906476 -0.069582
vn 0.433638 -0.899480 -0.053797
vn -0.641540 0.342329 -0.686467
vn -0.727513 0.280630 -0.626077
vn -0.449249 0.461508 -0.764975
vn -0.434513 0.464409 -0.771702
vn -0.691900 0.323687 -0.645369
vn -0.412328 0.495102 -0.764761
vn -0.276936 0.555639 -0.783946
vn -0.309841 0.526564 -0.791662
vn -0.321424 0.517433 -0.793063
vn -0.651333 0.383536 -0.654725
vn -0.372498 0.545411 -0.750848
vn -0.608496 0.469773 -0.639567
vn -0.329244 0.622853 -0.709685
vn -0.199493 0.674668 -0.710652
vn -0.241010 0.601806 -0.761409
vn -0.174582 0.632060 -0.754998
vn -0.212533 0.586088 -0.781877
vn -0.130350 0.703476 -0.698663
vn -0.088951 0.726929 -0.680928
vn -0.140014 0.655975 -0.741682
vn -0.185319 0.608523 -0.771594
vn -0.247601 0.557266 -0.792558
vn -0.265273 0.545970 -0.794699
vn -0.228373 0.577877 -0.783521
vn -0.249844 0.565163 -0.786237
vn -0.571624 0.582951 -0.577421
vn -0.284959 0.728831 -0.622579
vn -0.556334 0.703303 -0.442557
vn -0.249342 0.846498 -0.470393
vn -0.110385 0.880247 -0.461499
vn -0.153274 0.773211 -0.615347
vn -0.566092 0.796043 -0.214138
vn -0.227438 0.945869 -0.231523
vn -0.583975 0.808179 0.076283
vn -0.215961 0.973734 0.072130
vn -0.055044 0.996407 0.064374
vn -0.076947 0.970051 -0.230394
vn 0.004006 0.973774 -0.227483
vn -0.033775 0.893583 -0.447626
vn 0.027953 0.998035 0.056072
vn 0.077434 0.995992 0.044771
vn 0.056214 0.972991 -0.223896
vn 0.016896 0.902016 -0.431371
vn -0.080729 0.796496 -0.599230
vn -0.033786 0.814686 -0.578917
vn -0.591725 0.728739 0.344675
vn -0.208599 0.909603 0.359317
vn -0.596980 0.600823 0.531627
vn -0.208966 0.797728 0.565653
vn -0.044435 0.834600 0.549062
vn -0.043872 0.936712 0.347340
vn -0.615840 0.470702 0.631808
vn -0.226060 0.688092 0.689512
vn -0.653868 0.353988 0.668693
vn -0.265778 0.597710 0.756376
vn -0.093195 0.671472 0.735147
vn -0.059347 0.740330 0.669619
vn 0.007208 0.763695 0.645537
vn 0.028274 0.847304 0.530354
vn -0.029292 0.709525 0.704072
vn -0.024097 0.744386 0.667315
vn 0.020613 0.788165 0.615118
vn 0.054398 0.861795 0.504332
vn 0.035736 0.941991 0.333730
vn 0.075686 0.946685 0.313145
vn -0.702659 0.252723 0.665132
vn -0.328271 0.520005 0.788564
vn -0.749944 0.164835 0.640635
vn -0.404006 0.444829 0.799316
vn -0.222602 0.564084 0.795146
vn -0.148893 0.617854 0.772067
vn -0.785473 0.092926 0.611881
vn -0.479188 0.372988 0.794518
vn -0.739473 0.131286 0.660261
vn -0.487645 0.360120 0.795309
vn -0.340717 0.483146 0.806525
vn -0.304748 0.507675 0.805850
vn -0.239533 0.585950 0.774136
vn -0.156589 0.631784 0.759164
vn -0.282045 0.561563 0.777881
vn -0.272673 0.625146 0.731329
vn -0.230318 0.646682 0.727157
vn -0.151355 0.684975 0.712672
vn -0.084458 0.671786 0.735915
vn -0.081594 0.716549 0.692749
vn -0.219115 0.601021 -0.768610
vn -0.246278 0.586654 -0.771482
vn -0.166338 0.633463 -0.755683
vn -0.135774 0.664784 -0.734594
vn -0.196327 0.632285 -0.749447
vn -0.228370 0.617005 -0.753095
vn -0.111994 0.682018 -0.722709
vn -0.052927 0.751484 -0.657625
vn -0.009205 0.777776 -0.628475
vn -0.074249 0.712366 -0.697870
vn -0.027064 0.745108 -0.666394
vn -0.094128 0.700644 -0.707275
vn 0.042064 0.803970 -0.593180
vn 0.100614 0.828223 -0.551293
vn 0.029196 0.778193 -0.627346
vn -0.041833 0.739000 -0.672405
vn -0.160893 0.669842 -0.724862
vn -0.197259 0.654421 -0.729947
vn -0.113380 0.711670 -0.693305
vn -0.153610 0.696930 -0.700494
vn 0.008051 0.832557 -0.553880
vn 0.061849 0.909326 -0.411463
vn 0.109863 0.914893 -0.388460
vn 0.055392 0.849916 -0.523999
vn 0.100741 0.970622 -0.218503
vn 0.116617 0.992751 0.029071
vn 0.156934 0.987569 0.008882
vn 0.145915 0.966083 -0.213054
vn 0.193213 0.958650 -0.208947
vn 0.160850 0.917385 -0.364050
vn 0.201409 0.979420 -0.013091
vn 0.256301 0.966035 -0.032950
vn 0.247303 0.946982 -0.205102
vn 0.216640 0.915576 -0.338804
vn 0.108168 0.865251 -0.489531
vn 0.166411 0.876987 -0.450779
vn 0.104411 0.954087 0.280742
vn 0.070559 0.882780 0.464458
vn 0.100807 0.904565 0.414246
vn 0.139261 0.960853 0.239515
vn 0.026378 0.819648 0.572260
vn -0.023303 0.783496 0.620959
vn 0.006712 0.822571 0.568623
vn 0.054295 0.852246 0.520315
vn 0.100426 0.878961 0.466200
vn 0.145143 0.921100 0.361258
vn 0.057396 0.854551 0.516187
vn 0.128520 0.875294 0.466201
vn 0.165863 0.894928 0.414239
vn 0.206852 0.927596 0.311093
vn 0.182995 0.963374 0.196020
vn 0.241094 0.957927 0.155723
vn -0.078853 0.762384 0.642303
vn -0.140635 0.738396 0.659540
vn -0.089571 0.790923 0.605325
vn -0.040858 0.806966 0.589182
vn -0.208250 0.710014 0.672690
vn -0.243092 0.695667 0.675984
vn -0.165143 0.767673 0.619197
vn -0.141009 0.774248 0.616974
vn -0.055534 0.822427 0.566153
vn -0.018724 0.831405 0.555351
vn -0.070817 0.819940 0.568053
vn 0.033796 0.849159 0.527054
vn 0.041974 0.850623 0.524098
vn 0.068367 0.856558 0.511502
vn 0.018443 0.842437 0.538479
vn 0.096911 0.865239 0.491904
vn -0.051139 0.755261 -0.653427
vn -0.095071 0.742365 -0.663216
vn 0.022802 0.777221 -0.628815
vn 0.102258 0.810385 -0.576905
vn 0.030515 0.795787 -0.604808
vn -0.015288 0.786642 -0.617220
vn 0.094890 0.809025 -0.580065
vn 0.165148 0.848423 -0.502897
vn 0.233701 0.861347 -0.451071
vn 0.170216 0.833145 -0.526209
vn 0.254614 0.844961 -0.470332
vn 0.197488 0.831156 -0.519787
vn 0.305331 0.863576 -0.401261
vn 0.379187 0.852116 -0.360715
vn 0.346629 0.838730 -0.419977
vn 0.307296 0.830730 -0.464174
vn 0.134897 0.824715 -0.549226
vn 0.090798 0.821119 -0.563488
vn 0.262143 0.830163 -0.492047
vn 0.225088 0.832461 -0.506305
vn 0.227483 0.884094 -0.408202
vn 0.274671 0.909690 -0.311481
vn 0.330117 0.900868 -0.281886
vn 0.288023 0.885519 -0.364552
vn 0.305345 0.931283 -0.198687
vn 0.317354 0.947096 -0.047922
vn 0.376359 0.924732 -0.056778
vn 0.360549 0.913654 -0.187725
vn 0.409125 0.896293 -0.171101
vn 0.380992 0.889580 -0.251977
vn 0.428612 0.901699 -0.056848
vn 0.462808 0.885245 -0.046366
vn 0.445013 0.882638 -0.151372
vn 0.424833 0.876210 -0.227536
vn 0.347216 0.879889 -0.324401
vn 0.404265 0.865962 -0.294412
vn 0.306683 0.944028 0.121477
vn 0.276968 0.923514 0.265351
vn 0.349406 0.909770 0.224129
vn 0.371696 0.923632 0.093527
vn 0.240254 0.898948 0.366292
vn 0.208045 0.882557 0.421675
vn 0.291783 0.876090 0.383833
vn 0.319220 0.890942 0.322989
vn 0.401804 0.869649 0.286819
vn 0.421960 0.885973 0.192359
vn 0.380130 0.855407 0.351824
vn 0.444405 0.833788 0.327570
vn 0.460103 0.847542 0.264532
vn 0.470284 0.864252 0.178609
vn 0.432732 0.898342 0.075659
vn 0.471655 0.878671 0.074019
vn 0.182670 0.873037 0.452149
vn 0.160847 0.864518 0.476168
vn 0.253350 0.856243 0.450179
vn 0.270840 0.865765 0.420828
vn 0.142101 0.858567 0.492615
vn 0.136954 0.856221 0.498126
vn 0.234208 0.846192 0.478650
vn 0.237989 0.849358 0.471119
vn 0.327581 0.829388 0.452555
vn 0.343904 0.835379 0.428802
vn 0.322164 0.826949 0.460831
vn 0.374759 0.816913 0.438417
vn 0.384787 0.816543 0.430346
vn 0.405978 0.818483 0.406531
vn 0.361201 0.844672 0.395048
vn 0.426149 0.824645 0.371964
vn 0.378061 0.813478 -0.441955
vn 0.354566 0.817528 -0.453797
vn 0.405193 0.812636 -0.418857
vn 0.469437 0.792945 -0.388416
vn 0.453771 0.793427 -0.405667
vn 0.439492 0.796907 -0.414471
vn 0.427087 0.819104 -0.382970
vn 0.442715 0.831574 -0.335392
vn 0.485198 0.811459 -0.325757
vn 0.480328 0.799082 -0.361599
vn 0.510532 0.784565 -0.351873
vn 0.505402 0.779689 -0.369668
vn 0.509510 0.795576 -0.327807
vn 0.517086 0.789553 -0.330496
vn 0.520478 0.779481 -0.348585
vn 0.517515 0.775351 -0.361951
vn 0.495642 0.780450 -0.381099
vn 0.487136 0.782824 -0.387150
vn 0.509846 0.776311 -0.370674
vn 0.503959 0.778463 -0.374194
vn 0.452094 0.846979 -0.279710
vn 0.458491 0.862174 -0.215505
vn 0.480466 0.849364 -0.218479
vn 0.484405 0.828885 -0.279824
vn 0.465965 0.874121 -0.137073
vn 0.474725 0.879542 -0.032272
vn 0.473629 0.880327 -0.026466
vn 0.476491 0.868543 -0.136346
vn 0.481371 0.863519 -0.150389
vn 0.492371 0.838356 -0.233944
vn 0.470382 0.881757 -0.035297
vn 0.468943 0.882408 -0.038048
vn 0.481637 0.862384 -0.155951
vn 0.494733 0.835047 -0.240698
vn 0.502613 0.813931 -0.291369
vn 0.507571 0.808619 -0.297502
vn 0.480089 0.873202 0.083862
vn 0.480335 0.858208 0.180993
vn 0.463634 0.866254 0.186139
vn 0.469493 0.878225 0.091089
vn 0.474835 0.841662 0.257171
vn 0.463334 0.829477 0.311913
vn 0.445531 0.842860 0.301811
vn 0.455983 0.852346 0.256098
vn 0.433674 0.865845 0.249478
vn 0.445909 0.876455 0.181639
vn 0.421392 0.859290 0.289914
vn 0.411893 0.866339 0.282489
vn 0.425792 0.871284 0.244060
vn 0.440297 0.880092 0.177701
vn 0.458276 0.884642 0.085975
vn 0.454875 0.886662 0.083182
vn 0.446452 0.823198 0.350750
vn 0.424935 0.820992 0.381316
vn 0.412532 0.838349 0.356356
vn 0.431060 0.838880 0.332368
vn 0.400410 0.823347 0.402208
vn 0.388020 0.825600 0.409665
vn 0.380547 0.843479 0.379115
vn 0.391294 0.841423 0.372688
vn 0.375043 0.860061 0.345887
vn 0.392301 0.857320 0.333321
vn 0.366405 0.861595 0.351286
vn 0.358677 0.870466 0.337105
vn 0.367663 0.868338 0.332887
vn 0.383617 0.865626 0.321761
vn 0.407836 0.857212 0.314417
vn 0.398158 0.865210 0.304764
vn -0.960635 -0.014945 -0.277412
vn -0.955312 0.033869 -0.293652
vn -0.965073 -0.047342 -0.257670
vn -0.913764 -0.364198 0.179985
vn -0.906003 -0.380302 0.185818
vn -0.900834 -0.398317 0.172747
vn -0.968448 -0.069492 -0.239330
vn -0.929341 0.030922 -0.367926
vn -0.957789 -0.282110 0.055271
vn -0.921112 -0.351473 0.167391
vn -0.752961 -0.492745 0.436178
vn -0.727474 -0.513484 0.455100
vn -0.813450 -0.455572 0.361597
vn -0.611019 -0.541809 0.577148
vn -0.549088 -0.559561 0.620801
vn -0.520169 -0.577130 0.629559
vn -0.702217 -0.541898 0.461777
vn -0.683988 -0.581365 0.440654
vn -0.493709 -0.605128 0.624557
vn -0.476080 -0.650984 0.591242
vn -0.977545 0.180610 -0.108561
vn -0.986702 0.156756 0.042981
vn -0.961385 0.153063 -0.228717
vn -0.902006 -0.422647 0.088061
vn -0.906871 -0.419572 0.039302
vn -0.909626 -0.415361 0.007449
vn -0.953308 0.095716 -0.286429
vn -0.899156 -0.415333 0.137904
vn -0.677976 -0.630409 0.378065
vn -0.689778 -0.672505 0.268221
vn -0.473189 -0.716864 0.512053
vn -0.491486 -0.786590 0.373788
vn -0.712698 -0.690421 0.124018
vn -0.733294 -0.679797 -0.012491
vn -0.524026 -0.832986 0.177572
vn -0.552869 -0.832832 -0.026952
vn -0.956820 -0.052013 0.285989
vn -0.952024 -0.111569 0.284961
vn -0.967090 0.019092 0.253716
vn -0.911179 -0.410819 -0.031317
vn -0.911767 -0.407843 -0.048420
vn -0.912761 -0.403649 -0.062727
vn -0.980377 0.095838 0.172270
vn -0.910980 -0.412238 -0.013261
vn -0.749564 -0.650896 -0.120365
vn -0.762560 -0.614504 -0.202208
vn -0.573270 -0.794943 -0.198561
vn -0.587566 -0.738033 -0.331773
vn -0.774414 -0.577815 -0.257709
vn -0.785936 -0.545636 -0.290836
vn -0.599901 -0.679492 -0.422385
vn -0.612322 -0.629911 -0.477780
vn -0.945437 -0.226464 0.234227
vn -0.933087 -0.188434 0.306335
vn -0.948457 -0.196065 0.248972
vn -0.912964 -0.401102 -0.074928
vn -0.911298 -0.405037 -0.074034
vn -0.923402 -0.383373 -0.018813
vn -0.950014 -0.158984 0.268696
vn -0.913294 -0.400998 -0.071379
vn -0.795861 -0.522287 -0.306304
vn -0.803607 -0.508124 -0.309880
vn -0.623784 -0.594555 -0.507344
vn -0.633824 -0.572835 -0.519737
vn -0.808596 -0.501988 -0.306889
vn -0.830829 -0.488445 -0.266728
vn -0.641484 -0.561931 -0.522237
vn -0.665772 -0.554480 -0.499299
vn -0.303781 -0.621277 0.722310
vn -0.292824 -0.671659 0.680536
vn -0.321935 -0.593810 0.737392
vn -0.185323 -0.587694 0.787573
vn -0.175972 -0.615967 0.767866
vn -0.171483 -0.669478 0.722767
vn -0.342427 -0.579358 0.739655
vn -0.373264 -0.573827 0.728970
vn -0.203833 -0.569416 0.796378
vn -0.196531 -0.573716 0.795126
vn -0.114598 -0.564216 0.817636
vn -0.109286 -0.578589 0.808264
vn -0.114726 -0.559427 0.820902
vn -0.090360 -0.555712 0.826450
vn -0.088696 -0.559409 0.824133
vn -0.085173 -0.573019 0.815104
vn -0.105522 -0.607785 0.787059
vn -0.105013 -0.663109 0.741120
vn -0.083036 -0.601079 0.794864
vn -0.083483 -0.654351 0.751569
vn -0.338314 -0.916442 0.213725
vn -0.361800 -0.931379 -0.040417
vn -0.310454 -0.842138 0.440934
vn -0.186634 -0.859782 0.475333
vn -0.204544 -0.950785 0.232743
vn -0.217561 -0.974782 -0.049674
vn -0.293599 -0.749934 0.592788
vn -0.174414 -0.754850 0.632283
vn -0.109013 -0.752008 0.650078
vn -0.117744 -0.863034 0.491231
vn -0.087600 -0.743013 0.663519
vn -0.095040 -0.856748 0.506903
vn -0.128045 -0.962000 0.241165
vn -0.133026 -0.989556 -0.055522
vn -0.102974 -0.962392 0.251393
vn -0.104915 -0.992673 -0.059946
vn -0.385993 -0.734618 -0.557984
vn -0.390937 -0.669054 -0.632088
vn -0.381753 -0.813249 -0.439194
vn -0.219266 -0.837661 -0.500246
vn -0.214973 -0.744649 -0.631890
vn -0.211968 -0.667466 -0.713834
vn -0.375401 -0.888529 -0.263799
vn -0.221690 -0.926847 -0.302998
vn -0.130209 -0.937535 -0.322605
vn -0.122133 -0.840260 -0.528249
vn -0.099225 -0.935500 -0.339108
vn -0.089005 -0.831496 -0.548354
vn -0.113059 -0.739280 -0.663839
vn -0.105534 -0.655577 -0.747717
vn -0.078464 -0.726870 -0.682279
vn -0.069731 -0.642005 -0.763523
vn -0.407581 -0.579289 -0.705905
vn -0.411361 -0.574793 -0.707386
vn -0.402575 -0.594123 -0.696384
vn -0.210992 -0.578714 -0.787764
vn -0.211939 -0.560520 -0.800562
vn -0.201324 -0.552930 -0.808540
vn -0.396652 -0.622655 -0.674513
vn -0.210644 -0.612730 -0.761703
vn -0.100292 -0.596019 -0.796682
vn -0.097189 -0.558647 -0.823692
vn -0.063649 -0.583210 -0.809824
vn -0.059879 -0.546871 -0.835073
vn -0.095638 -0.538366 -0.837266
vn -0.086291 -0.529903 -0.843657
vn -0.057815 -0.527813 -0.847390
vn -0.057264 -0.522950 -0.850437
s 1
g pPlane22
f 1/5/1 360/6/2 136/2/3 367/1/4
f 360/6/2 69/13/5 248/7/6 136/2/3
f 136/2/3 248/7/6 108/8/7 251/3/8
f 367/1/4 136/2/3 251/3/8 72/4/9
f 69/13/5 361/20/10 137/14/11 248/7/6
f 361/20/10 2/28/12 362/21/13 137/14/11
f 137/14/11 362/21/13 70/22/14 249/15/15
f 248/7/6 137/14/11 249/15/15 108/8/7
f 108/8/7 249/15/15 138/23/16 250/16/17
f 249/15/15 70/22/14 363/31/18 138/23/16
f 138/23/16 363/31/18 7/39/19 364/32/20
f 250/16/17 138/23/16 364/32/20 71/24/21
f 72/4/9 251/3/8 139/9/22 366/10/23
f 251/3/8 108/8/7 250/16/17 139/9/22
f 139/9/22 250/16/17 71/24/21 365/17/24
f 366/10/23 139/9/22 365/17/24 6/18/25
f 2/28/12 368/37/26 140/29/27 362/21/13
f 368/575/26 73/576/28 252/577/29 140/578/27
f 140/578/27 252/577/29 109/583/30 255/584/31
f 362/21/13 140/29/27 255/30/31 70/22/14
f 73/576/28 369/581/32 141/582/33 252/577/29
f 369/581/32 3/586/34 370/587/35 141/582/33
f 141/582/33 370/587/35 74/594/36 253/588/37
f 252/577/29 141/582/33 253/588/37 109/583/30
f 109/583/30 253/588/37 142/595/38 254/589/39
f 253/588/37 74/594/36 371/602/40 142/595/38
f 142/595/38 371/602/40 8/609/41 372/603/42
f 254/589/39 142/595/38 372/603/42 75/596/43
f 70/22/14 255/30/31 143/38/44 363/31/18
f 255/584/31 109/583/30 254/589/39 143/590/44
f 143/590/44 254/589/39 75/596/43 373/597/45
f 363/31/18 143/38/44 373/45/45 7/39/19
f 3/586/34 374/592/46 144/593/47 370/587/35
f 374/592/46 76/599/48 256/600/49 144/593/47
f 144/593/47 256/600/49 110/607/50 259/601/51
f 370/587/35 144/593/47 259/601/51 74/594/36
f 76/117/48 375/107/52 145/108/53 256/118/49
f 375/107/52 4/97/54 376/98/55 145/108/53
f 145/108/53 376/98/55 77/106/56 257/116/57
f 256/118/49 145/108/53 257/116/57 110/126/50
f 110/126/50 257/116/57 146/125/58 258/133/59
f 257/116/57 77/106/56 377/115/60 146/125/58
f 146/125/58 377/115/60 9/124/61 378/132/62
f 258/133/59 146/125/58 378/132/62 78/140/63
f 74/594/36 259/601/51 147/608/64 371/602/40
f 259/601/51 110/607/50 258/615/59 147/608/64
f 147/608/64 258/615/59 78/622/63 379/616/65
f 371/602/40 147/608/64 379/616/65 8/609/41
f 4/97/54 380/87/66 148/90/67 376/98/55
f 380/87/66 79/88/68 260/89/69 148/90/67
f 148/90/67 260/89/69 111/95/70 263/96/71
f 376/98/55 148/90/67 263/96/71 77/106/56
f 79/88/68 381/93/72 149/94/73 260/89/69
f 381/93/72 5/101/74 382/102/75 149/94/73
f 149/94/73 382/102/75 80/111/76 261/103/77
f 260/89/69 149/94/73 261/103/77 111/95/70
f 111/95/70 261/103/77 150/112/78 262/104/79
f 261/103/77 80/111/76 383/120/80 150/112/78
f 150/112/78 383/120/80 10/127/81 384/121/82
f 262/104/79 150/112/78 384/121/82 81/113/83
f 77/106/56 263/96/71 151/105/84 377/115/60
f 263/96/71 111/95/70 262/104/79 151/105/84
f 151/105/84 262/104/79 81/113/83 385/114/85
f 377/115/60 151/105/84 385/114/85 9/124/61
f 6/18/25 365/17/24 152/25/86 391/26/87
f 365/17/24 71/24/21 264/33/88 152/25/86
f 152/25/86 264/33/88 112/41/89 267/34/90
f 391/26/87 152/25/86 267/34/90 84/35/91
f 71/24/21 364/32/20 153/40/92 264/33/88
f 364/32/20 7/39/19 386/46/93 153/40/92
f 153/40/92 386/46/93 82/51/94 265/47/95
f 264/33/88 153/40/92 265/47/95 112/41/89
f 112/41/89 265/47/95 154/52/96 266/48/97
f 265/47/95 82/51/94 387/56/98 154/52/96
f 154/643/96 387/628/98 12/635/99 388/644/100
f 266/48/97 154/52/96 388/57/100 83/53/101
f 84/35/91 267/34/90 155/42/102 390/43/103
f 267/34/90 112/41/89 266/48/97 155/42/102
f 155/42/102 266/48/97 83/53/101 389/49/104
f 390/43/103 155/42/102 389/49/104 11/50/105
f 7/613/19 373/597/45 156/605/106 386/614/93
f 373/597/45 75/596/43 268/604/107 156/605/106
f 156/605/106 268/604/107 113/611/108 271/612/109
f 386/614/93 156/605/106 271/612/109 82/621/94
f 75/596/43 372/603/42 157/610/110 268/604/107
f 372/603/42 8/609/41 392/617/111 157/610/110
f 157/610/110 392/617/111 85/624/112 269/618/113
f 268/604/107 157/610/110 269/618/113 113/611/108
f 113/611/108 269/618/113 158/625/114 270/619/115
f 269/618/113 85/624/112 393/631/116 158/625/114
f 158/625/114 393/631/116 13/638/117 394/632/118
f 270/619/115 158/625/114 394/632/118 86/626/119
f 82/621/94 271/612/109 159/620/120 387/628/98
f 271/612/109 113/611/108 270/619/115 159/620/120
f 159/620/120 270/619/115 86/626/119 395/627/121
f 387/628/98 159/620/120 395/627/121 12/635/99
f 8/609/41 379/616/65 160/623/122 392/617/111
f 379/616/65 78/622/63 272/629/123 160/623/122
f 160/623/122 272/629/123 114/636/124 275/630/125
f 392/617/111 160/623/122 275/630/125 85/624/112
f 78/140/63 378/132/62 161/139/126 272/147/123
f 378/132/62 9/124/61 396/131/127 161/139/126
f 161/139/126 396/131/127 87/138/128 273/146/129
f 272/147/123 161/139/126 273/146/129 114/154/124
f 114/636/124 273/653/129 162/654/130 274/645/131
f 273/146/129 87/138/128 397/145/132 162/153/130
f 162/153/130 397/145/132 14/152/133 398/160/134
f 274/645/131 162/654/130 398/663/134 88/655/135
f 85/624/112 275/630/125 163/637/136 393/631/116
f 275/630/125 114/636/124 274/645/131 163/637/136
f 163/637/136 274/645/131 88/655/135 399/646/137
f 393/631/116 163/637/136 399/646/137 13/638/117
f 9/124/61 385/114/85 164/123/138 396/131/127
f 385/114/85 81/113/83 276/122/139 164/123/138
f 164/123/138 276/122/139 115/129/140 279/130/141
f 396/131/127 164/123/138 279/130/141 87/138/128
f 81/113/83 384/121/82 165/128/142 276/122/139
f 384/121/82 10/127/81 400/134/143 165/128/142
f 165/128/142 400/134/143 89/141/144 277/135/145
f 276/122/139 165/128/142 277/135/145 115/129/140
f 115/129/140 277/135/145 166/142/146 278/136/147
f 277/135/145 89/141/144 401/148/148 166/142/146
f 166/142/146 401/148/148 15/155/149 402/149/150
f 278/136/147 166/142/146 402/149/150 90/143/151
f 87/138/128 279/130/141 167/137/152 397/145/132
f 279/130/141 115/129/140 278/136/147 167/137/152
f 167/137/152 278/136/147 90/143/151 403/144/153
f 397/145/132 167/137/152 403/144/153 14/152/133
f 11/50/105 389/49/104 168/54/154 409/55/155
f 389/49/104 83/53/101 280/58/156 168/54/154
f 168/54/154 280/58/156 116/62/157 283/59/158
f 409/55/155 168/54/154 283/59/158 93/60/159
f 83/53/101 388/57/100 169/61/160 280/58/156
f 388/644/100 12/635/99 404/642/161 169/652/160
f 169/652/160 404/642/161 91/651/162 281/662/163
f 280/58/156 169/61/160 281/65/163 116/62/157
f 116/62/157 281/65/163 170/69/164 282/66/165
f 281/662/163 91/651/162 405/661/166 170/671/164
f 170/671/164 405/661/166 17/670/167 406/680/168
f 282/66/165 170/69/164 406/73/168 92/70/169
f 93/60/159 283/59/158 171/63/170 408/64/171
f 283/59/158 116/62/157 282/66/165 171/63/170
f 171/63/170 282/66/165 92/70/169 407/67/172
f 408/64/171 171/63/170 407/67/172 16/68/173
f 12/635/99 395/627/121 172/634/174 404/642/161
f 395/627/121 86/626/119 284/633/175 172/634/174
f 172/634/174 284/633/175 117/640/176 287/641/177
f 404/642/161 172/634/174 287/641/177 91/651/162
f 86/626/119 394/632/118 173/639/178 284/633/175
f 394/632/118 13/638/117 410/647/179 173/639/178
f 173/639/178 410/647/179 94/657/180 285/648/181
f 284/633/175 173/639/178 285/648/181 117/640/176
f 117/640/176 285/648/181 174/658/182 286/649/183
f 285/648/181 94/657/180 411/666/184 174/658/182
f 174/658/182 411/666/184 18/675/185 412/667/186
f 286/649/183 174/658/182 412/667/186 95/659/187
f 91/651/162 287/641/177 175/650/188 405/661/166
f 287/641/177 117/640/176 286/649/183 175/650/188
f 175/650/188 286/649/183 95/659/187 413/660/189
f 405/661/166 175/650/188 413/660/189 17/670/167
f 13/638/117 399/646/137 176/656/190 410/647/179
f 399/646/137 88/655/135 288/664/191 176/656/190
f 176/656/190 288/664/191 118/673/192 291/665/193
f 410/647/179 176/656/190 291/665/193 94/657/180
f 88/655/135 398/663/134 177/672/194 288/664/191
f 398/160/134 14/152/133 414/159/195 177/166/194
f 177/166/194 414/159/195 96/165/196 289/172/197
f 288/664/191 177/672/194 289/681/197 118/673/192
f 118/673/192 289/681/197 178/690/198 290/682/199
f 289/172/197 96/165/196 415/171/200 178/178/198
f 178/178/198 415/171/200 19/177/201 416/184/202
f 290/682/199 178/690/198 416/699/202 97/691/203
f 94/657/180 291/665/193 179/674/204 411/666/184
f 291/665/193 118/673/192 290/682/199 179/674/204
f 179/674/204 290/682/199 97/691/203 417/683/205
f 411/666/184 179/674/204 417/683/205 18/675/185
f 14/152/133 403/144/153 180/151/206 414/159/195
f 403/144/153 90/143/151 292/150/207 180/151/206
f 180/151/206 292/150/207 119/157/208 295/158/209
f 414/159/195 180/151/206 295/158/209 96/165/196
f 90/143/151 402/149/150 181/156/210 292/150/207
f 402/149/150 15/155/149 418/161/211 181/156/210
f 181/156/210 418/161/211 98/167/212 293/162/213
f 292/150/207 181/156/210 293/162/213 119/157/208
f 119/157/208 293/162/213 182/168/214 294/163/215
f 293/162/213 98/167/212 419/173/216 182/168/214
f 182/168/214 419/173/216 20/179/217 420/174/218
f 294/163/215 182/168/214 420/174/218 99/169/219
f 96/165/196 295/158/209 183/164/220 415/171/200
f 295/158/209 119/157/208 294/163/215 183/164/220
f 183/164/220 294/163/215 99/169/219 421/170/221
f 415/171/200 183/164/220 421/170/221 19/177/201
f 16/68/173 407/67/172 184/71/222 427/72/223
f 407/67/172 92/70/169 296/74/224 184/71/222
f 184/71/222 296/74/224 120/78/225 299/75/226
f 427/72/223 184/71/222 299/75/226 102/76/227
f 92/70/169 406/73/168 185/77/228 296/74/224
f 406/680/168 17/670/167 422/679/229 185/689/228
f 185/689/228 422/679/229 100/688/230 297/698/231
f 296/74/224 185/77/228 297/81/231 120/78/225
f 120/78/225 297/81/231 186/85/232 298/82/233
f 297/698/231 100/688/230 423/697/234 186/705/232
f 186/705/232 423/697/234 22/704/235 424/710/236
f 298/714/233 186/705/232 424/710/236 101/715/237
f 102/76/227 299/75/226 187/79/238 426/80/239
f 299/75/226 120/78/225 298/82/233 187/79/238
f 187/79/238 298/82/233 101/86/237 425/83/240
f 426/80/239 187/79/238 425/83/240 21/84/241
f 17/670/167 413/660/189 188/669/242 422/679/229
f 413/660/189 95/659/187 300/668/243 188/669/242
f 188/669/242 300/668/243 121/677/244 303/678/245
f 422/679/229 188/669/242 303/678/245 100/688/230
f 95/659/187 412/667/186 189/676/246 300/668/243
f 412/667/186 18/675/185 428/684/247 189/676/246
f 189/676/246 428/684/247 103/693/248 301/685/249
f 300/668/243 189/676/246 301/685/249 121/677/244
f 121/677/244 301/685/249 190/694/250 302/686/251
f 301/685/249 103/693/248 429/702/252 190/694/250
f 190/694/250 429/702/252 23/709/253 430/703/254
f 302/686/251 190/694/250 430/703/254 104/695/255
f 100/688/230 303/678/245 191/687/256 423/697/234
f 303/678/245 121/677/244 302/686/251 191/687/256
f 191/687/256 302/686/251 104/695/255 431/696/257
f 423/697/234 191/687/256 431/696/257 22/704/235
f 18/675/185 417/683/205 192/692/258 428/684/247
f 417/683/205 97/691/203 304/700/259 192/692/258
f 192/692/258 304/700/259 122/707/260 307/701/261
f 428/684/247 192/692/258 307/701/261 103/693/248
f 97/691/203 416/699/202 193/706/262 304/700/259
f 416/184/202 19/177/201 432/183/263 193/190/262
f 193/190/262 432/183/263 105/189/264 305/196/265
f 304/700/259 193/706/262 305/711/265 122/707/260
f 122/707/260 305/711/265 194/716/266 306/712/267
f 305/196/265 105/189/264 433/195/268 194/200/266
f 194/716/266 433/719/268 24/720/269 434/718/270
f 306/712/267 194/716/266 434/718/270 106/717/271
f 103/693/248 307/701/261 195/708/272 429/702/252
f 307/701/261 122/707/260 306/712/267 195/708/272
f 195/708/272 306/712/267 106/717/271 435/713/273
f 429/702/252 195/708/272 435/713/273 23/709/253
f 19/177/201 421/170/221 196/176/274 432/183/263
f 421/170/221 99/169/219 308/175/275 196/176/274
f 196/176/274 308/175/275 123/181/276 311/182/277
f 432/183/263 196/176/274 311/182/277 105/189/264
f 99/169/219 420/174/218 197/180/278 308/175/275
f 420/174/218 20/179/217 436/185/279 197/180/278
f 197/180/278 436/185/279 107/191/280 309/186/281
f 308/175/275 197/180/278 309/186/281 123/181/276
f 123/181/276 309/186/281 198/192/282 310/187/283
f 309/186/281 107/191/280 437/197/284 198/192/282
f 198/192/282 437/197/284 25/201/285 438/198/286
f 310/187/283 198/192/282 438/198/286 41/193/287
f 105/189/264 311/182/277 199/188/288 433/195/268
f 311/182/277 123/181/276 310/187/283 199/188/288
f 199/188/288 310/187/283 41/193/287 439/194/289
f 433/195/268 199/188/288 439/194/289 24/199/269
f 2/28/12 361/20/10 200/27/290 445/36/291
f 361/20/10 69/13/5 312/19/292 200/27/290
f 200/1952/290 312/1953/292 124/1954/293 315/1955/294
f 445/1960/291 200/1952/290 315/1955/294 44/1961/295
f 69/13/5 360/6/2 201/12/296 312/19/292
f 360/6/2 1/5/1 440/11/297 201/12/296
f 201/1956/296 440/1962/297 42/1963/298 313/1957/299
f 312/1953/292 201/1956/296 313/1957/299 124/1954/293
f 124/1954/293 313/1957/299 202/1964/300 314/1958/301
f 313/1957/299 42/1963/298 441/1970/302 202/1964/300
f 202/1964/300 441/1970/302 26/1976/303 442/1971/304
f 314/1958/301 202/1964/300 442/1971/304 43/1965/305
f 44/1961/295 315/1955/294 203/1959/306 444/1967/307
f 315/1955/294 124/1954/293 314/1958/301 203/1959/306
f 203/1959/306 314/1958/301 43/1965/305 443/1966/308
f 444/1967/307 203/1959/306 443/1966/308 27/1972/309
f 3/586/34 369/581/32 204/585/310 449/591/311
f 369/581/32 73/576/28 316/580/312 204/585/310
f 204/1979/310 316/1974/312 125/1975/313 319/1980/314
f 449/1983/311 204/1979/310 319/1980/314 46/1984/315
f 73/576/28 368/575/26 205/579/316 316/580/312
f 368/37/26 2/28/12 445/36/291 205/44/316
f 205/1968/316 445/1960/291 44/1961/295 317/1969/317
f 316/1974/312 205/1968/316 317/1969/317 125/1975/313
f 125/1975/313 317/1969/317 206/1973/318 318/1978/319
f 317/1969/317 44/1961/295 444/1967/307 206/1973/318
f 206/1973/318 444/1967/307 27/1972/309 446/1977/320
f 318/1978/319 206/1973/318 446/1977/320 45/1981/321
f 46/1984/315 319/1980/314 207/1982/322 448/1986/323
f 319/1980/314 125/1975/313 318/1978/319 207/1982/322
f 207/1982/322 318/1978/319 45/1981/321 447/1985/324
f 448/1986/323 207/1982/322 447/1985/324 28/1989/325
f 4/97/54 375/107/52 208/109/326 453/99/327
f 375/107/52 76/117/48 320/119/328 208/109/326
f 208/1995/326 320/1991/328 126/1992/329 323/1996/330
f 453/1999/327 208/1995/326 323/1996/330 48/2000/331
f 76/599/48 374/592/46 209/598/332 320/606/328
f 374/592/46 3/586/34 449/591/311 209/598/332
f 209/1987/332 449/1983/311 46/1984/315 321/1988/333
f 320/1991/328 209/1987/332 321/1988/333 126/1992/329
f 126/1992/329 321/1988/333 210/1990/334 322/1994/335
f 321/1988/333 46/1984/315 448/1986/323 210/1990/334
f 210/1990/334 448/1986/323 28/1989/325 450/1993/336
f 322/1994/335 210/1990/334 450/1993/336 47/1997/337
f 48/2000/331 323/1996/330 211/1998/338 452/2002/339
f 323/1996/330 126/1992/329 322/1994/335 211/1998/338
f 211/1998/338 322/1994/335 47/1997/337 451/2001/340
f 452/2002/339 211/1998/338 451/2001/340 29/2005/341
f 5/101/74 381/93/72 212/100/342 457/110/343
f 381/93/72 79/88/68 324/92/344 212/100/342
f 212/2011/342 324/2007/344 127/2008/345 327/2012/346
f 457/2015/343 212/2011/342 327/2012/346 50/2016/347
f 79/88/68 380/87/66 213/91/348 324/92/344
f 380/87/66 4/97/54 453/99/327 213/91/348
f 213/2003/348 453/1999/327 48/2000/331 325/2004/349
f 324/2007/344 213/2003/348 325/2004/349 127/2008/345
f 127/2008/345 325/2004/349 214/2006/350 326/2010/351
f 325/2004/349 48/2000/331 452/2002/339 214/2006/350
f 214/2006/350 452/2002/339 29/2005/341 454/2009/352
f 326/2010/351 214/2006/350 454/2009/352 49/2013/353
f 50/2016/347 327/2012/346 215/2014/354 456/2018/355
f 327/2012/346 127/2008/345 326/2010/351 215/2014/354
f 215/2014/354 326/2010/351 49/2013/353 455/2017/356
f 456/2018/355 215/2014/354 455/2017/356 30/2019/357
f 27/743/309 443/755/308 216/745/358 463/735/359
f 443/755/308 43/767/305 328/757/360 216/745/358
f 216/745/358 328/757/360 128/758/361 331/746/362
f 463/735/359 216/745/358 331/746/362 53/736/363
f 43/767/305 442/781/304 217/770/364 328/757/360
f 442/781/304 26/791/303 458/782/365 217/770/364
f 217/770/364 458/782/365 51/783/366 329/771/367
f 328/757/360 217/770/364 329/771/367 128/758/361
f 128/758/361 329/771/367 218/784/368 330/772/369
f 329/771/367 51/783/366 459/792/370 218/784/368
f 218/784/368 459/792/370 31/800/371 460/793/372
f 330/772/369 218/784/368 460/793/372 52/785/373
f 53/736/363 331/746/362 219/759/374 462/747/375
f 331/746/362 128/758/361 330/772/369 219/759/374
f 219/759/374 330/772/369 52/785/373 461/773/376
f 462/747/375 219/759/374 461/773/376 32/760/377
f 28/734/325 447/725/324 220/721/378 467/731/379
f 447/725/324 45/726/321 332/722/380 220/721/378
f 220/721/378 332/722/380 129/723/381 335/724/382
f 467/731/379 220/721/378 335/724/382 55/732/383
f 45/726/321 446/733/320 221/727/384 332/722/380
f 446/733/320 27/743/309 463/735/359 221/727/384
f 221/727/384 463/735/359 53/736/363 333/728/385
f 332/722/380 221/727/384 333/728/385 129/723/381
f 129/723/381 333/728/385 222/737/386 334/729/387
f 333/728/385 53/736/363 462/747/375 222/737/386
f 222/737/386 462/747/375 32/760/377 464/748/388
f 334/729/387 222/737/386 464/748/388 54/738/389
f 55/732/383 335/724/382 223/730/390 466/740/391
f 335/724/382 129/723/381 334/729/387 223/730/390
f 223/730/390 334/729/387 54/738/389 465/739/392
f 466/740/391 223/730/390 465/739/392 33/751/393
f 29/222/341 451/230/340 224/223/394 471/216/395
f 451/768/340 47/756/337 336/753/396 224/769/394
f 224/223/394 336/231/396 130/232/397 339/224/398
f 471/216/395 224/223/394 339/224/398 57/217/399
f 47/756/337 450/744/336 225/741/400 336/753/396
f 450/744/336 28/734/325 467/731/379 225/741/400
f 225/741/400 467/731/379 55/732/383 337/742/401
f 336/753/396 225/741/400 337/742/401 130/754/397
f 130/754/397 337/742/401 226/752/402 338/766/403
f 337/742/401 55/732/383 466/740/391 226/752/402
f 226/752/402 466/740/391 33/751/393 468/765/404
f 338/766/403 226/752/402 468/765/404 56/780/405
f 57/217/399 339/224/398 227/233/406 470/225/407
f 339/224/398 130/232/397 338/237/403 227/233/406
f 227/233/406 338/237/403 56/240/405 469/238/408
f 470/225/407 227/233/406 469/238/408 34/234/409
f 30/215/357 455/206/356 228/202/410 475/212/411
f 455/206/356 49/207/353 340/203/412 228/202/410
f 228/202/410 340/203/412 131/204/413 343/205/414
f 475/212/411 228/202/410 343/205/414 59/213/415
f 49/207/353 454/214/352 229/208/416 340/203/412
f 454/214/352 29/222/341 471/216/395 229/208/416
f 229/208/416 471/216/395 57/217/399 341/209/417
f 340/203/412 229/208/416 341/209/417 131/204/413
f 131/204/413 341/209/417 230/218/418 342/210/419
f 341/209/417 57/217/399 470/225/407 230/218/418
f 230/218/418 470/225/407 34/234/409 472/226/420
f 342/210/419 230/218/418 472/226/420 58/219/421
f 59/213/415 343/205/414 231/211/422 474/221/423
f 343/205/414 131/204/413 342/210/419 231/211/422
f 231/211/422 342/210/419 58/219/421 473/220/424
f 474/221/423 231/211/422 473/220/424 35/229/425
f 32/760/377 461/773/376 232/786/426 481/774/427
f 461/773/376 52/785/373 344/794/428 232/786/426
f 232/786/426 344/794/428 132/802/429 347/795/430
f 481/774/427 232/786/426 347/795/430 62/787/431
f 52/785/373 460/793/372 233/801/432 344/794/428
f 460/793/372 31/800/371 476/807/433 233/801/432
f 233/801/432 476/807/433 60/815/434 345/808/435
f 344/794/428 233/801/432 345/808/435 132/802/429
f 132/802/429 345/808/435 234/816/436 346/809/437
f 345/2020/435 60/2021/434 477/2022/438 234/2023/436
f 234/2023/436 477/2022/438 36/2024/439 478/2025/440
f 346/2026/437 234/2023/436 478/2025/440 61/2027/441
f 62/2028/431 347/2029/430 235/2030/442 480/2031/443
f 347/795/430 132/802/429 346/809/437 235/810/442
f 235/810/442 346/809/437 61/817/441 479/818/444
f 480/2031/443 235/2030/442 479/2032/444 37/2033/445
f 33/751/393 465/739/392 236/750/446 485/764/447
f 465/739/392 54/738/389 348/749/448 236/750/446
f 236/750/446 348/749/448 133/762/449 351/763/450
f 485/764/447 236/750/446 351/763/450 64/778/451
f 54/738/389 464/748/388 237/761/452 348/749/448
f 464/748/388 32/760/377 481/774/427 237/761/452
f 237/761/452 481/774/427 62/787/431 349/775/453
f 348/749/448 237/761/452 349/775/453 133/762/449
f 133/2037/449 349/2034/453 238/2035/454 350/2038/455
f 349/2034/453 62/2028/431 480/2031/443 238/2035/454
f 238/2035/454 480/2031/443 37/2033/445 482/2036/456
f 350/2038/455 238/2035/454 482/2036/456 63/2039/457
f 64/778/451 351/763/450 239/777/458 484/788/459
f 351/763/450 133/762/449 350/776/455 239/777/458
f 239/2040/458 350/2038/455 63/2039/457 483/2041/460
f 484/2042/459 239/2040/458 483/2041/460 38/2043/461
f 34/234/409 469/238/408 240/241/462 489/239/463
f 469/798/408 56/780/405 352/790/464 240/799/462
f 240/799/462 352/790/464 134/797/465 355/806/466
f 489/813/463 240/799/462 355/806/466 66/814/467
f 56/780/405 468/765/404 241/779/468 352/790/464
f 468/765/404 33/751/393 485/764/447 241/779/468
f 241/779/468 485/764/447 64/778/451 353/789/469
f 352/790/464 241/779/468 353/789/469 134/797/465
f 134/797/465 353/789/469 242/796/470 354/805/471
f 353/789/469 64/778/451 484/788/459 242/796/470
f 242/796/470 484/788/459 38/803/461 486/804/472
f 354/805/471 242/796/470 486/804/472 65/811/473
f 66/2044/467 355/2045/466 243/2046/474 488/2047/475
f 355/806/466 134/797/465 354/805/471 243/812/474
f 243/2046/474 354/2052/471 65/2053/473 487/2048/476
f 488/2047/475 243/2046/474 487/2048/476 39/2049/477
f 35/229/425 473/220/424 244/228/478 493/236/479
f 473/220/424 58/219/421 356/227/480 244/228/478
f 244/2062/478 356/2059/480 135/2057/481 359/2060/482
f 493/2065/479 244/2062/478 359/2060/482 68/2063/483
f 58/219/421 472/226/420 245/235/484 356/227/480
f 472/226/420 34/234/409 489/239/463 245/235/484
f 245/2055/484 489/2056/463 66/2044/467 357/2050/485
f 356/2059/480 245/2055/484 357/2050/485 135/2057/481
f 135/2057/481 357/2050/485 246/2051/486 358/2058/487
f 357/2050/485 66/2044/467 488/2047/475 246/2051/486
f 246/2051/486 488/2047/475 39/2049/477 490/2054/488
f 358/2066/487 246/2067/486 490/2068/488 67/2069/489
f 68/2063/483 359/2060/482 247/2061/490 492/2064/491
f 359/2060/482 135/2057/481 358/2058/487 247/2061/490
f 247/2070/490 358/2071/487 67/2072/489 491/2073/492
f 492/2074/491 247/2075/490 491/2076/492 40/2077/493
s 2
f 494/252/494 1185/254/495 737/246/496 1192/242/497
f 1185/254/495 616/265/498 961/255/499 737/246/496
f 737/246/496 961/255/499 681/256/500 964/247/501
f 1192/242/497 737/246/496 964/247/501 619/243/502
f 616/265/498 1186/277/503 738/266/504 961/255/499
f 1186/823/503 495/824/505 1187/820/506 738/819/504
f 738/819/504 1187/820/506 617/821/507 962/822/508
f 961/255/499 738/266/504 962/267/508 681/256/500
f 681/256/500 962/267/508 739/278/509 963/268/510
f 962/267/508 617/286/507 1188/287/511 739/278/509
f 739/278/509 1188/287/511 499/295/512 1189/288/513
f 963/268/510 739/278/509 1189/288/513 618/279/514
f 619/243/502 964/247/501 740/257/515 1191/248/516
f 964/247/501 681/256/500 963/268/510 740/257/515
f 740/257/515 963/268/510 618/279/514 1190/269/517
f 1191/248/516 740/257/515 1190/269/517 498/258/518
f 496/962/519 1193/981/520 741/963/521 1200/943/522
f 1193/981/520 620/1001/523 965/982/524 741/963/521
f 741/963/521 965/982/524 682/983/525 968/964/526
f 1200/943/522 741/963/521 968/964/526 623/944/527
f 620/410/523 1194/402/528 742/390/529 965/403/524
f 1194/402/528 497/394/530 1195/382/531 742/390/529
f 742/390/529 1195/382/531 621/373/532 966/380/533
f 965/403/524 742/390/529 966/380/533 682/392/525
f 682/392/525 966/380/533 743/381/534 967/393/535
f 966/380/533 621/373/532 1196/372/536 743/381/534
f 743/381/534 1196/372/536 501/383/537 1197/391/538
f 967/393/535 743/381/534 1197/391/538 622/405/539
f 623/944/527 968/964/526 744/984/540 1199/965/541
f 968/964/526 682/983/525 967/1002/535 744/984/540
f 744/984/540 967/1002/535 622/1020/539 1198/1003/542
f 1199/965/541 744/984/540 1198/1003/542 500/985/543
f 498/258/518 1190/269/517 745/280/544 1206/270/545
f 1190/269/517 618/279/514 969/289/546 745/280/544
f 745/280/544 969/289/546 683/297/547 972/290/548
f 1206/270/545 745/280/544 972/290/548 626/281/549
f 618/279/514 1189/288/513 746/296/550 969/289/546
f 1189/288/513 499/295/512 1201/303/551 746/296/550
f 746/296/550 1201/303/551 624/311/552 970/304/553
f 969/289/546 746/296/550 970/304/553 683/297/547
f 683/297/547 970/304/553 747/312/554 971/305/555
f 970/304/553 624/311/552 1202/319/556 747/312/554
f 747/891/554 1202/867/556 503/878/557 1203/892/558
f 971/305/555 747/312/554 1203/320/558 625/313/559
f 626/281/549 972/290/548 748/298/560 1205/291/561
f 972/290/548 683/297/547 971/305/555 748/298/560
f 748/298/560 971/305/555 625/313/559 1204/306/562
f 1205/291/561 748/298/560 1204/306/562 502/299/563
f 500/985/543 1198/1003/542 749/1021/564 1212/1004/565
f 1198/1003/542 622/1020/539 973/1039/566 749/1021/564
f 749/1021/564 973/1039/566 684/1056/567 976/1040/568
f 1212/1004/565 749/1021/564 976/1040/568 629/1022/569
f 622/405/539 1197/391/538 750/404/570 973/412/566
f 1197/391/538 501/383/537 1207/395/571 750/404/570
f 750/404/570 1207/395/571 627/406/572 974/411/573
f 973/412/566 750/404/570 974/411/573 684/418/567
f 684/418/567 974/411/573 751/417/574 975/424/575
f 974/411/573 627/406/572 1208/413/576 751/417/574
f 751/417/574 1208/413/576 505/419/577 1209/423/578
f 975/1070/575 751/1093/574 1209/1094/578 628/1082/579
f 629/1022/569 976/1040/568 752/1057/580 1211/1041/581
f 976/1040/568 684/1056/567 975/1070/575 752/1057/580
f 752/1057/580 975/1070/575 628/1082/579 1210/1071/582
f 1211/1041/581 752/1057/580 1210/1071/582 504/1058/583
f 502/299/563 1204/306/562 753/314/584 1218/307/585
f 1204/306/562 625/313/559 977/321/586 753/314/584
f 753/959/584 977/923/586 685/940/587 980/960/588
f 1218/307/585 753/314/584 980/322/588 632/315/589
f 625/922/559 1203/892/558 754/906/590 977/923/586
f 1203/892/558 503/878/557 1213/890/591 754/906/590
f 754/906/590 1213/890/591 630/905/592 978/921/593
f 977/923/586 754/906/590 978/921/593 685/940/587
f 685/940/587 978/921/593 755/939/594 979/958/595
f 978/921/593 630/905/592 1214/920/596 755/939/594
f 755/939/594 1214/920/596 507/938/597 1215/957/598
f 979/958/595 755/939/594 1215/957/598 631/979/599
f 632/315/589 980/322/588 756/327/600 1217/323/601
f 980/322/588 685/332/587 979/333/595 756/327/600
f 756/327/600 979/333/595 631/339/599 1216/334/602
f 1217/323/601 756/327/600 1216/334/602 506/328/603
f 504/1058/583 1210/1071/582 757/1083/604 1224/1072/605
f 1210/1071/582 628/1082/579 981/1095/606 757/1083/604
f 757/1083/604 981/1095/606 686/1106/607 984/1096/608
f 1224/1072/605 757/1083/604 984/1096/608 635/1084/609
f 628/1082/579 1209/1094/578 758/1105/610 981/1095/606
f 1209/423/578 505/419/577 1219/425/611 758/429/610
f 758/429/610 1219/425/611 633/430/612 982/434/613
f 981/1095/606 758/1105/610 982/1115/613 686/1106/607
f 686/1106/607 982/1115/613 759/1124/614 983/1116/615
f 982/434/613 633/430/612 1220/435/616 759/439/614
f 759/439/614 1220/435/616 509/440/617 1221/444/618
f 983/1116/615 759/1124/614 1221/1132/618 634/1125/619
f 635/1084/609 984/1096/608 760/1107/620 1223/1097/621
f 984/1096/608 686/1106/607 983/1116/615 760/1107/620
f 760/1107/620 983/1116/615 634/1125/619 1222/1117/622
f 1223/1097/621 760/1107/620 1222/1117/622 508/1108/623
f 506/328/603 1216/334/602 761/340/624 1230/335/625
f 1216/334/602 631/339/599 985/345/626 761/340/624
f 761/340/624 985/345/626 687/351/627 988/346/628
f 1230/335/625 761/340/624 988/346/628 638/341/629
f 631/979/599 1215/957/598 762/978/630 985/999/626
f 1215/957/598 507/938/597 1225/956/631 762/978/630
f 762/978/630 1225/956/631 636/977/632 986/998/633
f 985/999/626 762/978/630 986/998/633 687/1018/627
f 687/1018/627 986/998/633 763/1017/634 987/1036/635
f 986/998/633 636/977/632 1226/997/636 763/1017/634
f 763/1017/634 1226/997/636 511/1016/637 1227/1035/638
f 987/1036/635 763/1017/634 1227/1035/638 637/1055/639
f 638/341/629 988/346/628 764/352/640 1229/347/641
f 988/346/628 687/351/627 987/357/635 764/352/640
f 764/352/640 987/357/635 637/362/639 1228/358/642
f 1229/347/641 764/352/640 1228/358/642 510/353/643
f 508/1108/623 1222/1117/622 765/1126/644 1236/1118/645
f 1222/1117/622 634/1125/619 989/1133/646 765/1126/644
f 765/1126/644 989/1133/646 688/1140/647 992/1134/648
f 1236/1118/645 765/1126/644 992/1134/648 641/1127/649
f 634/1125/619 1221/1132/618 766/1139/650 989/1133/646
f 1221/444/618 509/440/617 1231/445/651 766/449/650
f 766/449/650 1231/445/651 639/450/652 990/456/653
f 989/1133/646 766/1139/650 990/1145/653 688/1140/647
f 688/469/647 990/456/653 767/462/654 991/470/655
f 990/456/653 639/450/652 1232/457/656 767/462/654
f 767/462/654 1232/457/656 513/463/657 1233/468/658
f 991/470/655 767/462/654 1233/468/658 640/474/659
f 641/1127/649 992/1134/648 768/1141/660 1235/1135/661
f 992/1134/648 688/1140/647 991/1146/655 768/1141/660
f 768/1141/660 991/1146/655 640/1150/659 1234/1147/662
f 1235/1135/661 768/1141/660 1234/1147/662 512/1142/663
f 495/824/505 1186/823/503 769/827/664 1242/828/665
f 1186/277/503 616/265/498 993/276/666 769/285/664
f 769/2078/664 993/2079/666 689/2080/667 996/2081/668
f 1242/2086/665 769/2078/664 996/2081/668 644/2087/669
f 616/265/498 1185/254/495 770/264/670 993/276/666
f 1185/254/495 494/252/494 1237/253/671 770/264/670
f 770/264/670 1237/253/671 642/263/672 994/275/673
f 993/2079/666 770/2082/670 994/2083/673 689/2080/667
f 689/1166/667 994/1158/673 771/1154/674 995/1164/675
f 994/1158/673 642/1159/672 1238/1155/676 771/1154/674
f 771/1154/674 1238/1155/676 542/1156/677 1239/1157/678
f 995/1164/675 771/1154/674 1239/1157/678 643/1165/679
f 644/2087/669 996/2081/668 772/2085/680 1241/2088/681
f 996/2081/668 689/2080/667 995/2084/675 772/2085/680
f 772/1173/680 995/1164/675 643/1165/679 1240/1174/682
f 1241/1183/681 772/1173/680 1240/1174/682 543/1184/683
f 494/252/494 1192/242/497 773/245/684 1237/253/671
f 1192/242/497 619/243/502 997/244/685 773/245/684
f 773/245/684 997/244/685 690/250/686 1000/251/687
f 1237/253/671 773/245/684 1000/251/687 642/263/672
f 619/243/502 1191/248/516 774/249/688 997/244/685
f 1191/248/516 498/258/518 1243/259/689 774/249/688
f 774/249/688 1243/259/689 645/272/690 998/260/691
f 997/244/685 774/249/688 998/260/691 690/250/686
f 690/250/686 998/260/691 775/273/692 999/261/693
f 998/260/691 645/272/690 1244/284/694 775/273/692
f 775/1175/692 1244/1185/694 559/1186/695 1245/1176/696
f 999/1167/693 775/1175/692 1245/1176/696 646/1168/697
f 642/263/672 1000/251/687 776/262/698 1238/274/676
f 1000/251/687 690/250/686 999/261/693 776/262/698
f 776/1160/698 999/1167/693 646/1168/697 1246/1161/699
f 1238/1155/676 776/1160/698 1246/1161/699 542/1156/677
f 497/394/530 1194/402/528 777/396/700 1252/384/701
f 1194/1037/528 620/1001/523 1001/1019/702 777/1038/700
f 777/2131/700 1001/2128/702 691/2129/703 1004/2132/704
f 1252/384/701 777/396/700 1004/397/704 649/385/705
f 620/1001/523 1193/981/520 778/1000/706 1001/1019/702
f 1193/981/520 496/962/519 1247/980/707 778/1000/706
f 778/2125/706 1247/2122/707 647/2123/708 1002/2126/709
f 1001/2128/702 778/2125/706 1002/2126/709 691/2129/703
f 691/2129/703 1002/2126/709 779/2127/710 1003/2130/711
f 1002/2126/709 647/2123/708 1248/2124/712 779/2127/710
f 779/1337/710 1248/1324/712 546/1325/713 1249/1338/714
f 1003/1349/711 779/1337/710 1249/1338/714 648/1350/715
f 649/1387/705 1004/1373/704 780/1361/716 1251/1375/717
f 1004/1373/704 691/1374/703 1003/1349/711 780/1361/716
f 780/1361/716 1003/1349/711 648/1350/715 1250/1362/718
f 1251/1375/717 780/1361/716 1250/1362/718 547/1376/719
f 501/383/537 1196/372/536 781/368/720 1256/378/721
f 1196/372/536 621/373/532 1005/369/722 781/368/720
f 781/368/720 1005/369/722 692/370/723 1008/371/724
f 1256/378/721 781/368/720 1008/371/724 651/379/725
f 621/373/532 1195/382/531 782/374/726 1005/369/722
f 1195/382/531 497/394/530 1252/384/701 782/374/726
f 782/374/726 1252/384/701 649/385/705 1006/375/727
f 1005/369/722 782/374/726 1006/375/727 692/370/723
f 692/370/723 1006/375/727 783/386/728 1007/376/729
f 1006/375/727 649/385/705 1251/398/717 783/386/728
f 783/1388/728 1251/1375/717 547/1376/719 1253/1389/730
f 1007/1400/729 783/1388/728 1253/1389/730 650/1401/731
f 651/379/725 1008/371/724 784/377/732 1255/387/733
f 1008/371/724 692/370/723 1007/376/729 784/377/732
f 784/1412/732 1007/1400/729 650/1401/731 1254/1413/734
f 1255/1424/733 784/1412/732 1254/1413/734 548/1425/735
f 498/258/518 1206/270/545 785/271/736 1243/259/689
f 1206/270/545 626/281/549 1009/282/737 785/271/736
f 785/271/736 1009/282/737 693/293/738 1012/283/739
f 1243/259/689 785/271/736 1012/283/739 645/272/690
f 626/281/549 1205/291/561 786/292/740 1009/282/737
f 1205/291/561 502/299/563 1257/300/741 786/292/740
f 786/292/740 1257/300/741 652/309/742 1010/301/743
f 1009/282/737 786/292/740 1010/301/743 693/293/738
f 693/293/738 1010/301/743 787/310/744 1011/302/745
f 1010/301/743 652/309/742 1258/318/746 787/310/744
f 787/1221/744 1258/1233/746 558/1234/747 1259/1222/748
f 1011/1209/745 787/1221/744 1259/1222/748 653/1210/749
f 645/272/690 1012/283/739 788/294/750 1244/284/694
f 1012/283/739 693/293/738 1011/302/745 788/294/750
f 788/1197/750 1011/1209/745 653/1210/749 1260/1198/751
f 1244/1185/694 788/1197/750 1260/1198/751 559/1186/695
f 505/419/577 1208/413/576 789/408/752 1264/415/753
f 1208/413/576 627/406/572 1013/400/754 789/408/752
f 789/408/752 1013/400/754 694/401/755 1016/409/756
f 1264/415/753 789/408/752 1016/409/756 655/416/757
f 627/406/572 1207/395/571 790/388/758 1013/400/754
f 1207/395/571 501/383/537 1256/378/721 790/388/758
f 790/388/758 1256/378/721 651/379/725 1014/389/759
f 1013/400/754 790/388/758 1014/389/759 694/401/755
f 694/401/755 1014/389/759 791/399/760 1015/407/761
f 1014/389/759 651/379/725 1255/387/733 791/399/760
f 791/1436/760 1255/1424/733 548/1425/735 1261/1437/762
f 1015/1448/761 791/1436/760 1261/1437/762 654/1449/763
f 655/416/757 1016/409/756 792/414/764 1263/420/765
f 1016/409/756 694/401/755 1015/407/761 792/414/764
f 792/1460/764 1015/1448/761 654/1449/763 1262/1461/766
f 1263/1472/765 792/1460/764 1262/1461/766 549/1473/767
f 502/299/563 1218/307/585 793/308/768 1257/300/741
f 1218/307/585 632/315/589 1017/316/769 793/308/768
f 793/308/768 1017/316/769 695/325/770 1020/317/771
f 1257/300/741 793/308/768 1020/317/771 652/309/742
f 632/315/589 1217/323/601 794/324/772 1017/316/769
f 1217/323/601 506/328/603 1265/329/773 794/324/772
f 794/324/772 1265/329/773 656/337/774 1018/330/775
f 1017/316/769 794/324/772 1018/330/775 695/325/770
f 695/325/770 1018/330/775 795/338/776 1019/331/777
f 1018/330/775 656/337/774 1266/344/778 795/338/776
f 795/1269/776 1266/1281/778 557/1282/779 1267/1270/780
f 1019/1257/777 795/1269/776 1267/1270/780 657/1258/781
f 652/309/742 1020/317/771 796/326/782 1258/318/746
f 1020/317/771 695/325/770 1019/331/777 796/326/782
f 796/1245/782 1019/1257/777 657/1258/781 1268/1246/783
f 1258/1233/746 796/1245/782 1268/1246/783 558/1234/747
f 509/440/617 1220/435/616 797/432/784 1272/437/785
f 1220/435/616 633/430/612 1021/427/786 797/432/784
f 797/432/784 1021/427/786 696/428/787 1024/433/788
f 1272/437/785 797/432/784 1024/433/788 659/438/789
f 633/430/612 1219/425/611 798/421/790 1021/427/786
f 1219/425/611 505/419/577 1264/415/753 798/421/790
f 798/421/790 1264/415/753 655/416/757 1022/422/791
f 1021/427/786 798/421/790 1022/422/791 696/428/787
f 696/428/787 1022/422/791 799/426/792 1023/431/793
f 1022/422/791 655/416/757 1263/420/765 799/426/792
f 799/1484/792 1263/1472/765 549/1473/767 1269/1485/794
f 1023/1496/793 799/1484/792 1269/1485/794 658/1497/795
f 659/438/789 1024/433/788 800/436/796 1271/441/797
f 1024/433/788 696/428/787 1023/431/793 800/436/796
f 800/1508/796 1023/1496/793 658/1497/795 1270/1509/798
f 1271/1520/797 800/1508/796 1270/1509/798 550/1521/799
f 506/328/603 1230/335/625 801/336/800 1265/329/773
f 1230/335/625 638/341/629 1025/342/801 801/336/800
f 801/336/800 1025/342/801 697/349/802 1028/343/803
f 1265/329/773 801/336/800 1028/343/803 656/337/774
f 638/341/629 1229/347/641 802/348/804 1025/342/801
f 1229/347/641 510/353/643 1273/354/805 802/348/804
f 802/348/804 1273/354/805 660/360/806 1026/355/807
f 1025/342/801 802/348/804 1026/355/807 697/349/802
f 697/349/802 1026/355/807 803/361/808 1027/356/809
f 1026/355/807 660/360/806 1274/365/810 803/361/808
f 803/1315/808 1274/1326/810 556/1327/811 1275/1316/812
f 1027/1303/809 803/1315/808 1275/1316/812 661/1304/813
f 656/337/774 1028/343/803 804/350/814 1266/344/778
f 1028/343/803 697/349/802 1027/356/809 804/350/814
f 804/1293/814 1027/1303/809 661/1304/813 1276/1294/815
f 1266/1281/778 804/1293/814 1276/1294/815 557/1282/779
f 513/463/657 1232/457/656 805/454/816 1280/460/817
f 1232/457/656 639/450/652 1029/447/818 805/454/816
f 805/454/816 1029/447/818 698/448/819 1032/455/820
f 1280/460/817 805/454/816 1032/455/820 663/461/821
f 639/450/652 1231/445/651 806/442/822 1029/447/818
f 1231/445/651 509/440/617 1272/437/785 806/442/822
f 806/442/822 1272/437/785 659/438/789 1030/443/823
f 1029/447/818 806/442/822 1030/443/823 698/448/819
f 698/448/819 1030/443/823 807/446/824 1031/453/825
f 1030/443/823 659/438/789 1271/441/797 807/446/824
f 807/446/824 1271/441/797 550/451/799 1277/452/826
f 1031/453/825 807/446/824 1277/452/826 662/458/827
f 663/461/821 1032/455/820 808/459/828 1279/465/829
f 1032/455/820 698/448/819 1031/453/825 808/459/828
f 808/459/828 1031/453/825 662/458/827 1278/464/830
f 1279/1562/829 808/1573/828 1278/1560/830 551/1563/831
f 510/353/643 1228/358/642 809/359/832 1273/354/805
f 1228/358/642 637/362/639 1033/363/833 809/359/832
f 809/359/832 1033/363/833 699/366/834 1036/364/835
f 1273/354/805 809/359/832 1036/364/835 660/360/806
f 637/1055/639 1227/1035/638 810/1054/836 1033/1069/833
f 1227/1035/638 511/1016/637 1281/1034/837 810/1054/836
f 810/2133/836 1281/2134/837 664/2135/838 1034/2136/839
f 1033/2139/833 810/2133/836 1034/2136/839 699/2140/834
f 699/2140/834 1034/2136/839 811/2138/840 1035/2143/841
f 1034/2136/839 664/2135/838 1282/2137/842 811/2138/840
f 811/1363/840 1282/1377/842 555/1378/843 1283/1364/844
f 1035/1351/841 811/1363/840 1283/1364/844 665/1352/845
f 660/360/806 1036/364/835 812/367/846 1274/365/810
f 1036/2146/835 699/2140/834 1035/2143/841 812/2147/846
f 812/1339/846 1035/1351/841 665/1352/845 1284/1340/847
f 1274/1326/810 812/1339/846 1284/1340/847 556/1327/811
f 512/1142/663 1234/1147/662 813/1151/848 1288/1148/849
f 1234/478/662 640/474/659 1037/472/850 813/476/848
f 813/476/848 1037/472/850 700/473/851 1040/477/852
f 1288/1148/849 813/1151/848 1040/1153/852 667/1152/853
f 640/474/659 1233/468/658 814/466/854 1037/472/850
f 1233/468/658 513/463/657 1280/460/817 814/466/854
f 814/466/854 1280/460/817 663/461/821 1038/467/855
f 1037/472/850 814/466/854 1038/467/855 700/473/851
f 700/473/851 1038/467/855 815/471/856 1039/475/857
f 1038/467/855 663/461/821 1279/465/829 815/471/856
f 815/1552/856 1279/1562/829 551/1563/831 1285/1553/858
f 1039/1542/857 815/1552/856 1285/1553/858 666/1543/859
f 667/2166/853 1040/2168/852 816/2169/860 1287/2167/861
f 1040/477/852 700/473/851 1039/475/857 816/479/860
f 816/1532/860 1039/1542/857 666/1543/859 1286/1533/862
f 1287/1522/861 816/1532/860 1286/1533/862 552/1523/863
f 528/894/864 1289/880/865 817/893/866 1296/907/867
f 1289/880/865 668/869/868 1041/879/869 817/893/866
f 817/2107/866 1041/2104/869 701/2105/870 1044/2108/871
f 1296/2110/867 817/2107/866 1044/2108/871 671/2111/872
f 668/869/868 1290/859/873 818/868/874 1041/879/869
f 1290/859/873 529/850/875 1291/858/876 818/868/874
f 818/2101/874 1291/2098/876 669/2099/877 1042/2102/878
f 1041/2104/869 818/2101/874 1042/2102/878 701/2105/870
f 701/2105/870 1042/2102/878 819/2103/879 1043/2106/880
f 1042/2102/878 669/2099/877 1292/2100/881 819/2103/879
f 819/1243/879 1292/1231/881 544/1232/882 1293/1244/883
f 1043/1255/880 819/1243/879 1293/1244/883 670/1256/884
f 671/2111/872 1044/2108/871 820/2109/885 1295/2112/886
f 1044/2108/871 701/2105/870 1043/2106/880 820/2109/885
f 820/1267/885 1043/1255/880 670/1256/884 1294/1268/887
f 1295/1279/886 820/1267/885 1294/1268/887 545/1280/888
f 529/850/875 1290/859/873 821/851/889 1302/843/890
f 1290/859/873 668/869/868 1045/860/891 821/851/889
f 821/851/889 1045/860/891 702/861/892 1048/852/893
f 1302/843/890 821/851/889 1048/852/893 674/844/894
f 668/869/868 1289/880/865 822/870/895 1045/860/891
f 1289/880/865 528/894/864 1297/881/896 822/870/895
f 822/870/895 1297/881/896 672/882/897 1046/871/898
f 1045/860/891 822/870/895 1046/871/898 702/861/892
f 702/861/892 1046/871/898 823/883/899 1047/872/900
f 1046/871/898 672/882/897 1298/897/901 823/883/899
f 823/883/899 1298/897/901 531/912/902 1299/898/903
f 1047/872/900 823/883/899 1299/898/903 673/884/904
f 674/844/894 1048/852/893 824/862/905 1301/853/906
f 1048/852/893 702/861/892 1047/872/900 824/862/905
f 824/862/905 1047/872/900 673/884/904 1300/873/907
f 1301/853/906 824/862/905 1300/873/907 530/863/908
f 530/863/908 1300/873/907 825/885/909 1308/874/910
f 1300/873/907 673/884/904 1049/899/911 825/885/909
f 825/885/909 1049/899/911 703/914/912 1052/900/913
f 1308/874/910 825/885/909 1052/900/913 677/886/914
f 673/884/904 1299/898/903 826/913/915 1049/899/911
f 1299/898/903 531/912/902 1303/930/916 826/913/915
f 826/913/915 1303/930/916 675/948/917 1050/931/918
f 1049/899/911 826/913/915 1050/931/918 703/914/912
f 703/914/912 1050/931/918 827/949/919 1051/932/920
f 1050/931/918 675/948/917 1304/969/921 827/949/919
f 827/949/919 1304/969/921 533/989/922 1305/970/923
f 1051/932/920 827/949/919 1305/970/923 676/950/924
f 677/886/914 1052/900/913 828/915/925 1307/901/926
f 1052/900/913 703/914/912 1051/932/920 828/915/925
f 828/915/925 1051/932/920 676/950/924 1306/933/927
f 1307/901/926 828/915/925 1306/933/927 532/916/928
f 532/916/928 1306/933/927 829/951/929 1314/934/930
f 1306/933/927 676/950/924 1053/971/931 829/951/929
f 829/951/929 1053/971/931 704/991/932 1056/972/933
f 1314/934/930 829/951/929 1056/972/933 680/952/934
f 676/950/924 1305/970/923 830/990/935 1053/971/931
f 1305/970/923 533/989/922 1309/1008/936 830/990/935
f 830/990/935 1309/1008/936 678/1026/937 1054/1009/938
f 1053/971/931 830/990/935 1054/1009/938 704/991/932
f 704/991/932 1054/1009/938 831/1027/939 1055/1010/940
f 1054/1009/938 678/1026/937 1310/1045/941 831/1027/939
f 831/1027/939 1310/1045/941 535/1062/942 1311/1046/943
f 1055/1010/940 831/1027/939 1311/1046/943 679/1028/944
f 680/952/934 1056/972/933 832/992/945 1313/973/946
f 1056/972/933 704/991/932 1055/1010/940 832/992/945
f 832/992/945 1055/1010/940 679/1028/944 1312/1011/947
f 1313/973/946 832/992/945 1312/1011/947 534/993/948
f 534/993/948 1312/1011/947 833/1029/949 1320/1012/950
f 1312/1011/947 679/1028/944 1057/1047/951 833/1029/949
f 833/1029/949 1057/1047/951 705/1064/952 1060/1048/953
f 1320/1012/950 833/1029/949 1060/1048/953 562/1030/954
f 679/1028/944 1311/1046/943 834/1063/955 1057/1047/951
f 1311/1046/943 535/1062/942 1315/1076/956 834/1063/955
f 834/1063/955 1315/1076/956 560/1088/957 1058/1077/958
f 1057/1047/951 834/1063/955 1058/1077/958 705/1064/952
f 705/1064/952 1058/1077/958 835/1089/959 1059/1078/960
f 1058/1077/958 560/1088/957 1316/1101/961 835/1089/959
f 835/1089/959 1316/1101/961 537/1112/962 1317/1102/963
f 1059/1078/960 835/1089/959 1317/1102/963 561/1090/964
f 562/1030/954 1060/1048/953 836/1065/965 1319/1049/966
f 1060/1048/953 705/1064/952 1059/1078/960 836/1065/965
f 836/1065/965 1059/1078/960 561/1090/964 1318/1079/967
f 1319/1049/966 836/1065/965 1318/1079/967 536/1066/968
f 536/1066/968 1318/1079/967 837/1091/969 1326/1080/970
f 1318/1079/967 561/1090/964 1061/1103/971 837/1091/969
f 837/1091/969 1061/1103/971 706/1114/972 1064/1104/973
f 1326/1080/970 837/1091/969 1064/1104/973 565/1092/974
f 561/1090/964 1317/1102/963 838/1113/975 1061/1103/971
f 1317/1102/963 537/1112/962 1321/1122/976 838/1113/975
f 838/1113/975 1321/1122/976 563/1131/977 1062/1123/978
f 1061/1103/971 838/1113/975 1062/1123/978 706/1114/972
f 706/2154/972 1062/2156/978 839/2157/979 1063/2155/980
f 1062/2156/978 563/2158/977 1322/2159/981 839/2157/979
f 839/1462/979 1322/1474/981 553/1475/982 1323/1463/983
f 1063/1450/980 839/1462/979 1323/1463/983 564/1451/984
f 565/2150/974 1064/2152/973 840/2153/985 1325/2151/986
f 1064/2152/973 706/2154/972 1063/2155/980 840/2153/985
f 840/1438/985 1063/1450/980 564/1451/984 1324/1439/987
f 1325/1426/986 840/1438/985 1324/1439/987 554/1427/988
f 495/824/505 1327/829/989 841/825/990 1187/820/506
f 1327/829/989 566/835/991 1065/830/992 841/825/990
f 841/825/990 1065/830/992 707/831/993 1068/826/994
f 1187/820/506 841/825/990 1068/826/994 617/821/507
f 566/835/991 1328/842/995 842/836/996 1065/830/992
f 1328/842/995 529/850/875 1302/843/890 842/836/996
f 842/836/996 1302/843/890 674/844/894 1066/837/997
f 1065/830/992 842/836/996 1066/837/997 707/831/993
f 707/831/993 1066/837/997 843/845/998 1067/838/999
f 1066/837/997 674/844/894 1301/853/906 843/845/998
f 843/845/998 1301/853/906 530/863/908 1329/854/1000
f 1067/838/999 843/845/998 1329/854/1000 567/846/1001
f 617/821/507 1068/826/994 844/832/1002 1188/833/511
f 1068/826/994 707/831/993 1067/838/999 844/832/1002
f 844/832/1002 1067/838/999 567/846/1001 1330/839/1003
f 1188/833/511 844/832/1002 1330/839/1003 499/840/512
f 528/894/864 1331/908/1004 845/895/1005 1297/881/896
f 1331/908/1004 568/925/1006 1069/909/1007 845/895/1005
f 845/895/1005 1069/909/1007 708/910/1008 1072/896/1009
f 1297/881/896 845/895/1005 1072/896/1009 672/882/897
f 568/925/1006 1332/942/1010 846/926/1011 1069/909/1007
f 1332/942/1010 496/962/519 1200/943/522 846/926/1011
f 846/926/1011 1200/943/522 623/944/527 1070/927/1012
f 1069/909/1007 846/926/1011 1070/927/1012 708/910/1008
f 708/910/1008 1070/927/1012 847/945/1013 1071/928/1014
f 1070/927/1012 623/944/527 1199/965/541 847/945/1013
f 847/945/1013 1199/965/541 500/985/543 1333/966/1015
f 1071/928/1014 847/945/1013 1333/966/1015 569/946/1016
f 672/882/897 1072/896/1009 848/911/1017 1298/897/901
f 1072/896/1009 708/910/1008 1071/928/1014 848/911/1017
f 848/911/1017 1071/928/1014 569/946/1016 1334/929/1018
f 1298/897/901 848/911/1017 1334/929/1018 531/912/902
f 499/840/512 1330/839/1003 849/847/1019 1201/848/551
f 1330/839/1003 567/846/1001 1073/855/1020 849/847/1019
f 849/847/1019 1073/855/1020 709/865/1021 1076/856/1022
f 1201/848/551 849/847/1019 1076/856/1022 624/857/552
f 567/846/1001 1329/854/1000 850/864/1023 1073/855/1020
f 1329/854/1000 530/863/908 1308/874/910 850/864/1023
f 850/864/1023 1308/874/910 677/886/914 1074/875/1024
f 1073/855/1020 850/864/1023 1074/875/1024 709/865/1021
f 709/865/1021 1074/875/1024 851/887/1025 1075/876/1026
f 1074/875/1024 677/886/914 1307/901/926 851/887/1025
f 851/887/1025 1307/901/926 532/916/928 1335/902/1027
f 1075/876/1026 851/887/1025 1335/902/1027 570/888/1028
f 624/857/552 1076/856/1022 852/866/1029 1202/867/556
f 1076/856/1022 709/865/1021 1075/876/1026 852/866/1029
f 852/866/1029 1075/876/1026 570/888/1028 1336/877/1030
f 1202/867/556 852/866/1029 1336/877/1030 503/878/557
f 531/912/902 1334/929/1018 853/947/1031 1303/930/916
f 1334/929/1018 569/946/1016 1077/967/1032 853/947/1031
f 853/947/1031 1077/967/1032 710/987/1033 1080/968/1034
f 1303/930/916 853/947/1031 1080/968/1034 675/948/917
f 569/946/1016 1333/966/1015 854/986/1035 1077/967/1032
f 1333/966/1015 500/985/543 1212/1004/565 854/986/1035
f 854/986/1035 1212/1004/565 629/1022/569 1078/1005/1036
f 1077/967/1032 854/986/1035 1078/1005/1036 710/987/1033
f 710/987/1033 1078/1005/1036 855/1023/1037 1079/1006/1038
f 1078/1005/1036 629/1022/569 1211/1041/581 855/1023/1037
f 855/1023/1037 1211/1041/581 504/1058/583 1337/1042/1039
f 1079/1006/1038 855/1023/1037 1337/1042/1039 571/1024/1040
f 675/948/917 1080/968/1034 856/988/1041 1304/969/921
f 1080/968/1034 710/987/1033 1079/1006/1038 856/988/1041
f 856/988/1041 1079/1006/1038 571/1024/1040 1338/1007/1042
f 1304/969/921 856/988/1041 1338/1007/1042 533/989/922
f 503/878/557 1336/877/1030 857/889/1043 1213/890/591
f 1336/877/1030 570/888/1028 1081/903/1044 857/889/1043
f 857/889/1043 1081/903/1044 711/918/1045 1084/904/1046
f 1213/890/591 857/889/1043 1084/904/1046 630/905/592
f 570/888/1028 1335/902/1027 858/917/1047 1081/903/1044
f 1335/902/1027 532/916/928 1314/934/930 858/917/1047
f 858/917/1047 1314/934/930 680/952/934 1082/935/1048
f 1081/903/1044 858/917/1047 1082/935/1048 711/918/1045
f 711/918/1045 1082/935/1048 859/953/1049 1083/936/1050
f 1082/935/1048 680/952/934 1313/973/946 859/953/1049
f 859/953/1049 1313/973/946 534/993/948 1339/974/1051
f 1083/936/1050 859/953/1049 1339/974/1051 572/954/1052
f 630/905/592 1084/904/1046 860/919/1053 1214/920/596
f 1084/904/1046 711/918/1045 1083/936/1050 860/919/1053
f 860/919/1053 1083/936/1050 572/954/1052 1340/937/1054
f 1214/920/596 860/919/1053 1340/937/1054 507/938/597
f 533/989/922 1338/1007/1042 861/1025/1055 1309/1008/936
f 1338/1007/1042 571/1024/1040 1085/1043/1056 861/1025/1055
f 861/1025/1055 1085/1043/1056 712/1060/1057 1088/1044/1058
f 1309/1008/936 861/1025/1055 1088/1044/1058 678/1026/937
f 571/1024/1040 1337/1042/1039 862/1059/1059 1085/1043/1056
f 1337/1042/1039 504/1058/583 1224/1072/605 862/1059/1059
f 862/1059/1059 1224/1072/605 635/1084/609 1086/1073/1060
f 1085/1043/1056 862/1059/1059 1086/1073/1060 712/1060/1057
f 712/1060/1057 1086/1073/1060 863/1085/1061 1087/1074/1062
f 1086/1073/1060 635/1084/609 1223/1097/621 863/1085/1061
f 863/1085/1061 1223/1097/621 508/1108/623 1341/1098/1063
f 1087/1074/1062 863/1085/1061 1341/1098/1063 573/1086/1064
f 678/1026/937 1088/1044/1058 864/1061/1065 1310/1045/941
f 1088/1044/1058 712/1060/1057 1087/1074/1062 864/1061/1065
f 864/1061/1065 1087/1074/1062 573/1086/1064 1342/1075/1066
f 1310/1045/941 864/1061/1065 1342/1075/1066 535/1062/942
f 507/938/597 1340/937/1054 865/955/1067 1225/956/631
f 1340/937/1054 572/954/1052 1089/975/1068 865/955/1067
f 865/955/1067 1089/975/1068 713/995/1069 1092/976/1070
f 1225/956/631 865/955/1067 1092/976/1070 636/977/632
f 572/954/1052 1339/974/1051 866/994/1071 1089/975/1068
f 1339/974/1051 534/993/948 1320/1012/950 866/994/1071
f 866/994/1071 1320/1012/950 562/1030/954 1090/1013/1072
f 1089/975/1068 866/994/1071 1090/1013/1072 713/995/1069
f 713/995/1069 1090/1013/1072 867/1031/1073 1091/1014/1074
f 1090/1013/1072 562/1030/954 1319/1049/966 867/1031/1073
f 867/1031/1073 1319/1049/966 536/1066/968 1343/1050/1075
f 1091/1014/1074 867/1031/1073 1343/1050/1075 574/1032/1076
f 636/977/632 1092/976/1070 868/996/1077 1226/997/636
f 1092/976/1070 713/995/1069 1091/1014/1074 868/996/1077
f 868/996/1077 1091/1014/1074 574/1032/1076 1344/1015/1078
f 1226/997/636 868/996/1077 1344/1015/1078 511/1016/637
f 535/1062/942 1342/1075/1066 869/1087/1079 1315/1076/956
f 1342/1075/1066 573/1086/1064 1093/1099/1080 869/1087/1079
f 869/1087/1079 1093/1099/1080 714/1110/1081 1096/1100/1082
f 1315/1076/956 869/1087/1079 1096/1100/1082 560/1088/957
f 573/1086/1064 1341/1098/1063 870/1109/1083 1093/1099/1080
f 1341/1098/1063 508/1108/623 1236/1118/645 870/1109/1083
f 870/1109/1083 1236/1118/645 641/1127/649 1094/1119/1084
f 1093/1099/1080 870/1109/1083 1094/1119/1084 714/1110/1081
f 714/1110/1081 1094/1119/1084 871/1128/1085 1095/1120/1086
f 1094/1119/1084 641/1127/649 1235/1135/661 871/1128/1085
f 871/1128/1085 1235/1135/661 512/1142/663 1345/1136/1087
f 1095/1120/1086 871/1128/1085 1345/1136/1087 575/1129/1088
f 560/1088/957 1096/1100/1082 872/1111/1089 1316/1101/961
f 1096/1100/1082 714/1110/1081 1095/1120/1086 872/1111/1089
f 872/1111/1089 1095/1120/1086 575/1129/1088 1346/1121/1090
f 1316/1101/961 872/1111/1089 1346/1121/1090 537/1112/962
f 529/850/875 1328/842/995 873/849/1091 1291/858/876
f 1328/842/995 566/835/991 1097/841/1092 873/849/1091
f 873/2095/1091 1097/2092/1092 715/2093/1093 1100/2096/1094
f 1291/2098/876 873/2095/1091 1100/2096/1094 669/2099/877
f 566/835/991 1327/829/989 874/834/1095 1097/841/1092
f 1327/829/989 495/824/505 1242/828/665 874/834/1095
f 874/2089/1095 1242/2086/665 644/2087/669 1098/2090/1096
f 1097/2092/1092 874/2089/1095 1098/2090/1096 715/2093/1093
f 715/2093/1093 1098/2090/1096 875/2091/1097 1099/2094/1098
f 1098/2090/1096 644/2087/669 1241/2088/681 875/2091/1097
f 875/1195/1097 1241/1183/681 543/1184/683 1347/1196/1099
f 1099/1207/1098 875/1195/1097 1347/1196/1099 576/1208/1100
f 669/2099/877 1100/2096/1094 876/2097/1101 1292/2100/881
f 1100/2096/1094 715/2093/1093 1099/2094/1098 876/2097/1101
f 876/1219/1101 1099/1207/1098 576/1208/1100 1348/1220/1102
f 1292/1231/881 876/1219/1101 1348/1220/1102 544/1232/882
f 496/962/519 1332/942/1010 877/961/1103 1247/980/707
f 1332/942/1010 568/925/1006 1101/941/1104 877/961/1103
f 877/2119/1103 1101/2116/1104 716/2117/1105 1104/2120/1106
f 1247/2122/707 877/2119/1103 1104/2120/1106 647/2123/708
f 568/925/1006 1331/908/1004 878/924/1107 1101/941/1104
f 1331/908/1004 528/894/864 1296/907/867 878/924/1107
f 878/2113/1107 1296/2110/867 671/2111/872 1102/2114/1108
f 1101/2116/1104 878/2113/1107 1102/2114/1108 716/2117/1105
f 716/2117/1105 1102/2114/1108 879/2115/1109 1103/2118/1110
f 1102/2114/1108 671/2111/872 1295/2112/886 879/2115/1109
f 879/1291/1109 1295/1279/886 545/1280/888 1349/1292/1111
f 1103/1301/1110 879/1291/1109 1349/1292/1111 577/1302/1112
f 647/2123/708 1104/2120/1106 880/2121/1113 1248/2124/712
f 1104/2120/1106 716/2117/1105 1103/2118/1110 880/2121/1113
f 880/1313/1113 1103/1301/1110 577/1302/1112 1350/1314/1114
f 1248/1324/712 880/1313/1113 1350/1314/1114 546/1325/713
f 511/1016/637 1344/1015/1078 881/1033/1115 1281/1034/837
f 1344/1015/1078 574/1032/1076 1105/1051/1116 881/1033/1115
f 881/1033/1115 1105/1051/1116 717/1068/1117 1108/1052/1118
f 1281/1034/837 881/1033/1115 1108/1052/1118 664/1053/838
f 574/1032/1076 1343/1050/1075 882/1067/1119 1105/1051/1116
f 1343/1050/1075 536/1066/968 1326/1080/970 882/1067/1119
f 882/1067/1119 1326/1080/970 565/1092/974 1106/1081/1120
f 1105/1051/1116 882/1067/1119 1106/1081/1120 717/1068/1117
f 717/2144/1117 1106/2148/1120 883/2149/1121 1107/2145/1122
f 1106/2148/1120 565/2150/974 1325/2151/986 883/2149/1121
f 883/1414/1121 1325/1426/986 554/1427/988 1351/1415/1123
f 1107/1402/1122 883/1414/1121 1351/1415/1123 578/1403/1124
f 664/2135/838 1108/2141/1118 884/2142/1125 1282/2137/842
f 1108/2141/1118 717/2144/1117 1107/2145/1122 884/2142/1125
f 884/1390/1125 1107/1402/1122 578/1403/1124 1352/1391/1126
f 1282/1377/842 884/1390/1125 1352/1391/1126 555/1378/843
f 537/1112/962 1346/1121/1090 885/1130/1127 1321/1122/976
f 1346/1121/1090 575/1129/1088 1109/1137/1128 885/1130/1127
f 885/1130/1127 1109/1137/1128 718/1144/1129 1112/1138/1130
f 1321/1122/976 885/1130/1127 1112/1138/1130 563/1131/977
f 575/1129/1088 1345/1136/1087 886/1143/1131 1109/1137/1128
f 1345/1136/1087 512/1142/663 1288/1148/849 886/1143/1131
f 886/1143/1131 1288/1148/849 667/1152/853 1110/1149/1132
f 1109/1137/1128 886/1143/1131 1110/1149/1132 718/1144/1129
f 718/2162/1129 1110/2164/1132 887/2165/1133 1111/2163/1134
f 1110/2164/1132 667/2166/853 1287/2167/861 887/2165/1133
f 887/1510/1133 1287/1522/861 552/1523/863 1353/1511/1135
f 1111/1498/1134 887/1510/1133 1353/1511/1135 579/1499/1136
f 563/2158/977 1112/2160/1130 888/2161/1137 1322/2159/981
f 1112/2160/1130 718/2162/1129 1111/2163/1134 888/2161/1137
f 888/1486/1137 1111/1498/1134 579/1499/1136 1354/1487/1138
f 1322/1474/981 888/1486/1137 1354/1487/1138 553/1475/982
f 543/1184/683 1240/1174/682 889/1182/1139 1360/1194/1140
f 1240/1174/682 643/1165/679 1113/1172/1141 889/1182/1139
f 889/1182/1139 1113/1172/1141 719/1181/1142 1116/1193/1143
f 1360/1194/1140 889/1182/1139 1116/1193/1143 582/1205/1144
f 643/1165/679 1239/1157/678 890/1163/1145 1113/1172/1141
f 1239/1157/678 542/1156/677 1355/1162/1146 890/1163/1145
f 890/1163/1145 1355/1162/1146 580/1170/1147 1114/1171/1148
f 1113/1172/1141 890/1163/1145 1114/1171/1148 719/1181/1142
f 719/1181/1142 1114/1171/1148 891/1180/1149 1115/1192/1150
f 1114/1171/1148 580/1170/1147 1356/1179/1151 891/1180/1149
f 891/1180/1149 1356/1179/1151 514/1190/1152 1357/1191/1153
f 1115/1192/1150 891/1180/1149 1357/1191/1153 581/1203/1154
f 582/1205/1144 1116/1193/1143 892/1204/1155 1359/1216/1156
f 1116/1193/1143 719/1181/1142 1115/1192/1150 892/1204/1155
f 892/1204/1155 1115/1192/1150 581/1203/1154 1358/1215/1157
f 1359/1216/1156 892/1204/1155 1358/1215/1157 515/1227/1158
f 544/1232/882 1348/1220/1102 893/1230/1159 1364/1242/1160
f 1348/1220/1102 576/1208/1100 1117/1218/1161 893/1230/1159
f 893/1230/1159 1117/1218/1161 720/1229/1162 1120/1241/1163
f 1364/1242/1160 893/1230/1159 1120/1241/1163 584/1253/1164
f 576/1208/1100 1347/1196/1099 894/1206/1165 1117/1218/1161
f 1347/1196/1099 543/1184/683 1360/1194/1140 894/1206/1165
f 894/1206/1165 1360/1194/1140 582/1205/1144 1118/1217/1166
f 1117/1218/1161 894/1206/1165 1118/1217/1166 720/1229/1162
f 720/1229/1162 1118/1217/1166 895/1228/1167 1119/1240/1168
f 1118/1217/1166 582/1205/1144 1359/1216/1156 895/1228/1167
f 895/1228/1167 1359/1216/1156 515/1227/1158 1361/1239/1169
f 1119/1240/1168 895/1228/1167 1361/1239/1169 583/1251/1170
f 584/1253/1164 1120/1241/1163 896/1252/1171 1363/1264/1172
f 1120/1241/1163 720/1229/1162 1119/1240/1168 896/1252/1171
f 896/1252/1171 1119/1240/1168 583/1251/1170 1362/1263/1173
f 1363/1264/1172 896/1252/1171 1362/1263/1173 539/1275/1174
f 545/1280/888 1294/1268/887 897/1278/1175 1368/1290/1176
f 1294/1268/887 670/1256/884 1121/1266/1177 897/1278/1175
f 897/1278/1175 1121/1266/1177 721/1277/1178 1124/1289/1179
f 1368/1290/1176 897/1278/1175 1124/1289/1179 586/1299/1180
f 670/1256/884 1293/1244/883 898/1254/1181 1121/1266/1177
f 1293/1244/883 544/1232/882 1364/1242/1160 898/1254/1181
f 898/1254/1181 1364/1242/1160 584/1253/1164 1122/1265/1182
f 1121/1266/1177 898/1254/1181 1122/1265/1182 721/1277/1178
f 721/1277/1178 1122/1265/1182 899/1276/1183 1123/1288/1184
f 1122/1265/1182 584/1253/1164 1363/1264/1172 899/1276/1183
f 899/1276/1183 1363/1264/1172 539/1275/1174 1365/1287/1185
f 1123/1288/1184 899/1276/1183 1365/1287/1185 585/1297/1186
f 586/1299/1180 1124/1289/1179 900/1298/1187 1367/1310/1188
f 1124/1289/1179 721/1277/1178 1123/1288/1184 900/1298/1187
f 900/1298/1187 1123/1288/1184 585/1297/1186 1366/1309/1189
f 1367/1310/1188 900/1298/1187 1366/1309/1189 538/1320/1190
f 546/1325/713 1350/1314/1114 901/1323/1191 1372/1336/1192
f 1350/1314/1114 577/1302/1112 1125/1312/1193 901/1323/1191
f 901/1323/1191 1125/1312/1193 722/1322/1194 1128/1335/1195
f 1372/1336/1192 901/1323/1191 1128/1335/1195 588/1347/1196
f 577/1302/1112 1349/1292/1111 902/1300/1197 1125/1312/1193
f 1349/1292/1111 545/1280/888 1368/1290/1176 902/1300/1197
f 902/1300/1197 1368/1290/1176 586/1299/1180 1126/1311/1198
f 1125/1312/1193 902/1300/1197 1126/1311/1198 722/1322/1194
f 722/1322/1194 1126/1311/1198 903/1321/1199 1127/1334/1200
f 1126/1311/1198 586/1299/1180 1367/1310/1188 903/1321/1199
f 903/1321/1199 1367/1310/1188 538/1320/1190 1369/1333/1201
f 1127/1334/1200 903/1321/1199 1369/1333/1201 587/1345/1202
f 588/1347/1196 1128/1335/1195 904/1346/1203 1371/1358/1204
f 1128/1335/1195 722/1322/1194 1127/1334/1200 904/1346/1203
f 904/1346/1203 1127/1334/1200 587/1345/1202 1370/1357/1205
f 1371/1358/1204 904/1346/1203 1370/1357/1205 517/1369/1206
f 547/1376/719 1250/1362/718 905/1372/1207 1376/1386/1208
f 1250/1362/718 648/1350/715 1129/1360/1209 905/1372/1207
f 905/1372/1207 1129/1360/1209 723/1371/1210 1132/1385/1211
f 1376/1386/1208 905/1372/1207 1132/1385/1211 590/1398/1212
f 648/1350/715 1249/1338/714 906/1348/1213 1129/1360/1209
f 1249/1338/714 546/1325/713 1372/1336/1192 906/1348/1213
f 906/1348/1213 1372/1336/1192 588/1347/1196 1130/1359/1214
f 1129/1360/1209 906/1348/1213 1130/1359/1214 723/1371/1210
f 723/1371/1210 1130/1359/1214 907/1370/1215 1131/1384/1216
f 1130/1359/1214 588/1347/1196 1371/1358/1204 907/1370/1215
f 907/1370/1215 1371/1358/1204 517/1369/1206 1373/1383/1217
f 1131/1384/1216 907/1370/1215 1373/1383/1217 589/1396/1218
f 590/1398/1212 1132/1385/1211 908/1397/1219 1375/1409/1220
f 1132/1385/1211 723/1371/1210 1131/1384/1216 908/1397/1219
f 908/1397/1219 1131/1384/1216 589/1396/1218 1374/1408/1221
f 1375/1409/1220 908/1397/1219 1374/1408/1221 518/1420/1222
f 548/1425/735 1254/1413/734 909/1423/1223 1380/1435/1224
f 1254/1413/734 650/1401/731 1133/1411/1225 909/1423/1223
f 909/1423/1223 1133/1411/1225 724/1422/1226 1136/1434/1227
f 1380/1435/1224 909/1423/1223 1136/1434/1227 592/1446/1228
f 650/1401/731 1253/1389/730 910/1399/1229 1133/1411/1225
f 1253/1389/730 547/1376/719 1376/1386/1208 910/1399/1229
f 910/1399/1229 1376/1386/1208 590/1398/1212 1134/1410/1230
f 1133/1411/1225 910/1399/1229 1134/1410/1230 724/1422/1226
f 724/1422/1226 1134/1410/1230 911/1421/1231 1135/1433/1232
f 1134/1410/1230 590/1398/1212 1375/1409/1220 911/1421/1231
f 911/1421/1231 1375/1409/1220 518/1420/1222 1377/1432/1233
f 1135/1433/1232 911/1421/1231 1377/1432/1233 591/1444/1234
f 592/1446/1228 1136/1434/1227 912/1445/1235 1379/1457/1236
f 1136/1434/1227 724/1422/1226 1135/1433/1232 912/1445/1235
f 912/1445/1235 1135/1433/1232 591/1444/1234 1378/1456/1237
f 1379/1457/1236 912/1445/1235 1378/1456/1237 519/1468/1238
f 549/1473/767 1262/1461/766 913/1471/1239 1384/1483/1240
f 1262/1461/766 654/1449/763 1137/1459/1241 913/1471/1239
f 913/1471/1239 1137/1459/1241 725/1470/1242 1140/1482/1243
f 1384/1483/1240 913/1471/1239 1140/1482/1243 594/1494/1244
f 654/1449/763 1261/1437/762 914/1447/1245 1137/1459/1241
f 1261/1437/762 548/1425/735 1380/1435/1224 914/1447/1245
f 914/1447/1245 1380/1435/1224 592/1446/1228 1138/1458/1246
f 1137/1459/1241 914/1447/1245 1138/1458/1246 725/1470/1242
f 725/1470/1242 1138/1458/1246 915/1469/1247 1139/1481/1248
f 1138/1458/1246 592/1446/1228 1379/1457/1236 915/1469/1247
f 915/1469/1247 1379/1457/1236 519/1468/1238 1381/1480/1249
f 1139/1481/1248 915/1469/1247 1381/1480/1249 593/1492/1250
f 594/1494/1244 1140/1482/1243 916/1493/1251 1383/1505/1252
f 1140/1482/1243 725/1470/1242 1139/1481/1248 916/1493/1251
f 916/1493/1251 1139/1481/1248 593/1492/1250 1382/1504/1253
f 1383/1505/1252 916/1493/1251 1382/1504/1253 521/1516/1254
f 550/1521/799 1270/1509/798 917/1519/1255 1388/1531/1256
f 1270/1509/798 658/1497/795 1141/1507/1257 917/1519/1255
f 917/1519/1255 1141/1507/1257 726/1518/1258 1144/1530/1259
f 1388/1531/1256 917/1519/1255 1144/1530/1259 596/1539/1260
f 658/1497/795 1269/1485/794 918/1495/1261 1141/1507/1257
f 1269/1485/794 549/1473/767 1384/1483/1240 918/1495/1261
f 918/1495/1261 1384/1483/1240 594/1494/1244 1142/1506/1262
f 1141/1507/1257 918/1495/1261 1142/1506/1262 726/1518/1258
f 726/1518/1258 1142/1506/1262 919/1517/1263 1143/1529/1264
f 1142/1506/1262 594/1494/1244 1383/1505/1252 919/1517/1263
f 919/1517/1263 1383/1505/1252 521/1516/1254 1385/1528/1265
f 1143/2170/1264 919/2171/1263 1385/2172/1265 595/2173/1266
f 596/1539/1260 1144/1530/1259 920/1538/1267 1387/1548/1268
f 1144/1530/1259 726/1518/1258 1143/1529/1264 920/1538/1267
f 920/2174/1267 1143/2170/1264 595/2173/1266 1386/2175/1269
f 1387/1586/1268 920/1587/1267 1386/1588/1269 523/1589/1270
f 551/1563/831 1278/1560/830 921/1561/1271 1392/1572/1272
f 1278/1560/830 662/1550/827 1145/1551/1273 921/1561/1271
f 921/1561/1271 1145/1551/1273 727/1559/1274 1148/1571/1275
f 1392/1572/1272 921/1561/1271 1148/1571/1275 598/1579/1276
f 662/1550/827 1277/1540/826 922/1541/1277 1145/1551/1273
f 1277/1540/826 550/1521/799 1388/1531/1256 922/1541/1277
f 922/1541/1277 1388/1531/1256 596/1539/1260 1146/1549/1278
f 1145/1551/1273 922/1541/1277 1146/1549/1278 727/1559/1274
f 727/1559/1274 1146/1549/1278 923/1558/1279 1147/1570/1280
f 1146/1549/1278 596/1539/1260 1387/1548/1268 923/1558/1279
f 923/1558/1279 1387/1548/1268 523/1568/1270 1389/1569/1281
f 1147/1570/1280 923/1558/1279 1389/1569/1281 597/1577/1282
f 598/1579/1276 1148/1571/1275 924/1578/1283 1391/1583/1284
f 1148/1571/1275 727/1559/1274 1147/1570/1280 924/1578/1283
f 924/1578/1283 1147/1570/1280 597/1577/1282 1390/1582/1285
f 1391/1583/1284 924/1578/1283 1390/1582/1285 525/1585/1286
f 552/1523/863 1286/1533/862 925/1544/1287 1396/1534/1288
f 1286/1533/862 666/1543/859 1149/1554/1289 925/1544/1287
f 925/1544/1287 1149/1554/1289 728/1565/1290 1152/1555/1291
f 1396/1534/1288 925/1544/1287 1152/1555/1291 600/1545/1292
f 666/1543/859 1285/1553/858 926/1564/1293 1149/1554/1289
f 1285/1553/858 551/1563/831 1392/1572/1272 926/1564/1293
f 926/1564/1293 1392/1572/1272 598/1579/1276 1150/1574/1294
f 1149/1554/1289 926/1564/1293 1150/1574/1294 728/1565/1290
f 728/1565/1290 1150/1574/1294 927/1580/1295 1151/1575/1296
f 1150/1574/1294 598/1579/1276 1391/1583/1284 927/1580/1295
f 927/1580/1295 1391/1583/1284 525/1585/1286 1393/1584/1297
f 1151/1575/1296 927/1580/1295 1393/1584/1297 599/1581/1298
f 600/1545/1292 1152/1555/1291 928/1566/1299 1395/1556/1300
f 1152/1555/1291 728/1565/1290 1151/1575/1296 928/1566/1299
f 928/1566/1299 1151/1575/1296 599/1581/1298 1394/1576/1301
f 1395/1556/1300 928/1566/1299 1394/1576/1301 527/1567/1302
f 553/1475/982 1354/1487/1138 929/1500/1303 1400/1488/1304
f 1354/1487/1138 579/1499/1136 1153/1512/1305 929/1500/1303
f 929/1500/1303 1153/1512/1305 729/1525/1306 1156/1513/1307
f 1400/1488/1304 929/1500/1303 1156/1513/1307 602/1501/1308
f 579/1499/1136 1353/1511/1135 930/1524/1309 1153/1512/1305
f 1353/1511/1135 552/1523/863 1396/1534/1288 930/1524/1309
f 930/1524/1309 1396/1534/1288 600/1545/1292 1154/1535/1310
f 1153/1512/1305 930/1524/1309 1154/1535/1310 729/1525/1306
f 729/1525/1306 1154/1535/1310 931/1546/1311 1155/1536/1312
f 1154/1535/1310 600/1545/1292 1395/1556/1300 931/1546/1311
f 931/1546/1311 1395/1556/1300 527/1567/1302 1397/1557/1313
f 1155/1536/1312 931/1546/1311 1397/1557/1313 601/1547/1314
f 602/1501/1308 1156/1513/1307 932/1526/1315 1399/1514/1316
f 1156/1513/1307 729/1525/1306 1155/1536/1312 932/1526/1315
f 932/1526/1315 1155/1536/1312 601/1547/1314 1398/1537/1317
f 1399/1514/1316 932/1526/1315 1398/1537/1317 541/1527/1318
f 554/1427/988 1324/1439/987 933/1452/1319 1404/1440/1320
f 1324/1439/987 564/1451/984 1157/1464/1321 933/1452/1319
f 933/1452/1319 1157/1464/1321 730/1477/1322 1160/1465/1323
f 1404/1440/1320 933/1452/1319 1160/1465/1323 604/1453/1324
f 564/1451/984 1323/1463/983 934/1476/1325 1157/1464/1321
f 1323/1463/983 553/1475/982 1400/1488/1304 934/1476/1325
f 934/1476/1325 1400/1488/1304 602/1501/1308 1158/1489/1326
f 1157/1464/1321 934/1476/1325 1158/1489/1326 730/1477/1322
f 730/1477/1322 1158/1489/1326 935/1502/1327 1159/1490/1328
f 1158/1489/1326 602/1501/1308 1399/1514/1316 935/1502/1327
f 935/1502/1327 1399/1514/1316 541/1527/1318 1401/1515/1329
f 1159/1490/1328 935/1502/1327 1401/1515/1329 603/1503/1330
f 604/1453/1324 1160/1465/1323 936/1478/1331 1403/1466/1332
f 1160/1465/1323 730/1477/1322 1159/1490/1328 936/1478/1331
f 936/1478/1331 1159/1490/1328 603/1503/1330 1402/1491/1333
f 1403/1466/1332 936/1478/1331 1402/1491/1333 540/1479/1334
f 555/1378/843 1352/1391/1126 937/1404/1335 1408/1392/1336
f 1352/1391/1126 578/1403/1124 1161/1416/1337 937/1404/1335
f 937/1404/1335 1161/1416/1337 731/1429/1338 1164/1417/1339
f 1408/1392/1336 937/1404/1335 1164/1417/1339 606/1405/1340
f 578/1403/1124 1351/1415/1123 938/1428/1341 1161/1416/1337
f 1351/1415/1123 554/1427/988 1404/1440/1320 938/1428/1341
f 938/1428/1341 1404/1440/1320 604/1453/1324 1162/1441/1342
f 1161/1416/1337 938/1428/1341 1162/1441/1342 731/1429/1338
f 731/1429/1338 1162/1441/1342 939/1454/1343 1163/1442/1344
f 1162/1441/1342 604/1453/1324 1403/1466/1332 939/1454/1343
f 939/1454/1343 1403/1466/1332 540/1479/1334 1405/1467/1345
f 1163/1442/1344 939/1454/1343 1405/1467/1345 605/1455/1346
f 606/1405/1340 1164/1417/1339 940/1430/1347 1407/1418/1348
f 1164/1417/1339 731/1429/1338 1163/1442/1344 940/1430/1347
f 940/1430/1347 1163/1442/1344 605/1455/1346 1406/1443/1349
f 1407/1418/1348 940/1430/1347 1406/1443/1349 526/1431/1350
f 556/1327/811 1284/1340/847 941/1353/1351 1412/1341/1352
f 1284/1340/847 665/1352/845 1165/1365/1353 941/1353/1351
f 941/1353/1351 1165/1365/1353 732/1380/1354 1168/1366/1355
f 1412/1341/1352 941/1353/1351 1168/1366/1355 608/1354/1356
f 665/1352/845 1283/1364/844 942/1379/1357 1165/1365/1353
f 1283/1364/844 555/1378/843 1408/1392/1336 942/1379/1357
f 942/1379/1357 1408/1392/1336 606/1405/1340 1166/1393/1358
f 1165/1365/1353 942/1379/1357 1166/1393/1358 732/1380/1354
f 732/1380/1354 1166/1393/1358 943/1406/1359 1167/1394/1360
f 1166/1393/1358 606/1405/1340 1407/1418/1348 943/1406/1359
f 943/1406/1359 1407/1418/1348 526/1431/1350 1409/1419/1361
f 1167/1394/1360 943/1406/1359 1409/1419/1361 607/1407/1362
f 608/1354/1356 1168/1366/1355 944/1381/1363 1411/1367/1364
f 1168/1366/1355 732/1380/1354 1167/1394/1360 944/1381/1363
f 944/1381/1363 1167/1394/1360 607/1407/1362 1410/1395/1365
f 1411/1367/1364 944/1381/1363 1410/1395/1365 524/1382/1366
f 557/1282/779 1276/1294/815 945/1305/1367 1416/1295/1368
f 1276/1294/815 661/1304/813 1169/1317/1369 945/1305/1367
f 945/1305/1367 1169/1317/1369 733/1329/1370 1172/1318/1371
f 1416/1295/1368 945/1305/1367 1172/1318/1371 610/1306/1372
f 661/1304/813 1275/1316/812 946/1328/1373 1169/1317/1369
f 1275/1316/812 556/1327/811 1412/1341/1352 946/1328/1373
f 946/1328/1373 1412/1341/1352 608/1354/1356 1170/1342/1374
f 1169/1317/1369 946/1328/1373 1170/1342/1374 733/1329/1370
f 733/1329/1370 1170/1342/1374 947/1355/1375 1171/1343/1376
f 1170/1342/1374 608/1354/1356 1411/1367/1364 947/1355/1375
f 947/1355/1375 1411/1367/1364 524/1382/1366 1413/1368/1377
f 1171/1343/1376 947/1355/1375 1413/1368/1377 609/1356/1378
f 610/1306/1372 1172/1318/1371 948/1330/1379 1415/1319/1380
f 1172/1318/1371 733/1329/1370 1171/1343/1376 948/1330/1379
f 948/1330/1379 1171/1343/1376 609/1356/1378 1414/1344/1381
f 1415/1319/1380 948/1330/1379 1414/1344/1381 522/1331/1382
f 558/1234/747 1268/1246/783 949/1259/1383 1420/1247/1384
f 1268/1246/783 657/1258/781 1173/1271/1385 949/1259/1383
f 949/1259/1383 1173/1271/1385 734/1284/1386 1176/1272/1387
f 1420/1247/1384 949/1259/1383 1176/1272/1387 612/1260/1388
f 657/1258/781 1267/1270/780 950/1283/1389 1173/1271/1385
f 1267/1270/780 557/1282/779 1416/1295/1368 950/1283/1389
f 950/1283/1389 1416/1295/1368 610/1306/1372 1174/1296/1390
f 1173/1271/1385 950/1283/1389 1174/1296/1390 734/1284/1386
f 734/1284/1386 1174/1296/1390 951/1307/1391 1175/1308/1392
f 1174/1296/1390 610/1306/1372 1415/1319/1380 951/1307/1391
f 951/1307/1391 1415/1319/1380 522/1331/1382 1417/1332/1393
f 1175/2176/1392 951/2177/1391 1417/2178/1393 611/2179/1394
f 612/1260/1388 1176/1272/1387 952/1285/1395 1419/1273/1396
f 1176/2182/1387 734/2183/1386 1175/2176/1392 952/2180/1395
f 952/2180/1395 1175/2176/1392 611/2179/1394 1418/2181/1397
f 1419/2184/1396 952/2180/1395 1418/2181/1397 520/2185/1398
f 559/1186/695 1260/1198/751 953/1211/1399 1424/1199/1400
f 1260/1198/751 653/1210/749 1177/1223/1401 953/1211/1399
f 953/1211/1399 1177/1223/1401 735/1236/1402 1180/1224/1403
f 1424/1199/1400 953/1211/1399 1180/1224/1403 614/1212/1404
f 653/1210/749 1259/1222/748 954/1235/1405 1177/1223/1401
f 1259/1222/748 558/1234/747 1420/1247/1384 954/1235/1405
f 954/1235/1405 1420/1247/1384 612/1260/1388 1178/1248/1406
f 1177/1223/1401 954/1235/1405 1178/1248/1406 735/1236/1402
f 735/1236/1402 1178/1248/1406 955/1261/1407 1179/1249/1408
f 1178/1248/1406 612/1260/1388 1419/1273/1396 955/1261/1407
f 955/1261/1407 1419/1273/1396 520/1286/1398 1421/1274/1409
f 1179/1249/1408 955/1261/1407 1421/1274/1409 613/1262/1410
f 614/1212/1404 1180/1224/1403 956/1237/1411 1423/1225/1412
f 1180/1224/1403 735/1236/1402 1179/1249/1408 956/1237/1411
f 956/1237/1411 1179/1249/1408 613/1262/1410 1422/1250/1413
f 1423/1225/1412 956/1237/1411 1422/1250/1413 516/1238/1414
f 542/1156/677 1246/1161/699 957/1169/1415 1355/1162/1146
f 1246/1161/699 646/1168/697 1181/1177/1416 957/1169/1415
f 957/1169/1415 1181/1177/1416 736/1188/1417 1184/1178/1418
f 1355/1162/1146 957/1169/1415 1184/1178/1418 580/1170/1147
f 646/1168/697 1245/1176/696 958/1187/1419 1181/1177/1416
f 1245/1176/696 559/1186/695 1424/1199/1400 958/1187/1419
f 958/1187/1419 1424/1199/1400 614/1212/1404 1182/1200/1420
f 1181/1177/1416 958/1187/1419 1182/1200/1420 736/1188/1417
f 736/1188/1417 1182/1200/1420 959/1213/1421 1183/1201/1422
f 1182/1200/1420 614/1212/1404 1423/1225/1412 959/1213/1421
f 959/1213/1421 1423/1225/1412 516/1238/1414 1425/1226/1423
f 1183/1201/1422 959/1213/1421 1425/1226/1423 615/1214/1424
f 580/1170/1147 1184/1178/1418 960/1189/1425 1356/1179/1151
f 1184/1178/1418 736/1188/1417 1183/1201/1422 960/1189/1425
f 960/1189/1425 1183/1201/1422 615/1214/1424 1426/1202/1426
f 1356/1179/1151 960/1189/1425 1426/1202/1426 514/1190/1152
s 5
f 1427/500/1427 1736/490/1428 1544/499/1429 1743/510/1430
f 1736/490/1428 1486/484/1431 1640/498/1432 1544/499/1429
f 1544/1652/1429 1640/1639/1432 1520/1640/1433 1643/1653/1434
f 1743/2186/1430 1544/2187/1429 1643/2188/1434 1489/2189/1435
f 1486/2190/1431 1737/2191/1436 1545/2192/1437 1640/2193/1432
f 1737/1616/1436 1428/1606/1438 1738/1607/1439 1545/1617/1437
f 1545/1617/1437 1738/1607/1439 1487/1615/1440 1641/1627/1441
f 1640/1639/1432 1545/1617/1437 1641/1627/1441 1520/1640/1433
f 1520/1640/1433 1641/1627/1441 1546/1638/1442 1642/1651/1443
f 1641/1627/1441 1487/1615/1440 1739/1626/1444 1546/1638/1442
f 1546/1638/1442 1739/1626/1444 1433/1637/1445 1740/1650/1446
f 1642/1651/1443 1546/1638/1442 1740/1650/1446 1488/1666/1447
f 1489/1683/1435 1643/1653/1434 1547/1667/1448 1742/1684/1449
f 1643/1653/1434 1520/1640/1433 1642/1651/1443 1547/1667/1448
f 1547/1667/1448 1642/1651/1443 1488/1666/1447 1741/1682/1450
f 1742/1684/1449 1547/1667/1448 1741/1682/1450 1432/1699/1451
f 1428/1606/1438 1744/1598/1452 1548/1599/1453 1738/1607/1439
f 1744/1598/1452 1490/1590/1454 1644/1593/1455 1548/1599/1453
f 1548/1599/1453 1644/1593/1455 1521/1597/1456 1647/1605/1457
f 1738/1607/1439 1548/1599/1453 1647/1605/1457 1487/1615/1440
f 1490/1590/1454 1745/1591/1458 1549/1592/1459 1644/1593/1455
f 1745/1591/1458 1429/1594/1460 1746/1595/1461 1549/1592/1459
f 1549/1592/1459 1746/1595/1461 1491/1602/1462 1645/1596/1463
f 1644/1593/1455 1549/1592/1459 1645/1596/1463 1521/1597/1456
f 1521/1597/1456 1645/1596/1463 1550/1603/1464 1646/1604/1465
f 1645/1596/1463 1491/1602/1462 1747/1611/1466 1550/1603/1464
f 1550/1603/1464 1747/1611/1466 1434/1622/1467 1748/1612/1468
f 1646/1604/1465 1550/1603/1464 1748/1612/1468 1492/1613/1469
f 1487/1615/1440 1647/1605/1457 1551/1614/1470 1739/1626/1444
f 1647/1605/1457 1521/1597/1456 1646/1604/1465 1551/1614/1470
f 1551/1614/1470 1646/1604/1465 1492/1613/1469 1749/1625/1471
f 1739/1626/1444 1551/1614/1470 1749/1625/1471 1433/1637/1445
f 1429/1594/1460 1750/1600/1472 1552/1601/1473 1746/1595/1461
f 1750/1600/1472 1493/1608/1474 1648/1609/1475 1552/1601/1473
f 1552/1601/1473 1648/1609/1475 1522/1620/1476 1651/1610/1477
f 1746/1595/1461 1552/1601/1473 1651/1610/1477 1491/1602/1462
f 1493/1608/1474 1751/1618/1478 1553/1619/1479 1648/1609/1475
f 1751/1618/1478 1430/1628/1480 1752/1629/1481 1553/1619/1479
f 1553/1619/1479 1752/1629/1481 1494/1641/1482 1649/1630/1483
f 1648/1609/1475 1553/1619/1479 1649/1630/1483 1522/1620/1476
f 1522/1620/1476 1649/1630/1483 1554/1642/1484 1650/1631/1485
f 1649/1630/1483 1494/1641/1482 1753/1656/1486 1554/1642/1484
f 1554/1642/1484 1753/1656/1486 1435/1671/1487 1754/1657/1488
f 1650/1631/1485 1554/1642/1484 1754/1657/1488 1495/1643/1489
f 1491/1602/1462 1651/1610/1477 1555/1621/1490 1747/1611/1466
f 1651/1610/1477 1522/1620/1476 1650/1631/1485 1555/1621/1490
f 1555/1621/1490 1650/1631/1485 1495/1643/1489 1755/1632/1491
f 1747/1611/1466 1555/1621/1490 1755/1632/1491 1434/1622/1467
f 1430/2194/1480 1756/2195/1492 1556/2196/1493 1752/2197/1481
f 1756/545/1492 1496/550/1494 1652/555/1495 1556/556/1493
f 1556/1654/1493 1652/1668/1495 1523/1669/1496 1655/1655/1497
f 1752/1629/1481 1556/1654/1493 1655/1655/1497 1494/1641/1482
f 1496/550/1494 1757/557/1498 1557/562/1499 1652/555/1495
f 1757/557/1498 1431/563/1500 1758/568/1501 1557/562/1499
f 1557/2198/1499 1758/2199/1501 1497/2200/1502 1653/2201/1503
f 1652/2202/1495 1557/2198/1499 1653/2201/1503 1523/2203/1496
f 1523/1669/1496 1653/1700/1503 1558/1701/1504 1654/1685/1505
f 1653/1700/1503 1497/1717/1502 1759/1718/1506 1558/1701/1504
f 1558/1701/1504 1759/1718/1506 1436/1735/1507 1760/1719/1508
f 1654/1685/1505 1558/1701/1504 1760/1719/1508 1498/1702/1509
f 1494/1641/1482 1655/1655/1497 1559/1670/1510 1753/1656/1486
f 1655/1655/1497 1523/1669/1496 1654/1685/1505 1559/1670/1510
f 1559/1670/1510 1654/1685/1505 1498/1702/1509 1761/1686/1511
f 1753/1656/1486 1559/1670/1510 1761/1686/1511 1435/1671/1487
f 1432/1699/1451 1741/1682/1450 1560/1698/1512 1767/1716/1513
f 1741/1682/1450 1488/1666/1447 1656/1681/1514 1560/1698/1512
f 1560/1698/1512 1656/1681/1514 1524/1697/1515 1659/1715/1516
f 1767/1716/1513 1560/1698/1512 1659/1715/1516 1501/1734/1517
f 1488/1666/1447 1740/1650/1446 1561/1665/1518 1656/1681/1514
f 1740/1650/1446 1433/1637/1445 1762/1649/1519 1561/1665/1518
f 1561/1665/1518 1762/1649/1519 1499/1664/1520 1657/1680/1521
f 1656/1681/1514 1561/1665/1518 1657/1680/1521 1524/1697/1515
f 1524/1697/1515 1657/1680/1521 1562/1696/1522 1658/1714/1523
f 1657/1680/1521 1499/1664/1520 1763/1679/1524 1562/1696/1522
f 1562/1696/1522 1763/1679/1524 1438/1695/1525 1764/1713/1526
f 1658/1714/1523 1562/1696/1522 1764/1713/1526 1500/1732/1527
f 1501/1734/1517 1659/1715/1516 1563/1733/1528 1766/1751/1529
f 1659/1715/1516 1524/1697/1515 1658/1714/1523 1563/1733/1528
f 1563/1733/1528 1658/1714/1523 1500/1732/1527 1765/1750/1530
f 1766/1751/1529 1563/1733/1528 1765/1750/1530 1437/1768/1531
f 1433/1637/1445 1749/1625/1471 1564/1636/1532 1762/1649/1519
f 1749/1625/1471 1492/1613/1469 1660/1624/1533 1564/1636/1532
f 1564/1636/1532 1660/1624/1533 1525/1635/1534 1663/1648/1535
f 1762/1649/1519 1564/1636/1532 1663/1648/1535 1499/1664/1520
f 1492/1613/1469 1748/1612/1468 1565/1623/1536 1660/1624/1533
f 1748/1612/1468 1434/1622/1467 1768/1633/1537 1565/1623/1536
f 1565/1623/1536 1768/1633/1537 1502/1645/1538 1661/1634/1539
f 1660/1624/1533 1565/1623/1536 1661/1634/1539 1525/1635/1534
f 1525/1635/1534 1661/1634/1539 1566/1646/1540 1662/1647/1541
f 1661/1634/1539 1502/1645/1538 1769/1660/1542 1566/1646/1540
f 1566/1646/1540 1769/1660/1542 1439/1675/1543 1770/1661/1544
f 1662/1647/1541 1566/1646/1540 1770/1661/1544 1503/1662/1545
f 1499/1664/1520 1663/1648/1535 1567/1663/1546 1763/1679/1524
f 1663/1648/1535 1525/1635/1534 1662/1647/1541 1567/1663/1546
f 1567/1663/1546 1662/1647/1541 1503/1662/1545 1771/1678/1547
f 1763/1679/1524 1567/1663/1546 1771/1678/1547 1438/1695/1525
f 1434/1622/1467 1755/1632/1491 1568/1644/1548 1768/1633/1537
f 1755/1632/1491 1495/1643/1489 1664/1658/1549 1568/1644/1548
f 1568/1644/1548 1664/1658/1549 1526/1673/1550 1667/1659/1551
f 1768/1633/1537 1568/1644/1548 1667/1659/1551 1502/1645/1538
f 1495/1643/1489 1754/1657/1488 1569/1672/1552 1664/1658/1549
f 1754/1657/1488 1435/1671/1487 1772/1687/1553 1569/1672/1552
f 1569/1672/1552 1772/1687/1553 1504/1704/1554 1665/1688/1555
f 1664/1658/1549 1569/1672/1552 1665/1688/1555 1526/1673/1550
f 1526/1673/1550 1665/1688/1555 1570/1705/1556 1666/1689/1557
f 1665/1688/1555 1504/1704/1554 1773/1722/1558 1570/1705/1556
f 1570/1705/1556 1773/1722/1558 1440/1739/1559 1774/1723/1560
f 1666/1689/1557 1570/1705/1556 1774/1723/1560 1505/1706/1561
f 1502/1645/1538 1667/1659/1551 1571/1674/1562 1769/1660/1542
f 1667/1659/1551 1526/1673/1550 1666/1689/1557 1571/1674/1562
f 1571/1674/1562 1666/1689/1557 1505/1706/1561 1775/1690/1563
f 1769/1660/1542 1571/1674/1562 1775/1690/1563 1439/1675/1543
f 1435/1671/1487 1761/1686/1511 1572/1703/1564 1772/1687/1553
f 1761/1686/1511 1498/1702/1509 1668/1720/1565 1572/1703/1564
f 1572/1703/1564 1668/1720/1565 1527/1737/1566 1671/1721/1567
f 1772/1687/1553 1572/1703/1564 1671/1721/1567 1504/1704/1554
f 1498/1702/1509 1760/1719/1508 1573/1736/1568 1668/1720/1565
f 1760/1719/1508 1436/1735/1507 1776/1752/1569 1573/1736/1568
f 1573/1736/1568 1776/1752/1569 1506/1769/1570 1669/1753/1571
f 1668/1720/1565 1573/1736/1568 1669/1753/1571 1527/1737/1566
f 1527/1737/1566 1669/1753/1571 1574/1770/1572 1670/1754/1573
f 1669/1753/1571 1506/1769/1570 1777/1786/1574 1574/1770/1572
f 1574/1770/1572 1777/1786/1574 1441/1803/1575 1778/1787/1576
f 1670/1754/1573 1574/1770/1572 1778/1787/1576 1507/1771/1577
f 1504/1704/1554 1671/1721/1567 1575/1738/1578 1773/1722/1558
f 1671/1721/1567 1527/1737/1566 1670/1754/1573 1575/1738/1578
f 1575/1738/1578 1670/1754/1573 1507/1771/1577 1779/1755/1579
f 1773/1722/1558 1575/1738/1578 1779/1755/1579 1440/1739/1559
f 1437/1768/1531 1765/1750/1530 1576/1767/1580 1785/1785/1581
f 1765/1750/1530 1500/1732/1527 1672/1749/1582 1576/1767/1580
f 1576/1767/1580 1672/1749/1582 1528/1766/1583 1675/1784/1584
f 1785/1785/1581 1576/1767/1580 1675/1784/1584 1510/1802/1585
f 1500/1732/1527 1764/1713/1526 1577/1731/1586 1672/1749/1582
f 1764/1713/1526 1438/1695/1525 1780/1712/1587 1577/1731/1586
f 1577/1731/1586 1780/1712/1587 1508/1730/1588 1673/1748/1589
f 1672/1749/1582 1577/1731/1586 1673/1748/1589 1528/1766/1583
f 1528/1766/1583 1673/1748/1589 1578/1765/1590 1674/1783/1591
f 1673/1748/1589 1508/1730/1588 1781/1747/1592 1578/1765/1590
f 1578/1765/1590 1781/1747/1592 1443/1764/1593 1782/1782/1594
f 1674/1783/1591 1578/1765/1590 1782/1782/1594 1509/1800/1595
f 1510/1802/1585 1675/1784/1584 1579/1801/1596 1784/1817/1597
f 1675/1784/1584 1528/1766/1583 1674/1783/1591 1579/1801/1596
f 1579/1801/1596 1674/1783/1591 1509/1800/1595 1783/1816/1598
f 1784/1817/1597 1579/1801/1596 1783/1816/1598 1442/1830/1599
f 1438/1695/1525 1771/1678/1547 1580/1694/1600 1780/1712/1587
f 1771/1678/1547 1503/1662/1545 1676/1677/1601 1580/1694/1600
f 1580/1694/1600 1676/1677/1601 1529/1693/1602 1679/1711/1603
f 1780/1712/1587 1580/1694/1600 1679/1711/1603 1508/1730/1588
f 1503/1662/1545 1770/1661/1544 1581/1676/1604 1676/1677/1601
f 1770/1661/1544 1439/1675/1543 1786/1691/1605 1581/1676/1604
f 1581/1676/1604 1786/1691/1605 1511/1708/1606 1677/1692/1607
f 1676/1677/1601 1581/1676/1604 1677/1692/1607 1529/1693/1602
f 1529/1693/1602 1677/1692/1607 1582/1709/1608 1678/1710/1609
f 1677/1692/1607 1511/1708/1606 1787/1726/1610 1582/1709/1608
f 1582/1709/1608 1787/1726/1610 1444/1743/1611 1788/1727/1612
f 1678/1710/1609 1582/1709/1608 1788/1727/1612 1512/1728/1613
f 1508/1730/1588 1679/1711/1603 1583/1729/1614 1781/1747/1592
f 1679/1711/1603 1529/1693/1602 1678/1710/1609 1583/1729/1614
f 1583/1729/1614 1678/1710/1609 1512/1728/1613 1789/1746/1615
f 1781/1747/1592 1583/1729/1614 1789/1746/1615 1443/1764/1593
f 1439/1675/1543 1775/1690/1563 1584/1707/1616 1786/1691/1605
f 1775/1690/1563 1505/1706/1561 1680/1724/1617 1584/1707/1616
f 1584/1707/1616 1680/1724/1617 1530/1741/1618 1683/1725/1619
f 1786/1691/1605 1584/1707/1616 1683/1725/1619 1511/1708/1606
f 1505/1706/1561 1774/1723/1560 1585/1740/1620 1680/1724/1617
f 1774/1723/1560 1440/1739/1559 1790/1756/1621 1585/1740/1620
f 1585/1740/1620 1790/1756/1621 1513/1773/1622 1681/1757/1623
f 1680/1724/1617 1585/1740/1620 1681/1757/1623 1530/1741/1618
f 1530/1741/1618 1681/1757/1623 1586/1774/1624 1682/1758/1625
f 1681/1757/1623 1513/1773/1622 1791/1790/1626 1586/1774/1624
f 1586/1774/1624 1791/1790/1626 1445/1807/1627 1792/1791/1628
f 1682/1758/1625 1586/1774/1624 1792/1791/1628 1514/1775/1629
f 1511/1708/1606 1683/1725/1619 1587/1742/1630 1787/1726/1610
f 1683/1725/1619 1530/1741/1618 1682/1758/1625 1587/1742/1630
f 1587/1742/1630 1682/1758/1625 1514/1775/1629 1793/1759/1631
f 1787/1726/1610 1587/1742/1630 1793/1759/1631 1444/1743/1611
f 1440/1739/1559 1779/1755/1579 1588/1772/1632 1790/1756/1621
f 1779/1755/1579 1507/1771/1577 1684/1788/1633 1588/1772/1632
f 1588/1772/1632 1684/1788/1633 1531/1805/1634 1687/1789/1635
f 1790/1756/1621 1588/1772/1632 1687/1789/1635 1513/1773/1622
f 1507/1771/1577 1778/1787/1576 1589/1804/1636 1684/1788/1633
f 1778/1787/1576 1441/1803/1575 1794/1818/1637 1589/1804/1636
f 1589/1804/1636 1794/1818/1637 1515/1831/1638 1685/1819/1639
f 1684/1788/1633 1589/1804/1636 1685/1819/1639 1531/1805/1634
f 1531/1805/1634 1685/1819/1639 1590/1832/1640 1686/1820/1641
f 1685/1819/1639 1515/1831/1638 1795/1842/1642 1590/1832/1640
f 1590/1832/1640 1795/1842/1642 1446/1851/1643 1796/1843/1644
f 1686/1820/1641 1590/1832/1640 1796/1843/1644 1516/1833/1645
f 1513/1773/1622 1687/1789/1635 1591/1806/1646 1791/1790/1626
f 1687/1789/1635 1531/1805/1634 1686/1820/1641 1591/1806/1646
f 1591/1806/1646 1686/1820/1641 1516/1833/1645 1797/1821/1647
f 1791/1790/1626 1591/1806/1646 1797/1821/1647 1445/1807/1627
f 1442/1830/1599 1783/1816/1598 1592/1829/1648 1803/1841/1649
f 1783/1816/1598 1509/1800/1595 1688/1815/1650 1592/1829/1648
f 1592/1829/1648 1688/1815/1650 1532/1828/1651 1691/1840/1652
f 1803/1841/1649 1592/1829/1648 1691/1840/1652 1519/1850/1653
f 1509/1800/1595 1782/1782/1594 1593/1799/1654 1688/1815/1650
f 1782/1782/1594 1443/1764/1593 1798/1781/1655 1593/1799/1654
f 1593/1799/1654 1798/1781/1655 1517/1798/1656 1689/1814/1657
f 1688/1815/1650 1593/1799/1654 1689/1814/1657 1532/1828/1651
f 1532/1828/1651 1689/1814/1657 1594/1827/1658 1690/1839/1659
f 1689/1814/1657 1517/1798/1656 1799/1813/1660 1594/1827/1658
f 1594/1827/1658 1799/1813/1660 1448/1826/1661 1800/1838/1662
f 1690/1839/1659 1594/1827/1658 1800/1838/1662 1518/1848/1663
f 1519/1850/1653 1691/1840/1652 1595/1849/1664 1802/1857/1665
f 1691/1840/1652 1532/1828/1651 1690/1839/1659 1595/1849/1664
f 1595/1849/1664 1690/1839/1659 1518/1848/1663 1801/1856/1666
f 1802/1857/1665 1595/1849/1664 1801/1856/1666 1447/1862/1667
f 1443/1764/1593 1789/1746/1615 1596/1763/1668 1798/1781/1655
f 1789/1746/1615 1512/1728/1613 1692/1745/1669 1596/1763/1668
f 1596/1763/1668 1692/1745/1669 1533/1762/1670 1695/1780/1671
f 1798/1781/1655 1596/1763/1668 1695/1780/1671 1517/1798/1656
f 1512/1728/1613 1788/1727/1612 1597/1744/1672 1692/1745/1669
f 1788/1727/1612 1444/1743/1611 1804/1760/1673 1597/1744/1672
f 1597/1744/1672 1804/1760/1673 1462/1777/1674 1693/1761/1675
f 1692/1745/1669 1597/1744/1672 1693/1761/1675 1533/1762/1670
f 1533/1762/1670 1693/1761/1675 1598/1778/1676 1694/1779/1677
f 1693/1761/1675 1462/1777/1674 1805/1794/1678 1598/1778/1676
f 1598/1778/1676 1805/1794/1678 1449/1811/1679 1806/1795/1680
f 1694/1779/1677 1598/1778/1676 1806/1795/1680 1463/1796/1681
f 1517/1798/1656 1695/1780/1671 1599/1797/1682 1799/1813/1660
f 1695/1780/1671 1533/1762/1670 1694/1779/1677 1599/1797/1682
f 1599/1797/1682 1694/1779/1677 1463/1796/1681 1807/1812/1683
f 1799/1813/1660 1599/1797/1682 1807/1812/1683 1448/1826/1661
f 1444/1743/1611 1793/1759/1631 1600/1776/1684 1804/1760/1673
f 1793/1759/1631 1514/1775/1629 1696/1792/1685 1600/1776/1684
f 1600/1776/1684 1696/1792/1685 1534/1809/1686 1699/1793/1687
f 1804/1760/1673 1600/1776/1684 1699/1793/1687 1462/1777/1674
f 1514/1775/1629 1792/1791/1628 1601/1808/1688 1696/1792/1685
f 1792/1791/1628 1445/1807/1627 1808/1822/1689 1601/1808/1688
f 1601/1808/1688 1808/1822/1689 1464/1835/1690 1697/1823/1691
f 1696/1792/1685 1601/1808/1688 1697/1823/1691 1534/1809/1686
f 1534/1809/1686 1697/1823/1691 1602/1836/1692 1698/1824/1693
f 1697/1823/1691 1464/1835/1690 1809/1846/1694 1602/1836/1692
f 1602/1836/1692 1809/1846/1694 1450/1855/1695 1810/1847/1696
f 1698/1824/1693 1602/1836/1692 1810/1847/1696 1465/1837/1697
f 1462/1777/1674 1699/1793/1687 1603/1810/1698 1805/1794/1678
f 1699/1793/1687 1534/1809/1686 1698/1824/1693 1603/1810/1698
f 1603/1810/1698 1698/1824/1693 1465/1837/1697 1811/1825/1699
f 1805/1794/1678 1603/1810/1698 1811/1825/1699 1449/1811/1679
f 1445/1807/1627 1797/1821/1647 1604/1834/1700 1808/1822/1689
f 1797/1821/1647 1516/1833/1645 1700/1844/1701 1604/1834/1700
f 1604/1834/1700 1700/1844/1701 1535/1853/1702 1703/1845/1703
f 1808/1822/1689 1604/1834/1700 1703/1845/1703 1464/1835/1690
f 1516/1833/1645 1796/1843/1644 1605/1852/1704 1700/1844/1701
f 1796/1843/1644 1446/1851/1643 1812/1858/1705 1605/1852/1704
f 1605/1852/1704 1812/1858/1705 1466/1863/1706 1701/1859/1707
f 1700/1844/1701 1605/1852/1704 1701/1859/1707 1535/1853/1702
f 1535/1853/1702 1701/1859/1707 1606/1864/1708 1702/1860/1709
f 1701/1859/1707 1466/1863/1706 1813/1866/1710 1606/1864/1708
f 1606/1864/1708 1813/1866/1710 1451/1868/1711 1814/1867/1712
f 1702/1860/1709 1606/1864/1708 1814/1867/1712 1467/1865/1713
f 1464/1835/1690 1703/1845/1703 1607/1854/1714 1809/1846/1694
f 1703/1845/1703 1535/1853/1702 1702/1860/1709 1607/1854/1714
f 1607/1854/1714 1702/1860/1709 1467/1865/1713 1815/1861/1715
f 1809/1846/1694 1607/1854/1714 1815/1861/1715 1450/1855/1695
f 1428/480/1438 1737/481/1436 1608/482/1716 1821/483/1717
f 1737/481/1436 1486/484/1431 1704/485/1718 1608/482/1716
f 1608/482/1716 1704/485/1718 1536/492/1719 1707/486/1720
f 1821/483/1717 1608/482/1716 1707/486/1720 1470/487/1721
f 1486/484/1431 1736/490/1428 1609/491/1722 1704/485/1718
f 1736/490/1428 1427/500/1427 1816/501/1723 1609/491/1722
f 1609/491/1722 1816/501/1723 1468/511/1724 1705/502/1725
f 1704/485/1718 1609/491/1722 1705/502/1725 1536/492/1719
f 1536/492/1719 1705/502/1725 1610/512/1726 1706/503/1727
f 1705/502/1725 1468/511/1724 1817/519/1728 1610/512/1726
f 1610/512/1726 1817/519/1728 1452/526/1729 1818/520/1730
f 1706/503/1727 1610/512/1726 1818/520/1730 1469/513/1731
f 1470/487/1721 1707/486/1720 1611/493/1732 1820/494/1733
f 1707/486/1720 1536/492/1719 1706/503/1727 1611/493/1732
f 1611/493/1732 1706/503/1727 1469/513/1731 1819/504/1734
f 1820/494/1733 1611/493/1732 1819/504/1734 1453/505/1735
f 1429/517/1460 1745/508/1458 1612/509/1736 1825/518/1737
f 1745/508/1458 1490/496/1454 1708/497/1738 1612/509/1736
f 1612/509/1736 1708/497/1738 1537/507/1739 1711/516/1740
f 1825/518/1737 1612/509/1736 1711/516/1740 1472/523/1741
f 1490/496/1454 1744/488/1452 1613/489/1742 1708/497/1738
f 1744/488/1452 1428/480/1438 1821/483/1717 1613/489/1742
f 1613/489/1742 1821/483/1717 1470/487/1721 1709/495/1743
f 1708/497/1738 1613/489/1742 1709/495/1743 1537/507/1739
f 1537/507/1739 1709/495/1743 1614/506/1744 1710/515/1745
f 1709/495/1743 1470/487/1721 1820/494/1733 1614/506/1744
f 1614/506/1744 1820/494/1733 1453/505/1735 1822/514/1746
f 1710/515/1745 1614/506/1744 1822/514/1746 1471/521/1747
f 1472/523/1741 1711/516/1740 1615/522/1748 1824/528/1749
f 1711/516/1740 1537/507/1739 1710/515/1745 1615/522/1748
f 1615/522/1748 1710/515/1745 1471/521/1747 1823/527/1750
f 1824/528/1749 1615/522/1748 1823/527/1750 1454/532/1751
f 1430/540/1480 1751/535/1478 1616/536/1752 1829/541/1753
f 1751/535/1478 1493/530/1474 1712/531/1754 1616/536/1752
f 1616/536/1752 1712/531/1754 1538/534/1755 1715/539/1756
f 1829/541/1753 1616/536/1752 1715/539/1756 1474/544/1757
f 1493/530/1474 1750/524/1472 1617/525/1758 1712/531/1754
f 1750/524/1472 1429/517/1460 1825/518/1737 1617/525/1758
f 1617/525/1758 1825/518/1737 1472/523/1741 1713/529/1759
f 1712/531/1754 1617/525/1758 1713/529/1759 1538/534/1755
f 1538/534/1755 1713/529/1759 1618/533/1760 1714/538/1761
f 1713/529/1759 1472/523/1741 1824/528/1749 1618/533/1760
f 1618/533/1760 1824/528/1749 1454/532/1751 1826/537/1762
f 1714/538/1761 1618/533/1760 1826/537/1762 1473/542/1763
f 1474/544/1757 1715/539/1756 1619/543/1764 1828/548/1765
f 1715/539/1756 1538/534/1755 1714/538/1761 1619/543/1764
f 1619/543/1764 1714/538/1761 1473/542/1763 1827/547/1766
f 1828/548/1765 1619/543/1764 1827/547/1766 1455/552/1767
f 1431/563/1500 1757/557/1498 1620/558/1768 1833/564/1769
f 1757/557/1498 1496/550/1494 1716/551/1770 1620/558/1768
f 1620/558/1768 1716/551/1770 1539/554/1771 1719/561/1772
f 1833/564/1769 1620/558/1768 1719/561/1772 1476/567/1773
f 1496/550/1494 1756/545/1492 1621/546/1774 1716/551/1770
f 1756/545/1492 1430/540/1480 1829/541/1753 1621/546/1774
f 1621/546/1774 1829/541/1753 1474/544/1757 1717/549/1775
f 1716/551/1770 1621/546/1774 1717/549/1775 1539/554/1771
f 1539/554/1771 1717/549/1775 1622/553/1776 1718/560/1777
f 1717/549/1775 1474/544/1757 1828/548/1765 1622/553/1776
f 1622/553/1776 1828/548/1765 1455/552/1767 1830/559/1778
f 1718/560/1777 1622/553/1776 1830/559/1778 1475/565/1779
f 1476/567/1773 1719/561/1772 1623/566/1780 1832/570/1781
f 1719/561/1772 1539/554/1771 1718/560/1777 1623/566/1780
f 1623/566/1780 1718/560/1777 1475/565/1779 1831/569/1782
f 1832/570/1781 1623/566/1780 1831/569/1782 1456/573/1783
f 1453/1887/1735 1819/1897/1734 1624/1898/1784 1839/1888/1785
f 1819/1897/1734 1469/1907/1731 1720/1908/1786 1624/1898/1784
f 1624/1898/1784 1720/1908/1786 1540/1919/1787 1723/1909/1788
f 1839/1888/1785 1624/1898/1784 1723/1909/1788 1479/1899/1789
f 1469/1907/1731 1818/1917/1730 1625/1918/1790 1720/1908/1786
f 1818/1917/1730 1452/1927/1729 1834/1928/1791 1625/1918/1790
f 1625/1918/1790 1834/1928/1791 1477/1935/1792 1721/1929/1793
f 1720/1908/1786 1625/1918/1790 1721/1929/1793 1540/1919/1787
f 1540/1919/1787 1721/1929/1793 1626/1936/1794 1722/1930/1795
f 1721/1929/1793 1477/1935/1792 1835/1942/1796 1626/1936/1794
f 1626/1936/1794 1835/1942/1796 1457/1948/1797 1836/1943/1798
f 1722/1930/1795 1626/1936/1794 1836/1943/1798 1478/1937/1799
f 1479/1899/1789 1723/1909/1788 1627/1920/1800 1838/1910/1801
f 1723/1909/1788 1540/1919/1787 1722/1930/1795 1627/1920/1800
f 1627/1920/1800 1722/1930/1795 1478/1937/1799 1837/1931/1802
f 1838/1910/1801 1627/1920/1800 1837/1931/1802 1458/1921/1803
f 1454/1869/1751 1823/1870/1750 1628/1871/1804 1843/1872/1805
f 1823/1870/1750 1471/1873/1747 1724/1874/1806 1628/1871/1804
f 1628/1871/1804 1724/1874/1806 1541/1881/1807 1727/1875/1808
f 1843/1872/1805 1628/1871/1804 1727/1875/1808 1481/1876/1809
f 1471/1873/1747 1822/1879/1746 1629/1880/1810 1724/1874/1806
f 1822/1879/1746 1453/1887/1735 1839/1888/1785 1629/1880/1810
f 1629/1880/1810 1839/1888/1785 1479/1899/1789 1725/1889/1811
f 1724/1874/1806 1629/1880/1810 1725/1889/1811 1541/1881/1807
f 1541/1881/1807 1725/1889/1811 1630/1900/1812 1726/1890/1813
f 1725/1889/1811 1479/1899/1789 1838/1910/1801 1630/1900/1812
f 1630/1900/1812 1838/1910/1801 1458/1921/1803 1840/1911/1814
f 1726/1890/1813 1630/1900/1812 1840/1911/1814 1480/1901/1815
f 1481/1876/1809 1727/1875/1808 1631/1882/1816 1842/1883/1817
f 1727/1875/1808 1541/1881/1807 1726/1890/1813 1631/1882/1816
f 1631/1882/1816 1726/1890/1813 1480/1901/1815 1841/1891/1818
f 1842/1883/1817 1631/1882/1816 1841/1891/1818 1459/1892/1819
f 1455/1905/1767 1827/1895/1766 1632/1896/1820 1847/1906/1821
f 1827/1895/1766 1473/1885/1763 1728/1886/1822 1632/1896/1820
f 1632/1896/1820 1728/1886/1822 1542/1894/1823 1731/1904/1824
f 1847/1906/1821 1632/1896/1820 1731/1904/1824 1483/1914/1825
f 1473/1885/1763 1826/1877/1762 1633/1878/1826 1728/1886/1822
f 1826/1877/1762 1454/1869/1751 1843/1872/1805 1633/1878/1826
f 1633/1878/1826 1843/1872/1805 1481/1876/1809 1729/1884/1827
f 1728/1886/1822 1633/1878/1826 1729/1884/1827 1542/1894/1823
f 1542/1894/1823 1729/1884/1827 1634/1893/1828 1730/1903/1829
f 1729/1884/1827 1481/1876/1809 1842/1883/1817 1634/1893/1828
f 1634/1893/1828 1842/1883/1817 1459/1892/1819 1844/1902/1830
f 1730/1903/1829 1634/1893/1828 1844/1902/1830 1482/1912/1831
f 1483/1914/1825 1731/1904/1824 1635/1913/1832 1846/1923/1833
f 1731/1904/1824 1542/1894/1823 1730/1903/1829 1635/1913/1832
f 1635/1913/1832 1730/1903/1829 1482/1912/1831 1845/1922/1834
f 1846/1923/1833 1635/1913/1832 1845/1922/1834 1460/1932/1835
f 1456/573/1783 1831/569/1782 1636/572/1836 1851/574/1837
f 1831/569/1782 1475/565/1779 1732/571/1838 1636/572/1836
f 1636/1940/1836 1732/1926/1838 1543/1934/1839 1735/1941/1840
f 1851/1946/1837 1636/1940/1836 1735/1941/1840 1485/1947/1841
f 1475/1925/1779 1830/1915/1778 1637/1916/1842 1732/1926/1838
f 1830/1915/1778 1455/1905/1767 1847/1906/1821 1637/1916/1842
f 1637/1916/1842 1847/1906/1821 1483/1914/1825 1733/1924/1843
f 1732/1926/1838 1637/1916/1842 1733/1924/1843 1543/1934/1839
f 1543/1934/1839 1733/1924/1843 1638/1933/1844 1734/1939/1845
f 1733/1924/1843 1483/1914/1825 1846/1923/1833 1638/1933/1844
f 1638/1933/1844 1846/1923/1833 1460/1932/1835 1848/1938/1846
f 1734/1939/1845 1638/1933/1844 1848/1938/1846 1484/1944/1847
f 1485/1947/1841 1735/1941/1840 1639/1945/1848 1850/1950/1849
f 1735/1941/1840 1543/1934/1839 1734/1939/1845 1639/1945/1848
f 1639/1945/1848 1734/1939/1845 1484/1944/1847 1849/1949/1850
f 1850/1950/1849 1639/1945/1848 1849/1949/1850 1461/1951/1851
