# This file uses centimeters as units for non-parametric coordinates.

g default
v -3.601138 -0.393660 0.321428
v -3.532416 -0.404205 0.458100
v -3.319013 -0.371187 0.391554
v -3.201794 -0.311445 0.347673
v -3.731455 -0.160349 0.433805
v -3.648996 -0.080330 0.573123
v -3.333802 -0.055670 0.556103
v -3.146385 -0.048205 0.447019
v -3.857632 0.337412 0.518287
v -3.772981 0.342059 0.638925
v -3.423733 0.312388 0.646183
v -3.256263 0.348038 0.462221
v -3.890836 0.700878 0.417230
v -3.852195 0.786037 0.457097
v -3.696946 0.837209 0.486723
v -3.581999 0.704192 0.428189
v -3.762039 0.680062 0.123826
v -3.707952 0.693348 0.130580
v -3.565041 0.741108 0.148651
v -3.477968 0.702332 0.158423
v -3.706528 0.642591 -0.290875
v -3.650183 0.646203 -0.284027
v -3.509469 0.703379 -0.266048
v -3.422859 0.666589 -0.256296
v -3.751807 0.610478 -0.618656
v -3.672738 0.694964 -0.676513
v -3.493912 0.698747 -0.606138
v -3.447181 0.626717 -0.544410
v -3.694441 0.278080 -0.753944
v -3.584525 0.292345 -0.821055
v -3.280915 0.317005 -0.689183
v -3.142697 0.305328 -0.519836
v -3.601904 -0.193350 -0.625716
v -3.488451 -0.113272 -0.732325
v -3.194805 -0.069880 -0.635913
v -3.040455 -0.066934 -0.481663
v -3.484409 -0.434786 -0.471464
v -3.408120 -0.408640 -0.596708
v -3.204424 -0.355582 -0.479316
v -3.123518 -0.320556 -0.420423
v -3.449676 -0.522697 -0.243319
v -3.306311 -0.569410 -0.236209
v -3.142770 -0.511301 -0.209204
v -3.073484 -0.398391 -0.205055
v -3.501361 -0.509940 0.097097
v -3.346406 -0.575357 0.120964
v -3.186631 -0.524878 0.140443
v -3.113362 -0.400606 0.153545
v -2.949944 -0.125650 -0.230824
v -3.001829 -0.119867 0.217708
v -3.048042 0.306827 -0.260742
v -3.110113 0.331460 0.238916
v -3.685948 -0.258325 -0.316908
v -3.737244 -0.250389 0.121899
v -3.783582 0.174499 -0.351680
v -3.846258 0.201727 0.147951
v -3.400100 -0.384629 0.444472
v -3.526664 -0.048330 0.574867
v -3.635703 0.366977 0.656733
v -3.772895 0.797387 0.488755
v -3.623755 0.709467 0.134406
v -3.567760 0.663638 -0.267188
v -3.599735 0.707107 -0.670187
v -3.451084 0.296048 -0.786996
v -3.377738 -0.077439 -0.700165
v -3.276397 -0.377560 -0.546896
v -3.236298 -0.550891 -0.218719
v -3.270417 -0.554401 0.137601
v -3.890616 0.873524 0.396765
v -3.845490 0.873605 0.464563
v -3.633410 0.773359 0.141010
v -3.699990 0.786641 0.133240
v -3.577461 0.734013 -0.273672
v -3.643809 0.746300 -0.281434
v -3.660594 0.756862 -0.674699
v -3.747372 0.763564 -0.615589
v -3.824927 0.930796 0.447976
v -3.789959 0.901756 0.477241
v -3.582947 0.808498 0.147726
v -3.632557 0.863842 0.142765
v -3.526838 0.768464 -0.266951
v -3.575934 0.821615 -0.271891
v -3.605985 0.788052 -0.649575
v -3.656466 0.813782 -0.618873
v -3.688156 0.977290 0.498695
v -3.676027 0.891260 0.484800
v -3.483152 0.709561 0.157932
v -3.426157 0.821577 0.166835
v -3.427981 0.673542 -0.256785
v -3.370265 0.782471 -0.247852
v -3.490398 0.785674 -0.627662
v -3.491399 0.861262 -0.636591
v -3.445943 0.690605 0.483198
v -3.459861 0.616262 0.490966
v -3.263206 0.514135 0.180836
v -3.202117 0.600852 0.189771
v -3.209932 0.486244 -0.233962
v -3.148319 0.570716 -0.225004
v -3.321951 0.541929 -0.578362
v -3.308506 0.612197 -0.564959
v -3.243574 0.476616 0.408726
v -3.284953 0.420095 0.410793
v -3.031954 0.274032 0.204285
v -3.019805 0.303800 0.206291
v -2.980932 0.255792 -0.210606
v -2.968588 0.284714 -0.208593
v -3.170591 0.372338 -0.504964
v -3.130541 0.422029 -0.480839
v -3.016905 0.322192 -0.089851
v -3.047948 0.375499 -0.133957
v -3.088292 0.435804 -0.121812
v -3.119406 0.476373 -0.059116
v -3.127595 0.481927 0.024762
v -3.108826 0.449003 0.090581
v -3.070953 0.389029 0.107582
v -3.031726 0.330190 0.067812
v -3.010282 0.303373 -0.010157
v -2.987076 0.342006 -0.087092
v -3.018123 0.395334 -0.131198
v -3.058466 0.455627 -0.119053
v -3.089573 0.496167 -0.056356
v -3.097766 0.501731 0.027520
v -3.079009 0.468859 0.093339
v -3.041141 0.408912 0.110340
v -3.001905 0.350041 0.070570
v -2.980451 0.323184 -0.007398
v -3.068577 0.393681 -0.013773
v -3.038745 0.413482 -0.011014
v -3.700822 1.176636 -0.789879
v -3.798455 1.409024 -0.897767
v -3.977786 1.607326 -0.970483
v -4.223164 1.793408 -0.986397
v -4.472965 1.982441 -0.959721
v -4.723352 2.118925 -0.876365
v -4.976179 2.267524 -0.730217
v -5.226194 2.380040 -0.487524
v -5.447005 2.482527 -0.188266
v -5.604508 2.495700 0.113031
v -5.691988 2.469694 0.341849
v -5.726506 2.457921 0.527826
v -5.727458 2.382605 0.691026
v -5.687200 2.235574 0.871458
v -5.573226 2.072376 0.987292
v -5.369048 1.866256 1.036769
v -5.150543 1.698245 1.107656
v -4.868083 1.520606 1.117749
v -4.556212 1.348534 1.014792
v -4.262021 1.193984 0.883653
v -4.033940 1.083155 0.739377
v -3.803314 0.978273 0.609845
v -3.626688 0.878924 0.398173
v -3.550237 0.809873 0.108911
v -3.545144 0.773367 -0.196202
v -3.559581 0.782431 -0.484487
v -3.592286 0.928614 -0.696957
v -3.602958 1.143837 -0.847962
v -3.734184 1.409435 -0.955970
v -3.925033 1.630379 -1.029015
v -4.183572 1.829342 -1.045615
v -4.450747 2.023703 -1.019635
v -4.716508 2.165445 -0.932428
v -4.983613 2.320755 -0.778866
v -5.246312 2.441339 -0.524971
v -5.478620 2.548039 -0.213442
v -5.639563 2.558796 0.102786
v -5.732810 2.523887 0.343865
v -5.779939 2.501631 0.541305
v -5.778421 2.425709 0.716087
v -5.739377 2.260199 0.906828
v -5.618515 2.080568 1.032287
v -5.401866 1.853900 1.088442
v -5.167507 1.661254 1.164472
v -4.863898 1.459183 1.165316
v -4.550176 1.296552 1.051982
v -4.248169 1.147052 0.929990
v -3.999782 1.029830 0.790962
v -3.751602 0.921304 0.657422
v -3.582505 0.825709 0.431852
v -3.476802 0.755750 0.129717
v -3.460144 0.717903 -0.194039
v -3.463690 0.730723 -0.504917
v -3.479402 0.882551 -0.743240
v -3.678077 1.065667 -0.955923
v -3.799187 1.326426 -1.075859
v -3.985348 1.545443 -1.153823
v -4.243941 1.738197 -1.169053
v -4.519056 1.920912 -1.134905
v -4.789087 2.063705 -1.029793
v -5.063275 2.223713 -0.852811
v -5.342978 2.340190 -0.577300
v -5.593084 2.447515 -0.250384
v -5.769688 2.459410 0.074291
v -5.874750 2.428170 0.314136
v -5.926601 2.411272 0.508994
v -5.925381 2.339391 0.679383
v -5.881482 2.176835 0.842346
v -5.754945 1.998034 0.934206
v -5.549322 1.779329 0.988870
v -5.296745 1.570271 1.050369
v -4.999135 1.368282 1.031552
v -4.690267 1.203215 0.921024
v -4.397476 1.055746 0.806383
v -4.156139 0.949630 0.661418
v -3.886529 0.844282 0.530168
v -3.683427 0.747305 0.341434
v -3.606100 0.670487 0.043939
v -3.572003 0.638857 -0.277158
v -3.562989 0.678588 -0.584311
v -3.554673 0.828678 -0.824608
v -3.779393 1.094886 -0.899937
v -3.865565 1.322148 -1.019214
v -4.040395 1.518093 -1.096002
v -4.286403 1.697342 -1.110291
v -4.543934 1.874805 -1.075278
v -4.798299 2.011837 -0.974609
v -5.057082 2.165867 -0.805343
v -5.323571 2.274525 -0.541589
v -5.562467 2.377128 -0.227266
v -5.735518 2.392690 0.081878
v -5.835486 2.370285 0.310517
v -5.874880 2.363435 0.493570
v -5.876608 2.292484 0.650880
v -5.831747 2.146977 0.801230
v -5.711938 1.986421 0.885730
v -5.520234 1.787278 0.936952
v -5.283421 1.601838 0.993809
v -5.006325 1.419711 0.985747
v -4.699688 1.245727 0.883020
v -4.415749 1.094988 0.758478
v -4.200732 0.997964 0.607946
v -3.950021 0.896416 0.476111
v -3.762666 0.795897 0.303584
v -3.689947 0.720083 0.018482
v -3.663338 0.689500 -0.283918
v -3.660763 0.725350 -0.572097
v -3.678066 0.856472 -0.795306
v -5.827301 2.090258 0.897877
v -5.661195 1.896938 0.957415
v -5.425185 1.660851 1.042592
v -5.145537 1.458540 1.038190
v -4.842140 1.288555 0.971940
v -4.541340 1.123254 0.872596
v -4.274738 0.995685 0.727715
v -4.023276 0.900286 0.601723
v -3.762105 0.794306 0.458380
v -3.634686 0.705746 0.196801
v -3.586874 0.647476 -0.115669
v -3.566976 0.648204 -0.435848
v -3.546041 0.737242 -0.719933
v -3.604002 0.942372 -0.896694
v -3.819486 1.212686 -0.960365
v -3.940977 1.423908 -1.063291
v -4.158490 1.607479 -1.110442
v -4.415277 1.789921 -1.099286
v -4.671203 1.944354 -1.033293
v -4.926443 2.090520 -0.900506
v -5.191659 2.223340 -0.683485
v -5.446210 2.331012 -0.386318
v -5.664934 2.397198 -0.070755
v -5.798903 2.378814 0.204704
v -5.859115 2.365607 0.407263
v -5.880113 2.342338 0.572801
v -5.864262 2.224138 0.729776
v -5.780137 2.069082 0.850841
v -5.625040 1.894016 0.909537
v -5.403105 1.681192 0.985249
v -5.143344 1.503325 0.985971
v -4.852395 1.332371 0.938996
v -4.553487 1.162511 0.831418
v -4.304691 1.039611 0.676650
v -4.079539 0.951687 0.545929
v -3.835768 0.844022 0.411020
v -3.715882 0.754773 0.164496
v -3.674782 0.697935 -0.132457
v -3.661883 0.697680 -0.431517
v -3.658779 0.775933 -0.699184
v -3.724128 0.970325 -0.851751
v -3.746364 1.297350 -0.844334
v -3.668533 1.279274 -0.905451
v -3.877034 1.511822 -0.938971
v -3.819797 1.525060 -0.997649
v -4.096400 1.699284 -0.985021
v -4.049545 1.729705 -1.044010
v -4.348368 1.892281 -0.978553
v -4.317351 1.931343 -1.038430
v -4.597906 2.053137 -0.925367
v -4.583625 2.096873 -0.983903
v -4.849470 2.194365 -0.813583
v -4.849916 2.244011 -0.866408
v -5.103405 2.326470 -0.619462
v -5.117366 2.383862 -0.662828
v -5.339592 2.437076 -0.340611
v -5.365593 2.501188 -0.371973
v -5.539567 2.501344 -0.036126
v -5.572742 2.566519 -0.053877
v -5.660312 2.479655 0.235363
v -5.696335 2.538016 0.232294
v -5.712729 2.462933 0.439765
v -5.759923 2.512141 0.447096
v -5.729848 2.434309 0.609307
v -5.782544 2.477879 0.629236
v -5.718252 2.312247 0.780874
v -5.770442 2.346995 0.810951
v -5.640589 2.158869 0.939191
v -5.689838 2.175865 0.981350
v -5.478421 1.973577 1.012583
v -5.517756 1.972551 1.059102
v -5.260911 1.768234 1.088480
v -5.286657 1.743788 1.146070
v -5.009675 1.603697 1.111954
v -5.015295 1.550995 1.164863
v -4.711263 1.434371 1.073043
v -4.704046 1.380800 1.106044
v -4.406794 1.264883 0.958435
v -4.398452 1.216717 0.998149
v -4.142235 1.130660 0.808343
v -4.119896 1.080657 0.857154
v -3.920069 1.033354 0.680106
v -3.873680 0.977886 0.733826
v -3.699090 0.924703 0.520417
v -3.661204 0.870604 0.559091
v -3.571486 0.844095 0.256662
v -3.501434 0.790573 0.284528
v -3.544904 0.787321 -0.043512
v -3.466154 0.732245 -0.031409
v -3.551535 0.766296 -0.344754
v -3.462913 0.712233 -0.353361
v -3.565810 0.837480 -0.607308
v -3.461060 0.788525 -0.640470
v -3.641803 1.048353 -0.747943
v -3.530467 1.006618 -0.803673
v -3.738597 1.198178 -1.019959
v -3.881758 1.441139 -1.120814
v -4.108993 1.642563 -1.168890
v -4.381441 1.833856 -1.158854
v -4.654346 1.993231 -1.091274
v -4.925055 2.145225 -0.952291
v -5.204772 2.285095 -0.725395
v -5.471318 2.399816 -0.415781
v -5.696993 2.466825 -0.086019
v -5.833639 2.440683 0.203669
v -5.904602 2.418818 0.416140
v -5.930789 2.389604 0.595436
v -5.913703 2.263874 0.764798
vt 0.774072 0.967340
vt 0.764693 0.978497
vt 0.734103 0.957558
vt 0.750619 0.951138
vt 0.765429 0.991170
vt 0.726348 0.967422
vt 0.537573 0.946268
vt 0.547063 0.936683
vt 0.574157 0.944451
vt 0.571636 0.965194
vt 0.706317 0.921750
vt 0.718253 0.913137
vt 0.694353 0.928636
vt 0.612373 0.951933
vt 0.610390 0.975465
vt 0.696264 0.878134
vt 0.706385 0.880663
vt 0.688932 0.875749
vt 0.655728 0.962901
vt 0.667452 0.974458
vt 0.682864 0.754357
vt 0.676355 0.751858
vt 0.696437 0.720807
vt 0.698082 0.723538
vt 0.730020 0.853365
vt 0.726713 0.845439
vt 0.661155 0.933478
vt 0.670423 0.936221
vt 0.736178 0.706279
vt 0.736305 0.709416
vt 0.769335 0.832118
vt 0.765673 0.824503
vt 0.665174 0.888886
vt 0.674543 0.889242
vt 0.772546 0.717183
vt 0.767867 0.722006
vt 0.807909 0.825514
vt 0.809455 0.819436
vt 0.665083 0.858133
vt 0.674498 0.852928
vt 0.805240 0.836608
vt 0.842053 0.853535
vt 0.831018 0.859302
vt 0.854404 0.848371
vt 0.621617 0.856483
vt 0.629816 0.837943
vt 0.856584 0.893749
vt 0.842593 0.904039
vt 0.868352 0.892032
vt 0.583944 0.855166
vt 0.587464 0.835168
vt 0.857021 0.927598
vt 0.843793 0.933521
vt 0.868292 0.934833
vt 0.556951 0.854481
vt 0.552721 0.844696
vt 0.841001 0.965795
vt 0.831406 0.954301
vt 0.845169 0.971871
vt 0.547036 0.876879
vt 0.534247 0.874809
vt 0.807450 0.985264
vt 0.800876 0.969422
vt 0.809069 0.992886
vt 0.541764 0.913074
vt 0.527968 0.911877
vt 0.574352 0.878207
vt 0.569825 0.919278
vt 0.615345 0.881124
vt 0.611707 0.927508
vt 0.817036 0.922368
vt 0.780094 0.941558
vt 0.798298 0.883850
vt 0.754106 0.903886
vt 0.773502 0.843127
vt 0.732633 0.858765
vt 0.570109 0.984722
vt 0.533804 0.955907
vt 0.622241 0.993573
vt 0.671259 0.981512
vt 0.677447 0.936525
vt 0.681571 0.889797
vt 0.684301 0.844527
vt 0.637120 0.820304
vt 0.589914 0.816331
vt 0.550588 0.834402
vt 0.524704 0.871383
vt 0.519641 0.913668
vt 0.703933 0.847742
vt 0.692092 0.842460
vt 0.689102 0.833080
vt 0.697196 0.834268
vt 0.539918 0.729734
vt 0.578692 0.726607
vt 0.580696 0.737230
vt 0.538257 0.737955
vt 0.734534 0.828027
vt 0.729066 0.816917
vt 0.616539 0.712201
vt 0.620590 0.722814
vt 0.775283 0.811267
vt 0.769258 0.800222
vt 0.649093 0.692060
vt 0.652612 0.697038
vt 0.812229 0.789742
vt 0.810451 0.803041
vt 0.802862 0.791331
vt 0.807465 0.784646
vt 0.687327 0.825281
vt 0.692563 0.827208
vt 0.582206 0.743190
vt 0.540754 0.743545
vt 0.724627 0.807098
vt 0.622648 0.728615
vt 0.764283 0.790859
vt 0.653020 0.703306
vt 0.799562 0.783923
vt 0.802263 0.779052
vt 0.684490 0.812196
vt 0.690309 0.815091
vt 0.588598 0.755565
vt 0.547155 0.752337
vt 0.717721 0.786030
vt 0.627781 0.741330
vt 0.755527 0.770388
vt 0.654987 0.713693
vt 0.793538 0.772800
vt 0.796738 0.767748
vt 0.675651 0.780846
vt 0.682207 0.784146
vt 0.601009 0.781998
vt 0.564615 0.780249
vt 0.708108 0.756375
vt 0.639029 0.767780
vt 0.746038 0.741364
vt 0.663886 0.742904
vt 0.782831 0.744408
vt 0.786603 0.738331
vt 0.614625 0.811839
vt 0.583108 0.798629
vt 0.652037 0.797149
vt 0.667931 0.765473
vt 0.938541 0.937235
vt 0.933470 0.937269
vt 0.933010 0.868798
vt 0.938082 0.868764
vt 0.928397 0.937303
vt 0.927938 0.868832
vt 0.923326 0.937337
vt 0.922866 0.868866
vt 0.918254 0.937371
vt 0.917794 0.868900
vt 0.913182 0.937405
vt 0.912722 0.868934
vt 0.908110 0.937439
vt 0.907650 0.868968
vt 0.903038 0.937473
vt 0.902578 0.869002
vt 0.897966 0.937507
vt 0.897506 0.869036
vt 0.892894 0.937541
vt 0.892434 0.869071
vt 0.911144 0.994047
vt 0.894177 0.984403
vt 0.915909 0.965918
vt 0.930340 0.990529
vt 0.942784 0.975496
vt 0.942653 0.955980
vt 0.930008 0.941115
vt 0.910767 0.937855
vt 0.893931 0.947726
vt 0.887380 0.966109
vt 0.893088 0.822196
vt 0.909924 0.812325
vt 0.915066 0.840388
vt 0.929165 0.815584
vt 0.941810 0.830450
vt 0.941941 0.849965
vt 0.929497 0.864999
vt 0.910301 0.868517
vt 0.893335 0.858873
vt 0.886537 0.840579
vt 0.995808 0.974791
vt 0.995822 0.984262
vt 0.991939 0.984605
vt 0.991917 0.975134
vt 0.995835 0.993733
vt 0.991960 0.994076
vt 0.995782 0.955849
vt 0.995795 0.965320
vt 0.991896 0.965663
vt 0.991874 0.956192
vt 0.995755 0.936907
vt 0.995768 0.946378
vt 0.991853 0.946721
vt 0.991831 0.937250
vt 0.995728 0.917964
vt 0.995742 0.927436
vt 0.991810 0.927779
vt 0.991788 0.918308
vt 0.995702 0.899022
vt 0.995715 0.908493
vt 0.991767 0.908837
vt 0.991745 0.899366
vt 0.995675 0.880080
vt 0.995688 0.889551
vt 0.991724 0.889895
vt 0.991702 0.880424
vt 0.995648 0.861138
vt 0.995662 0.870609
vt 0.991681 0.870953
vt 0.991659 0.861482
vt 0.995622 0.842196
vt 0.995635 0.851667
vt 0.991637 0.852011
vt 0.991616 0.842540
vt 0.995595 0.823254
vt 0.995609 0.832725
vt 0.991595 0.833068
vt 0.991573 0.823597
vt 0.995569 0.804312
vt 0.995582 0.813783
vt 0.991552 0.814126
vt 0.991530 0.804655
vt 0.995542 0.785370
vt 0.995555 0.794841
vt 0.991508 0.795184
vt 0.991487 0.785713
vt 0.995515 0.766428
vt 0.995529 0.775899
vt 0.991465 0.776242
vt 0.991444 0.766771
vt 0.995489 0.747486
vt 0.995502 0.756957
vt 0.991422 0.757300
vt 0.991401 0.747829
vt 0.995462 0.728544
vt 0.995476 0.738015
vt 0.991379 0.738358
vt 0.991358 0.728887
vt 0.995436 0.709602
vt 0.995449 0.719073
vt 0.991336 0.719416
vt 0.991315 0.709945
vt 0.995409 0.690660
vt 0.995422 0.700131
vt 0.991293 0.700474
vt 0.991272 0.691003
vt 0.995382 0.671717
vt 0.995396 0.681188
vt 0.991250 0.681532
vt 0.991229 0.672061
vt 0.995356 0.652775
vt 0.995369 0.662246
vt 0.991207 0.662590
vt 0.991186 0.653119
vt 0.995329 0.633833
vt 0.995342 0.643304
vt 0.991164 0.643648
vt 0.991143 0.634177
vt 0.995303 0.614891
vt 0.995316 0.624362
vt 0.991121 0.624706
vt 0.991100 0.615235
vt 0.995276 0.595949
vt 0.995289 0.605420
vt 0.991078 0.605763
vt 0.991057 0.596293
vt 0.995249 0.577007
vt 0.995263 0.586478
vt 0.991035 0.586821
vt 0.991014 0.577350
vt 0.995223 0.558065
vt 0.995236 0.567536
vt 0.990992 0.567879
vt 0.990970 0.558408
vt 0.995196 0.539123
vt 0.995210 0.548594
vt 0.990949 0.548937
vt 0.990927 0.539466
vt 0.995170 0.520181
vt 0.995183 0.529652
vt 0.990906 0.529995
vt 0.990884 0.520524
vt 0.995143 0.501239
vt 0.995156 0.510710
vt 0.990863 0.511053
vt 0.990841 0.501582
vt 0.990798 0.482640
vt 0.995116 0.482297
vt 0.995130 0.491768
vt 0.990820 0.492111
vt 0.957333 0.985292
vt 0.957312 0.975821
vt 0.957355 0.994763
vt 0.957290 0.966350
vt 0.957269 0.956879
vt 0.957247 0.947408
vt 0.957225 0.937937
vt 0.957204 0.928466
vt 0.957183 0.918995
vt 0.957161 0.909524
vt 0.957139 0.900053
vt 0.957118 0.890582
vt 0.957096 0.881111
vt 0.957075 0.871640
vt 0.957053 0.862168
vt 0.957032 0.852697
vt 0.957010 0.843226
vt 0.956989 0.833755
vt 0.956967 0.824284
vt 0.956946 0.814813
vt 0.956924 0.805342
vt 0.956903 0.795871
vt 0.956881 0.786400
vt 0.956860 0.776929
vt 0.956838 0.767458
vt 0.956816 0.757987
vt 0.956795 0.748516
vt 0.956774 0.739045
vt 0.956752 0.729574
vt 0.956730 0.720103
vt 0.956709 0.710632
vt 0.956687 0.701161
vt 0.956666 0.691690
vt 0.956645 0.682219
vt 0.956623 0.672748
vt 0.956601 0.663277
vt 0.956580 0.653806
vt 0.956558 0.644335
vt 0.956537 0.634864
vt 0.956515 0.625393
vt 0.956494 0.615922
vt 0.956472 0.606450
vt 0.956451 0.596979
vt 0.956429 0.587509
vt 0.956408 0.578037
vt 0.956386 0.568566
vt 0.956365 0.559095
vt 0.956343 0.549624
vt 0.956322 0.540153
vt 0.956300 0.530682
vt 0.956279 0.521211
vt 0.956257 0.511740
vt 0.956236 0.502269
vt 0.956193 0.483327
vt 0.956214 0.492798
vt 0.953023 0.985636
vt 0.953010 0.976165
vt 0.953037 0.995107
vt 0.952997 0.966693
vt 0.952984 0.957222
vt 0.952970 0.947751
vt 0.952957 0.938280
vt 0.952944 0.928809
vt 0.952930 0.919338
vt 0.952917 0.909867
vt 0.952904 0.900396
vt 0.952890 0.890925
vt 0.952877 0.881454
vt 0.952864 0.871983
vt 0.952850 0.862512
vt 0.952837 0.853041
vt 0.952824 0.843570
vt 0.952811 0.834099
vt 0.952797 0.824628
vt 0.952784 0.815157
vt 0.952771 0.805686
vt 0.952757 0.796215
vt 0.952744 0.786744
vt 0.952731 0.777273
vt 0.952717 0.767801
vt 0.952704 0.758331
vt 0.952691 0.748860
vt 0.952677 0.739388
vt 0.952664 0.729918
vt 0.952651 0.720446
vt 0.952638 0.710975
vt 0.952624 0.701504
vt 0.952611 0.692033
vt 0.952598 0.682562
vt 0.952584 0.673091
vt 0.952571 0.663620
vt 0.952558 0.654149
vt 0.952544 0.644678
vt 0.952531 0.635207
vt 0.952518 0.625736
vt 0.952505 0.616265
vt 0.952491 0.606794
vt 0.952478 0.597323
vt 0.952465 0.587852
vt 0.952451 0.578381
vt 0.952438 0.568910
vt 0.952425 0.559439
vt 0.952411 0.549968
vt 0.952398 0.540497
vt 0.952385 0.531026
vt 0.952371 0.521555
vt 0.952358 0.512084
vt 0.952345 0.502612
vt 0.952318 0.483670
vt 0.952332 0.493142
vn -0.693004 -0.686605 0.219814
vn -0.283006 -0.666100 0.690086
vn -0.440152 -0.338525 0.831665
vn -0.901977 -0.361275 0.236470
vn 0.204814 -0.548804 0.810473
vn 0.067709 -0.246689 0.966726
vn 0.419666 -0.502517 0.755882
vn 0.630776 -0.427804 0.647383
vn 0.754042 -0.027304 0.656258
vn 0.411440 -0.171648 0.895128
vn -0.515531 -0.064778 0.854419
vn -0.983945 -0.111437 0.139407
vn -0.028272 0.103941 0.994182
vn 0.732612 0.439039 0.520119
vn 0.414057 0.171421 0.893964
vn -0.227958 0.337091 0.913458
vn -0.995648 0.071505 -0.059775
vn -0.162893 0.640479 0.750502
vn 0.662442 0.637478 0.393436
vn 0.227674 0.732589 0.641466
vn 0.404252 -0.176868 0.897384
vn 0.411615 -0.187009 0.891965
vn 0.749094 -0.375877 0.545504
vn 0.709989 -0.366969 0.601041
vn 0.906287 0.374664 0.195629
vn -0.302517 0.922784 -0.238647
vn 0.667030 0.733669 0.129621
vn 0.176984 0.980500 -0.085422
vn 0.880729 -0.364048 -0.302962
vn 0.878973 -0.363132 -0.309100
vn 0.916858 0.397635 0.035463
vn -0.271522 0.961722 -0.036974
vn 0.677730 0.734253 -0.039420
vn 0.128540 0.990543 -0.047987
vn 0.620854 -0.104328 -0.776953
vn 0.647149 -0.139866 -0.749424
vn -0.006692 0.365153 -0.930924
vn 0.183351 0.708330 -0.681654
vn 0.707981 0.661412 -0.247583
vn 0.434148 0.718560 -0.543311
vn -0.976059 0.101229 -0.192513
vn -0.214912 -0.014711 -0.976523
vn -0.906520 -0.102625 -0.409499
vn 0.365460 0.125653 -0.922307
vn 0.813881 0.434576 -0.385669
vn 0.619067 0.240198 -0.747704
vn -0.143257 -0.339406 -0.929667
vn -0.821677 -0.376116 -0.428233
vn 0.388492 -0.191485 -0.901336
vn 0.877293 -0.012206 -0.479801
vn 0.609093 -0.114107 -0.784848
vn -0.042025 -0.656160 -0.753451
vn -0.594778 -0.724185 -0.348991
vn 0.433540 -0.547370 -0.715841
vn 0.767573 -0.426907 -0.478102
vn 0.579210 -0.508594 -0.637062
vn -0.018470 -0.972356 -0.232773
vn -0.607541 -0.781444 -0.142261
vn 0.382642 -0.891313 -0.243198
vn 0.891414 -0.448817 -0.062804
vn 0.681544 -0.715548 -0.153260
vn -0.134564 -0.972329 0.190969
vn -0.637453 -0.770427 0.009787
vn 0.291842 -0.900985 0.321020
vn 0.850965 -0.451372 0.268555
vn 0.636831 -0.715658 0.286845
vn 0.999081 -0.014487 -0.040342
vn 0.964902 -0.012553 0.262311
vn 0.872180 0.487281 -0.043122
vn 0.845990 0.492136 0.205191
vn -0.898490 -0.403893 -0.172007
vn -0.915930 -0.400182 -0.030433
vn -0.984587 -0.078766 -0.156157
vn -0.993468 -0.074675 -0.086284
vn -0.979999 0.181051 -0.082596
vn -0.963482 0.169689 -0.207140
vn -0.752682 0.204723 0.625747
vn -0.787863 0.113607 0.605281
vn 0.647769 -0.684872 0.333686
vn 0.609368 -0.593532 0.525728
vn -0.705803 0.452894 -0.544729
vn -0.774857 0.528550 -0.346745
vn 0.711812 -0.701998 0.022855
vn -0.821520 0.570178 -0.001091
vn 0.786380 -0.596052 -0.162264
vn -0.549699 0.209583 -0.808644
vn -0.492033 0.349148 -0.797496
vn -0.854589 0.476995 0.205312
vn -0.319491 0.112439 0.940895
vn -0.465181 0.245700 0.850434
vn -0.312193 -0.940899 0.131319
vn -0.051605 -0.946594 0.318273
vn -0.133457 0.912186 -0.387435
vn -0.102994 0.964466 -0.243306
vn -0.278861 -0.959597 -0.037561
vn -0.151739 0.988421 -0.000281
vn 0.083221 -0.986846 -0.138597
vn -0.200157 0.543389 -0.815270
vn -0.099179 0.357895 -0.928480
vn -0.262041 0.955202 0.137562
vn -0.063284 -0.024766 0.997688
vn -0.128909 -0.001465 0.991655
vn -0.680805 -0.729433 -0.066578
vn -0.612770 -0.789547 -0.033591
vn 0.390453 0.920331 -0.023189
vn 0.560088 0.823407 0.091119
vn -0.676610 -0.736217 -0.013560
vn 0.558937 0.827185 -0.057917
vn -0.610511 -0.791688 -0.022523
vn 0.150971 0.107294 -0.982698
vn 0.249518 0.048868 -0.967136
vn 0.396621 0.916978 -0.042940
vn 0.225069 -0.057074 0.972670
vn 0.082671 -0.046506 0.995491
vn -0.703070 -0.700614 -0.121791
vn -0.722305 -0.669190 -0.174529
vn 0.707841 0.622621 0.333623
vn 0.767374 0.613236 0.187294
vn -0.711363 -0.702538 0.020077
vn 0.790416 0.609733 -0.058897
vn -0.744675 -0.664200 0.065557
vn 0.381602 0.020914 -0.924090
vn 0.441531 0.043137 -0.896209
vn 0.767849 0.606239 -0.207080
vn -0.716379 -0.689865 -0.104345
vn -0.713452 -0.622347 -0.321978
vn 0.743808 0.511041 0.430798
vn 0.833790 0.531339 0.149910
vn -0.720715 -0.693213 0.005122
vn 0.842190 0.539038 -0.012413
vn -0.734369 -0.657213 0.169626
vn 0.797515 0.544034 -0.260764
vn -0.347542 -0.851839 -0.391899
vn -0.548021 -0.528193 -0.648602
vn 0.770736 0.332798 -0.543333
vn 0.956493 -0.003385 -0.291737
vn -0.800407 -0.136834 -0.583631
vn 0.502090 0.717185 -0.483272
vn -0.956002 0.075580 -0.283459
vn 0.334723 0.921531 -0.196827
vn -0.992946 0.085583 0.082063
vn 0.307757 0.939004 0.153482
vn -0.882064 -0.130874 0.452588
vn 0.438628 0.730635 0.523239
vn -0.631358 -0.523554 0.572082
vn 0.690090 0.328669 0.644789
vn -0.406779 -0.827683 0.386616
vn 0.887578 0.004083 0.460640
vn -0.293152 -0.955910 0.017273
vn 0.986825 -0.124897 0.102845
vn -0.838521 -0.542667 -0.048937
vn 0.838506 0.542696 0.048874
vn -0.417365 0.155851 0.895275
vn -0.393106 0.274431 0.877585
vn 0.917425 0.357017 -0.175700
vn 0.870727 0.435607 -0.228212
vn -0.337792 0.249695 0.907496
vn 0.915927 0.384239 -0.115922
vn -0.325367 -0.157820 0.932325
vn -0.398041 -0.018819 0.917175
vn 0.774547 0.571928 -0.270140
vn 0.667982 0.683843 -0.293528
vn -0.183212 -0.298659 0.936609
vn -0.242291 -0.257777 0.935332
vn 0.587162 0.751091 -0.301833
vn 0.553321 0.768596 -0.321084
vn 0.019212 -0.326752 0.944915
vn -0.103423 -0.306751 0.946154
vn 0.506032 0.780086 -0.367966
vn 0.396899 0.818676 -0.415019
vn 0.220077 -0.365760 0.904315
vn 0.136741 -0.358915 0.923300
vn 0.288371 0.852901 -0.435203
vn 0.251022 0.856441 -0.451106
vn 0.470990 -0.345895 0.811495
vn 0.329286 -0.349393 0.877209
vn 0.204352 0.861104 -0.465553
vn 0.091371 0.889709 -0.447291
vn 0.635534 -0.372389 0.676330
vn 0.574690 -0.360000 0.734937
vn -0.006749 0.910909 -0.412553
vn -0.051299 0.914344 -0.401675
vn 0.725408 -0.389373 0.567602
vn 0.681477 -0.371961 0.630265
vn -0.080349 0.923095 -0.376085
vn -0.142628 0.943967 -0.297629
vn 0.803199 -0.492969 0.334444
vn 0.779393 -0.442154 0.443900
vn -0.210446 0.964665 -0.158539
vn -0.230508 0.972837 -0.021323
vn 0.802961 -0.565382 0.188673
vn 0.792900 -0.546565 0.269400
vn -0.250494 0.967955 0.017761
vn -0.243226 0.969803 0.017991
vn 0.852174 -0.522807 0.021737
vn 0.809812 -0.567657 0.148225
vn -0.244780 0.969325 0.022198
vn -0.266073 0.955383 0.128253
vn 0.853187 -0.387592 -0.349062
vn 0.870421 -0.449156 -0.201560
vn -0.244246 0.889268 0.386712
vn -0.223332 0.780319 0.584144
vn 0.827308 -0.040964 -0.560253
vn 0.846230 -0.268231 -0.460377
vn -0.260612 0.680746 0.684592
vn -0.306264 0.538496 0.784999
vn 0.676756 0.387396 -0.626040
vn 0.764762 0.203550 -0.611316
vn -0.335876 0.295429 0.894376
vn -0.311977 0.045412 0.949004
vn 0.627207 0.397625 -0.669706
vn 0.617112 0.444077 -0.649591
vn -0.283478 -0.027534 0.958584
vn -0.315570 0.057973 0.947130
vn 0.474884 0.690479 -0.545641
vn 0.563568 0.573577 -0.594476
vn -0.294762 -0.077702 0.952407
vn -0.208746 -0.248461 0.945882
vn 0.372078 0.812092 -0.449517
vn 0.463581 0.721116 -0.514863
vn -0.201024 -0.323535 0.924616
vn -0.065994 -0.484835 0.872112
vn 0.277509 0.822773 -0.496018
vn 0.302626 0.829614 -0.469210
vn 0.009591 -0.546582 0.837351
vn 0.000232 -0.539285 0.842123
vn 0.187514 0.890484 -0.414579
vn 0.233874 0.856009 -0.461034
vn 0.062901 -0.559621 0.826358
vn 0.140626 -0.590301 0.794839
vn 0.174708 0.917322 -0.357767
vn 0.172502 0.912763 -0.370279
vn 0.165271 -0.625843 0.762238
vn 0.153293 -0.613292 0.774838
vn 0.222015 0.912210 -0.344358
vn 0.203772 0.914233 -0.350221
vn 0.168616 -0.606663 0.776871
vn 0.262795 -0.608841 0.748500
vn 0.088633 0.960890 -0.262362
vn 0.201515 0.926870 -0.316707
vn 0.454834 -0.583877 0.672469
vn 0.651073 -0.536249 0.537160
vn -0.028499 0.978238 -0.205522
vn 0.025576 0.973473 -0.227368
vn 0.778782 -0.501351 0.377023
vn 0.857018 -0.471250 0.208431
vn -0.096978 0.993065 -0.066462
vn -0.080255 0.988093 -0.131271
vn 0.918324 -0.381221 0.106541
vn 0.959136 -0.281666 0.026880
vn -0.120995 0.961401 0.247119
vn -0.098126 0.994317 0.041283
vn 0.979088 -0.201463 -0.028254
vn 0.990168 -0.139863 -0.002484
vn -0.236096 0.504175 0.830702
vn -0.167809 0.826328 0.537608
vn 0.999856 -0.015458 0.007006
vn 0.975936 0.207660 -0.066525
vn -0.265945 0.258987 0.928546
vn 0.923971 0.368821 -0.101232
vn 0.433388 -0.177763 -0.883502
vn 0.498938 -0.045825 -0.865426
vn 0.339202 -0.218025 -0.915100
vn 0.462606 0.089698 -0.882015
vn 0.375265 0.207981 -0.903283
vn 0.276395 0.283942 -0.918141
vn 0.203432 0.312066 -0.928025
vn 0.130863 0.334229 -0.933362
vn 0.012874 0.368039 -0.929721
vn -0.128702 0.382508 -0.914944
vn -0.234698 0.368103 -0.899676
vn -0.322966 0.365843 -0.872841
vn -0.444762 0.373192 -0.814195
vn -0.561820 0.363637 -0.743052
vn -0.634104 0.357968 -0.685399
vn -0.670267 0.380915 -0.636903
vn -0.710394 0.425037 -0.560967
vn -0.771522 0.479800 -0.417787
vn -0.794458 0.522500 -0.309564
vn -0.798272 0.545668 -0.254968
vn -0.797317 0.576187 -0.179706
vn -0.795265 0.592483 -0.128525
vn -0.798589 0.601869 0.003025
vn -0.800326 0.549929 0.238866
vn -0.796225 0.452226 0.401891
vn -0.797414 0.337519 0.500212
vn -0.785502 0.164187 0.596682
vn -0.740090 -0.080853 0.667629
vn -0.660021 -0.303808 0.687076
vn -0.612196 -0.412824 0.674383
vn -0.633643 -0.414937 0.652934
vn -0.600756 -0.451267 0.659887
vn -0.492726 -0.649526 0.579083
vn -0.459449 -0.703995 0.541569
vn -0.351369 -0.780199 0.517522
vn -0.273511 -0.840504 0.467701
vn -0.278153 -0.820314 0.499716
vn -0.231084 -0.836630 0.496640
vn -0.185860 -0.866960 0.462425
vn -0.179962 -0.898246 0.400959
vn -0.183660 -0.917448 0.352928
vn -0.196113 -0.914216 0.354610
vn -0.171788 -0.922484 0.345706
vn -0.074757 -0.930223 0.359299
vn 0.007434 -0.950805 0.309700
vn 0.047685 -0.966025 0.254012
vn 0.087071 -0.979671 0.180733
vn 0.118492 -0.987841 0.100646
vn 0.130429 -0.991427 0.007802
vn 0.115665 -0.986350 -0.117201
vn 0.133225 -0.947327 -0.291243
vn 0.250937 -0.810340 -0.529509
vn 0.334591 -0.523621 -0.783499
vn 0.336067 -0.261872 -0.904700
vn -0.938257 -0.328758 0.107667
vn -0.881260 -0.447166 0.153049
vn -0.926117 -0.357306 0.120995
vn -0.766703 -0.603582 0.218760
vn -0.658651 -0.714773 0.235112
vn -0.586929 -0.768365 0.255203
vn -0.559144 -0.778469 0.285208
vn -0.522859 -0.787928 0.325251
vn -0.433284 -0.825735 0.361147
vn -0.337596 -0.859513 0.383753
vn -0.306491 -0.862465 0.402762
vn -0.278275 -0.868688 0.409809
vn -0.172870 -0.906878 0.384302
vn -0.056484 -0.934620 0.351135
vn -0.003523 -0.938224 0.346012
vn 0.035222 -0.942166 0.333291
vn 0.084303 -0.965130 0.247826
vn 0.128800 -0.986766 0.098509
vn 0.192963 -0.981163 0.009167
vn 0.184590 -0.981741 -0.045939
vn 0.200151 -0.979182 -0.033799
vn 0.205393 -0.978380 -0.024198
vn 0.203196 -0.970140 -0.132436
vn 0.203781 -0.893376 -0.400440
vn 0.201000 -0.781579 -0.590536
vn 0.212740 -0.696503 -0.685293
vn 0.255222 -0.569710 -0.781212
vn 0.292363 -0.348451 -0.890565
vn 0.286951 -0.110579 -0.951542
vn 0.257225 0.010948 -0.966290
vn 0.267982 -0.042580 -0.962483
vn 0.244523 -0.059979 -0.967787
vn 0.165325 0.194222 -0.966926
vn 0.163880 0.277500 -0.946645
vn 0.114624 0.401904 -0.908479
vn 0.016528 0.529690 -0.848030
vn 0.003366 0.548058 -0.836433
vn -0.058676 0.556156 -0.829004
vn -0.153758 0.603610 -0.782313
vn -0.203841 0.620002 -0.757658
vn -0.187125 0.608659 -0.771050
vn -0.165277 0.578708 -0.798612
vn -0.211001 0.563813 -0.798494
vn -0.405457 0.560871 -0.721823
vn -0.698117 0.525288 -0.486524
vn -0.823331 0.474955 -0.310716
vn -0.908612 0.381093 -0.170857
vn -0.958737 0.268492 -0.093467
vn -0.988781 0.141898 -0.046660
vn -0.999535 0.026753 -0.014606
vn -0.994930 -0.096935 -0.026798
vn -0.953445 -0.295006 -0.062561
vn -0.906089 -0.416308 -0.075437
vn -0.904929 -0.421837 0.056188
s 1
g polySurface33
f 1/1/1 2/2/2 6/3/3 5/4/4
f 6/3/3 2/2/2 57/5/5 58/6/6
f 3/7/7 4/8/8 8/9/9 7/10/10
f 5/4/4 6/3/3 10/11/11 9/12/12
f 10/11/11 6/3/3 58/6/6 59/13/13
f 7/10/10 8/9/9 12/14/14 11/15/15
f 9/12/12 10/11/11 14/16/16 13/17/17
f 14/16/16 10/11/11 59/13/13 60/18/18
f 11/15/15 12/14/14 16/19/19 15/20/20
f 101/21/21 102/22/22 103/23/23 104/24/24
f 18/25/25 14/16/16 60/18/18 61/26/26
f 15/20/20 16/19/19 20/27/27 19/28/28
f 104/24/24 103/23/23 105/29/29 106/30/30
f 22/31/31 18/25/25 61/26/26 62/32/32
f 19/28/28 20/27/27 24/33/33 23/34/34
f 106/30/30 105/29/29 107/35/35 108/36/36
f 26/37/37 22/31/31 62/32/32 63/38/38
f 23/34/34 24/33/33 28/39/39 27/40/40
f 25/41/41 26/37/37 30/42/42 29/43/43
f 30/42/42 26/37/37 63/38/38 64/44/44
f 27/40/40 28/39/39 32/45/45 31/46/46
f 29/43/43 30/42/42 34/47/47 33/48/48
f 34/47/47 30/42/42 64/44/44 65/49/49
f 31/46/46 32/45/45 36/50/50 35/51/51
f 33/48/48 34/47/47 38/52/52 37/53/53
f 38/52/52 34/47/47 65/49/49 66/54/54
f 35/51/51 36/50/50 40/55/55 39/56/56
f 37/53/53 38/52/52 42/57/57 41/58/58
f 42/57/57 38/52/52 66/54/54 67/59/59
f 39/56/56 40/55/55 44/60/60 43/61/61
f 41/58/58 42/57/57 46/62/62 45/63/63
f 46/62/62 42/57/57 67/59/59 68/64/64
f 43/61/61 44/60/60 48/65/65 47/66/66
f 45/63/63 46/62/62 2/2/2 1/1/1
f 2/2/2 46/62/62 68/64/64 57/5/5
f 47/66/66 48/65/65 4/8/8 3/7/7
f 44/60/60 40/55/55 36/50/50 49/67/67
f 48/65/65 44/60/60 49/67/67 50/68/68
f 4/8/8 48/65/65 50/68/68 8/9/9
f 49/67/67 36/50/50 32/45/45 51/69/69
f 50/68/68 49/67/67 51/69/69 52/70/70
f 8/9/9 50/68/68 52/70/70 12/14/14
f 51/69/69 32/45/45 28/39/39 24/33/33
f 52/70/70 51/69/69 24/33/33 20/27/27
f 12/14/14 52/70/70 20/27/27 16/19/19
f 37/53/53 41/58/58 53/71/71 33/48/48
f 41/58/58 45/63/63 54/72/72 53/71/71
f 45/63/63 1/1/1 5/4/4 54/72/72
f 33/48/48 53/71/71 55/73/73 29/43/43
f 53/71/71 54/72/72 56/74/74 55/73/73
f 54/72/72 5/4/4 9/12/12 56/74/74
f 29/43/43 55/73/73 21/75/75 25/41/41
f 55/73/73 56/74/74 17/76/76 21/75/75
f 56/74/74 9/12/12 13/17/17 17/76/76
f 58/77/6 57/78/5 3/7/7 7/10/10
f 59/79/13 58/77/6 7/10/10 11/15/15
f 60/80/18 59/79/13 11/15/15 15/20/20
f 61/81/26 60/80/18 15/20/20 19/28/28
f 62/82/32 61/81/26 19/28/28 23/34/34
f 63/83/38 62/82/32 23/34/34 27/40/40
f 64/84/44 63/83/38 27/40/40 31/46/46
f 65/85/49 64/84/44 31/46/46 35/51/51
f 66/86/54 65/85/49 35/51/51 39/56/56
f 67/87/59 66/86/54 39/56/56 43/61/61
f 68/88/64 67/87/59 43/61/61 47/66/66
f 57/78/5 68/88/64 47/66/66 3/7/7
f 13/89/17 14/90/16 70/91/77 69/92/78
f 14/93/16 18/94/25 71/95/79 70/96/80
f 17/97/76 13/89/17 69/92/81 72/98/82
f 18/94/25 22/99/31 73/100/83 71/95/79
f 21/101/75 17/97/76 72/98/82 74/102/84
f 22/99/31 26/103/37 75/104/85 73/100/83
f 26/105/37 25/106/41 76/107/86 75/108/87
f 25/106/41 21/101/75 74/102/84 76/107/88
f 69/92/78 70/91/77 78/109/89 77/110/90
f 70/96/80 71/95/79 79/111/91 78/112/92
f 72/98/82 69/92/81 77/110/93 80/113/94
f 71/95/79 73/100/83 81/114/95 79/111/91
f 74/102/84 72/98/82 80/113/94 82/115/96
f 73/100/83 75/104/85 83/116/97 81/114/95
f 75/108/87 76/107/86 84/117/98 83/118/99
f 76/107/88 74/102/84 82/115/96 84/117/100
f 77/110/90 78/109/89 86/119/101 85/120/102
f 78/112/92 79/111/91 87/121/103 86/122/104
f 80/113/94 77/110/93 85/120/105 88/123/106
f 79/111/91 81/114/95 89/124/107 87/121/103
f 82/115/96 80/113/94 88/123/106 90/125/108
f 81/114/95 83/116/97 91/126/109 89/124/107
f 83/118/99 84/117/98 92/127/110 91/128/111
f 84/117/100 82/115/96 90/125/108 92/127/112
f 85/120/102 86/119/101 94/129/113 93/130/114
f 86/122/104 87/121/103 95/131/115 94/132/116
f 88/123/106 85/120/105 93/130/117 96/133/118
f 87/121/103 89/124/107 97/134/119 95/131/115
f 90/125/108 88/123/106 96/133/118 98/135/120
f 89/124/107 91/126/109 99/136/121 97/134/119
f 91/128/111 92/127/110 100/137/122 99/138/123
f 92/127/112 90/125/108 98/135/120 100/137/124
f 93/130/114 94/129/113 102/22/22 101/21/21
f 94/132/116 95/131/115 103/139/125 102/140/126
f 96/133/118 93/130/117 101/21/127 104/24/128
f 95/131/115 97/134/119 105/141/129 103/139/125
f 98/135/120 96/133/118 104/24/128 106/30/130
f 97/134/119 99/136/121 107/142/131 105/141/129
f 99/138/123 100/137/122 108/36/36 107/35/35
f 100/137/124 98/135/120 106/30/130 108/36/132
s 5
f 109/143/133 110/144/134 119/145/135 118/146/136
f 110/144/134 111/147/137 120/148/138 119/145/135
f 111/147/137 112/149/139 121/150/140 120/148/138
f 112/149/139 113/151/141 122/152/142 121/150/140
f 113/151/141 114/153/143 123/154/144 122/152/142
f 114/153/143 115/155/145 124/156/146 123/154/144
f 115/155/145 116/157/147 125/158/148 124/156/146
f 116/157/147 117/159/149 126/160/150 125/158/148
f 117/159/149 109/161/133 118/162/136 126/160/150
f 110/163/134 109/164/133 127/165/151
f 111/166/137 110/163/134 127/165/151
f 112/167/139 111/166/137 127/165/151
f 113/168/141 112/167/139 127/165/151
f 114/169/143 113/168/141 127/165/151
f 115/170/145 114/169/143 127/165/151
f 116/171/147 115/170/145 127/165/151
f 117/172/149 116/171/147 127/165/151
f 109/164/133 117/172/149 127/165/151
f 118/173/136 119/174/135 128/175/152
f 119/174/135 120/176/138 128/175/152
f 120/176/138 121/177/140 128/175/152
f 121/177/140 122/178/142 128/175/152
f 122/178/142 123/179/144 128/175/152
f 123/179/144 124/180/146 128/175/152
f 124/180/146 125/181/148 128/175/152
f 125/181/148 126/182/150 128/175/152
f 126/182/150 118/173/136 128/175/152
s 6
f 130/183/153 278/184/154 279/185/155 157/186/156
f 278/184/154 129/187/157 156/188/158 279/185/155
f 131/189/159 280/190/160 281/191/161 158/192/162
f 280/190/160 130/183/153 157/186/156 281/191/161
f 132/193/163 282/194/164 283/195/165 159/196/166
f 282/194/164 131/189/159 158/192/162 283/195/165
f 133/197/167 284/198/168 285/199/169 160/200/170
f 284/198/168 132/193/163 159/196/166 285/199/169
f 134/201/171 286/202/172 287/203/173 161/204/174
f 286/202/172 133/197/167 160/200/170 287/203/173
f 135/205/175 288/206/176 289/207/177 162/208/178
f 288/206/176 134/201/171 161/204/174 289/207/177
f 136/209/179 290/210/180 291/211/181 163/212/182
f 290/210/180 135/205/175 162/208/178 291/211/181
f 137/213/183 292/214/184 293/215/185 164/216/186
f 292/214/184 136/209/179 163/212/182 293/215/185
f 138/217/187 294/218/188 295/219/189 165/220/190
f 294/218/188 137/213/183 164/216/186 295/219/189
f 139/221/191 296/222/192 297/223/193 166/224/194
f 296/222/192 138/217/187 165/220/190 297/223/193
f 140/225/195 298/226/196 299/227/197 167/228/198
f 298/226/196 139/221/191 166/224/194 299/227/197
f 141/229/199 300/230/200 301/231/201 168/232/202
f 300/230/200 140/225/195 167/228/198 301/231/201
f 142/233/203 302/234/204 303/235/205 169/236/206
f 302/234/204 141/229/199 168/232/202 303/235/205
f 143/237/207 304/238/208 305/239/209 170/240/210
f 304/238/208 142/233/203 169/236/206 305/239/209
f 144/241/211 306/242/212 307/243/213 171/244/214
f 306/242/212 143/237/207 170/240/210 307/243/213
f 145/245/215 308/246/216 309/247/217 172/248/218
f 308/246/216 144/241/211 171/244/214 309/247/217
f 146/249/219 310/250/220 311/251/221 173/252/222
f 310/250/220 145/245/215 172/248/218 311/251/221
f 147/253/223 312/254/224 313/255/225 174/256/226
f 312/254/224 146/249/219 173/252/222 313/255/225
f 148/257/227 314/258/228 315/259/229 175/260/230
f 314/258/228 147/253/223 174/256/226 315/259/229
f 149/261/231 316/262/232 317/263/233 176/264/234
f 316/262/232 148/257/227 175/260/230 317/263/233
f 150/265/235 318/266/236 319/267/237 177/268/238
f 318/266/236 149/261/231 176/264/234 319/267/237
f 151/269/239 320/270/240 321/271/241 178/272/242
f 320/270/240 150/265/235 177/268/238 321/271/241
f 152/273/243 322/274/244 323/275/245 179/276/246
f 322/274/244 151/269/239 178/272/242 323/275/245
f 153/277/247 324/278/248 325/279/249 180/280/250
f 324/278/248 152/273/243 179/276/246 325/279/249
f 154/281/251 326/282/252 327/283/253 181/284/254
f 326/282/252 153/277/247 180/280/250 327/283/253
f 155/285/255 328/286/256 329/287/257 182/288/258
f 328/286/256 154/281/251 181/284/254 329/287/257
f 156/289/158 129/290/157 330/291/259 331/292/260
f 330/291/259 155/285/255 182/288/258 331/292/260
f 157/186/156 279/185/155 332/293/261 184/294/262
f 279/185/155 156/188/158 183/295/263 332/293/261
f 158/192/162 281/191/161 333/296/264 185/297/265
f 281/191/161 157/186/156 184/294/262 333/296/264
f 159/196/166 283/195/165 334/298/266 186/299/267
f 283/195/165 158/192/162 185/297/265 334/298/266
f 160/200/170 285/199/169 335/300/268 187/301/269
f 285/199/169 159/196/166 186/299/267 335/300/268
f 161/204/174 287/203/173 336/302/270 188/303/271
f 287/203/173 160/200/170 187/301/269 336/302/270
f 162/208/178 289/207/177 337/304/272 189/305/273
f 289/207/177 161/204/174 188/303/271 337/304/272
f 163/212/182 291/211/181 338/306/274 190/307/275
f 291/211/181 162/208/178 189/305/273 338/306/274
f 164/216/186 293/215/185 339/308/276 191/309/277
f 293/215/185 163/212/182 190/307/275 339/308/276
f 165/220/190 295/219/189 340/310/278 192/311/279
f 295/219/189 164/216/186 191/309/277 340/310/278
f 166/224/194 297/223/193 341/312/280 193/313/281
f 297/223/193 165/220/190 192/311/279 341/312/280
f 167/228/198 299/227/197 342/314/282 194/315/283
f 299/227/197 166/224/194 193/313/281 342/314/282
f 168/232/202 301/231/201 343/316/284 195/317/285
f 301/231/201 167/228/198 194/315/283 343/316/284
f 169/236/206 303/235/205 344/318/286 196/319/287
f 303/235/205 168/232/202 195/317/285 344/318/286
f 170/240/210 305/239/209 237/320/288 197/321/289
f 305/239/209 169/236/206 196/319/287 237/320/288
f 171/244/214 307/243/213 238/322/290 198/323/291
f 307/243/213 170/240/210 197/321/289 238/322/290
f 172/248/218 309/247/217 239/324/292 199/325/293
f 309/247/217 171/244/214 198/323/291 239/324/292
f 173/252/222 311/251/221 240/326/294 200/327/295
f 311/251/221 172/248/218 199/325/293 240/326/294
f 174/256/226 313/255/225 241/328/296 201/329/297
f 313/255/225 173/252/222 200/327/295 241/328/296
f 175/260/230 315/259/229 242/330/298 202/331/299
f 315/259/229 174/256/226 201/329/297 242/330/298
f 176/264/234 317/263/233 243/332/300 203/333/301
f 317/263/233 175/260/230 202/331/299 243/332/300
f 177/268/238 319/267/237 244/334/302 204/335/303
f 319/267/237 176/264/234 203/333/301 244/334/302
f 178/272/242 321/271/241 245/336/304 205/337/305
f 321/271/241 177/268/238 204/335/303 245/336/304
f 179/276/246 323/275/245 246/338/306 206/339/307
f 323/275/245 178/272/242 205/337/305 246/338/306
f 180/280/250 325/279/249 247/340/308 207/341/309
f 325/279/249 179/276/246 206/339/307 247/340/308
f 181/284/254 327/283/253 248/342/310 208/343/311
f 327/283/253 180/280/250 207/341/309 248/342/310
f 182/288/258 329/287/257 249/344/312 209/345/313
f 329/287/257 181/284/254 208/343/311 249/344/312
f 183/346/263 156/289/158 331/292/260 250/347/314
f 331/292/260 182/288/258 209/345/313 250/347/314
f 184/294/262 332/293/261 251/348/315 211/349/316
f 332/293/261 183/295/263 210/350/317 251/348/315
f 185/297/265 333/296/264 252/351/318 212/352/319
f 333/296/264 184/294/262 211/349/316 252/351/318
f 186/299/267 334/298/266 253/353/320 213/354/321
f 334/298/266 185/297/265 212/352/319 253/353/320
f 187/301/269 335/300/268 254/355/322 214/356/323
f 335/300/268 186/299/267 213/354/321 254/355/322
f 188/303/271 336/302/270 255/357/324 215/358/325
f 336/302/270 187/301/269 214/356/323 255/357/324
f 189/305/273 337/304/272 256/359/326 216/360/327
f 337/304/272 188/303/271 215/358/325 256/359/326
f 190/307/275 338/306/274 257/361/328 217/362/329
f 338/306/274 189/305/273 216/360/327 257/361/328
f 191/309/277 339/308/276 258/363/330 218/364/331
f 339/308/276 190/307/275 217/362/329 258/363/330
f 192/311/279 340/310/278 259/365/332 219/366/333
f 340/310/278 191/309/277 218/364/331 259/365/332
f 193/313/281 341/312/280 260/367/334 220/368/335
f 341/312/280 192/311/279 219/366/333 260/367/334
f 194/315/283 342/314/282 261/369/336 221/370/337
f 342/314/282 193/313/281 220/368/335 261/369/336
f 195/317/285 343/316/284 262/371/338 222/372/339
f 343/316/284 194/315/283 221/370/337 262/371/338
f 196/319/287 344/318/286 263/373/340 223/374/341
f 344/318/286 195/317/285 222/372/339 263/373/340
f 197/321/289 237/320/288 264/375/342 224/376/343
f 237/320/288 196/319/287 223/374/341 264/375/342
f 198/323/291 238/322/290 265/377/344 225/378/345
f 238/322/290 197/321/289 224/376/343 265/377/344
f 199/325/293 239/324/292 266/379/346 226/380/347
f 239/324/292 198/323/291 225/378/345 266/379/346
f 200/327/295 240/326/294 267/381/348 227/382/349
f 240/326/294 199/325/293 226/380/347 267/381/348
f 201/329/297 241/328/296 268/383/350 228/384/351
f 241/328/296 200/327/295 227/382/349 268/383/350
f 202/331/299 242/330/298 269/385/352 229/386/353
f 242/330/298 201/329/297 228/384/351 269/385/352
f 203/333/301 243/332/300 270/387/354 230/388/355
f 243/332/300 202/331/299 229/386/353 270/387/354
f 204/335/303 244/334/302 271/389/356 231/390/357
f 244/334/302 203/333/301 230/388/355 271/389/356
f 205/337/305 245/336/304 272/391/358 232/392/359
f 245/336/304 204/335/303 231/390/357 272/391/358
f 206/339/307 246/338/306 273/393/360 233/394/361
f 246/338/306 205/337/305 232/392/359 273/393/360
f 207/341/309 247/340/308 274/395/362 234/396/363
f 247/340/308 206/339/307 233/394/361 274/395/362
f 208/343/311 248/342/310 275/397/364 235/398/365
f 248/342/310 207/341/309 234/396/363 275/397/364
f 209/345/313 249/344/312 276/399/366 236/400/367
f 249/344/312 208/343/311 235/398/365 276/399/366
f 210/401/317 183/346/263 250/347/314 277/402/368
f 250/347/314 209/345/313 236/400/367 277/402/368
f 130/183/153 280/190/160 252/351/318 211/349/316
f 280/190/160 131/189/159 212/352/319 252/351/318
f 212/352/319 131/189/159 282/194/164 253/353/320
f 282/194/164 132/193/163 213/354/321 253/353/320
f 213/354/321 132/193/163 284/198/168 254/355/322
f 284/198/168 133/197/167 214/356/323 254/355/322
f 214/356/323 133/197/167 286/202/172 255/357/324
f 286/202/172 134/201/171 215/358/325 255/357/324
f 215/358/325 134/201/171 288/206/176 256/359/326
f 288/206/176 135/205/175 216/360/327 256/359/326
f 216/360/327 135/205/175 290/210/180 257/361/328
f 290/210/180 136/209/179 217/362/329 257/361/328
f 217/362/329 136/209/179 292/214/184 258/363/330
f 292/214/184 137/213/183 218/364/331 258/363/330
f 218/364/331 137/213/183 294/218/188 259/365/332
f 294/218/188 138/217/187 219/366/333 259/365/332
f 219/366/333 138/217/187 296/222/192 260/367/334
f 296/222/192 139/221/191 220/368/335 260/367/334
f 220/368/335 139/221/191 298/226/196 261/369/336
f 298/226/196 140/225/195 221/370/337 261/369/336
f 221/370/337 140/225/195 300/230/200 262/371/338
f 300/230/200 141/229/199 222/372/339 262/371/338
f 222/372/339 141/229/199 302/234/204 263/373/340
f 302/234/204 142/233/203 223/374/341 263/373/340
f 223/374/341 142/233/203 304/238/208 264/375/342
f 304/238/208 143/237/207 224/376/343 264/375/342
f 224/376/343 143/237/207 306/242/212 265/377/344
f 306/242/212 144/241/211 225/378/345 265/377/344
f 225/378/345 144/241/211 308/246/216 266/379/346
f 308/246/216 145/245/215 226/380/347 266/379/346
f 226/380/347 145/245/215 310/250/220 267/381/348
f 310/250/220 146/249/219 227/382/349 267/381/348
f 227/382/349 146/249/219 312/254/224 268/383/350
f 312/254/224 147/253/223 228/384/351 268/383/350
f 228/384/351 147/253/223 314/258/228 269/385/352
f 314/258/228 148/257/227 229/386/353 269/385/352
f 229/386/353 148/257/227 316/262/232 270/387/354
f 316/262/232 149/261/231 230/388/355 270/387/354
f 230/388/355 149/261/231 318/266/236 271/389/356
f 318/266/236 150/265/235 231/390/357 271/389/356
f 231/390/357 150/265/235 320/270/240 272/391/358
f 320/270/240 151/269/239 232/392/359 272/391/358
f 232/392/359 151/269/239 322/274/244 273/393/360
f 322/274/244 152/273/243 233/394/361 273/393/360
f 233/394/361 152/273/243 324/278/248 274/395/362
f 324/278/248 153/277/247 234/396/363 274/395/362
f 234/396/363 153/277/247 326/282/252 275/397/364
f 326/282/252 154/281/251 235/398/365 275/397/364
f 235/398/365 154/281/251 328/286/256 276/399/366
f 328/286/256 155/285/255 236/400/367 276/399/366
f 236/400/367 155/285/255 330/291/259 277/402/368
f 330/291/259 129/290/157 210/401/317 277/402/368
f 210/350/317 129/187/157 278/184/154 251/348/315
f 278/184/154 130/183/153 211/349/316 251/348/315
g default
v -4.650447 2.664337 2.764200
v -4.650447 2.671372 2.547835
v -4.811551 2.733325 2.757277
v -4.650447 2.638628 2.981135
v -4.857833 2.771745 2.510517
v -4.773005 2.678848 2.983469
v -4.650447 2.672862 2.386932
v -4.922177 2.753322 2.236239
v -5.006923 2.816300 2.135482
v -4.918913 2.838629 2.497825
v -4.861840 2.785916 2.749619
v -4.804345 2.710379 2.982686
v -4.756253 2.653848 3.176745
v -4.736304 2.619674 3.239609
v -4.650447 2.584607 3.291498
v -8.385550 0.025886 0.667956
v -8.450214 0.033353 0.706615
v -8.396496 0.041665 0.625501
v -8.462270 0.051064 0.647576
v -8.276789 0.133356 0.670437
v -8.327063 0.182017 0.716385
v -8.346815 0.207469 0.629365
v -8.293665 0.156732 0.594963
v -8.126390 0.275679 0.656143
v -8.183201 0.332900 0.706724
v -8.204700 0.359324 0.614079
v -8.144754 0.299869 0.575743
v -8.413717 0.020226 0.696523
v -8.397525 0.016176 0.644768
v -8.427644 0.042309 0.628547
v -8.464865 0.038299 0.672672
v -7.927075 0.399924 0.694694
v -8.050325 0.327549 0.644661
v -8.147881 0.293477 0.694232
v -8.107513 0.393615 0.692318
v -8.069602 0.352120 0.560838
v -8.128099 0.280505 0.616343
v -8.046692 0.395537 0.556808
v -8.126698 0.418481 0.604982
v -8.172114 0.326538 0.577411
v -8.203770 0.356955 0.659858
v -8.296619 0.149013 0.706522
v -8.341835 0.058216 0.671264
v -8.384176 0.101794 0.708618
v -8.345428 0.203836 0.671469
v -8.399389 0.124589 0.635623
v -8.318868 0.180986 0.596269
v -8.357141 0.080716 0.601778
v -8.278864 0.139216 0.633813
v -8.197210 0.199488 0.660869
v -8.254622 0.256011 0.706353
v -8.272261 0.280170 0.624472
v -8.214941 0.223353 0.582505
v -8.436130 0.012661 0.656946
v -8.075832 0.356083 0.687269
v -8.050609 0.328262 0.601501
v -8.101282 0.389652 0.565887
v -8.126414 0.417767 0.648142
v -8.363632 0.073664 0.706846
v -8.398106 0.118247 0.669034
v -8.383786 0.104472 0.604574
v -8.341590 0.062370 0.636819
v -8.223087 0.223368 0.701482
v -8.272788 0.278219 0.664541
v -8.246476 0.255995 0.587375
v -8.196684 0.201438 0.620803
v -8.108813 0.287663 0.653489
v -8.145208 0.364479 0.697213
v -8.135738 0.306138 0.573953
v -8.172064 0.382776 0.612978
v -8.120246 0.317489 0.691562
v -8.116353 0.283454 0.613083
v -8.155364 0.341463 0.574683
v -8.164749 0.387628 0.653949
v -8.137977 0.263210 0.656916
v -8.212285 0.303230 0.703930
v -8.237389 0.319586 0.621436
v -8.163483 0.279452 0.577549
v -8.165501 0.277051 0.695930
v -8.237151 0.318872 0.662126
v -8.200106 0.299984 0.581159
v -8.138103 0.263869 0.615789
v -8.286122 0.122575 0.670557
v -8.345766 0.159062 0.711611
v -8.368185 0.173766 0.634619
v -8.309635 0.137608 0.596678
v -8.308532 0.135617 0.706578
v -8.366541 0.173107 0.671339
v -8.339651 0.156491 0.598928
v -8.287931 0.123331 0.633121
v -8.261507 0.146057 0.668598
v -8.292458 0.218595 0.709433
v -8.317083 0.235029 0.629940
v -8.286312 0.162954 0.593798
v -8.271141 0.174777 0.704776
v -8.309970 0.240147 0.668088
v -8.303568 0.196838 0.594392
v -8.269114 0.142289 0.631254
v -7.864219 0.378553 0.661002
v -7.973731 0.328659 0.550366
v -8.045334 0.470115 0.566591
v -7.953008 0.505182 0.688754
v -8.366210 0.097259 0.347173
v -8.428178 0.109852 0.339472
v -8.351044 0.100342 0.304772
v -8.412029 0.112683 0.293121
v -8.268997 0.197153 0.368244
v -8.318334 0.248176 0.371542
v -8.292390 0.252303 0.277865
v -8.245598 0.200138 0.302491
v -8.126389 0.325138 0.384632
v -8.182020 0.384852 0.386924
v -8.154444 0.388382 0.287668
v -8.101527 0.327574 0.313973
v -8.396475 0.096454 0.349565
v -8.364986 0.082339 0.325939
v -8.376661 0.100886 0.294217
v -8.428476 0.107539 0.315278
v -8.028090 0.414603 0.428441
v -8.054733 0.370789 0.393765
v -8.153469 0.347213 0.400904
v -8.108006 0.437681 0.391462
v -8.028781 0.372700 0.319564
v -8.106848 0.319315 0.350730
v -7.971608 0.457751 0.287884
v -8.081532 0.441253 0.297458
v -8.119797 0.352123 0.286902
v -8.177587 0.397014 0.336209
v -8.294053 0.216839 0.384083
v -8.329743 0.128248 0.360108
v -8.369226 0.172731 0.360984
v -8.313478 0.258881 0.323871
v -8.347239 0.178153 0.281085
v -8.262328 0.222481 0.276600
v -8.308279 0.132008 0.300021
v -8.251222 0.193045 0.336562
v -8.193731 0.256131 0.377518
v -8.247329 0.313904 0.375605
v -8.222532 0.318234 0.287248
v -8.169457 0.258797 0.308971
v -8.401575 0.081278 0.320643
v -8.085814 0.403536 0.409500
v -8.032919 0.360467 0.358584
v -8.050689 0.407749 0.290751
v -8.103630 0.450672 0.343410
v -8.356094 0.147569 0.374777
v -8.364346 0.180090 0.320714
v -8.326953 0.154248 0.274849
v -8.311502 0.123224 0.331538
v -8.224695 0.284192 0.392526
v -8.243845 0.325755 0.330422
v -8.191808 0.289410 0.281317
v -8.172701 0.247707 0.345079
v -8.109833 0.335681 0.386809
v -8.143568 0.411772 0.387204
v -8.092799 0.332986 0.314687
v -8.125486 0.410014 0.294375
v -8.127522 0.368809 0.404290
v -8.095695 0.321439 0.352199
v -8.103456 0.365271 0.287887
v -8.140287 0.424069 0.339961
v -8.137409 0.313844 0.383488
v -8.207056 0.356760 0.379799
v -8.188759 0.353737 0.289736
v -8.119656 0.309217 0.312721
v -8.170156 0.332447 0.398941
v -8.209634 0.362546 0.333427
v -8.146906 0.328509 0.284882
v -8.116515 0.303978 0.350214
v -8.277714 0.187265 0.367080
v -8.333426 0.225876 0.365492
v -8.316068 0.222841 0.281358
v -8.261366 0.182998 0.301867
v -8.305082 0.204526 0.382428
v -8.333825 0.230726 0.322422
v -8.283020 0.200636 0.276042
v -8.259991 0.178380 0.336077
v -8.254545 0.208477 0.370027
v -8.283154 0.280130 0.371451
v -8.266003 0.277951 0.283978
v -8.238485 0.205615 0.303095
v -8.270020 0.240178 0.387011
v -8.279488 0.291527 0.327067
v -8.247424 0.236626 0.277597
v -8.241955 0.195406 0.337790
v -7.957593 0.347994 0.425476
v -7.893654 0.373738 0.288362
v -7.974116 0.515656 0.288263
v -8.032782 0.485867 0.436706
v -8.442912 0.029090 0.496438
v -8.514927 0.043665 0.501202
v -8.435190 0.039423 0.447544
v -8.506973 0.054343 0.447761
v -8.328016 0.140413 0.516236
v -8.385168 0.198845 0.531744
v -8.372711 0.213983 0.441029
v -8.316171 0.154400 0.440176
v -8.162688 0.284953 0.526657
v -8.227223 0.353306 0.543457
v -8.214136 0.368637 0.446349
v -8.150259 0.299072 0.445016
v -8.476705 0.027364 0.504508
v -8.446261 0.015516 0.470728
v -8.466602 0.041316 0.440743
v -8.520674 0.044818 0.474351
v -8.079296 0.336155 0.530779
v -8.191685 0.308882 0.548087
v -8.142193 0.413402 0.543106
v -8.066351 0.350186 0.445081
v -8.148088 0.283912 0.485069
v -8.129110 0.427872 0.452191
v -8.174973 0.328152 0.433922
v -8.231632 0.373223 0.493360
v -8.354804 0.161726 0.536492
v -8.398682 0.062716 0.508443
v -8.445197 0.114257 0.518532
v -8.388430 0.216651 0.484665
v -8.434147 0.128657 0.443861
v -8.338875 0.180820 0.429780
v -8.387771 0.076669 0.439078
v -8.314934 0.140963 0.477584
v -8.240613 0.206890 0.521161
v -8.303772 0.273725 0.532717
v -8.291426 0.288244 0.448082
v -8.228408 0.220966 0.441832
v -8.488943 0.014612 0.471481
v -8.112972 0.372221 0.553839
v -8.062366 0.330218 0.486795
v -8.095574 0.391369 0.434332
v -8.146042 0.433804 0.496219
v -8.427204 0.083779 0.527606
v -8.446770 0.127117 0.479085
v -8.412514 0.102829 0.429809
v -8.384371 0.061748 0.472993
v -8.274298 0.237739 0.542813
v -8.308032 0.292422 0.488784
v -8.257881 0.256952 0.431735
v -8.224007 0.202715 0.480452
v -8.143421 0.296783 0.527608
v -8.183533 0.384282 0.540803
v -8.140192 0.305203 0.445054
v -8.179760 0.392461 0.451803
v -8.161495 0.333175 0.550291
v -8.135101 0.286241 0.484993
v -8.156199 0.343096 0.434086
v -8.188461 0.403780 0.494816
v -8.175440 0.272179 0.525756
v -8.257193 0.322220 0.536147
v -8.252592 0.328581 0.449766
v -8.171110 0.278232 0.444167
v -8.211040 0.292214 0.546852
v -8.268585 0.334141 0.491148
v -8.206182 0.301351 0.433100
v -8.159168 0.266491 0.483976
v -8.338154 0.129264 0.515117
v -8.403626 0.174300 0.524633
v -8.398764 0.179707 0.444930
v -8.334182 0.134845 0.439902
v -8.367674 0.147869 0.534915
v -8.411809 0.184673 0.482724
v -8.362452 0.155851 0.429790
v -8.324974 0.124290 0.476531
v -8.311234 0.153177 0.517180
v -8.345312 0.235580 0.529828
v -8.341433 0.242477 0.446622
v -8.307976 0.160616 0.440333
v -8.326909 0.188066 0.538686
v -8.349182 0.253640 0.486676
v -8.321757 0.196910 0.430193
v -8.304149 0.143580 0.477571
v -8.211266 0.174843 0.182220
v -8.260042 0.189164 0.169623
v -8.193751 0.178873 0.145997
v -8.241187 0.193138 0.129979
v -8.146336 0.252497 0.212033
v -8.188639 0.298979 0.203051
v -8.158423 0.304366 0.130753
v -8.119110 0.257240 0.155821
v -8.032633 0.362562 0.242451
v -8.095325 0.405818 0.231535
v -8.048851 0.421358 0.154861
v -8.004461 0.366366 0.181749
v -8.235337 0.175663 0.181423
v -8.206085 0.163360 0.163183
v -8.212492 0.181265 0.134151
v -8.256741 0.188520 0.148019
v -7.984128 0.394731 0.257391
v -8.071537 0.371899 0.246041
v -8.033877 0.452014 0.247582
v -7.954635 0.398180 0.193715
v -8.012594 0.358049 0.213905
v -7.822199 0.481653 0.163645
v -8.000267 0.459362 0.170669
v -8.018606 0.388873 0.156788
v -8.087267 0.417395 0.194971
v -8.168559 0.270663 0.216008
v -8.187041 0.198254 0.197766
v -8.220694 0.238836 0.187471
v -8.180543 0.309141 0.169326
v -8.195603 0.244797 0.127072
v -8.132019 0.277747 0.132003
v -8.162190 0.203453 0.146429
v -8.127624 0.249771 0.185476
v -8.093500 0.297557 0.228468
v -8.139023 0.350218 0.214593
v -8.110457 0.355565 0.146816
v -8.065173 0.302145 0.169737
v -8.234045 0.164713 0.154930
v -8.016193 0.420982 0.265155
v -7.961737 0.386385 0.227893
v -7.972415 0.429727 0.167021
v -8.025437 0.464146 0.223540
v -8.210093 0.216245 0.200575
v -8.213310 0.245792 0.160271
v -8.176718 0.223937 0.123065
v -8.168314 0.194568 0.174015
v -8.120983 0.323124 0.231316
v -8.132446 0.361288 0.182921
v -8.082974 0.330001 0.143957
v -8.071751 0.291076 0.201411
v -8.021427 0.369992 0.245950
v -8.053759 0.436485 0.236175
v -7.998484 0.370182 0.183212
v -8.029987 0.436839 0.163626
v -8.039366 0.398888 0.252290
v -8.004528 0.358930 0.216220
v -8.007684 0.398529 0.159259
v -8.047514 0.447749 0.202596
v -8.054991 0.342792 0.239619
v -8.111616 0.383893 0.222626
v -8.087294 0.383500 0.152551
v -8.030859 0.341714 0.178128
v -8.083123 0.360466 0.242653
v -8.109122 0.390249 0.189238
v -8.051511 0.360316 0.151622
v -8.033109 0.335151 0.211710
v -8.152176 0.244713 0.209986
v -8.197749 0.281361 0.195831
v -8.174984 0.280682 0.131074
v -8.129947 0.243710 0.153458
v -8.175942 0.260989 0.213264
v -8.193913 0.286635 0.165598
v -8.146330 0.260521 0.129146
v -8.133185 0.237936 0.183955
v -8.136190 0.261149 0.215200
v -8.163713 0.323960 0.206903
v -8.140724 0.324192 0.139168
v -8.114073 0.261432 0.157140
v -8.152073 0.288840 0.221327
v -8.157064 0.334594 0.175997
v -8.121655 0.288787 0.134573
v -8.120706 0.251193 0.187502
v -7.803513 0.433262 0.209307
v -7.883979 0.551760 0.205621
v -7.448597 0.634059 0.634041
v -7.550465 0.783247 0.641363
v -7.529156 0.804974 0.295340
v -7.457822 0.708310 0.244433
v -7.415869 0.657253 0.340473
v -7.414283 0.640557 0.443841
v -7.592075 0.857300 0.551426
v -7.434966 0.653874 0.549747
v -7.621384 0.442915 0.715079
v -7.679780 0.518620 0.787152
v -7.780441 0.413354 0.703173
v -7.828229 0.474395 0.771181
v -7.784845 0.150492 0.854328
v -7.801452 0.164957 0.890912
v -7.833164 0.167507 0.844600
v -7.849409 0.192141 0.886376
v -7.718961 0.318337 0.794607
v -7.748949 0.355197 0.848839
v -7.838032 0.330942 0.825264
v -7.809044 0.295651 0.769963
v -7.506312 0.716016 0.664789
v -7.555146 0.534815 0.679920
v -7.620405 0.494310 0.756252
v -7.632107 0.623958 0.719908
v -7.795749 0.422555 0.675725
v -7.693636 0.410256 0.701554
v -7.851134 0.498862 0.717660
v -7.828426 0.440933 0.733018
v -7.766078 0.502900 0.801710
v -7.673716 0.392700 0.749035
v -7.716660 0.341169 0.821833
v -7.717981 0.448058 0.818473
v -7.795643 0.382091 0.725166
v -7.771712 0.296547 0.775434
v -7.833220 0.428140 0.793137
v -7.843227 0.307683 0.782230
v -7.811040 0.344325 0.851258
v -7.762176 0.208498 0.835383
v -7.788122 0.240205 0.883871
v -7.860206 0.227057 0.868097
v -7.834200 0.195539 0.817329
v -7.794116 0.147920 0.879234
v -7.817553 0.148846 0.851325
v -7.847683 0.167966 0.869778
v -7.836817 0.184419 0.901429
v -7.746645 0.617998 0.667800
v -7.488755 0.754337 0.239547
v -7.662904 0.643608 0.212911
v -7.603389 0.554958 0.209775
v -7.621975 0.447592 0.511679
v -7.623627 0.438533 0.646172
v -7.737922 0.686720 0.311369
v -7.600757 0.482802 0.305461
v -7.581512 0.864578 0.405900
v -7.638288 0.495043 0.422230
v -7.827414 0.154150 0.884597
v -7.772552 0.666854 0.610865
v -7.626740 0.602143 0.181025
v -7.616549 0.437872 0.596762
v -7.707157 0.678057 0.254978
v -7.598060 0.517514 0.240805
v -7.634099 0.507824 0.363851
v -7.623266 0.458389 0.459438
v -7.557573 0.609914 0.703136
v -7.664569 0.453900 0.676613
v -7.862404 0.443291 0.696647
v -7.750099 0.571601 0.738581
v -7.675590 0.425277 0.785188
v -7.730789 0.374181 0.731158
v -7.835771 0.402794 0.748762
v -7.785989 0.442157 0.826991
v -7.761693 0.228200 0.854511
v -7.832320 0.235505 0.888746
v -7.860166 0.209011 0.829221
v -7.797668 0.193417 0.821807
v -7.742364 0.275345 0.809675
v -7.767716 0.315334 0.858712
v -7.851698 0.310562 0.833782
v -7.824292 0.270811 0.782898
v -7.740409 0.297542 0.831316
v -7.817129 0.316197 0.861328
v -7.853464 0.289601 0.793881
v -7.781904 0.263139 0.792799
v -7.708339 0.341252 0.776130
v -7.740619 0.388728 0.834786
v -7.816394 0.316001 0.758645
v -7.845818 0.357586 0.815053
v -7.705022 0.371174 0.804839
v -7.761896 0.317930 0.764069
v -7.849230 0.331545 0.775355
v -7.802812 0.376628 0.843260
v -7.660197 0.405149 0.740684
v -7.700656 0.479739 0.804226
v -7.789838 0.394200 0.717174
v -7.830023 0.458078 0.778467
v -7.657875 0.447205 0.774282
v -7.721724 0.383018 0.723965
v -7.833643 0.423021 0.738157
v -7.775164 0.475273 0.813255
v -7.577909 0.507744 0.690555
v -7.660386 0.558494 0.760679
v -7.790657 0.419479 0.684241
v -7.834226 0.480980 0.755312
v -7.588779 0.550201 0.727360
v -7.671415 0.442819 0.682723
v -7.842534 0.440037 0.718370
v -7.761187 0.523136 0.782992
v -7.988605 0.321329 0.555594
v -8.053923 0.392086 0.561745
v -8.058430 0.455442 0.576440
v -8.039695 0.361096 0.547983
v -8.083763 0.394871 0.555062
v -8.068376 0.450493 0.558258
v -7.970139 0.342192 0.417191
v -8.035153 0.410634 0.421610
v -8.038520 0.477290 0.424033
v -7.992181 0.323447 0.431057
v -8.056816 0.393284 0.429774
v -8.045678 0.471802 0.443136
v -7.910433 0.375561 0.276894
v -8.001420 0.434569 0.272090
v -8.004982 0.485471 0.266570
v -7.909821 0.366188 0.293581
v -7.983280 0.444824 0.290876
v -7.981794 0.505248 0.295979
v -8.013564 0.533938 0.631015
v -8.043303 0.538683 0.501397
v -7.999922 0.562291 0.361105
v -7.960624 0.556374 0.247036
v -7.807075 0.399083 0.242150
v -7.859222 0.402216 0.364701
v -7.902742 0.393587 0.487589
v -7.845681 0.344611 0.597807
v -7.829119 0.391292 0.530397
v -7.833030 0.424384 0.427858
v -7.783260 0.415547 0.307962
v -7.939672 0.583289 0.560456
v -7.932673 0.593284 0.440377
v -7.904100 0.598614 0.308041
v -7.692751 0.807206 0.509054
v -7.685675 0.805936 0.456221
v -7.471083 0.567921 0.592831
v -7.475532 0.590505 0.534217
v -7.475230 0.604627 0.480892
v -7.531853 0.595489 0.438886
v -7.475681 0.634112 0.389995
v -7.447505 0.609628 0.335939
v -7.459159 0.641274 0.279416
v -7.447334 0.824459 0.246096
v -7.408239 0.774536 0.262507
v -7.376974 0.741060 0.271843
v -7.369467 0.699491 0.338346
v -7.382010 0.697521 0.434563
v -7.373076 0.664361 0.531123
v -7.402702 0.683768 0.615557
v -7.465128 0.770914 0.646593
v -7.506566 0.834632 0.640543
v -7.541492 0.900578 0.546106
v -7.530542 0.912113 0.400014
v -7.484582 0.867780 0.292722
v -7.247546 1.007446 0.271325
v -7.195645 0.954305 0.273467
v -7.176534 0.920548 0.312437
v -7.144975 0.861862 0.392835
v -7.156886 0.858549 0.501393
v -7.149974 0.828825 0.611046
v -7.173258 0.832288 0.662518
v -7.242175 0.921643 0.698595
v -7.292196 0.995671 0.674731
v -7.324296 1.053061 0.584719
v -7.322971 1.080844 0.443887
v -7.283861 1.048415 0.323705
v -7.274195 0.804580 0.309136
v -7.306869 0.856984 0.272444
v -7.349502 0.904920 0.269833
v -7.387328 0.949673 0.313041
v -7.429980 0.990083 0.416599
v -7.423522 0.955108 0.558327
v -7.394664 0.897180 0.655124
v -7.351587 0.835103 0.666535
v -7.289555 0.754403 0.635542
v -7.275257 0.759783 0.562553
v -7.277806 0.782545 0.457747
v -7.261085 0.777622 0.357584
v -7.083707 1.187802 0.275379
v -7.027960 1.136073 0.253470
v -6.958717 1.045365 0.312753
v -6.924411 0.982839 0.393244
v -6.918570 0.954683 0.502464
v -6.937689 0.961912 0.634096
v -6.976387 0.957423 0.716874
v -7.053798 1.060809 0.740933
v -7.095794 1.128629 0.697412
v -7.144676 1.207884 0.628965
v -7.149828 1.241010 0.487396
v -7.116629 1.216577 0.368477
v -7.448868 0.687468 0.296201
v -7.510952 0.650024 0.224440
v -7.536758 0.696942 0.218898
v -7.567625 0.718420 0.250160
v -7.447997 0.625751 0.441836
v -7.459249 0.631255 0.486121
v -7.443784 0.633698 0.392593
v -6.790109 1.505561 0.309425
v -6.739132 1.409348 0.261964
v -6.680401 1.295621 0.200834
v -6.632848 1.208860 0.253706
v -6.589516 1.182729 0.421250
v -6.566790 1.161617 0.601150
v -6.603003 1.178159 0.726765
v -6.677053 1.269960 0.788482
v -6.742666 1.379188 0.695208
v -6.803625 1.463779 0.659204
v -6.829424 1.526724 0.545279
v -6.813093 1.532587 0.389237
v -6.319357 1.322042 0.380583
v -6.365706 1.388925 0.269324
v -5.591953 1.912687 0.871310
v -5.589437 1.759123 0.705292
v -5.624812 1.704260 0.457084
v -5.697328 1.951484 0.044093
v -6.176527 1.682910 0.236552
v -6.236511 1.784682 0.256858
v -6.262421 1.907097 0.318928
v -6.274480 1.949212 0.447254
v -6.252144 1.933786 0.621201
v -6.176714 1.877457 0.788764
v -6.084918 1.825478 0.836472
v -5.987277 1.723667 0.791413
v -5.966731 1.666669 0.709694
v -5.962144 1.601146 0.641867
v -6.002106 1.556191 0.480996
v -6.087616 1.551487 0.293302
v -5.670676 2.117921 0.059846
v -5.695222 2.337213 0.148831
v -5.743524 2.458699 0.365062
v -5.772969 2.420230 0.697358
v -5.632956 2.117477 0.932943
v -6.299394 1.551700 0.239806
v -6.401880 1.640557 0.275104
v -6.427403 1.756202 0.337826
v -6.436404 1.786022 0.431196
v -6.444532 1.759681 0.591258
v -6.404081 1.685764 0.725778
v -6.343931 1.631685 0.741632
v -6.254293 1.534412 0.776295
v -6.205324 1.471838 0.682719
v -6.171027 1.416741 0.552265
v -6.184487 1.415136 0.385475
v -6.159804 1.513890 0.288439
v -6.644271 1.616205 0.331562
v -6.599642 1.468923 0.260445
v -6.430402 1.416211 0.771438
v -6.531466 1.510934 0.739943
v -6.575307 1.367079 0.183366
v -6.524436 1.279052 0.249396
v -6.415092 1.268178 0.371486
v -6.377794 1.297579 0.543968
v -6.358542 1.347254 0.691164
v -6.585385 1.562325 0.696552
v -6.660599 1.628448 0.571741
v -6.630810 1.662207 0.425813
v -6.424924 1.473221 0.235421
v -6.293720 1.439444 0.284177
v -6.397967 1.443265 0.221759
v -6.437831 1.338412 0.233243
v -6.335160 1.328821 0.320729
v -6.323568 1.480329 0.248882
v -6.439472 1.391693 0.214303
v -6.394949 1.311177 0.282505
v -6.276722 1.374707 0.330221
v -5.376356 -0.710868 -1.398662
v -5.352751 1.387463 -1.149939
v -5.692990 0.873175 -0.210805
v -5.759799 0.904606 -0.715451
v -5.392664 1.338432 0.331856
v -5.675408 1.455207 -0.010350
v -5.689098 1.658605 -0.484259
v -5.261736 2.041018 -0.794922
v -5.190374 2.537153 -0.403566
v -5.219471 2.284862 -0.622584
v -5.308144 1.755007 -0.966713
v -5.735303 1.324605 -0.591989
v -5.692883 1.183775 -0.102545
v -5.355612 1.112443 0.234148
v -5.667807 0.547582 -0.404900
v -5.401716 0.519868 -0.127108
v -5.686954 0.538929 -0.826753
v -5.388028 0.889974 0.191729
v -5.611467 0.212861 -0.640228
v -5.322277 0.060140 -0.487773
v -5.542829 -0.060261 -0.865895
v -5.081334 -0.075866 -0.631202
v -4.650447 -0.975989 -1.581580
v -4.650447 -0.083134 -0.505988
v -4.650447 1.290817 -1.312463
v -4.650447 1.701842 -1.174375
v -4.650447 1.988600 -0.995066
v -4.650447 2.219503 -0.810990
v -4.650447 2.457811 -0.609174
v -5.362487 0.873170 -1.254592
v -4.650447 0.729085 -1.417833
v -5.503797 0.519581 -0.187413
v -5.479419 0.153877 -0.475096
v -5.392356 -0.063480 -0.679277
v -5.236516 -0.807942 -1.492707
v -4.841964 -0.078692 -0.540816
v -5.279877 -0.567764 -1.165283
v -5.461175 -0.369486 -1.151743
v -4.650447 -0.225046 -1.497526
v -5.156679 -0.174073 -1.474922
v -5.077000 -0.544587 -1.516361
v -4.650447 -0.454300 -1.519742
v -5.475042 -0.232886 -1.324144
v -5.383372 -0.537975 -1.414355
v -5.533219 -3.372434 -0.406337
v -5.588309 -3.334492 -0.297783
v -5.588309 -3.272708 -0.165320
v -5.532107 -3.236228 -0.058153
v -5.423742 -3.226804 -0.009701
v -5.320221 -3.252343 -0.065423
v -5.237398 -3.283874 -0.165318
v -5.266239 -3.334492 -0.297785
v -5.338341 -3.372434 -0.406337
v -5.444055 -3.386983 -0.447885
v -5.382986 0.756439 0.158369
v -5.285958 0.723685 0.470381
v -5.004068 0.373554 0.564374
v -4.917181 0.000896 0.416503
v -4.777135 -0.222081 0.178236
v -4.777135 -0.211384 -0.123884
v -5.500484 -0.704794 -0.356776
v -5.279205 -0.704839 -0.440901
v -5.057928 -0.683744 -0.356776
v -4.832282 -0.652149 -0.136529
v -4.841814 -0.647006 0.141830
v -5.035709 -0.672416 0.355103
v -5.256316 -0.697462 0.503994
v -5.456792 -0.711016 0.375764
v -5.619876 -0.708752 0.174084
v -5.645959 -0.708896 -0.136531
v -5.125376 -1.598045 0.298052
v -5.263183 -1.650155 0.408471
v -5.426127 -1.667212 0.298966
v -5.524097 -2.100356 -0.363895
v -5.355712 -2.052132 -0.424768
v -5.187063 -2.101254 -0.358791
v -5.082511 -2.175574 -0.191165
v -5.083665 -2.173424 0.014079
v -5.196806 -2.115812 0.178551
v -5.331706 -2.069239 0.239424
v -5.527438 -2.106854 0.173446
v -5.645904 -2.160901 0.005194
v -5.645864 -2.149881 -0.200051
v -5.498538 -1.665671 -0.219766
v -5.350177 -1.635121 -0.280206
v -5.202641 -1.634695 -0.216887
v -5.119976 -1.665163 -0.060085
v -5.124337 -1.714468 0.129215
v -5.131888 -1.766634 0.264277
v -5.277221 -1.851820 0.320880
v -5.427961 -1.803483 0.290929
v -5.607792 -1.755424 0.130523
v -5.595399 -1.712842 -0.065441
v -5.494464 -1.522195 -0.210694
v -5.341352 -1.518452 -0.272155
v -5.188658 -1.486926 -0.209279
v -5.092772 -1.434803 -0.045462
v -5.064788 -1.393579 0.139253
v -5.085788 -1.354354 0.308932
v -5.237767 -1.347712 0.439937
v -5.380143 -1.414217 0.341548
v -5.607444 -1.462657 0.157908
v -5.594940 -1.504628 -0.040842
v -5.185588 -1.626183 0.368900
v -5.254027 -1.498177 0.421739
v -5.353312 -1.662689 0.385657
v -5.270033 -1.758819 0.386154
v -5.190823 -1.496542 0.385074
v -5.327701 -1.526574 0.406736
v -5.330872 -1.745946 0.370758
v -5.207389 -1.729601 0.358110
v -5.225734 3.560756 1.768962
v -5.208819 3.580134 1.022354
v -4.650447 3.762006 1.909706
v -4.650447 3.750647 0.861326
v -4.650447 2.338206 1.949149
v -5.329792 2.743226 1.617790
v -5.434871 3.122387 0.690968
v -4.650447 3.414090 0.260812
v -4.650447 1.526844 1.198379
v -4.650447 3.395803 2.532939
v -4.854406 3.269901 2.282496
v -4.650447 3.285886 2.842162
v -4.892498 2.771781 2.758420
v -4.857935 3.114679 2.773283
v -4.650447 2.512994 3.390879
v -4.742422 2.563948 3.311682
v -4.800353 2.863707 3.225529
v -4.650447 2.599118 2.179124
v -4.650447 3.511661 2.394676
v -4.942800 3.336911 2.154958
v -5.026666 2.774442 2.035480
v -4.650447 1.714523 1.400892
v -4.650447 2.479847 2.072253
v -4.650447 3.594727 2.260258
v -5.079352 2.793898 1.890020
v -4.893672 2.655041 2.126462
v -5.089016 3.407267 2.031564
v -4.961151 3.120357 2.143026
v -4.833766 3.457924 2.275734
v -4.650447 3.378744 2.611376
v -4.975819 2.839402 2.459423
v -4.943103 3.050508 2.250017
v -4.846995 3.231827 2.467320
v -4.913101 2.904780 2.761435
v -4.764754 3.377098 2.381553
v -4.791058 3.234912 2.835138
v -4.650447 3.113127 3.137118
v -4.790863 2.640878 3.190082
v -4.845275 2.971052 3.106357
v -4.650447 2.649467 2.330544
v -4.650447 3.434949 2.522072
v -4.893967 3.300465 2.243781
v -5.007583 2.802568 2.084767
v -5.478608 2.996919 1.143025
v -5.283589 3.480294 0.889841
v -5.247609 3.565735 1.372334
v -5.235195 3.233495 1.611400
v -4.676624 2.520205 3.366647
v -4.792271 2.723404 3.274269
v -4.750062 2.901676 3.250054
v -4.650447 3.845369 1.358704
v -4.975155 3.696643 1.822421
v -5.030772 3.720705 0.936257
v -5.178674 3.295097 0.364089
v -4.650447 3.670923 0.566752
v -5.051725 1.583146 1.122040
v -4.650447 1.449600 1.040083
v -5.307192 1.346620 0.597664
v -4.650447 1.928978 1.562008
v -5.442607 2.241500 1.153988
v -5.538987 2.658492 0.285245
v -4.650447 2.822306 -0.281614
v -5.023334 2.466919 1.839895
v -4.650447 2.052426 1.685325
v -5.413915 2.409550 1.300637
v -5.466581 2.837686 0.491785
v -4.650447 3.102453 -0.022514
v -5.311190 3.383129 1.178685
v -4.713912 2.703836 3.327239
v -5.002997 3.767808 1.376827
v -5.077630 3.636198 0.646960
v -5.098909 1.394974 0.909366
v -5.089559 1.998801 1.456663
v -5.634161 2.543328 0.799835
v -5.155118 2.797055 -0.068228
v -5.080575 2.179710 1.585132
v -5.577695 2.688989 0.923310
v -5.164173 3.015883 0.171875
v -5.060554 1.764902 1.290780
v -4.943597 2.565976 1.999812
v -5.003188 3.139796 2.046985
v -4.908247 3.554492 2.144783
v -4.938669 2.986664 2.453504
v -4.778619 3.341702 2.563922
v -4.831663 2.762046 3.176866
v -4.781590 3.080005 3.104551
v -4.773724 3.404398 2.326574
v -4.962686 3.082132 2.187749
v -4.876737 2.694204 2.196922
v -4.650447 -0.204125 -0.103677
v -4.650447 0.006777 0.436835
v -4.650447 0.312232 0.590089
v -4.650447 -0.250849 0.209164
v -5.460297 -0.473704 -0.428023
v -5.228913 -0.543209 -0.470385
v -4.972252 -0.465441 -0.434313
v -4.794438 -0.423528 -0.172897
v -4.818389 -0.362973 0.166587
v -4.948750 -0.223185 0.387992
v -5.112959 0.200547 0.540303
v -5.349682 0.411043 0.445705
v -5.461840 0.368022 0.184063
v -5.546704 -0.306406 -0.183400
v -5.529104 -2.374134 -0.394278
v -5.636086 -2.420974 -0.231414
v -5.655600 -2.430524 -0.027860
v -5.539511 -2.380803 0.138634
v -5.376177 -2.348411 0.203637
v -5.211483 -2.398197 0.142836
v -5.150741 -2.456655 -0.020545
v -5.170287 -2.459119 -0.224098
v -5.226510 -2.385758 -0.390075
v -5.378596 -2.334310 -0.455079
v -5.570870 -3.554122 -0.433967
v -5.629525 -3.515029 -0.297782
v -5.605481 -3.476083 -0.165319
v -5.558821 -3.408358 -0.036061
v -5.427170 -3.387177 0.023720
v -5.332212 -3.425278 -0.034971
v -5.270968 -3.477287 -0.165318
v -5.273461 -3.524137 -0.297784
v -5.336740 -3.545913 -0.433966
v -5.467052 -3.568288 -0.475516
v -5.554838 -3.813165 -0.471439
v -5.607448 -3.813165 -0.388589
v -5.723361 -3.813163 0.246207
v -5.649630 -3.619789 0.343816
v -5.414986 -3.570828 0.378702
v -5.290998 -3.622540 0.335378
v -5.239405 -3.813164 0.248247
v -5.242788 -3.805165 -0.216813
v -5.325236 -3.813162 -0.471438
v -5.469121 -3.813163 -0.515737
v -5.709072 -3.697807 0.591272
v -5.407089 -3.650279 0.636649
v -5.225585 -3.683876 0.617756
v -5.763413 -3.813164 0.585123
v -5.203661 -3.814948 0.618750
v -5.532483 -3.116068 -0.399187
v -5.596850 -3.147351 -0.298872
v -5.600338 -3.166813 -0.167779
v -5.533431 -3.183440 -0.061779
v -5.415239 -3.193781 -0.016800
v -5.300782 -3.196849 -0.071998
v -5.245592 -3.198934 -0.168528
v -5.249086 -3.154055 -0.300433
v -5.318350 -3.118266 -0.399389
v -5.432353 -3.100715 -0.435900
v -5.687088 -3.729979 0.162896
v -5.695922 -3.813165 0.095944
v -5.640739 -3.595820 0.303018
v -5.415720 -3.553695 0.349420
v -5.294166 -3.601194 0.297404
v -5.242949 -3.729420 0.163481
v -5.235682 -3.813164 0.095942
v -5.660842 -3.634505 0.390492
v -5.414363 -3.577548 0.399051
v -5.278231 -3.634512 0.390491
v -5.737741 -3.813164 0.367885
v -5.227871 -3.813740 0.367803
v -5.255944 0.820742 0.443074
v -5.002388 0.603716 0.633726
v -4.650447 0.434974 0.657621
v -5.295393 3.320237 1.357321
v -5.284609 3.348435 1.710575
v -5.009540 3.126562 1.910947
v -5.389507 2.923792 1.634614
v -5.269663 3.399925 1.466915
v -5.157525 3.267448 1.914358
v -5.173432 2.874053 1.857734
v -5.444142 3.063384 1.329932
v -5.410450 -0.201082 -0.470926
v -5.495942 0.062518 -0.183262
v -5.445045 0.578306 0.179150
v -5.306155 0.571001 0.449910
v -5.094641 0.302536 0.544160
v -4.936122 -0.155029 0.386464
v -4.801888 -0.317673 0.173468
v -4.787517 -0.348523 -0.151785
v -4.903934 -0.264972 -0.509352
v -5.114235 -0.294603 -0.544375
v -4.650447 2.691002 3.355425
v -4.650447 2.915478 3.267307
v -5.691882 -3.741947 0.729349
v -5.438444 -3.694419 0.774725
v -5.393509 -3.674743 0.791623
v -5.237442 -3.713780 0.757170
v -5.730457 -3.813164 0.722289
v -5.222504 -3.814948 0.787937
v -5.407089 -3.813740 0.635583
v -5.409070 -3.814948 0.813741
v -5.426927 -3.814948 0.774725
v -5.494564 -3.813164 -0.349862
v -5.428410 -3.813164 0.095943
v -5.416360 -3.813164 0.247511
v -5.411708 -3.813570 0.367827
v -5.363513 1.947049 1.127916
v -5.495257 2.442755 -0.069981
v -5.537596 2.223392 -0.274969
v -5.626323 1.940631 -0.327245
v -5.656465 1.672617 0.068146
v -5.531337 1.535011 0.373475
v -5.409468 1.536625 0.649178
v -5.325318 1.616227 0.862221
v -5.329259 1.744787 1.012592
v -5.841821 1.898918 0.187627
v -5.955404 2.010582 0.224826
v -6.054399 2.079702 0.283481
v -6.116936 2.136343 0.441027
v -6.083193 2.117613 0.652427
v -5.890284 1.983080 0.875779
v -5.762855 1.856437 0.838655
v -5.688145 1.756251 0.686467
v -5.697947 1.715875 0.488290
v -5.705736 1.789715 0.766610
v -5.594331 1.832203 0.808720
v -5.978785 2.056868 0.834454
v -5.666741 2.229338 0.862685
v -5.742704 1.782723 0.233275
v -5.653176 1.784960 0.193041
v -5.737219 1.930887 0.142095
v -5.829486 2.075841 0.189174
v -5.915835 2.209947 0.271253
v -5.974907 2.290492 0.415855
v -5.948625 2.254643 0.674675
v -5.836392 2.150699 0.846432
v -5.756578 2.065428 0.924770
v -5.675949 1.926891 0.858740
v -5.633183 1.833050 0.772403
v -5.622716 1.783085 0.699228
v -5.652076 1.730970 0.472885
v -5.679551 1.807490 0.195386
v -5.540793 0.020025 -1.180717
v -5.297943 0.483019 -1.337642
v -4.650447 0.335212 -1.465204
v -5.599178 0.252821 -1.016714
v -5.249327 0.224967 -1.395647
v -4.650447 0.109998 -1.472081
v -4.650447 -0.047376 -1.485995
v -5.212461 0.039835 -1.432613
v -6.486137 1.567432 0.268859
v -6.538975 1.682211 0.334867
v -6.542015 1.702489 0.427995
v -6.265483 1.367489 0.526076
v -5.607660 -1.644271 0.140920
v -5.098058 -1.572858 0.133645
v -5.271190 1.159731 0.475979
v -5.030216 1.064782 0.745919
v -4.650447 0.980929 0.810712
v -5.264593 0.944541 0.425637
v -5.013912 0.799221 0.668025
v -4.650447 0.651015 0.689309
v -4.650447 2.581359 3.386144
v -4.689604 2.592711 3.362415
v -4.777125 2.645966 3.308494
v -4.834235 2.708903 3.192740
v -4.927067 2.859106 2.763362
v -5.034276 2.946292 2.461277
v -5.027594 2.965899 2.157007
v -5.027653 2.958037 2.098998
v -5.020693 2.955244 2.046377
v -5.074227 2.960104 1.996624
v -5.168788 2.967454 1.945326
v -5.374472 3.123766 1.627439
v -5.387944 3.207278 1.303122
v -5.376396 3.220450 1.096335
v -5.370311 3.320714 0.785567
v -5.121695 3.488195 0.474377
v -4.650447 3.542949 0.406136
v -5.032581 -0.606150 -1.154854
v -4.872089 -0.937067 -1.564404
v -4.873616 3.160400 2.462453
v -4.920110 2.994068 2.450222
v -4.904802 3.143365 2.367298
v -4.890229 2.991898 2.551522
v -4.866302 3.092240 2.565982
v -4.928049 3.059395 2.340903
v -4.880485 3.041590 2.327966
v -4.862801 3.085702 2.331589
v -4.838128 3.085968 2.365503
v -4.860544 3.009038 2.367719
v -4.828316 3.008426 2.403562
v -4.813240 3.059224 2.403984
v -4.991863 2.871591 2.125726
v -4.905012 2.844807 2.495595
v -4.848567 2.793782 2.748591
v -4.790857 2.717840 2.981658
v -4.742234 2.660513 3.186184
v -4.726091 2.629963 3.238820
v -4.650447 2.598664 3.290817
v -4.968285 2.847260 2.124472
v -4.876262 2.823875 2.494511
v -4.822412 2.763548 2.748730
v -4.761896 2.711786 2.952743
v -4.650447 2.631470 3.092437
v -4.687548 2.667696 3.081630
v -4.650447 2.604921 3.275628
v -4.650447 2.670395 2.754762
v -4.759453 2.715624 2.754762
v -4.764473 2.755938 2.489076
v -4.808401 2.759902 2.214082
v -4.650447 2.684507 2.501733
v -4.650447 2.712697 2.308544
v -4.967341 2.843337 2.460952
v -4.878111 2.766675 2.762733
v -4.779441 2.642591 3.193777
v -4.726985 2.557817 3.312037
v -4.675121 2.517464 3.355824
v -4.650447 2.507111 3.371906
v -4.915872 3.007133 2.174179
v -4.846678 2.959877 2.452474
v -4.814122 2.882023 2.740469
v -4.794917 2.723110 3.172066
v -4.740115 2.664706 3.291847
v -4.681790 2.647310 3.321304
v -4.650447 2.636594 3.333955
v -4.767962 3.104519 2.201449
v -4.721112 3.062511 2.450941
v -4.739465 2.981596 2.750730
v -4.774899 2.803853 3.162504
v -4.729967 2.756024 3.257477
v -4.700987 2.712509 3.303391
v -4.650447 2.718913 3.312409
v -4.650447 3.150453 2.211423
v -4.650447 3.127663 2.452991
v -4.650447 3.046748 2.749971
v -4.650447 2.869004 3.151897
v -4.650447 2.821176 3.246870
v -4.650447 2.195854 1.811282
v -5.056708 2.332695 1.700083
v -5.388374 2.577566 1.432441
v -5.545198 2.829001 1.026507
v -5.461188 2.979144 0.607364
v -5.190806 3.150511 0.269376
v -4.650447 3.272049 0.127343
v -5.637499 2.369494 0.087071
v -5.680541 2.509312 0.353723
v -5.724456 2.461260 0.726150
v -5.594859 2.245855 0.958186
v -5.527596 2.039675 1.005355
v -5.486506 1.846797 0.929590
v -5.478977 1.749302 0.824367
v -5.515622 1.666641 0.667922
v -5.599121 1.655464 0.414657
v -5.652277 1.762352 0.158985
v -5.680598 1.954388 -0.053084
v -5.642446 2.169136 -0.049667
v -5.719306 1.942099 0.095433
v -5.756279 2.093028 0.128878
v -5.816030 2.267230 0.215512
v -5.867951 2.368358 0.388948
v -5.867476 2.335779 0.686203
v -5.761487 2.185420 0.853608
v -5.701996 2.088409 0.928379
v -5.638863 1.920619 0.864290
v -5.616029 1.837291 0.782872
v -5.608023 1.772506 0.701906
v -5.640038 1.719177 0.465909
v -5.666986 1.797094 0.192677
v -4.650447 -0.759678 -1.556799
v -4.807062 -0.765795 -1.546349
v -4.650447 -0.655964 -1.196056
v -5.034083 -0.887829 -1.533795
v -4.855255 -0.624656 -1.162545
v -4.906643 -0.685870 -1.540437
v -4.650447 -0.607773 -1.537665
v -4.844517 2.951365 2.053329
v -4.821245 2.927034 2.052074
v -4.650447 3.051123 2.054550
v -4.650447 3.019809 2.054957
v -4.864355 3.032276 2.108884
v -4.801296 2.871378 2.082346
v -4.650447 2.871378 2.082346
v -4.777752 3.104519 2.111580
v -4.650447 3.143296 2.114510
v -4.650447 3.085038 2.079406
v -4.762951 3.048642 2.084146
v -5.104573 2.993347 1.808005
v -5.069517 2.995499 1.813933
v -5.044503 2.996550 1.839392
v -5.039085 2.996098 1.874657
v -5.055334 2.994316 1.906260
v -5.087041 2.991884 1.922128
v -5.122097 2.989733 1.916200
v -5.147111 2.988682 1.890741
v -5.152528 2.989134 1.855476
v -5.136280 2.990916 1.823873
v -5.114830 3.021191 1.756420
v -5.048149 3.025284 1.767695
v -5.000570 3.027282 1.816121
v -4.990265 3.026423 1.883200
v -5.021171 3.023034 1.943311
v -5.081482 3.018409 1.973494
v -5.148162 3.014316 1.962219
v -5.195742 3.012317 1.913794
v -5.206047 3.013177 1.846714
v -5.175141 3.016567 1.786603
v -5.124763 3.064055 1.715399
v -5.032986 3.069689 1.730917
v -4.967499 3.072439 1.797569
v -4.953316 3.071256 1.889896
v -4.995854 3.066591 1.972632
v -5.078865 3.060226 2.014175
v -5.170642 3.054592 1.998656
v -5.236130 3.051842 1.932005
v -5.250313 3.053025 1.839678
v -5.207775 3.057690 1.756942
v -5.133402 3.117743 1.688956
v -5.025512 3.124366 1.707199
v -4.948527 3.127600 1.785553
v -4.931854 3.126209 1.894089
v -4.981860 3.120725 1.991351
v -5.079446 3.113242 2.040188
v -5.187336 3.106619 2.021945
v -5.264321 3.103386 1.943591
v -5.280995 3.104777 1.835055
v -5.230989 3.110261 1.737792
v -5.139901 3.177000 1.679680
v -5.026458 3.183964 1.698862
v -4.945511 3.187364 1.781248
v -4.927980 3.185902 1.895370
v -4.980560 3.180135 1.997638
v -5.083168 3.172268 2.048988
v -5.196610 3.165304 2.029806
v -5.277557 3.161904 1.947420
v -5.295089 3.163366 1.833297
v -5.242509 3.169133 1.731030
v -5.143623 3.236026 1.688480
v -5.035732 3.242649 1.706723
v -4.958747 3.245882 1.785077
v -4.942074 3.244491 1.893613
v -4.992080 3.239007 1.990875
v -5.089666 3.231525 2.039712
v -5.197557 3.224902 2.021469
v -5.274542 3.221668 1.943115
v -5.291215 3.223059 1.834579
v -5.241209 3.228543 1.737317
v -5.144204 3.289042 1.714493
v -5.052426 3.294676 1.730012
v -4.986939 3.297426 1.796663
v -4.972756 3.296243 1.888990
v -5.015294 3.291578 1.971726
v -5.098305 3.285213 2.013269
v -5.190083 3.279579 1.997751
v -5.255570 3.276829 1.931099
v -5.269753 3.278012 1.838772
v -5.227215 3.282677 1.756036
v -5.141586 3.330859 1.755174
v -5.074906 3.334952 1.766449
v -5.027327 3.336951 1.814874
v -5.017022 3.336091 1.881954
v -5.047928 3.332701 1.942065
v -5.108240 3.328077 1.972247
v -5.174920 3.323984 1.960973
v -5.222499 3.321985 1.912547
v -5.232803 3.322845 1.845468
v -5.201898 3.326234 1.785357
v -5.136028 3.357383 1.806540
v -5.100972 3.359535 1.812468
v -5.075958 3.360586 1.837927
v -5.070540 3.360134 1.873192
v -5.086789 3.358352 1.904795
v -5.118496 3.355921 1.920663
v -5.153552 3.353769 1.914735
v -5.178566 3.352718 1.889276
v -5.183983 3.353170 1.854011
v -5.167735 3.354952 1.822408
v -5.094997 2.983249 1.865104
v -5.128071 3.366019 1.863564
v -4.489344 2.733325 2.757277
v -4.443061 2.771745 2.510517
v -4.527889 2.678848 2.983469
v -4.378717 2.753322 2.236239
v -4.293972 2.816300 2.135482
v -4.381981 2.838629 2.497825
v -4.439055 2.785916 2.749619
v -4.496550 2.710379 2.982686
v -4.544641 2.653848 3.176745
v -4.564590 2.619674 3.239609
v -0.915344 0.025886 0.667956
v -0.850681 0.033353 0.706615
v -0.904399 0.041665 0.625501
v -0.838625 0.051064 0.647576
v -1.024106 0.133356 0.670437
v -0.973832 0.182017 0.716385
v -0.954079 0.207469 0.629365
v -1.007230 0.156732 0.594963
v -1.174505 0.275679 0.656143
v -1.117693 0.332900 0.706724
v -1.096195 0.359324 0.614079
v -1.156141 0.299869 0.575743
v -0.887177 0.020226 0.696523
v -0.903370 0.016176 0.644768
v -0.873251 0.042309 0.628547
v -0.836030 0.038299 0.672672
v -1.373819 0.399924 0.694694
v -1.250570 0.327549 0.644661
v -1.153014 0.293477 0.694232
v -1.193381 0.393615 0.692318
v -1.231293 0.352120 0.560838
v -1.172796 0.280505 0.616343
v -1.254203 0.395537 0.556808
v -1.174198 0.418481 0.604982
v -1.128781 0.326538 0.577411
v -1.097125 0.356955 0.659858
v -1.004275 0.149013 0.706522
v -0.959059 0.058216 0.671264
v -0.916718 0.101794 0.708618
v -0.955466 0.203836 0.671469
v -0.901505 0.124589 0.635623
v -0.982027 0.180986 0.596269
v -0.943754 0.080716 0.601778
v -1.022031 0.139216 0.633813
v -1.103684 0.199488 0.660869
v -1.046272 0.256011 0.706353
v -1.028634 0.280170 0.624472
v -1.085953 0.223353 0.582505
v -0.864765 0.012661 0.656946
v -1.225063 0.356083 0.687269
v -1.250286 0.328262 0.601501
v -1.199612 0.389652 0.565887
v -1.174481 0.417767 0.648142
v -0.937262 0.073664 0.706846
v -0.902789 0.118247 0.669034
v -0.917109 0.104472 0.604574
v -0.959305 0.062370 0.636819
v -1.077807 0.223368 0.701482
v -1.028107 0.278219 0.664541
v -1.054418 0.255995 0.587375
v -1.104211 0.201438 0.620803
v -1.192081 0.287663 0.653489
v -1.155686 0.364479 0.697213
v -1.165156 0.306138 0.573953
v -1.128831 0.382776 0.612978
v -1.180649 0.317489 0.691562
v -1.184542 0.283454 0.613083
v -1.145531 0.341463 0.574683
v -1.136146 0.387628 0.653949
v -1.162918 0.263210 0.656916
v -1.088609 0.303230 0.703930
v -1.063507 0.319586 0.621436
v -1.137413 0.279452 0.577549
v -1.135394 0.277051 0.695930
v -1.063743 0.318872 0.662126
v -1.100789 0.299984 0.581159
v -1.162792 0.263869 0.615789
v -1.014772 0.122575 0.670557
v -0.955128 0.159062 0.711611
v -0.932710 0.173766 0.634619
v -0.991260 0.137608 0.596678
v -0.992363 0.135617 0.706578
v -0.934354 0.173107 0.671339
v -0.961244 0.156491 0.598928
v -1.012963 0.123331 0.633121
v -1.039387 0.146057 0.668598
v -1.008437 0.218595 0.709433
v -0.983811 0.235029 0.629940
v -1.014583 0.162954 0.593798
v -1.029754 0.174777 0.704776
v -0.990925 0.240147 0.668088
v -0.997326 0.196838 0.594392
v -1.031782 0.142289 0.631254
v -1.436676 0.378553 0.661002
v -1.327164 0.328659 0.550366
v -1.255561 0.470115 0.566591
v -1.347887 0.505182 0.688754
v -0.934685 0.097259 0.347173
v -0.872717 0.109852 0.339472
v -0.949851 0.100342 0.304772
v -0.888866 0.112683 0.293121
v -1.031897 0.197153 0.368244
v -0.982561 0.248176 0.371542
v -1.008505 0.252303 0.277865
v -1.055297 0.200138 0.302491
v -1.174507 0.325138 0.384632
v -1.118875 0.384852 0.386924
v -1.146451 0.388382 0.287668
v -1.199367 0.327574 0.313973
v -0.904420 0.096454 0.349565
v -0.935908 0.082339 0.325939
v -0.924234 0.100886 0.294217
v -0.872418 0.107539 0.315278
v -1.272806 0.414603 0.428441
v -1.246161 0.370789 0.393765
v -1.147425 0.347213 0.400904
v -1.192888 0.437681 0.391462
v -1.272114 0.372700 0.319564
v -1.194046 0.319315 0.350730
v -1.329287 0.457751 0.287884
v -1.219363 0.441253 0.297458
v -1.181098 0.352123 0.286902
v -1.123308 0.397014 0.336209
v -1.006842 0.216839 0.384083
v -0.971151 0.128248 0.360108
v -0.931669 0.172731 0.360984
v -0.987416 0.258881 0.323871
v -0.953655 0.178153 0.281085
v -1.038567 0.222481 0.276600
v -0.992616 0.132008 0.300021
v -1.049673 0.193045 0.336562
v -1.107164 0.256131 0.377518
v -1.053566 0.313904 0.375605
v -1.078362 0.318234 0.287248
v -1.131437 0.258797 0.308971
v -0.899320 0.081278 0.320643
v -1.215080 0.403536 0.409500
v -1.267976 0.360467 0.358584
v -1.250206 0.407749 0.290751
v -1.197265 0.450672 0.343410
v -0.944801 0.147569 0.374777
v -0.936549 0.180090 0.320714
v -0.973942 0.154248 0.274849
v -0.989393 0.123224 0.331538
v -1.076200 0.284192 0.392526
v -1.057050 0.325755 0.330422
v -1.109087 0.289410 0.281317
v -1.128194 0.247707 0.345079
v -1.191061 0.335681 0.386809
v -1.157326 0.411772 0.387204
v -1.208095 0.332986 0.314687
v -1.175408 0.410014 0.294375
v -1.173373 0.368809 0.404290
v -1.205200 0.321439 0.352199
v -1.197438 0.365271 0.287887
v -1.160608 0.424069 0.339961
v -1.163486 0.313844 0.383488
v -1.093839 0.356760 0.379799
v -1.112135 0.353737 0.289736
v -1.181239 0.309217 0.312721
v -1.130739 0.332447 0.398941
v -1.091261 0.362546 0.333427
v -1.153989 0.328509 0.284882
v -1.184380 0.303978 0.350214
v -1.023181 0.187265 0.367080
v -0.967469 0.225876 0.365492
v -0.984827 0.222841 0.281358
v -1.039529 0.182998 0.301867
v -0.995813 0.204526 0.382428
v -0.967070 0.230726 0.322422
v -1.017875 0.200636 0.276042
v -1.040904 0.178380 0.336077
v -1.046350 0.208477 0.370027
v -1.017741 0.280130 0.371451
v -1.034892 0.277951 0.283978
v -1.062410 0.205615 0.303095
v -1.030875 0.240178 0.387011
v -1.021408 0.291527 0.327067
v -1.053471 0.236626 0.277597
v -1.058939 0.195406 0.337790
v -1.343302 0.347994 0.425476
v -1.407240 0.373738 0.288362
v -1.326779 0.515656 0.288263
v -1.268113 0.485867 0.436706
v -0.857983 0.029090 0.496438
v -0.785967 0.043665 0.501202
v -0.865704 0.039423 0.447544
v -0.793922 0.054343 0.447761
v -0.972878 0.140413 0.516236
v -0.915726 0.198845 0.531744
v -0.928183 0.213983 0.441029
v -0.984724 0.154400 0.440176
v -1.138206 0.284953 0.526657
v -1.073672 0.353306 0.543457
v -1.086759 0.368637 0.446349
v -1.150636 0.299072 0.445016
v -0.824190 0.027364 0.504508
v -0.854633 0.015516 0.470728
v -0.834292 0.041316 0.440743
v -0.780221 0.044818 0.474351
v -1.221598 0.336155 0.530779
v -1.109210 0.308882 0.548087
v -1.158702 0.413402 0.543106
v -1.234543 0.350186 0.445081
v -1.152806 0.283912 0.485069
v -1.171784 0.427872 0.452191
v -1.125922 0.328152 0.433922
v -1.069262 0.373223 0.493360
v -0.946091 0.161726 0.536492
v -0.902213 0.062716 0.508443
v -0.855698 0.114257 0.518532
v -0.912465 0.216651 0.484665
v -0.866748 0.128657 0.443861
v -0.962020 0.180820 0.429780
v -0.913124 0.076669 0.439078
v -0.985961 0.140963 0.477584
v -1.060282 0.206890 0.521161
v -0.997122 0.273725 0.532717
v -1.009469 0.288244 0.448082
v -1.072487 0.220966 0.441832
v -0.811951 0.014612 0.471481
v -1.187923 0.372221 0.553839
v -1.238528 0.330218 0.486795
v -1.205320 0.391369 0.434332
v -1.154852 0.433804 0.496219
v -0.873691 0.083779 0.527606
v -0.854125 0.127117 0.479085
v -0.888381 0.102829 0.429809
v -0.916523 0.061748 0.472993
v -1.026597 0.237739 0.542813
v -0.992862 0.292422 0.488784
v -1.043013 0.256952 0.431735
v -1.076888 0.202715 0.480452
v -1.157474 0.296783 0.527608
v -1.117362 0.384282 0.540803
v -1.160702 0.305203 0.445054
v -1.121134 0.392461 0.451803
v -1.139399 0.333175 0.550291
v -1.165794 0.286241 0.484993
v -1.144696 0.343096 0.434086
v -1.112434 0.403780 0.494816
v -1.125455 0.272179 0.525756
v -1.043703 0.322220 0.536147
v -1.048303 0.328581 0.449766
v -1.129785 0.278232 0.444167
v -1.089854 0.292214 0.546852
v -1.032309 0.334141 0.491148
v -1.094713 0.301351 0.433100
v -1.141726 0.266491 0.483976
v -0.962741 0.129264 0.515117
v -0.897268 0.174300 0.524633
v -0.902131 0.179707 0.444930
v -0.966713 0.134845 0.439902
v -0.933220 0.147869 0.534915
v -0.889086 0.184673 0.482724
v -0.938443 0.155851 0.429790
v -0.975921 0.124290 0.476531
v -0.989661 0.153177 0.517180
v -0.955583 0.235580 0.529828
v -0.959462 0.242477 0.446622
v -0.992919 0.160616 0.440333
v -0.973986 0.188066 0.538686
v -0.951713 0.253640 0.486676
v -0.979137 0.196910 0.430193
v -0.996746 0.143580 0.477571
v -1.089629 0.174843 0.182220
v -1.040852 0.189164 0.169623
v -1.107143 0.178873 0.145997
v -1.059707 0.193138 0.129979
v -1.154560 0.252497 0.212033
v -1.112256 0.298979 0.203051
v -1.142472 0.304366 0.130753
v -1.181785 0.257240 0.155821
v -1.268262 0.362562 0.242451
v -1.205570 0.405818 0.231535
v -1.252044 0.421358 0.154861
v -1.296434 0.366366 0.181749
v -1.065557 0.175663 0.181423
v -1.094810 0.163360 0.163183
v -1.088403 0.181265 0.134151
v -1.044155 0.188520 0.148019
v -1.316767 0.394731 0.257391
v -1.229358 0.371899 0.246041
v -1.267017 0.452014 0.247582
v -1.346260 0.398180 0.193715
v -1.288301 0.358049 0.213905
v -1.478696 0.481653 0.163645
v -1.300627 0.459362 0.170669
v -1.282289 0.388873 0.156788
v -1.213628 0.417395 0.194971
v -1.132335 0.270663 0.216008
v -1.113853 0.198254 0.197766
v -1.080201 0.238836 0.187471
v -1.120352 0.309141 0.169326
v -1.105291 0.244797 0.127072
v -1.168876 0.277747 0.132003
v -1.138704 0.203453 0.146429
v -1.173271 0.249771 0.185476
v -1.207395 0.297557 0.228468
v -1.161872 0.350218 0.214593
v -1.190438 0.355565 0.146816
v -1.235722 0.302145 0.169737
v -1.066849 0.164713 0.154930
v -1.284702 0.420982 0.265155
v -1.339158 0.386385 0.227893
v -1.328479 0.429727 0.167021
v -1.275458 0.464146 0.223540
v -1.090803 0.216245 0.200575
v -1.087584 0.245792 0.160271
v -1.124177 0.223937 0.123065
v -1.132581 0.194568 0.174015
v -1.179912 0.323124 0.231316
v -1.168448 0.361288 0.182921
v -1.217921 0.330001 0.143957
v -1.229144 0.291076 0.201411
v -1.279467 0.369992 0.245950
v -1.247137 0.436485 0.236175
v -1.302411 0.370182 0.183212
v -1.270907 0.436839 0.163626
v -1.261528 0.398888 0.252290
v -1.296367 0.358930 0.216220
v -1.293211 0.398529 0.159259
v -1.253380 0.447749 0.202596
v -1.245903 0.342792 0.239619
v -1.189279 0.383893 0.222626
v -1.213602 0.383500 0.152551
v -1.270036 0.341714 0.178128
v -1.217771 0.360466 0.242653
v -1.191773 0.390249 0.189238
v -1.249384 0.360316 0.151622
v -1.267786 0.335151 0.211710
v -1.148719 0.244713 0.209986
v -1.103146 0.281361 0.195831
v -1.125911 0.280682 0.131074
v -1.170948 0.243710 0.153458
v -1.124953 0.260989 0.213264
v -1.106982 0.286635 0.165598
v -1.154565 0.260521 0.129146
v -1.167709 0.237936 0.183955
v -1.164704 0.261149 0.215200
v -1.137181 0.323960 0.206903
v -1.160171 0.324192 0.139168
v -1.186822 0.261432 0.157140
v -1.148821 0.288840 0.221327
v -1.143830 0.334594 0.175997
v -1.179240 0.288787 0.134573
v -1.180189 0.251193 0.187502
v -1.497382 0.433262 0.209307
v -1.416916 0.551760 0.205621
v -1.852298 0.634059 0.634041
v -1.750430 0.783247 0.641363
v -1.771739 0.804974 0.295340
v -1.843073 0.708310 0.244433
v -1.885026 0.657253 0.340473
v -1.886612 0.640557 0.443841
v -1.708820 0.857300 0.551426
v -1.865928 0.653874 0.549747
v -1.679511 0.442915 0.715079
v -1.621114 0.518620 0.787152
v -1.520453 0.413354 0.703173
v -1.472666 0.474395 0.771181
v -1.516050 0.150492 0.854328
v -1.499443 0.164957 0.890912
v -1.467731 0.167507 0.844600
v -1.451486 0.192141 0.886376
v -1.581933 0.318337 0.794607
v -1.551946 0.355197 0.848839
v -1.462862 0.330942 0.825264
v -1.491850 0.295651 0.769963
v -1.794583 0.716016 0.664789
v -1.745749 0.534815 0.679920
v -1.680490 0.494310 0.756252
v -1.668787 0.623958 0.719908
v -1.505146 0.422555 0.675725
v -1.607259 0.410256 0.701554
v -1.449760 0.498862 0.717660
v -1.472469 0.440933 0.733018
v -1.534817 0.502900 0.801710
v -1.627179 0.392700 0.749035
v -1.584235 0.341169 0.821833
v -1.582913 0.448058 0.818473
v -1.505252 0.382091 0.725166
v -1.529183 0.296547 0.775434
v -1.467675 0.428140 0.793137
v -1.457667 0.307683 0.782230
v -1.489855 0.344325 0.851258
v -1.538719 0.208498 0.835383
v -1.512773 0.240205 0.883871
v -1.440689 0.227057 0.868097
v -1.466694 0.195539 0.817329
v -1.506778 0.147920 0.879234
v -1.483342 0.148846 0.851325
v -1.453212 0.167966 0.869778
v -1.464077 0.184419 0.901429
v -1.554249 0.617998 0.667800
v -1.812139 0.754337 0.239547
v -1.637991 0.643608 0.212911
v -1.697506 0.554958 0.209775
v -1.678919 0.447592 0.511679
v -1.677268 0.438533 0.646172
v -1.562973 0.686720 0.311369
v -1.700138 0.482802 0.305461
v -1.719383 0.864578 0.405900
v -1.662607 0.495043 0.422230
v -1.473481 0.154150 0.884597
v -1.528343 0.666854 0.610865
v -1.674155 0.602143 0.181025
v -1.684345 0.437872 0.596762
v -1.593738 0.678057 0.254978
v -1.702835 0.517514 0.240805
v -1.666796 0.507824 0.363851
v -1.677629 0.458389 0.459438
v -1.743322 0.609914 0.703136
v -1.636326 0.453900 0.676613
v -1.438491 0.443291 0.696647
v -1.550796 0.571601 0.738581
v -1.625305 0.425277 0.785188
v -1.570106 0.374181 0.731158
v -1.465124 0.402794 0.748762
v -1.514906 0.442157 0.826991
v -1.539202 0.228200 0.854511
v -1.468575 0.235505 0.888746
v -1.440729 0.209011 0.829221
v -1.503227 0.193417 0.821807
v -1.558530 0.275345 0.809675
v -1.533179 0.315334 0.858712
v -1.449197 0.310562 0.833782
v -1.476603 0.270811 0.782898
v -1.560486 0.297542 0.831316
v -1.483766 0.316197 0.861328
v -1.447431 0.289601 0.793881
v -1.518991 0.263139 0.792799
v -1.592556 0.341252 0.776130
v -1.560276 0.388728 0.834786
v -1.484501 0.316001 0.758645
v -1.455077 0.357586 0.815053
v -1.595873 0.371174 0.804839
v -1.538999 0.317930 0.764069
v -1.451665 0.331545 0.775355
v -1.498083 0.376628 0.843260
v -1.640697 0.405149 0.740684
v -1.600238 0.479739 0.804226
v -1.511057 0.394200 0.717174
v -1.470872 0.458078 0.778467
v -1.643019 0.447205 0.774282
v -1.579171 0.383018 0.723965
v -1.467251 0.423021 0.738157
v -1.525731 0.475273 0.813255
v -1.722985 0.507744 0.690555
v -1.640509 0.558494 0.760679
v -1.510237 0.419479 0.684241
v -1.466669 0.480980 0.755312
v -1.712116 0.550201 0.727360
v -1.629479 0.442819 0.682723
v -1.458361 0.440037 0.718370
v -1.539708 0.523136 0.782992
v -1.312290 0.321329 0.555594
v -1.246973 0.392086 0.561745
v -1.242465 0.455442 0.576440
v -1.261200 0.361096 0.547983
v -1.217132 0.394871 0.555062
v -1.232519 0.450493 0.558258
v -1.330756 0.342192 0.417191
v -1.265741 0.410634 0.421610
v -1.262375 0.477290 0.424033
v -1.308713 0.323447 0.431057
v -1.244078 0.393284 0.429774
v -1.255217 0.471802 0.443136
v -1.390462 0.375561 0.276894
v -1.299475 0.434569 0.272090
v -1.295912 0.485471 0.266570
v -1.391074 0.366188 0.293581
v -1.317615 0.444824 0.290876
v -1.319100 0.505248 0.295979
v -1.287331 0.533938 0.631015
v -1.257591 0.538683 0.501397
v -1.300972 0.562291 0.361105
v -1.340271 0.556374 0.247036
v -1.493820 0.399083 0.242150
v -1.441673 0.402216 0.364701
v -1.398153 0.393587 0.487589
v -1.455213 0.344611 0.597807
v -1.471776 0.391292 0.530397
v -1.467865 0.424384 0.427858
v -1.517635 0.415547 0.307962
v -1.361222 0.583289 0.560456
v -1.368221 0.593284 0.440377
v -1.396794 0.598614 0.308041
v -1.608144 0.807206 0.509054
v -1.615220 0.805936 0.456221
v -1.829812 0.567921 0.592831
v -1.825363 0.590505 0.534217
v -1.825665 0.604627 0.480892
v -1.769042 0.595489 0.438886
v -1.825214 0.634112 0.389995
v -1.853390 0.609628 0.335939
v -1.841735 0.641274 0.279416
v -1.853561 0.824459 0.246096
v -1.892656 0.774536 0.262507
v -1.923921 0.741060 0.271843
v -1.931427 0.699491 0.338346
v -1.918885 0.697521 0.434563
v -1.927819 0.664361 0.531123
v -1.898193 0.683768 0.615557
v -1.835767 0.770914 0.646593
v -1.794329 0.834632 0.640543
v -1.759403 0.900578 0.546106
v -1.770352 0.912113 0.400014
v -1.816313 0.867780 0.292722
v -2.053349 1.007446 0.271325
v -2.105250 0.954305 0.273467
v -2.124361 0.920548 0.312437
v -2.155920 0.861862 0.392835
v -2.144008 0.858549 0.501393
v -2.150920 0.828825 0.611046
v -2.127637 0.832288 0.662518
v -2.058720 0.921643 0.698595
v -2.008699 0.995671 0.674731
v -1.976599 1.053061 0.584719
v -1.977923 1.080844 0.443887
v -2.017034 1.048415 0.323705
v -2.026700 0.804580 0.309136
v -1.994026 0.856984 0.272444
v -1.951393 0.904920 0.269833
v -1.913566 0.949673 0.313041
v -1.870914 0.990083 0.416599
v -1.877373 0.955108 0.558327
v -1.906230 0.897180 0.655124
v -1.949308 0.835103 0.666535
v -2.011340 0.754403 0.635542
v -2.025638 0.759783 0.562553
v -2.023088 0.782545 0.457747
v -2.039810 0.777622 0.357584
v -2.217187 1.187802 0.275379
v -2.272934 1.136073 0.253470
v -2.342178 1.045365 0.312753
v -2.376483 0.982839 0.393244
v -2.382325 0.954683 0.502464
v -2.363206 0.961912 0.634096
v -2.324508 0.957423 0.716874
v -2.247097 1.060809 0.740933
v -2.205101 1.128629 0.697412
v -2.156219 1.207884 0.628965
v -2.151066 1.241010 0.487396
v -2.184266 1.216577 0.368477
v -1.852027 0.687468 0.296201
v -1.789943 0.650024 0.224440
v -1.764137 0.696942 0.218898
v -1.733269 0.718420 0.250160
v -1.852897 0.625751 0.441836
v -1.841645 0.631255 0.486121
v -1.857111 0.633698 0.392593
v -2.510786 1.505561 0.309425
v -2.561762 1.409348 0.261964
v -2.620494 1.295621 0.200834
v -2.668047 1.208860 0.253706
v -2.711379 1.182729 0.421250
v -2.734105 1.161617 0.601150
v -2.697892 1.178159 0.726765
v -2.623841 1.269960 0.788482
v -2.558228 1.379188 0.695208
v -2.497269 1.463779 0.659204
v -2.471471 1.526724 0.545279
v -2.487802 1.532587 0.389237
v -2.981538 1.322042 0.380583
v -2.935189 1.388925 0.269324
v -3.708942 1.912687 0.871310
v -3.711458 1.759123 0.705292
v -3.676083 1.704260 0.457084
v -3.603567 1.951484 0.044093
v -3.124367 1.682910 0.236552
v -3.064384 1.784682 0.256858
v -3.038474 1.907097 0.318928
v -3.026415 1.949212 0.447254
v -3.048750 1.933786 0.621201
v -3.124180 1.877457 0.788764
v -3.215977 1.825478 0.836472
v -3.313618 1.723667 0.791413
v -3.334164 1.666669 0.709694
v -3.338750 1.601146 0.641867
v -3.298789 1.556191 0.480996
v -3.213279 1.551487 0.293302
v -3.630218 2.117921 0.059846
v -3.605673 2.337213 0.148831
v -3.557371 2.458699 0.365062
v -3.527926 2.420230 0.697358
v -3.667939 2.117477 0.932943
v -3.001501 1.551700 0.239806
v -2.899014 1.640557 0.275104
v -2.873491 1.756202 0.337826
v -2.864491 1.786022 0.431196
v -2.856362 1.759681 0.591258
v -2.896813 1.685764 0.725778
v -2.956964 1.631685 0.741632
v -3.046602 1.534412 0.776295
v -3.095571 1.471838 0.682719
v -3.129868 1.416741 0.552265
v -3.116407 1.415136 0.385475
v -3.141091 1.513890 0.288439
v -2.656624 1.616205 0.331562
v -2.701252 1.468923 0.260445
v -2.870492 1.416211 0.771438
v -2.769428 1.510934 0.739943
v -2.725588 1.367079 0.183366
v -2.776459 1.279052 0.249396
v -2.885803 1.268178 0.371486
v -2.923101 1.297579 0.543968
v -2.942352 1.347254 0.691164
v -2.715509 1.562325 0.696552
v -2.640296 1.628448 0.571741
v -2.670084 1.662207 0.425813
v -2.875971 1.473221 0.235421
v -3.007175 1.439444 0.284177
v -2.902927 1.443265 0.221759
v -2.863064 1.338412 0.233243
v -2.965734 1.328821 0.320729
v -2.977326 1.480329 0.248882
v -2.861422 1.391693 0.214303
v -2.905946 1.311177 0.282505
v -3.024173 1.374707 0.330221
v -3.924539 -0.710868 -1.398662
v -3.948144 1.387463 -1.149939
v -3.607904 0.873175 -0.210805
v -3.541096 0.904606 -0.715451
v -3.908231 1.338432 0.331856
v -3.625486 1.455207 -0.010350
v -3.611796 1.658605 -0.484259
v -4.039159 2.041018 -0.794922
v -4.110520 2.537153 -0.403566
v -4.081424 2.284862 -0.622584
v -3.992751 1.755007 -0.966713
v -3.565592 1.324605 -0.591989
v -3.608012 1.183775 -0.102545
v -3.945282 1.112443 0.234148
v -3.633088 0.547582 -0.404900
v -3.899179 0.519868 -0.127108
v -3.613941 0.538929 -0.826753
v -3.912867 0.889974 0.191729
v -3.689428 0.212861 -0.640228
v -3.978618 0.060140 -0.487773
v -3.758066 -0.060261 -0.865895
v -4.219561 -0.075866 -0.631202
v -3.938408 0.873170 -1.254592
v -3.797098 0.519581 -0.187413
v -3.821476 0.153877 -0.475096
v -3.908539 -0.063480 -0.679277
v -4.064379 -0.807942 -1.492707
v -4.458931 -0.078692 -0.540816
v -4.021018 -0.567764 -1.165283
v -3.839720 -0.369486 -1.151743
v -4.144216 -0.174073 -1.474922
v -4.223895 -0.544587 -1.516361
v -3.825853 -0.232886 -1.324144
v -3.917523 -0.537975 -1.414355
v -3.767676 -3.372434 -0.406337
v -3.712586 -3.334492 -0.297783
v -3.712586 -3.272708 -0.165320
v -3.768787 -3.236228 -0.058153
v -3.877153 -3.226804 -0.009701
v -3.980674 -3.252343 -0.065423
v -4.063497 -3.283874 -0.165318
v -4.034656 -3.334492 -0.297785
v -3.962554 -3.372434 -0.406337
v -3.856840 -3.386983 -0.447885
v -3.917909 0.756439 0.158369
v -4.014936 0.723685 0.470381
v -4.296827 0.373554 0.564374
v -4.383713 0.000896 0.416503
v -4.523760 -0.222081 0.178236
v -4.523760 -0.211384 -0.123884
v -3.800411 -0.704794 -0.356776
v -4.021689 -0.704839 -0.440901
v -4.242967 -0.683744 -0.356776
v -4.468613 -0.652149 -0.136529
v -4.459081 -0.647006 0.141830
v -4.265186 -0.672416 0.355103
v -4.044579 -0.697462 0.503994
v -3.844103 -0.711016 0.375764
v -3.681018 -0.708752 0.174084
v -3.654936 -0.708896 -0.136531
v -4.175519 -1.598045 0.298052
v -4.037712 -1.650155 0.408471
v -3.874768 -1.667212 0.298966
v -3.776797 -2.100356 -0.363895
v -3.945182 -2.052132 -0.424768
v -4.113832 -2.101254 -0.358791
v -4.218383 -2.175574 -0.191165
v -4.217229 -2.173424 0.014079
v -4.104089 -2.115812 0.178551
v -3.969189 -2.069239 0.239424
v -3.773457 -2.106854 0.173446
v -3.654990 -2.160901 0.005194
v -3.655031 -2.149881 -0.200051
v -3.802356 -1.665671 -0.219766
v -3.950718 -1.635121 -0.280206
v -4.098253 -1.634695 -0.216887
v -4.180919 -1.665163 -0.060085
v -4.176558 -1.714468 0.129215
v -4.169006 -1.766634 0.264277
v -4.023674 -1.851820 0.320880
v -3.872933 -1.803483 0.290929
v -3.693102 -1.755424 0.130523
v -3.705495 -1.712842 -0.065441
v -3.806430 -1.522195 -0.210694
v -3.959542 -1.518452 -0.272155
v -4.112236 -1.486926 -0.209279
v -4.208123 -1.434803 -0.045462
v -4.236106 -1.393579 0.139253
v -4.215106 -1.354354 0.308932
v -4.063128 -1.347712 0.439937
v -3.920752 -1.414217 0.341548
v -3.693451 -1.462657 0.157908
v -3.705955 -1.504628 -0.040842
v -4.115306 -1.626183 0.368900
v -4.046867 -1.498177 0.421739
v -3.947583 -1.662689 0.385657
v -4.030861 -1.758819 0.386154
v -4.110072 -1.496542 0.385074
v -3.973194 -1.526574 0.406736
v -3.970023 -1.745946 0.370758
v -4.093505 -1.729601 0.358110
v -4.075161 3.560756 1.768962
v -4.092075 3.580134 1.022354
v -3.971102 2.743226 1.617790
v -3.866024 3.122387 0.690968
v -4.446488 3.269901 2.282496
v -4.408397 2.771781 2.758420
v -4.442960 3.114679 2.773283
v -4.558473 2.563948 3.311682
v -4.500542 2.863707 3.225529
v -4.358095 3.336911 2.154958
v -4.274229 2.774442 2.035480
v -4.221542 2.793898 1.890020
v -4.407223 2.655041 2.126462
v -4.211879 3.407267 2.031564
v -4.339744 3.120357 2.143026
v -4.467129 3.457924 2.275734
v -4.325076 2.839402 2.459423
v -4.357792 3.050508 2.250017
v -4.453900 3.231827 2.467320
v -4.387794 2.904780 2.761435
v -4.536140 3.377098 2.381553
v -4.509837 3.234912 2.835138
v -4.510032 2.640878 3.190082
v -4.455619 2.971052 3.106357
v -4.406928 3.300465 2.243781
v -4.293312 2.802568 2.084767
v -3.822287 2.996919 1.143025
v -4.017305 3.480294 0.889841
v -4.053286 3.565735 1.372334
v -4.065700 3.233495 1.611400
v -4.624270 2.520205 3.366647
v -4.508624 2.723404 3.274269
v -4.550832 2.901676 3.250054
v -4.325740 3.696643 1.822421
v -4.270123 3.720705 0.936257
v -4.122221 3.295097 0.364089
v -4.249170 1.583146 1.122040
v -3.993703 1.346620 0.597664
v -3.858288 2.241500 1.153988
v -3.761908 2.658492 0.285245
v -4.277561 2.466919 1.839895
v -3.886980 2.409550 1.300637
v -3.834313 2.837686 0.491785
v -3.989705 3.383129 1.178685
v -4.586982 2.703836 3.327239
v -4.297898 3.767808 1.376827
v -4.223265 3.636198 0.646960
v -4.201986 1.394974 0.909366
v -4.211336 1.998801 1.456663
v -3.666734 2.543328 0.799835
v -4.145777 2.797055 -0.068228
v -4.220319 2.179710 1.585132
v -3.723199 2.688989 0.923310
v -4.136722 3.015883 0.171875
v -4.240341 1.764902 1.290780
v -4.357298 2.565976 1.999812
v -4.297707 3.139796 2.046985
v -4.392648 3.554492 2.144783
v -4.362226 2.986664 2.453504
v -4.522275 3.341702 2.563922
v -4.469232 2.762046 3.176866
v -4.519304 3.080005 3.104551
v -4.527171 3.404398 2.326574
v -4.338209 3.082132 2.187749
v -4.424158 2.694204 2.196922
v -3.840597 -0.473704 -0.428023
v -4.071982 -0.543209 -0.470385
v -4.328643 -0.465441 -0.434313
v -4.506456 -0.423528 -0.172897
v -4.482506 -0.362973 0.166587
v -4.352145 -0.223185 0.387992
v -4.187936 0.200547 0.540303
v -3.951213 0.411043 0.445705
v -3.839055 0.368022 0.184063
v -3.754190 -0.306406 -0.183400
v -3.771791 -2.374134 -0.394278
v -3.664808 -2.420974 -0.231414
v -3.645295 -2.430524 -0.027860
v -3.761384 -2.380803 0.138634
v -3.924717 -2.348411 0.203637
v -4.089411 -2.398197 0.142836
v -4.150154 -2.456655 -0.020545
v -4.130608 -2.459119 -0.224098
v -4.074385 -2.385758 -0.390075
v -3.922299 -2.334310 -0.455079
v -3.730025 -3.554122 -0.433967
v -3.671370 -3.515029 -0.297782
v -3.695414 -3.476083 -0.165319
v -3.742074 -3.408358 -0.036061
v -3.873724 -3.387177 0.023720
v -3.968683 -3.425278 -0.034971
v -4.029926 -3.477287 -0.165318
v -4.027434 -3.524137 -0.297784
v -3.964154 -3.545913 -0.433966
v -3.833843 -3.568288 -0.475516
v -3.746056 -3.813165 -0.471439
v -3.693447 -3.813165 -0.388589
v -3.577533 -3.813163 0.246207
v -3.651265 -3.619789 0.343816
v -3.885908 -3.570828 0.378702
v -4.009896 -3.622540 0.335378
v -4.061490 -3.813164 0.248247
v -4.058107 -3.805165 -0.216813
v -3.975658 -3.813162 -0.471438
v -3.831774 -3.813163 -0.515737
v -3.591823 -3.697807 0.591272
v -3.893805 -3.650279 0.636649
v -4.075310 -3.683876 0.617756
v -3.537481 -3.813164 0.585123
v -4.097233 -3.814948 0.618750
v -3.768411 -3.116068 -0.399187
v -3.704045 -3.147351 -0.298872
v -3.700557 -3.166813 -0.167779
v -3.767464 -3.183440 -0.061779
v -3.885656 -3.193781 -0.016800
v -4.000113 -3.196849 -0.071998
v -4.055303 -3.198934 -0.168528
v -4.051809 -3.154055 -0.300433
v -3.982545 -3.118266 -0.399389
v -3.868542 -3.100715 -0.435900
v -3.613807 -3.729979 0.162896
v -3.604972 -3.813165 0.095944
v -3.660155 -3.595820 0.303018
v -3.885175 -3.553695 0.349420
v -4.006729 -3.601194 0.297404
v -4.057946 -3.729420 0.163481
v -4.065213 -3.813164 0.095942
v -3.640053 -3.634505 0.390492
v -3.886531 -3.577548 0.399051
v -4.022664 -3.634512 0.390491
v -3.563154 -3.813164 0.367885
v -4.073024 -3.813740 0.367803
v -4.044951 0.820742 0.443074
v -4.298507 0.603716 0.633726
v -4.005501 3.320237 1.357321
v -4.016286 3.348435 1.710575
v -4.291355 3.126562 1.910947
v -3.911387 2.923792 1.634614
v -4.031231 3.399925 1.466915
v -4.143370 3.267448 1.914358
v -4.127463 2.874053 1.857734
v -3.856753 3.063384 1.329932
v -3.890444 -0.201082 -0.470926
v -3.804953 0.062518 -0.183262
v -3.855850 0.578306 0.179150
v -3.994740 0.571001 0.449910
v -4.206254 0.302536 0.544160
v -4.364772 -0.155029 0.386464
v -4.499007 -0.317673 0.173468
v -4.513378 -0.348523 -0.151785
v -4.396961 -0.264972 -0.509352
v -4.186660 -0.294603 -0.544375
v -3.609013 -3.741947 0.729349
v -3.862451 -3.694419 0.774725
v -3.907385 -3.674743 0.791623
v -4.063453 -3.713780 0.757170
v -3.570437 -3.813164 0.722289
v -4.078391 -3.814948 0.787937
v -3.893805 -3.813740 0.635583
v -3.891824 -3.814948 0.813741
v -3.873968 -3.814948 0.774725
v -3.806331 -3.813164 -0.349862
v -3.872485 -3.813164 0.095943
v -3.884535 -3.813164 0.247511
v -3.889186 -3.813570 0.367827
v -3.937381 1.947049 1.127916
v -3.805638 2.442755 -0.069981
v -3.763299 2.223392 -0.274969
v -3.674572 1.940631 -0.327245
v -3.644430 1.672617 0.068146
v -3.769558 1.535011 0.373475
v -3.891427 1.536625 0.649178
v -3.975576 1.616227 0.862221
v -3.971636 1.744787 1.012592
v -3.459074 1.898918 0.187627
v -3.345490 2.010582 0.224826
v -3.246496 2.079702 0.283481
v -3.183959 2.136343 0.441027
v -3.217702 2.117613 0.652427
v -3.410611 1.983080 0.875779
v -3.538040 1.856437 0.838655
v -3.612750 1.756251 0.686467
v -3.602948 1.715875 0.488290
v -3.595159 1.789715 0.766610
v -3.706564 1.832203 0.808720
v -3.322110 2.056868 0.834454
v -3.634154 2.229338 0.862685
v -3.558191 1.782723 0.233275
v -3.647718 1.784960 0.193041
v -3.563675 1.930887 0.142095
v -3.471409 2.075841 0.189174
v -3.385059 2.209947 0.271253
v -3.325988 2.290492 0.415855
v -3.352270 2.254643 0.674675
v -3.464502 2.150699 0.846432
v -3.544317 2.065428 0.924770
v -3.624946 1.926891 0.858740
v -3.667712 1.833050 0.772403
v -3.678178 1.783085 0.699228
v -3.648819 1.730970 0.472885
v -3.621344 1.807490 0.195386
v -3.760101 0.020025 -1.180717
v -4.002952 0.483019 -1.337642
v -3.701716 0.252821 -1.016714
v -4.051568 0.224967 -1.395647
v -4.088434 0.039835 -1.432613
v -2.814758 1.567432 0.268859
v -2.761919 1.682211 0.334867
v -2.758880 1.702489 0.427995
v -3.035412 1.367489 0.526076
v -3.693235 -1.644271 0.140920
v -4.202837 -1.572858 0.133645
v -4.029705 1.159731 0.475979
v -4.270679 1.064782 0.745919
v -4.036302 0.944541 0.425637
v -4.286983 0.799221 0.668025
v -4.611291 2.592711 3.362415
v -4.523770 2.645966 3.308494
v -4.466660 2.708903 3.192740
v -4.373827 2.859106 2.763362
v -4.266619 2.946292 2.461277
v -4.273301 2.965899 2.157007
v -4.273242 2.958037 2.098998
v -4.280202 2.955244 2.046377
v -4.226668 2.960104 1.996624
v -4.132106 2.967454 1.945326
v -3.926423 3.123766 1.627439
v -3.912951 3.207278 1.303122
v -3.924498 3.220450 1.096335
v -3.930583 3.320714 0.785567
v -4.179200 3.488195 0.474377
v -4.268313 -0.606150 -1.154854
v -4.428806 -0.937067 -1.564404
v -4.427279 3.160400 2.462453
v -4.380785 2.994068 2.450222
v -4.396092 3.143365 2.367298
v -4.410666 2.991898 2.551522
v -4.434593 3.092240 2.565982
v -4.372846 3.059395 2.340903
v -4.420410 3.041590 2.327966
v -4.438094 3.085702 2.331589
v -4.462767 3.085968 2.365503
v -4.440351 3.009038 2.367719
v -4.472579 3.008426 2.403562
v -4.487655 3.059224 2.403984
v -4.309032 2.871591 2.125726
v -4.395883 2.844807 2.495595
v -4.452328 2.793782 2.748591
v -4.510037 2.717840 2.981658
v -4.558661 2.660513 3.186184
v -4.574804 2.629963 3.238820
v -4.332610 2.847260 2.124472
v -4.424633 2.823875 2.494511
v -4.478483 2.763548 2.748730
v -4.538999 2.711786 2.952743
v -4.613347 2.667696 3.081630
v -4.541442 2.715624 2.754762
v -4.536422 2.755938 2.489076
v -4.492494 2.759902 2.214082
v -4.333554 2.843337 2.460952
v -4.422784 2.766675 2.762733
v -4.521454 2.642591 3.193777
v -4.573909 2.557817 3.312037
v -4.625774 2.517464 3.355824
v -4.385023 3.007133 2.174179
v -4.454216 2.959877 2.452474
v -4.486773 2.882023 2.740469
v -4.505978 2.723110 3.172066
v -4.560780 2.664706 3.291847
v -4.619105 2.647310 3.321304
v -4.532933 3.104519 2.201449
v -4.579783 3.062511 2.450941
v -4.561430 2.981596 2.750730
v -4.525996 2.803853 3.162504
v -4.570928 2.756024 3.257477
v -4.599908 2.712509 3.303391
v -4.244187 2.332695 1.700083
v -3.912520 2.577566 1.432441
v -3.755696 2.829001 1.026507
v -3.839706 2.979144 0.607364
v -4.110088 3.150511 0.269376
v -3.663395 2.369494 0.087071
v -3.620354 2.509312 0.353723
v -3.576439 2.461260 0.726150
v -3.706036 2.245855 0.958186
v -3.773299 2.039675 1.005355
v -3.814389 1.846797 0.929590
v -3.821918 1.749302 0.824367
v -3.785273 1.666641 0.667922
v -3.701774 1.655464 0.414657
v -3.648618 1.762352 0.158985
v -3.620297 1.954388 -0.053084
v -3.658449 2.169136 -0.049667
v -3.581589 1.942099 0.095433
v -3.544616 2.093028 0.128878
v -3.484865 2.267230 0.215512
v -3.432943 2.368358 0.388948
v -3.433419 2.335779 0.686203
v -3.539407 2.185420 0.853608
v -3.598899 2.088409 0.928379
v -3.662032 1.920619 0.864290
v -3.684866 1.837291 0.782872
v -3.692872 1.772506 0.701906
v -3.660857 1.719177 0.465909
v -3.633909 1.797094 0.192677
v -4.493833 -0.765795 -1.546349
v -4.266812 -0.887829 -1.533795
v -4.445640 -0.624656 -1.162545
v -4.394252 -0.685870 -1.540437
v -4.456378 2.951365 2.053329
v -4.479650 2.927034 2.052074
v -4.436540 3.032276 2.108884
v -4.499599 2.871378 2.082346
v -4.523142 3.104519 2.111580
v -4.537943 3.048642 2.084146
v -4.196322 2.993347 1.808005
v -4.231378 2.995499 1.813933
v -4.256392 2.996550 1.839392
v -4.261809 2.996098 1.874657
v -4.245561 2.994316 1.906260
v -4.213853 2.991884 1.922128
v -4.178798 2.989733 1.916200
v -4.153784 2.988682 1.890741
v -4.148366 2.989134 1.855476
v -4.164615 2.990916 1.823873
v -4.186065 3.021191 1.756420
v -4.252746 3.025284 1.767695
v -4.300325 3.027282 1.816121
v -4.310629 3.026423 1.883200
v -4.279724 3.023034 1.943311
v -4.219412 3.018409 1.973494
v -4.152732 3.014316 1.962219
v -4.105153 3.012317 1.913794
v -4.094848 3.013177 1.846714
v -4.125754 3.016567 1.786603
v -4.176131 3.064055 1.715399
v -4.267909 3.069689 1.730917
v -4.333396 3.072439 1.797569
v -4.347579 3.071256 1.889896
v -4.305041 3.066591 1.972632
v -4.222030 3.060226 2.014175
v -4.130252 3.054592 1.998656
v -4.064765 3.051842 1.932005
v -4.050582 3.053025 1.839678
v -4.093120 3.057690 1.756942
v -4.167492 3.117743 1.688956
v -4.275383 3.124366 1.707199
v -4.352368 3.127600 1.785553
v -4.369041 3.126209 1.894089
v -4.319035 3.120725 1.991351
v -4.221449 3.113242 2.040188
v -4.113558 3.106619 2.021945
v -4.036573 3.103386 1.943591
v -4.019900 3.104777 1.835055
v -4.069906 3.110261 1.737792
v -4.160994 3.177000 1.679680
v -4.274436 3.183964 1.698862
v -4.355383 3.187364 1.781248
v -4.372915 3.185902 1.895370
v -4.320335 3.180135 1.997638
v -4.217727 3.172268 2.048988
v -4.104284 3.165304 2.029806
v -4.023337 3.161904 1.947420
v -4.005806 3.163366 1.833297
v -4.058386 3.169133 1.731030
v -4.157272 3.236026 1.688480
v -4.265162 3.242649 1.706723
v -4.342147 3.245882 1.785077
v -4.358821 3.244491 1.893613
v -4.308815 3.239007 1.990875
v -4.211228 3.231525 2.039712
v -4.103338 3.224902 2.021469
v -4.026353 3.221668 1.943115
v -4.009680 3.223059 1.834579
v -4.059686 3.228543 1.737317
v -4.156691 3.289042 1.714493
v -4.248468 3.294676 1.730012
v -4.313955 3.297426 1.796663
v -4.328139 3.296243 1.888990
v -4.285601 3.291578 1.971726
v -4.202590 3.285213 2.013269
v -4.110812 3.279579 1.997751
v -4.045325 3.276829 1.931099
v -4.031141 3.278012 1.838772
v -4.073679 3.282677 1.756036
v -4.159308 3.330859 1.755174
v -4.225988 3.334952 1.766449
v -4.273568 3.336951 1.814874
v -4.283873 3.336091 1.881954
v -4.252967 3.332701 1.942065
v -4.192655 3.328077 1.972247
v -4.125975 3.323984 1.960973
v -4.078396 3.321985 1.912547
v -4.068091 3.322845 1.845468
v -4.098997 3.326234 1.785357
v -4.164867 3.357383 1.806540
v -4.199923 3.359535 1.812468
v -4.224937 3.360586 1.837927
v -4.230354 3.360134 1.873192
v -4.214106 3.358352 1.904795
v -4.182399 3.355921 1.920663
v -4.147343 3.353769 1.914735
v -4.122329 3.352718 1.889276
v -4.116911 3.353170 1.854011
v -4.133160 3.354952 1.822408
v -4.205897 2.983249 1.865104
v -4.172823 3.366019 1.863564
vt 0.374827 0.733924
vt 0.374807 0.737459
vt 0.369745 0.737397
vt 0.370362 0.733891
vt 0.377499 0.733969
vt 0.376952 0.737684
vt 0.363819 0.736256
vt 0.363578 0.734119
vt 0.374771 0.731207
vt 0.370433 0.731230
vt 0.381150 0.733987
vt 0.380623 0.737687
vt 0.377679 0.731004
vt 0.363980 0.732569
vt 0.374900 0.727576
vt 0.361725 0.783917
vt 0.385036 0.733988
vt 0.384553 0.737779
vt 0.380625 0.731095
vt 0.365879 0.790279
vt 0.361321 0.774501
vt 0.360142 0.777803
vt 0.389020 0.733994
vt 0.389228 0.737704
vt 0.385325 0.730984
vt 0.392751 0.734014
vt 0.392255 0.737807
vt 0.389221 0.731040
vt 0.385418 0.727168
vt 0.366782 0.791614
vt 0.393026 0.730961
vt 0.390210 0.726891
vt 0.396002 0.731074
vt 0.396452 0.733950
vt 0.393164 0.726868
vt 0.400337 0.730830
vt 0.400244 0.733794
vt 0.406517 0.728208
vt 0.412144 0.733945
vt 0.377439 0.808064
vt 0.375555 0.803678
vt 0.408313 0.727381
vt 0.420337 0.732230
vt 0.406947 0.725328
vt 0.415541 0.723356
vt 0.430532 0.743419
vt 0.449497 0.748547
vt 0.380104 0.810383
vt 0.402078 0.725773
vt 0.405959 0.718049
vt 0.403187 0.720456
vt 0.444180 0.741492
vt 0.414893 0.716333
vt 0.407739 0.715220
vt 0.400012 0.718478
vt 0.402441 0.715937
vt 0.426463 0.723798
vt 0.446534 0.738598
vt 0.416604 0.716387
vt 0.403756 0.713117
vt 0.396590 0.716521
vt 0.399039 0.713872
vt 0.425769 0.715354
vt 0.455846 0.740658
vt 0.416770 0.714951
vt 0.401196 0.711396
vt 0.393939 0.714788
vt 0.395649 0.711774
vt 0.418693 0.706886
vt 0.415523 0.708235
vt 0.412784 0.712168
vt 0.412766 0.711730
vt 0.397680 0.709282
vt 0.389643 0.712273
vt 0.392043 0.709581
vt 0.428771 0.708753
vt 0.421563 0.704429
vt 0.413612 0.705380
vt 0.416648 0.703990
vt 0.394169 0.707057
vt 0.386127 0.710018
vt 0.388516 0.707434
vt 0.429957 0.709011
vt 0.435095 0.716331
vt 0.419153 0.701572
vt 0.411472 0.702592
vt 0.414612 0.701132
vt 0.389844 0.704555
vt 0.382790 0.707942
vt 0.385215 0.705376
vt 0.430718 0.704877
vt 0.434483 0.709690
vt 0.378721 0.841778
vt 0.427342 0.704278
vt 0.417704 0.699379
vt 0.409880 0.700295
vt 0.412554 0.698273
vt 0.387276 0.702870
vt 0.381010 0.706572
vt 0.382816 0.703844
vt 0.432649 0.701318
vt 0.430589 0.701014
vt 0.427953 0.702306
vt 0.415586 0.696520
vt 0.407210 0.696820
vt 0.410362 0.695290
vt 0.384494 0.701390
vt 0.376470 0.703679
vt 0.378756 0.701334
vt 0.427705 0.700880
vt 0.430487 0.698877
vt 0.433072 0.698683
vt 0.413519 0.693536
vt 0.405111 0.693815
vt 0.408230 0.692372
vt 0.380525 0.699007
vt 0.371927 0.699157
vt 0.372665 0.697767
vt 0.427220 0.698470
vt 0.429529 0.695093
vt 0.432151 0.695055
vt 0.410877 0.690057
vt 0.403098 0.691009
vt 0.406251 0.689585
vt 0.373933 0.696573
vt 0.369855 0.700306
vt 0.339195 0.804221
vt 0.429159 0.693047
vt 0.431599 0.692512
vt 0.409379 0.687830
vt 0.402108 0.689306
vt 0.404808 0.687541
vt 0.428389 0.689874
vt 0.430986 0.689833
vt 0.435788 0.695761
vt 0.434714 0.692014
vt 0.407611 0.685707
vt 0.399391 0.685417
vt 0.402356 0.684170
vt 0.427890 0.687199
vt 0.430405 0.687211
vt 0.434173 0.689355
vt 0.405203 0.682448
vt 0.397602 0.680022
vt 0.398702 0.679130
vt 0.427370 0.684696
vt 0.429901 0.684757
vt 0.433370 0.686220
vt 0.400194 0.678592
vt 0.395563 0.680170
vt 0.341762 0.837046
vt 0.427229 0.683211
vt 0.429516 0.682896
vt 0.432990 0.684236
vt 0.424740 0.684377
vt 0.368051 0.857678
vt 0.426570 0.679666
vt 0.428840 0.679765
vt 0.432390 0.682243
vt 0.424516 0.678789
vt 0.426800 0.675289
vt 0.428049 0.675181
vt 0.431718 0.679264
vt 0.425346 0.674522
vt 0.365824 0.867469
vt 0.429451 0.675254
vt 0.396747 0.769128
vt 0.415593 0.781556
vt 0.413213 0.782259
vt 0.396485 0.767830
vt 0.415403 0.783893
vt 0.413783 0.784395
vt 0.410290 0.786175
vt 0.397826 0.765326
vt 0.399694 0.767101
vt 0.412448 0.786979
vt 0.400461 0.758878
vt 0.402869 0.761226
vt 0.404935 0.763767
vt 0.410713 0.792755
vt 0.401788 0.757658
vt 0.404558 0.760340
vt 0.406782 0.762554
vt 0.407150 0.795464
vt 0.406088 0.758781
vt 0.409063 0.761404
vt 0.405183 0.800329
vt 0.410859 0.755797
vt 0.409712 0.796529
vt 0.410852 0.795180
vt 0.413510 0.759042
vt 0.409599 0.752154
vt 0.412878 0.754110
vt 0.408275 0.802363
vt 0.415849 0.757810
vt 0.410981 0.751472
vt 0.413996 0.753213
vt 0.407981 0.803645
vt 0.417787 0.756838
vt 0.403054 0.803242
vt 0.414338 0.751813
vt 0.407381 0.805779
vt 0.419348 0.755633
vt 0.410929 0.748629
vt 0.415201 0.748197
vt 0.423215 0.752956
vt 0.423998 0.809226
vt 0.419189 0.810069
vt 0.417622 0.806504
vt 0.421648 0.806050
vt 0.429683 0.763559
vt 0.422786 0.814509
vt 0.417200 0.805240
vt 0.418921 0.766092
vt 0.422693 0.760452
vt 0.419620 0.761484
vt 0.430675 0.815187
vt 0.424717 0.816474
vt 0.416481 0.800715
vt 0.414511 0.767493
vt 0.417052 0.762276
vt 0.442247 0.761275
vt 0.433189 0.823893
vt 0.416949 0.798481
vt 0.419444 0.798811
vt 0.412794 0.764237
vt 0.415592 0.815433
vt 0.414936 0.811835
vt 0.416870 0.794779
vt 0.418900 0.795585
vt 0.410390 0.765476
vt 0.427332 0.824966
vt 0.414397 0.818903
vt 0.417424 0.789389
vt 0.403287 0.772078
vt 0.407334 0.766599
vt 0.432385 0.830216
vt 0.426694 0.829220
vt 0.412041 0.824634
vt 0.417108 0.784917
vt 0.396250 0.773394
vt 0.402029 0.769321
vt 0.437237 0.827121
vt 0.435988 0.833376
vt 0.426025 0.832991
vt 0.428387 0.833496
vt 0.410994 0.828238
vt 0.396917 0.771886
vt 0.128050 0.060599
vt 0.263398 0.061463
vt 0.430260 0.837668
vt 0.434399 0.840315
vt 0.421186 0.834831
vt 0.410326 0.831918
vt 0.249771 0.064038
vt 0.428292 0.845184
vt 0.432768 0.846896
vt 0.424780 0.839545
vt 0.409875 0.836075
vt 0.271040 0.078364
vt 0.256424 0.081679
vt 0.236922 0.066205
vt 0.242194 0.085059
vt 0.432902 0.852810
vt 0.229646 0.067317
vt 0.228414 0.087495
vt 0.274391 0.568453
vt 0.273432 0.603138
vt 0.233034 0.603009
vt 0.235244 0.576192
vt 0.325391 0.554613
vt 0.326482 0.596230
vt 0.273581 0.631074
vt 0.231572 0.626938
vt 0.184053 0.600140
vt 0.188232 0.578312
vt 0.244307 0.546536
vt 0.277585 0.537846
vt 0.327543 0.522376
vt 0.323667 0.628574
vt 0.270556 0.657180
vt 0.231272 0.646401
vt 0.182688 0.623162
vt 0.160311 0.587680
vt 0.222004 0.546104
vt 0.257293 0.515363
vt 0.288120 0.511365
vt 0.329293 0.500761
vt 0.320260 0.654941
vt 0.249317 0.665963
vt 0.226677 0.655831
vt 0.191497 0.644889
vt 0.160417 0.610089
vt 0.156695 0.575566
vt 0.465700 0.474026
vt 0.499684 0.451844
vt 0.240179 0.511304
vt 0.269884 0.489116
vt 0.296712 0.489469
vt 0.330657 0.485219
vt 0.316235 0.678412
vt 0.277325 0.680849
vt 0.250263 0.341747
vt 0.272262 0.322231
vt 0.203199 0.654655
vt 0.256640 0.683104
vt 0.156765 0.632553
vt 0.163357 0.653885
vt 0.122892 0.607128
vt 0.123501 0.578855
vt 0.122175 0.558897
vt 0.430584 0.469257
vt 0.466050 0.453943
vt 0.509641 0.402320
vt 0.250027 0.487673
vt 0.303652 0.466339
vt 0.286794 0.458390
vt 0.333483 0.467201
vt 0.309328 0.704187
vt 0.271431 0.704794
vt 0.249512 0.334335
vt 0.270044 0.321373
vt 0.305090 0.302824
vt 0.233179 0.353119
vt 0.171380 0.668713
vt 0.253075 0.703067
vt 0.144068 0.668004
vt 0.121042 0.645320
vt 0.398064 0.432103
vt 0.433265 0.452859
vt 0.467382 0.431774
vt 0.513173 0.363182
vt 0.544784 0.377926
vt 0.546965 0.407343
vt 0.279576 0.437628
vt 0.304395 0.426041
vt 0.307745 0.439746
vt 0.297425 0.736272
vt 0.252675 0.733156
vt 0.229331 0.338631
vt 0.249161 0.327236
vt 0.268205 0.320247
vt 0.304137 0.300064
vt 0.334807 0.285643
vt 0.206276 0.363179
vt 0.159580 0.681756
vt 0.237984 0.722993
vt 0.106888 0.670954
vt 0.136616 0.686332
vt 0.436701 0.435456
vt 0.511575 0.319691
vt 0.479521 0.318487
vt 0.542627 0.348423
vt 0.287076 0.760562
vt 0.250063 0.772465
vt 0.203459 0.343546
vt 0.224374 0.327103
vt 0.303419 0.297874
vt 0.332756 0.283443
vt 0.058765 0.307034
vt 0.175878 0.362508
vt 0.154826 0.695122
vt 0.197612 0.751075
vt 0.188262 0.761532
vt 0.134750 0.709889
vt 0.099705 0.694641
vt 0.452409 0.318081
vt 0.538258 0.322971
vt 0.486073 0.239609
vt 0.508500 0.234694
vt 0.282970 0.791937
vt 0.246224 0.786118
vt 0.211350 0.777375
vt 0.177158 0.342719
vt 0.199986 0.327542
vt 0.331201 0.281729
vt 0.060415 0.302968
vt 0.167255 0.700606
vt 0.201976 0.745719
vt 0.156018 0.716173
vt 0.143344 0.739358
vt 0.167692 0.734934
vt 0.094357 0.722655
vt 0.453700 0.244851
vt 0.531212 0.231916
vt 0.486564 0.220622
vt 0.279806 0.804718
vt 0.245388 0.798867
vt 0.210387 0.790989
vt 0.133046 0.759236
vt 0.140012 0.336073
vt 0.176965 0.325808
vt 0.169818 0.721658
vt 0.179129 0.731147
vt 0.131656 0.786124
vt 0.427477 0.318558
vt 0.434351 0.251141
vt 0.460463 0.219055
vt 0.508831 0.212065
vt 0.530389 0.215531
vt 0.278275 0.821978
vt 0.246727 0.816201
vt 0.209762 0.807466
vt 0.170585 0.796939
vt 0.143397 0.321661
vt 0.178057 0.299124
vt 0.202413 0.302752
vt 0.132162 0.801203
vt 0.445308 0.233354
vt 0.448645 0.220205
vt 0.486110 0.208886
vt 0.459031 0.204778
vt 0.511575 0.163192
vt 0.532449 0.166150
vt 0.272627 0.838173
vt 0.247042 0.832051
vt 0.222789 0.821984
vt 0.166706 0.816249
vt 0.149084 0.297722
vt 0.179586 0.267630
vt 0.198613 0.266701
vt 0.130864 0.816917
vt 0.447176 0.211843
vt 0.470130 0.172209
vt 0.490848 0.164904
vt 0.511580 0.134698
vt 0.531638 0.137366
vt 0.259409 0.856309
vt 0.244090 0.845332
vt 0.224732 0.836952
vt 0.200957 0.820256
vt 0.208998 0.829189
vt 0.176020 0.826794
vt 0.113790 0.319970
vt 0.120245 0.299301
vt 0.154945 0.266051
vt 0.146308 0.838130
vt 0.125113 0.832354
vt 0.471169 0.143118
vt 0.491066 0.136330
vt 0.510173 0.057637
vt 0.523428 0.059381
vt 0.234134 0.878064
vt 0.221181 0.857256
vt 0.210789 0.841067
vt 0.185596 0.837368
vt 0.155769 0.839185
vt 0.128433 0.266138
vt 0.159660 0.232602
vt 0.182557 0.237414
vt 0.137278 0.846118
vt 0.121517 0.844931
vt 0.481981 0.055683
vt 0.495757 0.057019
vt 0.115586 0.364800
vt 0.121697 0.368233
vt 0.203356 0.894284
vt 0.198618 0.874101
vt 0.207966 0.851136
vt 0.190553 0.848980
vt 0.157707 0.848827
vt 0.151782 0.854008
vt 0.147519 0.857905
vt 0.135884 0.850677
vt 0.119755 0.851220
vt 0.128641 0.369995
vt 0.134049 0.370711
vt 0.116281 0.376228
vt 0.108642 0.372129
vt 0.176928 0.902006
vt 0.176312 0.882514
vt 0.192108 0.860059
vt 0.163656 0.862030
vt 0.158845 0.869191
vt 0.152001 0.874758
vt 0.144850 0.861259
vt 0.126790 0.913541
vt 0.123404 0.856697
vt 0.132865 0.380191
vt 0.123604 0.379119
vt 0.094765 0.385655
vt 0.096547 0.380348
vt 0.164064 0.906289
vt 0.163496 0.889743
vt 0.175518 0.867622
vt 0.147365 0.875353
vt 0.142154 0.865180
vt 0.307153 0.934703
vt 0.095165 0.897880
vt 0.136577 0.402868
vt 0.125693 0.401731
vt 0.077344 0.407185
vt 0.157315 0.909001
vt 0.156488 0.894113
vt 0.125671 0.939768
vt 0.104759 0.933183
vt 0.099843 0.924357
vt 0.285535 0.930552
vt 0.073699 0.893507
vt 0.136731 0.405556
vt 0.071949 0.413850
vt 0.159252 0.922905
vt 0.147784 0.924384
vt 0.152753 0.910447
vt 0.130153 0.962219
vt 0.106699 0.941205
vt 0.264862 0.927340
vt 0.053965 0.888912
vt 0.137052 0.408321
vt 0.067298 0.418921
vt 0.144955 0.923001
vt 0.109023 0.978034
vt 0.113705 0.965240
vt 0.119577 0.953370
vt 0.118692 0.943850
vt 0.107089 0.942479
vt 0.077390 0.941641
vt 0.079285 0.945418
vt 0.248419 0.923821
vt 0.242513 0.922272
vt 0.137067 0.419689
vt 0.059000 0.427982
vt 0.084166 0.976887
vt 0.085221 0.963829
vt 0.111945 0.959239
vt 0.099108 0.947051
vt 0.037612 0.948886
vt 0.040942 0.952203
vt 0.264745 0.928637
vt 0.247461 0.924909
vt 0.242460 0.923497
vt 0.138446 0.426463
vt 0.134734 0.429132
vt 0.058316 0.974174
vt 0.054853 0.964307
vt 0.101053 0.956459
vt 0.025769 0.949992
vt 0.031625 0.954018
vt 0.039375 0.968113
vt 0.041094 0.962357
vt 0.110847 0.951083
vt 0.114426 0.951051
vt 0.024037 0.957226
vt 0.147384 0.363636
vt 0.443725 0.046269
vt 0.560047 0.051431
vt 0.106704 0.347723
vt 0.143102 0.367899
vt 0.454819 0.050780
vt 0.422116 0.125387
vt 0.582425 0.124708
vt 0.547756 0.056865
vt 0.108456 0.355139
vt 0.097439 0.353158
vt 0.155583 0.369603
vt 0.436699 0.137840
vt 0.148784 0.375862
vt 0.413276 0.155070
vt 0.590188 0.158652
vt 0.565077 0.134337
vt 0.100564 0.361057
vt 0.074066 0.376284
vt 0.060436 0.387549
vt 0.164285 0.390433
vt 0.431850 0.167864
vt 0.155996 0.397108
vt 0.138720 0.369739
vt 0.142106 0.379163
vt 0.386892 0.202229
vt 0.407755 0.204460
vt 0.568741 0.165205
vt 0.088142 0.370281
vt 0.054089 0.393318
vt 0.423224 0.204917
vt 0.157071 0.399444
vt 0.567644 0.218391
vt 0.402640 0.219119
vt 0.420030 0.222385
vt 0.048581 0.397223
vt 0.158285 0.402613
vt 0.379700 0.226232
vt 0.568980 0.234674
vt 0.433503 0.212118
vt 0.430148 0.222085
vt 0.396612 0.237709
vt 0.413191 0.246738
vt 0.037022 0.405407
vt 0.164534 0.413854
vt 0.587809 0.324676
vt 0.621402 0.320570
vt 0.429426 0.235062
vt 0.441624 0.199587
vt 0.440816 0.210881
vt 0.369230 0.315796
vt 0.399512 0.317774
vt 0.030519 0.412417
vt 0.167812 0.419608
vt 0.330685 0.329107
vt 0.595130 0.351105
vt 0.437270 0.236184
vt 0.389204 0.365586
vt 0.364141 0.346000
vt 0.330564 0.337459
vt 0.600092 0.374909
vt 0.409548 0.413030
vt 0.387412 0.372779
vt 0.363054 0.351118
vt 0.641901 0.363814
vt 0.606642 0.395111
vt 0.407431 0.423989
vt 0.386102 0.389898
vt 0.360398 0.361334
vt 0.155108 0.419947
vt 0.162716 0.424342
vt 0.167328 0.430362
vt 0.043771 0.414678
vt 0.150349 0.427403
vt 0.038584 0.420629
vt 0.033615 0.943186
vt 0.447640 0.911070
vt 0.073093 0.934695
vt 0.016059 0.950627
vt 0.011867 0.945888
vt 0.008932 0.946957
vt 0.012215 0.951860
vt 0.455307 0.910404
vt 0.448818 0.911780
vt 0.110056 0.947785
vt 0.112579 0.946230
vt 0.115662 0.946643
vt 0.116552 0.949161
vt 0.340628 0.939011
vt 0.340602 0.943966
vt 0.307026 0.935983
vt 0.340683 0.938996
vt 0.370712 0.934076
vt 0.371126 0.934785
vt 0.374779 0.948793
vt 0.350839 0.954023
vt 0.398810 0.928229
vt 0.398350 0.939638
vt 0.378893 0.962183
vt 0.359027 0.967485
vt 0.348914 0.960652
vt 0.341760 0.960293
vt 0.435983 0.916794
vt 0.433448 0.923687
vt 0.401346 0.949864
vt 0.381339 0.969952
vt 0.362820 0.977345
vt 0.352245 0.969433
vt 0.444555 0.920011
vt 0.433128 0.930652
vt 0.404011 0.958745
vt 0.441772 0.927508
vt 0.450234 0.920250
vt 0.446702 0.924737
vt 0.104746 0.877615
vt 0.091137 0.878247
vt 0.099828 0.857160
vt 0.072768 0.878500
vt 0.101541 0.845108
vt 0.054156 0.877861
vt 0.100810 0.832863
vt 0.027240 0.876353
vt 0.099412 0.818366
vt 0.098056 0.802957
vt 0.096372 0.788214
vt 0.087492 0.743576
vt 0.050920 0.710941
vt 0.058504 0.685692
vt 0.067687 0.660329
vt 0.074404 0.644724
vt 0.362787 0.738249
vt 0.364932 0.776235
vt 0.363054 0.776817
vt 0.368576 0.739714
vt 0.367892 0.778858
vt 0.366273 0.780742
vt 0.362314 0.778862
vt 0.374157 0.780949
vt 0.372054 0.783579
vt 0.369898 0.785415
vt 0.364095 0.782836
vt 0.376277 0.740901
vt 0.372750 0.784388
vt 0.370717 0.786480
vt 0.367078 0.787282
vt 0.379138 0.741119
vt 0.373611 0.785603
vt 0.371169 0.787106
vt 0.368099 0.788825
vt 0.380119 0.787799
vt 0.377354 0.790584
vt 0.375345 0.792631
vt 0.368552 0.789397
vt 0.383476 0.792567
vt 0.381388 0.795691
vt 0.379204 0.797758
vt 0.372856 0.794929
vt 0.384455 0.793898
vt 0.382187 0.796697
vt 0.380098 0.798972
vt 0.376148 0.799506
vt 0.394746 0.741547
vt 0.383091 0.798035
vt 0.380656 0.799780
vt 0.377289 0.801237
vt 0.388535 0.798486
vt 0.386453 0.802272
vt 0.384373 0.805065
vt 0.377826 0.801906
vt 0.406753 0.746739
vt 0.398829 0.808060
vt 0.397127 0.813388
vt 0.381122 0.807075
vt 0.386302 0.810940
vt 0.405299 0.807822
vt 0.396808 0.819572
vt 0.386917 0.812178
vt 0.405981 0.807209
vt 0.414553 0.810873
vt 0.390264 0.821577
vt 0.381337 0.812671
vt 0.413791 0.807844
vt 0.394802 0.827696
vt 0.377762 0.817018
vt 0.377616 0.813551
vt 0.413031 0.804758
vt 0.380869 0.823122
vt 0.383005 0.825324
vt 0.391196 0.832227
vt 0.376051 0.820311
vt 0.371240 0.814860
vt 0.372001 0.811882
vt 0.412843 0.803724
vt 0.382056 0.826256
vt 0.396274 0.837665
vt 0.409996 0.841074
vt 0.370346 0.817754
vt 0.370246 0.814509
vt 0.370423 0.811234
vt 0.377035 0.831585
vt 0.375230 0.828892
vt 0.385893 0.838109
vt 0.386958 0.839188
vt 0.424213 0.843936
vt 0.393985 0.842126
vt 0.410341 0.846202
vt 0.369469 0.817518
vt 0.368699 0.813987
vt 0.369130 0.810806
vt 0.413153 0.798298
vt 0.377133 0.834856
vt 0.370964 0.832487
vt 0.370265 0.829794
vt 0.386115 0.840824
vt 0.426958 0.840434
vt 0.423734 0.848539
vt 0.395269 0.845576
vt 0.410953 0.849719
vt 0.367432 0.816748
vt 0.362233 0.811812
vt 0.362562 0.808693
vt 0.413351 0.796310
vt 0.371526 0.835112
vt 0.370050 0.832595
vt 0.368790 0.829900
vt 0.383925 0.846473
vt 0.381396 0.845309
vt 0.427674 0.836681
vt 0.385661 0.848835
vt 0.361766 0.814784
vt 0.355271 0.809478
vt 0.356327 0.806566
vt 0.413893 0.793444
vt 0.370739 0.835263
vt 0.368630 0.832810
vt 0.367622 0.830101
vt 0.381153 0.849764
vt 0.379155 0.848316
vt 0.395758 0.850648
vt 0.439564 0.699073
vt 0.382957 0.851424
vt 0.354682 0.812508
vt 0.354501 0.809204
vt 0.354860 0.806009
vt 0.371874 0.838015
vt 0.420382 0.697140
vt 0.368822 0.835469
vt 0.362715 0.833713
vt 0.361670 0.831101
vt 0.380707 0.850279
vt 0.378418 0.849111
vt 0.382608 0.851842
vt 0.353942 0.812274
vt 0.353131 0.808755
vt 0.353771 0.805713
vt 0.363600 0.836214
vt 0.356362 0.834676
vt 0.355970 0.831940
vt 0.378983 0.852005
vt 0.376738 0.850701
vt 0.380729 0.853695
vt 0.352121 0.811525
vt 0.347182 0.806802
vt 0.347325 0.804049
vt 0.357178 0.837270
vt 0.355656 0.834765
vt 0.354607 0.832098
vt 0.376073 0.855412
vt 0.373901 0.854188
vt 0.378108 0.856615
vt 0.346750 0.809435
vt 0.342021 0.805154
vt 0.343253 0.803552
vt 0.356511 0.837379
vt 0.354408 0.834976
vt 0.353641 0.832305
vt 0.372964 0.859017
vt 0.371078 0.857391
vt 0.375021 0.860360
vt 0.342782 0.807436
vt 0.374112 0.705002
vt 0.354790 0.837543
vt 0.348986 0.835858
vt 0.347949 0.833611
vt 0.372604 0.859415
vt 0.370379 0.858133
vt 0.374700 0.860748
vt 0.340346 0.807900
vt 0.349761 0.838086
vt 0.344315 0.836664
vt 0.344596 0.834890
vt 0.373786 0.861672
vt 0.371989 0.860158
vt 0.345861 0.838129
vt 0.371147 0.864375
vt 0.369368 0.863290
vt 0.349949 0.840920
vt 0.344193 0.839450
vt 0.368894 0.866228
vt 0.367128 0.865947
vt 0.369939 0.858730
vt 0.367444 0.862314
vt 0.372870 0.866207
vt 0.368665 0.867902
vt 0.366217 0.864672
vt 0.436777 0.700167
vt 0.436072 0.697567
vt 0.441177 0.709587
vt 0.455186 0.719209
vt 0.450792 0.722037
vt 0.460711 0.726159
vt 0.462262 0.733386
vt 0.446867 0.724575
vt 0.425925 0.857858
vt 0.463675 0.724150
vt 0.410854 0.854135
vt 0.466151 0.737462
vt 0.460233 0.743589
vt 0.202415 0.069235
vt 0.186779 0.068672
vt 0.453858 0.750824
vt 0.201403 0.088262
vt 0.184312 0.087173
vt 0.167563 0.066557
vt 0.211989 0.068830
vt 0.211687 0.051533
vt 0.155080 0.048177
vt 0.444860 0.755842
vt 0.194779 0.119733
vt 0.178988 0.118287
vt 0.165813 0.084965
vt 0.152045 0.064620
vt 0.427515 0.748549
vt 0.187282 0.177305
vt 0.168953 0.174211
vt 0.160846 0.115626
vt 0.207761 0.120930
vt 0.211403 0.088355
vt 0.151566 0.083136
vt 0.431383 0.757409
vt 0.412152 0.740772
vt 0.182692 0.206570
vt 0.163966 0.199852
vt 0.153487 0.170597
vt 0.197506 0.177587
vt 0.146518 0.113146
vt 0.426031 0.759271
vt 0.399434 0.737657
vt 0.182761 0.219566
vt 0.143173 0.200286
vt 0.195073 0.201859
vt 0.395918 0.737677
vt 0.195667 0.218514
vt 0.137420 0.228317
vt 0.196584 0.236606
vt 0.414869 0.787889
vt 0.124554 0.078417
vt 0.118811 0.108189
vt 0.107155 0.108612
vt 0.105116 0.161122
vt 0.088654 0.159289
vt 0.262011 0.113948
vt 0.096477 0.196905
vt 0.282306 0.194648
vt 0.262508 0.167123
vt 0.247960 0.117887
vt 0.073112 0.201423
vt 0.260086 0.193477
vt 0.241014 0.168818
vt 0.234326 0.120867
vt 0.090929 0.220561
vt 0.262106 0.207332
vt 0.242529 0.185319
vt 0.227863 0.171910
vt 0.284050 0.223807
vt 0.113111 0.199117
vt 0.107092 0.225300
vt 0.263723 0.228292
vt 0.254591 0.207540
vt 0.249444 0.200728
vt 0.241527 0.199147
vt 0.082050 0.257399
vt 0.301092 0.250381
vt 0.093403 0.264383
vt 0.280685 0.253089
vt 0.255675 0.216952
vt 0.066644 0.290796
vt 0.057080 0.284573
vt 0.080339 0.295778
vt 0.301058 0.291754
vt 0.250827 0.242025
vt 0.254435 0.252439
vt 0.245978 0.222202
vt 0.061355 0.300471
vt 0.076108 0.309907
vt 0.266889 0.309693
vt 0.072024 0.312833
vt 0.066997 0.316599
vt 0.244055 0.311424
vt 0.283530 0.874013
vt 0.250010 0.901635
vt 0.300678 0.854098
vt 0.205316 0.919902
vt 0.310052 0.839451
vt 0.172159 0.922914
vt 0.317479 0.825122
vt 0.323838 0.810760
vt 0.288777 0.780456
vt 0.331767 0.770692
vt 0.342694 0.741533
vt 0.357359 0.703445
vt 0.365904 0.678516
vt 0.373248 0.654433
vt 0.379896 0.626033
vt 0.113702 0.989202
vt 0.106600 0.989927
vt 0.084624 0.989610
vt 0.054810 0.985570
vt 0.034744 0.975475
vt 0.102336 0.431797
vt 0.090454 0.433626
vt 0.088868 0.399936
vt 0.210037 0.464520
vt 0.090479 0.464813
vt 0.243994 0.399665
vt 0.254416 0.413234
vt 0.089083 0.494178
vt 0.270251 0.368288
vt 0.282200 0.382294
vt 0.264681 0.423573
vt 0.228911 0.473261
vt 0.289582 0.394244
vt 0.298277 0.410136
vt 0.149237 0.400859
vt 0.149913 0.402932
vt 0.150323 0.404250
vt 0.088806 0.382427
vt 0.067482 0.395778
vt 0.060606 0.400829
vt 0.094073 0.375915
vt 0.055324 0.405047
vt 0.285445 0.931848
vt 0.305812 0.938713
vt 0.283949 0.934809
vt 0.338626 0.946418
vt 0.301135 0.948930
vt 0.280274 0.940358
vt 0.265893 0.931980
vt 0.322962 0.956064
vt 0.275204 0.948918
vt 0.294700 0.958475
vt 0.252951 0.932891
vt 0.339521 0.961641
vt 0.334831 0.961227
vt 0.309853 0.965102
vt 0.249562 0.935963
vt 0.235894 0.927009
vt 0.330878 0.973691
vt 0.234800 0.926202
vt 0.370752 0.934094
vt 0.397824 0.927351
vt 0.435306 0.916062
vt 0.455480 0.909487
vt 0.458538 0.908741
vt 0.457914 0.910295
vt 0.436739 0.941599
vt 0.444340 0.935787
vt 0.450342 0.927111
vt 0.354723 0.979726
vt 0.412624 0.709005
vt 0.410032 0.706207
vt 0.367669 0.827285
vt 0.366165 0.827429
vt 0.360820 0.827981
vt 0.401714 0.694359
vt 0.400322 0.692079
vt 0.352623 0.829793
vt 0.397061 0.685598
vt 0.375485 0.838523
vt 0.418800 0.695040
vt 0.416046 0.691662
vt 0.358404 0.840064
vt 0.356911 0.840216
vt 0.410062 0.683986
vt 0.402638 0.724099
vt 0.400573 0.723070
vt 0.396688 0.721128
vt 0.370652 0.808013
vt 0.369042 0.807359
vt 0.363299 0.805090
vt 0.382808 0.712165
vt 0.380349 0.710365
vt 0.354014 0.802679
vt 0.410968 0.711605
vt 0.373025 0.822981
vt 0.369392 0.820479
vt 0.403167 0.707935
vt 0.400525 0.706356
vt 0.396068 0.703985
vt 0.354593 0.815491
vt 0.353009 0.814855
vt 0.386368 0.698525
vt 0.345540 0.811878
vt 0.375274 0.848862
vt 0.374474 0.849678
vt 0.371704 0.852580
vt 0.424945 0.686396
vt 0.384717 0.853396
vt 0.438777 0.694855
vt 0.420169 0.852504
vt 0.437833 0.691727
vt 0.426088 0.853695
vt 0.436879 0.688558
vt 0.219500 0.051466
vt 0.427027 0.849633
vt 0.377374 0.861642
vt 0.220420 0.068808
vt 0.376598 0.862457
vt 0.221220 0.088791
vt 0.434865 0.681457
vt 0.217756 0.122327
vt 0.211260 0.175092
vt 0.214778 0.194994
vt 0.228554 0.188083
vt 0.214050 0.214936
vt 0.229026 0.212789
vt 0.213761 0.229967
vt 0.235809 0.203528
vt 0.234493 0.212095
vt 0.232924 0.232182
vt 0.215884 0.259356
vt 0.244284 0.210801
vt 0.237795 0.223056
vt 0.232181 0.256679
vt 0.220782 0.307983
vt 0.145650 0.046553
vt 0.141900 0.063140
vt 0.139759 0.081289
vt 0.135250 0.111187
vt 0.140291 0.168555
vt 0.121377 0.164109
vt 0.131852 0.200009
vt 0.125871 0.227771
vt 0.112884 0.268398
vt 0.104081 0.299402
vt 0.096180 0.318737
vt 0.092636 0.325341
vt 0.109253 0.329751
vt 0.088202 0.333944
vt 0.103346 0.342093
vt 0.136041 0.351983
vt 0.383948 0.588421
vt 0.382719 0.539118
vt 0.379571 0.505637
vt 0.377397 0.486930
vt 0.375988 0.473906
vt 0.374430 0.459281
vt 0.336925 0.436426
vt 0.372459 0.440478
vt 0.349674 0.423511
vt 0.371171 0.427886
vt 0.321413 0.416573
vt 0.337525 0.408237
vt 0.357138 0.416236
vt 0.369938 0.415422
vt 0.350487 0.402765
vt 0.368213 0.397735
vt 0.468270 0.053730
vt 0.453377 0.146262
vt 0.447589 0.175607
vt 0.439240 0.221230
vt 0.535101 0.059851
vt 0.111438 0.360890
vt 0.548395 0.140349
vt 0.104074 0.367869
vt 0.550290 0.170065
vt 0.549335 0.217796
vt 0.550162 0.231913
vt 0.562774 0.324340
vt 0.567780 0.342618
vt 0.577784 0.371878
vt 0.087517 0.528640
vt 0.086900 0.542380
vt 0.087110 0.563467
vt 0.084848 0.596450
vt 0.018552 0.959740
vt 0.234115 0.925260
vt 0.453209 0.920376
vt 0.344684 0.978600
vt 0.342315 0.977797
vt 0.347416 0.969575
vt 0.348446 0.979333
vt 0.248372 0.755907
vt 0.211301 0.765059
vt 0.170539 0.780289
vt 0.224676 0.658520
vt 0.241623 0.668590
vt 0.170165 0.691236
vt 0.175306 0.680330
vt 0.245729 0.702317
vt 0.233072 0.718420
vt 0.246480 0.682388
vt 0.201705 0.660126
vt 0.045383 0.727285
vt 0.330797 0.794565
vt 0.195306 0.658386
vt 0.194707 0.665121
vt 0.201708 0.642857
vt 0.194174 0.602844
vt 0.193939 0.623790
vt 0.155455 0.565059
vt 0.187069 0.565491
vt 0.212437 0.544669
vt 0.579537 0.397693
vt 0.232854 0.498420
vt 0.115516 0.494670
vt 0.103214 0.461677
vt 0.122465 0.534850
vt 0.197088 0.582886
vt 0.195549 0.571548
vt 0.210539 0.737324
vt 0.211804 0.748821
vt 0.177898 0.778126
vt 0.209236 0.731798
vt 0.202967 0.052296
vt 0.431143 0.860868
vt 0.187920 0.052007
vt 0.169929 0.049784
vt 0.449518 0.757442
vt 0.447003 0.762004
vt 0.131653 0.043630
vt 0.259202 0.044114
vt 0.246332 0.046798
vt 0.234382 0.048796
vt 0.225093 0.051487
vt 0.431985 0.856095
vt 0.530740 0.029530
vt 0.520503 0.032244
vt 0.542905 0.030035
vt 0.557083 0.032454
vt 0.447171 0.037809
vt 0.458256 0.045642
vt 0.469569 0.050234
vt 0.481866 0.050044
vt 0.494637 0.045759
vt 0.508120 0.037863
vt 0.051958 0.431613
vt 0.150064 0.433918
vt 0.173238 0.421499
vt 0.036267 0.421298
vt 0.157242 0.431266
vt 0.172032 0.412586
vt 0.130783 0.423005
vt 0.168702 0.400559
vt 0.126859 0.412929
vt 0.169820 0.387865
vt 0.081199 0.356875
vt 0.119677 0.402332
vt 0.124096 0.407922
vt 0.168399 0.394990
vt 0.100467 0.384268
vt 0.020179 0.945005
vt 0.031691 0.884289
vt 0.037272 0.887346
vt 0.054246 0.892707
vt 0.074638 0.899691
vt 0.096324 0.905645
vt 0.129843 0.926530
vt 0.142003 0.878375
vt 0.125059 0.976679
vt 0.152118 0.896156
vt 0.134295 0.854541
vt 0.127980 0.909672
vt 0.119268 0.900702
vt 0.099228 0.861815
vt 0.104222 0.395908
vt 0.196700 0.455912
vt 0.050847 0.293603
vt 0.048160 0.294937
vt 0.280481 0.211930
vt 0.072385 0.214485
vt 0.052926 0.292531
vt 0.323746 0.276860
vt 0.078312 0.186469
vt 0.073054 0.249229
vt 0.285606 0.162967
vt 0.278585 0.108848
vt 0.118437 0.058874
vt 0.117163 0.077839
vt 0.120054 0.040907
vt 0.420495 0.856447
vt 0.458839 0.716215
vt 0.469557 0.733546
vt 0.466419 0.728742
vt 0.378635 0.840712
vt 0.423739 0.701899
vt 0.378681 0.844234
vt 0.378335 0.845180
vt 0.375093 0.823258
vt 0.408911 0.711935
vt 0.375494 0.825705
vt 0.372851 0.825910
vt 0.378534 0.809678
vt 0.376640 0.809553
vt 0.379960 0.809768
vt 0.400175 0.727352
vt 0.411032 0.750253
vt 0.401639 0.803933
vt 0.426748 0.812674
vt 0.434138 0.762562
vt 0.404517 0.801540
vt 0.408198 0.753242
vt 0.421004 0.765769
vt 0.420845 0.804484
vt 0.403351 0.756618
vt 0.419407 0.801048
vt 0.408113 0.792414
vt 0.395394 0.763517
vt 0.408500 0.769573
vt 0.419300 0.790104
vt 0.394302 0.768187
vt 0.408256 0.794186
vt 0.418195 0.783238
vt 0.412003 0.768283
vt 0.403955 0.802580
vt 0.425224 0.764881
vt 0.397213 0.803231
vt 0.447607 0.705366
vt 0.394899 0.770697
vt 0.435821 0.684326
vt 0.380341 0.858633
vt 0.369663 0.855439
vt 0.425639 0.689983
vt 0.375412 0.863603
vt 0.433371 0.677974
vt 0.424659 0.683383
vt 0.365512 0.861323
vt 0.382287 0.856119
vt 0.426248 0.694041
vt 0.438990 0.695912
vt 0.386836 0.852107
vt 0.377200 0.846912
vt 0.435454 0.683147
vt 0.384128 0.853989
vt 0.368563 0.856916
vt 0.426458 0.695292
vt 0.431025 0.674028
vt 0.364563 0.865418
vt 0.428005 0.704930
vt 0.427801 0.672928
vt 0.390416 0.700629
vt 0.360596 0.818023
vt 0.358071 0.803795
vt 0.387470 0.715085
vt 0.350687 0.813911
vt 0.381112 0.696367
vt 0.379190 0.709442
vt 0.347459 0.801078
vt 0.365395 0.819299
vt 0.392548 0.718634
vt 0.404636 0.708901
vt 0.372976 0.808955
vt 0.388786 0.699762
vt 0.368017 0.820027
vt 0.355368 0.803032
vt 0.394170 0.719679
vt 0.374742 0.694153
vt 0.341225 0.801855
vt 0.375703 0.825223
vt 0.402502 0.725546
vt 0.370354 0.696234
vt 0.412629 0.687050
vt 0.364067 0.839570
vt 0.356236 0.829039
vt 0.404526 0.698282
vt 0.354730 0.840386
vt 0.406480 0.680471
vt 0.399688 0.690943
vt 0.346897 0.831184
vt 0.368296 0.838668
vt 0.407485 0.702829
vt 0.421235 0.698362
vt 0.369830 0.827007
vt 0.411603 0.685800
vt 0.370625 0.838214
vt 0.353821 0.829522
vt 0.408455 0.704210
vt 0.401593 0.676781
vt 0.342350 0.834369
vt 0.397369 0.677093
vt 0.379186 0.727281
vt 0.370096 0.796782
vt 0.376744 0.783996
vt 0.384318 0.741183
vt 0.364568 0.788306
vt 0.369616 0.728379
vt 0.374884 0.740744
vt 0.369833 0.776233
vt 0.373097 0.800393
vt 0.390172 0.741562
vt 0.394872 0.726911
vt 0.385954 0.795773
vt 0.398763 0.741299
vt 0.377445 0.727393
vt 0.374726 0.802472
vt 0.375036 0.781946
vt 0.392003 0.741603
vt 0.363381 0.730278
vt 0.364781 0.773275
vt 0.360794 0.733886
vt 0.443224 0.821598
vt 0.438872 0.818705
vt 0.633377 0.351412
vt 0.329059 0.352367
vt 0.428742 0.044902
vt 0.402927 0.115490
vt 0.393193 0.146266
vt 0.628577 0.344554
vt 0.590272 0.237084
vt 0.341359 0.306246
vt 0.586952 0.216152
vt 0.435930 0.027222
vt 0.160544 0.363649
vt 0.174355 0.371585
vt 0.152782 0.359026
vt 0.015800 0.488214
vt 0.020605 0.488214
vt 0.020605 0.493019
vt 0.015800 0.493019
vt 0.025409 0.488214
vt 0.025409 0.493019
vt 0.030214 0.488214
vt 0.030214 0.493019
vt 0.035019 0.488214
vt 0.035019 0.493019
vt 0.039824 0.488214
vt 0.039824 0.493019
vt 0.044629 0.488214
vt 0.044629 0.493019
vt 0.049434 0.488214
vt 0.049434 0.493019
vt 0.054239 0.488214
vt 0.054239 0.493019
vt 0.059044 0.488214
vt 0.059044 0.493019
vt 0.063848 0.488214
vt 0.063848 0.493019
vt 0.020605 0.497823
vt 0.015800 0.497823
vt 0.025409 0.497823
vt 0.030214 0.497823
vt 0.035019 0.497823
vt 0.039824 0.497823
vt 0.044629 0.497823
vt 0.049434 0.497823
vt 0.054239 0.497823
vt 0.059044 0.497823
vt 0.063848 0.497823
vt 0.020605 0.502628
vt 0.015800 0.502628
vt 0.025409 0.502628
vt 0.030214 0.502628
vt 0.035019 0.502628
vt 0.039824 0.502628
vt 0.044629 0.502628
vt 0.049434 0.502628
vt 0.054239 0.502628
vt 0.059044 0.502628
vt 0.063848 0.502628
vt 0.020605 0.507433
vt 0.015800 0.507433
vt 0.025409 0.507433
vt 0.030214 0.507433
vt 0.035019 0.507433
vt 0.039824 0.507433
vt 0.044629 0.507433
vt 0.049434 0.507433
vt 0.054239 0.507433
vt 0.059044 0.507433
vt 0.063848 0.507433
vt 0.020605 0.512238
vt 0.015800 0.512238
vt 0.025409 0.512238
vt 0.030214 0.512238
vt 0.035019 0.512238
vt 0.039824 0.512238
vt 0.044629 0.512238
vt 0.049434 0.512238
vt 0.054239 0.512238
vt 0.059044 0.512238
vt 0.063848 0.512238
vt 0.020605 0.517043
vt 0.015800 0.517043
vt 0.025409 0.517043
vt 0.030214 0.517043
vt 0.035019 0.517043
vt 0.039824 0.517043
vt 0.044629 0.517043
vt 0.049434 0.517043
vt 0.054239 0.517043
vt 0.059044 0.517043
vt 0.063848 0.517043
vt 0.020605 0.521848
vt 0.015800 0.521848
vt 0.025409 0.521848
vt 0.030214 0.521848
vt 0.035019 0.521848
vt 0.039824 0.521848
vt 0.044629 0.521848
vt 0.049434 0.521848
vt 0.054239 0.521848
vt 0.059044 0.521848
vt 0.063848 0.521848
vt 0.020605 0.526653
vt 0.015800 0.526653
vt 0.025409 0.526653
vt 0.030214 0.526653
vt 0.035019 0.526653
vt 0.039824 0.526653
vt 0.044629 0.526653
vt 0.049434 0.526653
vt 0.054239 0.526653
vt 0.059044 0.526653
vt 0.063848 0.526653
vt 0.018202 0.483409
vt 0.023007 0.483409
vt 0.027812 0.483409
vt 0.032617 0.483409
vt 0.037422 0.483409
vt 0.042227 0.483409
vt 0.047031 0.483409
vt 0.051836 0.483409
vt 0.056641 0.483409
vt 0.061446 0.483409
vt 0.018202 0.531457
vt 0.023007 0.531457
vt 0.027812 0.531457
vt 0.032617 0.531457
vt 0.037422 0.531457
vt 0.042227 0.531457
vt 0.047031 0.531457
vt 0.051836 0.531457
vt 0.056641 0.531457
vt 0.061446 0.531457
vt 0.104746 0.877615
vt 0.119268 0.900702
vt 0.095165 0.897880
vt 0.091137 0.878247
vt 0.127980 0.909672
vt 0.096324 0.905645
vt 0.074638 0.899691
vt 0.073699 0.893507
vt 0.072768 0.878500
vt 0.053965 0.888912
vt 0.054156 0.877861
vt 0.054246 0.892707
vt 0.037272 0.887346
vt 0.031691 0.884289
vt 0.027240 0.876353
vt 0.363819 0.736256
vt 0.362787 0.738249
vt 0.360794 0.733886
vt 0.363578 0.734119
vt 0.364781 0.773275
vt 0.364932 0.776235
vt 0.363054 0.776817
vt 0.361321 0.774501
vt 0.362314 0.778862
vt 0.360142 0.777803
vt 0.363381 0.730278
vt 0.363980 0.732569
vt 0.412152 0.740772
vt 0.406753 0.746739
vt 0.398763 0.741299
vt 0.399434 0.737657
vt 0.397213 0.803231
vt 0.398829 0.808060
vt 0.386453 0.802272
vt 0.388535 0.798486
vt 0.383091 0.798035
vt 0.385954 0.795773
vt 0.394746 0.741547
vt 0.395918 0.737677
vt 0.384373 0.805065
vt 0.381122 0.807075
vt 0.377826 0.801906
vt 0.380656 0.799780
vt 0.386302 0.810940
vt 0.379960 0.809768
vt 0.377439 0.808064
vt 0.402078 0.725773
vt 0.406517 0.728208
vt 0.400337 0.730830
vt 0.400175 0.727352
vt 0.396002 0.731074
vt 0.394872 0.726911
vt 0.375555 0.803678
vt 0.400244 0.733794
vt 0.396452 0.733950
vt 0.376952 0.737684
vt 0.376277 0.740901
vt 0.374884 0.740744
vt 0.374807 0.737459
vt 0.375036 0.781946
vt 0.372750 0.784388
vt 0.372054 0.783579
vt 0.374157 0.780949
vt 0.369833 0.776233
vt 0.367892 0.778858
vt 0.369745 0.737397
vt 0.368576 0.739714
vt 0.377679 0.731004
vt 0.377499 0.733969
vt 0.374827 0.733924
vt 0.374771 0.731207
vt 0.370362 0.733891
vt 0.370433 0.731230
vt 0.368099 0.788825
vt 0.365879 0.790279
vt 0.364568 0.788306
vt 0.367078 0.787282
vt 0.377445 0.727393
vt 0.374900 0.727576
vt 0.369616 0.728379
vt 0.364095 0.782836
vt 0.361725 0.783917
vt 0.370717 0.786480
vt 0.369898 0.785415
vt 0.366273 0.780742
vt 0.392255 0.737807
vt 0.392003 0.741603
vt 0.390172 0.741562
vt 0.389228 0.737704
vt 0.384455 0.793898
vt 0.382187 0.796697
vt 0.381388 0.795691
vt 0.383476 0.792567
vt 0.380119 0.787799
vt 0.377354 0.790584
vt 0.373611 0.785603
vt 0.376744 0.783996
vt 0.384553 0.737779
vt 0.384318 0.741183
vt 0.379138 0.741119
vt 0.380623 0.737687
vt 0.393026 0.730961
vt 0.392751 0.734014
vt 0.389020 0.733994
vt 0.389221 0.731040
vt 0.385036 0.733988
vt 0.381150 0.733987
vt 0.385325 0.730984
vt 0.380625 0.731095
vt 0.377289 0.801237
vt 0.374726 0.802472
vt 0.373097 0.800393
vt 0.376148 0.799506
vt 0.393164 0.726868
vt 0.390210 0.726891
vt 0.385418 0.727168
vt 0.379186 0.727281
vt 0.372856 0.794929
vt 0.370096 0.796782
vt 0.366782 0.791614
vt 0.368552 0.789397
vt 0.380098 0.798972
vt 0.379204 0.797758
vt 0.375345 0.792631
vt 0.371169 0.787106
vt 0.397602 0.680022
vt 0.395563 0.680170
vt 0.397369 0.677093
vt 0.398702 0.679130
vt 0.342350 0.834369
vt 0.344596 0.834890
vt 0.344315 0.836664
vt 0.341762 0.837046
vt 0.345861 0.838129
vt 0.344193 0.839450
vt 0.401593 0.676781
vt 0.400194 0.678592
vt 0.416604 0.716387
vt 0.412784 0.712168
vt 0.412766 0.711730
vt 0.416770 0.714951
vt 0.375703 0.825223
vt 0.383005 0.825324
vt 0.382056 0.826256
vt 0.375494 0.825705
vt 0.372851 0.825910
vt 0.375230 0.828892
vt 0.370265 0.829794
vt 0.369830 0.827007
vt 0.415523 0.708235
vt 0.412624 0.709005
vt 0.410032 0.706207
vt 0.413612 0.705380
vt 0.377035 0.831585
vt 0.377133 0.834856
vt 0.371526 0.835112
vt 0.370964 0.832487
vt 0.385893 0.838109
vt 0.378635 0.840712
vt 0.375485 0.838523
vt 0.427342 0.704278
vt 0.428771 0.708753
vt 0.421563 0.704429
vt 0.423739 0.701899
vt 0.419153 0.701572
vt 0.421235 0.698362
vt 0.371874 0.838015
vt 0.418693 0.706886
vt 0.416648 0.703990
vt 0.403098 0.691009
vt 0.400322 0.692079
vt 0.399688 0.690943
vt 0.402108 0.689306
vt 0.353821 0.829522
vt 0.354607 0.832098
vt 0.353641 0.832305
vt 0.352623 0.829793
vt 0.346897 0.831184
vt 0.347949 0.833611
vt 0.399391 0.685417
vt 0.397061 0.685598
vt 0.409379 0.687830
vt 0.406251 0.689585
vt 0.404808 0.687541
vt 0.407611 0.685707
vt 0.402356 0.684170
vt 0.405203 0.682448
vt 0.356511 0.837379
vt 0.356911 0.840216
vt 0.354730 0.840386
vt 0.354790 0.837543
vt 0.411603 0.685800
vt 0.410062 0.683986
vt 0.406480 0.680471
vt 0.349761 0.838086
vt 0.349949 0.840920
vt 0.355656 0.834765
vt 0.354408 0.834976
vt 0.348986 0.835858
vt 0.411472 0.702592
vt 0.408455 0.704210
vt 0.407485 0.702829
vt 0.409880 0.700295
vt 0.367669 0.827285
vt 0.368790 0.829900
vt 0.367622 0.830101
vt 0.366165 0.827429
vt 0.360820 0.827981
vt 0.361670 0.831101
vt 0.355970 0.831940
vt 0.356236 0.829039
vt 0.407210 0.696820
vt 0.404526 0.698282
vt 0.401714 0.694359
vt 0.405111 0.693815
vt 0.417704 0.699379
vt 0.414612 0.701132
vt 0.412554 0.698273
vt 0.415586 0.696520
vt 0.410362 0.695290
vt 0.408230 0.692372
vt 0.413519 0.693536
vt 0.410877 0.690057
vt 0.370739 0.835263
vt 0.370625 0.838214
vt 0.368296 0.838668
vt 0.368822 0.835469
vt 0.420382 0.697140
vt 0.418800 0.695040
vt 0.416046 0.691662
vt 0.412629 0.687050
vt 0.363600 0.836214
vt 0.364067 0.839570
vt 0.358404 0.840064
vt 0.357178 0.837270
vt 0.370050 0.832595
vt 0.368630 0.832810
vt 0.362715 0.833713
vt 0.356362 0.834676
vt 0.371927 0.699157
vt 0.369855 0.700306
vt 0.370354 0.696234
vt 0.372665 0.697767
vt 0.341225 0.801855
vt 0.343253 0.803552
vt 0.342021 0.805154
vt 0.339195 0.804221
vt 0.342782 0.807436
vt 0.340346 0.807900
vt 0.374742 0.694153
vt 0.373933 0.696573
vt 0.408313 0.727381
vt 0.402502 0.725546
vt 0.402638 0.724099
vt 0.406947 0.725328
vt 0.380104 0.810383
vt 0.386917 0.812178
vt 0.381337 0.812671
vt 0.378534 0.809678
vt 0.376640 0.809553
vt 0.377616 0.813551
vt 0.372001 0.811882
vt 0.372976 0.808955
vt 0.403187 0.720456
vt 0.400573 0.723070
vt 0.396688 0.721128
vt 0.400012 0.718478
vt 0.377762 0.817018
vt 0.376051 0.820311
vt 0.370346 0.817754
vt 0.371240 0.814860
vt 0.380869 0.823122
vt 0.375093 0.823258
vt 0.373025 0.822981
vt 0.410968 0.711605
vt 0.414893 0.716333
vt 0.407739 0.715220
vt 0.408911 0.711935
vt 0.403756 0.713117
vt 0.404636 0.708901
vt 0.369392 0.820479
vt 0.405959 0.718049
vt 0.402441 0.715937
vt 0.382790 0.707942
vt 0.380349 0.710365
vt 0.379190 0.709442
vt 0.381010 0.706572
vt 0.355368 0.803032
vt 0.354860 0.806009
vt 0.353771 0.805713
vt 0.354014 0.802679
vt 0.347459 0.801078
vt 0.347325 0.804049
vt 0.376470 0.703679
vt 0.374112 0.705002
vt 0.387276 0.702870
vt 0.385215 0.705376
vt 0.382816 0.703844
vt 0.384494 0.701390
vt 0.378756 0.701334
vt 0.380525 0.699007
vt 0.353942 0.812274
vt 0.353009 0.814855
vt 0.350687 0.813911
vt 0.352121 0.811525
vt 0.388786 0.699762
vt 0.386368 0.698525
vt 0.381112 0.696367
vt 0.346750 0.809435
vt 0.345540 0.811878
vt 0.354501 0.809204
vt 0.353131 0.808755
vt 0.347182 0.806802
vt 0.396590 0.716521
vt 0.394170 0.719679
vt 0.392548 0.718634
vt 0.393939 0.714788
vt 0.370652 0.808013
vt 0.370423 0.811234
vt 0.369130 0.810806
vt 0.369042 0.807359
vt 0.363299 0.805090
vt 0.362562 0.808693
vt 0.356327 0.806566
vt 0.358071 0.803795
vt 0.389643 0.712273
vt 0.387470 0.715085
vt 0.382808 0.712165
vt 0.386127 0.710018
vt 0.401196 0.711396
vt 0.399039 0.713872
vt 0.395649 0.711774
vt 0.397680 0.709282
vt 0.392043 0.709581
vt 0.388516 0.707434
vt 0.394169 0.707057
vt 0.389844 0.704555
vt 0.369469 0.817518
vt 0.368017 0.820027
vt 0.365395 0.819299
vt 0.367432 0.816748
vt 0.403167 0.707935
vt 0.400525 0.706356
vt 0.396068 0.703985
vt 0.390416 0.700629
vt 0.361766 0.814784
vt 0.360596 0.818023
vt 0.354593 0.815491
vt 0.354682 0.812508
vt 0.370246 0.814509
vt 0.368699 0.813987
vt 0.362233 0.811812
vt 0.355271 0.809478
vt 0.426800 0.675289
vt 0.425346 0.674522
vt 0.427801 0.672928
vt 0.428049 0.675181
vt 0.364563 0.865418
vt 0.366217 0.864672
vt 0.367128 0.865947
vt 0.365824 0.867469
vt 0.368894 0.866228
vt 0.368665 0.867902
vt 0.431025 0.674028
vt 0.429451 0.675254
vt 0.429957 0.709011
vt 0.428005 0.704930
vt 0.427953 0.702306
vt 0.430718 0.704877
vt 0.378721 0.841778
vt 0.386958 0.839188
vt 0.386115 0.840824
vt 0.378681 0.844234
vt 0.378335 0.845180
vt 0.381396 0.845309
vt 0.379155 0.848316
vt 0.377200 0.846912
vt 0.430589 0.701014
vt 0.427705 0.700880
vt 0.427220 0.698470
vt 0.430487 0.698877
vt 0.383925 0.846473
vt 0.385661 0.848835
vt 0.382957 0.851424
vt 0.381153 0.849764
vt 0.395269 0.845576
vt 0.395758 0.850648
vt 0.386836 0.852107
vt 0.447607 0.705366
vt 0.441177 0.709587
vt 0.436777 0.700167
vt 0.439564 0.699073
vt 0.436072 0.697567
vt 0.438990 0.695912
vt 0.384717 0.853396
vt 0.432649 0.701318
vt 0.433072 0.698683
vt 0.427370 0.684696
vt 0.424740 0.684377
vt 0.424659 0.683383
vt 0.427229 0.683211
vt 0.368563 0.856916
vt 0.370379 0.858133
vt 0.369939 0.858730
vt 0.368051 0.857678
vt 0.365512 0.861323
vt 0.367444 0.862314
vt 0.426570 0.679666
vt 0.424516 0.678789
vt 0.432990 0.684236
vt 0.429901 0.684757
vt 0.429516 0.682896
vt 0.432390 0.682243
vt 0.428840 0.679765
vt 0.431718 0.679264
vt 0.374700 0.860748
vt 0.376598 0.862457
vt 0.375412 0.863603
vt 0.373786 0.861672
vt 0.435454 0.683147
vt 0.434865 0.681457
vt 0.433371 0.677974
vt 0.371147 0.864375
vt 0.372870 0.866207
vt 0.372604 0.859415
vt 0.371989 0.860158
vt 0.369368 0.863290
vt 0.429529 0.695093
vt 0.426458 0.695292
vt 0.426248 0.694041
vt 0.429159 0.693047
vt 0.375274 0.848862
vt 0.378418 0.849111
vt 0.376738 0.850701
vt 0.374474 0.849678
vt 0.371704 0.852580
vt 0.373901 0.854188
vt 0.371078 0.857391
vt 0.369663 0.855439
vt 0.428389 0.689874
vt 0.425639 0.689983
vt 0.424945 0.686396
vt 0.427890 0.687199
vt 0.435788 0.695761
vt 0.432151 0.695055
vt 0.431599 0.692512
vt 0.434714 0.692014
vt 0.430986 0.689833
vt 0.430405 0.687211
vt 0.434173 0.689355
vt 0.433370 0.686220
vt 0.382608 0.851842
vt 0.384128 0.853989
vt 0.382287 0.856119
vt 0.380729 0.853695
vt 0.438777 0.694855
vt 0.437833 0.691727
vt 0.436879 0.688558
vt 0.435821 0.684326
vt 0.378108 0.856615
vt 0.380341 0.858633
vt 0.377374 0.861642
vt 0.375021 0.860360
vt 0.380707 0.850279
vt 0.378983 0.852005
vt 0.376073 0.855412
vt 0.372964 0.859017
vt 0.396917 0.771886
vt 0.396250 0.773394
vt 0.394899 0.770697
vt 0.396747 0.769128
vt 0.418195 0.783238
vt 0.417108 0.784917
vt 0.415403 0.783893
vt 0.415593 0.781556
vt 0.413783 0.784395
vt 0.413213 0.782259
vt 0.394302 0.768187
vt 0.396485 0.767830
vt 0.430532 0.743419
vt 0.412144 0.733945
vt 0.420337 0.732230
vt 0.449497 0.748547
vt 0.444860 0.755842
vt 0.427515 0.748549
vt 0.420169 0.852504
vt 0.420495 0.856447
vt 0.410854 0.854135
vt 0.410953 0.849719
vt 0.463675 0.724150
vt 0.460711 0.726159
vt 0.455186 0.719209
vt 0.458839 0.716215
vt 0.433189 0.823893
vt 0.427332 0.824966
vt 0.414397 0.818903
vt 0.415592 0.815433
vt 0.426694 0.829220
vt 0.412041 0.824634
vt 0.397127 0.813388
vt 0.396808 0.819572
vt 0.435095 0.716331
vt 0.434483 0.709690
vt 0.450792 0.722037
vt 0.446867 0.724575
vt 0.424213 0.843936
vt 0.423734 0.848539
vt 0.410341 0.846202
vt 0.409996 0.841074
vt 0.393985 0.842126
vt 0.396274 0.837665
vt 0.425769 0.715354
vt 0.455846 0.740658
vt 0.421186 0.834831
vt 0.424780 0.839545
vt 0.409875 0.836075
vt 0.410326 0.831918
vt 0.391196 0.832227
vt 0.394802 0.827696
vt 0.415541 0.723356
vt 0.426463 0.723798
vt 0.446534 0.738598
vt 0.444180 0.741492
vt 0.426025 0.832991
vt 0.410994 0.828238
vt 0.390264 0.821577
vt 0.442247 0.761275
vt 0.434138 0.762562
vt 0.431383 0.757409
vt 0.438872 0.818705
vt 0.424717 0.816474
vt 0.430675 0.815187
vt 0.422786 0.814509
vt 0.426748 0.812674
vt 0.429683 0.763559
vt 0.426031 0.759271
vt 0.414936 0.811835
vt 0.405299 0.807822
vt 0.405981 0.807209
vt 0.414553 0.810873
vt 0.401639 0.803933
vt 0.415201 0.748197
vt 0.410929 0.748629
vt 0.414338 0.751813
vt 0.411032 0.750253
vt 0.403054 0.803242
vt 0.423215 0.752956
vt 0.419348 0.755633
vt 0.422693 0.760452
vt 0.425224 0.764881
vt 0.421004 0.765769
vt 0.419620 0.761484
vt 0.423998 0.809226
vt 0.419189 0.810069
vt 0.417622 0.806504
vt 0.421648 0.806050
vt 0.420845 0.804484
vt 0.417200 0.805240
vt 0.416481 0.800715
vt 0.419407 0.801048
vt 0.417052 0.762276
vt 0.418921 0.766092
vt 0.414511 0.767493
vt 0.412794 0.764237
vt 0.413791 0.807844
vt 0.413031 0.804758
vt 0.407381 0.805779
vt 0.407981 0.803645
vt 0.412843 0.803724
vt 0.408275 0.802363
vt 0.409712 0.796529
vt 0.413153 0.798298
vt 0.403955 0.802580
vt 0.404517 0.801540
vt 0.410981 0.751472
vt 0.413996 0.753213
vt 0.412878 0.754110
vt 0.409599 0.752154
vt 0.408198 0.753242
vt 0.410859 0.755797
vt 0.406088 0.758781
vt 0.403351 0.756618
vt 0.405183 0.800329
vt 0.407150 0.795464
vt 0.417787 0.756838
vt 0.415849 0.757810
vt 0.413510 0.759042
vt 0.409063 0.761404
vt 0.410390 0.765476
vt 0.412003 0.768283
vt 0.408500 0.769573
vt 0.407334 0.766599
vt 0.419444 0.798811
vt 0.416949 0.798481
vt 0.416870 0.794779
vt 0.418900 0.795585
vt 0.419300 0.790104
vt 0.417424 0.789389
vt 0.402029 0.769321
vt 0.403287 0.772078
vt 0.404558 0.760340
vt 0.406782 0.762554
vt 0.404935 0.763767
vt 0.402869 0.761226
vt 0.399694 0.767101
vt 0.397826 0.765326
vt 0.410852 0.795180
vt 0.408256 0.794186
vt 0.408113 0.792414
vt 0.410713 0.792755
vt 0.401788 0.757658
vt 0.400461 0.758878
vt 0.395394 0.763517
vt 0.412448 0.786979
vt 0.410290 0.786175
vt 0.413351 0.796310
vt 0.413893 0.793444
vt 0.414869 0.787889
vt 0.140291 0.168555
vt 0.153487 0.170597
vt 0.143173 0.200286
vt 0.131852 0.200009
vt 0.211260 0.175092
vt 0.227863 0.171910
vt 0.228554 0.188083
vt 0.214778 0.194994
vt 0.137420 0.228317
vt 0.163966 0.199852
vt 0.159660 0.232602
vt 0.182761 0.219566
vt 0.182692 0.206570
vt 0.195667 0.218514
vt 0.195073 0.201859
vt 0.197506 0.177587
vt 0.462262 0.733386
vt 0.432385 0.830216
vt 0.428387 0.833496
vt 0.427674 0.836681
vt 0.426958 0.840434
vt 0.426088 0.853695
vt 0.431985 0.856095
vt 0.431143 0.860868
vt 0.425925 0.857858
vt 0.432902 0.852810
vt 0.427027 0.849633
vt 0.428292 0.845184
vt 0.430260 0.837668
vt 0.434399 0.840315
vt 0.432768 0.846896
vt 0.435988 0.833376
vt 0.437237 0.827121
vt 0.443224 0.821598
vt 0.449518 0.757442
vt 0.447003 0.762004
vt 0.453858 0.750824
vt 0.460233 0.743589
vt 0.466151 0.737462
vt 0.469557 0.733546
vt 0.466419 0.728742
vt 0.211687 0.051533
vt 0.219500 0.051466
vt 0.220420 0.068808
vt 0.211989 0.068830
vt 0.225093 0.051487
vt 0.229646 0.067317
vt 0.234382 0.048796
vt 0.236922 0.066205
vt 0.246332 0.046798
vt 0.249771 0.064038
vt 0.259202 0.044114
vt 0.263398 0.061463
vt 0.120054 0.040907
vt 0.131653 0.043630
vt 0.128050 0.060599
vt 0.118437 0.058874
vt 0.141900 0.063140
vt 0.145650 0.046553
vt 0.152045 0.064620
vt 0.155080 0.048177
vt 0.167563 0.066557
vt 0.169929 0.049784
vt 0.186779 0.068672
vt 0.187920 0.052007
vt 0.202415 0.069235
vt 0.202967 0.052296
vt 0.228414 0.087495
vt 0.221220 0.088791
vt 0.211403 0.088355
vt 0.201403 0.088262
vt 0.184312 0.087173
vt 0.165813 0.084965
vt 0.151566 0.083136
vt 0.139759 0.081289
vt 0.124554 0.078417
vt 0.117163 0.077839
vt 0.271040 0.078364
vt 0.256424 0.081679
vt 0.242194 0.085059
vt 0.217756 0.122327
vt 0.207761 0.120930
vt 0.234326 0.120867
vt 0.247960 0.117887
vt 0.262011 0.113948
vt 0.278585 0.108848
vt 0.118811 0.108189
vt 0.107155 0.108612
vt 0.135250 0.111187
vt 0.146518 0.113146
vt 0.160846 0.115626
vt 0.178988 0.118287
vt 0.194779 0.119733
vt 0.121377 0.164109
vt 0.113111 0.199117
vt 0.096477 0.196905
vt 0.105116 0.161122
vt 0.090929 0.220561
vt 0.073112 0.201423
vt 0.284050 0.223807
vt 0.263723 0.228292
vt 0.262106 0.207332
vt 0.280481 0.211930
vt 0.241527 0.199147
vt 0.249444 0.200728
vt 0.254591 0.207540
vt 0.244284 0.210801
vt 0.241014 0.168818
vt 0.262508 0.167123
vt 0.285606 0.162967
vt 0.088654 0.159289
vt 0.168953 0.174211
vt 0.187282 0.177305
vt 0.255675 0.216952
vt 0.245978 0.222202
vt 0.244055 0.311424
vt 0.220782 0.307983
vt 0.215884 0.259356
vt 0.232181 0.256679
vt 0.202413 0.302752
vt 0.198613 0.266701
vt 0.178057 0.299124
vt 0.179586 0.267630
vt 0.149084 0.297722
vt 0.154945 0.266051
vt 0.128433 0.266138
vt 0.120245 0.299301
vt 0.104081 0.299402
vt 0.112884 0.268398
vt 0.080339 0.295778
vt 0.093403 0.264383
vt 0.082050 0.257399
vt 0.066644 0.290796
vt 0.057080 0.284573
vt 0.073054 0.249229
vt 0.280685 0.253089
vt 0.301092 0.250381
vt 0.323746 0.276860
vt 0.301058 0.291754
vt 0.254435 0.252439
vt 0.266889 0.309693
vt 0.213761 0.229967
vt 0.232924 0.232182
vt 0.196584 0.236606
vt 0.182557 0.237414
vt 0.125871 0.227771
vt 0.107092 0.225300
vt 0.072385 0.214485
vt 0.250827 0.242025
vt 0.214050 0.214936
vt 0.242529 0.185319
vt 0.078312 0.186469
vt 0.282306 0.194648
vt 0.260086 0.193477
vt 0.229026 0.212789
vt 0.237795 0.223056
vt 0.234493 0.212095
vt 0.235809 0.203528
vt 0.269884 0.489116
vt 0.250027 0.487673
vt 0.279576 0.437628
vt 0.286794 0.458390
vt 0.274391 0.568453
vt 0.273432 0.603138
vt 0.233034 0.603009
vt 0.235244 0.576192
vt 0.326482 0.596230
vt 0.323667 0.628574
vt 0.273581 0.631074
vt 0.309328 0.704187
vt 0.271431 0.704794
vt 0.277325 0.680849
vt 0.316235 0.678412
vt 0.231272 0.646401
vt 0.201708 0.642857
vt 0.193939 0.623790
vt 0.231572 0.626938
vt 0.270556 0.657180
vt 0.320260 0.654941
vt 0.194174 0.602844
vt 0.197088 0.582886
vt 0.244307 0.546536
vt 0.222004 0.546104
vt 0.240179 0.511304
vt 0.257293 0.515363
vt 0.228911 0.473261
vt 0.264681 0.423573
vt 0.383948 0.588421
vt 0.379896 0.626033
vt 0.373248 0.654433
vt 0.365904 0.678516
vt 0.357359 0.703445
vt 0.327543 0.522376
vt 0.379571 0.505637
vt 0.382719 0.539118
vt 0.325391 0.554613
vt 0.212437 0.544669
vt 0.232854 0.498420
vt 0.277585 0.537846
vt 0.243994 0.399665
vt 0.270251 0.368288
vt 0.282200 0.382294
vt 0.254416 0.413234
vt 0.298277 0.410136
vt 0.304395 0.426041
vt 0.336925 0.436426
vt 0.372459 0.440478
vt 0.374430 0.459281
vt 0.333483 0.467201
vt 0.321413 0.416573
vt 0.337525 0.408237
vt 0.349674 0.423511
vt 0.307745 0.439746
vt 0.303652 0.466339
vt 0.520503 0.032244
vt 0.523428 0.059381
vt 0.510173 0.057637
vt 0.508120 0.037863
vt 0.495757 0.057019
vt 0.494637 0.045759
vt 0.481981 0.055683
vt 0.481866 0.050044
vt 0.468270 0.053730
vt 0.469569 0.050234
vt 0.454819 0.050780
vt 0.458256 0.045642
vt 0.443725 0.046269
vt 0.447171 0.037809
vt 0.428742 0.044902
vt 0.435930 0.027222
vt 0.557083 0.032454
vt 0.560047 0.051431
vt 0.547756 0.056865
vt 0.542905 0.030035
vt 0.535101 0.059851
vt 0.530740 0.029530
vt 0.562774 0.324340
vt 0.567780 0.342618
vt 0.542627 0.348423
vt 0.538258 0.322971
vt 0.587809 0.324676
vt 0.595130 0.351105
vt 0.621402 0.320570
vt 0.628577 0.344554
vt 0.369230 0.315796
vt 0.364141 0.346000
vt 0.330685 0.329107
vt 0.341359 0.306246
vt 0.399512 0.317774
vt 0.389204 0.365586
vt 0.427477 0.318558
vt 0.409548 0.413030
vt 0.452409 0.318081
vt 0.436701 0.435456
vt 0.479521 0.318487
vt 0.467382 0.431774
vt 0.511575 0.319691
vt 0.513173 0.363182
vt 0.550162 0.231913
vt 0.531212 0.231916
vt 0.530389 0.215531
vt 0.549335 0.217796
vt 0.568980 0.234674
vt 0.567644 0.218391
vt 0.590272 0.237084
vt 0.586952 0.216152
vt 0.439240 0.221230
vt 0.437270 0.236184
vt 0.429426 0.235062
vt 0.430148 0.222085
vt 0.448645 0.220205
vt 0.445308 0.233354
vt 0.486073 0.239609
vt 0.453700 0.244851
vt 0.460463 0.219055
vt 0.486564 0.220622
vt 0.508500 0.234694
vt 0.508831 0.212065
vt 0.550290 0.170065
vt 0.532449 0.166150
vt 0.568741 0.165205
vt 0.590188 0.158652
vt 0.386892 0.202229
vt 0.393193 0.146266
vt 0.413276 0.155070
vt 0.407755 0.204460
vt 0.431850 0.167864
vt 0.423224 0.204917
vt 0.447589 0.175607
vt 0.441624 0.199587
vt 0.470130 0.172209
vt 0.459031 0.204778
vt 0.490848 0.164904
vt 0.486110 0.208886
vt 0.511575 0.163192
vt 0.420030 0.222385
vt 0.402640 0.219119
vt 0.440816 0.210881
vt 0.433503 0.212118
vt 0.447176 0.211843
vt 0.379700 0.226232
vt 0.396612 0.237709
vt 0.413191 0.246738
vt 0.434351 0.251141
vt 0.185596 0.837368
vt 0.208998 0.829189
vt 0.210789 0.841067
vt 0.190553 0.848980
vt 0.222789 0.821984
vt 0.246727 0.816201
vt 0.247042 0.832051
vt 0.224732 0.836952
vt 0.244090 0.845332
vt 0.221181 0.857256
vt 0.207966 0.851136
vt 0.192108 0.860059
vt 0.156695 0.575566
vt 0.122175 0.558897
vt 0.122465 0.534850
vt 0.155455 0.565059
vt 0.024037 0.957226
vt 0.016059 0.950627
vt 0.025769 0.949992
vt 0.031625 0.954018
vt 0.039375 0.968113
vt 0.041094 0.962357
vt 0.234134 0.878064
vt 0.259409 0.856309
vt 0.283530 0.874013
vt 0.250010 0.901635
vt 0.203356 0.894284
vt 0.205316 0.919902
vt 0.198618 0.874101
vt 0.278275 0.821978
vt 0.272627 0.838173
vt 0.300678 0.854098
vt 0.310052 0.839451
vt 0.106888 0.670954
vt 0.121042 0.645320
vt 0.144068 0.668004
vt 0.136616 0.686332
vt 0.067687 0.660329
vt 0.074404 0.644724
vt 0.156765 0.632553
vt 0.182688 0.623162
vt 0.191497 0.644889
vt 0.163357 0.653885
vt 0.094357 0.722655
vt 0.050920 0.710941
vt 0.058504 0.685692
vt 0.099705 0.694641
vt 0.167692 0.734934
vt 0.156018 0.716173
vt 0.169818 0.721658
vt 0.179129 0.731147
vt 0.209236 0.731798
vt 0.233072 0.718420
vt 0.237984 0.722993
vt 0.210539 0.737324
vt 0.297425 0.736272
vt 0.252675 0.733156
vt 0.166706 0.816249
vt 0.130864 0.816917
vt 0.132162 0.801203
vt 0.170585 0.796939
vt 0.099412 0.818366
vt 0.098056 0.802957
vt 0.087492 0.743576
vt 0.045383 0.727285
vt 0.143344 0.739358
vt 0.133046 0.759236
vt 0.188262 0.761532
vt 0.177898 0.778126
vt 0.248372 0.755907
vt 0.211301 0.765059
vt 0.211804 0.748821
vt 0.210387 0.790989
vt 0.246224 0.786118
vt 0.245388 0.798867
vt 0.209762 0.807466
vt 0.287076 0.760562
vt 0.342694 0.741533
vt 0.331767 0.770692
vt 0.279806 0.804718
vt 0.282970 0.791937
vt 0.323838 0.810760
vt 0.317479 0.825122
vt 0.125113 0.832354
vt 0.100810 0.832863
vt 0.146308 0.838130
vt 0.137278 0.846118
vt 0.121517 0.844931
vt 0.101541 0.845108
vt 0.163656 0.862030
vt 0.157707 0.848827
vt 0.175518 0.867622
vt 0.158845 0.869191
vt 0.176312 0.882514
vt 0.163496 0.889743
vt 0.152001 0.874758
vt 0.147519 0.857905
vt 0.151782 0.854008
vt 0.176928 0.902006
vt 0.172159 0.922914
vt 0.164064 0.906289
vt 0.159252 0.922905
vt 0.104759 0.933183
vt 0.129843 0.926530
vt 0.125671 0.939768
vt 0.106699 0.941205
vt 0.130153 0.962219
vt 0.119577 0.953370
vt 0.118692 0.943850
vt 0.107089 0.942479
vt 0.099108 0.947051
vt 0.079285 0.945418
vt 0.077390 0.941641
vt 0.125059 0.976679
vt 0.109023 0.978034
vt 0.113705 0.965240
vt 0.113702 0.989202
vt 0.106600 0.989927
vt 0.084166 0.976887
vt 0.085221 0.963829
vt 0.037612 0.948886
vt 0.040942 0.952203
vt 0.054853 0.964307
vt 0.058316 0.974174
vt 0.157315 0.909001
vt 0.156488 0.894113
vt 0.147784 0.924384
vt 0.152753 0.910447
vt 0.144955 0.923001
vt 0.152118 0.896156
vt 0.144850 0.861259
vt 0.147365 0.875353
vt 0.142003 0.878375
vt 0.142154 0.865180
vt 0.119755 0.851220
vt 0.099828 0.857160
vt 0.135884 0.850677
vt 0.134295 0.854541
vt 0.123404 0.856697
vt 0.099228 0.861815
vt 0.086900 0.542380
vt 0.087517 0.528640
vt 0.102336 0.431797
vt 0.090454 0.433626
vt 0.088868 0.399936
vt 0.104222 0.395908
vt 0.115516 0.494670
vt 0.089083 0.494178
vt 0.090479 0.464813
vt 0.103214 0.461677
vt 0.577784 0.371878
vt 0.544784 0.377926
vt 0.600092 0.374909
vt 0.633377 0.351412
vt 0.363054 0.351118
vt 0.330564 0.337459
vt 0.387412 0.372779
vt 0.407431 0.423989
vt 0.433265 0.452859
vt 0.466050 0.453943
vt 0.509641 0.402320
vt 0.511580 0.134698
vt 0.531638 0.137366
vt 0.491066 0.136330
vt 0.471169 0.143118
vt 0.453377 0.146262
vt 0.436699 0.137840
vt 0.422116 0.125387
vt 0.402927 0.115490
vt 0.565077 0.134337
vt 0.582425 0.124708
vt 0.548395 0.140349
vt 0.115586 0.364800
vt 0.121697 0.368233
vt 0.116281 0.376228
vt 0.108642 0.372129
vt 0.128641 0.369995
vt 0.123604 0.379119
vt 0.134049 0.370711
vt 0.132865 0.380191
vt 0.138720 0.369739
vt 0.142106 0.379163
vt 0.143102 0.367899
vt 0.148784 0.375862
vt 0.147384 0.363636
vt 0.155583 0.369603
vt 0.152782 0.359026
vt 0.160544 0.363649
vt 0.106704 0.347723
vt 0.108456 0.355139
vt 0.100564 0.361057
vt 0.097439 0.353158
vt 0.111438 0.360890
vt 0.104074 0.367869
vt 0.100467 0.384268
vt 0.096547 0.380348
vt 0.125693 0.401731
vt 0.119677 0.402332
vt 0.136577 0.402868
vt 0.149237 0.400859
vt 0.155996 0.397108
vt 0.164285 0.390433
vt 0.174355 0.371585
vt 0.169820 0.387865
vt 0.088142 0.370281
vt 0.081199 0.356875
vt 0.094073 0.375915
vt 0.136731 0.405556
vt 0.149913 0.402932
vt 0.150323 0.404250
vt 0.137052 0.408321
vt 0.157071 0.399444
vt 0.158285 0.402613
vt 0.126859 0.412929
vt 0.124096 0.407922
vt 0.168399 0.394990
vt 0.168702 0.400559
vt 0.088806 0.382427
vt 0.067482 0.395778
vt 0.060436 0.387549
vt 0.074066 0.376284
vt 0.060606 0.400829
vt 0.054089 0.393318
vt 0.155108 0.419947
vt 0.137067 0.419689
vt 0.164534 0.413854
vt 0.130783 0.423005
vt 0.172032 0.412586
vt 0.055324 0.405047
vt 0.048581 0.397223
vt 0.160311 0.587680
vt 0.123501 0.578855
vt 0.087110 0.563467
vt 0.084624 0.989610
vt 0.054810 0.985570
vt 0.176020 0.826794
vt 0.155769 0.839185
vt 0.200957 0.820256
vt 0.188232 0.578312
vt 0.184053 0.600140
vt 0.195549 0.571548
vt 0.187069 0.565491
vt 0.546965 0.407343
vt 0.499684 0.451844
vt 0.465700 0.474026
vt 0.430584 0.469257
vt 0.398064 0.432103
vt 0.386102 0.389898
vt 0.360398 0.361334
vt 0.329059 0.352367
vt 0.641901 0.363814
vt 0.606642 0.395111
vt 0.579537 0.397693
vt 0.018552 0.959740
vt 0.012215 0.951860
vt 0.034744 0.975475
vt 0.150349 0.427403
vt 0.138446 0.426463
vt 0.167812 0.419608
vt 0.162716 0.424342
vt 0.134734 0.429132
vt 0.173238 0.421499
vt 0.167328 0.430362
vt 0.157242 0.431266
vt 0.150064 0.433918
vt 0.030519 0.412417
vt 0.037022 0.405407
vt 0.043771 0.414678
vt 0.036267 0.421298
vt 0.059000 0.427982
vt 0.051958 0.431613
vt 0.038584 0.420629
vt 0.094765 0.385655
vt 0.077344 0.407185
vt 0.071949 0.413850
vt 0.067298 0.418921
vt 0.134750 0.709889
vt 0.253075 0.703067
vt 0.245729 0.702317
vt 0.256640 0.683104
vt 0.246480 0.682388
vt 0.249317 0.665963
vt 0.241623 0.668590
vt 0.224676 0.658520
vt 0.226677 0.655831
vt 0.171380 0.668713
vt 0.195306 0.658386
vt 0.194707 0.665121
vt 0.175306 0.680330
vt 0.159580 0.681756
vt 0.170165 0.691236
vt 0.249161 0.327236
vt 0.224374 0.327103
vt 0.199986 0.327542
vt 0.176965 0.325808
vt 0.143397 0.321661
vt 0.113790 0.319970
vt 0.096180 0.318737
vt 0.076108 0.309907
vt 0.061355 0.300471
vt 0.052926 0.292531
vt 0.331201 0.281729
vt 0.303419 0.297874
vt 0.268205 0.320247
vt 0.154826 0.695122
vt 0.167255 0.700606
vt 0.197612 0.751075
vt 0.201976 0.745719
vt 0.203199 0.654655
vt 0.201705 0.660126
vt 0.249512 0.334335
vt 0.229331 0.338631
vt 0.203459 0.343546
vt 0.177158 0.342719
vt 0.140012 0.336073
vt 0.109253 0.329751
vt 0.092636 0.325341
vt 0.072024 0.312833
vt 0.060415 0.302968
vt 0.050847 0.293603
vt 0.332756 0.283443
vt 0.304137 0.300064
vt 0.270044 0.321373
vt 0.296712 0.489469
vt 0.329293 0.500761
vt 0.377397 0.486930
vt 0.288120 0.511365
vt 0.330657 0.485219
vt 0.375988 0.473906
vt 0.160417 0.610089
vt 0.122892 0.607128
vt 0.084848 0.596450
vt 0.008932 0.946957
vt 0.011867 0.945888
vt 0.020179 0.945005
vt 0.033615 0.943186
vt 0.073093 0.934695
vt 0.099843 0.924357
vt 0.126790 0.913541
vt 0.111945 0.959239
vt 0.110056 0.947785
vt 0.112579 0.946230
vt 0.115662 0.946643
vt 0.116552 0.949161
vt 0.114426 0.951051
vt 0.101053 0.956459
vt 0.110847 0.951083
vt 0.307153 0.934703
vt 0.340628 0.939011
vt 0.340602 0.943966
vt 0.307026 0.935983
vt 0.285535 0.930552
vt 0.285445 0.931848
vt 0.264862 0.927340
vt 0.264745 0.928637
vt 0.248419 0.923821
vt 0.247461 0.924909
vt 0.242513 0.922272
vt 0.242460 0.923497
vt 0.234115 0.925260
vt 0.234800 0.926202
vt 0.338626 0.946418
vt 0.305812 0.938713
vt 0.283949 0.934809
vt 0.265893 0.931980
vt 0.235894 0.927009
vt 0.252951 0.932891
vt 0.249562 0.935963
vt 0.280274 0.940358
vt 0.275204 0.948918
vt 0.301135 0.948930
vt 0.322962 0.956064
vt 0.294700 0.958475
vt 0.309853 0.965102
vt 0.340683 0.938996
vt 0.370712 0.934076
vt 0.371126 0.934785
vt 0.370752 0.934094
vt 0.397824 0.927351
vt 0.398810 0.928229
vt 0.435306 0.916062
vt 0.435983 0.916794
vt 0.447640 0.911070
vt 0.448818 0.911780
vt 0.455480 0.909487
vt 0.455307 0.910404
vt 0.458538 0.908741
vt 0.457914 0.910295
vt 0.374779 0.948793
vt 0.350839 0.954023
vt 0.398350 0.939638
vt 0.433448 0.923687
vt 0.444555 0.920011
vt 0.450234 0.920250
vt 0.453209 0.920376
vt 0.378893 0.962183
vt 0.359027 0.967485
vt 0.401346 0.949864
vt 0.433128 0.930652
vt 0.441772 0.927508
vt 0.446702 0.924737
vt 0.450342 0.927111
vt 0.381339 0.969952
vt 0.362820 0.977345
vt 0.404011 0.958745
vt 0.436739 0.941599
vt 0.444340 0.935787
vt 0.096372 0.788214
vt 0.131656 0.786124
vt 0.170539 0.780289
vt 0.211350 0.777375
vt 0.250063 0.772465
vt 0.288777 0.780456
vt 0.330797 0.794565
vt 0.233179 0.353119
vt 0.250263 0.341747
vt 0.206276 0.363179
vt 0.175878 0.362508
vt 0.136041 0.351983
vt 0.103346 0.342093
vt 0.088202 0.333944
vt 0.066997 0.316599
vt 0.058765 0.307034
vt 0.048160 0.294937
vt 0.334807 0.285643
vt 0.305090 0.302824
vt 0.272262 0.322231
vt 0.357138 0.416236
vt 0.350487 0.402765
vt 0.368213 0.397735
vt 0.369938 0.415422
vt 0.371171 0.427886
vt 0.210037 0.464520
vt 0.196700 0.455912
vt 0.289582 0.394244
vt 0.341760 0.960293
vt 0.339521 0.961641
vt 0.344684 0.978600
vt 0.342315 0.977797
vt 0.348914 0.960652
vt 0.334831 0.961227
vt 0.330878 0.973691
vt 0.352245 0.969433
vt 0.354723 0.979726
vt 0.347416 0.969575
vt 0.348446 0.979333
vt 0.015800 0.488214
vt 0.020605 0.488214
vt 0.020605 0.493019
vt 0.015800 0.493019
vt 0.025409 0.488214
vt 0.025409 0.493019
vt 0.030214 0.488214
vt 0.030214 0.493019
vt 0.035019 0.488214
vt 0.035019 0.493019
vt 0.039824 0.488214
vt 0.039824 0.493019
vt 0.044629 0.488214
vt 0.044629 0.493019
vt 0.049434 0.488214
vt 0.049434 0.493019
vt 0.054239 0.488214
vt 0.054239 0.493019
vt 0.059044 0.488214
vt 0.059044 0.493019
vt 0.063848 0.488214
vt 0.063848 0.493019
vt 0.020605 0.497823
vt 0.015800 0.497823
vt 0.025409 0.497823
vt 0.030214 0.497823
vt 0.035019 0.497823
vt 0.039824 0.497823
vt 0.044629 0.497823
vt 0.049434 0.497823
vt 0.054239 0.497823
vt 0.059044 0.497823
vt 0.063848 0.497823
vt 0.020605 0.502628
vt 0.015800 0.502628
vt 0.025409 0.502628
vt 0.030214 0.502628
vt 0.035019 0.502628
vt 0.039824 0.502628
vt 0.044629 0.502628
vt 0.049434 0.502628
vt 0.054239 0.502628
vt 0.059044 0.502628
vt 0.063848 0.502628
vt 0.020605 0.507433
vt 0.015800 0.507433
vt 0.025409 0.507433
vt 0.030214 0.507433
vt 0.035019 0.507433
vt 0.039824 0.507433
vt 0.044629 0.507433
vt 0.049434 0.507433
vt 0.054239 0.507433
vt 0.059044 0.507433
vt 0.063848 0.507433
vt 0.020605 0.512238
vt 0.015800 0.512238
vt 0.025409 0.512238
vt 0.030214 0.512238
vt 0.035019 0.512238
vt 0.039824 0.512238
vt 0.044629 0.512238
vt 0.049434 0.512238
vt 0.054239 0.512238
vt 0.059044 0.512238
vt 0.063848 0.512238
vt 0.020605 0.517043
vt 0.015800 0.517043
vt 0.025409 0.517043
vt 0.030214 0.517043
vt 0.035019 0.517043
vt 0.039824 0.517043
vt 0.044629 0.517043
vt 0.049434 0.517043
vt 0.054239 0.517043
vt 0.059044 0.517043
vt 0.063848 0.517043
vt 0.020605 0.521848
vt 0.015800 0.521848
vt 0.025409 0.521848
vt 0.030214 0.521848
vt 0.035019 0.521848
vt 0.039824 0.521848
vt 0.044629 0.521848
vt 0.049434 0.521848
vt 0.054239 0.521848
vt 0.059044 0.521848
vt 0.063848 0.521848
vt 0.020605 0.526653
vt 0.015800 0.526653
vt 0.025409 0.526653
vt 0.030214 0.526653
vt 0.035019 0.526653
vt 0.039824 0.526653
vt 0.044629 0.526653
vt 0.049434 0.526653
vt 0.054239 0.526653
vt 0.059044 0.526653
vt 0.063848 0.526653
vt 0.018202 0.483409
vt 0.023007 0.483409
vt 0.027812 0.483409
vt 0.032617 0.483409
vt 0.037422 0.483409
vt 0.042227 0.483409
vt 0.047031 0.483409
vt 0.051836 0.483409
vt 0.056641 0.483409
vt 0.061446 0.483409
vt 0.018202 0.531457
vt 0.023007 0.531457
vt 0.027812 0.531457
vt 0.032617 0.531457
vt 0.037422 0.531457
vt 0.042227 0.531457
vt 0.047031 0.531457
vt 0.051836 0.531457
vt 0.056641 0.531457
vt 0.061446 0.531457
vn -0.000000 -0.984938 0.172909
vn -0.000000 -0.999771 0.021409
vn -0.519585 -0.851392 0.071858
vn -0.609053 -0.763345 0.215312
vn -0.893533 -0.394329 0.214718
vn -0.911526 -0.391537 0.125774
vn -0.493831 -0.867447 -0.060551
vn -0.860947 -0.501139 0.087346
vn 0.000000 -0.995486 -0.094914
vn 0.000000 -0.986960 -0.160963
vn -0.433732 -0.892122 -0.126475
vn -0.900556 -0.427433 0.079369
vn -0.341999 -0.929802 -0.136033
vn -0.941776 -0.311502 0.126586
vn 0.000000 -0.991252 -0.131980
vn -0.615173 0.130802 0.777466
vn -0.923713 0.249891 0.290361
vn -0.315776 -0.926196 -0.206025
vn 0.129537 -0.640078 0.757312
vn 0.290401 -0.887051 -0.358899
vn 0.521555 -0.811906 0.262276
vn -0.509393 -0.100247 -0.854675
vn 0.064441 -0.538313 -0.840277
vn -0.875181 0.362807 -0.320047
vn -0.289844 0.488805 0.822837
vn -0.240761 0.331458 0.912233
vn 0.116695 -0.281745 0.952366
vn 0.056646 -0.373376 0.925949
vn 0.253028 -0.848947 0.463967
vn 0.224546 -0.834835 0.502623
vn 0.378149 -0.330822 0.864616
vn 0.568088 -0.742010 0.355944
vn -0.178055 0.398794 0.899589
vn 0.189406 -0.979419 0.069741
vn 0.463674 -0.814272 -0.349238
vn 0.146939 -0.466698 -0.872125
vn 0.036583 -0.579365 -0.814247
vn -0.016256 -0.978821 -0.204072
vn -0.329558 0.267182 -0.905541
vn -0.265915 0.150464 -0.952182
vn -0.615491 0.650566 -0.444900
vn -0.662073 0.626186 -0.411766
vn -0.353392 0.257180 -0.899429
vn -0.596671 0.673824 -0.435828
vn -0.579003 0.718590 0.385206
vn -0.544291 0.767239 0.339253
vn -0.345592 0.333836 0.876995
vn -0.445726 0.245914 0.860729
vn 0.396431 -0.370152 0.840137
vn 0.343416 -0.293969 0.891991
vn 0.724049 -0.619338 0.303600
vn 0.670333 -0.644253 0.368228
vn 0.358373 -0.394374 0.846191
vn 0.669135 -0.673971 0.313085
vn -0.413816 0.281773 0.865656
vn -0.720878 0.583065 -0.374661
vn -0.787372 0.497703 -0.363781
vn -0.801586 0.500414 0.327178
vn -0.704021 0.621045 0.344468
vn -0.751778 0.566587 0.337354
vn -0.776213 0.502857 -0.380299
vn 0.229040 -0.334930 -0.913982
vn 0.350953 -0.361646 -0.863738
vn -0.411477 0.220284 -0.884399
vn -0.428728 0.287514 -0.856462
vn -0.439374 0.146617 -0.886258
vn 0.253449 -0.430812 -0.866120
vn 0.709627 -0.611491 -0.350012
vn 0.643253 -0.678429 -0.354909
vn 0.635786 -0.683714 -0.358205
vn -0.260116 0.371487 0.891256
vn -0.289007 0.292418 0.911574
vn 0.396967 -0.349366 0.848741
vn 0.339598 -0.281195 0.897554
vn 0.698286 -0.632327 0.335498
vn 0.629387 -0.669873 0.393880
vn 0.395827 -0.339129 0.853412
vn 0.404609 -0.342352 0.847989
vn 0.630039 -0.704887 0.325861
vn 0.661877 -0.669412 0.337351
vn -0.239900 0.290839 0.926208
vn -0.266348 0.351835 0.897369
vn -0.655013 0.629752 -0.417577
vn -0.696935 0.573635 -0.430377
vn -0.699708 0.628760 0.339220
vn -0.624039 0.701704 0.343784
vn -0.675209 0.654585 0.340016
vn -0.649713 0.679909 0.339995
vn -0.670227 0.587121 -0.453966
vn -0.663764 0.619006 -0.419819
vn 0.180710 -0.339341 -0.923142
vn 0.310771 -0.357658 -0.880626
vn -0.370727 0.237084 -0.897972
vn -0.395063 0.296052 -0.869643
vn -0.366677 0.248260 -0.896613
vn -0.350415 0.243124 -0.904489
vn 0.269410 -0.400925 -0.875601
vn 0.235818 -0.450395 -0.861124
vn 0.686382 -0.637938 -0.349163
vn 0.595962 -0.720580 -0.354391
vn 0.616983 -0.703160 -0.353409
vn 0.546909 -0.757233 -0.357056
vn -0.852410 0.323787 0.410560
vn -0.907356 0.352209 -0.229466
vn -0.296925 -0.942243 -0.154963
vn -0.343151 -0.382805 0.857734
vn 0.345368 -0.936557 0.059850
vn 0.239685 -0.680045 0.692886
vn -0.040446 -0.442351 -0.895930
vn 0.423889 -0.730874 -0.534922
vn -0.641517 0.245282 -0.726838
vn -0.747833 0.634211 -0.196271
vn -0.700024 0.565738 0.435783
vn -0.376525 -0.250662 0.891850
vn -0.456175 -0.123097 -0.881335
vn 0.122802 -0.987269 -0.101092
vn 0.490015 -0.871615 -0.013102
vn -0.242692 -0.103626 0.964553
vn -0.069052 -0.056643 0.996004
vn 0.295843 -0.603439 0.740499
vn 0.056840 -0.872893 0.484590
vn -0.615616 0.567573 0.546697
vn -0.507038 0.616761 0.602095
vn 0.217158 -0.972402 -0.085306
vn 0.487718 -0.857896 0.161693
vn 0.481404 -0.695553 -0.533344
vn 0.178020 -0.860676 -0.477019
vn 0.125764 -0.972703 -0.195019
vn 0.013891 -0.154038 -0.987967
vn -0.096424 -0.134265 -0.986243
vn -0.379939 0.510050 -0.771684
vn -0.492181 0.536953 -0.685156
vn 0.216408 -0.193604 -0.956914
vn -0.313372 0.535192 -0.784454
vn -0.643987 0.751171 -0.144993
vn -0.569419 0.812059 -0.127759
vn -0.653990 0.540330 0.529472
vn -0.749954 0.454388 0.480729
vn -0.061951 -0.102622 0.992790
vn -0.121118 -0.018598 0.992464
vn 0.470931 -0.496874 0.728931
vn 0.399950 -0.507444 0.763244
vn -0.145497 -0.147170 0.978352
vn 0.393310 -0.551563 0.735585
vn -0.717646 0.446338 0.534572
vn -0.462541 0.468476 -0.752719
vn -0.532643 0.372048 -0.760179
vn -0.813933 0.548261 -0.192152
vn -0.725163 0.669116 -0.162550
vn -0.775681 0.605230 -0.178928
vn -0.513399 0.331242 -0.791644
vn 0.597598 -0.594149 -0.538389
vn 0.660000 -0.583542 -0.473158
vn 0.228995 -0.215027 -0.949381
vn 0.178207 -0.132904 -0.974976
vn 0.141381 -0.262207 -0.954599
vn 0.589026 -0.641893 -0.490939
vn 0.721761 -0.658287 0.213819
vn 0.657039 -0.727608 0.197195
vn 0.656614 -0.725241 0.207083
vn -0.582244 0.583453 0.566193
vn -0.627732 0.516415 0.582468
vn -0.058246 -0.080917 0.995017
vn -0.122423 -0.002662 0.992474
vn 0.429164 -0.499583 0.752486
vn 0.349633 -0.523492 0.776990
vn -0.058046 -0.070306 0.995835
vn -0.043288 -0.077577 0.996046
vn 0.363906 -0.576110 0.731895
vn 0.389723 -0.537007 0.748157
vn -0.587235 0.520549 0.619826
vn -0.590159 0.567982 0.573679
vn -0.379419 0.504172 -0.775791
vn -0.414606 0.433946 -0.799871
vn -0.717551 0.675491 -0.169805
vn -0.647219 0.747336 -0.150321
vn -0.694199 0.702081 -0.158653
vn -0.669820 0.726856 -0.151730
vn -0.370180 0.435332 -0.820641
vn -0.380641 0.482288 -0.788994
vn 0.551688 -0.609190 -0.569674
vn 0.629466 -0.588578 -0.507295
vn 0.225442 -0.186912 -0.956159
vn 0.177135 -0.122021 -0.976593
vn 0.236602 -0.188272 -0.953191
vn 0.259357 -0.207109 -0.943313
vn 0.592715 -0.622156 -0.511479
vn 0.558970 -0.664786 -0.495594
vn 0.699070 -0.683011 0.211654
vn 0.612461 -0.768673 0.184481
vn 0.634214 -0.748076 0.195331
vn 0.567594 -0.802667 0.183201
vn -0.747672 0.225795 0.624502
vn -0.942928 0.329488 -0.048222
vn -0.324911 -0.918293 -0.226209
vn -0.187548 -0.459898 0.867940
vn 0.338482 -0.930865 -0.137553
vn 0.332747 -0.740360 0.584078
vn -0.178092 -0.233749 -0.955848
vn 0.301634 -0.600627 -0.740448
vn -0.691563 0.313591 -0.650693
vn -0.727496 0.646032 0.231066
vn -0.512270 0.489586 0.705610
vn -0.117321 -0.123303 0.985410
vn -0.595491 -0.355270 0.720537
vn 0.233468 -0.912169 0.336808
vn 0.151560 -0.779368 -0.607960
vn -0.014611 -0.157069 0.987480
vn 0.056583 -0.143172 0.988079
vn 0.379649 -0.667077 0.640996
vn 0.346546 -0.765754 0.541781
vn -0.467338 0.508926 0.722904
vn -0.378643 0.497545 0.780434
vn 0.364812 -0.913981 0.177628
vn 0.496481 -0.866046 -0.058913
vn 0.339637 -0.557529 -0.757501
vn 0.177460 -0.817216 -0.548329
vn 0.200903 -0.962164 -0.184059
vn -0.117524 0.069995 -0.990600
vn -0.176515 -0.017542 -0.984142
vn -0.426905 0.542489 -0.723504
vn -0.503544 0.530074 -0.682249
vn -0.012103 0.043506 -0.998980
vn -0.378024 0.568161 -0.730952
vn -0.632543 0.772861 0.050740
vn -0.572483 0.818410 0.049687
vn -0.529713 0.434789 0.728260
vn -0.630690 0.357131 0.688976
vn 0.048848 -0.181840 0.982114
vn 0.010726 -0.112001 0.993650
vn 0.551766 -0.558954 0.618971
vn 0.476791 -0.561856 0.676009
vn -0.011797 -0.215683 0.976392
vn 0.479360 -0.611960 0.629062
vn -0.590240 0.355046 0.724954
vn -0.512652 0.500983 -0.697283
vn -0.577150 0.410321 -0.706070
vn -0.831290 0.555576 -0.017106
vn -0.736288 0.676362 0.020366
vn -0.785340 0.618972 0.010720
vn -0.557591 0.424888 -0.713136
vn 0.421001 -0.438005 -0.794298
vn 0.516957 -0.456608 -0.724061
vn -0.044260 0.016752 -0.998880
vn -0.060877 0.072734 -0.995492
vn -0.074485 -0.007322 -0.997195
vn 0.458037 -0.511310 -0.727162
vn 0.742356 -0.669739 -0.018937
vn 0.673719 -0.738138 -0.035425
vn 0.675666 -0.736818 -0.023950
vn -0.455327 0.471315 0.755340
vn -0.493158 0.402997 0.770966
vn 0.064156 -0.164844 0.984231
vn 0.014885 -0.100385 0.994837
vn 0.519499 -0.564331 0.641601
vn 0.431771 -0.579331 0.691339
vn 0.063034 -0.151053 0.986514
vn 0.077075 -0.156346 0.984690
vn 0.448608 -0.637798 0.626070
vn 0.478788 -0.601410 0.639584
vn -0.447741 0.402134 0.798634
vn -0.459656 0.455397 0.762450
vn -0.438592 0.536960 -0.720632
vn -0.474409 0.471110 -0.743634
vn -0.730743 0.682561 0.011196
vn -0.655680 0.754378 0.031600
vn -0.705039 0.708868 0.020647
vn -0.678454 0.734133 0.027379
vn -0.436056 0.475167 -0.764246
vn -0.440525 0.516339 -0.734393
vn 0.381804 -0.442715 -0.811313
vn 0.489120 -0.455215 -0.744003
vn -0.021719 0.034625 -0.999164
vn -0.043619 0.082055 -0.995673
vn -0.017410 0.044359 -0.998864
vn 0.004823 0.031721 -0.999485
vn 0.450360 -0.491307 -0.745515
vn 0.419259 -0.540998 -0.729070
vn 0.718966 -0.694760 -0.019883
vn 0.625940 -0.778579 -0.044874
vn 0.650900 -0.758396 -0.034124
vn 0.581748 -0.812155 -0.044422
vn -0.916600 0.195058 0.348995
vn -0.901918 0.240130 -0.359002
vn -0.313801 -0.919428 -0.237026
vn -0.486011 -0.401780 0.776123
vn 0.333244 -0.940775 0.062372
vn 0.107367 -0.690479 0.715340
vn 0.045418 -0.447560 -0.893100
vn 0.485910 -0.715114 -0.502497
vn -0.576071 0.192891 -0.794314
vn -0.783221 0.611913 -0.110126
vn -0.785879 0.416120 0.457426
vn -0.426877 -0.221237 0.876830
vn -0.771245 -0.320878 0.549744
vn -0.069643 -0.969865 0.233476
vn 0.256155 -0.960740 0.106600
vn -0.385178 -0.186507 0.903799
vn -0.274954 -0.024652 0.961141
vn 0.138935 -0.591173 0.794488
vn -0.038600 -0.853182 0.520184
vn -0.763735 0.439329 0.472968
vn -0.606319 0.553088 0.571377
vn 0.189153 -0.942468 -0.275636
vn 0.468924 -0.864673 0.180139
vn 0.554630 -0.662116 -0.503972
vn 0.261703 -0.699100 -0.665411
vn 0.300006 -0.605921 -0.736788
vn 0.076643 -0.029984 -0.996608
vn 0.063726 -0.024783 -0.997660
vn -0.270133 0.527328 -0.805577
vn -0.235289 0.551980 -0.799973
vn 0.341745 -0.141082 -0.929143
vn -0.255604 0.626001 -0.736742
vn -0.603700 0.703637 -0.374754
vn -0.540325 0.819039 -0.192935
vn -0.734077 0.450709 0.507930
vn -0.837044 0.357490 0.414196
vn -0.323476 -0.049551 0.944938
vn -0.330741 -0.001747 0.943720
vn 0.320174 -0.452572 0.832266
vn 0.220495 -0.456590 0.861921
vn -0.348141 -0.087904 0.933312
vn 0.254606 -0.523774 0.812919
vn -0.796513 0.382853 0.467965
vn -0.393431 0.470005 -0.790131
vn -0.481287 0.359372 -0.799509
vn -0.821545 0.485588 -0.298777
vn -0.734273 0.630706 -0.251106
vn -0.787232 0.550929 -0.277026
vn -0.449286 0.321555 -0.833513
vn 0.691200 -0.539637 -0.480661
vn 0.750472 -0.522841 -0.404264
vn 0.348411 -0.160951 -0.923420
vn 0.303544 -0.085062 -0.949013
vn 0.256171 -0.224925 -0.940099
vn 0.675696 -0.597817 -0.431335
vn 0.729035 -0.620498 0.288949
vn 0.661971 -0.703616 0.258298
vn 0.659318 -0.703626 0.264970
vn -0.615292 0.518388 0.593876
vn -0.716499 0.433116 0.546845
vn -0.262886 -0.036853 0.964123
vn -0.250511 0.038861 0.967334
vn 0.298306 -0.463344 0.834461
vn 0.248896 -0.491687 0.834443
vn -0.278257 -0.020912 0.960279
vn -0.264733 -0.026683 0.963953
vn 0.215234 -0.554533 0.803845
vn 0.255854 -0.510239 0.821094
vn -0.673051 0.435065 0.598098
vn -0.674279 0.487014 0.555126
vn -0.288527 0.506507 -0.812529
vn -0.333888 0.429612 -0.839019
vn -0.713999 0.641900 -0.279587
vn -0.644132 0.731920 -0.222232
vn -0.703643 0.668394 -0.241114
vn -0.676426 0.699882 -0.229375
vn -0.290156 0.447892 -0.845697
vn -0.301505 0.498735 -0.812624
vn 0.604828 -0.611328 -0.510354
vn 0.687182 -0.571642 -0.448337
vn 0.315452 -0.153473 -0.936449
vn 0.285463 -0.130515 -0.949461
vn 0.359571 -0.138063 -0.922848
vn 0.385241 -0.152036 -0.910206
vn 0.681601 -0.577992 -0.448715
vn 0.639918 -0.622940 -0.449945
vn 0.680372 -0.676827 0.281069
vn 0.601468 -0.772344 0.204256
vn 0.636539 -0.729362 0.250697
vn 0.562303 -0.796722 0.221471
vn 0.483808 -0.107514 0.868545
vn -0.108890 -0.004895 0.994042
vn -0.367185 -0.817819 0.443111
vn 0.645643 -0.536527 0.543400
vn -0.038221 -0.827660 -0.559927
vn 0.708843 -0.643361 -0.289187
vn -0.857496 -0.514484 0.002560
vn -0.425679 -0.680926 -0.595933
vn -0.886440 -0.093248 0.453353
vn -0.434548 0.694080 0.573953
vn -0.528902 0.727221 0.437507
vn -0.542266 0.729475 0.416909
vn -0.516207 0.724223 0.457201
vn -0.355672 0.633720 0.686947
vn -0.310556 0.540733 0.781769
vn 0.532101 -0.282649 -0.798109
vn 0.428038 -0.464596 -0.775199
vn 0.091113 0.084423 -0.992256
vn 0.023972 0.320359 -0.946993
vn -0.204487 0.537353 -0.818191
vn -0.230367 0.568504 -0.789769
vn 0.679507 -0.347510 0.646147
vn 0.480628 -0.761749 0.434437
vn 0.506887 -0.861981 0.007367
vn 0.745268 -0.663825 0.062545
vn 0.460027 -0.848651 -0.261088
vn 0.749597 -0.641007 -0.164968
vn 0.241471 -0.904404 -0.351776
vn 0.275517 -0.961101 0.019357
vn -0.458061 0.772584 -0.439652
vn -0.445086 0.758650 -0.475761
vn -0.363138 0.721094 -0.590045
vn -0.527929 0.747437 -0.403273
vn 0.667383 -0.742708 0.054631
vn 0.516635 -0.850892 0.095241
vn 0.523997 -0.699405 -0.486066
vn 0.699962 -0.510048 -0.499904
vn 0.333465 -0.863629 -0.378083
vn 0.393523 -0.907058 0.149619
vn -0.624507 0.754808 -0.200639
vn -0.570467 0.762833 -0.304390
vn 0.635466 -0.696029 -0.334256
vn 0.462575 -0.837226 -0.291681
vn 0.467632 -0.836593 0.285364
vn 0.502085 -0.810918 0.300538
vn 0.348796 -0.930140 0.114807
vn 0.337799 -0.916643 -0.213674
vn -0.665029 0.743274 0.072661
vn -0.583328 0.794882 0.167008
vn -0.588067 0.805108 -0.077321
vn -0.620982 0.773815 -0.124869
vn 0.422952 -0.811573 -0.403064
vn 0.689934 -0.670784 -0.272102
vn 0.256391 -0.913905 -0.314709
vn -0.131258 0.559015 0.818702
vn 0.408257 0.116127 0.905451
vn 0.306659 0.138961 0.941621
vn 0.648387 -0.426217 0.630819
vn 0.604636 0.050806 0.794880
vn 0.857035 -0.479885 0.187621
vn 0.146650 0.482733 0.863402
vn 0.418552 -0.745278 0.519013
vn 0.158441 -0.712985 0.683044
vn 0.333920 -0.648009 -0.684530
vn -0.090415 -0.905272 -0.415100
vn -0.106691 -0.307639 0.945503
vn -0.424416 0.474631 0.771101
vn -0.719226 -0.597748 0.354135
vn -0.681715 0.459654 0.569196
vn -0.323056 0.632275 0.704176
vn -0.312349 0.645142 0.697301
vn 0.303719 0.318212 0.898051
vn 0.337624 0.182290 0.923461
vn 0.676503 -0.218879 0.703161
vn 0.696015 -0.105846 0.710183
vn 0.696891 -0.717159 0.004982
vn 0.775247 -0.626680 -0.079152
vn 0.726628 -0.180010 0.663030
vn 0.792704 -0.165474 0.586719
vn 0.704689 -0.609498 -0.363216
vn 0.782935 -0.619647 -0.055229
vn 0.350539 0.155712 0.923513
vn 0.334578 0.158950 0.928866
vn 0.165390 -0.703437 -0.691248
vn 0.255520 -0.723342 -0.641472
vn -0.269821 -0.467980 -0.841541
vn -0.121914 -0.705623 -0.698021
vn 0.240382 -0.596395 -0.765852
vn 0.217223 -0.560202 -0.799367
vn -0.260013 -0.401268 -0.878281
vn -0.240474 -0.408499 -0.880512
vn -0.883439 -0.063174 -0.464267
vn -0.868306 -0.484648 -0.105645
vn -0.810932 0.360690 0.460751
vn -0.709010 0.445200 0.546902
vn -0.907477 -0.022570 -0.419495
vn -0.902171 -0.109245 -0.417315
vn -0.906083 0.207311 0.368830
vn -0.842681 0.305054 0.443657
vn -0.208525 0.420924 0.882802
vn -0.171675 0.527795 0.831842
vn -0.248160 0.340651 0.906848
vn -0.318914 0.313295 0.894506
vn 0.366343 0.146732 0.918838
vn 0.387280 0.141633 0.911018
vn 0.812943 -0.161413 0.559527
vn 0.807858 -0.136218 0.573420
vn 0.784292 -0.465125 -0.410543
vn 0.800432 -0.547377 -0.244310
vn 0.852048 -0.113787 0.510948
vn 0.791095 -0.449205 -0.415191
vn 0.413175 0.139092 0.899967
vn -0.868727 0.260945 0.420976
vn -0.897999 0.303606 0.318468
vn -0.265734 0.362912 0.893129
vn -0.277976 0.325460 0.903772
vn -0.228968 0.289797 0.929296
vn -0.923878 0.150899 0.351680
vn -0.068874 -0.462254 -0.884069
vn -0.206958 -0.382131 -0.900636
vn -0.915653 -0.004543 -0.401944
vn -0.861709 -0.133501 -0.489525
vn -0.910951 -0.194876 -0.363583
vn -0.251385 -0.471546 -0.845251
vn 0.307200 -0.457548 -0.834433
vn 0.328843 -0.533034 -0.779575
vn 0.237315 -0.476243 -0.846684
vn -0.304182 0.368582 0.878419
vn -0.242012 0.278795 0.929356
vn -0.420055 0.527046 0.738767
vn -0.483152 0.581553 0.654493
vn -0.192318 0.221613 -0.955982
vn -0.197242 0.409868 -0.890564
vn -0.064436 0.116753 -0.991069
vn -0.024487 -0.209707 -0.977458
vn -0.508087 0.482010 0.713802
vn -0.620339 0.691080 0.370929
vn -0.519846 0.776386 0.356349
vn -0.531829 0.841244 -0.097294
vn -0.516040 0.850878 -0.098532
vn -0.382069 0.605765 -0.697905
vn -0.358724 0.608580 -0.707776
vn -0.440247 0.553541 -0.706948
vn -0.484865 0.625608 -0.611163
vn 0.696701 -0.717219 0.014301
vn 0.383471 -0.919685 -0.084441
vn 0.612608 -0.790357 0.006854
vn 0.428113 -0.901321 -0.065876
vn 0.481182 -0.181235 -0.857682
vn -0.118930 0.301888 -0.945896
vn -0.151473 0.287223 -0.945811
vn 0.304705 -0.151371 -0.940341
vn 0.477582 -0.501688 -0.721266
vn 0.624466 -0.479855 -0.616264
vn 0.703492 -0.650854 -0.285462
vn 0.622841 -0.754391 -0.207275
vn 0.667054 -0.742869 -0.056435
vn 0.596351 -0.802651 -0.010813
vn 0.627520 -0.778056 -0.029119
vn 0.391110 -0.559968 0.730390
vn 0.034469 -0.091061 0.995249
vn -0.366242 0.479968 0.797181
vn -0.550635 0.773972 0.312680
vn -0.595879 0.772129 -0.220781
vn -0.497859 0.597476 -0.628617
vn -0.143835 0.274451 -0.950783
vn 0.260599 -0.181327 -0.948266
vn 0.539248 -0.504441 -0.674353
vn 0.615238 -0.763800 -0.195172
vn 0.600335 -0.796931 -0.067074
vn 0.593532 -0.801940 -0.067913
vn 0.267582 -0.627947 0.730810
vn -0.080266 -0.195835 0.977346
vn -0.438281 0.393770 0.807994
vn -0.597432 0.722020 0.348943
vn -0.602416 0.784779 -0.145664
vn -0.474701 0.652242 -0.590965
vn 0.170799 -0.241423 -0.955271
vn 0.405170 -0.547458 -0.732207
vn -0.324067 0.336347 -0.884224
vn -0.565017 0.662939 -0.491191
vn -0.663673 0.741854 -0.095864
vn -0.654700 0.651350 0.383551
vn -0.471424 0.384851 0.793504
vn -0.142078 -0.122167 0.982288
vn 0.201654 -0.604532 0.770634
vn 0.494017 -0.869372 0.011843
vn 0.482793 -0.871222 -0.088784
vn 0.484219 -0.812055 -0.325728
vn -0.440671 0.464516 -0.768137
vn -0.089460 0.007589 -0.995962
vn 0.150958 -0.459138 -0.875445
vn 0.424373 -0.802257 -0.419871
vn 0.492624 -0.863025 -0.111845
vn 0.495228 -0.865470 0.075570
vn 0.258494 -0.591072 0.764078
vn -0.139857 0.027372 0.989793
vn -0.354171 0.401588 0.844565
vn -0.557769 0.614610 0.557807
vn -0.671386 0.740563 0.028429
vn -0.642848 0.692641 -0.327100
vn -0.048170 0.011247 0.998776
vn 0.405388 -0.643586 0.649198
vn 0.510108 -0.651808 0.561191
vn 0.101310 -0.114771 0.988213
vn 0.464780 -0.671805 0.576766
vn 0.532646 -0.839145 0.110111
vn 0.566163 -0.802875 0.186683
vn 0.525295 -0.849824 -0.043174
vn 0.601180 -0.772408 -0.204863
vn 0.355965 -0.572337 -0.738728
vn 0.516197 -0.373753 -0.770616
vn 0.534804 -0.683645 -0.496603
vn 0.451261 -0.718412 -0.529385
vn 0.357507 -0.755823 -0.548562
vn 0.500722 -0.851802 -0.153984
vn 0.532773 -0.842791 0.076526
vn -0.624844 0.764628 0.157841
vn -0.629381 0.744816 -0.221648
vn 0.421390 -0.470896 -0.775040
vn 0.516613 -0.628921 -0.581007
vn -0.111749 -0.163574 -0.980181
vn -0.047082 -0.112858 -0.992495
vn -0.288900 0.211101 -0.933795
vn -0.300310 0.186339 -0.935463
vn -0.554459 0.515344 -0.653449
vn -0.539846 0.473315 -0.696088
vn -0.721622 0.688900 -0.068409
vn -0.735025 0.670727 -0.099315
vn -0.693100 0.633036 0.344788
vn -0.689022 0.626230 0.364808
vn -0.565814 0.416568 0.711566
vn -0.167019 -0.088719 0.981954
vn -0.160487 -0.100459 0.981912
vn -0.531047 0.449798 0.718102
vn 0.127195 -0.450750 0.883542
vn 0.103708 -0.486847 0.867309
vn 0.364389 -0.710256 0.602293
vn 0.481911 -0.826470 0.291048
vn 0.398179 -0.867341 0.298618
vn 0.272329 -0.717493 0.641125
vn 0.536438 -0.835334 -0.120219
vn 0.454063 -0.887128 -0.082645
vn 0.383725 -0.659999 -0.645876
vn 0.273277 -0.728422 -0.628268
vn -0.253499 0.281539 -0.925459
vn -0.003358 -0.008037 -0.999962
vn -0.523548 0.566765 -0.636141
vn -0.674245 0.736263 -0.057541
vn -0.203055 0.052679 0.977749
vn 0.145518 -0.322173 0.935430
vn 0.466224 -0.526687 -0.710800
vn -0.191754 0.366935 -0.910269
vn 0.348768 -0.744168 -0.569715
vn 0.546534 -0.832888 0.087166
vn 0.474828 -0.867163 -0.150225
vn -0.075279 0.312031 -0.947085
vn 0.298091 -0.058727 -0.952729
vn 0.297502 -0.259134 -0.918881
vn 0.290767 -0.157458 -0.943749
vn -0.866230 -0.443062 0.230958
vn -0.838455 -0.478794 0.260287
vn -0.266894 -0.719013 0.641707
vn -0.371699 -0.700844 0.608816
vn -0.940074 0.036333 -0.339030
vn -0.923761 -0.169764 0.343286
vn -0.939368 -0.063023 0.337069
vn -0.932462 0.170596 -0.318453
vn -0.906344 0.287480 -0.309672
vn -0.502665 0.435011 -0.747057
vn -0.500314 0.276361 -0.820555
vn -0.409217 0.669357 -0.620082
vn -0.438305 0.582140 -0.684837
vn -0.756550 0.448420 -0.475974
vn -0.690918 0.570250 -0.444350
vn -0.988609 -0.087745 0.122284
vn -0.959936 -0.066787 0.272143
vn -0.804601 -0.364529 0.468760
vn -0.830211 -0.454116 0.323308
vn -0.485807 0.522875 -0.700423
vn -0.877640 0.328421 -0.349125
vn -0.783636 -0.187814 0.592149
vn -0.793011 -0.168833 0.585346
vn -0.913185 -0.297831 0.278189
vn -0.910154 -0.363973 0.197845
vn -0.580329 -0.579707 0.571977
vn -0.674793 -0.445563 0.588326
vn -0.234291 -0.870128 0.433573
vn -0.147921 -0.740775 0.655264
vn -0.000000 0.267952 -0.963432
vn -0.000000 0.445860 -0.895103
vn -0.000000 0.564838 -0.825202
vn 0.000000 0.630779 -0.775962
vn 0.000000 0.693603 -0.720358
vn -0.478849 0.108622 -0.871152
vn -0.509870 0.145077 -0.847930
vn -0.000000 0.172520 -0.985006
vn -0.000000 0.136689 -0.990614
vn -0.924209 -0.262779 -0.277100
vn -0.996521 -0.038665 0.073836
vn -0.934657 -0.079705 -0.346502
vn -0.000000 -0.769056 0.639181
vn -0.100303 -0.757569 0.645002
vn -0.118554 -0.933506 0.338396
vn -0.000000 -0.932604 0.360903
vn -0.813345 -0.569612 -0.118371
vn -0.478309 -0.873030 -0.095075
vn -0.183385 0.084155 -0.979432
vn -0.235175 0.123729 -0.964046
vn 0.000000 0.112034 -0.993704
vn 0.000000 0.106601 -0.994302
vn -0.084367 0.082646 -0.993002
vn -0.247003 -0.964571 0.092691
vn -0.771963 0.001176 -0.635666
vn -0.651208 -0.008198 -0.758855
vn -0.661747 0.122896 -0.739586
vn -0.961443 0.088466 -0.260387
vn -0.953385 -0.028356 -0.300421
vn -0.668912 0.008889 -0.743288
vn -0.980001 0.056288 0.190866
vn -0.963101 -0.107006 0.246954
vn -0.717193 0.128868 0.684856
vn -0.616042 -0.188318 0.764872
vn 0.014635 0.163068 0.986506
vn 0.004194 -0.248626 0.968591
vn 0.707345 0.019573 0.706597
vn 0.645258 -0.241291 0.724859
vn 0.974283 -0.065029 0.215742
vn 0.976937 -0.144704 0.157018
vn 0.938615 -0.057501 -0.340141
vn 0.957976 -0.091164 -0.271978
vn 0.621742 0.023112 -0.782881
vn 0.660811 -0.056365 -0.748433
vn 0.001854 0.095109 -0.995465
vn -0.004689 -0.009794 -0.999941
vn 0.018714 -0.221618 -0.974954
vn -0.675236 -0.091996 -0.731843
vn -0.692724 0.000850 -0.721202
vn -0.044600 -0.249702 -0.967295
vn 0.614243 -0.289108 -0.734250
vn 0.579292 -0.377106 -0.722642
vn 0.913278 -0.284871 -0.291156
vn 0.923311 -0.263572 -0.279333
vn 0.935934 -0.220017 0.274992
vn 0.888946 -0.165259 0.427159
vn 0.685000 -0.141089 0.714751
vn 0.584954 -0.143663 0.798242
vn -0.042787 -0.069035 0.996696
vn -0.250446 -0.019724 0.967930
vn -0.685137 0.001521 0.728413
vn -0.722476 0.069177 0.687927
vn -0.944467 0.054109 0.324122
vn -0.946951 0.113059 0.300834
vn -0.980008 0.037798 -0.195336
vn -0.978678 0.153413 -0.136576
vn -0.019949 -0.174481 -0.984459
vn 0.017281 0.267475 -0.963410
vn -0.677397 0.229061 -0.699046
vn -0.667723 -0.111442 -0.736021
vn 0.614831 -0.228255 -0.754906
vn 0.720157 0.168019 -0.673159
vn 0.891038 -0.279598 -0.357597
vn 0.966869 0.079570 -0.242557
vn 0.136423 -0.147940 0.979542
vn 0.661327 -0.144310 0.736085
vn 0.641318 -0.105732 0.759955
vn 0.086406 -0.034071 0.995677
vn -0.570198 0.019297 0.821280
vn -0.601711 -0.062409 0.796272
vn -0.910172 -0.052080 0.410944
vn -0.809005 -0.030757 0.586996
vn -0.667696 -0.041839 0.743258
vn -0.642016 -0.064575 0.763967
vn -0.945790 0.149958 -0.288088
vn -0.960634 -0.063287 -0.270514
vn 0.014617 0.248532 -0.968513
vn -0.658604 0.204248 -0.724240
vn 0.706231 0.131868 -0.695592
vn 0.969329 -0.014036 -0.245365
vn 0.990161 -0.027458 0.137215
vn 0.980004 -0.083911 0.180421
vn 0.843883 -0.204586 0.495989
vn 0.709882 -0.193508 0.677216
vn 0.112778 -0.371751 0.921457
vn 0.021116 -0.242924 0.969816
vn -0.571981 -0.169237 0.802619
vn -0.612149 -0.106887 0.783485
vn -0.915506 0.002719 0.402296
vn -0.963092 0.017215 0.268623
vn -0.945323 0.120048 -0.303238
vn 0.986601 -0.152753 0.057316
vn 0.922031 -0.151654 0.356173
vn 0.155140 -0.464123 0.872079
vn 0.622507 -0.329501 0.709869
vn -0.445195 -0.330793 0.832092
vn 0.951448 -0.250831 0.178409
vn 0.778280 -0.140805 0.611927
vn 0.043999 -0.102552 0.993754
vn -0.781996 0.422551 0.458184
vn -0.831585 0.306052 0.463464
vn -0.903720 0.388962 0.178883
vn -0.883119 0.447028 0.142360
vn -0.921476 0.384652 0.054083
vn -0.913965 0.402426 0.052162
vn -0.817144 0.564393 -0.117201
vn -0.871443 0.458606 -0.173980
vn -0.746460 0.663978 0.043937
vn -0.728842 0.682294 -0.057136
vn -0.956869 -0.129587 0.260018
vn -0.992665 0.107023 0.056238
vn -0.739581 -0.028765 0.672452
vn -0.706972 0.054646 0.705127
vn -0.191862 -0.281854 0.940078
vn -0.336570 -0.165630 0.926977
vn -0.365416 0.283004 0.886781
vn -0.717821 0.172244 0.674585
vn -0.806874 -0.141137 0.573615
vn -0.529248 0.057650 0.846506
vn -0.409830 0.434211 0.802184
vn -0.757597 0.231156 0.610421
vn -0.358116 0.933470 0.019634
vn 0.000000 0.999999 0.001081
vn 0.000000 0.979826 -0.199853
vn -0.331532 0.930302 -0.156925
vn -0.400947 0.875202 0.270673
vn 0.000000 0.957597 0.288112
vn -0.753273 0.595197 0.279857
vn -0.396972 0.838019 -0.374350
vn -0.495167 0.652712 -0.573391
vn -0.000000 0.895497 -0.445068
vn -0.000000 0.715088 -0.699035
vn -0.371308 -0.679142 0.633164
vn -0.613834 -0.530909 0.584246
vn -0.637954 -0.564748 0.523522
vn -0.428705 -0.551081 0.715907
vn -0.000000 -0.617657 0.786448
vn -0.000000 -0.755152 0.655550
vn -0.739630 -0.491006 0.460283
vn -0.712263 -0.566232 0.414806
vn -0.534675 -0.484012 0.692715
vn -0.444178 -0.560794 0.698725
vn -0.000000 -0.652460 0.757823
vn 0.000000 -0.614569 0.788863
vn -0.750320 0.106549 0.652432
vn -0.587214 0.314816 0.745701
vn -0.548364 -0.042798 0.835144
vn -0.698641 -0.269323 0.662847
vn -0.661612 0.667869 0.340911
vn -0.779295 0.553412 0.293997
vn -0.729044 0.661067 -0.177441
vn -0.653226 0.727951 -0.208284
vn -0.734098 0.588720 -0.338391
vn -0.461815 0.672038 -0.578871
vn -0.843467 -0.234431 0.483328
vn -0.871113 -0.170650 0.460480
vn -0.598836 -0.473654 0.645792
vn -0.621744 -0.443442 0.645596
vn -0.000000 -0.645135 0.764069
vn -0.000000 -0.689678 0.724117
vn 0.000000 -0.622304 0.782775
vn -0.577814 -0.469768 0.667419
vn -0.800417 -0.219704 0.557731
vn -0.845868 -0.228037 0.482189
vn -0.919953 0.328437 0.214047
vn -0.981242 0.119838 0.151009
vn -0.843265 0.448394 -0.296389
vn -0.979859 0.114368 0.163696
vn -0.972737 0.170026 0.157713
vn -0.899183 0.385373 -0.207260
vn -0.906456 0.318347 -0.277477
vn -0.530973 0.592644 -0.605674
vn -0.000000 0.674377 -0.738387
vn 0.000000 0.723534 -0.690288
vn -0.565801 0.550581 -0.613783
vn 0.000000 0.639789 -0.768551
vn -0.000000 0.620761 -0.784000
vn -0.570308 0.502619 -0.649710
vn 0.000000 -0.703066 0.711125
vn -0.588723 -0.485317 0.646431
vn -0.739874 -0.275417 0.613785
vn -0.524741 -0.647476 0.552649
vn -0.847615 -0.325349 0.419162
vn 0.000000 -0.807622 0.589700
vn -0.772013 0.188883 0.606893
vn -0.679929 0.297230 0.670336
vn -0.834707 -0.337235 0.435357
vn -0.820942 -0.092288 0.563505
vn -0.869629 0.048576 0.491310
vn -0.764737 0.058409 0.641690
vn -0.754097 0.298203 0.585161
vn -0.910834 0.016918 0.412426
vn -0.836080 0.042496 0.546959
vn -0.477197 0.700374 0.530809
vn -0.000000 0.858228 0.513268
vn -0.618463 0.434562 0.654721
vn -0.000000 0.705248 0.708961
vn -0.974810 0.140437 0.173273
vn -0.606538 0.765166 0.215946
vn -0.778991 0.587111 0.220166
vn -0.992266 0.075053 0.098872
vn -0.798687 0.503516 0.329501
vn -0.959266 0.208528 0.190590
vn -0.871493 0.365606 0.326851
vn -0.942662 0.275460 0.188441
vn -0.899744 0.436396 -0.004351
vn -0.394946 0.892923 0.216115
vn -0.970308 -0.108073 0.216386
vn -0.895705 0.429765 0.114088
vn -0.702988 0.683082 0.198008
vn -0.796358 0.550634 0.250232
vn 0.000000 0.948572 0.316561
vn 0.000000 0.959212 0.282689
vn -0.942240 0.299787 0.149372
vn -0.658909 0.678742 0.324266
vn -0.945778 -0.287512 0.151133
vn -0.954636 0.136023 0.264892
vn -0.939325 0.225322 0.258646
vn -0.600547 0.632509 0.489158
vn -0.811655 0.161602 0.561339
vn -0.732966 0.343748 0.587025
vn -0.000000 0.617784 0.786348
vn -0.984302 0.150290 0.092529
vn -0.895586 0.256854 0.363251
vn 0.000000 -0.890695 0.454602
vn -0.469661 -0.785447 0.403101
vn -0.890643 -0.356945 0.281683
vn -0.000000 -0.398398 0.917213
vn -0.000000 -0.283843 0.958871
vn 0.614490 -0.745591 -0.257868
vn 0.071861 -0.906954 0.415054
vn -0.000000 -0.923090 0.384585
vn -0.000000 -0.976307 -0.216391
vn 0.018956 -0.449096 0.893283
vn 0.361348 -0.764228 0.534212
vn 0.000000 -0.879356 0.476166
vn 0.000000 -0.529686 0.848194
vn -0.717915 0.055215 -0.693937
vn -0.085368 -0.236024 -0.967990
vn 0.666326 -0.330232 -0.668548
vn 0.947313 -0.235523 -0.217088
vn 0.927305 -0.201906 0.315182
vn 0.621734 -0.190823 0.759627
vn -0.151596 -0.077878 0.985370
vn -0.703852 0.119227 0.700269
vn -0.975809 0.212960 0.049445
vn -0.943976 0.183016 -0.274617
vn -0.948825 -0.008448 -0.315689
vn -0.633199 0.031552 -0.773345
vn -0.952920 -0.091457 0.289099
vn -0.578335 -0.163133 0.799322
vn -0.015718 -0.211712 0.977206
vn 0.588921 -0.237529 0.772497
vn 0.959068 -0.191445 0.208658
vn 0.955739 -0.127178 -0.265310
vn 0.647519 -0.060853 -0.759616
vn 0.014078 0.025072 -0.999587
vn -0.719390 0.134481 -0.681464
vn -0.978597 0.113599 -0.171590
vn -0.985547 0.165622 -0.035586
vn -0.765748 0.553840 0.326941
vn 0.034999 0.789381 0.612905
vn 0.838558 0.404386 0.365092
vn 0.992662 0.106921 0.056485
vn 0.979708 0.050243 -0.194030
vn 0.738147 0.087421 -0.668952
vn -0.011099 0.158211 -0.987343
vn -0.666554 -0.271853 -0.694119
vn -0.844729 -0.503554 -0.181291
vn -0.845619 -0.525664 -0.092764
vn -0.973428 0.221590 -0.057758
vn -0.679437 0.690553 0.247997
vn 0.027844 0.895517 0.444155
vn 0.788903 0.557674 0.258133
vn 0.977195 0.205449 0.053681
vn 0.822278 -0.568516 -0.025465
vn 0.807404 -0.580673 -0.104484
vn 0.650016 -0.503090 -0.569543
vn 0.008120 -0.520347 -0.853916
vn -0.783776 0.615424 0.083357
vn -0.530346 0.834580 0.149024
vn -0.018424 0.967251 0.253153
vn 0.017652 0.935039 0.354106
vn 0.738937 0.672606 0.039662
vn 0.901756 0.425513 0.075991
vn -0.372828 -0.927354 -0.031856
vn -0.411007 -0.910481 -0.045799
vn 0.657080 -0.748691 -0.087794
vn 0.528221 -0.849097 0.004090
vn 0.007428 -0.999972 0.000909
vn 0.008055 -0.999957 -0.004675
vn -0.000266 -0.999999 -0.001162
vn -0.513444 0.836793 0.190138
vn -0.059866 0.960418 0.272055
vn 0.729666 0.679751 0.074342
vn -0.400252 -0.916394 -0.004464
vn 0.624458 -0.780210 -0.036390
vn -0.001732 -0.999997 -0.001608
vn -0.427485 -0.234490 0.873081
vn -0.789801 -0.136282 0.598031
vn -0.000000 -0.242872 0.970058
vn 0.000000 0.899237 0.437461
vn -0.000000 0.769686 0.638422
vn -0.722991 -0.276884 0.632945
vn -0.917828 -0.143973 0.369950
vn -0.990274 0.048275 0.130491
vn -0.958687 0.016883 0.283961
vn 0.000001 0.149746 0.988725
vn -0.000000 0.312777 0.949827
vn -0.000000 0.488874 0.872354
vn -0.377097 0.625126 0.683385
vn 0.162693 0.695108 0.700254
vn -0.467361 0.674360 0.571675
vn 0.573746 0.621882 0.532991
vn -0.311806 -0.872867 0.375341
vn 0.431212 -0.756344 0.491935
vn -0.029624 -0.999336 0.021208
vn -0.508024 -0.676998 0.532527
vn 0.281239 -0.806574 0.519945
vn -0.669306 -0.391610 0.631405
vn -0.790428 0.457943 -0.406832
vn -0.721028 0.427282 -0.545479
vn -0.893936 0.306623 -0.326895
vn -0.851542 0.178327 -0.493027
vn -0.982994 0.051716 -0.176205
vn -0.955323 -0.051685 -0.291010
vn -0.966680 -0.255989 -0.000119
vn -0.904916 -0.418400 -0.077904
vn -0.691084 -0.617769 0.375187
vn -0.628309 -0.677954 0.381585
vn -0.765310 -0.621292 0.168216
vn -0.843722 -0.496409 0.204237
vn -0.622970 -0.606186 0.494417
vn -0.561819 -0.618884 0.548947
vn -0.493516 -0.251885 -0.832464
vn -0.486274 0.124784 -0.864851
vn -0.582598 0.458212 -0.671283
vn -0.698680 0.702412 -0.135882
vn -0.635965 0.672271 0.378947
vn -0.470660 0.486307 0.736196
vn -0.190580 -0.029437 0.981230
vn 0.024268 -0.447011 0.894199
vn 0.182693 -0.693599 0.696810
vn 0.124043 -0.926718 0.354693
vn 0.051530 -0.995921 -0.074063
vn -0.289243 -0.753403 -0.590528
vn -0.645404 -0.480237 0.593992
vn -0.550952 -0.439595 0.709372
vn -0.761062 -0.189970 -0.620239
vn -0.656032 0.120206 -0.745099
vn -0.617279 0.435463 -0.655239
vn -0.646111 0.740034 -0.186790
vn -0.591444 0.713810 0.375060
vn -0.394445 0.497124 0.772840
vn -0.175479 0.079191 0.981293
vn -0.110547 -0.446261 0.888049
vn -0.419853 -0.687946 0.591991
vn -0.586403 -0.740927 0.327351
vn -0.660221 -0.749019 0.055486
vn -0.703680 -0.638828 -0.311021
vn -0.885807 -0.001719 -0.464051
vn -0.429724 0.143521 -0.891481
vn -0.000000 0.127908 -0.991786
vn -0.913557 -0.031480 -0.405492
vn -0.345867 0.169218 -0.922898
vn 0.000000 0.132660 -0.991162
vn -0.789952 -0.318728 0.523821
vn -0.437934 -0.394767 0.807696
vn -0.000000 -0.400863 0.916138
vn 0.000003 -0.125696 0.992069
vn -0.650022 -0.218743 0.727752
vn -0.780147 -0.441030 0.443693
vn -0.818760 -0.573921 0.015728
vn -0.850185 -0.522071 0.068022
vn -0.863595 -0.496000 0.090484
vn -0.994276 0.072102 0.078850
vn -0.754446 0.650164 -0.089990
vn -0.081349 0.892958 0.442729
vn -0.862325 -0.449821 0.232501
vn -0.431240 -0.433399 0.791326
vn 0.117011 0.517605 0.847581
vn -0.982720 0.183749 -0.022311
vn -0.987882 -0.076401 -0.135100
vn 0.086157 0.992405 0.087806
vn 0.939120 -0.340331 0.047213
vn 0.368145 0.918300 0.145582
vn 0.167899 0.959660 0.225526
vn 0.291805 0.924390 0.245666
vn -0.186940 0.757742 0.625204
vn 0.000003 0.630240 0.776400
vn 0.558316 0.829195 -0.026816
vn 0.474367 0.840376 0.262191
vn 0.569670 0.818756 0.071524
vn 0.501073 0.862747 0.067781
vn 0.000001 0.947235 0.320541
vn -0.000000 0.991732 0.128326
vn 0.437961 0.891765 0.113777
vn 0.502324 0.861673 0.072050
vn -0.000000 0.996284 0.086130
vn 0.477506 0.878340 0.022513
vn 0.302508 0.920181 0.248509
vn 0.000000 0.997783 0.066546
vn 0.000000 0.971577 0.236726
vn 0.758233 -0.606304 -0.239747
vn 0.811797 -0.513100 -0.278772
vn 0.903187 -0.276988 -0.327919
vn 0.594430 -0.228192 -0.771091
vn 0.340803 -0.333491 -0.878998
vn 0.000002 -0.442296 -0.896869
vn 0.733470 -0.674284 -0.085803
vn 0.703807 -0.668590 -0.240089
vn 0.808536 -0.540198 -0.233358
vn 0.914428 -0.318258 -0.250067
vn 0.805580 -0.093697 -0.585032
vn 0.419895 -0.197616 -0.885797
vn 0.000001 -0.249353 -0.968413
vn 0.538682 -0.824882 -0.171442
vn 0.611621 -0.763096 -0.208817
vn 0.656563 -0.712949 -0.246229
vn 0.718606 -0.631001 -0.292306
vn 0.593616 -0.527561 -0.607700
vn 0.380152 -0.390689 -0.838359
vn 0.000001 -0.469210 -0.883087
vn -0.000001 -0.992361 -0.123369
vn -0.000001 -0.977383 -0.211478
vn -0.000000 -0.946180 -0.323641
vn 0.000000 -0.914315 -0.405004
vn 0.000000 -0.796013 -0.605279
vn -0.064819 0.099158 -0.992958
vn -0.000000 0.108148 -0.994135
vn -0.000000 0.115845 -0.993267
vn 0.026451 0.384040 0.922938
vn 0.447109 -0.277589 0.850316
vn 0.000000 0.152631 0.988283
vn -0.000000 -0.378234 0.925710
vn 0.593285 -0.637687 0.491293
vn -0.015583 0.658764 0.752189
vn 0.000000 0.650916 0.759150
vn 0.417020 -0.817539 0.397146
vn -0.000000 -0.923462 0.383690
vn -0.000000 -0.485909 0.874009
vn 0.229575 -0.471251 0.851597
vn 0.000133 -0.906774 -0.421617
vn -0.042891 -0.762607 -0.645439
vn 0.346236 -0.733801 -0.584514
vn 0.248421 -0.890032 -0.382270
vn 0.627581 -0.716001 -0.305754
vn 0.427035 -0.880859 -0.204274
vn 0.691842 -0.716531 0.089088
vn 0.467035 -0.883010 0.046612
vn 0.508423 -0.735045 0.448570
vn 0.350249 -0.895566 0.274384
vn 0.146736 -0.763722 0.628647
vn 0.120925 -0.913346 0.388815
vn -0.248267 -0.791283 0.558780
vn -0.130072 -0.929416 0.345350
vn -0.522949 -0.807878 0.271767
vn -0.305608 -0.938007 0.163547
vn -0.577198 -0.807842 -0.119304
vn -0.340982 -0.936164 -0.085609
vn -0.394226 -0.790845 -0.468135
vn -0.224409 -0.924385 -0.308469
vn -0.084824 -0.552263 -0.829344
vn 0.420404 -0.511431 -0.749466
vn 0.785089 -0.483598 -0.387000
vn 0.868247 -0.479955 0.125661
vn 0.630252 -0.501830 0.592409
vn 0.160859 -0.540082 0.826097
vn -0.351628 -0.579594 0.735139
vn -0.708085 -0.605992 0.362476
vn -0.778874 -0.610067 -0.145511
vn -0.541422 -0.589893 -0.599073
vn -0.120275 -0.296903 -0.947303
vn 0.459689 -0.247390 -0.852927
vn 0.874996 -0.211716 -0.435383
vn 0.967372 -0.203736 0.150608
vn 0.695087 -0.226584 0.682285
vn 0.160460 -0.271123 0.949076
vn -0.424498 -0.319829 0.847060
vn -0.834144 -0.354544 0.422495
vn -0.918008 -0.362730 -0.160274
vn -0.646092 -0.340970 -0.682865
vn -0.146286 -0.015721 -0.989117
vn 0.461149 0.036702 -0.886564
vn 0.891216 0.075003 -0.447335
vn 0.983105 0.084841 0.162191
vn 0.699333 0.062263 0.712079
vn 0.146285 0.015721 0.989118
vn -0.461148 -0.036701 0.886564
vn -0.891216 -0.075001 0.447336
vn -0.983106 -0.084833 -0.162191
vn -0.699334 -0.062254 -0.712079
vn -0.160461 0.271121 -0.949076
vn 0.424497 0.319831 -0.847060
vn 0.834144 0.354546 -0.422494
vn 0.918008 0.362732 0.160274
vn 0.646091 0.340975 0.682864
vn 0.120275 0.296906 0.947302
vn -0.459689 0.247393 0.852926
vn -0.874997 0.211715 0.435382
vn -0.967373 0.203732 -0.150608
vn -0.695087 0.226582 -0.682286
vn -0.160859 0.540080 -0.826098
vn 0.351628 0.579591 -0.735141
vn 0.708086 0.605990 -0.362477
vn 0.778877 0.610063 0.145510
vn 0.541423 0.589890 0.599075
vn 0.084824 0.552264 0.829342
vn -0.420404 0.511435 0.749463
vn -0.785088 0.483598 0.387001
vn -0.868252 0.479946 -0.125660
vn -0.630255 0.501825 -0.592411
vn -0.146736 0.763721 -0.628648
vn 0.248268 0.791282 -0.558780
vn 0.522951 0.807877 -0.271767
vn 0.577201 0.807840 0.119304
vn 0.394226 0.790843 0.468138
vn 0.042891 0.762605 0.645441
vn -0.346236 0.733799 0.584516
vn -0.627580 0.716000 0.305757
vn -0.691842 0.716532 -0.089085
vn -0.508425 0.735044 -0.448570
vn -0.120927 0.913346 -0.388813
vn 0.130072 0.929418 -0.345346
vn 0.305611 0.938005 -0.163549
vn 0.340987 0.936162 0.085609
vn 0.224411 0.924384 0.308472
vn -0.000131 0.906775 0.421616
vn -0.248420 0.890033 0.382268
vn -0.427036 0.880859 0.204275
vn -0.467034 0.883010 -0.046611
vn -0.350253 0.895564 -0.274385
vn 0.065373 -0.997609 -0.022427
vn -0.065373 0.997609 0.022424
vn 0.609052 -0.763345 0.215312
vn 0.519584 -0.851392 0.071858
vn 0.911526 -0.391537 0.125774
vn 0.893532 -0.394330 0.214718
vn 0.860945 -0.501143 0.087345
vn 0.493831 -0.867447 -0.060551
vn 0.433732 -0.892122 -0.126476
vn 0.900557 -0.427431 0.079369
vn 0.941775 -0.311507 0.126587
vn 0.342001 -0.929801 -0.136034
vn 0.615171 0.130793 0.777469
vn -0.129537 -0.640083 0.757307
vn 0.315777 -0.926196 -0.206025
vn 0.923713 0.249883 0.290368
vn -0.521551 -0.811908 0.262278
vn -0.290399 -0.887053 -0.358896
vn -0.064439 -0.538307 -0.840281
vn 0.509391 -0.100243 -0.854677
vn 0.875178 0.362807 -0.320053
vn 0.289844 0.488804 0.822837
vn -0.056646 -0.373375 0.925949
vn -0.116695 -0.281745 0.952367
vn 0.240761 0.331459 0.912233
vn -0.224546 -0.834836 0.502622
vn -0.253027 -0.848948 0.463966
vn -0.568089 -0.742008 0.355947
vn -0.378146 -0.330824 0.864616
vn 0.178051 0.398798 0.899588
vn -0.189407 -0.979419 0.069739
vn -0.036584 -0.579364 -0.814248
vn -0.146939 -0.466697 -0.872125
vn -0.463679 -0.814268 -0.349241
vn 0.016255 -0.978821 -0.204071
vn 0.265914 0.150467 -0.952181
vn 0.329558 0.267186 -0.905540
vn 0.662074 0.626185 -0.411766
vn 0.615490 0.650567 -0.444899
vn 0.596670 0.673826 -0.435825
vn 0.353393 0.257176 -0.899430
vn 0.579004 0.718590 0.385205
vn 0.544286 0.767244 0.339248
vn 0.345590 0.333837 0.876995
vn -0.343415 -0.293966 0.891992
vn -0.396433 -0.370153 0.840136
vn 0.445727 0.245912 0.860729
vn -0.670338 -0.644246 0.368231
vn -0.724048 -0.619339 0.303603
vn -0.358373 -0.394375 0.846190
vn -0.669131 -0.673973 0.313087
vn 0.413816 0.281770 0.865657
vn 0.720879 0.583062 -0.374662
vn 0.704020 0.621046 0.344467
vn 0.801587 0.500412 0.327180
vn 0.787372 0.497701 -0.363785
vn 0.751779 0.566584 0.337358
vn 0.776212 0.502857 -0.380303
vn -0.229041 -0.334932 -0.913981
vn 0.428728 0.287508 -0.856465
vn 0.411475 0.220282 -0.884401
vn -0.350953 -0.361643 -0.863740
vn 0.439372 0.146618 -0.886259
vn -0.253452 -0.430809 -0.866121
vn -0.643255 -0.678426 -0.354909
vn -0.709628 -0.611491 -0.350009
vn -0.635785 -0.683717 -0.358201
vn 0.260115 0.371491 0.891255
vn -0.339598 -0.281189 0.897555
vn -0.396966 -0.349369 0.848740
vn 0.289007 0.292415 0.911575
vn -0.629397 -0.669860 0.393888
vn -0.698284 -0.632330 0.335498
vn -0.395826 -0.339133 0.853411
vn -0.661874 -0.669415 0.337351
vn -0.630038 -0.704886 0.325865
vn -0.404609 -0.342354 0.847989
vn 0.239899 0.290836 0.926209
vn 0.266348 0.351839 0.897367
vn 0.655012 0.629750 -0.417581
vn 0.624037 0.701708 0.343779
vn 0.699709 0.628761 0.339215
vn 0.696932 0.573637 -0.430380
vn 0.675211 0.654584 0.340015
vn 0.649711 0.679911 0.339994
vn 0.670226 0.587125 -0.453962
vn 0.663765 0.619006 -0.419818
vn -0.180714 -0.339328 -0.923146
vn 0.395065 0.296045 -0.869644
vn 0.370725 0.237084 -0.897972
vn -0.310772 -0.357656 -0.880627
vn 0.366676 0.248261 -0.896613
vn 0.350416 0.243122 -0.904489
vn -0.269407 -0.400923 -0.875603
vn -0.235816 -0.450394 -0.861125
vn -0.595981 -0.720561 -0.354398
vn -0.686382 -0.637937 -0.349165
vn -0.616982 -0.703162 -0.353408
vn -0.546909 -0.757235 -0.357051
vn 0.852408 0.323778 0.410571
vn 0.343153 -0.382799 0.857736
vn 0.296929 -0.942241 -0.154966
vn 0.907358 0.352205 -0.229464
vn -0.239689 -0.680045 0.692884
vn -0.345369 -0.936557 0.059850
vn -0.423888 -0.730879 -0.534915
vn 0.040446 -0.442347 -0.895931
vn 0.641511 0.245282 -0.726843
vn 0.747833 0.634210 -0.196272
vn 0.456172 -0.123097 -0.881337
vn 0.376525 -0.250660 0.891851
vn 0.700023 0.565741 0.435780
vn -0.490014 -0.871616 -0.013103
vn -0.122802 -0.987269 -0.101089
vn 0.242692 -0.103626 0.964553
vn -0.056840 -0.872890 0.484596
vn -0.295842 -0.603434 0.740503
vn 0.069051 -0.056645 0.996004
vn 0.615614 0.567576 0.546696
vn 0.507041 0.616759 0.602095
vn -0.217157 -0.972402 -0.085307
vn -0.178019 -0.860676 -0.477019
vn -0.481401 -0.695555 -0.533345
vn -0.487717 -0.857897 0.161695
vn -0.125763 -0.972703 -0.195018
vn 0.096424 -0.134265 -0.986243
vn -0.013891 -0.154039 -0.987967
vn 0.492181 0.536953 -0.685156
vn 0.379940 0.510048 -0.771684
vn 0.313372 0.535191 -0.784455
vn -0.216408 -0.193603 -0.956915
vn 0.643987 0.751171 -0.144994
vn 0.569422 0.812057 -0.127761
vn 0.653993 0.540323 0.529475
vn 0.121119 -0.018601 0.992464
vn 0.061949 -0.102622 0.992790
vn 0.749953 0.454385 0.480733
vn -0.399951 -0.507441 0.763244
vn -0.470936 -0.496871 0.728930
vn 0.145496 -0.147170 0.978352
vn -0.393313 -0.551564 0.735583
vn 0.717642 0.446333 0.534581
vn 0.462541 0.468476 -0.752720
vn 0.725166 0.669113 -0.162549
vn 0.813934 0.548259 -0.192154
vn 0.532642 0.372045 -0.760181
vn 0.775681 0.605230 -0.178930
vn 0.513397 0.331241 -0.791646
vn -0.597594 -0.594159 -0.538383
vn -0.178208 -0.132897 -0.974977
vn -0.228995 -0.215031 -0.949380
vn -0.660001 -0.583540 -0.473159
vn -0.141381 -0.262205 -0.954599
vn -0.589028 -0.641895 -0.490935
vn -0.657030 -0.727616 0.197195
vn -0.721767 -0.658281 0.213820
vn -0.656614 -0.725242 0.207079
vn 0.582246 0.583449 0.566194
vn 0.122425 -0.002663 0.992474
vn 0.058246 -0.080915 0.995018
vn 0.627731 0.516418 0.582466
vn -0.349639 -0.523476 0.776998
vn -0.429165 -0.499580 0.752487
vn 0.058045 -0.070303 0.995835
vn -0.389723 -0.537007 0.748158
vn -0.363905 -0.576113 0.731893
vn 0.043288 -0.077581 0.996046
vn 0.587235 0.520551 0.619824
vn 0.590160 0.567981 0.573680
vn 0.379417 0.504180 -0.775787
vn 0.647217 0.747338 -0.150319
vn 0.717549 0.675494 -0.169800
vn 0.414605 0.433950 -0.799869
vn 0.694198 0.702082 -0.158651
vn 0.669820 0.726856 -0.151730
vn 0.370181 0.435332 -0.820642
vn 0.380641 0.482289 -0.788993
vn -0.551685 -0.609198 -0.569667
vn -0.177135 -0.122020 -0.976593
vn -0.225441 -0.186916 -0.956158
vn -0.629467 -0.588578 -0.507294
vn -0.236601 -0.188273 -0.953191
vn -0.259358 -0.207102 -0.943315
vn -0.592715 -0.622156 -0.511479
vn -0.558970 -0.664789 -0.495589
vn -0.612476 -0.768661 0.184482
vn -0.699077 -0.683004 0.211654
vn -0.634212 -0.748078 0.195330
vn -0.567588 -0.802671 0.183202
vn 0.747669 0.225794 0.624506
vn 0.187548 -0.459895 0.867942
vn 0.324913 -0.918294 -0.226205
vn 0.942929 0.329485 -0.048220
vn -0.332749 -0.740360 0.584077
vn -0.338482 -0.930864 -0.137555
vn -0.301633 -0.600627 -0.740449
vn 0.178092 -0.233751 -0.955847
vn 0.691559 0.313589 -0.650698
vn 0.727497 0.646030 0.231070
vn 0.595481 -0.355268 0.720546
vn 0.117322 -0.123308 0.985409
vn 0.512270 0.489584 0.705612
vn -0.151560 -0.779369 -0.607959
vn -0.233467 -0.912170 0.336807
vn 0.014611 -0.157071 0.987479
vn -0.346547 -0.765753 0.541781
vn -0.379648 -0.667076 0.640997
vn -0.056582 -0.143169 0.988079
vn 0.467338 0.508924 0.722905
vn 0.378643 0.497545 0.780434
vn -0.364812 -0.913981 0.177627
vn -0.177461 -0.817218 -0.548327
vn -0.339638 -0.557525 -0.757504
vn -0.496483 -0.866045 -0.058917
vn -0.200902 -0.962165 -0.184060
vn 0.176515 -0.017542 -0.984142
vn 0.117525 0.069995 -0.990600
vn 0.503544 0.530073 -0.682251
vn 0.426905 0.542488 -0.723505
vn 0.378024 0.568162 -0.730951
vn 0.012103 0.043507 -0.998980
vn 0.632545 0.772860 0.050740
vn 0.572485 0.818408 0.049689
vn 0.529715 0.434786 0.728261
vn -0.010729 -0.111998 0.993651
vn -0.048846 -0.181836 0.982115
vn 0.630692 0.357126 0.688976
vn -0.476789 -0.561859 0.676008
vn -0.551765 -0.558954 0.618972
vn 0.011797 -0.215680 0.976393
vn -0.479361 -0.611959 0.629062
vn 0.590238 0.355048 0.724955
vn 0.512654 0.500981 -0.697283
vn 0.736292 0.676358 0.020367
vn 0.831291 0.555574 -0.017105
vn 0.577150 0.410321 -0.706070
vn 0.785336 0.618977 0.010719
vn 0.557589 0.424894 -0.713134
vn -0.420996 -0.438008 -0.794299
vn 0.060876 0.072729 -0.995492
vn 0.044259 0.016752 -0.998880
vn -0.516956 -0.456611 -0.724060
vn 0.074486 -0.007320 -0.997195
vn -0.458036 -0.511312 -0.727161
vn -0.673709 -0.738147 -0.035426
vn -0.742352 -0.669742 -0.018940
vn -0.675664 -0.736820 -0.023954
vn 0.455328 0.471314 0.755341
vn -0.014885 -0.100384 0.994837
vn -0.064156 -0.164841 0.984231
vn 0.493157 0.402995 0.770968
vn -0.431765 -0.579330 0.691344
vn -0.519500 -0.564332 0.641599
vn -0.063034 -0.151053 0.986514
vn -0.478787 -0.601411 0.639584
vn -0.448607 -0.637800 0.626069
vn -0.077075 -0.156348 0.984690
vn 0.447741 0.402138 0.798632
vn 0.459655 0.455397 0.762450
vn 0.438592 0.536961 -0.720632
vn 0.655680 0.754377 0.031602
vn 0.730741 0.682563 0.011198
vn 0.474406 0.471112 -0.743634
vn 0.705037 0.708869 0.020648
vn 0.678453 0.734133 0.027378
vn 0.436057 0.475171 -0.764243
vn 0.440524 0.516339 -0.734393
vn -0.381807 -0.442707 -0.811316
vn 0.043620 0.082056 -0.995673
vn 0.021719 0.034625 -0.999164
vn -0.489121 -0.455212 -0.744005
vn 0.017410 0.044361 -0.998864
vn -0.004823 0.031721 -0.999485
vn -0.450360 -0.491305 -0.745517
vn -0.419257 -0.540999 -0.729070
vn -0.625937 -0.778582 -0.044870
vn -0.718966 -0.694761 -0.019881
vn -0.650900 -0.758396 -0.034122
vn -0.581746 -0.812157 -0.044419
vn 0.916600 0.195049 0.348999
vn 0.486010 -0.401774 0.776126
vn 0.313807 -0.919425 -0.237028
vn 0.901919 0.240117 -0.359006
vn -0.107366 -0.690466 0.715352
vn -0.333249 -0.940773 0.062374
vn -0.485903 -0.715120 -0.502496
vn -0.045417 -0.447560 -0.893100
vn 0.576075 0.192881 -0.794314
vn 0.783220 0.611915 -0.110122
vn 0.771238 -0.320882 0.549751
vn 0.426877 -0.221240 0.876829
vn 0.785882 0.416117 0.457423
vn -0.256155 -0.960740 0.106600
vn 0.069643 -0.969865 0.233476
vn 0.385177 -0.186513 0.903799
vn 0.038600 -0.853184 0.520180
vn -0.138930 -0.591172 0.794490
vn 0.274956 -0.024649 0.961141
vn 0.763738 0.439329 0.472963
vn 0.606323 0.553082 0.571378
vn -0.189153 -0.942468 -0.275636
vn -0.261703 -0.699100 -0.665410
vn -0.554631 -0.662115 -0.503973
vn -0.468921 -0.864676 0.180137
vn -0.300006 -0.605920 -0.736788
vn -0.063726 -0.024782 -0.997660
vn -0.076643 -0.029984 -0.996608
vn 0.235288 0.551980 -0.799973
vn 0.270133 0.527329 -0.805576
vn 0.255605 0.626001 -0.736742
vn -0.341745 -0.141077 -0.929144
vn 0.603699 0.703638 -0.374755
vn 0.540330 0.819037 -0.192930
vn 0.734080 0.450708 0.507926
vn 0.330745 -0.001753 0.943719
vn 0.323477 -0.049558 0.944937
vn 0.837045 0.357484 0.414200
vn -0.220501 -0.456599 0.861915
vn -0.320171 -0.452578 0.832264
vn 0.348139 -0.087905 0.933312
vn -0.254609 -0.523772 0.812919
vn 0.796512 0.382845 0.467973
vn 0.393432 0.470005 -0.790131
vn 0.734271 0.630706 -0.251109
vn 0.821540 0.485597 -0.298778
vn 0.481282 0.359378 -0.799509
vn 0.787232 0.550928 -0.277027
vn 0.449287 0.321553 -0.833514
vn -0.691195 -0.539650 -0.480654
vn -0.303547 -0.085073 -0.949011
vn -0.348408 -0.160950 -0.923421
vn -0.750470 -0.522844 -0.404264
vn -0.256170 -0.224925 -0.940099
vn -0.675695 -0.597819 -0.431335
vn -0.661967 -0.703620 0.258299
vn -0.729028 -0.620505 0.288949
vn -0.659317 -0.703627 0.264973
vn 0.615294 0.518386 0.593876
vn 0.250510 0.038860 0.967334
vn 0.262888 -0.036852 0.964122
vn 0.716498 0.433120 0.546843
vn -0.248897 -0.491689 0.834441
vn -0.298302 -0.463347 0.834461
vn 0.278257 -0.020914 0.960279
vn -0.255853 -0.510241 0.821093
vn -0.215232 -0.554527 0.803851
vn 0.264733 -0.026682 0.963953
vn 0.673049 0.435069 0.598097
vn 0.674278 0.487015 0.555127
vn 0.288527 0.506510 -0.812527
vn 0.644134 0.731920 -0.222229
vn 0.714001 0.641898 -0.279588
vn 0.333887 0.429610 -0.839020
vn 0.703642 0.668395 -0.241115
vn 0.676421 0.699887 -0.229378
vn 0.290157 0.447889 -0.845698
vn 0.301503 0.498735 -0.812625
vn -0.604830 -0.611322 -0.510359
vn -0.285465 -0.130511 -0.949461
vn -0.315452 -0.153473 -0.936449
vn -0.687184 -0.571637 -0.448340
vn -0.359572 -0.138069 -0.922846
vn -0.385242 -0.152036 -0.910205
vn -0.681599 -0.577994 -0.448716
vn -0.639918 -0.622942 -0.449943
vn -0.601468 -0.772343 0.204258
vn -0.680372 -0.676825 0.281072
vn -0.636536 -0.729364 0.250699
vn -0.562302 -0.796722 0.221472
vn -0.483809 -0.107516 0.868544
vn -0.645643 -0.536527 0.543400
vn 0.367184 -0.817818 0.443113
vn 0.108890 -0.004892 0.994042
vn -0.708843 -0.643360 -0.289186
vn 0.038220 -0.827661 -0.559925
vn 0.425676 -0.680928 -0.595933
vn 0.857497 -0.514483 0.002561
vn 0.886440 -0.093242 0.453355
vn 0.434548 0.694080 0.573953
vn 0.516208 0.724222 0.457200
vn 0.542266 0.729475 0.416909
vn 0.528902 0.727221 0.437507
vn 0.310556 0.540732 0.781770
vn 0.355672 0.633720 0.686947
vn -0.532101 -0.282650 -0.798109
vn -0.023972 0.320358 -0.946993
vn -0.091113 0.084422 -0.992256
vn -0.428038 -0.464596 -0.775200
vn 0.230367 0.568505 -0.789768
vn 0.204487 0.537353 -0.818191
vn -0.679508 -0.347512 0.646146
vn -0.745268 -0.663826 0.062544
vn -0.506886 -0.861982 0.007367
vn -0.480628 -0.761749 0.434436
vn -0.749597 -0.641007 -0.164968
vn -0.460027 -0.848651 -0.261088
vn -0.275516 -0.961102 0.019357
vn -0.241471 -0.904404 -0.351775
vn 0.458061 0.772584 -0.439652
vn 0.527929 0.747438 -0.403271
vn 0.363138 0.721095 -0.590044
vn 0.445086 0.758650 -0.475760
vn -0.667383 -0.742708 0.054630
vn -0.699963 -0.510048 -0.499903
vn -0.523997 -0.699405 -0.486065
vn -0.516635 -0.850892 0.095241
vn -0.333465 -0.863629 -0.378083
vn -0.393524 -0.907058 0.149619
vn 0.624507 0.754808 -0.200639
vn 0.570466 0.762834 -0.304390
vn -0.635467 -0.696029 -0.334254
vn -0.502085 -0.810919 0.300536
vn -0.467633 -0.836593 0.285364
vn -0.462576 -0.837225 -0.291680
vn -0.348796 -0.930140 0.114807
vn -0.337800 -0.916643 -0.213674
vn 0.665029 0.743274 0.072662
vn 0.620982 0.773814 -0.124869
vn 0.588068 0.805107 -0.077321
vn 0.583328 0.794882 0.167009
vn -0.689933 -0.670785 -0.272102
vn -0.422952 -0.811573 -0.403064
vn -0.256391 -0.913905 -0.314710
vn -0.306660 0.138962 0.941621
vn -0.408256 0.116127 0.905451
vn 0.131258 0.559016 0.818702
vn -0.648386 -0.426218 0.630820
vn -0.857033 -0.479888 0.187622
vn -0.604635 0.050801 0.794881
vn -0.146650 0.482733 0.863402
vn -0.418552 -0.745278 0.519014
vn -0.158441 -0.712985 0.683043
vn 0.090416 -0.905273 -0.415098
vn -0.333919 -0.648011 -0.684529
vn 0.106690 -0.307641 0.945502
vn 0.424416 0.474629 0.771102
vn 0.681714 0.459656 0.569195
vn 0.719227 -0.597748 0.354133
vn 0.323055 0.632275 0.704176
vn 0.312349 0.645141 0.697302
vn -0.303719 0.318214 0.898051
vn -0.696014 -0.105847 0.710183
vn -0.676502 -0.218883 0.703161
vn -0.337625 0.182287 0.923461
vn -0.775244 -0.626683 -0.079151
vn -0.696890 -0.717161 0.004983
vn -0.726628 -0.180012 0.663029
vn -0.782936 -0.619646 -0.055229
vn -0.704688 -0.609500 -0.363215
vn -0.792704 -0.165471 0.586720
vn -0.350539 0.155711 0.923513
vn -0.334576 0.158955 0.928866
vn -0.255520 -0.723342 -0.641472
vn -0.165391 -0.703436 -0.691248
vn 0.121913 -0.705625 -0.698019
vn 0.269820 -0.467982 -0.841541
vn -0.240382 -0.596395 -0.765852
vn 0.240475 -0.408495 -0.880513
vn 0.260013 -0.401266 -0.878282
vn -0.217224 -0.560202 -0.799367
vn 0.868307 -0.484648 -0.105642
vn 0.883440 -0.063182 -0.464265
vn 0.709006 0.445208 0.546901
vn 0.810934 0.360687 0.460750
vn 0.907477 -0.022571 -0.419496
vn 0.842683 0.305050 0.443656
vn 0.906084 0.207310 0.368829
vn 0.902172 -0.109240 -0.417316
vn 0.171675 0.527796 0.831841
vn 0.208524 0.420926 0.882802
vn 0.248161 0.340651 0.906848
vn 0.318914 0.313296 0.894505
vn -0.366344 0.146735 0.918837
vn -0.807858 -0.136217 0.573420
vn -0.812943 -0.161415 0.559525
vn -0.387281 0.141631 0.911018
vn -0.800431 -0.547378 -0.244311
vn -0.784291 -0.465125 -0.410544
vn -0.852048 -0.113789 0.510947
vn -0.791095 -0.449204 -0.415191
vn -0.413176 0.139090 0.899967
vn 0.868729 0.260936 0.420978
vn 0.277977 0.325456 0.903774
vn 0.265734 0.362912 0.893130
vn 0.897999 0.303604 0.318469
vn 0.228967 0.289797 0.929296
vn 0.923877 0.150905 0.351680
vn 0.068874 -0.462254 -0.884069
vn 0.861709 -0.133502 -0.489525
vn 0.915653 -0.004543 -0.401944
vn 0.206958 -0.382133 -0.900634
vn 0.910951 -0.194874 -0.363583
vn 0.251384 -0.471549 -0.845250
vn -0.328843 -0.533034 -0.779575
vn -0.307199 -0.457549 -0.834432
vn -0.237315 -0.476244 -0.846684
vn 0.304182 0.368582 0.878420
vn 0.483152 0.581552 0.654493
vn 0.420055 0.527046 0.738767
vn 0.242012 0.278795 0.929357
vn 0.192318 0.221613 -0.955982
vn 0.024487 -0.209706 -0.977458
vn 0.064436 0.116754 -0.991068
vn 0.197242 0.409868 -0.890564
vn 0.508087 0.482010 0.713802
vn 0.519847 0.776386 0.356349
vn 0.620338 0.691081 0.370928
vn 0.531830 0.841244 -0.097294
vn 0.516041 0.850878 -0.098532
vn 0.382070 0.605765 -0.697905
vn 0.358724 0.608581 -0.707776
vn 0.440247 0.553541 -0.706948
vn 0.484865 0.625608 -0.611163
vn -0.696702 -0.717218 0.014300
vn -0.612607 -0.790358 0.006856
vn -0.383470 -0.919685 -0.084440
vn -0.428109 -0.901323 -0.065877
vn -0.481181 -0.181235 -0.857682
vn -0.304705 -0.151371 -0.940341
vn 0.151473 0.287221 -0.945812
vn 0.118930 0.301887 -0.945896
vn -0.477582 -0.501689 -0.721265
vn -0.624467 -0.479856 -0.616263
vn -0.703491 -0.650854 -0.285464
vn -0.596354 -0.802649 -0.010813
vn -0.667054 -0.742869 -0.056435
vn -0.622840 -0.754392 -0.207275
vn -0.627521 -0.778055 -0.029119
vn -0.391111 -0.559967 0.730390
vn -0.034469 -0.091061 0.995249
vn 0.366242 0.479966 0.797182
vn 0.550634 0.773972 0.312680
vn 0.595879 0.772129 -0.220782
vn 0.497859 0.597474 -0.628618
vn -0.260599 -0.181327 -0.948266
vn 0.143834 0.274451 -0.950783
vn -0.539248 -0.504440 -0.674353
vn -0.615237 -0.763801 -0.195173
vn -0.600334 -0.796932 -0.067074
vn -0.593532 -0.801940 -0.067913
vn -0.267582 -0.627947 0.730810
vn 0.080265 -0.195834 0.977347
vn 0.438280 0.393770 0.807995
vn 0.597433 0.722019 0.348944
vn 0.602417 0.784777 -0.145664
vn 0.474702 0.652241 -0.590966
vn -0.405171 -0.547457 -0.732207
vn -0.170799 -0.241423 -0.955271
vn 0.324067 0.336348 -0.884223
vn 0.565016 0.662939 -0.491191
vn 0.663674 0.741854 -0.095864
vn 0.654700 0.651350 0.383551
vn 0.471424 0.384851 0.793504
vn 0.142078 -0.122167 0.982288
vn -0.201654 -0.604532 0.770634
vn -0.494017 -0.869372 0.011842
vn -0.482793 -0.871223 -0.088784
vn -0.484219 -0.812055 -0.325728
vn 0.089460 0.007589 -0.995962
vn 0.440670 0.464517 -0.768137
vn -0.150958 -0.459137 -0.875445
vn -0.424373 -0.802257 -0.419871
vn -0.492624 -0.863025 -0.111845
vn -0.495228 -0.865470 0.075570
vn -0.258494 -0.591072 0.764078
vn 0.139856 0.027371 0.989793
vn 0.354171 0.401589 0.844565
vn 0.557769 0.614610 0.557808
vn 0.671385 0.740563 0.028429
vn 0.642848 0.692642 -0.327100
vn 0.048170 0.011247 0.998776
vn -0.101310 -0.114771 0.988213
vn -0.510108 -0.651808 0.561191
vn -0.405388 -0.643585 0.649198
vn -0.464780 -0.671805 0.576765
vn -0.532646 -0.839145 0.110111
vn -0.566163 -0.802875 0.186683
vn -0.601179 -0.772408 -0.204862
vn -0.525294 -0.849825 -0.043174
vn -0.355964 -0.572338 -0.738728
vn -0.451260 -0.718413 -0.529384
vn -0.534804 -0.683645 -0.496603
vn -0.516197 -0.373754 -0.770616
vn -0.357507 -0.755823 -0.548562
vn -0.500722 -0.851802 -0.153984
vn -0.532774 -0.842791 0.076526
vn 0.624844 0.764628 0.157840
vn 0.629381 0.744816 -0.221648
vn -0.516613 -0.628920 -0.581008
vn -0.421390 -0.470895 -0.775041
vn 0.111748 -0.163574 -0.980182
vn 0.300310 0.186339 -0.935463
vn 0.288900 0.211101 -0.933795
vn 0.047082 -0.112858 -0.992495
vn 0.539846 0.473315 -0.696088
vn 0.554459 0.515344 -0.653449
vn 0.735024 0.670728 -0.099315
vn 0.721621 0.688900 -0.068409
vn 0.689021 0.626231 0.364808
vn 0.693099 0.633036 0.344788
vn 0.565814 0.416567 0.711566
vn 0.531048 0.449797 0.718102
vn 0.160487 -0.100460 0.981912
vn 0.167018 -0.088719 0.981954
vn -0.103708 -0.486847 0.867309
vn -0.127195 -0.450750 0.883542
vn -0.364389 -0.710256 0.602293
vn -0.272329 -0.717493 0.641125
vn -0.398179 -0.867341 0.298618
vn -0.481910 -0.826471 0.291048
vn -0.536438 -0.835334 -0.120219
vn -0.454063 -0.887128 -0.082645
vn -0.383725 -0.659999 -0.645876
vn -0.273276 -0.728422 -0.628269
vn 0.253499 0.281539 -0.925459
vn 0.003358 -0.008037 -0.999962
vn 0.523547 0.566766 -0.636140
vn 0.674244 0.736264 -0.057541
vn 0.203055 0.052679 0.977749
vn -0.145519 -0.322173 0.935430
vn -0.466223 -0.526687 -0.710800
vn 0.191754 0.366935 -0.910269
vn -0.348768 -0.744168 -0.569715
vn -0.546534 -0.832888 0.087166
vn -0.474827 -0.867163 -0.150225
vn 0.075279 0.312032 -0.947085
vn -0.297502 -0.259135 -0.918881
vn -0.298092 -0.058729 -0.952729
vn -0.290767 -0.157459 -0.943749
vn 0.866230 -0.443062 0.230958
vn 0.371699 -0.700844 0.608816
vn 0.266894 -0.719013 0.641706
vn 0.838455 -0.478794 0.260287
vn 0.940074 0.036333 -0.339031
vn 0.932462 0.170596 -0.318453
vn 0.939368 -0.063022 0.337069
vn 0.923761 -0.169764 0.343286
vn 0.500314 0.276360 -0.820555
vn 0.502665 0.435011 -0.747057
vn 0.906344 0.287480 -0.309672
vn 0.409217 0.669357 -0.620083
vn 0.690918 0.570250 -0.444350
vn 0.756550 0.448419 -0.475975
vn 0.438305 0.582140 -0.684837
vn 0.988609 -0.087744 0.122284
vn 0.830211 -0.454115 0.323309
vn 0.804601 -0.364528 0.468761
vn 0.959936 -0.066786 0.272143
vn 0.877640 0.328422 -0.349125
vn 0.485807 0.522875 -0.700423
vn 0.783636 -0.187813 0.592149
vn 0.793011 -0.168832 0.585346
vn 0.913185 -0.297831 0.278189
vn 0.674793 -0.445564 0.588326
vn 0.580329 -0.579706 0.571978
vn 0.910154 -0.363973 0.197846
vn 0.234291 -0.870128 0.433573
vn 0.147921 -0.740775 0.655264
vn 0.478849 0.108623 -0.871152
vn 0.509870 0.145077 -0.847930
vn 0.996521 -0.038662 0.073835
vn 0.924209 -0.262779 -0.277100
vn 0.934657 -0.079704 -0.346503
vn 0.118555 -0.933506 0.338397
vn 0.100302 -0.757569 0.645003
vn 0.478309 -0.873030 -0.095075
vn 0.813345 -0.569612 -0.118371
vn 0.183385 0.084155 -0.979432
vn 0.235175 0.123729 -0.964046
vn 0.247004 -0.964571 0.092692
vn 0.084367 0.082646 -0.993002
vn 0.651208 -0.008198 -0.758855
vn 0.771963 0.001176 -0.635666
vn 0.661746 0.122896 -0.739587
vn 0.668912 0.008888 -0.743289
vn 0.953385 -0.028356 -0.300420
vn 0.961443 0.088464 -0.260387
vn 0.963101 -0.107005 0.246954
vn 0.980001 0.056286 0.190866
vn 0.616042 -0.188319 0.764872
vn 0.717193 0.128866 0.684856
vn -0.004194 -0.248626 0.968590
vn -0.014635 0.163069 0.986506
vn -0.645258 -0.241291 0.724859
vn -0.707345 0.019573 0.706597
vn -0.976937 -0.144705 0.157018
vn -0.974283 -0.065031 0.215742
vn -0.957976 -0.091164 -0.271978
vn -0.938615 -0.057504 -0.340141
vn -0.660811 -0.056365 -0.748433
vn -0.621742 0.023110 -0.782881
vn 0.004689 -0.009794 -0.999941
vn -0.001854 0.095109 -0.995465
vn -0.018714 -0.221618 -0.974954
vn 0.044600 -0.249702 -0.967295
vn 0.692724 0.000850 -0.721202
vn 0.675236 -0.091996 -0.731842
vn -0.614243 -0.289107 -0.734250
vn -0.579292 -0.377106 -0.722643
vn -0.913278 -0.284871 -0.291156
vn -0.923311 -0.263571 -0.279333
vn -0.935934 -0.220017 0.274992
vn -0.888946 -0.165260 0.427159
vn -0.685000 -0.141089 0.714751
vn -0.584954 -0.143662 0.798242
vn 0.042788 -0.069035 0.996696
vn 0.250446 -0.019724 0.967930
vn 0.685137 0.001521 0.728412
vn 0.722476 0.069177 0.687927
vn 0.944467 0.054109 0.324122
vn 0.946951 0.113058 0.300834
vn 0.980008 0.037799 -0.195336
vn 0.978678 0.153413 -0.136576
vn 0.019949 -0.174481 -0.984459
vn 0.667723 -0.111442 -0.736021
vn 0.677396 0.229061 -0.699046
vn -0.017281 0.267474 -0.963410
vn -0.614831 -0.228255 -0.754906
vn -0.720157 0.168019 -0.673159
vn -0.891038 -0.279598 -0.357597
vn -0.966869 0.079570 -0.242557
vn -0.136423 -0.147940 0.979542
vn -0.086406 -0.034071 0.995677
vn -0.641318 -0.105733 0.759955
vn -0.661327 -0.144310 0.736085
vn 0.601711 -0.062408 0.796272
vn 0.570198 0.019299 0.821281
vn 0.910172 -0.052081 0.410944
vn 0.642016 -0.064576 0.763967
vn 0.667696 -0.041838 0.743257
vn 0.809006 -0.030756 0.586995
vn 0.960634 -0.063287 -0.270514
vn 0.945790 0.149959 -0.288088
vn -0.014617 0.248532 -0.968513
vn 0.658604 0.204248 -0.724240
vn -0.706231 0.131869 -0.695592
vn -0.969329 -0.014036 -0.245365
vn -0.980004 -0.083912 0.180421
vn -0.990161 -0.027459 0.137215
vn -0.709882 -0.193508 0.677216
vn -0.843883 -0.204586 0.495989
vn -0.021116 -0.242924 0.969816
vn -0.112778 -0.371751 0.921457
vn 0.612149 -0.106888 0.783485
vn 0.571981 -0.169237 0.802619
vn 0.963091 0.017215 0.268624
vn 0.915505 0.002719 0.402297
vn 0.945323 0.120048 -0.303237
vn -0.922031 -0.151655 0.356173
vn -0.986601 -0.152752 0.057316
vn -0.155140 -0.464123 0.872079
vn -0.622507 -0.329501 0.709869
vn 0.445194 -0.330794 0.832092
vn -0.951448 -0.250831 0.178409
vn -0.778280 -0.140805 0.611927
vn -0.043999 -0.102553 0.993754
vn 0.781996 0.422552 0.458184
vn 0.883120 0.447028 0.142360
vn 0.903720 0.388962 0.178883
vn 0.831584 0.306054 0.463464
vn 0.921476 0.384652 0.054083
vn 0.871442 0.458606 -0.173980
vn 0.817144 0.564393 -0.117201
vn 0.913966 0.402425 0.052162
vn 0.728843 0.682293 -0.057136
vn 0.746460 0.663978 0.043937
vn 0.992665 0.107024 0.056238
vn 0.956869 -0.129587 0.260019
vn 0.739581 -0.028764 0.672452
vn 0.336570 -0.165630 0.926977
vn 0.191862 -0.281854 0.940078
vn 0.706972 0.054648 0.705127
vn 0.365415 0.283004 0.886781
vn 0.529250 0.057653 0.846505
vn 0.806874 -0.141138 0.573614
vn 0.717821 0.172244 0.674585
vn 0.409830 0.434212 0.802184
vn 0.757597 0.231156 0.610421
vn 0.358117 0.933471 0.019634
vn 0.331532 0.930302 -0.156925
vn 0.400947 0.875202 0.270673
vn 0.753273 0.595198 0.279857
vn 0.495166 0.652712 -0.573391
vn 0.396972 0.838019 -0.374350
vn 0.371308 -0.679142 0.633164
vn 0.428705 -0.551081 0.715907
vn 0.637953 -0.564748 0.523522
vn 0.613834 -0.530909 0.584246
vn 0.739629 -0.491006 0.460284
vn 0.712262 -0.566232 0.414806
vn 0.534675 -0.484013 0.692715
vn 0.444177 -0.560794 0.698725
vn 0.750320 0.106550 0.652432
vn 0.698641 -0.269323 0.662847
vn 0.548364 -0.042798 0.835144
vn 0.587214 0.314814 0.745702
vn 0.661611 0.667871 0.340911
vn 0.653225 0.727953 -0.208283
vn 0.729044 0.661067 -0.177441
vn 0.779296 0.553411 0.293998
vn 0.461815 0.672038 -0.578871
vn 0.734098 0.588720 -0.338391
vn 0.843467 -0.234430 0.483328
vn 0.621744 -0.443442 0.645596
vn 0.598836 -0.473654 0.645792
vn 0.871113 -0.170648 0.460479
vn 0.577814 -0.469768 0.667419
vn 0.800416 -0.219704 0.557731
vn 0.845868 -0.228038 0.482189
vn 0.919953 0.328436 0.214047
vn 0.981242 0.119838 0.151009
vn 0.843265 0.448394 -0.296390
vn 0.979859 0.114368 0.163696
vn 0.906456 0.318346 -0.277477
vn 0.899184 0.385373 -0.207260
vn 0.972737 0.170026 0.157714
vn 0.530973 0.592644 -0.605674
vn 0.565801 0.550581 -0.613783
vn 0.570308 0.502619 -0.649710
vn 0.588723 -0.485317 0.646431
vn 0.739874 -0.275417 0.613786
vn 0.847615 -0.325348 0.419162
vn 0.524741 -0.647476 0.552649
vn 0.772013 0.188884 0.606893
vn 0.679929 0.297230 0.670336
vn 0.834707 -0.337235 0.435358
vn 0.820942 -0.092287 0.563505
vn 0.754097 0.298204 0.585161
vn 0.764736 0.058408 0.641691
vn 0.869629 0.048575 0.491310
vn 0.910834 0.016919 0.412426
vn 0.836080 0.042496 0.546959
vn 0.477197 0.700374 0.530809
vn 0.618463 0.434562 0.654721
vn 0.974810 0.140438 0.173273
vn 0.992266 0.075054 0.098873
vn 0.778992 0.587110 0.220167
vn 0.606539 0.765165 0.215946
vn 0.871494 0.365605 0.326851
vn 0.959267 0.208526 0.190590
vn 0.798688 0.503514 0.329502
vn 0.394948 0.892923 0.216115
vn 0.899745 0.436394 -0.004351
vn 0.942662 0.275459 0.188441
vn 0.970308 -0.108074 0.216385
vn 0.796358 0.550633 0.250233
vn 0.702989 0.683080 0.198009
vn 0.895705 0.429764 0.114088
vn 0.658910 0.678741 0.324266
vn 0.942240 0.299787 0.149372
vn 0.945777 -0.287516 0.151132
vn 0.954636 0.136023 0.264892
vn 0.939325 0.225323 0.258646
vn 0.600547 0.632509 0.489158
vn 0.732966 0.343749 0.587025
vn 0.811655 0.161602 0.561338
vn 0.984302 0.150290 0.092529
vn 0.895586 0.256853 0.363252
vn 0.469661 -0.785448 0.403101
vn 0.890644 -0.356943 0.281683
vn -0.614490 -0.745591 -0.257868
vn -0.071861 -0.906955 0.415054
vn -0.018956 -0.449096 0.893283
vn -0.361347 -0.764229 0.534212
vn 0.085368 -0.236024 -0.967990
vn 0.717915 0.055215 -0.693937
vn -0.666326 -0.330231 -0.668548
vn -0.947313 -0.235523 -0.217088
vn -0.927305 -0.201905 0.315182
vn -0.621735 -0.190822 0.759627
vn 0.151596 -0.077878 0.985370
vn 0.703852 0.119227 0.700269
vn 0.975809 0.212960 0.049445
vn 0.943976 0.183014 -0.274616
vn 0.948826 -0.008448 -0.315688
vn 0.633199 0.031553 -0.773346
vn 0.952920 -0.091457 0.289100
vn 0.578335 -0.163134 0.799322
vn 0.015718 -0.211713 0.977206
vn -0.588921 -0.237529 0.772497
vn -0.959067 -0.191446 0.208658
vn -0.955739 -0.127178 -0.265310
vn -0.647518 -0.060853 -0.759616
vn -0.014078 0.025073 -0.999587
vn 0.978597 0.113600 -0.171590
vn 0.719390 0.134483 -0.681463
vn 0.985547 0.165623 -0.035586
vn 0.765748 0.553841 0.326941
vn -0.034999 0.789381 0.612905
vn -0.838558 0.404386 0.365092
vn -0.992662 0.106920 0.056485
vn -0.979708 0.050242 -0.194030
vn -0.738147 0.087421 -0.668952
vn 0.011099 0.158212 -0.987343
vn 0.844730 -0.503553 -0.181291
vn 0.666555 -0.271852 -0.694119
vn 0.973428 0.221592 -0.057758
vn 0.845620 -0.525663 -0.092765
vn 0.679437 0.690553 0.247997
vn -0.027844 0.895517 0.444155
vn -0.788903 0.557674 0.258134
vn -0.977195 0.205448 0.053681
vn -0.807404 -0.580674 -0.104484
vn -0.822277 -0.568517 -0.025465
vn -0.650015 -0.503091 -0.569543
vn -0.008120 -0.520348 -0.853916
vn 0.783775 0.615425 0.083359
vn -0.017652 0.935038 0.354108
vn 0.018423 0.967251 0.253153
vn 0.530345 0.834581 0.149025
vn -0.901757 0.425512 0.075992
vn -0.738937 0.672606 0.039663
vn 0.411007 -0.910481 -0.045799
vn 0.372828 -0.927353 -0.031858
vn -0.528221 -0.849097 0.004090
vn -0.657080 -0.748691 -0.087795
vn -0.007428 -0.999972 0.000909
vn -0.008055 -0.999957 -0.004675
vn 0.000266 -0.999999 -0.001164
vn 0.059866 0.960418 0.272055
vn 0.513443 0.836794 0.190138
vn -0.729666 0.679751 0.074342
vn 0.400252 -0.916394 -0.004463
vn -0.624458 -0.780210 -0.036390
vn 0.001732 -0.999997 -0.001608
vn 0.789801 -0.136283 0.598031
vn 0.427485 -0.234491 0.873081
vn 0.917828 -0.143974 0.369950
vn 0.722991 -0.276885 0.632944
vn 0.990274 0.048274 0.130491
vn 0.958687 0.016888 0.283961
vn -0.162693 0.695109 0.700253
vn 0.377097 0.625127 0.683384
vn -0.573745 0.621882 0.532990
vn 0.467360 0.674360 0.571676
vn 0.311805 -0.872867 0.375341
vn -0.431212 -0.756344 0.491935
vn 0.508024 -0.676999 0.532527
vn 0.029624 -0.999336 0.021208
vn -0.281240 -0.806574 0.519945
vn 0.669305 -0.391610 0.631405
vn 0.790428 0.457943 -0.406832
vn 0.721029 0.427281 -0.545480
vn 0.893937 0.306621 -0.326895
vn 0.851542 0.178325 -0.493027
vn 0.982994 0.051717 -0.176205
vn 0.955323 -0.051687 -0.291010
vn 0.904917 -0.418397 -0.077904
vn 0.966680 -0.255987 -0.000119
vn 0.691083 -0.617770 0.375187
vn 0.843721 -0.496409 0.204237
vn 0.765311 -0.621291 0.168216
vn 0.628309 -0.677953 0.381585
vn 0.622969 -0.606186 0.494417
vn 0.561819 -0.618883 0.548947
vn 0.493516 -0.251884 -0.832464
vn 0.486274 0.124784 -0.864851
vn 0.582597 0.458213 -0.671283
vn 0.698679 0.702412 -0.135883
vn 0.635965 0.672271 0.378947
vn 0.470660 0.486307 0.736196
vn 0.190580 -0.029437 0.981230
vn -0.024268 -0.447011 0.894199
vn -0.182694 -0.693598 0.696810
vn -0.124045 -0.926718 0.354693
vn -0.051530 -0.995921 -0.074062
vn 0.289244 -0.753403 -0.590528
vn 0.645404 -0.480237 0.593992
vn 0.550952 -0.439597 0.709371
vn 0.761063 -0.189969 -0.620238
vn 0.656032 0.120206 -0.745099
vn 0.617279 0.435464 -0.655238
vn 0.646111 0.740034 -0.186790
vn 0.591444 0.713809 0.375060
vn 0.394445 0.497124 0.772840
vn 0.175479 0.079191 0.981293
vn 0.110547 -0.446260 0.888049
vn 0.419855 -0.687945 0.591992
vn 0.586402 -0.740929 0.327349
vn 0.660219 -0.749021 0.055487
vn 0.703684 -0.638823 -0.311021
vn 0.885807 -0.001718 -0.464051
vn 0.429724 0.143522 -0.891481
vn 0.913557 -0.031479 -0.405492
vn 0.345867 0.169218 -0.922898
vn 0.789952 -0.318729 0.523821
vn 0.437934 -0.394767 0.807696
vn 0.650025 -0.218742 0.727749
vn 0.780149 -0.441028 0.443691
vn 0.818758 -0.573924 0.015726
vn 0.850185 -0.522071 0.068022
vn 0.863596 -0.495998 0.090484
vn 0.994276 0.072100 0.078850
vn 0.754446 0.650164 -0.089990
vn 0.081349 0.892959 0.442727
vn -0.117012 0.517610 0.847578
vn 0.431242 -0.433396 0.791327
vn 0.862325 -0.449821 0.232501
vn 0.982720 0.183748 -0.022311
vn 0.987882 -0.076400 -0.135099
vn -0.939119 -0.340332 0.047213
vn -0.086156 0.992405 0.087806
vn -0.368145 0.918300 0.145582
vn -0.167898 0.959661 0.225525
vn -0.291805 0.924390 0.245666
vn 0.186943 0.757744 0.625202
vn -0.474368 0.840375 0.262191
vn -0.558316 0.829195 -0.026816
vn -0.569668 0.818757 0.071524
vn -0.501074 0.862746 0.067781
vn -0.437961 0.891765 0.113777
vn -0.502324 0.861672 0.072050
vn -0.477505 0.878340 0.022513
vn -0.302508 0.920180 0.248510
vn -0.758234 -0.606303 -0.239746
vn -0.811797 -0.513099 -0.278774
vn -0.903187 -0.276988 -0.327920
vn -0.594428 -0.228190 -0.771093
vn -0.340799 -0.333493 -0.878999
vn -0.703807 -0.668590 -0.240089
vn -0.733470 -0.674285 -0.085803
vn -0.808536 -0.540198 -0.233358
vn -0.914428 -0.318258 -0.250067
vn -0.805580 -0.093697 -0.585032
vn -0.419893 -0.197614 -0.885798
vn -0.611620 -0.763096 -0.208817
vn -0.538682 -0.824882 -0.171443
vn -0.656562 -0.712950 -0.246229
vn -0.718605 -0.631002 -0.292305
vn -0.593617 -0.527560 -0.607700
vn -0.380150 -0.390689 -0.838360
vn 0.064819 0.099158 -0.992958
vn -0.447109 -0.277590 0.850316
vn -0.026451 0.384039 0.922938
vn -0.593284 -0.637687 0.491293
vn 0.015582 0.658762 0.752190
vn -0.417020 -0.817539 0.397145
vn -0.229575 -0.471251 0.851597
vn -0.000132 -0.906773 -0.421618
vn -0.248418 -0.890033 -0.382270
vn -0.346235 -0.733804 -0.584511
vn 0.042891 -0.762606 -0.645439
vn -0.427035 -0.880860 -0.204274
vn -0.627580 -0.716002 -0.305753
vn -0.467035 -0.883009 0.046612
vn -0.691842 -0.716532 0.089088
vn -0.350252 -0.895565 0.274386
vn -0.508423 -0.735045 0.448569
vn -0.120927 -0.913345 0.388816
vn -0.146736 -0.763722 0.628647
vn 0.130072 -0.929417 0.345349
vn 0.248266 -0.791282 0.558781
vn 0.305610 -0.938006 0.163547
vn 0.522948 -0.807878 0.271768
vn 0.340985 -0.936163 -0.085609
vn 0.577198 -0.807843 -0.119304
vn 0.224411 -0.924384 -0.308471
vn 0.394226 -0.790844 -0.468136
vn -0.420404 -0.511433 -0.749464
vn 0.084824 -0.552263 -0.829343
vn -0.785089 -0.483598 -0.387000
vn -0.868248 -0.479954 0.125661
vn -0.630252 -0.501831 0.592409
vn -0.160859 -0.540083 0.826096
vn 0.351628 -0.579592 0.735140
vn 0.708085 -0.605992 0.362476
vn 0.778875 -0.610065 -0.145512
vn 0.541423 -0.589890 -0.599075
vn -0.459689 -0.247390 -0.852927
vn 0.120276 -0.296906 -0.947302
vn -0.874996 -0.211715 -0.435383
vn -0.967372 -0.203736 0.150607
vn -0.695087 -0.226585 0.682285
vn -0.160460 -0.271123 0.949076
vn 0.424499 -0.319830 0.847059
vn 0.834144 -0.354545 0.422494
vn 0.918008 -0.362730 -0.160274
vn 0.646092 -0.340973 -0.682864
vn -0.461149 0.036702 -0.886563
vn 0.146286 -0.015721 -0.989117
vn -0.891216 0.075002 -0.447335
vn -0.983106 0.084840 0.162190
vn -0.699333 0.062263 0.712079
vn -0.146285 0.015721 0.989118
vn 0.461149 -0.036702 0.886564
vn 0.891216 -0.075001 0.447335
vn 0.983106 -0.084837 -0.162190
vn 0.699334 -0.062259 -0.712078
vn -0.424497 0.319832 -0.847059
vn 0.160460 0.271124 -0.949076
vn -0.834144 0.354546 -0.422493
vn -0.918007 0.362733 0.160274
vn -0.646091 0.340976 0.682863
vn -0.120275 0.296907 0.947302
vn 0.459689 0.247393 0.852926
vn 0.874997 0.211715 0.435382
vn 0.967373 0.203733 -0.150608
vn 0.695087 0.226583 -0.682286
vn -0.351629 0.579591 -0.735141
vn 0.160859 0.540082 -0.826097
vn -0.708086 0.605991 -0.362478
vn -0.778876 0.610064 0.145510
vn -0.541423 0.589890 0.599075
vn -0.084825 0.552264 0.829342
vn 0.420405 0.511434 0.749463
vn 0.785088 0.483599 0.387000
vn 0.868250 0.479950 -0.125659
vn 0.630254 0.501828 -0.592410
vn -0.248268 0.791281 -0.558782
vn 0.146736 0.763721 -0.628648
vn -0.522952 0.807875 -0.271769
vn -0.577201 0.807840 0.119305
vn -0.394225 0.790843 0.468138
vn -0.042891 0.762606 0.645440
vn 0.346236 0.733800 0.584516
vn 0.627579 0.716002 0.305756
vn 0.691840 0.716534 -0.089085
vn 0.508424 0.735045 -0.448569
vn -0.130072 0.929416 -0.345350
vn 0.120927 0.913345 -0.388816
vn -0.305610 0.938006 -0.163548
vn -0.340986 0.936162 0.085609
vn -0.224410 0.924384 0.308470
vn 0.000131 0.906776 0.421613
vn 0.248418 0.890034 0.382267
vn 0.427034 0.880860 0.204274
vn 0.467033 0.883010 -0.046613
vn 0.350252 0.895565 -0.274387
vn -0.065374 -0.997609 -0.022428
vn 0.065373 0.997609 0.022424
s 1
g polySurface32
f 351/1060/369 346/1061/370 349/891/371 352/1619/372
f 352/1619/372 349/891/371 354/1612/373 353/1618/374
f 349/891/371 347/901/375 355/1611/376 354/1612/373
f 346/1061/370 345/1063/377 347/901/375 349/891/371
f 345/1063/377 348/1065/378 350/910/379 347/901/375
f 347/901/375 350/910/379 356/1610/380 355/1611/376
f 350/910/379 358/1608/381 357/1609/382 356/1610/380
f 348/1065/378 359/1067/383 358/1608/381 350/910/379
f 361/409/384 375/410/385 398/1755/386 372/1076/387
f 372/1754/387 398/423/386 373/1078/388 360/1077/389
f 398/423/386 374/424/390 362/1082/391 373/1078/388
f 375/410/385 363/416/392 374/1753/390 398/1755/386
f 446/1286/393 379/1293/394 399/1748/395 376/1115/396
f 376/1672/396 399/1111/395 377/1112/397 443/1116/398
f 399/1111/395 415/1747/399 411/1108/400 377/1112/397
f 379/1293/394 412/1297/401 415/1107/399 399/1748/395
f 400/1113/402 416/1109/403 413/1114/404 380/1118/405
f 377/1112/397 411/1108/400 416/1109/403 400/1113/402
f 806/1119/406 380/1118/405 401/442/407 807/1650/408
f 807/451/408 401/1651/407 383/438/409 808/440/410
f 401/1651/407 417/1746/411 414/435/412 383/438/409
f 380/1118/405 413/1114/404 417/443/411 401/442/407
f 402/439/413 418/436/414 412/1297/401 379/1293/394
f 383/438/409 414/435/412 418/436/414 402/439/413
f 365/408/415 428/404/416 431/1742/417 386/1087/418
f 386/1751/418 431/1083/417 427/1084/419 364/1088/420
f 403/1743/421 372/1754/387 360/1077/389 387/1080/422
f 388/405/423 361/409/384 372/1076/387 403/1079/421
f 366/415/424 429/411/425 432/403/426 389/407/427
f 389/407/427 432/403/426 428/404/416 365/408/415
f 404/406/428 375/410/385 361/409/384 388/405/423
f 390/412/429 363/416/392 375/410/385 404/406/428
f 367/1094/430 430/1090/431 433/1740/432 391/422/433
f 391/1749/433 433/417/432 429/411/425 366/415/424
f 405/1741/434 374/1753/390 363/416/392 390/412/429
f 392/1086/435 362/1082/391 374/424/390 405/418/434
f 364/1088/420 427/1084/419 434/1085/436 393/1089/437
f 393/1089/437 434/1085/436 430/1090/431 367/1094/430
f 406/1081/438 373/1078/388 362/1082/391 392/1086/435
f 387/1080/422 360/1077/389 373/1078/388 406/1081/438
f 369/429/439 420/426/440 423/1745/441 378/1752/442
f 378/1103/442 423/1099/441 419/1100/443 368/1104/444
f 407/1095/445 439/1738/446 435/1092/447 394/1096/448
f 395/420/449 436/414/450 439/1091/446 407/1739/445
f 370/433/451 421/430/452 424/425/453 385/428/454
f 385/428/454 424/425/453 420/426/440 369/429/439
f 408/419/455 440/413/456 436/414/450 395/420/449
f 396/427/457 437/421/458 440/413/456 408/419/455
f 371/1110/459 422/1106/460 425/1744/461 384/1750/462
f 384/437/462 425/434/461 421/430/452 370/433/451
f 409/431/463 441/1736/464 437/421/458 396/427/457
f 397/1102/465 438/1098/466 441/432/464 409/1737/463
f 368/1104/444 419/1100/443 426/1101/467 381/1105/468
f 381/1105/468 426/1101/467 422/1106/460 371/1110/459
f 410/1097/469 442/1093/470 438/1098/466 397/1102/465
f 394/1096/448 435/1092/447 442/1093/470 410/1097/469
f 415/1747/399 378/1103/442 368/1104/444 411/1108/400
f 412/1297/401 369/429/439 378/1752/442 415/1107/399
f 416/1109/403 381/1105/468 371/1110/459 413/1114/404
f 411/1108/400 368/1104/444 381/1105/468 416/1109/403
f 417/1746/411 384/437/462 370/433/451 414/435/412
f 413/1114/404 371/1110/459 384/1750/462 417/443/411
f 418/436/414 385/428/454 369/429/439 412/1297/401
f 414/435/412 370/433/451 385/428/454 418/436/414
f 420/426/440 395/420/449 407/1739/445 423/1745/441
f 423/1099/441 407/1095/445 394/1096/448 419/1100/443
f 421/430/452 396/427/457 408/419/455 424/425/453
f 424/425/453 408/419/455 395/420/449 420/426/440
f 422/1106/460 397/1102/465 409/1737/463 425/1744/461
f 425/434/461 409/431/463 396/427/457 421/430/452
f 419/1100/443 394/1096/448 410/1097/469 426/1101/467
f 426/1101/467 410/1097/469 397/1102/465 422/1106/460
f 428/404/416 388/405/423 403/1079/421 431/1742/417
f 431/1083/417 403/1743/421 387/1080/422 427/1084/419
f 429/411/425 390/412/429 404/406/428 432/403/426
f 432/403/426 404/406/428 388/405/423 428/404/416
f 430/1090/431 392/1086/435 405/418/434 433/1740/432
f 433/417/432 405/1741/434 390/412/429 429/411/425
f 427/1084/419 387/1080/422 406/1081/438 434/1085/436
f 434/1085/436 406/1081/438 392/1086/435 430/1090/431
f 439/1738/446 386/1751/418 364/1088/420 435/1092/447
f 436/414/450 365/408/415 386/1087/418 439/1091/446
f 440/413/456 389/407/427 365/408/415 436/414/450
f 437/421/458 366/415/424 389/407/427 440/413/456
f 441/1736/464 391/1749/433 366/415/424 437/421/458
f 438/1098/466 367/1094/430 391/422/433 441/432/464
f 442/1093/470 393/1089/437 367/1094/430 438/1098/466
f 435/1092/447 364/1088/420 393/1089/437 442/1093/470
f 448/546/471 462/547/472 485/1735/473 459/552/474
f 459/1734/474 485/553/473 460/1235/475 447/1236/476
f 485/553/473 461/1243/477 449/1239/478 460/1235/475
f 462/547/472 450/551/479 461/1733/477 485/1735/473
f 533/461/480 814/467/481 813/474/482 463/473/483
f 463/1714/483 813/1646/482 812/1139/484 530/1133/485
f 486/1647/486 502/1728/487 498/1158/488 464/1146/489
f 466/472/490 499/480/491 502/1416/487 486/1415/486
f 487/1145/492 503/1157/493 500/1168/494 467/1156/495
f 464/1146/489 498/1158/488 503/1157/493 487/1145/492
f 821/1147/496 467/1156/495 488/1424/497 822/1640/498
f 822/496/498 488/1641/497 470/479/499 823/478/500
f 488/1641/497 504/1727/501 501/487/502 470/479/499
f 467/1156/495 500/1168/494 504/1190/501 488/1424/497
f 489/471/503 505/481/504 499/480/491 466/472/490
f 470/479/499 501/487/502 505/481/504 489/471/503
f 452/525/505 515/533/506 518/1723/507 473/1421/508
f 473/1731/508 518/1422/507 514/1221/509 451/1212/510
f 490/1724/511 459/1734/474 447/1236/476 474/1229/512
f 475/540/513 448/546/471 459/552/474 490/1423/511
f 453/532/514 516/539/515 519/534/516 476/526/517
f 476/526/517 519/534/516 515/533/506 452/525/505
f 491/541/518 462/547/472 448/546/471 475/540/513
f 477/545/519 450/551/479 462/547/472 491/541/518
f 454/1219/520 517/1227/521 520/1721/522 478/1428/523
f 478/1729/523 520/1429/522 516/539/515 453/532/514
f 492/1722/524 461/1733/477 450/551/479 477/545/519
f 479/1234/525 449/1239/478 461/1243/477 492/1242/524
f 451/1212/510 514/1221/509 521/1220/526 480/1211/527
f 480/1211/527 521/1220/526 517/1227/521 454/1219/520
f 493/1228/528 460/1235/475 449/1239/478 479/1234/525
f 474/1229/512 447/1236/476 460/1235/475 493/1228/528
f 456/488/529 507/498/530 510/1726/531 465/1732/532
f 465/1417/532 510/1418/531 506/1181/533 455/1170/534
f 494/1419/535 526/1719/536 522/1203/537 481/1194/538
f 482/507/539 523/516/540 526/1420/536 494/1720/535
f 457/497/541 508/506/542 511/499/543 472/489/544
f 472/489/544 511/499/543 507/498/530 456/488/529
f 495/508/545 527/517/546 523/516/540 482/507/539
f 483/515/547 524/524/548 527/517/546 495/508/545
f 458/1179/549 509/1192/550 512/1725/551 471/1730/552
f 471/1191/552 512/1425/551 508/506/542 457/497/541
f 496/1426/553 528/1717/554 524/524/548 483/515/547
f 484/1201/555 525/1210/556 528/1427/554 496/1718/553
f 455/1170/534 506/1181/533 513/1180/557 468/1169/558
f 468/1169/558 513/1180/557 509/1192/550 458/1179/549
f 497/1193/559 529/1202/560 525/1210/556 484/1201/555
f 481/1194/538 522/1203/537 529/1202/560 497/1193/559
f 502/1728/487 465/1417/532 455/1170/534 498/1158/488
f 499/480/491 456/488/529 465/1732/532 502/1416/487
f 503/1157/493 468/1169/558 458/1179/549 500/1168/494
f 498/1158/488 455/1170/534 468/1169/558 503/1157/493
f 504/1727/501 471/1191/552 457/497/541 501/487/502
f 500/1168/494 458/1179/549 471/1730/552 504/1190/501
f 505/481/504 472/489/544 456/488/529 499/480/491
f 501/487/502 457/497/541 472/489/544 505/481/504
f 507/498/530 482/507/539 494/1720/535 510/1726/531
f 510/1418/531 494/1419/535 481/1194/538 506/1181/533
f 508/506/542 483/515/547 495/508/545 511/499/543
f 511/499/543 495/508/545 482/507/539 507/498/530
f 509/1192/550 484/1201/555 496/1718/553 512/1725/551
f 512/1425/551 496/1426/553 483/515/547 508/506/542
f 506/1181/533 481/1194/538 497/1193/559 513/1180/557
f 513/1180/557 497/1193/559 484/1201/555 509/1192/550
f 515/533/506 475/540/513 490/1423/511 518/1723/507
f 518/1422/507 490/1724/511 474/1229/512 514/1221/509
f 516/539/515 477/545/519 491/541/518 519/534/516
f 519/534/516 491/541/518 475/540/513 515/533/506
f 517/1227/521 479/1234/525 492/1242/524 520/1721/522
f 520/1429/522 492/1722/524 477/545/519 516/539/515
f 514/1221/509 474/1229/512 493/1228/528 521/1220/526
f 521/1220/526 493/1228/528 479/1234/525 517/1227/521
f 526/1719/536 473/1731/508 451/1212/510 522/1203/537
f 523/516/540 452/525/505 473/1421/508 526/1420/536
f 527/517/546 476/526/517 452/525/505 523/516/540
f 524/524/548 453/532/514 476/526/517 527/517/546
f 528/1717/554 478/1729/523 453/532/514 524/524/548
f 525/1210/556 454/1219/520 478/1428/523 528/1427/554
f 529/1202/560 480/1211/527 454/1219/520 525/1210/556
f 522/1203/537 451/1212/510 480/1211/527 529/1202/560
f 535/519/561 549/520/562 570/1716/563 546/528/564
f 546/1713/564 570/529/563 547/1217/565 534/1218/566
f 570/529/563 548/1233/567 536/1225/568 547/1217/565
f 549/520/562 537/527/569 548/1712/567 570/1716/563
f 445/444/570 811/446/571 810/1430/572 382/1715/573
f 382/450/573 810/1648/572 809/1126/574 444/1122/575
f 571/1649/576 587/1707/577 583/1137/578 550/1130/579
f 552/453/580 584/457/581 587/1432/577 571/1431/576
f 572/1129/582 588/1136/583 585/1142/584 553/1135/585
f 550/1130/579 583/1137/578 588/1136/583 572/1129/582
f 815/1132/586 553/1135/585 573/1440/587 816/1644/588
f 816/1439/588 573/1645/587 555/456/589 817/455/590
f 573/1645/587 589/1706/591 586/462/592 555/456/589
f 553/1135/585 585/1142/584 589/1441/591 573/1440/587
f 574/452/593 590/458/594 584/457/581 552/453/580
f 555/456/589 586/462/592 590/458/594 574/452/593
f 539/491/595 600/501/596 603/1702/597 558/1437/598
f 558/1710/598 603/1438/597 599/1200/599 538/1189/600
f 575/1703/601 546/1713/564 534/1218/566 559/1209/602
f 560/510/603 535/519/561 546/528/564 575/1226/601
f 540/500/604 601/509/605 604/502/606 561/492/607
f 561/492/607 604/502/606 600/501/596 539/491/595
f 576/511/608 549/520/562 535/519/561 560/510/603
f 562/518/609 537/527/569 549/520/562 576/511/608
f 541/1198/610 602/1207/611 605/1700/612 563/1446/613
f 563/1708/613 605/1447/612 601/509/605 540/500/604
f 577/1701/614 548/1712/567 537/527/569 562/518/609
f 564/1216/615 536/1225/568 548/1233/567 577/1448/614
f 538/1189/600 599/1200/599 606/1199/616 565/1188/617
f 565/1188/617 606/1199/616 602/1207/611 541/1198/610
f 578/1208/618 547/1217/565 536/1225/568 564/1216/615
f 559/1209/602 534/1218/566 547/1217/565 578/1208/618
f 543/463/619 592/469/620 595/1705/621 551/1711/622
f 551/1433/622 595/1434/621 591/1154/623 542/1144/624
f 579/1435/625 611/1698/626 607/1177/627 566/1166/628
f 567/476/629 608/483/630 611/1436/626 579/1699/625
f 544/468/631 593/475/632 596/470/633 557/464/634
f 557/464/634 596/470/633 592/469/620 543/463/619
f 580/477/635 612/484/636 608/483/630 567/476/629
f 568/482/637 609/490/638 612/484/636 580/477/635
f 545/1152/639 594/1164/640 597/1704/641 556/1709/642
f 556/1442/642 597/1443/641 593/475/632 544/468/631
f 581/1444/643 613/1696/644 609/490/638 568/482/637
f 569/1175/645 610/1187/646 613/1445/644 581/1697/643
f 542/1144/624 591/1154/623 598/1153/647 554/1143/648
f 554/1143/648 598/1153/647 594/1164/640 545/1152/639
f 582/1165/649 614/1176/650 610/1187/646 569/1175/645
f 566/1166/628 607/1177/627 614/1176/650 582/1165/649
f 587/1707/577 551/1433/622 542/1144/624 583/1137/578
f 584/457/581 543/463/619 551/1711/622 587/1432/577
f 588/1136/583 554/1143/648 545/1152/639 585/1142/584
f 583/1137/578 542/1144/624 554/1143/648 588/1136/583
f 589/1706/591 556/1442/642 544/468/631 586/462/592
f 585/1142/584 545/1152/639 556/1709/642 589/1441/591
f 590/458/594 557/464/634 543/463/619 584/457/581
f 586/462/592 544/468/631 557/464/634 590/458/594
f 592/469/620 567/476/629 579/1699/625 595/1705/621
f 595/1434/621 579/1435/625 566/1166/628 591/1154/623
f 593/475/632 568/482/637 580/477/635 596/470/633
f 596/470/633 580/477/635 567/476/629 592/469/620
f 594/1164/640 569/1175/645 581/1697/643 597/1704/641
f 597/1443/641 581/1444/643 568/482/637 593/475/632
f 591/1154/623 566/1166/628 582/1165/649 598/1153/647
f 598/1153/647 582/1165/649 569/1175/645 594/1164/640
f 600/501/596 560/510/603 575/1226/601 603/1702/597
f 603/1438/597 575/1703/601 559/1209/602 599/1200/599
f 601/509/605 562/518/609 576/511/608 604/502/606
f 604/502/606 576/511/608 560/510/603 600/501/596
f 602/1207/611 564/1216/615 577/1448/614 605/1700/612
f 605/1447/612 577/1701/614 562/518/609 601/509/605
f 599/1200/599 559/1209/602 578/1208/618 606/1199/616
f 606/1199/616 578/1208/618 564/1216/615 602/1207/611
f 611/1698/626 558/1710/598 538/1189/600 607/1177/627
f 608/483/630 539/491/595 558/1437/598 611/1436/626
f 612/484/636 561/492/607 539/491/595 608/483/630
f 609/490/638 540/500/604 561/492/607 612/484/636
f 613/1696/644 563/1708/613 540/500/604 609/490/638
f 610/1187/646 541/1198/610 563/1446/613 613/1445/644
f 614/1176/650 565/1188/617 541/1198/610 610/1187/646
f 607/1177/627 538/1189/600 565/1188/617 614/1176/650
f 616/563/651 630/564/652 652/1695/653 627/566/654
f 627/1693/654 652/567/653 628/1245/655 615/1250/656
f 652/567/653 629/1249/657 617/1244/658 628/1245/655
f 630/564/652 618/568/659 629/1692/657 652/1695/653
f 532/485/660 820/493/661 819/505/662 469/1694/663
f 469/495/663 819/1642/662 818/1159/664 531/1148/665
f 653/1643/666 669/1687/667 665/1183/668 631/1172/669
f 633/504/670 666/513/671 669/521/667 653/512/666
f 654/1171/672 670/1182/673 667/1186/674 634/1174/675
f 631/1172/669 665/1183/668 670/1182/673 654/1171/672
f 697/1162/676 634/1174/675 655/1686/677 636/1184/678
f 636/1673/678 655/1185/677 637/1251/679 698/1253/680
f 655/1185/677 671/1685/681 668/1252/682 637/1251/679
f 634/1174/675 667/1186/674 671/1453/681 655/1686/677
f 656/503/683 672/514/684 666/513/671 633/504/670
f 637/1251/679 668/1252/682 672/514/684 656/503/683
f 620/548/685 682/554/686 685/1681/687 640/557/688
f 640/1690/688 685/558/687 681/1246/689 619/1231/690
f 657/1682/691 627/1693/654 615/1250/656 641/1247/692
f 642/559/693 616/563/651 627/566/654 657/562/691
f 621/556/694 683/561/695 686/555/696 643/549/697
f 643/549/697 686/555/696 682/554/686 620/548/685
f 658/560/698 630/564/652 616/563/651 642/559/693
f 644/565/699 618/568/659 630/564/652 658/560/698
f 622/1232/700 684/1237/701 687/1679/702 645/1463/703
f 645/1688/703 687/1465/702 683/561/695 621/556/694
f 659/1680/704 629/1692/657 618/568/659 644/565/699
f 646/1240/705 617/1244/658 629/1249/657 659/1248/704
f 619/1231/690 681/1246/689 688/1238/706 647/1230/707
f 647/1230/707 688/1238/706 684/1237/701 622/1232/700
f 660/1241/708 628/1245/655 617/1244/658 646/1240/705
f 641/1247/692 615/1250/656 628/1245/655 660/1241/708
f 624/522/709 674/530/710 677/1684/711 632/1691/712
f 632/1449/712 677/1450/711 673/1205/713 623/1196/714
f 661/1451/715 693/1677/716 689/1223/717 648/1214/718
f 649/535/719 690/542/720 693/1452/716 661/1678/715
f 625/537/721 675/538/722 678/531/723 639/523/724
f 639/523/724 678/531/723 674/530/710 624/522/709
f 662/536/725 694/543/726 690/542/720 649/535/719
f 650/544/727 691/550/728 694/543/726 662/536/725
f 626/1197/729 676/1206/730 679/1683/731 638/1689/732
f 638/1454/732 679/1456/731 675/538/722 625/537/721
f 663/1458/733 695/1675/734 691/550/728 650/544/727
f 651/1215/735 692/1224/736 695/1461/734 663/1676/733
f 623/1196/714 673/1205/713 680/1204/737 635/1195/738
f 635/1195/738 680/1204/737 676/1206/730 626/1197/729
f 664/1213/739 696/1222/740 692/1224/736 651/1215/735
f 648/1214/718 689/1223/717 696/1222/740 664/1213/739
f 669/1687/667 632/1449/712 623/1196/714 665/1183/668
f 666/513/671 624/522/709 632/1691/712 669/521/667
f 670/1182/673 635/1195/738 626/1197/729 667/1186/674
f 665/1183/668 623/1196/714 635/1195/738 670/1182/673
f 671/1685/681 638/1454/732 625/537/721 668/1252/682
f 667/1186/674 626/1197/729 638/1689/732 671/1453/681
f 672/514/684 639/523/724 624/522/709 666/513/671
f 668/1252/682 625/537/721 639/523/724 672/514/684
f 674/530/710 649/535/719 661/1678/715 677/1684/711
f 677/1450/711 661/1451/715 648/1214/718 673/1205/713
f 675/538/722 650/544/727 662/536/725 678/531/723
f 678/531/723 662/536/725 649/535/719 674/530/710
f 676/1206/730 651/1215/735 663/1676/733 679/1683/731
f 679/1456/731 663/1458/733 650/544/727 675/538/722
f 673/1205/713 648/1214/718 664/1213/739 680/1204/737
f 680/1204/737 664/1213/739 651/1215/735 676/1206/730
f 682/554/686 642/559/693 657/562/691 685/1681/687
f 685/558/687 657/1682/691 641/1247/692 681/1246/689
f 683/561/695 644/565/699 658/560/698 686/555/696
f 686/555/696 658/560/698 642/559/693 682/554/686
f 684/1237/701 646/1240/705 659/1248/704 687/1679/702
f 687/1465/702 659/1680/704 644/565/699 683/561/695
f 681/1246/689 641/1247/692 660/1241/708 688/1238/706
f 688/1238/706 660/1241/708 646/1240/705 684/1237/701
f 693/1677/716 640/1690/688 619/1231/690 689/1223/717
f 690/542/720 620/548/685 640/557/688 693/1452/716
f 694/543/726 643/549/697 620/548/685 690/542/720
f 691/550/728 621/556/694 643/549/697 694/543/726
f 695/1675/734 645/1688/703 621/556/694 691/550/728
f 692/1224/736 622/1232/700 645/1463/703 695/1461/734
f 696/1222/740 647/1230/707 622/1232/700 692/1224/736
f 689/1223/717 619/1231/690 647/1230/707 696/1222/740
f 712/650/741 743/569/742 754/1674/743 740/643/744
f 740/1668/744 754/570/743 741/573/745 711/642/746
f 754/570/743 742/571/747 713/574/748 741/573/745
f 743/569/742 714/572/749 742/1666/747 754/1674/743
f 755/448/750 705/449/751 835/445/752 824/441/753
f 705/449/751 755/448/750 744/1278/754 700/1273/755
f 446/1286/393 744/1278/754 755/448/750 824/441/753
f 896/1455/756 747/1163/757 756/1261/758 897/1636/759
f 897/1260/759 756/1637/758 746/1254/760 898/1256/761
f 756/1637/758 636/1673/678 698/1253/680 746/1254/760
f 747/1163/757 697/1162/676 636/1184/678 756/1261/758
f 699/625/762 749/629/763 757/635/764 840/634/765
f 840/634/765 757/635/764 748/641/766 841/640/767
f 806/1119/406 444/1122/575 832/1121/768 831/1117/769
f 443/1116/398 831/1117/769 757/635/764 749/629/763
f 837/486/770 750/1258/771 758/1255/772 827/494/773
f 698/1253/680 827/494/773 758/1255/772 746/1254/760
f 845/1149/774 751/1141/775 759/1151/776 846/1161/777
f 846/1161/777 759/1151/776 747/1163/757 896/1455/756
f 697/1162/676 747/1163/757 759/1151/776 828/1150/778
f 531/1148/665 818/1159/664 828/1150/778 834/1140/779
f 826/465/780 752/466/781 750/1258/771 837/486/770
f 843/655/782 753/656/783 760/661/784 844/660/785
f 844/660/785 760/661/784 751/1141/775 845/1149/774
f 821/1147/496 531/1148/665 834/1140/779 829/1134/786
f 530/1133/485 812/1139/484 829/1134/786 833/1128/787
f 825/447/788 838/454/789 839/460/790 836/459/791
f 752/466/781 839/460/790 838/454/789 705/449/751
f 825/447/788 835/445/752 705/449/751 838/454/789
f 841/640/767 748/641/766 761/649/792 842/647/793
f 842/647/793 761/649/792 753/656/783 843/655/782
f 815/1132/586 530/1133/485 833/1128/787 830/1125/794
f 444/1122/575 809/1126/574 830/1125/794 832/1121/768
f 700/1273/755 722/1285/795 762/1655/796 719/624/797
f 719/1757/797 762/619/796 720/620/798 699/625/762
f 762/619/796 802/1654/799 798/614/800 720/620/798
f 722/1285/795 799/1292/801 802/613/799 762/1655/796
f 699/625/762 720/620/798 763/630/802 749/629/763
f 749/629/763 763/630/802 723/1120/803 443/1116/398
f 763/630/802 803/1124/804 800/1123/805 723/1120/803
f 720/620/798 798/614/800 803/1124/804 763/630/802
f 443/1116/398 723/1120/803 764/1653/806 376/1672/396
f 376/1115/396 764/606/806 725/607/807 446/1286/393
f 764/606/806 804/1652/808 801/603/809 725/607/807
f 723/1120/803 800/1123/805 804/602/808 764/1653/806
f 446/1286/393 725/607/807 765/608/810 744/1278/754
f 744/1278/754 765/608/810 722/1285/795 700/1273/755
f 765/608/810 805/605/811 799/1292/801 722/1285/795
f 725/607/807 801/603/809 805/605/811 765/608/810
f 708/617/812 791/618/813 794/1658/814 721/1671/815
f 721/609/815 794/612/814 790/611/816 707/610/817
f 766/1659/818 786/1661/819 782/621/820 728/615/821
f 730/623/822 783/628/823 786/622/819 766/616/818
f 707/610/817 790/611/816 795/1131/824 724/1127/825
f 724/1127/825 795/1131/824 792/600/826 709/604/827
f 767/1138/828 787/1155/829 784/591/830 731/596/831
f 728/615/821 782/621/820 787/1155/829 767/1138/828
f 709/604/827 792/600/826 796/1656/832 726/1670/833
f 726/598/833 796/594/832 793/595/834 710/599/835
f 768/1657/836 788/1660/837 785/587/838 733/590/839
f 731/596/831 784/591/830 788/586/837 768/589/836
f 710/599/835 793/595/834 797/597/840 727/601/841
f 727/601/841 797/597/840 791/618/813 708/617/812
f 769/593/842 789/588/843 783/628/823 730/623/822
f 733/590/839 785/587/838 789/588/843 769/593/842
f 716/633/844 775/638/845 778/1664/846 729/1669/847
f 729/627/847 778/632/846 774/631/848 715/626/849
f 770/1665/850 740/1668/744 711/642/746 736/636/851
f 737/644/852 712/650/741 740/643/744 770/637/850
f 717/584/853 776/580/854 779/581/855 735/585/856
f 735/585/856 779/581/855 775/638/845 716/633/844
f 771/577/857 743/569/742 712/650/741 737/644/852
f 738/576/858 714/572/749 743/569/742 771/577/857
f 718/592/859 777/582/860 780/1662/861 734/1667/862
f 734/583/862 780/579/861 776/580/854 717/584/853
f 772/1663/863 742/1666/747 714/572/749 738/576/858
f 739/578/864 713/574/748 742/571/747 772/575/863
f 715/626/849 774/631/848 781/1178/865 732/1167/866
f 732/1167/866 781/1178/865 777/582/860 718/592/859
f 773/1301/867 741/573/745 713/574/748 739/578/864
f 736/636/851 711/642/746 741/573/745 773/1301/867
f 775/638/845 737/644/852 770/637/850 778/1664/846
f 778/632/846 770/1665/850 736/636/851 774/631/848
f 776/580/854 738/576/858 771/577/857 779/581/855
f 779/581/855 771/577/857 737/644/852 775/638/845
f 777/582/860 739/578/864 772/575/863 780/1662/861
f 780/579/861 772/1663/863 738/576/858 776/580/854
f 774/631/848 736/636/851 773/1301/867 781/1178/865
f 781/1178/865 773/1301/867 739/578/864 777/582/860
f 786/1661/819 729/627/847 715/626/849 782/621/820
f 783/628/823 716/633/844 729/1669/847 786/622/819
f 787/1155/829 732/1167/866 718/592/859 784/591/830
f 782/621/820 715/626/849 732/1167/866 787/1155/829
f 788/1660/837 734/583/862 717/584/853 785/587/838
f 784/591/830 718/592/859 734/1667/862 788/586/837
f 789/588/843 735/585/856 716/633/844 783/628/823
f 785/587/838 717/584/853 735/585/856 789/588/843
f 791/618/813 730/623/822 766/616/818 794/1658/814
f 794/612/814 766/1659/818 728/615/821 790/611/816
f 790/611/816 728/615/821 767/1138/828 795/1131/824
f 795/1131/824 767/1138/828 731/596/831 792/600/826
f 792/600/826 731/596/831 768/589/836 796/1656/832
f 796/594/832 768/1657/836 733/590/839 793/595/834
f 793/595/834 733/590/839 769/593/842 797/597/840
f 797/597/840 769/593/842 730/623/822 791/618/813
f 802/1654/799 721/609/815 707/610/817 798/614/800
f 799/1292/801 708/617/812 721/1671/815 802/613/799
f 803/1124/804 724/1127/825 709/604/827 800/1123/805
f 798/614/800 707/610/817 724/1127/825 803/1124/804
f 804/1652/808 726/598/833 710/599/835 801/603/809
f 800/1123/805 709/604/827 726/1670/833 804/602/808
f 805/605/811 727/601/841 708/617/812 799/1292/801
f 801/603/809 710/599/835 727/601/841 805/605/811
f 444/1122/575 806/1119/406 807/1650/408 382/450/573
f 382/1715/573 807/451/408 808/440/410 445/444/570
f 810/1648/572 571/1649/576 550/1130/579 809/1126/574
f 811/446/571 552/453/580 571/1431/576 810/1430/572
f 813/1646/482 486/1647/486 464/1146/489 812/1139/484
f 814/467/481 466/472/490 486/1415/486 813/474/482
f 530/1133/485 815/1132/586 816/1644/588 463/1714/483
f 463/473/483 816/1439/588 817/455/590 533/461/480
f 819/1642/662 653/1643/666 631/1172/669 818/1159/664
f 820/493/661 633/504/670 653/512/666 819/505/662
f 531/1148/665 821/1147/496 822/1640/498 469/495/663
f 469/1694/663 822/496/498 823/478/500 532/485/660
f 402/439/413 379/1293/394 446/1286/393 824/441/753
f 808/440/410 383/438/409 402/439/413 824/441/753
f 574/452/593 552/453/580 811/446/571 825/447/788
f 817/455/590 555/456/589 574/452/593 825/447/788
f 489/471/503 466/472/490 814/467/481 826/465/780
f 823/478/500 470/479/499 489/471/503 826/465/780
f 656/503/683 633/504/670 820/493/661 827/494/773
f 698/1253/680 637/1251/679 656/503/683 827/494/773
f 654/1171/672 634/1174/675 697/1162/676 828/1150/778
f 818/1159/664 631/1172/669 654/1171/672 828/1150/778
f 487/1145/492 467/1156/495 821/1147/496 829/1134/786
f 812/1139/484 464/1146/489 487/1145/492 829/1134/786
f 572/1129/582 553/1135/585 815/1132/586 830/1125/794
f 809/1126/574 550/1130/579 572/1129/582 830/1125/794
f 400/1113/402 380/1118/405 806/1119/406 831/1117/769
f 443/1116/398 377/1112/397 400/1113/402 831/1117/769
f 832/1121/768 748/641/766 757/635/764 831/1117/769
f 830/1125/794 761/649/792 748/641/766 832/1121/768
f 833/1128/787 753/656/783 761/649/792 830/1125/794
f 829/1134/786 760/661/784 753/656/783 833/1128/787
f 834/1140/779 751/1141/775 760/661/784 829/1134/786
f 828/1150/778 759/1151/776 751/1141/775 834/1140/779
f 445/444/570 808/440/410 824/441/753 835/445/752
f 811/446/571 445/444/570 835/445/752 825/447/788
f 533/461/480 817/455/590 825/447/788 836/459/791
f 814/467/481 533/461/480 836/459/791 826/465/780
f 532/485/660 823/478/500 826/465/780 837/486/770
f 820/493/661 532/485/660 837/486/770 827/494/773
f 826/465/780 836/459/791 839/460/790 752/466/781
f 910/1485/868 952/1487/869 958/1295/870 911/1289/871
f 903/1467/872 950/1468/873 953/1469/874 904/1319/875
f 942/1299/876 941/851/877 959/1288/878 958/1295/870
f 1323/1294/879 960/1287/880 959/1288/878
f 1322/1298/881 949/1296/882 960/1287/880 1323/1294/879
f 902/1290/883 949/1296/882 950/1468/873 903/1467/872
f 752/466/781 701/1257/884 758/1255/772 750/1258/771
f 898/1256/761 746/1254/760 758/1255/772 701/1257/884
f 840/634/765 841/640/767 706/639/885 699/625/762
f 842/647/793 843/655/782 899/1173/886 900/648/887
f 844/660/785 901/1160/888 899/1173/886 843/655/782
f 702/1457/889 745/1259/890 847/1571/891 848/1581/892
f 849/666/893 895/1460/894 702/1457/889 848/1581/892
f 703/658/895 850/659/896 851/654/897 704/653/898
f 704/653/898 851/654/897 852/646/899 706/639/885
f 706/639/885 852/646/899 853/645/900 699/625/762
f 854/1756/901 719/1757/797 699/625/762 853/645/900
f 855/1574/902 700/1273/755 719/624/797 854/1575/901
f 856/1266/903 705/449/751 700/1273/755 855/1574/902
f 857/1263/904 752/466/781 705/449/751 856/1266/903
f 858/1262/905 701/1257/884 752/466/781 857/1263/904
f 847/1638/891 745/1639/890 701/1257/884 858/1262/905
f 847/1271/891 873/1270/906 872/1462/907 848/1459/892
f 848/1459/892 872/1462/907 871/667/908 849/1580/893
f 849/1580/893 871/667/908 882/664/909 850/1579/896
f 850/1579/896 882/664/909 881/657/910 851/1578/897
f 851/1578/897 881/657/910 880/652/911 852/1577/899
f 852/1635/899 880/1633/911 879/651/912 853/1576/900
f 878/1482/913 854/1481/901 853/1576/900 879/651/912
f 877/1277/914 855/1272/902 854/1481/901 878/1482/913
f 876/1269/915 856/1573/903 855/1272/902 877/1277/914
f 875/1265/916 857/1572/904 856/1573/903 876/1269/915
f 874/1264/917 858/1570/905 857/1572/904 875/1265/916
f 873/1270/906 847/1271/891 858/1570/905 874/1264/917
f 872/1462/907 860/1464/918 861/668/919 871/667/908
f 873/1270/906 859/1283/920 860/1464/918 872/1462/907
f 859/1283/920 873/1270/906 874/1264/917 870/1267/921
f 870/1267/921 874/1264/917 875/1265/916 869/1268/922
f 869/1268/922 875/1265/916 876/1269/915 868/1276/923
f 868/1276/923 876/1269/915 877/1277/914 867/1284/924
f 867/1284/924 877/1277/914 878/1482/913 866/1483/925
f 866/1483/925 878/1482/913 879/651/912 865/1302/926
f 880/1633/911 864/1634/927 865/1302/926 879/651/912
f 881/657/910 863/663/928 864/662/927 880/652/911
f 882/664/909 862/665/929 863/663/928 881/657/910
f 871/667/908 861/668/919 862/665/929 882/664/909
f 859/1283/920 883/1282/930 884/1466/931 860/1464/918
f 860/1464/918 884/1466/931 885/1315/932 861/668/919
f 861/668/919 885/1315/932 886/1311/933 862/665/929
f 862/665/929 886/1311/933 887/1307/934 863/663/928
f 863/663/928 887/1307/934 888/1632/935 864/662/927
f 864/1634/927 888/1304/935 889/1303/936 865/1302/926
f 890/1484/937 866/1483/925 865/1302/926 889/1303/936
f 891/1291/938 867/1284/924 866/1483/925 890/1484/937
f 892/1281/939 868/1276/923 867/1284/924 891/1291/938
f 893/1275/940 869/1268/922 868/1276/923 892/1281/939
f 894/1274/941 870/1267/921 869/1268/922 893/1275/940
f 883/1282/930 859/1283/920 870/1267/921 894/1274/941
f 895/1460/894 703/658/895 845/1149/774 846/1161/777
f 849/666/893 850/659/896 703/658/895 895/1460/894
f 702/1457/889 895/1460/894 846/1161/777 896/1455/756
f 702/1457/889 896/1455/756 897/1636/759 745/1259/890
f 745/1639/890 897/1260/759 898/1256/761 701/1257/884
f 900/648/887 899/1173/886 704/653/898 706/639/885
f 844/660/785 845/1149/774 703/658/895 901/1160/888
f 703/658/895 704/653/898 899/1173/886 901/1160/888
f 842/647/793 900/648/887 706/639/885 841/640/767
f 909/1486/942 908/1305/943 957/1308/944 951/1321/945
f 945/1316/946 957/1308/944 1324/1312/947
f 946/1320/948 1324/1625/947 914/1317/949 947/1323/950
f 964/1326/951 915/1477/952 965/1324/953 968/1325/954
f 910/1485/868 909/1486/942 951/1321/945 952/1487/869
f 883/1282/930 902/1290/883 903/1467/872 884/1466/931
f 884/1466/931 903/1467/872 904/1319/875 885/1315/932
f 885/1315/932 904/1319/875 905/1314/955 886/1311/933
f 886/1311/933 905/1314/955 906/1310/956 887/1307/934
f 887/1307/934 906/1310/956 907/1631/957 888/1632/935
f 888/1304/935 907/1306/957 908/1305/943 889/1303/936
f 909/1486/942 890/1484/937 889/1303/936 908/1305/943
f 910/1485/868 891/1291/938 890/1484/937 909/1486/942
f 911/1289/871 892/1281/939 891/1291/938 910/1485/868
f 912/1280/958 893/1275/940 892/1281/939 911/1289/871
f 913/1279/959 894/1274/941 893/1275/940 912/1280/958
f 902/1290/883 883/1282/930 894/1274/941 913/1279/959
f 915/1477/952 962/1338/960 969/1331/961 965/1324/953
f 1286/1344/962 920/1479/963 921/1476/964 1287/1480/965
f 1287/1480/965 921/1476/964 922/823/966 1288/809/967
f 1288/809/967 922/823/966 923/822/968 1289/808/969
f 1289/808/969 923/822/968 924/838/970 1290/821/971
f 925/850/972 926/1489/973 1291/1490/974 1297/837/975
f 1291/1490/974 926/1489/973 927/1329/976 1292/1334/977
f 928/1327/978 929/1630/979 1293/1333/980 1295/1332/981
f 930/1330/982 1294/1335/983 1293/1628/980 929/1328/979
f 931/1337/984 920/1479/963 1286/1344/962 1299/1341/985
f 938/1472/986 921/1476/964 920/1479/963 937/1475/987
f 939/1300/988 922/823/966 921/1476/964 938/1472/986
f 940/852/989 923/822/968 922/823/966 939/1300/988
f 941/851/877 924/838/970 923/822/968 940/852/989
f 942/1299/876 925/850/972 924/838/970 941/851/877
f 943/1488/990 926/1489/973 925/850/972 942/1299/876
f 944/1322/991 927/1329/976 926/1489/973 943/1488/990
f 945/1316/946 928/1327/978 927/1329/976 944/1322/991
f 946/1626/948 929/1630/979 928/1327/978 945/1316/946
f 947/1323/950 930/1330/982 929/1328/979 946/1320/948
f 948/1336/992 931/1337/984 930/1330/982 947/1323/950
f 937/1475/987 920/1479/963 931/1337/984 948/1336/992
f 943/1488/990 942/1299/876 958/1295/870 952/1487/869
f 959/1288/878 912/1280/958 911/1289/871 958/1295/870
f 960/1287/880 913/1279/959 912/1280/958 959/1288/878
f 949/1296/882 902/1290/883 913/1279/959 960/1287/880
f 1321/1470/993 950/1468/873 949/1296/882 1322/1298/881
f 954/1318/994 905/1314/955 904/1319/875 953/1469/874
f 945/1316/946 944/1322/991 951/1321/945 957/1308/944
f 957/1308/944 908/1305/943 907/1306/957 956/1629/995
f 956/1309/995 907/1631/957 906/1310/956 955/1313/996
f 955/1313/996 906/1310/956 905/1314/955 954/1318/994
f 944/1322/991 943/1488/990 952/1487/869 951/1321/945
f 950/1468/873 1321/1470/993 961/1471/997 953/1469/874
f 962/1338/960 915/1477/952 963/1474/998 966/1478/999
f 915/1477/952 964/1326/951 967/1473/1000 963/1474/998
f 948/1336/992 962/1338/960 966/1478/999 937/1475/987
f 953/1469/874 961/1471/997 963/1474/998 967/1473/1000
f 955/1313/996 954/1318/994 964/1326/951 968/1325/954
f 947/1323/950 914/1317/949 965/1324/953 969/1331/961
f 966/1478/999 963/1474/998 961/1471/997 937/1475/987
f 964/1326/951 954/1318/994 953/1469/874 967/1473/1000
f 914/1317/949 955/1313/996 968/1325/954 965/1324/953
f 962/1338/960 948/1336/992 947/1323/950 969/1331/961
f 990/700/1001 1007/719/1002 1006/737/1003 1003/717/1004
f 973/669/1005 972/672/1006 982/671/1007 981/670/1008
f 981/670/1008 976/675/1009 980/682/1010 971/674/1011
f 978/721/1012 979/703/1013 1279/704/1014 1278/722/1015
f 1281/684/1016 975/676/1017 974/1555/1018 1282/1553/1019
f 979/703/1013 977/691/1020 1280/683/1021 1279/704/1014
f 982/671/1007 975/676/1017 976/675/1009 981/670/1008
f 975/676/1017 982/671/1007 983/1554/1022 974/1555/1018
f 972/672/1006 987/1564/1023 983/1554/1022 982/671/1007
f 984/679/1024 988/688/1025 1002/699/1026 1001/687/1027
f 988/688/1025 990/700/1001 1003/717/1004 1002/699/1026
f 991/1376/1028 1003/717/1004 1006/737/1003 1350/1375/1029
f 994/1497/1030 971/674/1011 980/682/1010 995/1359/1031
f 995/1359/1031 980/682/1010 977/691/1020 996/1358/1032
f 996/1358/1032 977/691/1020 979/703/1013 997/1357/1033
f 997/1357/1033 979/703/1013 978/721/1012 998/1356/1034
f 1314/681/1035 999/673/1036 1000/1498/1037 1315/1499/1038
f 1002/699/1026 989/1560/1039 985/1558/1040 1001/687/1027
f 1003/717/1004 991/1376/1028 989/1560/1039 1002/699/1026
f 972/672/1006 984/679/1024 1001/687/1027 987/1564/1023
f 984/679/1024 972/672/1006 973/669/1005 986/680/1041
f 973/669/1005 981/670/1008 971/674/1011 999/673/1036
f 999/673/1036 971/674/1011 994/1497/1030 1000/1498/1037
f 1442/1370/1042 1444/1371/1043 1351/1374/1044 992/1373/1045
f 1007/719/1002 970/738/1046 1004/1378/1047 1006/737/1003
f 1010/1503/1048 1009/720/1049 1008/1502/1050 1011/1504/1051
f 1004/1507/1047 1010/1503/1048 1445/1505/1052 1443/1508/1053
f 970/738/1046 1007/719/1002 1012/718/1054 1013/739/1055
f 1010/1503/1048 1013/739/1055 1012/718/1054 1009/720/1049
f 1010/1503/1048 1004/1507/1047 970/738/1046 1013/739/1055
f 1014/1583/1056 1015/1591/1057 1220/843/1058 1219/844/1059
f 1015/1591/1057 1016/1590/1060 1221/856/1061 1220/843/1058
f 1016/1590/1060 1017/1589/1062 1222/855/1063 1221/856/1061
f 1017/1589/1062 1018/1588/1064 1223/1513/1065 1222/855/1063
f 1018/1588/1064 1019/1587/1066 1224/951/1067 1223/1513/1065
f 1019/1587/1066 1020/1586/1068 1225/947/1069 1224/951/1067
f 1020/1586/1068 1021/1767/1070 1226/1760/1071 1225/947/1069
f 1021/1585/1070 1022/1584/1072 1227/954/1073 1226/948/1071
f 1022/1584/1072 1023/1582/1074 1228/1517/1075 1227/954/1073
f 1023/1582/1074 1014/1583/1056 1219/844/1059 1228/1517/1075
f 1031/1524/1076 1030/770/1077 1174/755/1078 1175/1525/1079
f 1032/991/1080 1031/1524/1076 1175/1525/1079 1176/1001/1081
f 1033/992/1082 1032/991/1080 1176/1001/1081 1177/1763/1083
f 1034/996/1084 1033/1765/1082 1177/1000/1083 1178/1004/1085
f 1035/997/1086 1034/996/1084 1178/1004/1085 1179/1003/1087
f 1036/798/1088 1035/997/1086 1179/1003/1087 1180/1007/1089
f 1037/769/1090 1036/798/1088 1180/1007/1089 1181/752/1091
f 1038/754/1092 1037/769/1090 1181/752/1091 1182/733/1093
f 1039/753/1094 1038/754/1092 1182/733/1093 1183/734/1095
f 1030/770/1077 1039/753/1094 1183/734/1095 1174/755/1078
f 1064/1523/1096 1054/1522/1097 1053/802/1098 1063/787/1099
f 1065/984/1100 1055/978/1101 1054/1522/1097 1064/1523/1096
f 1066/1764/1102 1056/1766/1103 1055/978/1101 1065/984/1100
f 1041/1516/1104 1073/986/1105 1077/993/1106 1074/1002/1107
f 1074/1002/1107 1078/811/1108 1075/812/1109 1041/1516/1104
f 1071/771/1110 1325/788/1111 1042/800/1112 1070/786/1113
f 1063/787/1099 1053/802/1098 1062/801/1114 1072/772/1115
f 1044/1521/1116 1043/816/1117 1053/802/1098 1054/1522/1097
f 1044/1521/1116 1054/1522/1097 1055/978/1101 1045/973/1118
f 1055/978/1101 1056/1766/1103 1046/961/1119 1045/973/1118
f 1056/971/1103 1057/972/1120 1047/960/1121 1046/1762/1119
f 1057/972/1120 1058/976/1122 1048/967/1123 1047/960/1121
f 1058/976/1122 1059/994/1124 1049/1515/1125 1048/967/1123
f 1059/994/1124 1060/814/1126 1050/826/1127 1049/1515/1125
f 1060/814/1126 1061/813/1128 1051/827/1129 1050/826/1127
f 1061/813/1128 1062/801/1114 1052/815/1130 1051/827/1129
f 1053/802/1098 1043/816/1117 1052/815/1130 1062/801/1114
f 1057/972/1120 1326/979/1131 1040/980/1132 1058/976/1122
f 1076/995/1133 1080/985/1134 1073/986/1105 1041/1516/1104
f 1075/812/1109 1079/825/1135 1076/995/1133 1041/1516/1104
f 1063/787/1099 1030/770/1077 1031/1524/1076 1064/1523/1096
f 1031/1524/1076 1032/991/1080 1065/984/1100 1064/1523/1096
f 1032/991/1080 1033/992/1082 1066/1764/1102 1065/984/1100
f 1033/1765/1082 1034/996/1084 1067/987/1136 1066/983/1102
f 1034/996/1084 1035/997/1086 1068/988/1137 1067/987/1136
f 1035/997/1086 1036/798/1088 1069/799/1138 1068/988/1137
f 1036/798/1088 1037/769/1090 1070/786/1113 1069/799/1138
f 1037/769/1090 1038/754/1092 1071/771/1110 1070/786/1113
f 1038/754/1092 1039/753/1094 1072/772/1115 1071/771/1110
f 1039/753/1094 1030/770/1077 1063/787/1099 1072/772/1115
f 1074/1002/1107 1077/993/1106 1068/988/1137 1069/799/1138
f 1042/800/1112 1075/812/1109 1078/811/1108 1070/786/1113
f 1060/814/1126 1059/994/1124 1076/995/1133 1079/825/1135
f 1080/985/1134 1058/976/1122 1040/980/1132 1073/986/1105
f 1068/988/1137 1077/993/1106 1073/986/1105 1040/980/1132
f 1070/786/1113 1078/811/1108 1074/1002/1107 1069/799/1138
f 1060/814/1126 1079/825/1135 1075/812/1109 1042/800/1112
f 1059/994/1124 1058/976/1122 1080/985/1134 1076/995/1133
f 1344/848/1139 1127/862/1140 1244/847/1141 1345/834/1142
f 1346/819/1143 1148/832/1144 1125/818/1145 1347/804/1146
f 1148/832/1144 1126/846/1147 1082/831/1148 1125/818/1145
f 1127/862/1140 1245/874/1149 1248/861/1150 1244/847/1141
f 1241/696/1151 1025/1556/1152 1026/1563/1153 1242/713/1154
f 1149/945/1155 1129/940/1156 1335/939/1157 1334/1024/1158
f 1130/941/1159 1097/942/1160 1129/940/1156 1149/945/1155
f 1150/845/1161 1131/1346/1162 1084/1345/1163 1133/830/1164
f 1132/859/1165 1083/1348/1166 1131/1346/1162 1150/845/1161
f 1150/845/1161 1126/846/1147 1081/860/1167 1132/859/1165
f 1133/830/1164 1082/831/1148 1126/846/1147 1150/845/1161
f 1347/804/1146 1125/818/1145 1151/817/1168 1348/803/1169
f 1135/1347/1170 1349/1349/1171 1348/803/1169 1151/817/1168
f 1133/830/1164 1084/1345/1163 1135/1347/1170 1151/817/1168
f 1125/818/1145 1082/831/1148 1133/830/1164 1151/817/1168
f 1136/750/1172 1285/751/1173 1284/729/1174 1152/730/1175
f 1136/750/1172 1152/730/1175 1137/1075/1176 1089/1074/1177
f 1138/709/1178 1283/710/1179 1282/694/1019 974/685/1018
f 1153/785/1180 1159/768/1181 1102/1073/1182 1139/1072/1183
f 1419/784/1184 1298/796/1185 936/795/1186 1420/782/1187
f 935/1569/1188 1418/1566/1189 1417/749/1190 934/1546/1191
f 978/721/1012 1278/722/1015 1141/741/1192 1155/740/1193
f 1086/820/1194 1411/806/1195 1410/810/1196 1143/824/1197
f 1143/824/1197 1410/810/1196 1409/1069/1198 1085/1068/1199
f 1153/785/1180 1139/1072/1183 1144/1549/1200 1156/1071/1201
f 1140/783/1202 1153/785/1180 1156/1071/1201 1145/792/1203
f 1154/766/1204 1140/783/1202 1145/792/1203 1157/1568/1205
f 1141/741/1192 1154/1567/1204 1157/1539/1205 1146/1538/1206
f 1412/791/1207 1124/805/1208 1087/790/1209 1413/774/1210
f 1411/806/1195 1086/820/1194 1124/805/1208 1412/791/1207
f 1155/740/1193 1141/741/1192 1146/1538/1206 1158/756/1211
f 1158/756/1211 1147/1354/1212 1142/1355/1213 1155/740/1193
f 1134/789/1214 1088/1351/1215 1415/1352/1216 1414/773/1217
f 1413/774/1210 1087/790/1209 1134/789/1214 1414/773/1217
f 1136/750/1172 1089/1074/1177 1102/1073/1182 1159/768/1181
f 1085/1068/1199 1103/1066/1218 1160/840/1219 1143/824/1197
f 1143/824/1197 1160/840/1219 1105/839/1220 1086/820/1194
f 1160/840/1219 1106/854/1221 1101/853/1222 1105/839/1220
f 1103/1066/1218 1098/1064/1223 1106/854/1221 1160/840/1219
f 1246/875/1224 1127/862/1140 1344/848/1139 1343/863/1225
f 1127/862/1140 1246/875/1224 1249/887/1226 1245/874/1149
f 1161/876/1227 1108/877/1228 1100/886/1229 1107/873/1230
f 1341/865/1231 1108/877/1228 1161/876/1227 1342/864/1232
f 1081/860/1167 1107/873/1230 1162/872/1233 1132/859/1165
f 1162/872/1233 1104/1350/1234 1083/1348/1166 1132/859/1165
f 1109/885/1235 1099/904/1236 1104/1350/1234 1162/872/1233
f 1107/873/1230 1100/886/1229 1109/885/1235 1162/872/1233
f 1338/898/1237 1163/908/1238 1112/897/1239 1339/1613/1240
f 1112/897/1239 1357/917/1241 1354/916/1242 1091/907/1243
f 1163/908/1238 1114/920/1244 1355/928/1245 1353/918/1246
f 1337/919/1247 1114/920/1244 1163/908/1238 1338/898/1237
f 1091/907/1243 1113/915/1248 1164/914/1249 1115/1615/1250
f 1164/914/1249 1110/1361/1251 1090/1360/1252 1115/1615/1250
f 1113/915/1248 1094/926/1253 1116/925/1254 1164/914/1249
f 1336/929/1255 1165/930/1256 1114/920/1244 1337/919/1247
f 1114/920/1244 1165/930/1256 1119/937/1257 1094/926/1253
f 1165/930/1256 1129/940/1156 1097/942/1160 1119/937/1257
f 1335/939/1157 1129/940/1156 1165/930/1256 1336/929/1255
f 1094/926/1253 1119/937/1257 1166/936/1258 1116/925/1254
f 1119/937/1257 1097/942/1160 1130/941/1159 1166/936/1258
f 1100/886/1229 1122/896/1259 1167/895/1260 1109/885/1235
f 1167/895/1260 1121/905/1261 1099/904/1236 1109/885/1235
f 1115/906/1250 1090/913/1252 1121/905/1261 1167/895/1260
f 1122/896/1259 1091/1616/1243 1115/906/1250 1167/895/1260
f 1340/878/1262 1168/888/1263 1108/877/1228 1341/865/1231
f 1108/877/1228 1168/888/1263 1122/896/1259 1100/886/1229
f 1168/888/1263 1112/1614/1239 1091/1616/1243 1122/896/1259
f 1339/889/1240 1112/1614/1239 1168/888/1263 1340/878/1262
f 1098/1064/1223 1120/1062/1264 1169/867/1265 1106/854/1221
f 1106/854/1221 1169/867/1265 1123/866/1266 1101/853/1222
f 1169/867/1265 352/880/372 353/1617/374 1123/866/1266
f 1120/1062/1264 351/1620/369 352/880/372 1169/867/1265
f 1242/713/1154 1026/1563/1153 1172/1527/1267 1243/1528/1268
f 1029/1365/1269 1005/1621/1270 993/1367/1271 1170/1366/1272
f 1027/1561/1273 1028/1562/1274 1173/1369/1275 1171/1372/1276
f 1026/1563/1153 1027/1561/1273 1171/1372/1276 1172/1527/1267
f 1028/1562/1274 1029/1365/1269 1170/1366/1272 1173/1369/1275
f 1174/755/1078 1252/735/1277 1261/1526/1278 1175/1525/1079
f 1175/1525/1079 1261/1526/1278 1260/1006/1279 1176/1001/1081
f 1176/1001/1081 1260/1006/1279 1259/1758/1280 1177/1763/1083
f 1177/1000/1083 1259/1005/1280 1258/1009/1281 1178/1004/1085
f 1178/1004/1085 1258/1009/1281 1257/1008/1282 1179/1003/1087
f 1179/1003/1087 1257/1008/1282 1256/1012/1283 1180/1007/1089
f 1180/1007/1089 1256/1012/1283 1255/732/1284 1181/752/1091
f 1181/752/1091 1255/732/1284 1254/715/1285 1182/733/1093
f 1182/733/1093 1254/715/1285 1253/716/1286 1183/734/1095
f 1183/734/1095 1253/716/1286 1252/735/1277 1174/755/1078
f 1185/828/1287 1052/815/1130 1043/816/1117 1184/829/1288
f 1186/842/1289 1051/827/1129 1052/815/1130 1185/828/1287
f 1187/841/1290 1050/826/1127 1051/827/1129 1186/842/1289
f 1188/1514/1291 1049/1515/1125 1050/826/1127 1187/841/1290
f 1189/958/1292 1048/967/1123 1049/1515/1125 1188/1514/1291
f 1190/952/1293 1047/960/1121 1048/967/1123 1189/958/1292
f 1191/1761/1294 1046/1762/1119 1047/960/1121 1190/952/1293
f 1192/962/1295 1045/973/1118 1046/961/1119 1191/953/1294
f 1193/1519/1296 1044/1521/1116 1045/973/1118 1192/962/1295
f 1184/829/1288 1043/816/1117 1044/1521/1116 1193/1519/1296
f 1014/857/1056 1194/871/1297 1195/870/1298 1015/858/1057
f 1015/858/1057 1195/870/1298 1196/882/1299 1016/868/1060
f 1016/868/1060 1196/882/1299 1197/881/1300 1017/869/1062
f 1017/869/1062 1197/881/1300 1198/970/1301 1018/969/1064
f 1018/969/1064 1198/970/1301 1199/959/1302 1019/950/1066
f 1019/950/1066 1199/959/1302 1200/957/1303 1020/946/1068
f 1020/946/1068 1200/957/1303 1201/1768/1304 1021/1770/1070
f 1021/949/1070 1201/956/1304 1202/963/1305 1022/955/1072
f 1022/955/1072 1202/963/1305 1203/1520/1306 1023/1518/1074
f 1023/1518/1074 1203/1520/1306 1194/871/1297 1014/857/1056
f 1194/871/1297 1204/884/1307 1205/1606/1308 1195/870/1298
f 1195/870/1298 1205/1606/1308 1230/1603/1309 1229/893/1310 1196/882/1299
f 1196/882/1299 1229/893/1310 1231/892/1311 1197/881/1300
f 1197/881/1300 1231/892/1311 1232/1379/1312 1198/970/1301
f 1198/970/1301 1232/1379/1312 1233/968/1313 1199/959/1302
f 1199/959/1302 1233/968/1313 1234/966/1314 1200/957/1303
f 1200/957/1303 1234/966/1314 1235/1601/1315 1211/1769/1316 1201/1768/1304
f 1201/956/1304 1211/1602/1316 1212/974/1317 1202/963/1305
f 1202/963/1305 1212/974/1317 1213/1385/1318 1203/1520/1306
f 1203/1520/1306 1213/1385/1318 1204/884/1307 1194/871/1297
f 1207/902/1319 1236/911/1320 1237/1381/1321 1208/1380/1322
f 1208/1380/1322 1237/1381/1321 1238/982/1323 1209/977/1324
f 1207/902/1319 1206/1604/1325 1239/1600/1326 1236/911/1320
f 1209/977/1324 1238/982/1323 1240/1599/1327 1210/1605/1328
f 1273/1382/1329 1211/964/1316 1235/965/1315 1274/1383/1330
f 1213/1385/1318 1212/974/1317 1211/964/1316 1273/1382/1329
f 1220/843/1058 1185/828/1287 1184/829/1288 1219/844/1059
f 1221/856/1061 1186/842/1289 1185/828/1287 1220/843/1058
f 1222/855/1063 1187/841/1290 1186/842/1289 1221/856/1061
f 1223/1513/1065 1188/1514/1291 1187/841/1290 1222/855/1063
f 1224/951/1067 1189/958/1292 1188/1514/1291 1223/1513/1065
f 1225/947/1069 1190/952/1293 1189/958/1292 1224/951/1067
f 1226/1760/1071 1191/1761/1294 1190/952/1293 1225/947/1069
f 1227/954/1073 1192/962/1295 1191/953/1294 1226/948/1071
f 1228/1517/1075 1193/1519/1296 1192/962/1295 1227/954/1073
f 1219/844/1059 1184/829/1288 1193/1519/1296 1228/1517/1075
f 1230/1603/1309 1206/1604/1325 1229/893/1310
f 1229/893/1310 1206/1604/1325 1207/902/1319 1231/892/1311
f 1231/892/1311 1207/902/1319 1208/1380/1322 1232/1379/1312
f 1232/1379/1312 1208/1380/1322 1209/977/1324 1233/968/1313
f 1233/968/1313 1209/977/1324 1210/1605/1328 1234/966/1314
f 1234/966/1314 1210/1605/1328 1235/1601/1315
f 1235/965/1315 1210/975/1328 1275/1384/1331 1274/1383/1330
f 1236/911/1320 1214/923/1332 1215/1015/1333 1237/1381/1321
f 1237/1381/1321 1215/1015/1333 1216/990/1334 1238/982/1323
f 1239/1600/1326 1217/1598/1335 1214/923/1332 1236/911/1320
f 1238/982/1323 1216/990/1334 1218/1597/1336 1240/1599/1327
f 1275/1384/1331 1210/975/1328 1240/981/1327 1276/1386/1337
f 1241/696/1151 1242/713/1154 1331/712/1338 1330/686/1339
f 1242/713/1154 1243/1528/1268 1332/1529/1340 1331/712/1338
f 1116/925/1254 1092/1362/1341 1110/1361/1251 1164/914/1249
f 1166/936/1258 1117/1363/1342 1092/1362/1341 1116/925/1254
f 1245/874/1149 1081/860/1167 1126/846/1147 1248/861/1150
f 1246/875/1224 1161/876/1227 1107/873/1230 1249/887/1226
f 1086/820/1194 1105/839/1220 1250/849/1343 1247/835/1344
f 1345/834/1142 1244/847/1141 1148/832/1144 1346/819/1143
f 1126/846/1147 1148/832/1144 1244/847/1141 1248/861/1150
f 1086/820/1194 1247/835/1344 1251/833/1345 1124/805/1208
f 1342/864/1232 1161/876/1227 1246/875/1224 1343/863/1225
f 1107/873/1230 1081/860/1167 1245/874/1149 1249/887/1226
f 987/678/1023 1330/686/1339 983/677/1022
f 987/1564/1023 1001/687/1027 985/1558/1040 1024/1565/1346
f 1142/1355/1213 998/1356/1034 978/721/1012 1155/740/1193
f 987/678/1023 1024/1557/1346 1025/1556/1152 1241/696/1151
f 1253/716/1286 985/698/1040 989/736/1039 1252/735/1277
f 1254/715/1285 1024/697/1346 985/698/1040 1253/716/1286
f 1255/732/1284 1025/714/1152 1024/697/1346 1254/715/1285
f 1256/1012/1283 1026/731/1153 1025/714/1152 1255/732/1284
f 1257/1008/1282 1027/1013/1273 1026/731/1153 1256/1012/1283
f 1258/1009/1281 1028/1014/1274 1027/1013/1273 1257/1008/1282
f 1259/1005/1280 1029/1759/1269 1028/1014/1274 1258/1009/1281
f 1260/1006/1279 1005/1011/1270 1029/1010/1269 1259/1758/1280
f 1261/1526/1278 991/1559/1028 1005/1011/1270 1260/1006/1279
f 989/736/1039 991/1559/1028 1261/1526/1278 1252/735/1277
f 1334/1024/1158 1333/1027/1347 1262/1531/1348 1149/945/1155
f 1130/941/1159 1263/1364/1349 1117/1363/1342 1166/936/1258
f 1149/945/1155 1262/1531/1348 1263/1364/1349 1130/941/1159
f 1214/923/1332 1264/934/1350 1265/1019/1351 1215/1015/1333
f 1215/1015/1333 1266/1016/1352 1267/999/1353 1216/990/1334
f 1217/1598/1335 1268/935/1354 1264/934/1350 1214/923/1332
f 1216/990/1334 1267/999/1353 1269/1594/1355 1218/1597/1336
f 1215/1015/1333 1270/1596/1356 1271/1017/1357 1266/1016/1352
f 1265/1019/1351 1272/1593/1358 1270/1596/1356 1215/1015/1333
f 1269/998/1355 1271/1595/1357 1270/1018/1356 1218/989/1336
f 1217/924/1335 1270/1018/1356 1272/1020/1358 1268/1592/1354
f 1265/1019/1351 1264/934/1350 1268/935/1354 1272/1593/1358
f 1267/999/1353 1266/1016/1352 1271/1017/1357 1269/1594/1355
f 1205/883/1308 1204/884/1307 1213/1385/1318 1273/1382/1329
f 1205/883/1308 1273/1382/1329 1274/1383/1330 1230/894/1309
f 1275/1384/1331 1206/903/1325 1230/894/1309 1274/1383/1330
f 1239/912/1326 1206/903/1325 1275/1384/1331 1276/1386/1337
f 1217/924/1335 1239/912/1326 1276/1386/1337 1270/1018/1356
f 1240/981/1327 1218/989/1336 1270/1018/1356 1276/1386/1337
f 1277/767/1359 1159/768/1181 1153/785/1180 1140/783/1202
f 1416/728/1360 933/1545/1361 934/1546/1191 1417/749/1190
f 1427/708/1362 932/1547/1363 933/1545/1361 1416/728/1360
f 1426/692/1364 919/1542/1365 932/1547/1363 1427/708/1362
f 975/676/1017 1281/684/1016 1280/683/1021 976/675/1009
f 919/1542/1365 1426/692/1364 1425/693/1366 1300/1541/1367
f 1423/727/1368 917/1544/1369 918/1552/1370 1424/1551/1371
f 1422/748/1372 1296/1543/1373 917/1544/1369 1423/727/1368
f 1301/743/1374 1286/1344/962 1287/1480/965 1302/759/1375
f 1302/759/1375 1287/1480/965 1288/809/967 1303/777/1376
f 1303/777/1376 1288/809/967 1289/808/969 1304/794/1377
f 1304/794/1377 1289/808/969 1290/821/971 1305/807/1378
f 1306/836/1379 1297/837/975 1291/1490/974 1307/1491/1380
f 1307/1491/1380 1291/1490/974 1292/1334/977 1308/1340/1381
f 1309/1339/1382 1295/1332/981 1293/1333/980 1310/1627/1383
f 1294/1335/983 1311/760/1384 1310/778/1383 1293/1628/980
f 1312/744/1385 1299/1341/985 1286/1344/962 1301/743/1374
f 1284/729/1174 1283/710/1179 1138/709/1178 1152/730/1175
f 1292/1334/977 927/1329/976 928/1327/978 1295/1332/981
f 1308/1340/1381 1292/1334/977 1295/1332/981 1309/1339/1382
f 1290/821/971 924/838/970 925/850/972 1297/837/975
f 1305/807/1378 1290/821/971 1297/837/975 1306/836/1379
f 1294/1335/983 930/1330/982 931/1337/984 1299/1341/985
f 1311/760/1384 1294/1335/983 1299/1341/985 1312/744/1385
f 1421/764/1386 916/780/1387 1296/1543/1373 1422/748/1372
f 1277/767/1359 1285/751/1173 1136/750/1172 1159/768/1181
f 1420/782/1187 936/795/1186 916/780/1387 1421/764/1386
f 1418/765/1189 935/781/1188 1298/796/1185 1419/784/1184
f 1424/707/1371 918/1548/1370 1300/1541/1367 1425/693/1366
f 1428/723/1388 1301/743/1374 1302/759/1375 1429/742/1389
f 1429/742/1389 1302/759/1375 1303/777/1376 1430/758/1390
f 1430/758/1390 1303/777/1376 1304/794/1377 1431/776/1391
f 1431/776/1391 1304/794/1377 1305/807/1378 1432/793/1392
f 1432/793/1392 1305/807/1378 1306/836/1379 1433/1493/1393
f 1433/1493/1393 1306/836/1379 1307/1491/1380 1434/1492/1394
f 1434/1492/1394 1307/1491/1380 1308/1340/1381 1435/1342/1395
f 1435/1342/1395 1308/1340/1381 1309/1339/1382 1436/779/1396
f 1436/779/1396 1309/1339/1382 1310/1627/1383 1437/1623/1397
f 1311/760/1384 1438/745/1398 1437/761/1397 1310/778/1383
f 1438/745/1398 1311/760/1384 1312/744/1385 1439/724/1399
f 1439/724/1399 1312/744/1385 1301/743/1374 1428/723/1388
f 1057/972/1120 1056/971/1103 1326/979/1131
f 1072/772/1115 1325/788/1111 1071/771/1110
f 977/691/1020 980/682/1010 976/675/1009 1280/683/1021
f 986/680/1041 973/669/1005 999/673/1036 1314/681/1035
f 1012/718/1054 1007/719/1002 990/700/1001 1313/701/1400
f 1317/690/1401 1314/681/1035 1315/1499/1038 1318/1500/1402
f 1314/681/1035 1317/690/1401 1316/689/1403 986/680/1041
f 1320/702/1404 1009/720/1049 1012/718/1054 1313/701/1400
f 988/688/1025 984/679/1024 986/680/1041 1316/689/1403
f 990/700/1001 988/688/1025 1316/689/1403 1313/701/1400
f 1009/720/1049 1320/702/1404 1319/1501/1405 1008/1502/1050
f 1319/1501/1405 1320/702/1404 1317/690/1401 1318/1500/1402
f 1316/689/1403 1317/690/1401 1320/702/1404 1313/701/1400
f 938/1472/986 937/1475/987 961/1471/997 1321/1470/993
f 939/1300/988 938/1472/986 1321/1470/993 1322/1298/881
f 940/852/989 939/1300/988 1322/1298/881 1323/1294/879
f 941/851/877 940/852/989 1323/1294/879
f 941/851/877 1323/1294/879 959/1288/878
f 956/1309/995 955/1313/996 914/1317/949 1324/1625/947
f 957/1308/944 956/1629/995 1324/1312/947
f 946/1626/948 945/1316/946 1324/1312/947
f 1061/813/1128 1060/814/1126 1042/800/1112 1325/788/1111
f 1072/772/1115 1062/801/1114 1325/788/1111
f 1062/801/1114 1061/813/1128 1325/788/1111
f 1067/987/1136 1068/988/1137 1040/980/1132 1326/979/1131
f 1066/983/1102 1067/987/1136 1326/979/1131
f 1056/971/1103 1066/983/1102 1326/979/1131
f 1327/695/1406 1138/709/1178 974/685/1018
f 1138/709/1178 1327/695/1406 1328/711/1407 1152/730/1175
f 1152/730/1175 1328/711/1407 1329/1530/1408 1137/1075/1176
f 1327/695/1406 983/677/1022 1330/686/1339
f 1328/711/1407 1327/695/1406 1330/686/1339 1331/712/1338
f 1329/1530/1408 1328/711/1407 1331/712/1338 1332/1529/1340
f 1095/1026/1409 1333/1027/1347 1334/1024/1158 1128/1025/1410
f 1335/939/1157 1096/1607/1411 1128/1025/1410 1334/1024/1158
f 1118/1021/1412 1096/1607/1411 1335/939/1157 1336/929/1255
f 1093/1023/1413 1118/1021/1412 1336/929/1255 1337/919/1247
f 1111/899/1414 1093/1023/1413 1337/919/1247 1338/898/1237
f 353/879/374 1111/899/1414 1338/898/1237 1339/1613/1240
f 1123/866/1266 353/1617/374 1339/889/1240 1340/878/1262
f 1101/853/1222 1123/866/1266 1340/878/1262 1341/865/1231
f 1105/839/1220 1101/853/1222 1341/865/1231 1342/864/1232
f 1105/839/1220 1342/864/1232 1343/863/1225 1250/849/1343
f 1344/848/1139 1247/835/1344 1250/849/1343 1343/863/1225
f 1247/835/1344 1344/848/1139 1345/834/1142 1251/833/1345
f 1251/833/1345 1345/834/1142 1346/819/1143 1124/805/1208
f 1124/805/1208 1346/819/1143 1347/804/1146 1087/790/1209
f 1087/790/1209 1347/804/1146 1348/803/1169 1134/789/1214
f 1348/803/1169 1349/1349/1171 1088/1351/1215 1134/789/1214
f 1352/927/1415 1113/915/1248 1091/907/1243 1354/916/1242
f 1362/1030/1416 1361/1031/1417 1353/918/1246 1355/928/1245
f 1112/897/1239 1163/908/1238 1353/918/1246 1357/917/1241
f 1361/1031/1417 1360/944/1418 1359/1033/1419 1358/1032/1420
f 1114/920/1244 1094/926/1253 1356/938/1421 1355/928/1245
f 1094/926/1253 1113/915/1248 1352/927/1415 1356/938/1421
f 1357/917/1241 1358/1032/1420 1359/1033/1419 1354/916/1242
f 1360/944/1418 1352/927/1415 1354/916/1242 1359/1033/1419
f 1360/944/1418 1361/1031/1417 1362/1030/1416 1363/943/1422
f 1357/917/1241 1353/918/1246 1361/1031/1417 1358/1032/1420
f 1352/927/1415 1360/944/1418 1363/943/1422 1356/938/1421
f 1363/943/1422 1362/1030/1416 1355/928/1245 1356/938/1421
f 987/678/1023 1241/696/1151 1330/686/1339
f 1327/695/1406 974/685/1018 983/677/1022
f 354/890/373 1365/1036/1423 1364/1035/1424 353/1034/374
f 355/900/376 1366/1387/1425 1365/1036/1423 354/890/373
f 356/909/380 1367/931/1426 1366/1387/1425 355/900/376
f 357/921/382 1368/932/1427 1367/931/1426 356/909/380
f 358/922/381 1369/933/1428 1368/932/1427 357/921/382
f 359/1532/383 1370/1404/1429 1369/933/1428 358/922/381
f 1365/1036/1423 1372/1388/1430 1371/1390/1431 1364/1035/1424
f 1366/1387/1425 1373/1389/1432 1372/1388/1430 1365/1036/1423
f 1367/931/1426 1374/1393/1433 1373/1389/1432 1366/1387/1425
f 1377/1402/1434 1375/1401/1435 1376/1397/1436 1368/932/1427
f 1370/1404/1429 1377/1402/1434 1368/932/1427 1369/933/1428
f 1374/1393/1433 1376/1397/1436 1379/1392/1437 1373/1389/1432
f 1376/1397/1436 1375/1401/1435 1378/1395/1438 1379/1392/1437
f 1368/932/1427 1376/1397/1436 1374/1393/1433 1367/931/1426
f 1373/1389/1432 1379/1392/1437 1380/1391/1439 1372/1388/1430
f 1372/1388/1430 1380/1391/1439 1381/1394/1440 1371/1390/1431
f 1378/1395/1438 1382/1396/1441 1380/1391/1439 1379/1392/1437
f 1382/1396/1441 1383/1400/1442 1381/1394/1440 1380/1391/1439
f 353/1037/374 1364/1035/1424 1384/1039/1443 1111/1038/1414
f 1111/1405/1414 1384/1039/1443 1385/1042/1444 1093/1406/1413
f 1093/1406/1413 1385/1042/1444 1386/1048/1445 1118/1407/1412
f 1118/1407/1412 1386/1048/1445 1387/1029/1446 1096/1022/1411
f 1096/1022/1411 1387/1029/1446 1388/1028/1447 1128/1408/1410
f 1128/1408/1410 1388/1028/1447 1389/1410/1448 1095/1409/1409
f 1364/1035/1424 1390/1041/1449 1391/1040/1450 1384/1039/1443
f 1384/1039/1443 1391/1040/1450 1392/1043/1451 1385/1042/1444
f 1385/1042/1444 1392/1043/1451 1393/1049/1452 1386/1048/1445
f 1386/1048/1445 1393/1049/1452 1394/1054/1453 1387/1029/1446
f 1387/1029/1446 1394/1054/1453 1395/1058/1454 1388/1028/1447
f 1388/1028/1447 1395/1058/1454 1396/1533/1455 1389/1410/1448
f 1390/1041/1449 1397/1045/1456 1398/1044/1457 1391/1040/1450
f 1391/1040/1450 1398/1044/1457 1399/1050/1458 1392/1043/1451
f 1392/1043/1451 1399/1050/1458 1400/1055/1459 1393/1049/1452
f 1393/1049/1452 1400/1055/1459 1401/1057/1460 1394/1054/1453
f 1394/1054/1453 1401/1057/1460 1402/1059/1461 1395/1058/1454
f 1395/1058/1454 1402/1059/1461 1403/1413/1462 1396/1533/1455
f 1397/1045/1456 1404/1052/1463 1405/1051/1464 1398/1044/1457
f 1398/1044/1457 1405/1051/1464 1406/1056/1465 1399/1050/1458
f 1399/1050/1458 1406/1056/1465 1407/1411/1466 1400/1055/1459
f 1400/1055/1459 1407/1411/1466 1408/1412/1467 1401/1057/1460
f 1408/1412/1467 1403/1413/1462 1402/1059/1461 1401/1057/1460
f 1410/810/1196 1156/797/1201 1144/1070/1200 1409/1069/1198
f 1411/806/1195 1145/1540/1203 1156/797/1201 1410/810/1196
f 1145/1540/1203 1411/806/1195 1412/791/1207 1157/775/1205
f 1157/775/1205 1412/791/1207 1413/774/1210 1146/757/1206
f 1146/757/1206 1413/774/1210 1414/773/1217 1158/1353/1211
f 1415/1352/1216 1147/1550/1212 1158/1353/1211 1414/773/1217
f 1141/741/1192 1278/722/1015 1416/728/1360 1417/749/1190
f 1418/1566/1189 1154/1567/1204 1141/741/1192 1417/749/1190
f 1140/783/1202 1154/766/1204 1418/765/1189 1419/784/1184
f 1140/783/1202 1419/784/1184 1420/782/1187 1277/767/1359
f 1277/767/1359 1420/782/1187 1421/764/1386 1285/751/1173
f 1284/729/1174 1285/751/1173 1421/764/1386 1422/748/1372
f 1284/729/1174 1422/748/1372 1423/727/1368 1283/710/1179
f 1283/710/1179 1423/727/1368 1424/1551/1371 1282/694/1019
f 1281/684/1016 1282/1553/1019 1424/707/1371 1425/693/1366
f 1426/692/1364 1280/683/1021 1281/684/1016 1425/693/1366
f 1280/683/1021 1426/692/1364 1427/708/1362 1279/704/1014
f 1279/704/1014 1427/708/1362 1416/728/1360 1278/722/1015
f 932/726/1363 919/705/1365 1428/723/1388 1429/742/1389
f 933/747/1361 932/726/1363 1429/742/1389 1430/758/1390
f 934/763/1191 933/747/1361 1430/758/1390 1431/776/1391
f 935/1496/1188 934/763/1191 1431/776/1391 1432/793/1392
f 1298/1495/1185 935/1496/1188 1432/793/1392 1433/1493/1393
f 936/1494/1186 1298/1495/1185 1433/1493/1393 1434/1492/1394
f 916/1343/1387 936/1494/1186 1434/1492/1394 1435/1342/1395
f 1296/762/1373 916/1343/1387 1435/1342/1395 1436/779/1396
f 917/1624/1369 1296/762/1373 1436/779/1396 1437/1623/1397
f 1438/745/1398 918/725/1370 917/746/1369 1437/761/1397
f 1300/706/1367 918/725/1370 1438/745/1398 1439/724/1399
f 919/705/1365 1300/706/1367 1439/724/1399 1428/723/1388
f 1441/1509/1468 1440/1510/1469 992/1512/1045 1351/1511/1044
f 1011/1504/1051 1446/1506/1470 1445/1505/1052 1010/1503/1048
f 1442/1370/1042 993/1622/1271 1005/1368/1270 1444/1371/1043
f 1350/1375/1029 1006/737/1003 1004/1378/1047 1443/1377/1053
f 1350/1375/1029 1443/1377/1053 1351/1374/1044 1444/1371/1043
f 1005/1368/1270 991/1376/1028 1350/1375/1029 1444/1371/1043
f 1445/1505/1052 1441/1509/1468 1351/1511/1044 1443/1508/1053
f 1446/1506/1470 1440/1510/1469 1441/1509/1468 1445/1505/1052
f 1371/1390/1431 1448/1398/1471 1447/1047/1472 1364/1035/1424
f 1448/1398/1471 1450/1535/1473 1449/1534/1474 1447/1047/1472
f 1364/1035/1424 1447/1047/1472 1451/1046/1475 1390/1041/1449
f 1381/1394/1440 1452/1399/1476 1448/1398/1471 1371/1390/1431
f 1381/1394/1440 1383/1400/1442 1453/1403/1477 1452/1399/1476
f 1390/1041/1449 1451/1046/1475 1454/1053/1478 1397/1045/1456
f 1454/1053/1478 1455/1414/1479 1404/1052/1463 1397/1045/1456
f 1449/1534/1474 1456/1537/1480 1457/1536/1481 1447/1047/1472
f 1453/1403/1477 1450/1535/1473 1448/1398/1471 1452/1399/1476
f 1456/1537/1480 1455/1414/1479 1454/1053/1478 1457/1536/1481
f 1457/1536/1481 1454/1053/1478 1451/1046/1475 1447/1047/1472
s 89
f 1458/1771/1482 1468/1774/1483 1469/1773/1484 1459/1772/1485
f 1459/1772/1485 1469/1773/1484 1470/1776/1486 1460/1775/1487
f 1460/1775/1487 1470/1776/1486 1471/1778/1488 1461/1777/1489
f 1461/1777/1489 1471/1778/1488 1472/1780/1490 1462/1779/1491
f 1462/1779/1491 1472/1780/1490 1473/1782/1492 1463/1781/1493
f 1463/1781/1493 1473/1782/1492 1474/1784/1494 1464/1783/1495
f 1464/1783/1495 1474/1784/1494 1475/1786/1496 1465/1785/1497
f 1465/1785/1497 1475/1786/1496 1476/1788/1498 1466/1787/1499
f 1466/1787/1499 1476/1788/1498 1477/1790/1500 1467/1789/1501
f 1467/1789/1501 1477/1790/1500 1468/1792/1483 1458/1791/1482
f 1468/1774/1483 1478/1794/1502 1479/1793/1503 1469/1773/1484
f 1469/1773/1484 1479/1793/1503 1480/1795/1504 1470/1776/1486
f 1470/1776/1486 1480/1795/1504 1481/1796/1505 1471/1778/1488
f 1471/1778/1488 1481/1796/1505 1482/1797/1506 1472/1780/1490
f 1472/1780/1490 1482/1797/1506 1483/1798/1507 1473/1782/1492
f 1473/1782/1492 1483/1798/1507 1484/1799/1508 1474/1784/1494
f 1474/1784/1494 1484/1799/1508 1485/1800/1509 1475/1786/1496
f 1475/1786/1496 1485/1800/1509 1486/1801/1510 1476/1788/1498
f 1476/1788/1498 1486/1801/1510 1487/1802/1511 1477/1790/1500
f 1477/1790/1500 1487/1802/1511 1478/1803/1502 1468/1792/1483
f 1478/1794/1502 1488/1805/1512 1489/1804/1513 1479/1793/1503
f 1479/1793/1503 1489/1804/1513 1490/1806/1514 1480/1795/1504
f 1480/1795/1504 1490/1806/1514 1491/1807/1515 1481/1796/1505
f 1481/1796/1505 1491/1807/1515 1492/1808/1516 1482/1797/1506
f 1482/1797/1506 1492/1808/1516 1493/1809/1517 1483/1798/1507
f 1483/1798/1507 1493/1809/1517 1494/1810/1518 1484/1799/1508
f 1484/1799/1508 1494/1810/1518 1495/1811/1519 1485/1800/1509
f 1485/1800/1509 1495/1811/1519 1496/1812/1520 1486/1801/1510
f 1486/1801/1510 1496/1812/1520 1497/1813/1521 1487/1802/1511
f 1487/1802/1511 1497/1813/1521 1488/1814/1512 1478/1803/1502
f 1488/1805/1512 1498/1816/1522 1499/1815/1523 1489/1804/1513
f 1489/1804/1513 1499/1815/1523 1500/1817/1524 1490/1806/1514
f 1490/1806/1514 1500/1817/1524 1501/1818/1525 1491/1807/1515
f 1491/1807/1515 1501/1818/1525 1502/1819/1526 1492/1808/1516
f 1492/1808/1516 1502/1819/1526 1503/1820/1527 1493/1809/1517
f 1493/1809/1517 1503/1820/1527 1504/1821/1528 1494/1810/1518
f 1494/1810/1518 1504/1821/1528 1505/1822/1529 1495/1811/1519
f 1495/1811/1519 1505/1822/1529 1506/1823/1530 1496/1812/1520
f 1496/1812/1520 1506/1823/1530 1507/1824/1531 1497/1813/1521
f 1497/1813/1521 1507/1824/1531 1498/1825/1522 1488/1814/1512
f 1498/1816/1522 1508/1827/1532 1509/1826/1533 1499/1815/1523
f 1499/1815/1523 1509/1826/1533 1510/1828/1534 1500/1817/1524
f 1500/1817/1524 1510/1828/1534 1511/1829/1535 1501/1818/1525
f 1501/1818/1525 1511/1829/1535 1512/1830/1536 1502/1819/1526
f 1502/1819/1526 1512/1830/1536 1513/1831/1537 1503/1820/1527
f 1503/1820/1527 1513/1831/1537 1514/1832/1538 1504/1821/1528
f 1504/1821/1528 1514/1832/1538 1515/1833/1539 1505/1822/1529
f 1505/1822/1529 1515/1833/1539 1516/1834/1540 1506/1823/1530
f 1506/1823/1530 1516/1834/1540 1517/1835/1541 1507/1824/1531
f 1507/1824/1531 1517/1835/1541 1508/1836/1532 1498/1825/1522
f 1508/1827/1532 1518/1838/1542 1519/1837/1543 1509/1826/1533
f 1509/1826/1533 1519/1837/1543 1520/1839/1544 1510/1828/1534
f 1510/1828/1534 1520/1839/1544 1521/1840/1545 1511/1829/1535
f 1511/1829/1535 1521/1840/1545 1522/1841/1546 1512/1830/1536
f 1512/1830/1536 1522/1841/1546 1523/1842/1547 1513/1831/1537
f 1513/1831/1537 1523/1842/1547 1524/1843/1548 1514/1832/1538
f 1514/1832/1538 1524/1843/1548 1525/1844/1549 1515/1833/1539
f 1515/1833/1539 1525/1844/1549 1526/1845/1550 1516/1834/1540
f 1516/1834/1540 1526/1845/1550 1527/1846/1551 1517/1835/1541
f 1517/1835/1541 1527/1846/1551 1518/1847/1542 1508/1836/1532
f 1518/1838/1542 1528/1849/1552 1529/1848/1553 1519/1837/1543
f 1519/1837/1543 1529/1848/1553 1530/1850/1554 1520/1839/1544
f 1520/1839/1544 1530/1850/1554 1531/1851/1555 1521/1840/1545
f 1521/1840/1545 1531/1851/1555 1532/1852/1556 1522/1841/1546
f 1522/1841/1546 1532/1852/1556 1533/1853/1557 1523/1842/1547
f 1523/1842/1547 1533/1853/1557 1534/1854/1558 1524/1843/1548
f 1524/1843/1548 1534/1854/1558 1535/1855/1559 1525/1844/1549
f 1525/1844/1549 1535/1855/1559 1536/1856/1560 1526/1845/1550
f 1526/1845/1550 1536/1856/1560 1537/1857/1561 1527/1846/1551
f 1527/1846/1551 1537/1857/1561 1528/1858/1552 1518/1847/1542
f 1528/1849/1552 1538/1860/1562 1539/1859/1563 1529/1848/1553
f 1529/1848/1553 1539/1859/1563 1540/1861/1564 1530/1850/1554
f 1530/1850/1554 1540/1861/1564 1541/1862/1565 1531/1851/1555
f 1531/1851/1555 1541/1862/1565 1542/1863/1566 1532/1852/1556
f 1532/1852/1556 1542/1863/1566 1543/1864/1567 1533/1853/1557
f 1533/1853/1557 1543/1864/1567 1544/1865/1568 1534/1854/1558
f 1534/1854/1558 1544/1865/1568 1545/1866/1569 1535/1855/1559
f 1535/1855/1559 1545/1866/1569 1546/1867/1570 1536/1856/1560
f 1536/1856/1560 1546/1867/1570 1547/1868/1571 1537/1857/1561
f 1537/1857/1561 1547/1868/1571 1538/1869/1562 1528/1858/1552
f 1459/1772/1485 1548/1870/1572 1458/1771/1482
f 1460/1775/1487 1548/1871/1572 1459/1772/1485
f 1461/1777/1489 1548/1872/1572 1460/1775/1487
f 1462/1779/1491 1548/1873/1572 1461/1777/1489
f 1463/1781/1493 1548/1874/1572 1462/1779/1491
f 1464/1783/1495 1548/1875/1572 1463/1781/1493
f 1465/1785/1497 1548/1876/1572 1464/1783/1495
f 1466/1787/1499 1548/1877/1572 1465/1785/1497
f 1467/1789/1501 1548/1878/1572 1466/1787/1499
f 1458/1791/1482 1548/1879/1572 1467/1789/1501
f 1538/1860/1562 1549/1880/1573 1539/1859/1563
f 1539/1859/1563 1549/1881/1573 1540/1861/1564
f 1540/1861/1564 1549/1882/1573 1541/1862/1565
f 1541/1862/1565 1549/1883/1573 1542/1863/1566
f 1542/1863/1566 1549/1884/1573 1543/1864/1567
f 1543/1864/1567 1549/1885/1573 1544/1865/1568
f 1544/1865/1568 1549/1886/1573 1545/1866/1569
f 1545/1866/1569 1549/1887/1573 1546/1867/1570
f 1546/1867/1570 1549/1888/1573 1547/1868/1571
f 1547/1868/1571 1549/1889/1573 1538/1869/1562
s 1
f 351/1890/369 1553/1891/1574 1551/1892/1575 346/1893/370
f 1553/1891/1574 1554/1894/1576 1555/1895/1577 1551/1892/1575
f 1551/1892/1575 1555/1895/1577 1556/1896/1578 1550/1897/1579
f 346/1893/370 1551/1892/1575 1550/1897/1579 345/1898/377
f 345/1898/377 1550/1897/1579 1552/1899/1580 348/1900/378
f 1550/1897/1579 1556/1896/1578 1557/1901/1581 1552/1899/1580
f 1552/1899/1580 1557/1901/1581 1558/1902/1582 1559/1903/1583
f 348/1900/378 1552/1899/1580 1559/1903/1583 359/1904/383
f 1561/1905/1584 1572/1906/1585 1598/1907/1586 1575/1908/1587
f 1572/1909/1585 1560/1910/1588 1573/1911/1589 1598/1912/1586
f 1598/1912/1586 1573/1911/1589 1562/1913/1590 1574/1914/1591
f 1575/1908/1587 1598/1907/1586 1574/1915/1591 1563/1916/1592
f 1646/1917/1593 1576/1918/1594 1599/1919/1595 1579/1920/1596
f 1576/1921/1594 1643/1922/1597 1577/1923/1598 1599/1924/1595
f 1599/1924/1595 1577/1923/1598 1611/1925/1599 1615/1926/1600
f 1579/1920/1596 1599/1919/1595 1615/1927/1600 1612/1928/1601
f 1600/1929/1602 1580/1930/1603 1613/1931/1604 1616/1932/1605
f 1577/1923/1598 1600/1929/1602 1616/1932/1605 1611/1925/1599
f 2006/1933/1606 2007/1934/1607 1601/1935/1608 1580/1930/1603
f 2007/1936/1607 2008/1937/1609 1583/1938/1610 1601/1939/1608
f 1601/1939/1608 1583/1938/1610 1614/1940/1611 1617/1941/1612
f 1580/1930/1603 1601/1935/1608 1617/1942/1612 1613/1931/1604
f 1602/1943/1613 1579/1920/1596 1612/1928/1601 1618/1944/1614
f 1583/1938/1610 1602/1943/1613 1618/1944/1614 1614/1940/1611
f 1565/1945/1615 1586/1946/1616 1631/1947/1617 1628/1948/1618
f 1586/1949/1616 1564/1950/1619 1627/1951/1620 1631/1952/1617
f 1603/1953/1621 1587/1954/1622 1560/1910/1588 1572/1909/1585
f 1588/1955/1623 1603/1956/1621 1572/1906/1585 1561/1905/1584
f 1566/1957/1624 1589/1958/1625 1632/1959/1626 1629/1960/1627
f 1589/1958/1625 1565/1945/1615 1628/1948/1618 1632/1959/1626
f 1604/1961/1628 1588/1955/1623 1561/1905/1584 1575/1908/1587
f 1590/1962/1629 1604/1961/1628 1575/1908/1587 1563/1916/1592
f 1567/1963/1630 1591/1964/1631 1633/1965/1632 1630/1966/1633
f 1591/1967/1631 1566/1957/1624 1629/1960/1627 1633/1968/1632
f 1605/1969/1634 1590/1962/1629 1563/1916/1592 1574/1915/1591
f 1592/1970/1635 1605/1971/1634 1574/1914/1591 1562/1913/1590
f 1564/1950/1619 1593/1972/1636 1634/1973/1637 1627/1951/1620
f 1593/1972/1636 1567/1963/1630 1630/1966/1633 1634/1973/1637
f 1606/1974/1638 1592/1970/1635 1562/1913/1590 1573/1911/1589
f 1587/1954/1622 1606/1974/1638 1573/1911/1589 1560/1910/1588
f 1569/1975/1639 1578/1976/1640 1623/1977/1641 1620/1978/1642
f 1578/1979/1640 1568/1980/1643 1619/1981/1644 1623/1982/1641
f 1607/1983/1645 1594/1984/1646 1635/1985/1647 1639/1986/1648
f 1595/1987/1649 1607/1988/1645 1639/1989/1648 1636/1990/1650
f 1570/1991/1651 1585/1992/1652 1624/1993/1653 1621/1994/1654
f 1585/1992/1652 1569/1975/1639 1620/1978/1642 1624/1993/1653
f 1608/1995/1655 1595/1987/1649 1636/1990/1650 1640/1996/1656
f 1596/1997/1657 1608/1995/1655 1640/1996/1656 1637/1998/1658
f 1571/1999/1659 1584/2000/1660 1625/2001/1661 1622/2002/1662
f 1584/2003/1660 1570/1991/1651 1621/1994/1654 1625/2004/1661
f 1609/2005/1663 1596/1997/1657 1637/1998/1658 1641/2006/1664
f 1597/2007/1665 1609/2008/1663 1641/2009/1664 1638/2010/1666
f 1568/1980/1643 1581/2011/1667 1626/2012/1668 1619/1981/1644
f 1581/2011/1667 1571/1999/1659 1622/2002/1662 1626/2012/1668
f 1610/2013/1669 1597/2007/1665 1638/2010/1666 1642/2014/1670
f 1594/1984/1646 1610/2013/1669 1642/2014/1670 1635/1985/1647
f 1615/1926/1600 1611/1925/1599 1568/1980/1643 1578/1979/1640
f 1612/1928/1601 1615/1927/1600 1578/1976/1640 1569/1975/1639
f 1616/1932/1605 1613/1931/1604 1571/1999/1659 1581/2011/1667
f 1611/1925/1599 1616/1932/1605 1581/2011/1667 1568/1980/1643
f 1617/1941/1612 1614/1940/1611 1570/1991/1651 1584/2003/1660
f 1613/1931/1604 1617/1942/1612 1584/2000/1660 1571/1999/1659
f 1618/1944/1614 1612/1928/1601 1569/1975/1639 1585/1992/1652
f 1614/1940/1611 1618/1944/1614 1585/1992/1652 1570/1991/1651
f 1620/1978/1642 1623/1977/1641 1607/1988/1645 1595/1987/1649
f 1623/1982/1641 1619/1981/1644 1594/1984/1646 1607/1983/1645
f 1621/1994/1654 1624/1993/1653 1608/1995/1655 1596/1997/1657
f 1624/1993/1653 1620/1978/1642 1595/1987/1649 1608/1995/1655
f 1622/2002/1662 1625/2001/1661 1609/2008/1663 1597/2007/1665
f 1625/2004/1661 1621/1994/1654 1596/1997/1657 1609/2005/1663
f 1619/1981/1644 1626/2012/1668 1610/2013/1669 1594/1984/1646
f 1626/2012/1668 1622/2002/1662 1597/2007/1665 1610/2013/1669
f 1628/1948/1618 1631/1947/1617 1603/1956/1621 1588/1955/1623
f 1631/1952/1617 1627/1951/1620 1587/1954/1622 1603/1953/1621
f 1629/1960/1627 1632/1959/1626 1604/1961/1628 1590/1962/1629
f 1632/1959/1626 1628/1948/1618 1588/1955/1623 1604/1961/1628
f 1630/1966/1633 1633/1965/1632 1605/1971/1634 1592/1970/1635
f 1633/1968/1632 1629/1960/1627 1590/1962/1629 1605/1969/1634
f 1627/1951/1620 1634/1973/1637 1606/1974/1638 1587/1954/1622
f 1634/1973/1637 1630/1966/1633 1592/1970/1635 1606/1974/1638
f 1639/1986/1648 1635/1985/1647 1564/1950/1619 1586/1949/1616
f 1636/1990/1650 1639/1989/1648 1586/1946/1616 1565/1945/1615
f 1640/1996/1656 1636/1990/1650 1565/1945/1615 1589/1958/1625
f 1637/1998/1658 1640/1996/1656 1589/1958/1625 1566/1957/1624
f 1641/2006/1664 1637/1998/1658 1566/1957/1624 1591/1967/1631
f 1638/2010/1666 1641/2009/1664 1591/1964/1631 1567/1963/1630
f 1642/2014/1670 1638/2010/1666 1567/1963/1630 1593/1972/1636
f 1635/1985/1647 1642/2014/1670 1593/1972/1636 1564/1950/1619
f 1648/2015/1671 1659/2016/1672 1685/2017/1673 1662/2018/1674
f 1659/2019/1672 1647/2020/1675 1660/2021/1676 1685/2022/1673
f 1685/2022/1673 1660/2021/1676 1649/2023/1677 1661/2024/1678
f 1662/2018/1674 1685/2017/1673 1661/2025/1678 1650/2026/1679
f 1733/2027/1680 1663/2028/1681 2013/2029/1682 2014/2030/1683
f 1663/2031/1681 1730/2032/1684 2012/2033/1685 2013/2034/1682
f 1686/2035/1686 1664/2036/1687 1698/2037/1688 1702/2038/1689
f 1666/2039/1690 1686/2040/1686 1702/2041/1689 1699/2042/1691
f 1687/2043/1692 1667/2044/1693 1700/2045/1694 1703/2046/1695
f 1664/2036/1687 1687/2043/1692 1703/2046/1695 1698/2037/1688
f 2021/2047/1696 2022/2048/1697 1688/2049/1698 1667/2044/1693
f 2022/2050/1697 2023/2051/1699 1670/2052/1700 1688/2053/1698
f 1688/2053/1698 1670/2052/1700 1701/2054/1701 1704/2055/1702
f 1667/2044/1693 1688/2049/1698 1704/2056/1702 1700/2045/1694
f 1689/2057/1703 1666/2039/1690 1699/2042/1691 1705/2058/1704
f 1670/2052/1700 1689/2057/1703 1705/2058/1704 1701/2054/1701
f 1652/2059/1705 1673/2060/1706 1718/2061/1707 1715/2062/1708
f 1673/2063/1706 1651/2064/1709 1714/2065/1710 1718/2066/1707
f 1690/2067/1711 1674/2068/1712 1647/2020/1675 1659/2019/1672
f 1675/2069/1713 1690/2070/1711 1659/2016/1672 1648/2015/1671
f 1653/2071/1714 1676/2072/1715 1719/2073/1716 1716/2074/1717
f 1676/2072/1715 1652/2059/1705 1715/2062/1708 1719/2073/1716
f 1691/2075/1718 1675/2069/1713 1648/2015/1671 1662/2018/1674
f 1677/2076/1719 1691/2075/1718 1662/2018/1674 1650/2026/1679
f 1654/2077/1720 1678/2078/1721 1720/2079/1722 1717/2080/1723
f 1678/2081/1721 1653/2071/1714 1716/2074/1717 1720/2082/1722
f 1692/2083/1724 1677/2076/1719 1650/2026/1679 1661/2025/1678
f 1679/2084/1725 1692/2085/1724 1661/2024/1678 1649/2023/1677
f 1651/2064/1709 1680/2086/1726 1721/2087/1727 1714/2065/1710
f 1680/2086/1726 1654/2077/1720 1717/2080/1723 1721/2087/1727
f 1693/2088/1728 1679/2084/1725 1649/2023/1677 1660/2021/1676
f 1674/2068/1712 1693/2088/1728 1660/2021/1676 1647/2020/1675
f 1656/2089/1729 1665/2090/1730 1710/2091/1731 1707/2092/1732
f 1665/2093/1730 1655/2094/1733 1706/2095/1734 1710/2096/1731
f 1694/2097/1735 1681/2098/1736 1722/2099/1737 1726/2100/1738
f 1682/2101/1739 1694/2102/1735 1726/2103/1738 1723/2104/1740
f 1657/2105/1741 1672/2106/1742 1711/2107/1743 1708/2108/1744
f 1672/2106/1742 1656/2089/1729 1707/2092/1732 1711/2107/1743
f 1695/2109/1745 1682/2101/1739 1723/2104/1740 1727/2110/1746
f 1683/2111/1747 1695/2109/1745 1727/2110/1746 1724/2112/1748
f 1658/2113/1749 1671/2114/1750 1712/2115/1751 1709/2116/1752
f 1671/2117/1750 1657/2105/1741 1708/2108/1744 1712/2118/1751
f 1696/2119/1753 1683/2111/1747 1724/2112/1748 1728/2120/1754
f 1684/2121/1755 1696/2122/1753 1728/2123/1754 1725/2124/1756
f 1655/2094/1733 1668/2125/1757 1713/2126/1758 1706/2095/1734
f 1668/2125/1757 1658/2113/1749 1709/2116/1752 1713/2126/1758
f 1697/2127/1759 1684/2121/1755 1725/2124/1756 1729/2128/1760
f 1681/2098/1736 1697/2127/1759 1729/2128/1760 1722/2099/1737
f 1702/2038/1689 1698/2037/1688 1655/2094/1733 1665/2093/1730
f 1699/2042/1691 1702/2041/1689 1665/2090/1730 1656/2089/1729
f 1703/2046/1695 1700/2045/1694 1658/2113/1749 1668/2125/1757
f 1698/2037/1688 1703/2046/1695 1668/2125/1757 1655/2094/1733
f 1704/2055/1702 1701/2054/1701 1657/2105/1741 1671/2117/1750
f 1700/2045/1694 1704/2056/1702 1671/2114/1750 1658/2113/1749
f 1705/2058/1704 1699/2042/1691 1656/2089/1729 1672/2106/1742
f 1701/2054/1701 1705/2058/1704 1672/2106/1742 1657/2105/1741
f 1707/2092/1732 1710/2091/1731 1694/2102/1735 1682/2101/1739
f 1710/2096/1731 1706/2095/1734 1681/2098/1736 1694/2097/1735
f 1708/2108/1744 1711/2107/1743 1695/2109/1745 1683/2111/1747
f 1711/2107/1743 1707/2092/1732 1682/2101/1739 1695/2109/1745
f 1709/2116/1752 1712/2115/1751 1696/2122/1753 1684/2121/1755
f 1712/2118/1751 1708/2108/1744 1683/2111/1747 1696/2119/1753
f 1706/2095/1734 1713/2126/1758 1697/2127/1759 1681/2098/1736
f 1713/2126/1758 1709/2116/1752 1684/2121/1755 1697/2127/1759
f 1715/2062/1708 1718/2061/1707 1690/2070/1711 1675/2069/1713
f 1718/2066/1707 1714/2065/1710 1674/2068/1712 1690/2067/1711
f 1716/2074/1717 1719/2073/1716 1691/2075/1718 1677/2076/1719
f 1719/2073/1716 1715/2062/1708 1675/2069/1713 1691/2075/1718
f 1717/2080/1723 1720/2079/1722 1692/2085/1724 1679/2084/1725
f 1720/2082/1722 1716/2074/1717 1677/2076/1719 1692/2083/1724
f 1714/2065/1710 1721/2087/1727 1693/2088/1728 1674/2068/1712
f 1721/2087/1727 1717/2080/1723 1679/2084/1725 1693/2088/1728
f 1726/2100/1738 1722/2099/1737 1651/2064/1709 1673/2063/1706
f 1723/2104/1740 1726/2103/1738 1673/2060/1706 1652/2059/1705
f 1727/2110/1746 1723/2104/1740 1652/2059/1705 1676/2072/1715
f 1724/2112/1748 1727/2110/1746 1676/2072/1715 1653/2071/1714
f 1728/2120/1754 1724/2112/1748 1653/2071/1714 1678/2081/1721
f 1725/2124/1756 1728/2123/1754 1678/2078/1721 1654/2077/1720
f 1729/2128/1760 1725/2124/1756 1654/2077/1720 1680/2086/1726
f 1722/2099/1737 1729/2128/1760 1680/2086/1726 1651/2064/1709
f 1735/2129/1761 1746/2130/1762 1770/2131/1763 1749/2132/1764
f 1746/2133/1762 1734/2134/1765 1747/2135/1766 1770/2136/1763
f 1770/2136/1763 1747/2135/1766 1736/2137/1767 1748/2138/1768
f 1749/2132/1764 1770/2131/1763 1748/2139/1768 1737/2140/1769
f 1645/2141/1770 1582/2142/1771 2010/2143/1772 2011/2144/1773
f 1582/2145/1771 1644/2146/1774 2009/2147/1775 2010/2148/1772
f 1771/2149/1776 1750/2150/1777 1783/2151/1778 1787/2152/1779
f 1752/2153/1780 1771/2154/1776 1787/2155/1779 1784/2156/1781
f 1772/2157/1782 1753/2158/1783 1785/2159/1784 1788/2160/1785
f 1750/2150/1777 1772/2157/1782 1788/2160/1785 1783/2151/1778
f 2015/2161/1786 2016/2162/1787 1773/2163/1788 1753/2158/1783
f 2016/2164/1787 2017/2165/1789 1755/2166/1790 1773/2167/1788
f 1773/2167/1788 1755/2166/1790 1786/2168/1791 1789/2169/1792
f 1753/2158/1783 1773/2163/1788 1789/2170/1792 1785/2159/1784
f 1774/2171/1793 1752/2153/1780 1784/2156/1781 1790/2172/1794
f 1755/2166/1790 1774/2171/1793 1790/2172/1794 1786/2168/1791
f 1739/2173/1795 1758/2174/1796 1803/2175/1797 1800/2176/1798
f 1758/2177/1796 1738/2178/1799 1799/2179/1800 1803/2180/1797
f 1775/2181/1801 1759/2182/1802 1734/2134/1765 1746/2133/1762
f 1760/2183/1803 1775/2184/1801 1746/2130/1762 1735/2129/1761
f 1740/2185/1804 1761/2186/1805 1804/2187/1806 1801/2188/1807
f 1761/2186/1805 1739/2173/1795 1800/2176/1798 1804/2187/1806
f 1776/2189/1808 1760/2183/1803 1735/2129/1761 1749/2132/1764
f 1762/2190/1809 1776/2189/1808 1749/2132/1764 1737/2140/1769
f 1741/2191/1810 1763/2192/1811 1805/2193/1812 1802/2194/1813
f 1763/2195/1811 1740/2185/1804 1801/2188/1807 1805/2196/1812
f 1777/2197/1814 1762/2190/1809 1737/2140/1769 1748/2139/1768
f 1764/2198/1815 1777/2199/1814 1748/2138/1768 1736/2137/1767
f 1738/2178/1799 1765/2200/1816 1806/2201/1817 1799/2179/1800
f 1765/2200/1816 1741/2191/1810 1802/2194/1813 1806/2201/1817
f 1778/2202/1818 1764/2198/1815 1736/2137/1767 1747/2135/1766
f 1759/2182/1802 1778/2202/1818 1747/2135/1766 1734/2134/1765
f 1743/2203/1819 1751/2204/1820 1795/2205/1821 1792/2206/1822
f 1751/2207/1820 1742/2208/1823 1791/2209/1824 1795/2210/1821
f 1779/2211/1825 1766/2212/1826 1807/2213/1827 1811/2214/1828
f 1767/2215/1829 1779/2216/1825 1811/2217/1828 1808/2218/1830
f 1744/2219/1831 1757/2220/1832 1796/2221/1833 1793/2222/1834
f 1757/2220/1832 1743/2203/1819 1792/2206/1822 1796/2221/1833
f 1780/2223/1835 1767/2215/1829 1808/2218/1830 1812/2224/1836
f 1768/2225/1837 1780/2223/1835 1812/2224/1836 1809/2226/1838
f 1745/2227/1839 1756/2228/1840 1797/2229/1841 1794/2230/1842
f 1756/2231/1840 1744/2219/1831 1793/2222/1834 1797/2232/1841
f 1781/2233/1843 1768/2225/1837 1809/2226/1838 1813/2234/1844
f 1769/2235/1845 1781/2236/1843 1813/2237/1844 1810/2238/1846
f 1742/2208/1823 1754/2239/1847 1798/2240/1848 1791/2209/1824
f 1754/2239/1847 1745/2227/1839 1794/2230/1842 1798/2240/1848
f 1782/2241/1849 1769/2235/1845 1810/2238/1846 1814/2242/1850
f 1766/2212/1826 1782/2241/1849 1814/2242/1850 1807/2213/1827
f 1787/2152/1779 1783/2151/1778 1742/2208/1823 1751/2207/1820
f 1784/2156/1781 1787/2155/1779 1751/2204/1820 1743/2203/1819
f 1788/2160/1785 1785/2159/1784 1745/2227/1839 1754/2239/1847
f 1783/2151/1778 1788/2160/1785 1754/2239/1847 1742/2208/1823
f 1789/2169/1792 1786/2168/1791 1744/2219/1831 1756/2231/1840
f 1785/2159/1784 1789/2170/1792 1756/2228/1840 1745/2227/1839
f 1790/2172/1794 1784/2156/1781 1743/2203/1819 1757/2220/1832
f 1786/2168/1791 1790/2172/1794 1757/2220/1832 1744/2219/1831
f 1792/2206/1822 1795/2205/1821 1779/2216/1825 1767/2215/1829
f 1795/2210/1821 1791/2209/1824 1766/2212/1826 1779/2211/1825
f 1793/2222/1834 1796/2221/1833 1780/2223/1835 1768/2225/1837
f 1796/2221/1833 1792/2206/1822 1767/2215/1829 1780/2223/1835
f 1794/2230/1842 1797/2229/1841 1781/2236/1843 1769/2235/1845
f 1797/2232/1841 1793/2222/1834 1768/2225/1837 1781/2233/1843
f 1791/2209/1824 1798/2240/1848 1782/2241/1849 1766/2212/1826
f 1798/2240/1848 1794/2230/1842 1769/2235/1845 1782/2241/1849
f 1800/2176/1798 1803/2175/1797 1775/2184/1801 1760/2183/1803
f 1803/2180/1797 1799/2179/1800 1759/2182/1802 1775/2181/1801
f 1801/2188/1807 1804/2187/1806 1776/2189/1808 1762/2190/1809
f 1804/2187/1806 1800/2176/1798 1760/2183/1803 1776/2189/1808
f 1802/2194/1813 1805/2193/1812 1777/2199/1814 1764/2198/1815
f 1805/2196/1812 1801/2188/1807 1762/2190/1809 1777/2197/1814
f 1799/2179/1800 1806/2201/1817 1778/2202/1818 1759/2182/1802
f 1806/2201/1817 1802/2194/1813 1764/2198/1815 1778/2202/1818
f 1811/2214/1828 1807/2213/1827 1738/2178/1799 1758/2177/1796
f 1808/2218/1830 1811/2217/1828 1758/2174/1796 1739/2173/1795
f 1812/2224/1836 1808/2218/1830 1739/2173/1795 1761/2186/1805
f 1809/2226/1838 1812/2224/1836 1761/2186/1805 1740/2185/1804
f 1813/2234/1844 1809/2226/1838 1740/2185/1804 1763/2195/1811
f 1810/2238/1846 1813/2237/1844 1763/2192/1811 1741/2191/1810
f 1814/2242/1850 1810/2238/1846 1741/2191/1810 1765/2200/1816
f 1807/2213/1827 1814/2242/1850 1765/2200/1816 1738/2178/1799
f 1816/2243/1851 1827/2244/1852 1852/2245/1853 1830/2246/1854
f 1827/2247/1852 1815/2248/1855 1828/2249/1856 1852/2250/1853
f 1852/2250/1853 1828/2249/1856 1817/2251/1857 1829/2252/1858
f 1830/2246/1854 1852/2245/1853 1829/2253/1858 1818/2254/1859
f 1732/2255/1860 1669/2256/1861 2019/2257/1862 2020/2258/1863
f 1669/2259/1861 1731/2260/1864 2018/2261/1865 2019/2262/1862
f 1853/2263/1866 1831/2264/1867 1865/2265/1868 1869/2266/1869
f 1833/2267/1870 1853/2268/1866 1869/2269/1869 1866/2270/1871
f 1854/2271/1872 1834/2272/1873 1867/2273/1874 1870/2274/1875
f 1831/2264/1867 1854/2271/1872 1870/2274/1875 1865/2265/1868
f 1897/2275/1876 1836/2276/1877 1855/2277/1878 1834/2272/1873
f 1836/2278/1877 1898/2279/1879 1837/2280/1880 1855/2281/1878
f 1855/2281/1878 1837/2280/1880 1868/2282/1881 1871/2283/1882
f 1834/2272/1873 1855/2277/1878 1871/2284/1882 1867/2273/1874
f 1856/2285/1883 1833/2267/1870 1866/2270/1871 1872/2286/1884
f 1837/2280/1880 1856/2285/1883 1872/2286/1884 1868/2282/1881
f 1820/2287/1885 1840/2288/1886 1885/2289/1887 1882/2290/1888
f 1840/2291/1886 1819/2292/1889 1881/2293/1890 1885/2294/1887
f 1857/2295/1891 1841/2296/1892 1815/2248/1855 1827/2247/1852
f 1842/2297/1893 1857/2298/1891 1827/2244/1852 1816/2243/1851
f 1821/2299/1894 1843/2300/1895 1886/2301/1896 1883/2302/1897
f 1843/2300/1895 1820/2287/1885 1882/2290/1888 1886/2301/1896
f 1858/2303/1898 1842/2297/1893 1816/2243/1851 1830/2246/1854
f 1844/2304/1899 1858/2303/1898 1830/2246/1854 1818/2254/1859
f 1822/2305/1900 1845/2306/1901 1887/2307/1902 1884/2308/1903
f 1845/2309/1901 1821/2299/1894 1883/2302/1897 1887/2310/1902
f 1859/2311/1904 1844/2304/1899 1818/2254/1859 1829/2253/1858
f 1846/2312/1905 1859/2313/1904 1829/2252/1858 1817/2251/1857
f 1819/2292/1889 1847/2314/1906 1888/2315/1907 1881/2293/1890
f 1847/2314/1906 1822/2305/1900 1884/2308/1903 1888/2315/1907
f 1860/2316/1908 1846/2312/1905 1817/2251/1857 1828/2249/1856
f 1841/2296/1892 1860/2316/1908 1828/2249/1856 1815/2248/1855
f 1824/2317/1909 1832/2318/1910 1877/2319/1911 1874/2320/1912
f 1832/2321/1910 1823/2322/1913 1873/2323/1914 1877/2324/1911
f 1861/2325/1915 1848/2326/1916 1889/2327/1917 1893/2328/1918
f 1849/2329/1919 1861/2330/1915 1893/2331/1918 1890/2332/1920
f 1825/2333/1921 1839/2334/1922 1878/2335/1923 1875/2336/1924
f 1839/2334/1922 1824/2317/1909 1874/2320/1912 1878/2335/1923
f 1862/2337/1925 1849/2329/1919 1890/2332/1920 1894/2338/1926
f 1850/2339/1927 1862/2337/1925 1894/2338/1926 1891/2340/1928
f 1826/2341/1929 1838/2342/1930 1879/2343/1931 1876/2344/1932
f 1838/2345/1930 1825/2333/1921 1875/2336/1924 1879/2346/1931
f 1863/2347/1933 1850/2339/1927 1891/2340/1928 1895/2348/1934
f 1851/2349/1935 1863/2350/1933 1895/2351/1934 1892/2352/1936
f 1823/2322/1913 1835/2353/1937 1880/2354/1938 1873/2323/1914
f 1835/2353/1937 1826/2341/1929 1876/2344/1932 1880/2354/1938
f 1864/2355/1939 1851/2349/1935 1892/2352/1936 1896/2356/1940
f 1848/2326/1916 1864/2355/1939 1896/2356/1940 1889/2327/1917
f 1869/2266/1869 1865/2265/1868 1823/2322/1913 1832/2321/1910
f 1866/2270/1871 1869/2269/1869 1832/2318/1910 1824/2317/1909
f 1870/2274/1875 1867/2273/1874 1826/2341/1929 1835/2353/1937
f 1865/2265/1868 1870/2274/1875 1835/2353/1937 1823/2322/1913
f 1871/2283/1882 1868/2282/1881 1825/2333/1921 1838/2345/1930
f 1867/2273/1874 1871/2284/1882 1838/2342/1930 1826/2341/1929
f 1872/2286/1884 1866/2270/1871 1824/2317/1909 1839/2334/1922
f 1868/2282/1881 1872/2286/1884 1839/2334/1922 1825/2333/1921
f 1874/2320/1912 1877/2319/1911 1861/2330/1915 1849/2329/1919
f 1877/2324/1911 1873/2323/1914 1848/2326/1916 1861/2325/1915
f 1875/2336/1924 1878/2335/1923 1862/2337/1925 1850/2339/1927
f 1878/2335/1923 1874/2320/1912 1849/2329/1919 1862/2337/1925
f 1876/2344/1932 1879/2343/1931 1863/2350/1933 1851/2349/1935
f 1879/2346/1931 1875/2336/1924 1850/2339/1927 1863/2347/1933
f 1873/2323/1914 1880/2354/1938 1864/2355/1939 1848/2326/1916
f 1880/2354/1938 1876/2344/1932 1851/2349/1935 1864/2355/1939
f 1882/2290/1888 1885/2289/1887 1857/2298/1891 1842/2297/1893
f 1885/2294/1887 1881/2293/1890 1841/2296/1892 1857/2295/1891
f 1883/2302/1897 1886/2301/1896 1858/2303/1898 1844/2304/1899
f 1886/2301/1896 1882/2290/1888 1842/2297/1893 1858/2303/1898
f 1884/2308/1903 1887/2307/1902 1859/2313/1904 1846/2312/1905
f 1887/2310/1902 1883/2302/1897 1844/2304/1899 1859/2311/1904
f 1881/2293/1890 1888/2315/1907 1860/2316/1908 1841/2296/1892
f 1888/2315/1907 1884/2308/1903 1846/2312/1905 1860/2316/1908
f 1893/2328/1918 1889/2327/1917 1819/2292/1889 1840/2291/1886
f 1890/2332/1920 1893/2331/1918 1840/2288/1886 1820/2287/1885
f 1894/2338/1926 1890/2332/1920 1820/2287/1885 1843/2300/1895
f 1891/2340/1928 1894/2338/1926 1843/2300/1895 1821/2299/1894
f 1895/2348/1934 1891/2340/1928 1821/2299/1894 1845/2309/1901
f 1892/2352/1936 1895/2351/1934 1845/2306/1901 1822/2305/1900
f 1896/2356/1940 1892/2352/1936 1822/2305/1900 1847/2314/1906
f 1889/2327/1917 1896/2356/1940 1847/2314/1906 1819/2292/1889
f 1912/2357/1941 1940/2358/1942 1954/2359/1943 1943/2360/1944
f 1940/2361/1942 1911/2362/1945 1941/2363/1946 1954/2364/1943
f 1954/2364/1943 1941/2363/1946 1913/2365/1947 1942/2366/1948
f 1943/2360/1944 1954/2359/1943 1942/2367/1948 1914/2368/1949
f 1955/2369/1950 2024/2370/1951 2035/2371/1952 1905/2372/1953
f 1905/2372/1953 1900/2373/1954 1944/2374/1955 1955/2369/1950
f 1646/1917/1593 2024/2370/1951 1955/2369/1950 1944/2374/1955
f 2096/2375/1956 2097/2376/1957 1956/2377/1958 1947/2378/1959
f 2097/2379/1957 2098/2380/1960 1946/2381/1961 1956/2382/1958
f 1956/2382/1958 1946/2381/1961 1898/2279/1879 1836/2278/1877
f 1947/2378/1959 1956/2377/1958 1836/2276/1877 1897/2275/1876
f 1899/2383/1962 2040/2384/1963 1957/2385/1964 1949/2386/1965
f 2040/2384/1963 2041/2387/1966 1948/2388/1967 1957/2385/1964
f 2006/1933/1606 2031/2389/1968 2032/2390/1969 1644/2146/1774
f 1643/1922/1597 1949/2386/1965 1957/2385/1964 2031/2389/1968
f 2037/2391/1970 2027/2392/1971 1958/2393/1972 1950/2394/1973
f 1898/2279/1879 1946/2381/1961 1958/2393/1972 2027/2392/1971
f 2045/2395/1974 2046/2396/1975 1959/2397/1976 1951/2398/1977
f 2046/2396/1975 2096/2375/1956 1947/2378/1959 1959/2397/1976
f 1897/2275/1876 2028/2399/1978 1959/2397/1976 1947/2378/1959
f 1731/2260/1864 2034/2400/1979 2028/2399/1978 2018/2261/1865
f 2026/2401/1980 2037/2391/1970 1950/2394/1973 1952/2402/1981
f 2043/2403/1982 2044/2404/1983 1960/2405/1984 1953/2406/1985
f 2044/2404/1983 2045/2395/1974 1951/2398/1977 1960/2405/1984
f 2021/2047/1696 2029/2407/1986 2034/2400/1979 1731/2260/1864
f 1730/2032/1684 2033/2408/1987 2029/2407/1986 2012/2033/1685
f 2025/2409/1988 2036/2410/1989 2039/2411/1990 2038/2412/1991
f 1952/2402/1981 1905/2372/1953 2038/2412/1991 2039/2411/1990
f 2025/2409/1988 2038/2412/1991 1905/2372/1953 2035/2371/1952
f 2041/2387/1966 2042/2413/1992 1961/2414/1993 1948/2388/1967
f 2042/2413/1992 2043/2403/1982 1953/2406/1985 1961/2414/1993
f 2015/2161/1786 2030/2415/1994 2033/2408/1987 1730/2032/1684
f 1644/2146/1774 2032/2390/1969 2030/2415/1994 2009/2147/1775
f 1900/2373/1954 1919/2416/1995 1962/2417/1996 1922/2418/1997
f 1919/2419/1995 1899/2383/1962 1920/2420/1998 1962/2421/1996
f 1962/2421/1996 1920/2420/1998 1998/2422/1999 2002/2423/2000
f 1922/2418/1997 1962/2417/1996 2002/2424/2000 1999/2425/2001
f 1899/2383/1962 1949/2386/1965 1963/2426/2002 1920/2420/1998
f 1949/2386/1965 1643/1922/1597 1923/2427/2003 1963/2426/2002
f 1963/2426/2002 1923/2427/2003 2000/2428/2004 2003/2429/2005
f 1920/2420/1998 1963/2426/2002 2003/2429/2005 1998/2422/1999
f 1643/1922/1597 1576/1921/1594 1964/2430/2006 1923/2427/2003
f 1576/1918/1594 1646/1917/1593 1925/2431/2007 1964/2432/2006
f 1964/2432/2006 1925/2431/2007 2001/2433/2008 2004/2434/2009
f 1923/2427/2003 1964/2430/2006 2004/2435/2009 2000/2428/2004
f 1646/1917/1593 1944/2374/1955 1965/2436/2010 1925/2431/2007
f 1944/2374/1955 1900/2373/1954 1922/2418/1997 1965/2436/2010
f 1965/2436/2010 1922/2418/1997 1999/2425/2001 2005/2437/2011
f 1925/2431/2007 1965/2436/2010 2005/2437/2011 2001/2433/2008
f 1908/2438/2012 1921/2439/2013 1994/2440/2014 1991/2441/2015
f 1921/2442/2013 1907/2443/2016 1990/2444/2017 1994/2445/2014
f 1966/2446/2018 1928/2447/2019 1982/2448/2020 1986/2449/2021
f 1930/2450/2022 1966/2451/2018 1986/2452/2021 1983/2453/2023
f 1907/2443/2016 1924/2454/2024 1995/2455/2025 1990/2444/2017
f 1924/2454/2024 1909/2456/2026 1992/2457/2027 1995/2455/2025
f 1967/2458/2028 1931/2459/2029 1984/2460/2030 1987/2461/2031
f 1928/2447/2019 1967/2458/2028 1987/2461/2031 1982/2448/2020
f 1909/2456/2026 1926/2462/2032 1996/2463/2033 1992/2457/2027
f 1926/2464/2032 1910/2465/2034 1993/2466/2035 1996/2467/2033
f 1968/2468/2036 1933/2469/2037 1985/2470/2038 1988/2471/2039
f 1931/2459/2029 1968/2472/2036 1988/2473/2039 1984/2460/2030
f 1910/2465/2034 1927/2474/2040 1997/2475/2041 1993/2466/2035
f 1927/2474/2040 1908/2438/2012 1991/2441/2015 1997/2475/2041
f 1969/2476/2042 1930/2450/2022 1983/2453/2023 1989/2477/2043
f 1933/2469/2037 1969/2476/2042 1989/2477/2043 1985/2470/2038
f 1916/2478/2044 1929/2479/2045 1978/2480/2046 1975/2481/2047
f 1929/2482/2045 1915/2483/2048 1974/2484/2049 1978/2485/2046
f 1970/2486/2050 1936/2487/2051 1911/2362/1945 1940/2361/1942
f 1937/2488/2052 1970/2489/2050 1940/2358/1942 1912/2357/1941
f 1917/2490/2053 1935/2491/2054 1979/2492/2055 1976/2493/2056
f 1935/2491/2054 1916/2478/2044 1975/2481/2047 1979/2492/2055
f 1971/2494/2057 1937/2488/2052 1912/2357/1941 1943/2360/1944
f 1938/2495/2058 1971/2494/2057 1943/2360/1944 1914/2368/1949
f 1918/2496/2059 1934/2497/2060 1980/2498/2061 1977/2499/2062
f 1934/2500/2060 1917/2490/2053 1976/2493/2056 1980/2501/2061
f 1972/2502/2063 1938/2495/2058 1914/2368/1949 1942/2367/1948
f 1939/2503/2064 1972/2504/2063 1942/2366/1948 1913/2365/1947
f 1915/2483/2048 1932/2505/2065 1981/2506/2066 1974/2484/2049
f 1932/2505/2065 1918/2496/2059 1977/2499/2062 1981/2506/2066
f 1973/2507/2067 1939/2503/2064 1913/2365/1947 1941/2363/1946
f 1936/2487/2051 1973/2507/2067 1941/2363/1946 1911/2362/1945
f 1975/2481/2047 1978/2480/2046 1970/2489/2050 1937/2488/2052
f 1978/2485/2046 1974/2484/2049 1936/2487/2051 1970/2486/2050
f 1976/2493/2056 1979/2492/2055 1971/2494/2057 1938/2495/2058
f 1979/2492/2055 1975/2481/2047 1937/2488/2052 1971/2494/2057
f 1977/2499/2062 1980/2498/2061 1972/2504/2063 1939/2503/2064
f 1980/2501/2061 1976/2493/2056 1938/2495/2058 1972/2502/2063
f 1974/2484/2049 1981/2506/2066 1973/2507/2067 1936/2487/2051
f 1981/2506/2066 1977/2499/2062 1939/2503/2064 1973/2507/2067
f 1986/2449/2021 1982/2448/2020 1915/2483/2048 1929/2482/2045
f 1983/2453/2023 1986/2452/2021 1929/2479/2045 1916/2478/2044
f 1987/2461/2031 1984/2460/2030 1918/2496/2059 1932/2505/2065
f 1982/2448/2020 1987/2461/2031 1932/2505/2065 1915/2483/2048
f 1988/2471/2039 1985/2470/2038 1917/2490/2053 1934/2500/2060
f 1984/2460/2030 1988/2473/2039 1934/2497/2060 1918/2496/2059
f 1989/2477/2043 1983/2453/2023 1916/2478/2044 1935/2491/2054
f 1985/2470/2038 1989/2477/2043 1935/2491/2054 1917/2490/2053
f 1991/2441/2015 1994/2440/2014 1966/2451/2018 1930/2450/2022
f 1994/2445/2014 1990/2444/2017 1928/2447/2019 1966/2446/2018
f 1990/2444/2017 1995/2455/2025 1967/2458/2028 1928/2447/2019
f 1995/2455/2025 1992/2457/2027 1931/2459/2029 1967/2458/2028
f 1992/2457/2027 1996/2463/2033 1968/2472/2036 1931/2459/2029
f 1996/2467/2033 1993/2466/2035 1933/2469/2037 1968/2468/2036
f 1993/2466/2035 1997/2475/2041 1969/2476/2042 1933/2469/2037
f 1997/2475/2041 1991/2441/2015 1930/2450/2022 1969/2476/2042
f 2002/2423/2000 1998/2422/1999 1907/2443/2016 1921/2442/2013
f 1999/2425/2001 2002/2424/2000 1921/2439/2013 1908/2438/2012
f 2003/2429/2005 2000/2428/2004 1909/2456/2026 1924/2454/2024
f 1998/2422/1999 2003/2429/2005 1924/2454/2024 1907/2443/2016
f 2004/2434/2009 2001/2433/2008 1910/2465/2034 1926/2464/2032
f 2000/2428/2004 2004/2435/2009 1926/2462/2032 1909/2456/2026
f 2005/2437/2011 1999/2425/2001 1908/2438/2012 1927/2474/2040
f 2001/2433/2008 2005/2437/2011 1927/2474/2040 1910/2465/2034
f 1644/2146/1774 1582/2145/1771 2007/1934/1607 2006/1933/1606
f 1582/2142/1771 1645/2141/1770 2008/1937/1609 2007/1936/1607
f 2010/2148/1772 2009/2147/1775 1750/2150/1777 1771/2149/1776
f 2011/2144/1773 2010/2143/1772 1771/2154/1776 1752/2153/1780
f 2013/2034/1682 2012/2033/1685 1664/2036/1687 1686/2035/1686
f 2014/2030/1683 2013/2029/1682 1686/2040/1686 1666/2039/1690
f 1730/2032/1684 1663/2031/1681 2016/2162/1787 2015/2161/1786
f 1663/2028/1681 1733/2027/1680 2017/2165/1789 2016/2164/1787
f 2019/2262/1862 2018/2261/1865 1831/2264/1867 1853/2263/1866
f 2020/2258/1863 2019/2257/1862 1853/2268/1866 1833/2267/1870
f 1731/2260/1864 1669/2259/1861 2022/2048/1697 2021/2047/1696
f 1669/2256/1861 1732/2255/1860 2023/2051/1699 2022/2050/1697
f 1602/1943/1613 2024/2370/1951 1646/1917/1593 1579/1920/1596
f 2008/1937/1609 2024/2370/1951 1602/1943/1613 1583/1938/1610
f 1774/2171/1793 2025/2409/1988 2011/2144/1773 1752/2153/1780
f 2017/2165/1789 2025/2409/1988 1774/2171/1793 1755/2166/1790
f 1689/2057/1703 2026/2401/1980 2014/2030/1683 1666/2039/1690
f 2023/2051/1699 2026/2401/1980 1689/2057/1703 1670/2052/1700
f 1856/2285/1883 2027/2392/1971 2020/2258/1863 1833/2267/1870
f 1898/2279/1879 2027/2392/1971 1856/2285/1883 1837/2280/1880
f 1854/2271/1872 2028/2399/1978 1897/2275/1876 1834/2272/1873
f 2018/2261/1865 2028/2399/1978 1854/2271/1872 1831/2264/1867
f 1687/2043/1692 2029/2407/1986 2021/2047/1696 1667/2044/1693
f 2012/2033/1685 2029/2407/1986 1687/2043/1692 1664/2036/1687
f 1772/2157/1782 2030/2415/1994 2015/2161/1786 1753/2158/1783
f 2009/2147/1775 2030/2415/1994 1772/2157/1782 1750/2150/1777
f 1600/1929/1602 2031/2389/1968 2006/1933/1606 1580/1930/1603
f 1643/1922/1597 2031/2389/1968 1600/1929/1602 1577/1923/1598
f 2032/2390/1969 2031/2389/1968 1957/2385/1964 1948/2388/1967
f 2030/2415/1994 2032/2390/1969 1948/2388/1967 1961/2414/1993
f 2033/2408/1987 2030/2415/1994 1961/2414/1993 1953/2406/1985
f 2029/2407/1986 2033/2408/1987 1953/2406/1985 1960/2405/1984
f 2034/2400/1979 2029/2407/1986 1960/2405/1984 1951/2398/1977
f 2028/2399/1978 2034/2400/1979 1951/2398/1977 1959/2397/1976
f 1645/2141/1770 2035/2371/1952 2024/2370/1951 2008/1937/1609
f 2011/2144/1773 2025/2409/1988 2035/2371/1952 1645/2141/1770
f 1733/2027/1680 2036/2410/1989 2025/2409/1988 2017/2165/1789
f 2014/2030/1683 2026/2401/1980 2036/2410/1989 1733/2027/1680
f 1732/2255/1860 2037/2391/1970 2026/2401/1980 2023/2051/1699
f 2020/2258/1863 2027/2392/1971 2037/2391/1970 1732/2255/1860
f 2026/2401/1980 1952/2402/1981 2039/2411/1990 2036/2410/1989
f 2110/2508/2068 2111/2509/2069 2158/2510/2070 2152/2511/2071
f 2103/2512/2072 2104/2513/2073 2153/2514/2074 2150/2515/2075
f 2142/2516/2076 2158/2510/2070 2159/2517/2077 2141/2518/2078
f 2479/2519/2079 2159/2517/2077 2160/2520/2080
f 2478/2521/2081 2479/2519/2079 2160/2520/2080 2149/2522/2082
f 2102/2523/2083 2103/2512/2072 2150/2515/2075 2149/2522/2082
f 1952/2402/1981 1950/2394/1973 1958/2393/1972 1901/2524/2084
f 2098/2380/1960 1901/2524/2084 1958/2393/1972 1946/2381/1961
f 2040/2384/1963 1899/2383/1962 1906/2525/2085 2041/2387/1966
f 2042/2413/1992 2100/2526/2086 2099/2527/2087 2043/2403/1982
f 2044/2404/1983 2043/2403/1982 2099/2527/2087 2101/2528/2088
f 1902/2529/2089 2048/2530/2090 2047/2531/2091 1945/2532/2092
f 2049/2533/2093 2048/2530/2090 1902/2529/2089 2095/2534/2094
f 1903/2535/2095 1904/2536/2096 2051/2537/2097 2050/2538/2098
f 1904/2536/2096 1906/2525/2085 2052/2539/2099 2051/2537/2097
f 1906/2525/2085 1899/2383/1962 2053/2540/2100 2052/2539/2099
f 2054/2541/2101 2053/2540/2100 1899/2383/1962 1919/2419/1995
f 2055/2542/2102 2054/2543/2101 1919/2416/1995 1900/2373/1954
f 2056/2544/2103 2055/2542/2102 1900/2373/1954 1905/2372/1953
f 2057/2545/2104 2056/2544/2103 1905/2372/1953 1952/2402/1981
f 2058/2546/2105 2057/2545/2104 1952/2402/1981 1901/2524/2084
f 2047/2547/2091 2058/2546/2105 1901/2524/2084 1945/2548/2092
f 2047/2549/2091 2048/2550/2090 2072/2551/2106 2073/2552/2107
f 2048/2550/2090 2049/2553/2093 2071/2554/2108 2072/2551/2106
f 2049/2553/2093 2050/2555/2098 2082/2556/2109 2071/2554/2108
f 2050/2555/2098 2051/2557/2097 2081/2558/2110 2082/2556/2109
f 2051/2557/2097 2052/2559/2099 2080/2560/2111 2081/2558/2110
f 2052/2561/2099 2053/2562/2100 2079/2563/2112 2080/2564/2111
f 2078/2565/2113 2079/2563/2112 2053/2562/2100 2054/2566/2101
f 2077/2567/2114 2078/2565/2113 2054/2566/2101 2055/2568/2102
f 2076/2569/2115 2077/2567/2114 2055/2568/2102 2056/2570/2103
f 2075/2571/2116 2076/2569/2115 2056/2570/2103 2057/2572/2104
f 2074/2573/2117 2075/2571/2116 2057/2572/2104 2058/2574/2105
f 2073/2552/2107 2074/2573/2117 2058/2574/2105 2047/2549/2091
f 2072/2551/2106 2071/2554/2108 2061/2575/2118 2060/2576/2119
f 2073/2552/2107 2072/2551/2106 2060/2576/2119 2059/2577/2120
f 2059/2577/2120 2070/2578/2121 2074/2573/2117 2073/2552/2107
f 2070/2578/2121 2069/2579/2122 2075/2571/2116 2074/2573/2117
f 2069/2579/2122 2068/2580/2123 2076/2569/2115 2075/2571/2116
f 2068/2580/2123 2067/2581/2124 2077/2567/2114 2076/2569/2115
f 2067/2581/2124 2066/2582/2125 2078/2565/2113 2077/2567/2114
f 2066/2582/2125 2065/2583/2126 2079/2563/2112 2078/2565/2113
f 2080/2564/2111 2079/2563/2112 2065/2583/2126 2064/2584/2127
f 2081/2558/2110 2080/2560/2111 2064/2585/2127 2063/2586/2128
f 2082/2556/2109 2081/2558/2110 2063/2586/2128 2062/2587/2129
f 2071/2554/2108 2082/2556/2109 2062/2587/2129 2061/2575/2118
f 2059/2577/2120 2060/2576/2119 2084/2588/2130 2083/2589/2131
f 2060/2576/2119 2061/2575/2118 2085/2590/2132 2084/2588/2130
f 2061/2575/2118 2062/2587/2129 2086/2591/2133 2085/2590/2132
f 2062/2587/2129 2063/2586/2128 2087/2592/2134 2086/2591/2133
f 2063/2586/2128 2064/2585/2127 2088/2593/2135 2087/2592/2134
f 2064/2584/2127 2065/2583/2126 2089/2594/2136 2088/2595/2135
f 2090/2596/2137 2089/2594/2136 2065/2583/2126 2066/2582/2125
f 2091/2597/2138 2090/2596/2137 2066/2582/2125 2067/2581/2124
f 2092/2598/2139 2091/2597/2138 2067/2581/2124 2068/2580/2123
f 2093/2599/2140 2092/2598/2139 2068/2580/2123 2069/2579/2122
f 2094/2600/2141 2093/2599/2140 2069/2579/2122 2070/2578/2121
f 2083/2589/2131 2094/2600/2141 2070/2578/2121 2059/2577/2120
f 2095/2534/2094 2046/2396/1975 2045/2395/1974 1903/2535/2095
f 2049/2533/2093 2095/2534/2094 1903/2535/2095 2050/2538/2098
f 1902/2529/2089 2096/2375/1956 2046/2396/1975 2095/2534/2094
f 1902/2529/2089 1945/2532/2092 2097/2376/1957 2096/2375/1956
f 1945/2548/2092 1901/2524/2084 2098/2380/1960 2097/2379/1957
f 2100/2526/2086 1906/2525/2085 1904/2536/2096 2099/2527/2087
f 2044/2404/1983 2101/2528/2088 1903/2535/2095 2045/2395/1974
f 1903/2535/2095 2101/2528/2088 2099/2527/2087 1904/2536/2096
f 2042/2413/1992 2041/2387/1966 1906/2525/2085 2100/2526/2086
f 2109/2601/2142 2151/2602/2143 2157/2603/2144 2108/2604/2145
f 2145/2605/2146 2480/2606/2147 2157/2603/2144
f 2146/2607/2148 2147/2608/2149 2114/2609/2150 2480/2610/2147
f 2164/2611/2151 2168/2612/2152 2165/2613/2153 2115/2614/2154
f 2110/2508/2068 2152/2511/2071 2151/2602/2143 2109/2601/2142
f 2083/2589/2131 2084/2588/2130 2103/2512/2072 2102/2523/2083
f 2084/2588/2130 2085/2590/2132 2104/2513/2073 2103/2512/2072
f 2085/2590/2132 2086/2591/2133 2105/2615/2155 2104/2513/2073
f 2086/2591/2133 2087/2592/2134 2106/2616/2156 2105/2615/2155
f 2087/2592/2134 2088/2593/2135 2107/2617/2157 2106/2616/2156
f 2088/2595/2135 2089/2594/2136 2108/2604/2145 2107/2618/2157
f 2109/2601/2142 2108/2604/2145 2089/2594/2136 2090/2596/2137
f 2110/2508/2068 2109/2601/2142 2090/2596/2137 2091/2597/2138
f 2111/2509/2069 2110/2508/2068 2091/2597/2138 2092/2598/2139
f 2112/2619/2158 2111/2509/2069 2092/2598/2139 2093/2599/2140
f 2113/2620/2159 2112/2619/2158 2093/2599/2140 2094/2600/2141
f 2102/2523/2083 2113/2620/2159 2094/2600/2141 2083/2589/2131
f 2115/2614/2154 2165/2613/2153 2169/2621/2160 2162/2622/2161
f 2445/2623/2162 2446/2624/2163 2121/2625/2164 2120/2626/2165
f 2446/2624/2163 2447/2627/2166 2122/2628/2167 2121/2625/2164
f 2447/2627/2166 2448/2629/2168 2123/2630/2169 2122/2628/2167
f 2448/2629/2168 2449/2631/2170 2124/2632/2171 2123/2630/2169
f 2125/2633/2172 2456/2634/2173 2450/2635/2174 2126/2636/2175
f 2450/2635/2174 2451/2637/2176 2127/2638/2177 2126/2636/2175
f 2128/2639/2178 2454/2640/2179 2452/2641/2180 2129/2642/2181
f 2130/2643/2182 2129/2644/2181 2452/2645/2180 2453/2646/2183
f 2131/2647/2184 2458/2648/2185 2445/2623/2162 2120/2626/2165
f 2138/2649/2186 2137/2650/2187 2120/2626/2165 2121/2625/2164
f 2139/2651/2188 2138/2649/2186 2121/2625/2164 2122/2628/2167
f 2140/2652/2189 2139/2651/2188 2122/2628/2167 2123/2630/2169
f 2141/2518/2078 2140/2652/2189 2123/2630/2169 2124/2632/2171
f 2142/2516/2076 2141/2518/2078 2124/2632/2171 2125/2633/2172
f 2143/2653/2190 2142/2516/2076 2125/2633/2172 2126/2636/2175
f 2144/2654/2191 2143/2653/2190 2126/2636/2175 2127/2638/2177
f 2145/2605/2146 2144/2654/2191 2127/2638/2177 2128/2639/2178
f 2146/2655/2148 2145/2605/2146 2128/2639/2178 2129/2642/2181
f 2147/2608/2149 2146/2607/2148 2129/2644/2181 2130/2643/2182
f 2148/2656/2192 2147/2608/2149 2130/2643/2182 2131/2647/2184
f 2137/2650/2187 2148/2656/2192 2131/2647/2184 2120/2626/2165
f 2143/2653/2190 2152/2511/2071 2158/2510/2070 2142/2516/2076
f 2159/2517/2077 2158/2510/2070 2111/2509/2069 2112/2619/2158
f 2160/2520/2080 2159/2517/2077 2112/2619/2158 2113/2620/2159
f 2149/2522/2082 2160/2520/2080 2113/2620/2159 2102/2523/2083
f 2477/2657/2193 2478/2521/2081 2149/2522/2082 2150/2515/2075
f 2154/2658/2194 2153/2514/2074 2104/2513/2073 2105/2615/2155
f 2145/2605/2146 2157/2603/2144 2151/2602/2143 2144/2654/2191
f 2157/2603/2144 2156/2659/2195 2107/2618/2157 2108/2604/2145
f 2156/2660/2195 2155/2661/2196 2106/2616/2156 2107/2617/2157
f 2155/2661/2196 2154/2658/2194 2105/2615/2155 2106/2616/2156
f 2144/2654/2191 2151/2602/2143 2152/2511/2071 2143/2653/2190
f 2150/2515/2075 2153/2514/2074 2161/2662/2197 2477/2657/2193
f 2162/2622/2161 2166/2663/2198 2163/2664/2199 2115/2614/2154
f 2115/2614/2154 2163/2664/2199 2167/2665/2200 2164/2611/2151
f 2148/2656/2192 2137/2650/2187 2166/2663/2198 2162/2622/2161
f 2153/2514/2074 2167/2665/2200 2163/2664/2199 2161/2662/2197
f 2155/2661/2196 2168/2612/2152 2164/2611/2151 2154/2658/2194
f 2147/2608/2149 2169/2621/2160 2165/2613/2153 2114/2609/2150
f 2166/2663/2198 2137/2650/2187 2161/2662/2197 2163/2664/2199
f 2164/2611/2151 2167/2665/2200 2153/2514/2074 2154/2658/2194
f 2114/2609/2150 2165/2613/2153 2168/2612/2152 2155/2661/2196
f 2162/2622/2161 2169/2621/2160 2147/2608/2149 2148/2656/2192
f 2190/2666/2201 2195/2667/2202 2198/2668/2203 2199/2669/2204
f 2173/2670/2205 2181/2671/2206 2182/2672/2207 2172/2673/2208
f 2181/2671/2206 2171/2674/2209 2180/2675/2210 2176/2676/2211
f 2178/2677/2212 2437/2678/2213 2438/2679/2214 2179/2680/2215
f 2440/2681/2216 2441/2682/2217 2174/2683/2218 2175/2684/2219
f 2179/2680/2215 2438/2679/2214 2439/2685/2220 2177/2686/2221
f 2182/2672/2207 2181/2671/2206 2176/2676/2211 2175/2684/2219
f 2175/2684/2219 2174/2683/2218 2183/2687/2222 2182/2672/2207
f 2172/2673/2208 2182/2672/2207 2183/2687/2222 2187/2688/2223
f 2184/2689/2224 2193/2690/2225 2194/2691/2226 2188/2692/2227
f 2188/2692/2227 2194/2691/2226 2195/2667/2202 2190/2666/2201
f 2191/2693/2228 2502/2694/2229 2198/2668/2203 2195/2667/2202
f 994/2695/1030 995/2696/1031 2180/2675/2210 2171/2674/2209
f 995/2696/1031 996/2697/1032 2177/2686/2221 2180/2675/2210
f 996/2697/1032 997/2698/1033 2179/2680/2215 2177/2686/2221
f 997/2698/1033 998/2699/1034 2178/2677/2212 2179/2680/2215
f 2473/2700/2230 1315/2701/1038 1000/2702/1037 2192/2703/2231
f 2194/2691/2226 2193/2690/2225 2185/2704/2232 2189/2705/2233
f 2195/2667/2202 2194/2691/2226 2189/2705/2233 2191/2693/2228
f 2172/2673/2208 2187/2688/2223 2193/2690/2225 2184/2689/2224
f 2184/2689/2224 2186/2706/2234 2173/2670/2205 2172/2673/2208
f 2173/2670/2205 2192/2703/2231 2171/2674/2209 2181/2671/2206
f 2192/2703/2231 1000/2702/1037 994/2695/1030 2171/2674/2209
f 1442/2707/1042 992/2708/1045 2503/2709/2235 2578/2710/2236
f 2199/2669/2204 2198/2668/2203 2196/2711/2237 2170/2712/2238
f 2201/2713/2239 1011/2714/1051 1008/2715/1050 2200/2716/2240
f 2196/2717/2237 2577/2718/2241 2579/2719/2242 2201/2713/2239
f 2170/2712/2238 2203/2720/2243 2202/2721/2244 2199/2669/2204
f 2201/2713/2239 2200/2716/2240 2202/2721/2244 2203/2720/2243
f 2201/2713/2239 2203/2720/2243 2170/2712/2238 2196/2717/2237
f 2204/2722/2245 2381/2723/2246 2382/2724/2247 2205/2725/2248
f 2205/2725/2248 2382/2724/2247 2383/2726/2249 2206/2727/2250
f 2206/2727/2250 2383/2726/2249 2384/2728/2251 2207/2729/2252
f 2207/2729/2252 2384/2728/2251 2385/2730/2253 2208/2731/2254
f 2208/2731/2254 2385/2730/2253 2386/2732/2255 2209/2733/2256
f 2209/2733/2256 2386/2732/2255 2387/2734/2257 2210/2735/2258
f 2210/2735/2258 2387/2734/2257 2388/2736/2259 2211/2737/2260
f 2211/2738/2260 2388/2739/2259 2389/2740/2261 2212/2741/2262
f 2212/2741/2262 2389/2740/2261 2390/2742/2263 2213/2743/2264
f 2213/2743/2264 2390/2742/2263 2381/2723/2246 2204/2722/2245
f 2221/2744/2265 2337/2745/2266 2336/2746/2267 2220/2747/2268
f 2222/2748/2269 2338/2749/2270 2337/2745/2266 2221/2744/2265
f 2223/2750/2271 2339/2751/2272 2338/2749/2270 2222/2748/2269
f 2224/2752/2273 2340/2753/2274 2339/2754/2272 2223/2755/2271
f 2225/2756/2275 2341/2757/2276 2340/2753/2274 2224/2752/2273
f 2226/2758/2277 2342/2759/2278 2341/2757/2276 2225/2756/2275
f 2227/2760/2279 2343/2761/2280 2342/2759/2278 2226/2758/2277
f 2228/2762/2281 2344/2763/2282 2343/2761/2280 2227/2760/2279
f 2229/2764/2283 2345/2765/2284 2344/2763/2282 2228/2762/2281
f 2220/2747/2268 2336/2746/2267 2345/2765/2284 2229/2764/2283
f 2254/2766/2285 2253/2767/2286 2243/2768/2287 2244/2769/2288
f 2255/2770/2289 2254/2766/2285 2244/2769/2288 2245/2771/2290
f 2256/2772/2291 2255/2770/2289 2245/2771/2290 2246/2773/2292
f 2231/2774/2293 2264/2775/2294 2267/2776/2295 2263/2777/2296
f 2264/2775/2294 2231/2774/2293 2265/2778/2297 2268/2779/2298
f 2261/2780/2299 2260/2781/2300 2232/2782/2301 2481/2783/2302
f 2253/2767/2286 2262/2784/2303 2252/2785/2304 2243/2768/2287
f 2234/2786/2305 2244/2769/2288 2243/2768/2287 2233/2787/2306
f 2234/2786/2305 2235/2788/2307 2245/2771/2290 2244/2769/2288
f 2245/2771/2290 2235/2788/2307 2236/2789/2308 2246/2773/2292
f 2246/2790/2292 2236/2791/2308 2237/2792/2309 2247/2793/2310
f 2247/2793/2310 2237/2792/2309 2238/2794/2311 2248/2795/2312
f 2248/2795/2312 2238/2794/2311 2239/2796/2313 2249/2797/2314
f 2249/2797/2314 2239/2796/2313 2240/2798/2315 2250/2799/2316
f 2250/2799/2316 2240/2798/2315 2241/2800/2317 2251/2801/2318
f 2251/2801/2318 2241/2800/2317 2242/2802/2319 2252/2785/2304
f 2243/2768/2287 2252/2785/2304 2242/2802/2319 2233/2787/2306
f 2247/2793/2310 2248/2795/2312 2230/2803/2320 2482/2804/2321
f 2266/2805/2322 2231/2774/2293 2263/2777/2296 2270/2806/2323
f 2265/2778/2297 2231/2774/2293 2266/2805/2322 2269/2807/2324
f 2253/2767/2286 2254/2766/2285 2221/2744/2265 2220/2747/2268
f 2221/2744/2265 2254/2766/2285 2255/2770/2289 2222/2748/2269
f 2222/2748/2269 2255/2770/2289 2256/2772/2291 2223/2750/2271
f 2223/2755/2271 2256/2808/2291 2257/2809/2325 2224/2752/2273
f 2224/2752/2273 2257/2809/2325 2258/2810/2326 2225/2756/2275
f 2225/2756/2275 2258/2810/2326 2259/2811/2327 2226/2758/2277
f 2226/2758/2277 2259/2811/2327 2260/2781/2300 2227/2760/2279
f 2227/2760/2279 2260/2781/2300 2261/2780/2299 2228/2762/2281
f 2228/2762/2281 2261/2780/2299 2262/2784/2303 2229/2764/2283
f 2229/2764/2283 2262/2784/2303 2253/2767/2286 2220/2747/2268
f 2264/2775/2294 2259/2811/2327 2258/2810/2326 2267/2776/2295
f 2232/2782/2301 2260/2781/2300 2268/2779/2298 2265/2778/2297
f 2250/2799/2316 2269/2807/2324 2266/2805/2322 2249/2797/2314
f 2270/2806/2323 2263/2777/2296 2230/2803/2320 2248/2795/2312
f 2258/2810/2326 2230/2803/2320 2263/2777/2296 2267/2776/2295
f 2260/2781/2300 2259/2811/2327 2264/2775/2294 2268/2779/2298
f 2250/2799/2316 2232/2782/2301 2265/2778/2297 2269/2807/2324
f 2249/2797/2314 2266/2805/2322 2270/2806/2323 2248/2795/2312
f 2497/2812/2328 2498/2813/2329 2405/2814/2330 2300/2815/2331
f 2499/2816/2332 2500/2817/2333 2298/2818/2334 2314/2819/2335
f 2314/2819/2335 2298/2818/2334 2272/2820/2336 2299/2821/2337
f 2300/2815/2331 2405/2814/2330 2409/2822/2338 2406/2823/2339
f 2403/2824/2340 2404/2825/2341 2216/2826/2342 2215/2827/2343
f 2315/2828/2344 2487/2829/2345 2488/2830/2346 2302/2831/2347
f 2303/2832/2348 2315/2828/2344 2302/2831/2347 2279/2833/2349
f 2316/2834/2350 2305/2835/2351 1084/2836/1163 1131/2837/1162
f 2304/2838/2352 2316/2834/2350 1131/2837/1162 1083/2839/1166
f 2316/2834/2350 2304/2838/2352 2271/2840/2353 2299/2821/2337
f 2305/2835/2351 2316/2834/2350 2299/2821/2337 2272/2820/2336
f 2500/2817/2333 2501/2841/2354 2317/2842/2355 2298/2818/2334
f 1135/2843/1170 2317/2842/2355 2501/2841/2354 1349/2844/1171
f 2305/2835/2351 2317/2842/2355 1135/2843/1170 1084/2836/1163
f 2298/2818/2334 2317/2842/2355 2305/2835/2351 2272/2820/2336
f 2307/2845/2356 2318/2846/2357 2443/2847/2358 2444/2848/2359
f 2307/2845/2356 1089/2849/1177 1137/2850/1176 2318/2846/2357
f 2308/2851/2360 2174/2852/2218 2441/2853/2217 2442/2854/2361
f 2319/2855/2362 1139/2856/1183 1102/2857/1182 2325/2858/2363
f 2555/2859/2364 2556/2860/2365 2136/2861/2366 2457/2862/2367
f 2135/2863/2368 2134/2864/2369 2553/2865/2370 2554/2866/2371
f 2178/2677/2212 2321/2867/2372 2310/2868/2373 2437/2678/2213
f 2273/2869/2374 2311/2870/2375 2547/2871/2376 2548/2872/2377
f 2311/2870/2375 1085/2873/1199 1409/2874/1198 2547/2871/2376
f 2319/2855/2362 2322/2875/2378 1144/2876/1200 1139/2856/1183
f 2309/2877/2379 2312/2878/2380 2322/2875/2378 2319/2855/2362
f 2320/2879/2381 2323/2880/2382 2312/2878/2380 2309/2877/2379
f 2310/2868/2373 2313/2881/2383 2323/2882/2382 2320/2883/2381
f 2549/2884/2384 2550/2885/2385 2274/2886/2386 2297/2887/2387
f 2548/2872/2377 2549/2884/2384 2297/2887/2387 2273/2869/2374
f 2321/2867/2372 2324/2888/2388 2313/2881/2383 2310/2868/2373
f 2324/2888/2388 2321/2867/2372 1142/2889/1213 1147/2890/1212
f 2306/2891/2389 2551/2892/2390 1415/2893/1216 1088/2894/1215
f 2550/2885/2385 2551/2892/2390 2306/2891/2389 2274/2886/2386
f 2307/2845/2356 2325/2858/2363 1102/2857/1182 1089/2849/1177
f 1085/2873/1199 2311/2870/2375 2326/2895/2391 1103/2896/1218
f 2311/2870/2375 2273/2869/2374 2282/2897/2392 2326/2895/2391
f 2326/2895/2391 2282/2897/2392 2281/2898/2393 2283/2899/2394
f 1103/2896/1218 2326/2895/2391 2283/2899/2394 1098/2900/1223
f 2407/2901/2395 2496/2902/2396 2497/2812/2328 2300/2815/2331
f 2300/2815/2331 2406/2823/2339 2410/2903/2397 2407/2901/2395
f 2327/2904/2398 2284/2905/2399 2280/2906/2400 2285/2907/2401
f 2494/2908/2402 2495/2909/2403 2327/2904/2398 2285/2907/2401
f 2271/2840/2353 2304/2838/2352 2328/2910/2404 2284/2905/2399
f 2328/2910/2404 2304/2838/2352 1083/2839/1166 1104/2911/1234
f 2286/2912/2405 2328/2910/2404 1104/2911/1234 1099/2913/1236
f 2284/2905/2399 2328/2910/2404 2286/2912/2405 2280/2906/2400
f 2491/2914/2406 2492/2915/2407 2288/2916/2408 2329/2917/2409
f 2288/2916/2408 2275/2918/2410 2506/2919/2411 2509/2920/2412
f 2329/2917/2409 2505/2921/2413 2507/2922/2414 2290/2923/2415
f 2490/2924/2416 2491/2914/2406 2329/2917/2409 2290/2923/2415
f 2275/2918/2410 2291/2925/2417 2330/2926/2418 2289/2927/2419
f 2330/2926/2418 2291/2925/2417 1090/2928/1252 1110/2929/1251
f 2289/2927/2419 2330/2926/2418 2292/2930/2420 2277/2931/2421
f 2489/2932/2422 2490/2924/2416 2290/2923/2415 2331/2933/2423
f 2290/2923/2415 2277/2931/2421 2294/2934/2424 2331/2933/2423
f 2331/2933/2423 2294/2934/2424 2279/2833/2349 2302/2831/2347
f 2488/2830/2346 2489/2932/2422 2331/2933/2423 2302/2831/2347
f 2277/2931/2421 2292/2930/2420 2332/2935/2425 2294/2934/2424
f 2294/2934/2424 2332/2935/2425 2303/2832/2348 2279/2833/2349
f 2280/2906/2400 2286/2912/2405 2333/2936/2426 2295/2937/2427
f 2333/2936/2426 2286/2912/2405 1099/2913/1236 1121/2938/1261
f 2291/2939/2417 2333/2936/2426 1121/2938/1261 1090/2940/1252
f 2295/2937/2427 2333/2936/2426 2291/2939/2417 2275/2941/2410
f 2493/2942/2428 2494/2908/2402 2285/2907/2401 2334/2943/2429
f 2285/2907/2401 2280/2906/2400 2295/2937/2427 2334/2943/2429
f 2334/2943/2429 2295/2937/2427 2275/2941/2410 2288/2944/2408
f 2492/2945/2407 2493/2942/2428 2334/2943/2429 2288/2944/2408
f 1098/2900/1223 2283/2899/2394 2335/2946/2430 1120/2947/1264
f 2283/2899/2394 2281/2898/2393 2296/2948/2431 2335/2946/2430
f 2335/2946/2430 2296/2948/2431 1554/2949/1576 1553/2950/1574
f 1120/2947/1264 2335/2946/2430 1553/2950/1574 351/2951/369
f 2404/2825/2341 1243/2952/1268 1172/2953/1267 2216/2826/2342
f 2219/2954/2432 1170/2955/1272 993/2956/1271 2197/2957/2433
f 2217/2958/2434 1171/2959/1276 1173/2960/1275 2218/2961/2435
f 2216/2826/2342 1172/2953/1267 1171/2959/1276 2217/2958/2434
f 2218/2961/2435 1173/2960/1275 1170/2955/1272 2219/2954/2432
f 2336/2746/2267 2337/2745/2266 2422/2962/2436 2413/2963/2437
f 2337/2745/2266 2338/2749/2270 2421/2964/2438 2422/2962/2436
f 2338/2749/2270 2339/2751/2272 2420/2965/2439 2421/2964/2438
f 2339/2754/2272 2340/2753/2274 2419/2966/2440 2420/2967/2439
f 2340/2753/2274 2341/2757/2276 2418/2968/2441 2419/2966/2440
f 2341/2757/2276 2342/2759/2278 2417/2969/2442 2418/2968/2441
f 2342/2759/2278 2343/2761/2280 2416/2970/2443 2417/2969/2442
f 2343/2761/2280 2344/2763/2282 2415/2971/2444 2416/2970/2443
f 2344/2763/2282 2345/2765/2284 2414/2972/2445 2415/2971/2444
f 2345/2765/2284 2336/2746/2267 2413/2963/2437 2414/2972/2445
f 2347/2973/2446 2346/2974/2447 2233/2787/2306 2242/2802/2319
f 2348/2975/2448 2347/2973/2446 2242/2802/2319 2241/2800/2317
f 2349/2976/2449 2348/2975/2448 2241/2800/2317 2240/2798/2315
f 2350/2977/2450 2349/2976/2449 2240/2798/2315 2239/2796/2313
f 2351/2978/2451 2350/2977/2450 2239/2796/2313 2238/2794/2311
f 2352/2979/2452 2351/2978/2451 2238/2794/2311 2237/2792/2309
f 2353/2980/2453 2352/2979/2452 2237/2792/2309 2236/2791/2308
f 2354/2981/2454 2353/2982/2453 2236/2789/2308 2235/2788/2307
f 2355/2983/2455 2354/2981/2454 2235/2788/2307 2234/2786/2305
f 2346/2974/2447 2355/2983/2455 2234/2786/2305 2233/2787/2306
f 2204/2984/2245 2205/2985/2248 2357/2986/2456 2356/2987/2457
f 2205/2985/2248 2206/2988/2250 2358/2989/2458 2357/2986/2456
f 2206/2988/2250 2207/2990/2252 2359/2991/2459 2358/2989/2458
f 2207/2990/2252 2208/2992/2254 2360/2993/2460 2359/2991/2459
f 2208/2992/2254 2209/2994/2256 2361/2995/2461 2360/2993/2460
f 2209/2994/2256 2210/2996/2258 2362/2997/2462 2361/2995/2461
f 2210/2996/2258 2211/2998/2260 2363/2999/2463 2362/2997/2462
f 2211/3000/2260 2212/3001/2262 2364/3002/2464 2363/3003/2463
f 2212/3001/2262 2213/3004/2264 2365/3005/2465 2364/3002/2464
f 2213/3004/2264 2204/2984/2245 2356/2987/2457 2365/3005/2465
f 2356/2987/2457 2357/2986/2456 2367/3006/2466 2366/3007/2467
f 2357/2986/2456 2358/2989/2458 2391/3008/2468 2392/3009/2469 2367/3006/2466
f 2358/2989/2458 2359/2991/2459 2393/3010/2470 2391/3008/2468
f 2359/2991/2459 2360/2993/2460 2394/3011/2471 2393/3010/2470
f 2360/2993/2460 2361/2995/2461 2395/3012/2472 2394/3011/2471
f 2361/2995/2461 2362/2997/2462 2396/3013/2473 2395/3012/2472
f 2362/2997/2462 2363/2999/2463 2373/3014/2474 2397/3015/2475 2396/3013/2473
f 2363/3003/2463 2364/3002/2464 2374/3016/2476 2373/3017/2474
f 2364/3002/2464 2365/3005/2465 2375/3018/2477 2374/3016/2476
f 2365/3005/2465 2356/2987/2457 2366/3007/2467 2375/3018/2477
f 2369/3019/2478 2370/3020/2479 2399/3021/2480 2398/3022/2481
f 2370/3020/2479 2371/3023/2482 2400/3024/2483 2399/3021/2480
f 2369/3019/2478 2398/3022/2481 2401/3025/2484 2368/3026/2485
f 2371/3023/2482 2372/3027/2486 2402/3028/2487 2400/3024/2483
f 2432/3029/2488 2433/3030/2489 2397/3031/2475 2373/3032/2474
f 2375/3018/2477 2432/3029/2488 2373/3032/2474 2374/3016/2476
f 2382/2724/2247 2381/2723/2246 2346/2974/2447 2347/2973/2446
f 2383/2726/2249 2382/2724/2247 2347/2973/2446 2348/2975/2448
f 2384/2728/2251 2383/2726/2249 2348/2975/2448 2349/2976/2449
f 2385/2730/2253 2384/2728/2251 2349/2976/2449 2350/2977/2450
f 2386/2732/2255 2385/2730/2253 2350/2977/2450 2351/2978/2451
f 2387/2734/2257 2386/2732/2255 2351/2978/2451 2352/2979/2452
f 2388/2736/2259 2387/2734/2257 2352/2979/2452 2353/2980/2453
f 2389/2740/2261 2388/2739/2259 2353/2982/2453 2354/2981/2454
f 2390/2742/2263 2389/2740/2261 2354/2981/2454 2355/2983/2455
f 2381/2723/2246 2390/2742/2263 2355/2983/2455 2346/2974/2447
f 2392/3009/2469 2391/3008/2468 2368/3026/2485
f 2391/3008/2468 2393/3010/2470 2369/3019/2478 2368/3026/2485
f 2393/3010/2470 2394/3011/2471 2370/3020/2479 2369/3019/2478
f 2394/3011/2471 2395/3012/2472 2371/3023/2482 2370/3020/2479
f 2395/3012/2472 2396/3013/2473 2372/3027/2486 2371/3023/2482
f 2396/3013/2473 2397/3015/2475 2372/3027/2486
f 2397/3031/2475 2433/3030/2489 2434/3033/2490 2372/3034/2486
f 2398/3022/2481 2399/3021/2480 2377/3035/2491 2376/3036/2492
f 2399/3021/2480 2400/3024/2483 2378/3037/2493 2377/3035/2491
f 2401/3025/2484 2398/3022/2481 2376/3036/2492 2379/3038/2494
f 2400/3024/2483 2402/3028/2487 2380/3039/2495 2378/3037/2493
f 2434/3033/2490 2435/3040/2496 2402/3041/2487 2372/3034/2486
f 2403/2824/2340 2485/3042/2497 2486/3043/2498 2404/2825/2341
f 2404/2825/2341 2486/3043/2498 1332/3044/1340 1243/2952/1268
f 2292/2930/2420 2330/2926/2418 1110/2929/1251 1092/3045/1341
f 2332/2935/2425 2292/2930/2420 1092/3045/1341 1117/3046/1342
f 2406/2823/2339 2409/2822/2338 2299/2821/2337 2271/2840/2353
f 2407/2901/2395 2410/2903/2397 2284/2905/2399 2327/2904/2398
f 2273/2869/2374 2408/3047/2499 2411/3048/2500 2282/2897/2392
f 2498/2813/2329 2499/2816/2332 2314/2819/2335 2405/2814/2330
f 2299/2821/2337 2409/2822/2338 2405/2814/2330 2314/2819/2335
f 2273/2869/2374 2297/2887/2387 2412/3049/2501 2408/3047/2499
f 2495/2909/2403 2496/2902/2396 2407/2901/2395 2327/2904/2398
f 2284/2905/2399 2410/2903/2397 2406/2823/2339 2271/2840/2353
f 2187/3050/2223 2183/3051/2222 2485/3042/2497
f 2187/2688/2223 2214/3052/2502 2185/2704/2232 2193/2690/2225
f 1142/2889/1213 2321/2867/2372 2178/2677/2212 998/2699/1034
f 2187/3050/2223 2403/2824/2340 2215/2827/2343 2214/3053/2502
f 2414/2972/2445 2413/2963/2437 2189/3054/2233 2185/3055/2232
f 2415/2971/2444 2414/2972/2445 2185/3055/2232 2214/3056/2502
f 2416/2970/2443 2415/2971/2444 2214/3056/2502 2215/3057/2343
f 2417/2969/2442 2416/2970/2443 2215/3057/2343 2216/3058/2342
f 2418/2968/2441 2417/2969/2442 2216/3058/2342 2217/3059/2434
f 2419/2966/2440 2418/2968/2441 2217/3059/2434 2218/3060/2435
f 2420/2967/2439 2419/2966/2440 2218/3060/2435 2219/3061/2432
f 2421/2964/2438 2420/2965/2439 2219/3062/2432 2197/3063/2433
f 2422/2962/2436 2421/2964/2438 2197/3063/2433 2191/3064/2228
f 2189/3054/2233 2413/2963/2437 2422/2962/2436 2191/3064/2228
f 2487/2829/2345 2315/2828/2344 1262/3065/1348 1333/3066/1347
f 2303/2832/2348 2332/2935/2425 1117/3046/1342 1263/3067/1349
f 2315/2828/2344 2303/2832/2348 1263/3067/1349 1262/3065/1348
f 2376/3036/2492 2377/3035/2491 2424/3068/2503 2423/3069/2504
f 2377/3035/2491 2378/3037/2493 2426/3070/2505 2425/3071/2506
f 2379/3038/2494 2376/3036/2492 2423/3069/2504 2427/3072/2507
f 2378/3037/2493 2380/3039/2495 2428/3073/2508 2426/3070/2505
f 2377/3035/2491 2425/3071/2506 2430/3074/2509 2429/3075/2510
f 2424/3068/2503 2377/3035/2491 2429/3075/2510 2431/3076/2511
f 2428/3077/2508 2380/3078/2495 2429/3079/2510 2430/3080/2509
f 2379/3081/2494 2427/3082/2507 2431/3083/2511 2429/3079/2510
f 2424/3068/2503 2431/3076/2511 2427/3072/2507 2423/3069/2504
f 2426/3070/2505 2428/3073/2508 2430/3074/2509 2425/3071/2506
f 2367/3084/2466 2432/3029/2488 2375/3018/2477 2366/3007/2467
f 2367/3084/2466 2392/3085/2469 2433/3030/2489 2432/3029/2488
f 2434/3033/2490 2433/3030/2489 2392/3085/2469 2368/3086/2485
f 2401/3087/2484 2435/3040/2496 2434/3033/2490 2368/3086/2485
f 2379/3081/2494 2429/3079/2510 2435/3040/2496 2401/3087/2484
f 2402/3041/2487 2435/3040/2496 2429/3079/2510 2380/3078/2495
f 2436/3088/2512 2309/2877/2379 2319/2855/2362 2325/2858/2363
f 2552/3089/2513 2553/2865/2370 2134/2864/2369 2133/3090/2514
f 2563/3091/2515 2552/3089/2513 2133/3090/2514 2132/3092/2516
f 2562/3093/2517 2563/3091/2515 2132/3092/2516 2119/3094/2518
f 2175/2684/2219 2176/2676/2211 2439/2685/2220 2440/2681/2216
f 2119/3094/2518 2459/3095/2519 2561/3096/2520 2562/3093/2517
f 2559/3097/2521 2560/3098/2522 2118/3099/2523 2117/3100/2524
f 2558/3101/2525 2559/3097/2521 2117/3100/2524 2455/3102/2526
f 2460/3103/2527 2461/3104/2528 2446/2624/2163 2445/2623/2162
f 2461/3104/2528 2462/3105/2529 2447/2627/2166 2446/2624/2163
f 2462/3105/2529 2463/3106/2530 2448/2629/2168 2447/2627/2166
f 2463/3106/2530 2464/3107/2531 2449/2631/2170 2448/2629/2168
f 2465/3108/2532 2466/3109/2533 2450/2635/2174 2456/2634/2173
f 2466/3109/2533 2467/3110/2534 2451/2637/2176 2450/2635/2174
f 2468/3111/2535 2469/3112/2536 2452/2641/2180 2454/2640/2179
f 2453/2646/2183 2452/2645/2180 2469/3113/2536 2470/3114/2537
f 2471/3115/2538 2460/3103/2527 2445/2623/2162 2458/2648/2185
f 2443/2847/2358 2318/2846/2357 2308/2851/2360 2442/2854/2361
f 2451/2637/2176 2454/2640/2179 2128/2639/2178 2127/2638/2177
f 2467/3110/2534 2468/3111/2535 2454/2640/2179 2451/2637/2176
f 2449/2631/2170 2456/2634/2173 2125/2633/2172 2124/2632/2171
f 2464/3107/2531 2465/3108/2532 2456/2634/2173 2449/2631/2170
f 2453/2646/2183 2458/2648/2185 2131/2647/2184 2130/2643/2182
f 2470/3114/2537 2471/3115/2538 2458/2648/2185 2453/2646/2183
f 2557/3116/2539 2558/3101/2525 2455/3102/2526 2116/3117/2540
f 2436/3088/2512 2325/2858/2363 2307/2845/2356 2444/2848/2359
f 2556/2860/2365 2557/3116/2539 2116/3117/2540 2136/2861/2366
f 2554/3118/2371 2555/2859/2364 2457/2862/2367 2135/3119/2368
f 2560/3120/2522 2561/3096/2520 2459/3095/2519 2118/3121/2523
f 2564/3122/2541 2565/3123/2542 2461/3104/2528 2460/3103/2527
f 2565/3123/2542 2566/3124/2543 2462/3105/2529 2461/3104/2528
f 2566/3124/2543 2567/3125/2544 2463/3106/2530 2462/3105/2529
f 2567/3125/2544 2568/3126/2545 2464/3107/2531 2463/3106/2530
f 2568/3126/2545 2569/3127/2546 2465/3108/2532 2464/3107/2531
f 2569/3127/2546 2570/3128/2547 2466/3109/2533 2465/3108/2532
f 2570/3128/2547 2571/3129/2548 2467/3110/2534 2466/3109/2533
f 2571/3129/2548 2572/3130/2549 2468/3111/2535 2467/3110/2534
f 2572/3130/2549 2573/3131/2550 2469/3112/2536 2468/3111/2535
f 2470/3114/2537 2469/3113/2536 2573/3132/2550 2574/3133/2551
f 2574/3133/2551 2575/3134/2552 2471/3115/2538 2470/3114/2537
f 2575/3134/2552 2564/3122/2541 2460/3103/2527 2471/3115/2538
f 2247/2793/2310 2482/2804/2321 2246/2790/2292
f 2262/2784/2303 2261/2780/2299 2481/2783/2302
f 2177/2686/2221 2439/2685/2220 2176/2676/2211 2180/2675/2210
f 2186/2706/2234 2473/2700/2230 2192/2703/2231 2173/2670/2205
f 2202/2721/2244 2472/3135/2553 2190/2666/2201 2199/2669/2204
f 2475/3136/2554 1318/3137/1402 1315/2701/1038 2473/2700/2230
f 2473/2700/2230 2186/2706/2234 2474/3138/2555 2475/3136/2554
f 2476/3139/2556 2472/3135/2553 2202/2721/2244 2200/2716/2240
f 2188/2692/2227 2474/3138/2555 2186/2706/2234 2184/2689/2224
f 2190/2666/2201 2472/3135/2553 2474/3138/2555 2188/2692/2227
f 2200/2716/2240 1008/2715/1050 1319/3140/1405 2476/3139/2556
f 1319/3140/1405 1318/3137/1402 2475/3136/2554 2476/3139/2556
f 2474/3138/2555 2472/3135/2553 2476/3139/2556 2475/3136/2554
f 2138/2649/2186 2477/2657/2193 2161/2662/2197 2137/2650/2187
f 2139/2651/2188 2478/2521/2081 2477/2657/2193 2138/2649/2186
f 2140/2652/2189 2479/2519/2079 2478/2521/2081 2139/2651/2188
f 2141/2518/2078 2479/2519/2079 2140/2652/2189
f 2141/2518/2078 2159/2517/2077 2479/2519/2079
f 2156/2660/2195 2480/2610/2147 2114/2609/2150 2155/2661/2196
f 2157/2603/2144 2480/2606/2147 2156/2659/2195
f 2146/2655/2148 2480/2606/2147 2145/2605/2146
f 2251/2801/2318 2481/2783/2302 2232/2782/2301 2250/2799/2316
f 2262/2784/2303 2481/2783/2302 2252/2785/2304
f 2252/2785/2304 2481/2783/2302 2251/2801/2318
f 2257/2809/2325 2482/2804/2321 2230/2803/2320 2258/2810/2326
f 2256/2808/2291 2482/2804/2321 2257/2809/2325
f 2246/2790/2292 2482/2804/2321 2256/2808/2291
f 2483/3141/2557 2174/2852/2218 2308/2851/2360
f 2308/2851/2360 2318/2846/2357 2484/3142/2558 2483/3141/2557
f 2318/2846/2357 1137/2850/1176 1329/3143/1408 2484/3142/2558
f 2483/3141/2557 2485/3042/2497 2183/3051/2222
f 2484/3142/2558 2486/3043/2498 2485/3042/2497 2483/3141/2557
f 1329/3143/1408 1332/3044/1340 2486/3043/2498 2484/3142/2558
f 1095/3144/1409 2301/3145/2559 2487/2829/2345 1333/3066/1347
f 2488/2830/2346 2487/2829/2345 2301/3145/2559 2278/3146/2560
f 2293/3147/2561 2489/2932/2422 2488/2830/2346 2278/3146/2560
f 2276/3148/2562 2490/2924/2416 2489/2932/2422 2293/3147/2561
f 2287/3149/2563 2491/2914/2406 2490/2924/2416 2276/3148/2562
f 1554/3150/1576 2492/2915/2407 2491/2914/2406 2287/3149/2563
f 2296/2948/2431 2493/2942/2428 2492/2945/2407 1554/2949/1576
f 2281/2898/2393 2494/2908/2402 2493/2942/2428 2296/2948/2431
f 2282/2897/2392 2495/2909/2403 2494/2908/2402 2281/2898/2393
f 2282/2897/2392 2411/3048/2500 2496/2902/2396 2495/2909/2403
f 2497/2812/2328 2496/2902/2396 2411/3048/2500 2408/3047/2499
f 2408/3047/2499 2412/3049/2501 2498/2813/2329 2497/2812/2328
f 2412/3049/2501 2297/2887/2387 2499/2816/2332 2498/2813/2329
f 2297/2887/2387 2274/2886/2386 2500/2817/2333 2499/2816/2332
f 2274/2886/2386 2306/2891/2389 2501/2841/2354 2500/2817/2333
f 2501/2841/2354 2306/2891/2389 1088/2894/1215 1349/2844/1171
f 2504/3151/2564 2506/2919/2411 2275/2918/2410 2289/2927/2419
f 2514/3152/2565 2507/2922/2414 2505/2921/2413 2513/3153/2566
f 2288/2916/2408 2509/2920/2412 2505/2921/2413 2329/2917/2409
f 2513/3153/2566 2510/3154/2567 2511/3155/2568 2512/3156/2569
f 2290/2923/2415 2507/2922/2414 2508/3157/2570 2277/2931/2421
f 2277/2931/2421 2508/3157/2570 2504/3151/2564 2289/2927/2419
f 2509/2920/2412 2506/2919/2411 2511/3155/2568 2510/3154/2567
f 2512/3156/2569 2511/3155/2568 2506/2919/2411 2504/3151/2564
f 2512/3156/2569 2515/3158/2571 2514/3152/2565 2513/3153/2566
f 2509/2920/2412 2510/3154/2567 2513/3153/2566 2505/2921/2413
f 2504/3151/2564 2508/3157/2570 2515/3158/2571 2512/3156/2569
f 2515/3158/2571 2508/3157/2570 2507/2922/2414 2514/3152/2565
f 2187/3050/2223 2485/3042/2497 2403/2824/2340
f 2483/3141/2557 2183/3051/2222 2174/2852/2218
f 1555/3159/1577 1554/3160/1576 2516/3161/2572 2517/3162/2573
f 1556/3163/1578 1555/3159/1577 2517/3162/2573 2518/3164/2574
f 1557/3165/1581 1556/3163/1578 2518/3164/2574 2519/3166/2575
f 1558/3167/1582 1557/3165/1581 2519/3166/2575 2520/3168/2576
f 1559/3169/1583 1558/3167/1582 2520/3168/2576 2521/3170/2577
f 359/3171/383 1559/3169/1583 2521/3170/2577 1370/3172/1429
f 2517/3162/2573 2516/3161/2572 2522/3173/2578 2523/3174/2579
f 2518/3164/2574 2517/3162/2573 2523/3174/2579 2524/3175/2580
f 2519/3166/2575 2518/3164/2574 2524/3175/2580 2525/3176/2581
f 1377/3177/1434 2520/3168/2576 2526/3178/2582 1375/3179/1435
f 1370/3172/1429 2521/3170/2577 2520/3168/2576 1377/3177/1434
f 2525/3176/2581 2524/3175/2580 2527/3180/2583 2526/3178/2582
f 2526/3178/2582 2527/3180/2583 1378/3181/1438 1375/3179/1435
f 2520/3168/2576 2519/3166/2575 2525/3176/2581 2526/3178/2582
f 2524/3175/2580 2523/3174/2579 2528/3182/2584 2527/3180/2583
f 2523/3174/2579 2522/3173/2578 2529/3183/2585 2528/3182/2584
f 1378/3181/1438 2527/3180/2583 2528/3182/2584 1382/3184/1441
f 1382/3184/1441 2528/3182/2584 2529/3183/2585 1383/3185/1442
f 1554/3186/1576 2287/3187/2563 2530/3188/2586 2516/3161/2572
f 2287/3189/2563 2276/3190/2562 2531/3191/2587 2530/3188/2586
f 2276/3190/2562 2293/3192/2561 2532/3193/2588 2531/3191/2587
f 2293/3192/2561 2278/3194/2560 2533/3195/2589 2532/3193/2588
f 2278/3194/2560 2301/3196/2559 2534/3197/2590 2533/3195/2589
f 2301/3196/2559 1095/3198/1409 1389/3199/1448 2534/3197/2590
f 2516/3161/2572 2530/3188/2586 2536/3200/2591 2535/3201/2592
f 2530/3188/2586 2531/3191/2587 2537/3202/2593 2536/3200/2591
f 2531/3191/2587 2532/3193/2588 2538/3203/2594 2537/3202/2593
f 2532/3193/2588 2533/3195/2589 2539/3204/2595 2538/3203/2594
f 2533/3195/2589 2534/3197/2590 2540/3205/2596 2539/3204/2595
f 2534/3197/2590 1389/3199/1448 1396/3206/1455 2540/3205/2596
f 2535/3201/2592 2536/3200/2591 2542/3207/2597 2541/3208/2598
f 2536/3200/2591 2537/3202/2593 2543/3209/2599 2542/3207/2597
f 2537/3202/2593 2538/3203/2594 2544/3210/2600 2543/3209/2599
f 2538/3203/2594 2539/3204/2595 2545/3211/2601 2544/3210/2600
f 2539/3204/2595 2540/3205/2596 2546/3212/2602 2545/3211/2601
f 2540/3205/2596 1396/3206/1455 1403/3213/1462 2546/3212/2602
f 2541/3208/2598 2542/3207/2597 1405/3214/1464 1404/3215/1463
f 2542/3207/2597 2543/3209/2599 1406/3216/1465 1405/3214/1464
f 2543/3209/2599 2544/3210/2600 1407/3217/1466 1406/3216/1465
f 2544/3210/2600 2545/3211/2601 1408/3218/1467 1407/3217/1466
f 1408/3218/1467 2545/3211/2601 2546/3212/2602 1403/3213/1462
f 2547/2871/2376 1409/2874/1198 1144/3219/1200 2322/3220/2378
f 2548/2872/2377 2547/2871/2376 2322/3220/2378 2312/3221/2380
f 2312/3221/2380 2323/3222/2382 2549/2884/2384 2548/2872/2377
f 2323/3222/2382 2313/3223/2383 2550/2885/2385 2549/2884/2384
f 2313/3223/2383 2324/3224/2388 2551/2892/2390 2550/2885/2385
f 1415/2893/1216 2551/2892/2390 2324/3224/2388 1147/3225/1212
f 2310/2868/2373 2553/2865/2370 2552/3089/2513 2437/2678/2213
f 2554/2866/2371 2553/2865/2370 2310/2868/2373 2320/2883/2381
f 2309/2877/2379 2555/2859/2364 2554/3118/2371 2320/2879/2381
f 2309/2877/2379 2436/3088/2512 2556/2860/2365 2555/2859/2364
f 2436/3088/2512 2444/2848/2359 2557/3116/2539 2556/2860/2365
f 2443/2847/2358 2558/3101/2525 2557/3116/2539 2444/2848/2359
f 2443/2847/2358 2442/2854/2361 2559/3097/2521 2558/3101/2525
f 2442/2854/2361 2441/2853/2217 2560/3098/2522 2559/3097/2521
f 2440/2681/2216 2561/3096/2520 2560/3120/2522 2441/2682/2217
f 2562/3093/2517 2561/3096/2520 2440/2681/2216 2439/2685/2220
f 2439/2685/2220 2438/2679/2214 2563/3091/2515 2562/3093/2517
f 2438/2679/2214 2437/2678/2213 2552/3089/2513 2563/3091/2515
f 2132/3226/2516 2565/3123/2542 2564/3122/2541 2119/3227/2518
f 2133/3228/2514 2566/3124/2543 2565/3123/2542 2132/3226/2516
f 2134/3229/2369 2567/3125/2544 2566/3124/2543 2133/3228/2514
f 2135/3230/2368 2568/3126/2545 2567/3125/2544 2134/3229/2369
f 2457/3231/2367 2569/3127/2546 2568/3126/2545 2135/3230/2368
f 2136/3232/2366 2570/3128/2547 2569/3127/2546 2457/3231/2367
f 2116/3233/2540 2571/3129/2548 2570/3128/2547 2136/3232/2366
f 2455/3234/2526 2572/3130/2549 2571/3129/2548 2116/3233/2540
f 2117/3235/2524 2573/3131/2550 2572/3130/2549 2455/3234/2526
f 2574/3133/2551 2573/3132/2550 2117/3236/2524 2118/3237/2523
f 2459/3238/2519 2575/3134/2552 2574/3133/2551 2118/3237/2523
f 2119/3227/2518 2564/3122/2541 2575/3134/2552 2459/3238/2519
f 2576/3239/2603 2503/3240/2235 992/3241/1045 1440/3242/1469
f 1011/2714/1051 2201/2713/2239 2579/2719/2242 1446/3243/1470
f 1442/2707/1042 2578/2710/2236 2197/3244/2433 993/3245/1271
f 2502/2694/2229 2577/3246/2241 2196/2711/2237 2198/2668/2203
f 2502/2694/2229 2578/2710/2236 2503/2709/2235 2577/3246/2241
f 2197/3244/2433 2578/2710/2236 2502/2694/2229 2191/2693/2228
f 2579/2719/2242 2577/2718/2241 2503/3240/2235 2576/3239/2603
f 1446/3243/1470 2579/2719/2242 2576/3239/2603 1440/3242/1469
f 2522/3173/2578 2516/3161/2572 2580/3247/2604 2581/3248/2605
f 2581/3248/2605 2580/3247/2604 1449/3249/1474 1450/3250/1473
f 2516/3161/2572 2535/3201/2592 2582/3251/2606 2580/3247/2604
f 2529/3183/2585 2522/3173/2578 2581/3248/2605 2583/3252/2607
f 2529/3183/2585 2583/3252/2607 1453/3253/1477 1383/3185/1442
f 2535/3201/2592 2541/3208/2598 2584/3254/2608 2582/3251/2606
f 2584/3254/2608 2541/3208/2598 1404/3215/1463 1455/3255/1479
f 1449/3249/1474 2580/3247/2604 2585/3256/2609 1456/3257/1480
f 1453/3253/1477 2583/3252/2607 2581/3248/2605 1450/3250/1473
f 1456/3257/1480 2585/3256/2609 2584/3254/2608 1455/3255/1479
f 2585/3256/2609 2580/3247/2604 2582/3251/2606 2584/3254/2608
s 146
f 2586/3258/2610 2587/3259/2611 2597/3260/2612 2596/3261/2613
f 2587/3259/2611 2588/3262/2614 2598/3263/2615 2597/3260/2612
f 2588/3262/2614 2589/3264/2616 2599/3265/2617 2598/3263/2615
f 2589/3264/2616 2590/3266/2618 2600/3267/2619 2599/3265/2617
f 2590/3266/2618 2591/3268/2620 2601/3269/2621 2600/3267/2619
f 2591/3268/2620 2592/3270/2622 2602/3271/2623 2601/3269/2621
f 2592/3270/2622 2593/3272/2624 2603/3273/2625 2602/3271/2623
f 2593/3272/2624 2594/3274/2626 2604/3275/2627 2603/3273/2625
f 2594/3274/2626 2595/3276/2628 2605/3277/2629 2604/3275/2627
f 2595/3276/2628 2586/3278/2610 2596/3279/2613 2605/3277/2629
f 2596/3261/2613 2597/3260/2612 2607/3280/2630 2606/3281/2631
f 2597/3260/2612 2598/3263/2615 2608/3282/2632 2607/3280/2630
f 2598/3263/2615 2599/3265/2617 2609/3283/2633 2608/3282/2632
f 2599/3265/2617 2600/3267/2619 2610/3284/2634 2609/3283/2633
f 2600/3267/2619 2601/3269/2621 2611/3285/2635 2610/3284/2634
f 2601/3269/2621 2602/3271/2623 2612/3286/2636 2611/3285/2635
f 2602/3271/2623 2603/3273/2625 2613/3287/2637 2612/3286/2636
f 2603/3273/2625 2604/3275/2627 2614/3288/2638 2613/3287/2637
f 2604/3275/2627 2605/3277/2629 2615/3289/2639 2614/3288/2638
f 2605/3277/2629 2596/3279/2613 2606/3290/2631 2615/3289/2639
f 2606/3281/2631 2607/3280/2630 2617/3291/2640 2616/3292/2641
f 2607/3280/2630 2608/3282/2632 2618/3293/2642 2617/3291/2640
f 2608/3282/2632 2609/3283/2633 2619/3294/2643 2618/3293/2642
f 2609/3283/2633 2610/3284/2634 2620/3295/2644 2619/3294/2643
f 2610/3284/2634 2611/3285/2635 2621/3296/2645 2620/3295/2644
f 2611/3285/2635 2612/3286/2636 2622/3297/2646 2621/3296/2645
f 2612/3286/2636 2613/3287/2637 2623/3298/2647 2622/3297/2646
f 2613/3287/2637 2614/3288/2638 2624/3299/2648 2623/3298/2647
f 2614/3288/2638 2615/3289/2639 2625/3300/2649 2624/3299/2648
f 2615/3289/2639 2606/3290/2631 2616/3301/2641 2625/3300/2649
f 2616/3292/2641 2617/3291/2640 2627/3302/2650 2626/3303/2651
f 2617/3291/2640 2618/3293/2642 2628/3304/2652 2627/3302/2650
f 2618/3293/2642 2619/3294/2643 2629/3305/2653 2628/3304/2652
f 2619/3294/2643 2620/3295/2644 2630/3306/2654 2629/3305/2653
f 2620/3295/2644 2621/3296/2645 2631/3307/2655 2630/3306/2654
f 2621/3296/2645 2622/3297/2646 2632/3308/2656 2631/3307/2655
f 2622/3297/2646 2623/3298/2647 2633/3309/2657 2632/3308/2656
f 2623/3298/2647 2624/3299/2648 2634/3310/2658 2633/3309/2657
f 2624/3299/2648 2625/3300/2649 2635/3311/2659 2634/3310/2658
f 2625/3300/2649 2616/3301/2641 2626/3312/2651 2635/3311/2659
f 2626/3303/2651 2627/3302/2650 2637/3313/2660 2636/3314/2661
f 2627/3302/2650 2628/3304/2652 2638/3315/2662 2637/3313/2660
f 2628/3304/2652 2629/3305/2653 2639/3316/2663 2638/3315/2662
f 2629/3305/2653 2630/3306/2654 2640/3317/2664 2639/3316/2663
f 2630/3306/2654 2631/3307/2655 2641/3318/2665 2640/3317/2664
f 2631/3307/2655 2632/3308/2656 2642/3319/2666 2641/3318/2665
f 2632/3308/2656 2633/3309/2657 2643/3320/2667 2642/3319/2666
f 2633/3309/2657 2634/3310/2658 2644/3321/2668 2643/3320/2667
f 2634/3310/2658 2635/3311/2659 2645/3322/2669 2644/3321/2668
f 2635/3311/2659 2626/3312/2651 2636/3323/2661 2645/3322/2669
f 2636/3314/2661 2637/3313/2660 2647/3324/2670 2646/3325/2671
f 2637/3313/2660 2638/3315/2662 2648/3326/2672 2647/3324/2670
f 2638/3315/2662 2639/3316/2663 2649/3327/2673 2648/3326/2672
f 2639/3316/2663 2640/3317/2664 2650/3328/2674 2649/3327/2673
f 2640/3317/2664 2641/3318/2665 2651/3329/2675 2650/3328/2674
f 2641/3318/2665 2642/3319/2666 2652/3330/2676 2651/3329/2675
f 2642/3319/2666 2643/3320/2667 2653/3331/2677 2652/3330/2676
f 2643/3320/2667 2644/3321/2668 2654/3332/2678 2653/3331/2677
f 2644/3321/2668 2645/3322/2669 2655/3333/2679 2654/3332/2678
f 2645/3322/2669 2636/3323/2661 2646/3334/2671 2655/3333/2679
f 2646/3325/2671 2647/3324/2670 2657/3335/2680 2656/3336/2681
f 2647/3324/2670 2648/3326/2672 2658/3337/2682 2657/3335/2680
f 2648/3326/2672 2649/3327/2673 2659/3338/2683 2658/3337/2682
f 2649/3327/2673 2650/3328/2674 2660/3339/2684 2659/3338/2683
f 2650/3328/2674 2651/3329/2675 2661/3340/2685 2660/3339/2684
f 2651/3329/2675 2652/3330/2676 2662/3341/2686 2661/3340/2685
f 2652/3330/2676 2653/3331/2677 2663/3342/2687 2662/3341/2686
f 2653/3331/2677 2654/3332/2678 2664/3343/2688 2663/3342/2687
f 2654/3332/2678 2655/3333/2679 2665/3344/2689 2664/3343/2688
f 2655/3333/2679 2646/3334/2671 2656/3345/2681 2665/3344/2689
f 2656/3336/2681 2657/3335/2680 2667/3346/2690 2666/3347/2691
f 2657/3335/2680 2658/3337/2682 2668/3348/2692 2667/3346/2690
f 2658/3337/2682 2659/3338/2683 2669/3349/2693 2668/3348/2692
f 2659/3338/2683 2660/3339/2684 2670/3350/2694 2669/3349/2693
f 2660/3339/2684 2661/3340/2685 2671/3351/2695 2670/3350/2694
f 2661/3340/2685 2662/3341/2686 2672/3352/2696 2671/3351/2695
f 2662/3341/2686 2663/3342/2687 2673/3353/2697 2672/3352/2696
f 2663/3342/2687 2664/3343/2688 2674/3354/2698 2673/3353/2697
f 2664/3343/2688 2665/3344/2689 2675/3355/2699 2674/3354/2698
f 2665/3344/2689 2656/3345/2681 2666/3356/2691 2675/3355/2699
f 2587/3259/2611 2586/3258/2610 2676/3357/2700
f 2588/3262/2614 2587/3259/2611 2676/3358/2700
f 2589/3264/2616 2588/3262/2614 2676/3359/2700
f 2590/3266/2618 2589/3264/2616 2676/3360/2700
f 2591/3268/2620 2590/3266/2618 2676/3361/2700
f 2592/3270/2622 2591/3268/2620 2676/3362/2700
f 2593/3272/2624 2592/3270/2622 2676/3363/2700
f 2594/3274/2626 2593/3272/2624 2676/3364/2700
f 2595/3276/2628 2594/3274/2626 2676/3365/2700
f 2586/3278/2610 2595/3276/2628 2676/3366/2700
f 2666/3347/2691 2667/3346/2690 2677/3367/2701
f 2667/3346/2690 2668/3348/2692 2677/3368/2701
f 2668/3348/2692 2669/3349/2693 2677/3369/2701
f 2669/3349/2693 2670/3350/2694 2677/3370/2701
f 2670/3350/2694 2671/3351/2695 2677/3371/2701
f 2671/3351/2695 2672/3352/2696 2677/3372/2701
f 2672/3352/2696 2673/3353/2697 2677/3373/2701
f 2673/3353/2697 2674/3354/2698 2677/3374/2701
f 2674/3354/2698 2675/3355/2699 2677/3375/2701
f 2675/3355/2699 2666/3356/2691 2677/3376/2701
