# This file uses centimeters as units for non-parametric coordinates.

mtllib Flowapatch.mtl
g default
v -4.158012 0.106338 -2.678241
v -3.782733 0.207527 -2.625099
v -4.102413 0.099310 -3.054178
v -3.728539 0.205634 -3.002153
v -3.935355 0.076032 -2.837407
v -3.970372 0.156566 -2.651670
v -4.130915 0.103327 -2.866767
v -3.915790 0.151457 -3.028416
v -3.755636 0.207405 -2.813626
v -1.848802 0.497146 -0.606709
v -1.551060 0.518250 -0.437314
v -1.677461 0.550801 -0.903746
v -1.379720 0.562510 -0.734351
v -1.616471 0.474617 -0.676557
v -1.699931 0.508467 -0.522012
v -1.763132 0.523476 -0.755228
v -1.528590 0.557714 -0.819049
v -1.465390 0.540004 -0.585833
v -4.158583 0.107207 -2.677908
v -3.782461 0.208484 -2.624648
v -4.102863 0.100162 -3.054692
v -3.728146 0.206573 -3.002548
v -3.935830 0.080836 -2.837574
v -3.970522 0.157464 -2.651278
v -4.131425 0.104135 -2.866858
v -3.915818 0.152353 -3.028871
v -3.755303 0.208354 -2.813598
v -3.739347 0.164749 -0.668879
v -3.303561 0.267664 -0.670896
v -3.742996 0.168114 -1.105785
v -3.307211 0.271578 -1.107802
v -3.516956 0.143509 -0.891695
v -3.521454 0.215008 -0.669888
v -3.741171 0.167025 -0.887332
v -3.525103 0.218631 -1.106793
v -3.305386 0.270541 -0.889349
v -3.873745 0.199933 -1.675513
v -3.675678 0.234146 -1.103948
v -3.302180 0.304826 -1.873580
v -3.104113 0.327199 -1.302015
v -3.488929 0.137629 -1.488764
v -3.774712 0.208046 -1.389730
v -3.587962 0.250083 -1.774546
v -3.203146 0.317140 -1.587797
v -3.389895 0.273857 -1.202981
v -2.810985 0.455636 -3.885058
v -2.212899 0.492333 -3.824356
v -2.756740 0.284981 -4.470447
v -2.163341 0.317609 -4.413472
v -2.500449 0.271465 -4.124692
v -2.512049 0.479347 -3.854792
v -2.784566 0.373778 -4.178316
v -2.461518 0.304794 -4.443140
v -2.188120 0.409446 -4.118914
v -4.712170 0.021003 -0.364261
v -4.290425 0.130031 -0.375169
v -4.733313 0.083772 -0.784195
v -4.311568 0.192297 -0.795103
v -4.499409 0.021292 -0.595128
v -4.501298 0.075510 -0.369715
v -4.722742 0.053670 -0.574228
v -4.522441 0.138343 -0.789649
v -4.300997 0.162467 -0.585136
v -3.326660 0.241806 -2.006933
v -3.013851 0.301420 -2.006933
v -3.326660 0.245138 -2.319741
v -3.013851 0.301849 -2.319741
v -3.170255 0.209257 -2.163337
v -3.170255 0.271381 -2.006933
v -3.326660 0.243458 -2.163337
v -3.170255 0.272561 -2.319741
v -3.013851 0.301924 -2.163337
v -2.883361 0.321211 -0.386192
v -2.524377 0.392813 -0.751213
v -3.246861 0.318641 -0.741393
v -2.887877 0.384997 -1.106414
v -2.892829 0.250509 -0.757099
v -2.703869 0.355391 -0.568703
v -3.065111 0.320976 -0.563793
v -3.067369 0.349587 -0.923904
v -2.706127 0.390407 -0.928814
v -2.916630 0.437207 -2.753057
v -2.391360 0.439696 -2.758417
v -2.930934 0.388661 -3.284546
v -2.405664 0.376158 -3.289906
v -2.680197 0.305367 -3.011299
v -2.653995 0.438685 -2.755737
v -2.923782 0.414790 -3.018802
v -2.668299 0.384586 -3.287226
v -2.398512 0.408533 -3.024162
v -3.738813 0.165584 -0.669452
v -3.304233 0.268397 -0.671464
v -3.742452 0.168895 -1.105149
v -3.307872 0.272257 -1.107160
v -3.517102 0.145242 -0.891618
v -3.521523 0.215791 -0.670458
v -3.740632 0.167833 -0.887301
v -3.525162 0.219362 -1.106155
v -3.306053 0.271247 -0.889312
v -2.811564 0.457161 -3.884743
v -2.212135 0.493818 -3.823904
v -2.757209 0.286306 -4.471456
v -2.162466 0.318733 -4.414343
v -2.499659 0.278951 -4.126171
v -2.511956 0.480889 -3.854408
v -2.785091 0.375241 -4.178662
v -2.461314 0.305963 -4.444080
v -2.187300 0.410795 -4.119123
v -2.883451 0.320086 -0.387126
v -2.525271 0.391644 -0.751330
v -3.246137 0.317431 -0.741532
v -2.887957 0.383663 -1.105736
v -2.893284 0.243996 -0.757780
v -2.704361 0.354252 -0.569228
v -3.064794 0.319781 -0.564329
v -3.067047 0.348306 -0.923634
v -2.706614 0.389164 -0.928533
v -4.639580 0.023069 -3.402274
v -4.190563 0.181409 -3.388589
v -4.589414 -0.048248 -3.847666
v -4.145998 0.111974 -3.838627
v -4.373833 -0.026300 -3.607736
v -4.415192 0.100294 -3.395538
v -4.615347 -0.012492 -3.625681
v -4.367747 0.029913 -3.843194
v -4.169082 0.148071 -3.614271
v -3.626140 0.290549 -2.572863
v -3.003185 0.444367 -2.571198
v -3.615594 0.176299 -3.187213
v -2.993023 0.341107 -3.185851
v -3.299716 0.187446 -2.855607
v -3.314662 0.365685 -2.572030
v -3.621059 0.235267 -2.880189
v -3.304500 0.259017 -3.186683
v -2.998104 0.393181 -2.878525
v -4.482314 0.030052 -1.953196
v -3.955744 0.205444 -1.905189
v -4.441500 0.080672 -2.488070
v -3.914930 0.262619 -2.440062
v -4.176809 0.035676 -2.203742
v -4.219029 0.116613 -1.929192
v -4.461907 0.056058 -2.220633
v -4.178215 0.170350 -2.464066
v -3.935337 0.235232 -2.172625
v -3.626962 0.291855 -2.572442
v -3.002608 0.446008 -2.570774
v -3.616393 0.177584 -3.188172
v -2.992423 0.342592 -3.186806
v -3.300307 0.195241 -2.857031
v -3.314785 0.367273 -2.571608
v -3.621869 0.236623 -2.880458
v -3.304600 0.260355 -3.187641
v -2.997516 0.394716 -2.878790
v -3.492414 0.242780 0.739436
v -3.036309 0.308204 0.685461
v -3.541728 0.307357 0.296106
v -3.088261 0.375081 0.241896
v -3.290695 0.214351 0.472509
v -3.264241 0.275022 0.712429
v -3.516642 0.273586 0.517867
v -3.314730 0.340258 0.269012
v -3.061792 0.341095 0.463758
v -4.640338 0.024109 -3.401920
v -4.190294 0.182641 -3.388189
v -4.590105 -0.047646 -3.848348
v -4.145665 0.113097 -3.839267
v -4.374965 -0.020537 -3.608494
v -4.415436 0.101437 -3.395161
v -4.616073 -0.011515 -3.625846
v -4.367929 0.031014 -3.843857
v -4.168781 0.149256 -3.614390
v -3.872883 0.198493 -1.675095
v -3.675260 0.232706 -1.104810
v -3.302598 0.303328 -1.872718
v -3.104975 0.325737 -1.302433
v -3.488929 0.129952 -1.488764
v -3.774071 0.206900 -1.389952
v -3.587740 0.248642 -1.773906
v -3.203786 0.315699 -1.587575
v -3.390117 0.272416 -1.203621
v -2.306542 0.479515 -1.513611
v -1.860697 0.498751 -1.538637
v -2.330508 0.492149 -1.963360
v -1.884664 0.511763 -1.988387
v -2.108309 0.401030 -1.752340
v -2.083620 0.489403 -1.526124
v -2.318525 0.485652 -1.738486
v -2.107586 0.502556 -1.975873
v -1.872680 0.505187 -1.763512
v -3.099993 0.274396 -1.364764
v -2.661514 0.342720 -1.327328
v -3.060536 0.352101 -1.799539
v -2.622058 0.419159 -1.762102
v -2.863660 0.255761 -1.576060
v -2.880753 0.308350 -1.346046
v -3.080265 0.314362 -1.582151
v -2.841297 0.386140 -1.780820
v -2.641786 0.382480 -1.544715
v -3.326309 0.241061 -2.007283
v -3.014202 0.300675 -2.007283
v -3.326309 0.244394 -2.319391
v -3.014202 0.301104 -2.319391
v -3.170255 0.205362 -2.163337
v -3.170255 0.270636 -2.007283
v -3.326309 0.242713 -2.163337
v -3.170255 0.271816 -2.319391
v -3.014202 0.301180 -2.163337
v -2.916283 0.435799 -2.753538
v -2.392190 0.438502 -2.758886
v -2.930555 0.387364 -3.283836
v -2.406462 0.374976 -3.289184
v -2.681398 0.298600 -3.010657
v -2.654236 0.437385 -2.756212
v -2.923419 0.413437 -3.018687
v -2.668508 0.383376 -3.286510
v -2.399326 0.407314 -3.024035
v -4.483196 0.030777 -1.952570
v -3.955445 0.206952 -1.904454
v -4.442291 0.081849 -2.488644
v -3.914539 0.264036 -2.440528
v -4.178117 0.042261 -2.203315
v -4.219320 0.117805 -1.928512
v -4.462743 0.056826 -2.220607
v -4.178415 0.171655 -2.464586
v -3.934992 0.236602 -2.172491
v -4.232706 0.046401 -3.823236
v -3.869879 0.157627 -3.792230
v -4.174420 0.002634 -4.184540
v -3.815775 0.114305 -4.157019
v -4.016492 0.017417 -3.983971
v -4.051549 0.100447 -3.807952
v -4.203877 0.024655 -4.004157
v -3.995300 0.057731 -4.170959
v -3.843198 0.136918 -3.974934
v -2.306872 0.480636 -1.513063
v -1.860027 0.499836 -1.538145
v -2.330893 0.493292 -1.963822
v -1.884047 0.512773 -1.988904
v -2.107547 0.406708 -1.752260
v -2.083450 0.490458 -1.525604
v -2.318883 0.486784 -1.738443
v -2.107470 0.503632 -1.976363
v -1.872037 0.506413 -1.763525
v -4.712760 0.021848 -0.363604
v -4.290068 0.131014 -0.374536
v -4.733951 0.084775 -0.784480
v -4.311259 0.193438 -0.795412
v -4.500156 0.026582 -0.594202
v -4.501414 0.076547 -0.369070
v -4.723355 0.054594 -0.574042
v -4.522605 0.139415 -0.789946
v -4.300664 0.163529 -0.584974
v -3.491985 0.241824 0.738659
v -3.036897 0.307191 0.684808
v -3.541181 0.306193 0.296326
v -3.088729 0.373912 0.242239
v -3.290803 0.208574 0.471355
v -3.264321 0.274060 0.711714
v -3.516151 0.272594 0.517589
v -3.314691 0.339091 0.269293
v -3.062320 0.340008 0.463603
v -3.100500 0.275391 -1.364176
v -2.661037 0.343676 -1.326655
v -3.060955 0.353227 -1.799927
v -2.621492 0.420549 -1.762406
v -2.863502 0.261048 -1.575302
v -2.880768 0.309326 -1.345416
v -3.080727 0.315423 -1.582051
v -2.841223 0.387246 -1.781166
v -2.641264 0.383501 -1.544531
v -1.849475 0.496556 -0.606594
v -1.550908 0.517580 -0.436729
v -1.677659 0.550212 -0.904455
v -1.379091 0.561908 -0.734590
v -1.616523 0.473253 -0.676698
v -1.700191 0.507620 -0.521662
v -1.763567 0.522906 -0.755525
v -1.528375 0.557151 -0.819523
v -1.465000 0.539368 -0.585660
v -4.232205 0.047074 -3.823758
v -3.870406 0.157903 -3.792859
v -4.174041 0.003445 -4.184030
v -3.816423 0.114872 -4.156614
v -4.016661 0.018904 -3.984106
v -4.051562 0.101058 -3.808528
v -4.203439 0.025624 -4.004164
v -3.995435 0.058572 -4.170502
v -3.843786 0.137479 -3.975046
v -3.464143 0.113715 -4.686359
v -3.817345 0.080940 -4.745567
v -3.549536 0.129850 -4.320985
v -3.906001 0.095074 -4.383001
v -3.690464 0.023468 -4.536108
v -3.641052 0.097318 -4.716249
v -3.506874 0.122725 -4.503710
v -3.728103 0.112142 -4.352294
v -3.861635 0.088958 -4.564265
v -5.480101 -0.296734 -6.734540
v -5.765421 -0.346877 -6.917269
v -5.668418 -0.270889 -6.448018
v -5.952933 -0.322050 -6.630048
v -5.710481 -0.368132 -6.673147
v -5.622345 -0.321825 -6.825539
v -5.573404 -0.284237 -6.590534
v -5.810605 -0.296983 -6.538980
v -5.858738 -0.335592 -6.773284
v -3.463563 0.114588 -4.686665
v -3.817605 0.081888 -4.746042
v -3.549122 0.130707 -4.320451
v -3.906426 0.095978 -4.382636
v -3.690052 0.028344 -4.535951
v -3.640892 0.098230 -4.716640
v -3.506377 0.123628 -4.503595
v -3.728109 0.113041 -4.351844
v -3.861977 0.089901 -4.564320
v -3.693058 -0.135438 -6.652984
v -4.098388 -0.148990 -6.649572
v -3.718208 -0.089199 -6.220338
v -4.123983 -0.105838 -6.217516
v -3.910339 -0.196648 -6.428727
v -3.895451 -0.142397 -6.651118
v -3.704826 -0.113132 -6.435994
v -3.920833 -0.098001 -6.218774
v -4.110222 -0.128517 -6.432741
v -3.643529 0.027823 -5.664102
v -3.782579 -0.041398 -6.223368
v -4.195470 -0.035948 -5.473457
v -4.329289 -0.097279 -6.027777
v -3.981248 -0.160262 -5.842476
v -3.712156 -0.009255 -5.943067
v -3.918888 -0.004096 -5.568319
v -4.261280 -0.067178 -5.749785
v -4.055079 -0.070214 -6.124916
v -4.886260 0.115638 -3.564981
v -5.467223 0.015117 -3.649041
v -4.987517 0.007713 -2.994565
v -5.574686 -0.089440 -3.084040
v -5.213659 -0.115384 -3.346627
v -5.176615 0.059783 -3.606944
v -4.938101 0.063372 -3.280813
v -5.281317 -0.045039 -3.039495
v -5.522129 -0.035425 -3.367580
v -2.770670 -0.076136 -6.957747
v -3.167494 -0.056860 -6.949767
v -2.775356 0.026608 -6.538892
v -3.172792 0.042166 -6.531526
v -2.982173 -0.104621 -6.727764
v -2.969530 -0.065826 -6.954190
v -2.772539 -0.025438 -6.747931
v -2.974533 0.035114 -6.535649
v -3.169570 -0.008149 -6.740172
v -4.183476 -0.082720 -5.343420
v -4.477649 -0.122632 -5.345636
v -4.216121 -0.056300 -5.043722
v -4.511830 -0.098677 -5.047368
v -4.344570 -0.154003 -5.193099
v -4.330343 -0.103434 -5.344371
v -4.199441 -0.069615 -5.193290
v -4.363782 -0.078437 -5.045408
v -4.494486 -0.110847 -5.196308
v -4.476228 -0.218795 -6.934497
v -4.834692 -0.226405 -6.572446
v -4.157169 -0.108166 -6.580587
v -4.517733 -0.114125 -6.220527
v -4.482719 -0.270967 -6.560607
v -4.654124 -0.223939 -6.752341
v -4.315519 -0.165846 -6.756599
v -4.336260 -0.112292 -6.399558
v -4.674969 -0.171650 -6.395485
v -4.658170 0.037221 -4.640628
v -5.162136 -0.106327 -4.647486
v -4.704020 0.025015 -4.134413
v -5.213052 -0.121325 -4.145811
v -4.911158 -0.148189 -4.398624
v -4.909290 -0.038878 -4.643378
v -4.681186 0.031696 -4.387664
v -4.957948 -0.052139 -4.139654
v -5.187667 -0.113279 -4.396789
v -3.693648 -0.134609 -6.652458
v -4.097832 -0.148062 -6.649035
v -3.718739 -0.088447 -6.221018
v -4.123313 -0.105149 -6.218137
v -3.910250 -0.194913 -6.428839
v -3.895441 -0.141599 -6.650563
v -3.705387 -0.112342 -6.436072
v -3.920764 -0.097282 -6.219425
v -4.109584 -0.127730 -6.432762
v -4.885675 0.117240 -3.565270
v -5.467976 0.016590 -3.649547
v -4.987110 0.009004 -2.993534
v -5.575614 -0.088229 -3.083223
v -5.214650 -0.108021 -3.345287
v -5.176699 0.061345 -3.607342
v -4.937604 0.064838 -3.280442
v -5.281604 -0.043857 -3.038594
v -5.522968 -0.034081 -3.367424
v -4.476138 -0.219887 -6.933524
v -4.833747 -0.227505 -6.572242
v -4.157849 -0.109456 -6.580453
v -4.517557 -0.115434 -6.221161
v -4.482005 -0.277363 -6.559697
v -4.653607 -0.225009 -6.751752
v -4.315813 -0.167038 -6.756045
v -4.336511 -0.113593 -6.399807
v -4.674408 -0.172857 -6.395699
v -3.040389 0.279369 -3.947213
v -3.487397 0.280844 -3.986926
v -3.099712 0.242428 -3.490207
v -3.551373 0.241795 -3.533707
v -3.312575 0.163251 -3.753060
v -3.264438 0.280784 -3.967524
v -3.070338 0.263369 -3.718941
v -3.325995 0.242850 -3.512322
v -3.519823 0.263464 -3.760681
v -3.962195 0.106247 -4.799420
v -4.555471 0.059474 -4.812173
v -4.031572 0.040835 -4.206568
v -4.632036 -0.010576 -4.225878
v -4.298411 -0.085819 -4.531289
v -4.258353 0.079560 -4.805493
v -3.996860 0.075365 -4.503046
v -4.331557 0.011203 -4.216087
v -4.593524 0.025497 -4.518935
v -3.093329 0.059362 -5.387063
v -3.587247 0.074073 -5.440670
v -3.176878 0.159648 -4.865417
v -3.675978 0.163789 -4.923562
v -3.402488 0.000174 -5.146113
v -3.340835 0.066804 -5.414409
v -3.134844 0.110243 -5.126041
v -3.426912 0.162230 -4.894959
v -3.631209 0.119070 -5.181802
v -3.961378 0.107792 -4.799813
v -4.556063 0.061038 -4.812657
v -4.030842 0.042113 -4.205574
v -4.632710 -0.009205 -4.224973
v -4.298185 -0.078128 -4.530048
v -4.258242 0.081145 -4.805932
v -3.996087 0.076922 -4.502747
v -4.331585 0.012397 -4.215185
v -4.594157 0.027004 -4.518724
v -3.881431 -0.176057 -8.086215
v -4.309675 -0.214674 -8.033611
v -3.842335 -0.090159 -7.630993
v -4.268471 -0.129860 -7.576594
v -4.069702 -0.243640 -7.809750
v -4.095317 -0.195151 -8.059755
v -3.861167 -0.134210 -7.857973
v -4.055136 -0.109752 -7.603614
v -4.288209 -0.173636 -7.804337
v -3.039618 0.280493 -3.947528
v -3.487649 0.282085 -3.987346
v -3.099067 0.243351 -3.489490
v -3.551750 0.242867 -3.533094
v -3.311525 0.169566 -3.752266
v -3.264178 0.281927 -3.967891
v -3.069629 0.264416 -3.718740
v -3.325860 0.243961 -3.511657
v -3.520138 0.264647 -3.760584
v -3.644331 0.026255 -5.664542
v -3.782972 -0.042813 -6.222477
v -4.194960 -0.037391 -5.474263
v -4.328394 -0.098672 -6.027273
v -3.981000 -0.167933 -5.842304
v -3.712766 -0.010765 -5.942853
v -3.918987 -0.005515 -5.568904
v -4.260577 -0.068598 -5.749936
v -4.054842 -0.071597 -6.124230
v -5.103980 -0.167378 -5.831749
v -5.537635 -0.254173 -5.820208
v -5.127817 -0.125026 -5.401171
v -5.562655 -0.207973 -5.390799
v -5.313878 -0.283352 -5.604166
v -5.319634 -0.211738 -5.824993
v -5.114954 -0.146616 -5.615691
v -5.344133 -0.167283 -5.395063
v -5.549184 -0.231620 -5.604717
v -4.335709 -0.149661 -5.964741
v -4.744337 -0.214579 -6.003214
v -4.415181 -0.068822 -5.546107
v -4.825609 -0.133217 -5.586274
v -4.573071 -0.234366 -5.758602
v -4.539310 -0.183405 -5.983431
v -4.374629 -0.109131 -5.754748
v -4.619727 -0.102248 -5.565680
v -4.784024 -0.174650 -5.793956
v -4.183823 -0.083469 -5.343074
v -4.477293 -0.123356 -5.345250
v -4.216393 -0.057027 -5.044046
v -4.511439 -0.099417 -5.047683
v -4.344451 -0.157970 -5.193016
v -4.330338 -0.104171 -5.344005
v -4.199770 -0.070396 -5.193295
v -4.363741 -0.079214 -5.045743
v -4.494112 -0.111580 -5.196272
v -4.658509 0.035813 -4.640144
v -5.161300 -0.107486 -4.646949
v -4.704339 0.023704 -4.135129
v -5.212195 -0.122402 -4.146472
v -4.909779 -0.154806 -4.399097
v -4.909041 -0.040163 -4.642867
v -4.681515 0.030304 -4.387779
v -4.957678 -0.053334 -4.140343
v -5.186821 -0.114399 -4.396852
v -3.092426 0.060467 -5.387648
v -3.587506 0.075406 -5.441417
v -3.176131 0.160944 -4.864806
v -3.676417 0.165204 -4.923133
v -3.401255 0.007144 -5.146533
v -3.340525 0.068013 -5.415085
v -3.134019 0.111448 -5.126028
v -3.426887 0.163386 -4.894545
v -3.631571 0.120432 -5.181972
v -3.462410 0.207387 -3.542688
v -3.827098 0.175483 -3.598880
v -3.528661 0.178740 -3.173438
v -3.896705 0.150887 -3.232345
v -3.685562 0.112777 -3.392979
v -3.645106 0.191239 -3.571075
v -3.495878 0.193329 -3.358336
v -3.712913 0.164721 -3.203078
v -3.862293 0.164225 -3.415932
v -5.103675 -0.166258 -5.832317
v -5.538328 -0.253238 -5.820770
v -5.127508 -0.123855 -5.400723
v -5.563344 -0.206979 -5.390346
v -5.314891 -0.277719 -5.604463
v -5.319829 -0.210711 -5.825557
v -5.114647 -0.145470 -5.615751
v -5.344324 -0.166200 -5.394613
v -5.549875 -0.230655 -5.604772
v -2.770054 -0.075289 -6.958378
v -3.167834 -0.055893 -6.950432
v -2.774748 0.027682 -6.538581
v -3.173140 0.043304 -6.531249
v -2.981459 -0.099329 -6.728705
v -2.969447 -0.064965 -6.954884
v -2.772025 -0.024462 -6.748171
v -2.974403 0.036192 -6.535354
v -3.169914 -0.007096 -6.740366
v -3.881815 -0.176995 -8.085397
v -4.309092 -0.215604 -8.032905
v -3.842797 -0.091368 -7.631188
v -4.267941 -0.131017 -7.576879
v -4.069469 -0.249280 -7.808468
v -4.095247 -0.196097 -8.059018
v -3.861638 -0.135281 -7.857703
v -4.055119 -0.110925 -7.603869
v -4.287652 -0.174679 -7.804127
v -4.335211 -0.148660 -5.965327
v -4.744822 -0.213668 -6.003941
v -4.414843 -0.067193 -5.545737
v -4.826237 -0.132148 -5.586033
v -4.573419 -0.228852 -5.759527
v -4.539292 -0.182441 -5.984078
v -4.374203 -0.108037 -5.754851
v -4.619864 -0.101137 -5.565369
v -4.784556 -0.173647 -5.794178
v -5.479391 -0.297287 -6.734597
v -5.765504 -0.347575 -6.917835
v -5.668229 -0.271373 -6.447280
v -5.953538 -0.322680 -6.629819
v -5.710360 -0.369485 -6.672950
v -5.622030 -0.322450 -6.825851
v -5.572954 -0.284755 -6.590193
v -5.810813 -0.297539 -6.538496
v -5.859082 -0.336256 -6.773452
v -3.462946 0.208039 -3.542199
v -3.826610 0.176038 -3.598224
v -3.529018 0.179488 -3.173975
v -3.896039 0.151516 -3.232716
v -3.685412 0.114266 -3.392844
v -3.645129 0.191835 -3.570503
v -3.496324 0.194039 -3.358361
v -3.712759 0.165449 -3.203531
v -3.861716 0.164817 -3.415790
v -0.893165 0.338023 -4.699375
v -0.517886 0.366101 -4.646234
v -0.838971 0.277168 -5.076428
v -0.463692 0.308769 -5.023287
v -0.670508 0.242888 -4.858541
v -0.705525 0.352616 -4.672804
v -0.866068 0.308087 -4.887901
v -0.651331 0.293721 -5.049857
v -0.490789 0.337866 -4.834760
v 1.416045 0.285371 -2.627843
v 1.713787 0.197797 -2.458449
v 1.587386 0.254270 -2.924880
v 1.885127 0.169209 -2.755486
v 1.648375 0.168873 -2.697691
v 1.564916 0.242652 -2.543146
v 1.501715 0.269835 -2.776362
v 1.736257 0.212663 -2.840183
v 1.799457 0.183108 -2.606967
v -0.893736 0.338893 -4.699043
v -0.517614 0.367086 -4.645782
v -0.839420 0.278020 -5.076942
v -0.463299 0.309709 -5.023682
v -0.670983 0.247707 -4.858708
v -0.705675 0.353529 -4.672412
v -0.866578 0.308948 -4.887992
v -0.651360 0.294324 -5.050312
v -0.490457 0.338814 -4.834732
v -0.474500 0.555772 -2.690013
v -0.038715 0.566644 -2.692030
v -0.478149 0.528373 -3.126919
v -0.042364 0.541975 -3.128936
v -0.252109 0.479684 -2.912829
v -0.256607 0.565645 -2.691022
v -0.476324 0.543598 -2.908466
v -0.260256 0.539250 -3.127927
v -0.040539 0.555855 -2.910483
v -0.608898 0.507031 -3.696647
v -0.410831 0.582020 -3.125082
v -0.037333 0.461303 -3.894714
v 0.160734 0.521034 -3.323149
v -0.224082 0.406068 -3.509898
v -0.509865 0.546532 -3.410864
v -0.323115 0.488828 -3.795681
v 0.061701 0.494013 -3.608931
v -0.125048 0.556647 -3.224115
v 0.453648 0.274902 -5.906362
v 1.051948 0.188398 -5.845490
v 0.503206 0.099293 -6.495477
v 1.101506 0.020920 -6.434606
v 0.764398 0.024578 -6.145826
v 0.752798 0.232960 -5.875926
v 0.478427 0.187339 -6.200920
v 0.802356 0.061198 -6.465042
v 1.076727 0.104907 -6.140048
v -1.447323 0.516937 -2.385396
v -1.025578 0.604936 -2.396303
v -1.468466 0.564532 -2.805329
v -1.046721 0.641170 -2.816237
v -1.234562 0.498477 -2.616262
v -1.236451 0.563372 -2.390849
v -1.457895 0.542519 -2.595362
v -1.257594 0.606542 -2.810783
v -1.036150 0.625093 -2.606270
v -0.061813 0.383593 -4.028067
v 0.250996 0.362635 -4.028067
v -0.061813 0.344993 -4.340875
v 0.250996 0.326361 -4.340875
v 0.094591 0.292444 -4.184471
v 0.094591 0.374407 -4.028067
v -0.061813 0.364062 -4.184471
v 0.094591 0.336365 -4.340875
v 0.250996 0.344471 -4.184471
v 0.381486 0.515202 -2.407326
v 0.740470 0.437089 -2.772347
v 0.017986 0.598155 -2.762528
v 0.376970 0.533505 -3.127549
v 0.372018 0.428129 -2.778233
v 0.560978 0.478678 -2.589837
v 0.199736 0.561752 -2.584927
v 0.197478 0.568903 -2.945038
v 0.558720 0.489940 -2.949948
v 0.348217 0.382730 -4.774192
v 0.873486 0.237530 -4.779551
v 0.333913 0.270566 -5.305680
v 0.859183 0.132368 -5.311040
v 0.584650 0.154672 -5.032433
v 0.610852 0.312602 -4.776871
v 0.341065 0.326405 -5.039936
v 0.596548 0.203150 -5.308360
v 0.866335 0.184535 -5.045296
v -0.473966 0.556607 -2.690586
v -0.039386 0.567377 -2.692598
v -0.477605 0.529154 -3.126283
v -0.043025 0.542708 -3.128295
v -0.252255 0.481417 -2.912752
v -0.256676 0.566378 -2.691592
v -0.475785 0.544406 -2.908435
v -0.260315 0.539964 -3.127289
v -0.041206 0.556593 -2.910446
v 0.453069 0.276559 -5.906047
v 1.052712 0.189883 -5.845038
v 0.502738 0.100620 -6.496485
v 1.102381 0.022132 -6.435477
v 0.765188 0.032069 -6.147305
v 0.752891 0.234503 -5.875542
v 0.477903 0.188802 -6.201266
v 0.802559 0.062468 -6.465981
v 1.077547 0.106256 -6.140258
v 0.381396 0.514053 -2.408260
v 0.739576 0.435979 -2.772464
v 0.018710 0.596889 -2.762666
v 0.376890 0.532210 -3.126870
v 0.371563 0.421472 -2.778914
v 0.560486 0.477603 -2.590362
v 0.200053 0.560557 -2.585463
v 0.197800 0.567589 -2.944768
v 0.558233 0.488772 -2.949667
v -1.389895 0.251320 -5.435673
v -0.933425 0.342657 -5.415924
v -1.359504 0.132442 -5.897216
v -0.903034 0.226166 -5.877466
v -1.128120 0.143847 -5.644281
v -1.161660 0.299143 -5.425799
v -1.374699 0.191187 -5.666445
v -1.131269 0.181071 -5.887341
v -0.918230 0.283484 -5.646695
v -0.361293 0.418727 -4.593997
v 0.261662 0.435680 -4.592332
v -0.351131 0.232169 -5.208650
v 0.271824 0.248331 -5.206985
v -0.034869 0.208358 -4.876741
v -0.049815 0.430391 -4.593164
v -0.356212 0.326571 -4.901323
v -0.039653 0.241036 -5.207817
v 0.266743 0.342459 -4.899658
v -1.217467 0.406244 -3.974330
v -0.690897 0.493676 -3.926323
v -1.176653 0.388085 -4.509204
v -0.650083 0.472503 -4.461196
v -0.911962 0.328294 -4.224876
v -0.954182 0.452121 -3.950326
v -1.197060 0.399038 -4.241767
v -0.913368 0.432670 -4.485200
v -0.670490 0.480820 -4.193759
v -0.362115 0.420262 -4.593576
v 0.262239 0.437321 -4.591908
v -0.351930 0.233453 -5.209609
v 0.272424 0.249722 -5.207940
v -0.035460 0.216034 -4.878165
v -0.049938 0.431979 -4.592742
v -0.357022 0.327980 -4.901592
v -0.039753 0.242374 -5.208775
v 0.267331 0.343976 -4.899924
v -0.222802 0.585405 -1.281221
v 0.230136 0.539935 -1.335451
v -0.276352 0.680861 -1.725008
v 0.176586 0.638282 -1.779238
v -0.024881 0.527841 -1.548470
v 0.003667 0.567119 -1.308336
v -0.249577 0.634286 -1.503114
v -0.049883 0.663597 -1.752122
v 0.203361 0.590249 -1.557344
v -1.390648 0.252397 -5.435316
v -0.933154 0.343900 -5.415522
v -1.360188 0.133299 -5.897895
v -0.902694 0.227289 -5.878100
v -1.129221 0.149618 -5.645017
v -1.161901 0.300286 -5.425419
v -1.375418 0.192148 -5.666605
v -1.131441 0.181781 -5.887997
v -0.917924 0.284667 -5.646811
v -0.608036 0.505590 -3.696229
v -0.410413 0.580637 -3.125944
v -0.037751 0.459979 -3.893852
v 0.159872 0.519673 -3.323567
v -0.224082 0.398414 -3.509898
v -0.509224 0.545091 -3.411086
v -0.322894 0.487247 -3.795040
v 0.061060 0.492572 -3.608710
v -0.125270 0.555207 -3.224756
v 0.958305 0.368318 -3.534745
v 1.404150 0.216333 -3.559771
v 0.934339 0.342695 -3.984494
v 1.380183 0.205954 -4.009521
v 1.156538 0.191933 -3.773474
v 1.181227 0.293561 -3.547258
v 0.946322 0.355369 -3.759620
v 1.157261 0.275248 -3.997008
v 1.392167 0.210277 -3.784646
v 0.164854 0.457788 -3.385898
v 0.603333 0.386302 -3.348462
v 0.204310 0.455975 -3.820673
v 0.642789 0.390754 -3.783236
v 0.401187 0.333779 -3.597194
v 0.384093 0.425591 -3.367180
v 0.184582 0.457831 -3.603286
v 0.423550 0.426771 -3.801954
v 0.623061 0.388927 -3.565849
v -0.061462 0.382848 -4.028417
v 0.250645 0.361890 -4.028417
v -0.061462 0.344248 -4.340525
v 0.250645 0.325617 -4.340525
v 0.094591 0.288474 -4.184471
v 0.094591 0.373662 -4.028417
v -0.061462 0.363318 -4.184471
v 0.094591 0.335620 -4.340525
v 0.250645 0.343726 -4.184471
v 0.348564 0.381323 -4.774672
v 0.872657 0.236337 -4.780020
v 0.334292 0.269268 -5.304970
v 0.858386 0.131284 -5.310318
v 0.583449 0.148034 -5.031791
v 0.610610 0.311302 -4.777346
v 0.341428 0.325052 -5.039821
v 0.596339 0.202179 -5.307644
v 0.865521 0.183396 -5.045169
v -1.218349 0.407343 -3.973704
v -0.690598 0.494999 -3.925588
v -1.177444 0.389278 -4.509778
v -0.649692 0.473920 -4.461663
v -0.913270 0.335322 -4.224449
v -0.954473 0.453332 -3.949646
v -1.197897 0.400184 -4.241741
v -0.913568 0.433976 -4.485720
v -0.670145 0.482190 -4.193625
v -0.991965 0.176676 -5.863860
v -0.618936 0.218294 -5.824539
v -0.949378 0.103540 -6.238004
v -0.576348 0.147045 -6.198683
v -0.777312 0.096676 -6.025787
v -0.805450 0.198155 -5.844200
v -0.970671 0.138786 -6.050933
v -0.762863 0.125691 -6.218343
v -0.597642 0.181645 -6.011612
v 0.957975 0.369906 -3.534197
v 1.404820 0.217321 -3.559280
v 0.933954 0.343838 -3.984956
v 1.380800 0.206879 -4.010039
v 1.157300 0.197611 -3.773394
v 1.181397 0.294616 -3.546738
v 0.945964 0.356501 -3.759577
v 1.157377 0.276324 -3.997497
v 1.392810 0.211276 -3.784659
v -1.447913 0.517676 -2.384738
v -1.025221 0.605919 -2.395670
v -1.469104 0.565535 -2.805615
v -1.046412 0.642311 -2.816546
v -1.235309 0.503878 -2.615336
v -1.236567 0.564286 -2.390204
v -1.458508 0.543443 -2.595176
v -1.257758 0.607570 -2.811081
v -1.035817 0.626155 -2.606108
v -0.222375 0.584515 -1.281994
v 0.229548 0.538970 -1.336103
v -0.275805 0.679741 -1.724787
v 0.176118 0.637113 -1.778895
v -0.024992 0.522281 -1.549620
v 0.003586 0.566081 -1.309049
v -0.249090 0.633224 -1.503391
v -0.049844 0.662414 -1.751841
v 0.202833 0.589183 -1.557499
v 0.164347 0.458784 -3.385310
v 0.603810 0.387258 -3.347790
v 0.203892 0.457101 -3.821061
v 0.643355 0.391840 -3.783540
v 0.401345 0.339327 -3.596436
v 0.384079 0.426567 -3.366550
v 0.184120 0.458892 -3.603185
v 0.423624 0.427878 -3.802300
v 0.623583 0.389948 -3.565665
v 1.415372 0.284782 -2.627728
v 1.713939 0.197128 -2.457863
v 1.587188 0.253681 -2.925589
v 1.885756 0.168315 -2.755724
v 1.648323 0.167509 -2.697832
v 1.564656 0.242023 -2.542796
v 1.501280 0.269122 -2.776659
v 1.736472 0.212101 -2.840657
v 1.799847 0.182472 -2.606794
v -0.991459 0.177349 -5.864379
v -0.619462 0.218847 -5.825166
v -0.948990 0.104288 -6.237488
v -0.576992 0.147674 -6.198275
v -0.777470 0.098165 -6.025914
v -0.805460 0.198651 -5.844773
v -0.970224 0.139496 -6.050934
v -0.762991 0.126380 -6.217882
v -0.598227 0.182237 -6.011721
v -2.362211 0.425984 -2.495676
v -1.986932 0.529779 -2.442535
v -2.308017 0.420730 -2.872729
v -1.932738 0.517792 -2.819588
v -2.139554 0.398495 -2.654843
v -2.174571 0.479460 -2.469106
v -2.335114 0.424840 -2.684203
v -2.120378 0.470975 -2.846159
v -1.959835 0.525355 -2.631062
v -0.053001 0.598711 -0.424145
v 0.244740 0.544969 -0.254750
v 0.118340 0.598267 -0.721182
v 0.416081 0.534833 -0.551787
v 0.179329 0.511669 -0.493993
v 0.095870 0.572773 -0.339448
v 0.032669 0.598815 -0.572664
v 0.267210 0.567496 -0.636485
v 0.330411 0.540054 -0.403269
v -2.362782 0.426643 -2.495344
v -1.986661 0.530803 -2.442084
v -2.308467 0.421582 -2.873244
v -1.932345 0.518732 -2.819983
v -2.140029 0.403069 -2.655010
v -2.174721 0.480374 -2.468714
v -2.335624 0.425701 -2.684294
v -2.120406 0.471544 -2.846613
v -1.959503 0.526303 -2.631033
v -1.943546 0.465775 -0.486315
v -1.507761 0.573474 -0.488332
v -1.947195 0.485260 -0.923220
v -1.511410 0.592098 -0.925237
v -1.721155 0.456610 -0.709131
v -1.725654 0.522141 -0.487323
v -1.945371 0.474299 -0.704768
v -1.729303 0.541237 -0.924229
v -1.509585 0.580716 -0.706785
v -2.077944 0.527775 -1.492949
v -1.879877 0.553257 -0.921383
v -1.506379 0.622775 -1.691016
v -1.308312 0.638944 -1.119450
v -1.693128 0.470010 -1.306200
v -1.978911 0.540088 -1.207166
v -1.792162 0.578083 -1.591982
v -1.407346 0.631656 -1.405233
v -1.594095 0.601014 -1.020417
v -1.015398 0.602220 -3.702663
v -0.417098 0.543390 -3.641792
v -0.965841 0.413750 -4.291779
v -0.367541 0.338582 -4.230908
v -0.704649 0.352333 -3.942128
v -0.716248 0.570896 -3.672227
v -0.990619 0.505799 -3.997222
v -0.666691 0.376864 -4.261344
v -0.392319 0.439287 -3.936350
v -2.916369 0.270521 -0.181697
v -2.494624 0.401258 -0.192604
v -2.937513 0.332606 -0.601631
v -2.515768 0.465008 -0.612538
v -2.703608 0.280410 -0.412564
v -2.705497 0.335474 -0.187151
v -2.926941 0.301970 -0.391664
v -2.726640 0.397756 -0.607085
v -2.505196 0.432001 -0.402571
v -1.530859 0.560309 -1.824369
v -1.218051 0.595446 -1.824369
v -1.530859 0.558167 -2.137177
v -1.218051 0.590283 -2.137177
v -1.374455 0.516924 -1.980773
v -1.374455 0.580230 -1.824369
v -1.530859 0.559142 -1.980773
v -1.374455 0.575283 -2.137177
v -1.218051 0.593680 -1.980773
v -1.087560 0.608514 -0.203628
v -0.728576 0.632192 -0.568649
v -1.451060 0.623290 -0.558829
v -1.092076 0.674334 -0.923850
v -1.097029 0.535421 -0.574535
v -0.908068 0.621248 -0.386138
v -1.269310 0.617114 -0.381228
v -1.271568 0.651038 -0.741340
v -0.910326 0.655092 -0.746249
v -1.120829 0.685973 -2.570493
v -0.595560 0.602521 -2.575853
v -1.135133 0.596527 -3.101982
v -0.609863 0.500417 -3.107342
v -0.884396 0.498215 -2.828734
v -0.858194 0.648342 -2.573173
v -1.127981 0.642963 -2.836237
v -0.872498 0.548686 -3.104662
v -0.602712 0.554200 -2.841597
v -1.943012 0.466605 -0.486888
v -1.508433 0.574030 -0.488899
v -1.946651 0.486041 -0.922585
v -1.512072 0.592759 -0.924596
v -1.721302 0.458343 -0.709054
v -1.725722 0.522924 -0.487894
v -1.944832 0.475174 -0.704736
v -1.729361 0.541968 -0.923591
v -1.510252 0.581422 -0.706748
v -1.015977 0.603819 -3.702348
v -0.416334 0.544875 -3.641339
v -0.966308 0.415076 -4.292787
v -0.366665 0.339794 -4.231778
v -0.703858 0.359405 -3.943606
v -0.716156 0.572438 -3.671844
v -0.991143 0.507262 -3.997567
v -0.666487 0.377837 -4.262283
v -0.391500 0.440636 -3.936559
v -1.087650 0.607353 -0.204562
v -0.729471 0.631038 -0.568766
v -1.450336 0.622109 -0.558968
v -1.092156 0.672991 -0.923171
v -1.097483 0.528892 -0.575215
v -0.908561 0.620109 -0.386664
v -1.268993 0.615919 -0.381765
v -1.271246 0.649757 -0.741070
v -0.910814 0.653822 -0.745968
v -2.858941 0.345192 -3.231975
v -2.402472 0.505813 -3.212225
v -2.828550 0.281588 -3.693517
v -2.372080 0.439386 -3.673768
v -2.597167 0.304677 -3.440582
v -2.630706 0.426974 -3.222100
v -2.843745 0.316545 -3.462746
v -2.600315 0.363477 -3.683642
v -2.387276 0.473928 -3.442997
v -1.830339 0.608536 -2.390298
v -1.207384 0.715989 -2.388634
v -1.820177 0.475640 -3.004951
v -1.197222 0.567301 -3.003287
v -1.503915 0.476805 -2.673043
v -1.518862 0.668349 -2.389466
v -1.825258 0.546115 -2.697625
v -1.508700 0.528225 -3.004119
v -1.202303 0.644332 -2.695960
v -2.686513 0.335094 -1.770632
v -2.159944 0.528907 -1.722624
v -2.645699 0.388492 -2.305505
v -2.119130 0.585011 -2.257498
v -2.381008 0.355775 -2.021177
v -2.423229 0.433454 -1.746628
v -2.666106 0.361531 -2.038069
v -2.382414 0.487604 -2.281502
v -2.139537 0.557245 -1.990061
v -1.831161 0.610071 -2.389878
v -1.206807 0.717630 -2.388209
v -1.820976 0.476787 -3.005910
v -1.196623 0.568761 -3.004242
v -1.504507 0.484600 -2.674467
v -1.518984 0.669868 -2.389043
v -1.826069 0.547524 -2.697894
v -1.508799 0.529598 -3.005076
v -1.201715 0.645849 -2.696226
v -1.691848 0.550260 0.922477
v -1.238910 0.621649 0.868247
v -1.745398 0.616833 0.478691
v -1.292460 0.685306 0.424461
v -1.493927 0.533262 0.655228
v -1.465379 0.589243 0.895363
v -1.718623 0.584606 0.700584
v -1.518929 0.654304 0.451576
v -1.265685 0.654327 0.646354
v -2.859694 0.346234 -3.231618
v -2.402200 0.507056 -3.211824
v -2.829235 0.282555 -3.694196
v -2.371740 0.440510 -3.674402
v -2.598267 0.310449 -3.441319
v -2.630947 0.428117 -3.221721
v -2.844464 0.317528 -3.462907
v -2.600488 0.364500 -3.684299
v -2.386970 0.475111 -3.443113
v -2.077082 0.526334 -1.492530
v -1.879459 0.551817 -0.922245
v -1.506797 0.621335 -1.690154
v -1.309174 0.637537 -1.119869
v -1.693128 0.462365 -1.306200
v -1.978271 0.538700 -1.207388
v -1.791940 0.576643 -1.591342
v -1.407986 0.630215 -1.405011
v -1.594316 0.599573 -1.021057
v -0.510741 0.668520 -1.331047
v -0.064897 0.584154 -1.356073
v -0.534708 0.680330 -1.780796
v -0.088863 0.596649 -1.805822
v -0.312508 0.545106 -1.569776
v -0.287819 0.630533 -1.343560
v -0.522724 0.675783 -1.555921
v -0.311785 0.642734 -1.793309
v -0.076880 0.592079 -1.580948
v -1.304192 0.585069 -1.182200
v -0.865713 0.599402 -1.144763
v -1.264736 0.651924 -1.616974
v -0.826257 0.662728 -1.579538
v -1.067859 0.537540 -1.393495
v -1.084953 0.595923 -1.163481
v -1.284464 0.618721 -1.399587
v -1.045497 0.660945 -1.598256
v -0.845985 0.631163 -1.362150
v -1.530509 0.559648 -1.824719
v -1.218401 0.594701 -1.824719
v -1.530509 0.557422 -2.136827
v -1.218401 0.589538 -2.136827
v -1.374455 0.512955 -1.980773
v -1.374455 0.579485 -1.824719
v -1.530509 0.558405 -1.980773
v -1.374455 0.574539 -2.136827
v -1.218401 0.592936 -1.980773
v -1.120482 0.684613 -2.570974
v -0.596389 0.601303 -2.576322
v -1.134754 0.595230 -3.101272
v -0.610661 0.499414 -3.106620
v -0.885597 0.491578 -2.828092
v -0.858436 0.647042 -2.573648
v -1.127618 0.641664 -2.836123
v -0.872707 0.547495 -3.103946
v -0.603525 0.553061 -2.841471
v -2.687396 0.336059 -1.770005
v -2.159644 0.530240 -1.721890
v -2.646490 0.389685 -2.306080
v -2.118738 0.586496 -2.257964
v -2.382316 0.361988 -2.020751
v -2.423520 0.434664 -1.745948
v -2.666943 0.362678 -2.038042
v -2.382614 0.488909 -2.282022
v -2.139191 0.558615 -1.989927
v -2.461011 0.376854 -3.660162
v -2.087982 0.464354 -3.620841
v -2.418424 0.327552 -4.034306
v -2.045394 0.413722 -3.994985
v -2.246358 0.336101 -3.822089
v -2.274496 0.422840 -3.640501
v -2.439718 0.354129 -3.847234
v -2.231909 0.373059 -4.014645
v -2.066688 0.440987 -3.807913
v -0.511072 0.669642 -1.330499
v -0.064226 0.585142 -1.355581
v -0.535092 0.681473 -1.781258
v -0.088247 0.597595 -1.806340
v -0.311746 0.550784 -1.569695
v -0.287649 0.631528 -1.343040
v -0.523082 0.676916 -1.555878
v -0.311669 0.643810 -1.793799
v -0.076236 0.593078 -1.580961
v -2.916959 0.271366 -0.181040
v -2.494268 0.402259 -0.191971
v -2.938150 0.333609 -0.601916
v -2.515458 0.466548 -0.612848
v -2.704355 0.285462 -0.411638
v -2.705613 0.336388 -0.186506
v -2.927555 0.302413 -0.391478
v -2.726804 0.398795 -0.607382
v -2.504863 0.433078 -0.402410
v -1.691421 0.549299 0.921704
v -1.239498 0.620684 0.867595
v -1.744852 0.615669 0.478911
v -1.292928 0.684137 0.424803
v -1.494039 0.527590 0.654078
v -1.465460 0.588280 0.894650
v -1.718137 0.583551 0.700308
v -1.518890 0.653138 0.451857
v -1.266213 0.653241 0.646199
v -1.304699 0.585995 -1.181612
v -0.865236 0.600358 -1.144091
v -1.265154 0.653050 -1.617362
v -0.825691 0.663815 -1.579842
v -1.067701 0.543088 -1.392738
v -1.084967 0.596943 -1.162851
v -1.284926 0.619781 -1.399487
v -1.045423 0.662052 -1.598602
v -0.845464 0.632185 -1.361966
v -0.053675 0.598121 -0.424030
v 0.244893 0.544299 -0.254165
v 0.118141 0.597745 -0.721891
v 0.416709 0.534231 -0.552026
v 0.179277 0.510305 -0.494134
v 0.095609 0.572319 -0.339097
v 0.032233 0.598259 -0.572960
v 0.267425 0.566934 -0.636958
v 0.330801 0.539375 -0.403095
v -2.460505 0.377750 -3.660680
v -2.088508 0.464831 -3.621468
v -2.418036 0.328503 -4.033789
v -2.046039 0.414351 -3.994577
v -2.246516 0.337591 -3.822216
v -2.274507 0.423453 -3.641074
v -2.439271 0.354839 -3.847235
v -2.232037 0.373799 -4.014183
v -2.067273 0.441578 -3.808023
v -2.663884 0.050523 -6.115120
v -2.304926 0.131172 -6.075359
v -2.609068 0.012591 -6.491542
v -2.250177 0.088056 -6.451907
v -2.449113 -0.009560 -6.280799
v -2.485154 0.091575 -6.095871
v -2.636196 0.030218 -6.303104
v -2.430411 0.051241 -6.472392
v -2.277302 0.108832 -6.263431
v -0.383832 0.389105 -4.067351
v -0.086090 0.375598 -3.897956
v -0.212491 0.372871 -4.364388
v 0.085250 0.350401 -4.194993
v -0.151502 0.313790 -4.137199
v -0.234961 0.384101 -3.982654
v -0.298162 0.381187 -4.215870
v -0.063620 0.361992 -4.279691
v -0.000420 0.360776 -4.046475
v -2.664463 0.051389 -6.114793
v -2.304659 0.132131 -6.074910
v -2.609525 0.013377 -6.492061
v -2.249788 0.088996 -6.452305
v -2.449619 -0.004744 -6.280987
v -2.485312 0.092486 -6.095485
v -2.636714 0.031023 -6.303200
v -2.430445 0.052135 -6.472850
v -2.276974 0.109781 -6.263406
v -2.274377 0.353765 -4.129521
v -1.838592 0.426599 -4.131538
v -2.277670 0.319718 -4.566146
v -1.842241 0.393124 -4.568444
v -2.051986 0.303103 -4.352337
v -2.056484 0.392996 -4.130529
v -2.276202 0.338342 -4.347974
v -2.060133 0.359317 -4.567435
v -1.840416 0.411757 -4.349991
v -2.403097 0.278774 -5.131619
v -2.210708 0.383355 -4.564589
v -1.837210 0.298842 -5.334222
v -1.639143 0.395115 -4.762656
v -2.023734 0.222211 -4.949229
v -2.307892 0.332192 -4.848906
v -2.121046 0.292253 -5.233641
v -1.738176 0.349122 -5.048439
v -1.924925 0.394728 -4.663623
v -1.346229 0.168695 -7.345870
v -0.747929 0.124724 -7.284998
v -1.296671 0.006591 -7.934985
v -0.698371 -0.040973 -7.874114
v -1.035479 -0.059777 -7.585334
v -1.047079 0.148277 -7.315434
v -1.321450 0.085931 -7.640428
v -0.997521 -0.016471 -7.904550
v -0.723150 0.039814 -7.579556
v -3.243568 0.194878 -3.822028
v -2.825232 0.331592 -3.835635
v -3.256983 0.228952 -4.235745
v -2.843320 0.361031 -4.253137
v -3.030390 0.194302 -4.052568
v -3.034890 0.264436 -3.829222
v -3.250683 0.213430 -4.029228
v -3.050717 0.296026 -4.244901
v -2.834751 0.347925 -4.044768
v -1.861188 0.215685 -5.467178
v -1.548881 0.232389 -5.467575
v -1.860393 0.169522 -5.779352
v -1.548881 0.186727 -5.780383
v -1.705286 0.137728 -5.623979
v -1.705286 0.225508 -5.467575
v -1.860708 0.192461 -5.623201
v -1.705062 0.178796 -5.780206
v -1.548881 0.209335 -5.623979
v -1.418391 0.449320 -3.846834
v -1.059407 0.420489 -4.211855
v -1.781891 0.465869 -4.202035
v -1.422907 0.445084 -4.567056
v -1.427860 0.347108 -4.217741
v -1.238899 0.436900 -4.029344
v -1.600141 0.460122 -4.024435
v -1.602399 0.457922 -4.384546
v -1.241157 0.436129 -4.389456
v -1.451660 0.249976 -6.213699
v -0.926390 0.158656 -6.219059
v -1.465964 0.144884 -6.745188
v -0.940694 0.055506 -6.750548
v -1.215227 0.048697 -6.471941
v -1.189025 0.206736 -6.216379
v -1.458812 0.196200 -6.479443
v -1.203329 0.102752 -6.747868
v -0.933542 0.106834 -6.484803
v -2.273843 0.354600 -4.130094
v -1.839263 0.427332 -4.132106
v -2.277126 0.320499 -4.565510
v -1.842902 0.393803 -4.567802
v -2.052132 0.304836 -4.352260
v -2.056553 0.393780 -4.131100
v -2.275662 0.339150 -4.347943
v -2.060192 0.360048 -4.566797
v -1.841083 0.412198 -4.349954
v -1.346808 0.170294 -7.345554
v -0.747165 0.126209 -7.284546
v -1.297139 0.007917 -7.935993
v -0.697496 -0.039761 -7.874984
v -1.034689 -0.052286 -7.586813
v -1.046987 0.149819 -7.315050
v -1.321974 0.087324 -7.640774
v -0.997318 -0.015201 -7.905489
v -0.722330 0.041163 -7.579765
v -1.418481 0.447727 -3.847768
v -1.060302 0.419335 -4.211972
v -1.781167 0.464604 -4.202174
v -1.422987 0.443789 -4.566377
v -1.428314 0.340661 -4.218422
v -1.239391 0.435761 -4.029870
v -1.599824 0.458955 -4.024971
v -1.602077 0.456641 -4.384276
v -1.241644 0.434751 -4.389175
v -3.126899 -0.049999 -6.822704
v -2.699402 0.086127 -6.827283
v -3.099963 -0.125968 -7.286858
v -2.671112 0.004272 -7.290426
v -2.880586 -0.115546 -7.044421
v -2.914067 0.018874 -6.825784
v -3.112781 -0.089330 -7.054237
v -2.886468 -0.060254 -7.289448
v -2.684818 0.044122 -7.058489
v -2.153586 0.207568 -6.027384
v -1.538215 0.293788 -6.031840
v -2.140243 0.032698 -6.639418
v -1.528053 0.114048 -6.646493
v -1.832109 0.033803 -6.314141
v -1.847848 0.253522 -6.031193
v -2.146684 0.116938 -6.333218
v -1.836443 0.075378 -6.644835
v -1.533134 0.201253 -6.339166
v -2.984848 0.075668 -5.387516
v -2.480367 0.247803 -5.357465
v -2.935694 0.056571 -5.915316
v -2.434965 0.219989 -5.888533
v -2.687665 0.039695 -5.644883
v -2.733928 0.163372 -5.373587
v -2.959798 0.064473 -5.651050
v -2.686820 0.139601 -5.903175
v -2.457320 0.232929 -5.622729
v -2.154412 0.209101 -6.026965
v -1.537638 0.295790 -6.031415
v -2.141045 0.033431 -6.640379
v -1.527453 0.115368 -6.647448
v -1.832707 0.041597 -6.315570
v -1.847971 0.255110 -6.030771
v -2.147499 0.118345 -6.333490
v -1.836543 0.076617 -6.645792
v -1.532546 0.202769 -6.339432
v -2.022679 0.462843 -2.720729
v -1.569741 0.516836 -2.774959
v -2.076229 0.523613 -3.164515
v -1.623291 0.570007 -3.218745
v -1.824758 0.432851 -2.987978
v -1.796210 0.493418 -2.747843
v -2.049454 0.494491 -2.942622
v -1.849760 0.549954 -3.191630
v -1.596516 0.544990 -2.996852
v -3.127671 -0.048967 -6.822359
v -2.699145 0.087607 -6.826892
v -3.100664 -0.125065 -7.287547
v -2.670783 0.005395 -7.291069
v -2.881626 -0.109777 -7.045097
v -2.914323 0.020017 -6.825415
v -3.113434 -0.088296 -7.054338
v -2.886655 -0.059239 -7.290114
v -2.684524 0.045307 -7.058613
v -2.402233 0.277336 -5.131199
v -2.210290 0.381914 -4.565451
v -1.837628 0.297402 -5.333360
v -1.640005 0.393675 -4.763075
v -2.023734 0.214535 -4.949229
v -2.307251 0.330751 -4.849127
v -2.120823 0.290813 -5.233001
v -1.738817 0.347682 -5.048217
v -1.925147 0.393190 -4.664263
v -0.841572 0.354052 -4.974253
v -0.395727 0.271930 -4.999279
v -0.865538 0.301546 -5.424002
v -0.419694 0.225038 -5.449028
v -0.643339 0.193708 -5.212982
v -0.618650 0.314173 -4.986766
v -0.853555 0.327660 -5.199127
v -0.642616 0.263501 -5.436515
v -0.407711 0.248548 -5.224154
v -1.635023 0.329967 -4.825406
v -1.196544 0.323332 -4.787969
v -1.595567 0.325343 -5.260180
v -1.157088 0.318947 -5.222744
v -1.398690 0.232092 -5.036701
v -1.415784 0.329003 -4.806688
v -1.615295 0.328315 -5.042793
v -1.376327 0.324182 -5.241462
v -1.176816 0.321544 -5.005357
v -1.860837 0.214940 -5.467528
v -1.549232 0.231644 -5.467925
v -1.860042 0.168778 -5.779002
v -1.549232 0.185982 -5.780033
v -1.705286 0.133759 -5.623979
v -1.705286 0.224763 -5.467925
v -1.860358 0.191716 -5.623201
v -1.705062 0.178051 -5.779856
v -1.549232 0.208591 -5.623979
v -1.451313 0.248569 -6.214180
v -0.927220 0.157463 -6.219528
v -1.465585 0.143586 -6.744478
v -0.941492 0.054422 -6.749826
v -1.216428 0.042059 -6.471298
v -1.189267 0.205436 -6.216854
v -1.458449 0.194847 -6.479329
v -1.203538 0.101623 -6.747152
v -0.934356 0.105696 -6.484677
v -2.985738 0.076516 -5.386895
v -2.480072 0.249128 -5.356734
v -2.936499 0.057750 -5.915900
v -2.434581 0.221406 -5.889004
v -2.689021 0.046329 -5.644489
v -2.734226 0.164584 -5.372912
v -2.960647 0.065609 -5.651032
v -2.687030 0.140856 -5.903702
v -2.457134 0.234123 -5.622724
v -2.754514 -0.054061 -7.272237
v -2.399541 0.019567 -7.248083
v -2.717829 -0.095670 -7.651170
v -2.360673 -0.026684 -7.625244
v -2.551259 -0.103396 -7.443763
v -2.577737 -0.016747 -7.260773
v -2.735919 -0.076036 -7.461488
v -2.539794 -0.060397 -7.638682
v -2.380001 -0.004437 -7.436572
v -0.841902 0.355174 -4.973705
v -0.395057 0.272918 -4.998787
v -0.865923 0.302665 -5.424464
v -0.419077 0.226048 -5.449546
v -0.642577 0.199387 -5.212901
v -0.618480 0.315228 -4.986246
v -0.853913 0.328991 -5.199085
v -0.642500 0.264544 -5.437005
v -0.407067 0.249546 -5.224167
v -3.244158 0.195653 -3.821371
v -2.824876 0.332660 -3.835002
v -3.257623 0.229919 -4.236032
v -2.843012 0.362172 -4.253448
v -3.031144 0.199484 -4.051646
v -3.035007 0.265325 -3.828578
v -3.251298 0.214013 -4.029042
v -3.050883 0.297097 -4.245200
v -2.834418 0.349255 -4.044607
v -2.022252 0.462288 -2.721502
v -1.570329 0.515871 -2.775611
v -2.075682 0.522449 -3.164295
v -1.623759 0.568791 -3.218403
v -1.824869 0.427178 -2.989128
v -1.796291 0.492509 -2.748556
v -2.048967 0.493428 -2.942898
v -1.849721 0.548788 -3.191349
v -1.597044 0.543924 -2.997007
v -1.635530 0.331031 -4.824818
v -1.196067 0.324288 -4.787297
v -1.595985 0.326436 -5.260568
v -1.156522 0.320034 -5.223048
v -1.398532 0.237640 -5.035944
v -1.415798 0.330282 -4.806058
v -1.615757 0.329108 -5.042693
v -1.376253 0.325242 -5.241808
v -1.176294 0.322566 -5.005172
v -0.384505 0.388516 -4.067236
v -0.085938 0.374928 -3.897371
v -0.212689 0.372349 -4.365097
v 0.085878 0.349767 -4.195232
v -0.151553 0.312426 -4.137340
v -0.235222 0.383472 -3.982303
v -0.298597 0.380631 -4.216166
v -0.063405 0.361430 -4.280164
v -0.000030 0.360141 -4.046302
v -2.754016 -0.053387 -7.272761
v -2.400071 0.020115 -7.248713
v -2.717448 -0.094915 -7.650659
v -2.361270 -0.026009 -7.624797
v -2.551429 -0.101909 -7.443898
v -2.577753 -0.016137 -7.261350
v -2.735479 -0.075321 -7.461494
v -2.539926 -0.059708 -7.638223
v -2.380589 -0.003850 -7.436684
v 1.617326 0.266031 -2.048762
v 1.375910 0.347517 -2.340955
v 1.323160 0.336965 -1.806745
v 1.081744 0.416065 -2.098938
v 1.345564 0.263096 -2.081249
v 1.496618 0.307770 -2.194859
v 1.470243 0.302546 -1.927754
v 1.202452 0.377969 -1.952842
v 1.228826 0.382641 -2.219947
v 1.307623 0.132293 -5.135472
v 1.201841 0.085476 -5.461286
v 0.980846 0.202588 -5.031522
v 0.875064 0.149975 -5.357336
v 1.088914 0.084901 -5.240462
v 1.254732 0.109056 -5.298379
v 1.144234 0.167513 -5.083497
v 0.927955 0.176392 -5.194429
v 1.038452 0.117738 -5.409311
v 1.617972 0.266900 -2.048623
v 1.376013 0.348681 -2.341471
v 1.323145 0.337718 -1.806062
v 1.081187 0.417276 -2.098911
v 1.345802 0.267873 -2.080805
v 1.496993 0.308683 -2.195047
v 1.470558 0.303362 -1.927342
v 1.202166 0.378865 -1.952487
v 1.228600 0.383589 -2.220191
v 2.662338 -0.005182 -3.815331
v 2.339047 0.075326 -4.107557
v 2.370562 0.055791 -3.490113
v 2.047272 0.140730 -3.782339
v 2.347873 -0.009214 -3.800618
v 2.500692 0.035672 -3.961444
v 2.516450 0.022276 -3.652722
v 2.208917 0.098866 -3.636226
v 2.193160 0.106568 -3.944948
v 2.083159 0.182593 -2.981109
v 2.322070 0.119611 -3.536841
v 1.527426 0.283874 -3.220020
v 1.766337 0.207352 -3.775753
v 1.924748 0.076308 -3.378431
v 2.202614 0.148004 -3.258975
v 1.805292 0.234977 -3.100564
v 1.646882 0.243369 -3.497886
v 2.044203 0.165011 -3.656297
v -0.191116 0.734474 -2.064857
v -0.592076 0.677208 -2.513076
v -0.624787 0.641676 -1.663057
v -1.025746 0.572883 -2.111275
v -0.582076 0.544329 -2.097399
v -0.391596 0.711475 -2.288966
v -0.407952 0.694452 -1.863957
v -0.825267 0.612554 -1.887166
v -0.808911 0.631379 -2.312175
v 3.586309 -0.131648 -3.384687
v 3.267399 -0.040491 -3.660883
v 3.318896 -0.058908 -3.060216
v 2.999986 0.043621 -3.336411
v 3.273532 -0.135563 -3.357537
v 3.426854 -0.087473 -3.522785
v 3.452602 -0.096818 -3.222452
v 3.159441 -0.009094 -3.198314
v 3.133692 0.000243 -3.498647
v 1.455631 0.245370 -3.105008
v 1.224548 0.277990 -3.315839
v 1.244801 0.303555 -2.873925
v 1.013717 0.340789 -3.084755
v 1.234674 0.225796 -3.094882
v 1.340090 0.259807 -3.210423
v 1.350216 0.274294 -2.989466
v 1.129259 0.320817 -2.979340
v 1.119132 0.309328 -3.200297
v 2.220518 0.059655 -4.601091
v 1.709301 0.141205 -4.573389
v 2.249645 0.131535 -4.093694
v 1.738429 0.218786 -4.065991
v 1.977524 0.036141 -4.320706
v 1.964909 0.097706 -4.587240
v 2.235081 0.097581 -4.347392
v 1.994037 0.174185 -4.079843
v 1.723865 0.181626 -4.319690
v 0.649844 0.549739 -2.830175
v 0.258195 0.487051 -3.180243
v 0.302191 0.590171 -2.427903
v -0.089458 0.513748 -2.777972
v 0.301129 0.437182 -2.798756
v 0.454020 0.523093 -3.005209
v 0.476018 0.572556 -2.629039
v 0.106367 0.557293 -2.602938
v 0.084369 0.503207 -2.979107
v 2.661557 -0.004347 -3.815267
v 2.339161 0.076359 -4.106685
v 2.370589 0.056424 -3.490949
v 2.048192 0.141410 -3.782367
v 2.348033 -0.007481 -3.800576
v 2.500359 0.036456 -3.960976
v 2.516073 0.023085 -3.653108
v 2.209391 0.099559 -3.636658
v 2.193677 0.107215 -3.944525
v -0.190476 0.736074 -2.064700
v -0.592336 0.678693 -2.513925
v -0.625120 0.642798 -1.661997
v -1.026980 0.573978 -2.111222
v -0.583657 0.551621 -2.096839
v -0.391406 0.713018 -2.289312
v -0.407798 0.695972 -1.863349
v -0.826050 0.613823 -1.886610
v -0.809658 0.632728 -2.312573
v 2.219954 0.058810 -4.600340
v 1.709883 0.140051 -4.572700
v 2.249017 0.130270 -4.094079
v 1.738946 0.217490 -4.066439
v 1.977401 0.029694 -4.319897
v 1.964919 0.096732 -4.586519
v 2.234486 0.096386 -4.347209
v 1.993981 0.173216 -4.080259
v 1.724414 0.180401 -4.319569
v 1.488019 0.339635 -1.170038
v 1.164119 0.491979 -1.492285
v 1.154491 0.360907 -0.849563
v 0.830591 0.508437 -1.171810
v 1.154036 0.329533 -1.192366
v 1.326069 0.415573 -1.331161
v 1.321255 0.351899 -1.009800
v 0.992542 0.433386 -1.010686
v 0.997355 0.502782 -1.332047
v 1.295436 0.413363 -2.485087
v 0.836358 0.530646 -2.906184
v 0.873657 0.412145 -2.037868
v 0.414579 0.532724 -2.458965
v 0.863726 0.341494 -2.496220
v 1.065897 0.467654 -2.695635
v 1.084547 0.414952 -2.261477
v 0.644118 0.475573 -2.248417
v 0.625468 0.534739 -2.682575
v 2.345575 0.053836 -2.365802
v 1.988935 0.222920 -2.756172
v 1.954923 0.202538 -1.998180
v 1.598283 0.371968 -2.388549
v 1.951021 0.105192 -2.386623
v 2.167255 0.140554 -2.560987
v 2.150249 0.127658 -2.181991
v 1.776603 0.289334 -2.193364
v 1.793609 0.296575 -2.572360
v 1.296327 0.414754 -2.484844
v 0.836217 0.531924 -2.906886
v 0.873601 0.413430 -2.036621
v 0.413492 0.534437 -2.458664
v 0.863203 0.349625 -2.494769
v 1.066272 0.468875 -2.695865
v 1.084964 0.416715 -2.260733
v 0.643546 0.477017 -2.247643
v 0.624855 0.536255 -2.682775
v 3.425915 -0.052902 -5.025702
v 3.054762 -0.040993 -5.290917
v 3.166365 0.044659 -4.661767
v 2.795212 0.069401 -4.926982
v 3.099579 -0.085784 -4.961672
v 3.240338 -0.047422 -5.158309
v 3.296140 -0.005007 -4.843734
v 2.980789 0.056506 -4.794375
v 2.924987 0.012527 -5.108949
v 1.488816 0.340620 -1.169795
v 1.164189 0.493222 -1.492765
v 1.154540 0.361830 -0.848600
v 0.829913 0.509686 -1.171570
v 1.154353 0.335305 -1.191080
v 1.326502 0.416716 -1.331280
v 1.321678 0.352915 -1.009197
v 0.992227 0.434410 -1.010085
v 0.997051 0.503966 -1.332168
v 2.082804 0.181005 -2.981999
v 2.321180 0.118357 -3.536487
v 1.528316 0.282087 -3.220375
v 1.766692 0.205775 -3.774863
v 1.924748 0.068602 -3.378431
v 2.201992 0.146564 -3.259243
v 1.805560 0.233536 -3.101187
v 1.647504 0.241889 -3.497619
v 2.043936 0.163649 -3.655675
v 1.034527 0.304296 -4.156996
v 0.688297 0.267244 -4.439004
v 0.749104 0.387828 -3.808596
v 0.402874 0.343310 -4.090604
v 0.727183 0.233002 -4.114245
v 0.861412 0.288721 -4.298000
v 0.891816 0.344496 -3.982796
v 0.575989 0.367758 -3.949600
v 0.545586 0.305243 -4.264804
v 1.721001 0.160803 -3.732174
v 1.422312 0.181433 -4.055361
v 1.398818 0.294135 -3.437583
v 1.100129 0.316335 -3.760771
v 1.404001 0.145620 -3.735369
v 1.571657 0.169254 -3.893768
v 1.559910 0.226360 -3.584879
v 1.249474 0.307487 -3.599177
v 1.261221 0.246740 -3.908066
v 1.455137 0.244969 -3.104985
v 1.224571 0.277341 -3.315344
v 1.244778 0.302810 -2.874420
v 1.014212 0.340044 -3.084778
v 1.234674 0.221827 -3.094882
v 1.339853 0.259062 -3.210165
v 1.349957 0.273549 -2.989702
v 1.129495 0.320073 -2.979599
v 1.119391 0.308583 -3.200061
v 0.649264 0.548331 -2.830054
v 0.258492 0.485858 -3.179338
v 0.302390 0.588895 -2.428683
v -0.088382 0.512664 -2.777967
v 0.302449 0.430607 -2.798421
v 0.453878 0.521793 -3.004696
v 0.475827 0.571254 -2.629368
v 0.107004 0.556102 -2.603325
v 0.085055 0.502079 -2.978653
v 2.346649 0.054888 -2.365671
v 1.989208 0.224146 -2.756916
v 1.955120 0.203731 -1.997222
v 1.597680 0.373385 -2.388468
v 1.952275 0.111789 -2.386057
v 2.167929 0.141765 -2.561294
v 2.150885 0.128719 -2.181447
v 1.776400 0.290639 -2.192845
v 1.793444 0.297945 -2.572692
v 0.905458 0.442504 -1.121922
v 0.656389 0.529107 -1.402389
v 0.621827 0.466438 -0.874231
v 0.372758 0.547724 -1.154698
v 0.637748 0.433213 -1.146975
v 0.780924 0.486233 -1.262156
v 0.763643 0.454574 -0.998076
v 0.497292 0.507200 -1.014465
v 0.514574 0.539869 -1.278543
v 1.035140 0.305418 -4.157178
v 0.688134 0.268232 -4.439819
v 0.749077 0.388971 -3.807996
v 0.402070 0.344320 -4.090637
v 0.726674 0.238339 -4.114818
v 0.861637 0.289776 -4.298498
v 0.892109 0.345613 -3.982587
v 0.575573 0.368835 -3.949316
v 0.545102 0.306241 -4.265228
v 3.587188 -0.130803 -3.384775
v 3.267562 -0.039509 -3.661591
v 3.319175 -0.057905 -3.059576
v 2.999548 0.045121 -3.336391
v 3.274708 -0.130273 -3.357718
v 3.427375 -0.086595 -3.523183
v 3.453181 -0.095894 -3.222176
v 3.159361 -0.007841 -3.197983
v 3.133555 0.001304 -3.498991
v 3.425078 -0.053862 -5.025418
v 3.054757 -0.041957 -5.290039
v 3.166110 0.043425 -4.662298
v 2.795789 0.067927 -4.926920
v 3.098886 -0.091456 -4.960747
v 3.239918 -0.048384 -5.157728
v 3.295594 -0.006069 -4.843858
v 2.980949 0.055339 -4.794609
v 2.925272 0.011460 -5.108479
v 1.721772 0.161798 -3.732267
v 1.422413 0.182243 -4.056180
v 1.398866 0.295261 -3.437015
v 1.099507 0.317422 -3.760927
v 1.404395 0.151168 -3.736035
v 1.572092 0.169902 -3.894223
v 1.560319 0.227421 -3.584641
v 1.249186 0.308593 -3.598971
v 1.260960 0.247758 -3.908554
v 1.308198 0.131703 -5.135103
v 1.202122 0.084807 -5.461821
v 0.980514 0.202066 -5.030865
v 0.874439 0.149373 -5.357583
v 1.088858 0.083537 -5.240323
v 1.255160 0.108272 -5.298462
v 1.144356 0.166957 -5.082984
v 0.927477 0.175830 -5.194224
v 1.038281 0.117102 -5.409702
v 0.904735 0.443176 -1.121880
v 0.656355 0.529686 -1.401571
v 0.621888 0.467283 -0.874874
v 0.373509 0.548316 -1.154565
v 0.637779 0.434703 -1.146775
v 0.780545 0.486846 -1.261726
v 0.763312 0.455284 -0.998377
v 0.497699 0.507888 -1.014720
v 0.514932 0.539975 -1.278068
v -0.486292 0.245794 4.639693
v -0.261184 0.345543 4.323153
v -0.805496 0.251743 4.445605
v -0.580893 0.360430 4.132766
v -0.528709 0.221046 4.378780
v -0.373560 0.295261 4.480930
v -0.646238 0.249168 4.543824
v -0.693067 0.305253 4.288951
v -0.421448 0.354038 4.228988
v 2.438854 0.108510 3.375288
v 2.717370 0.040501 3.204680
v 2.248307 0.209842 3.136283
v 2.528383 0.134042 2.963544
v 2.474046 0.066659 3.165784
v 2.578099 0.074761 3.288857
v 2.343551 0.159346 3.255682
v 2.388347 0.172859 3.048958
v 2.622802 0.087049 3.083990
v -0.486243 0.246654 4.640363
v -0.260636 0.346488 4.323133
v -0.806151 0.252585 4.445772
v -0.581049 0.361376 4.132243
v -0.528995 0.225822 4.379176
v -0.373262 0.296164 4.481256
v -0.646542 0.250030 4.544244
v -0.693472 0.306155 4.288772
v -0.421253 0.354986 4.228718
v 1.559716 0.020866 4.946396
v 1.754224 0.084120 4.558183
v 1.159199 0.126109 4.801391
v 1.355161 0.197935 4.414127
v 1.452479 0.033661 4.666823
v 1.657601 0.052589 4.750242
v 1.359924 0.073941 4.872913
v 1.257782 0.162633 4.605984
v 1.555152 0.141513 4.485173
v 0.575777 0.266379 4.733907
v 1.195074 0.188199 4.743855
v 0.653521 0.363508 4.159295
v 1.268126 0.274028 4.174819
v 0.917790 0.154234 4.444757
v 0.886175 0.231821 4.738675
v 0.615157 0.313313 4.444133
v 0.961534 0.323627 4.166938
v 1.232253 0.230994 4.456285
v -0.947037 0.651346 2.953625
v -0.613411 0.717392 2.454270
v -1.447368 0.515741 2.634525
v -1.111003 0.580331 2.135248
v -1.013457 0.498110 2.568285
v -0.780110 0.687345 2.703954
v -1.197040 0.586163 2.794840
v -1.278441 0.550704 2.385192
v -0.862250 0.653623 2.294936
v 1.383382 -0.100130 5.983465
v 1.577679 -0.025686 5.570805
v 0.993681 0.027090 5.848817
v 1.188425 0.111759 5.440605
v 1.272572 -0.083057 5.687031
v 1.481252 -0.063217 5.775571
v 1.189189 -0.035964 5.915046
v 1.091685 0.068595 5.643283
v 1.383702 0.042839 5.504483
v 0.517184 0.320621 4.133852
v 0.658904 0.361876 3.862258
v 0.229424 0.361677 4.027354
v 0.372285 0.409655 3.755223
v 0.442450 0.301500 3.942578
v 0.588187 0.341274 3.997448
v 0.373219 0.342278 4.081089
v 0.300971 0.385623 3.890788
v 0.515530 0.386993 3.809243
v 2.192028 0.021591 4.299618
v 2.017898 0.133334 3.872340
v 1.718154 0.146587 4.486548
v 1.542868 0.263421 4.055947
v 1.848635 0.040992 4.171805
v 2.105009 0.076644 4.084248
v 1.956067 0.085159 4.390452
v 1.630766 0.204508 4.269358
v 1.781198 0.200040 3.961996
v 0.022933 0.585341 3.517098
v 0.257371 0.573282 3.060926
v -0.465698 0.562140 3.319050
v -0.227510 0.565033 2.858303
v -0.104385 0.470079 3.209427
v 0.140183 0.580569 3.288264
v -0.222174 0.577881 3.420278
v -0.346605 0.565383 3.088329
v 0.014326 0.574659 2.961807
v 1.559501 0.021754 4.945706
v 1.753475 0.084894 4.558572
v 1.160061 0.126842 4.801218
v 1.355479 0.198470 4.415028
v 1.452608 0.035380 4.667068
v 1.657106 0.053425 4.750139
v 1.360250 0.074770 4.872482
v 1.258375 0.163311 4.606350
v 1.554915 0.141853 4.485803
v -0.947028 0.652689 2.954285
v -0.612654 0.718877 2.453806
v -1.448481 0.517010 2.634471
v -1.111363 0.581470 2.134068
v -1.014394 0.505601 2.566895
v -0.779727 0.688887 2.704052
v -1.197591 0.587546 2.795142
v -1.279176 0.552087 2.384573
v -0.862051 0.655088 2.294114
v 2.191054 0.020563 4.299288
v 2.017321 0.132185 3.873040
v 1.718255 0.145346 4.485778
v 1.543358 0.262078 4.056268
v 1.847367 0.034589 4.171620
v 2.104251 0.075704 4.084413
v 1.955608 0.084033 4.389979
v 1.631061 0.203212 4.269132
v 1.781153 0.198794 3.962507
v -1.390117 0.169952 4.787092
v -1.157823 0.341030 4.390725
v -1.789490 0.098940 4.549893
v -1.559933 0.274957 4.158880
v -1.454882 0.128841 4.461528
v -1.274105 0.255318 4.588783
v -1.590371 0.135549 4.670205
v -1.675058 0.186517 4.354451
v -1.359432 0.308990 4.276605
v -0.139220 0.427014 4.204270
v 0.149883 0.579525 3.660337
v -0.697203 0.337993 3.959246
v -0.405724 0.510249 3.413084
v -0.249605 0.339345 3.808596
v 0.005865 0.503991 3.930668
v -0.419533 0.385919 4.084437
v -0.551150 0.425182 3.685334
v -0.129147 0.549165 3.539365
v 0.028964 0.132430 5.196651
v 0.325023 0.297773 4.731836
v -0.444820 0.212533 4.968124
v -0.150581 0.391909 4.510412
v -0.059926 0.153731 4.826517
v 0.177618 0.215679 4.962674
v -0.208197 0.175808 5.083666
v -0.297264 0.302912 4.738151
v 0.087017 0.348879 4.622527
v -0.139198 0.428045 4.205210
v 0.150562 0.581156 3.660043
v -0.698411 0.339287 3.959517
v -0.406276 0.512039 3.412119
v -0.251057 0.347066 3.808712
v 0.006222 0.505566 3.930994
v -0.420123 0.387332 4.085046
v -0.552031 0.426530 3.684986
v -0.129097 0.551001 3.538786
v 2.935446 -0.215856 5.286468
v 3.084944 -0.197665 4.859154
v 2.525177 -0.060595 5.145293
v 2.674032 -0.039576 4.720609
v 2.780927 -0.217409 4.988033
v 3.010564 -0.207101 5.071256
v 2.730604 -0.139575 5.214428
v 2.599647 -0.049682 4.932774
v 2.880146 -0.120450 4.786784
v -1.390153 0.170673 4.787933
v -1.157339 0.342273 4.390680
v -1.790423 0.099844 4.550199
v -1.560347 0.276084 4.158297
v -1.456083 0.134599 4.462217
v -1.273881 0.256457 4.589182
v -1.590857 0.136518 4.670774
v -1.675732 0.187534 4.354313
v -1.359398 0.310176 4.276291
v 0.576466 0.264922 4.733279
v 1.194369 0.186834 4.743111
v 0.654110 0.362080 4.159791
v 1.267282 0.272614 4.175349
v 0.917352 0.146472 4.444476
v 0.886181 0.230455 4.737952
v 0.615759 0.311840 4.444179
v 0.961369 0.322171 4.167561
v 1.231491 0.229604 4.456141
v 1.425098 0.374478 3.435550
v 1.596267 0.335194 3.061839
v 1.006650 0.487450 3.301319
v 1.181194 0.450008 2.921171
v 1.292263 0.320709 3.186697
v 1.510324 0.355489 3.248118
v 1.216033 0.432651 3.368864
v 1.093748 0.472305 3.110687
v 1.388758 0.392725 2.992221
v 1.209304 0.231504 4.147990
v 1.435566 0.239924 3.788224
v 0.830718 0.381619 3.974095
v 1.059803 0.402814 3.613130
v 1.117293 0.225763 3.873863
v 1.322735 0.236431 3.966519
v 1.020293 0.307696 4.061279
v 0.945611 0.393541 3.792144
v 1.247984 0.322567 3.700935
v 0.517001 0.319896 4.133362
v 0.658404 0.361146 3.862393
v 0.229873 0.360921 4.027187
v 0.372408 0.408703 3.755677
v 0.442319 0.297545 3.942456
v 0.587845 0.340547 3.997271
v 0.373352 0.341535 4.080759
v 0.301274 0.384885 3.890889
v 0.515345 0.386247 3.809539
v 0.022642 0.583944 3.516553
v 0.256555 0.572096 3.061434
v -0.464902 0.560836 3.319039
v -0.227249 0.563833 2.859341
v -0.104448 0.463249 3.210740
v 0.139630 0.579278 3.288245
v -0.221920 0.576527 3.419999
v -0.346078 0.563923 3.088842
v 0.014050 0.573532 2.962579
v 0.029159 0.133440 5.197746
v 0.325897 0.299078 4.731862
v -0.445666 0.213740 4.968580
v -0.150778 0.393342 4.509875
v -0.059924 0.160408 4.828018
v 0.178140 0.216855 4.963272
v -0.208533 0.176592 5.084437
v -0.297785 0.304231 4.738112
v 0.087341 0.350243 4.622311
v -1.588870 0.206391 4.242699
v -1.378875 0.326034 3.933003
v -1.903410 0.169310 4.028880
v -1.694202 0.291695 3.721851
v -1.632955 0.183789 3.978419
v -1.484034 0.265465 4.087882
v -1.746402 0.186947 4.136937
v -1.799063 0.229922 3.875450
v -1.536804 0.307604 3.828628
v 1.425498 0.375528 3.436060
v 1.597044 0.336163 3.061488
v 1.006101 0.488609 3.301475
v 1.181030 0.450553 2.920395
v 1.292878 0.326382 3.186183
v 1.510906 0.356520 3.248229
v 1.215953 0.433778 3.369230
v 1.093397 0.473398 3.110380
v 1.389070 0.393726 2.991663
v 1.383765 -0.099346 5.984321
v 1.578477 -0.024761 5.570810
v 0.993204 0.028105 5.849301
v 1.188366 0.112962 5.440243
v 1.273451 -0.077897 5.688287
v 1.481843 -0.062363 5.776001
v 1.189142 -0.035062 5.915716
v 1.091417 0.069685 5.643343
v 1.384070 0.043886 5.504305
v 2.934871 -0.216751 5.285643
v 3.084021 -0.198567 4.859348
v 2.525513 -0.061769 5.144835
v 2.674029 -0.040847 4.721112
v 2.779360 -0.222937 4.987325
v 3.009809 -0.207988 5.070967
v 2.730478 -0.140598 5.213813
v 2.599816 -0.050871 4.932797
v 2.879685 -0.121502 4.787133
v 1.209648 0.232248 4.148735
v 1.436422 0.240664 3.788125
v 0.830259 0.383318 3.974342
v 1.059814 0.403899 3.612594
v 1.118318 0.231257 3.874241
v 1.323326 0.237028 3.966836
v 1.020227 0.308708 4.061771
v 0.945385 0.394665 3.791953
v 1.248432 0.323579 3.700584
v 2.438623 0.107910 3.375921
v 2.717921 0.039683 3.204780
v 2.247562 0.209358 3.136125
v 2.528429 0.133455 2.962859
v 2.473830 0.065305 3.165724
v 2.578262 0.074109 3.289224
v 2.343062 0.158806 3.255920
v 2.388020 0.172826 3.048551
v 2.623104 0.086407 3.083700
v -1.589101 0.207069 4.242018
v -1.379678 0.326582 3.933181
v -1.902787 0.170071 4.028789
v -1.694148 0.292316 3.722618
v -1.633159 0.185275 3.978518
v -1.484550 0.266077 4.087630
v -1.746206 0.187665 4.136552
v -1.798723 0.230610 3.875788
v -1.537179 0.308187 3.829100
v -2.011128 0.335199 3.167205
v -2.254742 0.289933 3.458161
v -1.712152 0.321710 3.409548
v -1.954649 0.278727 3.700165
v -1.988497 0.224147 3.437385
v -2.133063 0.312783 3.312639
v -1.861535 0.328122 3.288260
v -1.833472 0.298516 3.554825
v -2.104601 0.285344 3.579019
v -4.981376 -0.302286 4.080100
v -5.270876 -0.385276 4.248997
v -4.809595 -0.297117 4.377286
v -5.099474 -0.376755 4.546585
v -5.028814 -0.400004 4.309064
v -5.126093 -0.345132 4.164491
v -4.895518 -0.301158 4.228683
v -4.954488 -0.337725 4.461866
v -5.185166 -0.381801 4.397781
v -2.011126 0.336072 3.166560
v -2.255290 0.290844 3.458185
v -1.711489 0.322571 3.409436
v -1.954525 0.279425 3.700717
v -1.988193 0.228977 3.437145
v -2.133340 0.313697 3.312327
v -1.861205 0.328992 3.287881
v -1.833074 0.299439 3.555052
v -2.104816 0.286282 3.579310
v -3.974343 0.113821 2.490266
v -4.202113 0.059005 2.866956
v -3.596457 0.162585 2.710459
v -3.823763 0.105751 3.086009
v -3.896470 0.035283 2.791320
v -4.088770 0.088658 2.678521
v -3.785666 0.137350 2.600308
v -3.710640 0.136228 2.898141
v -4.013224 0.081714 2.976464
v -3.035251 0.283586 2.892235
v -3.635974 0.205771 2.769778
v -3.160776 0.171293 3.479996
v -3.760514 0.090057 3.359020
v -3.393920 0.070189 3.118941
v -3.335991 0.245221 2.830654
v -3.099040 0.228750 3.186215
v -3.461075 0.132717 3.419143
v -3.699558 0.151453 3.064665
v -1.664117 0.250825 4.939921
v -2.024399 0.104969 5.420758
v -1.174611 0.136029 5.269705
v -1.541388 0.002465 5.764463
v -1.615507 -0.002472 5.326113
v -1.844909 0.174807 5.181060
v -1.419630 0.195966 5.107037
v -1.358357 0.066170 5.517810
v -1.783116 0.055131 5.594206
v -3.712895 0.194907 1.500150
v -3.932731 0.210965 1.868566
v -3.343224 0.312184 1.699680
v -3.563366 0.318834 2.067874
v -3.629875 0.172787 1.800251
v -3.822768 0.204508 1.684087
v -3.528293 0.253869 1.599911
v -3.453265 0.317211 1.883541
v -3.748340 0.264876 1.968235
v -3.028969 0.121977 3.524323
v -3.188538 0.050445 3.789854
v -2.756025 0.136017 3.685008
v -2.915660 0.065602 3.950101
v -2.969605 0.030174 3.734100
v -3.109035 0.086668 3.657075
v -2.892410 0.127404 3.604448
v -2.836079 0.100827 3.817520
v -3.052073 0.058133 3.869817
v -4.660549 -0.073142 3.082526
v -4.526170 -0.132588 3.574527
v -4.173197 0.093914 2.953952
v -4.041276 0.040778 3.446426
v -4.331529 -0.117971 3.256470
v -4.594085 -0.102605 3.328789
v -4.417588 0.009984 3.018258
v -4.107948 0.067435 3.200387
v -4.284337 -0.047410 3.510397
v -2.592402 0.190559 4.261533
v -2.849355 -0.012905 4.706720
v -2.121822 0.168942 4.524855
v -2.382015 -0.020579 4.971239
v -2.482015 -0.021077 4.590225
v -2.721492 0.087427 4.484109
v -2.356687 0.181566 4.392637
v -2.252340 0.072593 4.747967
v -2.615244 -0.014988 4.838365
v -3.974157 0.114604 2.491056
v -4.201331 0.059804 2.866709
v -3.597316 0.163319 2.710640
v -3.824025 0.106468 3.085156
v -3.896558 0.037021 2.791249
v -4.088286 0.089456 2.678793
v -3.786016 0.138113 2.600795
v -3.711200 0.136949 2.897805
v -4.012949 0.082522 2.975913
v -1.664111 0.252967 4.939288
v -2.025197 0.105991 5.421199
v -1.173500 0.137349 5.269831
v -1.541096 0.003620 5.765671
v -1.614687 0.005034 5.327597
v -1.845308 0.176346 5.180963
v -1.419068 0.197433 5.106779
v -1.357656 0.067434 5.518477
v -1.783371 0.056424 5.595031
v -4.659622 -0.074138 3.082842
v -4.525538 -0.133591 3.573725
v -4.173360 0.092595 2.954567
v -4.041730 0.039454 3.445922
v -4.330248 -0.124321 3.255953
v -4.593298 -0.103671 3.328541
v -4.417201 0.008778 3.018719
v -4.108256 0.066124 3.200443
v -4.284239 -0.048678 3.509735
v -1.113106 0.471415 3.127966
v -1.369149 0.461046 3.506841
v -0.729283 0.419700 3.380135
v -0.983079 0.413117 3.760766
v -1.069001 0.343021 3.454832
v -1.240964 0.466593 3.317337
v -0.921543 0.447692 3.256311
v -0.855936 0.416736 3.570326
v -1.176393 0.438885 3.635654
v -2.383279 0.310090 3.565311
v -2.707793 0.222691 4.095072
v -1.851462 0.212399 3.891607
v -2.174616 0.138301 4.419390
v -2.301356 0.088488 3.983917
v -2.546233 0.266157 3.829955
v -2.116774 0.263204 3.727748
v -2.013470 0.173317 4.155278
v -2.440502 0.183345 4.256313
v -2.468609 0.328902 2.515557
v -2.792195 0.323397 2.940565
v -2.026821 0.405576 2.828311
v -2.348405 0.389161 3.252149
v -2.412448 0.248589 2.903440
v -2.630479 0.326113 2.727698
v -2.247858 0.371548 2.671896
v -2.187674 0.398414 3.040043
v -2.570401 0.355496 3.096161
v -2.383264 0.311651 3.564432
v -2.708510 0.224104 4.095411
v -1.850236 0.213791 3.891455
v -2.174137 0.139679 4.420429
v -2.300037 0.096508 3.984394
v -2.546589 0.267744 3.829689
v -2.116162 0.264788 3.727224
v -2.012626 0.174664 4.155711
v -2.440624 0.184836 4.257004
v -5.304806 -0.021227 1.986408
v -5.495033 -0.095124 2.405673
v -4.906013 0.105258 2.172497
v -5.096884 0.021770 2.592066
v -5.180680 -0.085187 2.292555
v -5.400498 -0.056386 2.196056
v -5.105595 0.041846 2.079520
v -5.002126 0.065309 2.382329
v -5.296107 -0.037626 2.498943
v -1.113024 0.472459 3.127138
v -1.369639 0.462247 3.506873
v -0.728343 0.420795 3.379902
v -0.982709 0.414237 3.761389
v -1.067803 0.348795 3.454287
v -1.241168 0.467736 3.316939
v -0.921033 0.448855 3.255780
v -0.855280 0.417756 3.570521
v -1.176453 0.440067 3.635981
v -3.036027 0.282051 2.892706
v -3.635373 0.204321 2.770505
v -3.161236 0.169869 3.479129
v -3.759636 0.088806 3.358403
v -3.393545 0.062519 3.118550
v -3.336062 0.243749 2.831256
v -3.099697 0.227199 3.186009
v -3.460863 0.131326 3.418398
v -3.698813 0.150047 3.064717
v -3.974548 -0.102932 4.145525
v -4.166788 -0.254625 4.534605
v -3.572089 -0.051332 4.352761
v -3.766330 -0.198480 4.742176
v -3.855614 -0.247102 4.426041
v -4.070850 -0.181619 4.339925
v -3.773353 -0.077778 4.248875
v -3.669366 -0.127557 4.547302
v -3.966498 -0.227254 4.638098
v -3.704690 0.037330 3.390750
v -3.956255 -0.093902 3.744205
v -3.349187 0.112944 3.648128
v -3.601489 -0.014791 4.001316
v -3.635505 -0.080174 3.694102
v -3.831137 -0.027851 3.567500
v -3.527216 0.075635 3.519403
v -3.475976 0.049251 3.824713
v -3.779061 -0.054615 3.872682
v -3.028809 0.121217 3.524768
v -3.188019 0.049735 3.789689
v -2.756462 0.134946 3.685089
v -2.915750 0.064876 3.949587
v -2.969417 0.026213 3.733913
v -3.108696 0.085931 3.657215
v -2.892554 0.126640 3.604717
v -2.836353 0.100070 3.817307
v -3.051859 0.057414 3.869478
v -2.592112 0.189143 4.262023
v -2.848475 -0.014004 4.706198
v -2.122593 0.167571 4.524785
v -2.382196 -0.021638 4.970154
v -2.481726 -0.027657 4.588637
v -2.720903 0.086166 4.484092
v -2.356929 0.180198 4.392850
v -2.252815 0.071366 4.747388
v -2.614898 -0.016086 4.837559
v -2.468713 0.330018 2.514498
v -2.793019 0.324645 2.940488
v -2.025937 0.406785 2.827944
v -2.348238 0.390568 3.252757
v -2.412299 0.255648 2.902252
v -2.630907 0.327234 2.727135
v -2.247474 0.373136 2.671188
v -2.187149 0.399727 3.040162
v -2.570731 0.356851 3.096427
v -0.948808 0.379727 3.678171
v -1.177273 0.343794 3.978005
v -0.643783 0.341237 3.887665
v -0.871583 0.310375 4.191175
v -0.919139 0.278908 3.937588
v -1.062956 0.361721 3.827931
v -0.796553 0.361930 3.784107
v -0.757573 0.325527 4.039219
v -1.024644 0.328219 4.085842
v -3.974944 -0.101798 4.145051
v -4.167622 -0.253762 4.535015
v -3.571583 -0.050027 4.352746
v -3.766258 -0.197547 4.743037
v -3.856486 -0.241536 4.427083
v -4.071469 -0.180625 4.339894
v -3.773294 -0.076617 4.248627
v -3.669076 -0.126485 4.547724
v -3.966861 -0.226591 4.638714
v -3.713111 0.195726 1.499325
v -3.933475 0.211511 1.868567
v -3.342671 0.313205 1.699297
v -3.563296 0.320104 2.068336
v -3.630412 0.177721 1.799256
v -3.823285 0.205420 1.683679
v -3.528156 0.254807 1.599306
v -3.452951 0.318290 1.883578
v -3.748727 0.265928 1.968473
v -5.304339 -0.022236 1.987135
v -5.494124 -0.096031 2.405444
v -4.906424 0.104058 2.172801
v -5.096875 0.020636 2.591421
v -5.179340 -0.090816 2.292751
v -5.399797 -0.057329 2.196303
v -5.105555 0.040761 2.080032
v -5.002325 0.064138 2.382158
v -5.295662 -0.038399 2.498519
v -3.705007 0.038351 3.390080
v -3.957144 -0.093017 3.744350
v -3.348706 0.114107 3.648027
v -3.601581 -0.013754 4.002029
v -3.636602 -0.074682 3.694221
v -3.831740 -0.026895 3.567238
v -3.527126 0.076744 3.519018
v -3.475783 0.050354 3.825020
v -3.779552 -0.053654 3.873112
v -4.981135 -0.302323 4.079452
v -5.271400 -0.385978 4.248778
v -4.808837 -0.297588 4.377422
v -5.099522 -0.377421 4.547192
v -5.028545 -0.401346 4.308967
v -5.126213 -0.345736 4.164035
v -4.894998 -0.301647 4.228406
v -4.954133 -0.338293 4.462237
v -5.185452 -0.382485 4.397975
v -0.948492 0.380812 3.678421
v -1.176464 0.344389 3.977881
v -0.644418 0.341991 3.887738
v -0.871594 0.311446 4.190420
v -0.918942 0.280397 3.937525
v -1.062458 0.362349 3.828221
v -0.796777 0.362640 3.784495
v -0.757897 0.326221 4.038876
v -1.024246 0.328811 4.085400
v -0.769539 0.677911 0.878868
v -0.547024 0.707463 0.572037
v -1.077446 0.637419 0.654593
v -0.854931 0.675906 0.347762
v -0.806065 0.598995 0.607619
v -0.658282 0.694783 0.725453
v -0.923492 0.659660 0.766731
v -0.966188 0.658124 0.501177
v -0.700978 0.693239 0.459899
v 2.141570 0.208911 -0.193108
v 2.430566 0.105255 -0.377027
v 1.959184 0.266646 -0.483494
v 2.248179 0.162850 -0.667413
v 2.188514 0.128471 -0.431126
v 2.286068 0.156513 -0.285068
v 2.050377 0.238378 -0.338301
v 2.103682 0.214862 -0.575454
v 2.339372 0.134891 -0.522220
v -0.769513 0.678780 0.879528
v -0.546498 0.708420 0.572008
v -1.078111 0.638271 0.654750
v -0.855096 0.676845 0.347229
v -0.806435 0.603815 0.607961
v -0.658006 0.695748 0.725768
v -0.923812 0.660521 0.767139
v -0.966604 0.659020 0.500990
v -0.700797 0.694237 0.459619
v 1.202331 0.517190 1.447134
v 1.404337 0.488049 1.062652
v 0.814406 0.603627 1.247614
v 1.016473 0.582093 0.861503
v 1.109364 0.476388 1.147975
v 1.303304 0.505168 1.255708
v 1.008338 0.563159 1.348189
v 0.915439 0.594159 1.054559
v 1.210405 0.538152 0.962078
v 0.249692 0.722963 1.096672
v 0.847519 0.651760 1.188975
v 0.341995 0.673460 0.498844
v 0.939822 0.597999 0.591148
v 0.594757 0.547361 0.843910
v 0.548605 0.691911 1.142823
v 0.295843 0.701078 0.797758
v 0.640909 0.641753 0.544996
v 0.893671 0.626533 0.890061
v -1.206325 0.726755 -0.876108
v -0.872654 0.704381 -1.376439
v -1.703831 0.547629 -1.195483
v -1.370160 0.550570 -1.695815
v -1.272614 0.517038 -1.262779
v -1.039489 0.717569 -1.126273
v -1.455078 0.641118 -1.035795
v -1.536996 0.551394 -1.445649
v -1.121407 0.632015 -1.536127
v 1.022366 0.489041 2.406698
v 1.206752 0.544908 2.048443
v 0.638503 0.631970 2.254000
v 0.824074 0.683252 1.887608
v 0.914313 0.505488 2.132942
v 1.114375 0.520821 2.228318
v 0.830438 0.563328 2.331544
v 0.731137 0.658094 2.071277
v 1.015354 0.616996 1.969422
v 0.212681 0.624096 0.458102
v 0.359005 0.585953 0.181627
v -0.063794 0.637535 0.311777
v 0.082530 0.606255 0.035302
v 0.147605 0.550678 0.246702
v 0.285843 0.604097 0.319864
v 0.074443 0.631404 0.384939
v 0.009368 0.621507 0.173540
v 0.220767 0.596333 0.108464
v 1.852532 0.337887 0.824436
v 1.697833 0.364029 0.336402
v 1.368552 0.536231 0.979560
v 1.213853 0.554808 0.491525
v 1.520278 0.352102 0.659304
v 1.775183 0.353738 0.580419
v 1.610542 0.437313 0.901998
v 1.291203 0.546342 0.735543
v 1.455843 0.462750 0.413963
v -0.254978 0.733473 -0.253321
v -0.014007 0.608239 -0.720086
v -0.731423 0.684251 -0.489296
v -0.490453 0.585692 -0.956062
v -0.372626 0.552631 -0.583091
v -0.134492 0.671226 -0.486704
v -0.493201 0.712749 -0.371309
v -0.610938 0.635394 -0.722679
v -0.252230 0.600893 -0.838074
v 1.202074 0.518025 1.446394
v 1.403522 0.489081 1.062980
v 0.815222 0.604409 1.247431
v 1.016730 0.582818 0.862388
v 1.109364 0.478121 1.148141
v 1.302767 0.505951 1.255502
v 1.008618 0.563967 1.347727
v 0.915976 0.594835 1.054909
v 1.210126 0.538930 0.962684
v -1.206317 0.728355 -0.875448
v -0.871897 0.705866 -1.376903
v -1.704941 0.548820 -1.195541
v -1.370520 0.551782 -1.696996
v -1.273551 0.524276 -1.264169
v -1.039107 0.719111 -1.126176
v -1.455629 0.642522 -1.035495
v -1.537731 0.552598 -1.446268
v -1.121209 0.633363 -1.536949
v 1.851664 0.337243 0.824079
v 1.697312 0.362875 0.337137
v 1.368768 0.534965 0.978855
v 1.214416 0.553512 0.491914
v 1.519464 0.345655 0.659387
v 1.774488 0.352599 0.580608
v 1.610216 0.436229 0.901467
v 1.291592 0.545062 0.735385
v 1.455863 0.461653 0.414526
v -1.652673 0.586773 0.973479
v -1.421692 0.700512 0.579268
v -2.046390 0.455555 0.730720
v -1.815409 0.572391 0.336509
v -1.714598 0.489717 0.644529
v -1.537183 0.645751 0.776373
v -1.849531 0.522170 0.852099
v -1.930899 0.515186 0.533614
v -1.618551 0.638585 0.457888
v -0.427605 0.755626 0.458068
v -0.134730 0.757452 -0.091750
v -0.966111 0.612869 0.161567
v -0.673236 0.650550 -0.388252
v -0.524814 0.570070 0.037298
v -0.281167 0.756934 0.183159
v -0.696857 0.689526 0.309817
v -0.819673 0.632084 -0.113343
v -0.403983 0.708939 -0.240001
v -0.280412 0.675410 1.504660
v 0.008336 0.752289 1.061710
v -0.734066 0.705858 1.218386
v -0.445318 0.795863 0.775436
v -0.358948 0.629734 1.117441
v -0.136038 0.718161 1.283185
v -0.507239 0.694961 1.361523
v -0.589692 0.754999 0.996911
v -0.218491 0.777744 0.918573
v -0.427617 0.757112 0.458991
v -0.134085 0.759094 -0.092062
v -0.967332 0.613883 0.161824
v -0.673800 0.651534 -0.389229
v -0.526350 0.578175 0.037154
v -0.280851 0.758521 0.183465
v -0.697475 0.690936 0.310408
v -0.820566 0.633075 -0.113702
v -0.403942 0.710270 -0.240645
v 2.564870 0.150627 1.842122
v 2.728342 0.087492 1.445721
v 2.148473 0.362221 1.700555
v 2.311670 0.295581 1.294057
v 2.420834 0.138656 1.565492
v 2.646309 0.121222 1.645677
v 2.356796 0.256146 1.771541
v 2.229824 0.331160 1.498866
v 2.520070 0.190272 1.370191
v -1.652710 0.587815 0.974312
v -1.421210 0.701755 0.579216
v -2.047310 0.456478 0.731007
v -1.815810 0.573515 0.335912
v -1.715764 0.495293 0.645157
v -1.536960 0.647017 0.776764
v -1.850010 0.523153 0.852659
v -1.931560 0.516209 0.533459
v -1.618510 0.639769 0.457564
v 0.250465 0.721522 1.096105
v 0.846953 0.650320 1.188202
v 0.342561 0.671972 0.499617
v 0.939049 0.596643 0.591714
v 0.594757 0.539684 0.843910
v 0.548709 0.690359 1.142154
v 0.296513 0.699638 0.797861
v 0.640805 0.640358 0.545666
v 0.893001 0.625093 0.889958
v 1.125888 0.491334 -0.212763
v 1.312324 0.374235 -0.618528
v 0.717167 0.560862 -0.401962
v 0.903603 0.454229 -0.807727
v 1.007617 0.376008 -0.499642
v 1.219106 0.430858 -0.415645
v 0.921527 0.528006 -0.307362
v 0.810385 0.506796 -0.604844
v 1.107964 0.414940 -0.713128
v 0.886289 0.548424 0.558154
v 1.124487 0.455900 0.188117
v 0.520471 0.640591 0.319903
v 0.758669 0.559208 -0.050133
v 0.810087 0.462421 0.250432
v 1.005388 0.503940 0.373136
v 0.703380 0.597273 0.439029
v 0.639570 0.600684 0.134885
v 0.941578 0.508098 0.068992
v 0.212535 0.623183 0.457628
v 0.358531 0.585208 0.181772
v -0.063321 0.636790 0.311631
v 0.082676 0.605510 0.035776
v 0.147605 0.546708 0.246702
v 0.285533 0.603345 0.319700
v 0.074607 0.630659 0.384630
v 0.009677 0.620762 0.173704
v 0.220603 0.595588 0.108774
v -0.255240 0.732066 -0.253853
v -0.014809 0.606820 -0.719572
v -0.730619 0.682953 -0.489300
v -0.490187 0.584718 -0.955019
v -0.372620 0.546314 -0.581729
v -0.135025 0.669926 -0.486712
v -0.492930 0.711363 -0.371576
v -0.610403 0.634335 -0.722159
v -0.252498 0.599755 -0.837296
v -0.280271 0.676577 1.505733
v 0.009125 0.753612 1.061788
v -0.734944 0.707051 1.218816
v -0.445547 0.797280 0.774871
v -0.359183 0.636531 1.118797
v -0.135573 0.719406 1.283761
v -0.507607 0.696107 1.362274
v -0.590246 0.756304 0.996844
v -0.218211 0.779114 0.918330
v -1.844983 0.519256 0.421474
v -1.635735 0.585951 0.110167
v -2.155748 0.425517 0.208818
v -1.946500 0.497177 -0.102489
v -1.887692 0.444252 0.156008
v -1.740359 0.553122 0.265821
v -2.000366 0.472473 0.315146
v -2.051124 0.461025 0.053164
v -1.791118 0.542374 0.003838
v 1.126218 0.492455 -0.212214
v 1.313072 0.375223 -0.618890
v 0.716580 0.562333 -0.401838
v 0.903434 0.454804 -0.808514
v 1.008044 0.381686 -0.500278
v 1.219645 0.431913 -0.415552
v 0.921399 0.529138 -0.307026
v 0.810007 0.507873 -0.605176
v 1.108253 0.415939 -0.713702
v 1.022684 0.489795 2.407531
v 1.207484 0.545887 2.048426
v 0.637957 0.632709 2.254434
v 0.823947 0.684394 1.887191
v 0.914812 0.510401 2.134053
v 1.114896 0.521350 2.228724
v 0.830325 0.564268 2.332178
v 0.730802 0.659167 2.071285
v 1.015656 0.618057 1.969206
v 2.564378 0.150060 1.841382
v 2.727490 0.087067 1.445937
v 2.148916 0.361016 1.700170
v 2.311752 0.294358 1.294630
v 2.419743 0.133303 1.565040
v 2.645636 0.120363 1.645413
v 2.356769 0.255067 1.770977
v 2.230088 0.329993 1.498961
v 2.519685 0.189325 1.370585
v 0.886571 0.549419 0.558877
v 1.125304 0.456856 0.188010
v 0.519933 0.641717 0.320091
v 0.758665 0.560576 -0.050775
v 0.810830 0.467969 0.250647
v 1.005938 0.504915 0.373443
v 0.703252 0.598334 0.439484
v 0.639299 0.601791 0.134658
v 0.941985 0.509120 0.068617
v 2.141357 0.208321 -0.192459
v 2.431154 0.104504 -0.376889
v 1.958465 0.266734 -0.483650
v 2.248262 0.162191 -0.668080
v 2.188365 0.127107 -0.431146
v 2.286256 0.155883 -0.284674
v 2.049911 0.237955 -0.338055
v 2.103363 0.214300 -0.575865
v 2.339708 0.134255 -0.522484
v -1.845205 0.519929 0.420785
v -1.636536 0.586504 0.110338
v -2.155110 0.426264 0.208717
v -1.946441 0.497806 -0.101729
v -1.887878 0.445528 0.156089
v -1.740870 0.553694 0.265562
v -2.000158 0.473183 0.314751
v -2.050775 0.461713 0.053494
v -1.791488 0.542878 0.004304
v 0.507982 0.518582 3.134989
v 0.726715 0.576487 2.838834
v 0.192164 0.566837 2.944299
v 0.412314 0.631333 2.645073
v 0.464817 0.499893 2.884458
v 0.617435 0.550839 2.986556
v 0.349800 0.544806 3.040853
v 0.302297 0.602355 2.794412
v 0.569289 0.606122 2.743094
v 3.400805 -0.030249 2.070090
v 3.689063 -0.112545 1.910160
v 3.218374 0.022272 1.805841
v 3.507276 -0.073749 1.639567
v 3.446839 -0.107663 1.856191
v 3.544729 -0.072758 1.989954
v 3.309517 -0.004460 1.938858
v 3.362692 -0.027124 1.723133
v 3.598127 -0.093461 1.775559
v 0.508022 0.519005 3.135655
v 0.727256 0.577435 2.838812
v 0.191509 0.567695 2.944464
v 0.412155 0.632276 2.644547
v 0.464517 0.504714 2.884846
v 0.617730 0.551743 2.986880
v 0.349496 0.545668 3.041272
v 0.301890 0.603256 2.794232
v 0.569480 0.607070 2.742821
v 2.504973 0.062033 3.492353
v 2.693093 0.102972 3.154759
v 2.112529 0.189977 3.342836
v 2.302234 0.231532 2.998765
v 2.399320 0.072911 3.235652
v 2.598938 0.084485 3.322416
v 2.308979 0.125403 3.416635
v 2.207291 0.212965 3.169968
v 2.497814 0.165762 3.075789
v 1.544168 0.385587 3.256587
v 2.146138 0.248584 3.292613
v 1.618886 0.445715 2.721837
v 2.218597 0.296261 2.769687
v 1.877463 0.227894 3.004525
v 1.845511 0.317983 3.274569
v 1.580671 0.418507 2.990327
v 1.919197 0.373243 2.744984
v 2.181680 0.277241 3.030973
v 0.054223 0.829181 1.453141
v 0.387895 0.730977 0.952810
v -0.443283 0.718668 1.133766
v -0.109612 0.634610 0.633434
v -0.012065 0.614885 1.066470
v 0.221059 0.785529 1.202976
v -0.194531 0.778327 1.293453
v -0.276448 0.681960 0.883600
v 0.139141 0.686636 0.793122
v 2.358225 -0.072327 4.399954
v 2.534365 0.006477 4.044345
v 1.976238 0.090757 4.268157
v 2.151495 0.171151 3.916694
v 2.240552 -0.036289 4.134237
v 2.446594 -0.033503 4.220092
v 2.167459 0.008519 4.333554
v 2.063966 0.131618 4.091672
v 2.343346 0.087355 3.979013
v 1.487042 0.417184 2.691170
v 1.628193 0.413055 2.434822
v 1.206816 0.486329 2.574017
v 1.349094 0.485141 2.314417
v 1.416646 0.390285 2.502767
v 1.557493 0.416988 2.563028
v 1.346842 0.453029 2.633619
v 1.277775 0.487575 2.444762
v 1.488612 0.450042 2.375305
v 3.128754 0.011372 2.945979
v 2.964704 0.078322 2.529249
v 2.656799 0.162636 3.086605
v 2.489142 0.253421 2.673285
v 2.792718 0.026596 2.805041
v 3.046222 0.046266 2.738156
v 2.892655 0.085671 3.013816
v 2.572486 0.209197 2.880505
v 2.726765 0.164615 2.599364
v 1.008277 0.677522 2.057503
v 1.246870 0.547250 1.603779
v 0.529502 0.705332 1.837190
v 0.770096 0.582024 1.373188
v 0.888294 0.530422 1.741065
v 1.127213 0.618278 1.831468
v 0.768616 0.692591 1.949018
v 0.649683 0.646209 1.605789
v 1.008378 0.567926 1.490124
v 2.504732 0.062921 3.491762
v 2.692323 0.103792 3.155128
v 2.113380 0.190722 3.342661
v 2.302524 0.231936 2.999657
v 2.399411 0.074636 3.235874
v 2.598463 0.085699 3.322264
v 2.309279 0.125946 3.416187
v 2.207867 0.213659 3.170329
v 2.497579 0.166489 3.076422
v 0.054231 0.830780 1.453800
v 0.388652 0.732462 0.952346
v -0.444392 0.719921 1.133708
v -0.109972 0.635822 0.632253
v -0.013003 0.622277 1.065080
v 0.221441 0.787071 1.203074
v -0.195081 0.779790 1.293754
v -0.277182 0.683230 0.882981
v 0.139340 0.687762 0.792300
v 3.127833 0.010261 2.945606
v 2.964158 0.077169 2.529971
v 2.656943 0.161384 3.085858
v 2.489658 0.251487 2.673538
v 2.791667 0.020183 2.804982
v 3.045500 0.045410 2.738336
v 2.892268 0.084507 3.013257
v 2.572823 0.207907 2.880308
v 2.726755 0.163380 2.599902
v -0.385299 0.518736 3.277114
v -0.156015 0.686572 2.889530
v -0.784524 0.471909 3.054306
v -0.554119 0.649881 2.662669
v -0.451245 0.495655 2.961088
v -0.270540 0.604796 3.082971
v -0.585516 0.498405 3.167532
v -0.669324 0.562678 2.858530
v -0.355621 0.671250 2.777848
v 0.845376 0.626490 2.728495
v 1.130702 0.672557 2.207104
v 0.298003 0.613449 2.471606
v 0.588129 0.657970 1.934850
v 0.739627 0.518369 2.337997
v 0.987684 0.651515 2.467834
v 0.570987 0.626085 2.602663
v 0.442803 0.640661 2.203884
v 0.858898 0.667927 2.073462
v 1.020528 0.325624 3.661540
v 1.300900 0.452298 3.244293
v 0.552603 0.472996 3.445225
v 0.835429 0.611119 3.021175
v 0.927893 0.366613 3.318864
v 1.161132 0.394090 3.451654
v 0.786603 0.403257 3.554980
v 0.694365 0.548427 3.232279
v 1.068217 0.535049 3.134258
v 0.845393 0.628016 2.729434
v 1.131359 0.674183 2.206799
v 0.296789 0.614739 2.471871
v 0.587568 0.659700 1.933876
v 0.738150 0.526419 2.337898
v 0.988020 0.653096 2.468150
v 0.570386 0.627497 2.603265
v 0.441860 0.642008 2.203868
v 0.858943 0.669314 2.072822
v 3.866825 -0.173399 3.888644
v 4.014304 -0.143216 3.527575
v 3.455813 -0.033070 3.727995
v 3.601418 -0.010555 3.365571
v 3.712343 -0.180505 3.613356
v 3.940169 -0.157999 3.706996
v 3.661404 -0.107102 3.805657
v 3.528293 -0.020056 3.545631
v 3.807849 -0.080460 3.444637
v -0.385327 0.519528 3.277951
v -0.155525 0.687813 2.889481
v -0.785442 0.472833 3.054596
v -0.554520 0.651006 2.662072
v -0.452389 0.501275 2.961731
v -0.270247 0.605874 3.083133
v -0.585990 0.499388 3.168096
v -0.669984 0.563574 2.858376
v -0.355577 0.672434 2.777526
v 1.544873 0.384132 3.255970
v 2.145503 0.247550 3.291817
v 1.619423 0.444211 2.722580
v 2.217800 0.295317 2.770243
v 1.877170 0.220152 3.004335
v 1.845537 0.316560 3.273856
v 1.581295 0.417044 2.990392
v 1.919059 0.371794 2.745627
v 2.180950 0.275833 3.030843
v 2.388910 0.275831 2.055137
v 2.572265 0.154359 1.682042
v 1.979607 0.403711 1.891636
v 2.163985 0.279523 1.507878
v 2.268007 0.187248 1.794287
v 2.480076 0.217574 1.869391
v 2.184308 0.339695 1.973800
v 2.071423 0.344445 1.700428
v 2.368160 0.216398 1.595406
v 2.162689 0.256132 2.741491
v 2.391541 0.200134 2.409309
v 1.793477 0.425057 2.552524
v 2.024530 0.369561 2.211001
v 2.078366 0.226466 2.473608
v 2.276709 0.230582 2.575058
v 1.978226 0.340662 2.647512
v 1.908688 0.400754 2.381648
v 2.208148 0.284905 2.310686
v 1.486877 0.416512 2.690688
v 1.627707 0.412316 2.434963
v 1.207276 0.485578 2.573860
v 1.349233 0.484391 2.314883
v 1.416576 0.386317 2.502723
v 1.557167 0.416252 2.562856
v 1.346988 0.452269 2.633298
v 1.278075 0.486825 2.444917
v 1.488441 0.449431 2.375610
v 1.008006 0.676117 2.056967
v 1.246066 0.546057 1.604292
v 0.530306 0.704034 1.837186
v 0.770361 0.580260 1.374230
v 0.888292 0.523850 1.742421
v 1.126677 0.616979 1.831458
v 0.768884 0.691239 1.948749
v 0.650217 0.644732 1.606309
v 1.008109 0.566903 1.490902
v 1.020734 0.326686 3.662640
v 1.301729 0.453349 3.244384
v 0.551763 0.474205 3.445685
v 0.835226 0.612549 3.020633
v 0.927898 0.373545 3.320366
v 1.161653 0.395266 3.452253
v 0.786286 0.404398 3.555763
v 0.693828 0.549721 3.232298
v 1.068526 0.536405 3.134068
v -0.583463 0.582924 2.746455
v -0.374685 0.684333 2.437123
v -0.895199 0.552871 2.538067
v -0.685952 0.659632 2.226760
v -0.627015 0.562106 2.484574
v -0.479039 0.636893 2.591632
v -0.739633 0.568960 2.643534
v -0.790575 0.608353 2.382414
v -0.530569 0.674083 2.333088
v 2.389254 0.276661 2.055691
v 2.573019 0.155344 1.681682
v 1.979030 0.405046 1.891769
v 2.163817 0.280278 1.507092
v 2.268478 0.193263 1.793679
v 2.480625 0.218623 1.869488
v 2.184193 0.340826 1.974145
v 2.071052 0.345983 1.700103
v 2.368453 0.217397 1.594833
v 2.358622 -0.071555 4.400813
v 2.535163 0.007403 4.044349
v 1.975777 0.091775 4.268651
v 2.151417 0.172322 3.916401
v 2.241445 -0.031108 4.135565
v 2.447192 -0.032653 4.220524
v 2.167426 0.009415 4.334232
v 2.063714 0.132847 4.091742
v 2.343714 0.088402 3.978834
v 3.866268 -0.174299 3.887881
v 4.013412 -0.144146 3.527776
v 3.456153 -0.034518 3.727603
v 3.601455 -0.011745 3.366105
v 3.710950 -0.186090 3.612739
v 3.939445 -0.158915 3.706716
v 3.661309 -0.108138 3.805057
v 3.528495 -0.021239 3.545679
v 3.807466 -0.081661 3.444556
v 2.163004 0.256839 2.742225
v 2.392376 0.200935 2.409206
v 1.792966 0.426192 2.552733
v 2.024534 0.370319 2.210366
v 2.079240 0.231991 2.473900
v 2.277283 0.231308 2.575372
v 1.978131 0.341688 2.647987
v 1.908443 0.402253 2.381441
v 2.208570 0.285856 2.310320
v 3.400588 -0.030842 2.070735
v 3.689648 -0.113090 1.910295
v 3.217650 0.021757 1.805684
v 3.507355 -0.074349 1.638898
v 3.446680 -0.109026 1.856165
v 3.544913 -0.073392 1.990343
v 3.309047 -0.004964 1.939103
v 3.362371 -0.027390 1.722721
v 3.598457 -0.094248 1.775291
v -0.583684 0.583665 2.745766
v -0.375485 0.684886 2.437295
v -0.894562 0.553619 2.537966
v -0.685893 0.660261 2.227520
v -0.627201 0.563596 2.484655
v -0.479620 0.637179 2.591685
v -0.739425 0.569670 2.643139
v -0.790227 0.609041 2.382743
v -0.530940 0.674183 2.333554
v -2.899663 0.350522 1.793895
v -2.669442 0.434673 1.488455
v -3.208076 0.300684 1.570071
v -2.977695 0.377097 1.264318
v -2.931824 0.289252 1.522758
v -2.784453 0.393955 1.641255
v -3.054052 0.326349 1.681971
v -3.092760 0.340318 1.417251
v -2.823663 0.407135 1.376383
v 0.027326 0.661318 0.724341
v 0.316322 0.590341 0.540422
v -0.155060 0.676472 0.433955
v 0.133936 0.610738 0.250036
v 0.074270 0.579284 0.486324
v 0.171824 0.627638 0.632381
v -0.063867 0.669611 0.579149
v -0.010562 0.645289 0.341996
v 0.225129 0.600552 0.395229
v -2.899645 0.351383 1.794566
v -2.668922 0.435634 1.488431
v -3.208763 0.301535 1.570242
v -2.977868 0.378038 1.263793
v -2.932241 0.294064 1.523148
v -2.784186 0.394867 1.641578
v -3.054381 0.327200 1.682392
v -3.093185 0.341211 1.417074
v -2.823489 0.408086 1.376109
v -0.911973 0.593810 2.366213
v -0.709906 0.693048 1.980102
v -1.300099 0.583627 2.164982
v -1.097771 0.685582 1.778953
v -1.004880 0.572295 2.065425
v -0.810940 0.647709 2.173157
v -1.105906 0.590468 2.265638
v -1.198805 0.637760 1.972008
v -0.903839 0.691789 1.879527
v -1.868325 0.570340 2.013387
v -1.266725 0.650717 2.106424
v -1.772249 0.615174 1.416294
v -1.174421 0.708057 1.508597
v -1.519622 0.522677 1.761318
v -1.566873 0.611341 2.059997
v -1.819829 0.597811 1.714963
v -1.473335 0.664991 1.462446
v -1.220573 0.685181 1.807511
v -3.320569 0.399104 0.041342
v -2.986897 0.392055 -0.458990
v -3.818075 0.196563 -0.278034
v -3.484404 0.184229 -0.778365
v -3.386857 0.169706 -0.345329
v -3.153734 0.394446 -0.208824
v -3.569322 0.296333 -0.118346
v -3.651240 0.191272 -0.528200
v -3.235650 0.289051 -0.618677
v -1.098237 0.378212 3.363553
v -0.909814 0.526922 2.988343
v -1.483603 0.427914 3.187993
v -1.293110 0.575574 2.812216
v -1.204015 0.391672 3.071253
v -1.003893 0.453032 3.176093
v -1.290952 0.402564 3.276975
v -1.388444 0.502850 3.000265
v -1.101420 0.550875 2.901456
v -1.901890 0.531585 1.375486
v -1.755239 0.559383 1.099076
v -2.178964 0.475236 1.229054
v -2.031714 0.505000 0.952752
v -1.966639 0.455093 1.164151
v -1.828401 0.545623 1.237314
v -2.040489 0.502533 1.302256
v -2.105027 0.490538 1.090962
v -1.893477 0.532624 1.025914
v -0.261712 0.702573 1.741886
v -0.416410 0.715749 1.253851
v -0.745692 0.738824 1.897010
v -0.900391 0.757603 1.408975
v -0.593966 0.637169 1.576753
v -0.339061 0.711546 1.497868
v -0.503702 0.725786 1.819448
v -0.823041 0.751027 1.652992
v -0.658401 0.742116 1.331413
v -2.369221 0.550392 0.664128
v -2.128251 0.483209 0.197363
v -2.845667 0.412342 0.428153
v -2.604696 0.341390 -0.038612
v -2.486870 0.341642 0.334358
v -2.248736 0.517404 0.430746
v -2.607444 0.479874 0.546141
v -2.725181 0.376838 0.194770
v -2.366473 0.410780 0.079376
v -0.912230 0.594446 2.365473
v -0.710722 0.693780 1.980430
v -1.299283 0.584592 2.164799
v -1.097514 0.686464 1.779838
v -1.004880 0.574028 2.065590
v -0.811476 0.648493 2.172951
v -1.105626 0.591276 2.265176
v -1.198268 0.638491 1.972359
v -0.904118 0.692495 1.880134
v -3.320561 0.400704 0.042001
v -2.986141 0.393832 -0.459454
v -3.819185 0.197890 -0.278092
v -3.484764 0.185441 -0.779546
v -3.387795 0.177184 -0.346719
v -3.153351 0.395989 -0.208726
v -3.569873 0.297796 -0.118046
v -3.651974 0.192541 -0.528819
v -3.235452 0.290032 -0.619500
v -0.262580 0.701449 1.741529
v -0.416932 0.714645 1.254587
v -0.745476 0.737558 1.896305
v -0.899828 0.756507 1.409363
v -0.594780 0.630722 1.576837
v -0.339756 0.710406 1.498058
v -0.504028 0.724591 1.818917
v -0.822652 0.749746 1.652834
v -0.658380 0.740891 1.331975
v -3.797134 0.222202 1.890138
v -3.556611 0.362116 1.497048
v -4.188194 0.130330 1.647851
v -3.948190 0.258888 1.254336
v -3.851451 0.151376 1.559875
v -3.677257 0.294450 1.693764
v -3.992944 0.175861 1.769001
v -4.068533 0.196670 1.451217
v -3.752660 0.310650 1.375706
v -2.547231 0.509938 1.375034
v -2.248974 0.600306 0.825699
v -3.086951 0.312594 1.078139
v -2.787480 0.386829 0.529198
v -2.640748 0.328428 0.954393
v -2.396596 0.554408 1.100511
v -2.817305 0.411861 1.226585
v -2.936130 0.350548 0.803824
v -2.518227 0.492998 0.677449
v -2.409694 0.349820 2.417418
v -2.112422 0.540736 1.978073
v -2.868895 0.352091 2.132492
v -2.569522 0.520363 1.692091
v -2.485227 0.332276 2.031388
v -2.261218 0.447944 2.198135
v -2.639431 0.351379 2.274785
v -2.719332 0.438279 1.912572
v -2.341129 0.524115 1.834951
v -2.547249 0.511469 1.375963
v -2.248329 0.601948 0.825388
v -3.088176 0.313404 1.078402
v -2.788043 0.388101 0.528221
v -2.642294 0.336222 0.954260
v -2.396281 0.555996 1.100817
v -2.817928 0.413265 1.227182
v -2.937025 0.351885 0.803468
v -2.518186 0.494510 0.676805
v 0.459517 0.566096 2.760313
v 0.618738 0.586798 2.352694
v 0.037435 0.699095 2.626440
v 0.198837 0.732489 2.210287
v 0.310837 0.568294 2.482314
v 0.538904 0.581050 2.556871
v 0.248403 0.636792 2.694819
v 0.117974 0.720294 2.418713
v 0.408673 0.663039 2.283053
v -3.797186 0.222955 1.890993
v -3.556150 0.363368 1.497014
v -4.189136 0.131219 1.648171
v -3.948610 0.260000 1.253757
v -3.852738 0.157055 1.560632
v -3.677061 0.295733 1.694181
v -3.993446 0.176813 1.769593
v -4.069216 0.197674 1.451087
v -3.752640 0.311839 1.375400
v -1.867548 0.569040 2.012816
v -1.267291 0.649276 2.105652
v -1.771683 0.613734 1.417067
v -1.175194 0.706527 1.509163
v -1.519621 0.515001 1.761318
v -1.566768 0.609800 2.059326
v -1.819158 0.596452 1.715065
v -1.473438 0.663550 1.463115
v -1.221243 0.683525 1.807407
v -0.988356 0.708894 0.704687
v -0.801920 0.640251 0.298921
v -1.397076 0.663641 0.515487
v -1.210640 0.608734 0.109722
v -1.106627 0.565336 0.417807
v -0.895138 0.676035 0.501804
v -1.192716 0.688960 0.610087
v -1.303859 0.636662 0.312605
v -1.006280 0.627324 0.204322
v -1.227955 0.647339 1.475603
v -0.989757 0.657864 1.105567
v -1.593772 0.651190 1.237353
v -1.355574 0.666548 0.867316
v -1.304157 0.568480 1.167882
v -1.108856 0.656374 1.290585
v -1.410864 0.650479 1.356478
v -1.474674 0.661398 1.052335
v -1.172666 0.664731 0.986442
v -1.902035 0.530840 1.375013
v -1.755713 0.558454 1.099222
v -2.178490 0.474492 1.228908
v -2.031568 0.504255 0.953225
v -1.966639 0.451409 1.164151
v -1.828711 0.544690 1.237150
v -2.040324 0.501788 1.301946
v -2.104717 0.489793 1.091126
v -1.893641 0.531879 1.026224
v -2.369484 0.548985 0.663597
v -2.129053 0.481993 0.197877
v -2.844862 0.411044 0.428150
v -2.604431 0.340414 -0.037570
v -2.486864 0.335005 0.335720
v -2.249268 0.516104 0.430737
v -2.607173 0.478521 0.545873
v -2.724647 0.375647 0.195290
v -2.366742 0.409641 0.080154
v -2.409566 0.350994 2.418508
v -2.111643 0.542899 1.978162
v -2.869793 0.353258 2.132949
v -2.569751 0.521654 1.691537
v -2.485528 0.338498 2.032814
v -2.260762 0.449154 2.198721
v -2.639815 0.352506 2.275558
v -2.719902 0.439578 1.912523
v -2.340858 0.525489 1.834717
v -3.979280 0.202711 1.338609
v -3.761958 0.272203 1.027406
v -4.286868 0.139844 1.126284
v -4.070310 0.201069 0.814884
v -4.015815 0.140860 1.072513
v -3.870591 0.238241 1.183002
v -4.133133 0.170576 1.232450
v -4.178445 0.171381 0.970565
v -3.916210 0.236174 0.921147
v -0.988026 0.710015 0.705235
v -0.801172 0.641336 0.298559
v -1.397664 0.664757 0.515611
v -1.210810 0.609702 0.108935
v -1.106199 0.571015 0.417171
v -0.894599 0.677090 0.501897
v -1.192845 0.690092 0.610423
v -1.304237 0.637738 0.312273
v -1.005991 0.628322 0.203747
v -1.097932 0.379055 3.364383
v -0.909087 0.527904 2.988324
v -1.484158 0.428911 3.188430
v -1.293242 0.576715 2.811799
v -1.203550 0.396950 3.072361
v -1.003377 0.453945 3.176499
v -1.291076 0.403354 3.277608
v -1.388787 0.503920 3.000275
v -1.101123 0.551937 2.901237
v 0.459019 0.565147 2.759569
v 0.617882 0.586024 2.352908
v 0.037879 0.697931 2.626055
v 0.198919 0.731319 2.210860
v 0.309736 0.562880 2.481857
v 0.538227 0.580095 2.556606
v 0.248376 0.635733 2.694254
v 0.118237 0.719127 2.418807
v 0.408286 0.661973 2.283446
v -1.227672 0.648383 1.476326
v -0.988940 0.659186 1.105459
v -1.594311 0.651933 1.237541
v -1.355578 0.667635 0.866674
v -1.303414 0.574028 1.168096
v -1.108306 0.657349 1.290893
v -1.410992 0.651540 1.356933
v -1.474945 0.662504 1.052108
v -1.172259 0.665753 0.986067
v 0.027113 0.660729 0.724990
v 0.316911 0.589620 0.540561
v -0.155779 0.675950 0.433799
v 0.134018 0.610136 0.249369
v 0.074121 0.577920 0.486303
v 0.172012 0.627034 0.632776
v -0.064333 0.669055 0.579395
v -0.010880 0.644727 0.341584
v 0.225464 0.599916 0.394965
v -3.979511 0.203050 1.337926
v -3.762761 0.272475 1.027583
v -4.286242 0.140603 1.126192
v -4.070254 0.201693 0.815649
v -4.016019 0.142346 1.072613
v -3.871111 0.238850 1.182753
v -4.132938 0.171296 1.232065
v -4.178103 0.172082 0.970901
v -3.916584 0.236758 0.921618
v 2.747543 0.059246 -0.100130
v 2.376361 0.191986 -0.023435
v 2.823846 0.030921 0.273078
v 2.452663 0.169814 0.349772
v 2.591706 0.033255 0.124870
v 2.561952 0.126930 -0.061782
v 2.785695 0.045441 0.086474
v 2.638255 0.097749 0.311425
v 2.414512 0.181546 0.163169
v -0.125507 0.596316 -1.270287
v -0.462960 0.587532 -1.329200
v -0.186490 0.624056 -0.932841
v -0.523942 0.609951 -0.991754
v -0.320609 0.548298 -1.126094
v -0.294234 0.594302 -1.299744
v -0.155999 0.609279 -1.101564
v -0.355216 0.619371 -0.962298
v -0.493451 0.598543 -1.160477
v 2.747969 0.060116 -0.100635
v 2.375953 0.193114 -0.023768
v 2.824443 0.031774 0.273410
v 2.452427 0.170753 0.350277
v 2.592210 0.038075 0.124867
v 2.561961 0.127843 -0.062202
v 2.786206 0.046302 0.086388
v 2.638435 0.098855 0.311844
v 2.414190 0.182494 0.163254
v 1.674998 0.247128 -1.850118
v 1.265487 0.385306 -1.701075
v 1.825956 0.245954 -1.440104
v 1.416445 0.383105 -1.291061
v 1.540903 0.240890 -1.565297
v 1.470243 0.317786 -1.775597
v 1.750477 0.245982 -1.645111
v 1.621201 0.315839 -1.365582
v 1.340966 0.384870 -1.496068
v 2.141397 0.243274 -0.947984
v 1.761971 0.319047 -1.419103
v 1.670278 0.367914 -0.568558
v 1.290852 0.435915 -1.039677
v 1.716124 0.217972 -0.993830
v 1.951684 0.280529 -1.183543
v 1.905837 0.306246 -0.758270
v 1.480565 0.401254 -0.804117
v 1.526411 0.380224 -1.229390
v 1.887670 0.502538 1.482342
v 1.304204 0.605836 1.628469
v 2.042166 0.344635 2.013172
v 1.459873 0.441226 2.163781
v 1.676506 0.357577 1.797590
v 1.595963 0.560341 1.555318
v 1.964601 0.427288 1.751750
v 1.751198 0.398049 2.087192
v 1.381611 0.527981 1.899992
v 2.487833 0.000139 -2.465323
v 2.094540 0.159079 -2.312653
v 2.649526 0.047667 -2.077191
v 2.256233 0.206915 -1.924521
v 2.365520 0.015654 -2.176176
v 2.291186 0.079057 -2.388988
v 2.568679 0.023573 -2.271257
v 2.452880 0.126301 -2.000856
v 2.175386 0.181791 -2.118587
v 1.738347 0.295069 -0.451302
v 1.443910 0.363748 -0.345681
v 1.843968 0.281125 -0.156865
v 1.549530 0.356067 -0.051244
v 1.643939 0.259480 -0.251273
v 1.591128 0.330155 -0.398492
v 1.791157 0.287862 -0.304084
v 1.696749 0.317756 -0.104055
v 1.496720 0.359409 -0.198463
v 0.773834 0.461232 -1.827176
v 0.559184 0.523139 -1.362381
v 1.235920 0.439160 -1.615573
v 1.021270 0.505411 -1.150777
v 0.907984 0.381833 -1.481250
v 0.666509 0.495089 -1.594778
v 1.004877 0.453258 -1.721374
v 1.128595 0.474028 -1.383175
v 0.790227 0.515655 -1.256579
v 1.604330 0.493345 0.389451
v 1.111719 0.522562 0.571855
v 1.797253 0.419960 0.884896
v 1.304642 0.461999 1.067300
v 1.468979 0.367367 0.712358
v 1.358024 0.511680 0.480653
v 1.700791 0.460039 0.637173
v 1.550947 0.443203 0.976098
v 1.208180 0.492907 0.819577
v 1.674689 0.247963 -1.849398
v 1.266312 0.386039 -1.700768
v 1.825229 0.246736 -1.440519
v 1.416851 0.383784 -1.291888
v 1.541015 0.242624 -1.565419
v 1.470500 0.318570 -1.775083
v 1.749959 0.246790 -1.644959
v 1.621040 0.316570 -1.366204
v 1.341582 0.385332 -1.496328
v 1.888112 0.504093 1.481851
v 1.303335 0.607323 1.628304
v 2.042965 0.345512 2.013870
v 1.459356 0.442099 2.164904
v 1.676306 0.365019 1.799275
v 1.595749 0.561884 1.554990
v 1.965219 0.428694 1.751903
v 1.751340 0.399310 2.088153
v 1.380920 0.529564 1.900472
v 0.774234 0.460159 -1.826327
v 0.560065 0.521985 -1.362573
v 1.235286 0.437894 -1.615198
v 1.021117 0.503743 -1.151443
v 0.908642 0.375386 -1.480762
v 0.667150 0.493895 -1.594450
v 1.004760 0.452063 -1.720762
v 1.128201 0.472747 -1.383321
v 0.790591 0.514431 -1.257008
v 3.463715 -0.086837 0.425204
v 3.027385 0.092305 0.560743
v 3.590950 -0.155728 0.869902
v 3.154620 0.024852 1.005440
v 3.287751 -0.130456 0.709949
v 3.245550 -0.001397 0.492973
v 3.527332 -0.124987 0.647553
v 3.372786 -0.069668 0.937671
v 3.091003 0.059198 0.783092
v 2.211327 0.290632 -0.019730
v 1.624396 0.497031 0.189046
v 2.409302 0.145968 0.562256
v 1.822371 0.371121 0.771032
v 1.999543 0.198245 0.356627
v 1.917862 0.391422 0.084658
v 2.310315 0.214424 0.271263
v 2.115836 0.261450 0.666644
v 1.723383 0.438029 0.480039
v 2.807986 0.003067 -0.892094
v 2.296132 0.226250 -0.759484
v 2.950170 0.027434 -0.374853
v 2.438316 0.252222 -0.242243
v 2.605021 0.020267 -0.553108
v 2.552059 0.114663 -0.825789
v 2.879078 0.017709 -0.633473
v 2.694243 0.140819 -0.308548
v 2.367224 0.240446 -0.500863
v 2.211959 0.292167 -0.020404
v 1.623710 0.498673 0.188841
v 2.410378 0.146793 0.562889
v 1.822129 0.372696 0.772134
v 2.000581 0.206076 0.357768
v 1.917834 0.393010 0.084219
v 2.311168 0.215722 0.271243
v 2.116253 0.262787 0.667511
v 1.722919 0.439619 0.480487
v 0.962398 0.333150 -3.091186
v 0.554372 0.433251 -2.887204
v 1.162649 0.405345 -2.691544
v 0.754623 0.509372 -2.487562
v 0.866339 0.332304 -2.772803
v 0.758385 0.384937 -2.989195
v 1.062524 0.368682 -2.891365
v 0.958636 0.455325 -2.589554
v 0.654498 0.473454 -2.687383
v 3.464303 -0.085795 0.424613
v 3.026994 0.093548 0.560456
v 3.591824 -0.155368 0.870309
v 3.154514 0.025976 1.006152
v 3.289036 -0.125134 0.710271
v 3.245648 -0.000254 0.492535
v 3.528063 -0.124317 0.647461
v 3.373169 -0.068644 0.938231
v 3.090754 0.060381 0.783304
v 2.140444 0.241834 -0.948086
v 1.761868 0.317926 -1.418150
v 1.670381 0.366473 -0.569510
v 1.291804 0.434441 -1.039574
v 1.716124 0.210295 -0.993830
v 1.951157 0.279089 -1.183119
v 1.905412 0.305022 -0.758798
v 1.481092 0.399813 -0.804543
v 1.526836 0.378783 -1.228863
v 0.611568 0.560852 -0.571205
v 0.200358 0.565950 -0.397107
v 0.785987 0.564964 -0.155962
v 0.374777 0.574769 0.018136
v 0.505585 0.468910 -0.279562
v 0.405963 0.565457 -0.484156
v 0.698777 0.561379 -0.363583
v 0.580382 0.571312 -0.068913
v 0.287567 0.569098 -0.189486
v 1.308162 0.376874 -0.979222
v 0.882794 0.441128 -0.866406
v 1.417826 0.425230 -0.556659
v 0.992458 0.495528 -0.443843
v 1.157053 0.340321 -0.700537
v 1.095478 0.410264 -0.922814
v 1.362993 0.399859 -0.767941
v 1.205142 0.461745 -0.500251
v 0.937626 0.466453 -0.655124
v 1.738136 0.294324 -0.450855
v 1.444358 0.363003 -0.345470
v 1.843520 0.280380 -0.157077
v 1.549742 0.355322 -0.051692
v 1.643939 0.255510 -0.251273
v 1.591247 0.329410 -0.398162
v 1.790828 0.287117 -0.303965
v 1.696631 0.317011 -0.104384
v 1.497050 0.358297 -0.198581
v 1.604166 0.491937 0.390020
v 1.112658 0.521368 0.572016
v 1.796656 0.419255 0.884355
v 1.305149 0.460915 1.066351
v 1.469892 0.360607 0.711348
v 1.358412 0.510359 0.481018
v 1.700411 0.458686 0.637188
v 1.550902 0.442012 0.975353
v 1.208903 0.491631 0.819184
v 2.808605 0.004166 -0.892982
v 2.295601 0.227573 -0.760074
v 2.951109 0.028511 -0.374579
v 2.438105 0.253840 -0.241672
v 2.606108 0.026971 -0.553951
v 2.552103 0.115874 -0.826528
v 2.879857 0.018855 -0.633780
v 2.694607 0.142125 -0.308125
v 2.366853 0.241816 -0.500873
v 3.233734 -0.046706 0.962606
v 2.869287 0.088710 1.050990
v 3.319398 -0.080301 1.322934
v 2.954829 0.049904 1.406477
v 3.086064 -0.062350 1.184598
v 3.051535 0.018683 1.007077
v 3.276709 -0.063435 1.144473
v 3.137052 -0.018443 1.364510
v 2.912126 0.068431 1.230464
v 0.611694 0.561974 -0.571832
v 0.199561 0.566938 -0.397344
v 0.786504 0.566107 -0.155657
v 0.374371 0.575779 0.018832
v 0.504841 0.474588 -0.279381
v 0.405628 0.566512 -0.484588
v 0.699099 0.562512 -0.363745
v 0.580438 0.572388 -0.068413
v 0.286966 0.570097 -0.189256
v 2.488166 0.001254 -2.466141
v 2.093990 0.160061 -2.313128
v 2.650223 0.048669 -2.077138
v 2.256047 0.208036 -1.924124
v 2.365910 0.020574 -2.177300
v 2.291078 0.080289 -2.389634
v 2.569194 0.024496 -2.271640
v 2.453135 0.127373 -2.000631
v 2.175018 0.183027 -2.118626
v 0.962258 0.333155 -3.090314
v 0.555146 0.432008 -2.886790
v 1.162061 0.404424 -2.691567
v 0.754949 0.507811 -2.488043
v 0.866832 0.326785 -2.771759
v 0.758702 0.384073 -2.988552
v 1.062160 0.367620 -2.890940
v 0.958505 0.454158 -2.589805
v 0.655047 0.472387 -2.687416
v 1.308440 0.377870 -0.979947
v 0.882118 0.442084 -0.866877
v 1.418350 0.426357 -0.556435
v 0.992028 0.496614 -0.443366
v 1.156648 0.345869 -0.701196
v 1.095279 0.411239 -0.923412
v 1.363395 0.400920 -0.768191
v 1.205189 0.462852 -0.499900
v 0.937073 0.467959 -0.655122
v -0.124913 0.595901 -1.270623
v -0.463301 0.586862 -1.329700
v -0.186064 0.623534 -0.932241
v -0.524453 0.609348 -0.991317
v -0.320513 0.546934 -1.125979
v -0.294107 0.593673 -1.300161
v -0.155488 0.609341 -1.101432
v -0.355259 0.618808 -0.961779
v -0.493877 0.597908 -1.160508
v 3.233433 -0.046034 0.963265
v 2.869994 0.089263 1.051403
v 3.318860 -0.079605 1.322579
v 2.955298 0.050532 1.405876
v 3.086256 -0.060861 1.184664
v 3.051738 0.019593 1.007613
v 3.276289 -0.062725 1.144625
v 3.137017 -0.017807 1.364033
v 2.912714 0.069021 1.230370
vt 0.009511 0.004435
vt 0.009511 0.240737
vt 0.245814 0.240737
vt 0.482117 0.477040
vt 0.482117 0.240737
vt 0.009511 0.477040
vt 0.245814 0.477040
vt 0.482117 0.004435
vt 0.245814 0.004435
vt 0.517784 0.003380
vt 0.756758 0.242354
vt 0.517784 0.242354
vt 0.995733 0.242354
vt 0.995733 0.481329
vt 0.756758 0.481329
vt 0.517784 0.481329
vt 0.995733 0.003380
vt 0.756758 0.003380
vt 0.009511 0.004435
vt 0.245814 0.240737
vt 0.009511 0.240737
vt 0.482117 0.240737
vt 0.482117 0.477040
vt 0.245814 0.477040
vt 0.009511 0.477040
vt 0.482117 0.004435
vt 0.245814 0.004435
vt 0.517784 0.003380
vt 0.517784 0.242354
vt 0.756758 0.242354
vt 0.995733 0.481329
vt 0.995733 0.242354
vt 0.517784 0.481329
vt 0.756758 0.481329
vt 0.995733 0.003380
vt 0.756758 0.003380
vt 0.009511 0.004435
vt 0.245814 0.240737
vt 0.009511 0.240737
vt 0.482117 0.240737
vt 0.482117 0.477040
vt 0.245814 0.477040
vt 0.009511 0.477040
vt 0.482117 0.004435
vt 0.245814 0.004435
vt 0.009511 0.004435
vt 0.009511 0.240737
vt 0.245814 0.240737
vt 0.482117 0.477040
vt 0.482117 0.240737
vt 0.009511 0.477040
vt 0.245814 0.477040
vt 0.482117 0.004435
vt 0.245814 0.004435
vt 0.009511 0.004435
vt 0.009511 0.240737
vt 0.245814 0.240737
vt 0.482117 0.477040
vt 0.482117 0.240737
vt 0.009511 0.477040
vt 0.245814 0.477040
vt 0.482117 0.004435
vt 0.245814 0.004435
vt 0.009511 0.004435
vt 0.245814 0.240737
vt 0.009511 0.240737
vt 0.482117 0.240737
vt 0.482117 0.477040
vt 0.245814 0.477040
vt 0.009511 0.477040
vt 0.482117 0.004435
vt 0.245814 0.004435
vt 0.009511 0.004435
vt 0.245814 0.240737
vt 0.009511 0.240737
vt 0.482117 0.240737
vt 0.482117 0.477040
vt 0.245814 0.477040
vt 0.009511 0.477040
vt 0.482117 0.004435
vt 0.245814 0.004435
vt 0.009511 0.004435
vt 0.245814 0.240737
vt 0.009511 0.240737
vt 0.482117 0.240737
vt 0.482117 0.477040
vt 0.245814 0.477040
vt 0.009511 0.477040
vt 0.482117 0.004435
vt 0.245814 0.004435
vt 0.517784 0.003380
vt 0.756758 0.242354
vt 0.517784 0.242354
vt 0.995733 0.242354
vt 0.995733 0.481329
vt 0.756758 0.481329
vt 0.517784 0.481329
vt 0.995733 0.003380
vt 0.756758 0.003380
vt 0.009511 0.004435
vt 0.245814 0.240737
vt 0.009511 0.240737
vt 0.482117 0.240737
vt 0.482117 0.477040
vt 0.245814 0.477040
vt 0.009511 0.477040
vt 0.482117 0.004435
vt 0.245814 0.004435
vt 0.009511 0.004435
vt 0.009511 0.240737
vt 0.245814 0.240737
vt 0.482117 0.477040
vt 0.482117 0.240737
vt 0.009511 0.477040
vt 0.245814 0.477040
vt 0.482117 0.004435
vt 0.245814 0.004435
vt 0.009511 0.004435
vt 0.009511 0.240737
vt 0.245814 0.240737
vt 0.482117 0.477040
vt 0.482117 0.240737
vt 0.009511 0.477040
vt 0.245814 0.477040
vt 0.482117 0.004435
vt 0.245814 0.004435
vt 0.009511 0.004435
vt 0.009511 0.240737
vt 0.245814 0.240737
vt 0.482117 0.477040
vt 0.482117 0.240737
vt 0.009511 0.477040
vt 0.245814 0.477040
vt 0.482117 0.004435
vt 0.245814 0.004435
vt 0.009511 0.004435
vt 0.009511 0.240737
vt 0.245814 0.240737
vt 0.482117 0.477040
vt 0.482117 0.240737
vt 0.009511 0.477040
vt 0.245814 0.477040
vt 0.482117 0.004435
vt 0.245814 0.004435
vt 0.009511 0.004435
vt 0.245814 0.240737
vt 0.009511 0.240737
vt 0.482117 0.240737
vt 0.482117 0.477040
vt 0.245814 0.477040
vt 0.009511 0.477040
vt 0.482117 0.004435
vt 0.245814 0.004435
vt 0.009511 0.004435
vt 0.245814 0.240737
vt 0.009511 0.240737
vt 0.482117 0.240737
vt 0.482117 0.477040
vt 0.245814 0.477040
vt 0.009511 0.477040
vt 0.482117 0.004435
vt 0.245814 0.004435
vt 0.009511 0.004435
vt 0.245814 0.240737
vt 0.009511 0.240737
vt 0.482117 0.240737
vt 0.482117 0.477040
vt 0.245814 0.477040
vt 0.009511 0.477040
vt 0.482117 0.004435
vt 0.245814 0.004435
vt 0.009511 0.004435
vt 0.009511 0.240737
vt 0.245814 0.240737
vt 0.482117 0.477040
vt 0.482117 0.240737
vt 0.009511 0.477040
vt 0.245814 0.477040
vt 0.482117 0.004435
vt 0.245814 0.004435
vt 0.009511 0.004435
vt 0.009511 0.240737
vt 0.245814 0.240737
vt 0.482117 0.477040
vt 0.482117 0.240737
vt 0.009511 0.477040
vt 0.245814 0.477040
vt 0.482117 0.004435
vt 0.245814 0.004435
vt 0.009511 0.004435
vt 0.009511 0.240737
vt 0.245814 0.240737
vt 0.482117 0.477040
vt 0.482117 0.240737
vt 0.009511 0.477040
vt 0.245814 0.477040
vt 0.482117 0.004435
vt 0.245814 0.004435
vt 0.009511 0.004435
vt 0.009511 0.240737
vt 0.245814 0.240737
vt 0.482117 0.477040
vt 0.482117 0.240737
vt 0.009511 0.477040
vt 0.245814 0.477040
vt 0.482117 0.004435
vt 0.245814 0.004435
vt 0.009511 0.004435
vt 0.009511 0.240737
vt 0.245814 0.240737
vt 0.482117 0.477040
vt 0.482117 0.240737
vt 0.009511 0.477040
vt 0.245814 0.477040
vt 0.482117 0.004435
vt 0.245814 0.004435
vt 0.009511 0.004435
vt 0.245814 0.240737
vt 0.009511 0.240737
vt 0.482117 0.240737
vt 0.482117 0.477040
vt 0.245814 0.477040
vt 0.009511 0.477040
vt 0.482117 0.004435
vt 0.245814 0.004435
vt 0.517784 0.003380
vt 0.517784 0.242354
vt 0.756758 0.242354
vt 0.995733 0.481329
vt 0.995733 0.242354
vt 0.517784 0.481329
vt 0.756758 0.481329
vt 0.995733 0.003380
vt 0.756758 0.003380
vt 0.009511 0.004435
vt 0.245814 0.240737
vt 0.009511 0.240737
vt 0.482117 0.240737
vt 0.482117 0.477040
vt 0.245814 0.477040
vt 0.009511 0.477040
vt 0.482117 0.004435
vt 0.245814 0.004435
vt 0.009511 0.004435
vt 0.245814 0.240737
vt 0.009511 0.240737
vt 0.482117 0.240737
vt 0.482117 0.477040
vt 0.245814 0.477040
vt 0.009511 0.477040
vt 0.482117 0.004435
vt 0.245814 0.004435
vt 0.009511 0.004435
vt 0.009511 0.240737
vt 0.245814 0.240737
vt 0.482117 0.477040
vt 0.482117 0.240737
vt 0.009511 0.477040
vt 0.245814 0.477040
vt 0.482117 0.004435
vt 0.245814 0.004435
vt 0.009511 0.004435
vt 0.245814 0.240737
vt 0.009511 0.240737
vt 0.482117 0.240737
vt 0.482117 0.477040
vt 0.245814 0.477040
vt 0.009511 0.477040
vt 0.482117 0.004435
vt 0.245814 0.004435
vt 0.517784 0.003380
vt 0.517784 0.242354
vt 0.756758 0.242354
vt 0.995733 0.481329
vt 0.995733 0.242354
vt 0.517784 0.481329
vt 0.756758 0.481329
vt 0.995733 0.003380
vt 0.756758 0.003380
vt 0.517784 0.003380
vt 0.756758 0.242354
vt 0.517784 0.242354
vt 0.995733 0.242354
vt 0.995733 0.481329
vt 0.756758 0.481329
vt 0.517784 0.481329
vt 0.995733 0.003380
vt 0.756758 0.003380
vt 0.009511 0.004435
vt 0.009511 0.240737
vt 0.245814 0.240737
vt 0.482117 0.477040
vt 0.482117 0.240737
vt 0.009511 0.477040
vt 0.245814 0.477040
vt 0.482117 0.004435
vt 0.245814 0.004435
vt 0.517784 0.003380
vt 0.756758 0.242354
vt 0.517784 0.242354
vt 0.995733 0.242354
vt 0.995733 0.481329
vt 0.756758 0.481329
vt 0.517784 0.481329
vt 0.995733 0.003380
vt 0.756758 0.003380
vt 0.009511 0.004435
vt 0.245814 0.240737
vt 0.009511 0.240737
vt 0.482117 0.240737
vt 0.482117 0.477040
vt 0.245814 0.477040
vt 0.009511 0.477040
vt 0.482117 0.004435
vt 0.245814 0.004435
vt 0.517784 0.003380
vt 0.517784 0.242354
vt 0.756758 0.242354
vt 0.995733 0.481329
vt 0.995733 0.242354
vt 0.517784 0.481329
vt 0.756758 0.481329
vt 0.995733 0.003380
vt 0.756758 0.003380
vt 0.009511 0.004435
vt 0.245814 0.240737
vt 0.009511 0.240737
vt 0.482117 0.240737
vt 0.482117 0.477040
vt 0.245814 0.477040
vt 0.009511 0.477040
vt 0.482117 0.004435
vt 0.245814 0.004435
vt 0.009511 0.004435
vt 0.009511 0.240737
vt 0.245814 0.240737
vt 0.482117 0.477040
vt 0.482117 0.240737
vt 0.009511 0.477040
vt 0.245814 0.477040
vt 0.482117 0.004435
vt 0.245814 0.004435
vt 0.009511 0.004435
vt 0.009511 0.240737
vt 0.245814 0.240737
vt 0.482117 0.477040
vt 0.482117 0.240737
vt 0.009511 0.477040
vt 0.245814 0.477040
vt 0.482117 0.004435
vt 0.245814 0.004435
vt 0.009511 0.004435
vt 0.245814 0.240737
vt 0.009511 0.240737
vt 0.482117 0.240737
vt 0.482117 0.477040
vt 0.245814 0.477040
vt 0.009511 0.477040
vt 0.482117 0.004435
vt 0.245814 0.004435
vt 0.009511 0.004435
vt 0.245814 0.240737
vt 0.009511 0.240737
vt 0.482117 0.240737
vt 0.482117 0.477040
vt 0.245814 0.477040
vt 0.009511 0.477040
vt 0.482117 0.004435
vt 0.245814 0.004435
vt 0.009511 0.004435
vt 0.245814 0.240737
vt 0.009511 0.240737
vt 0.482117 0.240737
vt 0.482117 0.477040
vt 0.245814 0.477040
vt 0.009511 0.477040
vt 0.482117 0.004435
vt 0.245814 0.004435
vt 0.517784 0.003380
vt 0.756758 0.242354
vt 0.517784 0.242354
vt 0.995733 0.242354
vt 0.995733 0.481329
vt 0.756758 0.481329
vt 0.517784 0.481329
vt 0.995733 0.003380
vt 0.756758 0.003380
vt 0.009511 0.004435
vt 0.245814 0.240737
vt 0.009511 0.240737
vt 0.482117 0.240737
vt 0.482117 0.477040
vt 0.245814 0.477040
vt 0.009511 0.477040
vt 0.482117 0.004435
vt 0.245814 0.004435
vt 0.009511 0.004435
vt 0.009511 0.240737
vt 0.245814 0.240737
vt 0.482117 0.477040
vt 0.482117 0.240737
vt 0.009511 0.477040
vt 0.245814 0.477040
vt 0.482117 0.004435
vt 0.245814 0.004435
vt 0.009511 0.004435
vt 0.009511 0.240737
vt 0.245814 0.240737
vt 0.482117 0.477040
vt 0.482117 0.240737
vt 0.009511 0.477040
vt 0.245814 0.477040
vt 0.482117 0.004435
vt 0.245814 0.004435
vt 0.009511 0.004435
vt 0.009511 0.240737
vt 0.245814 0.240737
vt 0.482117 0.477040
vt 0.482117 0.240737
vt 0.009511 0.477040
vt 0.245814 0.477040
vt 0.482117 0.004435
vt 0.245814 0.004435
vt 0.009511 0.004435
vt 0.009511 0.240737
vt 0.245814 0.240737
vt 0.482117 0.477040
vt 0.482117 0.240737
vt 0.009511 0.477040
vt 0.245814 0.477040
vt 0.482117 0.004435
vt 0.245814 0.004435
vt 0.009511 0.004435
vt 0.245814 0.240737
vt 0.009511 0.240737
vt 0.482117 0.240737
vt 0.482117 0.477040
vt 0.245814 0.477040
vt 0.009511 0.477040
vt 0.482117 0.004435
vt 0.245814 0.004435
vt 0.009511 0.004435
vt 0.245814 0.240737
vt 0.009511 0.240737
vt 0.482117 0.240737
vt 0.482117 0.477040
vt 0.245814 0.477040
vt 0.009511 0.477040
vt 0.482117 0.004435
vt 0.245814 0.004435
vt 0.009511 0.004435
vt 0.245814 0.240737
vt 0.009511 0.240737
vt 0.482117 0.240737
vt 0.482117 0.477040
vt 0.245814 0.477040
vt 0.009511 0.477040
vt 0.482117 0.004435
vt 0.245814 0.004435
vt 0.009511 0.004435
vt 0.009511 0.240737
vt 0.245814 0.240737
vt 0.482117 0.477040
vt 0.482117 0.240737
vt 0.009511 0.477040
vt 0.245814 0.477040
vt 0.482117 0.004435
vt 0.245814 0.004435
vt 0.009511 0.004435
vt 0.009511 0.240737
vt 0.245814 0.240737
vt 0.482117 0.477040
vt 0.482117 0.240737
vt 0.009511 0.477040
vt 0.245814 0.477040
vt 0.482117 0.004435
vt 0.245814 0.004435
vt 0.009511 0.004435
vt 0.009511 0.240737
vt 0.245814 0.240737
vt 0.482117 0.477040
vt 0.482117 0.240737
vt 0.009511 0.477040
vt 0.245814 0.477040
vt 0.482117 0.004435
vt 0.245814 0.004435
vt 0.009511 0.004435
vt 0.009511 0.240737
vt 0.245814 0.240737
vt 0.482117 0.477040
vt 0.482117 0.240737
vt 0.009511 0.477040
vt 0.245814 0.477040
vt 0.482117 0.004435
vt 0.245814 0.004435
vt 0.009511 0.004435
vt 0.009511 0.240737
vt 0.245814 0.240737
vt 0.482117 0.477040
vt 0.482117 0.240737
vt 0.009511 0.477040
vt 0.245814 0.477040
vt 0.482117 0.004435
vt 0.245814 0.004435
vt 0.009511 0.004435
vt 0.245814 0.240737
vt 0.009511 0.240737
vt 0.482117 0.240737
vt 0.482117 0.477040
vt 0.245814 0.477040
vt 0.009511 0.477040
vt 0.482117 0.004435
vt 0.245814 0.004435
vt 0.517784 0.003380
vt 0.517784 0.242354
vt 0.756758 0.242354
vt 0.995733 0.481329
vt 0.995733 0.242354
vt 0.517784 0.481329
vt 0.756758 0.481329
vt 0.995733 0.003380
vt 0.756758 0.003380
vt 0.009511 0.004435
vt 0.245814 0.240737
vt 0.009511 0.240737
vt 0.482117 0.240737
vt 0.482117 0.477040
vt 0.245814 0.477040
vt 0.009511 0.477040
vt 0.482117 0.004435
vt 0.245814 0.004435
vt 0.009511 0.004435
vt 0.245814 0.240737
vt 0.009511 0.240737
vt 0.482117 0.240737
vt 0.482117 0.477040
vt 0.245814 0.477040
vt 0.009511 0.477040
vt 0.482117 0.004435
vt 0.245814 0.004435
vt 0.009511 0.004435
vt 0.009511 0.240737
vt 0.245814 0.240737
vt 0.482117 0.477040
vt 0.482117 0.240737
vt 0.009511 0.477040
vt 0.245814 0.477040
vt 0.482117 0.004435
vt 0.245814 0.004435
vt 0.009511 0.004435
vt 0.245814 0.240737
vt 0.009511 0.240737
vt 0.482117 0.240737
vt 0.482117 0.477040
vt 0.245814 0.477040
vt 0.009511 0.477040
vt 0.482117 0.004435
vt 0.245814 0.004435
vt 0.517784 0.003380
vt 0.517784 0.242354
vt 0.756758 0.242354
vt 0.995733 0.481329
vt 0.995733 0.242354
vt 0.517784 0.481329
vt 0.756758 0.481329
vt 0.995733 0.003380
vt 0.756758 0.003380
vt 0.517784 0.003380
vt 0.756758 0.242354
vt 0.517784 0.242354
vt 0.995733 0.242354
vt 0.995733 0.481329
vt 0.756758 0.481329
vt 0.517784 0.481329
vt 0.995733 0.003380
vt 0.756758 0.003380
vt 0.009511 0.004435
vt 0.009511 0.240737
vt 0.245814 0.240737
vt 0.482117 0.477040
vt 0.482117 0.240737
vt 0.009511 0.477040
vt 0.245814 0.477040
vt 0.482117 0.004435
vt 0.245814 0.004435
vt 0.517784 0.003380
vt 0.756758 0.242354
vt 0.517784 0.242354
vt 0.995733 0.242354
vt 0.995733 0.481329
vt 0.756758 0.481329
vt 0.517784 0.481329
vt 0.995733 0.003380
vt 0.756758 0.003380
vt 0.009511 0.004435
vt 0.245814 0.240737
vt 0.009511 0.240737
vt 0.482117 0.240737
vt 0.482117 0.477040
vt 0.245814 0.477040
vt 0.009511 0.477040
vt 0.482117 0.004435
vt 0.245814 0.004435
vt 0.517784 0.003380
vt 0.517784 0.242354
vt 0.756758 0.242354
vt 0.995733 0.481329
vt 0.995733 0.242354
vt 0.517784 0.481329
vt 0.756758 0.481329
vt 0.995733 0.003380
vt 0.756758 0.003380
vt 0.009511 0.004435
vt 0.245814 0.240737
vt 0.009511 0.240737
vt 0.482117 0.240737
vt 0.482117 0.477040
vt 0.245814 0.477040
vt 0.009511 0.477040
vt 0.482117 0.004435
vt 0.245814 0.004435
vt 0.009511 0.004435
vt 0.009511 0.240737
vt 0.245814 0.240737
vt 0.482117 0.477040
vt 0.482117 0.240737
vt 0.009511 0.477040
vt 0.245814 0.477040
vt 0.482117 0.004435
vt 0.245814 0.004435
vt 0.009511 0.004435
vt 0.009511 0.240737
vt 0.245814 0.240737
vt 0.482117 0.477040
vt 0.482117 0.240737
vt 0.009511 0.477040
vt 0.245814 0.477040
vt 0.482117 0.004435
vt 0.245814 0.004435
vt 0.009511 0.004435
vt 0.245814 0.240737
vt 0.009511 0.240737
vt 0.482117 0.240737
vt 0.482117 0.477040
vt 0.245814 0.477040
vt 0.009511 0.477040
vt 0.482117 0.004435
vt 0.245814 0.004435
vt 0.009511 0.004435
vt 0.245814 0.240737
vt 0.009511 0.240737
vt 0.482117 0.240737
vt 0.482117 0.477040
vt 0.245814 0.477040
vt 0.009511 0.477040
vt 0.482117 0.004435
vt 0.245814 0.004435
vt 0.009511 0.004435
vt 0.245814 0.240737
vt 0.009511 0.240737
vt 0.482117 0.240737
vt 0.482117 0.477040
vt 0.245814 0.477040
vt 0.009511 0.477040
vt 0.482117 0.004435
vt 0.245814 0.004435
vt 0.517784 0.003380
vt 0.756758 0.242354
vt 0.517784 0.242354
vt 0.995733 0.242354
vt 0.995733 0.481329
vt 0.756758 0.481329
vt 0.517784 0.481329
vt 0.995733 0.003380
vt 0.756758 0.003380
vt 0.009511 0.004435
vt 0.245814 0.240737
vt 0.009511 0.240737
vt 0.482117 0.240737
vt 0.482117 0.477040
vt 0.245814 0.477040
vt 0.009511 0.477040
vt 0.482117 0.004435
vt 0.245814 0.004435
vt 0.009511 0.004435
vt 0.009511 0.240737
vt 0.245814 0.240737
vt 0.482117 0.477040
vt 0.482117 0.240737
vt 0.009511 0.477040
vt 0.245814 0.477040
vt 0.482117 0.004435
vt 0.245814 0.004435
vt 0.009511 0.004435
vt 0.009511 0.240737
vt 0.245814 0.240737
vt 0.482117 0.477040
vt 0.482117 0.240737
vt 0.009511 0.477040
vt 0.245814 0.477040
vt 0.482117 0.004435
vt 0.245814 0.004435
vt 0.009511 0.004435
vt 0.009511 0.240737
vt 0.245814 0.240737
vt 0.482117 0.477040
vt 0.482117 0.240737
vt 0.009511 0.477040
vt 0.245814 0.477040
vt 0.482117 0.004435
vt 0.245814 0.004435
vt 0.009511 0.004435
vt 0.009511 0.240737
vt 0.245814 0.240737
vt 0.482117 0.477040
vt 0.482117 0.240737
vt 0.009511 0.477040
vt 0.245814 0.477040
vt 0.482117 0.004435
vt 0.245814 0.004435
vt 0.009511 0.004435
vt 0.245814 0.240737
vt 0.009511 0.240737
vt 0.482117 0.240737
vt 0.482117 0.477040
vt 0.245814 0.477040
vt 0.009511 0.477040
vt 0.482117 0.004435
vt 0.245814 0.004435
vt 0.009511 0.004435
vt 0.245814 0.240737
vt 0.009511 0.240737
vt 0.482117 0.240737
vt 0.482117 0.477040
vt 0.245814 0.477040
vt 0.009511 0.477040
vt 0.482117 0.004435
vt 0.245814 0.004435
vt 0.009511 0.004435
vt 0.245814 0.240737
vt 0.009511 0.240737
vt 0.482117 0.240737
vt 0.482117 0.477040
vt 0.245814 0.477040
vt 0.009511 0.477040
vt 0.482117 0.004435
vt 0.245814 0.004435
vt 0.009511 0.004435
vt 0.009511 0.240737
vt 0.245814 0.240737
vt 0.482117 0.477040
vt 0.482117 0.240737
vt 0.009511 0.477040
vt 0.245814 0.477040
vt 0.482117 0.004435
vt 0.245814 0.004435
vt 0.009511 0.004435
vt 0.009511 0.240737
vt 0.245814 0.240737
vt 0.482117 0.477040
vt 0.482117 0.240737
vt 0.009511 0.477040
vt 0.245814 0.477040
vt 0.482117 0.004435
vt 0.245814 0.004435
vt 0.009511 0.004435
vt 0.009511 0.240737
vt 0.245814 0.240737
vt 0.482117 0.477040
vt 0.482117 0.240737
vt 0.009511 0.477040
vt 0.245814 0.477040
vt 0.482117 0.004435
vt 0.245814 0.004435
vt 0.009511 0.004435
vt 0.009511 0.240737
vt 0.245814 0.240737
vt 0.482117 0.477040
vt 0.482117 0.240737
vt 0.009511 0.477040
vt 0.245814 0.477040
vt 0.482117 0.004435
vt 0.245814 0.004435
vt 0.009511 0.004435
vt 0.009511 0.240737
vt 0.245814 0.240737
vt 0.482117 0.477040
vt 0.482117 0.240737
vt 0.009511 0.477040
vt 0.245814 0.477040
vt 0.482117 0.004435
vt 0.245814 0.004435
vt 0.009511 0.004435
vt 0.245814 0.240737
vt 0.009511 0.240737
vt 0.482117 0.240737
vt 0.482117 0.477040
vt 0.245814 0.477040
vt 0.009511 0.477040
vt 0.482117 0.004435
vt 0.245814 0.004435
vt 0.517784 0.003380
vt 0.517784 0.242354
vt 0.756758 0.242354
vt 0.995733 0.481329
vt 0.995733 0.242354
vt 0.517784 0.481329
vt 0.756758 0.481329
vt 0.995733 0.003380
vt 0.756758 0.003380
vt 0.009511 0.004435
vt 0.245814 0.240737
vt 0.009511 0.240737
vt 0.482117 0.240737
vt 0.482117 0.477040
vt 0.245814 0.477040
vt 0.009511 0.477040
vt 0.482117 0.004435
vt 0.245814 0.004435
vt 0.009511 0.004435
vt 0.245814 0.240737
vt 0.009511 0.240737
vt 0.482117 0.240737
vt 0.482117 0.477040
vt 0.245814 0.477040
vt 0.009511 0.477040
vt 0.482117 0.004435
vt 0.245814 0.004435
vt 0.009511 0.004435
vt 0.009511 0.240737
vt 0.245814 0.240737
vt 0.482117 0.477040
vt 0.482117 0.240737
vt 0.009511 0.477040
vt 0.245814 0.477040
vt 0.482117 0.004435
vt 0.245814 0.004435
vt 0.009511 0.004435
vt 0.245814 0.240737
vt 0.009511 0.240737
vt 0.482117 0.240737
vt 0.482117 0.477040
vt 0.245814 0.477040
vt 0.009511 0.477040
vt 0.482117 0.004435
vt 0.245814 0.004435
vt 0.517784 0.003380
vt 0.517784 0.242354
vt 0.756758 0.242354
vt 0.995733 0.481329
vt 0.995733 0.242354
vt 0.517784 0.481329
vt 0.756758 0.481329
vt 0.995733 0.003380
vt 0.756758 0.003380
vt 0.517784 0.003380
vt 0.756758 0.242354
vt 0.517784 0.242354
vt 0.995733 0.242354
vt 0.995733 0.481329
vt 0.756758 0.481329
vt 0.517784 0.481329
vt 0.995733 0.003380
vt 0.756758 0.003380
vt 0.009511 0.004435
vt 0.009511 0.240737
vt 0.245814 0.240737
vt 0.482117 0.477040
vt 0.482117 0.240737
vt 0.009511 0.477040
vt 0.245814 0.477040
vt 0.482117 0.004435
vt 0.245814 0.004435
vt 0.517784 0.003380
vt 0.756758 0.242354
vt 0.517784 0.242354
vt 0.995733 0.242354
vt 0.995733 0.481329
vt 0.756758 0.481329
vt 0.517784 0.481329
vt 0.995733 0.003380
vt 0.756758 0.003380
vt 0.009511 0.004435
vt 0.245814 0.240737
vt 0.009511 0.240737
vt 0.482117 0.240737
vt 0.482117 0.477040
vt 0.245814 0.477040
vt 0.009511 0.477040
vt 0.482117 0.004435
vt 0.245814 0.004435
vt 0.517784 0.003380
vt 0.517784 0.242354
vt 0.756758 0.242354
vt 0.995733 0.481329
vt 0.995733 0.242354
vt 0.517784 0.481329
vt 0.756758 0.481329
vt 0.995733 0.003380
vt 0.756758 0.003380
vt 0.009511 0.004435
vt 0.245814 0.240737
vt 0.009511 0.240737
vt 0.482117 0.240737
vt 0.482117 0.477040
vt 0.245814 0.477040
vt 0.009511 0.477040
vt 0.482117 0.004435
vt 0.245814 0.004435
vt 0.009511 0.004435
vt 0.009511 0.240737
vt 0.245814 0.240737
vt 0.482117 0.477040
vt 0.482117 0.240737
vt 0.009511 0.477040
vt 0.245814 0.477040
vt 0.482117 0.004435
vt 0.245814 0.004435
vt 0.009511 0.004435
vt 0.009511 0.240737
vt 0.245814 0.240737
vt 0.482117 0.477040
vt 0.482117 0.240737
vt 0.009511 0.477040
vt 0.245814 0.477040
vt 0.482117 0.004435
vt 0.245814 0.004435
vt 0.009511 0.004435
vt 0.245814 0.240737
vt 0.009511 0.240737
vt 0.482117 0.240737
vt 0.482117 0.477040
vt 0.245814 0.477040
vt 0.009511 0.477040
vt 0.482117 0.004435
vt 0.245814 0.004435
vt 0.009511 0.004435
vt 0.245814 0.240737
vt 0.009511 0.240737
vt 0.482117 0.240737
vt 0.482117 0.477040
vt 0.245814 0.477040
vt 0.009511 0.477040
vt 0.482117 0.004435
vt 0.245814 0.004435
vt 0.009511 0.004435
vt 0.245814 0.240737
vt 0.009511 0.240737
vt 0.482117 0.240737
vt 0.482117 0.477040
vt 0.245814 0.477040
vt 0.009511 0.477040
vt 0.482117 0.004435
vt 0.245814 0.004435
vt 0.517784 0.003380
vt 0.756758 0.242354
vt 0.517784 0.242354
vt 0.995733 0.242354
vt 0.995733 0.481329
vt 0.756758 0.481329
vt 0.517784 0.481329
vt 0.995733 0.003380
vt 0.756758 0.003380
vt 0.009511 0.004435
vt 0.245814 0.240737
vt 0.009511 0.240737
vt 0.482117 0.240737
vt 0.482117 0.477040
vt 0.245814 0.477040
vt 0.009511 0.477040
vt 0.482117 0.004435
vt 0.245814 0.004435
vt 0.009511 0.004435
vt 0.009511 0.240737
vt 0.245814 0.240737
vt 0.482117 0.477040
vt 0.482117 0.240737
vt 0.009511 0.477040
vt 0.245814 0.477040
vt 0.482117 0.004435
vt 0.245814 0.004435
vt 0.009511 0.004435
vt 0.009511 0.240737
vt 0.245814 0.240737
vt 0.482117 0.477040
vt 0.482117 0.240737
vt 0.009511 0.477040
vt 0.245814 0.477040
vt 0.482117 0.004435
vt 0.245814 0.004435
vt 0.009511 0.004435
vt 0.009511 0.240737
vt 0.245814 0.240737
vt 0.482117 0.477040
vt 0.482117 0.240737
vt 0.009511 0.477040
vt 0.245814 0.477040
vt 0.482117 0.004435
vt 0.245814 0.004435
vt 0.009511 0.004435
vt 0.009511 0.240737
vt 0.245814 0.240737
vt 0.482117 0.477040
vt 0.482117 0.240737
vt 0.009511 0.477040
vt 0.245814 0.477040
vt 0.482117 0.004435
vt 0.245814 0.004435
vt 0.009511 0.004435
vt 0.245814 0.240737
vt 0.009511 0.240737
vt 0.482117 0.240737
vt 0.482117 0.477040
vt 0.245814 0.477040
vt 0.009511 0.477040
vt 0.482117 0.004435
vt 0.245814 0.004435
vt 0.009511 0.004435
vt 0.245814 0.240737
vt 0.009511 0.240737
vt 0.482117 0.240737
vt 0.482117 0.477040
vt 0.245814 0.477040
vt 0.009511 0.477040
vt 0.482117 0.004435
vt 0.245814 0.004435
vt 0.009511 0.004435
vt 0.245814 0.240737
vt 0.009511 0.240737
vt 0.482117 0.240737
vt 0.482117 0.477040
vt 0.245814 0.477040
vt 0.009511 0.477040
vt 0.482117 0.004435
vt 0.245814 0.004435
vt 0.009511 0.004435
vt 0.009511 0.240737
vt 0.245814 0.240737
vt 0.482117 0.477040
vt 0.482117 0.240737
vt 0.009511 0.477040
vt 0.245814 0.477040
vt 0.482117 0.004435
vt 0.245814 0.004435
vt 0.009511 0.004435
vt 0.009511 0.240737
vt 0.245814 0.240737
vt 0.482117 0.477040
vt 0.482117 0.240737
vt 0.009511 0.477040
vt 0.245814 0.477040
vt 0.482117 0.004435
vt 0.245814 0.004435
vt 0.009511 0.004435
vt 0.009511 0.240737
vt 0.245814 0.240737
vt 0.482117 0.477040
vt 0.482117 0.240737
vt 0.009511 0.477040
vt 0.245814 0.477040
vt 0.482117 0.004435
vt 0.245814 0.004435
vt 0.009511 0.004435
vt 0.009511 0.240737
vt 0.245814 0.240737
vt 0.482117 0.477040
vt 0.482117 0.240737
vt 0.009511 0.477040
vt 0.245814 0.477040
vt 0.482117 0.004435
vt 0.245814 0.004435
vt 0.009511 0.004435
vt 0.009511 0.240737
vt 0.245814 0.240737
vt 0.482117 0.477040
vt 0.482117 0.240737
vt 0.009511 0.477040
vt 0.245814 0.477040
vt 0.482117 0.004435
vt 0.245814 0.004435
vt 0.009511 0.004435
vt 0.245814 0.240737
vt 0.009511 0.240737
vt 0.482117 0.240737
vt 0.482117 0.477040
vt 0.245814 0.477040
vt 0.009511 0.477040
vt 0.482117 0.004435
vt 0.245814 0.004435
vt 0.517784 0.003380
vt 0.517784 0.242354
vt 0.756758 0.242354
vt 0.995733 0.481329
vt 0.995733 0.242354
vt 0.517784 0.481329
vt 0.756758 0.481329
vt 0.995733 0.003380
vt 0.756758 0.003380
vt 0.009511 0.004435
vt 0.245814 0.240737
vt 0.009511 0.240737
vt 0.482117 0.240737
vt 0.482117 0.477040
vt 0.245814 0.477040
vt 0.009511 0.477040
vt 0.482117 0.004435
vt 0.245814 0.004435
vt 0.009511 0.004435
vt 0.245814 0.240737
vt 0.009511 0.240737
vt 0.482117 0.240737
vt 0.482117 0.477040
vt 0.245814 0.477040
vt 0.009511 0.477040
vt 0.482117 0.004435
vt 0.245814 0.004435
vt 0.009511 0.004435
vt 0.009511 0.240737
vt 0.245814 0.240737
vt 0.482117 0.477040
vt 0.482117 0.240737
vt 0.009511 0.477040
vt 0.245814 0.477040
vt 0.482117 0.004435
vt 0.245814 0.004435
vt 0.009511 0.004435
vt 0.245814 0.240737
vt 0.009511 0.240737
vt 0.482117 0.240737
vt 0.482117 0.477040
vt 0.245814 0.477040
vt 0.009511 0.477040
vt 0.482117 0.004435
vt 0.245814 0.004435
vt 0.517784 0.003380
vt 0.517784 0.242354
vt 0.756758 0.242354
vt 0.995733 0.481329
vt 0.995733 0.242354
vt 0.517784 0.481329
vt 0.756758 0.481329
vt 0.995733 0.003380
vt 0.756758 0.003380
vt 0.517784 0.003380
vt 0.756758 0.242354
vt 0.517784 0.242354
vt 0.995733 0.242354
vt 0.995733 0.481329
vt 0.756758 0.481329
vt 0.517784 0.481329
vt 0.995733 0.003380
vt 0.756758 0.003380
vt 0.009511 0.004435
vt 0.009511 0.240737
vt 0.245814 0.240737
vt 0.482117 0.477040
vt 0.482117 0.240737
vt 0.009511 0.477040
vt 0.245814 0.477040
vt 0.482117 0.004435
vt 0.245814 0.004435
vt 0.517784 0.003380
vt 0.756758 0.242354
vt 0.517784 0.242354
vt 0.995733 0.242354
vt 0.995733 0.481329
vt 0.756758 0.481329
vt 0.517784 0.481329
vt 0.995733 0.003380
vt 0.756758 0.003380
vt 0.009511 0.004435
vt 0.245814 0.240737
vt 0.009511 0.240737
vt 0.482117 0.240737
vt 0.482117 0.477040
vt 0.245814 0.477040
vt 0.009511 0.477040
vt 0.482117 0.004435
vt 0.245814 0.004435
vt 0.517784 0.003380
vt 0.517784 0.242354
vt 0.756758 0.242354
vt 0.995733 0.481329
vt 0.995733 0.242354
vt 0.517784 0.481329
vt 0.756758 0.481329
vt 0.995733 0.003380
vt 0.756758 0.003380
vt 0.009511 0.004435
vt 0.245814 0.240737
vt 0.009511 0.240737
vt 0.482117 0.240737
vt 0.482117 0.477040
vt 0.245814 0.477040
vt 0.009511 0.477040
vt 0.482117 0.004435
vt 0.245814 0.004435
vt 0.009511 0.004435
vt 0.009511 0.240737
vt 0.245814 0.240737
vt 0.482117 0.477040
vt 0.482117 0.240737
vt 0.009511 0.477040
vt 0.245814 0.477040
vt 0.482117 0.004435
vt 0.245814 0.004435
vt 0.009511 0.004435
vt 0.009511 0.240737
vt 0.245814 0.240737
vt 0.482117 0.477040
vt 0.482117 0.240737
vt 0.009511 0.477040
vt 0.245814 0.477040
vt 0.482117 0.004435
vt 0.245814 0.004435
vt 0.009511 0.004435
vt 0.245814 0.240737
vt 0.009511 0.240737
vt 0.482117 0.240737
vt 0.482117 0.477040
vt 0.245814 0.477040
vt 0.009511 0.477040
vt 0.482117 0.004435
vt 0.245814 0.004435
vt 0.009511 0.004435
vt 0.245814 0.240737
vt 0.009511 0.240737
vt 0.482117 0.240737
vt 0.482117 0.477040
vt 0.245814 0.477040
vt 0.009511 0.477040
vt 0.482117 0.004435
vt 0.245814 0.004435
vt 0.009511 0.004435
vt 0.245814 0.240737
vt 0.009511 0.240737
vt 0.482117 0.240737
vt 0.482117 0.477040
vt 0.245814 0.477040
vt 0.009511 0.477040
vt 0.482117 0.004435
vt 0.245814 0.004435
vt 0.517784 0.003380
vt 0.756758 0.242354
vt 0.517784 0.242354
vt 0.995733 0.242354
vt 0.995733 0.481329
vt 0.756758 0.481329
vt 0.517784 0.481329
vt 0.995733 0.003380
vt 0.756758 0.003380
vt 0.009511 0.004435
vt 0.245814 0.240737
vt 0.009511 0.240737
vt 0.482117 0.240737
vt 0.482117 0.477040
vt 0.245814 0.477040
vt 0.009511 0.477040
vt 0.482117 0.004435
vt 0.245814 0.004435
vt 0.009511 0.004435
vt 0.009511 0.240737
vt 0.245814 0.240737
vt 0.482117 0.477040
vt 0.482117 0.240737
vt 0.009511 0.477040
vt 0.245814 0.477040
vt 0.482117 0.004435
vt 0.245814 0.004435
vt 0.009511 0.004435
vt 0.009511 0.240737
vt 0.245814 0.240737
vt 0.482117 0.477040
vt 0.482117 0.240737
vt 0.009511 0.477040
vt 0.245814 0.477040
vt 0.482117 0.004435
vt 0.245814 0.004435
vt 0.009511 0.004435
vt 0.009511 0.240737
vt 0.245814 0.240737
vt 0.482117 0.477040
vt 0.482117 0.240737
vt 0.009511 0.477040
vt 0.245814 0.477040
vt 0.482117 0.004435
vt 0.245814 0.004435
vt 0.009511 0.004435
vt 0.009511 0.240737
vt 0.245814 0.240737
vt 0.482117 0.477040
vt 0.482117 0.240737
vt 0.009511 0.477040
vt 0.245814 0.477040
vt 0.482117 0.004435
vt 0.245814 0.004435
vt 0.009511 0.004435
vt 0.245814 0.240737
vt 0.009511 0.240737
vt 0.482117 0.240737
vt 0.482117 0.477040
vt 0.245814 0.477040
vt 0.009511 0.477040
vt 0.482117 0.004435
vt 0.245814 0.004435
vt 0.009511 0.004435
vt 0.245814 0.240737
vt 0.009511 0.240737
vt 0.482117 0.240737
vt 0.482117 0.477040
vt 0.245814 0.477040
vt 0.009511 0.477040
vt 0.482117 0.004435
vt 0.245814 0.004435
vt 0.009511 0.004435
vt 0.245814 0.240737
vt 0.009511 0.240737
vt 0.482117 0.240737
vt 0.482117 0.477040
vt 0.245814 0.477040
vt 0.009511 0.477040
vt 0.482117 0.004435
vt 0.245814 0.004435
vt 0.009511 0.004435
vt 0.009511 0.240737
vt 0.245814 0.240737
vt 0.482117 0.477040
vt 0.482117 0.240737
vt 0.009511 0.477040
vt 0.245814 0.477040
vt 0.482117 0.004435
vt 0.245814 0.004435
vt 0.009511 0.004435
vt 0.009511 0.240737
vt 0.245814 0.240737
vt 0.482117 0.477040
vt 0.482117 0.240737
vt 0.009511 0.477040
vt 0.245814 0.477040
vt 0.482117 0.004435
vt 0.245814 0.004435
vt 0.009511 0.004435
vt 0.009511 0.240737
vt 0.245814 0.240737
vt 0.482117 0.477040
vt 0.482117 0.240737
vt 0.009511 0.477040
vt 0.245814 0.477040
vt 0.482117 0.004435
vt 0.245814 0.004435
vt 0.009511 0.004435
vt 0.009511 0.240737
vt 0.245814 0.240737
vt 0.482117 0.477040
vt 0.482117 0.240737
vt 0.009511 0.477040
vt 0.245814 0.477040
vt 0.482117 0.004435
vt 0.245814 0.004435
vt 0.009511 0.004435
vt 0.009511 0.240737
vt 0.245814 0.240737
vt 0.482117 0.477040
vt 0.482117 0.240737
vt 0.009511 0.477040
vt 0.245814 0.477040
vt 0.482117 0.004435
vt 0.245814 0.004435
vt 0.009511 0.004435
vt 0.245814 0.240737
vt 0.009511 0.240737
vt 0.482117 0.240737
vt 0.482117 0.477040
vt 0.245814 0.477040
vt 0.009511 0.477040
vt 0.482117 0.004435
vt 0.245814 0.004435
vt 0.517784 0.003380
vt 0.517784 0.242354
vt 0.756758 0.242354
vt 0.995733 0.481329
vt 0.995733 0.242354
vt 0.517784 0.481329
vt 0.756758 0.481329
vt 0.995733 0.003380
vt 0.756758 0.003380
vt 0.009511 0.004435
vt 0.245814 0.240737
vt 0.009511 0.240737
vt 0.482117 0.240737
vt 0.482117 0.477040
vt 0.245814 0.477040
vt 0.009511 0.477040
vt 0.482117 0.004435
vt 0.245814 0.004435
vt 0.009511 0.004435
vt 0.245814 0.240737
vt 0.009511 0.240737
vt 0.482117 0.240737
vt 0.482117 0.477040
vt 0.245814 0.477040
vt 0.009511 0.477040
vt 0.482117 0.004435
vt 0.245814 0.004435
vt 0.009511 0.004435
vt 0.009511 0.240737
vt 0.245814 0.240737
vt 0.482117 0.477040
vt 0.482117 0.240737
vt 0.009511 0.477040
vt 0.245814 0.477040
vt 0.482117 0.004435
vt 0.245814 0.004435
vt 0.009511 0.004435
vt 0.245814 0.240737
vt 0.009511 0.240737
vt 0.482117 0.240737
vt 0.482117 0.477040
vt 0.245814 0.477040
vt 0.009511 0.477040
vt 0.482117 0.004435
vt 0.245814 0.004435
vt 0.517784 0.003380
vt 0.517784 0.242354
vt 0.756758 0.242354
vt 0.995733 0.481329
vt 0.995733 0.242354
vt 0.517784 0.481329
vt 0.756758 0.481329
vt 0.995733 0.003380
vt 0.756758 0.003380
vt 0.517784 0.003380
vt 0.756758 0.242354
vt 0.517784 0.242354
vt 0.995733 0.242354
vt 0.995733 0.481329
vt 0.756758 0.481329
vt 0.517784 0.481329
vt 0.995733 0.003380
vt 0.756758 0.003380
vt 0.009511 0.004435
vt 0.009511 0.240737
vt 0.245814 0.240737
vt 0.482117 0.477040
vt 0.482117 0.240737
vt 0.009511 0.477040
vt 0.245814 0.477040
vt 0.482117 0.004435
vt 0.245814 0.004435
vt 0.517784 0.003380
vt 0.756758 0.242354
vt 0.517784 0.242354
vt 0.995733 0.242354
vt 0.995733 0.481329
vt 0.756758 0.481329
vt 0.517784 0.481329
vt 0.995733 0.003380
vt 0.756758 0.003380
vt 0.009511 0.004435
vt 0.245814 0.240737
vt 0.009511 0.240737
vt 0.482117 0.240737
vt 0.482117 0.477040
vt 0.245814 0.477040
vt 0.009511 0.477040
vt 0.482117 0.004435
vt 0.245814 0.004435
vt 0.517784 0.003380
vt 0.517784 0.242354
vt 0.756758 0.242354
vt 0.995733 0.481329
vt 0.995733 0.242354
vt 0.517784 0.481329
vt 0.756758 0.481329
vt 0.995733 0.003380
vt 0.756758 0.003380
vt 0.009511 0.004435
vt 0.245814 0.240737
vt 0.009511 0.240737
vt 0.482117 0.240737
vt 0.482117 0.477040
vt 0.245814 0.477040
vt 0.009511 0.477040
vt 0.482117 0.004435
vt 0.245814 0.004435
vt 0.009511 0.004435
vt 0.009511 0.240737
vt 0.245814 0.240737
vt 0.482117 0.477040
vt 0.482117 0.240737
vt 0.009511 0.477040
vt 0.245814 0.477040
vt 0.482117 0.004435
vt 0.245814 0.004435
vt 0.009511 0.004435
vt 0.009511 0.240737
vt 0.245814 0.240737
vt 0.482117 0.477040
vt 0.482117 0.240737
vt 0.009511 0.477040
vt 0.245814 0.477040
vt 0.482117 0.004435
vt 0.245814 0.004435
vt 0.009511 0.004435
vt 0.245814 0.240737
vt 0.009511 0.240737
vt 0.482117 0.240737
vt 0.482117 0.477040
vt 0.245814 0.477040
vt 0.009511 0.477040
vt 0.482117 0.004435
vt 0.245814 0.004435
vt 0.009511 0.004435
vt 0.245814 0.240737
vt 0.009511 0.240737
vt 0.482117 0.240737
vt 0.482117 0.477040
vt 0.245814 0.477040
vt 0.009511 0.477040
vt 0.482117 0.004435
vt 0.245814 0.004435
vt 0.009511 0.004435
vt 0.245814 0.240737
vt 0.009511 0.240737
vt 0.482117 0.240737
vt 0.482117 0.477040
vt 0.245814 0.477040
vt 0.009511 0.477040
vt 0.482117 0.004435
vt 0.245814 0.004435
vt 0.517784 0.003380
vt 0.756758 0.242354
vt 0.517784 0.242354
vt 0.995733 0.242354
vt 0.995733 0.481329
vt 0.756758 0.481329
vt 0.517784 0.481329
vt 0.995733 0.003380
vt 0.756758 0.003380
vt 0.009511 0.004435
vt 0.245814 0.240737
vt 0.009511 0.240737
vt 0.482117 0.240737
vt 0.482117 0.477040
vt 0.245814 0.477040
vt 0.009511 0.477040
vt 0.482117 0.004435
vt 0.245814 0.004435
vt 0.009511 0.004435
vt 0.009511 0.240737
vt 0.245814 0.240737
vt 0.482117 0.477040
vt 0.482117 0.240737
vt 0.009511 0.477040
vt 0.245814 0.477040
vt 0.482117 0.004435
vt 0.245814 0.004435
vt 0.009511 0.004435
vt 0.009511 0.240737
vt 0.245814 0.240737
vt 0.482117 0.477040
vt 0.482117 0.240737
vt 0.009511 0.477040
vt 0.245814 0.477040
vt 0.482117 0.004435
vt 0.245814 0.004435
vt 0.009511 0.004435
vt 0.009511 0.240737
vt 0.245814 0.240737
vt 0.482117 0.477040
vt 0.482117 0.240737
vt 0.009511 0.477040
vt 0.245814 0.477040
vt 0.482117 0.004435
vt 0.245814 0.004435
vt 0.009511 0.004435
vt 0.009511 0.240737
vt 0.245814 0.240737
vt 0.482117 0.477040
vt 0.482117 0.240737
vt 0.009511 0.477040
vt 0.245814 0.477040
vt 0.482117 0.004435
vt 0.245814 0.004435
vt 0.009511 0.004435
vt 0.245814 0.240737
vt 0.009511 0.240737
vt 0.482117 0.240737
vt 0.482117 0.477040
vt 0.245814 0.477040
vt 0.009511 0.477040
vt 0.482117 0.004435
vt 0.245814 0.004435
vt 0.009511 0.004435
vt 0.245814 0.240737
vt 0.009511 0.240737
vt 0.482117 0.240737
vt 0.482117 0.477040
vt 0.245814 0.477040
vt 0.009511 0.477040
vt 0.482117 0.004435
vt 0.245814 0.004435
vt 0.009511 0.004435
vt 0.245814 0.240737
vt 0.009511 0.240737
vt 0.482117 0.240737
vt 0.482117 0.477040
vt 0.245814 0.477040
vt 0.009511 0.477040
vt 0.482117 0.004435
vt 0.245814 0.004435
vt 0.009511 0.004435
vt 0.009511 0.240737
vt 0.245814 0.240737
vt 0.482117 0.477040
vt 0.482117 0.240737
vt 0.009511 0.477040
vt 0.245814 0.477040
vt 0.482117 0.004435
vt 0.245814 0.004435
vt 0.009511 0.004435
vt 0.009511 0.240737
vt 0.245814 0.240737
vt 0.482117 0.477040
vt 0.482117 0.240737
vt 0.009511 0.477040
vt 0.245814 0.477040
vt 0.482117 0.004435
vt 0.245814 0.004435
vt 0.009511 0.004435
vt 0.009511 0.240737
vt 0.245814 0.240737
vt 0.482117 0.477040
vt 0.482117 0.240737
vt 0.009511 0.477040
vt 0.245814 0.477040
vt 0.482117 0.004435
vt 0.245814 0.004435
vt 0.009511 0.004435
vt 0.009511 0.240737
vt 0.245814 0.240737
vt 0.482117 0.477040
vt 0.482117 0.240737
vt 0.009511 0.477040
vt 0.245814 0.477040
vt 0.482117 0.004435
vt 0.245814 0.004435
vt 0.009511 0.004435
vt 0.009511 0.240737
vt 0.245814 0.240737
vt 0.482117 0.477040
vt 0.482117 0.240737
vt 0.009511 0.477040
vt 0.245814 0.477040
vt 0.482117 0.004435
vt 0.245814 0.004435
vt 0.009511 0.004435
vt 0.245814 0.240737
vt 0.009511 0.240737
vt 0.482117 0.240737
vt 0.482117 0.477040
vt 0.245814 0.477040
vt 0.009511 0.477040
vt 0.482117 0.004435
vt 0.245814 0.004435
vt 0.517784 0.003380
vt 0.517784 0.242354
vt 0.756758 0.242354
vt 0.995733 0.481329
vt 0.995733 0.242354
vt 0.517784 0.481329
vt 0.756758 0.481329
vt 0.995733 0.003380
vt 0.756758 0.003380
vt 0.009511 0.004435
vt 0.245814 0.240737
vt 0.009511 0.240737
vt 0.482117 0.240737
vt 0.482117 0.477040
vt 0.245814 0.477040
vt 0.009511 0.477040
vt 0.482117 0.004435
vt 0.245814 0.004435
vt 0.009511 0.004435
vt 0.245814 0.240737
vt 0.009511 0.240737
vt 0.482117 0.240737
vt 0.482117 0.477040
vt 0.245814 0.477040
vt 0.009511 0.477040
vt 0.482117 0.004435
vt 0.245814 0.004435
vt 0.009511 0.004435
vt 0.009511 0.240737
vt 0.245814 0.240737
vt 0.482117 0.477040
vt 0.482117 0.240737
vt 0.009511 0.477040
vt 0.245814 0.477040
vt 0.482117 0.004435
vt 0.245814 0.004435
vt 0.009511 0.004435
vt 0.245814 0.240737
vt 0.009511 0.240737
vt 0.482117 0.240737
vt 0.482117 0.477040
vt 0.245814 0.477040
vt 0.009511 0.477040
vt 0.482117 0.004435
vt 0.245814 0.004435
vt 0.517784 0.003380
vt 0.517784 0.242354
vt 0.756758 0.242354
vt 0.995733 0.481329
vt 0.995733 0.242354
vt 0.517784 0.481329
vt 0.756758 0.481329
vt 0.995733 0.003380
vt 0.756758 0.003380
vt 0.517784 0.003380
vt 0.756758 0.242354
vt 0.517784 0.242354
vt 0.995733 0.242354
vt 0.995733 0.481329
vt 0.756758 0.481329
vt 0.517784 0.481329
vt 0.995733 0.003380
vt 0.756758 0.003380
vt 0.009511 0.004435
vt 0.009511 0.240737
vt 0.245814 0.240737
vt 0.482117 0.477040
vt 0.482117 0.240737
vt 0.009511 0.477040
vt 0.245814 0.477040
vt 0.482117 0.004435
vt 0.245814 0.004435
vt 0.517784 0.003380
vt 0.756758 0.242354
vt 0.517784 0.242354
vt 0.995733 0.242354
vt 0.995733 0.481329
vt 0.756758 0.481329
vt 0.517784 0.481329
vt 0.995733 0.003380
vt 0.756758 0.003380
vt 0.009511 0.004435
vt 0.245814 0.240737
vt 0.009511 0.240737
vt 0.482117 0.240737
vt 0.482117 0.477040
vt 0.245814 0.477040
vt 0.009511 0.477040
vt 0.482117 0.004435
vt 0.245814 0.004435
vt 0.517784 0.003380
vt 0.517784 0.242354
vt 0.756758 0.242354
vt 0.995733 0.481329
vt 0.995733 0.242354
vt 0.517784 0.481329
vt 0.756758 0.481329
vt 0.995733 0.003380
vt 0.756758 0.003380
vt 0.009511 0.004435
vt 0.245814 0.240737
vt 0.009511 0.240737
vt 0.482117 0.240737
vt 0.482117 0.477040
vt 0.245814 0.477040
vt 0.009511 0.477040
vt 0.482117 0.004435
vt 0.245814 0.004435
vt 0.009511 0.004435
vt 0.009511 0.240737
vt 0.245814 0.240737
vt 0.482117 0.477040
vt 0.482117 0.240737
vt 0.009511 0.477040
vt 0.245814 0.477040
vt 0.482117 0.004435
vt 0.245814 0.004435
vt 0.009511 0.004435
vt 0.009511 0.240737
vt 0.245814 0.240737
vt 0.482117 0.477040
vt 0.482117 0.240737
vt 0.009511 0.477040
vt 0.245814 0.477040
vt 0.482117 0.004435
vt 0.245814 0.004435
vt 0.009511 0.004435
vt 0.245814 0.240737
vt 0.009511 0.240737
vt 0.482117 0.240737
vt 0.482117 0.477040
vt 0.245814 0.477040
vt 0.009511 0.477040
vt 0.482117 0.004435
vt 0.245814 0.004435
vt 0.009511 0.004435
vt 0.245814 0.240737
vt 0.009511 0.240737
vt 0.482117 0.240737
vt 0.482117 0.477040
vt 0.245814 0.477040
vt 0.009511 0.477040
vt 0.482117 0.004435
vt 0.245814 0.004435
vt 0.009511 0.004435
vt 0.245814 0.240737
vt 0.009511 0.240737
vt 0.482117 0.240737
vt 0.482117 0.477040
vt 0.245814 0.477040
vt 0.009511 0.477040
vt 0.482117 0.004435
vt 0.245814 0.004435
vt 0.517784 0.003380
vt 0.756758 0.242354
vt 0.517784 0.242354
vt 0.995733 0.242354
vt 0.995733 0.481329
vt 0.756758 0.481329
vt 0.517784 0.481329
vt 0.995733 0.003380
vt 0.756758 0.003380
vt 0.009511 0.004435
vt 0.245814 0.240737
vt 0.009511 0.240737
vt 0.482117 0.240737
vt 0.482117 0.477040
vt 0.245814 0.477040
vt 0.009511 0.477040
vt 0.482117 0.004435
vt 0.245814 0.004435
vt 0.009511 0.004435
vt 0.009511 0.240737
vt 0.245814 0.240737
vt 0.482117 0.477040
vt 0.482117 0.240737
vt 0.009511 0.477040
vt 0.245814 0.477040
vt 0.482117 0.004435
vt 0.245814 0.004435
vt 0.009511 0.004435
vt 0.009511 0.240737
vt 0.245814 0.240737
vt 0.482117 0.477040
vt 0.482117 0.240737
vt 0.009511 0.477040
vt 0.245814 0.477040
vt 0.482117 0.004435
vt 0.245814 0.004435
vt 0.009511 0.004435
vt 0.009511 0.240737
vt 0.245814 0.240737
vt 0.482117 0.477040
vt 0.482117 0.240737
vt 0.009511 0.477040
vt 0.245814 0.477040
vt 0.482117 0.004435
vt 0.245814 0.004435
vt 0.009511 0.004435
vt 0.009511 0.240737
vt 0.245814 0.240737
vt 0.482117 0.477040
vt 0.482117 0.240737
vt 0.009511 0.477040
vt 0.245814 0.477040
vt 0.482117 0.004435
vt 0.245814 0.004435
vt 0.009511 0.004435
vt 0.245814 0.240737
vt 0.009511 0.240737
vt 0.482117 0.240737
vt 0.482117 0.477040
vt 0.245814 0.477040
vt 0.009511 0.477040
vt 0.482117 0.004435
vt 0.245814 0.004435
vt 0.009511 0.004435
vt 0.245814 0.240737
vt 0.009511 0.240737
vt 0.482117 0.240737
vt 0.482117 0.477040
vt 0.245814 0.477040
vt 0.009511 0.477040
vt 0.482117 0.004435
vt 0.245814 0.004435
vt 0.009511 0.004435
vt 0.245814 0.240737
vt 0.009511 0.240737
vt 0.482117 0.240737
vt 0.482117 0.477040
vt 0.245814 0.477040
vt 0.009511 0.477040
vt 0.482117 0.004435
vt 0.245814 0.004435
vt 0.009511 0.004435
vt 0.009511 0.240737
vt 0.245814 0.240737
vt 0.482117 0.477040
vt 0.482117 0.240737
vt 0.009511 0.477040
vt 0.245814 0.477040
vt 0.482117 0.004435
vt 0.245814 0.004435
vt 0.009511 0.004435
vt 0.009511 0.240737
vt 0.245814 0.240737
vt 0.482117 0.477040
vt 0.482117 0.240737
vt 0.009511 0.477040
vt 0.245814 0.477040
vt 0.482117 0.004435
vt 0.245814 0.004435
vt 0.009511 0.004435
vt 0.009511 0.240737
vt 0.245814 0.240737
vt 0.482117 0.477040
vt 0.482117 0.240737
vt 0.009511 0.477040
vt 0.245814 0.477040
vt 0.482117 0.004435
vt 0.245814 0.004435
vt 0.009511 0.004435
vt 0.009511 0.240737
vt 0.245814 0.240737
vt 0.482117 0.477040
vt 0.482117 0.240737
vt 0.009511 0.477040
vt 0.245814 0.477040
vt 0.482117 0.004435
vt 0.245814 0.004435
vt 0.009511 0.004435
vt 0.009511 0.240737
vt 0.245814 0.240737
vt 0.482117 0.477040
vt 0.482117 0.240737
vt 0.009511 0.477040
vt 0.245814 0.477040
vt 0.482117 0.004435
vt 0.245814 0.004435
vt 0.009511 0.004435
vt 0.245814 0.240737
vt 0.009511 0.240737
vt 0.482117 0.240737
vt 0.482117 0.477040
vt 0.245814 0.477040
vt 0.009511 0.477040
vt 0.482117 0.004435
vt 0.245814 0.004435
vt 0.517784 0.003380
vt 0.517784 0.242354
vt 0.756758 0.242354
vt 0.995733 0.481329
vt 0.995733 0.242354
vt 0.517784 0.481329
vt 0.756758 0.481329
vt 0.995733 0.003380
vt 0.756758 0.003380
vt 0.009511 0.004435
vt 0.245814 0.240737
vt 0.009511 0.240737
vt 0.482117 0.240737
vt 0.482117 0.477040
vt 0.245814 0.477040
vt 0.009511 0.477040
vt 0.482117 0.004435
vt 0.245814 0.004435
vt 0.009511 0.004435
vt 0.245814 0.240737
vt 0.009511 0.240737
vt 0.482117 0.240737
vt 0.482117 0.477040
vt 0.245814 0.477040
vt 0.009511 0.477040
vt 0.482117 0.004435
vt 0.245814 0.004435
vt 0.009511 0.004435
vt 0.009511 0.240737
vt 0.245814 0.240737
vt 0.482117 0.477040
vt 0.482117 0.240737
vt 0.009511 0.477040
vt 0.245814 0.477040
vt 0.482117 0.004435
vt 0.245814 0.004435
vt 0.009511 0.004435
vt 0.245814 0.240737
vt 0.009511 0.240737
vt 0.482117 0.240737
vt 0.482117 0.477040
vt 0.245814 0.477040
vt 0.009511 0.477040
vt 0.482117 0.004435
vt 0.245814 0.004435
vt 0.517784 0.003380
vt 0.517784 0.242354
vt 0.756758 0.242354
vt 0.995733 0.481329
vt 0.995733 0.242354
vt 0.517784 0.481329
vt 0.756758 0.481329
vt 0.995733 0.003380
vt 0.756758 0.003380
vt 0.517784 0.003380
vt 0.756758 0.242354
vt 0.517784 0.242354
vt 0.995733 0.242354
vt 0.995733 0.481329
vt 0.756758 0.481329
vt 0.517784 0.481329
vt 0.995733 0.003380
vt 0.756758 0.003380
vt 0.009511 0.004435
vt 0.009511 0.240737
vt 0.245814 0.240737
vt 0.482117 0.477040
vt 0.482117 0.240737
vt 0.009511 0.477040
vt 0.245814 0.477040
vt 0.482117 0.004435
vt 0.245814 0.004435
vt 0.517784 0.003380
vt 0.756758 0.242354
vt 0.517784 0.242354
vt 0.995733 0.242354
vt 0.995733 0.481329
vt 0.756758 0.481329
vt 0.517784 0.481329
vt 0.995733 0.003380
vt 0.756758 0.003380
vt 0.009511 0.004435
vt 0.245814 0.240737
vt 0.009511 0.240737
vt 0.482117 0.240737
vt 0.482117 0.477040
vt 0.245814 0.477040
vt 0.009511 0.477040
vt 0.482117 0.004435
vt 0.245814 0.004435
vt 0.517784 0.003380
vt 0.517784 0.242354
vt 0.756758 0.242354
vt 0.995733 0.481329
vt 0.995733 0.242354
vt 0.517784 0.481329
vt 0.756758 0.481329
vt 0.995733 0.003380
vt 0.756758 0.003380
vt 0.009511 0.004435
vt 0.245814 0.240737
vt 0.009511 0.240737
vt 0.482117 0.240737
vt 0.482117 0.477040
vt 0.245814 0.477040
vt 0.009511 0.477040
vt 0.482117 0.004435
vt 0.245814 0.004435
vt 0.009511 0.004435
vt 0.009511 0.240737
vt 0.245814 0.240737
vt 0.482117 0.477040
vt 0.482117 0.240737
vt 0.009511 0.477040
vt 0.245814 0.477040
vt 0.482117 0.004435
vt 0.245814 0.004435
vt 0.009511 0.004435
vt 0.009511 0.240737
vt 0.245814 0.240737
vt 0.482117 0.477040
vt 0.482117 0.240737
vt 0.009511 0.477040
vt 0.245814 0.477040
vt 0.482117 0.004435
vt 0.245814 0.004435
vt 0.009511 0.004435
vt 0.245814 0.240737
vt 0.009511 0.240737
vt 0.482117 0.240737
vt 0.482117 0.477040
vt 0.245814 0.477040
vt 0.009511 0.477040
vt 0.482117 0.004435
vt 0.245814 0.004435
vt 0.009511 0.004435
vt 0.245814 0.240737
vt 0.009511 0.240737
vt 0.482117 0.240737
vt 0.482117 0.477040
vt 0.245814 0.477040
vt 0.009511 0.477040
vt 0.482117 0.004435
vt 0.245814 0.004435
vt 0.009511 0.004435
vt 0.245814 0.240737
vt 0.009511 0.240737
vt 0.482117 0.240737
vt 0.482117 0.477040
vt 0.245814 0.477040
vt 0.009511 0.477040
vt 0.482117 0.004435
vt 0.245814 0.004435
vt 0.517784 0.003380
vt 0.756758 0.242354
vt 0.517784 0.242354
vt 0.995733 0.242354
vt 0.995733 0.481329
vt 0.756758 0.481329
vt 0.517784 0.481329
vt 0.995733 0.003380
vt 0.756758 0.003380
vt 0.009511 0.004435
vt 0.245814 0.240737
vt 0.009511 0.240737
vt 0.482117 0.240737
vt 0.482117 0.477040
vt 0.245814 0.477040
vt 0.009511 0.477040
vt 0.482117 0.004435
vt 0.245814 0.004435
vt 0.009511 0.004435
vt 0.009511 0.240737
vt 0.245814 0.240737
vt 0.482117 0.477040
vt 0.482117 0.240737
vt 0.009511 0.477040
vt 0.245814 0.477040
vt 0.482117 0.004435
vt 0.245814 0.004435
vt 0.009511 0.004435
vt 0.009511 0.240737
vt 0.245814 0.240737
vt 0.482117 0.477040
vt 0.482117 0.240737
vt 0.009511 0.477040
vt 0.245814 0.477040
vt 0.482117 0.004435
vt 0.245814 0.004435
vt 0.009511 0.004435
vt 0.009511 0.240737
vt 0.245814 0.240737
vt 0.482117 0.477040
vt 0.482117 0.240737
vt 0.009511 0.477040
vt 0.245814 0.477040
vt 0.482117 0.004435
vt 0.245814 0.004435
vt 0.009511 0.004435
vt 0.009511 0.240737
vt 0.245814 0.240737
vt 0.482117 0.477040
vt 0.482117 0.240737
vt 0.009511 0.477040
vt 0.245814 0.477040
vt 0.482117 0.004435
vt 0.245814 0.004435
vt 0.009511 0.004435
vt 0.245814 0.240737
vt 0.009511 0.240737
vt 0.482117 0.240737
vt 0.482117 0.477040
vt 0.245814 0.477040
vt 0.009511 0.477040
vt 0.482117 0.004435
vt 0.245814 0.004435
vt 0.009511 0.004435
vt 0.245814 0.240737
vt 0.009511 0.240737
vt 0.482117 0.240737
vt 0.482117 0.477040
vt 0.245814 0.477040
vt 0.009511 0.477040
vt 0.482117 0.004435
vt 0.245814 0.004435
vt 0.009511 0.004435
vt 0.245814 0.240737
vt 0.009511 0.240737
vt 0.482117 0.240737
vt 0.482117 0.477040
vt 0.245814 0.477040
vt 0.009511 0.477040
vt 0.482117 0.004435
vt 0.245814 0.004435
vt 0.009511 0.004435
vt 0.009511 0.240737
vt 0.245814 0.240737
vt 0.482117 0.477040
vt 0.482117 0.240737
vt 0.009511 0.477040
vt 0.245814 0.477040
vt 0.482117 0.004435
vt 0.245814 0.004435
vt 0.009511 0.004435
vt 0.009511 0.240737
vt 0.245814 0.240737
vt 0.482117 0.477040
vt 0.482117 0.240737
vt 0.009511 0.477040
vt 0.245814 0.477040
vt 0.482117 0.004435
vt 0.245814 0.004435
vt 0.009511 0.004435
vt 0.009511 0.240737
vt 0.245814 0.240737
vt 0.482117 0.477040
vt 0.482117 0.240737
vt 0.009511 0.477040
vt 0.245814 0.477040
vt 0.482117 0.004435
vt 0.245814 0.004435
vt 0.009511 0.004435
vt 0.009511 0.240737
vt 0.245814 0.240737
vt 0.482117 0.477040
vt 0.482117 0.240737
vt 0.009511 0.477040
vt 0.245814 0.477040
vt 0.482117 0.004435
vt 0.245814 0.004435
vt 0.009511 0.004435
vt 0.009511 0.240737
vt 0.245814 0.240737
vt 0.482117 0.477040
vt 0.482117 0.240737
vt 0.009511 0.477040
vt 0.245814 0.477040
vt 0.482117 0.004435
vt 0.245814 0.004435
vt 0.009511 0.004435
vt 0.245814 0.240737
vt 0.009511 0.240737
vt 0.482117 0.240737
vt 0.482117 0.477040
vt 0.245814 0.477040
vt 0.009511 0.477040
vt 0.482117 0.004435
vt 0.245814 0.004435
vt 0.517784 0.003380
vt 0.517784 0.242354
vt 0.756758 0.242354
vt 0.995733 0.481329
vt 0.995733 0.242354
vt 0.517784 0.481329
vt 0.756758 0.481329
vt 0.995733 0.003380
vt 0.756758 0.003380
vt 0.009511 0.004435
vt 0.245814 0.240737
vt 0.009511 0.240737
vt 0.482117 0.240737
vt 0.482117 0.477040
vt 0.245814 0.477040
vt 0.009511 0.477040
vt 0.482117 0.004435
vt 0.245814 0.004435
vt 0.009511 0.004435
vt 0.245814 0.240737
vt 0.009511 0.240737
vt 0.482117 0.240737
vt 0.482117 0.477040
vt 0.245814 0.477040
vt 0.009511 0.477040
vt 0.482117 0.004435
vt 0.245814 0.004435
vt 0.009511 0.004435
vt 0.009511 0.240737
vt 0.245814 0.240737
vt 0.482117 0.477040
vt 0.482117 0.240737
vt 0.009511 0.477040
vt 0.245814 0.477040
vt 0.482117 0.004435
vt 0.245814 0.004435
vt 0.009511 0.004435
vt 0.245814 0.240737
vt 0.009511 0.240737
vt 0.482117 0.240737
vt 0.482117 0.477040
vt 0.245814 0.477040
vt 0.009511 0.477040
vt 0.482117 0.004435
vt 0.245814 0.004435
vt 0.517784 0.003380
vt 0.517784 0.242354
vt 0.756758 0.242354
vt 0.995733 0.481329
vt 0.995733 0.242354
vt 0.517784 0.481329
vt 0.756758 0.481329
vt 0.995733 0.003380
vt 0.756758 0.003380
vt 0.517784 0.003380
vt 0.756758 0.242354
vt 0.517784 0.242354
vt 0.995733 0.242354
vt 0.995733 0.481329
vt 0.756758 0.481329
vt 0.517784 0.481329
vt 0.995733 0.003380
vt 0.756758 0.003380
vt 0.009511 0.004435
vt 0.009511 0.240737
vt 0.245814 0.240737
vt 0.482117 0.477040
vt 0.482117 0.240737
vt 0.009511 0.477040
vt 0.245814 0.477040
vt 0.482117 0.004435
vt 0.245814 0.004435
vt 0.517784 0.003380
vt 0.756758 0.242354
vt 0.517784 0.242354
vt 0.995733 0.242354
vt 0.995733 0.481329
vt 0.756758 0.481329
vt 0.517784 0.481329
vt 0.995733 0.003380
vt 0.756758 0.003380
vt 0.009511 0.004435
vt 0.245814 0.240737
vt 0.009511 0.240737
vt 0.482117 0.240737
vt 0.482117 0.477040
vt 0.245814 0.477040
vt 0.009511 0.477040
vt 0.482117 0.004435
vt 0.245814 0.004435
vt 0.517784 0.003380
vt 0.517784 0.242354
vt 0.756758 0.242354
vt 0.995733 0.481329
vt 0.995733 0.242354
vt 0.517784 0.481329
vt 0.756758 0.481329
vt 0.995733 0.003380
vt 0.756758 0.003380
vt 0.009511 0.004435
vt 0.245814 0.240737
vt 0.009511 0.240737
vt 0.482117 0.240737
vt 0.482117 0.477040
vt 0.245814 0.477040
vt 0.009511 0.477040
vt 0.482117 0.004435
vt 0.245814 0.004435
vt 0.009511 0.004435
vt 0.009511 0.240737
vt 0.245814 0.240737
vt 0.482117 0.477040
vt 0.482117 0.240737
vt 0.009511 0.477040
vt 0.245814 0.477040
vt 0.482117 0.004435
vt 0.245814 0.004435
vt 0.009511 0.004435
vt 0.009511 0.240737
vt 0.245814 0.240737
vt 0.482117 0.477040
vt 0.482117 0.240737
vt 0.009511 0.477040
vt 0.245814 0.477040
vt 0.482117 0.004435
vt 0.245814 0.004435
vt 0.009511 0.004435
vt 0.245814 0.240737
vt 0.009511 0.240737
vt 0.482117 0.240737
vt 0.482117 0.477040
vt 0.245814 0.477040
vt 0.009511 0.477040
vt 0.482117 0.004435
vt 0.245814 0.004435
vt 0.009511 0.004435
vt 0.245814 0.240737
vt 0.009511 0.240737
vt 0.482117 0.240737
vt 0.482117 0.477040
vt 0.245814 0.477040
vt 0.009511 0.477040
vt 0.482117 0.004435
vt 0.245814 0.004435
vt 0.009511 0.004435
vt 0.245814 0.240737
vt 0.009511 0.240737
vt 0.482117 0.240737
vt 0.482117 0.477040
vt 0.245814 0.477040
vt 0.009511 0.477040
vt 0.482117 0.004435
vt 0.245814 0.004435
vt 0.517784 0.003380
vt 0.756758 0.242354
vt 0.517784 0.242354
vt 0.995733 0.242354
vt 0.995733 0.481329
vt 0.756758 0.481329
vt 0.517784 0.481329
vt 0.995733 0.003380
vt 0.756758 0.003380
vt 0.009511 0.004435
vt 0.245814 0.240737
vt 0.009511 0.240737
vt 0.482117 0.240737
vt 0.482117 0.477040
vt 0.245814 0.477040
vt 0.009511 0.477040
vt 0.482117 0.004435
vt 0.245814 0.004435
vt 0.009511 0.004435
vt 0.009511 0.240737
vt 0.245814 0.240737
vt 0.482117 0.477040
vt 0.482117 0.240737
vt 0.009511 0.477040
vt 0.245814 0.477040
vt 0.482117 0.004435
vt 0.245814 0.004435
vt 0.009511 0.004435
vt 0.009511 0.240737
vt 0.245814 0.240737
vt 0.482117 0.477040
vt 0.482117 0.240737
vt 0.009511 0.477040
vt 0.245814 0.477040
vt 0.482117 0.004435
vt 0.245814 0.004435
vt 0.009511 0.004435
vt 0.009511 0.240737
vt 0.245814 0.240737
vt 0.482117 0.477040
vt 0.482117 0.240737
vt 0.009511 0.477040
vt 0.245814 0.477040
vt 0.482117 0.004435
vt 0.245814 0.004435
vt 0.009511 0.004435
vt 0.009511 0.240737
vt 0.245814 0.240737
vt 0.482117 0.477040
vt 0.482117 0.240737
vt 0.009511 0.477040
vt 0.245814 0.477040
vt 0.482117 0.004435
vt 0.245814 0.004435
vt 0.009511 0.004435
vt 0.245814 0.240737
vt 0.009511 0.240737
vt 0.482117 0.240737
vt 0.482117 0.477040
vt 0.245814 0.477040
vt 0.009511 0.477040
vt 0.482117 0.004435
vt 0.245814 0.004435
vt 0.009511 0.004435
vt 0.245814 0.240737
vt 0.009511 0.240737
vt 0.482117 0.240737
vt 0.482117 0.477040
vt 0.245814 0.477040
vt 0.009511 0.477040
vt 0.482117 0.004435
vt 0.245814 0.004435
vt 0.009511 0.004435
vt 0.245814 0.240737
vt 0.009511 0.240737
vt 0.482117 0.240737
vt 0.482117 0.477040
vt 0.245814 0.477040
vt 0.009511 0.477040
vt 0.482117 0.004435
vt 0.245814 0.004435
vt 0.009511 0.004435
vt 0.009511 0.240737
vt 0.245814 0.240737
vt 0.482117 0.477040
vt 0.482117 0.240737
vt 0.009511 0.477040
vt 0.245814 0.477040
vt 0.482117 0.004435
vt 0.245814 0.004435
vt 0.009511 0.004435
vt 0.009511 0.240737
vt 0.245814 0.240737
vt 0.482117 0.477040
vt 0.482117 0.240737
vt 0.009511 0.477040
vt 0.245814 0.477040
vt 0.482117 0.004435
vt 0.245814 0.004435
vt 0.009511 0.004435
vt 0.009511 0.240737
vt 0.245814 0.240737
vt 0.482117 0.477040
vt 0.482117 0.240737
vt 0.009511 0.477040
vt 0.245814 0.477040
vt 0.482117 0.004435
vt 0.245814 0.004435
vt 0.009511 0.004435
vt 0.009511 0.240737
vt 0.245814 0.240737
vt 0.482117 0.477040
vt 0.482117 0.240737
vt 0.009511 0.477040
vt 0.245814 0.477040
vt 0.482117 0.004435
vt 0.245814 0.004435
vt 0.009511 0.004435
vt 0.009511 0.240737
vt 0.245814 0.240737
vt 0.482117 0.477040
vt 0.482117 0.240737
vt 0.009511 0.477040
vt 0.245814 0.477040
vt 0.482117 0.004435
vt 0.245814 0.004435
vt 0.009511 0.004435
vt 0.245814 0.240737
vt 0.009511 0.240737
vt 0.482117 0.240737
vt 0.482117 0.477040
vt 0.245814 0.477040
vt 0.009511 0.477040
vt 0.482117 0.004435
vt 0.245814 0.004435
vt 0.517784 0.003380
vt 0.517784 0.242354
vt 0.756758 0.242354
vt 0.995733 0.481329
vt 0.995733 0.242354
vt 0.517784 0.481329
vt 0.756758 0.481329
vt 0.995733 0.003380
vt 0.756758 0.003380
vt 0.009511 0.004435
vt 0.245814 0.240737
vt 0.009511 0.240737
vt 0.482117 0.240737
vt 0.482117 0.477040
vt 0.245814 0.477040
vt 0.009511 0.477040
vt 0.482117 0.004435
vt 0.245814 0.004435
vt 0.009511 0.004435
vt 0.245814 0.240737
vt 0.009511 0.240737
vt 0.482117 0.240737
vt 0.482117 0.477040
vt 0.245814 0.477040
vt 0.009511 0.477040
vt 0.482117 0.004435
vt 0.245814 0.004435
vt 0.009511 0.004435
vt 0.009511 0.240737
vt 0.245814 0.240737
vt 0.482117 0.477040
vt 0.482117 0.240737
vt 0.009511 0.477040
vt 0.245814 0.477040
vt 0.482117 0.004435
vt 0.245814 0.004435
vt 0.009511 0.004435
vt 0.245814 0.240737
vt 0.009511 0.240737
vt 0.482117 0.240737
vt 0.482117 0.477040
vt 0.245814 0.477040
vt 0.009511 0.477040
vt 0.482117 0.004435
vt 0.245814 0.004435
vt 0.517784 0.003380
vt 0.517784 0.242354
vt 0.756758 0.242354
vt 0.995733 0.481329
vt 0.995733 0.242354
vt 0.517784 0.481329
vt 0.756758 0.481329
vt 0.995733 0.003380
vt 0.756758 0.003380
vt 0.517784 0.003380
vt 0.756758 0.242354
vt 0.517784 0.242354
vt 0.995733 0.242354
vt 0.995733 0.481329
vt 0.756758 0.481329
vt 0.517784 0.481329
vt 0.995733 0.003380
vt 0.756758 0.003380
vt 0.009511 0.004435
vt 0.009511 0.240737
vt 0.245814 0.240737
vt 0.482117 0.477040
vt 0.482117 0.240737
vt 0.009511 0.477040
vt 0.245814 0.477040
vt 0.482117 0.004435
vt 0.245814 0.004435
vt 0.517784 0.003380
vt 0.756758 0.242354
vt 0.517784 0.242354
vt 0.995733 0.242354
vt 0.995733 0.481329
vt 0.756758 0.481329
vt 0.517784 0.481329
vt 0.995733 0.003380
vt 0.756758 0.003380
vt 0.009511 0.004435
vt 0.245814 0.240737
vt 0.009511 0.240737
vt 0.482117 0.240737
vt 0.482117 0.477040
vt 0.245814 0.477040
vt 0.009511 0.477040
vt 0.482117 0.004435
vt 0.245814 0.004435
vt 0.517784 0.003380
vt 0.517784 0.242354
vt 0.756758 0.242354
vt 0.995733 0.481329
vt 0.995733 0.242354
vt 0.517784 0.481329
vt 0.756758 0.481329
vt 0.995733 0.003380
vt 0.756758 0.003380
vt 0.009511 0.004435
vt 0.245814 0.240737
vt 0.009511 0.240737
vt 0.482117 0.240737
vt 0.482117 0.477040
vt 0.245814 0.477040
vt 0.009511 0.477040
vt 0.482117 0.004435
vt 0.245814 0.004435
vt 0.009511 0.004435
vt 0.009511 0.240737
vt 0.245814 0.240737
vt 0.482117 0.477040
vt 0.482117 0.240737
vt 0.009511 0.477040
vt 0.245814 0.477040
vt 0.482117 0.004435
vt 0.245814 0.004435
vt 0.009511 0.004435
vt 0.009511 0.240737
vt 0.245814 0.240737
vt 0.482117 0.477040
vt 0.482117 0.240737
vt 0.009511 0.477040
vt 0.245814 0.477040
vt 0.482117 0.004435
vt 0.245814 0.004435
vt 0.009511 0.004435
vt 0.245814 0.240737
vt 0.009511 0.240737
vt 0.482117 0.240737
vt 0.482117 0.477040
vt 0.245814 0.477040
vt 0.009511 0.477040
vt 0.482117 0.004435
vt 0.245814 0.004435
vt 0.009511 0.004435
vt 0.245814 0.240737
vt 0.009511 0.240737
vt 0.482117 0.240737
vt 0.482117 0.477040
vt 0.245814 0.477040
vt 0.009511 0.477040
vt 0.482117 0.004435
vt 0.245814 0.004435
vt 0.009511 0.004435
vt 0.245814 0.240737
vt 0.009511 0.240737
vt 0.482117 0.240737
vt 0.482117 0.477040
vt 0.245814 0.477040
vt 0.009511 0.477040
vt 0.482117 0.004435
vt 0.245814 0.004435
vt 0.517784 0.003380
vt 0.756758 0.242354
vt 0.517784 0.242354
vt 0.995733 0.242354
vt 0.995733 0.481329
vt 0.756758 0.481329
vt 0.517784 0.481329
vt 0.995733 0.003380
vt 0.756758 0.003380
vt 0.009511 0.004435
vt 0.245814 0.240737
vt 0.009511 0.240737
vt 0.482117 0.240737
vt 0.482117 0.477040
vt 0.245814 0.477040
vt 0.009511 0.477040
vt 0.482117 0.004435
vt 0.245814 0.004435
vt 0.009511 0.004435
vt 0.009511 0.240737
vt 0.245814 0.240737
vt 0.482117 0.477040
vt 0.482117 0.240737
vt 0.009511 0.477040
vt 0.245814 0.477040
vt 0.482117 0.004435
vt 0.245814 0.004435
vt 0.009511 0.004435
vt 0.009511 0.240737
vt 0.245814 0.240737
vt 0.482117 0.477040
vt 0.482117 0.240737
vt 0.009511 0.477040
vt 0.245814 0.477040
vt 0.482117 0.004435
vt 0.245814 0.004435
vt 0.009511 0.004435
vt 0.009511 0.240737
vt 0.245814 0.240737
vt 0.482117 0.477040
vt 0.482117 0.240737
vt 0.009511 0.477040
vt 0.245814 0.477040
vt 0.482117 0.004435
vt 0.245814 0.004435
vt 0.009511 0.004435
vt 0.009511 0.240737
vt 0.245814 0.240737
vt 0.482117 0.477040
vt 0.482117 0.240737
vt 0.009511 0.477040
vt 0.245814 0.477040
vt 0.482117 0.004435
vt 0.245814 0.004435
vt 0.009511 0.004435
vt 0.245814 0.240737
vt 0.009511 0.240737
vt 0.482117 0.240737
vt 0.482117 0.477040
vt 0.245814 0.477040
vt 0.009511 0.477040
vt 0.482117 0.004435
vt 0.245814 0.004435
vt 0.009511 0.004435
vt 0.245814 0.240737
vt 0.009511 0.240737
vt 0.482117 0.240737
vt 0.482117 0.477040
vt 0.245814 0.477040
vt 0.009511 0.477040
vt 0.482117 0.004435
vt 0.245814 0.004435
vt 0.009511 0.004435
vt 0.245814 0.240737
vt 0.009511 0.240737
vt 0.482117 0.240737
vt 0.482117 0.477040
vt 0.245814 0.477040
vt 0.009511 0.477040
vt 0.482117 0.004435
vt 0.245814 0.004435
vt 0.009511 0.004435
vt 0.009511 0.240737
vt 0.245814 0.240737
vt 0.482117 0.477040
vt 0.482117 0.240737
vt 0.009511 0.477040
vt 0.245814 0.477040
vt 0.482117 0.004435
vt 0.245814 0.004435
vt 0.009511 0.004435
vt 0.009511 0.240737
vt 0.245814 0.240737
vt 0.482117 0.477040
vt 0.482117 0.240737
vt 0.009511 0.477040
vt 0.245814 0.477040
vt 0.482117 0.004435
vt 0.245814 0.004435
vt 0.009511 0.004435
vt 0.009511 0.240737
vt 0.245814 0.240737
vt 0.482117 0.477040
vt 0.482117 0.240737
vt 0.009511 0.477040
vt 0.245814 0.477040
vt 0.482117 0.004435
vt 0.245814 0.004435
vt 0.009511 0.004435
vt 0.009511 0.240737
vt 0.245814 0.240737
vt 0.482117 0.477040
vt 0.482117 0.240737
vt 0.009511 0.477040
vt 0.245814 0.477040
vt 0.482117 0.004435
vt 0.245814 0.004435
vt 0.009511 0.004435
vt 0.009511 0.240737
vt 0.245814 0.240737
vt 0.482117 0.477040
vt 0.482117 0.240737
vt 0.009511 0.477040
vt 0.245814 0.477040
vt 0.482117 0.004435
vt 0.245814 0.004435
vt 0.009511 0.004435
vt 0.245814 0.240737
vt 0.009511 0.240737
vt 0.482117 0.240737
vt 0.482117 0.477040
vt 0.245814 0.477040
vt 0.009511 0.477040
vt 0.482117 0.004435
vt 0.245814 0.004435
vt 0.517784 0.003380
vt 0.517784 0.242354
vt 0.756758 0.242354
vt 0.995733 0.481329
vt 0.995733 0.242354
vt 0.517784 0.481329
vt 0.756758 0.481329
vt 0.995733 0.003380
vt 0.756758 0.003380
vt 0.009511 0.004435
vt 0.245814 0.240737
vt 0.009511 0.240737
vt 0.482117 0.240737
vt 0.482117 0.477040
vt 0.245814 0.477040
vt 0.009511 0.477040
vt 0.482117 0.004435
vt 0.245814 0.004435
vt 0.009511 0.004435
vt 0.245814 0.240737
vt 0.009511 0.240737
vt 0.482117 0.240737
vt 0.482117 0.477040
vt 0.245814 0.477040
vt 0.009511 0.477040
vt 0.482117 0.004435
vt 0.245814 0.004435
vt 0.009511 0.004435
vt 0.009511 0.240737
vt 0.245814 0.240737
vt 0.482117 0.477040
vt 0.482117 0.240737
vt 0.009511 0.477040
vt 0.245814 0.477040
vt 0.482117 0.004435
vt 0.245814 0.004435
vt 0.009511 0.004435
vt 0.245814 0.240737
vt 0.009511 0.240737
vt 0.482117 0.240737
vt 0.482117 0.477040
vt 0.245814 0.477040
vt 0.009511 0.477040
vt 0.482117 0.004435
vt 0.245814 0.004435
vt 0.517784 0.003380
vt 0.517784 0.242354
vt 0.756758 0.242354
vt 0.995733 0.481329
vt 0.995733 0.242354
vt 0.517784 0.481329
vt 0.756758 0.481329
vt 0.995733 0.003380
vt 0.756758 0.003380
vt 0.517784 0.003380
vt 0.756758 0.242354
vt 0.517784 0.242354
vt 0.995733 0.242354
vt 0.995733 0.481329
vt 0.756758 0.481329
vt 0.517784 0.481329
vt 0.995733 0.003380
vt 0.756758 0.003380
vt 0.009511 0.004435
vt 0.009511 0.240737
vt 0.245814 0.240737
vt 0.482117 0.477040
vt 0.482117 0.240737
vt 0.009511 0.477040
vt 0.245814 0.477040
vt 0.482117 0.004435
vt 0.245814 0.004435
vt 0.517784 0.003380
vt 0.756758 0.242354
vt 0.517784 0.242354
vt 0.995733 0.242354
vt 0.995733 0.481329
vt 0.756758 0.481329
vt 0.517784 0.481329
vt 0.995733 0.003380
vt 0.756758 0.003380
vt 0.009511 0.004435
vt 0.245814 0.240737
vt 0.009511 0.240737
vt 0.482117 0.240737
vt 0.482117 0.477040
vt 0.245814 0.477040
vt 0.009511 0.477040
vt 0.482117 0.004435
vt 0.245814 0.004435
vt 0.517784 0.003380
vt 0.517784 0.242354
vt 0.756758 0.242354
vt 0.995733 0.481329
vt 0.995733 0.242354
vt 0.517784 0.481329
vt 0.756758 0.481329
vt 0.995733 0.003380
vt 0.756758 0.003380
vt 0.009511 0.004435
vt 0.245814 0.240737
vt 0.009511 0.240737
vt 0.482117 0.240737
vt 0.482117 0.477040
vt 0.245814 0.477040
vt 0.009511 0.477040
vt 0.482117 0.004435
vt 0.245814 0.004435
vt 0.009511 0.004435
vt 0.009511 0.240737
vt 0.245814 0.240737
vt 0.482117 0.477040
vt 0.482117 0.240737
vt 0.009511 0.477040
vt 0.245814 0.477040
vt 0.482117 0.004435
vt 0.245814 0.004435
vt 0.009511 0.004435
vt 0.009511 0.240737
vt 0.245814 0.240737
vt 0.482117 0.477040
vt 0.482117 0.240737
vt 0.009511 0.477040
vt 0.245814 0.477040
vt 0.482117 0.004435
vt 0.245814 0.004435
vt 0.009511 0.004435
vt 0.245814 0.240737
vt 0.009511 0.240737
vt 0.482117 0.240737
vt 0.482117 0.477040
vt 0.245814 0.477040
vt 0.009511 0.477040
vt 0.482117 0.004435
vt 0.245814 0.004435
vt 0.009511 0.004435
vt 0.245814 0.240737
vt 0.009511 0.240737
vt 0.482117 0.240737
vt 0.482117 0.477040
vt 0.245814 0.477040
vt 0.009511 0.477040
vt 0.482117 0.004435
vt 0.245814 0.004435
vt 0.009511 0.004435
vt 0.245814 0.240737
vt 0.009511 0.240737
vt 0.482117 0.240737
vt 0.482117 0.477040
vt 0.245814 0.477040
vt 0.009511 0.477040
vt 0.482117 0.004435
vt 0.245814 0.004435
vt 0.517784 0.003380
vt 0.756758 0.242354
vt 0.517784 0.242354
vt 0.995733 0.242354
vt 0.995733 0.481329
vt 0.756758 0.481329
vt 0.517784 0.481329
vt 0.995733 0.003380
vt 0.756758 0.003380
vt 0.009511 0.004435
vt 0.245814 0.240737
vt 0.009511 0.240737
vt 0.482117 0.240737
vt 0.482117 0.477040
vt 0.245814 0.477040
vt 0.009511 0.477040
vt 0.482117 0.004435
vt 0.245814 0.004435
vt 0.009511 0.004435
vt 0.009511 0.240737
vt 0.245814 0.240737
vt 0.482117 0.477040
vt 0.482117 0.240737
vt 0.009511 0.477040
vt 0.245814 0.477040
vt 0.482117 0.004435
vt 0.245814 0.004435
vt 0.009511 0.004435
vt 0.009511 0.240737
vt 0.245814 0.240737
vt 0.482117 0.477040
vt 0.482117 0.240737
vt 0.009511 0.477040
vt 0.245814 0.477040
vt 0.482117 0.004435
vt 0.245814 0.004435
vt 0.009511 0.004435
vt 0.009511 0.240737
vt 0.245814 0.240737
vt 0.482117 0.477040
vt 0.482117 0.240737
vt 0.009511 0.477040
vt 0.245814 0.477040
vt 0.482117 0.004435
vt 0.245814 0.004435
vt 0.009511 0.004435
vt 0.009511 0.240737
vt 0.245814 0.240737
vt 0.482117 0.477040
vt 0.482117 0.240737
vt 0.009511 0.477040
vt 0.245814 0.477040
vt 0.482117 0.004435
vt 0.245814 0.004435
vt 0.009511 0.004435
vt 0.245814 0.240737
vt 0.009511 0.240737
vt 0.482117 0.240737
vt 0.482117 0.477040
vt 0.245814 0.477040
vt 0.009511 0.477040
vt 0.482117 0.004435
vt 0.245814 0.004435
vt 0.009511 0.004435
vt 0.245814 0.240737
vt 0.009511 0.240737
vt 0.482117 0.240737
vt 0.482117 0.477040
vt 0.245814 0.477040
vt 0.009511 0.477040
vt 0.482117 0.004435
vt 0.245814 0.004435
vt 0.009511 0.004435
vt 0.245814 0.240737
vt 0.009511 0.240737
vt 0.482117 0.240737
vt 0.482117 0.477040
vt 0.245814 0.477040
vt 0.009511 0.477040
vt 0.482117 0.004435
vt 0.245814 0.004435
vt 0.009511 0.004435
vt 0.009511 0.240737
vt 0.245814 0.240737
vt 0.482117 0.477040
vt 0.482117 0.240737
vt 0.009511 0.477040
vt 0.245814 0.477040
vt 0.482117 0.004435
vt 0.245814 0.004435
vt 0.009511 0.004435
vt 0.009511 0.240737
vt 0.245814 0.240737
vt 0.482117 0.477040
vt 0.482117 0.240737
vt 0.009511 0.477040
vt 0.245814 0.477040
vt 0.482117 0.004435
vt 0.245814 0.004435
vt 0.009511 0.004435
vt 0.009511 0.240737
vt 0.245814 0.240737
vt 0.482117 0.477040
vt 0.482117 0.240737
vt 0.009511 0.477040
vt 0.245814 0.477040
vt 0.482117 0.004435
vt 0.245814 0.004435
vt 0.009511 0.004435
vt 0.009511 0.240737
vt 0.245814 0.240737
vt 0.482117 0.477040
vt 0.482117 0.240737
vt 0.009511 0.477040
vt 0.245814 0.477040
vt 0.482117 0.004435
vt 0.245814 0.004435
vt 0.009511 0.004435
vt 0.009511 0.240737
vt 0.245814 0.240737
vt 0.482117 0.477040
vt 0.482117 0.240737
vt 0.009511 0.477040
vt 0.245814 0.477040
vt 0.482117 0.004435
vt 0.245814 0.004435
vt 0.009511 0.004435
vt 0.245814 0.240737
vt 0.009511 0.240737
vt 0.482117 0.240737
vt 0.482117 0.477040
vt 0.245814 0.477040
vt 0.009511 0.477040
vt 0.482117 0.004435
vt 0.245814 0.004435
vt 0.517784 0.003380
vt 0.517784 0.242354
vt 0.756758 0.242354
vt 0.995733 0.481329
vt 0.995733 0.242354
vt 0.517784 0.481329
vt 0.756758 0.481329
vt 0.995733 0.003380
vt 0.756758 0.003380
vt 0.009511 0.004435
vt 0.245814 0.240737
vt 0.009511 0.240737
vt 0.482117 0.240737
vt 0.482117 0.477040
vt 0.245814 0.477040
vt 0.009511 0.477040
vt 0.482117 0.004435
vt 0.245814 0.004435
vt 0.009511 0.004435
vt 0.245814 0.240737
vt 0.009511 0.240737
vt 0.482117 0.240737
vt 0.482117 0.477040
vt 0.245814 0.477040
vt 0.009511 0.477040
vt 0.482117 0.004435
vt 0.245814 0.004435
vt 0.009511 0.004435
vt 0.009511 0.240737
vt 0.245814 0.240737
vt 0.482117 0.477040
vt 0.482117 0.240737
vt 0.009511 0.477040
vt 0.245814 0.477040
vt 0.482117 0.004435
vt 0.245814 0.004435
vt 0.009511 0.004435
vt 0.245814 0.240737
vt 0.009511 0.240737
vt 0.482117 0.240737
vt 0.482117 0.477040
vt 0.245814 0.477040
vt 0.009511 0.477040
vt 0.482117 0.004435
vt 0.245814 0.004435
vt 0.517784 0.003380
vt 0.517784 0.242354
vt 0.756758 0.242354
vt 0.995733 0.481329
vt 0.995733 0.242354
vt 0.517784 0.481329
vt 0.756758 0.481329
vt 0.995733 0.003380
vt 0.756758 0.003380
vt 0.517784 0.003380
vt 0.756758 0.242354
vt 0.517784 0.242354
vt 0.995733 0.242354
vt 0.995733 0.481329
vt 0.756758 0.481329
vt 0.517784 0.481329
vt 0.995733 0.003380
vt 0.756758 0.003380
vt 0.009511 0.004435
vt 0.009511 0.240737
vt 0.245814 0.240737
vt 0.482117 0.477040
vt 0.482117 0.240737
vt 0.009511 0.477040
vt 0.245814 0.477040
vt 0.482117 0.004435
vt 0.245814 0.004435
vt 0.517784 0.003380
vt 0.756758 0.242354
vt 0.517784 0.242354
vt 0.995733 0.242354
vt 0.995733 0.481329
vt 0.756758 0.481329
vt 0.517784 0.481329
vt 0.995733 0.003380
vt 0.756758 0.003380
vt 0.009511 0.004435
vt 0.245814 0.240737
vt 0.009511 0.240737
vt 0.482117 0.240737
vt 0.482117 0.477040
vt 0.245814 0.477040
vt 0.009511 0.477040
vt 0.482117 0.004435
vt 0.245814 0.004435
vt 0.517784 0.003380
vt 0.517784 0.242354
vt 0.756758 0.242354
vt 0.995733 0.481329
vt 0.995733 0.242354
vt 0.517784 0.481329
vt 0.756758 0.481329
vt 0.995733 0.003380
vt 0.756758 0.003380
vt 0.009511 0.004435
vt 0.245814 0.240737
vt 0.009511 0.240737
vt 0.482117 0.240737
vt 0.482117 0.477040
vt 0.245814 0.477040
vt 0.009511 0.477040
vt 0.482117 0.004435
vt 0.245814 0.004435
vt 0.009511 0.004435
vt 0.009511 0.240737
vt 0.245814 0.240737
vt 0.482117 0.477040
vt 0.482117 0.240737
vt 0.009511 0.477040
vt 0.245814 0.477040
vt 0.482117 0.004435
vt 0.245814 0.004435
vt 0.009511 0.004435
vt 0.009511 0.240737
vt 0.245814 0.240737
vt 0.482117 0.477040
vt 0.482117 0.240737
vt 0.009511 0.477040
vt 0.245814 0.477040
vt 0.482117 0.004435
vt 0.245814 0.004435
vt 0.009511 0.004435
vt 0.245814 0.240737
vt 0.009511 0.240737
vt 0.482117 0.240737
vt 0.482117 0.477040
vt 0.245814 0.477040
vt 0.009511 0.477040
vt 0.482117 0.004435
vt 0.245814 0.004435
vt 0.009511 0.004435
vt 0.245814 0.240737
vt 0.009511 0.240737
vt 0.482117 0.240737
vt 0.482117 0.477040
vt 0.245814 0.477040
vt 0.009511 0.477040
vt 0.482117 0.004435
vt 0.245814 0.004435
vt 0.009511 0.004435
vt 0.245814 0.240737
vt 0.009511 0.240737
vt 0.482117 0.240737
vt 0.482117 0.477040
vt 0.245814 0.477040
vt 0.009511 0.477040
vt 0.482117 0.004435
vt 0.245814 0.004435
vt 0.517784 0.003380
vt 0.756758 0.242354
vt 0.517784 0.242354
vt 0.995733 0.242354
vt 0.995733 0.481329
vt 0.756758 0.481329
vt 0.517784 0.481329
vt 0.995733 0.003380
vt 0.756758 0.003380
vt 0.009511 0.004435
vt 0.245814 0.240737
vt 0.009511 0.240737
vt 0.482117 0.240737
vt 0.482117 0.477040
vt 0.245814 0.477040
vt 0.009511 0.477040
vt 0.482117 0.004435
vt 0.245814 0.004435
vt 0.009511 0.004435
vt 0.009511 0.240737
vt 0.245814 0.240737
vt 0.482117 0.477040
vt 0.482117 0.240737
vt 0.009511 0.477040
vt 0.245814 0.477040
vt 0.482117 0.004435
vt 0.245814 0.004435
vt 0.009511 0.004435
vt 0.009511 0.240737
vt 0.245814 0.240737
vt 0.482117 0.477040
vt 0.482117 0.240737
vt 0.009511 0.477040
vt 0.245814 0.477040
vt 0.482117 0.004435
vt 0.245814 0.004435
vt 0.009511 0.004435
vt 0.009511 0.240737
vt 0.245814 0.240737
vt 0.482117 0.477040
vt 0.482117 0.240737
vt 0.009511 0.477040
vt 0.245814 0.477040
vt 0.482117 0.004435
vt 0.245814 0.004435
vt 0.009511 0.004435
vt 0.009511 0.240737
vt 0.245814 0.240737
vt 0.482117 0.477040
vt 0.482117 0.240737
vt 0.009511 0.477040
vt 0.245814 0.477040
vt 0.482117 0.004435
vt 0.245814 0.004435
vt 0.009511 0.004435
vt 0.245814 0.240737
vt 0.009511 0.240737
vt 0.482117 0.240737
vt 0.482117 0.477040
vt 0.245814 0.477040
vt 0.009511 0.477040
vt 0.482117 0.004435
vt 0.245814 0.004435
vt 0.009511 0.004435
vt 0.245814 0.240737
vt 0.009511 0.240737
vt 0.482117 0.240737
vt 0.482117 0.477040
vt 0.245814 0.477040
vt 0.009511 0.477040
vt 0.482117 0.004435
vt 0.245814 0.004435
vt 0.009511 0.004435
vt 0.245814 0.240737
vt 0.009511 0.240737
vt 0.482117 0.240737
vt 0.482117 0.477040
vt 0.245814 0.477040
vt 0.009511 0.477040
vt 0.482117 0.004435
vt 0.245814 0.004435
vt 0.009511 0.004435
vt 0.009511 0.240737
vt 0.245814 0.240737
vt 0.482117 0.477040
vt 0.482117 0.240737
vt 0.009511 0.477040
vt 0.245814 0.477040
vt 0.482117 0.004435
vt 0.245814 0.004435
vt 0.009511 0.004435
vt 0.009511 0.240737
vt 0.245814 0.240737
vt 0.482117 0.477040
vt 0.482117 0.240737
vt 0.009511 0.477040
vt 0.245814 0.477040
vt 0.482117 0.004435
vt 0.245814 0.004435
vt 0.009511 0.004435
vt 0.009511 0.240737
vt 0.245814 0.240737
vt 0.482117 0.477040
vt 0.482117 0.240737
vt 0.009511 0.477040
vt 0.245814 0.477040
vt 0.482117 0.004435
vt 0.245814 0.004435
vt 0.009511 0.004435
vt 0.009511 0.240737
vt 0.245814 0.240737
vt 0.482117 0.477040
vt 0.482117 0.240737
vt 0.009511 0.477040
vt 0.245814 0.477040
vt 0.482117 0.004435
vt 0.245814 0.004435
vt 0.009511 0.004435
vt 0.009511 0.240737
vt 0.245814 0.240737
vt 0.482117 0.477040
vt 0.482117 0.240737
vt 0.009511 0.477040
vt 0.245814 0.477040
vt 0.482117 0.004435
vt 0.245814 0.004435
vt 0.009511 0.004435
vt 0.245814 0.240737
vt 0.009511 0.240737
vt 0.482117 0.240737
vt 0.482117 0.477040
vt 0.245814 0.477040
vt 0.009511 0.477040
vt 0.482117 0.004435
vt 0.245814 0.004435
vt 0.517784 0.003380
vt 0.517784 0.242354
vt 0.756758 0.242354
vt 0.995733 0.481329
vt 0.995733 0.242354
vt 0.517784 0.481329
vt 0.756758 0.481329
vt 0.995733 0.003380
vt 0.756758 0.003380
vt 0.009511 0.004435
vt 0.245814 0.240737
vt 0.009511 0.240737
vt 0.482117 0.240737
vt 0.482117 0.477040
vt 0.245814 0.477040
vt 0.009511 0.477040
vt 0.482117 0.004435
vt 0.245814 0.004435
vt 0.009511 0.004435
vt 0.245814 0.240737
vt 0.009511 0.240737
vt 0.482117 0.240737
vt 0.482117 0.477040
vt 0.245814 0.477040
vt 0.009511 0.477040
vt 0.482117 0.004435
vt 0.245814 0.004435
vt 0.009511 0.004435
vt 0.009511 0.240737
vt 0.245814 0.240737
vt 0.482117 0.477040
vt 0.482117 0.240737
vt 0.009511 0.477040
vt 0.245814 0.477040
vt 0.482117 0.004435
vt 0.245814 0.004435
vt 0.009511 0.004435
vt 0.245814 0.240737
vt 0.009511 0.240737
vt 0.482117 0.240737
vt 0.482117 0.477040
vt 0.245814 0.477040
vt 0.009511 0.477040
vt 0.482117 0.004435
vt 0.245814 0.004435
vt 0.517784 0.003380
vt 0.517784 0.242354
vt 0.756758 0.242354
vt 0.995733 0.481329
vt 0.995733 0.242354
vt 0.517784 0.481329
vt 0.756758 0.481329
vt 0.995733 0.003380
vt 0.756758 0.003380
vt 0.517784 0.003380
vt 0.756758 0.242354
vt 0.517784 0.242354
vt 0.995733 0.242354
vt 0.995733 0.481329
vt 0.756758 0.481329
vt 0.517784 0.481329
vt 0.995733 0.003380
vt 0.756758 0.003380
vn -0.537198 0.788239 -0.300162
vn -0.531414 0.783801 -0.321334
vn -0.515448 0.793845 -0.322682
vn -0.473312 0.800536 -0.367584
vn -0.497174 0.805412 -0.322690
vn -0.525375 0.778979 -0.342306
vn -0.508337 0.789896 -0.343013
vn -0.502990 0.809963 -0.301596
vn -0.520187 0.799275 -0.300942
vn -0.252340 0.967441 0.019577
vn -0.212476 0.977138 0.007367
vn -0.237382 0.971282 -0.016152
vn -0.185526 0.982361 0.023394
vn -0.170263 0.985319 -0.012542
vn -0.196399 0.980138 -0.027512
vn -0.222324 0.974049 -0.042440
vn -0.200667 0.978398 0.049698
vn -0.226641 0.973363 0.034634
vn -0.537237 0.788234 -0.300106
vn -0.515384 0.793901 -0.322646
vn -0.531440 0.783787 -0.321325
vn -0.497124 0.805446 -0.322685
vn -0.473246 0.800557 -0.367623
vn -0.508311 0.789895 -0.343053
vn -0.525388 0.778953 -0.342344
vn -0.502952 0.810007 -0.301543
vn -0.520188 0.799295 -0.300887
vn -0.509183 0.860557 0.013183
vn -0.508180 0.860298 -0.040512
vn -0.487766 0.871865 -0.043988
vn -0.464632 0.882248 -0.075867
vn -0.465843 0.883664 -0.046142
vn -0.507079 0.859038 -0.070176
vn -0.486024 0.870888 -0.073040
vn -0.467674 0.883805 0.013068
vn -0.488591 0.872414 0.013129
vn -0.540350 0.827840 -0.150675
vn -0.480787 0.867822 -0.125414
vn -0.477284 0.859286 -0.183925
vn -0.471692 0.877386 -0.087756
vn -0.442923 0.890422 -0.104727
vn -0.441506 0.881863 -0.165499
vn -0.446186 0.871592 -0.203088
vn -0.499817 0.863241 -0.070696
vn -0.507061 0.855093 -0.108189
vn -0.328884 0.802895 -0.497187
vn -0.318009 0.787725 -0.527598
vn -0.286066 0.796601 -0.532535
vn -0.241527 0.790386 -0.562988
vn -0.247489 0.806965 -0.536244
vn -0.308730 0.771469 -0.556347
vn -0.275288 0.781411 -0.560013
vn -0.258094 0.822705 -0.506502
vn -0.293701 0.813355 -0.502188
vn -0.617977 0.784387 0.053306
vn -0.618527 0.785276 0.027682
vn -0.602302 0.797852 0.025780
vn -0.583245 0.811741 -0.030037
vn -0.583666 0.811556 0.026653
vn -0.618186 0.785526 -0.028201
vn -0.600851 0.798830 -0.029126
vn -0.583082 0.810731 0.052249
vn -0.600664 0.797757 0.052790
vn -0.447538 0.866822 -0.219840
vn -0.429303 0.869716 -0.243501
vn -0.444893 0.862942 -0.239587
vn -0.411685 0.877347 -0.246531
vn -0.408818 0.872954 -0.266120
vn -0.425522 0.865977 -0.262707
vn -0.442068 0.858713 -0.259208
vn -0.414387 0.881387 -0.226807
vn -0.431045 0.874249 -0.223359
vn -0.426202 0.903092 0.052702
vn -0.428499 0.903182 -0.025526
vn -0.444205 0.895489 0.027955
vn -0.406624 0.911919 -0.055316
vn -0.422639 0.902696 -0.080727
vn -0.441674 0.895567 -0.053706
vn -0.460833 0.887217 -0.021912
vn -0.391046 0.920048 -0.024383
vn -0.409372 0.911951 0.027564
vn -0.372386 0.864022 -0.338813
vn -0.341496 0.861517 -0.375725
vn -0.387847 0.835596 -0.389042
vn -0.306723 0.871241 -0.383222
vn -0.282770 0.859434 -0.425927
vn -0.352887 0.832804 -0.426508
vn -0.380416 0.824209 -0.419480
vn -0.310800 0.882339 -0.353386
vn -0.341800 0.873648 -0.346282
vn -0.509122 0.860595 0.013101
vn -0.487753 0.871874 -0.043973
vn -0.508116 0.860335 -0.040513
vn -0.465896 0.883636 -0.046127
vn -0.464690 0.882226 -0.075770
vn -0.486022 0.870897 -0.072951
vn -0.507019 0.859080 -0.070095
vn -0.467728 0.883777 0.012986
vn -0.488586 0.872418 0.013048
vn -0.328948 0.802919 -0.497106
vn -0.285861 0.796678 -0.532529
vn -0.318050 0.787717 -0.527586
vn -0.247375 0.806997 -0.536248
vn -0.241399 0.790380 -0.563050
vn -0.275237 0.781387 -0.560070
vn -0.308754 0.771423 -0.556397
vn -0.258000 0.822772 -0.506441
vn -0.293687 0.813403 -0.502118
vn -0.426234 0.903084 0.052577
vn -0.444196 0.895496 0.027885
vn -0.428642 0.903110 -0.025675
vn -0.422673 0.902688 -0.080636
vn -0.406696 0.911890 -0.055272
vn -0.460782 0.887242 -0.021943
vn -0.441665 0.895573 -0.053675
vn -0.391153 0.920002 -0.024409
vn -0.409441 0.911922 0.027495
vn -0.566633 0.736836 -0.368782
vn -0.558751 0.709831 -0.428879
vn -0.523030 0.741595 -0.420091
vn -0.494830 0.745013 -0.447323
vn -0.500223 0.754893 -0.424162
vn -0.550931 0.701467 -0.452128
vn -0.531415 0.713248 -0.457028
vn -0.507831 0.764042 -0.397928
vn -0.545725 0.750717 -0.372303
vn -0.488132 0.820184 -0.298370
vn -0.483318 0.809892 -0.332385
vn -0.434922 0.823621 -0.363995
vn -0.390856 0.825291 -0.407585
vn -0.379939 0.855753 -0.351189
vn -0.456914 0.798057 -0.392854
vn -0.424144 0.812224 -0.400491
vn -0.385504 0.867068 -0.315563
vn -0.434183 0.852841 -0.290081
vn -0.590037 0.787739 -0.176985
vn -0.572967 0.783659 -0.239972
vn -0.549815 0.798919 -0.243785
vn -0.517153 0.809941 -0.276672
vn -0.525916 0.815408 -0.241916
vn -0.565336 0.778383 -0.272974
vn -0.541144 0.794502 -0.275553
vn -0.533966 0.819791 -0.206937
vn -0.557577 0.804158 -0.206005
vn -0.488182 0.820182 -0.298294
vn -0.434820 0.823673 -0.363998
vn -0.483357 0.809868 -0.332385
vn -0.379847 0.855781 -0.351219
vn -0.390740 0.825299 -0.407682
vn -0.424104 0.812205 -0.400573
vn -0.456948 0.798006 -0.392918
vn -0.385424 0.867122 -0.315512
vn -0.434181 0.852864 -0.290017
vn -0.463723 0.855954 0.228701
vn -0.449519 0.871375 0.196564
vn -0.469812 0.860091 0.198796
vn -0.425396 0.883175 0.197586
vn -0.431150 0.886603 0.167467
vn -0.453472 0.875265 0.168152
vn -0.475451 0.863410 0.168730
vn -0.419234 0.878903 0.227536
vn -0.441643 0.867687 0.228191
vn -0.566686 0.736827 -0.368719
vn -0.523028 0.741620 -0.420048
vn -0.558790 0.709817 -0.428852
vn -0.500171 0.754926 -0.424165
vn -0.494766 0.745024 -0.447377
vn -0.531393 0.713242 -0.457065
vn -0.550951 0.701434 -0.452154
vn -0.507799 0.764095 -0.397868
vn -0.545731 0.750739 -0.372248
vn -0.540316 0.827869 -0.150638
vn -0.477291 0.859296 -0.183857
vn -0.480910 0.867752 -0.125425
vn -0.443028 0.890364 -0.104776
vn -0.471732 0.877355 -0.087843
vn -0.446265 0.871578 -0.202978
vn -0.441600 0.881823 -0.165461
vn -0.499795 0.863244 -0.070821
vn -0.507021 0.855112 -0.108229
vn -0.347023 0.921650 -0.173597
vn -0.342327 0.916518 -0.206900
vn -0.320872 0.922717 -0.213623
vn -0.266604 0.924191 -0.273484
vn -0.274794 0.930641 -0.241650
vn -0.325292 0.910769 -0.254334
vn -0.296087 0.917940 -0.264044
vn -0.250222 0.954412 -0.162746
vn -0.322380 0.929210 -0.180662
vn -0.442902 0.889373 -0.113371
vn -0.429032 0.887585 -0.167701
vn -0.407441 0.896764 -0.172647
vn -0.375351 0.904201 -0.203795
vn -0.383251 0.907544 -0.171706
vn -0.421740 0.884599 -0.199048
vn -0.398671 0.894687 -0.201486
vn -0.399760 0.909563 -0.113518
vn -0.421438 0.899729 -0.113477
vn -0.447507 0.866824 -0.219897
vn -0.444867 0.862952 -0.239599
vn -0.429362 0.869680 -0.243526
vn -0.408874 0.872942 -0.266073
vn -0.411734 0.877325 -0.246528
vn -0.442049 0.858732 -0.259176
vn -0.425539 0.865980 -0.262668
vn -0.414429 0.881356 -0.226848
vn -0.431050 0.874234 -0.223408
vn -0.372353 0.864006 -0.338892
vn -0.387833 0.835593 -0.389063
vn -0.341732 0.861437 -0.375693
vn -0.282890 0.859432 -0.425851
vn -0.306838 0.871210 -0.383202
vn -0.380419 0.824232 -0.419433
vn -0.352952 0.832808 -0.426446
vn -0.310906 0.882283 -0.353432
vn -0.341836 0.873610 -0.346344
vn -0.590091 0.787718 -0.176899
vn -0.549805 0.798976 -0.243621
vn -0.573017 0.783633 -0.239939
vn -0.525860 0.815452 -0.241886
vn -0.517077 0.809973 -0.276721
vn -0.541126 0.794501 -0.275594
vn -0.565371 0.778345 -0.273010
vn -0.533927 0.819844 -0.206829
vn -0.557591 0.804176 -0.205895
vn -0.504690 0.740188 -0.444307
vn -0.512802 0.713362 -0.477650
vn -0.481188 0.742197 -0.466478
vn -0.456165 0.744802 -0.487016
vn -0.462027 0.752976 -0.468570
vn -0.504859 0.706339 -0.496188
vn -0.474857 0.734780 -0.484364
vn -0.467691 0.760828 -0.449895
vn -0.486323 0.750668 -0.447200
vn -0.347061 0.921656 -0.173489
vn -0.320700 0.922785 -0.213588
vn -0.342350 0.916514 -0.206879
vn -0.274698 0.930667 -0.241660
vn -0.266489 0.924200 -0.273564
vn -0.296039 0.917938 -0.264104
vn -0.325310 0.910752 -0.254372
vn -0.250101 0.954459 -0.162658
vn -0.322364 0.929234 -0.180571
vn -0.618001 0.784363 0.053380
vn -0.602238 0.797898 0.025864
vn -0.618554 0.785254 0.027699
vn -0.583614 0.811593 0.026668
vn -0.583192 0.811777 -0.030074
vn -0.600839 0.798838 -0.029161
vn -0.618212 0.785504 -0.028233
vn -0.583028 0.810765 0.052321
vn -0.600650 0.797763 0.052863
vn -0.463708 0.855985 0.228614
vn -0.469783 0.860112 0.198775
vn -0.449629 0.871343 0.196458
vn -0.431208 0.886565 0.167517
vn -0.425468 0.883145 0.197568
vn -0.475410 0.863424 0.168776
vn -0.453480 0.875251 0.168199
vn -0.419320 0.878884 0.227451
vn -0.441679 0.867692 0.228104
vn -0.442941 0.889365 -0.113283
vn -0.407371 0.896829 -0.172473
vn -0.429070 0.887574 -0.167664
vn -0.383186 0.907577 -0.171678
vn -0.375268 0.904226 -0.203838
vn -0.398641 0.894692 -0.201524
vn -0.421761 0.884581 -0.199081
vn -0.399702 0.909600 -0.113431
vn -0.421429 0.899745 -0.113390
vn -0.252462 0.967408 0.019598
vn -0.237463 0.971261 -0.016205
vn -0.212499 0.977134 0.007344
vn -0.170157 0.985337 -0.012585
vn -0.185463 0.982372 0.023426
vn -0.222363 0.974034 -0.042566
vn -0.196366 0.980142 -0.027597
vn -0.200647 0.978397 0.049802
vn -0.226692 0.973348 0.034697
vn -0.504620 0.740204 -0.444361
vn -0.481176 0.742213 -0.466465
vn -0.512752 0.713399 -0.477648
vn -0.462074 0.752956 -0.468557
vn -0.456228 0.744804 -0.486952
vn -0.474868 0.734810 -0.484308
vn -0.504832 0.706396 -0.496135
vn -0.467723 0.760786 -0.449934
vn -0.486302 0.750654 -0.447246
vn -0.387547 0.732378 -0.559848
vn -0.417309 0.740444 -0.526873
vn -0.450391 0.709643 -0.541808
vn -0.473472 0.710572 -0.520492
vn -0.463248 0.703869 -0.538487
vn -0.425530 0.748274 -0.508930
vn -0.443374 0.738711 -0.507667
vn -0.453966 0.696919 -0.555175
vn -0.438788 0.705088 -0.557060
vn -0.546299 0.513106 -0.662027
vn -0.566257 0.504226 -0.652004
vn -0.557429 0.516205 -0.650235
vn -0.572831 0.495660 -0.652829
vn -0.583802 0.498566 -0.640787
vn -0.576165 0.508909 -0.639566
vn -0.568431 0.519171 -0.638239
vn -0.561727 0.492625 -0.664668
vn -0.554059 0.502907 -0.663402
vn -0.387469 0.732401 -0.559872
vn -0.450281 0.709793 -0.541702
vn -0.417246 0.740488 -0.526862
vn -0.463261 0.703879 -0.538464
vn -0.473507 0.710596 -0.520427
vn -0.443369 0.738752 -0.507612
vn -0.425484 0.748336 -0.508878
vn -0.453958 0.696913 -0.555189
vn -0.438745 0.705100 -0.557079
vn -0.378519 0.580418 -0.720998
vn -0.386534 0.591128 -0.707926
vn -0.406954 0.582779 -0.703390
vn -0.432340 0.589591 -0.682250
vn -0.424686 0.579304 -0.695736
vn -0.386701 0.618488 -0.684058
vn -0.407402 0.611269 -0.678508
vn -0.416860 0.568782 -0.709024
vn -0.397781 0.574724 -0.715166
vn -0.388994 0.655516 -0.647288
vn -0.421241 0.628287 -0.654073
vn -0.421051 0.650184 -0.632437
vn -0.421985 0.612657 -0.668267
vn -0.450921 0.607052 -0.654338
vn -0.470812 0.625528 -0.622134
vn -0.471719 0.643395 -0.602929
vn -0.392445 0.617634 -0.681554
vn -0.389467 0.636825 -0.665410
vn -0.595866 0.702484 -0.389178
vn -0.608679 0.707972 -0.358168
vn -0.629340 0.687226 -0.362838
vn -0.660081 0.676938 -0.325650
vn -0.648594 0.672507 -0.356454
vn -0.621162 0.712656 -0.326005
vn -0.640819 0.695064 -0.325942
vn -0.637728 0.667442 -0.384478
vn -0.616991 0.685252 -0.386978
vn -0.273594 0.604607 -0.748063
vn -0.277344 0.618395 -0.735301
vn -0.300880 0.611595 -0.731726
vn -0.322531 0.622002 -0.713504
vn -0.318851 0.608467 -0.726707
vn -0.281003 0.631998 -0.722230
vn -0.301820 0.627154 -0.718041
vn -0.317173 0.581895 -0.748865
vn -0.297964 0.585725 -0.753753
vn -0.475032 0.648999 -0.594260
vn -0.494500 0.647579 -0.579751
vn -0.479972 0.656189 -0.582274
vn -0.506578 0.642293 -0.575185
vn -0.511386 0.649274 -0.562962
vn -0.498152 0.656343 -0.566620
vn -0.484815 0.663247 -0.570138
vn -0.501665 0.635181 -0.587263
vn -0.488396 0.642171 -0.590835
vn -0.442867 0.541355 -0.714706
vn -0.456143 0.556754 -0.694232
vn -0.433561 0.556680 -0.708613
vn -0.494907 0.561851 -0.662865
vn -0.467873 0.577046 -0.669413
vn -0.446214 0.574647 -0.686057
vn -0.424104 0.571800 -0.702268
vn -0.502496 0.546425 -0.670013
vn -0.464887 0.544202 -0.698373
vn -0.530091 0.666513 -0.524179
vn -0.562343 0.660669 -0.497280
vn -0.540551 0.676878 -0.499641
vn -0.584407 0.648670 -0.487540
vn -0.594046 0.658186 -0.462494
vn -0.572521 0.672653 -0.468783
vn -0.550545 0.686668 -0.474751
vn -0.575023 0.638563 -0.511454
vn -0.552756 0.652773 -0.518024
vn -0.378582 0.580458 -0.720933
vn -0.406925 0.582839 -0.703357
vn -0.386574 0.591138 -0.707896
vn -0.424621 0.579347 -0.695740
vn -0.432254 0.589606 -0.682291
vn -0.407373 0.611257 -0.678537
vn -0.386729 0.618456 -0.684071
vn -0.416817 0.568854 -0.708991
vn -0.397790 0.574780 -0.715116
vn -0.595778 0.702546 -0.389203
vn -0.629257 0.687421 -0.362612
vn -0.608624 0.708047 -0.358115
vn -0.648625 0.672504 -0.356405
vn -0.660140 0.676942 -0.325523
vn -0.640835 0.695108 -0.325815
vn -0.621133 0.712739 -0.325879
vn -0.637735 0.667427 -0.384493
vn -0.616951 0.685277 -0.386998
vn -0.442902 0.541363 -0.714678
vn -0.433617 0.556654 -0.708599
vn -0.456175 0.556579 -0.694351
vn -0.467852 0.576975 -0.669488
vn -0.494885 0.561816 -0.662912
vn -0.424181 0.571741 -0.702269
vn -0.446241 0.574581 -0.686094
vn -0.502457 0.546425 -0.670043
vn -0.464872 0.544204 -0.698381
vn -0.378561 0.789119 -0.483718
vn -0.386662 0.798314 -0.461722
vn -0.412388 0.785964 -0.460648
vn -0.439144 0.787706 -0.432056
vn -0.431397 0.779271 -0.454570
vn -0.394529 0.807016 -0.439400
vn -0.416947 0.797608 -0.435862
vn -0.423382 0.770346 -0.476776
vn -0.401069 0.779977 -0.480395
vn -0.464879 0.689679 -0.555185
vn -0.477452 0.701189 -0.529503
vn -0.505243 0.683336 -0.527050
vn -0.542330 0.684940 -0.486556
vn -0.528943 0.674615 -0.514892
vn -0.491278 0.712048 -0.501631
vn -0.517016 0.698816 -0.494319
vn -0.517120 0.663576 -0.540605
vn -0.491182 0.676954 -0.548154
vn -0.338203 0.687903 -0.642190
vn -0.349969 0.701434 -0.620896
vn -0.378864 0.689493 -0.617302
vn -0.435353 0.696065 -0.570931
vn -0.400571 0.683699 -0.609998
vn -0.352608 0.733416 -0.581179
vn -0.386710 0.705567 -0.593826
vn -0.389125 0.670557 -0.631613
vn -0.363813 0.679481 -0.637138
vn -0.464765 0.689735 -0.555210
vn -0.505133 0.683630 -0.526774
vn -0.477372 0.701271 -0.529466
vn -0.528980 0.674639 -0.514823
vn -0.542394 0.684984 -0.486421
vn -0.517024 0.698892 -0.494203
vn -0.491228 0.712153 -0.501531
vn -0.517125 0.663577 -0.540599
vn -0.491129 0.676984 -0.548165
vn -0.356756 0.502438 -0.787579
vn -0.381738 0.508999 -0.771489
vn -0.359780 0.516324 -0.777154
vn -0.400560 0.505924 -0.763932
vn -0.403443 0.519601 -0.753159
vn -0.383162 0.524960 -0.760003
vn -0.362696 0.530063 -0.766476
vn -0.397554 0.492101 -0.774459
vn -0.377244 0.497391 -0.781210
vn -0.378455 0.789152 -0.483747
vn -0.412193 0.786149 -0.460506
vn -0.386575 0.798368 -0.461702
vn -0.431411 0.779284 -0.454535
vn -0.439174 0.787736 -0.431970
vn -0.416927 0.797661 -0.435785
vn -0.394459 0.807088 -0.439330
vn -0.423377 0.770339 -0.476791
vn -0.401014 0.779991 -0.480418
vn -0.389076 0.655425 -0.647332
vn -0.421062 0.650103 -0.632513
vn -0.421299 0.628071 -0.654243
vn -0.450868 0.607067 -0.654361
vn -0.421996 0.612658 -0.668258
vn -0.471682 0.643333 -0.603025
vn -0.470777 0.625504 -0.622185
vn -0.392523 0.617626 -0.681516
vn -0.389552 0.636774 -0.665409
vn -0.544679 0.570447 -0.614748
vn -0.553634 0.579918 -0.597649
vn -0.570493 0.567579 -0.593626
vn -0.594673 0.569392 -0.567588
vn -0.586162 0.560352 -0.585167
vn -0.562332 0.589120 -0.580276
vn -0.578607 0.579378 -0.574051
vn -0.577426 0.551045 -0.602435
vn -0.561122 0.560867 -0.608745
vn -0.453924 0.608584 -0.650829
vn -0.481585 0.619134 -0.620281
vn -0.501485 0.606252 -0.617228
vn -0.525789 0.607069 -0.595830
vn -0.523001 0.583662 -0.621135
vn -0.489899 0.629409 -0.603195
vn -0.507955 0.618385 -0.599652
vn -0.513129 0.574602 -0.637598
vn -0.497547 0.583897 -0.641491
vn -0.475087 0.648979 -0.594238
vn -0.480016 0.656154 -0.582277
vn -0.494574 0.647469 -0.579811
vn -0.511360 0.649254 -0.563010
vn -0.506562 0.642289 -0.575204
vn -0.484848 0.663196 -0.570170
vn -0.498155 0.656307 -0.566659
vn -0.501660 0.635192 -0.587256
vn -0.488421 0.642166 -0.590819
vn -0.530160 0.666478 -0.524153
vn -0.540597 0.676820 -0.499670
vn -0.562320 0.660521 -0.497502
vn -0.593974 0.658172 -0.462606
vn -0.584355 0.648675 -0.487596
vn -0.550569 0.686589 -0.474836
vn -0.572496 0.672605 -0.468882
vn -0.574991 0.638590 -0.511456
vn -0.552773 0.652768 -0.518011
vn -0.338079 0.687928 -0.642229
vn -0.378659 0.689693 -0.617204
vn -0.349872 0.701489 -0.620888
vn -0.400589 0.683716 -0.609967
vn -0.435373 0.696107 -0.570864
vn -0.386697 0.705632 -0.593759
vn -0.352520 0.733502 -0.581124
vn -0.389117 0.670545 -0.631630
vn -0.363748 0.679489 -0.637168
vn -0.430705 0.790286 -0.435822
vn -0.439104 0.796535 -0.415595
vn -0.458458 0.785674 -0.415370
vn -0.483982 0.783457 -0.389817
vn -0.474739 0.777914 -0.411671
vn -0.448536 0.802309 -0.393847
vn -0.466361 0.793040 -0.391911
vn -0.466537 0.771862 -0.431940
vn -0.448716 0.781233 -0.433970
vn -0.544616 0.570477 -0.614776
vn -0.570464 0.567740 -0.593500
vn -0.553591 0.579969 -0.597639
vn -0.586192 0.560360 -0.585129
vn -0.594722 0.569420 -0.567510
vn -0.578620 0.579428 -0.573987
vn -0.562308 0.589191 -0.580227
vn -0.577439 0.551032 -0.602435
vn -0.561096 0.560876 -0.608760
vn -0.273508 0.604608 -0.748093
vn -0.300716 0.611714 -0.731693
vn -0.277266 0.618427 -0.735303
vn -0.318866 0.608478 -0.726691
vn -0.322555 0.622043 -0.713457
vn -0.301797 0.627206 -0.718005
vn -0.280933 0.632061 -0.722202
vn -0.317173 0.581888 -0.748871
vn -0.297921 0.585726 -0.753769
vn -0.356826 0.502432 -0.787552
vn -0.359844 0.516286 -0.777149
vn -0.381831 0.508858 -0.771537
vn -0.403409 0.519556 -0.753208
vn -0.400532 0.505910 -0.763957
vn -0.362753 0.529995 -0.766496
vn -0.383173 0.524903 -0.760036
vn -0.397533 0.492117 -0.774460
vn -0.377268 0.497396 -0.781196
vn -0.453847 0.608602 -0.650866
vn -0.501375 0.606368 -0.617204
vn -0.481523 0.619180 -0.620284
vn -0.523016 0.583669 -0.621116
vn -0.525827 0.607088 -0.595778
vn -0.507953 0.618429 -0.599608
vn -0.489855 0.629478 -0.603158
vn -0.513122 0.574589 -0.637615
vn -0.497506 0.583904 -0.641517
vn -0.546257 0.513108 -0.662060
vn -0.557418 0.516216 -0.650235
vn -0.566282 0.504185 -0.652014
vn -0.583864 0.498527 -0.640761
vn -0.572863 0.495613 -0.652836
vn -0.568451 0.519189 -0.638206
vn -0.576206 0.508900 -0.639537
vn -0.561728 0.492570 -0.664708
vn -0.554039 0.502880 -0.663439
vn -0.430757 0.790297 -0.435752
vn -0.458425 0.785714 -0.415332
vn -0.439139 0.796528 -0.415573
vn -0.474676 0.777958 -0.411661
vn -0.483894 0.783486 -0.389867
vn -0.466321 0.793042 -0.391955
vn -0.448545 0.802285 -0.393885
vn -0.466491 0.771924 -0.431880
vn -0.448718 0.781268 -0.433904
vn -0.050434 0.792209 -0.608162
vn -0.046891 0.780727 -0.623110
vn -0.023578 0.782178 -0.622609
vn 0.032378 0.773743 -0.632671
vn 0.028942 0.785598 -0.618061
vn -0.043332 0.768965 -0.637821
vn -0.020575 0.771681 -0.635677
vn 0.025498 0.797158 -0.603232
vn -0.027654 0.794923 -0.606080
vn 0.343421 0.879834 -0.328566
vn 0.368555 0.867844 -0.333188
vn 0.349359 0.871337 -0.344559
vn 0.387071 0.865212 -0.318723
vn 0.392881 0.856551 -0.334611
vn 0.374135 0.859770 -0.347589
vn 0.355161 0.862538 -0.360402
vn 0.381114 0.873570 -0.302700
vn 0.362381 0.876933 -0.315705
vn -0.050499 0.792242 -0.608114
vn -0.023611 0.782254 -0.622512
vn -0.046948 0.780735 -0.623096
vn 0.028982 0.785616 -0.618036
vn 0.032426 0.773735 -0.632679
vn -0.020573 0.771669 -0.635691
vn -0.043382 0.768946 -0.637840
vn 0.025530 0.797201 -0.603174
vn -0.027668 0.794962 -0.606028
vn 0.034130 0.916992 -0.397442
vn 0.033629 0.907449 -0.418815
vn 0.071267 0.905674 -0.417943
vn 0.097031 0.894575 -0.436257
vn 0.099903 0.904488 -0.414634
vn 0.033109 0.897394 -0.439986
vn 0.067427 0.896452 -0.437982
vn 0.102712 0.913866 -0.392810
vn 0.072288 0.915944 -0.394742
vn -0.012613 0.868987 -0.494674
vn 0.067785 0.876548 -0.476517
vn 0.050542 0.863124 -0.502457
vn 0.084604 0.891045 -0.445961
vn 0.122159 0.882928 -0.453339
vn 0.105191 0.869815 -0.482035
vn 0.088114 0.855608 -0.510069
vn 0.044687 0.897758 -0.438216
vn 0.027049 0.883996 -0.466712
vn 0.141628 0.695207 -0.704719
vn 0.142750 0.675683 -0.723240
vn 0.173897 0.671302 -0.720495
vn 0.205250 0.649775 -0.731892
vn 0.206494 0.669619 -0.713422
vn 0.141439 0.655673 -0.741679
vn 0.173493 0.653062 -0.737164
vn 0.207585 0.688931 -0.694466
vn 0.175923 0.692400 -0.699738
vn -0.171092 0.921099 -0.349720
vn -0.166767 0.912932 -0.372484
vn -0.137360 0.915177 -0.378923
vn -0.077133 0.910248 -0.406817
vn -0.080206 0.919011 -0.385986
vn -0.165415 0.904304 -0.393538
vn -0.113422 0.907758 -0.403871
vn -0.083228 0.927273 -0.365017
vn -0.139743 0.924483 -0.354688
vn 0.089516 0.829584 -0.551159
vn 0.111273 0.818274 -0.563956
vn 0.089350 0.820920 -0.564009
vn 0.131588 0.817401 -0.560839
vn 0.129867 0.808587 -0.573865
vn 0.110724 0.810465 -0.575227
vn 0.089163 0.812041 -0.576749
vn 0.132479 0.826021 -0.547849
vn 0.111030 0.827996 -0.549632
vn 0.197820 0.918250 -0.343052
vn 0.189347 0.903416 -0.384691
vn 0.164425 0.915221 -0.367879
vn 0.208810 0.892985 -0.398719
vn 0.180990 0.889154 -0.420295
vn 0.155601 0.900303 -0.406501
vn 0.109505 0.910513 -0.398717
vn 0.235770 0.895718 -0.376964
vn 0.216867 0.907342 -0.360137
vn 0.136223 0.783915 -0.605739
vn 0.161491 0.761312 -0.627953
vn 0.132279 0.767218 -0.627597
vn 0.221030 0.756793 -0.615150
vn 0.190203 0.739701 -0.645496
vn 0.159362 0.745179 -0.647543
vn 0.128235 0.749941 -0.648956
vn 0.226850 0.773058 -0.592385
vn 0.167333 0.778984 -0.604304
vn 0.034219 0.916973 -0.397480
vn 0.071245 0.905692 -0.417908
vn 0.033720 0.907455 -0.418793
vn 0.099811 0.904503 -0.414624
vn 0.096947 0.894618 -0.436187
vn 0.067426 0.896488 -0.437907
vn 0.033202 0.897430 -0.439907
vn 0.102614 0.913855 -0.392860
vn 0.072272 0.915926 -0.394786
vn 0.141548 0.695275 -0.704668
vn 0.173950 0.671404 -0.720388
vn 0.142688 0.675707 -0.723229
vn 0.206575 0.669629 -0.713389
vn 0.205328 0.649741 -0.731900
vn 0.173500 0.653036 -0.737185
vn 0.141373 0.655653 -0.741710
vn 0.207667 0.688983 -0.694389
vn 0.175935 0.692461 -0.699674
vn 0.197797 0.918209 -0.343174
vn 0.164477 0.915186 -0.367944
vn 0.189386 0.903335 -0.384862
vn 0.181004 0.889176 -0.420242
vn 0.208762 0.892998 -0.398715
vn 0.109603 0.910488 -0.398746
vn 0.155672 0.900300 -0.406480
vn 0.235662 0.895727 -0.377010
vn 0.216802 0.907325 -0.360220
vn -0.109235 0.741829 -0.661632
vn -0.108053 0.707882 -0.698017
vn -0.079248 0.709770 -0.699962
vn -0.048476 0.700125 -0.712373
vn -0.051500 0.732927 -0.678355
vn -0.102355 0.693723 -0.712931
vn -0.075408 0.697185 -0.712914
vn -0.053630 0.748671 -0.660769
vn -0.081456 0.745544 -0.661460
vn 0.046869 0.800807 -0.597085
vn 0.047389 0.781141 -0.622554
vn 0.089760 0.778531 -0.621154
vn 0.122145 0.756320 -0.642698
vn 0.125134 0.776744 -0.617260
vn 0.047860 0.760671 -0.647371
vn 0.085052 0.759024 -0.645483
vn 0.127990 0.796335 -0.591159
vn 0.089777 0.799246 -0.594262
vn -0.099409 0.831149 -0.547092
vn -0.092289 0.816875 -0.569384
vn -0.053998 0.818803 -0.571529
vn -0.020754 0.809287 -0.587047
vn -0.023695 0.824154 -0.565869
vn -0.085077 0.801941 -0.591314
vn -0.052827 0.806042 -0.589496
vn -0.023691 0.856525 -0.515561
vn -0.064105 0.835372 -0.545935
vn 0.046747 0.800863 -0.597021
vn 0.089656 0.778592 -0.621092
vn 0.047268 0.781154 -0.622547
vn 0.125198 0.776749 -0.617241
vn 0.122202 0.756279 -0.642736
vn 0.085026 0.758989 -0.645528
vn 0.047740 0.760637 -0.647420
vn 0.128060 0.796382 -0.591081
vn 0.089751 0.799300 -0.594192
vn 0.079073 0.988072 -0.132140
vn 0.114202 0.977083 -0.179632
vn 0.074099 0.982480 -0.171003
vn 0.161623 0.971286 -0.174591
vn 0.148673 0.964470 -0.218387
vn 0.108990 0.970700 -0.214155
vn 0.060171 0.975314 -0.212468
vn 0.166895 0.976572 -0.135846
vn 0.126986 0.983184 -0.131239
vn -0.109321 0.741865 -0.661578
vn -0.079362 0.709868 -0.699850
vn -0.108134 0.707892 -0.697995
vn -0.051457 0.732944 -0.678340
vn -0.048424 0.700118 -0.712384
vn -0.075417 0.697172 -0.712927
vn -0.102424 0.693701 -0.712943
vn -0.053592 0.748723 -0.660714
vn -0.081480 0.745589 -0.661406
vn -0.012500 0.868997 -0.494660
vn 0.050582 0.863144 -0.502418
vn 0.067797 0.876480 -0.476641
vn 0.122039 0.882907 -0.453412
vn 0.084568 0.891004 -0.446050
vn 0.088071 0.855646 -0.510014
vn 0.105109 0.869820 -0.482042
vn 0.044767 0.897704 -0.438318
vn 0.027168 0.883972 -0.466750
vn 0.246316 0.856252 -0.454049
vn 0.254109 0.827571 -0.500555
vn 0.282658 0.819161 -0.499079
vn 0.303329 0.801909 -0.514718
vn 0.309100 0.812740 -0.493873
vn 0.248726 0.816529 -0.520976
vn 0.277775 0.809531 -0.517205
vn 0.314671 0.823059 -0.472817
vn 0.288213 0.830891 -0.475976
vn 0.122029 0.879304 -0.460364
vn 0.121927 0.868304 -0.480814
vn 0.175051 0.864565 -0.471045
vn 0.214389 0.833149 -0.509805
vn 0.203480 0.862481 -0.463382
vn 0.121761 0.856860 -0.500965
vn 0.172370 0.854578 -0.489883
vn 0.206116 0.873316 -0.441402
vn 0.177309 0.876963 -0.446651
vn 0.089568 0.829550 -0.551203
vn 0.089403 0.820905 -0.564023
vn 0.111297 0.818207 -0.564049
vn 0.129831 0.808599 -0.573857
vn 0.131549 0.817393 -0.560860
vn 0.089217 0.812045 -0.576735
vn 0.110729 0.810473 -0.575216
vn 0.132435 0.825995 -0.547899
vn 0.111034 0.827964 -0.549678
vn 0.136262 0.783856 -0.605807
vn 0.132326 0.767195 -0.627615
vn 0.161370 0.761244 -0.628066
vn 0.190121 0.739741 -0.645475
vn 0.220940 0.756797 -0.615178
vn 0.128292 0.749957 -0.648927
vn 0.159348 0.745205 -0.647516
vn 0.226747 0.773027 -0.592466
vn 0.167302 0.778936 -0.604375
vn -0.099537 0.831191 -0.547004
vn -0.054172 0.818935 -0.571324
vn -0.092401 0.816888 -0.569347
vn -0.023646 0.824185 -0.565826
vn -0.020699 0.809284 -0.587052
vn -0.052844 0.806033 -0.589507
vn -0.085174 0.801922 -0.591327
vn -0.023646 0.856579 -0.515474
vn -0.064153 0.835426 -0.545845
vn -0.059288 0.699183 -0.712480
vn -0.055741 0.687728 -0.723825
vn -0.035160 0.688960 -0.723946
vn 0.017342 0.681037 -0.732043
vn -0.015279 0.692559 -0.721199
vn -0.053044 0.676114 -0.734885
vn -0.032781 0.678689 -0.733694
vn -0.017973 0.703955 -0.710018
vn -0.038168 0.701703 -0.711447
vn 0.246280 0.856299 -0.453981
vn 0.282684 0.819239 -0.498936
vn 0.254049 0.827601 -0.500536
vn 0.309160 0.812737 -0.493841
vn 0.303377 0.801881 -0.514732
vn 0.277768 0.809521 -0.517224
vn 0.248653 0.816534 -0.521003
vn 0.314743 0.823078 -0.472737
vn 0.288228 0.830928 -0.475902
vn -0.171205 0.921119 -0.349612
vn -0.137425 0.915244 -0.378739
vn -0.166843 0.912935 -0.372441
vn -0.080152 0.919029 -0.385955
vn -0.077072 0.910246 -0.406833
vn -0.113442 0.907751 -0.403881
vn -0.165487 0.904289 -0.393543
vn -0.083180 0.927308 -0.364939
vn -0.139758 0.924512 -0.354605
vn 0.079153 0.988046 -0.132286
vn 0.074190 0.982463 -0.171061
vn 0.114206 0.977036 -0.179884
vn 0.148598 0.964493 -0.218339
vn 0.161537 0.971294 -0.174626
vn 0.060269 0.975314 -0.212440
vn 0.109002 0.970708 -0.214116
vn 0.166798 0.976571 -0.135968
vn 0.126978 0.983167 -0.131372
vn 0.121966 0.879348 -0.460295
vn 0.175054 0.864653 -0.470884
vn 0.121865 0.868325 -0.480792
vn 0.203544 0.862488 -0.463340
vn 0.214444 0.833139 -0.509797
vn 0.172364 0.854569 -0.489901
vn 0.121698 0.856855 -0.500988
vn 0.206186 0.873346 -0.441310
vn 0.177313 0.877003 -0.446572
vn 0.343353 0.879858 -0.328572
vn 0.349308 0.871337 -0.344609
vn 0.368560 0.867828 -0.333223
vn 0.392951 0.856510 -0.334633
vn 0.387125 0.865195 -0.318702
vn 0.355126 0.862513 -0.360496
vn 0.374153 0.859739 -0.347647
vn 0.381151 0.873577 -0.302634
vn 0.362367 0.876949 -0.315676
vn -0.059219 0.699172 -0.712497
vn -0.035167 0.688990 -0.723917
vn -0.055688 0.687749 -0.723809
vn -0.015338 0.692567 -0.721191
vn 0.017261 0.681080 -0.732006
vn -0.032792 0.678735 -0.733651
vn -0.052999 0.676167 -0.734839
vn -0.018024 0.703931 -0.710040
vn -0.038164 0.701685 -0.711465
vn -0.312445 0.892796 -0.324491
vn -0.305743 0.886789 -0.346592
vn -0.283328 0.893525 -0.348338
vn -0.228149 0.893853 -0.385972
vn -0.239865 0.900566 -0.362554
vn -0.298877 0.880288 -0.368464
vn -0.255908 0.887407 -0.383431
vn -0.267354 0.906626 -0.326421
vn -0.289965 0.899966 -0.325547
vn 0.122471 0.990586 0.061149
vn 0.167198 0.985122 0.039743
vn 0.140507 0.989746 0.025689
vn 0.193368 0.979543 0.055713
vn 0.208391 0.977604 0.029383
vn 0.182047 0.983185 0.014379
vn 0.155566 0.987773 -0.010168
vn 0.175398 0.980260 0.091249
vn 0.148997 0.985895 0.076230
vn -0.312509 0.892795 -0.324430
vn -0.283322 0.893544 -0.348293
vn -0.305792 0.886776 -0.346582
vn -0.239810 0.900584 -0.362546
vn -0.228067 0.893855 -0.386016
vn -0.255889 0.887396 -0.383470
vn -0.298911 0.880260 -0.368502
vn -0.267317 0.906658 -0.326365
vn -0.289978 0.899983 -0.325489
vn -0.268753 0.962345 0.040799
vn -0.268960 0.963124 -0.007220
vn -0.230774 0.972974 -0.008120
vn -0.193030 0.980101 -0.046273
vn -0.192814 0.981206 -0.007589
vn -0.269172 0.962006 -0.045734
vn -0.231362 0.971778 -0.046038
vn -0.192595 0.980438 0.040601
vn -0.230934 0.972116 0.040731
vn -0.322310 0.930323 -0.174971
vn -0.222450 0.967181 -0.122787
vn -0.232292 0.955964 -0.179369
vn -0.204380 0.976245 -0.071940
vn -0.154054 0.983990 -0.089618
vn -0.165817 0.975045 -0.147619
vn -0.182639 0.963149 -0.197453
vn -0.257073 0.965326 -0.045380
vn -0.270719 0.956993 -0.104286
vn -0.068376 0.867822 -0.492148
vn -0.068183 0.833551 -0.548218
vn -0.026070 0.854288 -0.519146
vn 0.047286 0.819783 -0.570719
vn 0.039414 0.855396 -0.516472
vn -0.060068 0.816200 -0.574638
vn -0.023652 0.818733 -0.573687
vn 0.039621 0.872094 -0.487732
vn -0.027225 0.870637 -0.491173
vn -0.428837 0.899698 0.081502
vn -0.430690 0.901002 0.051970
vn -0.409865 0.910808 0.049394
vn -0.389688 0.920700 0.021329
vn -0.387819 0.920206 0.053076
vn -0.432107 0.901533 0.022837
vn -0.410989 0.911373 0.022088
vn -0.384781 0.918670 0.089384
vn -0.406906 0.909463 0.085472
vn -0.186900 0.957234 -0.220845
vn -0.151905 0.955136 -0.254244
vn -0.186285 0.950792 -0.247575
vn -0.124341 0.959137 -0.254158
vn -0.123921 0.951740 -0.280776
vn -0.169427 0.931710 -0.321264
vn -0.193581 0.928544 -0.316753
vn -0.124667 0.965836 -0.227199
vn -0.152025 0.962004 -0.226796
vn -0.109846 0.988066 0.107983
vn -0.120703 0.992362 0.025458
vn -0.147408 0.986693 0.068609
vn -0.086482 0.996147 -0.014551
vn -0.115568 0.991783 -0.054876
vn -0.150359 0.988537 -0.013666
vn -0.182193 0.982863 0.028054
vn -0.046056 0.998007 0.043142
vn -0.077929 0.994093 0.075537
vn -0.095489 0.920016 -0.380068
vn -0.051611 0.909683 -0.412083
vn -0.090616 0.908597 -0.407726
vn -0.012523 0.910357 -0.413634
vn -0.013444 0.897928 -0.439937
vn -0.049541 0.897707 -0.437798
vn -0.085647 0.896309 -0.435080
vn -0.011595 0.921990 -0.387039
vn -0.050406 0.921795 -0.384386
vn -0.268654 0.962377 0.040697
vn -0.230782 0.972972 -0.008104
vn -0.268860 0.963152 -0.007213
vn -0.192925 0.981184 -0.007582
vn -0.193140 0.980085 -0.046159
vn -0.231366 0.971782 -0.045924
vn -0.269072 0.962039 -0.045621
vn -0.192706 0.980420 0.040499
vn -0.230939 0.972120 0.040629
vn -0.068450 0.867849 -0.492090
vn -0.025934 0.854278 -0.519169
vn -0.068246 0.833553 -0.548208
vn 0.039521 0.855394 -0.516468
vn 0.047399 0.819750 -0.570757
vn -0.023619 0.818701 -0.573734
vn -0.060113 0.816162 -0.574687
vn 0.039729 0.872128 -0.487662
vn -0.027207 0.870671 -0.491113
vn -0.109870 0.988080 0.107825
vn -0.147363 0.986706 0.068519
vn -0.120847 0.992348 0.025348
vn -0.115593 0.991786 -0.054762
vn -0.086581 0.996139 -0.014503
vn -0.182078 0.982884 0.028031
vn -0.150314 0.988544 -0.013621
vn -0.046222 0.998000 0.043130
vn -0.078024 0.994092 0.075452
vn -0.375329 0.828162 -0.416264
vn -0.367712 0.818364 -0.441665
vn -0.343024 0.827151 -0.445147
vn -0.282339 0.825088 -0.489402
vn -0.277585 0.853827 -0.440370
vn -0.362130 0.808106 -0.464571
vn -0.310257 0.817053 -0.485968
vn -0.283272 0.864200 -0.415832
vn -0.329838 0.855555 -0.399039
vn -0.248442 0.913160 -0.323133
vn -0.216496 0.901543 -0.374633
vn -0.172476 0.908490 -0.380655
vn -0.098644 0.899866 -0.424866
vn -0.106583 0.913603 -0.392390
vn -0.209935 0.888207 -0.408675
vn -0.168516 0.894738 -0.413577
vn -0.134576 0.926049 -0.352594
vn -0.181056 0.920759 -0.345575
vn -0.383335 0.900795 -0.204016
vn -0.376403 0.895321 -0.238163
vn -0.330743 0.906429 -0.262670
vn -0.285735 0.909654 -0.301473
vn -0.298996 0.916952 -0.264199
vn -0.351745 0.888971 -0.293268
vn -0.318231 0.899871 -0.298263
vn -0.324860 0.922628 -0.207902
vn -0.354224 0.912175 -0.206063
vn -0.248531 0.913165 -0.323051
vn -0.172472 0.908480 -0.380680
vn -0.216602 0.901524 -0.374618
vn -0.106475 0.913611 -0.392400
vn -0.098517 0.899841 -0.424948
vn -0.168506 0.894705 -0.413654
vn -0.210018 0.888158 -0.408740
vn -0.134490 0.926084 -0.352534
vn -0.181083 0.920784 -0.345495
vn -0.216529 0.918837 0.329929
vn -0.172411 0.949191 0.263271
vn -0.245738 0.926086 0.286319
vn -0.132425 0.955988 0.261821
vn -0.137417 0.965044 0.223173
vn -0.184302 0.957503 0.221857
vn -0.256130 0.932247 0.255563
vn -0.148988 0.929911 0.336255
vn -0.185654 0.924886 0.331841
vn -0.375405 0.828166 -0.416187
vn -0.343022 0.827175 -0.445104
vn -0.367767 0.818347 -0.441650
vn -0.277535 0.853842 -0.440372
vn -0.282269 0.825086 -0.489446
vn -0.310251 0.817034 -0.486005
vn -0.362173 0.808066 -0.464608
vn -0.283240 0.864237 -0.415775
vn -0.329862 0.855574 -0.398980
vn -0.322249 0.930351 -0.174934
vn -0.232266 0.955989 -0.179268
vn -0.222516 0.967162 -0.122821
vn -0.154220 0.983957 -0.089699
vn -0.204432 0.976225 -0.072060
vn -0.182724 0.963162 -0.197312
vn -0.165940 0.975029 -0.147589
vn -0.257014 0.965334 -0.045534
vn -0.270622 0.957015 -0.104333
vn 0.018763 0.989508 -0.143256
vn 0.016623 0.982970 -0.183011
vn 0.054046 0.980948 -0.186601
vn 0.102362 0.969161 -0.224164
vn 0.104741 0.977163 -0.184884
vn 0.014456 0.974838 -0.222445
vn 0.053937 0.972902 -0.224840
vn 0.114755 0.983534 -0.139614
vn 0.067375 0.987451 -0.142831
vn -0.153783 0.982933 -0.100968
vn -0.144383 0.978551 -0.146941
vn -0.098881 0.983357 -0.152418
vn -0.046575 0.981207 -0.187254
vn -0.059214 0.987486 -0.146167
vn -0.140420 0.972671 -0.184916
vn -0.094297 0.977732 -0.187477
vn -0.062813 0.992178 -0.107875
vn -0.109429 0.988379 -0.105505
vn -0.186843 0.957229 -0.220911
vn -0.186229 0.950801 -0.247581
vn -0.151922 0.955125 -0.254277
vn -0.123986 0.951747 -0.280722
vn -0.124405 0.959127 -0.254163
vn -0.193545 0.928558 -0.316733
vn -0.169445 0.931717 -0.321234
vn -0.124731 0.965812 -0.227266
vn -0.152027 0.961988 -0.226863
vn -0.095420 0.919991 -0.380147
vn -0.090557 0.908596 -0.407742
vn -0.051801 0.909655 -0.412123
vn -0.013558 0.897953 -0.439882
vn -0.012640 0.910354 -0.413638
vn -0.085599 0.896336 -0.435035
vn -0.049575 0.897730 -0.437747
vn -0.011713 0.921962 -0.387103
vn -0.050437 0.921765 -0.384454
vn -0.383423 0.900781 -0.203910
vn -0.330859 0.906443 -0.262474
vn -0.376477 0.895297 -0.238135
vn -0.298942 0.916977 -0.264173
vn -0.285661 0.909661 -0.301520
vn -0.318221 0.899858 -0.298313
vn -0.351809 0.888933 -0.293307
vn -0.324818 0.922665 -0.207806
vn -0.354248 0.912189 -0.205962
vn -0.294046 0.822305 -0.487187
vn -0.286284 0.813523 -0.506184
vn -0.263648 0.819379 -0.509026
vn -0.233085 0.816593 -0.528060
vn -0.241117 0.826029 -0.509449
vn -0.278359 0.804311 -0.524976
vn -0.255775 0.810681 -0.526665
vn -0.249013 0.835036 -0.490619
vn -0.271594 0.828902 -0.489039
vn 0.018703 0.989525 -0.143148
vn 0.054172 0.980955 -0.186531
vn 0.016557 0.982975 -0.182992
vn 0.104850 0.977153 -0.184877
vn 0.102465 0.969131 -0.224244
vn 0.053956 0.972884 -0.224914
vn 0.014387 0.974823 -0.222515
vn 0.114867 0.983534 -0.139521
vn 0.067400 0.987464 -0.142729
vn -0.428874 0.899671 0.081600
vn -0.409847 0.910810 0.049502
vn -0.430734 0.900980 0.051992
vn -0.387764 0.920227 0.053111
vn -0.389640 0.920721 0.021282
vn -0.410989 0.911374 0.022043
vn -0.432154 0.901512 0.022794
vn -0.384719 0.918685 0.089499
vn -0.406894 0.909458 0.085579
vn -0.216497 0.918868 0.329866
vn -0.245691 0.926099 0.286315
vn -0.172458 0.949223 0.263123
vn -0.137504 0.965016 0.223242
vn -0.132523 0.955980 0.261802
vn -0.256060 0.932249 0.255628
vn -0.184302 0.957490 0.221914
vn -0.149109 0.929920 0.336178
vn -0.185692 0.924903 0.331773
vn -0.153865 0.982931 -0.100860
vn -0.098828 0.983391 -0.152235
vn -0.144458 0.978544 -0.146916
vn -0.059117 0.987498 -0.146125
vn -0.046473 0.981203 -0.187297
vn -0.094278 0.977724 -0.187529
vn -0.140485 0.972650 -0.184976
vn -0.062724 0.992198 -0.107747
vn -0.109425 0.988393 -0.105386
vn 0.122357 0.990599 0.061172
vn 0.140436 0.989758 0.025637
vn 0.167202 0.985122 0.039720
vn 0.208507 0.977581 0.029341
vn 0.193443 0.979527 0.055745
vn 0.155536 0.987777 -0.010295
vn 0.182090 0.983178 0.014295
vn 0.175430 0.980244 0.091356
vn 0.148956 0.985896 0.076295
vn -0.293964 0.822307 -0.487234
vn -0.263651 0.819394 -0.509001
vn -0.286223 0.813548 -0.506178
vn -0.241181 0.826020 -0.509435
vn -0.233172 0.816610 -0.527995
vn -0.255799 0.810714 -0.526603
vn -0.278320 0.804362 -0.524919
vn -0.249056 0.835001 -0.490657
vn -0.271574 0.828884 -0.489080
vn -0.276948 0.659569 -0.698762
vn -0.270853 0.649099 -0.710851
vn -0.252281 0.653622 -0.713536
vn -0.199082 0.650163 -0.733249
vn -0.205419 0.661250 -0.721493
vn -0.264689 0.638460 -0.722709
vn -0.220360 0.644817 -0.731883
vn -0.211682 0.672117 -0.709542
vn -0.258067 0.665975 -0.699913
vn 0.045089 0.829475 -0.556721
vn 0.077402 0.823291 -0.562318
vn 0.056629 0.821016 -0.568089
vn 0.098051 0.827724 -0.552503
vn 0.109623 0.818776 -0.563550
vn 0.088931 0.815723 -0.571566
vn 0.068182 0.812259 -0.579298
vn 0.081589 0.855023 -0.512132
vn 0.065798 0.833133 -0.549145
vn -0.277001 0.659598 -0.698714
vn -0.252263 0.653733 -0.713440
vn -0.270892 0.649106 -0.710830
vn -0.205380 0.661283 -0.721474
vn -0.199029 0.650171 -0.733256
vn -0.220355 0.644814 -0.731887
vn -0.264714 0.638443 -0.722715
vn -0.211657 0.672174 -0.709495
vn -0.258077 0.666019 -0.699868
vn -0.257861 0.803426 -0.536670
vn -0.255138 0.791668 -0.555128
vn -0.229838 0.795856 -0.560167
vn -0.173806 0.790118 -0.587796
vn -0.204204 0.802220 -0.561020
vn -0.252290 0.779523 -0.573318
vn -0.226858 0.785045 -0.576403
vn -0.206961 0.814041 -0.542682
vn -0.232455 0.809018 -0.539865
vn -0.258450 0.743578 -0.616681
vn -0.218229 0.761860 -0.609873
vn -0.224007 0.744486 -0.628937
vn -0.209394 0.783164 -0.585499
vn -0.143366 0.782298 -0.606181
vn -0.151866 0.763296 -0.627946
vn -0.162918 0.743524 -0.648560
vn -0.243870 0.782341 -0.573123
vn -0.251280 0.763286 -0.595192
vn -0.091819 0.607927 -0.788666
vn -0.085946 0.576025 -0.812901
vn -0.056527 0.575471 -0.815866
vn -0.021718 0.561897 -0.826922
vn -0.024913 0.580294 -0.814026
vn -0.079842 0.557527 -0.826310
vn -0.050731 0.559955 -0.826968
vn -0.027626 0.614075 -0.788764
vn -0.059697 0.611324 -0.789126
vn -0.403438 0.786005 -0.468438
vn -0.399586 0.776275 -0.487573
vn -0.352646 0.783014 -0.512376
vn -0.323021 0.781881 -0.533216
vn -0.328140 0.792469 -0.514117
vn -0.395554 0.766199 -0.506435
vn -0.348777 0.774478 -0.527767
vn -0.333083 0.802636 -0.494804
vn -0.380744 0.794559 -0.472981
vn -0.165810 0.733218 -0.659468
vn -0.147841 0.705607 -0.693009
vn -0.166147 0.705168 -0.689300
vn -0.129346 0.709037 -0.693207
vn -0.126731 0.699943 -0.702865
vn -0.145193 0.698166 -0.701059
vn -0.163586 0.696148 -0.699012
vn -0.128364 0.737664 -0.662853
vn -0.147131 0.735571 -0.661278
vn -0.124032 0.854493 -0.504438
vn -0.123975 0.814757 -0.566394
vn -0.150033 0.824513 -0.545589
vn -0.095763 0.808926 -0.580059
vn -0.117401 0.797155 -0.592250
vn -0.144597 0.805201 -0.575103
vn -0.198938 0.812116 -0.548536
vn -0.074088 0.820068 -0.567451
vn -0.101368 0.828535 -0.550686
vn -0.107741 0.678060 -0.727067
vn -0.081429 0.659226 -0.747523
vn -0.106853 0.660974 -0.742762
vn -0.050500 0.661721 -0.748048
vn -0.050703 0.644287 -0.763102
vn -0.078878 0.644170 -0.760804
vn -0.107054 0.643537 -0.757892
vn -0.050271 0.678799 -0.732601
vn -0.078434 0.678699 -0.730217
vn -0.257783 0.803423 -0.536712
vn -0.229836 0.795888 -0.560124
vn -0.255067 0.791698 -0.555118
vn -0.204274 0.802221 -0.560994
vn -0.173904 0.790156 -0.587717
vn -0.226865 0.785093 -0.576334
vn -0.252227 0.779588 -0.573258
vn -0.207023 0.814009 -0.542707
vn -0.232447 0.808999 -0.539897
vn -0.091873 0.607989 -0.788612
vn -0.056421 0.575648 -0.815749
vn -0.085996 0.576053 -0.812876
vn -0.024823 0.580330 -0.814003
vn -0.021620 0.561892 -0.826928
vn -0.050698 0.559947 -0.826976
vn -0.079875 0.557513 -0.826317
vn -0.027535 0.614149 -0.788709
vn -0.059679 0.611394 -0.789073
vn -0.124047 0.854430 -0.504541
vn -0.149985 0.824470 -0.545668
vn -0.124035 0.814603 -0.566601
vn -0.117425 0.797172 -0.592224
vn -0.095836 0.808916 -0.580060
vn -0.198868 0.812101 -0.548583
vn -0.144560 0.805199 -0.575115
vn -0.074209 0.820035 -0.567482
vn -0.101428 0.828483 -0.550753
vn -0.317623 0.589256 -0.742895
vn -0.308486 0.576827 -0.756377
vn -0.286590 0.581391 -0.761479
vn -0.236251 0.577521 -0.781444
vn -0.260843 0.604384 -0.752782
vn -0.301888 0.564294 -0.768398
vn -0.280808 0.571096 -0.771360
vn -0.266492 0.618901 -0.738880
vn -0.289977 0.611446 -0.736238
vn -0.194334 0.679328 -0.707636
vn -0.188638 0.659535 -0.727619
vn -0.151424 0.662640 -0.733470
vn -0.114287 0.648139 -0.752897
vn -0.115301 0.668778 -0.734467
vn -0.182777 0.639163 -0.747036
vn -0.148061 0.644045 -0.750523
vn -0.121104 0.688866 -0.714701
vn -0.157880 0.684561 -0.711653
vn -0.326349 0.691303 -0.644668
vn -0.315687 0.677757 -0.664069
vn -0.287969 0.684312 -0.669918
vn -0.254817 0.681934 -0.685591
vn -0.261737 0.695921 -0.668721
vn -0.308795 0.663854 -0.681134
vn -0.281871 0.673185 -0.683645
vn -0.271236 0.709656 -0.650246
vn -0.298877 0.700792 -0.647737
vn -0.194435 0.679380 -0.707558
vn -0.151464 0.662758 -0.733355
vn -0.188727 0.659545 -0.727587
vn -0.115227 0.668809 -0.734450
vn -0.114211 0.648123 -0.752922
vn -0.148061 0.644021 -0.750543
vn -0.182853 0.639128 -0.747048
vn -0.121042 0.688941 -0.714639
vn -0.157900 0.684627 -0.711585
vn -0.246195 0.894955 -0.372079
vn -0.211113 0.888481 -0.407472
vn -0.241058 0.885639 -0.396906
vn -0.180058 0.893645 -0.411070
vn -0.180449 0.883372 -0.432542
vn -0.210743 0.879896 -0.425876
vn -0.240827 0.875564 -0.418796
vn -0.179565 0.903414 -0.389357
vn -0.210294 0.899767 -0.382357
vn -0.317698 0.589293 -0.742834
vn -0.286626 0.581526 -0.761362
vn -0.308541 0.576837 -0.756348
vn -0.260795 0.604418 -0.752772
vn -0.236206 0.577530 -0.781451
vn -0.280796 0.571093 -0.771366
vn -0.301923 0.564276 -0.768398
vn -0.266456 0.618967 -0.738838
vn -0.289994 0.611496 -0.736190
vn -0.258373 0.743598 -0.616689
vn -0.224008 0.744503 -0.628917
vn -0.218318 0.761715 -0.610022
vn -0.143477 0.782234 -0.606237
vn -0.209428 0.783096 -0.585578
vn -0.162977 0.743545 -0.648521
vn -0.151957 0.763273 -0.627952
vn -0.243827 0.782276 -0.573230
vn -0.251220 0.763262 -0.595248
vn -0.043490 0.776539 -0.628566
vn -0.044555 0.762330 -0.645653
vn -0.019749 0.759862 -0.649784
vn 0.036757 0.745625 -0.665351
vn 0.039926 0.760196 -0.648466
vn -0.045597 0.747764 -0.662397
vn -0.018797 0.747219 -0.664312
vn 0.042019 0.774364 -0.631344
vn -0.016657 0.775960 -0.630562
vn -0.141837 0.777529 -0.612643
vn -0.137050 0.764880 -0.629425
vn -0.111465 0.765995 -0.633110
vn -0.081335 0.758604 -0.646455
vn -0.084248 0.771721 -0.630356
vn -0.134119 0.751837 -0.645564
vn -0.107774 0.755487 -0.646239
vn -0.087126 0.784508 -0.613967
vn -0.113576 0.781327 -0.613701
vn -0.165770 0.733186 -0.659514
vn -0.166106 0.705154 -0.689324
vn -0.147845 0.705505 -0.693112
vn -0.126779 0.699941 -0.702859
vn -0.129388 0.709014 -0.693223
vn -0.163551 0.696154 -0.699014
vn -0.145200 0.698167 -0.701056
vn -0.128409 0.737622 -0.662892
vn -0.147134 0.735533 -0.661319
vn -0.107692 0.677996 -0.727134
vn -0.106823 0.660947 -0.742790
vn -0.081602 0.659075 -0.747637
vn -0.050798 0.644298 -0.763086
vn -0.050596 0.661693 -0.748066
vn -0.107023 0.643549 -0.757886
vn -0.078910 0.644181 -0.760792
vn -0.050367 0.678735 -0.732654
vn -0.078467 0.678633 -0.730274
vn -0.326453 0.691342 -0.644574
vn -0.288018 0.684482 -0.669724
vn -0.315756 0.677767 -0.664026
vn -0.261685 0.695972 -0.668688
vn -0.254750 0.681953 -0.685596
vn -0.281864 0.673186 -0.683647
vn -0.308849 0.663834 -0.681130
vn -0.271216 0.709737 -0.650166
vn -0.298919 0.700853 -0.647651
vn -0.268763 0.574841 -0.772868
vn -0.240374 0.564972 -0.789320
vn -0.220911 0.567774 -0.792989
vn -0.197198 0.563566 -0.802189
vn -0.202544 0.573951 -0.793446
vn -0.235121 0.554690 -0.798146
vn -0.216230 0.559228 -0.800317
vn -0.207834 0.584190 -0.784555
vn -0.226773 0.579752 -0.782600
vn -0.043525 0.776593 -0.628497
vn -0.019628 0.759977 -0.649654
vn -0.044593 0.762353 -0.645624
vn 0.040009 0.760212 -0.648442
vn 0.036822 0.745608 -0.665367
vn -0.018777 0.747208 -0.664325
vn -0.045637 0.747754 -0.662406
vn 0.042107 0.774410 -0.631281
vn -0.016632 0.776012 -0.630499
vn -0.403498 0.786027 -0.468350
vn -0.376796 0.783000 -0.494909
vn -0.399638 0.776277 -0.487528
vn -0.328096 0.792507 -0.514087
vn -0.322965 0.781895 -0.533229
vn -0.348779 0.774477 -0.527768
vn -0.395597 0.766178 -0.506432
vn -0.333049 0.802696 -0.494730
vn -0.380753 0.794601 -0.472903
vn -0.246104 0.894930 -0.372201
vn -0.240978 0.885632 -0.396970
vn -0.211161 0.888379 -0.407669
vn -0.180525 0.883369 -0.432516
vn -0.180135 0.893619 -0.411092
vn -0.240768 0.875578 -0.418800
vn -0.210751 0.879900 -0.425864
vn -0.179643 0.903368 -0.389428
vn -0.210283 0.899728 -0.382454
vn -0.141914 0.777576 -0.612565
vn -0.111419 0.766150 -0.632930
vn -0.137101 0.764900 -0.629389
vn -0.084180 0.771756 -0.630322
vn -0.081261 0.758610 -0.646458
vn -0.107759 0.755487 -0.646241
vn -0.134163 0.751829 -0.645565
vn -0.087064 0.784571 -0.613896
vn -0.113574 0.781384 -0.613629
vn 0.045000 0.829475 -0.556729
vn 0.056572 0.820993 -0.568129
vn 0.077403 0.823260 -0.562362
vn 0.109713 0.818745 -0.563577
vn 0.098109 0.827719 -0.552499
vn 0.068157 0.812211 -0.579369
vn 0.088963 0.815685 -0.571615
vn 0.081619 0.855047 -0.512086
vn 0.065767 0.833144 -0.549132
vn -0.268697 0.574846 -0.772887
vn -0.220926 0.567815 -0.792955
vn -0.240329 0.565003 -0.789312
vn -0.202603 0.573958 -0.793426
vn -0.197272 0.563601 -0.802145
vn -0.216251 0.559275 -0.800279
vn -0.235090 0.554750 -0.798114
vn -0.207878 0.584168 -0.784560
vn -0.226765 0.579741 -0.782609
vn 0.395052 0.889937 -0.227917
vn 0.381612 0.899002 -0.214868
vn 0.362889 0.899372 -0.243807
vn 0.317126 0.909057 -0.270270
vn 0.331207 0.900334 -0.282312
vn 0.367789 0.907669 -0.202162
vn 0.348558 0.908790 -0.229366
vn 0.345157 0.891228 -0.294244
vn 0.375956 0.890965 -0.254636
vn 0.270586 0.740417 -0.615277
vn 0.244424 0.738458 -0.628440
vn 0.253656 0.748172 -0.613105
vn 0.244046 0.710964 -0.659524
vn 0.191432 0.736913 -0.648315
vn 0.225915 0.746537 -0.625816
vn 0.235889 0.755620 -0.611060
vn 0.261601 0.704418 -0.659818
vn 0.270636 0.712467 -0.647416
vn 0.395109 0.889920 -0.227884
vn 0.362856 0.899414 -0.243702
vn 0.381649 0.899006 -0.214786
vn 0.331165 0.900343 -0.282334
vn 0.317052 0.909085 -0.270264
vn 0.348521 0.908816 -0.229318
vn 0.367794 0.907691 -0.202052
vn 0.345147 0.891216 -0.294293
vn 0.375980 0.890952 -0.254644
vn 0.468331 0.761157 -0.448671
vn 0.458174 0.775247 -0.434821
vn 0.439131 0.775178 -0.454163
vn 0.406042 0.790571 -0.458397
vn 0.418334 0.776890 -0.470572
vn 0.447787 0.788958 -0.420751
vn 0.428346 0.790089 -0.438497
vn 0.429108 0.762783 -0.483765
vn 0.448870 0.762235 -0.466385
vn 0.429657 0.822598 -0.372461
vn 0.404536 0.811465 -0.421752
vn 0.395476 0.829535 -0.394298
vn 0.408714 0.796743 -0.445145
vn 0.373647 0.801991 -0.466045
vn 0.367335 0.818935 -0.440920
vn 0.360687 0.835058 -0.415430
vn 0.441135 0.790154 -0.425506
vn 0.435821 0.806799 -0.398919
vn 0.074772 0.959814 -0.270491
vn 0.036825 0.970877 -0.236732
vn 0.006219 0.960466 -0.278328
vn -0.081420 0.956558 -0.279941
vn -0.048023 0.932249 -0.358616
vn -0.010909 0.979282 -0.202208
vn -0.046349 0.969280 -0.241553
vn -0.010892 0.925072 -0.379636
vn 0.039330 0.950250 -0.308996
vn 0.597011 0.711341 -0.370908
vn 0.570866 0.744550 -0.346059
vn 0.553577 0.748795 -0.364498
vn 0.509525 0.766840 -0.390308
vn 0.518880 0.752934 -0.404790
vn 0.562658 0.758252 -0.329349
vn 0.544715 0.763013 -0.347990
vn 0.527969 0.738675 -0.419057
vn 0.561544 0.735227 -0.379618
vn 0.335831 0.859937 -0.384351
vn 0.311579 0.867453 -0.387871
vn 0.326878 0.868455 -0.372743
vn 0.274234 0.866804 -0.416470
vn 0.263596 0.874987 -0.406097
vn 0.300102 0.876218 -0.377069
vn 0.317814 0.876738 -0.361006
vn 0.284770 0.858390 -0.426699
vn 0.319861 0.859498 -0.398687
vn 0.381349 0.742122 -0.551206
vn 0.362098 0.764868 -0.532787
vn 0.411425 0.755526 -0.509815
vn 0.333948 0.775632 -0.535606
vn 0.340370 0.788969 -0.511542
vn 0.391075 0.779107 -0.489952
vn 0.419937 0.768093 -0.483411
vn 0.327249 0.761654 -0.559277
vn 0.354509 0.752183 -0.555467
vn 0.222450 0.896460 -0.383244
vn 0.177293 0.903907 -0.389255
vn 0.204732 0.908417 -0.364503
vn 0.116075 0.899587 -0.421035
vn 0.094919 0.910390 -0.402717
vn 0.148751 0.915825 -0.373011
vn 0.184396 0.919643 -0.346778
vn 0.160688 0.888177 -0.430490
vn 0.194156 0.893030 -0.405956
vn 0.468246 0.761213 -0.448666
vn 0.439121 0.775205 -0.454126
vn 0.458116 0.775263 -0.434854
vn 0.418392 0.776902 -0.470502
vn 0.406134 0.790545 -0.458360
vn 0.428371 0.790063 -0.438519
vn 0.447758 0.788936 -0.420823
vn 0.429132 0.762834 -0.483664
vn 0.448838 0.762286 -0.466331
vn 0.074883 0.959818 -0.270448
vn 0.005929 0.960517 -0.278160
vn 0.036850 0.970905 -0.236612
vn -0.048140 0.932239 -0.358626
vn -0.081634 0.956547 -0.279917
vn -0.046486 0.969301 -0.241444
vn -0.010966 0.979322 -0.202009
vn -0.010922 0.925047 -0.379695
vn 0.039361 0.950234 -0.309039
vn 0.381316 0.742162 -0.551175
vn 0.411384 0.755536 -0.509832
vn 0.362159 0.764795 -0.532851
vn 0.340429 0.788906 -0.511601
vn 0.334021 0.775598 -0.535610
vn 0.419877 0.768077 -0.483489
vn 0.391080 0.779065 -0.490014
vn 0.327338 0.761652 -0.559229
vn 0.354535 0.752201 -0.555426
vn 0.402958 0.911522 -0.082176
vn 0.388225 0.919703 -0.058542
vn 0.369562 0.924467 -0.093727
vn 0.276262 0.956066 -0.098070
vn 0.340872 0.929448 -0.141182
vn 0.373205 0.927091 -0.034921
vn 0.307263 0.949678 -0.060838
vn 0.356020 0.920820 -0.159185
vn 0.376200 0.916521 -0.135880
vn 0.332093 0.889985 -0.312475
vn 0.313757 0.904169 -0.289889
vn 0.279922 0.902491 -0.327344
vn 0.200805 0.915813 -0.347798
vn 0.222628 0.902760 -0.368050
vn 0.295124 0.917383 -0.267039
vn 0.255706 0.917782 -0.303793
vn 0.244233 0.888741 -0.387929
vn 0.299590 0.890525 -0.342360
vn 0.488844 0.829133 -0.271238
vn 0.446695 0.862261 -0.238682
vn 0.423214 0.865362 -0.268401
vn 0.368263 0.881752 -0.294780
vn 0.386063 0.867623 -0.313346
vn 0.430276 0.876238 -0.216956
vn 0.407621 0.879846 -0.244369
vn 0.423805 0.834862 -0.351276
vn 0.465740 0.832693 -0.299513
vn 0.332184 0.889974 -0.312411
vn 0.279793 0.902620 -0.327097
vn 0.313805 0.904189 -0.289773
vn 0.222536 0.902779 -0.368059
vn 0.200663 0.915859 -0.347760
vn 0.255632 0.917833 -0.303702
vn 0.295130 0.917430 -0.266872
vn 0.244190 0.888730 -0.387983
vn 0.299615 0.890518 -0.342357
vn 0.520540 0.654592 -0.548222
vn 0.493340 0.670220 -0.554455
vn 0.513565 0.669720 -0.536400
vn 0.470420 0.672802 -0.571001
vn 0.462765 0.687609 -0.559502
vn 0.484469 0.686346 -0.542420
vn 0.505856 0.684552 -0.524879
vn 0.477887 0.657708 -0.582275
vn 0.499642 0.656408 -0.565231
vn 0.403026 0.911498 -0.082115
vn 0.369514 0.924510 -0.093495
vn 0.388259 0.919697 -0.058427
vn 0.340814 0.929466 -0.141206
vn 0.276138 0.956106 -0.098025
vn 0.307202 0.949705 -0.060732
vn 0.373204 0.927098 -0.034754
vn 0.355995 0.920819 -0.159250
vn 0.376227 0.916510 -0.135881
vn 0.429624 0.822557 -0.372591
vn 0.395519 0.829476 -0.394378
vn 0.404678 0.811333 -0.421870
vn 0.373739 0.801995 -0.465965
vn 0.408726 0.796756 -0.445110
vn 0.360808 0.834989 -0.415464
vn 0.367441 0.818900 -0.440896
vn 0.441079 0.790183 -0.425512
vn 0.435777 0.806790 -0.398984
vn 0.258883 0.804780 -0.534143
vn 0.243288 0.817566 -0.521916
vn 0.221137 0.812234 -0.539792
vn 0.150547 0.820485 -0.551489
vn 0.165509 0.808544 -0.564680
vn 0.227605 0.829861 -0.509438
vn 0.202989 0.825700 -0.526322
vn 0.209405 0.796151 -0.567708
vn 0.234225 0.800826 -0.551195
vn 0.370646 0.804696 -0.463774
vn 0.355483 0.817644 -0.452869
vn 0.311953 0.813681 -0.490519
vn 0.274127 0.823266 -0.497079
vn 0.292187 0.810829 -0.507133
vn 0.315611 0.829997 -0.459886
vn 0.295735 0.826932 -0.478251
vn 0.307152 0.798008 -0.518499
vn 0.326508 0.801673 -0.500712
vn 0.335783 0.859949 -0.384367
vn 0.326850 0.868447 -0.372784
vn 0.311621 0.867417 -0.387919
vn 0.263662 0.874965 -0.406102
vn 0.274276 0.866800 -0.416450
vn 0.317807 0.876712 -0.361073
vn 0.300136 0.876194 -0.377099
vn 0.284789 0.858405 -0.426657
vn 0.319849 0.859511 -0.398670
vn 0.222388 0.896468 -0.383262
vn 0.204710 0.908398 -0.364563
vn 0.177581 0.903845 -0.389269
vn 0.095067 0.910370 -0.402726
vn 0.116175 0.899589 -0.421002
vn 0.184424 0.919600 -0.346876
vn 0.148859 0.915792 -0.373050
vn 0.160769 0.888205 -0.430401
vn 0.194158 0.893045 -0.405923
vn 0.488926 0.829103 -0.271181
vn 0.423261 0.865383 -0.268257
vn 0.446753 0.862256 -0.238593
vn 0.386022 0.867632 -0.313373
vn 0.368182 0.881791 -0.294765
vn 0.407593 0.879880 -0.244293
vn 0.430297 0.876262 -0.216818
vn 0.423795 0.834846 -0.351326
vn 0.465772 0.832673 -0.299521
vn 0.292412 0.952901 -0.080466
vn 0.268686 0.961422 -0.058955
vn 0.244240 0.965093 -0.094565
vn 0.197535 0.975589 -0.095952
vn 0.222014 0.967932 -0.117551
vn 0.244517 0.968930 -0.037246
vn 0.222519 0.972951 -0.062060
vn 0.246126 0.959232 -0.138912
vn 0.267943 0.956647 -0.114164
vn 0.258945 0.804774 -0.534122
vn 0.220987 0.812310 -0.539738
vn 0.243315 0.817589 -0.521868
vn 0.165446 0.808545 -0.564697
vn 0.150450 0.820512 -0.551476
vn 0.202926 0.825741 -0.526283
vn 0.227596 0.829911 -0.509361
vn 0.209356 0.796126 -0.567762
vn 0.234232 0.800812 -0.551212
vn 0.597055 0.711316 -0.370883
vn 0.553572 0.748826 -0.364442
vn 0.570903 0.744545 -0.346010
vn 0.518844 0.752947 -0.404811
vn 0.509468 0.766884 -0.390296
vn 0.544694 0.763049 -0.347944
vn 0.562676 0.758276 -0.329262
vn 0.527954 0.738656 -0.419110
vn 0.561560 0.735201 -0.379644
vn 0.520497 0.654615 -0.548236
vn 0.513532 0.669709 -0.536446
vn 0.493414 0.670138 -0.554488
vn 0.462846 0.687559 -0.559496
vn 0.470483 0.672784 -0.570970
vn 0.505840 0.684509 -0.524951
vn 0.484501 0.686298 -0.542452
vn 0.477934 0.657724 -0.582218
vn 0.499639 0.656427 -0.565212
vn 0.370714 0.804681 -0.463746
vn 0.311930 0.813731 -0.490451
vn 0.355517 0.817658 -0.452817
vn 0.292139 0.810829 -0.507160
vn 0.274030 0.823293 -0.497087
vn 0.295687 0.826969 -0.478217
vn 0.315615 0.830039 -0.459807
vn 0.307137 0.797980 -0.518551
vn 0.326537 0.801654 -0.500724
vn 0.270663 0.740412 -0.615249
vn 0.253686 0.748189 -0.613071
vn 0.244433 0.738441 -0.628457
vn 0.191357 0.736897 -0.648356
vn 0.244028 0.710930 -0.659567
vn 0.235865 0.755658 -0.611023
vn 0.225864 0.746549 -0.625819
vn 0.261631 0.704366 -0.659862
vn 0.270692 0.712437 -0.647426
vn 0.292283 0.952941 -0.080459
vn 0.244233 0.965099 -0.094524
vn 0.268622 0.961437 -0.059007
vn 0.222072 0.967929 -0.117464
vn 0.197661 0.975566 -0.095925
vn 0.222583 0.972934 -0.062104
vn 0.244520 0.968924 -0.037358
vn 0.246117 0.959255 -0.138767
vn 0.267874 0.956675 -0.114087
vn 0.022991 0.686913 0.726376
vn -0.025414 0.693720 0.719796
vn 0.020164 0.701503 0.712381
vn -0.014801 0.739221 0.673301
vn 0.032520 0.712473 0.700946
vn -0.044335 0.699856 0.712907
vn -0.031209 0.709694 0.703819
vn 0.048796 0.705441 0.707087
vn 0.035273 0.696260 0.716923
vn 0.396436 0.695479 0.599289
vn 0.434665 0.703686 0.562044
vn 0.391224 0.705930 0.590430
vn 0.449438 0.703383 0.550689
vn 0.432503 0.733001 0.525024
vn 0.415283 0.734648 0.536499
vn 0.376294 0.735666 0.563204
vn 0.454174 0.692964 0.559935
vn 0.438769 0.694497 0.570225
vn 0.022987 0.686895 0.726393
vn 0.020093 0.701607 0.712281
vn -0.025445 0.693717 0.719798
vn 0.032545 0.712513 0.700904
vn -0.014819 0.739274 0.673241
vn -0.031253 0.709727 0.703784
vn -0.044409 0.699866 0.712892
vn 0.048859 0.705466 0.707058
vn 0.035296 0.696264 0.716918
vn 0.262305 0.629560 0.731335
vn 0.218722 0.640122 0.736481
vn 0.259034 0.648336 0.715934
vn 0.253352 0.669945 0.697844
vn 0.271444 0.659455 0.701026
vn 0.197978 0.649821 0.733851
vn 0.212947 0.660326 0.720155
vn 0.289459 0.648643 0.703901
vn 0.275923 0.639233 0.717807
vn 0.134234 0.668341 0.731643
vn 0.179232 0.675837 0.714926
vn 0.144792 0.685853 0.713191
vn 0.213127 0.671515 0.709679
vn 0.249978 0.687553 0.681749
vn 0.189428 0.695833 0.692773
vn 0.155210 0.702796 0.694253
vn 0.202792 0.654406 0.728443
vn 0.168675 0.661767 0.730488
vn -0.064705 0.816010 0.574405
vn -0.099576 0.821993 0.560724
vn -0.075590 0.833586 0.547193
vn -0.088753 0.875162 0.475621
vn -0.052814 0.869245 0.491552
vn -0.134229 0.826785 0.546269
vn -0.108169 0.860470 0.497886
vn -0.016599 0.861963 0.506700
vn -0.042185 0.830395 0.555576
vn 0.205018 0.559218 0.803270
vn 0.186666 0.567762 0.801750
vn 0.199095 0.575998 0.792835
vn 0.191378 0.611251 0.767950
vn 0.212436 0.587762 0.780645
vn 0.168214 0.576082 0.799896
vn 0.181220 0.586279 0.789580
vn 0.230638 0.579078 0.781969
vn 0.217893 0.569274 0.792748
vn 0.140718 0.705187 0.694917
vn 0.133242 0.736488 0.663199
vn 0.125622 0.710947 0.691935
vn 0.142029 0.745814 0.650837
vn 0.125564 0.752364 0.646670
vn 0.116461 0.744240 0.657680
vn 0.107338 0.735925 0.668500
vn 0.158412 0.739033 0.654779
vn 0.151601 0.712216 0.685394
vn 0.339105 0.649886 0.680189
vn 0.309414 0.666583 0.678182
vn 0.313023 0.652986 0.689656
vn 0.306004 0.684898 0.661268
vn 0.279330 0.687415 0.670399
vn 0.283103 0.671656 0.684639
vn 0.286747 0.655573 0.698570
vn 0.334275 0.681824 0.650674
vn 0.335457 0.666017 0.666251
vn 0.084702 0.776416 0.624502
vn 0.071848 0.794301 0.603261
vn 0.056137 0.784973 0.616981
vn 0.088733 0.809411 0.580500
vn 0.058401 0.817485 0.572982
vn 0.042746 0.805402 0.591185
vn 0.027588 0.792770 0.608897
vn 0.119020 0.800480 0.587423
vn 0.099882 0.788769 0.606520
vn 0.262282 0.629634 0.731279
vn 0.259008 0.648374 0.715909
vn 0.218762 0.640168 0.736429
vn 0.271395 0.659446 0.701053
vn 0.253354 0.669907 0.697880
vn 0.213003 0.660316 0.720148
vn 0.198076 0.649841 0.733807
vn 0.289361 0.648664 0.703921
vn 0.275862 0.639280 0.717789
vn -0.064693 0.815999 0.574422
vn -0.075675 0.833776 0.546893
vn -0.099643 0.821995 0.560709
vn -0.052795 0.869303 0.491453
vn -0.088815 0.875230 0.475484
vn -0.108275 0.860506 0.497800
vn -0.134373 0.826794 0.546219
vn -0.016460 0.862001 0.506639
vn -0.042123 0.830416 0.555549
vn 0.339039 0.649899 0.680208
vn 0.313015 0.652992 0.689654
vn 0.309416 0.666424 0.678337
vn 0.279398 0.687346 0.670442
vn 0.305999 0.684834 0.661338
vn 0.286798 0.655574 0.698548
vn 0.283162 0.671621 0.684649
vn 0.334206 0.681768 0.650768
vn 0.335399 0.665994 0.666302
vn -0.112909 0.677484 0.726820
vn -0.137179 0.682060 0.718314
vn -0.121797 0.694565 0.709045
vn -0.133800 0.714411 0.686814
vn -0.109632 0.710100 0.695513
vn -0.159986 0.686209 0.709592
vn -0.147585 0.700480 0.698246
vn -0.085367 0.705303 0.703748
vn -0.099148 0.691588 0.715455
vn 0.064865 0.713055 0.698101
vn 0.030655 0.741353 0.670415
vn 0.052469 0.756361 0.652047
vn 0.034674 0.785739 0.617586
vn 0.066783 0.776157 0.626994
vn -0.030723 0.750379 0.660294
vn 0.016670 0.768573 0.639546
vn 0.098864 0.765615 0.635656
vn 0.080759 0.748765 0.657898
vn 0.074418 0.645136 0.760435
vn 0.050097 0.656094 0.753015
vn 0.067205 0.668773 0.740423
vn 0.057560 0.694884 0.716814
vn 0.081914 0.684334 0.724554
vn 0.025817 0.666515 0.745044
vn 0.041692 0.680913 0.731177
vn 0.106272 0.673228 0.731758
vn 0.090369 0.659394 0.746347
vn 0.064847 0.713041 0.698117
vn 0.052243 0.756528 0.651871
vn 0.030573 0.741343 0.670429
vn 0.066781 0.776225 0.626910
vn 0.034601 0.785826 0.617479
vn 0.016556 0.768622 0.639489
vn -0.030883 0.750383 0.660281
vn 0.098934 0.765660 0.635592
vn 0.080788 0.748773 0.657885
vn 0.385377 0.557226 0.735516
vn 0.382601 0.574514 0.723568
vn 0.368687 0.568239 0.735646
vn 0.397621 0.585055 0.706830
vn 0.375225 0.610811 0.697220
vn 0.366497 0.587641 0.721359
vn 0.351871 0.579010 0.735482
vn 0.414172 0.573895 0.706474
vn 0.399886 0.565707 0.721157
vn -0.112904 0.677461 0.726842
vn -0.121895 0.694668 0.708928
vn -0.137228 0.682047 0.718317
vn -0.109620 0.710150 0.695465
vn -0.133841 0.714470 0.686746
vn -0.147657 0.700507 0.698203
vn -0.160078 0.686205 0.709576
vn -0.085300 0.705341 0.703717
vn -0.099112 0.691597 0.715452
vn 0.134336 0.668327 0.731637
vn 0.144870 0.685800 0.713226
vn 0.179238 0.675632 0.715119
vn 0.249908 0.687500 0.681828
vn 0.213053 0.671495 0.709720
vn 0.155265 0.702707 0.694331
vn 0.189406 0.695759 0.692853
vn 0.202740 0.654423 0.728442
vn 0.168699 0.661767 0.730483
vn 0.278526 0.747439 0.603123
vn 0.256403 0.758666 0.598901
vn 0.270519 0.765327 0.584033
vn 0.261967 0.786934 0.558667
vn 0.284222 0.775971 0.563105
vn 0.234124 0.769410 0.594302
vn 0.248106 0.778393 0.576670
vn 0.306292 0.764517 0.567185
vn 0.292487 0.756196 0.585337
vn 0.245845 0.689083 0.681707
vn 0.198411 0.700179 0.685844
vn 0.244258 0.705927 0.664834
vn 0.233932 0.746935 0.622386
vn 0.253503 0.734486 0.629497
vn 0.179005 0.710550 0.680497
vn 0.192151 0.738411 0.646396
vn 0.278617 0.703879 0.653396
vn 0.261242 0.696600 0.668207
vn 0.140710 0.705197 0.694909
vn 0.125647 0.710944 0.691934
vn 0.133261 0.736409 0.663282
vn 0.125584 0.752317 0.646721
vn 0.142013 0.745782 0.650878
vn 0.107399 0.735915 0.668502
vn 0.116502 0.744211 0.657706
vn 0.158358 0.739016 0.654812
vn 0.151568 0.712211 0.685407
vn 0.084678 0.776426 0.624494
vn 0.056177 0.784963 0.616990
vn 0.071882 0.794100 0.603522
vn 0.058421 0.817405 0.573093
vn 0.088685 0.809349 0.580594
vn 0.027692 0.792744 0.608925
vn 0.042816 0.805349 0.591253
vn 0.118904 0.800439 0.587503
vn 0.099825 0.788751 0.606553
vn 0.074424 0.645098 0.760467
vn 0.067134 0.668872 0.740340
vn 0.050048 0.656080 0.753030
vn 0.081936 0.684383 0.724505
vn 0.057527 0.694956 0.716747
vn 0.041624 0.680954 0.731142
vn 0.025714 0.666523 0.745041
vn 0.106348 0.673252 0.731725
vn 0.090410 0.659387 0.746347
vn -0.137558 0.707848 0.692841
vn -0.156506 0.711697 0.684831
vn -0.141280 0.741846 0.655518
vn -0.151292 0.758985 0.633288
vn -0.131562 0.754629 0.642826
vn -0.172149 0.734956 0.655900
vn -0.161766 0.747096 0.644732
vn -0.111755 0.749894 0.652050
vn -0.122294 0.738077 0.663540
vn 0.278543 0.747419 0.603140
vn 0.270511 0.765459 0.583863
vn 0.256370 0.758671 0.598909
vn 0.284251 0.776014 0.563031
vn 0.261946 0.787000 0.558583
vn 0.248055 0.778441 0.576627
vn 0.234041 0.769438 0.594299
vn 0.306370 0.764534 0.567120
vn 0.292535 0.756195 0.585314
vn 0.205036 0.559197 0.803280
vn 0.199126 0.576111 0.792745
vn 0.186643 0.567760 0.801756
vn 0.212470 0.587805 0.780604
vn 0.191359 0.611313 0.767905
vn 0.181184 0.586319 0.789558
vn 0.168149 0.576098 0.799898
vn 0.230712 0.579101 0.781930
vn 0.217940 0.569276 0.792734
vn 0.385364 0.557242 0.735510
vn 0.368711 0.568231 0.735640
vn 0.382559 0.574370 0.723704
vn 0.375237 0.610741 0.697275
vn 0.397582 0.585010 0.706889
vn 0.351934 0.578979 0.735477
vn 0.366527 0.587590 0.721385
vn 0.414096 0.573876 0.706534
vn 0.399841 0.565705 0.721183
vn 0.245848 0.689062 0.681727
vn 0.244254 0.706042 0.664715
vn 0.198388 0.700182 0.685848
vn 0.253544 0.734519 0.629442
vn 0.233929 0.746995 0.622315
vn 0.192118 0.738452 0.646359
vn 0.178938 0.710576 0.680487
vn 0.278700 0.703891 0.653349
vn 0.261279 0.696597 0.668196
vn 0.396400 0.695439 0.599360
vn 0.391175 0.705919 0.590475
vn 0.434679 0.703657 0.562068
vn 0.432537 0.733020 0.524970
vn 0.449487 0.703366 0.550671
vn 0.376223 0.735691 0.563219
vn 0.415270 0.734672 0.536477
vn 0.454235 0.692918 0.559942
vn 0.438788 0.694455 0.570261
vn -0.137581 0.707903 0.692781
vn -0.141299 0.741868 0.655490
vn -0.156476 0.711741 0.684792
vn -0.131599 0.754606 0.642846
vn -0.151274 0.758950 0.633334
vn -0.161719 0.747094 0.644747
vn -0.172074 0.734988 0.655884
vn -0.111847 0.749885 0.652045
vn -0.122357 0.738100 0.663503
vn -0.224310 0.786885 0.574889
vn -0.175831 0.782642 0.597123
vn -0.217187 0.770176 0.599715
vn -0.181739 0.756442 0.628304
vn -0.227996 0.761097 0.607248
vn -0.157112 0.777712 0.608671
vn -0.169469 0.767204 0.618610
vn -0.249445 0.764943 0.593835
vn -0.236945 0.776061 0.584454
vn -0.535158 0.618742 0.575121
vn -0.541392 0.588065 0.600894
vn -0.523556 0.615540 0.589067
vn -0.550181 0.580352 0.600410
vn -0.538450 0.577654 0.613504
vn -0.529000 0.587088 0.612770
vn -0.511800 0.612136 0.602786
vn -0.561748 0.582869 0.587114
vn -0.544312 0.607517 0.578487
vn -0.224310 0.786939 0.574815
vn -0.217082 0.770293 0.599604
vn -0.175793 0.782686 0.597075
vn -0.228005 0.761094 0.607248
vn -0.181715 0.756429 0.628327
vn -0.169418 0.767215 0.618611
vn -0.157033 0.777745 0.608649
vn -0.249495 0.764948 0.593807
vn -0.236974 0.776091 0.584402
vn -0.475728 0.754181 0.452653
vn -0.454819 0.757960 0.467586
vn -0.461291 0.742506 0.485690
vn -0.444454 0.733573 0.514132
vn -0.479969 0.712006 0.512521
vn -0.433604 0.761228 0.482203
vn -0.439141 0.747559 0.498308
vn -0.500946 0.708778 0.496675
vn -0.481289 0.740629 0.468861
vn -0.345485 0.774656 0.529668
vn -0.379877 0.747138 0.545416
vn -0.346040 0.756500 0.554945
vn -0.432791 0.740542 0.514090
vn -0.444318 0.705191 0.552528
vn -0.388329 0.712284 0.584681
vn -0.346260 0.737629 0.579662
vn -0.434800 0.757993 0.486206
vn -0.401751 0.767234 0.499949
vn -0.141436 0.669282 0.729423
vn -0.113713 0.659435 0.743112
vn -0.131631 0.639658 0.757305
vn -0.117625 0.613319 0.781028
vn -0.145432 0.623714 0.768004
vn -0.085873 0.648894 0.756017
vn -0.101793 0.631328 0.768807
vn -0.173078 0.633451 0.754177
vn -0.157324 0.651592 0.742077
vn -0.493114 0.805083 0.329666
vn -0.454791 0.810611 0.368884
vn -0.460901 0.797557 0.389196
vn -0.445573 0.793023 0.415427
vn -0.466154 0.788063 0.402068
vn -0.434287 0.815656 0.382229
vn -0.440021 0.804526 0.398899
vn -0.486401 0.782620 0.388484
vn -0.480782 0.794031 0.371974
vn -0.332037 0.737862 0.587631
vn -0.332286 0.707009 0.624279
vn -0.315668 0.737373 0.597189
vn -0.337784 0.699365 0.629913
vn -0.321360 0.698760 0.639111
vn -0.314943 0.708003 0.632094
vn -0.299183 0.736618 0.606534
vn -0.354078 0.699723 0.620498
vn -0.347661 0.709009 0.613545
vn -0.537785 0.679393 0.499212
vn -0.504533 0.683836 0.527081
vn -0.516697 0.693760 0.501719
vn -0.490278 0.677677 0.548070
vn -0.468201 0.691253 0.550416
vn -0.481691 0.699718 0.527606
vn -0.494814 0.707643 0.504381
vn -0.512081 0.663605 0.545346
vn -0.525381 0.671756 0.522224
vn -0.277615 0.693060 0.665281
vn -0.261960 0.671596 0.693063
vn -0.249164 0.690128 0.679442
vn -0.271002 0.655744 0.704668
vn -0.216625 0.652029 0.726589
vn -0.205668 0.669138 0.714112
vn -0.194588 0.685876 0.701220
vn -0.299506 0.658498 0.690418
vn -0.288634 0.675989 0.678033
vn -0.475676 0.754173 0.452720
vn -0.461270 0.742549 0.485645
vn -0.454825 0.757941 0.467611
vn -0.479941 0.712061 0.512470
vn -0.444490 0.733623 0.514030
vn -0.439191 0.747570 0.498248
vn -0.433669 0.761200 0.482188
vn -0.500860 0.708844 0.496669
vn -0.481222 0.740658 0.468883
vn -0.141440 0.669366 0.729345
vn -0.131511 0.639787 0.757217
vn -0.113655 0.659497 0.743065
vn -0.145445 0.623698 0.768015
vn -0.117575 0.613279 0.781067
vn -0.101707 0.631328 0.768818
vn -0.085752 0.648932 0.755998
vn -0.173153 0.633456 0.754156
vn -0.157363 0.651637 0.742028
vn -0.537725 0.679384 0.499289
vn -0.516679 0.693718 0.501795
vn -0.504587 0.683700 0.527206
vn -0.468291 0.691217 0.550384
vn -0.490318 0.677671 0.548042
vn -0.494845 0.707571 0.504452
vn -0.481751 0.699663 0.527625
vn -0.512072 0.663630 0.545324
vn -0.525343 0.671763 0.522254
vn -0.088045 0.802363 0.590306
vn -0.061798 0.795394 0.602934
vn -0.081081 0.781284 0.618887
vn -0.067170 0.764317 0.641333
vn -0.091367 0.771700 0.629390
vn -0.035531 0.787722 0.615005
vn -0.052431 0.776283 0.628201
vn -0.115511 0.778484 0.616944
vn -0.102751 0.790622 0.603621
vn -0.260421 0.756413 0.600017
vn -0.226628 0.751794 0.619230
vn -0.253642 0.709676 0.657286
vn -0.201422 0.690126 0.695093
vn -0.261302 0.695862 0.668953
vn -0.167697 0.745047 0.645587
vn -0.187831 0.707268 0.681536
vn -0.293128 0.700295 0.650894
vn -0.271836 0.736368 0.619570
vn -0.293873 0.810061 0.507385
vn -0.263808 0.808491 0.526068
vn -0.280018 0.790431 0.544802
vn -0.263439 0.776256 0.572736
vn -0.291148 0.778595 0.555898
vn -0.232415 0.805871 0.544569
vn -0.248377 0.791345 0.558643
vn -0.318537 0.780111 0.538480
vn -0.306294 0.795339 0.523087
vn -0.260422 0.756499 0.599908
vn -0.253353 0.709893 0.657164
vn -0.226537 0.751869 0.619172
vn -0.261275 0.695864 0.668961
vn -0.201354 0.690112 0.695127
vn -0.187718 0.707293 0.681542
vn -0.167552 0.745104 0.645559
vn -0.293173 0.700307 0.650861
vn -0.271863 0.736411 0.619507
vn -0.635289 0.686934 0.352887
vn -0.618432 0.682874 0.388877
vn -0.616430 0.695991 0.368254
vn -0.618807 0.673010 0.405137
vn -0.582762 0.681215 0.443098
vn -0.598469 0.693131 0.401752
vn -0.597227 0.704548 0.383317
vn -0.637854 0.664134 0.389960
vn -0.636723 0.675692 0.371517
vn -0.088028 0.802431 0.590216
vn -0.080933 0.781435 0.618716
vn -0.061723 0.795446 0.602873
vn -0.091368 0.771702 0.629388
vn -0.067116 0.764301 0.641357
vn -0.052334 0.776293 0.628196
vn -0.035397 0.787756 0.614970
vn -0.115566 0.778500 0.616914
vn -0.102777 0.790665 0.603561
vn -0.345573 0.774575 0.529729
vn -0.346127 0.756458 0.554948
vn -0.379943 0.746990 0.545572
vn -0.444286 0.705208 0.552533
vn -0.432744 0.740536 0.514140
vn -0.346346 0.737629 0.579610
vn -0.388346 0.712284 0.584670
vn -0.434749 0.757949 0.486320
vn -0.401773 0.767168 0.500031
vn -0.421130 0.657673 0.624592
vn -0.400255 0.658806 0.637001
vn -0.405634 0.642058 0.650556
vn -0.388974 0.629383 0.672738
vn -0.410155 0.628713 0.660676
vn -0.379074 0.659551 0.649073
vn -0.384100 0.644590 0.661038
vn -0.431027 0.627673 0.648261
vn -0.426162 0.642796 0.636553
vn -0.439404 0.703977 0.557979
vn -0.393507 0.704350 0.590799
vn -0.401211 0.688828 0.603776
vn -0.389899 0.677328 0.623864
vn -0.409485 0.677518 0.610976
vn -0.372631 0.704235 0.604317
vn -0.381962 0.690882 0.613831
vn -0.453617 0.677122 0.579428
vn -0.446582 0.690679 0.568794
vn -0.332019 0.737823 0.587690
vn -0.315687 0.737335 0.597226
vn -0.332344 0.706907 0.624364
vn -0.321393 0.698763 0.639091
vn -0.337781 0.699367 0.629913
vn -0.299239 0.736582 0.606550
vn -0.314991 0.707986 0.632089
vn -0.354038 0.699724 0.620519
vn -0.347636 0.708989 0.613582
vn -0.277598 0.692998 0.665352
vn -0.249211 0.690072 0.679481
vn -0.262074 0.671498 0.693114
vn -0.216662 0.652060 0.726551
vn -0.270999 0.655765 0.704650
vn -0.194674 0.685832 0.701239
vn -0.205730 0.669130 0.714101
vn -0.299440 0.658513 0.690432
vn -0.288592 0.675965 0.678075
vn -0.293893 0.810132 0.507260
vn -0.279950 0.790633 0.544542
vn -0.263753 0.808560 0.525990
vn -0.291163 0.778600 0.555884
vn -0.263392 0.776255 0.572759
vn -0.248288 0.791376 0.558638
vn -0.232289 0.805933 0.544531
vn -0.318613 0.780117 0.538426
vn -0.306342 0.795378 0.522999
vn -0.064165 0.768877 0.636169
vn -0.044289 0.762075 0.645973
vn -0.057763 0.750667 0.658151
vn -0.049195 0.734949 0.676335
vn -0.068355 0.741971 0.666938
vn -0.023592 0.754833 0.655493
vn -0.037539 0.745086 0.665911
vn -0.087530 0.748636 0.657178
vn -0.075864 0.758886 0.646789
vn -0.421161 0.657723 0.624519
vn -0.405613 0.642168 0.650461
vn -0.400240 0.658859 0.636956
vn -0.410162 0.628699 0.660685
vn -0.388933 0.629370 0.672774
vn -0.384049 0.644612 0.661046
vn -0.379011 0.659606 0.649054
vn -0.431080 0.627657 0.648241
vn -0.426205 0.642814 0.636506
vn -0.493142 0.805114 0.329550
vn -0.460881 0.797675 0.388977
vn -0.454773 0.810657 0.368805
vn -0.466162 0.788059 0.402064
vn -0.445536 0.793030 0.415452
vn -0.439971 0.804559 0.398887
vn -0.434224 0.815713 0.382180
vn -0.486455 0.782604 0.388449
vn -0.480823 0.794040 0.371902
vn -0.635259 0.686910 0.352989
vn -0.616441 0.695946 0.368320
vn -0.618474 0.682761 0.389008
vn -0.582798 0.681203 0.443068
vn -0.618812 0.673015 0.405121
vn -0.597281 0.704484 0.383350
vn -0.598520 0.693091 0.401744
vn -0.637817 0.664159 0.389978
vn -0.636689 0.675691 0.371576
vn -0.439429 0.704028 0.557895
vn -0.401232 0.688963 0.603609
vn -0.393493 0.704404 0.590744
vn -0.409507 0.677513 0.610967
vn -0.389877 0.677322 0.623883
vn -0.381921 0.690906 0.613828
vn -0.372558 0.704290 0.604299
vn -0.453675 0.677114 0.579393
vn -0.446624 0.690701 0.568735
vn -0.535168 0.618767 0.575085
vn -0.523533 0.615556 0.589070
vn -0.541407 0.588024 0.600921
vn -0.538450 0.577601 0.613554
vn -0.550213 0.580307 0.600424
vn -0.511744 0.612142 0.602827
vn -0.528973 0.587062 0.612817
vn -0.561812 0.582831 0.587090
vn -0.544347 0.607511 0.578461
vn -0.064134 0.768847 0.636209
vn -0.057739 0.750701 0.658114
vn -0.044316 0.762062 0.645985
vn -0.068312 0.742015 0.666893
vn -0.049205 0.735013 0.676265
vn -0.037581 0.745122 0.665869
vn -0.023676 0.754841 0.655480
vn -0.087434 0.748662 0.657161
vn -0.075800 0.758883 0.646800
vn -0.036226 0.951567 0.305299
vn -0.063398 0.956067 0.286212
vn -0.042984 0.964717 0.259755
vn -0.051628 0.975541 0.213669
vn -0.024341 0.972106 0.233276
vn -0.099596 0.959388 0.263924
vn -0.071190 0.968055 0.240420
vn 0.012276 0.967480 0.252650
vn -0.016723 0.960098 0.279165
vn 0.466141 0.880452 0.086698
vn 0.473164 0.879330 0.053803
vn 0.458008 0.886340 0.068044
vn 0.487407 0.872283 0.039455
vn 0.479438 0.877406 0.017263
vn 0.464668 0.884852 0.033472
vn 0.449669 0.891831 0.049356
vn 0.495623 0.866592 0.058102
vn 0.481004 0.873723 0.072408
vn -0.036220 0.951535 0.305402
vn -0.043042 0.964711 0.259768
vn -0.063452 0.956045 0.286272
vn -0.024308 0.972121 0.233218
vn -0.051656 0.975562 0.213566
vn -0.071262 0.968060 0.240378
vn -0.099708 0.959371 0.263942
vn 0.012368 0.967482 0.252636
vn -0.016673 0.960085 0.279210
vn 0.308752 0.879541 0.362049
vn 0.287072 0.889696 0.355009
vn 0.303772 0.893519 0.330676
vn 0.296292 0.907136 0.298858
vn 0.318105 0.897310 0.306013
vn 0.245396 0.899441 0.361644
vn 0.280870 0.903596 0.323460
vn 0.339726 0.886922 0.312978
vn 0.324371 0.883608 0.337668
vn 0.163987 0.918599 0.359562
vn 0.246520 0.919161 0.307199
vn 0.183083 0.928716 0.322439
vn 0.280646 0.910166 0.304689
vn 0.297522 0.917842 0.262766
vn 0.260299 0.928210 0.265839
vn 0.184748 0.955483 0.230045
vn 0.269658 0.901014 0.339792
vn 0.208427 0.910765 0.356461
vn -0.138088 0.989713 -0.037421
vn -0.179796 0.980867 -0.074661
vn -0.143077 0.981977 -0.123494
vn -0.159431 0.966910 -0.199167
vn -0.107850 0.978341 -0.176685
vn -0.223767 0.969193 -0.102926
vn -0.188909 0.969691 -0.154962
vn -0.063600 0.986935 -0.148036
vn -0.100510 0.990093 -0.098049
vn 0.257048 0.820426 0.510713
vn 0.235775 0.830150 0.505234
vn 0.239137 0.856269 0.457840
vn 0.229696 0.872411 0.431439
vn 0.253713 0.862902 0.437069
vn 0.200466 0.857711 0.473440
vn 0.215141 0.865359 0.452623
vn 0.290129 0.834557 0.468338
vn 0.273721 0.827822 0.489681
vn 0.155165 0.960897 0.229347
vn 0.152332 0.970351 0.187654
vn 0.131149 0.967313 0.217039
vn 0.164983 0.972747 0.162926
vn 0.140731 0.978588 0.150200
vn 0.119955 0.976294 0.180170
vn 0.106935 0.973005 0.204514
vn 0.189034 0.966163 0.175487
vn 0.175953 0.963924 0.199727
vn 0.412888 0.875386 0.251443
vn 0.380919 0.893412 0.238150
vn 0.384902 0.883771 0.266081
vn 0.376298 0.902914 0.207716
vn 0.348099 0.910728 0.222264
vn 0.336838 0.901573 0.271490
vn 0.336347 0.891378 0.303835
vn 0.404141 0.894121 0.192921
vn 0.408714 0.885173 0.222308
vn 0.080218 0.991916 0.098327
vn 0.066289 0.997247 0.033218
vn 0.021757 0.996068 0.085879
vn 0.087119 0.995394 -0.040027
vn 0.031663 0.996719 -0.074490
vn -0.017556 0.999306 -0.032859
vn -0.038600 0.997309 0.062332
vn 0.132128 0.991182 -0.009984
vn 0.107387 0.992972 0.049743
vn 0.308725 0.879586 0.361963
vn 0.303747 0.893528 0.330675
vn 0.287104 0.889712 0.354942
vn 0.318052 0.897306 0.306081
vn 0.296299 0.907104 0.298946
vn 0.280920 0.903573 0.323480
vn 0.245523 0.899431 0.361583
vn 0.339614 0.886948 0.313028
vn 0.324301 0.883641 0.337649
vn -0.138072 0.989720 -0.037302
vn -0.143190 0.981936 -0.123687
vn -0.179880 0.980856 -0.074601
vn -0.107809 0.978321 -0.176818
vn -0.159483 0.966861 -0.199363
vn -0.189028 0.969652 -0.155060
vn -0.223949 0.969150 -0.102929
vn -0.063459 0.986934 -0.148104
vn -0.100431 0.990104 -0.098020
vn 0.412818 0.875424 0.251425
vn 0.384895 0.883790 0.266029
vn 0.380927 0.893390 0.238221
vn 0.348174 0.910688 0.222311
vn 0.376310 0.902891 0.207795
vn 0.336400 0.891383 0.303763
vn 0.336908 0.901552 0.271471
vn 0.404091 0.894119 0.193034
vn 0.408653 0.885190 0.222354
vn -0.210376 0.918165 0.335730
vn -0.260159 0.917455 0.300988
vn -0.248269 0.927291 0.280168
vn -0.235973 0.950708 0.201173
vn -0.201543 0.953840 0.222643
vn -0.292712 0.915279 0.276738
vn -0.281882 0.924827 0.255416
vn -0.159470 0.955220 0.249247
vn -0.199182 0.927907 0.315142
vn 0.033344 0.972057 0.232365
vn -0.023646 0.978054 0.207006
vn 0.016457 0.986985 0.159971
vn -0.019458 0.996319 0.083487
vn 0.046485 0.993239 0.106373
vn -0.080607 0.980648 0.178414
vn -0.054599 0.990066 0.129569
vn 0.101363 0.986734 0.126814
vn 0.068070 0.981120 0.181025
vn 0.053559 0.907299 0.417062
vn 0.022240 0.914617 0.403710
vn 0.045846 0.924071 0.379461
vn 0.030005 0.957534 0.286756
vn 0.074396 0.932092 0.354499
vn -0.039056 0.920952 0.387715
vn 0.010814 0.930284 0.366681
vn 0.132018 0.923737 0.359558
vn 0.080220 0.916298 0.392380
vn 0.033339 0.972022 0.232511
vn 0.016173 0.987006 0.159869
vn -0.023753 0.978032 0.207096
vn 0.046486 0.993253 0.106245
vn -0.019555 0.996333 0.083300
vn -0.054751 0.990068 0.129493
vn -0.080818 0.980625 0.178448
vn 0.101466 0.986732 0.126748
vn 0.068119 0.981109 0.181065
vn 0.467745 0.788989 0.398385
vn 0.462748 0.806199 0.368656
vn 0.448041 0.802489 0.394045
vn 0.493116 0.809740 0.318054
vn 0.474130 0.823008 0.312824
vn 0.443034 0.819797 0.362841
vn 0.428088 0.815506 0.389476
vn 0.511876 0.795976 0.323118
vn 0.482515 0.793142 0.371626
vn -0.210357 0.918142 0.335805
vn -0.248338 0.927281 0.280139
vn -0.260196 0.917431 0.301030
vn -0.201529 0.953858 0.222579
vn -0.236036 0.950716 0.201061
vn -0.281967 0.924818 0.255355
vn -0.292821 0.915248 0.276725
vn -0.159381 0.955240 0.249229
vn -0.199127 0.927907 0.315177
vn 0.164138 0.918597 0.359496
vn 0.183191 0.928689 0.322456
vn 0.246617 0.919106 0.307286
vn 0.297412 0.917842 0.262892
vn 0.280584 0.910179 0.304708
vn 0.184853 0.955429 0.230186
vn 0.260271 0.928184 0.265958
vn 0.269622 0.901047 0.339733
vn 0.208478 0.910777 0.356401
vn 0.363921 0.926473 0.095970
vn 0.294672 0.952885 0.071961
vn 0.310602 0.949768 0.038313
vn 0.292472 0.955940 -0.025294
vn 0.368761 0.929417 -0.014093
vn 0.259974 0.964014 0.055593
vn 0.276345 0.960855 0.019801
vn 0.388141 0.921218 0.026548
vn 0.376166 0.924474 0.062029
vn 0.292541 0.920074 0.260544
vn 0.273382 0.929120 0.248995
vn 0.309702 0.929423 0.200645
vn 0.263758 0.956300 0.126184
vn 0.329191 0.929291 0.167485
vn 0.216223 0.955923 0.198646
vn 0.242730 0.957023 0.158714
vn 0.345859 0.920179 0.183445
vn 0.328357 0.920463 0.211967
vn 0.155144 0.960919 0.229272
vn 0.131182 0.967319 0.216992
vn 0.152359 0.970341 0.187682
vn 0.140762 0.978570 0.150289
vn 0.164959 0.972741 0.162986
vn 0.107022 0.973000 0.204494
vn 0.120013 0.976280 0.180205
vn 0.188956 0.966172 0.175519
vn 0.175905 0.963938 0.199704
vn 0.080181 0.991927 0.098243
vn 0.021807 0.996070 0.085845
vn 0.066350 0.997234 0.033488
vn 0.031714 0.996730 -0.074316
vn 0.087081 0.995402 -0.039894
vn -0.038464 0.997313 0.062343
vn -0.017467 0.999310 -0.032778
vn 0.131997 0.991201 -0.009895
vn 0.107304 0.992981 0.049747
vn 0.053574 0.907258 0.417148
vn 0.045769 0.924064 0.379488
vn 0.022185 0.914593 0.403767
vn 0.074449 0.932108 0.354447
vn 0.029963 0.957568 0.286647
vn -0.013749 0.930421 0.366236
vn -0.039205 0.920939 0.387729
vn 0.132111 0.923732 0.359535
vn 0.080286 0.916278 0.392413
vn -0.273215 0.930365 0.244488
vn -0.310760 0.928098 0.205094
vn -0.255302 0.953078 0.162676
vn -0.265504 0.956966 0.117152
vn -0.238498 0.961563 0.136072
vn -0.332855 0.925110 0.182699
vn -0.324341 0.931856 0.162628
vn -0.205716 0.965028 0.162489
vn -0.223558 0.956103 0.189446
vn 0.363931 0.926462 0.096038
vn 0.310622 0.949766 0.038193
vn 0.294639 0.952891 0.072018
vn 0.368771 0.929412 -0.014169
vn 0.292434 0.955947 -0.025431
vn 0.276270 0.960877 0.019741
vn 0.259862 0.964043 0.055614
vn 0.388202 0.921194 0.026479
vn 0.376202 0.924459 0.062040
vn 0.257054 0.820390 0.510768
vn 0.239140 0.856253 0.457868
vn 0.235733 0.830136 0.505276
vn 0.253746 0.862914 0.437026
vn 0.229675 0.872444 0.431383
vn 0.215087 0.865377 0.452615
vn 0.200379 0.857710 0.473478
vn 0.290209 0.834552 0.468297
vn 0.273764 0.827803 0.489689
vn 0.467733 0.789024 0.398331
vn 0.448073 0.802493 0.394000
vn 0.462738 0.806167 0.368738
vn 0.474153 0.822967 0.312896
vn 0.493096 0.809728 0.318114
vn 0.428164 0.815481 0.389442
vn 0.443077 0.819762 0.362867
vn 0.511814 0.795996 0.323167
vn 0.482469 0.793166 0.371632
vn 0.292536 0.920053 0.260625
vn 0.309694 0.929431 0.200620
vn 0.273335 0.929119 0.249050
vn 0.329234 0.929291 0.167405
vn 0.263749 0.956318 0.126067
vn 0.242675 0.957044 0.158670
vn 0.216122 0.955940 0.198672
vn 0.345939 0.920158 0.183400
vn 0.328397 0.920444 0.211988
vn 0.466125 0.880452 0.086790
vn 0.457970 0.886356 0.068084
vn 0.473172 0.879326 0.053804
vn 0.479461 0.877396 0.017148
vn 0.487451 0.872260 0.039416
vn 0.449608 0.891862 0.049344
vn 0.464650 0.884864 0.033402
vn 0.495689 0.866554 0.058115
vn 0.481030 0.873705 0.072460
vn -0.273259 0.930381 0.244379
vn -0.255320 0.953072 0.162683
vn -0.310735 0.928118 0.205037
vn -0.238556 0.961538 0.136150
vn -0.265487 0.956954 0.117283
vn -0.324279 0.931867 0.162688
vn -0.332769 0.925140 0.182704
vn -0.205851 0.964995 0.162513
vn -0.223642 0.956093 0.189395
vn 0.150601 0.790982 0.593015
vn 0.131716 0.799706 0.585765
vn 0.150182 0.806067 0.572452
vn 0.147569 0.822823 0.548803
vn 0.194835 0.814095 0.547073
vn 0.112757 0.808046 0.578228
vn 0.130229 0.815681 0.563654
vn 0.211197 0.804929 0.554514
vn 0.167960 0.798386 0.578247
vn 0.558116 0.736955 0.381318
vn 0.568749 0.741671 0.355595
vn 0.553056 0.747529 0.367871
vn 0.582943 0.736996 0.342074
vn 0.577676 0.747295 0.328392
vn 0.562851 0.752755 0.341407
vn 0.547805 0.757895 0.354267
vn 0.604141 0.707966 0.365785
vn 0.590849 0.712686 0.378123
vn 0.150592 0.790959 0.593049
vn 0.150119 0.806137 0.572370
vn 0.131665 0.799702 0.585783
vn 0.194848 0.814122 0.547028
vn 0.147554 0.822870 0.548737
vn 0.130174 0.815712 0.563621
vn 0.112664 0.808059 0.578227
vn 0.211247 0.804936 0.554485
vn 0.167991 0.798379 0.578248
vn 0.398793 0.686009 0.608569
vn 0.381873 0.697631 0.606205
vn 0.398475 0.702810 0.589301
vn 0.407443 0.742192 0.532110
vn 0.438011 0.710174 0.551180
vn 0.364790 0.708955 0.603582
vn 0.371162 0.735121 0.567306
vn 0.452519 0.698077 0.554900
vn 0.439089 0.692438 0.572478
vn 0.295537 0.755388 0.584847
vn 0.339449 0.756616 0.558845
vn 0.304943 0.771086 0.558960
vn 0.371220 0.745895 0.553025
vn 0.405335 0.759521 0.508754
vn 0.351444 0.773445 0.527514
vn 0.316849 0.785910 0.530991
vn 0.369412 0.712294 0.596802
vn 0.328705 0.743427 0.582469
vn 0.108820 0.907736 0.405184
vn 0.069900 0.916813 0.393151
vn 0.130465 0.922835 0.362429
vn 0.098485 0.960442 0.260486
vn 0.159199 0.931591 0.326795
vn 0.031055 0.924286 0.380436
vn 0.059729 0.950172 0.305950
vn 0.190996 0.921588 0.337929
vn 0.158263 0.915296 0.370386
vn 0.354008 0.636604 0.685138
vn 0.336115 0.648202 0.683272
vn 0.349037 0.655875 0.669329
vn 0.345118 0.677016 0.650032
vn 0.362434 0.665588 0.652407
vn 0.318070 0.659502 0.681093
vn 0.330326 0.668420 0.666408
vn 0.379586 0.653872 0.654496
vn 0.366205 0.645404 0.670334
vn 0.302848 0.790990 0.531619
vn 0.301632 0.802817 0.514299
vn 0.288115 0.798940 0.527906
vn 0.313896 0.808547 0.497716
vn 0.299161 0.816397 0.493962
vn 0.286303 0.811698 0.509094
vn 0.273302 0.806653 0.524040
vn 0.328538 0.800460 0.501325
vn 0.315773 0.795896 0.516563
vn 0.499854 0.690396 0.522972
vn 0.477957 0.709500 0.517848
vn 0.475483 0.697673 0.535881
vn 0.462260 0.745539 0.480092
vn 0.435469 0.753257 0.492921
vn 0.438055 0.737626 0.513825
vn 0.450814 0.704359 0.548311
vn 0.488598 0.737124 0.466820
vn 0.501754 0.704265 0.502249
vn 0.250937 0.859371 0.445546
vn 0.241309 0.876257 0.417067
vn 0.221536 0.870878 0.438742
vn 0.284277 0.884039 0.371027
vn 0.233778 0.895556 0.378586
vn 0.211070 0.889063 0.406222
vn 0.191843 0.881496 0.431464
vn 0.310489 0.871937 0.378581
vn 0.269993 0.866380 0.420106
vn 0.398782 0.686077 0.608500
vn 0.398455 0.702847 0.589271
vn 0.381908 0.697666 0.606142
vn 0.437952 0.710174 0.551226
vn 0.407437 0.742148 0.532175
vn 0.371208 0.735096 0.567308
vn 0.364873 0.708959 0.603527
vn 0.452424 0.698112 0.554933
vn 0.439031 0.692488 0.572462
vn 0.108805 0.907720 0.405224
vn 0.130293 0.922954 0.362187
vn 0.069797 0.916816 0.393163
vn 0.159254 0.931625 0.326669
vn 0.098418 0.960506 0.260274
vn 0.059599 0.950217 0.305836
vn 0.030898 0.924301 0.380413
vn 0.191122 0.921599 0.337827
vn 0.158299 0.915298 0.370367
vn 0.499809 0.690418 0.522985
vn 0.475493 0.697678 0.535865
vn 0.477985 0.709363 0.518010
vn 0.435540 0.753189 0.492962
vn 0.462270 0.745487 0.480162
vn 0.450879 0.704351 0.548268
vn 0.438119 0.737592 0.513819
vn 0.488550 0.737092 0.466920
vn 0.501705 0.704257 0.502309
vn 0.037636 0.793840 0.606960
vn 0.014150 0.801180 0.598256
vn 0.031010 0.812131 0.582650
vn 0.018667 0.831604 0.555055
vn 0.042537 0.824762 0.563877
vn -0.043376 0.807566 0.588180
vn -0.027484 0.819982 0.571729
vn 0.067178 0.817329 0.572242
vn 0.051662 0.805825 0.589896
vn 0.225832 0.809507 0.541939
vn 0.197171 0.822126 0.534072
vn 0.225004 0.831007 0.508724
vn 0.198547 0.875180 0.441179
vn 0.231555 0.862334 0.450292
vn 0.135618 0.833636 0.535405
vn 0.175719 0.864289 0.471304
vn 0.274911 0.831112 0.483402
vn 0.249243 0.820953 0.513725
vn 0.229609 0.743151 0.628495
vn 0.177651 0.757292 0.628450
vn 0.226748 0.767684 0.599371
vn 0.219346 0.792774 0.568680
vn 0.243902 0.778968 0.577686
vn 0.149693 0.770316 0.619844
vn 0.172659 0.782226 0.598591
vn 0.268281 0.764458 0.586200
vn 0.249022 0.754135 0.607675
vn 0.225800 0.809484 0.541986
vn 0.224749 0.831176 0.508562
vn 0.197075 0.822130 0.534101
vn 0.231557 0.862378 0.450206
vn 0.198474 0.875251 0.441071
vn 0.175595 0.864336 0.471264
vn 0.135448 0.833661 0.535410
vn 0.274984 0.831136 0.483319
vn 0.249259 0.820957 0.513713
vn 0.532545 0.609800 0.586975
vn 0.529180 0.629340 0.569122
vn 0.516209 0.624219 0.586412
vn 0.541128 0.637061 0.548938
vn 0.524617 0.651342 0.548207
vn 0.512248 0.645014 0.567061
vn 0.499623 0.638346 0.585570
vn 0.557369 0.622488 0.549407
vn 0.545097 0.616308 0.568361
vn 0.037625 0.793809 0.607002
vn 0.030838 0.812197 0.582568
vn 0.014086 0.801165 0.598278
vn 0.042546 0.824800 0.563821
vn 0.018613 0.831656 0.554980
vn -0.027569 0.820006 0.571690
vn -0.043497 0.807561 0.588177
vn 0.067243 0.817350 0.572204
vn 0.051683 0.805821 0.589899
vn 0.295650 0.755371 0.584813
vn 0.305034 0.771033 0.558983
vn 0.339537 0.756468 0.558991
vn 0.405267 0.759497 0.508845
vn 0.371155 0.745897 0.553065
vn 0.316907 0.785826 0.531082
vn 0.351424 0.773387 0.527612
vn 0.369389 0.712313 0.596793
vn 0.328743 0.743434 0.582439
vn 0.440994 0.788910 0.427956
vn 0.422405 0.801819 0.422683
vn 0.439523 0.803798 0.400909
vn 0.437047 0.821171 0.366971
vn 0.455480 0.808544 0.372550
vn 0.403855 0.814280 0.416952
vn 0.420660 0.818102 0.392115
vn 0.473689 0.795476 0.377936
vn 0.457452 0.792560 0.403219
vn 0.401466 0.762277 0.507699
vn 0.384490 0.775947 0.500074
vn 0.401392 0.779045 0.481636
vn 0.400098 0.797072 0.452324
vn 0.417278 0.783679 0.460137
vn 0.343482 0.789204 0.509095
vn 0.383818 0.793396 0.472448
vn 0.434245 0.769858 0.467708
vn 0.417976 0.766324 0.487898
vn 0.302851 0.791006 0.531593
vn 0.288150 0.798938 0.527889
vn 0.301667 0.802747 0.514387
vn 0.299172 0.816357 0.494021
vn 0.313874 0.808524 0.497767
vn 0.273371 0.806634 0.524032
vn 0.286343 0.811669 0.509119
vn 0.328484 0.800455 0.501368
vn 0.315747 0.795901 0.516571
vn 0.250922 0.859391 0.445517
vn 0.221586 0.870872 0.438728
vn 0.241347 0.876136 0.417298
vn 0.233783 0.895498 0.378719
vn 0.284243 0.884006 0.371133
vn 0.191960 0.881468 0.431468
vn 0.211144 0.889018 0.406282
vn 0.310396 0.871931 0.378669
vn 0.269935 0.866385 0.420134
vn 0.229596 0.743103 0.628557
vn 0.226622 0.767735 0.599354
vn 0.177587 0.757273 0.628490
vn 0.243921 0.779000 0.577635
vn 0.219310 0.792836 0.568608
vn 0.172584 0.782264 0.598563
vn 0.149566 0.770325 0.619863
vn 0.268355 0.764457 0.586167
vn 0.249053 0.754112 0.607690
vn 0.015256 0.826121 0.563286
vn -0.037500 0.831640 0.554047
vn -0.018616 0.858827 0.511928
vn -0.029688 0.873395 0.486108
vn 0.018314 0.867669 0.496805
vn -0.054335 0.855226 0.515399
vn -0.042030 0.864498 0.500877
vn 0.039594 0.861666 0.505929
vn 0.025126 0.853190 0.520995
vn 0.440998 0.788892 0.427984
vn 0.439501 0.803904 0.400721
vn 0.422363 0.801830 0.422704
vn 0.455512 0.808569 0.372458
vn 0.437037 0.821223 0.366866
vn 0.420614 0.818149 0.392067
vn 0.403771 0.814318 0.416959
vn 0.473762 0.795472 0.377856
vn 0.457489 0.792551 0.403196
vn 0.354013 0.636571 0.685166
vn 0.348996 0.655946 0.669281
vn 0.336080 0.648195 0.683296
vn 0.362463 0.665619 0.652358
vn 0.345109 0.677074 0.649978
vn 0.330278 0.668458 0.666394
vn 0.317994 0.659520 0.681112
vn 0.379654 0.653878 0.654452
vn 0.366237 0.645391 0.670329
vn 0.532541 0.609830 0.586948
vn 0.516242 0.624216 0.586386
vn 0.529204 0.629247 0.569202
vn 0.524632 0.651280 0.548267
vn 0.541105 0.637031 0.548996
vn 0.499693 0.638312 0.585546
vn 0.512290 0.644966 0.567079
vn 0.557311 0.622490 0.549465
vn 0.545065 0.616323 0.568375
vn 0.401462 0.762248 0.507745
vn 0.401368 0.779107 0.481556
vn 0.384449 0.775949 0.500103
vn 0.417310 0.783698 0.460076
vn 0.400091 0.797121 0.452245
vn 0.383774 0.793437 0.472415
vn 0.343402 0.789233 0.509103
vn 0.434314 0.769845 0.467664
vn 0.418009 0.766304 0.487899
vn 0.558094 0.736932 0.381396
vn 0.553021 0.747535 0.367912
vn 0.568764 0.741653 0.355608
vn 0.577708 0.747300 0.328323
vn 0.582990 0.736973 0.342044
vn 0.547755 0.757930 0.354270
vn 0.562842 0.752776 0.341375
vn 0.604192 0.707914 0.365799
vn 0.590863 0.712648 0.378171
vn 0.015227 0.826171 0.563214
vn -0.018638 0.858836 0.511912
vn -0.037467 0.831674 0.553999
vn 0.018260 0.867650 0.496840
vn -0.029670 0.873360 0.486171
vn -0.041977 0.864488 0.500898
vn -0.054248 0.855242 0.515381
vn 0.039482 0.861665 0.505940
vn 0.025054 0.853211 0.520964
vn -0.383200 0.829342 0.406632
vn -0.403536 0.827711 0.389940
vn -0.373734 0.856376 0.356290
vn -0.384524 0.864707 0.323147
vn -0.364609 0.867017 0.339620
vn -0.423590 0.825505 0.372977
vn -0.393347 0.854435 0.339439
vn -0.344424 0.868745 0.355885
vn -0.353257 0.858339 0.372108
vn 0.122138 0.953518 0.275474
vn 0.131197 0.963068 0.235134
vn 0.106451 0.962177 0.250765
vn 0.165249 0.962974 0.213010
vn 0.149519 0.970750 0.187850
vn 0.116233 0.970847 0.209633
vn 0.090573 0.969983 0.225677
vn 0.180733 0.954346 0.237822
vn 0.147664 0.954376 0.259542
vn -0.383164 0.829331 0.406689
vn -0.373716 0.856394 0.356266
vn -0.403546 0.827697 0.389960
vn -0.364586 0.867043 0.339579
vn -0.384545 0.864727 0.323068
vn -0.393388 0.854433 0.339397
vn -0.423646 0.825486 0.372959
vn -0.344355 0.868775 0.355880
vn -0.353208 0.858345 0.372140
vn -0.058757 0.864713 0.498817
vn -0.086383 0.868655 0.487829
vn -0.075239 0.879396 0.470108
vn -0.091236 0.893513 0.439671
vn -0.063625 0.890231 0.451043
vn -0.113938 0.871815 0.476399
vn -0.102625 0.882914 0.458182
vn -0.034259 0.886091 0.462243
vn -0.047385 0.875681 0.480560
vn -0.214892 0.869891 0.443972
vn -0.175751 0.887941 0.425056
vn -0.215674 0.884828 0.412994
vn -0.107530 0.890950 0.441187
vn -0.104838 0.905222 0.411803
vn -0.173846 0.903093 0.392684
vn -0.216201 0.898731 0.381497
vn -0.110105 0.875721 0.470095
vn -0.175195 0.873846 0.453543
vn -0.463112 0.879340 0.110856
vn -0.489001 0.867745 0.088866
vn -0.475663 0.877695 0.058274
vn -0.484617 0.874258 -0.028637
vn -0.460879 0.887231 0.020283
vn -0.514208 0.855060 0.066808
vn -0.500400 0.865181 0.032589
vn -0.435219 0.899332 0.042270
vn -0.449500 0.889987 0.076630
vn -0.085561 0.787188 0.610750
vn -0.109271 0.791354 0.601514
vn -0.101032 0.803513 0.586652
vn -0.112641 0.820059 0.561084
vn -0.086512 0.816368 0.571016
vn -0.132887 0.794991 0.591888
vn -0.123812 0.807708 0.576436
vn -0.060299 0.812025 0.580500
vn -0.073170 0.799838 0.595740
vn -0.233809 0.896702 0.375845
vn -0.267049 0.902852 0.336963
vn -0.271935 0.896032 0.350968
vn -0.260414 0.910382 0.321542
vn -0.282768 0.909050 0.306057
vn -0.288605 0.902085 0.320858
vn -0.294358 0.894845 0.335569
vn -0.220935 0.911071 0.348048
vn -0.227402 0.904019 0.361992
vn 0.055916 0.896438 0.439627
vn -0.014585 0.904798 0.425592
vn 0.022329 0.893884 0.447742
vn -0.025565 0.916538 0.399129
vn -0.067866 0.912409 0.403615
vn -0.054171 0.901867 0.428604
vn -0.040419 0.890487 0.453211
vn 0.034734 0.919174 0.392317
vn 0.045331 0.908183 0.416112
vn -0.329540 0.907432 0.260711
vn -0.369331 0.909869 0.189031
vn -0.374982 0.901518 0.215996
vn -0.360602 0.919718 0.155193
vn -0.394704 0.911803 0.113242
vn -0.395628 0.903257 0.166146
vn -0.403435 0.893939 0.195225
vn -0.329025 0.926676 0.181700
vn -0.335859 0.917591 0.212665
vn -0.058800 0.864760 0.498732
vn -0.075234 0.879403 0.470096
vn -0.086350 0.868689 0.487774
vn -0.063654 0.890206 0.451089
vn -0.091189 0.893479 0.439749
vn -0.102547 0.882909 0.458209
vn -0.113829 0.871842 0.476376
vn -0.034399 0.886080 0.462255
vn -0.047459 0.875696 0.480525
vn -0.463080 0.879346 0.110940
vn -0.475641 0.877722 0.058055
vn -0.489027 0.867726 0.088902
vn -0.460841 0.887254 0.020164
vn -0.484622 0.874248 -0.028839
vn -0.500451 0.865155 0.032499
vn -0.514290 0.855012 0.066794
vn -0.435123 0.899381 0.042201
vn -0.449438 0.890018 0.076638
vn 0.055801 0.896451 0.439615
vn 0.022289 0.893900 0.447711
vn -0.014758 0.904745 0.425698
vn -0.067773 0.912386 0.403681
vn -0.025566 0.916505 0.399205
vn -0.040388 0.890511 0.453165
vn -0.054109 0.901866 0.428614
vn 0.034666 0.919136 0.392411
vn 0.045239 0.908169 0.416153
vn -0.473293 0.788026 0.393712
vn -0.494801 0.782794 0.377367
vn -0.505319 0.795980 0.333269
vn -0.520171 0.802585 0.292026
vn -0.497619 0.809262 0.312202
vn -0.534406 0.776494 0.333868
vn -0.527465 0.789796 0.313056
vn -0.457856 0.814947 0.355289
vn -0.465706 0.801749 0.374588
vn -0.333111 0.877948 0.343866
vn -0.367709 0.872540 0.321657
vn -0.355804 0.887317 0.293380
vn -0.396182 0.893931 0.209587
vn -0.360321 0.901485 0.239779
vn -0.415444 0.865857 0.278744
vn -0.406288 0.880536 0.244105
vn -0.312038 0.907176 0.282249
vn -0.322779 0.893133 0.313254
vn -0.289121 0.816678 0.499446
vn -0.316852 0.817164 0.481505
vn -0.305658 0.832115 0.462772
vn -0.326789 0.864995 0.380779
vn -0.277446 0.865881 0.416262
vn -0.370155 0.816538 0.443002
vn -0.358302 0.832074 0.423406
vn -0.246077 0.865639 0.436022
vn -0.273421 0.832399 0.482031
vn -0.333073 0.877927 0.343957
vn -0.355895 0.887328 0.293237
vn -0.367749 0.872508 0.321699
vn -0.360313 0.901516 0.239673
vn -0.396238 0.893941 0.209440
vn -0.406368 0.880518 0.244036
vn -0.415559 0.865807 0.278726
vn -0.311953 0.907220 0.282202
vn -0.322719 0.893147 0.313277
vn 0.151754 0.814456 0.560029
vn 0.137233 0.832120 0.537348
vn 0.124900 0.822626 0.554696
vn 0.169837 0.860970 0.479464
vn 0.118534 0.868964 0.480471
vn 0.107034 0.858689 0.501196
vn 0.097940 0.830124 0.548909
vn 0.209238 0.833872 0.510760
vn 0.194890 0.824407 0.531386
vn -0.473263 0.788010 0.393780
vn -0.505289 0.796003 0.333261
vn -0.494819 0.782768 0.377398
vn -0.497597 0.809295 0.312153
vn -0.520199 0.802601 0.291931
vn -0.527509 0.789784 0.313010
vn -0.534466 0.776452 0.333868
vn -0.457791 0.814991 0.355270
vn -0.465659 0.801765 0.374613
vn -0.214816 0.869923 0.443946
vn -0.215596 0.884827 0.413038
vn -0.175823 0.887876 0.425162
vn -0.104939 0.905177 0.411878
vn -0.107624 0.890934 0.441195
vn -0.216123 0.898701 0.381612
vn -0.173862 0.903051 0.392773
vn -0.110194 0.875740 0.470038
vn -0.175207 0.873868 0.453495
vn -0.074784 0.958541 0.274968
vn -0.119632 0.959363 0.255559
vn -0.105411 0.968966 0.223593
vn -0.131479 0.977774 0.163313
vn -0.087623 0.978675 0.185787
vn -0.155530 0.958556 0.238707
vn -0.139781 0.968930 0.204048
vn -0.042323 0.977741 0.205502
vn -0.058646 0.968870 0.240523
vn -0.112568 0.905573 0.408982
vn -0.166170 0.908440 0.383569
vn -0.153703 0.917103 0.367828
vn -0.167617 0.928445 0.331503
vn -0.135196 0.926621 0.350850
vn -0.197226 0.909965 0.364781
vn -0.183163 0.919482 0.347856
vn -0.084033 0.923670 0.373860
vn -0.098594 0.914891 0.391477
vn -0.233842 0.896711 0.375803
vn -0.271932 0.896042 0.350943
vn -0.267102 0.902820 0.337004
vn -0.282741 0.909033 0.306133
vn -0.260437 0.910361 0.321583
vn -0.294305 0.894859 0.335578
vn -0.288565 0.902082 0.320901
vn -0.220997 0.911048 0.348068
vn -0.227449 0.904012 0.361980
vn -0.329597 0.907426 0.260659
vn -0.374979 0.901524 0.215974
vn -0.369397 0.909791 0.189281
vn -0.394680 0.911791 0.113427
vn -0.360635 0.919687 0.155303
vn -0.403371 0.893964 0.195245
vn -0.395582 0.903262 0.166232
vn -0.329125 0.926629 0.181755
vn -0.335944 0.917563 0.212650
vn -0.289072 0.816647 0.499525
vn -0.305579 0.832154 0.462753
vn -0.316867 0.817136 0.481543
vn -0.277408 0.865912 0.416221
vn -0.326815 0.865023 0.380692
vn -0.358343 0.832079 0.423362
vn -0.370223 0.816507 0.443002
vn -0.245968 0.865669 0.436025
vn -0.273336 0.832404 0.482070
vn -0.522138 0.797606 0.301988
vn -0.539760 0.792284 0.284510
vn -0.533562 0.801949 0.268681
vn -0.541775 0.806564 0.236507
vn -0.525682 0.812492 0.252022
vn -0.555359 0.786485 0.270217
vn -0.548680 0.796703 0.253404
vn -0.508199 0.817968 0.269558
vn -0.515272 0.807960 0.285824
vn -0.074724 0.958521 0.275052
vn -0.105311 0.969013 0.223434
vn -0.119649 0.959349 0.255606
vn -0.087568 0.978701 0.185677
vn -0.131503 0.977795 0.163167
vn -0.139843 0.968936 0.203980
vn -0.155627 0.958538 0.238717
vn -0.042189 0.977762 0.205430
vn -0.058549 0.968874 0.240530
vn -0.085513 0.787155 0.610798
vn -0.100934 0.803546 0.586622
vn -0.109276 0.791331 0.601543
vn -0.086465 0.816401 0.570976
vn -0.112652 0.820100 0.561021
vn -0.123850 0.807722 0.576408
vn -0.132945 0.794976 0.591895
vn -0.060193 0.812047 0.580480
vn -0.073093 0.799834 0.595755
vn 0.151702 0.814488 0.559996
vn 0.124908 0.822639 0.554674
vn 0.137106 0.832067 0.537462
vn 0.118549 0.868922 0.480542
vn 0.169789 0.860947 0.479524
vn 0.098009 0.830122 0.548901
vn 0.107074 0.858669 0.501221
vn 0.209135 0.833863 0.510818
vn 0.194828 0.824418 0.531392
vn -0.112520 0.905552 0.409041
vn -0.153523 0.917146 0.367796
vn -0.166171 0.908426 0.383600
vn -0.135127 0.926647 0.350807
vn -0.167621 0.928475 0.331416
vn -0.183202 0.919493 0.347806
vn -0.197283 0.909955 0.364776
vn -0.083886 0.923690 0.373845
vn -0.098515 0.914891 0.391496
vn 0.122101 0.953489 0.275590
vn 0.106371 0.962174 0.250812
vn 0.131177 0.963068 0.235143
vn 0.149539 0.970769 0.187738
vn 0.165313 0.962973 0.212968
vn 0.090449 0.970000 0.225655
vn 0.116180 0.970868 0.209566
vn 0.180839 0.954319 0.237849
vn 0.147698 0.954351 0.259614
vn -0.522161 0.797627 0.301892
vn -0.533545 0.801963 0.268672
vn -0.539734 0.792319 0.284461
vn -0.525694 0.812472 0.252063
vn -0.541745 0.806560 0.236588
vn -0.548631 0.796726 0.253439
vn -0.555292 0.786537 0.270205
vn -0.508260 0.817933 0.269551
vn -0.515313 0.807952 0.285772
vn 0.550654 0.828947 0.098116
vn 0.551915 0.824668 0.123746
vn 0.536864 0.833671 0.129499
vn 0.482917 0.857475 0.177560
vn 0.488880 0.862391 0.131449
vn 0.553242 0.819949 0.146994
vn 0.536725 0.829695 0.153406
vn 0.486921 0.866902 0.106724
vn 0.505247 0.857257 0.099182
vn 0.103992 0.986769 -0.124389
vn 0.061900 0.992546 -0.104981
vn 0.098495 0.990650 -0.094403
vn 0.021915 0.993280 -0.113646
vn 0.016478 0.996365 -0.083578
vn 0.063158 0.995569 -0.069663
vn 0.098559 0.993515 -0.056685
vn 0.027352 0.989240 -0.143724
vn 0.066402 0.988565 -0.135388
vn 0.550673 0.828943 0.098041
vn 0.536792 0.833722 0.129468
vn 0.551937 0.824655 0.123728
vn 0.488833 0.862415 0.131464
vn 0.482873 0.857487 0.177624
vn 0.536714 0.829693 0.153451
vn 0.553268 0.819926 0.147025
vn 0.486869 0.866936 0.106683
vn 0.505237 0.857269 0.099124
vn 0.404851 0.891979 -0.201171
vn 0.415919 0.892792 -0.173016
vn 0.396536 0.902987 -0.165450
vn 0.393431 0.913390 -0.104547
vn 0.375602 0.913246 -0.157814
vn 0.433657 0.892973 -0.120581
vn 0.413655 0.903445 -0.112593
vn 0.363492 0.912441 -0.187949
vn 0.384785 0.902474 -0.193603
vn 0.467834 0.882634 -0.045703
vn 0.428494 0.902004 -0.052740
vn 0.445992 0.894821 -0.019659
vn 0.405253 0.909621 -0.091437
vn 0.383435 0.921325 -0.064326
vn 0.404287 0.914256 -0.026220
vn 0.421815 0.906015 0.034782
vn 0.426545 0.896677 -0.118450
vn 0.448203 0.890490 -0.078364
vn 0.406766 0.836219 0.367803
vn 0.406918 0.821336 0.399782
vn 0.377178 0.828213 0.414487
vn 0.317462 0.819897 0.476431
vn 0.319923 0.854251 0.409763
vn 0.406755 0.805370 0.431196
vn 0.375340 0.813139 0.444888
vn 0.315979 0.869595 0.379424
vn 0.352029 0.862310 0.364001
vn 0.500862 0.819131 -0.279573
vn 0.512087 0.820812 -0.253050
vn 0.495735 0.832402 -0.247699
vn 0.460820 0.864039 -0.202687
vn 0.449661 0.863191 -0.229579
vn 0.522879 0.821809 -0.226336
vn 0.504799 0.834102 -0.222380
vn 0.438125 0.861611 -0.256267
vn 0.482730 0.831311 -0.275488
vn 0.428204 0.901969 0.055627
vn 0.418454 0.904257 0.084941
vn 0.432434 0.898466 0.075887
vn 0.402242 0.910721 0.093750
vn 0.406358 0.906689 0.113087
vn 0.421550 0.900798 0.104204
vn 0.436617 0.894588 0.095272
vn 0.397968 0.914383 0.074328
vn 0.413151 0.908340 0.064994
vn 0.287861 0.926386 -0.242784
vn 0.328278 0.929394 -0.168704
vn 0.331442 0.921727 -0.201409
vn 0.269274 0.956408 -0.113029
vn 0.353821 0.931020 -0.089510
vn 0.354637 0.923708 -0.144899
vn 0.361706 0.915600 -0.175627
vn 0.229652 0.964249 -0.132223
vn 0.247420 0.953441 -0.172433
vn 0.391730 0.897853 0.201017
vn 0.374409 0.894068 0.245885
vn 0.398516 0.887712 0.230546
vn 0.323249 0.901605 0.287435
vn 0.328335 0.889961 0.316489
vn 0.360352 0.884057 0.297639
vn 0.404885 0.876684 0.259794
vn 0.321133 0.912129 0.254744
vn 0.364240 0.905418 0.218052
vn 0.404820 0.892015 -0.201073
vn 0.396520 0.902994 -0.165450
vn 0.415857 0.892825 -0.172995
vn 0.375652 0.913222 -0.157835
vn 0.393449 0.913367 -0.104679
vn 0.413617 0.903449 -0.112703
vn 0.433564 0.893007 -0.120668
vn 0.363588 0.912421 -0.187864
vn 0.384810 0.902480 -0.193525
vn 0.406802 0.836245 0.367705
vn 0.376982 0.828277 0.414539
vn 0.406955 0.821330 0.399757
vn 0.319812 0.854266 0.409817
vn 0.317356 0.819883 0.476526
vn 0.375312 0.813113 0.444958
vn 0.406798 0.805327 0.431235
vn 0.315859 0.869644 0.379410
vn 0.351991 0.862346 0.363953
vn 0.287960 0.926387 -0.242666
vn 0.331465 0.921737 -0.201327
vn 0.328475 0.929336 -0.168641
vn 0.353819 0.931010 -0.089628
vn 0.269345 0.956378 -0.113108
vn 0.361661 0.915623 -0.175602
vn 0.354612 0.923712 -0.144934
vn 0.229814 0.964206 -0.132260
vn 0.247541 0.953420 -0.172379
vn 0.603971 0.781225 0.157816
vn 0.598055 0.773347 0.210390
vn 0.577497 0.785132 0.223754
vn 0.556998 0.787679 0.263277
vn 0.556113 0.797144 0.235159
vn 0.599243 0.764209 0.238521
vn 0.578353 0.776220 0.250980
vn 0.554743 0.805881 0.206920
vn 0.584398 0.793848 0.168179
vn 0.470030 0.875867 0.109221
vn 0.469841 0.866314 0.169556
vn 0.437242 0.879170 0.189421
vn 0.410211 0.878406 0.245215
vn 0.403623 0.890453 0.210194
vn 0.476077 0.854966 0.205874
vn 0.443543 0.867369 0.225701
vn 0.398315 0.901147 0.171113
vn 0.439902 0.889033 0.126912
vn 0.559767 0.827690 -0.039863
vn 0.565134 0.824636 0.024476
vn 0.513513 0.857484 0.032031
vn 0.493271 0.866539 0.076123
vn 0.488215 0.871720 0.041847
vn 0.569098 0.820085 0.059906
vn 0.546433 0.834651 0.069064
vn 0.483091 0.875352 -0.019530
vn 0.507586 0.861125 -0.028654
vn 0.470072 0.875857 0.109119
vn 0.437218 0.879166 0.189493
vn 0.469911 0.866284 0.169519
vn 0.403543 0.890476 0.210251
vn 0.410145 0.878399 0.245350
vn 0.443553 0.867340 0.225793
vn 0.476159 0.854909 0.205921
vn 0.398224 0.901193 0.171080
vn 0.439877 0.889054 0.126850
vn 0.257160 0.876008 -0.408018
vn 0.252103 0.891671 -0.375989
vn 0.293360 0.882119 -0.368519
vn 0.226576 0.901408 -0.368954
vn 0.262607 0.906935 -0.329403
vn 0.288464 0.897416 -0.333816
vn 0.312186 0.887137 -0.339893
vn 0.210018 0.895239 -0.392988
vn 0.233689 0.885929 -0.400650
vn 0.604001 0.781218 0.157737
vn 0.577486 0.785155 0.223699
vn 0.598099 0.773324 0.210352
vn 0.556063 0.797174 0.235176
vn 0.556949 0.787687 0.263357
vn 0.578353 0.776203 0.251033
vn 0.599289 0.764165 0.238546
vn 0.554690 0.805930 0.206873
vn 0.584384 0.793870 0.168124
vn 0.467765 0.882669 -0.045723
vn 0.445973 0.894829 -0.019738
vn 0.428620 0.901943 -0.052768
vn 0.383559 0.921276 -0.064288
vn 0.405328 0.909597 -0.091337
vn 0.421858 0.906001 0.034621
vn 0.404361 0.914222 -0.026283
vn 0.426574 0.896684 -0.118290
vn 0.448178 0.890508 -0.078311
vn 0.241944 0.969947 0.025795
vn 0.256797 0.964450 0.062379
vn 0.221441 0.971302 0.086812
vn 0.192016 0.970356 0.146766
vn 0.182662 0.977803 0.102645
vn 0.268485 0.957265 0.107511
vn 0.233291 0.964551 0.123357
vn 0.167406 0.983679 0.065960
vn 0.206333 0.977609 0.041320
vn 0.386863 0.920579 -0.053578
vn 0.393269 0.919175 -0.021386
vn 0.374780 0.927029 -0.012572
vn 0.306962 0.950513 0.047951
vn 0.298057 0.954486 0.010922
vn 0.396812 0.917153 0.037019
vn 0.375236 0.925734 0.047056
vn 0.289075 0.956642 -0.035656
vn 0.365695 0.929453 -0.048834
vn 0.428190 0.901970 0.055709
vn 0.432413 0.898475 0.075908
vn 0.418520 0.904226 0.084948
vn 0.406395 0.906680 0.113025
vn 0.402289 0.910702 0.093731
vn 0.436587 0.894606 0.095249
vn 0.421553 0.900802 0.104162
vn 0.398022 0.914357 0.074369
vn 0.413171 0.908327 0.065055
vn 0.391725 0.897836 0.201102
vn 0.398495 0.887717 0.230565
vn 0.374628 0.894005 0.245784
vn 0.328426 0.889967 0.316380
vn 0.323372 0.901582 0.287369
vn 0.404850 0.876714 0.259747
vn 0.360391 0.884072 0.297550
vn 0.321261 0.912082 0.254751
vn 0.364296 0.905384 0.218099
vn 0.559788 0.827671 -0.039971
vn 0.513512 0.857489 0.031893
vn 0.565171 0.824612 0.024426
vn 0.488157 0.871752 0.041848
vn 0.493224 0.866558 0.076201
vn 0.546429 0.834649 0.069114
vn 0.569144 0.820050 0.059935
vn 0.483018 0.875391 -0.019607
vn 0.507568 0.861132 -0.028751
vn 0.565930 0.783402 0.256914
vn 0.566782 0.775810 0.277266
vn 0.550076 0.784472 0.286392
vn 0.532726 0.785975 0.313760
vn 0.531761 0.794048 0.294479
vn 0.567823 0.767856 0.296605
vn 0.550398 0.777098 0.305256
vn 0.530885 0.801776 0.274437
vn 0.548535 0.792775 0.265738
vn 0.241955 0.969948 0.025683
vn 0.221262 0.971342 0.086820
vn 0.256842 0.964440 0.062348
vn 0.182547 0.977821 0.102681
vn 0.191937 0.970353 0.146882
vn 0.233291 0.964540 0.123440
vn 0.268563 0.957238 0.107559
vn 0.167256 0.983708 0.065914
vn 0.206264 0.977627 0.041242
vn 0.500857 0.819106 -0.279657
vn 0.495629 0.832441 -0.247778
vn 0.512108 0.820792 -0.253074
vn 0.449609 0.863218 -0.229580
vn 0.460793 0.864067 -0.202628
vn 0.504803 0.834111 -0.222335
vn 0.522923 0.821791 -0.226300
vn 0.438046 0.861633 -0.256328
vn 0.482684 0.831313 -0.275562
vn 0.257168 0.876042 -0.407941
vn 0.293337 0.882138 -0.368492
vn 0.252224 0.891652 -0.375953
vn 0.262653 0.906900 -0.329463
vn 0.226652 0.901384 -0.368965
vn 0.312131 0.887146 -0.339920
vn 0.288452 0.897401 -0.333867
vn 0.210131 0.895231 -0.392945
vn 0.233749 0.885940 -0.400589
vn 0.386867 0.920571 -0.053696
vn 0.374644 0.927082 -0.012643
vn 0.393290 0.919165 -0.021416
vn 0.297954 0.954518 0.010921
vn 0.306879 0.950536 0.048034
vn 0.375219 0.925738 0.047113
vn 0.396843 0.917138 0.037053
vn 0.288951 0.956677 -0.035738
vn 0.365651 0.929464 -0.048940
vn 0.104101 0.986750 -0.124452
vn 0.098589 0.990642 -0.094384
vn 0.061923 0.992545 -0.104973
vn 0.016389 0.996372 -0.083506
vn 0.021840 0.993280 -0.113658
vn 0.098639 0.993513 -0.056581
vn 0.063154 0.995576 -0.069575
vn 0.027292 0.989228 -0.143819
vn 0.066427 0.988552 -0.135468
vn 0.565875 0.783414 0.256997
vn 0.550060 0.784487 0.286381
vn 0.566728 0.775843 0.277286
vn 0.531804 0.794030 0.294451
vn 0.532766 0.785980 0.313679
vn 0.550388 0.777127 0.305198
vn 0.567766 0.767911 0.296571
vn 0.530927 0.801737 0.274471
vn 0.548527 0.792761 0.265796
s 1
g polySurface274
usemtl Foliage:lambert22SG
f 1/1/1 7/2/2 5/3/3
f 5/3/3 4/4/4 9/5/5
f 5/3/3 3/6/6 8/7/7
f 2/8/8 6/9/9 5/3/3
f 6/9/9 1/1/1 5/3/3
f 7/2/2 3/6/6 5/3/3
f 5/3/3 8/7/7 4/4/4
f 2/8/8 5/3/3 9/5/5
s 3
f 10/10/10 14/11/11 16/12/12
f 14/11/11 18/13/13 13/14/14
f 14/11/11 17/15/15 12/16/16
f 11/17/17 14/11/11 15/18/18
f 15/18/18 14/11/11 10/10/10
f 16/12/12 14/11/11 12/16/16
f 14/11/11 13/14/14 17/15/15
f 11/17/17 18/13/13 14/11/11
s 5
f 19/19/19 23/20/20 25/21/21
f 23/20/20 27/22/22 22/23/23
f 23/20/20 26/24/24 21/25/25
f 20/26/26 23/20/20 24/27/27
f 24/27/27 23/20/20 19/19/19
f 25/21/21 23/20/20 21/25/25
f 23/20/20 22/23/23 26/24/24
f 20/26/26 27/22/22 23/20/20
s 7
f 28/28/28 34/29/29 32/30/30
f 32/30/30 31/31/31 36/32/32
f 32/30/30 30/33/33 35/34/34
f 29/35/35 33/36/36 32/30/30
f 33/36/36 28/28/28 32/30/30
f 34/29/29 30/33/33 32/30/30
f 32/30/30 35/34/34 31/31/31
f 29/35/35 32/30/30 36/32/32
s 9
f 37/37/37 41/38/38 43/39/39
f 41/38/38 45/40/40 40/41/41
f 41/38/38 44/42/42 39/43/43
f 38/44/44 41/38/38 42/45/45
f 42/45/45 41/38/38 37/37/37
f 43/39/39 41/38/38 39/43/43
f 41/38/38 40/41/41 44/42/42
f 38/44/44 45/40/40 41/38/38
s 11
f 46/46/46 52/47/47 50/48/48
f 50/48/48 49/49/49 54/50/50
f 50/48/48 48/51/51 53/52/52
f 47/53/53 51/54/54 50/48/48
f 51/54/54 46/46/46 50/48/48
f 52/47/47 48/51/51 50/48/48
f 50/48/48 53/52/52 49/49/49
f 47/53/53 50/48/48 54/50/50
s 13
f 55/55/55 61/56/56 59/57/57
f 59/57/57 58/58/58 63/59/59
f 59/57/57 57/60/60 62/61/61
f 56/62/62 60/63/63 59/57/57
f 60/63/63 55/55/55 59/57/57
f 61/56/56 57/60/60 59/57/57
f 59/57/57 62/61/61 58/58/58
f 56/62/62 59/57/57 63/59/59
s 15
f 64/64/64 68/65/65 70/66/66
f 68/65/65 72/67/67 67/68/68
f 68/65/65 71/69/69 66/70/70
f 65/71/71 68/65/65 69/72/72
f 69/72/72 68/65/65 64/64/64
f 70/66/66 68/65/65 66/70/70
f 68/65/65 67/68/68 71/69/69
f 65/71/71 72/67/67 68/65/65
s 17
f 73/73/73 77/74/74 79/75/75
f 77/74/74 81/76/76 76/77/77
f 77/74/74 80/78/78 75/79/79
f 74/80/80 77/74/74 78/81/81
f 78/81/81 77/74/74 73/73/73
f 79/75/75 77/74/74 75/79/79
f 77/74/74 76/77/77 80/78/78
f 74/80/80 81/76/76 77/74/74
s 19
f 82/82/82 86/83/83 88/84/84
f 86/83/83 90/85/85 85/86/86
f 86/83/83 89/87/87 84/88/88
f 83/89/89 86/83/83 87/90/90
f 87/90/90 86/83/83 82/82/82
f 88/84/84 86/83/83 84/88/88
f 86/83/83 85/86/86 89/87/87
f 83/89/89 90/85/85 86/83/83
s 21
f 91/91/91 95/92/92 97/93/93
f 95/92/92 99/94/94 94/95/95
f 95/92/92 98/96/96 93/97/97
f 92/98/98 95/92/92 96/99/99
f 96/99/99 95/92/92 91/91/91
f 97/93/93 95/92/92 93/97/97
f 95/92/92 94/95/95 98/96/96
f 92/98/98 99/94/94 95/92/92
s 23
f 100/100/100 104/101/101 106/102/102
f 104/101/101 108/103/103 103/104/104
f 104/101/101 107/105/105 102/106/106
f 101/107/107 104/101/101 105/108/108
f 105/108/108 104/101/101 100/100/100
f 106/102/102 104/101/101 102/106/106
f 104/101/101 103/104/104 107/105/105
f 101/107/107 108/103/103 104/101/101
s 25
f 109/109/109 115/110/110 113/111/111
f 113/111/111 112/112/112 117/113/113
f 113/111/111 111/114/114 116/115/115
f 110/116/116 114/117/117 113/111/111
f 114/117/117 109/109/109 113/111/111
f 115/110/110 111/114/114 113/111/111
f 113/111/111 116/115/115 112/112/112
f 110/116/116 113/111/111 117/113/113
s 27
f 118/118/118 124/119/119 122/120/120
f 122/120/120 121/121/121 126/122/122
f 122/120/120 120/123/123 125/124/124
f 119/125/125 123/126/126 122/120/120
f 123/126/126 118/118/118 122/120/120
f 124/119/119 120/123/123 122/120/120
f 122/120/120 125/124/124 121/121/121
f 119/125/125 122/120/120 126/122/122
s 29
f 127/127/127 133/128/128 131/129/129
f 131/129/129 130/130/130 135/131/131
f 131/129/129 129/132/132 134/133/133
f 128/134/134 132/135/135 131/129/129
f 132/135/135 127/127/127 131/129/129
f 133/128/128 129/132/132 131/129/129
f 131/129/129 134/133/133 130/130/130
f 128/134/134 131/129/129 135/131/131
s 31
f 136/136/136 142/137/137 140/138/138
f 140/138/138 139/139/139 144/140/140
f 140/138/138 138/141/141 143/142/142
f 137/143/143 141/144/144 140/138/138
f 141/144/144 136/136/136 140/138/138
f 142/137/137 138/141/141 140/138/138
f 140/138/138 143/142/142 139/139/139
f 137/143/143 140/138/138 144/140/140
s 33
f 145/145/145 149/146/146 151/147/147
f 149/146/146 153/148/148 148/149/149
f 149/146/146 152/150/150 147/151/151
f 146/152/152 149/146/146 150/153/153
f 150/153/153 149/146/146 145/145/145
f 151/147/147 149/146/146 147/151/151
f 149/146/146 148/149/149 152/150/150
f 146/152/152 153/148/148 149/146/146
s 35
f 154/154/154 158/155/155 160/156/156
f 158/155/155 162/157/157 157/158/158
f 158/155/155 161/159/159 156/160/160
f 155/161/161 158/155/155 159/162/162
f 159/162/162 158/155/155 154/154/154
f 160/156/156 158/155/155 156/160/160
f 158/155/155 157/158/158 161/159/159
f 155/161/161 162/157/157 158/155/155
s 37
f 163/163/163 167/164/164 169/165/165
f 167/164/164 171/166/166 166/167/167
f 167/164/164 170/168/168 165/169/169
f 164/170/170 167/164/164 168/171/171
f 168/171/171 167/164/164 163/163/163
f 169/165/165 167/164/164 165/169/169
f 167/164/164 166/167/167 170/168/168
f 164/170/170 171/166/166 167/164/164
s 39
f 172/172/172 178/173/173 176/174/174
f 176/174/174 175/175/175 180/176/176
f 176/174/174 174/177/177 179/178/178
f 173/179/179 177/180/180 176/174/174
f 177/180/180 172/172/172 176/174/174
f 178/173/173 174/177/177 176/174/174
f 176/174/174 179/178/178 175/175/175
f 173/179/179 176/174/174 180/176/176
s 41
f 181/181/181 187/182/182 185/183/183
f 185/183/183 184/184/184 189/185/185
f 185/183/183 183/186/186 188/187/187
f 182/188/188 186/189/189 185/183/183
f 186/189/189 181/181/181 185/183/183
f 187/182/182 183/186/186 185/183/183
f 185/183/183 188/187/187 184/184/184
f 182/188/188 185/183/183 189/185/185
s 43
f 190/190/190 196/191/191 194/192/192
f 194/192/192 193/193/193 198/194/194
f 194/192/192 192/195/195 197/196/196
f 191/197/197 195/198/198 194/192/192
f 195/198/198 190/190/190 194/192/192
f 196/191/191 192/195/195 194/192/192
f 194/192/192 197/196/196 193/193/193
f 191/197/197 194/192/192 198/194/194
s 45
f 199/199/199 205/200/200 203/201/201
f 203/201/201 202/202/202 207/203/203
f 203/201/201 201/204/204 206/205/205
f 200/206/206 204/207/207 203/201/201
f 204/207/207 199/199/199 203/201/201
f 205/200/200 201/204/204 203/201/201
f 203/201/201 206/205/205 202/202/202
f 200/206/206 203/201/201 207/203/203
s 47
f 208/208/208 214/209/209 212/210/210
f 212/210/210 211/211/211 216/212/212
f 212/210/210 210/213/213 215/214/214
f 209/215/215 213/216/216 212/210/210
f 213/216/216 208/208/208 212/210/210
f 214/209/209 210/213/213 212/210/210
f 212/210/210 215/214/214 211/211/211
f 209/215/215 212/210/210 216/212/212
s 49
f 217/217/217 221/218/218 223/219/219
f 221/218/218 225/220/220 220/221/221
f 221/218/218 224/222/222 219/223/223
f 218/224/224 221/218/218 222/225/225
f 222/225/225 221/218/218 217/217/217
f 223/219/219 221/218/218 219/223/223
f 221/218/218 220/221/221 224/222/222
f 218/224/224 225/220/220 221/218/218
s 51
f 226/226/226 232/227/227 230/228/228
f 230/228/228 229/229/229 234/230/230
f 230/228/228 228/231/231 233/232/232
f 227/233/233 231/234/234 230/228/228
f 231/234/234 226/226/226 230/228/228
f 232/227/227 228/231/231 230/228/228
f 230/228/228 233/232/232 229/229/229
f 227/233/233 230/228/228 234/230/230
s 53
f 235/235/235 239/236/236 241/237/237
f 239/236/236 243/238/238 238/239/239
f 239/236/236 242/240/240 237/241/241
f 236/242/242 239/236/236 240/243/243
f 240/243/243 239/236/236 235/235/235
f 241/237/237 239/236/236 237/241/241
f 239/236/236 238/239/239 242/240/240
f 236/242/242 243/238/238 239/236/236
s 55
f 244/244/244 248/245/245 250/246/246
f 248/245/245 252/247/247 247/248/248
f 248/245/245 251/249/249 246/250/250
f 245/251/251 248/245/245 249/252/252
f 249/252/252 248/245/245 244/244/244
f 250/246/246 248/245/245 246/250/250
f 248/245/245 247/248/248 251/249/249
f 245/251/251 252/247/247 248/245/245
s 57
f 253/253/253 259/254/254 257/255/255
f 257/255/255 256/256/256 261/257/257
f 257/255/255 255/258/258 260/259/259
f 254/260/260 258/261/261 257/255/255
f 258/261/261 253/253/253 257/255/255
f 259/254/254 255/258/258 257/255/255
f 257/255/255 260/259/259 256/256/256
f 254/260/260 257/255/255 261/257/257
s 59
f 262/262/262 266/263/263 268/264/264
f 266/263/263 270/265/265 265/266/266
f 266/263/263 269/267/267 264/268/268
f 263/269/269 266/263/263 267/270/270
f 267/270/270 266/263/263 262/262/262
f 268/264/264 266/263/263 264/268/268
f 266/263/263 265/266/266 269/267/267
f 263/269/269 270/265/265 266/263/263
s 61
f 271/271/271 277/272/272 275/273/273
f 275/273/273 274/274/274 279/275/275
f 275/273/273 273/276/276 278/277/277
f 272/278/278 276/279/279 275/273/273
f 276/279/279 271/271/271 275/273/273
f 277/272/272 273/276/276 275/273/273
f 275/273/273 278/277/277 274/274/274
f 272/278/278 275/273/273 279/275/275
s 63
f 280/280/280 284/281/281 286/282/282
f 284/281/281 288/283/283 283/284/284
f 284/281/281 287/285/285 282/286/286
f 281/287/287 284/281/281 285/288/288
f 285/288/288 284/281/281 280/280/280
f 286/282/282 284/281/281 282/286/286
f 284/281/281 283/284/284 287/285/285
f 281/287/287 288/283/283 284/281/281
s 65
f 289/289/289 295/290/290 293/291/291
f 293/291/291 292/292/292 297/293/293
f 293/291/291 291/294/294 296/295/295
f 290/296/296 294/297/297 293/291/291
f 294/297/297 289/289/289 293/291/291
f 295/290/290 291/294/294 293/291/291
f 293/291/291 296/295/295 292/292/292
f 290/296/296 293/291/291 297/293/293
s 67
f 298/298/298 302/299/299 304/300/300
f 302/299/299 306/301/301 301/302/302
f 302/299/299 305/303/303 300/304/304
f 299/305/305 302/299/299 303/306/306
f 303/306/306 302/299/299 298/298/298
f 304/300/300 302/299/299 300/304/304
f 302/299/299 301/302/302 305/303/303
f 299/305/305 306/301/301 302/299/299
s 69
f 307/307/307 311/308/308 313/309/309
f 311/308/308 315/310/310 310/311/311
f 311/308/308 314/312/312 309/313/313
f 308/314/314 311/308/308 312/315/315
f 312/315/315 311/308/308 307/307/307
f 313/309/309 311/308/308 309/313/313
f 311/308/308 310/311/311 314/312/312
f 308/314/314 315/310/310 311/308/308
s 71
f 316/316/316 322/317/317 320/318/318
f 320/318/318 319/319/319 324/320/320
f 320/318/318 318/321/321 323/322/322
f 317/323/323 321/324/324 320/318/318
f 321/324/324 316/316/316 320/318/318
f 322/317/317 318/321/321 320/318/318
f 320/318/318 323/322/322 319/319/319
f 317/323/323 320/318/318 324/320/320
s 73
f 325/325/325 329/326/326 331/327/327
f 329/326/326 333/328/328 328/329/329
f 329/326/326 332/330/330 327/331/331
f 326/332/332 329/326/326 330/333/333
f 330/333/333 329/326/326 325/325/325
f 331/327/327 329/326/326 327/331/331
f 329/326/326 328/329/329 332/330/330
f 326/332/332 333/328/328 329/326/326
s 75
f 334/334/334 340/335/335 338/336/336
f 338/336/336 337/337/337 342/338/338
f 338/336/336 336/339/339 341/340/340
f 335/341/341 339/342/342 338/336/336
f 339/342/342 334/334/334 338/336/336
f 340/335/335 336/339/339 338/336/336
f 338/336/336 341/340/340 337/337/337
f 335/341/341 338/336/336 342/338/338
s 77
f 343/343/343 349/344/344 347/345/345
f 347/345/345 346/346/346 351/347/347
f 347/345/345 345/348/348 350/349/349
f 344/350/350 348/351/351 347/345/345
f 348/351/351 343/343/343 347/345/345
f 349/344/344 345/348/348 347/345/345
f 347/345/345 350/349/349 346/346/346
f 344/350/350 347/345/345 351/347/347
s 79
f 352/352/352 356/353/353 358/354/354
f 356/353/353 360/355/355 355/356/356
f 356/353/353 359/357/357 354/358/358
f 353/359/359 356/353/353 357/360/360
f 357/360/360 356/353/353 352/352/352
f 358/354/354 356/353/353 354/358/358
f 356/353/353 355/356/356 359/357/357
f 353/359/359 360/355/355 356/353/353
s 81
f 361/361/361 365/362/362 367/363/363
f 365/362/362 369/364/364 364/365/365
f 365/362/362 368/366/366 363/367/367
f 362/368/368 365/362/362 366/369/369
f 366/369/369 365/362/362 361/361/361
f 367/363/363 365/362/362 363/367/367
f 365/362/362 364/365/365 368/366/366
f 362/368/368 369/364/364 365/362/362
s 83
f 370/370/370 374/371/371 376/372/372
f 374/371/371 378/373/373 373/374/374
f 374/371/371 377/375/375 372/376/376
f 371/377/377 374/371/371 375/378/378
f 375/378/378 374/371/371 370/370/370
f 376/372/372 374/371/371 372/376/376
f 374/371/371 373/374/374 377/375/375
f 371/377/377 378/373/373 374/371/371
s 85
f 379/379/379 383/380/380 385/381/381
f 383/380/380 387/382/382 382/383/383
f 383/380/380 386/384/384 381/385/385
f 380/386/386 383/380/380 384/387/387
f 384/387/387 383/380/380 379/379/379
f 385/381/381 383/380/380 381/385/385
f 383/380/380 382/383/383 386/384/384
f 380/386/386 387/382/382 383/380/380
s 87
f 388/388/388 392/389/389 394/390/390
f 392/389/389 396/391/391 391/392/392
f 392/389/389 395/393/393 390/394/394
f 389/395/395 392/389/389 393/396/396
f 393/396/396 392/389/389 388/388/388
f 394/390/390 392/389/389 390/394/394
f 392/389/389 391/392/392 395/393/393
f 389/395/395 396/391/391 392/389/389
s 89
f 397/397/397 403/398/398 401/399/399
f 401/399/399 400/400/400 405/401/401
f 401/399/399 399/402/402 404/403/403
f 398/404/404 402/405/405 401/399/399
f 402/405/405 397/397/397 401/399/399
f 403/398/398 399/402/402 401/399/399
f 401/399/399 404/403/403 400/400/400
f 398/404/404 401/399/399 405/401/401
s 91
f 406/406/406 412/407/407 410/408/408
f 410/408/408 409/409/409 414/410/410
f 410/408/408 408/411/411 413/412/412
f 407/413/413 411/414/414 410/408/408
f 411/414/414 406/406/406 410/408/408
f 412/407/407 408/411/411 410/408/408
f 410/408/408 413/412/412 409/409/409
f 407/413/413 410/408/408 414/410/410
s 93
f 415/415/415 421/416/416 419/417/417
f 419/417/417 418/418/418 423/419/419
f 419/417/417 417/420/420 422/421/421
f 416/422/422 420/423/423 419/417/417
f 420/423/423 415/415/415 419/417/417
f 421/416/416 417/420/420 419/417/417
f 419/417/417 422/421/421 418/418/418
f 416/422/422 419/417/417 423/419/419
s 95
f 424/424/424 430/425/425 428/426/426
f 428/426/426 427/427/427 432/428/428
f 428/426/426 426/429/429 431/430/430
f 425/431/431 429/432/432 428/426/426
f 429/432/432 424/424/424 428/426/426
f 430/425/425 426/429/429 428/426/426
f 428/426/426 431/430/430 427/427/427
f 425/431/431 428/426/426 432/428/428
s 97
f 433/433/433 437/434/434 439/435/435
f 437/434/434 441/436/436 436/437/437
f 437/434/434 440/438/438 435/439/439
f 434/440/440 437/434/434 438/441/441
f 438/441/441 437/434/434 433/433/433
f 439/435/435 437/434/434 435/439/439
f 437/434/434 436/437/437 440/438/438
f 434/440/440 441/436/436 437/434/434
s 99
f 442/442/442 446/443/443 448/444/444
f 446/443/443 450/445/445 445/446/446
f 446/443/443 449/447/447 444/448/448
f 443/449/449 446/443/443 447/450/450
f 447/450/450 446/443/443 442/442/442
f 448/444/444 446/443/443 444/448/448
f 446/443/443 445/446/446 449/447/447
f 443/449/449 450/445/445 446/443/443
s 101
f 451/451/451 455/452/452 457/453/453
f 455/452/452 459/454/454 454/455/455
f 455/452/452 458/456/456 453/457/457
f 452/458/458 455/452/452 456/459/459
f 456/459/459 455/452/452 451/451/451
f 457/453/453 455/452/452 453/457/457
f 455/452/452 454/455/455 458/456/456
f 452/458/458 459/454/454 455/452/452
s 103
f 460/460/460 466/461/461 464/462/462
f 464/462/462 463/463/463 468/464/464
f 464/462/462 462/465/465 467/466/466
f 461/467/467 465/468/468 464/462/462
f 465/468/468 460/460/460 464/462/462
f 466/461/461 462/465/465 464/462/462
f 464/462/462 467/466/466 463/463/463
f 461/467/467 464/462/462 468/464/464
s 105
f 469/469/469 475/470/470 473/471/471
f 473/471/471 472/472/472 477/473/473
f 473/471/471 471/474/474 476/475/475
f 470/476/476 474/477/477 473/471/471
f 474/477/477 469/469/469 473/471/471
f 475/470/470 471/474/474 473/471/471
f 473/471/471 476/475/475 472/472/472
f 470/476/476 473/471/471 477/473/473
s 107
f 478/478/478 484/479/479 482/480/480
f 482/480/480 481/481/481 486/482/482
f 482/480/480 480/483/483 485/484/484
f 479/485/485 483/486/486 482/480/480
f 483/486/486 478/478/478 482/480/480
f 484/479/479 480/483/483 482/480/480
f 482/480/480 485/484/484 481/481/481
f 479/485/485 482/480/480 486/482/482
s 109
f 487/487/487 493/488/488 491/489/489
f 491/489/489 490/490/490 495/491/491
f 491/489/489 489/492/492 494/493/493
f 488/494/494 492/495/495 491/489/489
f 492/495/495 487/487/487 491/489/489
f 493/488/488 489/492/492 491/489/489
f 491/489/489 494/493/493 490/490/490
f 488/494/494 491/489/489 495/491/491
s 111
f 496/496/496 502/497/497 500/498/498
f 500/498/498 499/499/499 504/500/500
f 500/498/498 498/501/501 503/502/502
f 497/503/503 501/504/504 500/498/498
f 501/504/504 496/496/496 500/498/498
f 502/497/497 498/501/501 500/498/498
f 500/498/498 503/502/502 499/499/499
f 497/503/503 500/498/498 504/500/500
s 113
f 505/505/505 509/506/506 511/507/507
f 509/506/506 513/508/508 508/509/509
f 509/506/506 512/510/510 507/511/511
f 506/512/512 509/506/506 510/513/513
f 510/513/513 509/506/506 505/505/505
f 511/507/507 509/506/506 507/511/511
f 509/506/506 508/509/509 512/510/510
f 506/512/512 513/508/508 509/506/506
s 115
f 514/514/514 520/515/515 518/516/516
f 518/516/516 517/517/517 522/518/518
f 518/516/516 516/519/519 521/520/520
f 515/521/521 519/522/522 518/516/516
f 519/522/522 514/514/514 518/516/516
f 520/515/515 516/519/519 518/516/516
f 518/516/516 521/520/520 517/517/517
f 515/521/521 518/516/516 522/518/518
s 117
f 523/523/523 527/524/524 529/525/525
f 527/524/524 531/526/526 526/527/527
f 527/524/524 530/528/528 525/529/529
f 524/530/530 527/524/524 528/531/531
f 528/531/531 527/524/524 523/523/523
f 529/525/525 527/524/524 525/529/529
f 527/524/524 526/527/527 530/528/528
f 524/530/530 531/526/526 527/524/524
s 119
f 532/532/532 536/533/533 538/534/534
f 536/533/533 540/535/535 535/536/536
f 536/533/533 539/537/537 534/538/538
f 533/539/539 536/533/533 537/540/540
f 537/540/540 536/533/533 532/532/532
f 538/534/534 536/533/533 534/538/538
f 536/533/533 535/536/536 539/537/537
f 533/539/539 540/535/535 536/533/533
s 121
f 541/541/541 547/542/542 545/543/543
f 545/543/543 544/544/544 549/545/545
f 545/543/543 543/546/546 548/547/547
f 542/548/548 546/549/549 545/543/543
f 546/549/549 541/541/541 545/543/543
f 547/542/542 543/546/546 545/543/543
f 545/543/543 548/547/547 544/544/544
f 542/548/548 545/543/543 549/545/545
s 123
f 550/550/550 554/551/551 556/552/552
f 554/551/551 558/553/553 553/554/554
f 554/551/551 557/555/555 552/556/556
f 551/557/557 554/551/551 555/558/558
f 555/558/558 554/551/551 550/550/550
f 556/552/552 554/551/551 552/556/556
f 554/551/551 553/554/554 557/555/555
f 551/557/557 558/553/553 554/551/551
s 125
f 559/559/559 565/560/560 563/561/561
f 563/561/561 562/562/562 567/563/563
f 563/561/561 561/564/564 566/565/565
f 560/566/566 564/567/567 563/561/561
f 564/567/567 559/559/559 563/561/561
f 565/560/560 561/564/564 563/561/561
f 563/561/561 566/565/565 562/562/562
f 560/566/566 563/561/561 567/563/563
s 127
f 568/568/568 572/569/569 574/570/570
f 572/569/569 576/571/571 571/572/572
f 572/569/569 575/573/573 570/574/574
f 569/575/575 572/569/569 573/576/576
f 573/576/576 572/569/569 568/568/568
f 574/570/570 572/569/569 570/574/574
f 572/569/569 571/572/572 575/573/573
f 569/575/575 576/571/571 572/569/569
s 129
f 577/577/577 583/578/578 581/579/579
f 581/579/579 580/580/580 585/581/581
f 581/579/579 579/582/582 584/583/583
f 578/584/584 582/585/585 581/579/579
f 582/585/585 577/577/577 581/579/579
f 583/578/578 579/582/582 581/579/579
f 581/579/579 584/583/583 580/580/580
f 578/584/584 581/579/579 585/581/581
s 131
f 586/586/586 590/587/587 592/588/588
f 590/587/587 594/589/589 589/590/590
f 590/587/587 593/591/591 588/592/592
f 587/593/593 590/587/587 591/594/594
f 591/594/594 590/587/587 586/586/586
f 592/588/588 590/587/587 588/592/592
f 590/587/587 589/590/590 593/591/591
f 587/593/593 594/589/589 590/587/587
s 133
f 595/595/595 599/596/596 601/597/597
f 599/596/596 603/598/598 598/599/599
f 599/596/596 602/600/600 597/601/601
f 596/602/602 599/596/596 600/603/603
f 600/603/603 599/596/596 595/595/595
f 601/597/597 599/596/596 597/601/601
f 599/596/596 598/599/599 602/600/600
f 596/602/602 603/598/598 599/596/596
s 135
f 604/604/604 610/605/605 608/606/606
f 608/606/606 607/607/607 612/608/608
f 608/606/606 606/609/609 611/610/610
f 605/611/611 609/612/612 608/606/606
f 609/612/612 604/604/604 608/606/606
f 610/605/605 606/609/609 608/606/606
f 608/606/606 611/610/610 607/607/607
f 605/611/611 608/606/606 612/608/608
s 137
f 613/613/613 617/614/614 619/615/615
f 617/614/614 621/616/616 616/617/617
f 617/614/614 620/618/618 615/619/619
f 614/620/620 617/614/614 618/621/621
f 618/621/621 617/614/614 613/613/613
f 619/615/615 617/614/614 615/619/619
f 617/614/614 616/617/617 620/618/618
f 614/620/620 621/616/616 617/614/614
s 139
f 622/622/622 628/623/623 626/624/624
f 626/624/624 625/625/625 630/626/626
f 626/624/624 624/627/627 629/628/628
f 623/629/629 627/630/630 626/624/624
f 627/630/630 622/622/622 626/624/624
f 628/623/623 624/627/627 626/624/624
f 626/624/624 629/628/628 625/625/625
f 623/629/629 626/624/624 630/626/626
s 141
f 631/631/631 637/632/632 635/633/633
f 635/633/633 634/634/634 639/635/635
f 635/633/633 633/636/636 638/637/637
f 632/638/638 636/639/639 635/633/633
f 636/639/639 631/631/631 635/633/633
f 637/632/632 633/636/636 635/633/633
f 635/633/633 638/637/637 634/634/634
f 632/638/638 635/633/633 639/635/635
s 143
f 640/640/640 644/641/641 646/642/642
f 644/641/641 648/643/643 643/644/644
f 644/641/641 647/645/645 642/646/646
f 641/647/647 644/641/641 645/648/648
f 645/648/648 644/641/641 640/640/640
f 646/642/642 644/641/641 642/646/646
f 644/641/641 643/644/644 647/645/645
f 641/647/647 648/643/643 644/641/641
s 145
f 649/649/649 653/650/650 655/651/651
f 653/650/650 657/652/652 652/653/653
f 653/650/650 656/654/654 651/655/655
f 650/656/656 653/650/650 654/657/657
f 654/657/657 653/650/650 649/649/649
f 655/651/651 653/650/650 651/655/655
f 653/650/650 652/653/653 656/654/654
f 650/656/656 657/652/652 653/650/650
s 147
f 658/658/658 662/659/659 664/660/660
f 662/659/659 666/661/661 661/662/662
f 662/659/659 665/663/663 660/664/664
f 659/665/665 662/659/659 663/666/666
f 663/666/666 662/659/659 658/658/658
f 664/660/660 662/659/659 660/664/664
f 662/659/659 661/662/662 665/663/663
f 659/665/665 666/661/661 662/659/659
s 149
f 667/667/667 671/668/668 673/669/669
f 671/668/668 675/670/670 670/671/671
f 671/668/668 674/672/672 669/673/673
f 668/674/674 671/668/668 672/675/675
f 672/675/675 671/668/668 667/667/667
f 673/669/669 671/668/668 669/673/673
f 671/668/668 670/671/671 674/672/672
f 668/674/674 675/670/670 671/668/668
s 151
f 676/676/676 680/677/677 682/678/678
f 680/677/677 684/679/679 679/680/680
f 680/677/677 683/681/681 678/682/682
f 677/683/683 680/677/677 681/684/684
f 681/684/684 680/677/677 676/676/676
f 682/678/678 680/677/677 678/682/682
f 680/677/677 679/680/680 683/681/681
f 677/683/683 684/679/679 680/677/677
s 153
f 685/685/685 691/686/686 689/687/687
f 689/687/687 688/688/688 693/689/689
f 689/687/687 687/690/690 692/691/691
f 686/692/692 690/693/693 689/687/687
f 690/693/693 685/685/685 689/687/687
f 691/686/686 687/690/690 689/687/687
f 689/687/687 692/691/691 688/688/688
f 686/692/692 689/687/687 693/689/689
s 155
f 694/694/694 700/695/695 698/696/696
f 698/696/696 697/697/697 702/698/698
f 698/696/696 696/699/699 701/700/700
f 695/701/701 699/702/702 698/696/696
f 699/702/702 694/694/694 698/696/696
f 700/695/695 696/699/699 698/696/696
f 698/696/696 701/700/700 697/697/697
f 695/701/701 698/696/696 702/698/698
s 157
f 703/703/703 709/704/704 707/705/705
f 707/705/705 706/706/706 711/707/707
f 707/705/705 705/708/708 710/709/709
f 704/710/710 708/711/711 707/705/705
f 708/711/711 703/703/703 707/705/705
f 709/704/704 705/708/708 707/705/705
f 707/705/705 710/709/709 706/706/706
f 704/710/710 707/705/705 711/707/707
s 159
f 712/712/712 718/713/713 716/714/714
f 716/714/714 715/715/715 720/716/716
f 716/714/714 714/717/717 719/718/718
f 713/719/719 717/720/720 716/714/714
f 717/720/720 712/712/712 716/714/714
f 718/713/713 714/717/717 716/714/714
f 716/714/714 719/718/718 715/715/715
f 713/719/719 716/714/714 720/716/716
s 161
f 721/721/721 725/722/722 727/723/723
f 725/722/722 729/724/724 724/725/725
f 725/722/722 728/726/726 723/727/727
f 722/728/728 725/722/722 726/729/729
f 726/729/729 725/722/722 721/721/721
f 727/723/723 725/722/722 723/727/727
f 725/722/722 724/725/725 728/726/726
f 722/728/728 729/724/724 725/722/722
s 163
f 730/730/730 734/731/731 736/732/732
f 734/731/731 738/733/733 733/734/734
f 734/731/731 737/735/735 732/736/736
f 731/737/737 734/731/731 735/738/738
f 735/738/738 734/731/731 730/730/730
f 736/732/732 734/731/731 732/736/736
f 734/731/731 733/734/734 737/735/735
f 731/737/737 738/733/733 734/731/731
s 165
f 739/739/739 743/740/740 745/741/741
f 743/740/740 747/742/742 742/743/743
f 743/740/740 746/744/744 741/745/745
f 740/746/746 743/740/740 744/747/747
f 744/747/747 743/740/740 739/739/739
f 745/741/741 743/740/740 741/745/745
f 743/740/740 742/743/743 746/744/744
f 740/746/746 747/742/742 743/740/740
s 167
f 748/748/748 754/749/749 752/750/750
f 752/750/750 751/751/751 756/752/752
f 752/750/750 750/753/753 755/754/754
f 749/755/755 753/756/756 752/750/750
f 753/756/756 748/748/748 752/750/750
f 754/749/749 750/753/753 752/750/750
f 752/750/750 755/754/754 751/751/751
f 749/755/755 752/750/750 756/752/752
s 169
f 757/757/757 763/758/758 761/759/759
f 761/759/759 760/760/760 765/761/761
f 761/759/759 759/762/762 764/763/763
f 758/764/764 762/765/765 761/759/759
f 762/765/765 757/757/757 761/759/759
f 763/758/758 759/762/762 761/759/759
f 761/759/759 764/763/763 760/760/760
f 758/764/764 761/759/759 765/761/761
s 171
f 766/766/766 772/767/767 770/768/768
f 770/768/768 769/769/769 774/770/770
f 770/768/768 768/771/771 773/772/772
f 767/773/773 771/774/774 770/768/768
f 771/774/774 766/766/766 770/768/768
f 772/767/767 768/771/771 770/768/768
f 770/768/768 773/772/772 769/769/769
f 767/773/773 770/768/768 774/770/770
s 173
f 775/775/775 781/776/776 779/777/777
f 779/777/777 778/778/778 783/779/779
f 779/777/777 777/780/780 782/781/781
f 776/782/782 780/783/783 779/777/777
f 780/783/783 775/775/775 779/777/777
f 781/776/776 777/780/780 779/777/777
f 779/777/777 782/781/781 778/778/778
f 776/782/782 779/777/777 783/779/779
s 175
f 784/784/784 790/785/785 788/786/786
f 788/786/786 787/787/787 792/788/788
f 788/786/786 786/789/789 791/790/790
f 785/791/791 789/792/792 788/786/786
f 789/792/792 784/784/784 788/786/786
f 790/785/785 786/789/789 788/786/786
f 788/786/786 791/790/790 787/787/787
f 785/791/791 788/786/786 792/788/788
s 177
f 793/793/793 797/794/794 799/795/795
f 797/794/794 801/796/796 796/797/797
f 797/794/794 800/798/798 795/799/799
f 794/800/800 797/794/794 798/801/801
f 798/801/801 797/794/794 793/793/793
f 799/795/795 797/794/794 795/799/799
f 797/794/794 796/797/797 800/798/798
f 794/800/800 801/796/796 797/794/794
s 179
f 802/802/802 808/803/803 806/804/804
f 806/804/804 805/805/805 810/806/806
f 806/804/804 804/807/807 809/808/808
f 803/809/809 807/810/810 806/804/804
f 807/810/810 802/802/802 806/804/804
f 808/803/803 804/807/807 806/804/804
f 806/804/804 809/808/808 805/805/805
f 803/809/809 806/804/804 810/806/806
s 181
f 811/811/811 815/812/812 817/813/813
f 815/812/812 819/814/814 814/815/815
f 815/812/812 818/816/816 813/817/817
f 812/818/818 815/812/812 816/819/819
f 816/819/819 815/812/812 811/811/811
f 817/813/813 815/812/812 813/817/817
f 815/812/812 814/815/815 818/816/816
f 812/818/818 819/814/814 815/812/812
s 183
f 820/820/820 824/821/821 826/822/822
f 824/821/821 828/823/823 823/824/824
f 824/821/821 827/825/825 822/826/826
f 821/827/827 824/821/821 825/828/828
f 825/828/828 824/821/821 820/820/820
f 826/822/822 824/821/821 822/826/826
f 824/821/821 823/824/824 827/825/825
f 821/827/827 828/823/823 824/821/821
s 185
f 829/829/829 835/830/830 833/831/831
f 833/831/831 832/832/832 837/833/833
f 833/831/831 831/834/834 836/835/835
f 830/836/836 834/837/837 833/831/831
f 834/837/837 829/829/829 833/831/831
f 835/830/830 831/834/834 833/831/831
f 833/831/831 836/835/835 832/832/832
f 830/836/836 833/831/831 837/833/833
s 187
f 838/838/838 842/839/839 844/840/840
f 842/839/839 846/841/841 841/842/842
f 842/839/839 845/843/843 840/844/844
f 839/845/845 842/839/839 843/846/846
f 843/846/846 842/839/839 838/838/838
f 844/840/840 842/839/839 840/844/844
f 842/839/839 841/842/842 845/843/843
f 839/845/845 846/841/841 842/839/839
s 189
f 847/847/847 853/848/848 851/849/849
f 851/849/849 850/850/850 855/851/851
f 851/849/849 849/852/852 854/853/853
f 848/854/854 852/855/855 851/849/849
f 852/855/855 847/847/847 851/849/849
f 853/848/848 849/852/852 851/849/849
f 851/849/849 854/853/853 850/850/850
f 848/854/854 851/849/849 855/851/851
s 191
f 856/856/856 860/857/857 862/858/858
f 860/857/857 864/859/859 859/860/860
f 860/857/857 863/861/861 858/862/862
f 857/863/863 860/857/857 861/864/864
f 861/864/864 860/857/857 856/856/856
f 862/858/858 860/857/857 858/862/862
f 860/857/857 859/860/860 863/861/861
f 857/863/863 864/859/859 860/857/857
s 193
f 865/865/865 871/866/866 869/867/867
f 869/867/867 868/868/868 873/869/869
f 869/867/867 867/870/870 872/871/871
f 866/872/872 870/873/873 869/867/867
f 870/873/873 865/865/865 869/867/867
f 871/866/866 867/870/870 869/867/867
f 869/867/867 872/871/871 868/868/868
f 866/872/872 869/867/867 873/869/869
s 195
f 874/874/874 878/875/875 880/876/876
f 878/875/875 882/877/877 877/878/878
f 878/875/875 881/879/879 876/880/880
f 875/881/881 878/875/875 879/882/882
f 879/882/882 878/875/875 874/874/874
f 880/876/876 878/875/875 876/880/880
f 878/875/875 877/878/878 881/879/879
f 875/881/881 882/877/877 878/875/875
s 197
f 883/883/883 887/884/884 889/885/885
f 887/884/884 891/886/886 886/887/887
f 887/884/884 890/888/888 885/889/889
f 884/890/890 887/884/884 888/891/891
f 888/891/891 887/884/884 883/883/883
f 889/885/885 887/884/884 885/889/889
f 887/884/884 886/887/887 890/888/888
f 884/890/890 891/886/886 887/884/884
s 199
f 892/892/892 898/893/893 896/894/894
f 896/894/894 895/895/895 900/896/896
f 896/894/894 894/897/897 899/898/898
f 893/899/899 897/900/900 896/894/894
f 897/900/900 892/892/892 896/894/894
f 898/893/893 894/897/897 896/894/894
f 896/894/894 899/898/898 895/895/895
f 893/899/899 896/894/894 900/896/896
s 201
f 901/901/901 905/902/902 907/903/903
f 905/902/902 909/904/904 904/905/905
f 905/902/902 908/906/906 903/907/907
f 902/908/908 905/902/902 906/909/909
f 906/909/909 905/902/902 901/901/901
f 907/903/903 905/902/902 903/907/907
f 905/902/902 904/905/905 908/906/906
f 902/908/908 909/904/904 905/902/902
s 203
f 910/910/910 916/911/911 914/912/912
f 914/912/912 913/913/913 918/914/914
f 914/912/912 912/915/915 917/916/916
f 911/917/917 915/918/918 914/912/912
f 915/918/918 910/910/910 914/912/912
f 916/911/911 912/915/915 914/912/912
f 914/912/912 917/916/916 913/913/913
f 911/917/917 914/912/912 918/914/914
s 205
f 919/919/919 925/920/920 923/921/921
f 923/921/921 922/922/922 927/923/923
f 923/921/921 921/924/924 926/925/925
f 920/926/926 924/927/927 923/921/921
f 924/927/927 919/919/919 923/921/921
f 925/920/920 921/924/924 923/921/921
f 923/921/921 926/925/925 922/922/922
f 920/926/926 923/921/921 927/923/923
s 207
f 928/928/928 932/929/929 934/930/930
f 932/929/929 936/931/931 931/932/932
f 932/929/929 935/933/933 930/934/934
f 929/935/935 932/929/929 933/936/936
f 933/936/936 932/929/929 928/928/928
f 934/930/930 932/929/929 930/934/934
f 932/929/929 931/932/932 935/933/933
f 929/935/935 936/931/931 932/929/929
s 209
f 937/937/937 941/938/938 943/939/939
f 941/938/938 945/940/940 940/941/941
f 941/938/938 944/942/942 939/943/943
f 938/944/944 941/938/938 942/945/945
f 942/945/945 941/938/938 937/937/937
f 943/939/939 941/938/938 939/943/943
f 941/938/938 940/941/941 944/942/942
f 938/944/944 945/940/940 941/938/938
s 211
f 946/946/946 950/947/947 952/948/948
f 950/947/947 954/949/949 949/950/950
f 950/947/947 953/951/951 948/952/952
f 947/953/953 950/947/947 951/954/954
f 951/954/954 950/947/947 946/946/946
f 952/948/948 950/947/947 948/952/952
f 950/947/947 949/950/950 953/951/951
f 947/953/953 954/949/949 950/947/947
s 213
f 955/955/955 959/956/956 961/957/957
f 959/956/956 963/958/958 958/959/959
f 959/956/956 962/960/960 957/961/961
f 956/962/962 959/956/956 960/963/963
f 960/963/963 959/956/956 955/955/955
f 961/957/957 959/956/956 957/961/961
f 959/956/956 958/959/959 962/960/960
f 956/962/962 963/958/958 959/956/956
s 215
f 964/964/964 968/965/965 970/966/966
f 968/965/965 972/967/967 967/968/968
f 968/965/965 971/969/969 966/970/970
f 965/971/971 968/965/965 969/972/972
f 969/972/972 968/965/965 964/964/964
f 970/966/966 968/965/965 966/970/970
f 968/965/965 967/968/968 971/969/969
f 965/971/971 972/967/967 968/965/965
s 217
f 973/973/973 979/974/974 977/975/975
f 977/975/975 976/976/976 981/977/977
f 977/975/975 975/978/978 980/979/979
f 974/980/980 978/981/981 977/975/975
f 978/981/981 973/973/973 977/975/975
f 979/974/974 975/978/978 977/975/975
f 977/975/975 980/979/979 976/976/976
f 974/980/980 977/975/975 981/977/977
s 219
f 982/982/982 988/983/983 986/984/984
f 986/984/984 985/985/985 990/986/986
f 986/984/984 984/987/987 989/988/988
f 983/989/989 987/990/990 986/984/984
f 987/990/990 982/982/982 986/984/984
f 988/983/983 984/987/987 986/984/984
f 986/984/984 989/988/988 985/985/985
f 983/989/989 986/984/984 990/986/986
s 221
f 991/991/991 997/992/992 995/993/993
f 995/993/993 994/994/994 999/995/995
f 995/993/993 993/996/996 998/997/997
f 992/998/998 996/999/999 995/993/993
f 996/999/999 991/991/991 995/993/993
f 997/992/992 993/996/996 995/993/993
f 995/993/993 998/997/997 994/994/994
f 992/998/998 995/993/993 999/995/995
s 223
f 1000/1000/1000 1006/1001/1001 1004/1002/1002
f 1004/1002/1002 1003/1003/1003 1008/1004/1004
f 1004/1002/1002 1002/1005/1005 1007/1006/1006
f 1001/1007/1007 1005/1008/1008 1004/1002/1002
f 1005/1008/1008 1000/1000/1000 1004/1002/1002
f 1006/1001/1001 1002/1005/1005 1004/1002/1002
f 1004/1002/1002 1007/1006/1006 1003/1003/1003
f 1001/1007/1007 1004/1002/1002 1008/1004/1004
s 225
f 1009/1009/1009 1013/1010/1010 1015/1011/1011
f 1013/1010/1010 1017/1012/1012 1012/1013/1013
f 1013/1010/1010 1016/1014/1014 1011/1015/1015
f 1010/1016/1016 1013/1010/1010 1014/1017/1017
f 1014/1017/1017 1013/1010/1010 1009/1009/1009
f 1015/1011/1011 1013/1010/1010 1011/1015/1015
f 1013/1010/1010 1012/1013/1013 1016/1014/1014
f 1010/1016/1016 1017/1012/1012 1013/1010/1010
s 227
f 1018/1018/1018 1022/1019/1019 1024/1020/1020
f 1022/1019/1019 1026/1021/1021 1021/1022/1022
f 1022/1019/1019 1025/1023/1023 1020/1024/1024
f 1019/1025/1025 1022/1019/1019 1023/1026/1026
f 1023/1026/1026 1022/1019/1019 1018/1018/1018
f 1024/1020/1020 1022/1019/1019 1020/1024/1024
f 1022/1019/1019 1021/1022/1022 1025/1023/1023
f 1019/1025/1025 1026/1021/1021 1022/1019/1019
s 229
f 1027/1027/1027 1031/1028/1028 1033/1029/1029
f 1031/1028/1028 1035/1030/1030 1030/1031/1031
f 1031/1028/1028 1034/1032/1032 1029/1033/1033
f 1028/1034/1034 1031/1028/1028 1032/1035/1035
f 1032/1035/1035 1031/1028/1028 1027/1027/1027
f 1033/1029/1029 1031/1028/1028 1029/1033/1033
f 1031/1028/1028 1030/1031/1031 1034/1032/1032
f 1028/1034/1034 1035/1030/1030 1031/1028/1028
s 231
f 1036/1036/1036 1042/1037/1037 1040/1038/1038
f 1040/1038/1038 1039/1039/1039 1044/1040/1040
f 1040/1038/1038 1038/1041/1041 1043/1042/1042
f 1037/1043/1043 1041/1044/1044 1040/1038/1038
f 1041/1044/1044 1036/1036/1036 1040/1038/1038
f 1042/1037/1037 1038/1041/1041 1040/1038/1038
f 1040/1038/1038 1043/1042/1042 1039/1039/1039
f 1037/1043/1043 1040/1038/1038 1044/1040/1040
s 233
f 1045/1045/1045 1051/1046/1046 1049/1047/1047
f 1049/1047/1047 1048/1048/1048 1053/1049/1049
f 1049/1047/1047 1047/1050/1050 1052/1051/1051
f 1046/1052/1052 1050/1053/1053 1049/1047/1047
f 1050/1053/1053 1045/1045/1045 1049/1047/1047
f 1051/1046/1046 1047/1050/1050 1049/1047/1047
f 1049/1047/1047 1052/1051/1051 1048/1048/1048
f 1046/1052/1052 1049/1047/1047 1053/1049/1049
s 235
f 1054/1054/1054 1060/1055/1055 1058/1056/1056
f 1058/1056/1056 1057/1057/1057 1062/1058/1058
f 1058/1056/1056 1056/1059/1059 1061/1060/1060
f 1055/1061/1061 1059/1062/1062 1058/1056/1056
f 1059/1062/1062 1054/1054/1054 1058/1056/1056
f 1060/1055/1055 1056/1059/1059 1058/1056/1056
f 1058/1056/1056 1061/1060/1060 1057/1057/1057
f 1055/1061/1061 1058/1056/1056 1062/1058/1058
s 237
f 1063/1063/1063 1069/1064/1064 1067/1065/1065
f 1067/1065/1065 1066/1066/1066 1071/1067/1067
f 1067/1065/1065 1065/1068/1068 1070/1069/1069
f 1064/1070/1070 1068/1071/1071 1067/1065/1065
f 1068/1071/1071 1063/1063/1063 1067/1065/1065
f 1069/1064/1064 1065/1068/1068 1067/1065/1065
f 1067/1065/1065 1070/1069/1069 1066/1066/1066
f 1064/1070/1070 1067/1065/1065 1071/1067/1067
s 239
f 1072/1072/1072 1078/1073/1073 1076/1074/1074
f 1076/1074/1074 1075/1075/1075 1080/1076/1076
f 1076/1074/1074 1074/1077/1077 1079/1078/1078
f 1073/1079/1079 1077/1080/1080 1076/1074/1074
f 1077/1080/1080 1072/1072/1072 1076/1074/1074
f 1078/1073/1073 1074/1077/1077 1076/1074/1074
f 1076/1074/1074 1079/1078/1078 1075/1075/1075
f 1073/1079/1079 1076/1074/1074 1080/1076/1076
s 241
f 1081/1081/1081 1085/1082/1082 1087/1083/1083
f 1085/1082/1082 1089/1084/1084 1084/1085/1085
f 1085/1082/1082 1088/1086/1086 1083/1087/1087
f 1082/1088/1088 1085/1082/1082 1086/1089/1089
f 1086/1089/1089 1085/1082/1082 1081/1081/1081
f 1087/1083/1083 1085/1082/1082 1083/1087/1087
f 1085/1082/1082 1084/1085/1085 1088/1086/1086
f 1082/1088/1088 1089/1084/1084 1085/1082/1082
s 243
f 1090/1090/1090 1096/1091/1091 1094/1092/1092
f 1094/1092/1092 1093/1093/1093 1098/1094/1094
f 1094/1092/1092 1092/1095/1095 1097/1096/1096
f 1091/1097/1097 1095/1098/1098 1094/1092/1092
f 1095/1098/1098 1090/1090/1090 1094/1092/1092
f 1096/1091/1091 1092/1095/1095 1094/1092/1092
f 1094/1092/1092 1097/1096/1096 1093/1093/1093
f 1091/1097/1097 1094/1092/1092 1098/1094/1094
s 245
f 1099/1099/1099 1103/1100/1100 1105/1101/1101
f 1103/1100/1100 1107/1102/1102 1102/1103/1103
f 1103/1100/1100 1106/1104/1104 1101/1105/1105
f 1100/1106/1106 1103/1100/1100 1104/1107/1107
f 1104/1107/1107 1103/1100/1100 1099/1099/1099
f 1105/1101/1101 1103/1100/1100 1101/1105/1105
f 1103/1100/1100 1102/1103/1103 1106/1104/1104
f 1100/1106/1106 1107/1102/1102 1103/1100/1100
s 247
f 1108/1108/1108 1112/1109/1109 1114/1110/1110
f 1112/1109/1109 1116/1111/1111 1111/1112/1112
f 1112/1109/1109 1115/1113/1113 1110/1114/1114
f 1109/1115/1115 1112/1109/1109 1113/1116/1116
f 1113/1116/1116 1112/1109/1109 1108/1108/1108
f 1114/1110/1110 1112/1109/1109 1110/1114/1114
f 1112/1109/1109 1111/1112/1112 1115/1113/1113
f 1109/1115/1115 1116/1111/1111 1112/1109/1109
s 249
f 1117/1117/1117 1123/1118/1118 1121/1119/1119
f 1121/1119/1119 1120/1120/1120 1125/1121/1121
f 1121/1119/1119 1119/1122/1122 1124/1123/1123
f 1118/1124/1124 1122/1125/1125 1121/1119/1119
f 1122/1125/1125 1117/1117/1117 1121/1119/1119
f 1123/1118/1118 1119/1122/1122 1121/1119/1119
f 1121/1119/1119 1124/1123/1123 1120/1120/1120
f 1118/1124/1124 1121/1119/1119 1125/1121/1121
s 251
f 1126/1126/1126 1130/1127/1127 1132/1128/1128
f 1130/1127/1127 1134/1129/1129 1129/1130/1130
f 1130/1127/1127 1133/1131/1131 1128/1132/1132
f 1127/1133/1133 1130/1127/1127 1131/1134/1134
f 1131/1134/1134 1130/1127/1127 1126/1126/1126
f 1132/1128/1128 1130/1127/1127 1128/1132/1132
f 1130/1127/1127 1129/1130/1130 1133/1131/1131
f 1127/1133/1133 1134/1129/1129 1130/1127/1127
s 253
f 1135/1135/1135 1141/1136/1136 1139/1137/1137
f 1139/1137/1137 1138/1138/1138 1143/1139/1139
f 1139/1137/1137 1137/1140/1140 1142/1141/1141
f 1136/1142/1142 1140/1143/1143 1139/1137/1137
f 1140/1143/1143 1135/1135/1135 1139/1137/1137
f 1141/1136/1136 1137/1140/1140 1139/1137/1137
f 1139/1137/1137 1142/1141/1141 1138/1138/1138
f 1136/1142/1142 1139/1137/1137 1143/1139/1139
s 255
f 1144/1144/1144 1148/1145/1145 1150/1146/1146
f 1148/1145/1145 1152/1147/1147 1147/1148/1148
f 1148/1145/1145 1151/1149/1149 1146/1150/1150
f 1145/1151/1151 1148/1145/1145 1149/1152/1152
f 1149/1152/1152 1148/1145/1145 1144/1144/1144
f 1150/1146/1146 1148/1145/1145 1146/1150/1150
f 1148/1145/1145 1147/1148/1148 1151/1149/1149
f 1145/1151/1151 1152/1147/1147 1148/1145/1145
s 257
f 1153/1153/1153 1159/1154/1154 1157/1155/1155
f 1157/1155/1155 1156/1156/1156 1161/1157/1157
f 1157/1155/1155 1155/1158/1158 1160/1159/1159
f 1154/1160/1160 1158/1161/1161 1157/1155/1155
f 1158/1161/1161 1153/1153/1153 1157/1155/1155
f 1159/1154/1154 1155/1158/1158 1157/1155/1155
f 1157/1155/1155 1160/1159/1159 1156/1156/1156
f 1154/1160/1160 1157/1155/1155 1161/1157/1157
s 259
f 1162/1162/1162 1166/1163/1163 1168/1164/1164
f 1166/1163/1163 1170/1165/1165 1165/1166/1166
f 1166/1163/1163 1169/1167/1167 1164/1168/1168
f 1163/1169/1169 1166/1163/1163 1167/1170/1170
f 1167/1170/1170 1166/1163/1163 1162/1162/1162
f 1168/1164/1164 1166/1163/1163 1164/1168/1168
f 1166/1163/1163 1165/1166/1166 1169/1167/1167
f 1163/1169/1169 1170/1165/1165 1166/1163/1163
s 261
f 1171/1171/1171 1175/1172/1172 1177/1173/1173
f 1175/1172/1172 1179/1174/1174 1174/1175/1175
f 1175/1172/1172 1178/1176/1176 1173/1177/1177
f 1172/1178/1178 1175/1172/1172 1176/1179/1179
f 1176/1179/1179 1175/1172/1172 1171/1171/1171
f 1177/1173/1173 1175/1172/1172 1173/1177/1177
f 1175/1172/1172 1174/1175/1175 1178/1176/1176
f 1172/1178/1178 1179/1174/1174 1175/1172/1172
s 263
f 1180/1180/1180 1186/1181/1181 1184/1182/1182
f 1184/1182/1182 1183/1183/1183 1188/1184/1184
f 1184/1182/1182 1182/1185/1185 1187/1186/1186
f 1181/1187/1187 1185/1188/1188 1184/1182/1182
f 1185/1188/1188 1180/1180/1180 1184/1182/1182
f 1186/1181/1181 1182/1185/1185 1184/1182/1182
f 1184/1182/1182 1187/1186/1186 1183/1183/1183
f 1181/1187/1187 1184/1182/1182 1188/1184/1184
s 265
f 1189/1189/1189 1193/1190/1190 1195/1191/1191
f 1193/1190/1190 1197/1192/1192 1192/1193/1193
f 1193/1190/1190 1196/1194/1194 1191/1195/1195
f 1190/1196/1196 1193/1190/1190 1194/1197/1197
f 1194/1197/1197 1193/1190/1190 1189/1189/1189
f 1195/1191/1191 1193/1190/1190 1191/1195/1195
f 1193/1190/1190 1192/1193/1193 1196/1194/1194
f 1190/1196/1196 1197/1192/1192 1193/1190/1190
s 267
f 1198/1198/1198 1204/1199/1199 1202/1200/1200
f 1202/1200/1200 1201/1201/1201 1206/1202/1202
f 1202/1200/1200 1200/1203/1203 1205/1204/1204
f 1199/1205/1205 1203/1206/1206 1202/1200/1200
f 1203/1206/1206 1198/1198/1198 1202/1200/1200
f 1204/1199/1199 1200/1203/1203 1202/1200/1200
f 1202/1200/1200 1205/1204/1204 1201/1201/1201
f 1199/1205/1205 1202/1200/1200 1206/1202/1202
s 269
f 1207/1207/1207 1213/1208/1208 1211/1209/1209
f 1211/1209/1209 1210/1210/1210 1215/1211/1211
f 1211/1209/1209 1209/1212/1212 1214/1213/1213
f 1208/1214/1214 1212/1215/1215 1211/1209/1209
f 1212/1215/1215 1207/1207/1207 1211/1209/1209
f 1213/1208/1208 1209/1212/1212 1211/1209/1209
f 1211/1209/1209 1214/1213/1213 1210/1210/1210
f 1208/1214/1214 1211/1209/1209 1215/1211/1211
s 271
f 1216/1216/1216 1220/1217/1217 1222/1218/1218
f 1220/1217/1217 1224/1219/1219 1219/1220/1220
f 1220/1217/1217 1223/1221/1221 1218/1222/1222
f 1217/1223/1223 1220/1217/1217 1221/1224/1224
f 1221/1224/1224 1220/1217/1217 1216/1216/1216
f 1222/1218/1218 1220/1217/1217 1218/1222/1222
f 1220/1217/1217 1219/1220/1220 1223/1221/1221
f 1217/1223/1223 1224/1219/1219 1220/1217/1217
s 273
f 1225/1225/1225 1229/1226/1226 1231/1227/1227
f 1229/1226/1226 1233/1228/1228 1228/1229/1229
f 1229/1226/1226 1232/1230/1230 1227/1231/1231
f 1226/1232/1232 1229/1226/1226 1230/1233/1233
f 1230/1233/1233 1229/1226/1226 1225/1225/1225
f 1231/1227/1227 1229/1226/1226 1227/1231/1231
f 1229/1226/1226 1228/1229/1229 1232/1230/1230
f 1226/1232/1232 1233/1228/1228 1229/1226/1226
s 275
f 1234/1234/1234 1238/1235/1235 1240/1236/1236
f 1238/1235/1235 1242/1237/1237 1237/1238/1238
f 1238/1235/1235 1241/1239/1239 1236/1240/1240
f 1235/1241/1241 1238/1235/1235 1239/1242/1242
f 1239/1242/1242 1238/1235/1235 1234/1234/1234
f 1240/1236/1236 1238/1235/1235 1236/1240/1240
f 1238/1235/1235 1237/1238/1238 1241/1239/1239
f 1235/1241/1241 1242/1237/1237 1238/1235/1235
s 277
f 1243/1243/1243 1247/1244/1244 1249/1245/1245
f 1247/1244/1244 1251/1246/1246 1246/1247/1247
f 1247/1244/1244 1250/1248/1248 1245/1249/1249
f 1244/1250/1250 1247/1244/1244 1248/1251/1251
f 1248/1251/1251 1247/1244/1244 1243/1243/1243
f 1249/1245/1245 1247/1244/1244 1245/1249/1249
f 1247/1244/1244 1246/1247/1247 1250/1248/1248
f 1244/1250/1250 1251/1246/1246 1247/1244/1244
s 279
f 1252/1252/1252 1256/1253/1253 1258/1254/1254
f 1256/1253/1253 1260/1255/1255 1255/1256/1256
f 1256/1253/1253 1259/1257/1257 1254/1258/1258
f 1253/1259/1259 1256/1253/1253 1257/1260/1260
f 1257/1260/1260 1256/1253/1253 1252/1252/1252
f 1258/1254/1254 1256/1253/1253 1254/1258/1258
f 1256/1253/1253 1255/1256/1256 1259/1257/1257
f 1253/1259/1259 1260/1255/1255 1256/1253/1253
s 281
f 1261/1261/1261 1267/1262/1262 1265/1263/1263
f 1265/1263/1263 1264/1264/1264 1269/1265/1265
f 1265/1263/1263 1263/1266/1266 1268/1267/1267
f 1262/1268/1268 1266/1269/1269 1265/1263/1263
f 1266/1269/1269 1261/1261/1261 1265/1263/1263
f 1267/1262/1262 1263/1266/1266 1265/1263/1263
f 1265/1263/1263 1268/1267/1267 1264/1264/1264
f 1262/1268/1268 1265/1263/1263 1269/1265/1265
s 283
f 1270/1270/1270 1276/1271/1271 1274/1272/1272
f 1274/1272/1272 1273/1273/1273 1278/1274/1274
f 1274/1272/1272 1272/1275/1275 1277/1276/1276
f 1271/1277/1277 1275/1278/1278 1274/1272/1272
f 1275/1278/1278 1270/1270/1270 1274/1272/1272
f 1276/1271/1271 1272/1275/1275 1274/1272/1272
f 1274/1272/1272 1277/1276/1276 1273/1273/1273
f 1271/1277/1277 1274/1272/1272 1278/1274/1274
s 285
f 1279/1279/1279 1285/1280/1280 1283/1281/1281
f 1283/1281/1281 1282/1282/1282 1287/1283/1283
f 1283/1281/1281 1281/1284/1284 1286/1285/1285
f 1280/1286/1286 1284/1287/1287 1283/1281/1281
f 1284/1287/1287 1279/1279/1279 1283/1281/1281
f 1285/1280/1280 1281/1284/1284 1283/1281/1281
f 1283/1281/1281 1286/1285/1285 1282/1282/1282
f 1280/1286/1286 1283/1281/1281 1287/1283/1283
s 287
f 1288/1288/1288 1294/1289/1289 1292/1290/1290
f 1292/1290/1290 1291/1291/1291 1296/1292/1292
f 1292/1290/1290 1290/1293/1293 1295/1294/1294
f 1289/1295/1295 1293/1296/1296 1292/1290/1290
f 1293/1296/1296 1288/1288/1288 1292/1290/1290
f 1294/1289/1289 1290/1293/1293 1292/1290/1290
f 1292/1290/1290 1295/1294/1294 1291/1291/1291
f 1289/1295/1295 1292/1290/1290 1296/1292/1292
s 289
f 1297/1297/1297 1301/1298/1298 1303/1299/1299
f 1301/1298/1298 1305/1300/1300 1300/1301/1301
f 1301/1298/1298 1304/1302/1302 1299/1303/1303
f 1298/1304/1304 1301/1298/1298 1302/1305/1305
f 1302/1305/1305 1301/1298/1298 1297/1297/1297
f 1303/1299/1299 1301/1298/1298 1299/1303/1303
f 1301/1298/1298 1300/1301/1301 1304/1302/1302
f 1298/1304/1304 1305/1300/1300 1301/1298/1298
s 291
f 1306/1306/1306 1310/1307/1307 1312/1308/1308
f 1310/1307/1307 1314/1309/1309 1309/1310/1310
f 1310/1307/1307 1313/1311/1311 1308/1312/1312
f 1307/1313/1313 1310/1307/1307 1311/1314/1314
f 1311/1314/1314 1310/1307/1307 1306/1306/1306
f 1312/1308/1308 1310/1307/1307 1308/1312/1312
f 1310/1307/1307 1309/1310/1310 1313/1311/1311
f 1307/1313/1313 1314/1309/1309 1310/1307/1307
s 293
f 1315/1315/1315 1319/1316/1316 1321/1317/1317
f 1319/1316/1316 1323/1318/1318 1318/1319/1319
f 1319/1316/1316 1322/1320/1320 1317/1321/1321
f 1316/1322/1322 1319/1316/1316 1320/1323/1323
f 1320/1323/1323 1319/1316/1316 1315/1315/1315
f 1321/1317/1317 1319/1316/1316 1317/1321/1321
f 1319/1316/1316 1318/1319/1319 1322/1320/1320
f 1316/1322/1322 1323/1318/1318 1319/1316/1316
s 295
f 1324/1324/1324 1330/1325/1325 1328/1326/1326
f 1328/1326/1326 1327/1327/1327 1332/1328/1328
f 1328/1326/1326 1326/1329/1329 1331/1330/1330
f 1325/1331/1331 1329/1332/1332 1328/1326/1326
f 1329/1332/1332 1324/1324/1324 1328/1326/1326
f 1330/1325/1325 1326/1329/1329 1328/1326/1326
f 1328/1326/1326 1331/1330/1330 1327/1327/1327
f 1325/1331/1331 1328/1326/1326 1332/1328/1328
s 297
f 1333/1333/1333 1339/1334/1334 1337/1335/1335
f 1337/1335/1335 1336/1336/1336 1341/1337/1337
f 1337/1335/1335 1335/1338/1338 1340/1339/1339
f 1334/1340/1340 1338/1341/1341 1337/1335/1335
f 1338/1341/1341 1333/1333/1333 1337/1335/1335
f 1339/1334/1334 1335/1338/1338 1337/1335/1335
f 1337/1335/1335 1340/1339/1339 1336/1336/1336
f 1334/1340/1340 1337/1335/1335 1341/1337/1337
s 299
f 1342/1342/1342 1348/1343/1343 1346/1344/1344
f 1346/1344/1344 1345/1345/1345 1350/1346/1346
f 1346/1344/1344 1344/1347/1347 1349/1348/1348
f 1343/1349/1349 1347/1350/1350 1346/1344/1344
f 1347/1350/1350 1342/1342/1342 1346/1344/1344
f 1348/1343/1343 1344/1347/1347 1346/1344/1344
f 1346/1344/1344 1349/1348/1348 1345/1345/1345
f 1343/1349/1349 1346/1344/1344 1350/1346/1346
s 301
f 1351/1351/1351 1357/1352/1352 1355/1353/1353
f 1355/1353/1353 1354/1354/1354 1359/1355/1355
f 1355/1353/1353 1353/1356/1356 1358/1357/1357
f 1352/1358/1358 1356/1359/1359 1355/1353/1353
f 1356/1359/1359 1351/1351/1351 1355/1353/1353
f 1357/1352/1352 1353/1356/1356 1355/1353/1353
f 1355/1353/1353 1358/1357/1357 1354/1354/1354
f 1352/1358/1358 1355/1353/1353 1359/1355/1355
s 303
f 1360/1360/1360 1366/1361/1361 1364/1362/1362
f 1364/1362/1362 1363/1363/1363 1368/1364/1364
f 1364/1362/1362 1362/1365/1365 1367/1366/1366
f 1361/1367/1367 1365/1368/1368 1364/1362/1362
f 1365/1368/1368 1360/1360/1360 1364/1362/1362
f 1366/1361/1361 1362/1365/1365 1364/1362/1362
f 1364/1362/1362 1367/1366/1366 1363/1363/1363
f 1361/1367/1367 1364/1362/1362 1368/1364/1364
s 305
f 1369/1369/1369 1373/1370/1370 1375/1371/1371
f 1373/1370/1370 1377/1372/1372 1372/1373/1373
f 1373/1370/1370 1376/1374/1374 1371/1375/1375
f 1370/1376/1376 1373/1370/1370 1374/1377/1377
f 1374/1377/1377 1373/1370/1370 1369/1369/1369
f 1375/1371/1371 1373/1370/1370 1371/1375/1375
f 1373/1370/1370 1372/1373/1373 1376/1374/1374
f 1370/1376/1376 1377/1372/1372 1373/1370/1370
s 307
f 1378/1378/1378 1384/1379/1379 1382/1380/1380
f 1382/1380/1380 1381/1381/1381 1386/1382/1382
f 1382/1380/1380 1380/1383/1383 1385/1384/1384
f 1379/1385/1385 1383/1386/1386 1382/1380/1380
f 1383/1386/1386 1378/1378/1378 1382/1380/1380
f 1384/1379/1379 1380/1383/1383 1382/1380/1380
f 1382/1380/1380 1385/1384/1384 1381/1381/1381
f 1379/1385/1385 1382/1380/1380 1386/1382/1382
s 309
f 1387/1387/1387 1391/1388/1388 1393/1389/1389
f 1391/1388/1388 1395/1390/1390 1390/1391/1391
f 1391/1388/1388 1394/1392/1392 1389/1393/1393
f 1388/1394/1394 1391/1388/1388 1392/1395/1395
f 1392/1395/1395 1391/1388/1388 1387/1387/1387
f 1393/1389/1389 1391/1388/1388 1389/1393/1393
f 1391/1388/1388 1390/1391/1391 1394/1392/1392
f 1388/1394/1394 1395/1390/1390 1391/1388/1388
s 311
f 1396/1396/1396 1400/1397/1397 1402/1398/1398
f 1400/1397/1397 1404/1399/1399 1399/1400/1400
f 1400/1397/1397 1403/1401/1401 1398/1402/1402
f 1397/1403/1403 1400/1397/1397 1401/1404/1404
f 1401/1404/1404 1400/1397/1397 1396/1396/1396
f 1402/1398/1398 1400/1397/1397 1398/1402/1402
f 1400/1397/1397 1399/1400/1400 1403/1401/1401
f 1397/1403/1403 1404/1399/1399 1400/1397/1397
s 313
f 1405/1405/1405 1411/1406/1406 1409/1407/1407
f 1409/1407/1407 1408/1408/1408 1413/1409/1409
f 1409/1407/1407 1407/1410/1410 1412/1411/1411
f 1406/1412/1412 1410/1413/1413 1409/1407/1407
f 1410/1413/1413 1405/1405/1405 1409/1407/1407
f 1411/1406/1406 1407/1410/1410 1409/1407/1407
f 1409/1407/1407 1412/1411/1411 1408/1408/1408
f 1406/1412/1412 1409/1407/1407 1413/1409/1409
s 315
f 1414/1414/1414 1418/1415/1415 1420/1416/1416
f 1418/1415/1415 1422/1417/1417 1417/1418/1418
f 1418/1415/1415 1421/1419/1419 1416/1420/1420
f 1415/1421/1421 1418/1415/1415 1419/1422/1422
f 1419/1422/1422 1418/1415/1415 1414/1414/1414
f 1420/1416/1416 1418/1415/1415 1416/1420/1420
f 1418/1415/1415 1417/1418/1418 1421/1419/1419
f 1415/1421/1421 1422/1417/1417 1418/1415/1415
s 317
f 1423/1423/1423 1429/1424/1424 1427/1425/1425
f 1427/1425/1425 1426/1426/1426 1431/1427/1427
f 1427/1425/1425 1425/1428/1428 1430/1429/1429
f 1424/1430/1430 1428/1431/1431 1427/1425/1425
f 1428/1431/1431 1423/1423/1423 1427/1425/1425
f 1429/1424/1424 1425/1428/1428 1427/1425/1425
f 1427/1425/1425 1430/1429/1429 1426/1426/1426
f 1424/1430/1430 1427/1425/1425 1431/1427/1427
s 319
f 1432/1432/1432 1436/1433/1433 1438/1434/1434
f 1436/1433/1433 1440/1435/1435 1435/1436/1436
f 1436/1433/1433 1439/1437/1437 1434/1438/1438
f 1433/1439/1439 1436/1433/1433 1437/1440/1440
f 1437/1440/1440 1436/1433/1433 1432/1432/1432
f 1438/1434/1434 1436/1433/1433 1434/1438/1438
f 1436/1433/1433 1435/1436/1436 1439/1437/1437
f 1433/1439/1439 1440/1435/1435 1436/1433/1433
s 321
f 1441/1441/1441 1447/1442/1442 1445/1443/1443
f 1445/1443/1443 1444/1444/1444 1449/1445/1445
f 1445/1443/1443 1443/1446/1446 1448/1447/1447
f 1442/1448/1448 1446/1449/1449 1445/1443/1443
f 1446/1449/1449 1441/1441/1441 1445/1443/1443
f 1447/1442/1442 1443/1446/1446 1445/1443/1443
f 1445/1443/1443 1448/1447/1447 1444/1444/1444
f 1442/1448/1448 1445/1443/1443 1449/1445/1445
s 323
f 1450/1450/1450 1454/1451/1451 1456/1452/1452
f 1454/1451/1451 1458/1453/1453 1453/1454/1454
f 1454/1451/1451 1457/1455/1455 1452/1456/1456
f 1451/1457/1457 1454/1451/1451 1455/1458/1458
f 1455/1458/1458 1454/1451/1451 1450/1450/1450
f 1456/1452/1452 1454/1451/1451 1452/1456/1456
f 1454/1451/1451 1453/1454/1454 1457/1455/1455
f 1451/1457/1457 1458/1453/1453 1454/1451/1451
s 325
f 1459/1459/1459 1463/1460/1460 1465/1461/1461
f 1463/1460/1460 1467/1462/1462 1462/1463/1463
f 1463/1460/1460 1466/1464/1464 1461/1465/1465
f 1460/1466/1466 1463/1460/1460 1464/1467/1467
f 1464/1467/1467 1463/1460/1460 1459/1459/1459
f 1465/1461/1461 1463/1460/1460 1461/1465/1465
f 1463/1460/1460 1462/1463/1463 1466/1464/1464
f 1460/1466/1466 1467/1462/1462 1463/1460/1460
s 327
f 1468/1468/1468 1474/1469/1469 1472/1470/1470
f 1472/1470/1470 1471/1471/1471 1476/1472/1472
f 1472/1470/1470 1470/1473/1473 1475/1474/1474
f 1469/1475/1475 1473/1476/1476 1472/1470/1470
f 1473/1476/1476 1468/1468/1468 1472/1470/1470
f 1474/1469/1469 1470/1473/1473 1472/1470/1470
f 1472/1470/1470 1475/1474/1474 1471/1471/1471
f 1469/1475/1475 1472/1470/1470 1476/1472/1472
s 329
f 1477/1477/1477 1481/1478/1478 1483/1479/1479
f 1481/1478/1478 1485/1480/1480 1480/1481/1481
f 1481/1478/1478 1484/1482/1482 1479/1483/1483
f 1478/1484/1484 1481/1478/1478 1482/1485/1485
f 1482/1485/1485 1481/1478/1478 1477/1477/1477
f 1483/1479/1479 1481/1478/1478 1479/1483/1483
f 1481/1478/1478 1480/1481/1481 1484/1482/1482
f 1478/1484/1484 1485/1480/1480 1481/1478/1478
s 331
f 1486/1486/1486 1492/1487/1487 1490/1488/1488
f 1490/1488/1488 1489/1489/1489 1494/1490/1490
f 1490/1488/1488 1488/1491/1491 1493/1492/1492
f 1487/1493/1493 1491/1494/1494 1490/1488/1488
f 1491/1494/1494 1486/1486/1486 1490/1488/1488
f 1492/1487/1487 1488/1491/1491 1490/1488/1488
f 1490/1488/1488 1493/1492/1492 1489/1489/1489
f 1487/1493/1493 1490/1488/1488 1494/1490/1490
s 333
f 1495/1495/1495 1501/1496/1496 1499/1497/1497
f 1499/1497/1497 1498/1498/1498 1503/1499/1499
f 1499/1497/1497 1497/1500/1500 1502/1501/1501
f 1496/1502/1502 1500/1503/1503 1499/1497/1497
f 1500/1503/1503 1495/1495/1495 1499/1497/1497
f 1501/1496/1496 1497/1500/1500 1499/1497/1497
f 1499/1497/1497 1502/1501/1501 1498/1498/1498
f 1496/1502/1502 1499/1497/1497 1503/1499/1499
s 335
f 1504/1504/1504 1508/1505/1505 1510/1506/1506
f 1508/1505/1505 1512/1507/1507 1507/1508/1508
f 1508/1505/1505 1511/1509/1509 1506/1510/1510
f 1505/1511/1511 1508/1505/1505 1509/1512/1512
f 1509/1512/1512 1508/1505/1505 1504/1504/1504
f 1510/1506/1506 1508/1505/1505 1506/1510/1510
f 1508/1505/1505 1507/1508/1508 1511/1509/1509
f 1505/1511/1511 1512/1507/1507 1508/1505/1505
s 337
f 1513/1513/1513 1517/1514/1514 1519/1515/1515
f 1517/1514/1514 1521/1516/1516 1516/1517/1517
f 1517/1514/1514 1520/1518/1518 1515/1519/1519
f 1514/1520/1520 1517/1514/1514 1518/1521/1521
f 1518/1521/1521 1517/1514/1514 1513/1513/1513
f 1519/1515/1515 1517/1514/1514 1515/1519/1519
f 1517/1514/1514 1516/1517/1517 1520/1518/1518
f 1514/1520/1520 1521/1516/1516 1517/1514/1514
s 339
f 1522/1522/1522 1526/1523/1523 1528/1524/1524
f 1526/1523/1523 1530/1525/1525 1525/1526/1526
f 1526/1523/1523 1529/1527/1527 1524/1528/1528
f 1523/1529/1529 1526/1523/1523 1527/1530/1530
f 1527/1530/1530 1526/1523/1523 1522/1522/1522
f 1528/1524/1524 1526/1523/1523 1524/1528/1528
f 1526/1523/1523 1525/1526/1526 1529/1527/1527
f 1523/1529/1529 1530/1525/1525 1526/1523/1523
s 341
f 1531/1531/1531 1535/1532/1532 1537/1533/1533
f 1535/1532/1532 1539/1534/1534 1534/1535/1535
f 1535/1532/1532 1538/1536/1536 1533/1537/1537
f 1532/1538/1538 1535/1532/1532 1536/1539/1539
f 1536/1539/1539 1535/1532/1532 1531/1531/1531
f 1537/1533/1533 1535/1532/1532 1533/1537/1537
f 1535/1532/1532 1534/1535/1535 1538/1536/1536
f 1532/1538/1538 1539/1534/1534 1535/1532/1532
s 343
f 1540/1540/1540 1544/1541/1541 1546/1542/1542
f 1544/1541/1541 1548/1543/1543 1543/1544/1544
f 1544/1541/1541 1547/1545/1545 1542/1546/1546
f 1541/1547/1547 1544/1541/1541 1545/1548/1548
f 1545/1548/1548 1544/1541/1541 1540/1540/1540
f 1546/1542/1542 1544/1541/1541 1542/1546/1546
f 1544/1541/1541 1543/1544/1544 1547/1545/1545
f 1541/1547/1547 1548/1543/1543 1544/1541/1541
s 345
f 1549/1549/1549 1555/1550/1550 1553/1551/1551
f 1553/1551/1551 1552/1552/1552 1557/1553/1553
f 1553/1551/1551 1551/1554/1554 1556/1555/1555
f 1550/1556/1556 1554/1557/1557 1553/1551/1551
f 1554/1557/1557 1549/1549/1549 1553/1551/1551
f 1555/1550/1550 1551/1554/1554 1553/1551/1551
f 1553/1551/1551 1556/1555/1555 1552/1552/1552
f 1550/1556/1556 1553/1551/1551 1557/1553/1553
s 347
f 1558/1558/1558 1564/1559/1559 1562/1560/1560
f 1562/1560/1560 1561/1561/1561 1566/1562/1562
f 1562/1560/1560 1560/1563/1563 1565/1564/1564
f 1559/1565/1565 1563/1566/1566 1562/1560/1560
f 1563/1566/1566 1558/1558/1558 1562/1560/1560
f 1564/1559/1559 1560/1563/1563 1562/1560/1560
f 1562/1560/1560 1565/1564/1564 1561/1561/1561
f 1559/1565/1565 1562/1560/1560 1566/1562/1562
s 349
f 1567/1567/1567 1573/1568/1568 1571/1569/1569
f 1571/1569/1569 1570/1570/1570 1575/1571/1571
f 1571/1569/1569 1569/1572/1572 1574/1573/1573
f 1568/1574/1574 1572/1575/1575 1571/1569/1569
f 1572/1575/1575 1567/1567/1567 1571/1569/1569
f 1573/1568/1568 1569/1572/1572 1571/1569/1569
f 1571/1569/1569 1574/1573/1573 1570/1570/1570
f 1568/1574/1574 1571/1569/1569 1575/1571/1571
s 351
f 1576/1576/1576 1582/1577/1577 1580/1578/1578
f 1580/1578/1578 1579/1579/1579 1584/1580/1580
f 1580/1578/1578 1578/1581/1581 1583/1582/1582
f 1577/1583/1583 1581/1584/1584 1580/1578/1578
f 1581/1584/1584 1576/1576/1576 1580/1578/1578
f 1582/1577/1577 1578/1581/1581 1580/1578/1578
f 1580/1578/1578 1583/1582/1582 1579/1579/1579
f 1577/1583/1583 1580/1578/1578 1584/1580/1580
s 353
f 1585/1585/1585 1589/1586/1586 1591/1587/1587
f 1589/1586/1586 1593/1588/1588 1588/1589/1589
f 1589/1586/1586 1592/1590/1590 1587/1591/1591
f 1586/1592/1592 1589/1586/1586 1590/1593/1593
f 1590/1593/1593 1589/1586/1586 1585/1585/1585
f 1591/1587/1587 1589/1586/1586 1587/1591/1591
f 1589/1586/1586 1588/1589/1589 1592/1590/1590
f 1586/1592/1592 1593/1588/1588 1589/1586/1586
s 355
f 1594/1594/1594 1598/1595/1595 1600/1596/1596
f 1598/1595/1595 1602/1597/1597 1597/1598/1598
f 1598/1595/1595 1601/1599/1599 1596/1600/1600
f 1595/1601/1601 1598/1595/1595 1599/1602/1602
f 1599/1602/1602 1598/1595/1595 1594/1594/1594
f 1600/1596/1596 1598/1595/1595 1596/1600/1600
f 1598/1595/1595 1597/1598/1598 1601/1599/1599
f 1595/1601/1601 1602/1597/1597 1598/1595/1595
s 357
f 1603/1603/1603 1607/1604/1604 1609/1605/1605
f 1607/1604/1604 1611/1606/1606 1606/1607/1607
f 1607/1604/1604 1610/1608/1608 1605/1609/1609
f 1604/1610/1610 1607/1604/1604 1608/1611/1611
f 1608/1611/1611 1607/1604/1604 1603/1603/1603
f 1609/1605/1605 1607/1604/1604 1605/1609/1609
f 1607/1604/1604 1606/1607/1607 1610/1608/1608
f 1604/1610/1610 1611/1606/1606 1607/1604/1604
s 359
f 1612/1612/1612 1618/1613/1613 1616/1614/1614
f 1616/1614/1614 1615/1615/1615 1620/1616/1616
f 1616/1614/1614 1614/1617/1617 1619/1618/1618
f 1613/1619/1619 1617/1620/1620 1616/1614/1614
f 1617/1620/1620 1612/1612/1612 1616/1614/1614
f 1618/1613/1613 1614/1617/1617 1616/1614/1614
f 1616/1614/1614 1619/1618/1618 1615/1615/1615
f 1613/1619/1619 1616/1614/1614 1620/1616/1616
s 361
f 1621/1621/1621 1627/1622/1622 1625/1623/1623
f 1625/1623/1623 1624/1624/1624 1629/1625/1625
f 1625/1623/1623 1623/1626/1626 1628/1627/1627
f 1622/1628/1628 1626/1629/1629 1625/1623/1623
f 1626/1629/1629 1621/1621/1621 1625/1623/1623
f 1627/1622/1622 1623/1626/1626 1625/1623/1623
f 1625/1623/1623 1628/1627/1627 1624/1624/1624
f 1622/1628/1628 1625/1623/1623 1629/1625/1625
s 363
f 1630/1630/1630 1636/1631/1631 1634/1632/1632
f 1634/1632/1632 1633/1633/1633 1638/1634/1634
f 1634/1632/1632 1632/1635/1635 1637/1636/1636
f 1631/1637/1637 1635/1638/1638 1634/1632/1632
f 1635/1638/1638 1630/1630/1630 1634/1632/1632
f 1636/1631/1631 1632/1635/1635 1634/1632/1632
f 1634/1632/1632 1637/1636/1636 1633/1633/1633
f 1631/1637/1637 1634/1632/1632 1638/1634/1634
s 365
f 1639/1639/1639 1645/1640/1640 1643/1641/1641
f 1643/1641/1641 1642/1642/1642 1647/1643/1643
f 1643/1641/1641 1641/1644/1644 1646/1645/1645
f 1640/1646/1646 1644/1647/1647 1643/1641/1641
f 1644/1647/1647 1639/1639/1639 1643/1641/1641
f 1645/1640/1640 1641/1644/1644 1643/1641/1641
f 1643/1641/1641 1646/1645/1645 1642/1642/1642
f 1640/1646/1646 1643/1641/1641 1647/1643/1643
s 367
f 1648/1648/1648 1654/1649/1649 1652/1650/1650
f 1652/1650/1650 1651/1651/1651 1656/1652/1652
f 1652/1650/1650 1650/1653/1653 1655/1654/1654
f 1649/1655/1655 1653/1656/1656 1652/1650/1650
f 1653/1656/1656 1648/1648/1648 1652/1650/1650
f 1654/1649/1649 1650/1653/1653 1652/1650/1650
f 1652/1650/1650 1655/1654/1654 1651/1651/1651
f 1649/1655/1655 1652/1650/1650 1656/1652/1652
s 369
f 1657/1657/1657 1661/1658/1658 1663/1659/1659
f 1661/1658/1658 1665/1660/1660 1660/1661/1661
f 1661/1658/1658 1664/1662/1662 1659/1663/1663
f 1658/1664/1664 1661/1658/1658 1662/1665/1665
f 1662/1665/1665 1661/1658/1658 1657/1657/1657
f 1663/1659/1659 1661/1658/1658 1659/1663/1663
f 1661/1658/1658 1660/1661/1661 1664/1662/1662
f 1658/1664/1664 1665/1660/1660 1661/1658/1658
s 371
f 1666/1666/1666 1672/1667/1667 1670/1668/1668
f 1670/1668/1668 1669/1669/1669 1674/1670/1670
f 1670/1668/1668 1668/1671/1671 1673/1672/1672
f 1667/1673/1673 1671/1674/1674 1670/1668/1668
f 1671/1674/1674 1666/1666/1666 1670/1668/1668
f 1672/1667/1667 1668/1671/1671 1670/1668/1668
f 1670/1668/1668 1673/1672/1672 1669/1669/1669
f 1667/1673/1673 1670/1668/1668 1674/1670/1670
s 373
f 1675/1675/1675 1679/1676/1676 1681/1677/1677
f 1679/1676/1676 1683/1678/1678 1678/1679/1679
f 1679/1676/1676 1682/1680/1680 1677/1681/1681
f 1676/1682/1682 1679/1676/1676 1680/1683/1683
f 1680/1683/1683 1679/1676/1676 1675/1675/1675
f 1681/1677/1677 1679/1676/1676 1677/1681/1681
f 1679/1676/1676 1678/1679/1679 1682/1680/1680
f 1676/1682/1682 1683/1678/1678 1679/1676/1676
s 375
f 1684/1684/1684 1688/1685/1685 1690/1686/1686
f 1688/1685/1685 1692/1687/1687 1687/1688/1688
f 1688/1685/1685 1691/1689/1689 1686/1690/1690
f 1685/1691/1691 1688/1685/1685 1689/1692/1692
f 1689/1692/1692 1688/1685/1685 1684/1684/1684
f 1690/1686/1686 1688/1685/1685 1686/1690/1690
f 1688/1685/1685 1687/1688/1688 1691/1689/1689
f 1685/1691/1691 1692/1687/1687 1688/1685/1685
s 377
f 1693/1693/1693 1699/1694/1694 1697/1695/1695
f 1697/1695/1695 1696/1696/1696 1701/1697/1697
f 1697/1695/1695 1695/1698/1698 1700/1699/1699
f 1694/1700/1700 1698/1701/1701 1697/1695/1695
f 1698/1701/1701 1693/1693/1693 1697/1695/1695
f 1699/1694/1694 1695/1698/1698 1697/1695/1695
f 1697/1695/1695 1700/1699/1699 1696/1696/1696
f 1694/1700/1700 1697/1695/1695 1701/1697/1697
s 379
f 1702/1702/1702 1706/1703/1703 1708/1704/1704
f 1706/1703/1703 1710/1705/1705 1705/1706/1706
f 1706/1703/1703 1709/1707/1707 1704/1708/1708
f 1703/1709/1709 1706/1703/1703 1707/1710/1710
f 1707/1710/1710 1706/1703/1703 1702/1702/1702
f 1708/1704/1704 1706/1703/1703 1704/1708/1708
f 1706/1703/1703 1705/1706/1706 1709/1707/1707
f 1703/1709/1709 1710/1705/1705 1706/1703/1703
s 381
f 1711/1711/1711 1717/1712/1712 1715/1713/1713
f 1715/1713/1713 1714/1714/1714 1719/1715/1715
f 1715/1713/1713 1713/1716/1716 1718/1717/1717
f 1712/1718/1718 1716/1719/1719 1715/1713/1713
f 1716/1719/1719 1711/1711/1711 1715/1713/1713
f 1717/1712/1712 1713/1716/1716 1715/1713/1713
f 1715/1713/1713 1718/1717/1717 1714/1714/1714
f 1712/1718/1718 1715/1713/1713 1719/1715/1715
s 383
f 1720/1720/1720 1724/1721/1721 1726/1722/1722
f 1724/1721/1721 1728/1723/1723 1723/1724/1724
f 1724/1721/1721 1727/1725/1725 1722/1726/1726
f 1721/1727/1727 1724/1721/1721 1725/1728/1728
f 1725/1728/1728 1724/1721/1721 1720/1720/1720
f 1726/1722/1722 1724/1721/1721 1722/1726/1726
f 1724/1721/1721 1723/1724/1724 1727/1725/1725
f 1721/1727/1727 1728/1723/1723 1724/1721/1721
s 385
f 1729/1729/1729 1735/1730/1730 1733/1731/1731
f 1733/1731/1731 1732/1732/1732 1737/1733/1733
f 1733/1731/1731 1731/1734/1734 1736/1735/1735
f 1730/1736/1736 1734/1737/1737 1733/1731/1731
f 1734/1737/1737 1729/1729/1729 1733/1731/1731
f 1735/1730/1730 1731/1734/1734 1733/1731/1731
f 1733/1731/1731 1736/1735/1735 1732/1732/1732
f 1730/1736/1736 1733/1731/1731 1737/1733/1733
s 387
f 1738/1738/1738 1742/1739/1739 1744/1740/1740
f 1742/1739/1739 1746/1741/1741 1741/1742/1742
f 1742/1739/1739 1745/1743/1743 1740/1744/1744
f 1739/1745/1745 1742/1739/1739 1743/1746/1746
f 1743/1746/1746 1742/1739/1739 1738/1738/1738
f 1744/1740/1740 1742/1739/1739 1740/1744/1744
f 1742/1739/1739 1741/1742/1742 1745/1743/1743
f 1739/1745/1745 1746/1741/1741 1742/1739/1739
s 389
f 1747/1747/1747 1751/1748/1748 1753/1749/1749
f 1751/1748/1748 1755/1750/1750 1750/1751/1751
f 1751/1748/1748 1754/1752/1752 1749/1753/1753
f 1748/1754/1754 1751/1748/1748 1752/1755/1755
f 1752/1755/1755 1751/1748/1748 1747/1747/1747
f 1753/1749/1749 1751/1748/1748 1749/1753/1753
f 1751/1748/1748 1750/1751/1751 1754/1752/1752
f 1748/1754/1754 1755/1750/1750 1751/1748/1748
s 391
f 1756/1756/1756 1762/1757/1757 1760/1758/1758
f 1760/1758/1758 1759/1759/1759 1764/1760/1760
f 1760/1758/1758 1758/1761/1761 1763/1762/1762
f 1757/1763/1763 1761/1764/1764 1760/1758/1758
f 1761/1764/1764 1756/1756/1756 1760/1758/1758
f 1762/1757/1757 1758/1761/1761 1760/1758/1758
f 1760/1758/1758 1763/1762/1762 1759/1759/1759
f 1757/1763/1763 1760/1758/1758 1764/1760/1760
s 393
f 1765/1765/1765 1769/1766/1766 1771/1767/1767
f 1769/1766/1766 1773/1768/1768 1768/1769/1769
f 1769/1766/1766 1772/1770/1770 1767/1771/1771
f 1766/1772/1772 1769/1766/1766 1770/1773/1773
f 1770/1773/1773 1769/1766/1766 1765/1765/1765
f 1771/1767/1767 1769/1766/1766 1767/1771/1771
f 1769/1766/1766 1768/1769/1769 1772/1770/1770
f 1766/1772/1772 1773/1768/1768 1769/1766/1766
s 395
f 1774/1774/1774 1780/1775/1775 1778/1776/1776
f 1778/1776/1776 1777/1777/1777 1782/1778/1778
f 1778/1776/1776 1776/1779/1779 1781/1780/1780
f 1775/1781/1781 1779/1782/1782 1778/1776/1776
f 1779/1782/1782 1774/1774/1774 1778/1776/1776
f 1780/1775/1775 1776/1779/1779 1778/1776/1776
f 1778/1776/1776 1781/1780/1780 1777/1777/1777
f 1775/1781/1781 1778/1776/1776 1782/1778/1778
s 397
f 1783/1783/1783 1789/1784/1784 1787/1785/1785
f 1787/1785/1785 1786/1786/1786 1791/1787/1787
f 1787/1785/1785 1785/1788/1788 1790/1789/1789
f 1784/1790/1790 1788/1791/1791 1787/1785/1785
f 1788/1791/1791 1783/1783/1783 1787/1785/1785
f 1789/1784/1784 1785/1788/1788 1787/1785/1785
f 1787/1785/1785 1790/1789/1789 1786/1786/1786
f 1784/1790/1790 1787/1785/1785 1791/1787/1787
s 399
f 1792/1792/1792 1796/1793/1793 1798/1794/1794
f 1796/1793/1793 1800/1795/1795 1795/1796/1796
f 1796/1793/1793 1799/1797/1797 1794/1798/1798
f 1793/1799/1799 1796/1793/1793 1797/1800/1800
f 1797/1800/1800 1796/1793/1793 1792/1792/1792
f 1798/1794/1794 1796/1793/1793 1794/1798/1798
f 1796/1793/1793 1795/1796/1796 1799/1797/1797
f 1793/1799/1799 1800/1795/1795 1796/1793/1793
s 401
f 1801/1801/1801 1805/1802/1802 1807/1803/1803
f 1805/1802/1802 1809/1804/1804 1804/1805/1805
f 1805/1802/1802 1808/1806/1806 1803/1807/1807
f 1802/1808/1808 1805/1802/1802 1806/1809/1809
f 1806/1809/1809 1805/1802/1802 1801/1801/1801
f 1807/1803/1803 1805/1802/1802 1803/1807/1807
f 1805/1802/1802 1804/1805/1805 1808/1806/1806
f 1802/1808/1808 1809/1804/1804 1805/1802/1802
s 403
f 1810/1810/1810 1814/1811/1811 1816/1812/1812
f 1814/1811/1811 1818/1813/1813 1813/1814/1814
f 1814/1811/1811 1817/1815/1815 1812/1816/1816
f 1811/1817/1817 1814/1811/1811 1815/1818/1818
f 1815/1818/1818 1814/1811/1811 1810/1810/1810
f 1816/1812/1812 1814/1811/1811 1812/1816/1816
f 1814/1811/1811 1813/1814/1814 1817/1815/1815
f 1811/1817/1817 1818/1813/1813 1814/1811/1811
s 405
f 1819/1819/1819 1823/1820/1820 1825/1821/1821
f 1823/1820/1820 1827/1822/1822 1822/1823/1823
f 1823/1820/1820 1826/1824/1824 1821/1825/1825
f 1820/1826/1826 1823/1820/1820 1824/1827/1827
f 1824/1827/1827 1823/1820/1820 1819/1819/1819
f 1825/1821/1821 1823/1820/1820 1821/1825/1825
f 1823/1820/1820 1822/1823/1823 1826/1824/1824
f 1820/1826/1826 1827/1822/1822 1823/1820/1820
s 407
f 1828/1828/1828 1832/1829/1829 1834/1830/1830
f 1832/1829/1829 1836/1831/1831 1831/1832/1832
f 1832/1829/1829 1835/1833/1833 1830/1834/1834
f 1829/1835/1835 1832/1829/1829 1833/1836/1836
f 1833/1836/1836 1832/1829/1829 1828/1828/1828
f 1834/1830/1830 1832/1829/1829 1830/1834/1834
f 1832/1829/1829 1831/1832/1832 1835/1833/1833
f 1829/1835/1835 1836/1831/1831 1832/1829/1829
s 409
f 1837/1837/1837 1843/1838/1838 1841/1839/1839
f 1841/1839/1839 1840/1840/1840 1845/1841/1841
f 1841/1839/1839 1839/1842/1842 1844/1843/1843
f 1838/1844/1844 1842/1845/1845 1841/1839/1839
f 1842/1845/1845 1837/1837/1837 1841/1839/1839
f 1843/1838/1838 1839/1842/1842 1841/1839/1839
f 1841/1839/1839 1844/1843/1843 1840/1840/1840
f 1838/1844/1844 1841/1839/1839 1845/1841/1841
s 411
f 1846/1846/1846 1852/1847/1847 1850/1848/1848
f 1850/1848/1848 1849/1849/1849 1854/1850/1850
f 1850/1848/1848 1848/1851/1851 1853/1852/1852
f 1847/1853/1853 1851/1854/1854 1850/1848/1848
f 1851/1854/1854 1846/1846/1846 1850/1848/1848
f 1852/1847/1847 1848/1851/1851 1850/1848/1848
f 1850/1848/1848 1853/1852/1852 1849/1849/1849
f 1847/1853/1853 1850/1848/1848 1854/1850/1850
s 413
f 1855/1855/1855 1861/1856/1856 1859/1857/1857
f 1859/1857/1857 1858/1858/1858 1863/1859/1859
f 1859/1857/1857 1857/1860/1860 1862/1861/1861
f 1856/1862/1862 1860/1863/1863 1859/1857/1857
f 1860/1863/1863 1855/1855/1855 1859/1857/1857
f 1861/1856/1856 1857/1860/1860 1859/1857/1857
f 1859/1857/1857 1862/1861/1861 1858/1858/1858
f 1856/1862/1862 1859/1857/1857 1863/1859/1859
s 415
f 1864/1864/1864 1870/1865/1865 1868/1866/1866
f 1868/1866/1866 1867/1867/1867 1872/1868/1868
f 1868/1866/1866 1866/1869/1869 1871/1870/1870
f 1865/1871/1871 1869/1872/1872 1868/1866/1866
f 1869/1872/1872 1864/1864/1864 1868/1866/1866
f 1870/1865/1865 1866/1869/1869 1868/1866/1866
f 1868/1866/1866 1871/1870/1870 1867/1867/1867
f 1865/1871/1871 1868/1866/1866 1872/1868/1868
s 417
f 1873/1873/1873 1877/1874/1874 1879/1875/1875
f 1877/1874/1874 1881/1876/1876 1876/1877/1877
f 1877/1874/1874 1880/1878/1878 1875/1879/1879
f 1874/1880/1880 1877/1874/1874 1878/1881/1881
f 1878/1881/1881 1877/1874/1874 1873/1873/1873
f 1879/1875/1875 1877/1874/1874 1875/1879/1879
f 1877/1874/1874 1876/1877/1877 1880/1878/1878
f 1874/1880/1880 1881/1876/1876 1877/1874/1874
s 419
f 1882/1882/1882 1886/1883/1883 1888/1884/1884
f 1886/1883/1883 1890/1885/1885 1885/1886/1886
f 1886/1883/1883 1889/1887/1887 1884/1888/1888
f 1883/1889/1889 1886/1883/1883 1887/1890/1890
f 1887/1890/1890 1886/1883/1883 1882/1882/1882
f 1888/1884/1884 1886/1883/1883 1884/1888/1888
f 1886/1883/1883 1885/1886/1886 1889/1887/1887
f 1883/1889/1889 1890/1885/1885 1886/1883/1883
s 421
f 1891/1891/1891 1895/1892/1892 1897/1893/1893
f 1895/1892/1892 1899/1894/1894 1894/1895/1895
f 1895/1892/1892 1898/1896/1896 1893/1897/1897
f 1892/1898/1898 1895/1892/1892 1896/1899/1899
f 1896/1899/1899 1895/1892/1892 1891/1891/1891
f 1897/1893/1893 1895/1892/1892 1893/1897/1897
f 1895/1892/1892 1894/1895/1895 1898/1896/1896
f 1892/1898/1898 1899/1894/1894 1895/1892/1892
s 423
f 1900/1900/1900 1906/1901/1901 1904/1902/1902
f 1904/1902/1902 1903/1903/1903 1908/1904/1904
f 1904/1902/1902 1902/1905/1905 1907/1906/1906
f 1901/1907/1907 1905/1908/1908 1904/1902/1902
f 1905/1908/1908 1900/1900/1900 1904/1902/1902
f 1906/1901/1901 1902/1905/1905 1904/1902/1902
f 1904/1902/1902 1907/1906/1906 1903/1903/1903
f 1901/1907/1907 1904/1902/1902 1908/1904/1904
s 425
f 1909/1909/1909 1915/1910/1910 1913/1911/1911
f 1913/1911/1911 1912/1912/1912 1917/1913/1913
f 1913/1911/1911 1911/1914/1914 1916/1915/1915
f 1910/1916/1916 1914/1917/1917 1913/1911/1911
f 1914/1917/1917 1909/1909/1909 1913/1911/1911
f 1915/1910/1910 1911/1914/1914 1913/1911/1911
f 1913/1911/1911 1916/1915/1915 1912/1912/1912
f 1910/1916/1916 1913/1911/1911 1917/1913/1913
s 427
f 1918/1918/1918 1924/1919/1919 1922/1920/1920
f 1922/1920/1920 1921/1921/1921 1926/1922/1922
f 1922/1920/1920 1920/1923/1923 1925/1924/1924
f 1919/1925/1925 1923/1926/1926 1922/1920/1920
f 1923/1926/1926 1918/1918/1918 1922/1920/1920
f 1924/1919/1919 1920/1923/1923 1922/1920/1920
f 1922/1920/1920 1925/1924/1924 1921/1921/1921
f 1919/1925/1925 1922/1920/1920 1926/1922/1922
s 429
f 1927/1927/1927 1933/1928/1928 1931/1929/1929
f 1931/1929/1929 1930/1930/1930 1935/1931/1931
f 1931/1929/1929 1929/1932/1932 1934/1933/1933
f 1928/1934/1934 1932/1935/1935 1931/1929/1929
f 1932/1935/1935 1927/1927/1927 1931/1929/1929
f 1933/1928/1928 1929/1932/1932 1931/1929/1929
f 1931/1929/1929 1934/1933/1933 1930/1930/1930
f 1928/1934/1934 1931/1929/1929 1935/1931/1931
s 431
f 1936/1936/1936 1942/1937/1937 1940/1938/1938
f 1940/1938/1938 1939/1939/1939 1944/1940/1940
f 1940/1938/1938 1938/1941/1941 1943/1942/1942
f 1937/1943/1943 1941/1944/1944 1940/1938/1938
f 1941/1944/1944 1936/1936/1936 1940/1938/1938
f 1942/1937/1937 1938/1941/1941 1940/1938/1938
f 1940/1938/1938 1943/1942/1942 1939/1939/1939
f 1937/1943/1943 1940/1938/1938 1944/1940/1940
s 433
f 1945/1945/1945 1949/1946/1946 1951/1947/1947
f 1949/1946/1946 1953/1948/1948 1948/1949/1949
f 1949/1946/1946 1952/1950/1950 1947/1951/1951
f 1946/1952/1952 1949/1946/1946 1950/1953/1953
f 1950/1953/1953 1949/1946/1946 1945/1945/1945
f 1951/1947/1947 1949/1946/1946 1947/1951/1951
f 1949/1946/1946 1948/1949/1949 1952/1950/1950
f 1946/1952/1952 1953/1948/1948 1949/1946/1946
s 435
f 1954/1954/1954 1960/1955/1955 1958/1956/1956
f 1958/1956/1956 1957/1957/1957 1962/1958/1958
f 1958/1956/1956 1956/1959/1959 1961/1960/1960
f 1955/1961/1961 1959/1962/1962 1958/1956/1956
f 1959/1962/1962 1954/1954/1954 1958/1956/1956
f 1960/1955/1955 1956/1959/1959 1958/1956/1956
f 1958/1956/1956 1961/1960/1960 1957/1957/1957
f 1955/1961/1961 1958/1956/1956 1962/1958/1958
s 437
f 1963/1963/1963 1967/1964/1964 1969/1965/1965
f 1967/1964/1964 1971/1966/1966 1966/1967/1967
f 1967/1964/1964 1970/1968/1968 1965/1969/1969
f 1964/1970/1970 1967/1964/1964 1968/1971/1971
f 1968/1971/1971 1967/1964/1964 1963/1963/1963
f 1969/1965/1965 1967/1964/1964 1965/1969/1969
f 1967/1964/1964 1966/1967/1967 1970/1968/1968
f 1964/1970/1970 1971/1966/1966 1967/1964/1964
s 439
f 1972/1972/1972 1976/1973/1973 1978/1974/1974
f 1976/1973/1973 1980/1975/1975 1975/1976/1976
f 1976/1973/1973 1979/1977/1977 1974/1978/1978
f 1973/1979/1979 1976/1973/1973 1977/1980/1980
f 1977/1980/1980 1976/1973/1973 1972/1972/1972
f 1978/1974/1974 1976/1973/1973 1974/1978/1978
f 1976/1973/1973 1975/1976/1976 1979/1977/1977
f 1973/1979/1979 1980/1975/1975 1976/1973/1973
s 441
f 1981/1981/1981 1987/1982/1982 1985/1983/1983
f 1985/1983/1983 1984/1984/1984 1989/1985/1985
f 1985/1983/1983 1983/1986/1986 1988/1987/1987
f 1982/1988/1988 1986/1989/1989 1985/1983/1983
f 1986/1989/1989 1981/1981/1981 1985/1983/1983
f 1987/1982/1982 1983/1986/1986 1985/1983/1983
f 1985/1983/1983 1988/1987/1987 1984/1984/1984
f 1982/1988/1988 1985/1983/1983 1989/1985/1985
s 443
f 1990/1990/1990 1994/1991/1991 1996/1992/1992
f 1994/1991/1991 1998/1993/1993 1993/1994/1994
f 1994/1991/1991 1997/1995/1995 1992/1996/1996
f 1991/1997/1997 1994/1991/1991 1995/1998/1998
f 1995/1998/1998 1994/1991/1991 1990/1990/1990
f 1996/1992/1992 1994/1991/1991 1992/1996/1996
f 1994/1991/1991 1993/1994/1994 1997/1995/1995
f 1991/1997/1997 1998/1993/1993 1994/1991/1991
s 445
f 1999/1999/1999 2005/2000/2000 2003/2001/2001
f 2003/2001/2001 2002/2002/2002 2007/2003/2003
f 2003/2001/2001 2001/2004/2004 2006/2005/2005
f 2000/2006/2006 2004/2007/2007 2003/2001/2001
f 2004/2007/2007 1999/1999/1999 2003/2001/2001
f 2005/2000/2000 2001/2004/2004 2003/2001/2001
f 2003/2001/2001 2006/2005/2005 2002/2002/2002
f 2000/2006/2006 2003/2001/2001 2007/2003/2003
s 447
f 2008/2008/2008 2012/2009/2009 2014/2010/2010
f 2012/2009/2009 2016/2011/2011 2011/2012/2012
f 2012/2009/2009 2015/2013/2013 2010/2014/2014
f 2009/2015/2015 2012/2009/2009 2013/2016/2016
f 2013/2016/2016 2012/2009/2009 2008/2008/2008
f 2014/2010/2010 2012/2009/2009 2010/2014/2014
f 2012/2009/2009 2011/2012/2012 2015/2013/2013
f 2009/2015/2015 2016/2011/2011 2012/2009/2009
s 449
f 2017/2017/2017 2023/2018/2018 2021/2019/2019
f 2021/2019/2019 2020/2020/2020 2025/2021/2021
f 2021/2019/2019 2019/2022/2022 2024/2023/2023
f 2018/2024/2024 2022/2025/2025 2021/2019/2019
f 2022/2025/2025 2017/2017/2017 2021/2019/2019
f 2023/2018/2018 2019/2022/2022 2021/2019/2019
f 2021/2019/2019 2024/2023/2023 2020/2020/2020
f 2018/2024/2024 2021/2019/2019 2025/2021/2021
s 451
f 2026/2026/2026 2030/2027/2027 2032/2028/2028
f 2030/2027/2027 2034/2029/2029 2029/2030/2030
f 2030/2027/2027 2033/2031/2031 2028/2032/2032
f 2027/2033/2033 2030/2027/2027 2031/2034/2034
f 2031/2034/2034 2030/2027/2027 2026/2026/2026
f 2032/2028/2028 2030/2027/2027 2028/2032/2032
f 2030/2027/2027 2029/2030/2030 2033/2031/2031
f 2027/2033/2033 2034/2029/2029 2030/2027/2027
s 453
f 2035/2035/2035 2039/2036/2036 2041/2037/2037
f 2039/2036/2036 2043/2038/2038 2038/2039/2039
f 2039/2036/2036 2042/2040/2040 2037/2041/2041
f 2036/2042/2042 2039/2036/2036 2040/2043/2043
f 2040/2043/2043 2039/2036/2036 2035/2035/2035
f 2041/2037/2037 2039/2036/2036 2037/2041/2041
f 2039/2036/2036 2038/2039/2039 2042/2040/2040
f 2036/2042/2042 2043/2038/2038 2039/2036/2036
s 455
f 2044/2044/2044 2050/2045/2045 2048/2046/2046
f 2048/2046/2046 2047/2047/2047 2052/2048/2048
f 2048/2046/2046 2046/2049/2049 2051/2050/2050
f 2045/2051/2051 2049/2052/2052 2048/2046/2046
f 2049/2052/2052 2044/2044/2044 2048/2046/2046
f 2050/2045/2045 2046/2049/2049 2048/2046/2046
f 2048/2046/2046 2051/2050/2050 2047/2047/2047
f 2045/2051/2051 2048/2046/2046 2052/2048/2048
s 457
f 2053/2053/2053 2057/2054/2054 2059/2055/2055
f 2057/2054/2054 2061/2056/2056 2056/2057/2057
f 2057/2054/2054 2060/2058/2058 2055/2059/2059
f 2054/2060/2060 2057/2054/2054 2058/2061/2061
f 2058/2061/2061 2057/2054/2054 2053/2053/2053
f 2059/2055/2055 2057/2054/2054 2055/2059/2059
f 2057/2054/2054 2056/2057/2057 2060/2058/2058
f 2054/2060/2060 2061/2056/2056 2057/2054/2054
s 459
f 2062/2062/2062 2068/2063/2063 2066/2064/2064
f 2066/2064/2064 2065/2065/2065 2070/2066/2066
f 2066/2064/2064 2064/2067/2067 2069/2068/2068
f 2063/2069/2069 2067/2070/2070 2066/2064/2064
f 2067/2070/2070 2062/2062/2062 2066/2064/2064
f 2068/2063/2063 2064/2067/2067 2066/2064/2064
f 2066/2064/2064 2069/2068/2068 2065/2065/2065
f 2063/2069/2069 2066/2064/2064 2070/2066/2066
s 461
f 2071/2071/2071 2077/2072/2072 2075/2073/2073
f 2075/2073/2073 2074/2074/2074 2079/2075/2075
f 2075/2073/2073 2073/2076/2076 2078/2077/2077
f 2072/2078/2078 2076/2079/2079 2075/2073/2073
f 2076/2079/2079 2071/2071/2071 2075/2073/2073
f 2077/2072/2072 2073/2076/2076 2075/2073/2073
f 2075/2073/2073 2078/2077/2077 2074/2074/2074
f 2072/2078/2078 2075/2073/2073 2079/2075/2075
s 463
f 2080/2080/2080 2084/2081/2081 2086/2082/2082
f 2084/2081/2081 2088/2083/2083 2083/2084/2084
f 2084/2081/2081 2087/2085/2085 2082/2086/2086
f 2081/2087/2087 2084/2081/2081 2085/2088/2088
f 2085/2088/2088 2084/2081/2081 2080/2080/2080
f 2086/2082/2082 2084/2081/2081 2082/2086/2086
f 2084/2081/2081 2083/2084/2084 2087/2085/2085
f 2081/2087/2087 2088/2083/2083 2084/2081/2081
s 465
f 2089/2089/2089 2093/2090/2090 2095/2091/2091
f 2093/2090/2090 2097/2092/2092 2092/2093/2093
f 2093/2090/2090 2096/2094/2094 2091/2095/2095
f 2090/2096/2096 2093/2090/2090 2094/2097/2097
f 2094/2097/2097 2093/2090/2090 2089/2089/2089
f 2095/2091/2091 2093/2090/2090 2091/2095/2095
f 2093/2090/2090 2092/2093/2093 2096/2094/2094
f 2090/2096/2096 2097/2092/2092 2093/2090/2090
s 467
f 2098/2098/2098 2102/2099/2099 2104/2100/2100
f 2102/2099/2099 2106/2101/2101 2101/2102/2102
f 2102/2099/2099 2105/2103/2103 2100/2104/2104
f 2099/2105/2105 2102/2099/2099 2103/2106/2106
f 2103/2106/2106 2102/2099/2099 2098/2098/2098
f 2104/2100/2100 2102/2099/2099 2100/2104/2104
f 2102/2099/2099 2101/2102/2102 2105/2103/2103
f 2099/2105/2105 2106/2101/2101 2102/2099/2099
s 469
f 2107/2107/2107 2111/2108/2108 2113/2109/2109
f 2111/2108/2108 2115/2110/2110 2110/2111/2111
f 2111/2108/2108 2114/2112/2112 2109/2113/2113
f 2108/2114/2114 2111/2108/2108 2112/2115/2115
f 2112/2115/2115 2111/2108/2108 2107/2107/2107
f 2113/2109/2109 2111/2108/2108 2109/2113/2113
f 2111/2108/2108 2110/2111/2111 2114/2112/2112
f 2108/2114/2114 2115/2110/2110 2111/2108/2108
s 471
f 2116/2116/2116 2120/2117/2117 2122/2118/2118
f 2120/2117/2117 2124/2119/2119 2119/2120/2120
f 2120/2117/2117 2123/2121/2121 2118/2122/2122
f 2117/2123/2123 2120/2117/2117 2121/2124/2124
f 2121/2124/2124 2120/2117/2117 2116/2116/2116
f 2122/2118/2118 2120/2117/2117 2118/2122/2122
f 2120/2117/2117 2119/2120/2120 2123/2121/2121
f 2117/2123/2123 2124/2119/2119 2120/2117/2117
s 473
f 2125/2125/2125 2131/2126/2126 2129/2127/2127
f 2129/2127/2127 2128/2128/2128 2133/2129/2129
f 2129/2127/2127 2127/2130/2130 2132/2131/2131
f 2126/2132/2132 2130/2133/2133 2129/2127/2127
f 2130/2133/2133 2125/2125/2125 2129/2127/2127
f 2131/2126/2126 2127/2130/2130 2129/2127/2127
f 2129/2127/2127 2132/2131/2131 2128/2128/2128
f 2126/2132/2132 2129/2127/2127 2133/2129/2129
s 475
f 2134/2134/2134 2140/2135/2135 2138/2136/2136
f 2138/2136/2136 2137/2137/2137 2142/2138/2138
f 2138/2136/2136 2136/2139/2139 2141/2140/2140
f 2135/2141/2141 2139/2142/2142 2138/2136/2136
f 2139/2142/2142 2134/2134/2134 2138/2136/2136
f 2140/2135/2135 2136/2139/2139 2138/2136/2136
f 2138/2136/2136 2141/2140/2140 2137/2137/2137
f 2135/2141/2141 2138/2136/2136 2142/2138/2138
s 477
f 2143/2143/2143 2149/2144/2144 2147/2145/2145
f 2147/2145/2145 2146/2146/2146 2151/2147/2147
f 2147/2145/2145 2145/2148/2148 2150/2149/2149
f 2144/2150/2150 2148/2151/2151 2147/2145/2145
f 2148/2151/2151 2143/2143/2143 2147/2145/2145
f 2149/2144/2144 2145/2148/2148 2147/2145/2145
f 2147/2145/2145 2150/2149/2149 2146/2146/2146
f 2144/2150/2150 2147/2145/2145 2151/2147/2147
s 479
f 2152/2152/2152 2158/2153/2153 2156/2154/2154
f 2156/2154/2154 2155/2155/2155 2160/2156/2156
f 2156/2154/2154 2154/2157/2157 2159/2158/2158
f 2153/2159/2159 2157/2160/2160 2156/2154/2154
f 2157/2160/2160 2152/2152/2152 2156/2154/2154
f 2158/2153/2153 2154/2157/2157 2156/2154/2154
f 2156/2154/2154 2159/2158/2158 2155/2155/2155
f 2153/2159/2159 2156/2154/2154 2160/2156/2156
s 481
f 2161/2161/2161 2165/2162/2162 2167/2163/2163
f 2165/2162/2162 2169/2164/2164 2164/2165/2165
f 2165/2162/2162 2168/2166/2166 2163/2167/2167
f 2162/2168/2168 2165/2162/2162 2166/2169/2169
f 2166/2169/2169 2165/2162/2162 2161/2161/2161
f 2167/2163/2163 2165/2162/2162 2163/2167/2167
f 2165/2162/2162 2164/2165/2165 2168/2166/2166
f 2162/2168/2168 2169/2164/2164 2165/2162/2162
s 483
f 2170/2170/2170 2174/2171/2171 2176/2172/2172
f 2174/2171/2171 2178/2173/2173 2173/2174/2174
f 2174/2171/2171 2177/2175/2175 2172/2176/2176
f 2171/2177/2177 2174/2171/2171 2175/2178/2178
f 2175/2178/2178 2174/2171/2171 2170/2170/2170
f 2176/2172/2172 2174/2171/2171 2172/2176/2176
f 2174/2171/2171 2173/2174/2174 2177/2175/2175
f 2171/2177/2177 2178/2173/2173 2174/2171/2171
s 485
f 2179/2179/2179 2183/2180/2180 2185/2181/2181
f 2183/2180/2180 2187/2182/2182 2182/2183/2183
f 2183/2180/2180 2186/2184/2184 2181/2185/2185
f 2180/2186/2186 2183/2180/2180 2184/2187/2187
f 2184/2187/2187 2183/2180/2180 2179/2179/2179
f 2185/2181/2181 2183/2180/2180 2181/2185/2185
f 2183/2180/2180 2182/2183/2183 2186/2184/2184
f 2180/2186/2186 2187/2182/2182 2183/2180/2180
s 487
f 2188/2188/2188 2194/2189/2189 2192/2190/2190
f 2192/2190/2190 2191/2191/2191 2196/2192/2192
f 2192/2190/2190 2190/2193/2193 2195/2194/2194
f 2189/2195/2195 2193/2196/2196 2192/2190/2190
f 2193/2196/2196 2188/2188/2188 2192/2190/2190
f 2194/2189/2189 2190/2193/2193 2192/2190/2190
f 2192/2190/2190 2195/2194/2194 2191/2191/2191
f 2189/2195/2195 2192/2190/2190 2196/2192/2192
s 489
f 2197/2197/2197 2203/2198/2198 2201/2199/2199
f 2201/2199/2199 2200/2200/2200 2205/2201/2201
f 2201/2199/2199 2199/2202/2202 2204/2203/2203
f 2198/2204/2204 2202/2205/2205 2201/2199/2199
f 2202/2205/2205 2197/2197/2197 2201/2199/2199
f 2203/2198/2198 2199/2202/2202 2201/2199/2199
f 2201/2199/2199 2204/2203/2203 2200/2200/2200
f 2198/2204/2204 2201/2199/2199 2205/2201/2201
s 491
f 2206/2206/2206 2212/2207/2207 2210/2208/2208
f 2210/2208/2208 2209/2209/2209 2214/2210/2210
f 2210/2208/2208 2208/2211/2211 2213/2212/2212
f 2207/2213/2213 2211/2214/2214 2210/2208/2208
f 2211/2214/2214 2206/2206/2206 2210/2208/2208
f 2212/2207/2207 2208/2211/2211 2210/2208/2208
f 2210/2208/2208 2213/2212/2212 2209/2209/2209
f 2207/2213/2213 2210/2208/2208 2214/2210/2210
s 493
f 2215/2215/2215 2221/2216/2216 2219/2217/2217
f 2219/2217/2217 2218/2218/2218 2223/2219/2219
f 2219/2217/2217 2217/2220/2220 2222/2221/2221
f 2216/2222/2222 2220/2223/2223 2219/2217/2217
f 2220/2223/2223 2215/2215/2215 2219/2217/2217
f 2221/2216/2216 2217/2220/2220 2219/2217/2217
f 2219/2217/2217 2222/2221/2221 2218/2218/2218
f 2216/2222/2222 2219/2217/2217 2223/2219/2219
s 495
f 2224/2224/2224 2230/2225/2225 2228/2226/2226
f 2228/2226/2226 2227/2227/2227 2232/2228/2228
f 2228/2226/2226 2226/2229/2229 2231/2230/2230
f 2225/2231/2231 2229/2232/2232 2228/2226/2226
f 2229/2232/2232 2224/2224/2224 2228/2226/2226
f 2230/2225/2225 2226/2229/2229 2228/2226/2226
f 2228/2226/2226 2231/2230/2230 2227/2227/2227
f 2225/2231/2231 2228/2226/2226 2232/2228/2228
s 497
f 2233/2233/2233 2237/2234/2234 2239/2235/2235
f 2237/2234/2234 2241/2236/2236 2236/2237/2237
f 2237/2234/2234 2240/2238/2238 2235/2239/2239
f 2234/2240/2240 2237/2234/2234 2238/2241/2241
f 2238/2241/2241 2237/2234/2234 2233/2233/2233
f 2239/2235/2235 2237/2234/2234 2235/2239/2239
f 2237/2234/2234 2236/2237/2237 2240/2238/2238
f 2234/2240/2240 2241/2236/2236 2237/2234/2234
s 499
f 2242/2242/2242 2248/2243/2243 2246/2244/2244
f 2246/2244/2244 2245/2245/2245 2250/2246/2246
f 2246/2244/2244 2244/2247/2247 2249/2248/2248
f 2243/2249/2249 2247/2250/2250 2246/2244/2244
f 2247/2250/2250 2242/2242/2242 2246/2244/2244
f 2248/2243/2243 2244/2247/2247 2246/2244/2244
f 2246/2244/2244 2249/2248/2248 2245/2245/2245
f 2243/2249/2249 2246/2244/2244 2250/2246/2246
s 501
f 2251/2251/2251 2255/2252/2252 2257/2253/2253
f 2255/2252/2252 2259/2254/2254 2254/2255/2255
f 2255/2252/2252 2258/2256/2256 2253/2257/2257
f 2252/2258/2258 2255/2252/2252 2256/2259/2259
f 2256/2259/2259 2255/2252/2252 2251/2251/2251
f 2257/2253/2253 2255/2252/2252 2253/2257/2257
f 2255/2252/2252 2254/2255/2255 2258/2256/2256
f 2252/2258/2258 2259/2254/2254 2255/2252/2252
s 503
f 2260/2260/2260 2264/2261/2261 2266/2262/2262
f 2264/2261/2261 2268/2263/2263 2263/2264/2264
f 2264/2261/2261 2267/2265/2265 2262/2266/2266
f 2261/2267/2267 2264/2261/2261 2265/2268/2268
f 2265/2268/2268 2264/2261/2261 2260/2260/2260
f 2266/2262/2262 2264/2261/2261 2262/2266/2266
f 2264/2261/2261 2263/2264/2264 2267/2265/2265
f 2261/2267/2267 2268/2263/2263 2264/2261/2261
s 505
f 2269/2269/2269 2275/2270/2270 2273/2271/2271
f 2273/2271/2271 2272/2272/2272 2277/2273/2273
f 2273/2271/2271 2271/2274/2274 2276/2275/2275
f 2270/2276/2276 2274/2277/2277 2273/2271/2271
f 2274/2277/2277 2269/2269/2269 2273/2271/2271
f 2275/2270/2270 2271/2274/2274 2273/2271/2271
f 2273/2271/2271 2276/2275/2275 2272/2272/2272
f 2270/2276/2276 2273/2271/2271 2277/2273/2273
s 507
f 2278/2278/2278 2282/2279/2279 2284/2280/2280
f 2282/2279/2279 2286/2281/2281 2281/2282/2282
f 2282/2279/2279 2285/2283/2283 2280/2284/2284
f 2279/2285/2285 2282/2279/2279 2283/2286/2286
f 2283/2286/2286 2282/2279/2279 2278/2278/2278
f 2284/2280/2280 2282/2279/2279 2280/2284/2284
f 2282/2279/2279 2281/2282/2282 2285/2283/2283
f 2279/2285/2285 2286/2281/2281 2282/2279/2279
s 509
f 2287/2287/2287 2293/2288/2288 2291/2289/2289
f 2291/2289/2289 2290/2290/2290 2295/2291/2291
f 2291/2289/2289 2289/2292/2292 2294/2293/2293
f 2288/2294/2294 2292/2295/2295 2291/2289/2289
f 2292/2295/2295 2287/2287/2287 2291/2289/2289
f 2293/2288/2288 2289/2292/2292 2291/2289/2289
f 2291/2289/2289 2294/2293/2293 2290/2290/2290
f 2288/2294/2294 2291/2289/2289 2295/2291/2291
s 511
f 2296/2296/2296 2300/2297/2297 2302/2298/2298
f 2300/2297/2297 2304/2299/2299 2299/2300/2300
f 2300/2297/2297 2303/2301/2301 2298/2302/2302
f 2297/2303/2303 2300/2297/2297 2301/2304/2304
f 2301/2304/2304 2300/2297/2297 2296/2296/2296
f 2302/2298/2298 2300/2297/2297 2298/2302/2302
f 2300/2297/2297 2299/2300/2300 2303/2301/2301
f 2297/2303/2303 2304/2299/2299 2300/2297/2297
s 513
f 2305/2305/2305 2311/2306/2306 2309/2307/2307
f 2309/2307/2307 2308/2308/2308 2313/2309/2309
f 2309/2307/2307 2307/2310/2310 2312/2311/2311
f 2306/2312/2312 2310/2313/2313 2309/2307/2307
f 2310/2313/2313 2305/2305/2305 2309/2307/2307
f 2311/2306/2306 2307/2310/2310 2309/2307/2307
f 2309/2307/2307 2312/2311/2311 2308/2308/2308
f 2306/2312/2312 2309/2307/2307 2313/2309/2309
s 515
f 2314/2314/2314 2318/2315/2315 2320/2316/2316
f 2318/2315/2315 2322/2317/2317 2317/2318/2318
f 2318/2315/2315 2321/2319/2319 2316/2320/2320
f 2315/2321/2321 2318/2315/2315 2319/2322/2322
f 2319/2322/2322 2318/2315/2315 2314/2314/2314
f 2320/2316/2316 2318/2315/2315 2316/2320/2320
f 2318/2315/2315 2317/2318/2318 2321/2319/2319
f 2315/2321/2321 2322/2317/2317 2318/2315/2315
s 517
f 2323/2323/2323 2327/2324/2324 2329/2325/2325
f 2327/2324/2324 2331/2326/2326 2326/2327/2327
f 2327/2324/2324 2330/2328/2328 2325/2329/2329
f 2324/2330/2330 2327/2324/2324 2328/2331/2331
f 2328/2331/2331 2327/2324/2324 2323/2323/2323
f 2329/2325/2325 2327/2324/2324 2325/2329/2329
f 2327/2324/2324 2326/2327/2327 2330/2328/2328
f 2324/2330/2330 2331/2326/2326 2327/2324/2324
s 519
f 2332/2332/2332 2338/2333/2333 2336/2334/2334
f 2336/2334/2334 2335/2335/2335 2340/2336/2336
f 2336/2334/2334 2334/2337/2337 2339/2338/2338
f 2333/2339/2339 2337/2340/2340 2336/2334/2334
f 2337/2340/2340 2332/2332/2332 2336/2334/2334
f 2338/2333/2333 2334/2337/2337 2336/2334/2334
f 2336/2334/2334 2339/2338/2338 2335/2335/2335
f 2333/2339/2339 2336/2334/2334 2340/2336/2336
s 521
f 2341/2341/2341 2345/2342/2342 2347/2343/2343
f 2345/2342/2342 2349/2344/2344 2344/2345/2345
f 2345/2342/2342 2348/2346/2346 2343/2347/2347
f 2342/2348/2348 2345/2342/2342 2346/2349/2349
f 2346/2349/2349 2345/2342/2342 2341/2341/2341
f 2347/2343/2343 2345/2342/2342 2343/2347/2347
f 2345/2342/2342 2344/2345/2345 2348/2346/2346
f 2342/2348/2348 2349/2344/2344 2345/2342/2342
s 523
f 2350/2350/2350 2356/2351/2351 2354/2352/2352
f 2354/2352/2352 2353/2353/2353 2358/2354/2354
f 2354/2352/2352 2352/2355/2355 2357/2356/2356
f 2351/2357/2357 2355/2358/2358 2354/2352/2352
f 2355/2358/2358 2350/2350/2350 2354/2352/2352
f 2356/2351/2351 2352/2355/2355 2354/2352/2352
f 2354/2352/2352 2357/2356/2356 2353/2353/2353
f 2351/2357/2357 2354/2352/2352 2358/2354/2354
s 525
f 2359/2359/2359 2365/2360/2360 2363/2361/2361
f 2363/2361/2361 2362/2362/2362 2367/2363/2363
f 2363/2361/2361 2361/2364/2364 2366/2365/2365
f 2360/2366/2366 2364/2367/2367 2363/2361/2361
f 2364/2367/2367 2359/2359/2359 2363/2361/2361
f 2365/2360/2360 2361/2364/2364 2363/2361/2361
f 2363/2361/2361 2366/2365/2365 2362/2362/2362
f 2360/2366/2366 2363/2361/2361 2367/2363/2363
s 527
f 2368/2368/2368 2372/2369/2369 2374/2370/2370
f 2372/2369/2369 2376/2371/2371 2371/2372/2372
f 2372/2369/2369 2375/2373/2373 2370/2374/2374
f 2369/2375/2375 2372/2369/2369 2373/2376/2376
f 2373/2376/2376 2372/2369/2369 2368/2368/2368
f 2374/2370/2370 2372/2369/2369 2370/2374/2374
f 2372/2369/2369 2371/2372/2372 2375/2373/2373
f 2369/2375/2375 2376/2371/2371 2372/2369/2369
s 529
f 2377/2377/2377 2381/2378/2378 2383/2379/2379
f 2381/2378/2378 2385/2380/2380 2380/2381/2381
f 2381/2378/2378 2384/2382/2382 2379/2383/2383
f 2378/2384/2384 2381/2378/2378 2382/2385/2385
f 2382/2385/2385 2381/2378/2378 2377/2377/2377
f 2383/2379/2379 2381/2378/2378 2379/2383/2383
f 2381/2378/2378 2380/2381/2381 2384/2382/2382
f 2378/2384/2384 2385/2380/2380 2381/2378/2378
s 531
f 2386/2386/2386 2390/2387/2387 2392/2388/2388
f 2390/2387/2387 2394/2389/2389 2389/2390/2390
f 2390/2387/2387 2393/2391/2391 2388/2392/2392
f 2387/2393/2393 2390/2387/2387 2391/2394/2394
f 2391/2394/2394 2390/2387/2387 2386/2386/2386
f 2392/2388/2388 2390/2387/2387 2388/2392/2392
f 2390/2387/2387 2389/2390/2390 2393/2391/2391
f 2387/2393/2393 2394/2389/2389 2390/2387/2387
s 533
f 2395/2395/2395 2399/2396/2396 2401/2397/2397
f 2399/2396/2396 2403/2398/2398 2398/2399/2399
f 2399/2396/2396 2402/2400/2400 2397/2401/2401
f 2396/2402/2402 2399/2396/2396 2400/2403/2403
f 2400/2403/2403 2399/2396/2396 2395/2395/2395
f 2401/2397/2397 2399/2396/2396 2397/2401/2401
f 2399/2396/2396 2398/2399/2399 2402/2400/2400
f 2396/2402/2402 2403/2398/2398 2399/2396/2396
s 535
f 2404/2404/2404 2408/2405/2405 2410/2406/2406
f 2408/2405/2405 2412/2407/2407 2407/2408/2408
f 2408/2405/2405 2411/2409/2409 2406/2410/2410
f 2405/2411/2411 2408/2405/2405 2409/2412/2412
f 2409/2412/2412 2408/2405/2405 2404/2404/2404
f 2410/2406/2406 2408/2405/2405 2406/2410/2410
f 2408/2405/2405 2407/2408/2408 2411/2409/2409
f 2405/2411/2411 2412/2407/2407 2408/2405/2405
s 537
f 2413/2413/2413 2419/2414/2414 2417/2415/2415
f 2417/2415/2415 2416/2416/2416 2421/2417/2417
f 2417/2415/2415 2415/2418/2418 2420/2419/2419
f 2414/2420/2420 2418/2421/2421 2417/2415/2415
f 2418/2421/2421 2413/2413/2413 2417/2415/2415
f 2419/2414/2414 2415/2418/2418 2417/2415/2415
f 2417/2415/2415 2420/2419/2419 2416/2416/2416
f 2414/2420/2420 2417/2415/2415 2421/2417/2417
s 539
f 2422/2422/2422 2428/2423/2423 2426/2424/2424
f 2426/2424/2424 2425/2425/2425 2430/2426/2426
f 2426/2424/2424 2424/2427/2427 2429/2428/2428
f 2423/2429/2429 2427/2430/2430 2426/2424/2424
f 2427/2430/2430 2422/2422/2422 2426/2424/2424
f 2428/2423/2423 2424/2427/2427 2426/2424/2424
f 2426/2424/2424 2429/2428/2428 2425/2425/2425
f 2423/2429/2429 2426/2424/2424 2430/2426/2426
s 541
f 2431/2431/2431 2437/2432/2432 2435/2433/2433
f 2435/2433/2433 2434/2434/2434 2439/2435/2435
f 2435/2433/2433 2433/2436/2436 2438/2437/2437
f 2432/2438/2438 2436/2439/2439 2435/2433/2433
f 2436/2439/2439 2431/2431/2431 2435/2433/2433
f 2437/2432/2432 2433/2436/2436 2435/2433/2433
f 2435/2433/2433 2438/2437/2437 2434/2434/2434
f 2432/2438/2438 2435/2433/2433 2439/2435/2435
s 543
f 2440/2440/2440 2446/2441/2441 2444/2442/2442
f 2444/2442/2442 2443/2443/2443 2448/2444/2444
f 2444/2442/2442 2442/2445/2445 2447/2446/2446
f 2441/2447/2447 2445/2448/2448 2444/2442/2442
f 2445/2448/2448 2440/2440/2440 2444/2442/2442
f 2446/2441/2441 2442/2445/2445 2444/2442/2442
f 2444/2442/2442 2447/2446/2446 2443/2443/2443
f 2441/2447/2447 2444/2442/2442 2448/2444/2444
s 545
f 2449/2449/2449 2453/2450/2450 2455/2451/2451
f 2453/2450/2450 2457/2452/2452 2452/2453/2453
f 2453/2450/2450 2456/2454/2454 2451/2455/2455
f 2450/2456/2456 2453/2450/2450 2454/2457/2457
f 2454/2457/2457 2453/2450/2450 2449/2449/2449
f 2455/2451/2451 2453/2450/2450 2451/2455/2455
f 2453/2450/2450 2452/2453/2453 2456/2454/2454
f 2450/2456/2456 2457/2452/2452 2453/2450/2450
s 547
f 2458/2458/2458 2462/2459/2459 2464/2460/2460
f 2462/2459/2459 2466/2461/2461 2461/2462/2462
f 2462/2459/2459 2465/2463/2463 2460/2464/2464
f 2459/2465/2465 2462/2459/2459 2463/2466/2466
f 2463/2466/2466 2462/2459/2459 2458/2458/2458
f 2464/2460/2460 2462/2459/2459 2460/2464/2464
f 2462/2459/2459 2461/2462/2462 2465/2463/2463
f 2459/2465/2465 2466/2461/2461 2462/2459/2459
s 549
f 2467/2467/2467 2471/2468/2468 2473/2469/2469
f 2471/2468/2468 2475/2470/2470 2470/2471/2471
f 2471/2468/2468 2474/2472/2472 2469/2473/2473
f 2468/2474/2474 2471/2468/2468 2472/2475/2475
f 2472/2475/2475 2471/2468/2468 2467/2467/2467
f 2473/2469/2469 2471/2468/2468 2469/2473/2473
f 2471/2468/2468 2470/2471/2471 2474/2472/2472
f 2468/2474/2474 2475/2470/2470 2471/2468/2468
s 551
f 2476/2476/2476 2482/2477/2477 2480/2478/2478
f 2480/2478/2478 2479/2479/2479 2484/2480/2480
f 2480/2478/2478 2478/2481/2481 2483/2482/2482
f 2477/2483/2483 2481/2484/2484 2480/2478/2478
f 2481/2484/2484 2476/2476/2476 2480/2478/2478
f 2482/2477/2477 2478/2481/2481 2480/2478/2478
f 2480/2478/2478 2483/2482/2482 2479/2479/2479
f 2477/2483/2483 2480/2478/2478 2484/2480/2480
s 553
f 2485/2485/2485 2491/2486/2486 2489/2487/2487
f 2489/2487/2487 2488/2488/2488 2493/2489/2489
f 2489/2487/2487 2487/2490/2490 2492/2491/2491
f 2486/2492/2492 2490/2493/2493 2489/2487/2487
f 2490/2493/2493 2485/2485/2485 2489/2487/2487
f 2491/2486/2486 2487/2490/2490 2489/2487/2487
f 2489/2487/2487 2492/2491/2491 2488/2488/2488
f 2486/2492/2492 2489/2487/2487 2493/2489/2489
s 555
f 2494/2494/2494 2500/2495/2495 2498/2496/2496
f 2498/2496/2496 2497/2497/2497 2502/2498/2498
f 2498/2496/2496 2496/2499/2499 2501/2500/2500
f 2495/2501/2501 2499/2502/2502 2498/2496/2496
f 2499/2502/2502 2494/2494/2494 2498/2496/2496
f 2500/2495/2495 2496/2499/2499 2498/2496/2496
f 2498/2496/2496 2501/2500/2500 2497/2497/2497
f 2495/2501/2501 2498/2496/2496 2502/2498/2498
s 557
f 2503/2503/2503 2509/2504/2504 2507/2505/2505
f 2507/2505/2505 2506/2506/2506 2511/2507/2507
f 2507/2505/2505 2505/2508/2508 2510/2509/2509
f 2504/2510/2510 2508/2511/2511 2507/2505/2505
f 2508/2511/2511 2503/2503/2503 2507/2505/2505
f 2509/2504/2504 2505/2508/2508 2507/2505/2505
f 2507/2505/2505 2510/2509/2509 2506/2506/2506
f 2504/2510/2510 2507/2505/2505 2511/2507/2507
s 559
f 2512/2512/2512 2518/2513/2513 2516/2514/2514
f 2516/2514/2514 2515/2515/2515 2520/2516/2516
f 2516/2514/2514 2514/2517/2517 2519/2518/2518
f 2513/2519/2519 2517/2520/2520 2516/2514/2514
f 2517/2520/2520 2512/2512/2512 2516/2514/2514
f 2518/2513/2513 2514/2517/2517 2516/2514/2514
f 2516/2514/2514 2519/2518/2518 2515/2515/2515
f 2513/2519/2519 2516/2514/2514 2520/2516/2516
s 561
f 2521/2521/2521 2525/2522/2522 2527/2523/2523
f 2525/2522/2522 2529/2524/2524 2524/2525/2525
f 2525/2522/2522 2528/2526/2526 2523/2527/2527
f 2522/2528/2528 2525/2522/2522 2526/2529/2529
f 2526/2529/2529 2525/2522/2522 2521/2521/2521
f 2527/2523/2523 2525/2522/2522 2523/2527/2527
f 2525/2522/2522 2524/2525/2525 2528/2526/2526
f 2522/2528/2528 2529/2524/2524 2525/2522/2522
s 563
f 2530/2530/2530 2536/2531/2531 2534/2532/2532
f 2534/2532/2532 2533/2533/2533 2538/2534/2534
f 2534/2532/2532 2532/2535/2535 2537/2536/2536
f 2531/2537/2537 2535/2538/2538 2534/2532/2532
f 2535/2538/2538 2530/2530/2530 2534/2532/2532
f 2536/2531/2531 2532/2535/2535 2534/2532/2532
f 2534/2532/2532 2537/2536/2536 2533/2533/2533
f 2531/2537/2537 2534/2532/2532 2538/2534/2534
s 565
f 2539/2539/2539 2543/2540/2540 2545/2541/2541
f 2543/2540/2540 2547/2542/2542 2542/2543/2543
f 2543/2540/2540 2546/2544/2544 2541/2545/2545
f 2540/2546/2546 2543/2540/2540 2544/2547/2547
f 2544/2547/2547 2543/2540/2540 2539/2539/2539
f 2545/2541/2541 2543/2540/2540 2541/2545/2545
f 2543/2540/2540 2542/2543/2543 2546/2544/2544
f 2540/2546/2546 2547/2542/2542 2543/2540/2540
s 567
f 2548/2548/2548 2552/2549/2549 2554/2550/2550
f 2552/2549/2549 2556/2551/2551 2551/2552/2552
f 2552/2549/2549 2555/2553/2553 2550/2554/2554
f 2549/2555/2555 2552/2549/2549 2553/2556/2556
f 2553/2556/2556 2552/2549/2549 2548/2548/2548
f 2554/2550/2550 2552/2549/2549 2550/2554/2554
f 2552/2549/2549 2551/2552/2552 2555/2553/2553
f 2549/2555/2555 2556/2551/2551 2552/2549/2549
s 569
f 2557/2557/2557 2563/2558/2558 2561/2559/2559
f 2561/2559/2559 2560/2560/2560 2565/2561/2561
f 2561/2559/2559 2559/2562/2562 2564/2563/2563
f 2558/2564/2564 2562/2565/2565 2561/2559/2559
f 2562/2565/2565 2557/2557/2557 2561/2559/2559
f 2563/2558/2558 2559/2562/2562 2561/2559/2559
f 2561/2559/2559 2564/2563/2563 2560/2560/2560
f 2558/2564/2564 2561/2559/2559 2565/2561/2561
s 571
f 2566/2566/2566 2570/2567/2567 2572/2568/2568
f 2570/2567/2567 2574/2569/2569 2569/2570/2570
f 2570/2567/2567 2573/2571/2571 2568/2572/2572
f 2567/2573/2573 2570/2567/2567 2571/2574/2574
f 2571/2574/2574 2570/2567/2567 2566/2566/2566
f 2572/2568/2568 2570/2567/2567 2568/2572/2572
f 2570/2567/2567 2569/2570/2570 2573/2571/2571
f 2567/2573/2573 2574/2569/2569 2570/2567/2567
s 573
f 2575/2575/2575 2581/2576/2576 2579/2577/2577
f 2579/2577/2577 2578/2578/2578 2583/2579/2579
f 2579/2577/2577 2577/2580/2580 2582/2581/2581
f 2576/2582/2582 2580/2583/2583 2579/2577/2577
f 2580/2583/2583 2575/2575/2575 2579/2577/2577
f 2581/2576/2576 2577/2580/2580 2579/2577/2577
f 2579/2577/2577 2582/2581/2581 2578/2578/2578
f 2576/2582/2582 2579/2577/2577 2583/2579/2579
s 575
f 2584/2584/2584 2588/2585/2585 2590/2586/2586
f 2588/2585/2585 2592/2587/2587 2587/2588/2588
f 2588/2585/2585 2591/2589/2589 2586/2590/2590
f 2585/2591/2591 2588/2585/2585 2589/2592/2592
f 2589/2592/2592 2588/2585/2585 2584/2584/2584
f 2590/2586/2586 2588/2585/2585 2586/2590/2590
f 2588/2585/2585 2587/2588/2588 2591/2589/2589
f 2585/2591/2591 2592/2587/2587 2588/2585/2585
s 577
f 2593/2593/2593 2599/2594/2594 2597/2595/2595
f 2597/2595/2595 2596/2596/2596 2601/2597/2597
f 2597/2595/2595 2595/2598/2598 2600/2599/2599
f 2594/2600/2600 2598/2601/2601 2597/2595/2595
f 2598/2601/2601 2593/2593/2593 2597/2595/2595
f 2599/2594/2594 2595/2598/2598 2597/2595/2595
f 2597/2595/2595 2600/2599/2599 2596/2596/2596
f 2594/2600/2600 2597/2595/2595 2601/2597/2597
s 579
f 2602/2602/2602 2606/2603/2603 2608/2604/2604
f 2606/2603/2603 2610/2605/2605 2605/2606/2606
f 2606/2603/2603 2609/2607/2607 2604/2608/2608
f 2603/2609/2609 2606/2603/2603 2607/2610/2610
f 2607/2610/2610 2606/2603/2603 2602/2602/2602
f 2608/2604/2604 2606/2603/2603 2604/2608/2608
f 2606/2603/2603 2605/2606/2606 2609/2607/2607
f 2603/2609/2609 2610/2605/2605 2606/2603/2603
s 581
f 2611/2611/2611 2615/2612/2612 2617/2613/2613
f 2615/2612/2612 2619/2614/2614 2614/2615/2615
f 2615/2612/2612 2618/2616/2616 2613/2617/2617
f 2612/2618/2618 2615/2612/2612 2616/2619/2619
f 2616/2619/2619 2615/2612/2612 2611/2611/2611
f 2617/2613/2613 2615/2612/2612 2613/2617/2617
f 2615/2612/2612 2614/2615/2615 2618/2616/2616
f 2612/2618/2618 2619/2614/2614 2615/2612/2612
s 583
f 2620/2620/2620 2626/2621/2621 2624/2622/2622
f 2624/2622/2622 2623/2623/2623 2628/2624/2624
f 2624/2622/2622 2622/2625/2625 2627/2626/2626
f 2621/2627/2627 2625/2628/2628 2624/2622/2622
f 2625/2628/2628 2620/2620/2620 2624/2622/2622
f 2626/2621/2621 2622/2625/2625 2624/2622/2622
f 2624/2622/2622 2627/2626/2626 2623/2623/2623
f 2621/2627/2627 2624/2622/2622 2628/2624/2624
s 585
f 2629/2629/2629 2633/2630/2630 2635/2631/2631
f 2633/2630/2630 2637/2632/2632 2632/2633/2633
f 2633/2630/2630 2636/2634/2634 2631/2635/2635
f 2630/2636/2636 2633/2630/2630 2634/2637/2637
f 2634/2637/2637 2633/2630/2630 2629/2629/2629
f 2635/2631/2631 2633/2630/2630 2631/2635/2635
f 2633/2630/2630 2632/2633/2633 2636/2634/2634
f 2630/2636/2636 2637/2632/2632 2633/2630/2630
s 587
f 2638/2638/2638 2644/2639/2639 2642/2640/2640
f 2642/2640/2640 2641/2641/2641 2646/2642/2642
f 2642/2640/2640 2640/2643/2643 2645/2644/2644
f 2639/2645/2645 2643/2646/2646 2642/2640/2640
f 2643/2646/2646 2638/2638/2638 2642/2640/2640
f 2644/2639/2639 2640/2643/2643 2642/2640/2640
f 2642/2640/2640 2645/2644/2644 2641/2641/2641
f 2639/2645/2645 2642/2640/2640 2646/2642/2642
s 589
f 2647/2647/2647 2653/2648/2648 2651/2649/2649
f 2651/2649/2649 2650/2650/2650 2655/2651/2651
f 2651/2649/2649 2649/2652/2652 2654/2653/2653
f 2648/2654/2654 2652/2655/2655 2651/2649/2649
f 2652/2655/2655 2647/2647/2647 2651/2649/2649
f 2653/2648/2648 2649/2652/2652 2651/2649/2649
f 2651/2649/2649 2654/2653/2653 2650/2650/2650
f 2648/2654/2654 2651/2649/2649 2655/2651/2651
s 591
f 2656/2656/2656 2660/2657/2657 2662/2658/2658
f 2660/2657/2657 2664/2659/2659 2659/2660/2660
f 2660/2657/2657 2663/2661/2661 2658/2662/2662
f 2657/2663/2663 2660/2657/2657 2661/2664/2664
f 2661/2664/2664 2660/2657/2657 2656/2656/2656
f 2662/2658/2658 2660/2657/2657 2658/2662/2662
f 2660/2657/2657 2659/2660/2660 2663/2661/2661
f 2657/2663/2663 2664/2659/2659 2660/2657/2657
s 593
f 2665/2665/2665 2669/2666/2666 2671/2667/2667
f 2669/2666/2666 2673/2668/2668 2668/2669/2669
f 2669/2666/2666 2672/2670/2670 2667/2671/2671
f 2666/2672/2672 2669/2666/2666 2670/2673/2673
f 2670/2673/2673 2669/2666/2666 2665/2665/2665
f 2671/2667/2667 2669/2666/2666 2667/2671/2671
f 2669/2666/2666 2668/2669/2669 2672/2670/2670
f 2666/2672/2672 2673/2668/2668 2669/2666/2666
s 595
f 2674/2674/2674 2678/2675/2675 2680/2676/2676
f 2678/2675/2675 2682/2677/2677 2677/2678/2678
f 2678/2675/2675 2681/2679/2679 2676/2680/2680
f 2675/2681/2681 2678/2675/2675 2679/2682/2682
f 2679/2682/2682 2678/2675/2675 2674/2674/2674
f 2680/2676/2676 2678/2675/2675 2676/2680/2680
f 2678/2675/2675 2677/2678/2678 2681/2679/2679
f 2675/2681/2681 2682/2677/2677 2678/2675/2675
s 597
f 2683/2683/2683 2687/2684/2684 2689/2685/2685
f 2687/2684/2684 2691/2686/2686 2686/2687/2687
f 2687/2684/2684 2690/2688/2688 2685/2689/2689
f 2684/2690/2690 2687/2684/2684 2688/2691/2691
f 2688/2691/2691 2687/2684/2684 2683/2683/2683
f 2689/2685/2685 2687/2684/2684 2685/2689/2689
f 2687/2684/2684 2686/2687/2687 2690/2688/2688
f 2684/2690/2690 2691/2686/2686 2687/2684/2684
s 599
f 2692/2692/2692 2696/2693/2693 2698/2694/2694
f 2696/2693/2693 2700/2695/2695 2695/2696/2696
f 2696/2693/2693 2699/2697/2697 2694/2698/2698
f 2693/2699/2699 2696/2693/2693 2697/2700/2700
f 2697/2700/2700 2696/2693/2693 2692/2692/2692
f 2698/2694/2694 2696/2693/2693 2694/2698/2698
f 2696/2693/2693 2695/2696/2696 2699/2697/2697
f 2693/2699/2699 2700/2695/2695 2696/2693/2693
s 601
f 2701/2701/2701 2707/2702/2702 2705/2703/2703
f 2705/2703/2703 2704/2704/2704 2709/2705/2705
f 2705/2703/2703 2703/2706/2706 2708/2707/2707
f 2702/2708/2708 2706/2709/2709 2705/2703/2703
f 2706/2709/2709 2701/2701/2701 2705/2703/2703
f 2707/2702/2702 2703/2706/2706 2705/2703/2703
f 2705/2703/2703 2708/2707/2707 2704/2704/2704
f 2702/2708/2708 2705/2703/2703 2709/2705/2705
s 603
f 2710/2710/2710 2716/2711/2711 2714/2712/2712
f 2714/2712/2712 2713/2713/2713 2718/2714/2714
f 2714/2712/2712 2712/2715/2715 2717/2716/2716
f 2711/2717/2717 2715/2718/2718 2714/2712/2712
f 2715/2718/2718 2710/2710/2710 2714/2712/2712
f 2716/2711/2711 2712/2715/2715 2714/2712/2712
f 2714/2712/2712 2717/2716/2716 2713/2713/2713
f 2711/2717/2717 2714/2712/2712 2718/2714/2714
s 605
f 2719/2719/2719 2725/2720/2720 2723/2721/2721
f 2723/2721/2721 2722/2722/2722 2727/2723/2723
f 2723/2721/2721 2721/2724/2724 2726/2725/2725
f 2720/2726/2726 2724/2727/2727 2723/2721/2721
f 2724/2727/2727 2719/2719/2719 2723/2721/2721
f 2725/2720/2720 2721/2724/2724 2723/2721/2721
f 2723/2721/2721 2726/2725/2725 2722/2722/2722
f 2720/2726/2726 2723/2721/2721 2727/2723/2723
s 607
f 2728/2728/2728 2734/2729/2729 2732/2730/2730
f 2732/2730/2730 2731/2731/2731 2736/2732/2732
f 2732/2730/2730 2730/2733/2733 2735/2734/2734
f 2729/2735/2735 2733/2736/2736 2732/2730/2730
f 2733/2736/2736 2728/2728/2728 2732/2730/2730
f 2734/2729/2729 2730/2733/2733 2732/2730/2730
f 2732/2730/2730 2735/2734/2734 2731/2731/2731
f 2729/2735/2735 2732/2730/2730 2736/2732/2732
s 609
f 2737/2737/2737 2741/2738/2738 2743/2739/2739
f 2741/2738/2738 2745/2740/2740 2740/2741/2741
f 2741/2738/2738 2744/2742/2742 2739/2743/2743
f 2738/2744/2744 2741/2738/2738 2742/2745/2745
f 2742/2745/2745 2741/2738/2738 2737/2737/2737
f 2743/2739/2739 2741/2738/2738 2739/2743/2743
f 2741/2738/2738 2740/2741/2741 2744/2742/2742
f 2738/2744/2744 2745/2740/2740 2741/2738/2738
s 611
f 2746/2746/2746 2750/2747/2747 2752/2748/2748
f 2750/2747/2747 2754/2749/2749 2749/2750/2750
f 2750/2747/2747 2753/2751/2751 2748/2752/2752
f 2747/2753/2753 2750/2747/2747 2751/2754/2754
f 2751/2754/2754 2750/2747/2747 2746/2746/2746
f 2752/2748/2748 2750/2747/2747 2748/2752/2752
f 2750/2747/2747 2749/2750/2750 2753/2751/2751
f 2747/2753/2753 2754/2749/2749 2750/2747/2747
s 613
f 2755/2755/2755 2759/2756/2756 2761/2757/2757
f 2759/2756/2756 2763/2758/2758 2758/2759/2759
f 2759/2756/2756 2762/2760/2760 2757/2761/2761
f 2756/2762/2762 2759/2756/2756 2760/2763/2763
f 2760/2763/2763 2759/2756/2756 2755/2755/2755
f 2761/2757/2757 2759/2756/2756 2757/2761/2761
f 2759/2756/2756 2758/2759/2759 2762/2760/2760
f 2756/2762/2762 2763/2758/2758 2759/2756/2756
s 615
f 2764/2764/2764 2770/2765/2765 2768/2766/2766
f 2768/2766/2766 2767/2767/2767 2772/2768/2768
f 2768/2766/2766 2766/2769/2769 2771/2770/2770
f 2765/2771/2771 2769/2772/2772 2768/2766/2766
f 2769/2772/2772 2764/2764/2764 2768/2766/2766
f 2770/2765/2765 2766/2769/2769 2768/2766/2766
f 2768/2766/2766 2771/2770/2770 2767/2767/2767
f 2765/2771/2771 2768/2766/2766 2772/2768/2768
s 617
f 2773/2773/2773 2779/2774/2774 2777/2775/2775
f 2777/2775/2775 2776/2776/2776 2781/2777/2777
f 2777/2775/2775 2775/2778/2778 2780/2779/2779
f 2774/2780/2780 2778/2781/2781 2777/2775/2775
f 2778/2781/2781 2773/2773/2773 2777/2775/2775
f 2779/2774/2774 2775/2778/2778 2777/2775/2775
f 2777/2775/2775 2780/2779/2779 2776/2776/2776
f 2774/2780/2780 2777/2775/2775 2781/2777/2777
s 619
f 2782/2782/2782 2788/2783/2783 2786/2784/2784
f 2786/2784/2784 2785/2785/2785 2790/2786/2786
f 2786/2784/2784 2784/2787/2787 2789/2788/2788
f 2783/2789/2789 2787/2790/2790 2786/2784/2784
f 2787/2790/2790 2782/2782/2782 2786/2784/2784
f 2788/2783/2783 2784/2787/2787 2786/2784/2784
f 2786/2784/2784 2789/2788/2788 2785/2785/2785
f 2783/2789/2789 2786/2784/2784 2790/2786/2786
s 621
f 2791/2791/2791 2797/2792/2792 2795/2793/2793
f 2795/2793/2793 2794/2794/2794 2799/2795/2795
f 2795/2793/2793 2793/2796/2796 2798/2797/2797
f 2792/2798/2798 2796/2799/2799 2795/2793/2793
f 2796/2799/2799 2791/2791/2791 2795/2793/2793
f 2797/2792/2792 2793/2796/2796 2795/2793/2793
f 2795/2793/2793 2798/2797/2797 2794/2794/2794
f 2792/2798/2798 2795/2793/2793 2799/2795/2795
s 623
f 2800/2800/2800 2806/2801/2801 2804/2802/2802
f 2804/2802/2802 2803/2803/2803 2808/2804/2804
f 2804/2802/2802 2802/2805/2805 2807/2806/2806
f 2801/2807/2807 2805/2808/2808 2804/2802/2802
f 2805/2808/2808 2800/2800/2800 2804/2802/2802
f 2806/2801/2801 2802/2805/2805 2804/2802/2802
f 2804/2802/2802 2807/2806/2806 2803/2803/2803
f 2801/2807/2807 2804/2802/2802 2808/2804/2804
s 625
f 2809/2809/2809 2813/2810/2810 2815/2811/2811
f 2813/2810/2810 2817/2812/2812 2812/2813/2813
f 2813/2810/2810 2816/2814/2814 2811/2815/2815
f 2810/2816/2816 2813/2810/2810 2814/2817/2817
f 2814/2817/2817 2813/2810/2810 2809/2809/2809
f 2815/2811/2811 2813/2810/2810 2811/2815/2815
f 2813/2810/2810 2812/2813/2813 2816/2814/2814
f 2810/2816/2816 2817/2812/2812 2813/2810/2810
s 627
f 2818/2818/2818 2824/2819/2819 2822/2820/2820
f 2822/2820/2820 2821/2821/2821 2826/2822/2822
f 2822/2820/2820 2820/2823/2823 2825/2824/2824
f 2819/2825/2825 2823/2826/2826 2822/2820/2820
f 2823/2826/2826 2818/2818/2818 2822/2820/2820
f 2824/2819/2819 2820/2823/2823 2822/2820/2820
f 2822/2820/2820 2825/2824/2824 2821/2821/2821
f 2819/2825/2825 2822/2820/2820 2826/2822/2822
s 629
f 2827/2827/2827 2831/2828/2828 2833/2829/2829
f 2831/2828/2828 2835/2830/2830 2830/2831/2831
f 2831/2828/2828 2834/2832/2832 2829/2833/2833
f 2828/2834/2834 2831/2828/2828 2832/2835/2835
f 2832/2835/2835 2831/2828/2828 2827/2827/2827
f 2833/2829/2829 2831/2828/2828 2829/2833/2833
f 2831/2828/2828 2830/2831/2831 2834/2832/2832
f 2828/2834/2834 2835/2830/2830 2831/2828/2828
s 631
f 2836/2836/2836 2840/2837/2837 2842/2838/2838
f 2840/2837/2837 2844/2839/2839 2839/2840/2840
f 2840/2837/2837 2843/2841/2841 2838/2842/2842
f 2837/2843/2843 2840/2837/2837 2841/2844/2844
f 2841/2844/2844 2840/2837/2837 2836/2836/2836
f 2842/2838/2838 2840/2837/2837 2838/2842/2842
f 2840/2837/2837 2839/2840/2840 2843/2841/2841
f 2837/2843/2843 2844/2839/2839 2840/2837/2837
s 633
f 2845/2845/2845 2851/2846/2846 2849/2847/2847
f 2849/2847/2847 2848/2848/2848 2853/2849/2849
f 2849/2847/2847 2847/2850/2850 2852/2851/2851
f 2846/2852/2852 2850/2853/2853 2849/2847/2847
f 2850/2853/2853 2845/2845/2845 2849/2847/2847
f 2851/2846/2846 2847/2850/2850 2849/2847/2847
f 2849/2847/2847 2852/2851/2851 2848/2848/2848
f 2846/2852/2852 2849/2847/2847 2853/2849/2849
s 635
f 2854/2854/2854 2858/2855/2855 2860/2856/2856
f 2858/2855/2855 2862/2857/2857 2857/2858/2858
f 2858/2855/2855 2861/2859/2859 2856/2860/2860
f 2855/2861/2861 2858/2855/2855 2859/2862/2862
f 2859/2862/2862 2858/2855/2855 2854/2854/2854
f 2860/2856/2856 2858/2855/2855 2856/2860/2860
f 2858/2855/2855 2857/2858/2858 2861/2859/2859
f 2855/2861/2861 2862/2857/2857 2858/2855/2855
s 637
f 2863/2863/2863 2869/2864/2864 2867/2865/2865
f 2867/2865/2865 2866/2866/2866 2871/2867/2867
f 2867/2865/2865 2865/2868/2868 2870/2869/2869
f 2864/2870/2870 2868/2871/2871 2867/2865/2865
f 2868/2871/2871 2863/2863/2863 2867/2865/2865
f 2869/2864/2864 2865/2868/2868 2867/2865/2865
f 2867/2865/2865 2870/2869/2869 2866/2866/2866
f 2864/2870/2870 2867/2865/2865 2871/2867/2867
s 639
f 2872/2872/2872 2876/2873/2873 2878/2874/2874
f 2876/2873/2873 2880/2875/2875 2875/2876/2876
f 2876/2873/2873 2879/2877/2877 2874/2878/2878
f 2873/2879/2879 2876/2873/2873 2877/2880/2880
f 2877/2880/2880 2876/2873/2873 2872/2872/2872
f 2878/2874/2874 2876/2873/2873 2874/2878/2878
f 2876/2873/2873 2875/2876/2876 2879/2877/2877
f 2873/2879/2879 2880/2875/2875 2876/2873/2873
s 641
f 2881/2881/2881 2887/2882/2882 2885/2883/2883
f 2885/2883/2883 2884/2884/2884 2889/2885/2885
f 2885/2883/2883 2883/2886/2886 2888/2887/2887
f 2882/2888/2888 2886/2889/2889 2885/2883/2883
f 2886/2889/2889 2881/2881/2881 2885/2883/2883
f 2887/2882/2882 2883/2886/2886 2885/2883/2883
f 2885/2883/2883 2888/2887/2887 2884/2884/2884
f 2882/2888/2888 2885/2883/2883 2889/2885/2885
s 643
f 2890/2890/2890 2894/2891/2891 2896/2892/2892
f 2894/2891/2891 2898/2893/2893 2893/2894/2894
f 2894/2891/2891 2897/2895/2895 2892/2896/2896
f 2891/2897/2897 2894/2891/2891 2895/2898/2898
f 2895/2898/2898 2894/2891/2891 2890/2890/2890
f 2896/2892/2892 2894/2891/2891 2892/2896/2896
f 2894/2891/2891 2893/2894/2894 2897/2895/2895
f 2891/2897/2897 2898/2893/2893 2894/2891/2891
s 645
f 2899/2899/2899 2903/2900/2900 2905/2901/2901
f 2903/2900/2900 2907/2902/2902 2902/2903/2903
f 2903/2900/2900 2906/2904/2904 2901/2905/2905
f 2900/2906/2906 2903/2900/2900 2904/2907/2907
f 2904/2907/2907 2903/2900/2900 2899/2899/2899
f 2905/2901/2901 2903/2900/2900 2901/2905/2905
f 2903/2900/2900 2902/2903/2903 2906/2904/2904
f 2900/2906/2906 2907/2902/2902 2903/2900/2900
s 647
f 2908/2908/2908 2914/2909/2909 2912/2910/2910
f 2912/2910/2910 2911/2911/2911 2916/2912/2912
f 2912/2910/2910 2910/2913/2913 2915/2914/2914
f 2909/2915/2915 2913/2916/2916 2912/2910/2910
f 2913/2916/2916 2908/2908/2908 2912/2910/2910
f 2914/2909/2909 2910/2913/2913 2912/2910/2910
f 2912/2910/2910 2915/2914/2914 2911/2911/2911
f 2909/2915/2915 2912/2910/2910 2916/2912/2912
s 649
f 2917/2917/2917 2921/2918/2918 2923/2919/2919
f 2921/2918/2918 2925/2920/2920 2920/2921/2921
f 2921/2918/2918 2924/2922/2922 2919/2923/2923
f 2918/2924/2924 2921/2918/2918 2922/2925/2925
f 2922/2925/2925 2921/2918/2918 2917/2917/2917
f 2923/2919/2919 2921/2918/2918 2919/2923/2923
f 2921/2918/2918 2920/2921/2921 2924/2922/2922
f 2918/2924/2924 2925/2920/2920 2921/2918/2918
s 651
f 2926/2926/2926 2932/2927/2927 2930/2928/2928
f 2930/2928/2928 2929/2929/2929 2934/2930/2930
f 2930/2928/2928 2928/2931/2931 2933/2932/2932
f 2927/2933/2933 2931/2934/2934 2930/2928/2928
f 2931/2934/2934 2926/2926/2926 2930/2928/2928
f 2932/2927/2927 2928/2931/2931 2930/2928/2928
f 2930/2928/2928 2933/2932/2932 2929/2929/2929
f 2927/2933/2933 2930/2928/2928 2934/2930/2930
s 653
f 2935/2935/2935 2941/2936/2936 2939/2937/2937
f 2939/2937/2937 2938/2938/2938 2943/2939/2939
f 2939/2937/2937 2937/2940/2940 2942/2941/2941
f 2936/2942/2942 2940/2943/2943 2939/2937/2937
f 2940/2943/2943 2935/2935/2935 2939/2937/2937
f 2941/2936/2936 2937/2940/2940 2939/2937/2937
f 2939/2937/2937 2942/2941/2941 2938/2938/2938
f 2936/2942/2942 2939/2937/2937 2943/2939/2939
s 655
f 2944/2944/2944 2948/2945/2945 2950/2946/2946
f 2948/2945/2945 2952/2947/2947 2947/2948/2948
f 2948/2945/2945 2951/2949/2949 2946/2950/2950
f 2945/2951/2951 2948/2945/2945 2949/2952/2952
f 2949/2952/2952 2948/2945/2945 2944/2944/2944
f 2950/2946/2946 2948/2945/2945 2946/2950/2950
f 2948/2945/2945 2947/2948/2948 2951/2949/2949
f 2945/2951/2951 2952/2947/2947 2948/2945/2945
s 657
f 2953/2953/2953 2957/2954/2954 2959/2955/2955
f 2957/2954/2954 2961/2956/2956 2956/2957/2957
f 2957/2954/2954 2960/2958/2958 2955/2959/2959
f 2954/2960/2960 2957/2954/2954 2958/2961/2961
f 2958/2961/2961 2957/2954/2954 2953/2953/2953
f 2959/2955/2955 2957/2954/2954 2955/2959/2959
f 2957/2954/2954 2956/2957/2957 2960/2958/2958
f 2954/2960/2960 2961/2956/2956 2957/2954/2954
s 659
f 2962/2962/2962 2966/2963/2963 2968/2964/2964
f 2966/2963/2963 2970/2965/2965 2965/2966/2966
f 2966/2963/2963 2969/2967/2967 2964/2968/2968
f 2963/2969/2969 2966/2963/2963 2967/2970/2970
f 2967/2970/2970 2966/2963/2963 2962/2962/2962
f 2968/2964/2964 2966/2963/2963 2964/2968/2968
f 2966/2963/2963 2965/2966/2966 2969/2967/2967
f 2963/2969/2969 2970/2965/2965 2966/2963/2963
s 661
f 2971/2971/2971 2975/2972/2972 2977/2973/2973
f 2975/2972/2972 2979/2974/2974 2974/2975/2975
f 2975/2972/2972 2978/2976/2976 2973/2977/2977
f 2972/2978/2978 2975/2972/2972 2976/2979/2979
f 2976/2979/2979 2975/2972/2972 2971/2971/2971
f 2977/2973/2973 2975/2972/2972 2973/2977/2977
f 2975/2972/2972 2974/2975/2975 2978/2976/2976
f 2972/2978/2978 2979/2974/2974 2975/2972/2972
s 663
f 2980/2980/2980 2984/2981/2981 2986/2982/2982
f 2984/2981/2981 2988/2983/2983 2983/2984/2984
f 2984/2981/2981 2987/2985/2985 2982/2986/2986
f 2981/2987/2987 2984/2981/2981 2985/2988/2988
f 2985/2988/2988 2984/2981/2981 2980/2980/2980
f 2986/2982/2982 2984/2981/2981 2982/2986/2986
f 2984/2981/2981 2983/2984/2984 2987/2985/2985
f 2981/2987/2987 2988/2983/2983 2984/2981/2981
s 665
f 2989/2989/2989 2995/2990/2990 2993/2991/2991
f 2993/2991/2991 2992/2992/2992 2997/2993/2993
f 2993/2991/2991 2991/2994/2994 2996/2995/2995
f 2990/2996/2996 2994/2997/2997 2993/2991/2991
f 2994/2997/2997 2989/2989/2989 2993/2991/2991
f 2995/2990/2990 2991/2994/2994 2993/2991/2991
f 2993/2991/2991 2996/2995/2995 2992/2992/2992
f 2990/2996/2996 2993/2991/2991 2997/2993/2993
s 667
f 2998/2998/2998 3004/2999/2999 3002/3000/3000
f 3002/3000/3000 3001/3001/3001 3006/3002/3002
f 3002/3000/3000 3000/3003/3003 3005/3004/3004
f 2999/3005/3005 3003/3006/3006 3002/3000/3000
f 3003/3006/3006 2998/2998/2998 3002/3000/3000
f 3004/2999/2999 3000/3003/3003 3002/3000/3000
f 3002/3000/3000 3005/3004/3004 3001/3001/3001
f 2999/3005/3005 3002/3000/3000 3006/3002/3002
s 669
f 3007/3007/3007 3013/3008/3008 3011/3009/3009
f 3011/3009/3009 3010/3010/3010 3015/3011/3011
f 3011/3009/3009 3009/3012/3012 3014/3013/3013
f 3008/3014/3014 3012/3015/3015 3011/3009/3009
f 3012/3015/3015 3007/3007/3007 3011/3009/3009
f 3013/3008/3008 3009/3012/3012 3011/3009/3009
f 3011/3009/3009 3014/3013/3013 3010/3010/3010
f 3008/3014/3014 3011/3009/3009 3015/3011/3011
s 671
f 3016/3016/3016 3022/3017/3017 3020/3018/3018
f 3020/3018/3018 3019/3019/3019 3024/3020/3020
f 3020/3018/3018 3018/3021/3021 3023/3022/3022
f 3017/3023/3023 3021/3024/3024 3020/3018/3018
f 3021/3024/3024 3016/3016/3016 3020/3018/3018
f 3022/3017/3017 3018/3021/3021 3020/3018/3018
f 3020/3018/3018 3023/3022/3022 3019/3019/3019
f 3017/3023/3023 3020/3018/3018 3024/3020/3020
s 673
f 3025/3025/3025 3029/3026/3026 3031/3027/3027
f 3029/3026/3026 3033/3028/3028 3028/3029/3029
f 3029/3026/3026 3032/3030/3030 3027/3031/3031
f 3026/3032/3032 3029/3026/3026 3030/3033/3033
f 3030/3033/3033 3029/3026/3026 3025/3025/3025
f 3031/3027/3027 3029/3026/3026 3027/3031/3031
f 3029/3026/3026 3028/3029/3029 3032/3030/3030
f 3026/3032/3032 3033/3028/3028 3029/3026/3026
s 675
f 3034/3034/3034 3038/3035/3035 3040/3036/3036
f 3038/3035/3035 3042/3037/3037 3037/3038/3038
f 3038/3035/3035 3041/3039/3039 3036/3040/3040
f 3035/3041/3041 3038/3035/3035 3039/3042/3042
f 3039/3042/3042 3038/3035/3035 3034/3034/3034
f 3040/3036/3036 3038/3035/3035 3036/3040/3040
f 3038/3035/3035 3037/3038/3038 3041/3039/3039
f 3035/3041/3041 3042/3037/3037 3038/3035/3035
s 677
f 3043/3043/3043 3047/3044/3044 3049/3045/3045
f 3047/3044/3044 3051/3046/3046 3046/3047/3047
f 3047/3044/3044 3050/3048/3048 3045/3049/3049
f 3044/3050/3050 3047/3044/3044 3048/3051/3051
f 3048/3051/3051 3047/3044/3044 3043/3043/3043
f 3049/3045/3045 3047/3044/3044 3045/3049/3049
f 3047/3044/3044 3046/3047/3047 3050/3048/3048
f 3044/3050/3050 3051/3046/3046 3047/3044/3044
s 679
f 3052/3052/3052 3058/3053/3053 3056/3054/3054
f 3056/3054/3054 3055/3055/3055 3060/3056/3056
f 3056/3054/3054 3054/3057/3057 3059/3058/3058
f 3053/3059/3059 3057/3060/3060 3056/3054/3054
f 3057/3060/3060 3052/3052/3052 3056/3054/3054
f 3058/3053/3053 3054/3057/3057 3056/3054/3054
f 3056/3054/3054 3059/3058/3058 3055/3055/3055
f 3053/3059/3059 3056/3054/3054 3060/3056/3056
s 681
f 3061/3061/3061 3067/3062/3062 3065/3063/3063
f 3065/3063/3063 3064/3064/3064 3069/3065/3065
f 3065/3063/3063 3063/3066/3066 3068/3067/3067
f 3062/3068/3068 3066/3069/3069 3065/3063/3063
f 3066/3069/3069 3061/3061/3061 3065/3063/3063
f 3067/3062/3062 3063/3066/3066 3065/3063/3063
f 3065/3063/3063 3068/3067/3067 3064/3064/3064
f 3062/3068/3068 3065/3063/3063 3069/3065/3065
s 683
f 3070/3070/3070 3076/3071/3071 3074/3072/3072
f 3074/3072/3072 3073/3073/3073 3078/3074/3074
f 3074/3072/3072 3072/3075/3075 3077/3076/3076
f 3071/3077/3077 3075/3078/3078 3074/3072/3072
f 3075/3078/3078 3070/3070/3070 3074/3072/3072
f 3076/3071/3071 3072/3075/3075 3074/3072/3072
f 3074/3072/3072 3077/3076/3076 3073/3073/3073
f 3071/3077/3077 3074/3072/3072 3078/3074/3074
s 685
f 3079/3079/3079 3085/3080/3080 3083/3081/3081
f 3083/3081/3081 3082/3082/3082 3087/3083/3083
f 3083/3081/3081 3081/3084/3084 3086/3085/3085
f 3080/3086/3086 3084/3087/3087 3083/3081/3081
f 3084/3087/3087 3079/3079/3079 3083/3081/3081
f 3085/3080/3080 3081/3084/3084 3083/3081/3081
f 3083/3081/3081 3086/3085/3085 3082/3082/3082
f 3080/3086/3086 3083/3081/3081 3087/3083/3083
s 687
f 3088/3088/3088 3094/3089/3089 3092/3090/3090
f 3092/3090/3090 3091/3091/3091 3096/3092/3092
f 3092/3090/3090 3090/3093/3093 3095/3094/3094
f 3089/3095/3095 3093/3096/3096 3092/3090/3090
f 3093/3096/3096 3088/3088/3088 3092/3090/3090
f 3094/3089/3089 3090/3093/3093 3092/3090/3090
f 3092/3090/3090 3095/3094/3094 3091/3091/3091
f 3089/3095/3095 3092/3090/3090 3096/3092/3092
s 689
f 3097/3097/3097 3101/3098/3098 3103/3099/3099
f 3101/3098/3098 3105/3100/3100 3100/3101/3101
f 3101/3098/3098 3104/3102/3102 3099/3103/3103
f 3098/3104/3104 3101/3098/3098 3102/3105/3105
f 3102/3105/3105 3101/3098/3098 3097/3097/3097
f 3103/3099/3099 3101/3098/3098 3099/3103/3103
f 3101/3098/3098 3100/3101/3101 3104/3102/3102
f 3098/3104/3104 3105/3100/3100 3101/3098/3098
s 691
f 3106/3106/3106 3112/3107/3107 3110/3108/3108
f 3110/3108/3108 3109/3109/3109 3114/3110/3110
f 3110/3108/3108 3108/3111/3111 3113/3112/3112
f 3107/3113/3113 3111/3114/3114 3110/3108/3108
f 3111/3114/3114 3106/3106/3106 3110/3108/3108
f 3112/3107/3107 3108/3111/3111 3110/3108/3108
f 3110/3108/3108 3113/3112/3112 3109/3109/3109
f 3107/3113/3113 3110/3108/3108 3114/3110/3110
s 693
f 3115/3115/3115 3119/3116/3116 3121/3117/3117
f 3119/3116/3116 3123/3118/3118 3118/3119/3119
f 3119/3116/3116 3122/3120/3120 3117/3121/3121
f 3116/3122/3122 3119/3116/3116 3120/3123/3123
f 3120/3123/3123 3119/3116/3116 3115/3115/3115
f 3121/3117/3117 3119/3116/3116 3117/3121/3121
f 3119/3116/3116 3118/3119/3119 3122/3120/3120
f 3116/3122/3122 3123/3118/3118 3119/3116/3116
s 695
f 3124/3124/3124 3128/3125/3125 3130/3126/3126
f 3128/3125/3125 3132/3127/3127 3127/3128/3128
f 3128/3125/3125 3131/3129/3129 3126/3130/3130
f 3125/3131/3131 3128/3125/3125 3129/3132/3132
f 3129/3132/3132 3128/3125/3125 3124/3124/3124
f 3130/3126/3126 3128/3125/3125 3126/3130/3130
f 3128/3125/3125 3127/3128/3128 3131/3129/3129
f 3125/3131/3131 3132/3127/3127 3128/3125/3125
s 697
f 3133/3133/3133 3139/3134/3134 3137/3135/3135
f 3137/3135/3135 3136/3136/3136 3141/3137/3137
f 3137/3135/3135 3135/3138/3138 3140/3139/3139
f 3134/3140/3140 3138/3141/3141 3137/3135/3135
f 3138/3141/3141 3133/3133/3133 3137/3135/3135
f 3139/3134/3134 3135/3138/3138 3137/3135/3135
f 3137/3135/3135 3140/3139/3139 3136/3136/3136
f 3134/3140/3140 3137/3135/3135 3141/3137/3137
s 699
f 3142/3142/3142 3146/3143/3143 3148/3144/3144
f 3146/3143/3143 3150/3145/3145 3145/3146/3146
f 3146/3143/3143 3149/3147/3147 3144/3148/3148
f 3143/3149/3149 3146/3143/3143 3147/3150/3150
f 3147/3150/3150 3146/3143/3143 3142/3142/3142
f 3148/3144/3144 3146/3143/3143 3144/3148/3148
f 3146/3143/3143 3145/3146/3146 3149/3147/3147
f 3143/3149/3149 3150/3145/3145 3146/3143/3143
s 701
f 3151/3151/3151 3157/3152/3152 3155/3153/3153
f 3155/3153/3153 3154/3154/3154 3159/3155/3155
f 3155/3153/3153 3153/3156/3156 3158/3157/3157
f 3152/3158/3158 3156/3159/3159 3155/3153/3153
f 3156/3159/3159 3151/3151/3151 3155/3153/3153
f 3157/3152/3152 3153/3156/3156 3155/3153/3153
f 3155/3153/3153 3158/3157/3157 3154/3154/3154
f 3152/3158/3158 3155/3153/3153 3159/3155/3155
s 703
f 3160/3160/3160 3164/3161/3161 3166/3162/3162
f 3164/3161/3161 3168/3163/3163 3163/3164/3164
f 3164/3161/3161 3167/3165/3165 3162/3166/3166
f 3161/3167/3167 3164/3161/3161 3165/3168/3168
f 3165/3168/3168 3164/3161/3161 3160/3160/3160
f 3166/3162/3162 3164/3161/3161 3162/3166/3166
f 3164/3161/3161 3163/3164/3164 3167/3165/3165
f 3161/3167/3167 3168/3163/3163 3164/3161/3161
s 705
f 3169/3169/3169 3175/3170/3170 3173/3171/3171
f 3173/3171/3171 3172/3172/3172 3177/3173/3173
f 3173/3171/3171 3171/3174/3174 3176/3175/3175
f 3170/3176/3176 3174/3177/3177 3173/3171/3171
f 3174/3177/3177 3169/3169/3169 3173/3171/3171
f 3175/3170/3170 3171/3174/3174 3173/3171/3171
f 3173/3171/3171 3176/3175/3175 3172/3172/3172
f 3170/3176/3176 3173/3171/3171 3177/3173/3173
s 707
f 3178/3178/3178 3182/3179/3179 3184/3180/3180
f 3182/3179/3179 3186/3181/3181 3181/3182/3182
f 3182/3179/3179 3185/3183/3183 3180/3184/3184
f 3179/3185/3185 3182/3179/3179 3183/3186/3186
f 3183/3186/3186 3182/3179/3179 3178/3178/3178
f 3184/3180/3180 3182/3179/3179 3180/3184/3184
f 3182/3179/3179 3181/3182/3182 3185/3183/3183
f 3179/3185/3185 3186/3181/3181 3182/3179/3179
s 709
f 3187/3187/3187 3191/3188/3188 3193/3189/3189
f 3191/3188/3188 3195/3190/3190 3190/3191/3191
f 3191/3188/3188 3194/3192/3192 3189/3193/3193
f 3188/3194/3194 3191/3188/3188 3192/3195/3195
f 3192/3195/3195 3191/3188/3188 3187/3187/3187
f 3193/3189/3189 3191/3188/3188 3189/3193/3193
f 3191/3188/3188 3190/3191/3191 3194/3192/3192
f 3188/3194/3194 3195/3190/3190 3191/3188/3188
s 711
f 3196/3196/3196 3202/3197/3197 3200/3198/3198
f 3200/3198/3198 3199/3199/3199 3204/3200/3200
f 3200/3198/3198 3198/3201/3201 3203/3202/3202
f 3197/3203/3203 3201/3204/3204 3200/3198/3198
f 3201/3204/3204 3196/3196/3196 3200/3198/3198
f 3202/3197/3197 3198/3201/3201 3200/3198/3198
f 3200/3198/3198 3203/3202/3202 3199/3199/3199
f 3197/3203/3203 3200/3198/3198 3204/3200/3200
s 713
f 3205/3205/3205 3209/3206/3206 3211/3207/3207
f 3209/3206/3206 3213/3208/3208 3208/3209/3209
f 3209/3206/3206 3212/3210/3210 3207/3211/3211
f 3206/3212/3212 3209/3206/3206 3210/3213/3213
f 3210/3213/3213 3209/3206/3206 3205/3205/3205
f 3211/3207/3207 3209/3206/3206 3207/3211/3211
f 3209/3206/3206 3208/3209/3209 3212/3210/3210
f 3206/3212/3212 3213/3208/3208 3209/3206/3206
s 715
f 3214/3214/3214 3220/3215/3215 3218/3216/3216
f 3218/3216/3216 3217/3217/3217 3222/3218/3218
f 3218/3216/3216 3216/3219/3219 3221/3220/3220
f 3215/3221/3221 3219/3222/3222 3218/3216/3216
f 3219/3222/3222 3214/3214/3214 3218/3216/3216
f 3220/3215/3215 3216/3219/3219 3218/3216/3216
f 3218/3216/3216 3221/3220/3220 3217/3217/3217
f 3215/3221/3221 3218/3216/3216 3222/3218/3218
s 717
f 3223/3223/3223 3229/3224/3224 3227/3225/3225
f 3227/3225/3225 3226/3226/3226 3231/3227/3227
f 3227/3225/3225 3225/3228/3228 3230/3229/3229
f 3224/3230/3230 3228/3231/3231 3227/3225/3225
f 3228/3231/3231 3223/3223/3223 3227/3225/3225
f 3229/3224/3224 3225/3228/3228 3227/3225/3225
f 3227/3225/3225 3230/3229/3229 3226/3226/3226
f 3224/3230/3230 3227/3225/3225 3231/3227/3227
s 719
f 3232/3232/3232 3236/3233/3233 3238/3234/3234
f 3236/3233/3233 3240/3235/3235 3235/3236/3236
f 3236/3233/3233 3239/3237/3237 3234/3238/3238
f 3233/3239/3239 3236/3233/3233 3237/3240/3240
f 3237/3240/3240 3236/3233/3233 3232/3232/3232
f 3238/3234/3234 3236/3233/3233 3234/3238/3238
f 3236/3233/3233 3235/3236/3236 3239/3237/3237
f 3233/3239/3239 3240/3235/3235 3236/3233/3233
s 721
f 3241/3241/3241 3245/3242/3242 3247/3243/3243
f 3245/3242/3242 3249/3244/3244 3244/3245/3245
f 3245/3242/3242 3248/3246/3246 3243/3247/3247
f 3242/3248/3248 3245/3242/3242 3246/3249/3249
f 3246/3249/3249 3245/3242/3242 3241/3241/3241
f 3247/3243/3243 3245/3242/3242 3243/3247/3247
f 3245/3242/3242 3244/3245/3245 3248/3246/3246
f 3242/3248/3248 3249/3244/3244 3245/3242/3242
s 723
f 3250/3250/3250 3254/3251/3251 3256/3252/3252
f 3254/3251/3251 3258/3253/3253 3253/3254/3254
f 3254/3251/3251 3257/3255/3255 3252/3256/3256
f 3251/3257/3257 3254/3251/3251 3255/3258/3258
f 3255/3258/3258 3254/3251/3251 3250/3250/3250
f 3256/3252/3252 3254/3251/3251 3252/3256/3256
f 3254/3251/3251 3253/3254/3254 3257/3255/3255
f 3251/3257/3257 3258/3253/3253 3254/3251/3251
s 725
f 3259/3259/3259 3263/3260/3260 3265/3261/3261
f 3263/3260/3260 3267/3262/3262 3262/3263/3263
f 3263/3260/3260 3266/3264/3264 3261/3265/3265
f 3260/3266/3266 3263/3260/3260 3264/3267/3267
f 3264/3267/3267 3263/3260/3260 3259/3259/3259
f 3265/3261/3261 3263/3260/3260 3261/3265/3265
f 3263/3260/3260 3262/3263/3263 3266/3264/3264
f 3260/3266/3266 3267/3262/3262 3263/3260/3260
s 727
f 3268/3268/3268 3272/3269/3269 3274/3270/3270
f 3272/3269/3269 3276/3271/3271 3271/3272/3272
f 3272/3269/3269 3275/3273/3273 3270/3274/3274
f 3269/3275/3275 3272/3269/3269 3273/3276/3276
f 3273/3276/3276 3272/3269/3269 3268/3268/3268
f 3274/3270/3270 3272/3269/3269 3270/3274/3274
f 3272/3269/3269 3271/3272/3272 3275/3273/3273
f 3269/3275/3275 3276/3271/3271 3272/3269/3269
s 729
f 3277/3277/3277 3283/3278/3278 3281/3279/3279
f 3281/3279/3279 3280/3280/3280 3285/3281/3281
f 3281/3279/3279 3279/3282/3282 3284/3283/3283
f 3278/3284/3284 3282/3285/3285 3281/3279/3279
f 3282/3285/3285 3277/3277/3277 3281/3279/3279
f 3283/3278/3278 3279/3282/3282 3281/3279/3279
f 3281/3279/3279 3284/3283/3283 3280/3280/3280
f 3278/3284/3284 3281/3279/3279 3285/3281/3281
s 731
f 3286/3286/3286 3292/3287/3287 3290/3288/3288
f 3290/3288/3288 3289/3289/3289 3294/3290/3290
f 3290/3288/3288 3288/3291/3291 3293/3292/3292
f 3287/3293/3293 3291/3294/3294 3290/3288/3288
f 3291/3294/3294 3286/3286/3286 3290/3288/3288
f 3292/3287/3287 3288/3291/3291 3290/3288/3288
f 3290/3288/3288 3293/3292/3292 3289/3289/3289
f 3287/3293/3293 3290/3288/3288 3294/3290/3290
s 733
f 3295/3295/3295 3301/3296/3296 3299/3297/3297
f 3299/3297/3297 3298/3298/3298 3303/3299/3299
f 3299/3297/3297 3297/3300/3300 3302/3301/3301
f 3296/3302/3302 3300/3303/3303 3299/3297/3297
f 3300/3303/3303 3295/3295/3295 3299/3297/3297
f 3301/3296/3296 3297/3300/3300 3299/3297/3297
f 3299/3297/3297 3302/3301/3301 3298/3298/3298
f 3296/3302/3302 3299/3297/3297 3303/3299/3299
s 735
f 3304/3304/3304 3310/3305/3305 3308/3306/3306
f 3308/3306/3306 3307/3307/3307 3312/3308/3308
f 3308/3306/3306 3306/3309/3309 3311/3310/3310
f 3305/3311/3311 3309/3312/3312 3308/3306/3306
f 3309/3312/3312 3304/3304/3304 3308/3306/3306
f 3310/3305/3305 3306/3309/3309 3308/3306/3306
f 3308/3306/3306 3311/3310/3310 3307/3307/3307
f 3305/3311/3311 3308/3306/3306 3312/3308/3308
s 737
f 3313/3313/3313 3317/3314/3314 3319/3315/3315
f 3317/3314/3314 3321/3316/3316 3316/3317/3317
f 3317/3314/3314 3320/3318/3318 3315/3319/3319
f 3314/3320/3320 3317/3314/3314 3318/3321/3321
f 3318/3321/3321 3317/3314/3314 3313/3313/3313
f 3319/3315/3315 3317/3314/3314 3315/3319/3319
f 3317/3314/3314 3316/3317/3317 3320/3318/3318
f 3314/3320/3320 3321/3316/3316 3317/3314/3314
s 739
f 3322/3322/3322 3326/3323/3323 3328/3324/3324
f 3326/3323/3323 3330/3325/3325 3325/3326/3326
f 3326/3323/3323 3329/3327/3327 3324/3328/3328
f 3323/3329/3329 3326/3323/3323 3327/3330/3330
f 3327/3330/3330 3326/3323/3323 3322/3322/3322
f 3328/3324/3324 3326/3323/3323 3324/3328/3328
f 3326/3323/3323 3325/3326/3326 3329/3327/3327
f 3323/3329/3329 3330/3325/3325 3326/3323/3323
s 741
f 3331/3331/3331 3335/3332/3332 3337/3333/3333
f 3335/3332/3332 3339/3334/3334 3334/3335/3335
f 3335/3332/3332 3338/3336/3336 3333/3337/3337
f 3332/3338/3338 3335/3332/3332 3336/3339/3339
f 3336/3339/3339 3335/3332/3332 3331/3331/3331
f 3337/3333/3333 3335/3332/3332 3333/3337/3337
f 3335/3332/3332 3334/3335/3335 3338/3336/3336
f 3332/3338/3338 3339/3334/3334 3335/3332/3332
s 743
f 3340/3340/3340 3346/3341/3341 3344/3342/3342
f 3344/3342/3342 3343/3343/3343 3348/3344/3344
f 3344/3342/3342 3342/3345/3345 3347/3346/3346
f 3341/3347/3347 3345/3348/3348 3344/3342/3342
f 3345/3348/3348 3340/3340/3340 3344/3342/3342
f 3346/3341/3341 3342/3345/3345 3344/3342/3342
f 3344/3342/3342 3347/3346/3346 3343/3343/3343
f 3341/3347/3347 3344/3342/3342 3348/3344/3344
s 745
f 3349/3349/3349 3355/3350/3350 3353/3351/3351
f 3353/3351/3351 3352/3352/3352 3357/3353/3353
f 3353/3351/3351 3351/3354/3354 3356/3355/3355
f 3350/3356/3356 3354/3357/3357 3353/3351/3351
f 3354/3357/3357 3349/3349/3349 3353/3351/3351
f 3355/3350/3350 3351/3354/3354 3353/3351/3351
f 3353/3351/3351 3356/3355/3355 3352/3352/3352
f 3350/3356/3356 3353/3351/3351 3357/3353/3353
s 747
f 3358/3358/3358 3364/3359/3359 3362/3360/3360
f 3362/3360/3360 3361/3361/3361 3366/3362/3362
f 3362/3360/3360 3360/3363/3363 3365/3364/3364
f 3359/3365/3365 3363/3366/3366 3362/3360/3360
f 3363/3366/3366 3358/3358/3358 3362/3360/3360
f 3364/3359/3359 3360/3363/3363 3362/3360/3360
f 3362/3360/3360 3365/3364/3364 3361/3361/3361
f 3359/3365/3365 3362/3360/3360 3366/3362/3362
s 749
f 3367/3367/3367 3373/3368/3368 3371/3369/3369
f 3371/3369/3369 3370/3370/3370 3375/3371/3371
f 3371/3369/3369 3369/3372/3372 3374/3373/3373
f 3368/3374/3374 3372/3375/3375 3371/3369/3369
f 3372/3375/3375 3367/3367/3367 3371/3369/3369
f 3373/3368/3368 3369/3372/3372 3371/3369/3369
f 3371/3369/3369 3374/3373/3373 3370/3370/3370
f 3368/3374/3374 3371/3369/3369 3375/3371/3371
s 751
f 3376/3376/3376 3382/3377/3377 3380/3378/3378
f 3380/3378/3378 3379/3379/3379 3384/3380/3380
f 3380/3378/3378 3378/3381/3381 3383/3382/3382
f 3377/3383/3383 3381/3384/3384 3380/3378/3378
f 3381/3384/3384 3376/3376/3376 3380/3378/3378
f 3382/3377/3377 3378/3381/3381 3380/3378/3378
f 3380/3378/3378 3383/3382/3382 3379/3379/3379
f 3377/3383/3383 3380/3378/3378 3384/3380/3380
s 753
f 3385/3385/3385 3389/3386/3386 3391/3387/3387
f 3389/3386/3386 3393/3388/3388 3388/3389/3389
f 3389/3386/3386 3392/3390/3390 3387/3391/3391
f 3386/3392/3392 3389/3386/3386 3390/3393/3393
f 3390/3393/3393 3389/3386/3386 3385/3385/3385
f 3391/3387/3387 3389/3386/3386 3387/3391/3391
f 3389/3386/3386 3388/3389/3389 3392/3390/3390
f 3386/3392/3392 3393/3388/3388 3389/3386/3386
s 755
f 3394/3394/3394 3400/3395/3395 3398/3396/3396
f 3398/3396/3396 3397/3397/3397 3402/3398/3398
f 3398/3396/3396 3396/3399/3399 3401/3400/3400
f 3395/3401/3401 3399/3402/3402 3398/3396/3396
f 3399/3402/3402 3394/3394/3394 3398/3396/3396
f 3400/3395/3395 3396/3399/3399 3398/3396/3396
f 3398/3396/3396 3401/3400/3400 3397/3397/3397
f 3395/3401/3401 3398/3396/3396 3402/3398/3398
s 757
f 3403/3403/3403 3407/3404/3404 3409/3405/3405
f 3407/3404/3404 3411/3406/3406 3406/3407/3407
f 3407/3404/3404 3410/3408/3408 3405/3409/3409
f 3404/3410/3410 3407/3404/3404 3408/3411/3411
f 3408/3411/3411 3407/3404/3404 3403/3403/3403
f 3409/3405/3405 3407/3404/3404 3405/3409/3409
f 3407/3404/3404 3406/3407/3407 3410/3408/3408
f 3404/3410/3410 3411/3406/3406 3407/3404/3404
s 759
f 3412/3412/3412 3416/3413/3413 3418/3414/3414
f 3416/3413/3413 3420/3415/3415 3415/3416/3416
f 3416/3413/3413 3419/3417/3417 3414/3418/3418
f 3413/3419/3419 3416/3413/3413 3417/3420/3420
f 3417/3420/3420 3416/3413/3413 3412/3412/3412
f 3418/3414/3414 3416/3413/3413 3414/3418/3418
f 3416/3413/3413 3415/3416/3416 3419/3417/3417
f 3413/3419/3419 3420/3415/3415 3416/3413/3413
s 761
f 3421/3421/3421 3427/3422/3422 3425/3423/3423
f 3425/3423/3423 3424/3424/3424 3429/3425/3425
f 3425/3423/3423 3423/3426/3426 3428/3427/3427
f 3422/3428/3428 3426/3429/3429 3425/3423/3423
f 3426/3429/3429 3421/3421/3421 3425/3423/3423
f 3427/3422/3422 3423/3426/3426 3425/3423/3423
f 3425/3423/3423 3428/3427/3427 3424/3424/3424
f 3422/3428/3428 3425/3423/3423 3429/3425/3425
s 763
f 3430/3430/3430 3434/3431/3431 3436/3432/3432
f 3434/3431/3431 3438/3433/3433 3433/3434/3434
f 3434/3431/3431 3437/3435/3435 3432/3436/3436
f 3431/3437/3437 3434/3431/3431 3435/3438/3438
f 3435/3438/3438 3434/3431/3431 3430/3430/3430
f 3436/3432/3432 3434/3431/3431 3432/3436/3436
f 3434/3431/3431 3433/3434/3434 3437/3435/3435
f 3431/3437/3437 3438/3433/3433 3434/3431/3431
s 765
f 3439/3439/3439 3445/3440/3440 3443/3441/3441
f 3443/3441/3441 3442/3442/3442 3447/3443/3443
f 3443/3441/3441 3441/3444/3444 3446/3445/3445
f 3440/3446/3446 3444/3447/3447 3443/3441/3441
f 3444/3447/3447 3439/3439/3439 3443/3441/3441
f 3445/3440/3440 3441/3444/3444 3443/3441/3441
f 3443/3441/3441 3446/3445/3445 3442/3442/3442
f 3440/3446/3446 3443/3441/3441 3447/3443/3443
s 767
f 3448/3448/3448 3452/3449/3449 3454/3450/3450
f 3452/3449/3449 3456/3451/3451 3451/3452/3452
f 3452/3449/3449 3455/3453/3453 3450/3454/3454
f 3449/3455/3455 3452/3449/3449 3453/3456/3456
f 3453/3456/3456 3452/3449/3449 3448/3448/3448
f 3454/3450/3450 3452/3449/3449 3450/3454/3454
f 3452/3449/3449 3451/3452/3452 3455/3453/3453
f 3449/3455/3455 3456/3451/3451 3452/3449/3449
