# This file uses centimeters as units for non-parametric coordinates.

g default
v 1.054942 1.588737 -0.506722
v 1.080220 1.564635 -0.468765
v 1.101092 1.562305 -0.432191
v 1.113008 1.577173 -0.399232
v 1.181898 1.591547 -0.471846
v 0.047314 -1.697569 3.463024
v 0.195280 -1.619570 3.428962
v 0.065632 -1.602899 3.472718
v 0.614516 1.798281 6.287489
v 0.577061 1.760568 6.309744
v 0.469652 1.623529 6.096358
v 0.541559 1.655012 6.056366
v 0.588944 1.716313 6.029223
v 0.331357 1.542293 6.028555
v 0.431522 1.560290 5.964296
v 0.523571 1.589642 5.912366
v 0.592036 1.664613 5.878699
v 1.853078 -1.464698 3.376786
v 1.778318 -1.578669 3.387204
v 1.585561 -1.621782 3.458628
v 1.682107 -1.697480 3.353760
v 1.469276 -1.736719 3.393165
v 1.583975 -1.805192 3.284969
v 1.699006 -1.861408 3.202465
v 1.361033 -1.829768 3.295156
v 1.495066 -1.885481 3.189168
v 1.622177 -1.932634 3.116427
v 1.420736 -1.922289 3.067832
v 1.557443 -1.962307 3.005899
v 1.694981 -2.000911 2.958570
v -2.957096 -3.030479 4.163936
v -2.935692 -3.034375 4.111299
v -2.918606 -3.022688 4.121610
v -2.920988 -3.011977 4.057521
v -2.897368 -3.024248 4.067540
v -2.876678 -3.012670 4.081479
v -2.897617 -2.973580 4.016240
v -2.877357 -2.996262 4.016020
v 4.141531 -5.127083 2.424936
v 4.067692 -4.974564 2.427700
v 4.081542 -4.968141 2.466804
v 3.991739 -4.819316 2.431428
v 4.005220 -4.812939 2.471446
v 3.910723 -4.661940 2.439925
v 3.930516 -4.652165 2.475837
v 3.838564 -4.497485 2.437252
v 3.853170 -4.489431 2.480678
v 3.759848 -4.329950 2.437417
v 3.772094 -4.322845 2.483533
v 3.776548 -4.317671 2.535571
v 3.681243 -4.160974 2.437866
v 3.695364 -4.152721 2.483875
v 3.700005 -4.146482 2.539931
v 3.593096 -4.002842 2.431021
v 3.627703 -3.980171 2.478652
v 3.629805 -3.973670 2.541840
v 3.586450 -3.897947 2.473926
v 3.598782 -3.889462 2.542195
v 3.561244 -3.815211 2.473476
v 3.570475 -3.807283 2.543534
v 3.560546 -3.807240 2.610687
v 3.506843 -3.633778 2.615024
v 4.161644 -5.117103 2.460542
v 3.849666 -4.488407 2.529361
v 3.929238 -4.650795 2.522230
v 4.008636 -4.809368 2.515185
v 4.088826 -4.963137 2.508496
v 4.163930 -5.115309 2.502059
v 3.589459 -3.889294 2.606873
v 3.619804 -3.973277 2.602485
v 3.686754 -4.147225 2.595886
v 3.764355 -4.319002 2.587018
v 3.845307 -4.486751 2.579388
v 3.500876 -2.946684 3.747731
v 3.590003 -3.052392 3.799419
v 4.512074 -5.948130 2.462401
v 4.535220 -5.946805 2.482496
v 4.511857 -5.958591 2.504763
v 4.481601 -5.953395 2.522932
v -2.491599 -1.576990 2.150692
v -2.521065 -1.809882 2.317492
v -2.500044 -2.041761 2.423940
v -2.427458 -2.241158 2.474782
v -2.298989 -2.396091 2.447964
v -2.613169 -1.911964 2.198240
v -2.583015 -2.128687 2.315702
v -2.506801 -2.320345 2.367085
v -2.382691 -2.463947 2.328464
v -2.244190 -2.584469 2.184170
v -2.681189 -2.222644 2.204846
v -2.600161 -2.400806 2.244941
v -2.485889 -2.532458 2.204123
v -2.356101 -2.628360 2.079068
v -2.711587 -2.482163 2.127494
v -2.598531 -2.601020 2.079303
v -2.475122 -2.679156 1.967763
v -2.717796 -2.668154 1.960983
v -2.597347 -2.734247 1.856300
v -2.398536 -2.718365 1.490031
v -2.537777 -2.780115 1.427657
v -2.509371 -2.679322 1.224668
v -2.687199 -2.853961 1.356286
v -2.669487 -2.755497 1.171965
v -2.833074 -2.834387 1.104782
v -2.867968 -2.703625 0.948969
v -3.036865 -2.782159 0.882823
v -3.249362 -2.727841 0.715682
v -3.457576 -2.692872 0.620369
v -3.168694 -2.189673 0.916807
v -3.331214 -2.313970 0.847291
v -3.407883 -2.504504 0.702810
v -3.483825 -2.426385 0.776091
v -3.541212 -2.599237 0.642520
v -3.620613 -2.527740 0.706723
v -3.657166 -2.685275 0.582602
v -3.738612 -2.619527 0.641279
v -3.756224 -2.764647 0.525383
v -3.839505 -2.702370 0.580640
v -3.844115 -2.837495 0.469411
v -3.927018 -2.780650 0.525237
v -3.922839 -2.910084 0.417933
v -4.004543 -2.855222 0.470517
v -3.996088 -2.985497 0.365527
v -4.075951 -2.932982 0.415186
v -4.152264 -2.906162 0.489085
v -4.146916 -3.017637 0.358311
v -4.222176 -2.992565 0.426684
v -4.220066 -3.111340 0.299141
v -4.292916 -3.089259 0.363938
v -4.297008 -3.217287 0.236362
v -4.369038 -3.195924 0.297178
v -4.379218 -3.341381 0.172381
v -4.448062 -3.321612 0.230369
v -4.464437 -3.484126 0.108532
v -4.533622 -3.463068 0.162664
v -4.546726 -3.641073 0.049140
v -4.613836 -3.620965 0.102723
v -4.616246 -3.802333 0.002395
v -4.684126 -3.783331 0.052009
v -4.732145 -3.943254 0.016601
v -4.765057 -4.095961 -0.009994
v -4.784952 -4.240973 -0.027888
v -4.804237 -4.373842 -0.045098
v -4.847944 -4.368159 0.011697
v -4.822816 -4.496380 -0.065317
v -4.865417 -4.491977 -0.006416
v -4.840143 -4.614451 -0.083768
v -4.881907 -4.611251 -0.026549
v -4.856215 -4.729119 -0.103836
v -4.903238 -4.724865 -0.053081
v -4.921308 -4.838333 -0.077823
v -4.940588 -4.950296 -0.106057
v -4.965936 -5.057934 -0.139730
v -4.991199 -5.164222 -0.174617
v -5.011079 -5.270307 -0.205538
v -5.039662 -5.370822 -0.242222
v -5.067291 -5.470648 -0.278515
v -5.146952 -5.671805 -0.305983
v -5.170987 -5.771514 -0.340289
v -5.194100 -5.867900 -0.379715
v -5.222943 -5.959956 -0.418815
v -5.242956 -6.053526 -0.458756
v -5.261396 -6.144952 -0.495919
v -5.395030 -6.656917 -0.679158
v -5.420382 -6.738045 -0.713289
v 2.938352 -3.383702 1.712121
v 2.997952 -3.368378 1.683994
v 3.052246 -3.334724 1.683959
v 2.372592 -2.456347 1.063966
v 2.351777 -2.411542 1.006472
v 3.403111 -3.952217 0.410365
v 3.401407 -3.960876 0.416373
v 3.392560 -3.969831 0.418629
v 3.387811 -3.930000 0.436088
v 3.386724 -3.940677 0.443918
v 3.373097 -3.950122 0.442688
v 3.124864 -3.707940 0.697307
v -0.595075 -4.311308 5.500618
v -0.547637 -4.301167 5.515609
v -0.499254 -4.296515 5.517596
v -0.872729 -0.890981 0.865454
v -0.697189 -0.930333 0.870341
v -0.931167 -0.634896 0.874238
v -0.797932 -0.717135 0.849573
v -0.651422 -0.768313 0.863886
v -1.366591 -2.004131 3.492512
v -1.257033 -2.145253 3.593299
v 1.126530 -1.257236 2.051488
v -0.078230 -0.717112 1.079269
v 0.139010 -0.610871 1.207045
v -0.442497 -0.666951 0.893783
v -0.289368 -0.665724 0.979299
v -0.122350 -0.628813 1.074348
v 0.027296 -0.551248 1.176502
v 2.141655 -4.571317 1.804863
v 0.634376 -1.309981 3.975516
v -0.186147 0.051400 1.928509
v -0.353022 0.028244 1.961526
v -0.522816 -0.026545 2.000234
v -0.695647 -0.127736 2.054179
v 0.690765 -1.493657 4.485333
v 0.717239 -1.526572 4.500426
v 0.661360 -1.501511 4.501573
v 0.694532 -1.532629 4.513321
v 0.594573 -1.486992 4.474434
v -0.211564 -2.709301 3.712663
v -0.250033 -2.752155 3.741998
v 2.731018 -2.132694 2.981607
v 2.672122 -2.094620 3.042572
v 2.619497 -2.084449 3.096320
v 2.609591 -2.178307 3.210526
v 2.589746 -2.221112 3.192700
v 1.399525 1.720305 -0.592798
v 1.345920 1.867388 -0.677593
v 1.381909 1.816190 -0.692159
v 1.394474 1.915304 -0.711118
v 1.042386 -2.745110 2.924403
v 3.434599 -4.018563 2.388259
v 3.458673 -4.028515 2.362976
v 3.492247 -4.010713 2.352813
v 3.518918 -3.979685 2.364876
v 3.460903 -3.991134 2.296851
v 3.481850 -3.945615 2.315577
v 3.132451 -2.967910 4.195254
v 3.084385 -2.984328 4.177669
v 3.101436 -3.122649 4.229438
v 3.057808 -3.010866 4.141335
v 3.077354 -3.134911 4.193799
v 3.080623 -3.033527 4.099860
v -0.439259 -2.268656 3.735584
v -0.431689 -2.117996 3.762033
v -0.446018 -2.032395 3.807019
v -0.387115 -1.980619 3.794156
v -2.400354 -2.509569 3.604277
v -2.359050 -2.535115 3.604455
v 0.809299 1.943655 4.926841
v 1.025863 0.947979 4.312297
v 0.977277 1.100533 4.157024
v 0.869059 1.223832 4.016988
v 1.042230 0.741800 4.090392
v 0.993041 0.895113 3.935405
v 0.887895 1.019226 3.799401
v 0.746213 1.117422 3.685193
v 1.050688 0.543062 3.868065
v 1.001074 0.690449 3.709728
v 0.900873 0.812915 3.576474
v 0.758873 0.912721 3.463747
v 1.059341 0.339527 3.624723
v 1.007033 0.482553 3.471578
v 0.908456 0.602341 3.344349
v 0.768543 0.706325 3.233465
v 0.596157 0.789825 3.143722
v 1.025594 0.381749 4.057949
v 1.022944 0.579024 4.251826
v 1.012953 0.786082 4.462041
v 0.850246 1.677287 5.275978
v 0.784283 1.936475 5.451468
v 0.858623 1.822897 5.096936
v 0.797916 2.064901 5.252633
v -1.339725 -2.441975 3.624779
v -1.712174 -2.759727 3.390594
v -1.508062 -2.723408 3.549306
v -2.019647 -2.862987 2.974959
v -1.900309 -2.912743 3.188822
v -1.734056 -2.934353 3.402589
v -2.042952 -2.806566 2.327454
v -2.132607 -2.895919 2.479959
v -2.155493 -2.982189 2.701239
v -2.082615 -3.051185 2.947951
v -1.944782 -3.099099 3.188145
v -2.283012 -3.328008 2.116036
v -2.320801 -3.462599 2.537540
v -1.865332 -2.389892 2.597925
v -1.881406 -2.490443 2.610505
v -1.944920 -2.521546 1.157356
v -1.947575 -2.429409 1.213659
v 0.424602 -1.918954 3.558185
v 3.171501 -3.262342 4.280804
v 3.145559 -3.400469 4.291540
v 3.111075 -3.528251 4.289593
v 3.078977 -3.647067 4.286026
v 3.045522 -3.757946 4.275351
v 3.015275 -3.860232 4.268764
v 2.985497 -3.953190 4.258589
v 2.958341 -4.037064 4.249762
v 2.948631 -4.071531 4.242005
v 3.107911 -3.392228 4.294216
v 3.076831 -3.519765 4.302139
v 3.047190 -3.639059 4.296719
v 3.018917 -3.751657 4.284175
v 2.992810 -3.853480 4.274843
v 2.966300 -3.948786 4.264329
v 2.945077 -4.033008 4.247454
v 3.045323 -3.512012 4.284119
v 3.022905 -3.633057 4.278783
v 2.999696 -3.744946 4.268884
v 2.973712 -3.847229 4.261755
v 2.950864 -3.943347 4.251738
v 3.026946 -3.631852 4.246820
v 3.000139 -3.742980 4.240422
v 2.975260 -3.846176 4.236432
v 3.017278 -3.746828 4.219316
v -2.566556 -2.498049 3.915286
v -2.585051 -2.490396 3.937091
v 1.716864 -1.025644 3.445352
v 1.762920 -1.094298 3.391618
v 1.819178 -1.189421 3.318373
v 1.712319 -1.135429 3.540737
v 1.756445 -1.191517 3.483892
v 1.677425 -1.274483 3.616165
v 2.627027 -2.442314 1.200351
v 3.305837 -3.643957 2.120221
v 3.277544 -3.628434 2.158140
v 2.422709 -2.565032 1.233022
v 2.365190 -2.497673 1.195568
v 3.746426 -3.619130 4.171528
v 3.758247 -3.596151 4.186797
v 0.248723 2.734082 7.540650
v 0.284004 2.684764 7.462117
v -5.364635 -7.048480 -0.921324
v -5.400949 -7.062119 -0.905403
v -5.397441 -7.047338 -0.931343
v -1.620283 -1.748906 3.444366
v -1.496501 -1.612006 3.456737
v 1.718210 -0.934191 3.663504
v 1.692297 -0.950294 3.782980
v 1.692376 -1.056237 3.755859
v 1.675745 -1.150410 3.718889
v 1.634691 -1.046736 3.865709
v 1.622661 -1.167376 3.850485
v 1.596482 -1.288466 3.816093
v 0.932237 -0.148418 4.311267
v 0.975375 -0.096147 4.112931
v 0.931019 -0.571359 4.501620
v 1.001108 -0.474350 4.465150
v 1.050757 -0.387258 4.384300
v 1.080571 -0.310872 4.256735
v 0.891041 -1.015073 4.271307
v 1.032259 -0.914286 4.301456
v 1.124561 -0.813945 4.298493
v 1.186327 -0.717908 4.269472
v 1.227172 -0.617553 4.212674
v 1.247055 -0.511832 4.121257
v 1.309439 -1.068534 4.073454
v 1.363862 -0.953400 4.059976
v 1.399609 -0.830023 4.026264
v 1.522028 -1.054645 3.944404
v 1.546416 -0.920304 3.926823
v 1.082124 -1.269329 4.048413
v 1.223768 -1.178707 4.068074
v 1.482555 -1.187670 3.939930
v -2.145858 -5.114532 0.447061
v -2.328972 -5.090067 0.634285
v -2.006956 -4.813521 0.432425
v -1.465470 -3.899674 0.186645
v -1.918780 -5.183344 0.325073
v 0.540965 3.445950 6.829499
v 0.521576 3.458903 6.849957
v 1.830002 3.032562 -0.813875
v 1.842211 3.091688 -0.831346
v 1.879151 3.151872 -0.835037
v 1.852190 3.148767 -0.853378
v 1.881009 3.207517 -0.856655
v 1.860005 3.204689 -0.872364
v 1.891078 3.260655 -0.879042
v 1.868891 3.256345 -0.894918
v 1.911536 3.304657 -0.911311
v 1.895672 3.309798 -0.902239
v 1.916395 3.353124 -0.931228
v 1.919938 3.398258 -0.951265
v 1.927829 3.432241 -0.984705
v 0.502478 3.452832 6.880179
v -0.355744 -1.875120 3.727758
v 0.591225 2.142749 7.085835
v 0.240122 2.816147 7.651899
v 0.244579 2.835311 7.641903
v -0.298042 -2.246006 0.531960
v -0.057405 -2.243531 0.597310
v 0.175390 -2.231981 0.688900
v -0.063893 -1.987752 0.670618
v 1.059805 1.914267 -0.603882
v 1.044809 1.968062 -0.513594
v 1.070290 2.006116 -0.655850
v 1.083460 2.094516 -0.707916
v 1.098253 2.184952 -0.756832
v 1.112056 2.270280 -0.809352
v 0.415037 -2.585839 3.319717
v 0.640089 -2.847135 3.305425
v 0.592345 -2.660311 3.213695
v 0.607861 -2.496264 3.171802
v 0.726432 -1.580657 4.504969
v 0.628558 -1.540298 4.466642
v 0.667628 -1.564954 4.485071
v 0.677793 -1.561891 4.461771
v 0.685807 -1.882784 1.137137
v 0.759517 -1.746215 1.252542
v 0.746739 -1.702444 1.208570
v 0.796603 -1.585008 1.295871
v -0.191953 -3.382228 5.300790
v -0.481302 -2.731765 4.946562
v -0.508605 -2.620840 4.718016
v -0.477201 -2.589949 4.775768
v 0.093258 -3.187972 5.103642
v 0.090429 -3.264581 5.102053
v 0.080280 -3.261449 5.159665
v 0.035321 -3.637869 5.079176
v 0.047918 -3.631303 5.117939
v 0.096897 -3.018681 5.099727
v 0.083452 -3.011855 5.149249
v -1.915253 -0.767453 2.193696
v -1.883567 -0.748098 2.587417
v -0.393832 -2.265504 4.735121
v 3.211478 -2.705403 3.722295
v -1.195658 -0.419396 1.831023
v -1.242163 -0.499402 1.845597
v -1.376834 -0.581648 1.870826
v 2.863753 -2.875708 1.001887
v -1.493754 -0.618238 1.846476
v -1.617741 -0.686064 1.789655
v -1.743798 -0.760184 1.688596
v -1.532300 -0.561588 1.694071
v -1.615999 -0.608552 1.590690
v -1.670661 -0.677310 1.460531
v -3.555617 -3.057065 4.028596
v -3.349327 -3.127709 3.826453
v -3.144503 -3.151927 3.567019
v -3.116115 -3.048463 3.679181
v -2.877044 -3.035334 3.428687
v -4.711788 -3.503228 5.204778
v -4.689841 -3.475829 5.233269
v -4.682193 -3.441649 5.254540
v -4.713379 -3.401887 5.249045
v -4.751768 -3.369374 5.234459
v -4.331584 -3.347321 4.686907
v -4.289717 -3.303927 4.730290
v -4.279957 -3.246210 4.756207
v -4.306728 -3.182007 4.756993
v -4.007750 -3.282485 4.314876
v -3.961935 -3.222318 4.370080
v -3.948555 -3.140087 4.401042
v -3.616062 -3.255370 3.920814
v -3.560707 -3.167359 3.997749
v -3.392379 -3.227302 3.733960
v 0.501578 -0.664861 4.554358
v 0.631486 -0.514592 4.606958
v 0.728994 -0.395525 4.603362
v 0.807661 -0.297263 4.551791
v 0.873654 -0.216622 4.454750
v 0.702285 -0.818455 4.438206
v 0.834409 -0.682646 4.492544
v -0.212850 -1.508642 3.583830
v 0.708969 -1.105646 4.211091
v -0.326457 -2.337799 4.780139
v -0.214233 -2.428076 4.864212
v 0.045030 -3.008092 5.178231
v -0.454437 -4.303053 5.482718
v -0.420000 -4.313606 5.437864
v -0.045893 0.159252 1.545534
v 0.169771 0.135541 1.442258
v 0.099260 0.245666 1.452375
v 0.333385 0.110947 1.291848
v 0.291418 0.217363 1.325799
v 0.228701 0.319463 1.322224
v 0.147477 0.403935 1.278383
v 0.453789 0.103997 1.106509
v 0.434463 0.201775 1.160637
v 0.398347 0.299613 1.185895
v 0.335647 0.390366 1.175671
v 0.250716 0.462257 1.133460
v 0.545244 0.204426 0.973989
v 0.528667 0.294755 1.019633
v 0.488937 0.384079 1.039154
v 0.424716 0.462294 1.029442
v 0.334570 0.526488 0.992894
v 0.226265 0.569421 0.933153
v 0.621161 0.228710 0.779654
v 0.627653 0.305986 0.839331
v 0.609134 0.388104 0.878355
v 0.564096 0.468877 0.895054
v 0.492492 0.537604 0.886046
v 0.398500 0.595172 0.857097
v 0.289496 0.638873 0.810393
v 0.670015 0.272823 0.591247
v 0.694786 0.335832 0.656359
v 0.697013 0.407945 0.708260
v 0.676433 0.481806 0.743074
v 0.621799 0.553718 0.756589
v 0.546160 0.617432 0.752175
v 0.450692 0.672898 0.731433
v 0.342624 0.712321 0.692248
v 0.236296 0.726038 0.632497
v 0.686082 0.344941 0.415914
v 0.734985 0.387924 0.479167
v 0.752492 0.446119 0.536039
v 0.745849 0.510844 0.580114
v 0.726451 0.577150 0.614048
v 0.665550 0.641004 0.626651
v 0.589027 0.700651 0.627029
v 0.493882 0.753984 0.613010
v 0.389241 0.789312 0.578854
v 0.288776 0.803557 0.526574
v 0.743521 0.463997 0.315608
v 0.783012 0.504737 0.370758
v 0.799267 0.557090 0.420947
v -3.474845 -3.778544 -1.964295
v -3.502612 -3.760796 -1.903915
v -3.527911 -3.721397 -1.857396
v -5.535611 -4.310111 -2.991477
v -5.557718 -4.277327 -3.012818
v -5.533620 -4.299751 -3.017932
v -1.885954 -3.269508 -0.891079
v -1.729765 -3.413499 -0.205320
v -2.501676 -3.379355 -0.889613
v -2.370647 -3.276149 -0.616135
v -2.405641 -3.458295 -0.910792
v -2.260505 -3.361275 -0.647292
v -1.955939 -3.340021 -0.087249
v -2.306620 -3.494386 -0.959885
v -2.149511 -3.410330 -0.698986
v -1.845428 -3.414831 -0.149478
v -2.209965 -3.483758 -1.028120
v -2.044386 -3.409722 -0.764608
v -2.124907 -3.435732 -1.103766
v -1.955213 -3.356809 -0.831049
v 0.479248 -1.848258 3.557103
v -0.050985 -4.084826 5.246166
v -0.078661 -4.164469 5.286498
v -0.044815 -4.077591 5.267106
v -0.068603 -4.161201 5.300240
v -0.100858 -4.212207 5.345901
v -0.104155 -4.234884 5.339844
v -2.538762 -2.742247 3.421501
v -2.400195 -2.675195 3.521470
v -0.690432 -1.973346 4.366175
v -0.678283 -2.145959 4.542009
v -0.677584 -2.238214 4.627354
v -0.683903 -2.329057 4.707540
v -0.700993 -2.509065 4.855522
v -0.712749 -2.703658 4.985070
v -0.706397 -2.915183 5.084849
v -0.692336 -3.129387 5.163276
v -0.742203 -2.540748 4.804342
v -0.749444 -2.734160 4.927900
v -0.745803 -2.940060 5.027920
v -0.734169 -3.149760 5.110443
v 0.510938 2.188890 7.144020
v 0.529110 2.120052 7.096217
v -2.836518 -2.982111 3.970386
v -2.806263 -2.998895 3.980977
v 2.486545 -2.555416 1.179266
v 2.566603 -2.515359 1.168145
v 1.559673 -2.645061 -0.351333
v 1.528937 -2.642409 -0.351143
v 1.488377 -2.719021 -0.431823
v 3.258211 -3.511918 2.524578
v 3.349033 -3.702497 2.469343
v 3.427044 -3.849594 2.422168
v 3.390908 -3.850202 2.369535
v 3.370078 -3.857254 2.382735
v 3.346438 -3.874647 2.383955
v 3.336155 -3.906393 2.363055
v 3.341819 -3.934573 2.330631
v 3.357046 -3.957200 2.296380
v 3.387521 -3.962956 2.267068
v 3.424846 -3.950622 2.250126
v 3.449167 -3.918013 2.263073
v 3.243952 -3.627900 2.184515
v 3.212016 -3.634696 2.202847
v 3.179555 -3.660409 2.202064
v 3.164007 -3.696050 2.177140
v 0.869442 2.259303 -0.713862
v 0.868219 2.233478 -0.757387
v 0.959672 2.365451 -0.700371
v 0.918073 2.359437 -0.725830
v 0.893957 2.341080 -0.765553
v 0.895528 2.314840 -0.806999
v 1.030401 2.442815 -0.738707
v 0.979168 2.447426 -0.748156
v 0.938123 2.439389 -0.776249
v 0.917769 2.418884 -0.816825
v 0.915279 2.394701 -0.857337
v 1.097274 2.501457 -0.807623
v 1.050831 2.521567 -0.788971
v 1.000091 2.523996 -0.799692
v 0.960577 2.516280 -0.825488
v 0.938114 2.497239 -0.863824
v 1.066132 2.597491 -0.839254
v 1.016450 2.601363 -0.847351
v 0.981498 2.591074 -0.874672
v 0.956731 2.574837 -0.909222
v 1.076631 2.675268 -0.886686
v 1.033070 2.675979 -0.896192
v 0.998787 2.666085 -0.921980
v 0.974105 2.651240 -0.953759
v 1.046521 2.751278 -0.941945
v 1.013837 2.740479 -0.967840
v 0.993113 2.723505 -1.002267
v 1.062245 2.821246 -0.990507
v 1.027192 2.814193 -1.012516
v 1.014442 2.794039 -1.048373
v 1.045261 2.881581 -1.060979
v 1.063615 2.948692 -1.106098
v 1.152185 3.769426 -1.667396
v 1.278346 -0.774358 3.043141
v 1.413711 -0.800777 3.048182
v 1.440429 -0.648675 3.158003
v 1.578547 -0.705096 3.183067
v 1.691316 -0.711829 3.361094
v 1.723990 -0.836237 3.570675
v 0.698200 1.385791 5.541648
v 0.789434 1.524889 5.433547
v 0.197910 0.181265 5.076595
v 0.389871 0.261843 5.015920
v 0.560863 0.344808 4.932821
v 0.712418 0.430234 4.832156
v 0.841879 0.525418 4.718862
v 0.945255 0.641470 4.596733
v 0.555304 0.174988 4.768892
v 0.700108 0.254504 4.665394
v 0.829519 0.336299 4.542086
v 0.941775 0.439610 4.404982
v 0.817197 0.173790 4.416664
v 0.928289 0.259221 4.253923
v 1.212369 -0.426121 3.341284
v 1.334250 -0.469884 3.324855
v 1.371244 -0.394563 3.531168
v 1.524911 -0.468498 3.484242
v 1.651892 -0.569184 3.461532
v 1.709591 -0.686897 3.471290
v 1.558392 -0.511359 3.658285
v 1.672753 -0.614325 3.611671
v 1.721508 -0.732978 3.587735
v 1.575354 -0.631240 3.790681
v 1.680833 -0.720615 3.732979
v 1.661121 -0.849685 3.817463
v 0.462846 -2.002701 3.580255
v 0.447081 -1.963760 3.569768
v 0.471065 -1.994254 3.599104
v 0.738899 2.321825 5.387259
v 0.716942 2.221848 5.603208
v 0.683824 2.583072 5.497733
v 0.657746 2.507236 5.715724
v 0.441454 4.099759 6.149762
v 0.367280 4.310696 6.161295
v 0.281630 4.473598 6.156800
v 0.180837 4.707266 6.132382
v 0.012023 4.673040 6.391981
v -0.108645 4.655469 6.501056
v -0.248465 4.636170 6.586252
v -0.401476 4.620313 6.650207
v -0.559882 4.607167 6.690892
v -0.717784 4.592127 6.702957
v -0.870290 4.577450 6.686620
v -0.840185 4.274479 6.731574
v -1.014471 4.567900 6.650991
v -0.994479 4.271218 6.680356
v -1.136998 4.273277 6.616612
v -1.173877 4.099237 6.658309
v -0.630023 -3.114974 5.194455
v -0.569629 -2.894052 5.130216
v -0.506855 -2.697992 5.008605
v -0.571292 -2.677403 5.042947
v -0.464377 -2.552332 4.838447
v -0.493856 -2.513603 4.886302
v -1.082905 -1.703655 3.359479
v -1.174199 -1.716130 3.375259
v -0.323558 1.408072 6.208398
v -0.581866 1.388237 6.213099
v -0.815962 1.392423 6.184434
v -1.023300 1.415022 6.130480
v -0.529241 -5.115623 -0.298595
v -0.245575 -5.118115 -0.344486
v 0.057597 -5.107727 -0.355934
v -1.529498 -4.251315 0.107273
v -0.924731 -1.353955 3.814767
v 0.196627 4.721810 5.982842
v 0.176921 4.734153 5.828671
v 0.132672 4.745878 5.678649
v 0.063236 4.756905 5.538204
v -0.028907 4.752625 5.414744
v 0.314784 4.502554 5.986006
v 0.296538 4.525873 5.814928
v 0.253015 4.553475 5.649880
v 0.179132 4.577528 5.494967
v 0.402790 4.345455 5.977365
v 0.389118 4.376522 5.791396
v 0.339878 4.408658 5.611848
v 0.253702 4.435488 5.444021
v 0.479172 4.140650 5.954257
v 0.465748 4.180305 5.758111
v 0.409779 4.218140 5.569132
v 0.316795 4.249028 5.392338
v 0.655164 2.645543 5.309982
v 0.705972 2.401933 5.204044
v 1.135506 3.013836 -1.309774
v 1.137874 3.086209 -1.342682
v 1.145699 3.153946 -1.380162
v 1.173701 3.163328 -1.358767
v 1.144029 3.222599 -1.411555
v 1.175334 3.229942 -1.395827
v 1.188046 3.246401 -1.363852
v 1.147228 3.287725 -1.445639
v 1.176634 3.295304 -1.429763
v 1.192668 3.309733 -1.401588
v 1.148605 3.350146 -1.481368
v 1.175761 3.359353 -1.462515
v 1.191027 3.373480 -1.435537
v 1.190762 3.389649 -1.405534
v 1.120971 3.416426 -1.504092
v 1.147876 3.413543 -1.508351
v 1.175088 3.420627 -1.493589
v 1.187649 3.434631 -1.467243
v 1.192391 3.449698 -1.439834
v 1.123183 3.475325 -1.534604
v 1.150215 3.473323 -1.537966
v 1.174020 3.480347 -1.522648
v 1.185705 3.492978 -1.498530
v 1.188187 3.508697 -1.472078
v 1.130669 3.535090 -1.556713
v 1.153815 3.532314 -1.564914
v 1.170782 3.539320 -1.548955
v 1.182427 3.549674 -1.527793
v 1.128982 3.590451 -1.584315
v 1.152273 3.587811 -1.589855
v 1.172025 3.594301 -1.574866
v 1.127236 3.643794 -1.609238
v 1.149824 3.642728 -1.608219
v 1.131125 3.691771 -1.634264
v 1.134636 3.769596 -1.660185
v 1.167416 3.739830 -1.642287
v 1.149530 3.737594 -1.650027
v 1.178594 3.704882 -1.602791
v 0.208698 0.857344 0.294702
v -2.507358 -1.820409 3.415105
v -2.586736 -1.753812 3.337983
v -2.645279 -1.714588 3.240954
v -2.284049 -1.401763 3.184040
v -2.335656 -1.406853 3.065162
v -2.146241 -1.249701 2.977885
v 3.396272 -3.936732 0.394560
v 3.404535 -3.942695 0.404635
v 3.374742 -3.914279 0.415720
v 3.384306 -3.919375 0.426009
v 1.695206 2.556059 -0.919317
v -2.072673 -2.213742 3.485973
v -2.141617 -2.139037 3.504560
v -2.000850 -2.382300 3.374179
v -1.830186 -2.352340 3.354930
v -1.767347 -2.221085 3.409202
v -0.050164 -3.239694 4.786021
v -0.278439 -2.738561 3.805177
v -0.265387 -2.717745 3.823992
v -0.216531 -3.041438 4.532590
v 0.564014 2.234946 7.024284
v 0.635235 2.221313 6.971634
v 0.681363 2.264459 6.926996
v 0.466917 -1.858878 3.522363
v 0.458385 -1.806188 3.511861
v 0.167158 -4.282419 3.991334
v 0.160493 -4.195120 3.980089
v 0.377893 -4.376515 3.735478
v 0.418391 -4.338132 3.823763
v 0.438279 -4.303096 3.870252
v 0.430767 -4.213614 3.859725
v 0.639216 -4.396161 3.588254
v 0.686904 -4.367895 3.681511
v 0.706349 -4.327039 3.718725
v 0.693039 -4.236463 3.710812
v 0.901394 -4.419124 3.419730
v 0.949688 -4.390877 3.501331
v 0.969838 -4.336668 3.538784
v 0.946053 -4.257166 3.528594
v 1.150812 -4.450189 3.215158
v 1.199343 -4.421221 3.290469
v 1.219921 -4.359906 3.322865
v 1.186386 -4.272568 3.312361
v 1.385683 -4.491040 2.973473
v 1.425283 -4.437791 3.032869
v 1.445698 -4.389925 3.063840
v 1.413240 -4.290301 3.058835
v 1.613060 -4.539484 2.693198
v 1.655578 -4.494741 2.748655
v 1.665353 -4.432241 2.768694
v 1.630954 -4.331976 2.765901
v 1.865095 -4.488847 2.441741
v 1.819394 -4.396636 2.442029
v -0.946080 -4.372254 4.033862
v -0.697049 -4.361579 4.029438
v -0.684743 -4.320560 4.127533
v -0.432146 -4.355930 3.999636
v -0.407371 -4.323524 4.110806
v -0.406863 -4.265896 4.155079
v -0.155406 -4.355127 3.945964
v -0.113624 -4.321863 4.062820
v -0.117383 -4.268845 4.078645
v -0.120807 -4.181701 4.070065
v 0.114784 -4.362608 3.855174
v 0.152269 -4.328304 3.949018
v -0.417348 -3.563282 3.899660
v -0.042312 -3.256671 4.775481
v -0.044281 -3.250299 4.762933
v -1.931020 -2.514807 2.793144
v -1.941173 -2.552361 2.903299
v -1.916603 -2.596914 3.045587
v -1.838785 -2.624285 3.212003
v -1.706761 -2.607022 3.380727
v -1.531171 -2.536976 3.522122
v -1.942127 -2.558775 2.638972
v -1.990437 -2.607306 2.718776
v -2.006155 -2.656165 2.845753
v -1.963902 -2.711291 3.009466
v -1.866194 -2.753639 3.199995
v -1.989340 -2.665887 2.505878
v -2.058286 -2.733669 2.614372
v -2.078598 -2.799957 2.777869
v -2.143936 -3.337821 1.490296
v -2.073539 -3.524242 1.117879
v 1.366615 1.734387 -0.630281
v 2.769010 -2.562961 1.354463
v 2.744013 -2.545279 1.433542
v 1.434111 -2.265392 2.032338
v 1.420817 -2.146579 2.014905
v 1.431064 -2.305366 1.868889
v 1.424937 -2.217278 1.869026
v 1.474353 -2.183972 1.845576
v 1.396431 -2.312617 1.720958
v 1.397949 -2.245936 1.733353
v 1.440830 -2.225017 1.717453
v 1.499789 -2.222295 1.683262
v 1.338020 -2.280342 1.596444
v 1.352665 -2.225184 1.620474
v 1.393750 -2.209452 1.607134
v 1.451824 -2.205807 1.575275
v 1.530123 -2.204351 1.529692
v 1.239900 -2.196163 1.527575
v 1.297535 -2.152673 1.541453
v 1.347455 -2.135272 1.539781
v 1.416412 -2.131150 1.506614
v 1.506685 -2.133048 1.464095
v 1.605990 -2.149613 1.404314
v 2.482006 -2.120108 1.280527
v 2.479924 -2.149377 1.367411
v 2.454523 -2.193118 1.429145
v 2.405104 -2.256841 1.452045
v 2.376978 -2.044619 1.329867
v 2.389113 -2.077145 1.398837
v 2.373127 -2.129143 1.447228
v 2.274397 -1.987174 1.383467
v 2.295980 -2.017518 1.439736
v 2.138153 -1.925836 1.387189
v 2.178599 -1.928238 1.440006
v 2.038738 -1.876143 1.446008
v -2.446239 -2.510685 3.585692
v -1.792043 -1.884661 3.465316
v -2.224117 -2.069606 3.506170
v -1.885342 -1.781772 3.462549
v -1.978125 -1.684031 3.442543
v -2.316652 -1.992442 3.496462
v -2.066896 -1.588744 3.406307
v -2.413967 -1.905222 3.466546
v -1.974593 -1.371189 3.320340
v -2.148712 -1.504216 3.353753
v -2.041784 -1.294557 3.241401
v -2.221191 -1.439173 3.280476
v -2.098485 -1.246781 3.126929
v -2.732907 -2.373778 3.459459
v -2.846089 -2.252647 3.410358
v -2.939631 -2.165205 3.337642
v -3.015960 -2.112564 3.244846
v -3.061682 -2.095966 3.133908
v -2.042997 -0.925013 2.424151
v -2.180858 -1.090197 2.260479
v -2.052907 -0.934907 2.031913
v -3.116448 -3.048040 4.307413
v -3.116289 -3.056675 4.294324
v -3.113952 -3.036212 4.291600
v -3.113269 -3.044623 4.284141
v -2.930229 -2.950451 4.108151
v -2.891793 -2.932911 4.067703
v -2.904274 -2.929938 4.047134
v -3.102711 -3.057955 4.305593
v 0.593479 -1.673296 3.290888
v 0.495731 -1.993690 3.563292
v -1.577726 -0.946006 3.515173
v -1.615528 -0.822969 3.400016
v -1.457423 -1.417741 3.553165
v -1.587387 -1.522786 3.463178
v -1.723708 -1.650648 3.441324
v -1.553870 -1.312744 3.545362
v -1.675945 -1.429004 3.448896
v -1.633737 -1.202333 3.493752
v 1.670750 2.548570 -0.858512
v 0.594332 1.811580 6.023478
v 0.601741 1.798882 5.874305
v 0.398651 1.717839 6.399884
v 0.300191 1.625401 6.197008
v 0.225425 1.550369 6.101666
v -5.373038 -7.059125 -0.894471
v -5.347590 -7.043609 -0.877081
v -5.335048 -7.039138 -0.904023
v -0.110859 -4.233366 5.331545
v -5.095762 -6.404897 -0.651426
v -5.057332 -6.322484 -0.619442
v -5.019954 -6.238043 -0.584536
v -5.318590 -6.988194 -0.912798
v -5.300500 -6.934144 -0.892776
v -5.278341 -6.866816 -0.865207
v -5.250880 -6.791171 -0.836130
v -5.222184 -6.711722 -0.805518
v -5.189960 -6.631224 -0.775349
v -5.159165 -6.549136 -0.744529
v -5.134045 -6.467328 -0.705515
v -5.354912 -7.016489 -0.937452
v -5.338497 -6.971502 -0.932624
v -5.318457 -6.914627 -0.912932
v -5.292973 -6.846981 -0.884890
v -5.269818 -6.769934 -0.853492
v -5.242556 -6.690306 -0.820498
v -5.385002 -7.004958 -0.939035
v -5.368209 -6.956082 -0.936223
v -1.849047 -2.463329 3.240359
v -1.766443 -2.398487 3.361078
v -1.899569 -2.474152 2.948210
v -1.885556 -2.513933 3.075923
v -1.826839 -2.526418 3.223586
v -1.722949 -2.483981 3.369891
v -1.576342 -2.384399 3.476733
v 0.556951 3.442540 6.850315
v 0.704276 -1.816141 0.983316
v 0.749790 -1.971295 0.949036
v 0.782802 -1.977594 1.017478
v 0.841951 -2.316560 0.915447
v 0.986693 -2.624392 0.803934
v 1.024443 -2.692074 0.760028
v 0.542540 3.453813 6.871785
v 0.442753 -1.436131 0.992430
v 0.565354 -1.479109 0.964712
v -3.082469 -2.105189 3.016393
v -2.653399 -2.234976 3.466335
v -2.764267 -2.131168 3.412768
v -2.853379 -2.049174 3.334847
v -2.916362 -2.000022 3.237075
v -2.954036 -1.980613 3.127218
v -2.966111 -1.989533 3.007772
v -2.681455 -1.705015 3.129920
v -2.695667 -1.727725 3.007963
v -0.119295 -4.227417 5.343315
v -2.186528 -1.103001 1.872623
v -2.302371 -1.241089 2.092724
v 0.893538 -2.425724 3.119640
v 0.770161 -2.190812 3.168786
v 0.575230 -1.978214 3.215761
v 0.607558 -2.024764 3.277014
v 0.425323 -1.843995 3.316116
v 0.448962 -1.895003 3.364997
v 0.733373 -2.141885 3.092439
v 0.914497 -2.367255 3.066921
v 0.863101 -2.331656 2.968949
v 0.991894 -2.570703 3.049398
v 1.004263 -2.540276 2.994732
v -5.478507 -4.267019 -3.046353
v -1.498758 -3.502845 0.186436
v -1.615986 -3.332952 -0.240411
v -1.368470 -3.410206 0.161495
v -1.517786 -3.214938 -0.269709
v -1.241791 -3.272972 0.154205
v -1.168922 -3.337192 0.200810
v -1.843071 -3.159231 -0.939720
v -1.448276 -3.071074 -0.296457
v -1.142477 -3.091808 0.159147
v -1.053385 -3.141779 0.226010
v -1.302450 -0.891501 0.996864
v -1.179837 -0.696387 0.966839
v -1.124801 -1.013703 0.908383
v -0.932245 -1.090856 0.856701
v -1.034778 -0.812729 0.893977
v -1.048090 -0.524520 0.940068
v -1.824666 -0.851972 1.540961
v -1.434712 -0.741530 1.121103
v -1.284492 -0.559668 1.080072
v -0.250853 -2.449029 3.713743
v -0.112331 -3.072278 4.677911
v -0.127369 -3.053570 4.644232
v -0.136789 -3.034774 4.604989
v -0.141035 -3.021160 4.558622
v -0.149113 -3.051420 4.608826
v -0.156744 -3.042496 4.563200
v -0.058056 -3.209603 4.742932
v -0.067739 -3.215598 4.750678
v -0.075008 -3.221093 4.762737
v -1.214726 -1.924299 3.487205
v -1.096188 -1.872605 3.457102
v -0.117778 -4.213102 5.320871
v -0.093986 -4.163259 5.279668
v -0.110379 -4.219180 5.315271
v -1.236248 -1.451008 3.593585
v -1.199240 -1.531906 3.530138
v -1.151206 -1.601806 3.474644
v -1.057073 -1.615650 3.549158
v 3.199445 -2.980006 2.748395
v 3.361444 -3.252687 2.690251
v -1.982450 -2.255242 2.777565
v 3.483768 -3.899836 2.348697
v -2.063307 -2.609015 1.581781
v -2.125332 -2.513364 1.286958
v -2.043829 -2.468651 1.274172
v -2.248467 -2.386605 1.061129
v -2.152293 -2.339449 1.051410
v -2.417281 -2.253936 0.893893
v -0.241576 -2.943260 3.887891
v -0.251764 -2.896901 3.854078
v -0.258644 -2.874031 3.878912
v -1.974089 -2.443290 2.460699
v -1.998270 -2.567689 2.234544
v 1.256686 -2.466138 2.499969
v 1.171293 -2.060691 1.505776
v 1.248807 -2.037090 1.544684
v 1.322124 -2.026372 1.523776
v 1.406337 -2.028659 1.487638
v 0.163848 -2.005164 0.759600
v 0.373377 -2.022327 0.863597
v -0.049812 -1.709777 0.753377
v 0.178814 -1.760501 0.840325
v 2.901849 -2.545685 3.412491
v 1.505759 -2.037520 1.435521
v 1.614274 -2.055673 1.377586
v 1.139127 -1.901708 1.576823
v 1.237435 -1.901535 1.593061
v 1.329272 -1.905338 1.567112
v 1.428771 -1.919345 1.520866
v 1.538771 -1.937668 1.462834
v 1.652152 -1.960700 1.399397
v 1.482233 -1.822483 1.591376
v 1.596142 -1.853695 1.523834
v 1.710421 -1.884557 1.456050
v 2.951664 -3.941148 4.229932
v -0.512248 -0.099242 1.882818
v -0.674345 -0.188539 1.930188
v -2.546284 -2.569972 3.793987
v -2.484772 -2.589988 3.736069
v -2.423316 -1.387829 1.940550
v -2.553471 -1.525195 1.812833
v -2.600340 -1.697785 2.023002
v -2.723890 -1.810770 1.914439
v -2.721562 -2.015802 2.090939
v -2.859111 -1.918036 1.819067
v -2.842868 -2.116015 1.990271
v -2.795225 -2.315239 2.097965
v -3.002450 -2.025201 1.729672
v -2.976330 -2.211355 1.893095
v -2.918480 -2.401757 1.990742
v -2.831750 -2.562139 2.013683
v -3.148160 -2.140320 1.631887
v -3.114944 -2.307504 1.792816
v -3.050410 -2.485241 1.887294
v -2.955528 -2.636205 1.902602
v -2.842048 -2.743229 1.854599
v -2.721957 -2.806269 1.756043
v -3.291387 -2.257902 1.523546
v -3.255314 -2.406519 1.678712
v -3.185600 -2.571829 1.775229
v -3.090557 -2.717142 1.800555
v -2.973736 -2.823123 1.754036
v -2.856103 -2.887930 1.661271
v -3.400250 -2.503222 1.565847
v -3.331605 -2.657930 1.665803
v -3.234611 -2.800315 1.692090
v -3.119946 -2.909742 1.652533
v -3.004831 -2.973463 1.561614
v -2.844595 -2.934820 1.271797
v -3.554842 -2.597210 1.448931
v -3.486480 -2.742776 1.547881
v -3.390667 -2.883706 1.579388
v -3.278532 -2.991738 1.542586
v -3.166784 -3.052773 1.452245
v -3.012766 -3.010526 1.176313
v -3.004628 -2.907573 1.022659
v -3.709674 -2.685035 1.333314
v -3.646735 -2.823741 1.427107
v -3.554845 -2.956532 1.452037
v -3.446035 -3.059867 1.415798
v -3.334964 -3.122680 1.332436
v -3.181320 -3.079164 1.070544
v -3.170632 -2.974773 0.930212
v -3.195154 -2.853200 0.805858
v -3.854968 -2.765364 1.222071
v -3.797459 -2.894054 1.302737
v -3.710885 -3.022112 1.325753
v -3.604732 -3.124463 1.292641
v -3.494787 -3.179862 1.209120
v -3.339416 -3.134147 0.964332
v -3.320998 -3.035126 0.836347
v -3.339853 -2.917770 0.727727
v -3.384992 -2.801572 0.649331
v -3.931311 -2.959540 1.184690
v -3.848982 -3.081563 1.206385
v -3.743154 -3.177347 1.170265
v -3.633764 -3.233383 1.093558
v -3.477160 -3.183740 0.864133
v -3.454676 -3.089097 0.748961
v -3.466694 -2.978326 0.651973
v -3.505919 -2.869555 0.583785
v -3.574989 -2.770224 0.562200
v -4.047451 -3.025272 1.075437
v -3.964809 -3.137524 1.087990
v -3.861498 -3.225047 1.053276
v -3.753197 -3.275945 0.981205
v -3.599405 -3.227405 0.772878
v -3.572104 -3.138675 0.667881
v -3.577675 -3.036659 0.581032
v -3.611907 -2.936117 0.521636
v -3.676712 -2.842191 0.503344
v -4.139425 -3.089530 0.964454
v -4.060212 -3.190739 0.974877
v -3.961206 -3.271305 0.944011
v -3.856661 -3.317747 0.877993
v -3.704675 -3.269232 0.686786
v -3.676046 -3.186797 0.592522
v -3.674672 -3.094424 0.513233
v -3.706568 -2.998962 0.460483
v -4.217096 -3.158862 0.862410
v -4.141016 -3.247821 0.870285
v -4.046958 -3.321872 0.844123
v -3.947787 -3.362637 0.784959
v -3.798436 -3.313704 0.609498
v -3.766047 -3.239240 0.522598
v -3.763419 -3.153173 0.451739
v -3.792817 -3.064329 0.406932
v -4.286530 -3.231056 0.765789
v -4.213125 -3.311317 0.774145
v -4.124037 -3.376739 0.751513
v -4.030006 -3.411962 0.699547
v -3.883419 -3.363633 0.538770
v -3.848899 -3.297637 0.458284
v -3.843870 -3.219537 0.391693
v -3.871279 -3.133997 0.350504
v -4.279330 -3.381145 0.687377
v -4.194085 -3.439862 0.669126
v -4.102188 -3.468904 0.621069
v -3.959159 -3.424214 0.473063
v -3.925884 -3.363551 0.396625
v -3.922577 -3.291380 0.334007
v -3.949025 -3.211824 0.295388
v -4.338977 -3.459439 0.610333
v -4.256575 -3.510671 0.595818
v -4.168305 -3.533466 0.551880
v -4.030489 -3.494681 0.412572
v -4.000012 -3.440929 0.339659
v -3.998374 -3.374866 0.279896
v -4.025614 -3.300289 0.241357
v -4.395971 -3.549219 0.544108
v -4.313304 -3.590374 0.530739
v -4.228516 -3.608337 0.490059
v -4.099269 -3.577033 0.358305
v -4.072114 -3.530491 0.287141
v -4.073642 -3.470867 0.227698
v -4.103101 -3.399738 0.186776
v -4.451538 -3.650113 0.486538
v -4.368317 -3.682911 0.474339
v -4.286640 -3.697721 0.436375
v -4.164321 -3.675112 0.308656
v -4.139217 -3.635574 0.235821
v -4.146586 -3.580703 0.177278
v -4.181736 -3.514499 0.136422
v -4.506884 -3.761865 0.436793
v -4.423450 -3.788700 0.425276
v -4.343869 -3.800549 0.388644
v -4.230523 -3.779747 0.263948
v -4.211082 -3.748739 0.193588
v -4.219520 -3.702697 0.128612
v -4.476554 -3.908700 0.387040
v -4.396953 -3.918485 0.349952
v -4.290573 -3.900496 0.226013
v -4.270406 -3.875688 0.151680
v -4.288729 -3.833143 0.085836
v -4.526420 -4.034934 0.350720
v -4.447411 -4.044847 0.315346
v -4.342905 -4.029927 0.190780
v -4.332965 -4.001688 0.115975
v -4.350386 -3.965890 0.046641
v -4.570837 -4.163840 0.317822
v -4.495203 -4.169475 0.279741
v -4.397739 -4.150511 0.155258
v -4.380023 -4.130647 0.083349
v -4.401989 -4.097487 0.018601
v -4.610864 -4.293717 0.285831
v -4.535332 -4.297589 0.249983
v -4.437049 -4.274583 0.126876
v -4.420673 -4.253595 0.055923
v -4.443889 -4.223603 -0.007101
v -4.574489 -4.420446 0.211372
v -4.468530 -4.399514 0.097210
v -4.457840 -4.375867 0.030928
v -4.474935 -4.349868 -0.032578
v -4.603909 -4.540054 0.180055
v -4.498515 -4.519460 0.066515
v -4.488764 -4.495187 0.001374
v -4.502683 -4.470956 -0.057015
v -4.634811 -4.653087 0.140855
v -4.525394 -4.635149 0.037610
v -4.512812 -4.611979 -0.028367
v -4.526980 -4.587147 -0.085194
v -4.664051 -4.766534 0.102527
v -4.559669 -4.746041 0.000187
v -4.539986 -4.726857 -0.059276
v -4.692021 -4.878234 0.062841
v -4.586547 -4.857850 -0.035842
v -4.563140 -4.837343 -0.095319
v -4.614062 -4.968992 -0.072347
v -4.589797 -4.951047 -0.126119
v -4.647436 -5.077222 -0.110514
v -4.622918 -5.058941 -0.165245
v -4.679578 -5.184310 -0.147833
v -4.656145 -5.166751 -0.198342
v -4.711517 -5.289067 -0.186566
v -4.683903 -5.272499 -0.235873
v -4.740777 -5.393809 -0.223329
v -4.718186 -5.377159 -0.270085
v -4.771262 -5.496999 -0.261054
v -4.749556 -5.480906 -0.306715
v -4.806549 -5.596681 -0.299301
v -4.841836 -5.695081 -0.336976
v -4.877471 -5.791784 -0.373434
v -4.912915 -5.886782 -0.408210
v 1.336479 -2.182851 2.411479
v 1.837607 -1.813443 1.588290
v 1.937934 -1.845664 1.514208
v 1.793644 -1.783953 1.732910
v 1.890409 -1.821107 1.648716
v 1.984671 -1.856745 1.571362
v 2.081936 -1.889396 1.503756
v 1.731960 -1.785094 1.878843
v 1.830627 -1.828751 1.781629
v 1.926152 -1.861115 1.697592
v 2.020815 -1.889640 1.622064
v 2.114367 -1.922145 1.555823
v 2.199640 -1.969563 1.489386
v 1.653562 -1.808094 2.030276
v 1.756453 -1.855120 1.917377
v 1.856334 -1.890083 1.817938
v 1.946748 -1.923814 1.731787
v 2.034386 -1.952245 1.654409
v 2.125086 -1.984625 1.590714
v 2.208811 -2.024526 1.533119
v 2.292100 -2.071682 1.482580
v 1.552546 -1.881945 2.156683
v 1.654850 -1.906396 2.041027
v 1.757545 -1.942450 1.928823
v 1.853728 -1.974348 1.828001
v 1.941909 -2.002572 1.741047
v 2.026787 -2.029334 1.664802
v 2.108818 -2.059414 1.599492
v 2.188382 -2.096477 1.545179
v 2.262055 -2.141517 1.497469
v 2.335959 -2.194921 1.467647
v 1.116813 -0.177354 3.182481
v 1.110485 -0.288314 3.272434
v 1.079741 -0.005712 3.471146
v 3.164016 -2.831124 4.089666
v 3.074067 -2.708655 3.975551
v 1.707354 -0.906591 3.534917
v -3.085682 -3.057725 4.257345
v -3.045609 -3.059888 4.228523
v 1.501412 -2.801190 -0.481577
v -0.238030 -2.997521 4.558137
v -0.251520 -2.984714 4.495188
v -0.208854 -2.980885 4.561767
v -0.219074 -2.970664 4.501232
v -0.176240 -2.980961 4.561602
v -0.250855 -2.978285 4.431347
v -0.039008 -3.212861 4.772613
v -0.051417 -3.184095 4.763069
v -0.584966 -4.606167 -0.342067
v -0.363087 -4.513423 -0.350171
v -0.267882 -4.854470 -0.467526
v 0.037214 -4.962037 -0.482018
v 0.388239 -5.088937 -0.336023
v 0.731068 -4.998682 -0.363029
v 0.728438 -5.055843 -0.297657
v 1.060133 -4.885494 -0.343521
v 1.058532 -4.974291 -0.318522
v 1.048434 -5.029472 -0.255739
v 1.317010 -4.708663 -0.245842
v 1.353286 -4.868140 -0.284393
v 1.352908 -4.966854 -0.273721
v 1.340369 -5.023178 -0.220028
v 1.303050 -4.092030 0.038180
v 1.553125 -4.684305 -0.137666
v 1.614423 -4.859118 -0.200480
v 1.626166 -4.966510 -0.203630
v 1.613565 -5.028841 -0.176172
v 1.483297 -4.029190 0.167554
v 1.756754 -4.636696 0.001143
v 1.848895 -4.826480 -0.079358
v 1.901140 -4.973833 -0.130929
v 1.880349 -5.022192 -0.083403
v 1.158193 -3.016829 0.707385
v 1.321020 -3.300771 0.543421
v 1.657914 -3.967322 0.309649
v 1.944301 -4.580051 0.153734
v 2.053266 -4.773635 0.072953
v 1.211108 -2.748219 1.006816
v 1.333108 -3.002996 0.869117
v 1.483797 -3.281697 0.710074
v 3.777458 -3.695763 4.268256
v -0.201157 -3.363923 5.291819
v -0.195420 -3.337430 5.306469
v 3.772175 -3.676273 4.287956
v 3.768602 -3.694538 4.278068
v 3.758241 -3.682859 4.240780
v -0.103042 -3.286400 5.281127
v -0.142614 -3.318167 5.305173
v -0.103750 -3.240762 5.229648
v -0.139020 -3.274010 5.268030
v -0.173867 -3.309232 5.289796
v -0.478092 -2.455143 4.591304
v -0.061470 -3.252330 5.249116
v -2.563407 -2.506440 3.922525
v -1.989951 -2.415264 3.013674
v -2.933812 -2.048985 2.889898
v -2.673643 -1.808295 2.891341
v -5.784986 -4.096658 6.478936
v -5.758861 -4.092861 6.472734
v -5.762293 -4.065442 6.479097
v -5.726934 -4.084606 6.456435
v -2.592047 -2.505973 3.925825
v -2.584810 -2.520297 3.909306
v -0.566054 -2.235112 0.497587
v -0.302392 -1.969515 0.605944
v -0.715801 -3.621443 0.006013
v -0.593058 -3.954645 -0.130398
v 1.649158 2.603714 -0.961121
v 2.718099 -2.341201 2.535892
v 2.759739 -2.287122 2.533245
v 2.801852 -2.237046 2.553631
v 2.834076 -2.205317 2.610605
v 2.858985 -2.194845 2.691705
v 3.118479 -2.470929 2.616983
v 2.866899 -2.221841 2.784586
v 3.124796 -2.483308 2.700198
v 2.861440 -2.278285 2.865878
v 3.101310 -2.520722 2.779663
v 3.177305 -2.756480 2.776324
v 3.032417 -3.862514 4.225147
v 3.000859 -3.955885 4.219776
v 2.970526 -4.037046 4.218702
v 2.970127 -4.038800 4.235417
v 2.958093 -4.073995 4.231162
v 3.196726 -3.145316 4.166561
v 3.220424 -3.127840 4.219565
v -2.472404 -2.529737 3.645142
v -2.442066 -2.541425 3.655935
v -2.468924 -2.558825 3.728713
v -1.268549 -0.094564 2.804098
v -1.426165 -0.249254 2.675799
v -1.113999 -0.036800 2.613874
v -1.298507 -0.196448 2.500735
v -1.469125 -0.359020 2.361386
v -1.615687 -0.522699 2.200458
v -1.179509 -0.213949 2.353971
v -1.343957 -0.355475 2.241069
v 3.406749 -3.983202 0.381021
v 0.335265 1.749572 6.420074
v 0.228364 1.678755 6.246050
v 0.131016 1.617253 6.181273
v -0.348664 1.734969 6.356057
v -0.623695 2.035923 6.469903
v -0.603721 1.707640 6.357640
v -0.841681 2.030376 6.436581
v -0.831309 1.706700 6.325669
v -1.032088 1.722496 6.268108
v -2.500121 -2.516483 3.702317
v -0.292258 -0.470457 0.827703
v -0.200712 -0.381945 0.781413
v -0.105159 -0.295049 0.717755
v -0.106037 -0.146026 0.613020
v -0.007850 -0.202671 0.643017
v -0.009923 -0.051748 0.533845
v 0.089051 -0.102288 0.566506
v 0.085563 0.046317 0.453802
v 0.184435 -0.000351 0.484495
v 0.285248 -0.025287 0.543354
v 0.177475 0.148675 0.376396
v 0.275580 0.106310 0.404441
v 0.376199 0.082570 0.457704
v 0.263021 0.253698 0.299181
v 0.360591 0.218052 0.328015
v 0.460609 0.195480 0.374522
v 0.249600 0.408433 0.221461
v 0.340677 0.364095 0.225054
v 0.438005 0.328451 0.245098
v 0.535090 0.313600 0.291852
v 0.319318 0.515886 0.146585
v 0.411344 0.474397 0.147440
v 0.508471 0.445262 0.169403
v 0.602250 0.431698 0.207937
v 0.686780 1.410012 -0.026972
v 0.833065 1.463062 -0.074946
v 0.779074 1.486316 -0.080029
v 0.723174 1.506359 -0.093111
v 0.907920 1.527889 -0.152263
v 0.861165 1.557534 -0.148702
v 0.813155 1.585225 -0.147221
v 0.969744 1.573825 -0.240705
v 0.941142 1.616464 -0.227970
v 0.385800 0.627030 0.074233
v 0.477860 0.589978 0.076626
v 0.572577 0.562025 0.091898
v 0.661565 0.552469 0.125944
v 0.449675 0.737463 0.000799
v 0.539539 0.704354 0.003562
v 0.630160 0.682493 0.019117
v 0.511536 0.847695 -0.068313
v 0.595939 0.816987 -0.069200
v 0.498238 0.991044 -0.122063
v 0.570288 0.956411 -0.134700
v 0.557432 1.092847 -0.185912
v 1.386131 1.954564 -0.664833
v 1.429279 2.002385 -0.698965
v 1.492246 2.063200 -0.679006
v 1.593247 2.156956 -0.705852
v 1.683085 2.261257 -0.734517
v 1.798540 2.445472 -0.807690
v 1.669013 2.112515 -0.729604
v 1.696665 2.177724 -0.746991
v 1.738355 2.235438 -0.794905
v 1.747817 2.307407 -0.842705
v 1.746490 2.310662 -0.802347
v 1.771701 2.377017 -0.847097
v 1.781814 2.374465 -0.810178
v 1.783905 2.448623 -0.848127
v 1.781181 2.517529 -0.842773
v 0.409320 -1.702560 3.460914
v 0.508689 -2.019248 3.587356
v -2.489688 -1.415940 1.601368
v -2.652855 -1.546799 1.493861
v -2.696098 -1.646877 1.702187
v -2.762071 -1.670844 1.232312
v -2.818766 -1.676953 1.411995
v -2.847827 -1.763539 1.612431
v -2.921282 -1.830837 1.172633
v -2.976002 -1.821130 1.340663
v -3.000264 -1.887467 1.531487
v -3.076505 -1.989368 1.109567
v -3.126642 -1.975619 1.264594
v -3.150086 -2.024756 1.442239
v -3.233424 -2.128759 1.039388
v -3.275923 -2.117360 1.184046
v -3.294408 -2.160195 1.347848
v -3.430948 -2.247837 1.094116
v -3.445850 -2.284904 1.247319
v -3.437749 -2.371025 1.413230
v -3.587835 -2.363442 1.003106
v -3.600663 -2.398036 1.146074
v -3.590062 -2.477757 1.300748
v -3.732210 -2.469999 0.919060
v -3.748740 -2.501289 1.051699
v -3.741884 -2.573273 1.196182
v -3.859859 -2.567728 0.841395
v -3.881989 -2.596092 0.966636
v -3.881088 -2.662102 1.099281
v -3.998427 -2.684459 0.889087
v -4.004692 -2.744620 1.009480
v -3.983056 -2.840777 1.114752
v -4.098693 -2.768087 0.814708
v -4.110163 -2.826931 0.922318
v -4.095167 -2.914816 1.015282
v -4.181841 -2.852125 0.739635
v -4.197775 -2.909096 0.835077
v -4.184536 -2.990548 0.913827
v -4.271997 -2.992757 0.749141
v -4.260928 -3.068249 0.817894
v -4.339496 -3.080998 0.665056
v -4.328503 -3.150112 0.726032
v -4.403082 -3.174318 0.583510
v -4.390018 -3.237677 0.639295
v -4.347194 -3.308951 0.675915
v -4.451847 -3.333795 0.561424
v -4.406091 -3.396614 0.597135
v -4.512648 -3.440389 0.491114
v -4.464592 -3.495335 0.529225
v -4.578167 -3.557928 0.429969
v -4.522743 -3.604346 0.468636
v -4.583119 -3.725266 0.417803
v -4.640574 -3.856860 0.377339
v -4.561759 -3.885058 0.396764
v -4.687314 -3.992032 0.337128
v -4.609135 -4.016686 0.361455
v -4.729441 -4.130298 0.309921
v -4.650862 -4.150474 0.330713
v -4.688840 -4.283140 0.296816
v -4.720660 -4.409298 0.257041
v -4.644712 -4.420619 0.250730
v -4.747858 -4.531194 0.228115
v -4.676444 -4.536687 0.210033
v -4.703554 -4.654226 0.176724
v -4.732792 -4.767607 0.135546
v -4.760589 -4.879580 0.094572
v -4.720479 -4.988137 0.021840
v -4.748763 -5.096836 -0.018873
v -4.779754 -5.201814 -0.062923
v -2.073135 -2.315395 2.630204
v -2.371858 -2.182016 2.556207
v -2.242268 -2.324101 2.552329
v -2.093018 -2.407223 2.505472
v -5.411369 -6.972355 -0.772409
v -5.381968 -6.974257 -0.779514
v -5.363848 -6.915107 -0.751392
v -5.339867 -6.842313 -0.718952
v -5.352031 -6.974687 -0.792101
v -5.332557 -6.913480 -0.765985
v -5.309122 -6.839187 -0.736295
v -5.282391 -6.759617 -0.703372
v -5.254641 -6.678555 -0.668924
v -5.226162 -6.596828 -0.634821
v -5.008843 -6.162612 -0.514203
v -2.590768 -2.501328 3.898713
v -2.578468 -2.509327 3.849839
v 1.517181 -2.802697 -0.476823
v 1.530122 -2.798849 -0.475253
v 3.516166 -3.633593 2.548186
v 3.520904 -3.831746 2.412951
v -1.996715 -2.647476 1.029872
v -4.990578 -6.148407 -0.548297
v -5.095374 -6.384904 -0.682219
v -5.062114 -6.300726 -0.650900
v -5.216031 -6.609847 -0.785782
v -5.183082 -6.526432 -0.762972
v -5.157293 -6.444964 -0.724170
v -5.348400 -6.898664 -0.912210
v -5.324623 -6.828562 -0.887024
v -5.299228 -6.751109 -0.857003
v -5.272045 -6.670226 -0.826708
v -5.244652 -6.588114 -0.796414
v -5.416189 -6.992319 -0.938139
v -5.401516 -6.941345 -0.934620
v -5.380039 -6.882194 -0.912016
v -5.358110 -6.812886 -0.881197
v -5.333385 -6.735886 -0.848384
v -5.447614 -6.980320 -0.933380
v -5.430405 -6.933323 -0.915234
v -5.412288 -6.874688 -0.891560
v -4.540084 -3.833775 -0.024121
v -4.469821 -3.678110 0.020047
v -4.389192 -3.525332 0.074721
v -4.305277 -3.385384 0.135831
v -4.222760 -3.262238 0.194354
v -4.144422 -3.157755 0.253765
v -4.069363 -3.066359 0.309923
v -5.038601 -5.679726 -0.424821
v -5.008699 -5.581918 -0.389006
v -4.981312 -5.480315 -0.356961
v -4.950695 -5.380095 -0.322304
v -4.921375 -5.279148 -0.287571
v -4.896717 -5.174086 -0.258557
v -4.871964 -5.067142 -0.228697
v -4.845626 -4.959318 -0.197419
v -4.824149 -4.847787 -0.173013
v -4.801486 -4.736452 -0.147578
v -4.781160 -4.623252 -0.125073
v -4.764044 -4.505958 -0.107605
v -4.749277 -4.384008 -0.092873
v -4.727087 -4.252500 -0.074808
v -4.701479 -4.109221 -0.055073
v -4.667430 -3.959680 -0.029283
v -5.460562 -6.927144 -0.896410
v -5.443204 -6.869474 -0.870843
v -5.421984 -6.798431 -0.839483
v -5.398265 -6.720509 -0.806544
v -5.371140 -6.641510 -0.770855
v -5.345709 -6.560225 -0.737152
v -5.321249 -6.477155 -0.705193
v -5.295149 -6.393804 -0.673254
v -5.267363 -6.311006 -0.639715
v -5.243013 -6.224865 -0.606886
v -5.217927 -6.137455 -0.571972
v -5.191027 -6.049145 -0.533731
v -5.165857 -5.956757 -0.499013
v -5.136793 -5.865782 -0.460646
v -5.110317 -5.770333 -0.424955
v -5.083274 -5.672800 -0.389761
v -5.055559 -5.573427 -0.355451
v -5.025571 -5.474776 -0.317949
v -4.998287 -5.373845 -0.283714
v -4.973693 -5.270574 -0.252739
v -4.947548 -5.167137 -0.218766
v -4.921457 -5.061606 -0.185392
v -4.901319 -4.950798 -0.158277
v -4.875830 -4.841388 -0.127831
v -5.479769 -6.934136 -0.870098
v -5.462648 -6.874743 -0.838529
v -5.442811 -6.801810 -0.806533
v -5.421181 -6.722133 -0.774311
v -5.393637 -6.642699 -0.739508
v -5.370250 -6.560737 -0.705532
v -5.350248 -6.475377 -0.675232
v -5.323895 -6.392121 -0.640961
v -5.293940 -6.310270 -0.607567
v -5.271319 -6.224652 -0.573205
v -5.243730 -6.139566 -0.534297
v -5.223707 -6.048449 -0.498232
v -5.195197 -5.958417 -0.458226
v -5.174526 -5.862728 -0.424485
v -5.149184 -5.766985 -0.386525
v -5.123386 -5.669126 -0.350525
v -5.092893 -5.571163 -0.312975
v -5.491311 -6.945143 -0.839196
v -5.478691 -6.881983 -0.805324
v -5.458046 -6.807951 -0.771921
v -5.433300 -6.728634 -0.738428
v -5.408710 -6.647486 -0.705019
v -5.388788 -6.566448 -0.670054
v -5.362427 -6.482447 -0.636695
v -5.336810 -6.397971 -0.603030
v -5.302022 -6.317575 -0.568932
v -5.292356 -6.228003 -0.537718
v -5.488229 -6.957895 -0.807595
v -5.470156 -6.892919 -0.778197
v -5.448055 -6.817487 -0.745646
v -4.960020 -6.057235 -0.512159
v -4.927391 -5.966416 -0.477166
v -4.890473 -5.873563 -0.446702
v -4.855881 -5.777404 -0.414996
v -4.817852 -5.680189 -0.381031
v -4.787514 -5.580559 -0.340117
v -5.030456 -6.215157 -0.614265
v -4.992091 -6.129281 -0.580272
v -4.959638 -6.036707 -0.545228
v -4.937036 -5.941015 -0.507251
v -4.901053 -5.851848 -0.481278
v -4.868608 -5.755180 -0.444012
v -4.832261 -5.657717 -0.410142
v -4.794178 -5.558263 -0.377492
v -4.759748 -5.457326 -0.341651
v -4.727778 -5.354597 -0.306233
v -4.704855 -5.248433 -0.267455
v -4.670842 -5.143275 -0.235408
v -4.640842 -5.034779 -0.202059
v -4.609825 -4.924838 -0.170506
v -4.584176 -4.813398 -0.138381
v -4.556232 -4.701681 -0.110409
v -5.123666 -6.362814 -0.691811
v -5.090240 -6.277296 -0.664965
v -5.054740 -6.192059 -0.633407
v -5.023479 -6.103953 -0.597974
v -4.990655 -6.010798 -0.567665
v -4.958425 -5.916733 -0.530413
v -4.931586 -5.825252 -0.498396
v -4.896237 -5.731356 -0.463797
v -4.862573 -5.634482 -0.427224
v -4.831584 -5.534136 -0.391251
v -4.798591 -5.432773 -0.357426
v -4.765959 -5.329649 -0.326665
v -4.735812 -5.224049 -0.295947
v -4.703778 -5.119946 -0.260041
v -4.674436 -5.010739 -0.230054
v -4.647028 -4.900115 -0.199950
v -4.621314 -4.788982 -0.170546
v -4.595646 -4.675702 -0.146760
v -4.573866 -4.561302 -0.122544
v -4.547708 -4.443573 -0.101783
v -4.524752 -4.319653 -0.075372
v -4.491570 -4.189121 -0.056917
v -4.452115 -4.057984 -0.030244
v -4.399411 -3.919616 0.001022
v -4.333394 -3.779769 0.039209
v -4.259929 -3.642500 0.085732
v -5.217400 -6.507418 -0.762804
v -5.188420 -6.425247 -0.732487
v -5.158336 -6.344757 -0.689485
v -5.127185 -6.257012 -0.667742
v -5.094849 -6.171759 -0.632374
v -5.063178 -6.081794 -0.602030
v -5.031585 -5.991080 -0.567196
v -5.002196 -5.898432 -0.533544
v -4.973558 -5.804274 -0.499602
v -4.941296 -5.709668 -0.463649
v -4.908562 -5.612640 -0.427406
v -4.874900 -5.511729 -0.397787
v -4.844667 -5.409371 -0.364825
v -4.812945 -5.308183 -0.330326
v -4.784340 -5.204181 -0.298270
v -4.755197 -5.097896 -0.267928
v -4.727111 -4.988316 -0.240019
v -4.701993 -4.877432 -0.210792
v -4.678539 -4.766737 -0.180322
v -4.656393 -4.654659 -0.154887
v -4.635565 -4.537421 -0.142870
v -4.612780 -4.419160 -0.121902
v -4.587742 -4.292949 -0.100951
v -4.557674 -4.158457 -0.078258
v -4.518396 -4.019280 -0.054305
v -4.464740 -3.874673 -0.022987
v -4.395573 -3.726269 0.016632
v -4.318612 -3.580970 0.067589
v -4.237592 -3.446105 0.123490
v -4.155869 -3.326101 0.176252
v -4.076997 -3.223989 0.232721
v -3.999470 -3.134337 0.287511
v -3.925023 -3.054243 0.342480
v -3.848162 -2.981374 0.394635
v -3.767324 -2.912193 0.448373
v -5.306183 -6.657519 -0.812159
v -5.280300 -6.574893 -0.782818
v -5.253624 -6.492310 -0.752468
v -5.224740 -6.411185 -0.718301
v -5.195808 -6.327375 -0.687308
v -5.166469 -6.242264 -0.654382
v -5.137033 -6.154655 -0.623144
v -5.107326 -6.065954 -0.588525
v -5.077912 -5.974569 -0.556338
v -5.049126 -5.882834 -0.518373
v -5.019884 -5.788980 -0.483377
v -4.989396 -5.692740 -0.449272
v -4.958299 -5.593888 -0.416978
v -4.926887 -5.494898 -0.380317
v -4.896380 -5.393514 -0.347650
v -4.867396 -5.290691 -0.317230
v -4.839456 -5.187080 -0.284875
v -4.812625 -5.080941 -0.253605
v -4.787258 -4.971068 -0.226860
v -4.762495 -4.860786 -0.197871
v -4.738946 -4.748852 -0.174394
v -4.718885 -4.635417 -0.155057
v -4.699985 -4.519740 -0.133192
v -4.680860 -4.399679 -0.114815
v -4.657692 -4.269976 -0.097830
v -4.629685 -4.130054 -0.079196
v -4.593641 -3.985559 -0.058286
v -5.391222 -6.803676 -0.862617
v -5.367787 -6.725212 -0.831716
v -5.342075 -6.645470 -0.797379
v -5.316212 -6.563910 -0.765112
v -5.289608 -6.481542 -0.734021
v -5.262192 -6.399067 -0.701269
v -5.232775 -6.316750 -0.667340
v -5.206449 -6.230635 -0.635473
v -5.178649 -6.144403 -0.599805
v -5.150783 -6.054996 -0.565178
v -5.122620 -5.964531 -0.529068
v -5.096259 -5.870792 -0.495766
v -5.068107 -5.775482 -0.461872
v -3.258488 -2.400865 0.763981
v -3.095264 -2.286821 0.823985
v -2.927222 -2.158303 0.877245
v -3.005858 -2.054764 0.980512
v -1.240249 -1.996635 0.635607
v -1.490975 -1.897691 0.750127
v -3.514329 -3.463526 -2.017548
v -3.293396 -3.413453 -1.913303
v -3.090012 -3.364155 -1.806920
v -3.535208 -3.503266 -1.952870
v -3.321742 -3.447229 -1.843653
v -3.119203 -3.403586 -1.739883
v -2.825575 -3.229190 -1.474609
v -2.621191 -2.945329 -1.036377
v -3.549787 -3.551181 -1.896822
v -3.335408 -3.503684 -1.792412
v -3.140056 -3.458139 -1.681410
v -2.846889 -3.308546 -1.409173
v -3.553013 -3.608797 -1.859405
v -3.339999 -3.565508 -1.757943
v -3.144571 -3.526742 -1.646242
v -2.840960 -3.399005 -1.362834
v -3.548092 -3.665912 -1.843305
v -3.333594 -3.629760 -1.744895
v -3.133879 -3.600460 -1.637131
v -3.311800 -3.687332 -1.769822
v -5.516370 -4.195724 -3.028757
v -5.505796 -4.217675 -3.083347
v -2.399805 -4.649648 3.052168
v -2.595727 -4.767128 2.516584
v -2.662469 -4.889447 1.929574
v -2.690757 -4.971014 1.360162
v -2.631253 -5.028904 1.384621
v -2.529061 -5.037743 0.928620
v -2.477614 -5.135154 0.960316
v -1.836617 -3.559475 3.496774
v -1.566791 -3.559587 3.685973
v -1.276814 -3.562353 3.814409
v -0.984609 -3.564441 3.889569
v -0.696224 -3.562840 3.916496
v 0.750911 -1.701115 1.132083
v 0.795919 -1.810213 1.076342
v 0.854222 -1.776295 1.058223
v 0.903914 -1.950369 1.026860
v 0.938433 -1.928805 0.971828
v 0.975822 -2.263515 0.831926
v 0.963378 -2.250554 0.782284
v 0.982324 -2.614835 0.630605
v 1.038977 -2.730014 0.565795
v 1.492754 -2.777723 -0.494536
v 2.909458 -2.621172 2.540083
v 2.950144 -2.583024 2.512566
v 3.056229 -2.762516 2.473696
v 3.138876 -2.962459 2.444772
v 3.235755 -3.282986 2.428711
v 3.107417 -2.730468 2.457412
v 3.193291 -2.937082 2.428319
v 3.282154 -3.265518 2.404899
v 3.343787 -3.476493 2.400321
v 3.402266 -3.680760 2.406045
v 3.165617 -2.699662 2.469640
v 3.251168 -2.913754 2.436067
v 3.338015 -3.247090 2.410722
v 3.386027 -3.461689 2.408661
v 3.439116 -3.666275 2.403976
v 3.307317 -2.896206 2.470623
v 3.383387 -3.233920 2.446881
v 3.426880 -3.448401 2.437284
v 3.481126 -3.649342 2.428918
v 3.412225 -3.227306 2.504549
v 3.457737 -3.439092 2.491863
v 3.422781 -3.227663 2.571977
v 3.464893 -3.436610 2.559550
v 3.446881 -3.441797 2.623450
v 0.844566 -1.971605 1.052008
v 0.946565 -2.300318 0.920951
v 0.984122 -2.280934 0.880399
v 1.052054 -2.566200 0.759278
v 1.049705 -2.542270 0.717847
v 1.028752 -2.529993 0.677151
v 0.992095 -2.538119 0.663603
v 1.081404 -2.624663 0.720325
v 1.075912 -2.596061 0.681655
v 1.052862 -2.584182 0.648966
v 1.016888 -2.591086 0.627714
v 1.128222 -2.674561 0.595517
v 1.104825 -2.660714 0.571987
v 1.076019 -2.666760 0.556058
v 1.051660 -2.696061 0.554556
v 1.189415 -2.703814 0.493657
v 1.165179 -2.693899 0.477101
v 1.137329 -2.695874 0.459930
v 1.125257 -2.725292 0.456320
v 1.115453 -2.757506 0.454043
v 1.325736 -2.664479 0.131087
v 1.311159 -2.687039 0.119746
v 1.307435 -2.716031 0.112789
v 1.326940 -2.740270 0.118727
v 1.383598 -2.640808 0.013833
v 1.367844 -2.665510 0.001979
v 1.366620 -2.695032 -0.004129
v 1.421040 -2.648251 -0.110258
v 1.419473 -2.675839 -0.113900
v 1.487968 -2.687161 -0.338443
v 1.489889 -2.735502 -0.418799
v 0.808775 -1.831723 1.274262
v 0.910503 -1.728221 1.443496
v 0.839136 -1.628400 1.385753
v 0.599202 2.239489 7.098027
v 0.036227 -1.272254 3.867195
v 2.885840 -2.365778 3.157527
v 2.940348 -2.413929 3.223677
v 2.984869 -2.463676 3.299210
v 3.023701 -2.405032 3.317125
v 0.413887 -1.776703 3.287774
v 0.288528 -1.708879 3.367138
v 0.307261 -1.770742 3.394072
v 0.095893 -2.051701 3.418896
v 0.193126 -1.923745 3.412884
v 0.279608 -1.858414 3.445574
v 0.285772 -2.143365 3.338212
v 0.357068 -2.033100 3.353581
v 1.054792 -2.676068 3.021188
v -1.467152 -0.809499 3.602593
v -1.427755 -0.550093 3.572752
v -1.504637 -0.680079 3.487702
v -1.510366 -0.538875 3.347083
v -1.205950 1.453769 6.051940
v -1.365512 1.505515 5.951971
v -1.499066 1.568474 5.829685
v -1.603086 1.639776 5.686007
v -1.672922 1.717642 5.523509
v -1.702902 1.800347 5.346421
v -1.687086 1.883834 5.167339
v -1.633121 1.963224 5.000792
v -1.210531 1.752536 6.187665
v -1.366274 1.797349 6.082574
v -1.499019 1.852739 5.958059
v -1.601701 1.917567 5.809863
v -1.672137 1.989334 5.642849
v -1.699736 2.066109 5.462262
v -1.684243 2.143277 5.281405
v -1.630459 2.215494 5.112379
v -1.541707 2.282339 4.954602
v -1.411395 2.346163 4.803697
v -1.236488 2.406874 4.664863
v -1.020228 2.461925 4.552621
v -0.775771 2.508434 4.479622
v -0.518600 2.545001 4.451469
v -0.263388 2.569106 4.468464
v -0.022592 2.579503 4.526516
v 0.193815 2.574814 4.620714
v 0.378481 2.553895 4.744422
v 0.527927 2.517919 4.886737
v -1.364903 2.100444 6.187210
v -1.494602 2.149629 6.058672
v -1.596895 2.207179 5.909256
v -1.665432 2.271759 5.741151
v -1.693826 2.341277 5.561460
v -1.679185 2.412218 5.379389
v -1.624785 2.478699 5.206037
v -1.534842 2.538173 5.042587
v -1.405027 2.591812 4.887022
v -1.230464 2.640714 4.747925
v -1.018486 2.684870 4.636759
v -0.780850 2.722926 4.564572
v -0.530888 2.753691 4.537784
v -0.283126 2.775053 4.554864
v -0.049300 2.785143 4.614272
v -1.345366 3.891343 6.567819
v 0.142270 -1.451868 3.569606
v 0.226777 -1.379508 3.658340
v -0.166603 -3.368634 5.275127
v 0.427837 -1.602418 3.539010
v 0.429151 -1.674898 3.559479
v -1.147193 4.563680 6.598788
v -2.571949 -2.489631 3.910525
v -2.539256 -2.501996 3.867098
v -2.550318 -2.489589 3.855823
v -2.527760 -2.502454 3.777587
v -0.530696 -2.087011 3.962258
v -0.451653 -2.066203 3.975287
v -0.459954 -2.178161 4.181830
v -0.465715 -2.286768 4.393592
v 2.965263 -3.418468 0.866686
v 2.903826 -3.235374 0.909064
v 2.905060 -3.228240 0.878199
v 2.918507 -3.219984 0.857167
v 2.879284 -3.170738 0.888027
v 2.898949 -3.160768 0.860655
v 2.929402 -3.150010 0.857638
v 0.902005 1.657444 -0.226018
v 1.032093 1.602487 -0.322151
v 1.016903 1.639323 -0.311026
v 0.999844 1.693568 -0.309863
v -0.306462 -2.211704 4.659100
v -0.344198 -2.214753 4.707518
v 3.410122 -3.970127 0.376070
v 3.394526 -3.980744 0.394300
v -1.969842 -3.143546 1.288746
v 0.222844 2.879776 7.737433
v 0.454361 -1.244093 4.244897
v 0.552525 -0.973858 4.335100
v 0.583184 -1.508789 4.443674
v 0.541934 -1.483046 4.376480
v 0.595000 -1.511328 4.405478
v 0.638856 -1.540632 4.434376
v -0.417040 -4.331482 5.382537
v 3.507978 -3.638305 2.482179
v 3.443487 -3.847925 2.415103
v 1.674503 2.585163 -0.942964
v 1.658956 2.606423 -0.965263
v 1.674465 2.600985 -0.933164
v 0.734656 -1.554222 4.511470
v 0.705165 -1.579442 4.482744
v 0.673652 -1.478371 4.428462
v 0.706145 -1.512033 4.454866
v 0.576511 -1.361775 4.411910
v 0.621501 -1.407353 4.442974
v 0.658076 -1.454098 4.465509
v 0.578759 -1.421460 4.464233
v 0.623501 -1.463645 4.482437
v 0.407526 -1.201697 4.296556
v 0.726083 -1.539605 4.479355
v -5.457553 -7.014612 -0.816423
v -5.416633 -7.042784 -0.815613
v -5.439679 -7.019540 -0.795645
v -5.430688 -7.032391 -0.927594
v -5.429817 -7.049526 -0.901417
v -5.424975 -7.058201 -0.876072
v -5.396344 -7.017745 -0.798461
v -5.457165 -7.012207 -0.915330
v -5.458639 -7.031250 -0.889987
v -5.451493 -7.041430 -0.862880
v -5.323583 -7.013482 -0.858009
v -5.304438 -6.963653 -0.837526
v -5.282915 -6.899207 -0.812363
v -5.257163 -6.824607 -0.782692
v -5.231200 -6.744190 -0.752337
v -5.200270 -6.664375 -0.719361
v -5.165433 -6.585940 -0.684818
v -5.139272 -6.502012 -0.654494
v -5.103579 -6.422492 -0.618733
v -5.070970 -6.338195 -0.585011
v -5.039965 -6.251033 -0.550903
v -5.313266 -7.004189 -0.887177
v -5.294445 -6.951691 -0.866771
v -5.270077 -6.886285 -0.840121
v -5.241390 -6.812260 -0.810522
v -5.213300 -6.732271 -0.780614
v -5.181019 -6.652127 -0.750001
v -5.149447 -6.571027 -0.718540
v -5.113709 -6.490109 -0.685138
v -0.028506 -3.253883 4.775455
v -0.030130 -3.246972 4.762513
v 2.908540 -3.241451 0.941739
v 2.895647 -3.175507 0.951432
v 2.875918 -3.177514 0.920757
v 3.379861 -3.970531 0.410830
v 3.370285 -3.967877 0.400447
v 3.366802 -3.960570 0.387093
v 3.373702 -3.945677 0.380182
v 3.358194 -3.953716 0.434355
v 3.346241 -3.950523 0.421350
v 3.344084 -3.938301 0.408491
v 3.347041 -3.923130 0.398267
v 3.104772 -3.712644 0.686273
v 3.413629 -3.452696 2.681782
v 3.375002 -3.677296 2.682814
v 3.346435 -3.693432 2.639599
v 3.406011 -3.856563 2.620271
v 3.401274 -3.860805 2.553821
v 3.423180 -3.928217 2.533151
v 3.408143 -3.863218 2.491720
v 0.681180 -0.229582 1.889889
v 0.736728 -0.049934 2.190754
v 0.926867 -0.174040 2.297322
v 0.760207 0.125687 2.469678
v 0.931851 0.006822 2.572415
v 0.585593 0.399249 2.656719
v 0.769803 0.306203 2.737027
v 1.892732 -1.304475 3.230980
v 1.981088 -1.419641 3.146808
v 2.076505 -1.531373 3.070513
v 2.178953 -1.635094 3.009582
v 2.284362 -1.730871 2.968225
v 2.388242 -1.826644 2.944973
v 2.488918 -1.927343 2.942617
v 2.587955 -2.023888 2.973396
v 1.973960 -1.476475 3.230296
v 2.062961 -1.581658 3.147586
v 2.163372 -1.678197 3.084061
v 2.260732 -1.770875 3.036376
v 2.355686 -1.859150 3.009063
v 2.447915 -1.946030 3.007189
v 2.535531 -2.025251 3.037265
v 2.127357 -1.739361 3.134666
v 2.225539 -1.822088 3.089144
v 2.316661 -1.900633 3.059427
v 2.404016 -1.973809 3.053383
v 2.488241 -2.041014 3.081360
v 2.175083 -1.888800 3.113262
v 2.268913 -1.953156 3.074369
v 2.359265 -2.016295 3.067549
v 2.446805 -2.074358 3.098332
v 2.322190 -2.063836 3.058802
v 2.409346 -2.120784 3.091023
v 2.392524 -2.171305 3.039725
v 2.571189 -2.096256 3.134426
v 2.529609 -2.128335 3.150597
v 2.497536 -2.173649 3.144783
v 2.498749 -2.218617 3.086793
v 2.585993 -2.266632 3.157660
v 2.587344 -2.393528 2.824438
v 2.931884 -4.112127 4.231205
v 2.931873 -4.114031 4.218814
v 2.921453 -4.107782 4.226712
v 2.958343 -4.072606 4.217553
v 2.945680 -4.099234 4.228930
v 2.945032 -4.099452 4.217079
v 0.392092 2.643655 7.342710
v 0.456626 2.568414 7.281083
v 0.436788 2.578918 7.246502
v 0.488922 2.522219 7.251888
v 0.470958 2.530114 7.219711
v 4.489191 -5.951552 2.481658
v 4.462443 -5.949898 2.496545
v 1.685992 2.579301 -0.853940
v 1.844388 2.971877 -0.769886
v 1.816154 2.970761 -0.796866
v 1.889055 3.029289 -0.795319
v 1.858909 3.036608 -0.789165
v 1.904188 3.067611 -0.882902
v 1.908305 3.076832 -0.849403
v 1.898252 3.087436 -0.820566
v 1.868056 3.094662 -0.812073
v 1.884954 3.121246 -0.924886
v 1.910298 3.125042 -0.902871
v 1.913507 3.135406 -0.869843
v 1.905874 3.145668 -0.843164
v 1.891530 3.177858 -0.941628
v 1.914673 3.181109 -0.921611
v 1.919111 3.190938 -0.891201
v 1.905428 3.200651 -0.868235
v 1.917497 3.235269 -0.939042
v 1.922015 3.245176 -0.910410
v 1.908360 3.254099 -0.889927
v 1.919996 3.287060 -0.955983
v 1.923506 3.296782 -0.929322
v 1.921263 3.336901 -0.971878
v 1.926828 3.345534 -0.948676
v 1.925386 3.382680 -0.989035
v 1.928026 3.391007 -0.967326
v 1.925679 3.425822 -1.002006
v 1.924694 3.461269 -1.013133
v 1.183673 -2.865406 3.058559
v 1.221242 -2.883299 3.020371
v 1.169874 -2.983408 3.154994
v 1.194368 -2.935376 3.160338
v 1.240962 -2.914339 3.145467
v 1.281564 -2.934516 3.115666
v 1.259889 -2.994798 3.100602
v 1.321298 -2.977516 3.230874
v 1.303666 -3.018719 3.230307
v 1.226255 -3.007514 3.263240
v 1.247182 -2.965993 3.261940
v 1.290955 -2.950108 3.247812
v 1.289916 -2.981780 3.365424
v 1.326112 -2.976414 3.354432
v 1.350157 -2.996727 3.345746
v 1.323348 -2.990683 3.461330
v -1.879525 -2.427268 3.248693
v -1.904223 -2.440684 3.122605
v -1.883036 -2.457892 3.101670
v -1.878976 -2.417711 2.982474
v -1.883795 -2.440203 2.839139
v 2.587504 -2.317534 2.576378
v 2.392421 -2.093999 2.550664
v 2.512409 -2.178892 2.544242
v 2.621264 -2.259779 2.541903
v 2.435015 -2.018680 2.550356
v 2.552536 -2.112083 2.546784
v 2.593210 -2.055562 2.576865
v 2.625450 -2.019938 2.651535
v 2.648831 -2.009736 2.747064
v 3.385263 -3.936448 0.382477
v 3.361888 -3.914132 0.404959
v 3.089134 -3.704288 0.662872
v 3.087605 -3.689293 0.641548
v 3.094170 -3.671173 0.625351
v 3.116010 -3.659813 0.629077
v 3.137082 -3.656367 0.641754
v 2.948102 -3.412708 0.844297
v 2.957782 -3.399390 0.818492
v 2.969327 -3.385487 0.796110
v 2.992987 -3.374760 0.788755
v 3.016530 -3.371616 0.801792
v 3.026050 -3.381618 0.827220
v 2.946386 -3.210310 0.856377
v 2.977225 -3.202987 0.861410
v 2.988286 -3.207502 0.888485
v 2.959391 -3.141690 0.870631
v 2.968135 -3.143122 0.901486
v 3.142387 -3.692027 0.692368
v 0.919622 -2.089932 2.874723
v -0.460648 -4.484914 5.490311
v -0.424427 -4.445602 5.476940
v 1.736134 -1.770141 1.668119
v 1.630162 -1.724171 1.755791
v 1.690648 -1.738684 1.825062
v 1.520494 -1.667969 1.843062
v 1.582557 -1.684183 1.923965
v 1.628037 -1.733660 1.987754
v 1.479785 -1.616296 2.022886
v 1.520529 -1.675090 2.098929
v 1.547494 -1.763702 2.150011
v 1.376525 -1.550961 2.106243
v 1.419162 -1.613631 2.204792
v 1.447830 -1.723466 2.267010
v 1.456386 -1.875579 2.264772
v 1.289527 -1.481561 2.172470
v 1.331580 -1.548326 2.297620
v 1.363695 -1.683041 2.377914
v 1.370228 -1.887836 2.367824
v 1.253372 -1.467969 2.719365
v 0.352565 -1.081836 4.273509
v -0.358283 -2.361165 4.587294
v -0.300424 -2.311662 4.550870
v -0.250350 -2.259581 4.556695
v -0.273498 -2.217626 4.607294
v -0.322603 -1.736420 3.843467
v -0.110313 -1.731508 3.477001
v -0.086359 -1.595677 3.484616
v 0.098460 -1.525154 3.505985
v 0.239310 -1.561742 3.459712
v -0.188813 -1.228909 3.919551
v 3.283423 -2.761482 3.798663
v 3.241372 -2.825960 3.835268
v 3.344337 -2.902250 3.816783
v 3.445791 -2.975831 3.829160
v 3.515509 -3.070518 3.866927
v 3.564412 -3.168050 3.908922
v 3.588200 -3.267689 3.957515
v 3.605970 -3.363990 4.012881
v 3.425055 -3.014177 3.786084
v 3.500443 -3.098315 3.826974
v 3.543624 -3.192771 3.872782
v 3.569990 -3.286899 3.930185
v 3.522747 -3.103857 3.787752
v 3.726828 -3.529416 4.115744
v 3.708688 -3.515661 4.139243
v -0.880532 -1.617956 3.949279
v -0.941551 -1.671500 3.907411
v -0.985606 -1.986125 3.543026
v -0.906971 -1.911128 3.508664
v -1.018769 -1.816942 3.428103
v -3.426462 -3.760669 -2.094927
v -3.409740 -3.725680 -2.152358
v -3.397535 -3.683472 -2.201677
v -3.150279 -3.658757 -2.125432
v -3.393544 -3.629996 -2.231738
v -3.147696 -3.598188 -2.152572
v -2.897539 -3.556890 -2.045175
v -3.397986 -3.571869 -2.241713
v -3.152036 -3.537705 -2.166762
v -2.909584 -3.490832 -2.054539
v -3.409789 -3.515821 -2.234506
v -3.169805 -3.479648 -2.146713
v -2.932712 -3.431744 -2.043199
v -3.430259 -3.474591 -2.201428
v -3.195713 -3.436551 -2.108373
v -2.968316 -3.381714 -2.006249
v -2.577016 -3.152844 -1.739666
v -3.456912 -3.452148 -2.148520
v -3.226135 -3.404927 -2.054368
v -3.009419 -3.357222 -1.946810
v -2.649920 -3.129453 -1.689942
v -3.486903 -3.445047 -2.085125
v -3.260566 -3.400316 -1.985085
v -3.051356 -3.347754 -1.880127
v -2.721311 -3.135216 -1.623442
v -2.782562 -3.169271 -1.548730
v -2.556019 -2.859310 -1.106411
v -0.834760 -1.852989 3.741389
v -2.542076 -2.574865 3.626674
v 4.501556 -5.852261 2.571776
v 4.119471 -5.133530 2.615461
v 4.088306 -5.149944 2.620900
v 4.006455 -4.993510 2.616448
v 3.978456 -5.009635 2.604940
v 3.925423 -4.837426 2.633489
v 3.896855 -4.851023 2.613769
v 3.811049 -4.689616 2.615877
v 3.726847 -4.523128 2.619046
v 4.504762 -5.943923 2.550848
v 4.530991 -5.933956 2.527122
v 4.550185 -5.924866 2.503167
v -0.120149 -3.267744 5.202223
v -0.152753 -3.302096 5.241510
v -0.184352 -3.325221 5.271610
v -0.121401 -3.300744 5.184650
v -0.151722 -3.332399 5.231758
v -0.077151 -2.677650 5.061099
v -0.117456 -2.704989 5.035109
v -0.257143 -2.495641 4.818619
v -0.138865 -2.732567 4.997259
v -0.342572 -2.442891 4.685221
v -0.235297 -2.515910 4.772114
v -0.117736 -2.748725 4.955919
v -0.068394 -3.170006 5.123029
v -0.070451 -3.035162 5.043036
v -0.060708 -3.185013 5.077673
v -1.350761 4.562014 6.405218
v -1.260708 4.560519 6.517790
v -1.259618 4.280966 6.527117
v -1.304600 4.112095 6.558843
v -1.419249 4.565303 6.272826
v -0.568827 4.731236 5.183972
v -0.734137 4.720033 5.190882
v -0.900431 4.704616 5.229601
v -1.060068 4.685073 5.300912
v -1.206979 4.667005 5.402005
v -1.328968 4.649176 5.530221
v -1.414901 4.626156 5.678322
v -1.469391 4.608172 5.833069
v -1.492389 4.595580 5.986791
v -1.473759 4.583221 6.135633
v -1.518345 4.359766 5.994545
v -1.488840 4.336559 6.143644
v -1.429016 4.314343 6.280839
v -1.352233 4.294369 6.409431
v -1.409135 4.130287 6.436125
v 0.634615 2.465908 5.041738
v 0.161014 2.783247 4.709769
v 0.340476 2.767981 4.835807
v 0.486180 2.739951 4.981939
v 0.589341 2.697726 5.142382
v -1.460214 3.914988 6.441206
v -1.551068 3.944834 6.297871
v -1.617658 3.976979 6.143947
v -1.650443 4.008463 5.977211
v -1.644011 4.038636 5.797422
v -1.603668 4.073394 5.608758
v -1.518224 4.109060 5.420547
v -1.381233 4.139426 5.251921
v -1.208864 4.169198 5.112019
v -1.014352 4.199082 5.004813
v -0.803069 4.220375 4.946487
v -0.585451 4.237207 4.930319
v -0.371772 4.255548 4.947537
v -0.168995 4.267199 5.008299
v 0.016128 4.268116 5.108214
v 0.181976 4.264322 5.237137
v -1.493722 4.154930 6.299200
v -1.558294 4.183427 6.152454
v -1.589735 4.210509 5.992445
v -1.581789 4.234304 5.820442
v -1.541909 4.263284 5.641234
v -1.464178 4.295688 5.462473
v -1.331731 4.320657 5.307399
v -1.170034 4.349067 5.176778
v -0.989878 4.378907 5.074802
v -0.790467 4.397838 5.023376
v -0.587931 4.416070 5.009065
v -0.388917 4.434012 5.025916
v -0.199259 4.446943 5.080978
v -0.027836 4.448124 5.178751
v 0.126979 4.446323 5.299280
v -1.504688 4.379332 5.835537
v -1.465347 4.404744 5.670548
v -1.397443 4.436410 5.505212
v -1.272602 4.458842 5.365266
v -1.121315 4.484787 5.249563
v -0.957194 4.513940 5.155788
v -0.775481 4.533320 5.108418
v -0.590140 4.549494 5.100469
v -0.408972 4.568862 5.112766
v -0.236141 4.581739 5.163939
v -0.082375 4.582402 5.257261
v 0.058409 4.581884 5.366907
v -0.412377 4.742341 5.201222
v -0.266932 4.750272 5.242601
v -0.137521 4.751801 5.311927
v -1.307497 -0.808485 3.770427
v -1.382882 -0.682490 3.680181
v -0.017702 -1.315491 3.740920
v 1.111194 2.579986 -0.856054
v 1.119807 2.653412 -0.910481
v 1.092218 2.747017 -0.936504
v 1.104572 2.817894 -0.985149
v 1.113171 2.887691 -1.033895
v 1.070343 2.893706 -1.034039
v 1.122897 2.956784 -1.080706
v 1.089530 2.963056 -1.077182
v 1.131504 3.029922 -1.118635
v 1.096860 3.028611 -1.128531
v 1.065811 3.022487 -1.145884
v -4.577379 -3.114640 4.579812
v -4.606762 -3.162670 4.545749
v -4.291948 -2.978603 4.152547
v -4.334392 -3.040581 4.105441
v -4.334755 -3.114212 4.085326
v -3.968762 -2.866500 3.698766
v -4.014063 -2.943686 3.638012
v -4.031338 -3.031979 3.599899
v -4.012236 -3.121559 3.590215
v -3.964288 -3.202030 3.608692
v -3.811431 -2.779819 3.489919
v -3.852576 -2.856787 3.408281
v -3.860587 -2.947953 3.350224
v -3.832843 -3.046807 3.323339
v -3.771655 -3.141102 3.336114
v -3.684356 -3.219561 3.389274
v -3.644003 -2.623747 3.298937
v -3.674156 -2.693792 3.194198
v -3.660312 -2.786316 3.121807
v -3.614258 -2.889681 3.086108
v -3.539855 -2.997423 3.093797
v -3.439738 -3.093061 3.159292
v -3.327937 -3.160139 3.275647
v -3.451711 -2.472991 3.008136
v -3.417829 -2.573137 2.919094
v -3.355922 -2.693280 2.878029
v -3.271923 -2.821333 2.890729
v -3.169708 -2.940869 2.963278
v -3.056331 -3.025175 3.097159
v -3.187352 -2.261852 2.902515
v -3.129716 -2.369285 2.801535
v -3.050435 -2.510892 2.739664
v -1.379183 -1.509021 3.520940
v -1.391349 -1.681630 3.434196
v -1.305463 -1.584141 3.475199
v -1.228317 -1.638130 3.430501
v -1.767334 -0.723542 2.968668
v -1.531844 -0.376974 2.876793
v -1.704868 -0.553772 2.739263
v -1.598890 -0.419321 2.527146
v -1.765738 -0.596785 2.364774
v 2.509051 -4.743094 1.084367
v 2.457218 -4.670861 1.329702
v 2.545196 -4.788015 0.842952
v 2.532511 -4.693692 1.093095
v 2.486167 -4.591370 1.096884
v 2.425532 -4.579333 1.334135
v 2.357008 -4.440461 1.356117
v 2.253420 -4.452963 1.592985
v 2.043657 -4.007277 1.688174
v 1.128794 -1.068237 2.077765
v -5.763976 -4.121721 6.454587
v -5.730742 -4.111471 6.440071
v -5.809513 -4.103698 6.448058
v -5.790725 -4.116449 6.453814
v -5.808697 -4.108424 6.403481
v -5.789557 -4.121343 6.409450
v -5.763962 -4.125391 6.414782
v -5.789690 -4.072727 6.484844
v -5.797810 -4.050932 6.479817
v -5.822528 -4.056651 6.476847
v -5.815034 -4.080094 6.478724
v -5.831931 -4.064173 6.444673
v -5.804181 -4.032431 6.467562
v -5.804416 -4.015430 6.450592
v -5.826472 -4.036321 6.464907
v -5.838155 -4.042299 6.441378
v -2.066452 -3.214661 -0.025987
v -5.524625 -4.286200 -3.040895
v -5.547431 -4.263750 -3.035914
v -5.563946 -4.247539 -3.000241
v 3.651739 -3.386034 3.964231
v 3.674270 -3.474313 4.029427
v 3.707790 -3.553213 4.100268
v 1.535113 -1.175194 2.890465
v 1.352064 -2.986173 3.454475
v 1.369223 -3.005794 3.448707
v 1.346190 -2.998958 3.544092
v 1.369239 -2.995098 3.539584
v 1.381660 -3.013634 3.535768
v 1.363693 -3.031380 3.567711
v 1.372655 -3.022456 3.585083
v -0.400409 -1.136308 4.020974
v -0.040118 -1.117847 4.226050
v -5.771929 -4.042456 6.474913
v 1.914773 3.487000 -1.027300
v 0.135377 -0.940320 4.353218
v 0.012549 -1.019490 4.294919
v 0.918147 0.080278 4.146862
v 0.844959 0.012925 4.349127
v 0.697490 0.098505 4.547923
v 0.749799 -0.060732 4.486489
v 0.573647 0.018790 4.651826
v 0.657441 -0.138764 4.592579
v 0.394376 0.090952 4.846607
v 0.441160 -0.071659 4.728414
v 0.555667 -0.231848 4.662714
v 0.217877 -0.002404 4.895048
v 0.292475 -0.176331 4.765561
v 0.439036 -0.346166 4.687701
v -0.014078 0.105362 5.114625
v 0.022345 -0.096006 4.910142
v 0.124518 -0.291642 4.761162
v 0.296933 -0.484240 4.662133
v 0.160185 1.382918 6.026226
v -0.068260 1.121693 5.985021
v -0.031103 -3.290465 5.233506
v -0.079343 -3.315705 5.266205
v 1.020834 1.874913 -0.442641
v -0.041812 -3.194101 5.025756
v -0.054572 -3.855384 5.231204
v -0.063545 -3.865047 5.196172
v -0.054918 -3.876784 5.165343
v -0.028018 -3.890635 5.143140
v -0.026631 -3.993444 5.201235
v 0.406661 -1.868615 3.544562
v 0.387352 -1.814909 3.532526
v 0.491255 2.280730 6.929930
v 0.518512 2.291591 6.983200
v -0.114929 -4.208737 5.341665
v -0.049174 -3.620500 5.136571
v -0.055525 -3.748441 5.162271
v -0.044462 -3.760025 5.125050
v -1.207777 -0.501246 2.005564
v 4.061323 -5.164058 2.595886
v 4.043530 -5.171949 2.562078
v 4.042914 -5.169860 2.520076
v 4.045579 -5.166260 2.478247
v 4.058949 -5.159429 2.440722
v 3.964417 -5.014764 2.566829
v 3.960737 -5.014562 2.524421
v 3.967220 -5.010166 2.481694
v 3.980781 -5.004322 2.443956
v 3.880511 -4.856970 2.573662
v 3.880667 -4.854933 2.526657
v 3.883398 -4.853389 2.480557
v 3.800344 -4.693199 2.573412
v 3.797020 -4.694093 2.527212
v 3.805075 -4.691716 2.480866
v 3.714432 -4.526942 2.573853
v 3.715084 -4.526979 2.525117
v 3.628396 -4.354745 2.572006
v 3.630100 -4.355998 2.521426
v 3.543302 -4.177285 2.562001
v -3.066238 -3.011125 4.254847
v -3.029584 -3.012917 4.229878
v -3.035625 -2.998882 4.221431
v -2.990004 -3.020615 4.202073
v -2.994434 -2.999528 4.195776
v -3.001693 -2.983392 4.186969
v -2.960813 -2.987414 4.154596
v -2.969586 -2.965812 4.146254
v -2.979900 -2.966373 4.129314
v -2.941832 -2.947881 4.089749
v -2.441528 -2.626144 3.699754
v 2.311386 -4.688233 1.526887
v 2.083880 -4.467951 1.842895
v -2.469094 -2.664859 3.510835
v 1.194139 -1.236550 2.657161
v 1.203872 -1.267887 2.767540
v 1.354587 -3.006259 3.572680
v 1.397720 -1.505226 2.752613
v 2.474614 -2.324905 2.850681
v 1.247790 -1.783670 2.793898
v 1.291746 -1.781725 2.823318
v 0.824127 -1.248892 1.279630
v 0.700769 -1.148093 1.150056
v 0.517274 -1.222892 1.025562
v 0.755772 -1.294302 1.036995
v 0.632614 -1.345414 0.957835
v 0.713629 -1.488937 0.930891
v 0.650886 -1.563402 0.934490
v -4.922390 -3.343545 5.122077
v -4.944999 -3.366716 5.097054
v -4.944149 -3.406431 5.080749
v -4.916940 -3.438243 5.085432
v -4.885345 -3.472432 5.093355
v -4.842373 -3.491700 5.115118
v -4.797356 -3.510448 5.139407
v -4.752462 -3.512536 5.171031
v -4.615181 -3.219872 4.525148
v -4.590395 -3.276774 4.525813
v -4.559155 -3.332707 4.532609
v -4.506177 -3.358452 4.561598
v -4.446627 -3.381525 4.597388
v -4.385824 -3.373631 4.641402
v -4.317424 -3.184325 4.082098
v -4.276813 -3.249678 4.097897
v -4.217328 -3.293833 4.135184
v -4.148140 -3.319659 4.186274
v -4.074495 -3.316145 4.249125
v -3.890212 -3.264822 3.656123
v -3.798299 -3.297552 3.730590
v -3.701917 -3.294677 3.824072
v -3.580873 -3.266766 3.485025
v -3.477289 -3.270861 3.609206
v -3.224214 -3.179671 3.422326
v -2.953152 -3.058571 3.263384
v 1.096125 -0.052174 3.067813
v -0.153770 -3.373019 5.292655
v -0.121564 -3.340463 5.293809
v -0.134293 -3.354778 5.245946
v -0.179425 -3.351620 5.265665
v 3.799786 -3.690304 4.290488
v -0.525697 -2.314021 4.777796
v -0.562562 -2.485559 4.912021
v -0.413148 -2.236855 4.412128
v -0.378162 -2.183325 4.389166
v -0.378976 -1.987373 4.321745
v -0.393508 -2.138414 4.484880
v -0.429203 -1.773177 4.155997
v -0.427164 -1.931744 4.371025
v -0.420768 -2.106416 4.529820
v -0.495407 -1.905088 4.400640
v -0.476157 -2.100612 4.563326
v -0.697783 -2.157613 4.213210
v -0.591248 -2.332938 4.363844
v -0.592677 -2.403614 4.453306
v -0.524145 -2.398451 4.463219
v -0.535468 -2.479953 4.544052
v -0.645198 -2.898944 5.123166
v -0.649615 -2.680620 5.030134
v -0.640131 -2.487189 4.896380
v -0.617081 -2.306190 4.753544
v -0.610689 -2.211164 4.671260
v -0.618182 -2.118227 4.573982
v -0.641122 -1.931356 4.396031
v -0.778208 -1.868002 4.129286
v -0.796581 -1.919601 4.090261
v -0.726343 -2.117783 4.248749
v -0.645054 -2.321834 4.375082
v 2.991529 -3.849940 4.217474
v 2.965635 -3.943574 4.212883
v 0.783988 -1.774371 3.143748
v -2.540807 -2.683780 3.744054
v 1.710034 2.517438 -0.886498
v 1.715279 2.460513 -0.873875
v 1.798428 2.769779 -0.730930
v 1.767310 2.774424 -0.759698
v 1.786796 2.839036 -0.770173
v 2.683592 -2.392463 2.569487
v 2.995191 -2.544058 2.494972
v 3.044008 -2.508816 2.513176
v 3.090646 -2.480251 2.549149
v 3.217665 -2.678518 2.507569
v 3.246809 -2.674817 2.571845
v 3.342930 -2.891423 2.533741
v 3.253006 -2.686367 2.647979
v 3.345545 -2.900134 2.606876
v 3.229831 -2.716453 2.726597
v 3.317692 -2.921621 2.679395
v 3.402929 -3.236964 2.640531
v 3.262445 -2.950544 2.726694
v 3.128697 -2.610934 3.631322
v 3.151734 -2.659001 3.693789
v 3.082551 -2.459607 3.517511
v 3.104340 -2.515821 3.595762
v 3.126877 -2.571339 3.668090
v 2.950477 -2.673889 3.664388
v 2.983316 -2.728666 3.728611
v 2.932782 -2.592332 3.488925
v 2.959916 -2.643612 3.562162
v 2.990586 -2.688167 3.633992
v 3.027954 -2.737342 3.691588
v 2.958663 -2.543983 3.388421
v 2.989120 -2.591838 3.467195
v 3.015404 -2.635832 3.545127
v 3.042710 -2.675787 3.616302
v 1.915529 3.503475 -1.023225
v 1.777496 2.835652 -0.815776
v 1.800428 2.898386 -0.823994
v 1.806759 2.963170 -0.840900
v 1.877037 3.305727 -0.916832
v 1.897572 3.356801 -0.926030
v 1.903007 3.400953 -0.946987
v 1.917829 3.437916 -0.973740
v 1.909379 3.441868 -0.964844
v 1.925811 3.466982 -0.999544
v 1.920721 3.472248 -0.987546
v 1.910894 3.473576 -0.982841
v -3.096715 -3.047184 4.256357
v -3.073213 -3.038879 4.224879
v -3.060520 -3.052926 4.224989
v -3.042842 -3.029077 4.187561
v -3.029103 -3.045858 4.187193
v -3.009383 -3.053069 4.194057
v -3.007751 -3.017227 4.148147
v -2.994150 -3.037937 4.145820
v -2.973711 -3.042249 4.153831
v -2.972408 -3.004216 4.105494
v -2.957885 -3.024879 4.102975
v -2.936044 -2.989790 4.060769
v 1.909259 3.507779 -1.010399
v 1.903296 3.491669 -1.003733
v -0.749392 -1.813254 4.170511
v -0.719662 -2.022678 4.328019
v -0.714386 -2.183643 4.501935
v -0.715977 -2.272739 4.582967
v -0.723162 -2.361395 4.660308
v -0.736313 -2.070167 4.289436
v -0.720817 -2.225609 4.462054
v -0.731986 -2.310346 4.540234
v -0.740626 -2.397066 4.614964
v -0.757666 -2.574530 4.753127
v -0.769822 -2.764525 4.871947
v -0.764778 -2.968721 4.964186
v -0.748684 -3.173543 5.050170
v -0.720797 -2.264688 4.425642
v -0.721483 -2.346706 4.502811
v -0.729069 -2.430063 4.576898
v -0.741456 -2.606166 4.708256
v -0.749615 -2.792460 4.821055
v -0.745752 -2.989951 4.914498
v -0.734718 -3.191810 4.996450
v -0.688090 -2.298061 4.396286
v -0.693216 -2.376903 4.474045
v -0.702192 -2.458354 4.546813
v -0.714261 -2.632994 4.670580
v -0.719116 -2.814742 4.781008
v -0.715671 -3.007741 4.872104
v -0.699251 -3.204990 4.955384
v -0.591645 -4.408742 5.315602
v -0.650530 -2.400512 4.453635
v -0.656945 -2.479695 4.527452
v -0.668995 -2.645759 4.656497
v -0.671952 -2.824761 4.761889
v -0.666892 -3.017799 4.844753
v -0.657163 -3.214083 4.925819
v -0.601256 -2.485206 4.527531
v -0.617186 -2.651162 4.653909
v -0.619767 -2.826524 4.757333
v -0.613681 -3.014729 4.842602
v -0.604194 -3.207650 4.924548
v -0.559768 -2.643770 4.672596
v -0.546180 -4.407279 5.293249
v -0.500249 -4.392472 5.290552
v -0.562968 -2.816985 4.773752
v -0.560912 -3.002543 4.858308
v -0.550767 -3.196399 4.931334
v -0.464229 -4.370900 5.308588
v 0.701363 1.710403 -0.297689
v 0.680545 1.693478 -0.347012
v 0.669674 1.672130 -0.395774
v 0.695188 1.640695 -0.440158
v 0.733869 1.610843 -0.475442
v 0.787272 1.587370 -0.493443
v 0.742070 1.813880 -0.370931
v 0.719393 1.796271 -0.416124
v 0.711425 1.772187 -0.463534
v 0.737488 1.742844 -0.503572
v 0.771968 1.713255 -0.541150
v 0.754948 1.898314 -0.481330
v 0.751852 1.872062 -0.527434
v 0.773653 1.842242 -0.570911
v 0.814479 1.815669 -0.601690
v 0.786046 1.968976 -0.590239
v 0.806554 1.940948 -0.630486
v 0.834437 2.031482 -0.689121
v -0.540879 -4.538313 5.429060
v -0.559881 -4.507299 5.483948
v -0.488006 -4.535646 5.433379
v -0.506492 -4.512201 5.499291
v -0.444497 -4.505368 5.431172
v -0.628413 -4.393506 5.359945
v -0.642483 -4.365320 5.412544
v -0.631557 -4.333531 5.464913
v -1.968860 -5.101727 0.327690
v -1.112293 0.228993 3.072975
v -0.911486 0.383951 2.926455
v -0.682705 0.528788 2.835756
v -1.292842 0.229600 3.384223
v -1.140073 0.404936 3.238942
v -0.944139 0.569576 3.121337
v -0.718662 0.708835 3.046113
v -0.483854 0.808333 3.008690
v -1.449862 0.259628 3.721044
v -1.345195 0.431976 3.567728
v -1.189234 0.603084 3.431541
v -0.991442 0.761910 3.326950
v -0.764358 0.896288 3.258961
v -0.521994 0.997204 3.222903
v -0.274249 1.059039 3.213915
v -1.559729 0.346534 4.085752
v -1.509027 0.496694 3.929687
v -1.400974 0.657250 3.774709
v -1.241762 0.816435 3.640668
v -1.044180 0.964172 3.538590
v -0.815653 1.091331 3.471107
v -0.565251 1.188942 3.435369
v -0.305609 1.252866 3.425350
v -0.050411 1.279189 3.440862
v -1.610578 0.482308 4.451086
v -1.610173 0.606405 4.301282
v -1.558660 0.742937 4.141036
v -1.450933 0.889561 3.983078
v -1.293183 1.035493 3.848232
v -1.095505 1.170677 3.747393
v -0.865876 1.288217 3.678993
v -0.610867 1.382508 3.639106
v -0.342007 1.445303 3.627985
v -0.076112 1.473042 3.644939
v 0.169272 1.468811 3.685036
v -1.359913 1.222689 5.789904
v -1.495594 1.292458 5.671876
v -1.601959 1.369223 5.535416
v -1.670874 1.452585 5.379673
v -1.700134 1.540843 5.208754
v -1.686399 1.630443 5.032939
v -1.632846 1.719083 4.866286
v -1.539957 1.807954 4.715106
v -1.405746 1.897659 4.576115
v -1.226250 1.985044 4.449066
v -1.003081 2.062500 4.345249
v -0.748116 2.125513 4.276445
v -0.478803 2.172702 4.248176
v -0.211121 2.200277 4.264311
v 0.040798 2.207816 4.319982
v 0.265718 2.194125 4.408864
v 0.457130 2.160692 4.520104
v 0.609094 2.107126 4.645622
v 0.724862 2.035835 4.779398
v -1.543803 2.040239 4.847346
v -1.412610 2.116610 4.701985
v -1.234839 2.190363 4.568161
v -1.015505 2.257013 4.457316
v -0.765512 2.311939 4.384639
v -0.501751 2.353650 4.356054
v -0.239838 2.380101 4.372059
v 0.007500 2.389845 4.428562
v 0.229081 2.381203 4.520995
v 0.416700 2.353294 4.641193
v 0.568869 2.309108 4.776201
v 0.679866 2.246484 4.921732
v 0.757458 2.167386 5.076399
v -0.412452 -4.462444 5.424749
v 1.644475 -3.215045 2.114963
v 1.508967 -2.598507 1.602290
v 1.752810 -2.860822 1.669254
v 1.713332 -2.905647 1.831147
v 1.745627 -3.157850 1.734631
v 1.687586 -2.946245 1.991846
v 1.702998 -3.198987 1.905951
v 1.813534 -3.466743 1.820842
v 0.423400 -1.714525 3.300781
v 0.305446 -1.659565 3.375908
v 1.824489 2.951314 -0.877252
v 1.834298 3.012671 -0.889533
v 1.846978 3.072052 -0.901370
v 1.903025 3.488050 -1.025538
v 1.896758 3.489750 -1.013020
v 1.788350 2.760858 -0.858548
v 1.836350 2.749071 -0.852895
v 1.802919 2.824681 -0.858531
v 1.849241 2.813970 -0.862667
v 1.814640 2.884836 -0.872883
v 1.857289 2.878727 -0.869139
v 1.866284 2.943714 -0.883169
v -0.866479 -1.833671 3.512643
v 4.082556 -5.149512 2.412981
v 4.114495 -5.137236 2.405195
v 4.005178 -4.995885 2.415307
v 4.037040 -4.985197 2.412714
v 3.904076 -4.845778 2.444527
v 3.927269 -4.839030 2.412674
v 3.962806 -4.828973 2.409666
v 3.824921 -4.686249 2.445571
v 3.852054 -4.678980 2.421800
v 3.888725 -4.669622 2.410879
v 3.722589 -4.526765 2.478291
v 3.744665 -4.522714 2.441270
v 3.769781 -4.519921 2.411314
v 3.809731 -4.508088 2.411433
v 3.642368 -4.355862 2.473854
v 3.662320 -4.354656 2.431654
v 3.694203 -4.348043 2.409007
v 3.732008 -4.339304 2.412251
v 3.550400 -4.179967 2.511085
v 3.561641 -4.185771 2.465564
v 3.589221 -4.184737 2.432791
v 3.617756 -4.182302 2.405227
v 3.651420 -4.172588 2.411563
v 3.477000 -4.019367 2.460207
v 3.488996 -4.041577 2.427842
v 3.507201 -4.052855 2.401419
v 3.533273 -4.046231 2.394432
v 3.563131 -4.028986 2.397546
v 1.377857 -3.749462 2.695419
v -0.983198 -2.247257 3.672367
v 1.805387 -4.597672 2.367380
v 1.845807 -4.559617 2.414555
v 1.974510 -4.642691 2.034269
v 1.999965 -4.605843 2.070816
v 1.992008 -4.550999 2.094783
v 1.949504 -4.464933 2.120650
v 2.153296 -4.691369 1.757276
v 2.156840 -4.630317 1.777967
v -2.584772 -2.505342 3.939982
v 2.435983 -4.713421 1.313438
v 2.325991 -4.649234 1.546713
v 2.312540 -4.572812 1.568848
v -0.008080 -3.160855 5.183803
v 0.852400 -3.131366 3.212011
v 1.603343 -3.881704 2.322889
v 1.222482 -3.303477 2.679457
v 1.307991 -3.142690 2.680654
v 1.415005 -3.179018 2.378110
v 1.839633 2.759758 -0.732343
v 1.852708 2.829863 -0.740731
v 1.814781 2.837015 -0.734687
v 1.884442 2.886268 -0.795739
v 1.866787 2.896165 -0.758534
v 1.835024 2.903911 -0.747657
v 1.803365 2.905148 -0.781936
v 1.892879 2.953347 -0.810867
v 1.876715 2.963200 -0.780113
v 1.898096 3.007611 -0.865531
v 1.901373 3.016495 -0.829136
v 1.880210 3.064100 -0.909473
v 1.455067 2.011095 -0.648890
v 1.534746 2.045769 -0.654999
v 1.605942 2.075330 -0.685366
v 1.564983 2.098266 -0.689014
v 1.634905 2.134920 -0.708803
v 1.659989 2.196341 -0.726769
v 1.718760 2.245662 -0.758447
v 1.739726 2.314545 -0.762643
v -0.213062 -2.820227 3.892437
v -0.180023 -2.815470 3.884896
v -0.189221 -2.767343 3.851348
v -0.146085 -2.874756 3.906816
v -0.148956 -2.829304 3.870744
v -0.160862 -2.777540 3.834818
v -0.124965 -2.910508 3.891102
v -0.134398 -2.868222 3.851272
v -0.147528 -2.808474 3.814866
v -0.141163 -2.992094 3.927674
v -0.143598 -2.957855 3.879684
v -0.158902 -2.921050 3.838974
v -0.194004 -3.005866 3.939012
v 0.541474 -1.885450 1.024079
v 0.415060 -1.689335 0.989084
v 0.547471 -1.781238 1.058985
v 0.660891 -1.800215 1.146318
v 0.578086 -1.721232 1.065641
v 0.671337 -1.754792 1.124592
v 2.128932 -4.899680 0.003973
v 2.105432 -4.980503 0.045999
v 1.817154 -3.913624 0.467187
v 2.115549 -4.524117 0.310865
v 2.232584 -4.719270 0.235953
v 2.306239 -4.849303 0.195116
v 2.289638 -4.925588 0.204582
v 1.273539 -2.526355 1.283592
v 1.366808 -2.755431 1.174272
v 1.485302 -3.009157 1.040410
v 1.627619 -3.282438 0.892015
v 1.947221 -3.880665 0.648102
v 2.251582 -4.483178 0.485275
v 2.367477 -4.678661 0.420551
v 2.447981 -4.795029 0.378155
v 1.402471 -2.560585 1.444906
v 1.492375 -2.781029 1.339499
v 1.603615 -3.032371 1.216163
v 1.741174 -3.301097 1.084005
v 2.047012 -3.873077 0.852083
v 2.342663 -4.453336 0.682981
v 2.454088 -4.644616 0.627990
v 1.653206 -2.817912 1.504194
v 1.688884 -3.067542 1.392076
v 1.817913 -3.333465 1.276442
v 2.112132 -3.889626 1.064695
v 2.394823 -4.433989 0.900563
v 1.750167 -3.111068 1.566072
v 1.854795 -3.377499 1.461896
v 2.136647 -3.926940 1.271423
v 1.856516 -3.425505 1.638204
v 2.120334 -3.973137 1.470051
v -0.074549 3.925057 6.731180
v -0.266567 3.893374 6.803421
v -0.467590 3.873247 6.846344
v -0.670455 3.862287 6.846314
v -0.864388 3.859275 6.813273
v -1.045304 3.863285 6.755964
v -1.207559 3.874290 6.674717
v -0.118701 4.157863 6.709222
v -0.297372 4.129014 6.777692
v -0.484515 4.109968 6.818006
v -0.671470 4.097192 6.819222
v -0.851039 4.090387 6.786202
v -1.020183 4.090816 6.732546
v -0.018416 4.376426 6.578383
v -0.172242 4.344518 6.661235
v -0.337894 4.319383 6.719301
v -0.506746 4.300038 6.759267
v -0.676505 4.285142 6.765320
v 0.110985 4.690635 6.266343
v -0.718636 -0.186632 1.784104
v -0.840103 -0.321106 1.835383
v -0.687182 -0.207289 1.818966
v 3.111184 -2.927074 3.997304
v -0.557179 0.167516 1.568622
v -0.482431 0.104907 1.652327
v -0.416555 0.014415 1.686327
v -0.837762 0.085098 1.369220
v -0.784263 0.093681 1.501929
v -0.721741 0.074349 1.614169
v -0.653097 0.023340 1.695866
v -0.592735 -0.047816 1.732729
v -0.987936 -0.255426 1.007451
v -1.029377 -0.144900 1.129745
v -1.028419 -0.065105 1.271462
v -0.993096 -0.027326 1.412595
v -0.942771 -0.017008 1.539923
v -0.886074 -0.030037 1.645912
v -0.823668 -0.069793 1.725526
v -0.765055 -0.127565 1.768822
v 0.373117 2.654748 7.313001
v 0.343759 2.635179 7.307185
v 0.342808 2.609602 7.332417
v 0.402357 2.558353 7.245096
v 0.391794 2.532103 7.276393
v 0.414777 2.484602 7.251744
v 3.924154 -4.649779 2.568643
v 3.998671 -4.811249 2.558348
v 4.077501 -4.965950 2.551090
v 4.159216 -5.116409 2.544394
v 3.468715 -3.643172 2.667942
v 3.529310 -3.814479 2.659512
v 3.560069 -3.895863 2.655030
v 3.593499 -3.978006 2.650802
v 3.663110 -4.151650 2.647415
v 3.739734 -4.325110 2.628499
v 3.820524 -4.493514 2.619914
v 3.902111 -4.656138 2.606524
v 3.988709 -4.811612 2.599723
v 4.061966 -4.969253 2.591453
v 4.145210 -5.121652 2.583828
v 3.421296 -3.658291 2.694755
v 3.483955 -3.827513 2.681649
v 3.514757 -3.907242 2.676556
v 3.549689 -3.988010 2.674265
v 3.623510 -4.160504 2.668125
v 3.702607 -4.335951 2.655154
v 3.788085 -4.503851 2.654140
v 3.873298 -4.665715 2.636854
v 3.955144 -4.825008 2.616866
v 4.037269 -4.977586 2.613376
v 3.436795 -3.843068 2.670753
v 3.463697 -3.920764 2.664475
v 3.499078 -3.999679 2.661582
v 3.578262 -4.170821 2.662693
v 3.663259 -4.346458 2.656462
v 3.751592 -4.515162 2.651078
v 3.839350 -4.678587 2.642550
v 3.434510 -3.928013 2.606523
v 3.465024 -4.004616 2.601372
v 3.552323 -4.175523 2.614177
v 3.637153 -4.352972 2.620140
v 1.696557 -0.965138 3.491583
v 1.700070 -1.016900 3.627891
v 1.685896 -1.081662 3.584960
v 1.656493 -1.225245 3.669645
v 1.568415 -1.385926 3.753414
v 0.861662 -1.152984 1.479014
v 0.669847 -1.011687 1.303893
v 1.373030 -1.795111 1.650815
v 1.269996 -1.773075 1.692306
v 1.170161 -1.746310 1.705444
v 1.074441 -1.688097 1.682615
v -1.153813 -2.343025 3.676567
v -1.273271 -3.607695 0.177224
v -1.078903 -3.483681 0.141193
v -0.991085 -3.753841 0.018591
v -0.385384 -2.002300 4.006362
v -0.397730 -2.127532 4.216260
v -0.355929 -1.918220 4.057085
v -0.365896 -2.055869 4.268305
v -0.373225 -1.836594 4.111477
v 0.242601 -0.455104 1.358147
v 0.229238 -0.326965 1.467975
v 0.113616 -0.446042 1.294738
v 0.140540 -0.341067 1.394386
v 0.107653 -0.244474 1.480808
v 0.093478 -0.233370 1.441942
v 0.030386 -0.149452 1.525371
v 0.089156 -0.419766 1.252490
v 0.119234 -0.327094 1.352288
v 0.108283 -0.379813 1.209182
v 0.141271 -0.293429 1.315445
v 0.117623 -0.199775 1.409253
v 0.054366 -0.108122 1.488613
v -0.043700 -0.023735 1.558312
v 0.164701 -0.330243 1.160874
v 0.192332 -0.246280 1.272221
v 0.174826 -0.148359 1.370607
v 0.122816 -0.048863 1.451151
v 0.045459 0.050422 1.512590
v 0.185140 -0.321555 0.980361
v 0.244418 -0.261243 1.100088
v 0.269407 -0.178610 1.214030
v 0.260154 -0.080680 1.313919
v 0.224280 0.025024 1.392037
v 0.276473 -0.222556 0.902981
v 0.334243 -0.168499 1.020480
v 0.360337 -0.089677 1.130896
v 0.358989 0.005807 1.224711
v 0.367817 -0.112931 0.816445
v 0.421523 -0.060265 0.924923
v 0.451118 0.012818 1.024910
v 0.458477 -0.002160 0.721182
v 0.512376 0.048213 0.818148
v 0.539985 0.120059 0.904927
v 0.542636 0.111691 0.620083
v 0.595294 0.160000 0.704561
v 0.620379 0.226457 0.517624
v 0.683093 0.438365 0.259613
v 0.208255 2.791416 7.609225
v 3.411857 -3.961638 2.448015
v 3.417281 -3.996300 2.420756
v 3.380993 -3.904831 2.423021
v 3.379261 -3.935858 2.400487
v 3.374368 -3.971562 2.376744
v 3.390870 -3.996541 2.341488
v 3.416441 -4.011178 2.306690
v -0.241309 -1.429229 3.677762
v -0.352163 -1.348637 3.772038
v 0.305526 -1.511042 3.503706
v 2.609122 -2.505903 1.035076
v 2.582952 -2.404119 1.019360
v 2.574379 -2.449367 1.063992
v 1.888824 -1.370788 3.319189
v 1.938488 -1.559052 3.285409
v 2.030751 -1.651558 3.203711
v 1.870347 -1.661679 3.298275
v 1.969206 -1.741633 3.221469
v 2.072628 -1.817222 3.157318
v 1.784706 -1.766683 3.266049
v 1.893873 -1.835266 3.197504
v 2.006153 -1.898718 3.139844
v 2.117062 -1.959607 3.099416
v 2.221912 -2.011921 3.064642
v 1.818135 -1.918571 3.141210
v 1.939540 -1.971696 3.090706
v 2.059623 -2.025659 3.055073
v 2.175869 -2.075010 3.027413
v 2.288611 -2.119173 3.014282
v 1.750074 -1.980953 3.063018
v 1.880145 -2.025588 3.017467
v 2.008729 -2.075612 2.985150
v 2.133785 -2.126987 2.961418
v 2.256381 -2.175958 2.950855
v 2.380629 -2.220906 2.957100
v 1.831615 -2.048633 2.920142
v 1.967938 -2.097298 2.892410
v 2.099577 -2.151166 2.870825
v -0.142695 -2.468228 3.562034
v 0.028511 -2.486761 3.496583
v 0.308796 1.385871 5.934184
v 0.432789 1.415974 5.850966
v 0.540524 1.467965 5.773225
v 0.630701 1.570257 5.707716
v 0.143568 1.138759 5.901380
v 0.317959 1.170188 5.812184
v 0.465596 1.220093 5.722611
v 0.591554 1.288154 5.632708
v 1.775235 -1.832972 1.521930
v 1.666190 -1.794298 1.595780
v 1.554989 -1.752062 1.674076
v 1.442613 -1.707501 1.747193
v 1.334925 -1.666989 1.806764
v 1.412657 -1.608745 1.921380
v 1.236594 -1.625557 1.849071
v 1.313035 -1.550777 1.981735
v 1.149384 -1.561950 1.865283
v 1.226563 -1.488299 2.026581
v 1.168209 3.792445 -1.626569
v 1.170561 3.783976 -1.641216
v 1.166417 3.775399 -1.656372
v 1.170624 3.756607 -1.607857
v 1.174822 3.747523 -1.624678
v 1.174281 3.714412 -1.584785
v -2.962354 -2.665033 2.739977
v -2.871870 -2.800874 2.822038
v -2.778047 -2.891941 2.964115
v -3.058106 -2.160553 2.890418
v -2.988985 -2.269981 2.789738
v -2.896362 -2.417948 2.724786
v -2.801159 -2.582268 2.715562
v -2.714129 -2.732075 2.779293
v -2.859309 -2.162596 2.789889
v -2.756350 -2.319959 2.728468
v -2.651209 -2.491084 2.716193
v 2.662601 -2.198856 2.538298
v 2.700932 -2.148984 2.572069
v 2.735826 -2.112939 2.632715
v 2.761004 -2.106274 2.721852
v 2.775608 -2.140097 2.827090
v -0.515982 -2.794784 4.816612
v -0.511289 -2.982194 4.897818
v -0.508380 -3.176082 4.972590
v -0.428967 -4.350272 5.334381
v -0.485546 -2.764617 4.879433
v -0.481634 -2.955791 4.960837
v -0.481069 -3.153957 5.031092
v -0.477825 -2.928946 5.033218
v -0.473218 -3.132751 5.099225
v -0.511645 -2.908287 5.095140
v -0.504087 -3.115966 5.161542
v -0.563594 -3.109400 5.200846
v -0.298520 -2.432857 4.626500
v -0.238670 -2.387072 4.595208
v -0.205817 -2.334581 4.611382
v -0.109603 -2.448507 4.734848
v -0.209767 -2.288312 4.665496
v -0.099599 -2.405993 4.775669
v -0.237398 -2.268825 4.722828
v -0.119766 -2.382568 4.824362
v -0.282348 -2.285379 4.768953
v -0.171557 -2.397291 4.858138
v -0.025128 -2.662930 5.059187
v 0.661546 2.172982 6.753872
v 0.597634 2.181458 6.740537
v 0.693263 2.025469 6.656325
v 0.648682 2.059953 6.639780
v 0.583922 2.078292 6.638543
v 0.515794 2.071096 6.659819
v 0.655648 1.935180 6.479674
v 0.617123 1.985247 6.472616
v 0.544587 2.010794 6.482558
v 0.464125 2.002523 6.511412
v 0.398420 1.963463 6.552548
v -0.282735 -3.847358 -0.122006
v -0.073200 -4.441291 -0.335538
v 0.025238 -4.841519 -0.472065
v 0.034388 -3.754941 -0.087329
v 0.252800 -4.374278 -0.291694
v 0.359475 -4.815469 -0.432037
v 0.376461 -4.942337 -0.448978
v 0.383831 -5.030421 -0.412219
v 0.325395 -3.662257 -0.028900
v 0.577510 -4.303014 -0.233649
v 0.709052 -4.776391 -0.379131
v 0.730357 -4.915679 -0.399669
v 0.377144 -3.251693 0.186266
v 0.572063 -3.564790 0.047249
v 0.870090 -4.228193 -0.164123
v 1.036145 -4.737825 -0.322489
v 0.580890 -3.170679 0.290536
v 0.779264 -3.472620 0.141593
v 1.107745 -4.156705 -0.072962
v 0.623199 -2.844236 0.553056
v 0.777860 -3.103325 0.415888
v 0.967310 -3.395972 0.256956
v 0.833008 -2.795910 0.692474
v 0.971306 -3.051332 0.556427
v 1.147656 -3.339012 0.392353
v 0.932324 -2.538718 0.948317
v 1.030664 -2.761494 0.844257
v 1.113180 -2.521757 1.114236
v -1.990482 -2.444144 3.274503
v -0.066023 -4.060468 5.298393
v -0.086102 -4.145492 5.331465
v -0.071824 -3.960755 5.261166
v -0.087055 -4.056729 5.294702
v -0.103558 -4.143190 5.320876
v 3.096486 -3.012886 2.679366
v 3.139419 -3.001743 2.731219
v 3.182925 -3.311079 2.593758
v 3.203090 -3.306252 2.654932
v 3.239734 -3.294962 2.701100
v 3.300903 -3.272935 2.704369
v 3.258745 -3.512294 2.588225
v 3.274081 -3.505546 2.651876
v 3.314581 -3.489733 2.686560
v 3.362319 -3.471260 2.698979
v 3.337706 -3.706259 2.521334
v 3.333214 -3.704606 2.580755
v 0.204377 -1.763121 3.448508
v 0.081584 -1.811467 3.459052
v 0.178421 -1.688574 3.428250
v -1.124082 -0.488233 1.845574
v -1.109935 -0.539094 1.867000
v 1.414935 -1.550630 3.695690
v 1.577609 -1.424296 3.664133
v 1.630809 -1.452486 3.579316
v 1.720742 -1.316838 3.550321
v 1.506985 -2.794670 -0.504977
v 0.714989 -1.789272 0.925072
v 0.822269 -2.304702 0.865608
v 0.921165 -2.616075 0.740023
v 0.942637 -2.632418 0.784065
v 0.979619 -2.698276 0.734387
v 1.064667 -2.788690 0.612700
v 1.099548 -2.776447 0.626170
v 1.149689 -2.813867 0.479916
v 1.180252 -2.797986 0.495869
v 0.802323 -1.628008 1.131965
v 0.834720 -1.550831 1.100681
v 0.880138 -1.745579 1.010162
v 0.882809 -1.724273 0.955935
v 0.852340 -1.720771 0.909078
v 0.804168 -1.730985 0.880195
v 0.753596 -1.756286 0.888333
v 0.940013 -1.913967 0.912497
v 0.911783 -1.909127 0.857540
v 0.859241 -1.916784 0.836277
v 0.806564 -1.933796 0.851425
v 0.764709 -1.953615 0.891773
v 0.919037 -2.251119 0.761448
v 0.865783 -2.265143 0.772116
v 0.829893 -2.285098 0.810450
v 0.953712 -2.557716 0.666636
v 0.923417 -2.588176 0.693914
v 0.960796 -2.648441 0.659351
v 0.957375 -2.679333 0.695614
v 1.041833 -2.762640 0.585092
v 1.127361 -2.788767 0.463214
v 0.541766 1.905816 6.061190
v 0.537477 1.944808 5.952710
v 0.429232 2.003253 6.077787
v 0.435009 2.144758 6.080591
v 0.700672 2.148968 6.787659
v 0.680169 1.945513 6.711988
v 0.702933 1.984317 6.682771
v 0.648871 1.888458 6.502343
v -1.651098 -2.276351 3.423245
v -1.520401 -2.130929 3.465124
v -1.418032 -2.260531 3.552864
v 3.020217 -2.733730 3.965103
v -5.732977 -4.055874 6.459650
v -0.488900 -0.782434 0.920541
v -0.297665 -0.765997 0.990110
v -0.001822 -1.103591 0.948510
v -0.279108 -0.908105 0.948519
v -0.002385 -0.860699 1.035727
v -0.702588 -0.564299 0.830943
v -0.581023 -0.629860 0.843800
v 0.994584 -1.577474 1.638711
v 3.128434 -3.255635 4.289287
v 3.095787 -3.254523 4.264658
v 3.069027 -3.387667 4.286884
v 3.078018 -3.261609 4.227728
v 3.066817 -3.389777 4.243586
v 3.042828 -3.512429 4.247325
v 3.042452 -3.635308 4.218098
v 3.188752 -2.964415 4.194627
v 3.186925 -3.114172 4.254608
v 3.140726 -3.112297 4.260335
v 0.532249 -1.309700 4.380542
v 0.474813 -1.328961 4.410588
v 0.529527 -1.375849 4.438528
v 0.496452 -1.408403 4.420849
v 0.545289 -1.450297 4.456696
v 0.599152 -1.391833 4.363931
v 0.641209 -1.437263 4.395286
v 0.470447 2.217420 7.096839
v 1.201428 -1.754824 3.451890
v 1.817560 -1.267781 3.410385
v 1.783086 -1.379120 3.472995
v 1.698488 -1.502109 3.487240
v 1.496887 -1.570578 3.572620
v 1.350040 -1.669568 3.534961
v 1.213480 -1.617084 3.693599
v 1.010154 -1.638141 3.627214
v 1.053016 -1.492319 3.839460
v -1.134108 -0.398885 1.044461
v -1.181301 -0.279491 1.171740
v -1.183208 -0.196122 1.312325
v -1.149864 -0.154779 1.450202
v -1.101496 -0.142070 1.571697
v -1.048174 -0.149530 1.671955
v -1.339675 -0.431529 1.212153
v -1.343856 -0.340565 1.352836
v -1.309396 -0.295182 1.486473
v -1.503465 -0.601845 1.258417
v -1.029000 -0.373265 1.836439
v -0.880836 -0.279871 1.814748
v -0.985501 -0.429549 1.838322
v -0.142785 -2.217941 3.517565
v 0.041030 -2.255000 3.454350
v 2.193944 -1.988898 1.277121
v 2.441082 -2.104004 1.201425
v 2.517525 -2.205582 1.136499
v 1.351108 -3.020893 3.572858
v 1.036843 -2.681854 2.879361
v 1.260343 -3.038425 3.243881
v 1.299105 -3.040459 3.357972
v -0.386829 -2.076311 3.744873
v -0.593669 -1.999332 3.768436
v -0.513082 -2.033701 3.790704
v 0.411331 2.523063 7.310136
v 0.433245 2.474627 7.287357
v 0.261810 2.721713 7.423217
v 0.258295 2.695429 7.440275
v -0.594941 0.208744 2.392396
v -0.792501 0.071361 2.441874
v 0.925453 0.192692 2.839425
v 1.035211 0.071969 2.951465
v 0.595801 0.590884 2.905337
v 0.772240 0.500486 2.992284
v 0.916990 0.392716 3.097584
v 1.016981 0.273995 3.214667
v 1.073189 0.142505 3.342993
v 0.140531 0.014690 1.874899
v -0.021059 0.045922 1.900612
v -0.080685 -0.084481 1.580866
v -0.073971 -0.090528 1.617991
v 0.027320 -0.170401 1.560811
v -0.061349 -0.085885 1.677204
v 0.057584 -0.151112 1.619451
v 0.156672 -0.227882 1.546056
v -0.040177 -0.044733 1.765213
v 0.102052 -0.088837 1.718165
v 0.234924 -0.160284 1.662595
v 0.372021 -0.257738 1.613077
v -2.002713 -2.617432 1.560354
v -2.151963 -2.638649 1.569671
v -2.266941 -2.671260 1.540009
v -2.232319 -2.556458 1.283733
v -2.363347 -2.610773 1.261814
v -2.375801 -2.452921 1.050500
v -2.530540 -2.533216 1.031291
v -2.585361 -2.360247 0.880909
v -2.698201 -2.620075 0.997783
v -2.758456 -2.464101 0.861223
v -2.843680 -2.296309 0.817869
v -2.932282 -2.560213 0.826060
v -3.013821 -2.410568 0.775841
v -3.098903 -2.648100 0.778281
v -3.176070 -2.517509 0.733099
v -3.324999 -2.609162 0.678755
v 0.456291 -1.954970 3.593687
v 0.496495 -1.985476 3.597899
v -2.570391 -2.555231 3.779406
v -2.582793 -2.529208 3.853561
v -2.572658 -2.523007 3.766926
v 2.651754 -2.369631 1.275856
v 2.638108 -2.340985 1.376982
v 2.590917 -2.362318 1.435996
v 2.528234 -2.406287 1.461718
v 2.565614 -2.239975 1.359825
v 2.526635 -2.272764 1.424247
v 2.469725 -2.327157 1.450467
v 3.315514 -3.677092 2.076729
v 3.442887 -3.880382 2.297818
v 3.429099 -3.856610 2.330090
v 3.410171 -3.847461 2.354613
v 3.265076 -3.747945 2.036837
v 3.300967 -3.715637 2.045475
v 2.893147 -3.372313 1.762276
v 2.083018 -1.665996 2.653985
v 1.879876 -1.396677 2.836455
v 2.004081 -1.512759 2.774336
v 2.130455 -1.616772 2.731749
v 2.258112 -1.716904 2.702830
v 1.935979 -1.373859 2.938851
v 2.047398 -1.492582 2.874041
v 2.163381 -1.599682 2.825094
v 2.284415 -1.697249 2.790908
v 2.406058 -1.798592 2.768311
v 0.651006 -1.707778 1.029860
v 0.569506 -1.615305 0.996709
v 0.631016 -1.649822 0.973991
v 0.494168 -1.618249 1.021418
v 0.613032 -1.696609 1.054392
v 0.682159 -1.730299 1.105440
v 0.735475 -1.681992 1.170259
v -2.106644 -4.993510 0.482607
v -2.271507 -4.939552 0.674440
v -2.161176 -4.728629 0.660321
v -1.868705 -4.911924 0.286848
v -1.784075 -5.037667 0.227435
v 1.076660 -2.661972 2.967025
v 3.789409 -3.666963 4.283730
v 3.752542 -3.654981 4.266738
v 3.744641 -3.674387 4.255422
v -0.218246 -0.046713 1.647419
v -0.211687 -0.092309 1.676075
v -0.201968 -0.077574 1.725863
v -0.192216 -0.032100 1.803972
v -0.364961 -0.107833 1.719728
v -0.354449 -0.093649 1.769217
v -0.552236 -0.110248 1.744502
v -0.383560 -0.062118 1.700448
v -0.524139 -0.148866 1.769640
v 0.935976 -2.737213 2.960838
v 0.239937 -2.318315 3.375093
v -2.853190 -3.012761 4.024659
v -2.834002 -2.996765 4.038936
v -2.649531 -2.835004 3.872328
v -2.674297 -2.799375 3.862417
v -2.701458 -2.789692 3.829878
v -2.709144 -2.809720 3.794749
v -2.626777 -2.763778 3.819777
v -2.656248 -2.751636 3.788481
v -2.580080 -2.725748 3.780813
v -2.613519 -2.710835 3.747643
v -5.472351 -4.210872 -3.076364
v -5.470258 -4.228429 -3.069929
v 0.307099 2.702053 7.465026
v 0.566648 2.268672 7.059472
v 0.428564 2.508501 7.219136
v 0.662221 -1.515824 4.414077
v 0.695077 -1.542431 4.446328
v 0.719801 -1.562558 4.471486
v -0.172062 -2.764751 0.362533
v 0.059914 -2.717940 0.435491
v 0.289569 -2.667775 0.533812
v 0.215409 -2.448711 0.617438
v 0.442963 -2.411568 0.736922
v 0.656561 -2.374435 0.874219
v 0.851914 -2.340518 1.026184
v 1.028581 -2.315016 1.192190
v 0.600996 -2.191483 0.932584
v -0.664984 -2.855320 0.297197
v 1.132378 2.438099 -0.903959
v 1.129022 2.470881 -0.849815
v 1.141704 2.517298 -0.951847
v 1.149267 2.598182 -0.995851
v 1.161323 2.673343 -1.041624
v 1.164830 2.748733 -1.086159
v 1.125619 2.944826 -1.265693
v 1.160982 2.951201 -1.247445
v 1.183432 2.969132 -1.213520
v 1.182818 2.993871 -1.171308
v 0.223891 2.744557 7.527632
v -0.994845 -0.173911 1.750746
v -0.934062 -0.224320 1.797413
v -1.259009 -0.276901 1.601696
v -1.204438 -0.275650 1.696270
v -1.147184 -0.292334 1.768124
v -1.087271 -0.324984 1.818664
v -1.510498 -0.501461 1.398915
v -1.468216 -0.447495 1.529124
v -1.407699 -0.417927 1.638854
v -1.341963 -0.402013 1.727056
v -1.271849 -0.403602 1.791206
v -1.438626 -0.527753 1.767648
v -1.345394 -0.505327 1.822440
v 0.515868 -1.194072 4.112283
v -0.357872 -2.389853 4.777390
v -0.245718 -2.463933 4.849857
v -0.357706 -2.425845 4.739984
v -0.101230 -4.221813 5.319579
v -0.092165 -4.221551 5.329017
v -0.072694 -4.153562 5.317922
v -2.510611 -2.859393 3.271213
v -2.437270 -2.804421 3.056586
v -2.411325 -2.792941 3.242785
v 0.828548 -0.571827 1.720649
v 1.036954 -0.724162 1.939600
v 0.897772 -0.361092 2.008681
v 0.303683 -0.039617 1.855253
v 0.480140 -0.117491 1.854405
v -0.008910 0.179400 2.097956
v 0.168681 0.158751 2.091068
v 0.346871 0.115432 2.098045
v 0.535707 0.047655 2.127095
v 0.186884 0.324570 2.331301
v 0.374874 0.285074 2.352854
v 0.565972 0.219194 2.396823
v 0.393602 0.464504 2.602859
v -2.549628 -2.761233 3.789415
v -2.598766 -2.799646 3.830518
v 0.735735 -1.825936 1.044219
v 0.896883 -2.313145 0.934314
v 1.031660 -2.599581 0.799387
v 1.063504 -2.663326 0.753370
v 1.126917 -2.745111 0.627840
v 1.139778 -2.704857 0.617862
v 1.195614 -2.766207 0.503292
v 1.201204 -2.733274 0.503892
v 1.376631 -2.664197 0.157941
v 1.350060 -2.655018 0.146333
v 1.409009 -2.633277 0.028553
v 1.436482 -2.624411 -0.101798
v 1.484295 -2.664404 -0.347048
v 0.695220 -1.731458 1.086424
v 2.681853 -2.465990 2.795164
v 2.898327 -2.681809 2.742975
v 3.009748 -2.836103 2.707249
v 2.882460 -2.672980 2.667514
v 2.985378 -2.834889 2.642833
v 3.072676 -3.014365 2.616298
v 2.888045 -2.651188 2.600196
v 2.992875 -2.817275 2.574063
v 3.074203 -3.004465 2.549190
v 3.182059 -3.308026 2.528499
v 3.016253 -2.793231 2.517367
v 3.099273 -2.986006 2.491619
v 3.197978 -3.298784 2.470002
v 3.270872 -3.505738 2.463588
v 3.304614 -3.491693 2.428714
v 3.372171 -3.692278 2.430840
v -2.652978 -2.806761 3.717558
v -2.627085 -2.728008 3.704999
v -2.577514 -2.664304 3.716493
v -2.593804 -2.677270 3.667710
v 3.082239 -3.287478 1.718648
v 3.085728 -3.247231 1.767269
v 0.797703 -2.921587 3.153729
v 1.006080 -3.212492 2.960324
v 0.994420 -3.016507 2.947999
v 1.096285 3.019722 -1.305121
v 1.103397 3.090039 -1.340768
v 1.084802 3.169661 -1.357121
v 1.110237 3.158945 -1.373549
v 1.080072 3.252179 -1.364800
v 1.090647 3.236451 -1.391176
v 1.109682 3.223565 -1.411158
v 1.094549 3.330512 -1.372600
v 1.086477 3.316863 -1.397767
v 1.097880 3.302772 -1.422156
v 1.112360 3.290906 -1.442809
v 1.107198 3.406303 -1.381611
v 1.094713 3.393078 -1.405787
v 1.094322 3.379017 -1.431458
v 1.099489 3.365148 -1.456576
v 1.118222 3.354180 -1.475718
v 1.131385 3.471421 -1.403895
v 1.113138 3.464583 -1.417109
v 1.103278 3.452267 -1.439514
v 1.097922 3.439844 -1.463295
v 1.104465 3.426700 -1.486786
v 1.133020 3.529150 -1.435038
v 1.115842 3.521530 -1.449746
v 1.109606 3.509538 -1.470702
v 1.108089 3.497486 -1.493165
v 1.108141 3.485652 -1.516874
v 1.118237 3.576537 -1.480357
v 1.110814 3.565222 -1.500984
v 1.105233 3.555027 -1.520795
v 1.116893 3.543657 -1.539845
v 1.124130 3.626188 -1.515215
v 1.111993 3.617891 -1.531172
v 1.111638 3.607992 -1.549801
v 1.115695 3.598366 -1.568229
v 1.116013 3.668255 -1.560176
v 1.117155 3.659209 -1.576620
v 1.122754 3.650928 -1.592715
v 1.118708 3.707195 -1.602669
v 1.123550 3.699462 -1.617247
v 1.126454 3.741574 -1.636872
v 1.143933 3.826045 -1.635441
v 1.135173 3.820566 -1.648581
v 0.853444 2.025000 -0.471988
v 0.936678 2.114681 -0.514279
v 0.884213 2.115353 -0.533412
v 0.843279 2.106303 -0.563905
v 0.816606 2.088874 -0.603040
v 0.958844 2.201003 -0.571916
v 0.913003 2.196446 -0.595899
v 0.868705 2.193293 -0.620096
v 0.851810 2.172902 -0.660571
v 0.844892 2.147682 -0.704343
v 0.984455 2.284889 -0.628082
v 0.934521 2.285173 -0.644482
v 0.893715 2.277789 -0.673871
v 1.063025 2.341687 -0.703739
v 1.010100 2.363734 -0.685924
v 1.083313 2.423264 -0.754510
v 1.111225 2.495109 -1.001926
v 1.073453 2.566668 -1.065349
v 1.119923 2.576114 -1.038919
v 1.041631 2.656805 -1.097491
v 1.081886 2.643960 -1.108341
v 1.054492 2.729897 -1.143508
v 1.096430 2.723663 -1.144296
v 1.033154 2.823195 -1.161870
v 1.066399 2.805656 -1.182737
v 1.106946 2.796312 -1.191394
v 1.033848 2.915124 -1.171395
v 1.048162 2.894230 -1.203294
v 1.077348 2.877281 -1.225208
v 1.118081 2.870385 -1.229244
v 1.048589 3.003944 -1.179642
v 1.043859 2.985265 -1.212663
v 1.061750 2.964871 -1.243137
v 1.087620 2.946865 -1.270277
v 0.419551 -1.858050 3.577315
v 0.402511 -1.802605 3.571415
v 0.475662 -2.001664 3.563145
v 0.462564 -1.962409 3.551913
v 0.255585 2.309483 6.269183
v 0.561657 2.429705 5.943573
v 0.415771 2.372597 6.135129
v 0.358696 4.056344 6.332407
v 0.243567 4.011166 6.495332
v 0.098206 3.966078 6.629124
v 0.287808 4.271380 6.332581
v 0.180941 4.233169 6.487585
v 0.046292 4.195152 6.618053
v 0.204785 4.439662 6.312705
v 0.105974 4.407787 6.456352
v 0.077242 2.226717 6.365672
v -0.138194 2.128977 6.431105
v 0.532637 2.170228 6.758404
v 0.486707 2.144736 6.804743
v 0.464858 2.038743 6.697605
v -0.744806 -2.074951 3.564051
v 1.413104 1.735300 -0.550651
v 1.423672 1.784996 -0.670956
v 1.454529 1.777784 -0.634142
v 1.472709 1.786761 -0.594859
v 1.431786 1.869045 -0.727717
v 1.474038 1.840420 -0.711463
v 1.508168 1.831928 -0.675786
v 1.527759 1.842365 -0.634120
v 1.516283 1.872156 -0.604705
v 1.478856 1.924094 -0.763846
v 1.523599 1.899109 -0.748541
v 1.559340 1.888143 -0.714228
v 1.573673 1.901555 -0.673717
v 1.566876 1.927850 -0.639040
v 1.575201 2.017705 -0.654932
v 1.127670 2.654634 -1.082269
v 1.140037 2.724494 -1.131796
v 1.146428 2.805065 -1.165902
v 1.153253 2.879355 -1.206189
v 0.863261 2.118996 -0.743985
v 0.886352 2.203989 -0.797150
v 0.927554 2.178736 -0.823699
v 0.908193 2.288090 -0.845977
v 0.949191 2.262584 -0.874069
v 1.006060 2.245630 -0.883692
v 0.927522 2.369459 -0.894959
v 0.969185 2.343838 -0.922958
v 1.025113 2.326674 -0.932689
v 1.084253 2.328947 -0.912637
v 0.937692 2.472537 -0.904536
v 0.948220 2.447502 -0.942858
v 0.990296 2.425170 -0.966880
v 1.042436 2.410082 -0.977766
v 1.096821 2.414557 -0.953475
v 0.957938 2.549249 -0.950982
v 0.971159 2.522188 -0.992247
v 1.009736 2.503622 -1.010993
v 1.058353 2.489218 -1.021146
v 0.977660 2.625304 -0.995330
v 0.984398 2.601637 -1.033637
v 1.025601 2.580849 -1.055164
v 0.993599 2.699502 -1.040758
v 1.004444 2.675650 -1.078416
v 1.004796 2.773696 -1.083995
v 1.026321 2.751207 -1.116415
v 1.022835 2.866385 -1.093783
v 1.027656 2.844083 -1.127102
v 1.044351 2.933141 -1.138063
v 3.138978 -2.591149 3.785550
v 1.275706 -3.013573 3.366843
v 1.313113 -3.017170 3.463114
v -3.103415 -3.059151 4.280157
v -3.070484 -3.062796 4.262800
v -2.837640 -2.939954 4.037376
v -0.062432 -3.214011 4.783021
v -0.352149 -2.458798 3.745583
v -0.188643 -3.046532 4.520379
v -0.193804 -3.039522 4.463923
v -0.196073 -3.038008 4.402867
v -0.199147 -3.032311 4.342862
v -0.227230 -3.038673 4.473310
v -0.228419 -3.030273 4.411458
v -0.230658 -3.022308 4.349099
v -0.226975 -3.018530 4.284906
v -0.225516 -3.015661 4.220026
v -0.221133 -3.007117 4.155291
v -0.249172 -3.016485 4.485058
v -0.255019 -3.009289 4.421551
v -0.254276 -3.002590 4.356889
v -0.247771 -2.995606 4.293022
v -0.240414 -3.026452 4.545758
v -0.224390 -3.002882 4.087120
v -0.221064 -2.992732 4.019969
v -0.227529 -2.985277 3.964147
v -0.244867 -2.987742 4.228859
v -0.242534 -2.980924 4.164252
v -0.240875 -2.971145 4.099719
v -0.221295 -2.894489 3.822359
v -0.260143 -2.829534 3.814332
v -0.264871 -2.813574 3.842663
v -0.180021 -3.050669 4.572810
v -0.144617 -3.100995 4.697187
v -0.165472 -3.076289 4.669968
v -0.187401 -3.062241 4.631979
v -0.204413 -3.050398 4.585225
v -0.057016 -3.243561 4.777175
v -0.278710 -2.683181 3.712907
v -0.298940 -2.651127 3.724325
v -0.216986 -2.634673 3.668502
v -0.265599 -2.693083 3.706562
v 0.645744 2.305299 6.818729
v 0.317396 -3.603081 3.674316
v 0.530820 -3.620076 3.552934
v 0.733694 -3.635596 3.407673
v 0.752434 -3.047914 3.451627
v 0.935350 -3.650462 3.229923
v 1.148236 -3.678090 2.999524
v -1.783380 -4.474055 3.746272
v -2.206282 -4.527468 3.522324
v -2.108300 -4.549518 3.465216
v -2.516823 -4.504886 3.057942
v -2.501915 -4.608986 3.084272
v -2.629252 -4.405687 2.470456
v -2.689581 -4.592676 2.491473
v -2.721930 -4.700688 2.520354
v -2.637686 -4.465507 1.882883
v -2.721724 -4.690573 1.891605
v -2.759222 -4.845982 1.915430
v -2.518074 -4.543329 1.365059
v -2.623981 -4.783106 1.363028
v -2.454772 -4.868617 0.957832
v -2.338440 -4.639619 0.962924
v 1.187991 -1.177293 2.506311
v -0.013799 -1.223021 4.124704
v 0.176242 -1.272386 4.151688
v 1.660704 2.581469 -0.937805
v 1.669461 2.571635 -0.896835
v 1.660882 2.593174 -0.929840
v 1.650445 2.611801 -0.955713
v 1.435302 -2.034181 2.165146
v 1.526667 -2.005954 2.091568
v 1.628505 -2.013360 2.002140
v 1.729700 -2.034649 1.901135
v 1.824142 -2.059056 1.804438
v 1.913662 -2.084418 1.719554
v 1.997367 -2.110356 1.647060
v 2.076134 -2.138503 1.582696
v 2.149983 -2.169883 1.527394
v 2.222764 -2.210479 1.487997
v 2.291310 -2.258705 1.459830
v 2.354794 -2.318114 1.448474
v 1.496610 -2.106143 1.975659
v 1.586850 -2.107508 1.913700
v 1.682251 -2.120636 1.833003
v 1.777141 -2.139081 1.748323
v 1.867381 -2.160232 1.669505
v 1.952324 -2.183696 1.599953
v 2.032277 -2.209410 1.539784
v 2.107493 -2.236511 1.488531
v 2.179014 -2.276945 1.455076
v 2.243702 -2.322546 1.431018
v 1.545185 -2.181947 1.801688
v 1.629039 -2.190282 1.737951
v 1.722280 -2.203658 1.665934
v 1.814889 -2.221338 1.595896
v 1.903320 -2.241242 1.531117
v 1.986559 -2.264118 1.474374
v 2.065240 -2.293222 1.429728
v 1.576551 -2.228547 1.631596
v 1.668682 -2.237989 1.569749
v 1.764879 -2.253606 1.506952
v 1.857533 -2.270760 1.445300
v 1.946954 -2.289336 1.392665
v 1.624337 -2.221802 1.472706
v 1.726987 -2.233884 1.414474
v 1.829208 -2.255257 1.363340
v 2.326987 -2.498975 1.283550
v -0.177466 -2.856748 3.808705
v -0.198769 -2.985495 3.892689
v -0.206489 -2.949573 3.856469
v -0.236833 -2.975383 3.921774
v -2.623574 -2.921881 3.311326
v -2.688842 -2.934538 3.135646
v -2.561137 -2.874195 3.088496
v -1.769240 -0.866487 3.161236
v -1.816294 -1.554866 3.418408
v -1.754663 -1.331571 3.404888
v -1.900226 -1.458965 3.380327
v -1.819643 -1.236717 3.333613
v -1.876183 -1.146897 3.235655
v -1.921274 -1.064058 3.094893
v 0.296768 -1.259768 4.306933
v 0.276369 -1.299556 4.270434
v 0.186791 -1.163961 4.260282
v -1.913919 -2.587200 2.453702
v -1.895497 -2.992285 1.070059
v -1.878297 -3.197339 0.816803
v -2.318256 -2.609300 3.512700
v -2.324023 -2.572232 3.579098
v -3.188130 -3.740506 -2.014152
v -3.165174 -3.705078 -2.075108
v -2.915694 -3.678193 -1.967737
v -2.901107 -3.619356 -2.013629
v -2.426018 -3.460716 -1.699548
v -2.430971 -3.365587 -1.745000
v -2.017383 -3.115223 -1.286637
v -2.462945 -3.278348 -1.764163
v -2.058810 -2.993918 -1.303185
v -2.512477 -3.202391 -1.766914
v -2.134668 -2.885503 -1.299430
v -2.238719 -2.816864 -1.272255
v -2.353331 -2.787108 -1.230258
v -2.463713 -2.803336 -1.173379
v -1.626902 -2.066633 0.502456
v -1.867692 -2.133387 0.387350
v -1.801948 -2.055497 0.555895
v -2.157830 -2.481080 -0.109742
v -2.001626 -2.198021 0.439231
v -1.949176 -2.121556 0.605924
v -2.511221 -2.813292 -0.735990
v -5.501596 -4.314966 -2.990374
v -5.494079 -4.298947 -3.009046
v -5.486467 -4.282964 -3.027886
v -0.993439 -1.315076 0.813810
v -1.412396 -1.721930 0.846784
v -1.157012 -1.806618 0.696978
v -0.508389 -1.122724 0.838377
v -0.271802 -1.113041 0.871249
v -0.503640 -0.932273 0.903849
v -0.564769 -1.942907 0.570607
v -0.808340 -1.613734 0.669510
v -1.805674 -0.978100 1.374788
v -1.699329 -1.150499 1.215802
v -1.664560 -0.787732 1.314399
v -0.278881 -2.447335 3.754202
v -0.348238 -2.256417 3.731364
v -0.323509 -2.229802 3.671724
v -0.185041 -2.968039 4.504727
v -0.152886 -2.984115 4.505448
v -0.049311 -3.199973 4.745915
v -0.048705 -3.233705 4.753782
v -1.106534 -2.056577 3.586484
v 1.688648 2.564482 -0.810150
v 1.707671 2.612928 -0.807453
v 1.729193 2.660058 -0.801632
v 1.699937 2.553165 -0.765778
v -1.996159 -2.972317 1.623796
v -1.960849 -2.656803 1.511147
v -2.829062 -2.968178 4.044014
v 0.561684 -2.026361 0.981114
v 0.374533 -1.840034 0.926796
v -0.415308 -3.516345 0.012945
v -0.277381 -3.108177 0.182830
v -0.116608 -3.428109 0.044766
v -0.030229 -3.037702 0.241470
v 0.150225 -3.340495 0.104682
v 0.192243 -2.967682 0.323120
v 0.408309 -2.902453 0.427562
v 0.515298 -2.618625 0.656551
v 0.731803 -2.573380 0.795176
v 2.274778 -2.353281 1.072889
v 2.292026 -2.291210 1.026479
v 2.199054 -2.299506 1.137264
v 2.218551 -2.233525 1.094438
v 2.142815 -2.188641 1.152912
v 2.052301 -2.153558 1.193566
v 2.093048 -2.077803 1.198745
v 1.990627 -2.040834 1.241047
v 2.261641 -2.436935 1.273208
v 2.190751 -2.379744 1.287893
v 2.191352 -2.356071 1.203333
v 2.108239 -2.315122 1.240070
v 2.023579 -2.283207 1.277438
v 1.825640 -2.185161 1.302633
v 1.822270 -1.911638 1.391259
v 1.881438 -1.864630 1.452008
v 1.986957 -1.895159 1.387330
v 2.091790 -1.936997 1.330471
v 2.244115 -1.968250 1.329363
v 2.342632 -2.031573 1.266345
v 2.335049 -2.237744 1.009949
v 2.396658 -2.203459 1.029837
v 2.459585 -2.187284 1.067570
v 2.263707 -2.170014 1.084711
v 2.321988 -2.121066 1.098236
v 2.383168 -2.105507 1.142142
v 2.184254 -2.121941 1.151725
v 2.237413 -2.072987 1.175821
v 2.292428 -2.038468 1.211417
v 2.142482 -2.021766 1.230066
v 2.040202 -1.975231 1.278801
v 1.932221 -1.938701 1.330539
v -2.520778 -2.560236 3.803359
v 0.791453 0.585035 0.218536
v 0.827517 0.707390 0.126111
v 0.857949 0.739939 0.168639
v 0.866077 0.782001 0.210667
v 0.860045 0.826241 0.039644
v 0.892199 0.855511 0.080847
v 0.893220 0.897772 0.123320
v 0.878829 0.941454 0.162918
v 0.840440 0.985280 0.192986
v 0.892279 0.941180 -0.042398
v 0.912925 0.972515 -0.000483
v 0.915651 1.010217 0.041768
v 0.902318 1.051472 0.082406
v 0.863151 1.091833 0.112149
v 0.813874 1.131887 0.135200
v 0.752877 1.171144 0.148785
v 0.936325 1.083756 -0.077162
v 0.932793 1.121302 -0.033436
v 0.916812 1.159322 0.005506
v 0.882494 1.197370 0.036221
v 0.836555 1.234163 0.058459
v 0.778292 1.267563 0.067918
v 0.714862 1.297804 0.066130
v 0.648740 1.320738 0.049138
v 0.950524 1.195305 -0.141069
v 0.954328 1.228300 -0.101223
v 0.930705 1.262847 -0.066273
v 0.900650 1.299434 -0.035887
v 0.859487 1.335156 -0.013328
v 0.806209 1.366908 -0.003081
v 0.747812 1.393985 -0.005790
v 0.970526 1.298415 -0.204514
v 0.969743 1.329159 -0.165246
v 0.955023 1.364696 -0.129479
v 0.918990 1.397660 -0.106001
v 0.879821 1.432065 -0.085263
v 0.985501 1.391801 -0.261981
v 0.978953 1.423454 -0.228588
v 0.969855 1.457416 -0.194979
v 0.943415 1.492851 -0.169673
v 0.998091 1.504959 -0.286204
v 0.995005 1.538307 -0.256603
v 1.032086 1.569727 -0.344209
v -0.374462 -0.565701 0.861534
v -0.245356 -0.585198 0.940297
v -0.112096 -0.564577 1.042279
v 0.002993 -0.498503 1.147689
v -0.178763 -0.507980 0.894106
v -0.063189 -0.503330 0.991023
v 0.038398 -0.456734 1.100501
v -0.097938 -0.424146 0.842986
v 0.007900 -0.433033 0.934672
v 0.100607 -0.398321 1.046829
v -0.003465 -0.336806 0.777202
v 0.097466 -0.346393 0.868700
v 0.093672 -0.237857 0.703789
v 0.192641 -0.244827 0.793999
v 0.191316 -0.132999 0.625963
v 0.289063 -0.139017 0.711807
v 0.380366 -0.027154 0.625030
v 0.469557 0.083748 0.533495
v 0.550202 0.199726 0.442417
v 0.619257 0.319960 0.351856
v 1.261317 -0.941129 2.955323
v -2.375444 -1.472807 2.941255
v -2.212315 -1.347197 2.839056
v -2.403424 -1.608596 2.833571
v -2.417614 -1.800363 2.764317
v -2.288929 -1.514521 2.733344
v -2.358307 -1.747852 2.695246
v -2.379533 -1.976012 2.673399
v 1.832238 -1.244689 3.011281
v 1.876333 -1.260643 3.125718
v 1.970136 -1.383458 3.047792
v 2.073758 -1.498375 2.978053
v 2.179805 -1.607110 2.921228
v 2.292998 -1.704430 2.884012
v 2.405969 -1.805565 2.862203
v 2.521381 -1.912468 2.858049
v -0.099050 -3.330548 5.200264
v -1.037145 2.039566 6.377777
v -1.211529 2.062778 6.294607
v -2.567027 -2.626456 3.639498
v -2.552508 -2.666757 3.578037
v -3.084239 -3.031982 4.288925
v -3.080528 -3.045815 4.292756
v -2.808502 -2.892433 3.985588
v -2.825691 -2.885669 3.962094
v -2.765651 -2.863630 3.945012
v -2.785263 -2.858572 3.918172
v -2.721439 -2.835639 3.900946
v -2.744193 -2.824719 3.874658
v -2.751879 -2.844412 3.841375
v -0.114629 -3.122922 4.737003
v -0.064541 -3.183020 4.769538
v -0.080575 -3.149672 4.757463
v -0.796669 -4.889897 -0.334131
v -0.512366 -4.833460 -0.419631
v -0.541527 -4.945284 -0.422264
v 1.333865 1.754800 -0.457545
v 1.409947 1.764830 -0.518987
v 1.395476 1.801064 -0.499587
v 1.466276 1.817308 -0.562504
v 1.451197 1.850674 -0.540841
v 1.497094 1.905263 -0.583421
v 1.538775 1.960917 -0.621063
v 1.502082 -2.746470 -0.410699
v 1.520683 -2.702993 -0.329977
v 1.542169 -2.701921 -0.329262
v 1.559974 -2.690459 -0.331896
v 3.272673 -2.752507 3.722327
v 1.221130 -1.396641 2.223716
v 1.178616 -1.280110 2.264606
v 1.210315 -1.343412 2.442813
v 1.256517 -1.466174 2.375115
v 1.296146 -1.612428 2.484972
v -1.988838 -2.459438 3.147154
v -1.996047 -2.325840 2.897140
v -2.332822 -2.194530 2.711455
v -2.209875 -2.288028 2.762913
v -2.198740 -2.250217 2.701339
v -2.078402 -2.272429 2.742010
v -2.330889 -2.170801 2.665991
v -4.798015 -3.348724 5.209363
v -4.845120 -3.333435 5.181770
v -4.886939 -3.333927 5.150837
v -0.772685 -2.549206 0.414019
v -2.540733 -2.519364 3.873016
v 3.068990 -3.518807 4.216814
v 3.075000 -3.643910 4.211303
v 3.135720 -3.533962 4.226655
v 3.103180 -3.651709 4.229280
v 3.068725 -3.761798 4.224967
v 3.172337 -3.408731 4.265977
v 3.137630 -3.535108 4.263545
v 3.101211 -3.651959 4.260777
v 3.066889 -3.763430 4.255898
v 3.030863 -3.863509 4.249897
v 3.002955 -3.957680 4.241955
v 3.142735 -3.277719 4.178943
v 3.127367 -3.404875 4.196444
v 3.105412 -3.527056 4.207997
v 3.188361 -3.279277 4.200656
v 3.165951 -3.410748 4.218859
v 3.203509 -3.272352 4.248010
v -1.084862 -0.275728 2.231064
v -0.823771 -0.324705 1.955849
v 0.253403 1.874704 6.247895
v 0.195839 1.905954 6.231981
v 0.285554 2.104145 6.205910
v 0.128599 2.009890 6.283814
v 0.295108 1.822619 6.415372
v 0.206120 1.779062 6.269805
v 0.116825 1.772551 6.233462
v 0.443893 -1.919092 3.532817
v 0.428930 -1.869960 3.516119
v 0.420941 -1.816357 3.498889
v 0.611467 1.863975 6.269582
v 0.575539 1.928511 6.267475
v 0.489525 1.968062 6.289779
v 0.396309 1.956207 6.330476
v 0.320974 1.904467 6.377482
v 0.441599 1.948143 6.126650
v 0.340146 1.931464 6.194210
v 0.306955 1.981602 6.169115
v 0.466833 1.712772 6.370566
v 0.528902 1.729082 6.338977
v 0.384950 1.613338 6.144340
v 0.512466 2.049458 6.906253
v 0.484013 1.941687 6.759107
v 0.414745 1.839864 6.605618
v 0.493873 2.099247 6.863723
v 0.456247 1.990749 6.735649
v 0.380106 1.898906 6.589956
v 0.593089 1.907632 6.753097
v 1.113595 1.604817 -0.377362
v 1.195468 1.604007 -0.434125
v 1.194393 1.638052 -0.406126
v 1.187163 1.678195 -0.386255
v 1.205347 1.674266 -0.591971
v 1.236119 1.639707 -0.552985
v 1.262362 1.626778 -0.508741
v 1.289641 1.868727 -0.597342
v 1.439911 1.966564 -0.746507
v 1.482831 2.022568 -0.774197
v 1.520177 1.988234 -0.790289
v 1.564399 1.961574 -0.779465
v 1.603484 1.949123 -0.750625
v 1.617130 1.962229 -0.707964
v 1.604258 1.987613 -0.675423
v 1.557857 2.051644 -0.819218
v 1.603557 2.028487 -0.806258
v 1.643115 2.013431 -0.784693
v 1.652810 2.026927 -0.739829
v 1.598599 2.118936 -0.834480
v 1.642573 2.095020 -0.835001
v 1.676548 2.084961 -0.809676
v 1.674173 2.410818 -0.841636
v 1.521901 2.081822 -0.800957
v 1.631239 2.186404 -0.856629
v 1.469329 2.054197 -0.729443
v 1.508621 2.108865 -0.754112
v 1.544993 2.165919 -0.773884
v 1.582958 2.228626 -0.744793
v 1.579635 2.223545 -0.788134
v 1.608791 2.291024 -0.749638
v 1.605029 2.288971 -0.794943
v 1.635664 2.355163 -0.757011
v 1.635027 2.353644 -0.799706
v 1.686898 2.408528 -0.735140
v 1.656080 2.422013 -0.760095
v 1.704061 2.474619 -0.724052
v -2.335602 -2.154412 2.618343
v -2.211906 -2.270916 2.630647
v -2.376315 -1.698154 2.570059
v -2.390316 -1.956330 2.600208
v -2.391281 -1.460856 2.304000
v -2.440053 -1.729337 2.442286
v -2.439204 -1.978612 2.520908
v 1.672187 -1.321365 2.817222
v 1.680348 -1.661240 2.645918
v 1.739926 -1.539984 2.679748
v -1.708799 -1.867961 0.838671
v -1.904431 -1.932367 0.845273
v -2.109076 -2.443726 0.815832
v -2.073666 -2.369913 0.933358
v -5.481862 -4.194248 -3.070093
v -5.558547 -4.235706 -3.028279
v -5.529802 -4.207197 -3.006187
v -5.522790 -4.234499 -3.071330
v -5.537527 -4.221486 -3.046291
v 0.767407 -2.616144 3.072508
v 0.800196 -2.529795 3.083293
v 0.945435 -2.613555 3.056514
v 1.146490 -0.846303 2.181252
v 1.153322 -0.631293 2.356955
v 1.180629 -0.735458 2.542132
v 1.143570 -0.432445 2.575020
v -1.401868 -0.393720 3.939372
v -1.442573 -0.260013 3.824492
v -1.408400 -0.414205 3.681851
v -1.410572 -0.267587 3.550205
v -1.363699 -0.106478 3.399167
v -1.432804 -0.405995 3.439584
v -1.473416 -0.384304 3.180962
v 0.434939 -1.908971 3.588503
v 0.483974 -1.945269 3.593881
v 0.469362 -1.898969 3.590762
v 0.457206 -1.847591 3.586344
v 0.507064 -1.986111 3.578498
v 0.500174 -1.945494 3.571915
v 0.490320 -1.897708 3.566127
v 0.488157 -1.954938 3.549609
v 0.477014 -1.908473 3.536120
v -2.651093 -3.051495 -0.971952
v -2.638312 -3.167824 -0.921335
v -2.813472 -3.490277 -1.338685
v -2.582576 -3.279807 -0.893700
v -3.110620 -3.664379 -1.654678
v -2.767501 -3.573188 -1.340476
v -3.077036 -3.712000 -1.696448
v -2.705176 -3.633843 -1.369164
v -2.636165 -3.659560 -1.419672
v -2.565665 -3.654105 -1.486282
v 2.438889 -2.443312 0.923996
v 2.478554 -2.413596 0.919823
v 2.785529 -2.911308 0.864765
v 2.819685 -2.892550 0.856729
v 2.852856 -2.875681 0.877202
v 2.876831 -2.865186 0.914800
v 1.340120 -3.022827 3.544473
v 0.577891 -1.446023 4.348470
v 0.622576 -1.484060 4.381286
v 0.355703 -1.356635 4.319173
v 0.369642 -1.373837 4.265954
v 0.433289 -1.370224 4.396085
v 0.478892 -1.443140 4.387143
v 0.539990 -1.467530 4.414952
v 0.637191 -1.522318 4.493399
v 0.674334 -1.551137 4.508143
v 0.289456 -1.327930 4.217865
v 0.365607 -1.280009 4.166097
v 0.528352 -1.411601 4.309664
v -2.580053 -2.500008 3.943307
v -2.571813 -2.519447 3.921007
v 1.658635 2.615125 -0.958696
v 2.988808 -3.418937 0.882729
v 2.938163 -3.238322 0.957485
v 2.924055 -3.171921 0.975911
v -0.395048 0.289614 2.353272
v -0.199841 0.331503 2.330953
v -0.004786 0.341271 2.324387
v -0.649659 0.357018 2.619296
v -0.426058 0.453182 2.574685
v -0.214849 0.501645 2.556180
v -0.006229 0.516939 2.555221
v 0.197606 0.503847 2.570334
v 0.728691 1.317979 3.902865
v 0.567756 1.388013 3.813750
v 0.383928 1.438779 3.742187
v 0.580832 1.191083 3.595742
v 0.395702 1.243236 3.527426
v 0.186034 1.274384 3.475588
v 0.590278 0.991257 3.372924
v 0.402330 1.045669 3.305983
v 0.195639 1.077873 3.257656
v -0.031680 1.084080 3.226596
v 0.405617 0.849110 3.077942
v 0.200554 0.882845 3.033393
v -0.019390 0.889762 3.007239
v -0.249589 0.867719 2.997279
v 0.403587 0.654072 2.843897
v 0.201534 0.691301 2.803834
v -0.011359 0.701350 2.782235
v -0.230715 0.681598 2.777874
v -0.453401 0.627303 2.792723
v 2.661424 -2.460631 2.705604
v 2.663232 -2.434297 2.629629
v 3.026786 -2.787067 3.786988
v 3.079711 -2.790532 3.737496
v 2.618400 -2.305202 3.099936
v 1.760741 2.771121 -0.810892
v 1.833125 3.082690 -0.867549
v 1.842540 3.140726 -0.883512
v 1.182658 -2.802798 2.966411
v 1.195218 -2.846265 2.931572
v 1.227419 -2.940921 2.989082
v 1.064439 -2.686956 2.920159
v 1.336057 -3.028360 3.346799
v 1.359557 -3.031713 3.450069
v 1.333068 -3.035965 3.456637
v 1.373989 -3.029495 3.534788
v 1.355464 -3.031403 3.539080
v 2.367750 -2.363545 0.965267
v 2.116248 -2.259921 1.181624
v 2.027333 -2.230109 1.221506
v 1.929353 -2.206071 1.258391
v 1.950899 -2.125525 1.230863
v 1.842458 -2.100657 1.274789
v 1.881089 -2.008875 1.287103
v 1.728686 -2.075073 1.320642
v 1.767715 -1.982445 1.340380
v 3.021552 -2.514892 3.379467
v 3.049366 -2.564110 3.461995
v 3.057138 -2.459466 3.399784
v 3.084237 -2.513278 3.481783
v 3.106158 -2.562629 3.561620
v 2.847543 -2.218205 3.138720
v 2.906055 -2.261288 3.205365
v 2.965065 -2.305198 3.275936
v 3.013918 -2.354325 3.353650
v 2.927519 -2.276761 3.319378
v 2.974923 -2.326840 3.393127
v -2.759809 -2.013052 0.918047
v -2.586198 -1.853361 0.954104
v -2.410680 -1.695294 0.998345
v -2.843050 -1.902305 1.035616
v -2.106826 -2.319382 1.022894
v -2.275792 -2.163238 0.904575
v -2.160151 -2.095590 0.896820
v -2.082298 -2.072091 0.887943
v -2.669698 -2.170764 0.842769
v -2.493363 -2.031280 0.860985
v -2.325671 -1.900838 0.888234
v -2.157502 -1.789563 0.919678
v -2.616117 -1.947068 2.797101
v -2.527791 -2.124062 2.744653
v -2.398489 -2.009468 2.721019
v -2.634435 -2.828773 2.917970
v -2.560667 -2.646324 2.765376
v -2.491593 -2.752893 2.889533
v 2.884195 -2.864062 0.959288
v 2.645448 -2.627850 0.867764
v 2.677810 -2.606804 0.888309
v 2.706873 -2.590551 0.920763
v 2.714383 -2.592818 0.968984
v 2.696144 -2.613680 1.010948
v 3.147048 -3.665174 0.663261
v 3.152965 -3.675235 0.681943
v 3.027303 -3.392414 0.852740
v 3.014104 -3.407023 0.874889
v 2.986297 -3.215358 0.919685
v 2.970389 -3.227378 0.947638
v 2.975140 -3.147640 0.937346
v 2.950421 -3.159932 0.960543
v -0.345003 -1.658432 3.901799
v -0.296707 -1.288966 3.768230
v 1.086802 -2.186066 2.713006
v 1.109265 -2.004798 2.780085
v 1.237454 -1.980241 2.657632
v 1.001788 -1.773524 3.042266
v 1.150447 -1.825940 2.912990
v 2.932203 -4.027808 4.225112
v 2.924037 -4.063846 4.224455
v 2.919199 -4.089833 4.220522
v 2.936862 -4.068485 4.242569
v 2.931632 -4.094246 4.235376
v 2.930768 -4.030165 4.240652
v 2.930033 -4.066083 4.232947
v 2.924030 -4.091909 4.229143
v 3.740913 -3.585093 4.206932
v 3.634130 -3.454826 4.074931
v 3.674369 -3.530750 4.140738
v 3.713827 -3.600837 4.207832
v 3.658082 -3.559182 4.121797
v 3.700714 -3.623478 4.194649
v 3.669305 -3.443777 4.071694
v 3.489616 -2.940101 3.806655
v 3.570837 -3.042768 3.851978
v 3.605773 -3.160530 3.897563
v 3.771685 -3.645103 4.263606
v 3.792248 -3.674952 4.273952
v -0.681697 -1.907876 3.635055
v -0.560926 -2.046199 3.695683
v -0.491273 -2.117031 3.751765
v -0.783797 -1.967222 4.044601
v -0.748784 -2.013468 4.002094
v -0.654854 -2.191260 4.183243
v -0.528058 -2.321411 4.372535
v 1.163292 3.821095 -1.638899
v 1.163373 3.814837 -1.654953
v 1.158796 3.803483 -1.667316
v 1.135766 2.549246 -0.901198
v 1.148144 2.625072 -0.948209
v 1.161962 2.700813 -0.993961
v 1.131890 2.726941 -0.958038
v 1.168071 2.775146 -1.040601
v 1.145860 2.800960 -1.003040
v 1.176636 2.822755 -1.129225
v 1.176255 2.848686 -1.085786
v 1.150981 2.873177 -1.049598
v 1.179879 2.895228 -1.174135
v 1.178896 2.921725 -1.129519
v 1.160753 2.945281 -1.092887
v 1.161788 3.014473 -1.139465
v 1.164178 3.765745 -1.593816
v 1.158150 3.800073 -1.614112
v 1.102120 3.097616 -1.169276
v 1.072103 3.088848 -1.189596
v 1.106946 3.165835 -1.208848
v 1.114675 3.229280 -1.251643
v 1.120232 3.292111 -1.292379
v 1.057905 3.071929 -1.220361
v 1.055286 3.052735 -1.254052
v 1.069015 3.034122 -1.283692
v 1.081658 3.154407 -1.231335
v 1.064383 3.138728 -1.260740
v 1.066467 3.120327 -1.292385
v 1.076951 3.102400 -1.321612
v 1.090475 3.219734 -1.270385
v 1.075455 3.204141 -1.299071
v 1.077348 3.186972 -1.328791
v 1.096382 3.283550 -1.308505
v 1.084844 3.267968 -1.336437
v 1.124647 3.350883 -1.335784
v 1.103016 3.344918 -1.346248
v 1.127748 3.413956 -1.366347
v 0.734509 -0.812862 1.490310
v 1.062144 -0.503976 2.174566
v 1.066357 -0.307904 2.431574
v 1.054417 -0.119616 2.690489
v 1.123574 -0.243127 2.813103
v -5.822618 -4.017524 6.445570
v -2.229529 -2.582381 -0.055613
v -2.112267 -2.330943 0.510334
v -2.068563 -2.251409 0.678463
v -2.269754 -2.723625 -0.004451
v -2.158093 -2.545240 0.619778
v 0.226952 2.852241 7.720159
v -0.504119 -1.217393 3.832902
v -0.243975 -1.248916 3.827447
v 0.162365 -1.216279 4.217892
v -0.240893 -1.149890 4.103422
v -0.312933 1.097225 6.030813
v 2.986754 -3.949860 4.207815
v 3.043621 -3.753932 4.214694
v 3.013985 -3.856570 4.212356
v -0.172157 -3.346510 5.319564
v -0.154128 -3.361982 5.312802
v 0.228260 2.866659 7.713615
v 0.219475 2.877923 7.706924
v 0.566239 -1.899928 3.182771
v 0.730664 -2.061206 3.041129
v 0.881049 -2.233618 2.883996
v 0.585245 -1.749910 3.232209
v 0.030906 -3.479271 5.179084
v -0.019328 -3.478328 5.171868
v -0.038016 -3.631007 5.087954
v -0.004694 -3.638656 5.065226
v -0.050146 -3.340971 5.050455
v 0.071928 -3.335172 5.152281
v 0.029102 -3.331618 5.185998
v -0.078733 -3.968945 5.234447
v -0.094136 -4.064320 5.271294
v -0.105179 -4.149179 5.305337
v -0.119121 -4.208870 5.330290
v -0.073423 -3.981419 5.206108
v -0.087384 -4.074535 5.250519
v -0.107013 -4.155319 5.290327
v -0.049385 -3.994885 5.189077
v -0.068219 -4.086182 5.235619
v -1.255512 -0.551526 1.875833
v -1.247750 -0.564969 1.935192
v -1.098139 -0.556545 1.933791
v -2.867359 -2.908576 4.003477
v -2.870945 -2.928630 3.980335
v -2.831100 -2.906204 3.935843
v -2.789325 -2.879284 3.890489
v 2.421889 -4.866341 0.391978
v 2.527149 -4.829156 0.603175
v 2.526755 -4.760344 0.599997
v 2.572529 -4.736637 0.837439
v 2.497659 -4.615101 0.856252
v 2.400085 -4.430497 1.128311
v 1.285872 -1.658981 2.726719
v 1.310273 -1.655532 2.751883
v 1.529610 -1.573902 2.696138
v 1.587862 -1.423979 2.744486
v 2.459129 -2.293598 2.646748
v 2.360337 -2.163992 2.590179
v 2.478847 -2.241916 2.581192
v 2.170795 -1.836648 2.579800
v 2.306916 -1.927692 2.560947
v 2.216103 -1.766700 2.628489
v 2.348881 -1.861656 2.606878
v 2.475144 -1.958431 2.588721
v 2.385139 -1.816653 2.680193
v 2.508449 -1.918436 2.662905
v 2.526553 -1.903874 2.757315
v 1.636589 -1.910376 2.734797
v 1.787354 -1.963897 2.707895
v 1.641564 -1.797328 2.658716
v 1.372784 -1.814867 2.798932
v 1.267499 -1.283193 2.832764
v 1.295994 -1.480317 2.772331
v 1.521414 -2.800809 -0.502887
v 0.843580 -1.418042 1.339085
v 0.788286 -1.585972 1.204506
v 0.828435 -1.466958 1.198502
v 0.823987 -1.355219 1.135890
v 0.828637 -1.487674 1.040850
v 0.785242 -1.461882 0.976845
v 1.353082 -2.754832 0.130192
v 1.384861 -2.719818 -0.000278
v 1.410937 -2.726886 0.011397
v 1.436391 -2.716531 0.026228
v 1.436262 -2.698690 -0.109842
v 1.462823 -2.704234 -0.100102
v 1.489332 -2.698347 -0.088877
v 1.502336 -2.699629 -0.332594
v 1.393389 -2.691493 0.161708
v 1.454446 -2.663837 0.044815
v 1.437917 -2.635948 0.042168
v 1.493159 -2.620494 -0.080328
v 1.463665 -2.614509 -0.090656
v 1.500169 -2.647248 -0.351584
v -1.416475 -1.196116 3.666865
v -0.123923 -3.350300 5.269001
v -0.079757 -3.335791 5.232190
v 1.374604 -2.999762 3.571530
v 1.382746 -3.018162 3.568296
v 3.783493 -3.653177 4.249089
v 3.584363 -3.386576 3.984387
v 3.613875 -3.480814 4.050547
v 3.570959 -3.198692 3.846236
v 3.598407 -3.295118 3.907602
v 3.616014 -3.392766 3.965730
v 3.642082 -3.488379 4.026364
v 3.674218 -3.574237 4.098246
v 3.721461 -3.634698 4.172848
v 2.942579 -4.028790 4.212292
v 2.932353 -4.064358 4.212235
v 2.924941 -4.091145 4.213389
v 2.918697 -4.107226 4.215474
v 0.818766 -1.718338 3.213124
v 1.527971 2.113589 -0.709859
v 1.556831 2.170701 -0.729911
v 1.619196 2.215476 -0.720247
v 1.642500 2.278807 -0.724788
v 1.703349 2.327716 -0.737117
v 1.665123 2.343600 -0.731879
v 1.755200 2.383856 -0.769978
v 1.727070 2.392639 -0.735440
v 1.780427 2.449678 -0.764026
v 1.744100 2.460222 -0.731047
v 1.805446 2.512764 -0.805676
v 1.792544 2.515621 -0.762773
v 1.759960 2.527137 -0.731255
v 1.812595 2.571512 -0.801609
v 1.811242 2.573496 -0.757821
v -2.983857 -2.982286 4.111534
v -2.946711 -2.965630 4.069708
v -2.910333 -2.947231 4.024897
v -3.099574 -3.024843 4.270391
v -3.100494 -3.034905 4.262278
v -3.075959 -3.012002 4.241128
v -3.078908 -3.022901 4.230238
v -3.044516 -3.001371 4.206494
v -3.049795 -3.010797 4.193970
v -3.012599 -2.985876 4.168489
v -3.018417 -2.997951 4.152868
v 2.835804 -2.347663 2.905244
v 3.051650 -2.575584 2.830168
v 2.790907 -2.401351 2.907328
v 2.993627 -2.627729 2.831760
v 3.050618 -2.825473 2.759413
v 2.939774 -2.666710 2.802435
v 2.730907 -2.439699 2.870401
v 3.111081 -2.797764 2.790036
v 2.995710 -2.673713 3.900461
v 2.897453 -2.552549 3.651039
v 2.916374 -2.608172 3.728547
v 2.943275 -2.662606 3.803253
v 2.975127 -2.718305 3.869759
v 2.916491 -2.648926 3.698110
v 2.944174 -2.703630 3.768369
v 2.976274 -2.763285 3.831968
v 2.784053 -2.397316 3.206973
v 1.885150 3.352581 -0.937821
v 1.890019 3.397375 -0.957140
v 1.897699 3.436015 -0.977834
v 1.899730 3.469197 -0.992789
v 1.878641 3.345824 -0.956298
v 1.886277 3.390566 -0.974323
v 1.888463 3.431264 -0.992194
v 1.892681 3.465211 -1.004892
v 1.782546 2.707916 -0.726150
v 1.755791 2.711413 -0.760549
v 1.893362 3.231518 -0.957633
v 1.897728 3.283057 -0.972428
v 1.903597 3.332022 -0.988695
v 1.910223 3.378107 -1.004738
v 1.913163 3.422167 -1.014655
v 1.913738 3.459434 -1.021235
v 3.789890 -3.685979 4.266057
v 3.777385 -3.669989 4.238099
v 0.971270 -1.852866 2.986425
v 1.125292 -1.882895 2.850173
v 1.033969 -1.791877 3.160480
v 0.572600 -1.823278 3.188837
v 0.742142 -1.958452 3.034102
v 1.827874 3.022306 -0.850401
v 1.864369 3.184767 -0.929155
v 1.863874 3.247083 -0.919888
v 1.867998 3.237613 -0.946281
v 1.870439 3.297534 -0.939398
v 1.877236 3.287067 -0.966039
v 1.882817 3.337611 -0.978159
v 1.892911 3.382260 -0.994743
v 1.895884 3.424216 -1.010797
v 1.899985 3.460498 -1.019926
v 1.761644 2.646327 -0.845134
v 1.741248 2.712605 -0.807453
v 1.775631 2.700446 -0.857685
v 1.825482 2.685697 -0.851934
v 1.853548 3.195222 -0.900669
v 1.853551 3.130912 -0.918155
v -5.565414 -4.260896 -2.972394
v -5.558368 -4.289484 -2.982812
v -5.538164 -4.220498 -2.982318
v -5.546568 -4.233136 -2.958601
v 1.855729 -3.992232 1.966200
v 1.689176 -3.473365 2.055873
v 1.457909 -3.414705 2.342921
v 1.371647 -2.951163 2.422019
v 0.972848 -2.851001 2.938377
v 1.406119 -2.995735 2.689036
v 0.269907 2.771773 7.524454
v 0.249187 2.787637 7.508659
v 0.226540 2.772032 7.511293
v 0.309827 2.726898 7.447968
v 0.291985 2.740817 7.428352
v -1.855474 -3.310628 0.476181
v -1.747490 -3.444589 0.352455
v -0.562105 -2.291610 3.599318
v -0.105120 -3.115077 4.700320
v -0.123919 -3.085371 4.681567
v -0.138374 -3.065394 4.648902
v -0.116466 -3.124123 4.708210
v -0.135264 -3.097501 4.685584
v -0.151502 -3.072222 4.657539
v -0.167725 -3.057570 4.618917
v -0.126847 -3.130855 4.718316
v -0.224948 -2.959060 4.439293
v -0.188622 -2.959468 4.444402
v -0.187759 -2.952364 4.382756
v -0.157058 -2.977470 4.447240
v -0.159172 -2.971952 4.387288
v -0.156041 -2.969566 4.325819
v -0.151294 -2.966306 4.263983
v -0.143892 -3.013899 4.506832
v -0.147312 -3.009651 4.450104
v -0.148511 -3.004088 4.391062
v -0.148762 -3.001599 4.331669
v -0.145180 -2.999308 4.269426
v -0.136201 -2.997883 4.205539
v -0.161299 -3.036942 4.511876
v -0.164705 -3.036690 4.455795
v -0.160594 -3.031746 4.395792
v -0.170575 -3.024792 4.337027
v -0.161017 -3.029832 4.274165
v -0.156916 -3.026073 4.209319
v -0.151805 -3.031298 4.143117
v -0.198641 -3.035506 4.278957
v -0.193342 -3.034305 4.213379
v -0.191156 -3.027986 4.147161
v -0.186916 -3.020505 4.077657
v -0.218640 -3.012004 4.614482
v -0.169033 -3.025170 4.659901
v -0.192423 -2.998859 4.615800
v -0.125994 -3.055032 4.688714
v -0.144777 -3.022415 4.658558
v -0.162994 -2.999184 4.612840
v -0.091947 -3.087164 4.708534
v -0.110796 -3.060170 4.680872
v -0.130107 -3.036062 4.648844
v -0.141020 -3.011545 4.608278
v -0.149379 -2.994445 4.559922
v -1.230250 -0.383360 2.148965
v -1.521760 -0.606793 1.977319
v -1.466814 -0.494242 2.108731
v -0.247768 -2.961770 4.303327
v -0.244936 -2.959092 4.237614
v -0.237291 -2.949224 4.175708
v -0.234256 -2.940769 4.112589
v -0.232296 -2.928857 4.051240
v -0.236502 -2.920488 3.997841
v -0.229952 -2.906558 3.955174
v -0.238393 -2.881435 3.923657
v -0.241291 -2.842862 3.890099
v -0.224535 -2.952705 4.375407
v -0.219228 -2.949968 4.311704
v -0.214917 -2.941299 4.248997
v -0.210802 -2.937866 4.186004
v -0.208633 -2.925259 4.124018
v -0.205110 -2.912093 4.063816
v -0.202080 -2.905140 4.004668
v -0.203918 -2.880943 3.962655
v -0.207284 -2.859408 3.924225
v -0.185316 -2.950422 4.319532
v -0.180235 -2.945667 4.257277
v -0.175777 -2.942531 4.194162
v -0.172576 -2.929652 4.132948
v -0.169426 -2.914805 4.072097
v -0.168395 -2.899171 4.014612
v -0.165878 -2.876156 3.962708
v -0.171667 -2.853010 3.920092
v -0.146300 -2.962871 4.200750
v -0.146172 -2.960241 4.136510
v -0.136567 -2.945251 4.073614
v -0.139055 -2.930400 4.009515
v -0.136890 -2.903435 3.952643
v -0.130441 -2.998034 4.140062
v -0.124579 -2.987644 4.072025
v -0.117870 -2.972421 4.002091
v -0.119000 -2.945293 3.939306
v -0.142422 -3.023094 4.071868
v -0.138049 -3.013142 3.998613
v -0.188311 -3.015899 4.004694
v -0.237337 -2.959311 4.036746
v -0.240202 -2.953738 3.984051
v -0.244835 -2.941570 3.944363
v -0.248124 -2.914918 3.910534
v -0.252503 -2.971175 4.367098
v 0.767197 -1.862809 3.083379
v 0.949754 -1.958482 2.926506
v -0.468734 -1.166170 3.911370
v 2.789174 -2.179027 3.068192
v 2.744857 -2.144315 3.114772
v 2.810211 -2.188081 3.182043
v 2.870190 -2.231063 3.251092
v 2.761239 -2.189198 3.220144
v 2.824615 -2.230078 3.286388
v 2.881960 -2.271556 3.353715
v 2.927352 -2.320289 3.424966
v 2.717538 -2.200659 3.250002
v 2.780943 -2.249456 3.307801
v 2.834261 -2.291589 3.373419
v 2.877871 -2.335993 3.442719
v 2.740937 -2.277645 3.321097
v 2.796373 -2.321540 3.378567
v 2.720715 -2.316233 3.309472
v 2.722255 -2.353780 3.281806
v 3.113977 -2.639297 3.893116
v 3.052261 -2.648056 3.904994
v -1.694927 -1.092448 3.413410
v -1.740245 -0.983726 3.304849
v -1.627789 -0.688749 3.257898
v -1.602664 -0.536183 3.081369
v -1.390936 -0.227694 2.995999
v 1.797776 -1.866278 2.633127
v 1.834279 -1.751683 2.610679
v 1.886848 -1.646583 2.635076
v 2.094334 -2.013097 2.599642
v 2.230294 -2.089223 2.593323
v -0.383131 2.064482 6.468992
v -0.856052 -0.586766 4.478111
v 2.959641 -4.032790 4.205886
v 2.946575 -4.068189 4.207520
v 2.935082 -4.094516 4.210227
v 0.944460 -2.128082 1.237631
v 0.729252 -2.007256 1.115377
v 0.875808 -1.961556 1.273518
v 0.784581 -2.161631 1.077922
v -0.154677 -3.571997 3.850605
v -0.166259 -3.019979 3.746540
v -0.900019 -0.178601 2.263345
v 0.713680 0.673099 0.043927
v 0.680590 0.797441 -0.057765
v 0.647789 0.929184 -0.137146
v 0.724603 0.915314 -0.124436
v 0.624455 1.062605 -0.198356
v 0.694974 1.039184 -0.202111
v 0.609243 1.189972 -0.249782
v 0.672346 1.164434 -0.261569
v 0.736926 1.147037 -0.262222
v 0.656239 1.286934 -0.309678
v 0.715533 1.266607 -0.317255
v 0.754727 1.366565 -0.376097
v 1.114851 1.706486 -0.577141
v 1.134347 1.634150 -0.550531
v 1.160067 1.597783 -0.514012
v 0.228776 -2.770515 3.474744
v 0.222592 -2.528275 3.416320
v 0.421817 -2.809573 3.372000
v 0.764472 -2.749866 3.100584
v -2.545988 -2.921380 -0.678260
v -2.533100 -3.043123 -0.631937
v -2.466944 -3.167123 -0.610909
v -2.173450 -3.061532 0.016961
v -0.883538 -2.890461 0.306792
v -0.978073 -2.586882 0.404575
v -1.128874 -2.307320 0.483937
v -1.340811 -2.102310 0.556142
v 2.829849 -2.493129 3.479105
v 2.860306 -2.547168 3.548676
v 2.888846 -2.595168 3.624876
v 2.857716 -2.527892 3.443796
v 2.886404 -2.577891 3.516962
v 2.915696 -2.627922 3.591529
v 2.978807 -2.481167 3.669563
v 3.002209 -2.538028 3.747846
v 2.903742 -2.462692 3.588401
v 2.930975 -2.514051 3.665476
v 2.953166 -2.566623 3.744925
v 2.973769 -2.618890 3.825785
v 2.869347 -2.501033 3.576208
v -0.237100 0.043217 5.130622
v -0.182087 -0.182297 4.901774
v -0.059665 -0.407511 4.724625
v 0.124962 -0.631473 4.589894
v -0.385513 -0.245150 4.878979
v -0.248232 -0.499043 4.671379
v -3.391735 -2.256898 0.960064
v -3.546293 -2.374763 0.878921
v -3.688484 -2.479162 0.801668
v -3.810694 -2.577113 0.729835
v -3.914699 -2.664850 0.666278
v -3.968972 -2.658429 0.771513
v -4.004550 -2.745812 0.606438
v -4.063668 -2.740706 0.705166
v -4.081473 -2.825248 0.548020
v -4.142505 -2.824002 0.641118
v -4.213737 -2.907829 0.575320
v -4.255495 -2.937715 0.665483
v -4.282524 -2.997061 0.507541
v -4.323250 -3.027714 0.589641
v -4.350731 -3.094916 0.439354
v -4.387883 -3.125045 0.514908
v -4.422575 -3.201900 0.369428
v -4.460194 -3.229498 0.440862
v -4.471181 -3.277373 0.508277
v -4.497943 -3.325525 0.300645
v -4.534236 -3.346600 0.370412
v -4.537692 -3.389509 0.436273
v -4.584181 -3.462188 0.230556
v -4.612289 -3.480123 0.302952
v -4.610932 -3.514133 0.372524
v -4.663913 -3.616673 0.168499
v -4.687099 -3.628224 0.242175
v -4.675840 -3.654279 0.313368
v -4.642734 -3.688305 0.375808
v -4.730453 -3.778864 0.118276
v -4.747702 -3.785744 0.192558
v -4.741656 -3.801880 0.266481
v -4.701842 -3.827250 0.331201
v -4.780120 -3.937337 0.079481
v -4.801419 -3.939605 0.153519
v -4.789853 -3.951290 0.226879
v -4.750729 -3.969558 0.291832
v -4.806985 -4.090610 0.053237
v -4.834677 -4.090943 0.123923
v -4.821965 -4.098034 0.194677
v -4.791698 -4.111290 0.260934
v -4.829828 -4.234825 0.030606
v -4.851359 -4.234851 0.098057
v -4.853843 -4.239954 0.168913
v -4.823879 -4.251319 0.234865
v -4.763132 -4.266797 0.277487
v -4.876339 -4.367720 0.075742
v -4.873848 -4.373111 0.142912
v -4.848944 -4.382468 0.203400
v -4.793844 -4.398728 0.249329
v -4.890237 -4.491901 0.056049
v -4.897758 -4.495342 0.118350
v -4.867511 -4.505960 0.171500
v -4.816771 -4.518250 0.212408
v -4.907553 -4.612078 0.033311
v -4.915377 -4.616478 0.093280
v -4.887381 -4.626145 0.145640
v -4.840539 -4.639279 0.186150
v -4.775222 -4.647257 0.187688
v -4.929018 -4.727863 0.009705
v -4.933944 -4.733819 0.068549
v -4.915898 -4.743802 0.123000
v -4.866358 -4.755554 0.148613
v -4.801742 -4.764697 0.153452
v -4.950094 -4.840543 -0.020862
v -4.954216 -4.847655 0.034951
v -4.937541 -4.857782 0.085077
v -4.888702 -4.868816 0.108383
v -4.828373 -4.876833 0.112526
v -4.973868 -4.950658 -0.053527
v -4.977072 -4.958935 -0.000995
v -4.961326 -4.970049 0.045457
v -4.915705 -4.980129 0.071531
v -4.853632 -4.989139 0.074702
v -4.786496 -4.991248 0.055901
v -4.988612 -5.063327 -0.086100
v -5.007257 -5.068341 -0.034688
v -4.975928 -5.078776 -0.001467
v -4.937213 -5.090482 0.028352
v -4.878067 -5.097554 0.030529
v -4.814303 -5.098737 0.011919
v -5.019775 -5.166785 -0.125137
v -5.025505 -5.175442 -0.073336
v -5.006181 -5.188721 -0.026082
v -4.959899 -5.198047 -0.011097
v -4.903927 -5.203205 -0.014244
v -4.841652 -5.205055 -0.030877
v -5.043416 -5.271495 -0.161007
v -5.049376 -5.279596 -0.111423
v -5.027708 -5.293251 -0.066508
v -4.982866 -5.300558 -0.060657
v -4.931502 -5.310042 -0.052954
v -4.869327 -5.308945 -0.074336
v -4.807253 -5.307390 -0.102505
v -5.067483 -5.374172 -0.194637
v -5.077609 -5.381660 -0.147855
v -5.057054 -5.396761 -0.105152
v -5.010304 -5.404314 -0.094677
v -4.954445 -5.409662 -0.099117
v -4.895535 -5.411588 -0.115453
v -4.835982 -5.410191 -0.143244
v -5.091222 -5.474690 -0.232094
v -5.096372 -5.483353 -0.188070
v -5.071718 -5.495792 -0.155851
v -5.033209 -5.505987 -0.133370
v -4.979772 -5.509082 -0.142364
v -4.922051 -5.512332 -0.156495
v -4.865691 -5.510198 -0.185679
v -5.118712 -5.573580 -0.268000
v -5.127368 -5.582343 -0.224811
v -5.094747 -5.593832 -0.198846
v -5.054281 -5.604134 -0.180208
v -5.004717 -5.609255 -0.181658
v -4.950175 -5.611138 -0.198456
v -4.895985 -5.609460 -0.226524
v -5.147372 -5.681489 -0.261526
v -5.123425 -5.694865 -0.226298
v -5.080460 -5.702068 -0.220107
v -5.032309 -5.707363 -0.222625
v -4.979611 -5.708525 -0.240589
v -4.926968 -5.707765 -0.266225
v -5.172494 -5.780471 -0.297566
v -5.147792 -5.794551 -0.262477
v -5.107038 -5.800433 -0.257857
v -5.060044 -5.804147 -0.264299
v -5.008766 -5.806072 -0.280093
v -4.958802 -5.804248 -0.306476
v -5.203494 -5.875582 -0.334688
v -5.175358 -5.888405 -0.307988
v -5.135276 -5.896421 -0.297312
v -5.087998 -5.899705 -0.305289
v -5.037861 -5.902243 -0.318538
v -4.990099 -5.899357 -0.345433
v -5.224047 -5.970757 -0.378780
v -5.201712 -5.982543 -0.350222
v -5.161372 -5.989797 -0.340402
v -5.115206 -5.993589 -0.346275
v -5.066493 -5.995658 -0.359299
v -5.020252 -5.993257 -0.383110
v -4.946435 -5.980091 -0.442828
v -5.245846 -6.062522 -0.420204
v -5.224053 -6.074565 -0.391350
v -5.185422 -6.082285 -0.382036
v -5.141196 -6.086740 -0.384110
v -5.095484 -6.086425 -0.400654
v -5.049690 -6.085226 -0.421207
v -4.977316 -6.071832 -0.479116
v -5.270760 -6.155248 -0.453070
v -5.243017 -6.163188 -0.436710
v -5.212229 -6.173211 -0.418958
v -5.167047 -6.175920 -0.425322
v -5.121511 -6.177732 -0.437032
v -5.079176 -6.175054 -0.459215
v -5.283780 -6.238020 -0.505026
v -5.259243 -6.248056 -0.482445
v -5.231852 -6.259071 -0.461090
v -5.191177 -6.263616 -0.462648
v -5.149488 -6.263881 -0.477249
v -5.107477 -6.263524 -0.495263
v -5.314094 -6.323071 -0.537689
v -5.290120 -6.333354 -0.508237
v -5.255458 -6.343277 -0.498620
v -5.216866 -6.348386 -0.499642
v -5.176650 -6.348788 -0.513887
v -5.135285 -6.350067 -0.529932
v -5.339448 -6.407963 -0.566199
v -5.315840 -6.418993 -0.541798
v -5.280015 -6.425889 -0.537332
v -5.241389 -6.432905 -0.533816
v -5.203924 -6.432929 -0.548160
v -5.362191 -6.491734 -0.601653
v -5.341632 -6.502634 -0.577088
v -5.305212 -6.509017 -0.571973
v -5.268373 -6.513936 -0.572680
v -5.231478 -6.516108 -0.582233
v -5.374622 -6.574969 -0.642450
v -5.360466 -6.585494 -0.615668
v -5.328401 -6.591655 -0.607587
v -5.294613 -6.595363 -0.609524
v -5.381527 -6.666642 -0.652778
v -5.352495 -6.673628 -0.643223
v -5.407398 -6.747260 -0.688465
v -5.378345 -6.754863 -0.678935
v -5.432089 -6.827354 -0.722987
v -2.232708 -1.232573 1.527967
v -2.333183 -1.270759 1.728993
v -2.412608 -1.379745 1.408665
v -2.591465 -1.522819 1.307685
v 1.091761 -2.814176 3.026101
v 1.132014 -2.792662 3.013768
v 1.139033 -2.883251 3.076917
v 0.813475 -1.474879 3.801197
v -0.069377 -1.497348 3.540083
v 0.259538 0.882296 0.364324
v 0.317030 0.967516 0.271177
v 0.492220 1.145919 0.158576
v -0.876575 0.048478 1.224030
v -0.881613 -0.026993 1.083170
v -0.845093 -0.131887 0.969229
v -0.624523 0.192850 1.452992
v -0.684816 0.186538 1.315132
v -0.724939 0.143394 1.168224
v -0.735328 0.068101 1.032129
v -0.306980 0.189266 1.597210
v -0.391675 0.260069 1.509343
v -0.465522 0.282414 1.387652
v -0.532335 0.269914 1.246333
v -0.579172 0.219790 1.101174
v -0.597598 0.143972 0.971827
v -0.137928 0.269760 1.517200
v -0.227297 0.341158 1.429210
v -0.313177 0.360197 1.304524
v -0.390274 0.338831 1.163154
v -0.450140 0.290434 1.021840
v -0.477085 0.214511 0.898582
v 0.016813 0.343057 1.412161
v -0.077027 0.403198 1.322310
v -0.174373 0.419045 1.202693
v -0.265107 0.400933 1.067639
v -0.333864 0.354550 0.933779
v 0.047671 0.454612 1.195269
v -0.057965 0.471220 1.087760
v -0.155882 0.457341 0.964860
v -0.228592 0.415318 0.841820
v 0.147151 0.508390 1.062561
v 0.037350 0.525485 0.968810
v -0.062409 0.515737 0.861087
v -0.135451 0.476906 0.749656
v 0.114497 0.588023 0.853403
v 0.017319 0.576681 0.758723
v 0.179925 0.653400 0.741322
v 0.085916 0.643478 0.658502
v 0.147138 0.716763 0.559009
v 1.347751 -2.387431 1.530656
v 1.431014 -2.427649 1.676152
v 1.472262 -2.446575 1.832377
v 1.569881 -2.637027 1.762511
v 1.475489 -2.455305 1.992401
v 1.552930 -2.673074 1.919626
v 1.444787 -2.454867 2.154546
v 1.550199 -2.704486 2.074824
v 1.379881 -2.465521 2.317124
v -0.688538 -2.055484 3.970972
v -0.610236 -2.080432 3.959191
v -0.595885 -2.207833 4.167210
v -0.527975 -2.203539 4.166608
v -0.705783 -1.928274 3.739727
v -2.213101 -2.643286 3.199552
v 0.360856 2.597331 7.359988
v 0.384414 2.618195 7.360241
v 0.442582 2.540259 7.311903
v 0.473019 2.494861 7.286647
v 1.134333 3.807930 -1.658130
v 1.134008 3.791432 -1.662649
v 1.173751 -1.122561 2.314575
v 1.180378 -0.933967 2.403519
v 1.180614 -0.999360 2.593042
v -0.191472 -2.785983 3.759447
v -0.233868 -2.821948 3.782348
v -0.271613 -2.751492 3.774186
v -0.229481 -2.596842 3.788208
v -0.204969 -2.608636 3.759043
v -0.166831 -2.737900 3.770830
v -0.190782 -2.639493 3.722741
v -1.967746 -3.123557 0.619114
v -2.247965 -2.889791 0.024020
v -0.283307 -2.224832 3.575606
v -0.188460 0.175598 2.113882
v -0.368105 0.144942 2.138548
v -0.548903 0.079101 2.176426
v -0.725990 -0.034246 2.227062
v 2.553379 -2.317440 1.072900
v 2.460816 -2.300301 0.974545
v 2.511779 -2.295720 1.013016
v 1.565461 -0.980975 3.037392
v 1.667521 -0.998923 3.147890
v 1.558808 -0.828824 3.084394
v 1.671300 -0.782041 3.268533
v 1.648907 -0.883085 3.201667
v 1.706147 -0.812783 3.441012
v 1.690157 -0.869404 3.383808
v 1.690888 -0.944361 3.330607
v -0.053512 -0.747013 4.510070
v -0.432431 -0.563912 4.613982
v -0.215879 -0.838637 4.428996
v 1.688392 -2.966794 2.183102
v -4.349381 -3.128577 4.743068
v -4.406997 -3.094401 4.712390
v -3.972477 -3.053292 4.401186
v -4.023132 -2.981783 4.375241
v -4.090032 -2.937722 4.329402
v -3.588115 -2.948057 4.025755
v -3.650232 -2.859496 3.992507
v -3.730649 -2.804498 3.933212
v -3.817422 -2.789309 3.857559
v -3.356987 -3.002643 3.866484
v -3.407692 -2.882145 3.860119
v -3.481384 -2.781986 3.828057
v -3.570987 -2.718108 3.767256
v -3.661723 -2.702248 3.681512
v -3.146378 -2.909936 3.722913
v -3.216136 -2.772136 3.722640
v -3.308395 -2.659495 3.689153
v -3.409715 -2.586395 3.623515
v -3.503116 -2.564372 3.526740
v -3.582561 -2.580300 3.414482
v -2.867918 -2.931864 3.542399
v -2.919428 -2.780970 3.589673
v -3.006087 -2.626645 3.596638
v -3.116738 -2.495387 3.561912
v -3.227010 -2.406792 3.494424
v -3.321716 -2.372382 3.389225
v -3.395061 -2.374194 3.264318
v -2.635988 -2.802403 3.443993
v -2.711566 -2.634479 3.492232
v -2.815853 -2.475206 3.484811
v -2.929056 -2.341669 3.445441
v -3.032503 -2.246169 3.378269
v -3.115536 -2.199416 3.276465
v -3.170779 -2.191036 3.158005
v -4.468316 -3.083041 4.669540
v -4.527912 -3.085485 4.624590
v -4.164987 -2.917081 4.272646
v -4.234714 -2.933590 4.210825
v -3.899481 -2.812210 3.775793
v -3.743445 -2.726995 3.585119
v -3.443993 -2.405684 3.130531
v -3.199394 -2.205883 3.032329
v -1.054322 -1.407276 3.742774
v 0.035808 -2.745414 3.574709
v 0.455381 -1.754775 3.494328
v 0.453638 -1.700292 3.472024
v 0.468469 -1.795377 3.549289
v 0.466525 -1.741883 3.537195
v -1.092786 -1.479313 3.673243
v -0.956036 -1.728506 3.850264
v -0.923051 -1.787611 3.785988
v -2.424373 -2.300153 2.736268
v -2.326519 -2.446943 2.779410
v -2.254066 -2.557148 2.879436
v -2.216721 -2.626089 3.027829
v 3.167197 -3.725218 2.140527
v 3.187513 -3.747964 2.097645
v 3.219455 -3.759916 2.058863
v 3.051153 -3.227166 1.817891
v 3.006632 -3.222764 1.858608
v 2.953170 -3.234702 1.886681
v 2.907487 -3.261629 1.889544
v 2.876314 -3.302069 1.864283
v 2.871425 -3.340319 1.820292
v 0.946088 1.546539 -0.475621
v 0.981567 1.528808 -0.447972
v 1.010290 1.519274 -0.421237
v 0.737472 0.560393 0.170430
v 0.782473 0.681159 0.081212
v 0.756540 0.792803 -0.033931
v 0.818187 0.802124 -0.001445
v 0.793547 0.911155 -0.107116
v 0.846178 0.923531 -0.074899
v 0.763693 1.028065 -0.192168
v 0.823839 1.027141 -0.174888
v 0.874355 1.036594 -0.149119
v 0.910196 1.057170 -0.114359
v 0.797560 1.136614 -0.257897
v 0.851227 1.139586 -0.237874
v 0.898282 1.147549 -0.215381
v 0.930827 1.167670 -0.180491
v 0.773334 1.250974 -0.321285
v 0.827544 1.245540 -0.312333
v 0.877392 1.245886 -0.297518
v 0.916999 1.255913 -0.272180
v 0.947927 1.274770 -0.239588
v 0.805841 1.351565 -0.381447
v 0.855551 1.349770 -0.365010
v 0.900858 1.349978 -0.347717
v 0.943789 1.353696 -0.327718
v 0.964682 1.371939 -0.294585
v 0.846168 1.452018 -0.438573
v 0.891004 1.449178 -0.417776
v 0.931537 1.444947 -0.397058
v 0.965353 1.445839 -0.374449
v 0.984742 1.459749 -0.344290
v 1.002341 1.477854 -0.314838
v 1.025164 1.530312 -0.390492
v 1.036851 1.542082 -0.365307
v -0.290025 -1.676524 0.688920
v -0.519070 -1.364301 0.749412
v -0.276708 -1.380240 0.779697
v -0.025712 -1.407982 0.847119
v -0.726538 -1.123856 0.835188
v 0.372903 -1.682518 3.539664
v 0.359299 -1.608977 3.511585
v 0.412205 -1.764607 3.478730
v 0.378728 -1.757753 3.515662
v 0.370573 -1.697294 3.488694
v 1.175577 -0.816693 2.710731
v 1.170022 -0.544434 2.723270
v 1.167949 -0.636919 2.860013
v 1.120907 -0.375003 3.326143
v 1.062236 -0.149644 3.549945
v 1.115615 -0.258022 3.584056
v 1.229514 -0.326757 3.569840
v 1.019915 -0.077098 3.848642
v 1.109577 -0.215118 3.845870
v 1.243098 -0.328725 3.799901
v 1.403179 -0.429893 3.727332
v 1.251744 -0.404764 3.986587
v 1.420393 -0.548222 3.871889
v 1.569653 -0.778632 3.877501
v 2.211510 -2.156828 2.662243
v 2.338211 -2.228184 2.653081
v 2.563626 -2.395059 2.721050
v 0.761534 -2.256889 3.224177
v 0.707597 -2.313862 3.198047
v 0.595881 -2.094225 3.322970
v 0.539527 -2.151865 3.270890
v 0.467858 -2.249065 3.234698
v 0.421500 -1.963852 3.389603
v 1.012638 -2.704559 3.029094
v 1.179191 1.743195 -0.596623
v 1.242297 1.779786 -0.613453
v 1.272513 1.720120 -0.621562
v 1.304257 1.692894 -0.584003
v 1.339003 1.668002 -0.547459
v 1.294577 1.822632 -0.644856
v 1.328596 1.766922 -0.655774
v -2.225750 -1.553016 1.063724
v -2.038689 -1.436707 1.134898
v -2.678432 -1.735886 1.083631
v -2.505640 -1.572689 1.143965
v -2.322420 -1.421699 1.234596
v -2.137160 -1.287913 1.330989
v -2.024786 -2.298269 3.443846
v -2.232270 -2.609118 3.352111
v -2.292441 -5.194181 0.645127
v -2.116725 -5.214092 0.438435
v -2.550910 -2.534844 3.873503
v -2.568831 -2.539713 3.865643
v 1.062593 2.055401 -0.574256
v 1.079777 2.140953 -0.631742
v 1.089877 2.226803 -0.688290
v 1.107410 2.309303 -0.744116
v 1.121024 2.355763 -0.856579
v 1.121861 2.391598 -0.797023
v 0.989409 1.885283 -0.670014
v 0.877286 2.003881 -0.719140
v 0.938308 1.983252 -0.732896
v 1.009338 1.980871 -0.715367
v 0.899429 2.090780 -0.776341
v 0.963226 2.072408 -0.785277
v 1.031516 2.070559 -0.765213
v 0.983991 2.158144 -0.838568
v 1.051557 2.158807 -0.816242
v 1.067450 2.244716 -0.865558
v -5.781894 -4.025870 6.463692
v -0.911788 -0.372206 0.914127
v -0.812782 -0.477615 0.854497
v -0.778799 -0.240828 0.883402
v -0.691528 -0.343518 0.832531
v -0.596025 -0.434340 0.810052
v -0.491625 -0.510812 0.818930
v -0.651642 -0.134645 0.850859
v -0.575449 -0.234855 0.805874
v -0.488575 -0.327117 0.785869
v -0.394636 -0.407534 0.792612
v -0.467736 -0.145547 0.766522
v -0.386583 -0.236620 0.747065
v -0.296887 -0.317360 0.750335
v -0.368896 -0.066451 0.702220
v -0.289937 -0.155341 0.685096
v -0.201317 -0.233627 0.687669
v -0.272163 0.011870 0.626538
v -0.195238 -0.073454 0.608948
v -0.173616 0.093427 0.546925
v -0.097926 0.015095 0.530491
v -0.076345 0.179810 0.469118
v -0.002336 0.108036 0.450829
v 0.087546 0.204047 0.371711
v 0.171923 0.303403 0.294820
v -0.708980 -0.030378 0.924482
v -0.582485 0.051654 0.872277
v -0.536775 -0.047162 0.805199
v -0.469131 0.124989 0.805516
v -0.432292 0.029439 0.739827
v -0.367707 0.282050 0.816892
v -0.364935 0.196136 0.727567
v -0.331666 0.104236 0.664617
v -0.263816 0.347804 0.733297
v -0.262251 0.266646 0.647843
v -0.231426 0.179687 0.584892
v -0.168016 0.413743 0.649744
v -0.167188 0.339294 0.566231
v -0.133716 0.258909 0.507034
v -0.052684 0.542225 0.659692
v -0.083870 0.484580 0.566526
v -0.076736 0.414484 0.490806
v -0.044015 0.341947 0.430997
v 0.013840 0.270096 0.391872
v 0.021068 0.610087 0.569588
v -0.007638 0.557963 0.484271
v 0.002450 0.494409 0.413415
v 0.035638 0.428167 0.353754
v 0.094538 0.363275 0.314282
v 0.085638 0.686454 0.478562
v 0.057900 0.639884 0.399829
v 0.072236 0.581832 0.334211
v 0.105408 0.520435 0.274356
v 0.169360 0.462006 0.238973
v 0.205507 0.796217 0.460498
v 0.147502 0.770034 0.386773
v 0.120399 0.727828 0.312023
v 0.130576 0.675019 0.247341
v 0.173239 0.619748 0.198661
v 0.237072 0.565210 0.163857
v 0.873404 1.925912 -0.386613
v 0.951322 1.784670 -0.617316
v 0.908828 1.891723 -0.678952
v -1.437274 -2.912909 -0.311611
v -1.120878 -2.864780 0.180234
v -1.037440 -2.877996 0.279355
v -1.502419 -2.749809 -0.306546
v -1.199548 -2.626635 0.219144
v -1.106739 -2.605610 0.333498
v -1.340243 -2.403445 0.254158
v -1.247310 -2.355595 0.386206
v -1.431408 -2.164469 0.440254
v -0.249992 -2.790945 3.857382
v -0.222028 -2.771177 3.860824
v -0.236492 -2.702611 3.828759
v -0.264566 -2.600263 3.793126
v -0.203821 -2.698388 3.821140
v -0.176240 -2.708073 3.799994
v -0.315412 -2.453073 3.764515
v -0.388507 -2.272017 3.759066
v -3.284704 -3.731253 -1.811916
v -3.251697 -3.756037 -1.874295
v -3.035272 -3.737726 -1.757645
v -3.449270 -3.776511 -2.029248
v -3.218288 -3.760705 -1.943564
v -2.990665 -3.739966 -1.828389
v -2.500620 -3.617605 -1.560205
v -2.949033 -3.718920 -1.900769
v -2.451507 -3.547418 -1.634753
v -2.019321 -3.238719 -1.245329
v -2.057859 -3.350987 -1.179632
v 2.406572 -2.323924 0.951761
v 2.583113 -2.678951 0.892958
v 2.611673 -2.653447 0.872871
v 0.872500 -1.295843 4.034075
v 1.419550 -1.325879 3.910877
v 0.587912 2.306274 6.798514
v 0.525705 2.298400 6.812497
v 0.480623 2.285828 6.864057
v 3.186194 -2.725149 3.936020
v 3.138310 -2.701822 3.965066
v -1.904006 -4.107797 0.558053
v -1.737941 -4.190862 0.312969
v -1.920805 -3.331505 0.987360
v -1.286384 -1.068641 3.775883
v 2.474726 -2.525759 1.054715
v 1.237228 -1.842244 2.741105
v 1.284425 -1.711991 2.653638
v 2.836522 -2.327061 3.093903
v 2.804875 -2.244622 3.036648
v 2.856769 -2.275157 3.105126
v 2.913078 -2.313169 3.169758
v 2.974545 -2.357124 3.237417
v -1.287241 -2.660159 3.663060
v -1.074496 -2.581637 3.725044
v -1.564282 -2.924810 3.633656
v -1.264107 -2.890915 3.688913
v -1.022988 -2.835154 3.803606
v -0.790885 -2.751998 3.750246
v -1.774517 -3.124749 3.429056
v -1.641604 -3.128604 3.726510
v -1.275723 -3.114711 3.754988
v -0.993986 -3.082114 3.947344
v -0.728565 -3.035513 3.829498
v -2.241133 -3.529733 2.933647
v -0.875302 -2.488987 3.722272
v 0.978417 2.006772 -0.463760
v 0.910152 2.024254 -0.454832
v 1.003127 2.093974 -0.526688
v 1.025407 2.180104 -0.583845
v 1.044837 2.261537 -0.644719
v 0.942749 1.908660 -0.396061
v -2.557283 -2.549350 3.690282
v 1.103199 1.644082 -0.370342
v 1.090734 1.686786 -0.362510
v 3.009993 -2.816913 3.895425
v 3.232419 -2.786536 3.681868
v 3.076264 -2.719689 3.670249
v 3.069949 -2.609535 3.542393
v 3.091646 -2.649125 3.614282
v 3.119741 -2.690729 3.670399
v 3.099021 -3.270707 4.191794
v 3.086812 -3.396816 4.208069
v -2.218179 -4.281866 3.438887
v -1.909585 -4.354881 3.797223
v -1.913027 -4.233313 3.736699
v -1.538863 -4.398045 3.996847
v -1.581432 -4.314192 3.992975
v -1.594910 -4.202357 3.936324
v -1.195180 -4.388920 4.011553
v -1.231834 -4.361599 4.094851
v -1.264717 -4.297980 4.113349
v -1.281796 -4.186783 4.062045
v -0.970567 -4.277340 4.170250
v -0.982682 -4.178690 4.128095
v -0.950356 -4.347856 4.139439
v -0.689183 -4.268353 4.166145
v -0.695968 -4.174011 4.146780
v -0.409839 -4.175242 4.127420
v 1.129197 1.796258 -0.510555
v 1.305606 1.801372 -0.461726
v 1.361598 1.841532 -0.506641
v 1.321422 1.873608 -0.536576
v 1.413967 1.888285 -0.546638
v 1.372267 1.915732 -0.573928
v 1.341781 1.908721 -0.628805
v 1.459020 1.937065 -0.588178
v 1.418432 1.958943 -0.612765
v 1.498476 1.992836 -0.621927
v -0.783892 -1.572503 3.978047
v -2.506526 -2.537570 3.801100
v -2.476274 -2.530682 3.716254
v -5.810713 -4.006559 6.414458
v -5.742570 -4.029672 6.459143
v -5.757608 -4.015811 6.445286
v -5.773071 -4.004316 6.434433
v -5.791474 -4.003192 6.423917
v -5.537617 -4.249395 -3.056480
v -5.507108 -4.249668 -3.072782
v 3.317567 -2.941635 3.763712
v 3.442924 -3.016531 3.731175
v 0.005164 -3.879767 5.186128
v -0.017968 -3.985362 5.226245
v -0.025307 -3.973227 5.252111
v -0.046558 -4.068964 5.289899
v -0.012382 -3.770414 5.102430
v 0.018660 -3.770685 5.114905
v -0.004230 -3.891386 5.153111
v 0.024642 -3.762044 5.147650
v 1.141942 -2.869360 2.944669
v 1.160129 -2.960215 3.007607
v 1.203431 -3.023108 3.116328
v 1.080911 -1.808246 3.317715
v -0.191960 -2.513086 4.734745
v -0.073526 -2.749802 4.929931
v -0.145104 -2.487912 4.720848
v -0.023730 -2.733948 4.930363
v 0.020207 -2.710833 4.946643
v 0.045884 -2.676437 4.991029
v 0.022094 -2.662068 5.032732
v -2.245338 -2.562987 3.462186
v -2.280982 -2.514997 3.519551
v -2.428796 -2.455084 3.535837
v -2.367889 -2.456663 3.550587
v -2.315068 -2.477023 3.555168
v 0.019014 -3.751980 5.182078
v -0.002210 -3.867829 5.216299
v -0.024365 -3.857353 5.238034
v -0.043549 -3.963312 5.268346
v 0.011062 -3.616622 5.188686
v -0.003504 -3.743172 5.204503
v -0.026697 -3.613672 5.179817
v -0.039873 -3.740621 5.199123
v -0.687485 -1.986507 3.557474
v -2.485486 -2.761241 3.736939
v -2.437931 -2.716743 3.707625
v -2.508464 -2.718274 3.750033
v -0.298246 -2.621585 3.748756
v -0.386734 -2.466885 3.704289
v -0.291137 -2.608844 3.783089
v -1.853733 -2.265282 2.777740
v -1.867721 -2.312724 2.908078
v -1.902368 -2.393250 3.009101
v -1.836684 -2.354086 2.747665
v -1.851837 -2.373292 2.872700
v -1.869406 -2.438256 2.733245
v -1.390665 -0.248312 3.283412
v -1.295835 -0.086635 3.110030
v -1.143589 0.062098 2.925801
v -0.987074 -0.082472 2.430140
v 1.673488 2.553604 -0.909263
v 0.486826 2.311973 7.210553
v -0.294684 -1.486677 3.746382
v -0.291677 -1.648435 3.621311
v 0.468348 2.405993 7.164360
v 0.538222 2.370785 7.128819
v 0.482477 2.352548 7.134215
v -1.959283 -2.711455 2.246711
v 2.743001 -2.612574 1.271740
v 2.772373 -2.856132 1.323444
v 2.830251 -2.802859 1.369223
v 2.481106 -2.723392 1.361243
v 2.516138 -2.732884 1.289774
v 2.576004 -2.723187 1.229804
v 2.670049 -2.675164 1.221655
v 0.340926 -1.219789 4.320982
v 0.506953 -1.305287 4.284120
v 0.477820 -1.257010 4.342049
v 0.412232 -1.280021 4.376520
v -0.350580 -0.048877 1.842298
v -0.511360 -0.140416 1.814901
v -0.666362 -0.221383 1.859102
v -0.810912 -0.344851 1.881855
v 0.522658 2.386732 7.233148
v 0.542112 2.327189 7.208112
v 3.185477 -2.830999 3.695428
v 3.368788 -2.877083 3.681472
v 3.480286 -2.981869 3.713437
v 3.393757 -2.844640 3.723905
v -0.029703 -3.036097 5.016405
v 0.022240 -3.032311 5.014806
v 0.061457 -3.026843 5.052276
v 0.015511 -3.193177 5.020556
v -0.046563 -3.269342 5.040382
v 0.012696 -3.269922 5.018035
v 0.009107 -3.342466 5.028418
v 0.253660 -1.109553 4.269422
v 2.560627 -2.616974 1.509393
v 2.506093 -2.659405 1.481734
v -2.919266 -2.971729 4.119580
v -2.879270 -2.956214 4.078875
v -0.049902 -3.211612 4.780241
v -0.031058 -3.235930 4.776705
v -2.875129 -2.984171 4.081424
v -3.092057 -3.064447 4.286237
v 1.082994 -1.458807 1.851511
v 1.036708 -1.287288 1.809263
v 1.159154 -1.397701 2.049104
v -0.884740 -4.092734 -0.120160
v -1.444604 -3.674739 0.249065
v -1.244451 -3.862747 0.073347
v 3.177800 -2.901203 4.014572
v 3.101538 -3.148862 4.161630
v 0.711992 2.114850 6.832014
v 0.686734 2.292706 6.866242
v 1.636559 2.049578 -0.706529
v 1.689041 2.092350 -0.765150
v 1.677537 2.165247 -0.854394
v 1.709728 2.157192 -0.826565
v 1.719792 2.161208 -0.783865
v 1.705943 2.239539 -0.863849
v 1.736793 2.231632 -0.837689
v 1.725075 2.313921 -0.867892
v 1.740666 2.386113 -0.866985
v 1.749535 2.455142 -0.868448
v 1.247198 -1.101634 2.889511
v 0.390142 -1.744288 3.557878
v -0.414179 -1.586859 3.954930
v -1.745926 -1.980383 0.698367
v -1.915139 -2.045974 0.735205
v -0.456620 0.004170 5.125499
v 0.066385 -3.488097 5.099819
v 0.058655 -3.482823 5.147566
v 1.152764 3.728341 -1.563981
v 1.139333 3.766767 -1.596870
v 1.137329 3.801979 -1.618161
v 1.156035 3.582083 -1.469196
v 1.136849 3.583926 -1.467062
v 1.155635 3.633552 -1.501886
v 1.138343 3.634641 -1.501046
v 1.154215 3.681783 -1.534916
v 1.136949 3.682207 -1.535080
v 1.123680 3.676353 -1.545471
v 1.127338 3.722865 -1.575223
v 1.119656 3.715341 -1.588364
v 1.125084 3.749250 -1.624539
v 1.685944 2.474550 -0.853311
v 1.686870 2.521914 -0.877914
v 1.555989 2.146397 -0.818464
v 1.593994 2.209195 -0.828503
v 1.623765 2.276518 -0.834694
v 1.714688 2.609723 -0.763065
v 1.743404 2.657025 -0.764297
v -1.591449 -3.558150 0.333491
v -1.631072 -3.520075 0.252731
v -1.458038 -3.536175 0.255001
v -1.315807 -3.468592 0.215358
v 1.269474 -1.876714 3.165633
v 1.374999 -1.893894 2.924958
v 1.512917 -1.933513 2.878917
v 2.226430 -2.208007 2.860925
v 2.352509 -2.264438 2.856855
v 2.336431 -2.263412 2.746796
v 2.767421 -2.398972 3.343321
v 2.803775 -2.445485 3.408005
v 2.823597 -2.479696 3.373261
v 2.836210 -2.365852 3.446117
v 2.768130 -2.359665 3.370850
v 2.808524 -2.405481 3.434263
v 3.385839 -2.851902 3.788365
v 3.563689 -3.085835 3.770911
v 3.633605 -3.169880 3.863748
v 3.626903 -3.260355 3.956352
v -0.262719 -1.744597 3.519518
v -0.330712 -1.763760 3.609188
v -0.226183 -1.603433 3.525923
v -0.815679 -5.016496 -0.298120
v -0.544721 -5.044162 -0.383491
v -1.641393 -3.880845 0.343572
v -1.728705 -3.621684 0.522051
v 1.179171 -0.915605 2.920828
v 1.174749 -0.749589 3.023536
v 1.202474 -0.574804 3.148780
v 1.304269 -0.611505 3.161591
v 1.480109 -0.525330 3.301106
v 1.616632 -0.606224 3.306066
v -2.245036 -3.838792 1.255660
v -2.075942 -3.987019 0.863485
v -0.508740 -1.740314 4.184456
v -0.601278 -1.739036 4.195838
v -0.573203 -1.904280 4.411108
v -0.545155 -2.101901 4.587608
v -0.686560 -1.767442 4.190493
v -1.706203 -3.503287 0.459235
v -1.593937 -3.678784 0.365880
v -1.810989 -3.380630 0.618951
v 0.460184 -1.634505 3.426763
v 0.466743 -1.686956 3.520177
v 0.473858 -1.623868 3.477244
v -0.551794 -3.176982 0.153881
v -0.414741 -2.810663 0.314058
v -0.512750 -2.526723 0.417580
v -0.259444 -2.508077 0.455918
v -0.019589 -2.482370 0.522924
v 0.397131 -2.214349 0.801756
v 1.532593 -2.777284 -0.502694
v 1.515454 -2.769625 -0.506192
v 0.534434 1.808568 6.573357
v 0.586589 1.820377 6.550004
v 0.687509 2.080626 6.875163
v 0.643271 1.918907 6.735533
v 0.627384 1.847379 6.526100
v 0.554537 -1.351123 4.323606
v 0.448035 2.380898 7.200085
v 0.475720 2.368896 7.237449
v 0.458768 2.320964 7.176647
v 1.076542 -2.844270 3.001937
v 1.113925 -2.928017 3.057818
v 0.988900 -2.739409 2.992323
v 2.849653 -2.756307 1.441890
v 2.467957 -2.454909 1.456456
v 2.417595 -2.500842 1.428853
v 2.414644 -2.382510 1.443430
v 1.737149 -1.029486 3.273083
v 1.740644 -1.114195 3.080641
v 1.796254 -1.139803 3.204750
v -2.852240 -2.916277 4.024603
v -2.783205 -2.950800 4.002389
v -2.793043 -2.916630 3.998912
v -2.747068 -2.893352 3.956882
v -2.700178 -2.866294 3.913671
v -2.585729 -2.840245 3.823474
v 0.545146 2.413961 7.197043
v 0.518832 2.424973 7.159800
v 0.567138 2.355941 7.168902
v 0.231603 2.830500 7.592562
v 0.269459 2.749396 7.538149
v 0.201174 2.868602 7.708440
v 0.085575 -3.183110 5.154784
v 0.039417 -3.173118 5.184392
v -2.610585 -2.847878 3.706567
v -2.568131 -2.805134 3.654489
v -2.517391 -2.824426 3.671951
v -2.467600 -2.780066 3.625749
v -2.749739 -2.941916 3.867803
v -2.693384 -2.846282 3.768889
v -2.858737 -2.957269 3.970542
v -2.818081 -2.935838 3.922476
v -2.794892 -2.966189 3.918579
v -2.778084 -2.910867 3.870873
v -2.733910 -2.880512 3.822032
v -2.716047 -2.960840 3.878607
v -2.704807 -2.913153 3.815817
v -2.665496 -2.930017 3.828872
v -2.657473 -2.881259 3.763853
v -2.617726 -2.896697 3.777467
v -2.586229 -2.879331 3.806574
v -2.787324 -2.981715 3.995364
v -2.740899 -2.964299 3.948580
v -2.738957 -2.929112 3.956409
v -2.687708 -2.904612 3.914379
v -2.763551 -2.981459 3.930004
v -2.690558 -2.940312 3.902475
v -2.636447 -2.911991 3.857495
v -2.636226 -2.875149 3.869671
v -2.667955 -2.769210 3.749536
v 2.643445 -2.787207 1.582311
v 2.591881 -2.826518 1.558743
v 2.478689 -2.696575 1.429955
v 2.827329 -2.733198 1.509941
v 1.078305 1.740381 -0.378521
v 1.264702 1.712384 -0.420014
v 1.347548 1.715111 -0.475726
v -2.957330 -3.010513 4.158771
v -2.912786 -2.996432 4.125284
v -0.039799 -3.235025 4.784956
v -0.127261 -3.129338 4.732596
v -0.150287 -3.098617 4.713064
v -0.174742 -3.073573 4.689057
v -0.199696 -3.053205 4.649216
v -0.223583 -3.039781 4.600626
v -0.058680 -3.241794 4.765879
v -0.058549 -3.167381 4.731419
v -0.075239 -3.133693 4.714971
v -0.087319 -3.146390 4.716184
v 1.172043 -1.050593 2.738088
v 1.185823 -1.083369 2.834645
v 2.307089 -2.374732 1.418294
v 2.270551 -2.419960 1.361876
v 2.209975 -2.364428 1.367060
v 2.140624 -2.325670 1.396342
v 2.115716 -2.337144 1.313757
v 2.034784 -2.312773 1.352250
v 1.927321 -2.267985 1.315790
v 1.714578 -2.166338 1.348516
v 2.691174 -2.554270 1.484057
v 2.626215 -2.580011 1.511053
v 2.770050 -2.737094 1.557396
v 2.706761 -2.756670 1.580036
v -2.132715 -3.143380 1.820964
v -1.071364 -1.564425 0.754094
v -1.415487 -1.110488 1.033062
v -1.311287 -1.484509 0.890757
v -1.213662 -1.241708 0.911698
v -0.071622 -3.178685 4.731115
v -0.083447 -3.187310 4.737420
v -0.099555 -3.155638 4.723714
v -0.090546 -3.190899 4.749764
v -0.109129 -3.159567 4.737576
v -0.094425 -3.103052 4.699636
v -0.844598 -2.160974 3.612099
v -1.903149 -2.488399 2.430032
v -1.941224 -2.624243 2.215398
v -0.584586 -2.661598 3.714057
v -0.705610 -2.391864 3.666189
v 1.161975 -0.876170 2.838682
v 1.811555 -1.450641 2.746632
v 1.947128 -1.565138 2.691944
v 1.759487 -1.264473 2.905688
v -1.008923 1.118733 5.960118
v -0.798445 1.090403 6.012044
v -0.563109 1.083538 6.036675
v -0.266554 -4.968802 -0.473737
v -0.260114 -5.054675 -0.431201
v 0.046629 -5.045672 -0.435804
v 1.388695 -2.718819 0.154674
v 1.451048 -2.693450 0.037782
v 1.370277 -2.737414 0.141869
v 3.126810 -2.771376 3.694934
v 3.174726 -2.737501 3.684415
v 3.134092 -3.036075 4.085153
v 3.142484 -3.152869 4.146739
v 3.107498 -2.834935 4.095667
v 3.055140 -2.856453 4.082012
v 2.988989 -2.774496 3.937486
v 3.029940 -2.889786 4.050823
v 3.048081 -2.921663 4.013302
v 3.220652 -2.987601 4.150174
v -0.953660 -0.470841 1.870429
v -0.954149 -0.467674 1.945359
v 1.651589 2.343812 -0.838099
v -2.043659 -2.190456 0.791941
v -5.517988 -4.212707 -3.061903
v -5.498621 -4.190843 -3.049490
v 0.653965 -2.360491 3.135685
v 0.844609 -2.477832 3.114918
v 0.431632 -2.397949 3.275893
v 0.441866 -1.793048 3.581734
v 0.431746 -1.735742 3.573149
v 2.781332 -2.915001 0.981678
v 2.762018 -2.924758 0.937886
v 2.760534 -2.925747 0.893680
v 2.567049 -2.547668 1.045715
v 2.512816 -2.574973 1.024325
v 2.539055 -2.505307 1.073450
v 0.475931 -1.373407 4.273008
v 0.370329 -1.320679 4.360310
v 0.420989 -1.400252 4.356914
v 0.433849 -1.412448 4.306790
v 0.491588 -1.446720 4.342204
v 0.423765 -1.340070 4.219237
v 2.817979 -2.897572 1.006226
v 2.739350 -2.389465 3.243875
v 2.786714 -2.431538 3.308202
v 2.827549 -2.449341 3.270096
v 2.866718 -2.498458 3.338471
v -0.530694 -1.284925 3.821528
v -0.538846 -1.357312 3.857209
v -0.383080 -1.408923 3.819346
v -0.526388 -1.544682 3.987256
v -0.659351 -1.544658 3.991261
v -0.665335 -0.012523 5.101661
v -0.628724 -0.603321 4.548244
v 0.227818 2.849226 7.632997
v 0.200654 2.876708 7.732486
v 0.206047 2.836633 7.636516
v 0.212361 2.813813 7.598181
v 0.202536 2.815302 7.648153
v 0.040558 -3.624148 5.160887
v 0.066333 -3.190388 5.048601
v 0.064167 -3.266874 5.045702
v 0.064716 -3.341191 5.046942
v 0.085294 -3.338573 5.101253
v -0.047195 -3.482452 5.124408
v -0.039114 -3.488913 5.063635
v 0.000697 -3.493673 5.025334
v 0.046026 -3.492811 5.049136
v 2.454472 -2.329703 2.737956
v 2.566859 -2.364121 2.638442
v 1.384047 -1.680460 2.735417
v 1.497751 -1.730028 2.697726
v 1.492107 -1.858916 2.765299
v 1.656963 -1.975362 2.843248
v 1.800414 -2.025750 2.810986
v 1.942609 -2.079446 2.786707
v 2.080542 -2.135953 2.769360
v 2.210050 -2.200907 2.755394
v -1.515305 -1.067595 3.605177
v 1.721763 2.541189 -0.725820
v 1.740332 2.599874 -0.728348
v 1.798142 2.637601 -0.721352
v 1.758430 2.655435 -0.727678
v 1.817521 2.698081 -0.725828
v 2.787443 -2.355335 3.109349
v 2.923175 -2.492491 3.312974
v 2.835702 -2.398602 3.171288
v 2.881728 -2.441671 3.242410
v 1.779443 2.586305 -0.723341
v 1.823209 2.630538 -0.762717
v 1.789046 2.578726 -0.840037
v 1.805875 2.631235 -0.843024
v 1.831667 2.624550 -0.810231
v 1.859290 2.746943 -0.817167
v 1.858835 2.751081 -0.771766
v 1.870107 2.813850 -0.824614
v 1.873913 2.818546 -0.779679
v 1.881136 2.879972 -0.836298
v 1.886142 2.945798 -0.849033
v 1.872439 3.004783 -0.893593
v 1.850979 2.683031 -0.811270
v 1.843309 2.687643 -0.764647
v -0.137951 -3.093882 4.718206
v -0.165017 -3.063107 4.696272
v -0.192695 -3.033092 4.661491
v -0.121780 -3.089026 4.717862
v -0.145950 -3.053546 4.696636
v -0.104053 -3.084116 4.714935
v -0.760591 -1.241787 3.833575
v -0.718581 -1.044789 3.986981
v -0.746205 -1.145932 3.885507
v 1.950873 -1.938972 2.614264
v 1.985674 -1.836972 2.588285
v 2.126768 -1.924463 2.566532
v 2.264029 -2.008869 2.555541
v 2.031350 -1.743007 2.603646
v 1.935618 -2.024750 2.684202
v 2.077754 -2.087413 2.674277
v -1.383915 0.161471 4.821810
v -1.327815 -0.130924 4.580259
v -1.495346 0.259781 4.711492
v -1.443676 -0.027862 4.478010
v -1.385767 -0.299077 4.244581
v -1.571577 0.367160 4.587927
v -1.521807 0.085571 4.361505
v -1.463992 -0.179787 4.137724
v -1.561373 0.210020 4.230723
v -1.503447 -0.047917 4.013356
v -1.501126 0.097927 3.872983
v -1.440711 -0.111313 3.690304
v -1.393053 0.054005 3.540462
v -1.264734 0.063265 3.236235
v -0.540789 -1.648221 0.654318
v -0.759439 -1.348946 0.760248
v -0.865623 -1.891293 0.590521
v 0.089410 -3.586177 3.774230
v 0.258480 -3.054404 3.571651
v 0.494907 -3.041082 3.485937
v 0.070608 -3.060138 3.723468
v -1.575755 -0.943117 1.171372
v -1.531344 -1.343713 1.051095
v -1.842654 -3.035186 -0.969901
v -1.888337 -2.908255 -0.979442
v -1.979116 -2.793346 -0.968878
v -1.627612 -2.595969 -0.286076
v -2.097217 -2.708036 -0.941850
v -1.782307 -2.481302 -0.252493
v -1.521517 -2.234671 0.295101
v -2.225037 -2.665824 -0.903266
v -1.932961 -2.423001 -0.210440
v -1.705044 -2.145786 0.341052
v -2.345300 -2.672565 -0.854029
v -2.058063 -2.426649 -0.161203
v -2.443178 -2.726387 -0.795902
v -1.554360 -1.995381 0.633715
v 0.791295 0.615762 0.462814
v 0.763268 0.676635 0.494248
v 0.704642 0.735613 0.510900
v 0.626499 0.789592 0.513490
v 0.533312 0.838466 0.502941
v 0.433532 0.870349 0.471767
v 0.339787 0.883807 0.423705
v 0.829366 0.619757 0.264953
v 0.834052 0.669538 0.311435
v 0.828980 0.721985 0.352394
v 0.792572 0.776543 0.382773
v 0.735889 0.830824 0.403416
v 0.660404 0.880823 0.410101
v 0.571468 0.924489 0.401270
v 0.477209 0.955397 0.373680
v 0.388224 0.971244 0.329574
v 0.847990 0.830426 0.250045
v 0.820128 0.880997 0.284871
v 0.763517 0.928226 0.305271
v 0.692130 0.973859 0.315062
v 0.608819 1.014164 0.308840
v 0.521243 1.044201 0.284463
v 0.440741 1.056787 0.240466
v 0.789336 1.029016 0.216750
v 0.722557 1.071333 0.228899
v 0.645644 1.107861 0.224112
v 0.565114 1.132946 0.199139
v 0.680228 1.201909 0.142059
v 0.607699 1.225353 0.120652
v 0.838528 1.814998 -0.312319
v 0.247625 2.794234 7.615093
v 0.251977 2.815655 7.604637
v -0.724910 -4.740254 -0.338862
v -0.580048 -0.281013 4.846009
v 2.564386 -2.869531 1.508568
v 2.580028 -2.898079 1.438874
v 2.619286 -2.912190 1.370475
v 2.691972 -2.898919 1.322235
v 0.186194 0.820059 0.226717
v 0.198568 0.771984 0.166664
v 0.238149 0.721512 0.119096
v 0.302823 0.671700 0.087711
v 0.246169 0.916363 0.139780
v 0.260578 0.872288 0.083877
v 0.303545 0.825911 0.043115
v 0.368458 0.779215 0.014182
v 0.330975 0.971508 0.009576
v 0.370965 0.928882 -0.029996
v 0.433810 0.885498 -0.057022
v 0.396885 1.069440 -0.061909
v 0.438422 1.029197 -0.099250
v 0.497302 1.127491 -0.165541
v 0.964888 1.671846 -0.556001
v 0.267822 0.948943 0.205895
v 0.331080 1.040918 0.124049
v 0.310127 1.012308 0.056773
v 0.396784 1.131289 0.047677
v 0.379242 1.106995 -0.012266
v 0.487297 1.238326 0.034826
v 0.454319 1.224510 -0.021787
v 0.440207 1.201958 -0.081674
v 0.462409 1.164890 -0.126260
v 0.537403 1.329111 -0.033409
v 0.501248 1.319074 -0.085560
v 0.498810 1.289025 -0.142427
v 0.513923 1.255962 -0.193537
v 0.554544 1.221971 -0.226814
v 0.823253 1.924015 -0.409376
v 0.813959 2.014678 -0.504913
v 0.817627 2.061069 -0.647707
v 1.150211 -0.359731 2.935753
v 1.149149 -0.458926 3.043211
v 1.139691 -0.530404 3.114263
v 1.154857 -0.704024 2.960430
v 0.228411 2.781784 7.618849
v 0.205532 2.851773 7.716725
v 0.216645 2.842801 7.724310
v 0.625246 1.423064 -0.054466
v 0.431051 1.147651 0.107641
v 0.376384 1.054966 0.185323
v 0.539479 1.239430 0.084701
v 0.587141 1.329403 0.012267
v 3.191836 -3.019535 4.102535
v 3.199016 -2.859789 4.053648
v -1.944450 -3.694930 0.801252
v -1.795055 -3.816212 0.544467
v -1.843535 -3.502559 0.729060
v -1.400722 -0.935010 3.699591
v 1.273402 1.642828 -0.470330
v 1.273839 1.673053 -0.439521
v 1.346977 1.686016 -0.509344
v 1.181453 1.803817 -0.540058
v 1.234404 1.832152 -0.567545
v 1.208237 1.803789 -0.463188
v 1.266122 1.839134 -0.495856
v -2.509686 -2.514426 3.790684
v -5.828567 -4.037048 6.402253
v -5.829802 -4.015987 6.404773
v -5.825489 -4.086788 6.447724
v -5.827494 -4.061066 6.400548
v -5.824256 -4.087574 6.400878
v -5.515279 -4.267515 -3.058304
v -5.472285 -4.248982 -3.061674
v 3.330752 -2.925111 3.703596
v 3.609856 -3.190992 3.837847
v 3.637336 -3.289696 3.905221
v 3.653364 -3.270419 3.931849
v 3.668819 -3.364821 3.989306
v 3.692164 -3.451685 4.050008
v 3.644393 -3.354721 4.014556
v -2.430024 -2.759716 3.673375
v -2.430452 -2.733449 3.579088
v -2.392696 -2.713459 3.630160
v -2.357290 -2.663264 3.579803
v -2.369991 -2.621941 3.628784
v -2.402747 -2.670155 3.672866
v -5.411837 -7.059083 -0.854089
v -5.390737 -7.043907 -0.835152
v -5.367394 -7.023157 -0.811068
v 2.537722 -2.484059 1.121179
v 2.382960 -2.565336 1.305542
v -5.452318 -6.902770 -0.756790
v -5.438786 -6.971946 -0.774300
v -5.425810 -6.909972 -0.744821
v -5.403786 -6.834208 -0.714765
v -5.395380 -6.912317 -0.747148
v -5.372944 -6.838287 -0.715759
v -5.348023 -6.760196 -0.676879
v -5.320999 -6.677449 -0.644331
v -5.315861 -6.760627 -0.687755
v -5.287431 -6.680275 -0.651123
v -5.259093 -6.598751 -0.616138
v -5.195821 -6.515847 -0.599301
v -5.164862 -6.433649 -0.564336
v -5.464561 -6.968268 -0.786043
v -1.262581 -0.408768 4.335316
v -1.192873 -0.632689 4.110487
v -1.322749 -0.515818 4.035286
v -1.362877 -0.546394 3.790624
v -1.153658 -0.793673 3.946433
v -1.282442 -0.671067 3.878686
v -5.436163 -7.042936 -0.839060
v -5.480247 -6.982499 -0.895804
v -5.480541 -6.996239 -0.867606
v -5.474273 -7.008538 -0.839175
v 2.694276 -2.137170 3.159474
v 2.648500 -2.150753 3.191055
v 2.683998 -2.232931 3.257650
v 2.657438 -2.270294 3.255044
v 2.658435 -2.310876 3.224406
v -0.070436 -3.218204 4.772660
v -1.121280 -0.419835 2.078567
v -1.378761 -0.574441 1.954662
v -1.333093 -0.491537 2.049442
v 1.139494 3.098452 -1.161997
v 1.143160 3.165691 -1.204424
v 1.148110 3.231162 -1.245124
v 1.147968 3.294952 -1.287175
v 1.151349 3.348366 -1.335812
v 1.153559 3.415096 -1.360026
v 1.155947 3.473187 -1.399475
v 1.169263 3.021906 -1.288253
v 1.188528 3.040412 -1.253281
v 1.184902 3.063531 -1.214138
v 1.167820 3.083734 -1.182392
v 1.174253 3.093522 -1.323652
v 1.188709 3.111435 -1.290446
v 1.189371 3.132262 -1.254324
v 1.171939 3.151985 -1.222997
v 1.190965 3.179628 -1.327888
v 1.191779 3.199533 -1.293681
v 1.177516 3.219698 -1.262816
v 1.190988 3.264667 -1.331973
v 1.171935 3.281119 -1.306350
v 1.188108 3.327805 -1.369814
v 1.180983 3.344027 -1.340708
v 1.178228 3.404583 -1.379017
v 1.179261 3.464261 -1.414299
v 0.554734 2.009559 6.932685
v 0.620627 2.016269 6.934657
v 0.537641 1.916853 6.760318
v 0.476524 1.806937 6.595592
v -0.007347 -3.010089 5.176658
v -0.052060 -3.017832 5.141555
v -0.051046 -3.156103 5.163020
v -0.075493 -3.027494 5.095952
v -2.530056 -2.804957 3.782671
v -2.471642 -2.671103 3.724801
v 1.169677 1.723232 -0.392036
v -0.097780 -3.152786 4.758512
v 1.661049 2.257480 -0.864720
v 1.686006 2.328156 -0.867237
v -2.047019 -2.124568 0.854731
v -2.077852 -2.328635 0.985642
v 2.652957 -2.650101 1.025488
v 2.501566 -2.518728 0.898800
v 2.537288 -2.490967 0.898018
v 2.573426 -2.471104 0.909797
v 2.603891 -2.464195 0.948059
v 2.622347 -2.472509 0.992688
v 2.519480 -2.392944 0.936065
v 2.553693 -2.392237 0.975260
v 2.419189 -2.477768 0.955329
v 2.686202 -2.341207 3.181285
v 3.054265 -2.402857 3.437283
v 3.014552 -2.376729 3.471926
v 3.049591 -2.429503 3.550690
v 3.056897 -2.524914 3.736279
v 3.084957 -2.585676 3.813317
v 3.025883 -2.588533 3.830632
v -0.730724 -1.341508 3.856507
v -0.993354 -1.059875 3.889383
v -1.186844 -0.937110 3.843610
v 2.747117 -2.323084 3.039607
v 2.792930 -2.296427 3.031339
v 2.729568 -2.362791 3.139291
v 3.080320 -2.481156 3.629677
v 2.966239 -2.371855 3.498136
v 2.999253 -2.425583 3.573800
v 3.028577 -2.478573 3.652234
v 2.916368 -2.382397 3.514971
v 2.950328 -2.430882 3.590433
v 2.871656 -2.412855 3.515743
v 2.840684 -2.451962 3.503335
v -0.774612 -0.293470 4.799301
v -1.060190 0.021173 4.996095
v -1.170042 -0.218687 4.668917
v -1.327964 -4.683366 -0.094133
v -1.337677 -4.939399 -0.067854
v -1.726443 -5.140757 0.205591
v -1.582754 -4.955040 0.082095
v -1.520552 -5.096706 0.108122
v 1.492961 -2.724253 2.247971
v 1.313040 -2.724437 2.462550
v 0.796084 1.467204 -0.435830
v 0.843417 1.569352 -0.499385
v 0.605433 1.315970 -0.286073
v 0.595237 1.472819 -0.265754
v 0.605596 1.443970 -0.313100
v 0.650010 1.412159 -0.345462
v 0.641556 1.594388 -0.278872
v 0.641865 1.568439 -0.329330
v 0.648549 1.541159 -0.378060
v 0.693925 1.511086 -0.407156
v 0.742476 1.484190 -0.431585
v 0.588082 1.416078 -0.102637
v 0.551122 1.407548 -0.149008
v 0.554194 1.379710 -0.202524
v 0.569568 1.347724 -0.251130
v 0.625566 1.512497 -0.164035
v 0.593344 1.500983 -0.214149
v 0.666379 1.608267 -0.230403
v 0.796244 1.705317 -0.234878
v 0.899098 1.798978 -0.309136
v 0.574207 2.204292 7.139908
v 0.500327 2.257646 7.058959
v 0.482630 2.156060 7.046375
v -3.091407 -3.023345 4.281008
v -3.056713 -3.037976 4.268043
v -3.060935 -3.023954 4.261410
v -3.024144 -3.029795 4.238707
v -3.084827 -3.057608 4.290177
v -3.061457 -3.052890 4.265897
v -2.993000 -3.040743 4.203487
v -3.032292 -3.046226 4.234936
v -0.272227 -1.567307 3.671080
v -0.330795 -1.811170 3.786741
v 1.150956 3.768564 -1.592489
v 1.146213 3.804002 -1.610958
v 1.138199 3.729329 -1.563954
v 1.127549 3.765504 -1.601433
v 1.123809 3.757241 -1.613229
v 1.128487 3.797462 -1.626359
v 1.126361 3.789205 -1.635827
v 1.125360 3.779132 -1.644726
v 1.705391 2.397403 -0.863526
v 1.681930 2.489894 -0.765326
v -0.104114 -3.156749 4.747814
v 1.527129 -2.700133 -0.448924
v 1.503423 -2.705046 -0.443628
v 1.539181 -2.747041 -0.410244
v 1.553432 -2.738764 -0.418117
v 1.510440 -2.647755 -0.075364
v 1.508375 -2.677011 -0.078784
v 0.653456 2.048119 6.905667
v 1.644874 -1.126996 2.976611
v 1.147737 1.772748 -0.424973
v 1.240716 1.760911 -0.425097
v -0.087416 -3.188345 4.762584
v -0.079767 -3.184720 4.771955
v 2.365580 -2.433944 1.416373
v 2.381674 -2.543643 1.376284
v 2.327804 -2.478053 1.366531
v -0.034101 -3.218308 4.761955
v -0.044188 -3.189863 4.752945
v -0.039146 -3.227305 4.755224
v -0.866767 -0.008598 5.058336
v 2.608285 -2.679556 0.993339
v 2.581936 -2.689910 0.943696
v 2.682181 -2.324193 3.054857
v -0.059388 -3.157080 4.740980
v -0.099631 -3.119616 4.736744
v -0.065505 -3.148781 4.754241
v -0.084058 -3.116910 4.735123
v -0.071019 -3.121541 4.725764
v -1.196492 1.163577 5.886405
v -1.237263 0.079575 4.916792
v -0.801376 -5.103916 -0.219480
v -1.304693 -5.080295 -0.014214
v 0.699551 1.383755 -0.371036
v 0.222162 2.808608 7.653585
v 0.705949 1.613374 -0.189149
v 0.669860 1.514017 -0.123187
v 0.759626 1.601272 -0.164397
v -2.532200 -2.847031 3.757886
v -2.481782 -2.803229 3.711227
v -2.567835 -2.857232 3.726843
v -0.996743 -0.755023 4.165895
v -0.964744 -0.919335 3.989958
v -0.092924 -3.224656 5.155800
v 1.169461 3.724468 -1.569432
v 1.176268 3.521806 -1.447066
v 1.178590 3.562927 -1.502688
v 1.184370 3.604337 -1.555447
v 1.180509 3.616708 -1.531375
v 1.168548 3.647752 -1.596262
v 1.181517 3.657315 -1.579049
v 1.176616 3.667373 -1.559090
v 1.152023 3.689759 -1.636755
v 1.170443 3.695656 -1.622611
v 1.130886 3.736764 -1.650592
v 3.155618 -2.630273 3.738375
v 3.170822 -2.660968 3.859730
v 0.898272 1.559109 -0.490037
v 0.832470 1.692376 -0.555195
v 0.898705 1.674824 -0.564510
v 0.871430 1.792227 -0.623197
v 0.848512 1.912908 -0.662014
v 0.747270 1.711933 -0.262096
v 0.785960 1.819747 -0.336387
v 0.779167 1.918067 -0.439361
v 0.786844 1.996687 -0.544026
v 1.553191 -2.705278 -0.446509
v 1.542189 -2.786361 -0.490295
v -2.613820 -2.761521 3.669065
v -2.579509 -2.716105 3.620715
v -2.528171 -2.761101 3.603833
v -2.497456 -2.712043 3.557256
v -1.082755 -0.509522 4.410800
v -0.976745 -0.275841 4.740876
v 1.156729 3.529438 -1.433877
v 1.174804 3.576028 -1.479588
v 1.174098 3.628173 -1.511045
v 1.172262 3.677670 -1.541620
v -0.030987 -3.211950 5.211937
v -0.069830 -3.209103 5.187122
v 2.476940 -2.571670 0.971370
v 2.476393 -2.548704 0.923652
v 2.426763 -2.512439 1.005445
v 3.104888 -2.538749 3.706913
v 0.851141 1.685810 -0.225270
v 1.658106 2.422092 -0.803454
v 1.562415 -2.724057 -0.431669
v 1.570446 -2.668167 -0.339201
v 1.520555 -2.747106 -0.409678
v 0.595109 -1.486504 3.679123
v 0.212678 2.858936 7.746294
v -0.287457 -1.959578 3.538549
v -0.414933 -2.425941 4.731651
v 3.416969 -3.925828 2.457373
v 2.789625 -2.298402 2.953638
v 2.740254 -2.343097 2.956364
v 1.718093 -0.831297 3.693398
v 1.100031 -0.247060 4.075545
v 1.419128 -0.692112 3.967186
v -3.102696 -3.039476 4.305257
v 4.466783 -5.939829 2.460204
v 4.487362 -5.934505 2.444655
v -2.126027 -1.147685 2.661230
v -1.854565 -1.322297 1.199182
v -1.957999 -1.148190 1.396897
v -1.279317 -1.812863 3.425967
v -1.160238 -1.791869 3.388907
v -1.273678 -1.711952 3.406865
v 3.387797 -3.974543 0.378067
v 3.394384 -3.962667 0.374810
v -1.467854 -4.422587 3.915308
v -1.867080 -4.440053 3.803815
v -2.234099 -4.420936 3.497534
v -2.476509 -4.342984 3.015512
v 0.039856 -1.250201 4.002552
v 3.408001 -3.954855 0.381653
v 0.703340 -1.571396 4.515612
v 1.231628 -2.205506 2.557781
v -0.991141 -1.739783 3.426948
v 3.408538 -3.974707 0.396002
v 3.412094 -3.966387 0.391839
v -5.551946 -4.269567 -2.939154
v -5.549590 -4.298780 -2.944227
v -5.524970 -4.316642 -2.959245
v -0.193319 -3.370744 5.330448
v -0.120664 -4.227989 5.329962
v -1.008475 -0.448037 2.028642
v 3.785856 -3.699895 4.293971
v 4.525983 -5.926752 2.444355
v 4.545670 -5.922113 2.461307
v 0.481122 -2.031398 3.587321
v -1.100866 -1.644879 3.412338
v -1.000922 -1.674069 3.486146
v -2.067761 -3.554699 3.248648
v -2.540338 -2.574519 3.501373
v -0.529981 -4.532959 5.365391
v -0.481177 -4.521772 5.365458
v -0.442637 -4.496952 5.367451
v -0.576179 -4.459351 5.526908
v -0.525782 -4.453208 5.541911
v -0.477340 -4.440809 5.533483
v 1.074656 -2.092905 1.399829
v -0.360144 -2.265320 4.491343
v -0.320617 -2.204794 4.486578
v -0.339268 -2.171288 4.551826
v -0.363819 -2.150745 4.598424
v -0.412010 -2.151376 4.645396
v -1.088564 -1.550326 3.613353
v 1.922841 3.491237 -1.011092
v 1.918865 3.495986 -1.000499
v -0.587260 -4.510878 5.413461
v -0.604987 -4.487865 5.463160
v -1.885501 -0.858967 1.840084
v -2.024955 -1.031526 1.643685
v -0.365967 -1.932381 3.884874
v -1.950200 -2.799474 1.407923
v -0.047929 1.451886 6.156733
v 0.371353 -0.745287 1.248410
v 0.501116 -2.010210 3.601898
v -5.469674 -6.966479 -0.914613
v -0.913826 -2.199112 0.519829
v -1.062002 -1.209089 3.807933
v 0.335278 -1.082629 1.082163
v 1.931617 -4.256615 1.961245
v 2.940965 -4.092681 4.237713
v 0.210450 2.886788 7.725834
v 1.030105 0.151312 3.831388
v -0.121509 -4.223237 5.335198
v -2.579570 -2.495825 3.936327
v -0.078914 -3.263776 5.114228
v 4.450067 -5.944372 2.473125
v 1.718251 -0.776817 3.492282
v 1.922255 3.482855 -1.018920
v 1.905804 3.504221 -1.026225
v 2.921042 -4.116978 4.220809
v 2.521801 -2.281007 2.984635
v 0.530373 -0.439788 1.540488
v 2.439497 -2.503582 1.119817
v 1.731519 2.602318 -0.861200
v 1.158134 3.819393 -1.627394
v 0.714881 -1.552068 4.519590
v 1.649048 2.615806 -0.976429
v 4.504633 -5.924795 2.433306
v 1.357843 -3.009259 3.587861
v -2.067642 -2.842396 0.767446
v 0.692581 -1.579334 4.498521
v 0.440822 -1.136840 4.220221
v 3.398175 -3.953234 0.378357
v -0.428805 -2.336054 4.504675
v -2.592632 -2.515471 3.891755
v 0.433819 -1.493174 3.547462
v -0.686681 -0.906504 4.199173
v 1.344433 -1.117846 2.893827
v 3.223963 -2.698042 3.808731
v 0.336532 -1.828326 3.410574
v 0.987557 -1.000913 1.746665
v 0.281488 -1.253062 4.042832
v 0.239743 -1.468026 0.949215
v -2.613431 -2.533976 3.475941
v 0.738083 -1.557191 4.493528
v 3.797287 -3.696101 4.280485
v 2.576066 -2.250842 1.231748
v -5.503439 -4.207210 -3.075730
v -1.963945 -1.726786 0.955524
v -5.804769 -4.096281 6.475138
v 3.539264 -3.922713 2.408579
v -0.911619 0.176750 2.708345
v 1.491150 -2.787798 -0.479859
v -5.417757 -7.009830 -0.787897
v 0.488496 -2.023476 3.571963
v 1.033092 1.658869 -0.552541
v -0.132106 -1.224535 4.001024
v 2.916393 -4.103569 4.221209
v 1.650957 2.622587 -0.973176
v 0.498717 2.178119 6.929869
v -0.871760 -0.292580 2.097082
v 3.095441 -2.841951 3.855079
v 1.643132 2.615050 -0.972488
v -0.848690 -3.262291 0.158581
v 0.512346 2.213953 7.010377
v -0.119453 -4.237152 5.336284
v -5.788493 -4.014161 6.452812
v -2.088027 -2.362111 2.853582
v 1.244185 -1.467896 2.596725
v -0.197847 -3.343846 5.290689
v 0.223130 2.863498 7.740720
v 3.158542 -2.856339 3.778358
v -0.039566 -3.253402 4.786113
v -2.555368 -2.602399 3.704282
v -3.105840 -3.063428 4.298784
v 1.415983 -0.991448 2.954418
v 4.556836 -5.913802 2.480616
v 3.385312 -3.977024 0.389260
v -2.129950 -2.533198 2.292979
v 0.501465 -2.018371 3.571925
v 3.413748 -3.956580 0.391062
v 3.463660 -3.861073 2.392380
v -2.514912 -2.621820 3.729301
v 2.927673 -4.108173 4.213669
v -0.444289 -3.056020 3.854507
v 1.195047 -2.301544 1.381479
v -1.941565 -2.322323 2.642534
v -5.544914 -4.245218 -2.938708
v 1.055892 -2.431441 2.712080
v 1.532032 -2.801830 -0.494016
v 2.646549 -2.350168 2.934815
v -0.057302 -3.233429 4.757522
v -1.475161 -1.854021 3.436087
v -1.658521 -4.666768 0.100007
v -0.872481 -1.775205 3.599512
v 3.401724 -3.979140 0.401652
v 1.369349 -3.005863 3.589346
v -1.172924 -1.662891 3.387812
v -0.383745 -0.937574 4.306445
v -0.570780 -4.520799 5.370395
v 1.745282 2.529999 -0.882437
v 0.204427 2.860055 7.737048
v -0.206347 -3.356979 5.318157
v 1.908369 3.492223 -0.994053
v 1.899793 3.505188 -1.018665
v -0.225916 -2.475013 3.647587
v -0.527340 -2.210074 3.659036
v 1.320195 -1.878201 2.527399
v -1.693230 -1.596260 1.005834
v -5.499146 -4.232286 -3.079833
v 0.972348 -2.528924 2.885638
v -2.280259 -1.355791 2.509306
v 0.824163 -1.656257 3.479869
v 0.559392 3.428978 6.834854
v -2.360119 -3.679864 1.827893
v -5.331411 -7.022547 -0.925308
v 1.313836 -1.474369 3.840468
v 0.699065 1.788136 5.654521
v 3.202541 -2.797504 3.889606
v -1.964967 -0.978408 2.852406
v 0.433047 -1.655088 3.364639
v -0.172596 -3.377880 5.321547
v -1.983860 -5.020848 0.372334
v -3.095800 -3.048679 4.306686
v 0.203655 2.875467 7.754610
v -2.532625 -2.347996 3.495279
v 1.357738 -3.020080 3.589453
v 1.398532 -2.165274 2.238728
v 1.149747 3.821272 -1.626751
v 0.625181 -1.599258 3.388320
v 1.541411 -2.790138 -0.475691
v 1.643607 2.620947 -0.968392
v -1.029397 -0.341175 2.143755
v 0.354266 -1.338158 3.844476
v 0.928065 -2.670618 3.013206
v -0.489624 -2.185621 4.691802
v -0.115314 -4.230012 5.325605
v 3.784224 -3.687731 4.300987
v -3.108424 -3.051268 4.275536
v 0.590887 2.294400 6.991704
v -3.105935 -3.031600 4.296621
v -0.427616 -2.537958 3.648088
v -1.693386 -2.027650 3.433381
v -2.410938 -2.577330 3.666636
v 1.008280 -1.876584 1.476257
v 1.698738 2.586765 -0.900548
v 1.148158 3.791285 -1.674054
v 1.376124 -3.030059 3.560222
v -1.126840 -0.432653 1.845919
v 2.576442 -2.381433 1.139578
v 0.522438 3.453074 6.890300
v -2.587075 -2.492096 3.948827
v -1.203748 -4.288787 -0.076877
v -1.084261 -1.776430 3.362109
v 0.609699 2.113136 5.848375
v 0.884775 -1.713637 3.276607
v 0.482981 -2.017638 3.601111
v -0.439604 -4.424632 5.515998
v -0.615182 -4.463912 5.504692
v -1.258760 -1.327904 3.677977
v 1.073109 1.804976 -0.475366
v 2.788510 -2.214278 2.927845
v 0.554827 3.430918 6.820879
v 1.628126 -0.947991 3.869539
v 1.125885 3.767232 -1.649422
v -0.056969 -3.332517 5.133144
v 1.223613 -2.746185 2.706594
v 2.290349 -2.417953 1.157921
v 3.417728 -3.862857 2.439645
v 0.913859 -1.406915 1.552356
v -0.165844 -2.706815 3.618084
v -1.107020 -0.510190 1.982709
v -2.452430 -2.699584 3.409773
v -0.089492 -4.212861 5.338214
v -2.527050 -2.604038 3.549161
v -0.026751 -3.235744 4.768415
v -5.503083 -4.319589 -2.969702
v 0.978325 1.771226 -0.338376
v -2.340660 -2.664042 3.398799
v -0.431581 -2.339443 4.762978
v 3.795758 -3.681067 4.298454
v 0.334481 -0.856137 4.435829
v 1.669652 2.501439 -0.816823
v -5.739769 -4.120920 6.416098
v -1.728289 -0.690972 1.995560
v -0.365644 -1.974131 3.651006
v 1.419636 -1.293667 2.826627
v 3.452783 -3.999809 2.518785
v -1.912083 -2.497003 2.721953
v -0.414339 -2.399508 4.657926
v -0.032842 -3.248430 4.785126
v -5.838094 -4.023581 6.434301
v 1.500832 -2.763011 -0.499107
v -0.173741 -3.384019 5.307188
v -0.416877 -4.466821 5.378104
v -0.028403 -3.331083 5.185039
v -0.206423 0.061344 1.617913
v -0.071049 1.809078 6.312907
v 1.041169 1.811067 -0.566414
v 0.735716 -1.572812 4.488129
v 0.352029 -1.624794 3.442453
v 0.020729 -3.252491 5.196863
v 1.216121 -1.854472 2.996386
v 2.655859 -2.040964 2.874725
v 0.612487 2.190665 7.035292
v 3.789422 -3.700635 4.282622
v -0.093138 -1.944523 3.481674
v -0.092758 -1.387742 3.646492
v -0.645021 4.631977 5.925759
v -0.163522 -4.782532 1.700974
vt 0.470260 0.337925
vt 0.469381 0.334702
vt 0.482051 0.330681
vt 0.482333 0.335354
vt 0.459954 0.341418
vt 0.458842 0.339126
vt 0.468290 0.332852
vt 0.480719 0.327674
vt 0.489435 0.328145
vt 0.489651 0.334732
vt 0.480483 0.339977
vt 0.470363 0.341091
vt 0.460300 0.343874
vt 0.451288 0.345847
vt 0.449991 0.343828
vt 0.457676 0.337111
vt 0.466856 0.331307
vt 0.478758 0.326129
vt 0.487784 0.324467
vt 0.497823 0.323516
vt 0.500432 0.334204
vt 0.485804 0.341890
vt 0.452099 0.347539
vt 0.444845 0.351905
vt 0.442669 0.350232
vt 0.448557 0.341925
vt 0.456504 0.335786
vt 0.494609 0.318498
vt 0.505969 0.314467
vt 0.511272 0.321290
vt 0.490923 0.350148
vt 0.479669 0.344757
vt 0.477272 0.342054
vt 0.446503 0.353083
vt 0.440990 0.358957
vt 0.438010 0.357571
vt 0.440553 0.348553
vt 0.447402 0.340619
vt 0.485236 0.323027
vt 0.490796 0.315948
vt 0.501502 0.309677
vt 0.552323 0.277953
vt 0.546332 0.272260
vt 0.519002 0.328767
vt 0.510393 0.341481
vt 0.502950 0.355481
vt 0.479531 0.351699
vt 0.443321 0.359574
vt 0.446039 0.417145
vt 0.445125 0.417697
vt 0.435820 0.355454
vt 0.439056 0.346958
vt 0.482084 0.322144
vt 0.486713 0.314471
vt 0.497092 0.306338
vt 0.540774 0.267591
vt 0.558931 0.285048
vt 0.555004 0.262983
vt 0.561730 0.268051
vt 0.527785 0.335910
vt 0.520148 0.347781
vt 0.513543 0.360385
vt 0.497430 0.369481
vt 0.486253 0.365677
vt 0.476856 0.362876
vt 0.473383 0.349707
vt 0.475188 0.343695
vt 0.446705 0.416498
vt 0.444310 0.417679
vt 0.434835 0.359040
vt 0.432697 0.353951
vt 0.446541 0.340066
vt 0.437634 0.345396
vt 0.492698 0.303890
vt 0.535836 0.263400
vt 0.548955 0.258970
vt 0.569243 0.274890
vt 0.566277 0.292990
vt 0.561157 0.255011
vt 0.569140 0.259202
vt 0.536129 0.341834
vt 0.528793 0.352809
vt 0.522531 0.364315
vt 0.508124 0.373201
vt 0.480195 0.447417
vt 0.472178 0.445512
vt 0.465025 0.443528
vt 0.470280 0.359780
vt 0.447175 0.417376
vt 0.447430 0.416622
vt 0.433237 0.356123
vt 0.430218 0.351600
vt 0.531760 0.259331
vt 0.543878 0.255070
vt 0.554718 0.251318
vt 0.577162 0.282875
vt 0.578754 0.265213
vt 0.573894 0.300473
vt 0.564470 0.247120
vt 0.574392 0.250424
vt 0.543362 0.346356
vt 0.536380 0.356689
vt 0.530493 0.367453
vt 0.517334 0.376265
vt 0.488778 0.449213
vt 0.479532 0.456726
vt 0.471979 0.454992
vt 0.465133 0.453309
vt 0.459152 0.441549
vt 0.465546 0.355719
vt 0.469562 0.345083
vt 0.431511 0.357778
vt 0.429620 0.356346
vt 0.427565 0.354619
vt 0.540065 0.250947
vt 0.549621 0.247407
vt 0.557731 0.243506
vt 0.588069 0.273126
vt 0.584765 0.290396
vt 0.589868 0.253908
vt 0.580763 0.306522
vt 0.566327 0.239205
vt 0.576057 0.241769
vt 0.549925 0.349853
vt 0.543519 0.359761
vt 0.538097 0.370005
vt 0.525556 0.378825
vt 0.497388 0.450953
vt 0.487647 0.458257
vt 0.479381 0.464090
vt 0.472419 0.462586
vt 0.465992 0.461174
vt 0.459364 0.451634
vt 0.454672 0.439748
vt 0.428109 0.362787
vt 0.426143 0.362059
vt 0.424219 0.360648
vt 0.545864 0.242970
vt 0.552527 0.239678
vt 0.559288 0.235859
vt 0.600006 0.263141
vt 0.595836 0.280356
vt 0.591437 0.296485
vt 0.589022 0.242703
vt 0.586362 0.311140
vt 0.569002 0.231235
vt 0.577891 0.234366
vt 0.556082 0.352481
vt 0.550142 0.361929
vt 0.533427 0.380897
vt 0.545078 0.371769
vt 0.505684 0.452614
vt 0.495851 0.459623
vt 0.487001 0.465369
vt 0.479703 0.475136
vt 0.473514 0.474441
vt 0.467667 0.473706
vt 0.460521 0.459784
vt 0.426589 0.365445
vt 0.424762 0.364905
vt 0.422991 0.363569
vt 0.549087 0.235112
vt 0.554528 0.231903
vt 0.562744 0.227488
vt 0.607540 0.246205
vt 0.613827 0.253476
vt 0.607519 0.270158
vt 0.602373 0.286364
vt 0.597040 0.301302
vt 0.589158 0.235933
vt 0.603674 0.239145
vt 0.590733 0.314576
vt 0.575648 0.221377
vt 0.582255 0.226629
vt 0.561539 0.354121
vt 0.556039 0.363298
vt 0.540595 0.382272
vt 0.513445 0.453970
vt 0.551147 0.372796
vt 0.503767 0.461036
vt 0.494629 0.466394
vt 0.486552 0.475756
vt 0.462558 0.472965
vt 0.423650 0.370603
vt 0.422072 0.370216
vt 0.420367 0.368874
vt 0.558778 0.223216
vt 0.571164 0.216191
vt 0.621701 0.237785
vt 0.627326 0.243926
vt 0.620122 0.259927
vt 0.613760 0.276034
vt 0.607903 0.291260
vt 0.601428 0.304915
vt 0.591413 0.230360
vt 0.602001 0.233828
vt 0.617288 0.232342
vt 0.583206 0.212533
vt 0.587881 0.219592
vt 0.546778 0.383021
vt 0.520258 0.454642
vt 0.511163 0.462216
vt 0.501979 0.467609
vt 0.493598 0.476264
vt 0.420640 0.372482
vt 0.422336 0.372997
vt 0.419128 0.371101
vt 0.568377 0.211268
vt 0.580308 0.205768
vt 0.633804 0.228839
vt 0.639821 0.234559
vt 0.633034 0.250016
vt 0.625866 0.265751
vt 0.619200 0.281135
vt 0.612358 0.295113
vt 0.594973 0.225397
vt 0.602699 0.230456
vt 0.614653 0.228089
vt 0.628533 0.223972
vt 0.591865 0.215519
vt 0.587606 0.208289
vt 0.525918 0.454808
vt 0.517540 0.462691
vt 0.508869 0.468667
vt 0.500437 0.476732
vt 0.419074 0.376717
vt 0.417617 0.376173
vt 0.416757 0.374924
vt 0.556989 0.218457
vt 0.566954 0.206557
vt 0.578654 0.199715
vt 0.585186 0.201339
vt 0.651501 0.225271
vt 0.644228 0.219778
vt 0.645836 0.240618
vt 0.638530 0.255938
vt 0.631031 0.271037
vt 0.623602 0.285231
vt 0.598360 0.221400
vt 0.625047 0.220466
vt 0.637520 0.215241
vt 0.590551 0.204803
vt 0.594696 0.211135
vt 0.522850 0.462770
vt 0.514560 0.468852
vt 0.506812 0.477176
vt 0.413415 0.380939
vt 0.412453 0.380256
vt 0.411616 0.379038
vt 0.577993 0.194067
vt 0.584324 0.194749
vt 0.587996 0.199981
vt 0.658537 0.231381
vt 0.662198 0.215517
vt 0.653114 0.210407
vt 0.651628 0.246820
vt 0.643553 0.261507
vt 0.635296 0.275472
vt 0.600646 0.216349
vt 0.613911 0.225582
vt 0.623354 0.218288
vt 0.632594 0.211949
vt 0.644843 0.206422
vt 0.592243 0.199868
vt 0.596637 0.205705
vt 0.519429 0.468871
vt 0.512399 0.476913
vt 0.409476 0.383236
vt 0.408701 0.382458
vt 0.408029 0.381360
vt 0.584543 0.188223
vt 0.588184 0.195137
vt 0.671145 0.221762
vt 0.665123 0.237948
vt 0.670817 0.204969
vt 0.659914 0.200669
vt 0.656668 0.252651
vt 0.647493 0.266071
vt 0.601821 0.210529
vt 0.606898 0.223503
vt 0.608012 0.218564
vt 0.629498 0.209714
vt 0.638566 0.203504
vt 0.650616 0.197461
vt 0.598104 0.200658
vt 0.593573 0.194671
vt 0.517035 0.476841
vt 0.405360 0.385339
vt 0.404767 0.384610
vt 0.404254 0.383560
vt 0.588931 0.189219
vt 0.682672 0.210961
vt 0.679283 0.228772
vt 0.670351 0.244036
vt 0.675894 0.194082
vt 0.664277 0.191417
vt 0.660242 0.257238
vt 0.602658 0.205463
vt 0.607533 0.212789
vt 0.615638 0.216747
vt 0.615882 0.220715
vt 0.634537 0.201570
vt 0.643501 0.194948
vt 0.654871 0.188732
vt 0.595387 0.190051
vt 0.599851 0.196600
vt 0.402939 0.385575
vt 0.403376 0.386257
vt 0.402449 0.384635
vt 0.407906 0.380609
vt 0.404070 0.382949
vt 0.585969 0.181443
vt 0.590618 0.183278
vt 0.693413 0.218434
vt 0.692136 0.197385
vt 0.685110 0.235223
vt 0.673474 0.248823
vt 0.677183 0.184811
vt 0.666728 0.183688
vt 0.604412 0.202012
vt 0.606503 0.208378
vt 0.612939 0.211566
vt 0.638764 0.193340
vt 0.647471 0.185825
vt 0.657986 0.180583
vt 0.597803 0.186380
vt 0.601957 0.193423
vt 0.399750 0.387665
vt 0.399421 0.387112
vt 0.399100 0.386405
vt 0.593693 0.178497
vt 0.702250 0.224911
vt 0.704712 0.206610
vt 0.689066 0.183336
vt 0.668734 0.177972
vt 0.677300 0.177920
vt 0.606537 0.199140
vt 0.609018 0.206614
vt 0.621672 0.211896
vt 0.617479 0.208122
vt 0.632844 0.200317
vt 0.636073 0.192444
vt 0.642056 0.184288
vt 0.650436 0.174476
vt 0.661307 0.174561
vt 0.604126 0.190786
vt 0.600426 0.183964
vt 0.398253 0.387756
vt 0.398822 0.388100
vt 0.398092 0.386957
vt 0.402366 0.384265
vt 0.398897 0.385942
vt 0.598073 0.176615
vt 0.716579 0.209925
vt 0.705266 0.189925
vt 0.713857 0.196856
vt 0.686993 0.174922
vt 0.701668 0.177468
vt 0.671248 0.173806
vt 0.678405 0.173475
vt 0.608805 0.196171
vt 0.611825 0.203836
vt 0.620760 0.203165
vt 0.626513 0.205827
vt 0.638857 0.183537
vt 0.644419 0.174473
vt 0.655918 0.167386
vt 0.665109 0.170531
vt 0.603656 0.181887
vt 0.606915 0.188034
vt 0.397410 0.387545
vt 0.397818 0.386734
vt 0.602234 0.175232
vt 0.724734 0.193376
vt 0.715047 0.185220
vt 0.721404 0.190165
vt 0.686317 0.169862
vt 0.697432 0.169101
vt 0.712131 0.176922
vt 0.614434 0.200159
vt 0.611441 0.192804
vt 0.628818 0.198363
vt 0.623398 0.197482
vt 0.641821 0.173867
vt 0.644059 0.165102
vt 0.647644 0.162502
vt 0.653837 0.154348
vt 0.661170 0.163922
vt 0.674497 0.170401
vt 0.669662 0.167327
vt 0.607449 0.178831
vt 0.610521 0.184293
vt 0.596525 0.170418
vt 0.602562 0.169439
vt 0.606751 0.172798
vt 0.722099 0.180004
vt 0.726950 0.182992
vt 0.695278 0.163674
vt 0.707009 0.161706
vt 0.709841 0.166603
vt 0.714250 0.168731
vt 0.719027 0.174522
vt 0.617256 0.195983
vt 0.615035 0.188137
vt 0.626697 0.191828
vt 0.631800 0.191200
vt 0.642824 0.165272
vt 0.640763 0.158986
vt 0.643353 0.156112
vt 0.647448 0.149343
vt 0.661665 0.153876
vt 0.666610 0.161939
vt 0.678586 0.167196
vt 0.674856 0.164312
vt 0.612169 0.174633
vt 0.614995 0.179240
vt 0.611658 0.169042
vt 0.726761 0.173506
vt 0.729901 0.174771
vt 0.705401 0.154428
vt 0.716376 0.160823
vt 0.715311 0.156628
vt 0.718732 0.168684
vt 0.718533 0.162970
vt 0.723826 0.170408
vt 0.620608 0.190571
vt 0.619322 0.182493
vt 0.630099 0.185426
vt 0.635279 0.184455
vt 0.639320 0.159081
vt 0.634921 0.156912
vt 0.638003 0.154118
vt 0.659523 0.139403
vt 0.652346 0.138292
vt 0.641441 0.148138
vt 0.667998 0.140266
vt 0.666720 0.154477
vt 0.672350 0.159965
vt 0.683439 0.163866
vt 0.680309 0.161439
vt 0.616652 0.170005
vt 0.619355 0.174056
vt 0.616020 0.164970
vt 0.730926 0.161900
vt 0.733225 0.162071
vt 0.700468 0.153195
vt 0.694158 0.160818
vt 0.715347 0.150259
vt 0.722037 0.154124
vt 0.721587 0.158174
vt 0.720412 0.163974
vt 0.722291 0.166622
vt 0.722653 0.160402
vt 0.728266 0.160854
vt 0.624485 0.184643
vt 0.623451 0.176844
vt 0.638675 0.177970
vt 0.633652 0.179089
vt 0.644731 0.139246
vt 0.655182 0.125507
vt 0.664152 0.125537
vt 0.631319 0.155591
vt 0.634258 0.150410
vt 0.672127 0.126059
vt 0.671607 0.146697
vt 0.672022 0.154165
vt 0.678223 0.157788
vt 0.685652 0.158916
vt 0.688290 0.161193
vt 0.620659 0.165467
vt 0.623413 0.168896
vt 0.619788 0.161048
vt 0.733057 0.152594
vt 0.735753 0.152831
vt 0.703953 0.145396
vt 0.709151 0.143816
vt 0.717107 0.142090
vt 0.723105 0.148018
vt 0.727584 0.153993
vt 0.725871 0.159105
vt 0.723592 0.161604
vt 0.722285 0.163036
vt 0.725909 0.159348
vt 0.730147 0.151866
vt 0.628308 0.178619
vt 0.627194 0.171362
vt 0.636832 0.173265
vt 0.641723 0.172276
vt 0.644777 0.127209
vt 0.636798 0.143962
vt 0.657018 0.113133
vt 0.667544 0.112844
vt 0.676038 0.113814
vt 0.678122 0.135354
vt 0.680081 0.126038
vt 0.678977 0.141183
vt 0.675217 0.148081
vt 0.677696 0.152965
vt 0.683762 0.155481
vt 0.692811 0.158972
vt 0.690421 0.156774
vt 0.624046 0.161159
vt 0.626529 0.164160
vt 0.737010 0.135446
vt 0.739445 0.136082
vt 0.702884 0.138750
vt 0.710051 0.133581
vt 0.724942 0.140444
vt 0.719337 0.132920
vt 0.729691 0.147080
vt 0.734632 0.134592
vt 0.631729 0.172981
vt 0.630183 0.166274
vt 0.636343 0.136913
vt 0.645046 0.114130
vt 0.659006 0.101804
vt 0.670726 0.100946
vt 0.680109 0.101954
vt 0.683652 0.115355
vt 0.687932 0.126466
vt 0.686140 0.133393
vt 0.686134 0.137715
vt 0.680903 0.143166
vt 0.679604 0.147718
vt 0.683200 0.151197
vt 0.688640 0.153765
vt 0.694544 0.155187
vt 0.696941 0.157149
vt 0.626280 0.157101
vt 0.628868 0.159613
vt 0.742606 0.121772
vt 0.744602 0.122374
vt 0.699506 0.134621
vt 0.702733 0.129368
vt 0.727480 0.131669
vt 0.732072 0.138980
vt 0.714853 0.122553
vt 0.723161 0.122778
vt 0.740574 0.120598
vt 0.634517 0.167647
vt 0.632211 0.161576
vt 0.639233 0.168011
vt 0.628980 0.150412
vt 0.628635 0.145371
vt 0.632176 0.132104
vt 0.636263 0.122427
vt 0.636571 0.115446
vt 0.645907 0.104333
vt 0.674069 0.088768
vt 0.661160 0.090535
vt 0.687992 0.103946
vt 0.684322 0.089556
vt 0.691359 0.117123
vt 0.695595 0.127395
vt 0.693397 0.133038
vt 0.692789 0.136309
vt 0.687284 0.139348
vt 0.684559 0.146674
vt 0.688146 0.149632
vt 0.692866 0.152111
vt 0.627737 0.153248
vt 0.630208 0.155283
vt 0.744381 0.119133
vt 0.745985 0.119716
vt 0.706939 0.120873
vt 0.702203 0.140884
vt 0.698327 0.137327
vt 0.734935 0.130005
vt 0.731300 0.121946
vt 0.728430 0.111669
vt 0.720216 0.111315
vt 0.742485 0.117730
vt 0.636343 0.162873
vt 0.633352 0.156878
vt 0.640910 0.163225
vt 0.621687 0.153283
vt 0.621389 0.157043
vt 0.626118 0.141413
vt 0.627370 0.130357
vt 0.630911 0.121870
vt 0.630005 0.115476
vt 0.632574 0.112294
vt 0.633676 0.107194
vt 0.646318 0.094729
vt 0.662886 0.078974
vt 0.676968 0.076096
vt 0.695934 0.106145
vt 0.692727 0.091574
vt 0.688497 0.076421
vt 0.699219 0.119013
vt 0.693569 0.137335
vt 0.689302 0.145476
vt 0.692412 0.148247
vt 0.696662 0.150716
vt 0.698249 0.153787
vt 0.748607 0.115282
vt 0.749761 0.115961
vt 0.712110 0.110059
vt 0.736405 0.111018
vt 0.726782 0.098868
vt 0.735185 0.099170
vt 0.738606 0.118960
vt 0.740863 0.115833
vt 0.747511 0.113796
vt 0.637412 0.157912
vt 0.620068 0.149442
vt 0.622373 0.139013
vt 0.624784 0.127489
vt 0.628229 0.120377
vt 0.627096 0.118148
vt 0.625718 0.111588
vt 0.633204 0.098992
vt 0.646377 0.084430
vt 0.663869 0.056064
vt 0.681367 0.050642
vt 0.704031 0.108250
vt 0.700995 0.093869
vt 0.697457 0.078444
vt 0.695006 0.049904
vt 0.693466 0.144232
vt 0.696152 0.146934
vt 0.718161 0.097729
vt 0.743119 0.098492
vt 0.734062 0.085462
vt 0.742987 0.085498
vt 0.747021 0.111821
vt 0.753102 0.112402
vt 0.753604 0.113847
vt 0.617063 0.147159
vt 0.616536 0.159327
vt 0.615145 0.156026
vt 0.619655 0.135771
vt 0.620170 0.115981
vt 0.622225 0.124029
vt 0.624398 0.102658
vt 0.632599 0.088893
vt 0.645594 0.062552
vt 0.658025 0.030804
vt 0.673790 0.027454
vt 0.681610 0.037673
vt 0.709531 0.096004
vt 0.706106 0.080799
vt 0.705706 0.051579
vt 0.687416 0.027306
vt 0.699675 0.028041
vt 0.697022 0.142960
vt 0.699356 0.145459
vt 0.699787 0.149128
vt 0.724644 0.084547
vt 0.751163 0.084563
vt 0.754902 0.054499
vt 0.746027 0.056115
vt 0.740537 0.114423
vt 0.747103 0.110284
vt 0.753131 0.110786
vt 0.770073 0.115791
vt 0.769888 0.114452
vt 0.612747 0.153524
vt 0.614809 0.143751
vt 0.612642 0.162655
vt 0.611321 0.159620
vt 0.618061 0.105875
vt 0.614969 0.119635
vt 0.617118 0.128852
vt 0.622831 0.091859
vt 0.630676 0.066053
vt 0.642137 0.033976
vt 0.658039 0.026280
vt 0.675059 0.023232
vt 0.715204 0.082959
vt 0.715450 0.053845
vt 0.711295 0.028654
vt 0.689281 0.022235
vt 0.700859 0.022161
vt 0.700180 0.141579
vt 0.702020 0.143641
vt 0.702612 0.147170
vt 0.736021 0.056488
vt 0.762631 0.051864
vt 0.762571 0.024550
vt 0.754015 0.026559
vt 0.753495 0.109227
vt 0.770233 0.113111
vt 0.775622 0.115808
vt 0.775752 0.117176
vt 0.610511 0.156795
vt 0.611540 0.150147
vt 0.615706 0.094131
vt 0.612569 0.108594
vt 0.619374 0.067408
vt 0.627766 0.036020
vt 0.642000 0.029057
vt 0.659372 0.022809
vt 0.676235 0.020541
vt 0.725591 0.055676
vt 0.722470 0.029143
vt 0.712373 0.021842
vt 0.690601 0.019340
vt 0.701945 0.018412
vt 0.744316 0.028022
vt 0.770279 0.021806
vt 0.757190 0.016969
vt 0.766246 0.014977
vt 0.770861 0.112199
vt 0.775967 0.114356
vt 0.781761 0.117934
vt 0.781518 0.116597
vt 0.609855 0.096106
vt 0.610654 0.068138
vt 0.615329 0.036890
vt 0.627521 0.031133
vt 0.642983 0.025991
vt 0.733643 0.028972
vt 0.724012 0.021251
vt 0.712591 0.017352
vt 0.702918 0.016499
vt 0.691616 0.016346
vt 0.747014 0.018639
vt 0.759270 0.011260
vt 0.768249 0.008598
vt 0.754278 0.108448
vt 0.771434 0.111344
vt 0.776534 0.113223
vt 0.781686 0.115162
vt 0.794461 0.115596
vt 0.795056 0.116729
vt 0.603528 0.068899
vt 0.604722 0.037646
vt 0.614814 0.032606
vt 0.629040 0.028785
vt 0.678028 0.018733
vt 0.735816 0.020087
vt 0.724198 0.016232
vt 0.713389 0.015264
vt 0.748387 0.012962
vt 0.758592 0.007762
vt 0.767785 0.004856
vt 0.777262 0.112715
vt 0.782181 0.114115
vt 0.794102 0.114502
vt 0.798997 0.112854
vt 0.799725 0.113775
vt 0.595783 0.038661
vt 0.604222 0.033746
vt 0.616403 0.029598
vt 0.736739 0.014125
vt 0.724626 0.013808
vt 0.748231 0.009586
vt 0.777626 0.006127
vt 0.775564 0.002162
vt 0.793973 0.113940
vt 0.798332 0.112133
vt 0.801873 0.109798
vt 0.802481 0.110243
vt 0.595395 0.034218
vt 0.736469 0.011604
vt 0.784244 0.002489
vt 0.781912 0.000117
vt 0.797946 0.111727
vt 0.801156 0.109612
vt 0.802490 0.109089
vt 0.802055 0.109039
vt 0.801135 0.109185
vt 0.090896 0.636588
vt 0.092664 0.636092
vt 0.092527 0.643664
vt 0.090585 0.643983
vt 0.091700 0.596395
vt 0.090858 0.596625
vt 0.092341 0.651371
vt 0.090355 0.651688
vt 0.088516 0.644231
vt 0.088835 0.636677
vt 0.089900 0.597037
vt 0.090804 0.595333
vt 0.089806 0.595399
vt 0.091920 0.659184
vt 0.090137 0.659669
vt 0.088183 0.651865
vt 0.086401 0.644092
vt 0.086734 0.636622
vt 0.088780 0.596488
vt 0.093422 0.650892
vt 0.093362 0.658802
vt 0.092052 0.667348
vt 0.089897 0.667747
vt 0.087834 0.659737
vt 0.086041 0.651771
vt 0.084397 0.643928
vt 0.084776 0.636362
vt 0.087591 0.596037
vt 0.088701 0.594814
vt 0.093334 0.666821
vt 0.092044 0.675664
vt 0.089755 0.676017
vt 0.087480 0.667798
vt 0.085530 0.659787
vt 0.083987 0.651753
vt 0.083206 0.635772
vt 0.083309 0.643514
vt 0.085374 0.600093
vt 0.086413 0.595542
vt 0.093293 0.675200
vt 0.092022 0.684053
vt 0.089738 0.684463
vt 0.087172 0.676274
vt 0.084996 0.667880
vt 0.083649 0.659472
vt 0.093328 0.683476
vt 0.092362 0.691903
vt 0.089997 0.693029
vt 0.086955 0.684772
vt 0.084618 0.676208
vt 0.082985 0.667545
vt 0.082144 0.658996
vt 0.083136 0.651088
vt 0.094023 0.690605
vt 0.093476 0.695881
vt 0.090232 0.697110
vt 0.086860 0.693351
vt 0.084177 0.684736
vt 0.082558 0.675905
vt 0.081285 0.667032
vt 0.095645 0.693053
vt 0.093259 0.700397
vt 0.090254 0.701218
vt 0.086843 0.697532
vt 0.083850 0.693371
vt 0.081619 0.684516
vt 0.081235 0.675367
vt 0.098093 0.694744
vt 0.096448 0.697017
vt 0.094280 0.698941
vt 0.092466 0.709452
vt 0.089822 0.710000
vt 0.086776 0.701611
vt 0.083632 0.697540
vt 0.081451 0.693136
vt 0.096244 0.691512
vt 0.099022 0.692484
vt 0.100699 0.696114
vt 0.098974 0.697982
vt 0.097372 0.699162
vt 0.092051 0.719427
vt 0.089341 0.719889
vt 0.086545 0.710234
vt 0.083443 0.701613
vt 0.081241 0.697214
vt 0.101342 0.694495
vt 0.111501 0.706161
vt 0.109950 0.708074
vt 0.107791 0.709719
vt 0.091574 0.730075
vt 0.088712 0.730403
vt 0.085981 0.720013
vt 0.083227 0.710225
vt 0.081019 0.701254
vt 0.111930 0.704557
vt 0.129448 0.725070
vt 0.127726 0.727416
vt 0.125312 0.729414
vt 0.105908 0.710490
vt 0.096155 0.699617
vt 0.093472 0.718768
vt 0.093369 0.729421
vt 0.090396 0.746840
vt 0.087262 0.747077
vt 0.085364 0.730385
vt 0.082809 0.719755
vt 0.080600 0.709758
vt 0.147345 0.748829
vt 0.145073 0.751474
vt 0.141465 0.753785
vt 0.122799 0.730410
vt 0.092111 0.745969
vt 0.088562 0.757647
vt 0.085371 0.757830
vt 0.083632 0.746645
vt 0.081961 0.729924
vt 0.079913 0.719214
vt 0.152398 0.757813
vt 0.149912 0.760920
vt 0.145805 0.763383
vt 0.138087 0.754932
vt 0.086497 0.767489
vt 0.083130 0.767952
vt 0.081591 0.757257
vt 0.080032 0.745578
vt 0.079493 0.729143
vt 0.155055 0.765746
vt 0.153456 0.769372
vt 0.149707 0.772981
vt 0.141879 0.764261
vt 0.120778 0.730628
vt 0.135731 0.754739
vt 0.083447 0.781138
vt 0.079421 0.781657
vt 0.078999 0.767337
vt 0.077688 0.755763
vt 0.077684 0.744142
vt 0.157386 0.767300
vt 0.156473 0.772395
vt 0.151897 0.778878
vt 0.144687 0.774403
vt 0.139372 0.763815
vt 0.082349 0.785723
vt 0.077924 0.786054
vt 0.074810 0.780317
vt 0.075054 0.765480
vt 0.075220 0.753776
vt 0.160225 0.769022
vt 0.159756 0.766245
vt 0.156626 0.781124
vt 0.159783 0.775571
vt 0.145539 0.779417
vt 0.141758 0.773344
vt 0.081415 0.790340
vt 0.076672 0.790847
vt 0.072700 0.784375
vt 0.070774 0.777515
vt 0.072547 0.762756
vt 0.162441 0.771268
vt 0.149476 0.785368
vt 0.153402 0.786167
vt 0.162756 0.776650
vt 0.160047 0.782033
vt 0.145162 0.783915
vt 0.142341 0.777789
vt 0.080850 0.795379
vt 0.076163 0.796102
vt 0.070335 0.789297
vt 0.067698 0.780693
vt 0.068820 0.774071
vt 0.164630 0.771858
vt 0.161660 0.766216
vt 0.163765 0.767873
vt 0.156345 0.786092
vt 0.150180 0.789763
vt 0.147026 0.789115
vt 0.143602 0.787500
vt 0.142098 0.781743
vt 0.085122 0.788572
vt 0.084533 0.793394
vt 0.075618 0.801329
vt 0.079992 0.800432
vt 0.071163 0.795675
vt 0.065029 0.784743
vt 0.066417 0.776517
vt 0.165980 0.768286
vt 0.164665 0.776422
vt 0.166576 0.771823
vt 0.162858 0.760865
vt 0.164942 0.761901
vt 0.144365 0.791967
vt 0.141572 0.790460
vt 0.141200 0.784919
vt 0.070957 0.800982
vt 0.078868 0.805384
vt 0.074496 0.806360
vt 0.066965 0.794937
vt 0.065437 0.790144
vt 0.060731 0.782443
vt 0.062297 0.779186
vt 0.062003 0.786633
vt 0.062560 0.776615
vt 0.167335 0.762013
vt 0.167880 0.767943
vt 0.163308 0.747857
vt 0.165423 0.748436
vt 0.141559 0.794893
vt 0.139107 0.792841
vt 0.139445 0.787772
vt 0.069874 0.806003
vt 0.066848 0.799936
vt 0.077433 0.810355
vt 0.072799 0.811203
vt 0.063759 0.794009
vt 0.062266 0.790077
vt 0.058418 0.784166
vt 0.057229 0.780498
vt 0.058897 0.777671
vt 0.059454 0.775094
vt 0.062150 0.775291
vt 0.066282 0.774298
vt 0.167631 0.748380
vt 0.168946 0.761207
vt 0.166512 0.734358
vt 0.165361 0.733748
vt 0.138394 0.796821
vt 0.135809 0.795195
vt 0.136936 0.790113
vt 0.063666 0.798322
vt 0.075319 0.815518
vt 0.070369 0.816520
vt 0.055079 0.781993
vt 0.053921 0.778359
vt 0.055689 0.775783
vt 0.056296 0.773172
vt 0.168292 0.734582
vt 0.169498 0.747859
vt 0.167389 0.730996
vt 0.166001 0.730399
vt 0.134077 0.792093
vt 0.136337 0.786541
vt 0.138706 0.784305
vt 0.051651 0.779859
vt 0.050418 0.776179
vt 0.052330 0.773601
vt 0.053012 0.770781
vt 0.168938 0.731386
vt 0.169824 0.734653
vt 0.169613 0.721481
vt 0.170712 0.722207
vt 0.132521 0.796809
vt 0.130915 0.793701
vt 0.048261 0.777591
vt 0.048373 0.771223
vt 0.046560 0.773740
vt 0.049262 0.768312
vt 0.170282 0.731610
vt 0.171979 0.722743
vt 0.178674 0.707333
vt 0.179191 0.708166
vt 0.044600 0.775105
vt 0.042408 0.771331
vt 0.044269 0.768521
vt 0.045278 0.765769
vt 0.173241 0.723239
vt 0.180118 0.708666
vt 0.191007 0.694989
vt 0.191396 0.695519
vt 0.040688 0.772628
vt 0.038425 0.768514
vt 0.040199 0.765849
vt 0.041181 0.763326
vt 0.181186 0.709103
vt 0.191896 0.696047
vt 0.192673 0.694416
vt 0.192375 0.693986
vt 0.036778 0.770008
vt 0.034541 0.765723
vt 0.036235 0.763400
vt 0.037190 0.761071
vt 0.192407 0.696300
vt 0.192957 0.694889
vt 0.193386 0.693300
vt 0.193593 0.693713
vt 0.032857 0.767444
vt 0.032775 0.761002
vt 0.030950 0.762967
vt 0.033621 0.759106
vt 0.193458 0.695185
vt 0.193631 0.694200
vt 0.192263 0.693542
vt 0.193106 0.693080
vt 0.194130 0.692878
vt 0.194375 0.693527
vt 0.029023 0.764585
vt 0.027461 0.760042
vt 0.029674 0.758615
vt 0.030835 0.757040
vt 0.194098 0.694285
vt 0.025119 0.761984
vt 0.028259 0.756312
vt 0.023968 0.756677
vt 0.030140 0.754718
vt 0.021436 0.758518
vt 0.024468 0.753528
vt 0.028257 0.753973
vt 0.017649 0.755332
vt 0.019953 0.751740
vt 0.022651 0.750327
vt 0.024979 0.749039
vt 0.028179 0.749400
vt 0.013750 0.746592
vt 0.011810 0.748648
vt 0.019779 0.759594
vt 0.016207 0.756490
vt 0.024071 0.744661
vt 0.026996 0.744334
vt 0.010022 0.750071
vt 0.007018 0.742303
vt 0.009383 0.740717
vt 0.021821 0.739564
vt 0.024430 0.739086
vt 0.028699 0.742587
vt 0.030286 0.747789
vt 0.004811 0.743454
vt 0.003573 0.735341
vt 0.006204 0.734473
vt 0.019558 0.733718
vt 0.021237 0.733254
vt 0.025846 0.737426
vt 0.001833 0.736019
vt 0.002161 0.728167
vt 0.004512 0.727823
vt 0.016640 0.728762
vt 0.017856 0.728263
vt 0.022523 0.732206
vt 0.000533 0.728664
vt 0.001269 0.721397
vt 0.003608 0.721296
vt 0.015004 0.723576
vt 0.013750 0.724078
vt 0.019178 0.727306
vt 0.000000 0.721807
vt 0.001390 0.715123
vt 0.003221 0.715180
vt 0.016249 0.722523
vt 0.011990 0.719264
vt 0.010914 0.719657
vt 0.000097 0.715463
vt 0.003091 0.709334
vt 0.001527 0.709322
vt 0.013012 0.718141
vt 0.007561 0.716088
vt 0.008727 0.715405
vt 0.000274 0.709565
vt 0.001769 0.703788
vt 0.003305 0.703869
vt 0.009495 0.714224
vt 0.005200 0.712092
vt 0.004200 0.712641
vt 0.000804 0.704061
vt 0.002067 0.698820
vt 0.003296 0.698869
vt 0.005958 0.710952
vt 0.001131 0.698983
vt 0.002462 0.694145
vt 0.003563 0.694234
vt 0.001636 0.694368
vt 0.002786 0.690118
vt 0.003616 0.690205
vt 0.003931 0.699165
vt 0.004156 0.694533
vt 0.002074 0.690204
vt 0.002997 0.688371
vt 0.003673 0.688440
vt 0.004252 0.690416
vt 0.002459 0.688493
vt 0.003108 0.687118
vt 0.003697 0.687107
vt 0.004171 0.688659
vt 0.002672 0.687443
vt 0.002995 0.686478
vt 0.003610 0.686383
vt 0.004037 0.687352
vt 0.189445 0.272420
vt 0.197732 0.260850
vt 0.203932 0.264852
vt 0.197062 0.278190
vt 0.183102 0.266419
vt 0.191808 0.255779
vt 0.203020 0.249331
vt 0.207838 0.252468
vt 0.210279 0.266401
vt 0.207261 0.283410
vt 0.186566 0.289108
vt 0.179006 0.281818
vt 0.172661 0.274994
vt 0.177708 0.260806
vt 0.186477 0.250620
vt 0.197643 0.245012
vt 0.205546 0.239425
vt 0.209591 0.242363
vt 0.211777 0.253575
vt 0.218391 0.275524
vt 0.216499 0.263932
vt 0.194900 0.296604
vt 0.175631 0.295968
vt 0.168496 0.287634
vt 0.162155 0.280421
vt 0.167164 0.268948
vt 0.172970 0.255477
vt 0.181476 0.245642
vt 0.192136 0.240345
vt 0.200196 0.235491
vt 0.204214 0.231728
vt 0.209399 0.235304
vt 0.212678 0.243734
vt 0.215413 0.252597
vt 0.223643 0.283836
vt 0.214809 0.293748
vt 0.223371 0.270850
vt 0.219930 0.261323
vt 0.183544 0.304319
vt 0.203031 0.304810
vt 0.164257 0.299519
vt 0.158509 0.289531
vt 0.152582 0.282219
vt 0.156814 0.273920
vt 0.162705 0.263153
vt 0.168529 0.250153
vt 0.176648 0.240905
vt 0.186826 0.235744
vt 0.194128 0.231494
vt 0.213289 0.237946
vt 0.215045 0.242920
vt 0.217779 0.250935
vt 0.230540 0.288680
vt 0.224306 0.302158
vt 0.228720 0.277596
vt 0.191582 0.312638
vt 0.174014 0.308092
vt 0.211142 0.313599
vt 0.147565 0.275112
vt 0.152747 0.267454
vt 0.158683 0.256996
vt 0.163671 0.244434
vt 0.171666 0.236129
vt 0.181499 0.231446
vt 0.188293 0.227452
vt 0.216801 0.238975
vt 0.217304 0.241741
vt 0.237944 0.288825
vt 0.236353 0.297903
vt 0.234876 0.280873
vt 0.226241 0.260929
vt 0.232034 0.264932
vt 0.181738 0.316437
vt 0.200081 0.321117
vt 0.166489 0.312999
vt 0.159154 0.308439
vt 0.230082 0.314819
vt 0.218685 0.323254
vt 0.143821 0.267758
vt 0.149203 0.260292
vt 0.154250 0.250176
vt 0.158289 0.238593
vt 0.165998 0.231210
vt 0.176360 0.227299
vt 0.182639 0.223479
vt 0.240782 0.281126
vt 0.243631 0.286452
vt 0.243346 0.293787
vt 0.239649 0.307718
vt 0.238093 0.266060
vt 0.226169 0.248972
vt 0.232025 0.251925
vt 0.191918 0.324797
vt 0.171509 0.316681
vt 0.208147 0.329933
vt 0.161625 0.320532
vt 0.155158 0.317116
vt 0.150899 0.302173
vt 0.151997 0.293723
vt 0.235681 0.324127
vt 0.225518 0.332037
vt 0.140856 0.259809
vt 0.145424 0.252617
vt 0.149560 0.243447
vt 0.152809 0.232973
vt 0.160390 0.226406
vt 0.170793 0.222997
vt 0.177120 0.219799
vt 0.243609 0.265585
vt 0.246783 0.301894
vt 0.244451 0.316548
vt 0.237959 0.252369
vt 0.232453 0.246180
vt 0.226195 0.243429
vt 0.199913 0.332929
vt 0.166761 0.322865
vt 0.215532 0.338382
vt 0.158566 0.328533
vt 0.152097 0.325852
vt 0.147899 0.311630
vt 0.143000 0.293608
vt 0.142175 0.285073
vt 0.240629 0.331673
vt 0.231440 0.339453
vt 0.137723 0.251934
vt 0.141423 0.245575
vt 0.144566 0.237252
vt 0.147220 0.227671
vt 0.154582 0.221736
vt 0.165356 0.218720
vt 0.172051 0.215778
vt 0.243416 0.251404
vt 0.248212 0.289325
vt 0.252177 0.296492
vt 0.251511 0.309880
vt 0.248882 0.323994
vt 0.238291 0.246638
vt 0.226796 0.238397
vt 0.233245 0.241177
vt 0.206835 0.341005
vt 0.174332 0.320051
vt 0.170416 0.324546
vt 0.164017 0.330002
vt 0.221906 0.346067
vt 0.149808 0.333846
vt 0.156447 0.336100
vt 0.145117 0.320865
vt 0.140793 0.303911
vt 0.245718 0.338429
vt 0.237105 0.346461
vt 0.134236 0.245009
vt 0.136955 0.239093
vt 0.139536 0.231631
vt 0.142026 0.222925
vt 0.148838 0.217373
vt 0.159498 0.214505
vt 0.166662 0.211646
vt 0.243803 0.245813
vt 0.248274 0.248962
vt 0.248430 0.263636
vt 0.256168 0.291033
vt 0.251753 0.284613
vt 0.257232 0.303767
vt 0.255868 0.316979
vt 0.253477 0.330595
vt 0.239488 0.241915
vt 0.232043 0.227907
vt 0.238123 0.231251
vt 0.212456 0.348936
vt 0.168399 0.330793
vt 0.162171 0.337008
vt 0.227952 0.353850
vt 0.142819 0.329326
vt 0.147796 0.341021
vt 0.154645 0.343075
vt 0.138296 0.313926
vt 0.133922 0.295596
vt 0.134818 0.284010
vt 0.251469 0.345475
vt 0.243375 0.353908
vt 0.130295 0.238643
vt 0.132434 0.233350
vt 0.134848 0.226502
vt 0.137212 0.218512
vt 0.143312 0.213382
vt 0.153498 0.210482
vt 0.161063 0.207503
vt 0.248413 0.243198
vt 0.245373 0.241499
vt 0.261704 0.297727
vt 0.258732 0.285548
vt 0.253940 0.279772
vt 0.261575 0.310549
vt 0.260093 0.323436
vt 0.258973 0.337471
vt 0.244770 0.232816
vt 0.241286 0.216938
vt 0.246490 0.220418
vt 0.227619 0.222932
vt 0.221779 0.233060
vt 0.217149 0.359546
vt 0.173138 0.325660
vt 0.171586 0.330714
vt 0.166870 0.337070
vt 0.160681 0.343707
vt 0.235264 0.362141
vt 0.136257 0.322961
vt 0.140811 0.336880
vt 0.145766 0.347530
vt 0.152777 0.349407
vt 0.132124 0.306475
vt 0.250727 0.362171
vt 0.258489 0.353448
vt 0.126264 0.232787
vt 0.128258 0.228056
vt 0.130622 0.221792
vt 0.132750 0.214413
vt 0.137980 0.209636
vt 0.147319 0.206989
vt 0.154736 0.203885
vt 0.250975 0.232906
vt 0.264768 0.291342
vt 0.266394 0.304314
vt 0.265430 0.316859
vt 0.265513 0.330187
vt 0.265933 0.345235
vt 0.252230 0.222576
vt 0.251922 0.208841
vt 0.255978 0.212664
vt 0.237690 0.212342
vt 0.227985 0.369839
vt 0.203911 0.354310
vt 0.203328 0.346668
vt 0.165662 0.343336
vt 0.159103 0.349920
vt 0.243509 0.370882
vt 0.134488 0.330948
vt 0.130632 0.316168
vt 0.138725 0.343566
vt 0.150622 0.354992
vt 0.143409 0.353173
vt 0.267460 0.363663
vt 0.259843 0.372225
vt 0.124400 0.223201
vt 0.126769 0.217402
vt 0.128420 0.210324
vt 0.133039 0.205958
vt 0.141455 0.203736
vt 0.148463 0.200627
vt 0.257807 0.223368
vt 0.270184 0.297675
vt 0.269913 0.310599
vt 0.270917 0.323620
vt 0.272599 0.337847
vt 0.275008 0.355630
vt 0.260707 0.215289
vt 0.263335 0.204523
vt 0.266353 0.208358
vt 0.249038 0.204311
vt 0.235916 0.207206
vt 0.225579 0.216964
vt 0.237667 0.379061
vt 0.223479 0.377035
vt 0.212725 0.368501
vt 0.201453 0.361135
vt 0.193239 0.349063
vt 0.195042 0.341892
vt 0.164368 0.349272
vt 0.157215 0.355419
vt 0.253077 0.380726
vt 0.132650 0.338075
vt 0.129302 0.324707
vt 0.136411 0.349424
vt 0.147935 0.360032
vt 0.140637 0.357888
vt 0.277825 0.375440
vt 0.270126 0.383417
vt 0.120928 0.218695
vt 0.123074 0.213247
vt 0.124086 0.206242
vt 0.127998 0.202195
vt 0.136027 0.200470
vt 0.142533 0.197674
vt 0.265496 0.216518
vt 0.273549 0.304209
vt 0.275292 0.317426
vt 0.278306 0.331205
vt 0.281982 0.348384
vt 0.285578 0.367980
vt 0.270180 0.211055
vt 0.286557 0.199710
vt 0.288897 0.202789
vt 0.261441 0.200137
vt 0.247702 0.199400
vt 0.247881 0.388616
vt 0.233930 0.385979
vt 0.190724 0.354694
vt 0.184651 0.344419
vt 0.186782 0.336229
vt 0.263467 0.391325
vt 0.128013 0.332274
vt 0.130751 0.344213
vt 0.133876 0.354148
vt 0.144517 0.364174
vt 0.137306 0.361684
vt 0.288325 0.387674
vt 0.280478 0.394958
vt 0.117632 0.214607
vt 0.119345 0.209072
vt 0.119817 0.202086
vt 0.123232 0.198335
vt 0.130513 0.197278
vt 0.136651 0.194894
vt 0.278657 0.311335
vt 0.283071 0.325139
vt 0.288160 0.341833
vt 0.292781 0.361198
vt 0.296286 0.380891
vt 0.291792 0.205025
vt 0.308431 0.193644
vt 0.310123 0.196031
vt 0.285557 0.196052
vt 0.260960 0.195687
vt 0.248337 0.194716
vt 0.236298 0.201854
vt 0.258396 0.398664
vt 0.244504 0.395292
vt 0.181971 0.349446
vt 0.178491 0.341398
vt 0.179766 0.334633
vt 0.273778 0.402208
vt 0.128528 0.349256
vt 0.130880 0.357917
vt 0.140385 0.367598
vt 0.133364 0.365193
vt 0.324355 0.436168
vt 0.316844 0.440583
vt 0.114450 0.210469
vt 0.115661 0.204820
vt 0.115640 0.197702
vt 0.118669 0.194268
vt 0.125444 0.193834
vt 0.131031 0.192250
vt 0.286807 0.319333
vt 0.293469 0.335907
vt 0.299278 0.355016
vt 0.303728 0.374726
vt 0.332634 0.431765
vt 0.312348 0.197479
vt 0.335820 0.183507
vt 0.337063 0.184659
vt 0.307407 0.190803
vt 0.285397 0.192569
vt 0.261878 0.191689
vt 0.268769 0.408924
vt 0.255043 0.404982
vt 0.176137 0.345834
vt 0.174959 0.339767
vt 0.176090 0.333633
vt 0.179244 0.327531
vt 0.183382 0.328506
vt 0.309939 0.445040
vt 0.125934 0.353331
vt 0.127241 0.361422
vt 0.331037 0.448297
vt 0.323414 0.452123
vt 0.112727 0.214354
vt 0.109825 0.210407
vt 0.111181 0.206305
vt 0.111893 0.200349
vt 0.111588 0.193066
vt 0.114360 0.189918
vt 0.120644 0.190247
vt 0.125835 0.189414
vt 0.297977 0.330457
vt 0.280819 0.305092
vt 0.289560 0.313255
vt 0.305066 0.349381
vt 0.310526 0.369005
vt 0.341369 0.427313
vt 0.339311 0.444353
vt 0.400661 0.150206
vt 0.400787 0.151252
vt 0.335010 0.181534
vt 0.307440 0.187976
vt 0.286182 0.189322
vt 0.303628 0.449381
vt 0.172763 0.343789
vt 0.175522 0.327374
vt 0.316193 0.455917
vt 0.122618 0.356974
vt 0.124870 0.344076
vt 0.122602 0.348422
vt 0.128990 0.368379
vt 0.123183 0.364777
vt 0.336581 0.460830
vt 0.328743 0.464150
vt 0.106897 0.206388
vt 0.107814 0.201872
vt 0.108180 0.195514
vt 0.107851 0.187946
vt 0.110491 0.185143
vt 0.116179 0.186377
vt 0.121059 0.186260
vt 0.301727 0.325452
vt 0.310145 0.344260
vt 0.316665 0.363671
vt 0.349860 0.422929
vt 0.348208 0.440205
vt 0.344978 0.457242
vt 0.400577 0.149012
vt 0.402605 0.149945
vt 0.402253 0.150875
vt 0.335242 0.179954
vt 0.307778 0.185197
vt 0.309544 0.459581
vt 0.321246 0.467321
vt 0.118745 0.360509
vt 0.119354 0.352227
vt 0.124421 0.371398
vt 0.119030 0.368044
vt 0.341234 0.473906
vt 0.333114 0.476860
vt 0.103797 0.202095
vt 0.104427 0.197010
vt 0.104502 0.190324
vt 0.104274 0.182375
vt 0.106998 0.179847
vt 0.112265 0.182022
vt 0.116748 0.182791
vt 0.314550 0.339900
vt 0.322145 0.358787
vt 0.357597 0.418787
vt 0.357006 0.436097
vt 0.353963 0.453408
vt 0.349846 0.470603
vt 0.400593 0.147696
vt 0.402769 0.148858
vt 0.403774 0.150242
vt 0.402813 0.151176
vt 0.335636 0.178256
vt 0.314348 0.470337
vt 0.304038 0.462892
vt 0.298470 0.453229
vt 0.325385 0.479525
vt 0.114784 0.364012
vt 0.115618 0.355943
vt 0.120680 0.343534
vt 0.117486 0.347463
vt 0.119842 0.374457
vt 0.114879 0.371319
vt 0.359957 0.553079
vt 0.351590 0.554664
vt 0.100680 0.197291
vt 0.100953 0.191696
vt 0.101002 0.184507
vt 0.101107 0.176184
vt 0.103960 0.174008
vt 0.108892 0.177118
vt 0.112921 0.178901
vt 0.326864 0.354718
vt 0.364376 0.414974
vt 0.365078 0.432228
vt 0.362934 0.449594
vt 0.358891 0.467078
vt 0.368345 0.551534
vt 0.400722 0.146660
vt 0.402920 0.147735
vt 0.404367 0.149232
vt 0.318475 0.481954
vt 0.308772 0.473072
vt 0.344094 0.556014
vt 0.110730 0.367621
vt 0.111657 0.359691
vt 0.113726 0.351354
vt 0.130534 0.373485
vt 0.125378 0.376386
vt 0.115373 0.377702
vt 0.110745 0.374838
vt 0.361447 0.561554
vt 0.353470 0.562998
vt 0.097364 0.191992
vt 0.097536 0.185554
vt 0.097650 0.177873
vt 0.098168 0.169221
vt 0.101270 0.167531
vt 0.105881 0.171702
vt 0.370240 0.411507
vt 0.372216 0.428686
vt 0.371232 0.446029
vt 0.367818 0.463625
vt 0.376337 0.550192
vt 0.369446 0.560261
vt 0.402937 0.146894
vt 0.404460 0.148067
vt 0.337874 0.557338
vt 0.346551 0.564111
vt 0.106983 0.371356
vt 0.107789 0.363627
vt 0.109771 0.355406
vt 0.120293 0.379414
vt 0.110897 0.381074
vt 0.106658 0.378484
vt 0.362864 0.567987
vt 0.355426 0.569406
vt 0.094044 0.185748
vt 0.094054 0.178764
vt 0.094631 0.170516
vt 0.095838 0.161889
vt 0.099054 0.160628
vt 0.103356 0.165695
vt 0.378291 0.425558
vt 0.375034 0.408571
vt 0.330804 0.351817
vt 0.378594 0.442808
vt 0.376169 0.460417
vt 0.383750 0.548792
vt 0.377126 0.559200
vt 0.370292 0.566849
vt 0.404282 0.147263
vt 0.401019 0.146018
vt 0.403223 0.146261
vt 0.340725 0.565378
vt 0.349134 0.570412
vt 0.103138 0.375327
vt 0.104012 0.367753
vt 0.105905 0.359698
vt 0.115314 0.382732
vt 0.106375 0.384868
vt 0.102463 0.382554
vt 0.363470 0.578402
vt 0.356685 0.579445
vt 0.090681 0.178721
vt 0.090971 0.171090
vt 0.092166 0.162690
vt 0.093871 0.154466
vt 0.097098 0.153558
vt 0.101346 0.159157
vt 0.384780 0.440056
vt 0.383258 0.422987
vt 0.383592 0.457557
vt 0.390593 0.547363
vt 0.384271 0.557992
vt 0.377456 0.565973
vt 0.370573 0.577598
vt 0.343932 0.571579
vt 0.350816 0.580245
vt 0.099203 0.379670
vt 0.100174 0.372036
vt 0.102068 0.364183
vt 0.110371 0.386373
vt 0.101815 0.389020
vt 0.098101 0.386923
vt 0.087703 0.170877
vt 0.088476 0.163032
vt 0.090227 0.155047
vt 0.092271 0.147176
vt 0.095563 0.146517
vt 0.099348 0.152442
vt 0.390001 0.437830
vt 0.389978 0.455114
vt 0.396965 0.546037
vt 0.390828 0.556721
vt 0.384178 0.564933
vt 0.377648 0.577047
vt 0.346193 0.581058
vt 0.094888 0.384299
vt 0.096230 0.376620
vt 0.098213 0.368812
vt 0.105477 0.390320
vt 0.097240 0.393357
vt 0.093863 0.391505
vt 0.085184 0.162810
vt 0.086548 0.155159
vt 0.088756 0.147528
vt 0.090991 0.140125
vt 0.094268 0.139561
vt 0.097997 0.145573
vt 0.395314 0.453243
vt 0.402594 0.544985
vt 0.396945 0.555621
vt 0.390376 0.563938
vt 0.384527 0.576515
vt 0.090880 0.389117
vt 0.092469 0.381554
vt 0.094472 0.373717
vt 0.100699 0.394597
vt 0.092829 0.397908
vt 0.089544 0.396289
vt 0.083425 0.154865
vt 0.085245 0.147545
vt 0.087471 0.140379
vt 0.089700 0.133510
vt 0.092705 0.133045
vt 0.096385 0.138792
vt 0.407346 0.544227
vt 0.402434 0.554809
vt 0.396188 0.563043
vt 0.390876 0.575718
vt 0.086767 0.394100
vt 0.088516 0.386609
vt 0.090740 0.378844
vt 0.096072 0.398831
vt 0.088762 0.402477
vt 0.085420 0.401056
vt 0.082103 0.147279
vt 0.084120 0.140380
vt 0.086363 0.133778
vt 0.088479 0.127438
vt 0.091120 0.126910
vt 0.094986 0.132238
vt 0.406883 0.554235
vt 0.401511 0.562442
vt 0.397076 0.575619
vt 0.083076 0.399029
vt 0.084742 0.391796
vt 0.086957 0.384134
vt 0.091807 0.403175
vt 0.084968 0.406967
vt 0.081990 0.405760
vt 0.081145 0.154049
vt 0.079864 0.146620
vt 0.081214 0.140075
vt 0.083181 0.133756
vt 0.085384 0.127609
vt 0.087234 0.121420
vt 0.089835 0.120940
vt 0.093152 0.126300
vt 0.405576 0.562101
vt 0.402371 0.575596
vt 0.079524 0.403894
vt 0.081110 0.396911
vt 0.083304 0.389476
vt 0.087947 0.407780
vt 0.081517 0.411598
vt 0.078542 0.410478
vt 0.078883 0.139502
vt 0.080359 0.133474
vt 0.082281 0.127605
vt 0.084255 0.121638
vt 0.086005 0.115590
vt 0.088710 0.115094
vt 0.091848 0.120287
vt 0.406226 0.575787
vt 0.076327 0.408636
vt 0.077669 0.401895
vt 0.079767 0.394756
vt 0.084330 0.412284
vt 0.078349 0.416296
vt 0.075524 0.414803
vt 0.077986 0.132969
vt 0.079355 0.127386
vt 0.081281 0.121679
vt 0.083082 0.115886
vt 0.084336 0.109935
vt 0.086826 0.109432
vt 0.089983 0.114511
vt 0.072985 0.413160
vt 0.074376 0.406778
vt 0.080940 0.416794
vt 0.075197 0.420691
vt 0.072538 0.419308
vt 0.077254 0.126910
vt 0.078438 0.121520
vt 0.079963 0.116035
vt 0.081563 0.110288
vt 0.082550 0.104407
vt 0.084858 0.103855
vt 0.070124 0.417719
vt 0.071332 0.411472
vt 0.086808 0.412339
vt 0.083209 0.416809
vt 0.077501 0.421115
vt 0.069397 0.423934
vt 0.071961 0.425333
vt 0.076386 0.121083
vt 0.077441 0.115824
vt 0.078734 0.110398
vt 0.079941 0.104818
vt 0.080877 0.098971
vt 0.082527 0.098453
vt 0.067045 0.422501
vt 0.068388 0.416142
vt 0.079894 0.421462
vt 0.074451 0.425905
vt 0.068746 0.429973
vt 0.066239 0.428684
vt 0.075268 0.115460
vt 0.076249 0.110246
vt 0.077331 0.104836
vt 0.078322 0.099220
vt 0.078957 0.093651
vt 0.081304 0.092991
vt 0.084008 0.097871
vt 0.086153 0.103354
vt 0.063818 0.427329
vt 0.065437 0.420920
vt 0.070191 0.409882
vt 0.067215 0.414699
vt 0.076480 0.425981
vt 0.071153 0.430663
vt 0.065360 0.434896
vt 0.062938 0.433836
vt 0.074005 0.109928
vt 0.074737 0.104811
vt 0.075658 0.099488
vt 0.076383 0.094081
vt 0.077064 0.088476
vt 0.079296 0.087798
vt 0.060733 0.432274
vt 0.062372 0.425835
vt 0.064167 0.419509
vt 0.073203 0.430917
vt 0.067811 0.435737
vt 0.061927 0.440003
vt 0.059572 0.438806
vt 0.072792 0.104388
vt 0.073390 0.099306
vt 0.073925 0.094208
vt 0.074601 0.088879
vt 0.075254 0.083406
vt 0.077376 0.082656
vt 0.057583 0.437349
vt 0.058980 0.430791
vt 0.061159 0.424499
vt 0.069579 0.435813
vt 0.064172 0.440878
vt 0.058687 0.445072
vt 0.056397 0.443768
vt 0.071238 0.099031
vt 0.071732 0.094063
vt 0.072389 0.088938
vt 0.072930 0.083778
vt 0.073257 0.078354
vt 0.074857 0.077736
vt 0.054237 0.442287
vt 0.055716 0.435879
vt 0.065888 0.441169
vt 0.060772 0.446054
vt 0.055573 0.449959
vt 0.053277 0.448583
vt 0.069755 0.093718
vt 0.070044 0.088925
vt 0.070566 0.083944
vt 0.071069 0.078784
vt 0.071431 0.073436
vt 0.072721 0.072865
vt 0.051277 0.447190
vt 0.052708 0.440966
vt 0.062262 0.446349
vt 0.057516 0.450853
vt 0.052641 0.454539
vt 0.050422 0.453158
vt 0.068313 0.088499
vt 0.068505 0.083794
vt 0.068763 0.078985
vt 0.069286 0.073871
vt 0.069607 0.068510
vt 0.071357 0.067846
vt 0.048365 0.451688
vt 0.049711 0.445797
vt 0.059152 0.451366
vt 0.054585 0.455405
vt 0.049783 0.458714
vt 0.047608 0.457461
vt 0.066588 0.083484
vt 0.066804 0.078780
vt 0.067051 0.073991
vt 0.067399 0.068992
vt 0.067817 0.063593
vt 0.069560 0.062894
vt 0.045639 0.456036
vt 0.046873 0.450317
vt 0.056100 0.455855
vt 0.051794 0.459727
vt 0.047135 0.463006
vt 0.044973 0.461723
vt 0.064866 0.078505
vt 0.064941 0.073879
vt 0.065186 0.069125
vt 0.065694 0.064038
vt 0.065973 0.058868
vt 0.067299 0.058231
vt 0.042998 0.460258
vt 0.044031 0.454634
vt 0.049122 0.463924
vt 0.044567 0.467069
vt 0.042508 0.465765
vt 0.063274 0.073457
vt 0.063237 0.068942
vt 0.063397 0.064263
vt 0.063736 0.059250
vt 0.063782 0.054140
vt 0.065201 0.053554
vt 0.040572 0.464436
vt 0.041679 0.459004
vt 0.046541 0.467981
vt 0.042020 0.470934
vt 0.040008 0.469733
vt 0.061488 0.064097
vt 0.061512 0.059507
vt 0.061793 0.054676
vt 0.061724 0.049581
vt 0.063158 0.048983
vt 0.038139 0.468479
vt 0.039176 0.463169
vt 0.047806 0.468279
vt 0.050582 0.464291
vt 0.044036 0.471953
vt 0.039685 0.474827
vt 0.037663 0.473599
vt 0.059715 0.059355
vt 0.061495 0.068598
vt 0.059654 0.063841
vt 0.059835 0.054753
vt 0.059809 0.050028
vt 0.060091 0.044974
vt 0.060904 0.044580
vt 0.035759 0.472356
vt 0.036748 0.467206
vt 0.045432 0.472352
vt 0.041590 0.475773
vt 0.037430 0.478682
vt 0.035355 0.477410
vt 0.057809 0.054835
vt 0.057970 0.059106
vt 0.057848 0.050280
vt 0.057963 0.045486
vt 0.057510 0.040862
vt 0.058632 0.040364
vt 0.033305 0.476066
vt 0.034566 0.471246
vt 0.042871 0.476156
vt 0.039146 0.479488
vt 0.035217 0.482477
vt 0.033152 0.481189
vt 0.056084 0.050245
vt 0.056316 0.054449
vt 0.056056 0.045753
vt 0.055886 0.041360
vt 0.055888 0.036637
vt 0.057351 0.036126
vt 0.059693 0.039816
vt 0.061786 0.044082
vt 0.031249 0.480013
vt 0.032374 0.475144
vt 0.040504 0.479999
vt 0.036796 0.483215
vt 0.032808 0.486067
vt 0.030895 0.484875
vt 0.054184 0.045858
vt 0.054123 0.041526
vt 0.054335 0.036910
vt 0.054471 0.032419
vt 0.055683 0.031872
vt 0.029024 0.483690
vt 0.030180 0.478980
vt 0.038077 0.483706
vt 0.034518 0.486911
vt 0.030517 0.489571
vt 0.028747 0.488561
vt 0.052450 0.041516
vt 0.052416 0.037273
vt 0.052641 0.032916
vt 0.052710 0.028258
vt 0.053930 0.027716
vt 0.027137 0.487444
vt 0.028077 0.482754
vt 0.035804 0.487447
vt 0.032298 0.490573
vt 0.028261 0.493166
vt 0.026606 0.492058
vt 0.050819 0.037236
vt 0.050757 0.033207
vt 0.050969 0.028719
vt 0.050683 0.024123
vt 0.052014 0.023600
vt 0.024878 0.491020
vt 0.025791 0.486385
vt 0.033392 0.490923
vt 0.029891 0.493921
vt 0.024405 0.495587
vt 0.026061 0.496482
vt 0.049153 0.033123
vt 0.051030 0.041229
vt 0.049447 0.036951
vt 0.049055 0.029070
vt 0.049312 0.024546
vt 0.048859 0.020052
vt 0.050170 0.019568
vt 0.023842 0.490149
vt 0.022821 0.494549
vt 0.031229 0.494523
vt 0.027649 0.497255
vt 0.023996 0.500000
vt 0.022355 0.499072
vt 0.047566 0.028982
vt 0.047761 0.032861
vt 0.047549 0.024830
vt 0.047575 0.020520
vt 0.047164 0.016021
vt 0.048397 0.015563
vt 0.021732 0.493707
vt 0.020841 0.498058
vt 0.029086 0.497968
vt 0.025673 0.500921
vt 0.021973 0.503377
vt 0.020299 0.502423
vt 0.045978 0.024855
vt 0.046134 0.028764
vt 0.045861 0.020758
vt 0.045915 0.016489
vt 0.045556 0.012074
vt 0.046682 0.011584
vt 0.019493 0.497164
vt 0.018826 0.501499
vt 0.026535 0.501225
vt 0.023501 0.504218
vt 0.019967 0.506696
vt 0.018395 0.505781
vt 0.044304 0.020817
vt 0.044589 0.024672
vt 0.044132 0.016812
vt 0.044251 0.012548
vt 0.043939 0.008327
vt 0.045003 0.007838
vt 0.017762 0.500783
vt 0.016943 0.504891
vt 0.024511 0.504653
vt 0.021428 0.507474
vt 0.018062 0.509945
vt 0.016586 0.509092
vt 0.042531 0.016892
vt 0.042986 0.020620
vt 0.042532 0.012853
vt 0.042592 0.008870
vt 0.042479 0.005099
vt 0.043549 0.004584
vt 0.015991 0.504277
vt 0.015179 0.508232
vt 0.022545 0.508042
vt 0.019488 0.510720
vt 0.014797 0.512332
vt 0.016206 0.513116
vt 0.040895 0.013021
vt 0.041280 0.016659
vt 0.040942 0.009230
vt 0.040909 0.005733
vt 0.040910 0.002583
vt 0.042040 0.002281
vt 0.014362 0.507700
vt 0.013487 0.511550
vt 0.020419 0.511194
vt 0.017594 0.513890
vt 0.014410 0.516223
vt 0.013159 0.515545
vt 0.039337 0.009492
vt 0.039745 0.012761
vt 0.039374 0.006279
vt 0.039497 0.003194
vt 0.039732 0.000949
vt 0.040916 0.000874
vt 0.043072 0.002037
vt 0.044133 0.004401
vt 0.012494 0.510910
vt 0.011948 0.514845
vt 0.018395 0.514316
vt 0.015719 0.516939
vt 0.012761 0.519332
vt 0.011485 0.518633
vt 0.038066 0.006627
vt 0.038097 0.003877
vt 0.038386 0.001455
vt 0.042080 0.000882
vt 0.010922 0.514256
vt 0.010238 0.517944
vt 0.016239 0.517235
vt 0.013962 0.519989
vt 0.011085 0.522272
vt 0.009904 0.521655
vt 0.037162 0.004673
vt 0.037127 0.002401
vt 0.037818 0.000547
vt 0.039077 0.000116
vt 0.009287 0.517399
vt 0.008737 0.521002
vt 0.014720 0.520369
vt 0.012198 0.522884
vt 0.009536 0.525117
vt 0.008420 0.524518
vt 0.036230 0.003985
vt 0.036517 0.001398
vt 0.007877 0.520491
vt 0.007242 0.523931
vt 0.012855 0.523224
vt 0.010577 0.525713
vt 0.008031 0.527884
vt 0.007047 0.527377
vt 0.006361 0.523418
vt 0.006101 0.526812
vt 0.011308 0.526092
vt 0.009056 0.528446
vt 0.006532 0.530500
vt 0.005606 0.530008
vt 0.005263 0.526387
vt 0.004691 0.529530
vt 0.009717 0.528813
vt 0.007324 0.530912
vt 0.005091 0.533002
vt 0.004274 0.532553
vt 0.003892 0.529137
vt 0.003474 0.532141
vt 0.008028 0.531332
vt 0.005821 0.533405
vt 0.003690 0.535341
vt 0.002980 0.534937
vt 0.002653 0.531787
vt 0.002256 0.534553
vt 0.006338 0.533695
vt 0.004343 0.535715
vt 0.002455 0.537423
vt 0.001893 0.537026
vt 0.001410 0.534171
vt 0.001281 0.536645
vt 0.004903 0.536036
vt 0.003041 0.537834
vt 0.001333 0.539011
vt 0.000890 0.538511
vt 0.000599 0.536406
vt 0.000657 0.537919
vt 0.003268 0.537896
vt 0.001803 0.539421
vt 0.000225 0.539941
vt 0.000000 0.539122
vt 0.000122 0.538037
vt 0.002210 0.539646
vt 0.000699 0.540569
vt 0.003486 0.537986
vt 0.002568 0.539746
vt 0.001352 0.540841
vt 0.001783 0.540604
vt 0.827107 0.397484
vt 0.829304 0.399395
vt 0.814045 0.423145
vt 0.811539 0.420996
vt 0.843100 0.378262
vt 0.844929 0.379718
vt 0.830566 0.401414
vt 0.815222 0.425108
vt 0.810199 0.431490
vt 0.807613 0.429634
vt 0.824210 0.395886
vt 0.808058 0.419571
vt 0.840959 0.377126
vt 0.852594 0.367806
vt 0.854214 0.369213
vt 0.846174 0.381498
vt 0.811580 0.433610
vt 0.807558 0.439409
vt 0.804932 0.437272
vt 0.804181 0.428295
vt 0.821705 0.395318
vt 0.804642 0.418866
vt 0.839022 0.376529
vt 0.850884 0.366676
vt 0.854897 0.365959
vt 0.856083 0.367742
vt 0.855258 0.370799
vt 0.806935 0.442750
vt 0.804445 0.440547
vt 0.801400 0.436188
vt 0.800612 0.427821
vt 0.849420 0.366389
vt 0.853137 0.364711
vt 0.858457 0.366454
vt 0.857095 0.364723
vt 0.857208 0.369292
vt 0.800301 0.439503
vt 0.797778 0.436204
vt 0.851399 0.363980
vt 0.855472 0.363611
vt 0.858924 0.368243
vt 0.859066 0.363571
vt 0.861991 0.364548
vt 0.855197 0.371668
vt 0.858039 0.371388
vt 0.795907 0.439568
vt 0.804213 0.443449
vt 0.799785 0.442601
vt 0.795093 0.436684
vt 0.797617 0.428305
vt 0.857449 0.362462
vt 0.862709 0.368124
vt 0.860639 0.371370
vt 0.861607 0.355551
vt 0.864149 0.355685
vt 0.794027 0.443549
vt 0.804472 0.446222
vt 0.800518 0.445457
vt 0.859333 0.355261
vt 0.863741 0.371490
vt 0.866116 0.364308
vt 0.866373 0.368134
vt 0.862118 0.379209
vt 0.859522 0.379396
vt 0.862123 0.346759
vt 0.864649 0.346822
vt 0.866755 0.355773
vt 0.796295 0.446640
vt 0.789335 0.441632
vt 0.792124 0.439273
vt 0.859747 0.346766
vt 0.857696 0.355312
vt 0.856130 0.361899
vt 0.865086 0.379291
vt 0.867060 0.371702
vt 0.869267 0.368496
vt 0.869123 0.364555
vt 0.862280 0.388914
vt 0.859235 0.389223
vt 0.857599 0.379907
vt 0.857166 0.372050
vt 0.862307 0.338220
vt 0.864741 0.338222
vt 0.867053 0.346910
vt 0.869178 0.356007
vt 0.801810 0.447585
vt 0.798130 0.448685
vt 0.789780 0.446779
vt 0.792995 0.449464
vt 0.786412 0.438830
vt 0.788873 0.438165
vt 0.786463 0.443869
vt 0.859969 0.338231
vt 0.857640 0.346826
vt 0.868025 0.379849
vt 0.865459 0.388896
vt 0.869581 0.372376
vt 0.862476 0.399097
vt 0.859555 0.399559
vt 0.857493 0.389924
vt 0.856813 0.372133
vt 0.856361 0.380482
vt 0.862412 0.329874
vt 0.864719 0.329919
vt 0.866998 0.338413
vt 0.868867 0.347236
vt 0.795211 0.451441
vt 0.790857 0.452760
vt 0.787463 0.449879
vt 0.783909 0.440562
vt 0.784710 0.435872
vt 0.787355 0.435707
vt 0.784405 0.446266
vt 0.860097 0.329993
vt 0.858120 0.338433
vt 0.856509 0.347157
vt 0.856320 0.355434
vt 0.870183 0.380655
vt 0.868638 0.389233
vt 0.865735 0.398945
vt 0.863510 0.414258
vt 0.860634 0.415179
vt 0.857493 0.400348
vt 0.856075 0.390684
vt 0.862384 0.321842
vt 0.864732 0.321740
vt 0.866840 0.330098
vt 0.868598 0.338810
vt 0.793777 0.455001
vt 0.790371 0.455932
vt 0.786637 0.452549
vt 0.782344 0.442283
vt 0.782327 0.437019
vt 0.785807 0.430484
vt 0.783328 0.429967
vt 0.783731 0.448245
vt 0.860082 0.321919
vt 0.858335 0.330266
vt 0.856624 0.338573
vt 0.870370 0.390022
vt 0.868791 0.399186
vt 0.866861 0.413763
vt 0.864752 0.423606
vt 0.861920 0.424807
vt 0.858295 0.416355
vt 0.862273 0.313869
vt 0.864391 0.313859
vt 0.866735 0.322037
vt 0.868172 0.330649
vt 0.793718 0.458332
vt 0.781086 0.438516
vt 0.780794 0.430514
vt 0.783038 0.418238
vt 0.785225 0.418725
vt 0.860139 0.314089
vt 0.858283 0.322299
vt 0.857148 0.330629
vt 0.871096 0.399749
vt 0.870011 0.413837
vt 0.868186 0.422726
vt 0.866057 0.431901
vt 0.863055 0.433400
vt 0.859739 0.426341
vt 0.862056 0.306113
vt 0.864153 0.306009
vt 0.866294 0.314115
vt 0.867720 0.322716
vt 0.780830 0.418189
vt 0.782183 0.405615
vt 0.783715 0.405715
vt 0.859967 0.306293
vt 0.858254 0.314381
vt 0.856692 0.322636
vt 0.872600 0.414393
vt 0.871403 0.422666
vt 0.869419 0.430813
vt 0.864523 0.444822
vt 0.867527 0.442733
vt 0.861681 0.435305
vt 0.860880 0.267157
vt 0.862198 0.266982
vt 0.865842 0.306403
vt 0.780548 0.405953
vt 0.781599 0.402725
vt 0.783230 0.402422
vt 0.784937 0.405894
vt 0.786451 0.419596
vt 0.859711 0.267433
vt 0.858093 0.306634
vt 0.856823 0.314802
vt 0.874009 0.423197
vt 0.873188 0.430372
vt 0.871321 0.441418
vt 0.864867 0.448564
vt 0.867967 0.446238
vt 0.863592 0.267455
vt 0.779181 0.406451
vt 0.779386 0.418910
vt 0.780057 0.403082
vt 0.778364 0.393869
vt 0.779482 0.393581
vt 0.784017 0.402578
vt 0.859066 0.267660
vt 0.856707 0.307130
vt 0.876157 0.431126
vt 0.875794 0.441150
vt 0.872093 0.444692
vt 0.779007 0.403494
vt 0.777075 0.394534
vt 0.769303 0.379307
vt 0.770472 0.378890
vt 0.858289 0.267926
vt 0.879552 0.442463
vt 0.877256 0.444769
vt 0.868382 0.449760
vt 0.872937 0.447956
vt 0.775957 0.395229
vt 0.768238 0.380056
vt 0.757241 0.367010
vt 0.757891 0.366850
vt 0.767429 0.380961
vt 0.756599 0.367620
vt 0.756088 0.368378
vt 0.756197 0.366143
vt 0.755530 0.366508
vt 0.755185 0.367252
vt 0.755080 0.365810
vt 0.755639 0.365686
vt 0.092475 0.923421
vt 0.090068 0.927344
vt 0.081731 0.919166
vt 0.084474 0.915551
vt 0.094287 0.930182
vt 0.097088 0.925597
vt 0.078910 0.922938
vt 0.086426 0.931244
vt 0.079728 0.909689
vt 0.071400 0.910374
vt 0.073853 0.906308
vt 0.093061 0.917844
vt 0.087327 0.912458
vt 0.089745 0.934022
vt 0.097398 0.918770
vt 0.068770 0.914321
vt 0.076340 0.926399
vt 0.082897 0.935004
vt 0.084116 0.907356
vt 0.063702 0.900251
vt 0.061185 0.903717
vt 0.083494 0.904852
vt 0.075356 0.903217
vt 0.091039 0.907670
vt 0.085185 0.937920
vt 0.096477 0.908374
vt 0.066617 0.917388
vt 0.058601 0.907030
vt 0.086499 0.902728
vt 0.065367 0.897803
vt 0.055340 0.897553
vt 0.054230 0.894964
vt 0.085669 0.900713
vt 0.090037 0.895306
vt 0.094685 0.895546
vt 0.056218 0.909720
vt 0.050712 0.899725
vt 0.087152 0.894018
vt 0.055126 0.892551
vt 0.050629 0.896515
vt 0.050399 0.893588
vt 0.088005 0.884703
vt 0.091204 0.883447
vt 0.048538 0.901273
vt 0.047474 0.898135
vt 0.086048 0.884785
vt 0.049754 0.890167
vt 0.085814 0.876985
vt 0.087615 0.875536
vt 0.095341 0.883775
vt 0.097492 0.895879
vt 0.045220 0.899129
vt 0.047239 0.893865
vt 0.044792 0.895894
vt 0.084403 0.877555
vt 0.051759 0.887149
vt 0.056145 0.890875
vt 0.084063 0.872396
vt 0.085708 0.871144
vt 0.088653 0.872690
vt 0.090286 0.875815
vt 0.092900 0.872433
vt 0.042286 0.896181
vt 0.041977 0.892476
vt 0.044594 0.890238
vt 0.083114 0.872936
vt 0.045565 0.884408
vt 0.047850 0.883208
vt 0.082614 0.869230
vt 0.083973 0.867985
vt 0.087042 0.869519
vt 0.039204 0.893418
vt 0.038623 0.884729
vt 0.036649 0.886785
vt 0.081889 0.869828
vt 0.039437 0.876394
vt 0.041633 0.875286
vt 0.045759 0.888953
vt 0.042343 0.887098
vt 0.080903 0.866720
vt 0.082332 0.865124
vt 0.085155 0.866442
vt 0.034294 0.887918
vt 0.026234 0.873706
vt 0.028380 0.872042
vt 0.080267 0.867497
vt 0.034669 0.867982
vt 0.036741 0.866909
vt 0.036644 0.877888
vt 0.079008 0.864396
vt 0.080034 0.862785
vt 0.083764 0.863258
vt 0.024217 0.874401
vt 0.023272 0.856760
vt 0.020977 0.857154
vt 0.029168 0.870924
vt 0.039300 0.882823
vt 0.078363 0.865491
vt 0.031631 0.869441
vt 0.032652 0.857935
vt 0.030741 0.858919
vt 0.076482 0.862755
vt 0.077215 0.860771
vt 0.081017 0.860830
vt 0.018582 0.857485
vt 0.025084 0.856495
vt 0.020787 0.848967
vt 0.023449 0.848851
vt 0.076052 0.864131
vt 0.027694 0.860196
vt 0.029121 0.848560
vt 0.027125 0.849542
vt 0.073701 0.861424
vt 0.074060 0.859392
vt 0.077899 0.858606
vt 0.022937 0.874359
vt 0.017180 0.857667
vt 0.018314 0.849203
vt 0.024806 0.848716
vt 0.020864 0.845262
vt 0.023590 0.845152
vt 0.073454 0.862934
vt 0.010876 0.791760
vt 0.009629 0.792757
vt 0.070601 0.860706
vt 0.070678 0.858655
vt 0.074228 0.857422
vt 0.016882 0.849686
vt 0.018078 0.845414
vt 0.020903 0.841684
vt 0.023530 0.841557
vt 0.070674 0.862178
vt 0.008029 0.785664
vt 0.007514 0.787121
vt 0.067559 0.859981
vt 0.067387 0.858153
vt 0.070685 0.856941
vt 0.016279 0.845847
vt 0.018435 0.841849
vt 0.067731 0.861460
vt 0.007300 0.793666
vt 0.005258 0.787332
vt 0.004948 0.785257
vt 0.064221 0.858160
vt 0.064452 0.859854
vt 0.067240 0.856544
vt 0.016805 0.842020
vt 0.018663 0.834708
vt 0.020972 0.834453
vt 0.064771 0.860837
vt 0.004624 0.794530
vt 0.002734 0.788147
vt 0.004841 0.783792
vt 0.008126 0.784463
vt 0.002088 0.786246
vt 0.064038 0.856797
vt 0.061394 0.859687
vt 0.061131 0.858091
vt 0.017139 0.834880
vt 0.018019 0.827873
vt 0.020096 0.827527
vt 0.061719 0.860685
vt 0.002455 0.795041
vt 0.000846 0.789161
vt 0.001654 0.784926
vt 0.000000 0.788379
vt 0.060902 0.856615
vt 0.058404 0.859530
vt 0.058121 0.857981
vt 0.016675 0.828237
vt 0.058708 0.860456
vt 0.000768 0.795357
vt 0.057862 0.856859
vt 0.055431 0.859414
vt 0.055249 0.857860
vt 0.015910 0.822117
vt 0.016994 0.821691
vt 0.055650 0.860362
vt 0.055020 0.856523
vt 0.052532 0.859147
vt 0.052393 0.857591
vt 0.015339 0.816089
vt 0.014288 0.816595
vt 0.052669 0.860018
vt 0.052118 0.856283
vt 0.049717 0.858826
vt 0.049650 0.857386
vt 0.012822 0.811471
vt 0.013607 0.810992
vt 0.049406 0.856271
vt 0.047145 0.857035
vt 0.047082 0.858326
vt 0.011369 0.806773
vt 0.011780 0.806362
vt 0.046924 0.856003
vt 0.044903 0.856376
vt 0.044744 0.857500
vt 0.010425 0.802270
vt 0.009770 0.802661
vt 0.012882 0.805944
vt 0.014858 0.810405
vt 0.044717 0.855571
vt 0.043005 0.855467
vt 0.042782 0.856314
vt 0.011280 0.801901
vt 0.009072 0.799434
vt 0.009443 0.799403
vt 0.042779 0.854895
vt 0.042312 0.856974
vt 0.044523 0.858097
vt 0.041376 0.854562
vt 0.041233 0.855148
vt 0.009888 0.798982
vt 0.009365 0.798338
vt 0.040854 0.855396
vt 0.039895 0.853842
vt 0.040326 0.853074
vt 0.011944 0.801743
vt 0.010345 0.798970
vt 0.039062 0.852180
vt 0.039584 0.851592
vt 0.039586 0.853990
vt 0.038610 0.852404
vt 0.038789 0.849963
vt 0.038326 0.850461
vt 0.037685 0.850863
vt 0.038088 0.848387
vt 0.037748 0.848876
vt 0.037258 0.849155
vt 0.037312 0.847500
vt 0.037637 0.847065
vt 0.036797 0.847764
vt 0.037285 0.846114
vt 0.036999 0.846657
vt 0.036599 0.846648
vt 0.036659 0.845780
vt 0.036428 0.847824
vt 0.036200 0.846692
vt 0.036191 0.846044
vt 0.310355 0.088905
vt 0.311712 0.089148
vt 0.310275 0.093094
vt 0.309180 0.091258
vt 0.311692 0.086069
vt 0.312913 0.086063
vt 0.313409 0.089607
vt 0.311778 0.094245
vt 0.309494 0.091739
vt 0.307203 0.097999
vt 0.314462 0.083125
vt 0.313114 0.082937
vt 0.314592 0.086562
vt 0.314810 0.090164
vt 0.313625 0.094707
vt 0.309965 0.101466
vt 0.316089 0.083870
vt 0.316458 0.080520
vt 0.315042 0.079937
vt 0.315937 0.087069
vt 0.311986 0.101862
vt 0.304828 0.110044
vt 0.307750 0.114034
vt 0.318001 0.081518
vt 0.317431 0.084632
vt 0.317733 0.077381
vt 0.318935 0.078188
vt 0.311496 0.111167
vt 0.320323 0.079574
vt 0.319289 0.082536
vt 0.318229 0.085081
vt 0.316722 0.087443
vt 0.321008 0.075513
vt 0.322047 0.076707
vt 0.312288 0.118588
vt 0.309543 0.122054
vt 0.323092 0.078183
vt 0.321390 0.080770
vt 0.319967 0.082989
vt 0.324666 0.074598
vt 0.325368 0.075776
vt 0.313104 0.124348
vt 0.314194 0.122666
vt 0.306576 0.128823
vt 0.302780 0.124975
vt 0.326189 0.077412
vt 0.323979 0.079606
vt 0.322236 0.081561
vt 0.328700 0.075235
vt 0.328237 0.074373
vt 0.311699 0.127825
vt 0.300586 0.132455
vt 0.304837 0.135316
vt 0.329316 0.076789
vt 0.326944 0.078858
vt 0.324581 0.080100
vt 0.332036 0.075028
vt 0.331638 0.074007
vt 0.299289 0.140266
vt 0.296392 0.137050
vt 0.332475 0.076310
vt 0.329946 0.078275
vt 0.335204 0.074610
vt 0.334879 0.073698
vt 0.302373 0.143125
vt 0.311780 0.131510
vt 0.313963 0.134709
vt 0.293090 0.138818
vt 0.295677 0.141694
vt 0.335636 0.075976
vt 0.333035 0.077861
vt 0.330506 0.079034
vt 0.327559 0.079679
vt 0.338379 0.074470
vt 0.338088 0.073639
vt 0.324539 0.123656
vt 0.326619 0.125919
vt 0.305514 0.146321
vt 0.317108 0.137602
vt 0.293219 0.135256
vt 0.296448 0.133274
vt 0.338776 0.075592
vt 0.336065 0.077378
vt 0.323016 0.121600
vt 0.334871 0.116602
vt 0.336610 0.118551
vt 0.328854 0.128250
vt 0.319905 0.140391
vt 0.308445 0.149797
vt 0.341521 0.074285
vt 0.341902 0.075250
vt 0.339281 0.077247
vt 0.333404 0.114955
vt 0.343830 0.109728
vt 0.345267 0.111362
vt 0.338601 0.120881
vt 0.330763 0.130775
vt 0.321954 0.143012
vt 0.311848 0.153322
vt 0.344573 0.073895
vt 0.345066 0.074922
vt 0.342402 0.076787
vt 0.342792 0.108565
vt 0.347635 0.105870
vt 0.349043 0.107348
vt 0.347049 0.113274
vt 0.340489 0.123205
vt 0.332781 0.133454
vt 0.347600 0.073484
vt 0.348174 0.074570
vt 0.345546 0.076439
vt 0.346637 0.104715
vt 0.351197 0.101884
vt 0.352669 0.103268
vt 0.350875 0.109127
vt 0.349000 0.115328
vt 0.342357 0.125620
vt 0.323362 0.145236
vt 0.333759 0.135696
vt 0.350501 0.073349
vt 0.351145 0.074082
vt 0.348670 0.076125
vt 0.345935 0.077380
vt 0.342808 0.077691
vt 0.350249 0.100839
vt 0.359097 0.094650
vt 0.357254 0.093337
vt 0.354532 0.104883
vt 0.352966 0.110968
vt 0.350962 0.117172
vt 0.343818 0.127674
vt 0.353076 0.072910
vt 0.353830 0.073430
vt 0.351751 0.075498
vt 0.348966 0.076812
vt 0.361293 0.096198
vt 0.364618 0.085533
vt 0.362658 0.084443
vt 0.356751 0.106629
vt 0.355138 0.112657
vt 0.352526 0.118529
vt 0.355365 0.072331
vt 0.356208 0.072773
vt 0.354508 0.074789
vt 0.363800 0.097852
vt 0.367108 0.086900
vt 0.369191 0.075868
vt 0.367116 0.074998
vt 0.359062 0.108212
vt 0.357287 0.113981
vt 0.357224 0.071643
vt 0.358158 0.071776
vt 0.356809 0.073757
vt 0.369846 0.088386
vt 0.366304 0.099402
vt 0.371622 0.076907
vt 0.373201 0.065990
vt 0.371192 0.065345
vt 0.361314 0.109331
vt 0.358556 0.070434
vt 0.359333 0.070550
vt 0.358511 0.072288
vt 0.372644 0.089879
vt 0.374741 0.078310
vt 0.368304 0.100473
vt 0.375830 0.066884
vt 0.365777 0.074505
vt 0.369745 0.064900
vt 0.390990 0.007180
vt 0.388820 0.006435
vt 0.359590 0.068973
vt 0.360289 0.069047
vt 0.359584 0.070782
vt 0.377527 0.079527
vt 0.374850 0.091006
vt 0.378780 0.068047
vt 0.393564 0.008560
vt 0.387726 0.006506
vt 0.391502 0.000951
vt 0.393609 0.001436
vt 0.360532 0.067567
vt 0.361033 0.067705
vt 0.381365 0.069044
vt 0.379403 0.080322
vt 0.396127 0.010115
vt 0.396041 0.002562
vt 0.361129 0.066034
vt 0.361756 0.066159
vt 0.360504 0.069361
vt 0.361557 0.067899
vt 0.397875 0.011203
vt 0.382891 0.069750
vt 0.398074 0.003735
vt 0.394373 0.000094
vt 0.397059 0.001611
vt 0.361764 0.064557
vt 0.362249 0.064698
vt 0.362215 0.066337
vt 0.360525 0.066210
vt 0.359854 0.067760
vt 0.399161 0.003958
vt 0.361917 0.063543
vt 0.362470 0.063457
vt 0.362756 0.064903
vt 0.361173 0.064825
vt 0.361508 0.063953
vt 0.362387 0.062815
vt 0.361773 0.063127
vt 0.362903 0.063646
vt 0.362908 0.062975
vt 0.787077 0.201539
vt 0.789469 0.203566
vt 0.787703 0.205814
vt 0.785433 0.203889
vt 0.788682 0.199345
vt 0.791012 0.201605
vt 0.792160 0.203910
vt 0.790255 0.206029
vt 0.786029 0.208159
vt 0.783698 0.206402
vt 0.784619 0.201621
vt 0.786363 0.199029
vt 0.790222 0.197244
vt 0.792473 0.199812
vt 0.793991 0.201844
vt 0.788484 0.208586
vt 0.784534 0.210699
vt 0.782340 0.209148
vt 0.782848 0.204320
vt 0.791047 0.195450
vt 0.793821 0.198422
vt 0.787008 0.211141
vt 0.783325 0.213380
vt 0.781028 0.212054
vt 0.785495 0.213611
vt 0.782355 0.216177
vt 0.780170 0.215220
vt 0.784512 0.216411
vt 0.781657 0.219003
vt 0.779677 0.218299
vt 0.783782 0.219252
vt 0.781323 0.222211
vt 0.779374 0.221600
vt 0.783544 0.222311
vt 0.781089 0.225382
vt 0.779207 0.224900
vt 0.778298 0.217182
vt 0.777902 0.220667
vt 0.783183 0.225456
vt 0.779033 0.228185
vt 0.780906 0.228738
vt 0.777778 0.224132
vt 0.784763 0.221712
vt 0.784415 0.224889
vt 0.783032 0.228734
vt 0.777960 0.227527
vt 0.780250 0.232628
vt 0.778461 0.231310
vt 0.784255 0.228073
vt 0.782775 0.232062
vt 0.777453 0.230622
vt 0.778206 0.234939
vt 0.777255 0.233632
vt 0.784799 0.231313
vt 0.780577 0.235720
vt 0.782753 0.235165
vt 0.776834 0.233413
vt 0.776327 0.236070
vt 0.775717 0.235186
vt 0.778430 0.236446
vt 0.784712 0.234578
vt 0.782886 0.237938
vt 0.780709 0.238095
vt 0.776145 0.236812
vt 0.774318 0.236553
vt 0.774709 0.237127
vt 0.778074 0.237575
vt 0.784588 0.237455
vt 0.782825 0.240257
vt 0.780995 0.240406
vt 0.773175 0.237643
vt 0.773440 0.238040
vt 0.778862 0.239733
vt 0.784621 0.240179
vt 0.783009 0.242924
vt 0.780709 0.242983
vt 0.772818 0.238488
vt 0.772617 0.238199
vt 0.778246 0.242386
vt 0.784696 0.242752
vt 0.783051 0.246014
vt 0.780541 0.245852
vt 0.772424 0.238236
vt 0.772584 0.238569
vt 0.778204 0.245348
vt 0.784462 0.245786
vt 0.782537 0.249182
vt 0.780301 0.249016
vt 0.778205 0.248478
vt 0.784277 0.249083
vt 0.781961 0.252423
vt 0.779898 0.252092
vt 0.777501 0.251427
vt 0.783641 0.252363
vt 0.781229 0.255640
vt 0.779069 0.255268
vt 0.777287 0.254687
vt 0.782551 0.255695
vt 0.780395 0.258671
vt 0.778604 0.258168
vt 0.776685 0.257695
vt 0.781606 0.258869
vt 0.779538 0.261570
vt 0.777763 0.261129
vt 0.776105 0.260607
vt 0.780483 0.261716
vt 0.778458 0.264368
vt 0.776980 0.263974
vt 0.775281 0.263493
vt 0.779357 0.264521
vt 0.777527 0.267111
vt 0.776139 0.266646
vt 0.774742 0.266134
vt 0.778297 0.267249
vt 0.776421 0.269643
vt 0.775197 0.269189
vt 0.773902 0.268725
vt 0.777199 0.269855
vt 0.775346 0.272065
vt 0.774240 0.271663
vt 0.772934 0.271150
vt 0.776062 0.272264
vt 0.774317 0.274362
vt 0.773411 0.274031
vt 0.772339 0.273628
vt 0.774895 0.274569
vt 0.773370 0.276558
vt 0.772527 0.276225
vt 0.771526 0.275817
vt 0.773868 0.276734
vt 0.772355 0.278453
vt 0.771651 0.278220
vt 0.770739 0.277874
vt 0.771823 0.273354
vt 0.771036 0.275614
vt 0.772992 0.278740
vt 0.771622 0.280080
vt 0.771029 0.279885
vt 0.770291 0.279654
vt 0.772110 0.280295
vt 0.771085 0.281182
vt 0.770630 0.281088
vt 0.770016 0.281004
vt 0.771560 0.281209
vt 0.770759 0.281972
vt 0.770353 0.281845
vt 0.769983 0.281797
vt 0.805418 0.075312
vt 0.805160 0.071878
vt 0.808550 0.070823
vt 0.808520 0.077589
vt 0.799783 0.074287
vt 0.800203 0.071392
vt 0.795619 0.068567
vt 0.794372 0.071106
vt 0.801497 0.070171
vt 0.806834 0.070019
vt 0.797816 0.067602
vt 0.790730 0.065609
vt 0.792737 0.063655
vt 0.795165 0.063385
vt 0.789956 0.059161
vt 0.791519 0.058183
vt 0.793617 0.058248
vt 0.789853 0.053393
vt 0.791212 0.052945
vt 0.792819 0.053017
vt 0.791030 0.048078
vt 0.790080 0.048406
vt 0.792369 0.048168
vt 0.790744 0.043965
vt 0.790311 0.044238
vt 0.791951 0.043984
vt 0.790312 0.042790
vt 0.790842 0.042530
vt 0.791582 0.042539
vt 0.790883 0.041691
vt 0.791430 0.041772
vt 0.827097 0.132896
vt 0.828891 0.134206
vt 0.824167 0.140520
vt 0.822627 0.138874
vt 0.829687 0.126771
vt 0.831447 0.127376
vt 0.818395 0.146580
vt 0.817031 0.144567
vt 0.825049 0.131777
vt 0.820775 0.137300
vt 0.828099 0.126082
vt 0.831362 0.120515
vt 0.833186 0.120865
vt 0.829759 0.135017
vt 0.832972 0.127887
vt 0.815203 0.149543
vt 0.813687 0.147341
vt 0.814954 0.142473
vt 0.829588 0.120066
vt 0.834283 0.114291
vt 0.832145 0.114186
vt 0.834402 0.120810
vt 0.811516 0.152250
vt 0.810403 0.150092
vt 0.811821 0.145121
vt 0.830392 0.113839
vt 0.832330 0.108130
vt 0.834147 0.108151
vt 0.806714 0.152779
vt 0.807523 0.154831
vt 0.808681 0.148066
vt 0.830823 0.107815
vt 0.833883 0.102174
vt 0.832305 0.102234
vt 0.805212 0.150767
vt 0.802887 0.155526
vt 0.803600 0.157427
vt 0.806718 0.146830
vt 0.809600 0.143946
vt 0.830887 0.102063
vt 0.834769 0.101878
vt 0.835037 0.107768
vt 0.833394 0.096649
vt 0.831989 0.096746
vt 0.801596 0.153422
vt 0.803546 0.149534
vt 0.799794 0.159963
vt 0.799192 0.158070
vt 0.830947 0.096556
vt 0.834149 0.096318
vt 0.833042 0.091599
vt 0.831792 0.091651
vt 0.797833 0.155792
vt 0.799949 0.151804
vt 0.802046 0.148830
vt 0.804890 0.146401
vt 0.796207 0.162424
vt 0.795594 0.160493
vt 0.830856 0.091465
vt 0.833689 0.091290
vt 0.832548 0.086853
vt 0.831471 0.086961
vt 0.794398 0.158460
vt 0.796267 0.154275
vt 0.792769 0.164745
vt 0.792184 0.162788
vt 0.830629 0.086842
vt 0.833170 0.086584
vt 0.832000 0.082566
vt 0.831233 0.082682
vt 0.792654 0.156743
vt 0.790887 0.160812
vt 0.789434 0.166932
vt 0.789053 0.165050
vt 0.830600 0.082634
vt 0.832336 0.082426
vt 0.831201 0.080903
vt 0.831620 0.080793
vt 0.789172 0.159123
vt 0.787693 0.163109
vt 0.786596 0.169100
vt 0.786022 0.167194
vt 0.830597 0.080878
vt 0.832095 0.080674
vt 0.831007 0.079620
vt 0.831432 0.079517
vt 0.785959 0.161501
vt 0.791109 0.155865
vt 0.787454 0.158197
vt 0.784656 0.165340
vt 0.783463 0.171308
vt 0.783334 0.169463
vt 0.830654 0.079555
vt 0.831740 0.079402
vt 0.831312 0.078734
vt 0.831040 0.078942
vt 0.782783 0.163578
vt 0.784078 0.160622
vt 0.781822 0.167459
vt 0.781136 0.174005
vt 0.780256 0.171891
vt 0.830757 0.078761
vt 0.831534 0.078519
vt 0.831021 0.078280
vt 0.779692 0.165961
vt 0.778526 0.169644
vt 0.778177 0.176472
vt 0.777890 0.174235
vt 0.775676 0.167739
vt 0.775027 0.172014
vt 0.769983 0.168934
vt 0.775236 0.176845
vt 0.772703 0.174351
vt 0.385701 0.645164
vt 0.388716 0.654593
vt 0.379998 0.658259
vt 0.376697 0.646456
vt 0.392958 0.643513
vt 0.395595 0.651345
vt 0.384125 0.668845
vt 0.391887 0.662415
vt 0.357014 0.666091
vt 0.353802 0.647140
vt 0.374405 0.634965
vt 0.383320 0.634932
vt 0.390932 0.634398
vt 0.400562 0.648592
vt 0.398430 0.641785
vt 0.397933 0.657420
vt 0.363453 0.686256
vt 0.388400 0.676142
vt 0.395130 0.667605
vt 0.311895 0.669300
vt 0.314895 0.643224
vt 0.352608 0.632070
vt 0.373177 0.624798
vt 0.382286 0.625197
vt 0.390641 0.625279
vt 0.397121 0.633823
vt 0.402358 0.653862
vt 0.402400 0.640334
vt 0.404303 0.646444
vt 0.400255 0.661238
vt 0.372286 0.700373
vt 0.346620 0.700042
vt 0.309033 0.697411
vt 0.398895 0.670102
vt 0.392950 0.680005
vt 0.307149 0.641194
vt 0.302949 0.668295
vt 0.317819 0.622969
vt 0.352379 0.620199
vt 0.372993 0.616703
vt 0.382743 0.617307
vt 0.397947 0.625751
vt 0.392378 0.617686
vt 0.401803 0.633269
vt 0.403210 0.657268
vt 0.405927 0.651662
vt 0.405081 0.639102
vt 0.407003 0.644804
vt 0.403524 0.662600
vt 0.380470 0.709806
vt 0.362984 0.716193
vt 0.339016 0.727418
vt 0.305310 0.722184
vt 0.298266 0.696993
vt 0.403622 0.671234
vt 0.397123 0.681503
vt 0.311166 0.620163
vt 0.297782 0.666913
vt 0.302169 0.639934
vt 0.320142 0.608721
vt 0.352374 0.611148
vt 0.401298 0.618987
vt 0.403833 0.626270
vt 0.404821 0.632467
vt 0.406021 0.656728
vt 0.409129 0.650056
vt 0.405904 0.638100
vt 0.408174 0.643530
vt 0.408334 0.663202
vt 0.388739 0.720134
vt 0.372278 0.725835
vt 0.354065 0.734010
vt 0.331925 0.746181
vt 0.300703 0.741423
vt 0.293839 0.722282
vt 0.290831 0.695854
vt 0.306069 0.618977
vt 0.314326 0.605825
vt 0.321623 0.599170
vt 0.408597 0.621158
vt 0.407923 0.626691
vt 0.406546 0.632068
vt 0.410047 0.656038
vt 0.412026 0.648364
vt 0.399828 0.680587
vt 0.395565 0.715195
vt 0.379515 0.736298
vt 0.363286 0.740254
vt 0.345899 0.749158
vt 0.296445 0.755900
vt 0.326147 0.760793
vt 0.289748 0.741667
vt 0.284849 0.722419
vt 0.310251 0.605510
vt 0.316272 0.596460
vt 0.405843 0.614075
vt 0.414523 0.617516
vt 0.413766 0.623717
vt 0.414296 0.654599
vt 0.411567 0.661068
vt 0.402036 0.732121
vt 0.396011 0.738220
vt 0.386686 0.750775
vt 0.369705 0.748414
vt 0.355102 0.752612
vt 0.340097 0.761443
vt 0.286354 0.755225
vt 0.292384 0.766803
vt 0.322173 0.772518
vt 0.281657 0.743064
vt 0.288751 0.695177
vt 0.282079 0.721248
vt 0.409290 0.742838
vt 0.405759 0.748460
vt 0.397448 0.712841
vt 0.406444 0.729428
vt 0.400902 0.757840
vt 0.373235 0.757872
vt 0.360936 0.757879
vt 0.349403 0.762515
vt 0.337004 0.771054
vt 0.279153 0.757146
vt 0.283773 0.764402
vt 0.299405 0.782707
vt 0.287676 0.773768
vt 0.319281 0.782359
vt 0.276996 0.741548
vt 0.411265 0.740336
vt 0.417876 0.749603
vt 0.414960 0.755032
vt 0.411155 0.763076
vt 0.392368 0.787704
vt 0.384418 0.786342
vt 0.376202 0.786680
vt 0.364285 0.764710
vt 0.355067 0.765521
vt 0.346671 0.769987
vt 0.336104 0.778562
vt 0.274172 0.756627
vt 0.277983 0.766103
vt 0.282465 0.769678
vt 0.285613 0.783564
vt 0.281660 0.776610
vt 0.421028 0.746599
vt 0.421172 0.758503
vt 0.424788 0.752318
vt 0.417514 0.766478
vt 0.399125 0.790152
vt 0.382907 0.819940
vt 0.377083 0.817724
vt 0.371150 0.816718
vt 0.368876 0.788734
vt 0.357876 0.770629
vt 0.352443 0.771536
vt 0.346865 0.775576
vt 0.273220 0.766516
vt 0.278595 0.771814
vt 0.298611 0.791995
vt 0.286361 0.790738
vt 0.411708 0.738554
vt 0.423539 0.745010
vt 0.430223 0.747052
vt 0.403972 0.792741
vt 0.388078 0.822702
vt 0.376682 0.833991
vt 0.371117 0.831570
vt 0.365759 0.830247
vt 0.365934 0.816968
vt 0.362879 0.791665
vt 0.354264 0.775400
vt 0.353494 0.775292
vt 0.274691 0.771939
vt 0.420606 0.768960
vt 0.406576 0.795204
vt 0.392236 0.825569
vt 0.381761 0.837073
vt 0.364384 0.854909
vt 0.360057 0.852692
vt 0.355690 0.851536
vt 0.360997 0.830052
vt 0.361862 0.818459
vt 0.359299 0.794643
vt 0.394811 0.828350
vt 0.385877 0.840424
vt 0.368181 0.858039
vt 0.357228 0.867933
vt 0.353945 0.866250
vt 0.350419 0.865815
vt 0.351723 0.851622
vt 0.388555 0.843628
vt 0.371047 0.861585
vt 0.359837 0.870730
vt 0.355049 0.873243
vt 0.352091 0.871594
vt 0.347361 0.866654
vt 0.372677 0.865160
vt 0.361724 0.873938
vt 0.362508 0.877440
vt 0.069440 0.962249
vt 0.070028 0.959974
vt 0.071243 0.960420
vt 0.070980 0.962756
vt 0.068152 0.962242
vt 0.069122 0.960042
vt 0.070561 0.957996
vt 0.071518 0.958425
vt 0.070412 0.965342
vt 0.068748 0.964805
vt 0.067304 0.964737
vt 0.069692 0.958049
vt 0.070920 0.956539
vt 0.071620 0.957237
vt 0.070112 0.968157
vt 0.068137 0.967532
vt 0.066429 0.967459
vt 0.070140 0.956941
vt 0.069425 0.971119
vt 0.067281 0.970435
vt 0.065405 0.970087
vt 0.068500 0.974256
vt 0.065911 0.973505
vt 0.064501 0.973238
vt 0.067074 0.977990
vt 0.063563 0.977187
vt 0.059612 0.975649
vt 0.064440 0.980389
vt 0.066674 0.982964
vt 0.088955 0.293792
vt 0.088492 0.294191
vt 0.087780 0.291461
vt 0.088737 0.291135
vt 0.089078 0.294952
vt 0.088847 0.295337
vt 0.087775 0.294107
vt 0.086926 0.291488
vt 0.086776 0.287496
vt 0.088052 0.286922
vt 0.089421 0.290514
vt 0.089419 0.293529
vt 0.089377 0.294994
vt 0.089283 0.295641
vt 0.088553 0.295154
vt 0.085526 0.287621
vt 0.085604 0.283505
vt 0.087156 0.282818
vt 0.088712 0.286200
vt 0.083886 0.283911
vt 0.086563 0.279493
vt 0.084584 0.280083
vt 0.087939 0.282050
vt 0.081892 0.281909
vt 0.079466 0.280426
vt 0.082124 0.277996
vt 0.079414 0.283290
vt 0.076897 0.282343
vt 0.077078 0.278072
vt 0.079846 0.275295
vt 0.086911 0.276654
vt 0.084865 0.275256
vt 0.074444 0.283959
vt 0.076813 0.284681
vt 0.074528 0.280454
vt 0.079188 0.272079
vt 0.075976 0.275256
vt 0.082821 0.271596
vt 0.088021 0.271973
vt 0.090114 0.273937
vt 0.072129 0.282541
vt 0.074444 0.286852
vt 0.072034 0.286480
vt 0.073406 0.277829
vt 0.079803 0.265316
vt 0.085375 0.268811
vt 0.069714 0.285114
vt 0.070960 0.280376
vt 0.072327 0.289118
vt 0.070088 0.288730
vt 0.082831 0.262742
vt 0.095337 0.263958
vt 0.099970 0.267799
vt 0.067933 0.287798
vt 0.069152 0.283402
vt 0.070377 0.291423
vt 0.068164 0.291277
vt 0.072696 0.256714
vt 0.080948 0.254330
vt 0.077843 0.265921
vt 0.091927 0.258463
vt 0.066133 0.290606
vt 0.068652 0.293703
vt 0.066539 0.293742
vt 0.072063 0.246448
vt 0.081896 0.244863
vt 0.091084 0.251441
vt 0.075491 0.266567
vt 0.069032 0.258281
vt 0.064571 0.293086
vt 0.065139 0.289028
vt 0.066976 0.286193
vt 0.067160 0.296085
vt 0.065188 0.296059
vt 0.068216 0.248207
vt 0.085697 0.236681
vt 0.074904 0.237238
vt 0.093519 0.244082
vt 0.072175 0.267807
vt 0.065587 0.260493
vt 0.063249 0.295628
vt 0.063439 0.291770
vt 0.063993 0.298594
vt 0.065877 0.298403
vt 0.096450 0.235256
vt 0.098450 0.237657
vt 0.065037 0.273233
vt 0.059332 0.266964
vt 0.062302 0.294603
vt 0.062288 0.298207
vt 0.064591 0.300523
vt 0.063035 0.300889
vt 0.058608 0.280774
vt 0.052904 0.274590
vt 0.061341 0.297414
vt 0.061459 0.300609
vt 0.063694 0.302811
vt 0.062153 0.302952
vt 0.054239 0.288894
vt 0.048748 0.283795
vt 0.066246 0.283186
vt 0.073356 0.275839
vt 0.060577 0.299822
vt 0.060582 0.302955
vt 0.062839 0.305056
vt 0.061477 0.305370
vt 0.052053 0.298338
vt 0.047201 0.294097
vt 0.061135 0.291101
vt 0.060029 0.305167
vt 0.061974 0.306986
vt 0.060701 0.307216
vt 0.058134 0.300039
vt 0.049023 0.318867
vt 0.045706 0.315823
vt 0.059600 0.307501
vt 0.060144 0.309604
vt 0.061306 0.309257
vt 0.053557 0.320574
vt 0.044523 0.338727
vt 0.042131 0.336335
vt 0.059034 0.309682
vt 0.063165 0.306526
vt 0.062196 0.308771
vt 0.060568 0.311137
vt 0.059637 0.311624
vt 0.047706 0.340156
vt 0.035046 0.366458
vt 0.033535 0.364887
vt 0.058732 0.311416
vt 0.059960 0.312875
vt 0.059186 0.313241
vt 0.058342 0.320582
vt 0.051245 0.340199
vt 0.036930 0.367631
vt 0.001481 0.433897
vt 0.000000 0.432994
vt 0.058364 0.313123
vt 0.059517 0.314392
vt 0.058754 0.314604
vt 0.039122 0.367328
vt 0.003065 0.434074
vt 0.058104 0.314461
vt 0.057978 0.311062
vt 0.057818 0.312952
vt 0.059104 0.315293
vt 0.058596 0.315372
vt 0.004510 0.434046
vt 0.001026 0.434795
vt 0.002538 0.435146
vt 0.058085 0.315311
vt 0.057727 0.314244
vt 0.972859 0.478740
vt 0.972946 0.479336
vt 0.972155 0.479908
vt 0.972187 0.479189
vt 0.972985 0.480685
vt 0.972391 0.481284
vt 0.971672 0.481638
vt 0.971428 0.480747
vt 0.971985 0.483766
vt 0.970975 0.483577
vt 0.970442 0.482964
vt 0.971290 0.487976
vt 0.969654 0.487342
vt 0.968905 0.486602
vt 0.969952 0.491868
vt 0.967259 0.491157
vt 0.966273 0.489887
vt 0.968657 0.495097
vt 0.966037 0.494446
vt 0.967175 0.499033
vt 0.963991 0.497567
vt 0.964115 0.490537
vt 0.963457 0.493014
vt 0.970948 0.494160
vt 0.971915 0.497178
vt 0.964087 0.500979
vt 0.961691 0.498622
vt 0.961485 0.495400
vt 0.961753 0.488955
vt 0.960881 0.491120
vt 0.968674 0.501460
vt 0.974739 0.499710
vt 0.959200 0.496257
vt 0.962324 0.506111
vt 0.959179 0.492945
vt 0.959681 0.486882
vt 0.958789 0.488859
vt 0.956965 0.493685
vt 0.956882 0.490483
vt 0.957749 0.484780
vt 0.956732 0.486563
vt 0.954794 0.491041
vt 0.954875 0.487876
vt 0.954970 0.484196
vt 0.955970 0.482506
vt 0.953099 0.488132
vt 0.953137 0.485178
vt 0.954251 0.480296
vt 0.953200 0.481702
vt 0.951480 0.485494
vt 0.951596 0.482698
vt 0.952875 0.478066
vt 0.951833 0.479399
vt 0.950019 0.482854
vt 0.950328 0.480078
vt 0.950694 0.477140
vt 0.951712 0.475965
vt 0.948787 0.480276
vt 0.949240 0.477637
vt 0.950628 0.473748
vt 0.949750 0.474877
vt 0.947978 0.477645
vt 0.948412 0.475317
vt 0.948815 0.472602
vt 0.949717 0.471585
vt 0.947260 0.475328
vt 0.947589 0.473056
vt 0.948778 0.469575
vt 0.947970 0.470478
vt 0.946462 0.473221
vt 0.946856 0.470785
vt 0.947174 0.468380
vt 0.947787 0.467586
vt 0.945807 0.470913
vt 0.946195 0.468619
vt 0.947001 0.465657
vt 0.946522 0.466293
vt 0.945144 0.468737
vt 0.945594 0.466618
vt 0.946461 0.463898
vt 0.945907 0.464451
vt 0.944742 0.466637
vt 0.945096 0.464723
vt 0.945809 0.462412
vt 0.945298 0.462824
vt 0.944383 0.464718
vt 0.944674 0.463125
vt 0.945231 0.461335
vt 0.944804 0.461714
vt 0.944139 0.463075
vt 0.944467 0.462151
vt 0.944631 0.460532
vt 0.944192 0.461197
vt 0.944067 0.461916
vt 0.943850 0.460971
vt 0.944127 0.460625
vt 0.411221 0.406687
vt 0.412314 0.407413
vt 0.409602 0.410375
vt 0.408803 0.409853
vt 0.412839 0.408371
vt 0.409986 0.411066
vt 0.408567 0.411558
vt 0.408042 0.411182
vt 0.408947 0.412022
vt 0.407837 0.412344
vt 0.407561 0.411868
vt 0.408276 0.412723
vt 0.407381 0.412510
vt 0.407346 0.411970
vt 0.897816 0.739802
vt 0.896411 0.740092
vt 0.901567 0.681825
vt 0.904736 0.681580
vt 0.895605 0.739459
vt 0.899086 0.682430
vt 0.904733 0.676643
vt 0.898713 0.675036
vt 0.901551 0.672847
vt 0.907300 0.682103
vt 0.896483 0.676263
vt 0.908607 0.678367
vt 0.893557 0.669936
vt 0.895388 0.667627
vt 0.903597 0.670452
vt 0.910339 0.675581
vt 0.891739 0.671493
vt 0.886577 0.666314
vt 0.888378 0.663207
vt 0.896517 0.665266
vt 0.912738 0.673849
vt 0.904869 0.668532
vt 0.912768 0.678534
vt 0.910945 0.680469
vt 0.884598 0.668193
vt 0.878154 0.663475
vt 0.879977 0.659537
vt 0.889131 0.660366
vt 0.896575 0.664071
vt 0.915038 0.677161
vt 0.916608 0.683516
vt 0.914566 0.685036
vt 0.875892 0.665965
vt 0.871918 0.662043
vt 0.872973 0.657441
vt 0.880203 0.656022
vt 0.918239 0.683083
vt 0.916016 0.687607
vt 0.917735 0.686400
vt 0.869335 0.664774
vt 0.871830 0.652614
vt 0.919533 0.685822
vt 0.918652 0.692540
vt 0.920221 0.691390
vt 0.921935 0.690910
vt 0.919901 0.694939
vt 0.921407 0.693676
vt 0.923031 0.693240
vt 0.924103 0.697405
vt 0.922889 0.698635
vt 0.925430 0.696814
vt 0.929293 0.701534
vt 0.928472 0.702799
vt 0.930344 0.701021
vt 0.933496 0.703898
vt 0.932710 0.705220
vt 0.934123 0.703394
vt 0.937422 0.706153
vt 0.936891 0.707231
vt 0.937885 0.705690
vt 0.939296 0.707302
vt 0.938736 0.708329
vt 0.932583 0.705971
vt 0.936621 0.708034
vt 0.942595 0.709057
vt 0.942196 0.709867
vt 0.938566 0.708935
vt 0.943573 0.709456
vt 0.943353 0.710257
vt 0.939557 0.706980
vt 0.942960 0.708626
vt 0.944018 0.709402
vt 0.944418 0.710197
vt 0.942123 0.710316
vt 0.943033 0.710742
vt 0.243422 0.739722
vt 0.244308 0.739335
vt 0.245260 0.741732
vt 0.244402 0.742105
vt 0.242371 0.737235
vt 0.243378 0.736796
vt 0.245620 0.738856
vt 0.246401 0.741308
vt 0.246177 0.743969
vt 0.245388 0.744325
vt 0.241835 0.737558
vt 0.242976 0.739975
vt 0.242433 0.734129
vt 0.241304 0.734606
vt 0.244786 0.736309
vt 0.246428 0.738659
vt 0.247229 0.741068
vt 0.247245 0.743559
vt 0.247032 0.745997
vt 0.246493 0.746276
vt 0.240734 0.734944
vt 0.243929 0.733645
vt 0.241383 0.731397
vt 0.240071 0.731902
vt 0.245701 0.736125
vt 0.248018 0.743334
vt 0.247883 0.745681
vt 0.247762 0.747705
vt 0.247172 0.747965
vt 0.246055 0.746470
vt 0.245177 0.744458
vt 0.244914 0.733485
vt 0.243007 0.730888
vt 0.240378 0.728517
vt 0.238959 0.729038
vt 0.248505 0.745501
vt 0.248430 0.747425
vt 0.248330 0.748898
vt 0.247809 0.749132
vt 0.246941 0.748030
vt 0.244090 0.730701
vt 0.242025 0.728063
vt 0.237718 0.726178
vt 0.239381 0.725549
vt 0.248829 0.747334
vt 0.248715 0.748486
vt 0.248927 0.749500
vt 0.248296 0.749712
vt 0.243332 0.727890
vt 0.241171 0.725112
vt 0.236970 0.722928
vt 0.238482 0.722443
vt 0.249127 0.748690
vt 0.242551 0.724973
vt 0.240359 0.722072
vt 0.237738 0.719144
vt 0.235908 0.719631
vt 0.242038 0.721969
vt 0.239733 0.718834
vt 0.235033 0.716370
vt 0.236948 0.715813
vt 0.241348 0.718773
vt 0.239158 0.715582
vt 0.234620 0.712922
vt 0.236559 0.712495
vt 0.241030 0.715588
vt 0.238792 0.712291
vt 0.234300 0.709888
vt 0.236209 0.709375
vt 0.240549 0.712396
vt 0.238502 0.709148
vt 0.234080 0.706914
vt 0.236114 0.706566
vt 0.240502 0.709279
vt 0.238451 0.706272
vt 0.235873 0.703761
vt 0.234177 0.704391
vt 0.240064 0.706601
vt 0.238027 0.703663
vt 0.236117 0.700914
vt 0.234567 0.701481
vt 0.239917 0.704018
vt 0.238227 0.700774
vt 0.236179 0.697671
vt 0.234556 0.698190
vt 0.240051 0.701008
vt 0.238326 0.697464
vt 0.236471 0.694434
vt 0.234773 0.694865
vt 0.242002 0.701621
vt 0.240958 0.705178
vt 0.240315 0.697619
vt 0.238448 0.693972
vt 0.236110 0.691025
vt 0.234855 0.691672
vt 0.241314 0.697940
vt 0.240264 0.694097
vt 0.238063 0.690834
vt 0.234727 0.688404
vt 0.235904 0.687637
vt 0.241242 0.694545
vt 0.240048 0.690674
vt 0.237697 0.687134
vt 0.234346 0.685211
vt 0.235341 0.684295
vt 0.241287 0.690994
vt 0.239801 0.686947
vt 0.237154 0.683483
vt 0.234486 0.681088
vt 0.233462 0.682190
vt 0.241088 0.687336
vt 0.239254 0.683285
vt 0.236234 0.680096
vt 0.232310 0.679259
vt 0.233351 0.677993
vt 0.240623 0.683682
vt 0.238424 0.679733
vt 0.234988 0.676878
vt 0.230813 0.676425
vt 0.231821 0.674945
vt 0.237195 0.676215
vt 0.233421 0.673696
vt 0.230031 0.672006
vt 0.229147 0.673632
vt 0.235519 0.673052
vt 0.231737 0.670712
vt 0.228342 0.669266
vt 0.227296 0.670895
vt 0.233729 0.670053
vt 0.229789 0.667801
vt 0.225202 0.668210
vt 0.226267 0.666569
vt 0.231838 0.667288
vt 0.227858 0.665066
vt 0.224127 0.663988
vt 0.223172 0.665770
vt 0.229790 0.664625
vt 0.225684 0.662535
vt 0.221105 0.663494
vt 0.221999 0.661542
vt 0.227757 0.661798
vt 0.223652 0.660111
vt 0.219259 0.661408
vt 0.220218 0.659474
vt 0.225527 0.659225
vt 0.221733 0.657987
vt 0.223623 0.657198
vt 0.219953 0.656078
vt 0.218576 0.657752
vt 0.903359 0.474856
vt 0.899024 0.477439
vt 0.895616 0.472966
vt 0.901560 0.469900
vt 0.905855 0.479266
vt 0.901937 0.481633
vt 0.896631 0.479298
vt 0.893380 0.474587
vt 0.890610 0.467987
vt 0.897188 0.469608
vt 0.904004 0.468633
vt 0.906535 0.473464
vt 0.908713 0.478054
vt 0.908355 0.483511
vt 0.904697 0.485741
vt 0.899652 0.483485
vt 0.889206 0.469320
vt 0.901060 0.463215
vt 0.900894 0.462592
vt 0.911106 0.482361
vt 0.910704 0.487854
vt 0.907412 0.489864
vt 0.902397 0.487621
vt 0.913557 0.486599
vt 0.913226 0.491951
vt 0.910093 0.493825
vt 0.905320 0.491532
vt 0.915925 0.490724
vt 0.915493 0.496056
vt 0.912634 0.497777
vt 0.908154 0.495380
vt 0.918185 0.494769
vt 0.917769 0.500010
vt 0.915169 0.501584
vt 0.910592 0.499298
vt 0.920146 0.498879
vt 0.920068 0.503813
vt 0.917636 0.505347
vt 0.913143 0.503052
vt 0.922473 0.502748
vt 0.922181 0.507697
vt 0.919894 0.508988
vt 0.915468 0.506823
vt 0.924249 0.506637
vt 0.924379 0.511306
vt 0.922090 0.512625
vt 0.918082 0.510349
vt 0.926331 0.510408
vt 0.926518 0.514926
vt 0.924330 0.516195
vt 0.920365 0.513880
vt 0.914662 0.507664
vt 0.916939 0.511399
vt 0.925518 0.506184
vt 0.927583 0.509895
vt 0.928709 0.513762
vt 0.928586 0.518481
vt 0.926500 0.519726
vt 0.922526 0.517434
vt 0.919331 0.514844
vt 0.930347 0.517631
vt 0.930742 0.521961
vt 0.928600 0.523233
vt 0.924762 0.520902
vt 0.921667 0.518247
vt 0.932281 0.521199
vt 0.932634 0.525510
vt 0.930607 0.526698
vt 0.926841 0.524364
vt 0.931571 0.517211
vt 0.933389 0.520768
vt 0.934263 0.524649
vt 0.934543 0.528933
vt 0.932663 0.530043
vt 0.929077 0.527687
vt 0.935139 0.524343
vt 0.936222 0.528044
vt 0.936327 0.532343
vt 0.934593 0.533343
vt 0.931139 0.531013
vt 0.926256 0.524917
vt 0.928077 0.528429
vt 0.937256 0.527656
vt 0.937922 0.531483
vt 0.938125 0.535618
vt 0.936483 0.536573
vt 0.933089 0.534290
vt 0.930159 0.531720
vt 0.938836 0.531132
vt 0.939608 0.534835
vt 0.939852 0.538824
vt 0.938322 0.539701
vt 0.935001 0.537542
vt 0.932197 0.534948
vt 0.940636 0.534384
vt 0.941388 0.538034
vt 0.941664 0.541865
vt 0.940139 0.542733
vt 0.937091 0.540491
vt 0.934151 0.538092
vt 0.942143 0.537681
vt 0.943017 0.541172
vt 0.943295 0.544926
vt 0.941854 0.545703
vt 0.938741 0.543512
vt 0.936170 0.541155
vt 0.944590 0.544248
vt 0.944817 0.547863
vt 0.943501 0.548586
vt 0.940581 0.546420
vt 0.943780 0.540808
vt 0.945495 0.543806
vt 0.946082 0.547190
vt 0.946319 0.550665
vt 0.945049 0.551419
vt 0.942275 0.549286
vt 0.946791 0.546850
vt 0.947478 0.550058
vt 0.947725 0.553387
vt 0.946519 0.554023
vt 0.943848 0.552049
vt 0.939669 0.546925
vt 0.941563 0.549714
vt 0.948213 0.549721
vt 0.948741 0.552890
vt 0.949053 0.556012
vt 0.947897 0.556606
vt 0.945410 0.554653
vt 0.943215 0.552415
vt 0.949507 0.552553
vt 0.949985 0.555530
vt 0.950186 0.558556
vt 0.949228 0.559039
vt 0.946920 0.557157
vt 0.944911 0.554943
vt 0.950705 0.555218
vt 0.951012 0.558097
vt 0.951326 0.560840
vt 0.950461 0.561298
vt 0.948389 0.559533
vt 0.946481 0.557415
vt 0.951587 0.557855
vt 0.952278 0.560397
vt 0.952377 0.562888
vt 0.951569 0.563324
vt 0.949724 0.561781
vt 0.952957 0.560114
vt 0.953223 0.562518
vt 0.952468 0.565045
vt 0.953171 0.564638
vt 0.950895 0.563763
vt 0.953594 0.562411
vt 0.953899 0.564226
vt 0.951870 0.565411
vt 0.953831 0.566120
vt 0.953060 0.566420
vt 0.954428 0.563939
vt 0.954424 0.565575
vt 0.952507 0.566339
vt 0.954748 0.564989
vt 0.079835 0.000105
vt 0.080751 0.000531
vt 0.080457 0.001380
vt 0.079482 0.001542
vt 0.081227 0.002336
vt 0.081655 0.001089
vt 0.080082 0.003044
vt 0.082558 0.003835
vt 0.083022 0.002182
vt 0.080903 0.004833
vt 0.083993 0.005664
vt 0.084775 0.003629
vt 0.081980 0.006983
vt 0.086557 0.005355
vt 0.085797 0.007898
vt 0.083205 0.009524
vt 0.087501 0.010367
vt 0.088341 0.007422
vt 0.084893 0.012001
vt 0.090450 0.009293
vt 0.089692 0.012580
vt 0.086598 0.014831
vt 0.092442 0.011369
vt 0.091838 0.015071
vt 0.088690 0.017695
vt 0.093970 0.018397
vt 0.095365 0.013180
vt 0.091162 0.020701
vt 0.098253 0.016445
vt 0.095311 0.024226
vt 0.092415 0.027215
vt 0.101177 0.021115
vt 0.104952 0.017909
vt 0.593005 0.942857
vt 0.590104 0.944436
vt 0.586059 0.934605
vt 0.588954 0.933639
vt 0.598059 0.951245
vt 0.595822 0.953056
vt 0.588499 0.945398
vt 0.584419 0.935270
vt 0.585868 0.924111
vt 0.582955 0.924896
vt 0.596143 0.941321
vt 0.592337 0.932384
vt 0.600989 0.949487
vt 0.603051 0.957154
vt 0.601587 0.961197
vt 0.581117 0.925203
vt 0.589053 0.923120
vt 0.570037 0.868908
vt 0.567940 0.869401
vt 0.606498 0.958389
vt 0.566310 0.869707
vt 0.591788 0.922086
vt 0.595283 0.931150
vt 0.572623 0.868073
vt 0.574875 0.867194
vt 0.956904 0.970332
vt 0.958623 0.970040
vt 0.959956 0.976475
vt 0.957708 0.976684
vt 0.955586 0.964532
vt 0.957039 0.964149
vt 0.957644 0.983317
vt 0.960053 0.983201
vt 0.954999 0.970649
vt 0.954059 0.964978
vt 0.953879 0.959310
vt 0.955344 0.958795
vt 0.952541 0.959839
vt 0.952099 0.954626
vt 0.953209 0.954267
vt 0.950952 0.955164
vt 0.950287 0.950535
vt 0.951216 0.950214
vt 0.948817 0.946826
vt 0.949427 0.946681
vt 0.323413 0.257685
vt 0.327457 0.253165
vt 0.333405 0.258481
vt 0.329982 0.262663
vt 0.317553 0.252817
vt 0.322204 0.248084
vt 0.332414 0.249542
vt 0.337707 0.254919
vt 0.339615 0.263867
vt 0.336657 0.267698
vt 0.327719 0.267141
vt 0.320729 0.262532
vt 0.314225 0.258029
vt 0.318083 0.243676
vt 0.313131 0.248530
vt 0.327677 0.244177
vt 0.337791 0.246931
vt 0.342514 0.252423
vt 0.343338 0.260461
vt 0.345727 0.269177
vt 0.343154 0.272752
vt 0.334722 0.271768
vt 0.326751 0.271569
vt 0.319477 0.267382
vt 0.309259 0.253770
vt 0.312542 0.263304
vt 0.323731 0.239579
vt 0.315198 0.240321
vt 0.310321 0.245175
vt 0.333502 0.241497
vt 0.342978 0.245638
vt 0.347280 0.251184
vt 0.347525 0.258066
vt 0.348955 0.266054
vt 0.351691 0.274644
vt 0.349507 0.277853
vt 0.341428 0.276413
vt 0.333895 0.275772
vt 0.327233 0.275446
vt 0.319984 0.271881
vt 0.306769 0.259249
vt 0.306328 0.250107
vt 0.312719 0.268366
vt 0.329666 0.236590
vt 0.320718 0.236159
vt 0.313055 0.237984
vt 0.308405 0.242626
vt 0.338904 0.240393
vt 0.351817 0.256681
vt 0.352604 0.263755
vt 0.354511 0.271759
vt 0.357397 0.280145
vt 0.355321 0.283054
vt 0.347824 0.281140
vt 0.340758 0.279978
vt 0.334341 0.279179
vt 0.303283 0.255029
vt 0.306268 0.264708
vt 0.304471 0.247170
vt 0.335201 0.235358
vt 0.326371 0.232784
vt 0.318323 0.233702
vt 0.306785 0.240961
vt 0.311229 0.236315
vt 0.356332 0.262430
vt 0.357646 0.269629
vt 0.359885 0.277550
vt 0.362825 0.285719
vt 0.360795 0.288319
vt 0.353763 0.286071
vt 0.347200 0.284305
vt 0.340977 0.283136
vt 0.301016 0.251353
vt 0.302649 0.245121
vt 0.331931 0.231064
vt 0.323710 0.229889
vt 0.316176 0.231721
vt 0.309142 0.235622
vt 0.304858 0.240411
vt 0.360821 0.268390
vt 0.362618 0.275530
vt 0.365129 0.283252
vt 0.367820 0.291294
vt 0.365868 0.293695
vt 0.359289 0.291024
vt 0.352937 0.288995
vt 0.299898 0.248342
vt 0.300892 0.244083
vt 0.329137 0.227579
vt 0.321371 0.227818
vt 0.314082 0.230419
vt 0.365394 0.274260
vt 0.367430 0.281530
vt 0.369904 0.289209
vt 0.372150 0.297033
vt 0.370187 0.299199
vt 0.364142 0.296202
vt 0.358266 0.293714
vt 0.298058 0.248042
vt 0.326596 0.224543
vt 0.319943 0.225204
vt 0.369815 0.280309
vt 0.372012 0.287596
vt 0.374256 0.294938
vt 0.376193 0.302607
vt 0.374178 0.304652
vt 0.368697 0.301371
vt 0.363131 0.298543
vt 0.325007 0.221359
vt 0.374238 0.286295
vt 0.376298 0.293487
vt 0.378287 0.300738
vt 0.379921 0.308114
vt 0.377990 0.309998
vt 0.372704 0.306653
vt 0.367519 0.303539
vt 0.329718 0.219529
vt 0.331652 0.223521
vt 0.378335 0.292292
vt 0.380365 0.299185
vt 0.382088 0.306253
vt 0.383281 0.313418
vt 0.381549 0.315130
vt 0.376468 0.311885
vt 0.371561 0.308638
vt 0.381976 0.298310
vt 0.383932 0.304935
vt 0.385256 0.311782
vt 0.386455 0.318417
vt 0.384682 0.320179
vt 0.380042 0.316944
vt 0.375366 0.313708
vt 0.385655 0.303915
vt 0.387210 0.310412
vt 0.388401 0.316893
vt 0.389595 0.323092
vt 0.387929 0.324775
vt 0.383518 0.321813
vt 0.378924 0.318715
vt 0.388940 0.309415
vt 0.390140 0.315721
vt 0.391250 0.321523
vt 0.392451 0.327132
vt 0.390984 0.328785
vt 0.386674 0.326532
vt 0.382490 0.323519
vt 0.391756 0.314787
vt 0.392866 0.320538
vt 0.393870 0.325788
vt 0.394233 0.331967
vt 0.395326 0.330343
vt 0.390195 0.330546
vt 0.385811 0.328269
vt 0.394509 0.319634
vt 0.395330 0.324891
vt 0.396372 0.328972
vt 0.393681 0.333793
vt 0.396970 0.332082
vt 0.396622 0.334029
vt 0.389564 0.332660
vt 0.396825 0.324201
vt 0.397621 0.328389
vt 0.398054 0.330712
vt 0.396233 0.336145
vt 0.393624 0.336482
vt 0.399145 0.327842
vt 0.588498 0.392763
vt 0.590254 0.392021
vt 0.590952 0.393674
vt 0.589299 0.394124
vt 0.587781 0.390994
vt 0.589467 0.390379
vt 0.591849 0.390965
vt 0.592633 0.392372
vt 0.591790 0.394736
vt 0.590145 0.395337
vt 0.587975 0.394418
vt 0.587176 0.393064
vt 0.586565 0.391504
vt 0.587233 0.388719
vt 0.588956 0.388420
vt 0.591103 0.389566
vt 0.593309 0.393702
vt 0.591023 0.396212
vt 0.592308 0.395656
vt 0.589077 0.395444
vt 0.586180 0.389604
vt 0.590391 0.388394
vt 0.593597 0.394925
vt 0.592015 0.396921
vt 0.592632 0.396472
vt 0.627911 0.324764
vt 0.624544 0.323815
vt 0.631308 0.326970
vt 0.180425 0.872031
vt 0.174809 0.874508
vt 0.170660 0.859813
vt 0.176377 0.856468
vt 0.177588 0.906152
vt 0.184914 0.904790
vt 0.170363 0.877565
vt 0.166344 0.863677
vt 0.160656 0.836636
vt 0.165072 0.833336
vt 0.186742 0.870494
vt 0.182666 0.854364
vt 0.171578 0.907644
vt 0.192969 0.904018
vt 0.174633 0.927740
vt 0.183859 0.927992
vt 0.157082 0.840433
vt 0.153996 0.819679
vt 0.156993 0.817342
vt 0.169916 0.831022
vt 0.188844 0.853521
vt 0.193206 0.870008
vt 0.167644 0.928111
vt 0.201275 0.904276
vt 0.195420 0.929065
vt 0.160174 0.815735
vt 0.174359 0.830046
vt 0.194365 0.853713
vt 0.199058 0.870546
vt 0.209109 0.905318
vt 0.207548 0.931047
vt 0.194747 0.934113
vt 0.181314 0.931397
vt 0.163538 0.815258
vt 0.178227 0.829906
vt 0.218914 0.932830
vt 0.208618 0.936871
vt 0.221351 0.939555
vt 0.195979 0.966161
vt 0.195527 0.963687
vt 0.197029 0.963148
vt 0.197717 0.965629
vt 0.194516 0.966194
vt 0.194295 0.963624
vt 0.195238 0.961296
vt 0.196354 0.960823
vt 0.198242 0.968266
vt 0.196370 0.968807
vt 0.194746 0.968923
vt 0.194139 0.961307
vt 0.195669 0.958884
vt 0.194908 0.959264
vt 0.199120 0.970838
vt 0.196975 0.971483
vt 0.195176 0.971790
vt 0.193938 0.959295
vt 0.194465 0.957606
vt 0.195237 0.957649
vt 0.200236 0.973564
vt 0.197826 0.974231
vt 0.195860 0.974835
vt 0.193738 0.958058
vt 0.202500 0.976856
vt 0.199975 0.977388
vt 0.196884 0.978461
vt 0.200792 0.973451
vt 0.205609 0.975826
vt 0.204424 0.978619
vt 0.196461 0.983927
vt 0.007182 0.254907
vt 0.004558 0.258981
vt 0.003766 0.258355
vt 0.006089 0.254493
vt 0.008007 0.255125
vt 0.005229 0.259548
vt 0.001737 0.261995
vt 0.001253 0.261289
vt 0.005490 0.254212
vt 0.003239 0.257966
vt 0.006633 0.243703
vt 0.007959 0.243528
vt 0.009104 0.243122
vt 0.002444 0.262214
vt 0.000609 0.261372
vt 0.000923 0.262496
vt 0.005535 0.243508
vt 0.005711 0.238428
vt 0.007129 0.238134
vt 0.008316 0.237565
vt 0.004520 0.238243
vt 0.004702 0.232809
vt 0.006095 0.232475
vt 0.007179 0.231930
vt 0.003537 0.232524
vt 0.002708 0.216410
vt 0.004257 0.216301
vt 0.005670 0.216127
vt 0.001206 0.215970
vt 0.004030 0.211040
vt 0.005661 0.211580
vt 0.007069 0.211508
vt 0.002462 0.210113
vt 0.007950 0.206544
vt 0.009565 0.207926
vt 0.006465 0.204802
vt 0.001210 0.208786
vt 0.000000 0.215167
vt 0.010846 0.204883
vt 0.012309 0.206194
vt 0.005555 0.202938
vt 0.009505 0.202667
vt 0.025410 0.199283
vt 0.026369 0.201125
vt 0.008720 0.200551
vt 0.024468 0.196632
vt 0.041340 0.195375
vt 0.042292 0.197314
vt 0.023898 0.194237
vt 0.040490 0.192623
vt 0.049237 0.193775
vt 0.050822 0.195540
vt 0.040187 0.189334
vt 0.047946 0.190976
vt 0.055939 0.191424
vt 0.060092 0.193322
vt 0.047475 0.188049
vt 0.053154 0.188739
vt 0.052016 0.186021
vt 0.053690 0.187560
vt 0.057597 0.190332
vt 0.285116 0.002109
vt 0.286373 0.003657
vt 0.285852 0.004498
vt 0.284118 0.003742
vt 0.287559 0.004787
vt 0.287210 0.005250
vt 0.283155 0.000724
vt 0.283371 0.000056
vt 0.288153 0.005286
vt 0.287980 0.005647
vt 0.876663 0.112474
vt 0.877773 0.113340
vt 0.877121 0.115131
vt 0.875785 0.114297
vt 0.878406 0.113655
vt 0.878155 0.116001
vt 0.876077 0.117949
vt 0.874721 0.117034
vt 0.875258 0.112241
vt 0.874264 0.113812
vt 0.877128 0.118967
vt 0.874639 0.121460
vt 0.873331 0.120445
vt 0.873196 0.116411
vt 0.875666 0.122494
vt 0.873123 0.125404
vt 0.871788 0.124305
vt 0.871884 0.119771
vt 0.871816 0.113308
vt 0.870827 0.115835
vt 0.874028 0.126512
vt 0.871527 0.129547
vt 0.870228 0.128476
vt 0.870337 0.123661
vt 0.869465 0.119027
vt 0.872308 0.130664
vt 0.869954 0.133745
vt 0.868632 0.132655
vt 0.868754 0.127854
vt 0.867917 0.122901
vt 0.870498 0.134859
vt 0.868347 0.138025
vt 0.866991 0.136884
vt 0.867034 0.132016
vt 0.866201 0.127050
vt 0.869308 0.139209
vt 0.866312 0.142291
vt 0.865250 0.141103
vt 0.865233 0.136106
vt 0.864404 0.131277
vt 0.867285 0.143457
vt 0.863492 0.145546
vt 0.865098 0.146589
vt 0.863652 0.140482
vt 0.862626 0.135538
vt 0.865598 0.147741
vt 0.861787 0.144629
vt 0.863464 0.150978
vt 0.861824 0.149844
vt 0.860774 0.139761
vt 0.860029 0.149025
vt 0.858951 0.144047
vt 0.861554 0.155440
vt 0.860004 0.154247
vt 0.858250 0.153570
vt 0.857157 0.148406
vt 0.864198 0.152200
vt 0.862552 0.156645
vt 0.859782 0.159918
vt 0.858114 0.158921
vt 0.856336 0.158180
vt 0.855349 0.152918
vt 0.860705 0.161239
vt 0.857954 0.164745
vt 0.856230 0.163675
vt 0.854507 0.162914
vt 0.853469 0.157531
vt 0.859124 0.166096
vt 0.855974 0.169735
vt 0.854405 0.168411
vt 0.852615 0.167698
vt 0.851487 0.162215
vt 0.857182 0.171001
vt 0.854620 0.174385
vt 0.852817 0.173252
vt 0.850809 0.172563
vt 0.849501 0.167011
vt 0.855512 0.175772
vt 0.852676 0.179425
vt 0.851163 0.178267
vt 0.847536 0.171907
vt 0.848996 0.177517
vt 0.853708 0.180668
vt 0.850910 0.184507
vt 0.849392 0.183336
vt 0.845505 0.176867
vt 0.847095 0.182559
vt 0.851801 0.185719
vt 0.849208 0.189694
vt 0.847259 0.188531
vt 0.843406 0.181898
vt 0.845131 0.187690
vt 0.845517 0.193727
vt 0.847339 0.194957
vt 0.841336 0.187024
vt 0.843136 0.192888
vt 0.843607 0.199137
vt 0.845492 0.200314
vt 0.839206 0.192200
vt 0.841169 0.198269
vt 0.841823 0.204594
vt 0.843470 0.205849
vt 0.836993 0.197415
vt 0.839252 0.203731
vt 0.846557 0.201614
vt 0.844956 0.207121
vt 0.839866 0.210109
vt 0.841799 0.211333
vt 0.834869 0.202775
vt 0.837232 0.209193
vt 0.843083 0.212549
vt 0.838140 0.215730
vt 0.840060 0.216990
vt 0.832805 0.208280
vt 0.835286 0.214777
vt 0.841520 0.218244
vt 0.836100 0.221356
vt 0.838415 0.222723
vt 0.830508 0.213754
vt 0.833296 0.220421
vt 0.839950 0.224012
vt 0.834494 0.227285
vt 0.836739 0.228534
vt 0.828385 0.219422
vt 0.831393 0.226216
vt 0.838417 0.229807
vt 0.832615 0.233047
vt 0.835281 0.234359
vt 0.826247 0.225153
vt 0.829514 0.232046
vt 0.837176 0.235714
vt 0.831003 0.239037
vt 0.833966 0.240332
vt 0.824178 0.230978
vt 0.827563 0.237829
vt 0.835914 0.241679
vt 0.829452 0.245127
vt 0.832497 0.246390
vt 0.822179 0.236893
vt 0.826055 0.243861
vt 0.834831 0.247818
vt 0.827911 0.251349
vt 0.831222 0.252704
vt 0.820135 0.242787
vt 0.824455 0.250116
vt 0.833454 0.254280
vt 0.826608 0.257724
vt 0.829894 0.259288
vt 0.818502 0.249024
vt 0.822908 0.256630
vt 0.832492 0.261086
vt 0.825177 0.264135
vt 0.828554 0.265865
vt 0.816489 0.255430
vt 0.821428 0.263100
vt 0.831101 0.267924
vt 0.823476 0.270860
vt 0.827092 0.272727
vt 0.814937 0.262111
vt 0.819576 0.269387
vt 0.829470 0.275139
vt 0.821615 0.277430
vt 0.825048 0.279649
vt 0.813080 0.268609
vt 0.817738 0.276137
vt 0.827479 0.282432
vt 0.819429 0.284050
vt 0.822817 0.286451
vt 0.811276 0.275198
vt 0.815760 0.282433
vt 0.825053 0.289589
vt 0.817227 0.289951
vt 0.820280 0.292812
vt 0.809258 0.281348
vt 0.813429 0.287889
vt 0.822410 0.296264
vt 0.814551 0.295430
vt 0.817651 0.298539
vt 0.806769 0.286710
vt 0.810840 0.293003
vt 0.819784 0.302248
vt 0.811812 0.300100
vt 0.814929 0.303545
vt 0.803970 0.291371
vt 0.808010 0.297297
vt 0.816938 0.307434
vt 0.808842 0.304135
vt 0.812107 0.307898
vt 0.800746 0.295275
vt 0.804856 0.300972
vt 0.814121 0.312047
vt 0.805627 0.307572
vt 0.809099 0.311645
vt 0.797139 0.298642
vt 0.801430 0.304131
vt 0.811247 0.316105
vt 0.802273 0.310617
vt 0.805968 0.315105
vt 0.797742 0.306734
vt 0.808305 0.319738
vt 0.798627 0.313352
vt 0.802762 0.318168
vt 0.793712 0.309053
vt 0.805512 0.323146
vt 0.794698 0.315861
vt 0.799226 0.321181
vt 0.789223 0.311234
vt 0.802323 0.326423
vt 0.790470 0.318446
vt 0.795527 0.324222
vt 0.784464 0.313511
vt 0.799083 0.329894
vt 0.785913 0.321261
vt 0.791577 0.327380
vt 0.779239 0.316097
vt 0.795665 0.333439
vt 0.781019 0.324408
vt 0.787503 0.330747
vt 0.773701 0.318964
vt 0.792205 0.337284
vt 0.783490 0.334451
vt 0.776198 0.327912
vt 0.768186 0.322543
vt 0.788941 0.341442
vt 0.771916 0.331728
vt 0.780041 0.338546
vt 0.763207 0.326491
vt 0.768412 0.335842
vt 0.777495 0.342903
vt 0.758801 0.330707
vt 0.755080 0.334558
vt 0.765664 0.339814
vt 0.424357 0.842257
vt 0.424277 0.843163
vt 0.423725 0.843157
vt 0.423963 0.842460
vt 0.422515 0.846052
vt 0.423269 0.846342
vt 0.423269 0.842952
vt 0.423709 0.842230
vt 0.424016 0.841785
vt 0.421787 0.845754
vt 0.421999 0.850535
vt 0.420864 0.850167
vt 0.422997 0.842657
vt 0.423498 0.842132
vt 0.419857 0.849671
vt 0.421270 0.845369
vt 0.420373 0.855189
vt 0.419077 0.854792
vt 0.417703 0.854187
vt 0.419134 0.849107
vt 0.418920 0.860299
vt 0.417221 0.859831
vt 0.415726 0.859261
vt 0.416877 0.853534
vt 0.417364 0.865865
vt 0.415577 0.865485
vt 0.413772 0.864924
vt 0.414649 0.858590
vt 0.416428 0.872021
vt 0.414331 0.871690
vt 0.411973 0.871180
vt 0.412675 0.864420
vt 0.416043 0.878585
vt 0.413741 0.878385
vt 0.410794 0.878071
vt 0.410871 0.870809
vt 0.416681 0.885725
vt 0.414165 0.885656
vt 0.410155 0.885246
vt 0.408936 0.877840
vt 0.413247 0.888989
vt 0.409666 0.888719
vt 0.409086 0.885173
vt 0.416662 0.887196
vt 0.417420 0.885751
vt 0.411475 0.892809
vt 0.408957 0.892368
vt 0.417515 0.888797
vt 0.415263 0.890886
vt 0.409795 0.900076
vt 0.408503 0.900030
vt 0.413674 0.893537
vt 0.418845 0.890105
vt 0.416782 0.891641
vt 0.418947 0.885661
vt 0.419420 0.887131
vt 0.412361 0.900448
vt 0.405570 0.913967
vt 0.404310 0.913914
vt 0.415614 0.894211
vt 0.420706 0.888493
vt 0.420591 0.884729
vt 0.420880 0.886009
vt 0.407575 0.914750
vt 0.414573 0.900916
vt 0.421762 0.886785
vt 0.421860 0.884133
vt 0.421805 0.885106
vt 0.398912 0.926240
vt 0.396657 0.925257
vt 0.409410 0.916088
vt 0.416621 0.893980
vt 0.416275 0.901292
vt 0.422570 0.885417
vt 0.423137 0.884469
vt 0.400427 0.927777
vt 0.395098 0.929625
vt 0.392443 0.928798
vt 0.410671 0.917413
vt 0.422295 0.883245
vt 0.423733 0.883802
vt 0.401123 0.929516
vt 0.396912 0.931370
vt 0.266259 0.927612
vt 0.261037 0.926214
vt 0.261822 0.923530
vt 0.267766 0.924903
vt 0.255520 0.925846
vt 0.255511 0.923500
vt 0.260902 0.921208
vt 0.268329 0.919497
vt 0.251708 0.928066
vt 0.251028 0.926174
vt 0.254036 0.921773
vt 0.258238 0.921418
vt 0.261278 0.919186
vt 0.249230 0.932373
vt 0.248230 0.930896
vt 0.248520 0.924623
vt 0.247458 0.937444
vt 0.246100 0.936605
vt 0.245243 0.930149
vt 0.246154 0.942728
vt 0.245148 0.942297
vt 0.244058 0.936577
vt 0.245670 0.947685
vt 0.244698 0.947399
vt 0.243580 0.942349
vt 0.245228 0.951903
vt 0.244310 0.951714
vt 0.243414 0.947467
vt 0.244997 0.953486
vt 0.244085 0.953325
vt 0.243524 0.951665
vt 0.243873 0.954157
vt 0.244695 0.954369
vt 0.243496 0.952925
vt 0.243430 0.953296
vt 0.551967 0.095855
vt 0.550120 0.094592
vt 0.553054 0.089780
vt 0.554451 0.090762
vt 0.549821 0.100841
vt 0.547778 0.099420
vt 0.548763 0.094289
vt 0.551900 0.089360
vt 0.555825 0.084685
vt 0.557282 0.085839
vt 0.547890 0.105681
vt 0.545688 0.103721
vt 0.545774 0.099137
vt 0.554871 0.084368
vt 0.559207 0.079867
vt 0.560453 0.081196
vt 0.542881 0.103601
vt 0.557971 0.079481
vt 0.563817 0.077315
vt 0.562849 0.075861
vt 0.544545 0.107429
vt 0.541472 0.108274
vt 0.561645 0.075092
vt 0.567247 0.073732
vt 0.566573 0.072575
vt 0.565459 0.072001
vt 0.570258 0.070964
vt 0.569680 0.069972
vt 0.568931 0.069539
vt 0.571343 0.069876
vt 0.570837 0.068942
vt 0.570336 0.068880
vt 0.571650 0.068669
vt 0.572009 0.069290
vt 0.122146 0.841753
vt 0.124078 0.840651
vt 0.126281 0.844661
vt 0.124657 0.845447
vt 0.119756 0.837536
vt 0.121984 0.836383
vt 0.125819 0.840021
vt 0.127611 0.844044
vt 0.120142 0.843088
vt 0.123245 0.846964
vt 0.117828 0.838894
vt 0.117698 0.833519
vt 0.120035 0.832133
vt 0.123976 0.835666
vt 0.127128 0.847820
vt 0.125934 0.849607
vt 0.121784 0.848838
vt 0.117721 0.844242
vt 0.115639 0.835144
vt 0.116060 0.829920
vt 0.117990 0.828084
vt 0.122064 0.831549
vt 0.125455 0.835723
vt 0.126974 0.839990
vt 0.128540 0.851227
vt 0.129597 0.848959
vt 0.124840 0.851748
vt 0.121023 0.851364
vt 0.117539 0.847845
vt 0.114076 0.831596
vt 0.115595 0.824888
vt 0.113615 0.826626
vt 0.127627 0.853620
vt 0.123741 0.854116
vt 0.120529 0.854261
vt 0.117089 0.851341
vt 0.112269 0.828634
vt 0.111467 0.823612
vt 0.113411 0.821982
vt 0.126759 0.856246
vt 0.110347 0.825818
vt 0.109327 0.820952
vt 0.111212 0.819149
vt 0.129936 0.857963
vt 0.130409 0.855099
vt 0.108469 0.823184
vt 0.107369 0.818334
vt 0.109181 0.816446
vt 0.106560 0.820697
vt 0.105735 0.816179
vt 0.107259 0.814114
vt 0.104320 0.814111
vt 0.105459 0.812021
vt 0.961010 0.385132
vt 0.965077 0.382828
vt 0.967922 0.394478
vt 0.964942 0.395994
vt 0.958437 0.379573
vt 0.963246 0.376487
vt 0.968187 0.405731
vt 0.970692 0.404610
vt 0.961668 0.397402
vt 0.956940 0.387661
vt 0.953350 0.383083
vt 0.967666 0.373994
vt 0.968530 0.380908
vt 0.965407 0.406799
vt 0.973413 0.413518
vt 0.971004 0.414362
vt 0.958624 0.398372
vt 0.953491 0.390016
vt 0.948817 0.386906
vt 0.950218 0.379461
vt 0.957353 0.375041
vt 0.968341 0.414709
vt 0.962440 0.407281
vt 0.969162 0.422985
vt 0.972326 0.423080
vt 0.965766 0.414650
vt 0.970914 0.430339
vt 0.967932 0.430837
vt 0.970097 0.432935
vt 0.967059 0.433132
vt 0.533950 0.582463
vt 0.542059 0.590720
vt 0.535118 0.596955
vt 0.527249 0.587200
vt 0.539021 0.576863
vt 0.546357 0.583031
vt 0.551130 0.600616
vt 0.543507 0.610239
vt 0.526983 0.599384
vt 0.518493 0.589960
vt 0.522189 0.579374
vt 0.528467 0.575528
vt 0.542408 0.570846
vt 0.548306 0.575434
vt 0.554565 0.590097
vt 0.533423 0.570928
vt 0.560131 0.610792
vt 0.553816 0.622089
vt 0.532991 0.607103
vt 0.520867 0.601049
vt 0.514178 0.593358
vt 0.514797 0.581740
vt 0.518985 0.572301
vt 0.524704 0.568952
vt 0.543888 0.565004
vt 0.548652 0.568505
vt 0.554673 0.579674
vt 0.536982 0.565851
vt 0.562111 0.598399
vt 0.529155 0.564977
vt 0.569150 0.620058
vt 0.562371 0.634550
vt 0.547004 0.630434
vt 0.538770 0.620533
vt 0.529706 0.610518
vt 0.517978 0.602628
vt 0.510928 0.594659
vt 0.508017 0.588322
vt 0.509539 0.586047
vt 0.508277 0.581855
vt 0.512415 0.574605
vt 0.516536 0.565185
vt 0.521940 0.562335
vt 0.538713 0.560874
vt 0.562163 0.584905
vt 0.532444 0.560543
vt 0.572180 0.607738
vt 0.525986 0.558814
vt 0.576226 0.626189
vt 0.572633 0.638315
vt 0.552741 0.641146
vt 0.533730 0.622174
vt 0.526117 0.612317
vt 0.506537 0.575681
vt 0.510570 0.567152
vt 0.514548 0.558116
vt 0.519584 0.555605
vt 0.534112 0.556112
vt 0.557659 0.571733
vt 0.553040 0.571258
vt 0.572922 0.596893
vt 0.528898 0.554895
vt 0.581338 0.616199
vt 0.523373 0.552532
vt 0.563546 0.651004
vt 0.570549 0.650817
vt 0.548150 0.645518
vt 0.544740 0.637072
vt 0.557013 0.653794
vt 0.530694 0.622600
vt 0.522994 0.613186
vt 0.543371 0.628362
vt 0.540759 0.629070
vt 0.514878 0.603741
vt 0.504959 0.568206
vt 0.508901 0.559730
vt 0.513113 0.551063
vt 0.517912 0.548953
vt 0.560902 0.570281
vt 0.565806 0.579435
vt 0.584454 0.606779
vt 0.573939 0.589564
vt 0.525915 0.549086
vt 0.587754 0.624292
vt 0.581811 0.630072
vt 0.521529 0.546320
vt 0.576869 0.653593
vt 0.578265 0.643760
vt 0.570470 0.659713
vt 0.566255 0.662647
vt 0.544858 0.647785
vt 0.542464 0.640497
vt 0.552127 0.657678
vt 0.561490 0.665501
vt 0.537545 0.630474
vt 0.528450 0.623254
vt 0.520444 0.614482
vt 0.503567 0.560406
vt 0.507645 0.552374
vt 0.511997 0.544253
vt 0.516684 0.542483
vt 0.593088 0.616544
vt 0.586013 0.599472
vt 0.523823 0.543348
vt 0.592965 0.635573
vt 0.584568 0.634638
vt 0.520098 0.540305
vt 0.575768 0.665342
vt 0.579010 0.633963
vt 0.581689 0.637903
vt 0.582112 0.654954
vt 0.581690 0.644478
vt 0.571502 0.673595
vt 0.546622 0.656468
vt 0.540873 0.642775
vt 0.543137 0.649483
vt 0.558426 0.668229
vt 0.565831 0.677130
vt 0.534241 0.630973
vt 0.501023 0.567949
vt 0.499699 0.559867
vt 0.502341 0.552735
vt 0.506747 0.545237
vt 0.511485 0.537690
vt 0.516137 0.536140
vt 0.595900 0.609709
vt 0.599098 0.626928
vt 0.522024 0.537923
vt 0.588691 0.645875
vt 0.584356 0.639755
vt 0.519419 0.534473
vt 0.586272 0.672732
vt 0.584409 0.638580
vt 0.583883 0.643215
vt 0.585675 0.652229
vt 0.580722 0.688406
vt 0.548886 0.663891
vt 0.553745 0.665363
vt 0.538128 0.637076
vt 0.541571 0.634666
vt 0.561772 0.678960
vt 0.569743 0.690056
vt 0.498723 0.551946
vt 0.501828 0.545382
vt 0.506025 0.538537
vt 0.511274 0.531167
vt 0.516460 0.529712
vt 0.604674 0.637516
vt 0.600936 0.646413
vt 0.596806 0.655647
vt 0.520735 0.529096
vt 0.592612 0.664048
vt 0.595153 0.697168
vt 0.598781 0.685407
vt 0.545890 0.664581
vt 0.543752 0.657347
vt 0.564493 0.691485
vt 0.579000 0.704447
vt 0.569897 0.702792
vt 0.497967 0.544524
vt 0.501205 0.538462
vt 0.505580 0.531998
vt 0.510955 0.524849
vt 0.517885 0.522408
vt 0.607907 0.655965
vt 0.605152 0.665721
vt 0.523170 0.523601
vt 0.602183 0.675251
vt 0.591671 0.708897
vt 0.611770 0.692955
vt 0.608748 0.703413
vt 0.564694 0.704272
vt 0.497640 0.537490
vt 0.500731 0.531906
vt 0.505122 0.525891
vt 0.509597 0.519017
vt 0.515307 0.515954
vt 0.617072 0.662299
vt 0.615893 0.672824
vt 0.614187 0.682889
vt 0.605025 0.713413
vt 0.625172 0.697723
vt 0.621952 0.707730
vt 0.497477 0.530762
vt 0.500404 0.525650
vt 0.504248 0.520244
vt 0.508082 0.514127
vt 0.511975 0.511589
vt 0.523850 0.517410
vt 0.521518 0.514110
vt 0.628912 0.665146
vt 0.628647 0.676503
vt 0.617505 0.651723
vt 0.609797 0.646436
vt 0.627414 0.687301
vt 0.617849 0.716891
vt 0.671828 0.705077
vt 0.668014 0.714782
vt 0.497012 0.524630
vt 0.513885 0.508485
vt 0.516422 0.511106
vt 0.520729 0.510751
vt 0.525886 0.511659
vt 0.528059 0.513902
vt 0.675485 0.669069
vt 0.675789 0.682012
vt 0.628084 0.653607
vt 0.674514 0.694188
vt 0.496763 0.519009
vt 0.499974 0.520077
vt 0.524337 0.508664
vt 0.529388 0.508840
vt 0.531297 0.511153
vt 0.673116 0.656410
vt 0.626117 0.642639
vt 0.616724 0.641606
vt 0.527542 0.506168
vt 0.523538 0.506125
vt 0.520301 0.508381
vt 0.532654 0.506589
vt 0.534625 0.508702
vt 0.668789 0.645451
vt 0.684916 0.682983
vt 0.683433 0.695094
vt 0.614218 0.632475
vt 0.622978 0.632708
vt 0.526830 0.503574
vt 0.531222 0.503786
vt 0.664174 0.636428
vt 0.530252 0.500754
vt 0.534872 0.501642
vt 0.536191 0.504563
vt 0.534160 0.498450
vt 0.540021 0.502745
vt 0.538776 0.499806
vt 0.538312 0.496552
vt 0.542851 0.498230
vt 0.543975 0.501145
vt 0.542582 0.495113
vt 0.546883 0.496870
vt 0.547765 0.499741
vt 0.545426 0.503545
vt 0.541641 0.505029
vt 0.546742 0.494048
vt 0.550566 0.495458
vt 0.551481 0.498154
vt 0.549284 0.502029
vt 0.550461 0.492926
vt 0.553357 0.493722
vt 0.554461 0.496221
vt 0.553053 0.500230
vt 0.553364 0.491472
vt 0.554634 0.491107
vt 0.556836 0.493543
vt 0.554659 0.488071
vt 0.558950 0.489465
vt 0.556376 0.498531
vt 0.559396 0.496282
vt 0.555082 0.480555
vt 0.558192 0.481237
vt 0.562919 0.492730
vt 0.560938 0.479852
vt 0.561894 0.485180
vt 0.564705 0.487189
vt 0.565007 0.497150
vt 0.561723 0.498895
vt 0.559350 0.475676
vt 0.561578 0.474603
vt 0.571171 0.488469
vt 0.570278 0.491915
vt 0.571105 0.495180
vt 0.575722 0.487742
vt 0.574823 0.490730
vt 0.575583 0.493496
vt 0.727875 0.802059
vt 0.727085 0.801578
vt 0.728892 0.799556
vt 0.729705 0.800046
vt 0.726168 0.803939
vt 0.725389 0.803491
vt 0.726113 0.801197
vt 0.727837 0.799160
vt 0.730714 0.797476
vt 0.731698 0.798138
vt 0.723666 0.805129
vt 0.724300 0.805434
vt 0.724451 0.803164
vt 0.729591 0.796999
vt 0.732815 0.795437
vt 0.733727 0.796116
vt 0.722958 0.804961
vt 0.731666 0.795026
vt 0.721761 0.806499
vt 0.722484 0.806759
vt 0.733607 0.792857
vt 0.735046 0.793360
vt 0.721458 0.807873
vt 0.720918 0.807584
vt 0.735586 0.790394
vt 0.737076 0.790937
vt 0.720306 0.808258
vt 0.720803 0.808470
vt 0.737733 0.787980
vt 0.739335 0.788493
vt 0.720952 0.808793
vt 0.721802 0.808060
vt 0.739869 0.785508
vt 0.741738 0.786129
vt 0.742119 0.783038
vt 0.744009 0.783685
vt 0.744349 0.780314
vt 0.746381 0.781278
vt 0.746367 0.777838
vt 0.748779 0.778668
vt 0.748075 0.782754
vt 0.745507 0.785069
vt 0.748267 0.775430
vt 0.751146 0.776472
vt 0.749727 0.773215
vt 0.752913 0.774254
vt 0.754351 0.771514
vt 0.751076 0.771008
vt 0.751868 0.766204
vt 0.757182 0.765682
vt 0.628739 0.001422
vt 0.627699 0.002297
vt 0.626681 0.001322
vt 0.627616 0.000615
vt 0.629791 0.002335
vt 0.628730 0.003347
vt 0.626484 0.002974
vt 0.625921 0.001909
vt 0.628401 0.000100
vt 0.629372 0.000602
vt 0.627354 0.004173
vt 0.629599 0.004363
vt 0.628407 0.005442
vt 0.293987 0.873977
vt 0.288584 0.868903
vt 0.298440 0.844309
vt 0.302720 0.844893
vt 0.287300 0.880944
vt 0.282318 0.874941
vt 0.282837 0.863529
vt 0.292889 0.842876
vt 0.299726 0.830659
vt 0.303661 0.830042
vt 0.299503 0.879231
vt 0.305646 0.843859
vt 0.281308 0.882809
vt 0.276800 0.876911
vt 0.276879 0.868914
vt 0.291341 0.886714
vt 0.276936 0.858147
vt 0.286535 0.840464
vt 0.294560 0.830503
vt 0.298424 0.819286
vt 0.300619 0.817910
vt 0.308308 0.827120
vt 0.305860 0.876409
vt 0.307667 0.841483
vt 0.271421 0.871241
vt 0.285139 0.888008
vt 0.271121 0.863202
vt 0.301286 0.889490
vt 0.294080 0.891752
vt 0.270920 0.853307
vt 0.279812 0.837452
vt 0.288234 0.829445
vt 0.293781 0.819756
vt 0.298045 0.811823
vt 0.301803 0.811394
vt 0.302018 0.816111
vt 0.307028 0.887329
vt 0.265619 0.865746
vt 0.265122 0.858065
vt 0.302246 0.895512
vt 0.295546 0.895534
vt 0.272598 0.834006
vt 0.264443 0.848731
vt 0.281184 0.827651
vt 0.287633 0.819242
vt 0.292461 0.812197
vt 0.308598 0.896108
vt 0.308615 0.875485
vt 0.310453 0.885848
vt 0.259643 0.860383
vt 0.258764 0.853210
vt 0.301992 0.900910
vt 0.296182 0.898947
vt 0.264999 0.829927
vt 0.257263 0.843920
vt 0.280162 0.818315
vt 0.285630 0.811681
vt 0.312279 0.893954
vt 0.306624 0.902627
vt 0.253124 0.855456
vt 0.251705 0.848309
vt 0.295644 0.901920
vt 0.301527 0.906297
vt 0.249443 0.838639
vt 0.256879 0.825317
vt 0.273453 0.825107
vt 0.272067 0.816697
vt 0.277515 0.811054
vt 0.305968 0.908400
vt 0.312839 0.902636
vt 0.246168 0.850219
vt 0.244048 0.843001
vt 0.289708 0.899435
vt 0.289801 0.897240
vt 0.241323 0.832855
vt 0.248741 0.820210
vt 0.269158 0.810104
vt 0.312163 0.908929
vt 0.238634 0.844778
vt 0.235961 0.836879
vt 0.233607 0.826901
vt 0.241108 0.815082
vt 0.306262 0.914027
vt 0.310491 0.913806
vt 0.230707 0.838629
vt 0.228299 0.830933
vt 0.226897 0.821321
vt 0.234458 0.810244
vt 0.306316 0.920471
vt 0.310401 0.919286
vt 0.223173 0.832532
vt 0.221615 0.825025
vt 0.221130 0.815897
vt 0.228556 0.805839
vt 0.311594 0.925374
vt 0.306236 0.926620
vt 0.216506 0.826769
vt 0.215902 0.819376
vt 0.216135 0.810914
vt 0.223473 0.801682
vt 0.305736 0.931432
vt 0.313976 0.930503
vt 0.210914 0.821052
vt 0.211088 0.814101
vt 0.211735 0.806422
vt 0.218946 0.797950
vt 0.313065 0.924971
vt 0.317053 0.930800
vt 0.317010 0.933123
vt 0.304580 0.934796
vt 0.206307 0.815591
vt 0.206947 0.809278
vt 0.207766 0.802298
vt 0.214843 0.794535
vt 0.202406 0.810541
vt 0.203226 0.804807
vt 0.204281 0.798509
vt 0.211186 0.791363
vt 0.198925 0.805900
vt 0.199844 0.800829
vt 0.195728 0.801710
vt 0.196827 0.797290
vt 0.201089 0.795169
vt 0.192848 0.797991
vt 0.194088 0.794148
vt 0.198182 0.792184
vt 0.190097 0.794793
vt 0.191432 0.791425
vt 0.195375 0.789592
vt 0.188770 0.789056
vt 0.192612 0.787287
vt 0.508724 0.002194
vt 0.508073 0.001794
vt 0.508825 0.000947
vt 0.509194 0.001324
vt 0.507727 0.003426
vt 0.506963 0.002999
vt 0.507583 0.001262
vt 0.508353 0.000688
vt 0.509451 0.000266
vt 0.509543 0.001034
vt 0.509178 0.002078
vt 0.508425 0.003489
vt 0.495006 0.016474
vt 0.493977 0.015909
vt 0.506351 0.002333
vt 0.508480 0.000115
vt 0.488034 0.025976
vt 0.486828 0.025154
vt 0.584598 0.542457
vt 0.581983 0.539786
vt 0.585699 0.536648
vt 0.588212 0.538869
vt 0.580416 0.545894
vt 0.577811 0.542720
vt 0.579583 0.537893
vt 0.583424 0.535079
vt 0.589026 0.533634
vt 0.591459 0.535527
vt 0.575462 0.540529
vt 0.581491 0.534112
vt 0.577517 0.537089
vt 0.586854 0.532151
vt 0.592174 0.530343
vt 0.594439 0.532097
vt 0.573458 0.544215
vt 0.571277 0.541920
vt 0.573403 0.539686
vt 0.585188 0.531771
vt 0.590005 0.529279
vt 0.597287 0.528704
vt 0.595024 0.526998
vt 0.588017 0.528618
vt 0.592654 0.526019
vt 0.597279 0.523458
vt 0.599642 0.525040
vt 0.590771 0.525763
vt 0.594820 0.522576
vt 0.599211 0.519822
vt 0.601611 0.521125
vt 0.592750 0.522407
vt 0.596733 0.518986
vt 0.600851 0.516063
vt 0.603352 0.517211
vt 0.594512 0.518948
vt 0.598420 0.515237
vt 0.602308 0.512166
vt 0.604879 0.513287
vt 0.596106 0.515338
vt 0.599835 0.511305
vt 0.603715 0.507990
vt 0.606099 0.509449
vt 0.597459 0.511508
vt 0.600998 0.507416
vt 0.607793 0.505542
vt 0.605109 0.504163
vt 0.598561 0.507561
vt 0.602174 0.503303
vt 0.606551 0.500198
vt 0.609375 0.501857
vt 0.599585 0.503543
vt 0.603485 0.499608
vt 0.600675 0.499833
vt 0.604568 0.496103
vt 0.607760 0.496623
vt 0.601893 0.496622
vt 0.606229 0.490135
vt 0.609037 0.490433
vt 0.603628 0.490813
vt 0.607469 0.485187
vt 0.610266 0.485218
vt 0.847083 0.606071
vt 0.848323 0.604769
vt 0.850822 0.606749
vt 0.849885 0.608109
vt 0.844832 0.603663
vt 0.846148 0.601871
vt 0.850052 0.604246
vt 0.852164 0.606389
vt 0.848438 0.601364
vt 0.844659 0.599831
vt 0.846581 0.598958
vt 0.836005 0.589110
vt 0.838354 0.587975
vt 0.824599 0.569806
vt 0.821530 0.571254
vt 0.805100 0.553662
vt 0.808843 0.551178
vt 0.799788 0.549506
vt 0.802871 0.546418
vt 0.991403 0.101265
vt 0.989416 0.101888
vt 0.986806 0.096038
vt 0.989395 0.095317
vt 0.992889 0.106608
vt 0.991194 0.107120
vt 0.983591 0.091052
vt 0.986259 0.090202
vt 0.993966 0.111344
vt 0.992752 0.111645
vt 0.993779 0.115426
vt 0.994628 0.115229
vt 0.994156 0.116739
vt 0.994726 0.116396
vt 0.789806 0.936692
vt 0.793102 0.937494
vt 0.792826 0.945764
vt 0.788940 0.945124
vt 0.792417 0.955916
vt 0.789074 0.955168
vt 0.785845 0.935597
vt 0.785031 0.944973
vt 0.792134 0.966325
vt 0.789070 0.965290
vt 0.785736 0.955198
vt 0.780335 0.934186
vt 0.781182 0.945552
vt 0.785964 0.964863
vt 0.782838 0.955986
vt 0.789262 0.969747
vt 0.785894 0.969260
vt 0.783319 0.965415
vt 0.788706 0.973720
vt 0.785472 0.972908
vt 0.783050 0.969276
vt 0.787512 0.980039
vt 0.784689 0.979120
vt 0.782735 0.972904
vt 0.782143 0.979247
vt 0.779918 0.979939
vt 0.780511 0.973856
vt 0.781997 0.984428
vt 0.784562 0.984204
vt 0.992941 0.646362
vt 0.990688 0.647274
vt 0.989403 0.644355
vt 0.990893 0.643825
vt 0.994536 0.648998
vt 0.991545 0.649723
vt 0.988042 0.641547
vt 0.989213 0.640863
vt 0.992422 0.643300
vt 0.994970 0.646353
vt 0.997130 0.648773
vt 0.985982 0.645262
vt 0.985235 0.642138
vt 0.986685 0.637851
vt 0.984480 0.638374
vt 0.984195 0.634303
vt 0.985577 0.634009
vt 0.983591 0.631903
vt 0.984515 0.631323
vt 0.425894 0.299074
vt 0.425476 0.297965
vt 0.471164 0.240349
vt 0.473047 0.241910
vt 0.424356 0.299746
vt 0.424356 0.297904
vt 0.469087 0.238885
vt 0.488131 0.215840
vt 0.490641 0.217945
vt 0.423118 0.299710
vt 0.423172 0.297657
vt 0.424592 0.300586
vt 0.426070 0.299832
vt 0.467004 0.237761
vt 0.485317 0.213803
vt 0.502538 0.197687
vt 0.505626 0.200729
vt 0.423384 0.300873
vt 0.422286 0.297381
vt 0.465015 0.236754
vt 0.482561 0.212147
vt 0.499130 0.194778
vt 0.519779 0.178017
vt 0.523752 0.182494
vt 0.422468 0.300697
vt 0.422248 0.299444
vt 0.480110 0.210805
vt 0.495928 0.192414
vt 0.515319 0.173691
vt 0.534103 0.173847
vt 0.530174 0.168074
vt 0.493175 0.190688
vt 0.511066 0.170245
vt 0.525380 0.162327
vt 0.541885 0.159426
vt 0.545574 0.166122
vt 0.507638 0.168050
vt 0.520592 0.157896
vt 0.537085 0.152638
vt 0.554429 0.152071
vt 0.557951 0.159720
vt 0.516552 0.155436
vt 0.531912 0.147254
vt 0.549654 0.144379
vt 0.566660 0.146160
vt 0.569680 0.154289
vt 0.527279 0.144223
vt 0.544407 0.138183
vt 0.562532 0.138222
vt 0.574908 0.152433
vt 0.572570 0.143978
vt 0.539677 0.134826
vt 0.558190 0.131647
vt 0.569178 0.136086
vt 0.554003 0.127850
vt 0.565490 0.129669
vt 0.578302 0.142501
vt 0.575788 0.134771
vt 0.572591 0.129025
vt 0.586779 0.134303
vt 0.583427 0.129674
vt 0.653643 0.359385
vt 0.650759 0.357508
vt 0.654484 0.353710
vt 0.656842 0.356690
vt 0.659407 0.353779
vt 0.660855 0.356133
vt 0.656250 0.350447
vt 0.659474 0.351386
vt 0.658159 0.348924
vt 0.660878 0.349996
vt 0.004134 0.454527
vt 0.003734 0.455805
vt 0.002405 0.455284
vt 0.002572 0.454050
vt 0.005542 0.455350
vt 0.004945 0.456632
vt 0.001262 0.456680
vt 0.001887 0.457726
vt 0.001032 0.455474
vt 0.000990 0.454228
vt 0.004596 0.453759
vt 0.005715 0.454337
vt 0.002891 0.458628
vt 0.000730 0.458442
vt 0.000000 0.457308
vt 0.001659 0.459557
vt 0.006087 0.457540
vt 0.004002 0.459774
vt 0.002625 0.460374
vt 0.001606 0.460876
vt 0.000562 0.460508
vt 0.076181 0.216446
vt 0.075286 0.215698
vt 0.076317 0.214579
vt 0.076976 0.215411
vt 0.074514 0.214394
vt 0.075447 0.213837
vt 0.558587 0.947619
vt 0.557464 0.948693
vt 0.556896 0.947954
vt 0.557736 0.947150
vt 0.559124 0.948785
vt 0.558261 0.949328
vt 0.556405 0.950075
vt 0.555625 0.949202
vt 0.557582 0.950589
vt 0.558747 0.950250
vt 0.555021 0.952042
vt 0.553996 0.950862
vt 0.556651 0.952562
vt 0.558002 0.952126
vt 0.553562 0.954257
vt 0.552340 0.952864
vt 0.555491 0.954853
vt 0.552097 0.956937
vt 0.550682 0.955121
vt 0.554040 0.957035
vt 0.550366 0.959480
vt 0.548723 0.957623
vt 0.557044 0.954278
vt 0.556149 0.956767
vt 0.552636 0.960121
vt 0.548577 0.962396
vt 0.546871 0.960270
vt 0.554338 0.959234
vt 0.551109 0.963045
vt 0.546515 0.965639
vt 0.544155 0.962905
vt 0.549203 0.966343
vt 0.544086 0.969689
vt 0.541472 0.965843
vt 0.546741 0.970349
vt 0.377989 0.363222
vt 0.378877 0.363534
vt 0.378933 0.364234
vt 0.377922 0.364668
vt 0.379225 0.361970
vt 0.379851 0.362825
vt 0.379833 0.363808
vt 0.377540 0.362784
vt 0.378600 0.361509
vt 0.380801 0.360547
vt 0.381306 0.361671
vt 0.381422 0.362881
vt 0.379951 0.359855
vt 0.382520 0.358319
vt 0.383460 0.359876
vt 0.383481 0.361535
vt 0.381429 0.357558
vt 0.384572 0.355046
vt 0.385965 0.357577
vt 0.385833 0.359940
vt 0.150388 0.671538
vt 0.146311 0.671631
vt 0.147258 0.665261
vt 0.150145 0.665638
vt 0.151572 0.677223
vt 0.145210 0.678585
vt 0.143836 0.663317
vt 0.141702 0.669411
vt 0.150574 0.658559
vt 0.147326 0.657985
vt 0.151615 0.664989
vt 0.152741 0.670009
vt 0.155405 0.674542
vt 0.154335 0.683253
vt 0.144323 0.688628
vt 0.138819 0.675913
vt 0.144947 0.658417
vt 0.136863 0.664410
vt 0.140286 0.659111
vt 0.146764 0.650983
vt 0.150407 0.650960
vt 0.134359 0.683153
vt 0.132384 0.669939
vt 0.142714 0.653625
vt 0.132871 0.657340
vt 0.137116 0.654643
vt 0.126533 0.676026
vt 0.126894 0.661942
vt 0.139386 0.646977
vt 0.131301 0.648351
vt 0.119757 0.667729
vt 0.123190 0.652585
vt 0.114255 0.658757
vt 0.843848 0.504351
vt 0.848968 0.511539
vt 0.843832 0.515055
vt 0.838899 0.508473
vt 0.847876 0.502177
vt 0.853180 0.509445
vt 0.853127 0.518510
vt 0.847756 0.521473
vt 0.838387 0.519704
vt 0.833660 0.513805
vt 0.832715 0.502173
vt 0.837368 0.497717
vt 0.857598 0.516697
vt 0.841457 0.495723
vt 0.856297 0.525244
vt 0.850892 0.527561
vt 0.842213 0.525428
vt 0.833439 0.525047
vt 0.828804 0.519900
vt 0.827887 0.508105
vt 0.829694 0.492508
vt 0.825262 0.496872
vt 0.860959 0.523809
vt 0.834259 0.491103
vt 0.858886 0.531476
vt 0.853526 0.533420
vt 0.845458 0.530986
vt 0.837393 0.530123
vt 0.823387 0.514803
vt 0.821003 0.503055
vt 0.821310 0.488540
vt 0.817110 0.492897
vt 0.863620 0.530448
vt 0.861028 0.537349
vt 0.855838 0.539043
vt 0.848253 0.536383
vt 0.840795 0.535093
vt 0.825198 0.526002
vt 0.819977 0.521442
vt 0.817180 0.510066
vt 0.813448 0.498933
vt 0.808902 0.489958
vt 0.812609 0.485807
vt 0.865746 0.536654
vt 0.862983 0.542808
vt 0.858035 0.544354
vt 0.850856 0.541636
vt 0.843832 0.540027
vt 0.814211 0.517074
vt 0.810134 0.505941
vt 0.805562 0.495692
vt 0.800741 0.487699
vt 0.804145 0.483647
vt 0.867371 0.530229
vt 0.869541 0.536673
vt 0.867604 0.542285
vt 0.864875 0.547850
vt 0.860201 0.549218
vt 0.853386 0.546738
vt 0.846726 0.544913
vt 0.802572 0.502529
vt 0.797641 0.493265
vt 0.792591 0.486125
vt 0.795686 0.482176
vt 0.871480 0.542413
vt 0.869286 0.547412
vt 0.866728 0.552434
vt 0.862385 0.553643
vt 0.855788 0.551406
vt 0.849406 0.549683
vt 0.794987 0.499847
vt 0.789780 0.491381
vt 0.784552 0.484833
vt 0.787197 0.480926
vt 0.873030 0.547744
vt 0.870859 0.552126
vt 0.868554 0.556636
vt 0.864560 0.557875
vt 0.858392 0.555825
vt 0.852257 0.554302
vt 0.776803 0.483627
vt 0.779642 0.480064
vt 0.790212 0.478611
vt 0.798593 0.480029
vt 0.874400 0.552611
vt 0.872368 0.556399
vt 0.870269 0.560705
vt 0.866672 0.561767
vt 0.860945 0.559886
vt 0.855201 0.558560
vt 0.769983 0.482100
vt 0.773460 0.478919
vt 0.782613 0.477557
vt 0.875680 0.557001
vt 0.873872 0.560372
vt 0.871987 0.564471
vt 0.868708 0.565314
vt 0.863289 0.563550
vt 0.857912 0.562412
vt 0.777238 0.476944
vt 0.875132 0.564382
vt 0.870594 0.569088
vt 0.873621 0.568038
vt 0.865653 0.567142
vt 0.860701 0.566023
vt 0.876517 0.567903
vt 0.867542 0.570452
vt 0.875171 0.571719
vt 0.872399 0.572368
vt 0.877849 0.571467
vt 0.869755 0.573860
vt 0.876861 0.575052
vt 0.874207 0.575903
vt 0.879242 0.575125
vt 0.871545 0.577131
vt 0.878745 0.578922
vt 0.876023 0.579399
vt 0.881268 0.578959
vt 0.873594 0.580749
vt 0.878120 0.583239
vt 0.881123 0.583081
vt 0.875513 0.584433
vt 0.879849 0.586924
vt 0.883288 0.587392
vt 0.877362 0.588053
vt 0.878859 0.591158
vt 0.881672 0.590307
vt 0.882987 0.593255
vt 0.880385 0.594204
vt 0.884087 0.596114
vt 0.881813 0.597303
vt 0.885357 0.598899
vt 0.882880 0.599712
vt 0.879616 0.598503
vt 0.878355 0.595716
vt 0.884128 0.602484
vt 0.886628 0.601768
vt 0.880857 0.601170
vt 0.887635 0.604385
vt 0.885095 0.604854
vt 0.888648 0.606878
vt 0.886132 0.607410
vt 0.889407 0.609372
vt 0.886943 0.609773
vt 0.889928 0.611724
vt 0.887768 0.612195
vt 0.890701 0.614195
vt 0.888435 0.614464
vt 0.891314 0.616607
vt 0.889215 0.616873
vt 0.891740 0.619025
vt 0.889616 0.619032
vt 0.892222 0.621346
vt 0.890568 0.621171
vt 0.892649 0.623227
vt 0.890931 0.623718
vt 0.893045 0.625377
vt 0.891192 0.625739
vt 0.893227 0.627482
vt 0.891431 0.627701
vt 0.893473 0.629500
vt 0.891815 0.629823
vt 0.893466 0.631585
vt 0.892090 0.631844
vt 0.893633 0.633998
vt 0.892309 0.633996
vt 0.621434 0.880856
vt 0.620441 0.881706
vt 0.575249 0.784510
vt 0.578285 0.783074
vt 0.619360 0.882349
vt 0.572012 0.785824
vt 0.573776 0.772022
vt 0.570457 0.773670
vt 0.580819 0.781797
vt 0.622421 0.880053
vt 0.618217 0.882749
vt 0.568915 0.786824
vt 0.567020 0.775243
vt 0.576362 0.770564
vt 0.568624 0.761642
vt 0.565431 0.763651
vt 0.582403 0.780817
vt 0.622721 0.879597
vt 0.622691 0.881086
vt 0.622028 0.881783
vt 0.617081 0.883152
vt 0.566230 0.787522
vt 0.563684 0.776600
vt 0.561925 0.765502
vt 0.578198 0.769324
vt 0.571471 0.759674
vt 0.556322 0.744425
vt 0.553138 0.747844
vt 0.561230 0.777255
vt 0.558714 0.766900
vt 0.573241 0.757969
vt 0.558704 0.740934
vt 0.531583 0.735508
vt 0.534307 0.730221
vt 0.555914 0.767899
vt 0.560009 0.737843
vt 0.536318 0.724732
vt 0.516289 0.729836
vt 0.518647 0.724077
vt 0.537620 0.719749
vt 0.520495 0.717955
vt 0.485466 0.710089
vt 0.483108 0.716080
vt 0.521789 0.712299
vt 0.487480 0.702874
vt 0.456837 0.706963
vt 0.459054 0.699173
vt 0.489088 0.695465
vt 0.461255 0.690384
vt 0.451324 0.695431
vt 0.448765 0.703814
vt 0.463215 0.681702
vt 0.454303 0.686068
vt 0.454352 0.713377
vt 0.446369 0.710865
vt 0.441941 0.701131
vt 0.445038 0.691957
vt 0.456891 0.677251
vt 0.448753 0.681729
vt 0.440177 0.709235
vt 0.439462 0.688921
vt 0.435222 0.699353
vt 0.452211 0.671579
vt 0.444947 0.676913
vt 0.434906 0.708722
vt 0.427216 0.698607
vt 0.434833 0.685158
vt 0.248239 0.102030
vt 0.245424 0.100735
vt 0.249620 0.090330
vt 0.252529 0.091869
vt 0.199031 0.196327
vt 0.198544 0.195307
vt 0.242395 0.099542
vt 0.246390 0.088772
vt 0.257913 0.082186
vt 0.255059 0.080239
vt 0.250408 0.103209
vt 0.254491 0.093132
vt 0.199732 0.197475
vt 0.197529 0.196823
vt 0.197580 0.195237
vt 0.239333 0.098479
vt 0.243099 0.087366
vt 0.251760 0.078159
vt 0.259860 0.083752
vt 0.273173 0.064847
vt 0.270818 0.061629
vt 0.196295 0.196730
vt 0.196709 0.194887
vt 0.236655 0.097699
vt 0.240257 0.086296
vt 0.248386 0.076217
vt 0.267712 0.058342
vt 0.274511 0.067753
vt 0.294546 0.050880
vt 0.292257 0.046263
vt 0.195224 0.196311
vt 0.195831 0.194532
vt 0.234355 0.097130
vt 0.237910 0.085601
vt 0.245263 0.074663
vt 0.264265 0.055309
vt 0.289075 0.041756
vt 0.295533 0.055358
vt 0.306832 0.044113
vt 0.304422 0.038938
vt 0.194970 0.194161
vt 0.194413 0.195875
vt 0.243123 0.073983
vt 0.260789 0.053019
vt 0.285548 0.037790
vt 0.301362 0.034036
vt 0.308285 0.049249
vt 0.330044 0.024759
vt 0.332946 0.029912
vt 0.193738 0.195494
vt 0.194255 0.193870
vt 0.232953 0.096944
vt 0.298264 0.029878
vt 0.327440 0.019366
vt 0.325804 0.014061
vt 0.345707 0.008595
vt 0.348798 0.014764
vt 0.344544 0.002520
vt 0.348904 0.006696
vt 0.352564 0.012917
vt 0.347055 0.000064
vt 0.423180 0.005986
vt 0.422802 0.005518
vt 0.423345 0.004842
vt 0.423857 0.005375
vt 0.422326 0.006182
vt 0.422317 0.005785
vt 0.422550 0.005182
vt 0.422829 0.004599
vt 0.422248 0.005428
vt 0.423754 0.002590
vt 0.424619 0.002975
vt 0.425208 0.000104
vt 0.426181 0.000699
vt 0.974481 0.696341
vt 0.973092 0.696332
vt 0.970140 0.684554
vt 0.971474 0.684087
vt 0.974188 0.700644
vt 0.973010 0.700753
vt 0.971791 0.696352
vt 0.968911 0.685057
vt 0.967669 0.679163
vt 0.968976 0.678548
vt 0.973257 0.703185
vt 0.972482 0.703343
vt 0.971938 0.700514
vt 0.966520 0.679829
vt 0.965003 0.673838
vt 0.966205 0.673313
vt 0.971821 0.703023
vt 0.963903 0.674527
vt 0.956644 0.658881
vt 0.957739 0.658133
vt 0.955384 0.659658
vt 0.953914 0.654591
vt 0.954972 0.653527
vt 0.952612 0.655311
vt 0.949938 0.652071
vt 0.951565 0.651110
vt 0.950475 0.649836
vt 0.948817 0.650448
vt 0.514682 0.100068
vt 0.515545 0.100439
vt 0.513797 0.103613
vt 0.512786 0.102830
vt 0.516603 0.101631
vt 0.514790 0.104899
vt 0.506839 0.113921
vt 0.505076 0.112537
vt 0.511693 0.102137
vt 0.514193 0.099152
vt 0.494961 0.131772
vt 0.492625 0.129636
vt 0.503401 0.111575
vt 0.489820 0.128163
vt 0.480213 0.145439
vt 0.476892 0.144251
vt 0.566160 0.437771
vt 0.561606 0.438525
vt 0.561342 0.425681
vt 0.567014 0.426389
vt 0.574072 0.428315
vt 0.572230 0.438589
vt 0.567691 0.414932
vt 0.575662 0.418546
vt 0.581725 0.430652
vt 0.579494 0.439772
vt 0.570737 0.446719
vt 0.565668 0.447357
vt 0.583392 0.421984
vt 0.577518 0.446898
vt 0.569446 0.452618
vt 0.564287 0.453594
vt 0.576187 0.452367
vt 0.586292 0.439525
vt 0.584396 0.445650
vt 0.583413 0.450564
vt 0.990308 0.546519
vt 0.989718 0.547166
vt 0.988465 0.545961
vt 0.989154 0.545384
vt 0.990937 0.547211
vt 0.990410 0.547387
vt 0.989098 0.547289
vt 0.987669 0.546320
vt 0.975283 0.533946
vt 0.976413 0.533266
vt 0.974112 0.534146
vt 0.968688 0.525386
vt 0.969950 0.524687
vt 0.994164 0.369131
vt 0.995424 0.368580
vt 0.995813 0.370948
vt 0.994711 0.371509
vt 0.993681 0.366454
vt 0.995190 0.366030
vt 0.996864 0.370514
vt 0.996658 0.368196
vt 0.996368 0.373030
vt 0.995480 0.373621
vt 0.993627 0.363660
vt 0.995088 0.363272
vt 0.996505 0.365663
vt 0.997209 0.372575
vt 0.996470 0.375336
vt 0.997101 0.374775
vt 0.993526 0.360844
vt 0.994949 0.360562
vt 0.996690 0.362953
vt 0.997694 0.374385
vt 0.997412 0.376566
vt 0.997834 0.376042
vt 0.993692 0.357944
vt 0.994972 0.357676
vt 0.996239 0.360298
vt 0.998347 0.375860
vt 0.998684 0.377064
vt 0.998215 0.377520
vt 0.996671 0.357459
vt 0.999196 0.376707
vt 0.998870 0.375695
vt 0.998191 0.374174
vt 0.999447 0.377764
vt 0.999015 0.378390
vt 0.995211 0.354714
vt 0.996857 0.354530
vt 1.000000 0.377424
vt 0.995310 0.351723
vt 0.997087 0.351540
vt 0.995502 0.348584
vt 0.997511 0.348322
vt 0.995438 0.345288
vt 0.997709 0.345013
vt 0.997525 0.341585
vt 0.995179 0.341912
vt 0.994900 0.338889
vt 0.997283 0.338673
vt 0.994495 0.336405
vt 0.996526 0.336107
vt 0.276750 0.500417
vt 0.270314 0.488992
vt 0.274391 0.486907
vt 0.280610 0.498646
vt 0.187803 0.524087
vt 0.262946 0.477530
vt 0.266513 0.475418
vt 0.276018 0.486057
vt 0.282642 0.497777
vt 0.286086 0.510281
vt 0.281983 0.511920
vt 0.254002 0.466625
vt 0.257295 0.464504
vt 0.268151 0.474537
vt 0.287936 0.509630
vt 0.285952 0.523732
vt 0.291061 0.521905
vt 0.243436 0.456357
vt 0.246032 0.454626
vt 0.258711 0.463604
vt 0.291753 0.522070
vt 0.288299 0.535831
vt 0.293159 0.534748
vt 0.231182 0.446416
vt 0.233607 0.444557
vt 0.289602 0.547412
vt 0.293890 0.546874
vt 0.216938 0.438008
vt 0.219000 0.436241
vt 0.295095 0.534726
vt 0.295578 0.547068
vt 0.289795 0.558300
vt 0.294411 0.558487
vt 0.202375 0.430614
vt 0.203972 0.429501
vt 0.292462 0.570793
vt 0.288820 0.569190
vt 0.288177 0.584216
vt 0.284612 0.581111
vt 0.190265 0.422798
vt 0.277222 0.594906
vt 0.279738 0.598565
vt 0.180192 0.415886
vt 0.267431 0.613395
vt 0.264934 0.609111
vt 0.170860 0.410439
vt 0.246876 0.621855
vt 0.248280 0.626320
vt 0.160846 0.407244
vt 0.223626 0.635939
vt 0.223461 0.630421
vt 0.150291 0.405664
vt 0.197179 0.637569
vt 0.197797 0.633339
vt 0.139808 0.406453
vt 0.173972 0.631974
vt 0.130575 0.411055
vt 0.155422 0.625257
vt 0.122382 0.416837
vt 0.141642 0.617162
vt 0.115449 0.424890
vt 0.132606 0.609479
vt 0.109792 0.434731
vt 0.127650 0.600825
vt 0.105736 0.446394
vt 0.122426 0.592417
vt 0.103818 0.458338
vt 0.104535 0.445843
vt 0.107714 0.433822
vt 0.118165 0.583415
vt 0.102257 0.471101
vt 0.101471 0.457790
vt 0.112817 0.573978
vt 0.100425 0.485091
vt 0.099512 0.470660
vt 0.103843 0.551973
vt 0.098747 0.499964
vt 0.097567 0.484976
vt 0.100404 0.552599
vt 0.110471 0.575420
vt 0.100384 0.540076
vt 0.097877 0.514420
vt 0.095416 0.500157
vt 0.096672 0.540753
vt 0.098377 0.527674
vt 0.094385 0.514899
vt 0.094586 0.528310
vt 0.784978 0.525009
vt 0.785625 0.525008
vt 0.785422 0.525461
vt 0.785106 0.525508
vt 0.784885 0.524421
vt 0.785549 0.524401
vt 0.031916 0.948142
vt 0.029806 0.944737
vt 0.035191 0.942735
vt 0.038169 0.947072
vt 0.025757 0.949754
vt 0.024114 0.946920
vt 0.026742 0.940707
vt 0.031312 0.938149
vt 0.043741 0.945628
vt 0.039442 0.940732
vt 0.020454 0.952017
vt 0.018923 0.949225
vt 0.021630 0.943230
vt 0.023281 0.936225
vt 0.027241 0.933587
vt 0.034587 0.935868
vt 0.026522 0.951815
vt 0.021095 0.953992
vt 0.017217 0.954242
vt 0.015622 0.950928
vt 0.016732 0.945461
vt 0.018657 0.938801
vt 0.019914 0.931773
vt 0.023452 0.929250
vt 0.029939 0.931328
vt 0.017297 0.956642
vt 0.013578 0.946588
vt 0.013992 0.940933
vt 0.015638 0.934177
vt 0.016800 0.927522
vt 0.020109 0.925166
vt 0.025858 0.927025
vt 0.010705 0.941815
vt 0.011193 0.935998
vt 0.012675 0.929723
vt 0.014072 0.923521
vt 0.017217 0.921323
vt 0.022373 0.923001
vt 0.008022 0.936595
vt 0.008735 0.931085
vt 0.010145 0.925425
vt 0.011926 0.919739
vt 0.014753 0.917707
vt 0.019279 0.919215
vt 0.005817 0.931256
vt 0.006449 0.926368
vt 0.008202 0.921203
vt 0.010321 0.916115
vt 0.013145 0.914270
vt 0.016621 0.915665
vt 0.003690 0.926271
vt 0.004606 0.921741
vt 0.006352 0.917312
vt 0.008914 0.912781
vt 0.011988 0.911160
vt 0.014727 0.912166
vt 0.001917 0.921561
vt 0.002809 0.917672
vt 0.005108 0.913705
vt 0.008665 0.909869
vt 0.011377 0.908113
vt 0.000000 0.917287
vt 0.696662 0.267025
vt 0.699748 0.268694
vt 0.696686 0.273480
vt 0.694058 0.272009
vt 0.699224 0.275917
vt 0.702416 0.271133
vt 0.693877 0.278628
vt 0.691311 0.276663
vt 0.696632 0.280880
vt 0.702902 0.263911
vt 0.705782 0.266725
vt 0.704145 0.273806
vt 0.701510 0.278417
vt 0.691019 0.283457
vt 0.688214 0.281359
vt 0.699143 0.283386
vt 0.693870 0.285973
vt 0.707915 0.269697
vt 0.703032 0.280819
vt 0.705316 0.276388
vt 0.687706 0.288355
vt 0.684930 0.286084
vt 0.700977 0.285795
vt 0.696629 0.288632
vt 0.690728 0.291099
vt 0.708572 0.272528
vt 0.711237 0.266069
vt 0.709404 0.263012
vt 0.684107 0.293229
vt 0.681172 0.290663
vt 0.682466 0.284328
vt 0.685685 0.279783
vt 0.698739 0.291116
vt 0.693679 0.293974
vt 0.687331 0.296259
vt 0.712204 0.269062
vt 0.712055 0.260477
vt 0.713924 0.262952
vt 0.680229 0.298158
vt 0.677081 0.295364
vt 0.678797 0.288927
vt 0.696151 0.296624
vt 0.690532 0.299407
vt 0.683743 0.301556
vt 0.715031 0.265588
vt 0.675970 0.303307
vt 0.672605 0.300368
vt 0.693284 0.302238
vt 0.687239 0.304959
vt 0.679940 0.306958
vt 0.671730 0.308634
vt 0.667800 0.305619
vt 0.690202 0.307746
vt 0.683957 0.310493
vt 0.676387 0.312418
vt 0.667925 0.313873
vt 0.662994 0.310612
vt 0.687383 0.313090
vt 0.681070 0.315798
vt 0.673494 0.317649
vt 0.664993 0.318713
vt 0.658944 0.315628
vt 0.685136 0.317924
vt 0.679054 0.320804
vt 0.671438 0.322426
vt 0.662815 0.322914
vt 0.655727 0.319855
vt 0.683875 0.322386
vt 0.678416 0.325654
vt 0.670651 0.326663
vt 0.684664 0.327162
vt 0.679525 0.330304
vt 0.352825 0.205830
vt 0.353220 0.205583
vt 0.353936 0.206352
vt 0.353534 0.206876
vt 0.352702 0.205051
vt 0.353380 0.205157
vt 0.354290 0.205962
vt 0.355177 0.207642
vt 0.354698 0.208318
vt 0.355438 0.207319
vt 0.356686 0.209289
vt 0.356248 0.210026
vt 0.356984 0.208873
vt 0.358359 0.210988
vt 0.357821 0.211899
vt 0.358717 0.210554
vt 0.359942 0.212996
vt 0.359433 0.213831
vt 0.361882 0.214874
vt 0.361310 0.215781
vt 0.363777 0.216868
vt 0.363161 0.217882
vt 0.360374 0.212584
vt 0.362422 0.214311
vt 0.364394 0.216317
vt 0.365727 0.218993
vt 0.364981 0.220034
vt 0.366446 0.218363
vt 0.367883 0.220916
vt 0.367036 0.222074
vt 0.368645 0.220259
vt 0.369995 0.222916
vt 0.369029 0.224240
vt 0.370912 0.222331
vt 0.372175 0.225089
vt 0.371053 0.226385
vt 0.373223 0.224462
vt 0.374499 0.226988
vt 0.373160 0.228592
vt 0.376842 0.229090
vt 0.375389 0.230633
vt 0.379144 0.231011
vt 0.377495 0.232646
vt 0.381080 0.232823
vt 0.379270 0.234182
vt 0.007703 0.570192
vt 0.004700 0.567593
vt 0.008733 0.562498
vt 0.012207 0.564202
vt 0.004730 0.575942
vt 0.002311 0.571766
vt 0.001327 0.564868
vt 0.005322 0.559459
vt 0.011137 0.572196
vt 0.015449 0.564431
vt 0.007206 0.579932
vt 0.000000 0.568768
vt 0.019212 0.562349
vt 0.015705 0.573414
vt 0.008950 0.584167
vt 0.479176 0.910947
vt 0.487566 0.913050
vt 0.487366 0.916843
vt 0.479222 0.914472
vt 0.487440 0.906862
vt 0.478627 0.904853
vt 0.495279 0.919093
vt 0.495786 0.915039
vt 0.486820 0.919411
vt 0.478559 0.916821
vt 0.496100 0.908576
vt 0.477273 0.895709
vt 0.486657 0.897675
vt 0.494775 0.921677
vt 0.502577 0.921618
vt 0.503676 0.917051
vt 0.485855 0.920412
vt 0.477100 0.918126
vt 0.470097 0.914261
vt 0.471177 0.912178
vt 0.504669 0.910023
vt 0.495981 0.898955
vt 0.474884 0.884500
vt 0.485259 0.886530
vt 0.501923 0.924692
vt 0.511058 0.919493
vt 0.508750 0.924616
vt 0.468464 0.916070
vt 0.462160 0.913409
vt 0.463675 0.910997
vt 0.505299 0.899781
vt 0.513055 0.911358
vt 0.495390 0.887689
vt 0.472044 0.872724
vt 0.483649 0.875039
vt 0.501574 0.926618
vt 0.494434 0.923164
vt 0.507179 0.927659
vt 0.517954 0.922377
vt 0.513893 0.928425
vt 0.460046 0.914480
vt 0.454614 0.913256
vt 0.456266 0.911590
vt 0.505513 0.888029
vt 0.514516 0.900139
vt 0.521523 0.912378
vt 0.494611 0.875999
vt 0.470329 0.861489
vt 0.482230 0.863723
vt 0.511349 0.931811
vt 0.517659 0.932477
vt 0.525070 0.924947
vt 0.505438 0.876049
vt 0.515461 0.887671
vt 0.523764 0.899777
vt 0.530681 0.912422
vt 0.493787 0.864493
vt 0.468463 0.850572
vt 0.480649 0.852514
vt 0.513056 0.936297
vt 0.518353 0.938178
vt 0.533288 0.928714
vt 0.505172 0.864267
vt 0.516017 0.875265
vt 0.525218 0.886552
vt 0.533565 0.898269
vt 0.541115 0.910580
vt 0.492808 0.853106
vt 0.466091 0.839525
vt 0.478670 0.841396
vt 0.511658 0.941468
vt 0.504755 0.852589
vt 0.516221 0.863146
vt 0.526190 0.873577
vt 0.535136 0.884270
vt 0.543998 0.894965
vt 0.491528 0.841863
vt 0.463429 0.828515
vt 0.476425 0.830369
vt 0.516170 0.851232
vt 0.504117 0.841205
vt 0.526708 0.861067
vt 0.536154 0.870781
vt 0.489900 0.830889
vt 0.460822 0.817725
vt 0.474057 0.819795
vt 0.526813 0.848920
vt 0.515915 0.839593
vt 0.503145 0.830084
vt 0.536684 0.857878
vt 0.488011 0.820372
vt 0.451568 0.825012
vt 0.448905 0.814175
vt 0.453701 0.783146
vt 0.466934 0.786717
vt 0.536702 0.845506
vt 0.526643 0.837084
vt 0.515417 0.828282
vt 0.501811 0.819492
vt 0.480912 0.788184
vt 0.442119 0.777758
vt 0.536397 0.833610
vt 0.526299 0.825591
vt 0.514547 0.817412
vt 0.494804 0.787347
vt 0.535907 0.822046
vt 0.525688 0.814445
vt 0.507879 0.784458
vt 0.479721 0.782586
vt 0.493314 0.781755
vt 0.535228 0.810731
vt 0.519552 0.779845
vt 0.506151 0.778822
vt 0.529487 0.774071
vt 0.517651 0.774025
vt 0.002209 0.354549
vt 0.003440 0.355002
vt 0.001985 0.358387
vt 0.001121 0.358008
vt 0.003723 0.351427
vt 0.005178 0.351754
vt 0.000349 0.360115
vt 0.000977 0.360680
vt 0.000000 0.360912
vt 0.000351 0.361595
vt 0.270406 0.126596
vt 0.270660 0.125529
vt 0.271318 0.125625
vt 0.271125 0.126813
vt 0.271802 0.126029
vt 0.271715 0.126885
vt 0.271279 0.129875
vt 0.270436 0.129829
vt 0.272128 0.129849
vt 0.270448 0.133390
vt 0.271285 0.133509
vt 0.272264 0.133542
vt 0.268646 0.143992
vt 0.267435 0.143548
vt 0.269855 0.144504
vt 0.266280 0.149076
vt 0.265091 0.148544
vt 0.267441 0.149752
vt 0.263642 0.154493
vt 0.262450 0.153970
vt 0.254367 0.170441
vt 0.253349 0.169679
vt 0.865037 0.960281
vt 0.866388 0.960113
vt 0.865915 0.962915
vt 0.864413 0.963195
vt 0.865935 0.957673
vt 0.867149 0.957612
vt 0.867898 0.960121
vt 0.867490 0.962754
vt 0.867136 0.955497
vt 0.868231 0.955571
vt 0.868511 0.957749
vt 0.869141 0.960199
vt 0.868979 0.962720
vt 0.867324 0.965546
vt 0.865643 0.965783
vt 0.868417 0.953887
vt 0.869300 0.953871
vt 0.869354 0.955633
vt 0.869528 0.957960
vt 0.868786 0.965415
vt 0.867364 0.968400
vt 0.865662 0.968740
vt 0.870223 0.954237
vt 0.867478 0.971326
vt 0.865908 0.971689
vt 0.870419 0.952888
vt 0.871239 0.953023
vt 0.867713 0.974208
vt 0.866107 0.974591
vt 0.864587 0.972076
vt 0.864367 0.969124
vt 0.871444 0.952014
vt 0.872165 0.952089
vt 0.871799 0.953320
vt 0.870927 0.954600
vt 0.867919 0.977130
vt 0.866298 0.977507
vt 0.864718 0.975118
vt 0.872326 0.951055
vt 0.873023 0.951204
vt 0.868067 0.979963
vt 0.866398 0.980376
vt 0.865072 0.977984
vt 0.870750 0.952002
vt 0.871529 0.951006
vt 0.868213 0.982780
vt 0.866561 0.983163
vt 0.865212 0.980905
vt 0.868261 0.985441
vt 0.866702 0.985980
vt 0.868377 0.987927
vt 0.866616 0.988198
vt 0.865303 0.983745
vt 0.865108 0.986549
vt 0.868109 0.990139
vt 0.866461 0.990345
vt 0.866193 0.991988
vt 0.867720 0.991962
vt 0.867297 0.993514
vt 0.865778 0.993413
vt 0.218084 0.763971
vt 0.218777 0.764803
vt 0.218570 0.765461
vt 0.217571 0.764540
vt 0.218804 0.763844
vt 0.219232 0.764680
vt 0.216971 0.762380
vt 0.218079 0.762224
vt 0.214840 0.758444
vt 0.216286 0.758368
vt 0.212103 0.754123
vt 0.214048 0.754240
vt 0.210242 0.749959
vt 0.212106 0.750136
vt 0.208732 0.746447
vt 0.210801 0.746360
vt 0.207712 0.743080
vt 0.209967 0.742942
vt 0.206122 0.739525
vt 0.208375 0.739039
vt 0.203329 0.736137
vt 0.205701 0.735161
vt 0.200869 0.731832
vt 0.198705 0.732860
vt 0.643786 0.797817
vt 0.598354 0.738184
vt 0.599237 0.737679
vt 0.646048 0.796492
vt 0.641779 0.799302
vt 0.597430 0.738638
vt 0.597732 0.736903
vt 0.598497 0.736796
vt 0.599979 0.737158
vt 0.648268 0.795287
vt 0.664820 0.820351
vt 0.661876 0.822408
vt 0.596514 0.739103
vt 0.640077 0.800682
vt 0.596858 0.737144
vt 0.659015 0.824566
vt 0.597743 0.736088
vt 0.598814 0.736274
vt 0.600701 0.736492
vt 0.650111 0.794587
vt 0.667586 0.818878
vt 0.680037 0.838737
vt 0.676438 0.841462
vt 0.596115 0.737685
vt 0.656640 0.826716
vt 0.596673 0.736216
vt 0.673091 0.844430
vt 0.598049 0.735500
vt 0.599292 0.735735
vt 0.669633 0.818209
vt 0.683248 0.836537
vt 0.697290 0.857758
vt 0.693124 0.861389
vt 0.689184 0.865315
vt 0.685680 0.835291
vt 0.701150 0.854911
vt 0.704955 0.865725
vt 0.700599 0.869841
vt 0.696676 0.874469
vt 0.704133 0.853315
vt 0.709257 0.862806
vt 0.712697 0.872626
vt 0.708213 0.877272
vt 0.712794 0.861267
vt 0.717561 0.869474
vt 0.721469 0.878823
vt 0.716922 0.883873
vt 0.726762 0.875583
vt 0.730806 0.884399
vt 0.726820 0.889287
vt 0.735773 0.881175
vt 0.735265 0.886350
vt 0.731601 0.890805
vt 0.739756 0.882859
vt 0.224879 0.050633
vt 0.223543 0.050631
vt 0.223900 0.049887
vt 0.224529 0.049885
vt 0.224512 0.051337
vt 0.223633 0.051299
vt 0.460899 0.609820
vt 0.467428 0.607635
vt 0.471491 0.615112
vt 0.465318 0.617411
vt 0.472835 0.604351
vt 0.476483 0.611543
vt 0.475268 0.621538
vt 0.469402 0.624123
vt 0.476689 0.600358
vt 0.479859 0.607368
vt 0.479924 0.617748
vt 0.469092 0.596326
vt 0.463162 0.599509
vt 0.478610 0.627007
vt 0.473076 0.629861
vt 0.483009 0.613465
vt 0.473472 0.592502
vt 0.483112 0.623053
vt 0.465436 0.587781
vt 0.458991 0.591184
vt 0.481756 0.631731
vt 0.476565 0.634840
vt 0.486018 0.618674
vt 0.470317 0.583920
vt 0.486026 0.627655
vt 0.455301 0.582933
vt 0.462087 0.579219
vt 0.488961 0.623295
vt 0.467517 0.575084
vt 0.488903 0.631731
vt 0.484828 0.635776
vt 0.451985 0.574772
vt 0.459189 0.570658
vt 0.491668 0.627435
vt 0.465371 0.566281
vt 0.491812 0.635486
vt 0.487927 0.639498
vt 0.448847 0.566400
vt 0.456665 0.562002
vt 0.494423 0.631286
vt 0.463475 0.557152
vt 0.494803 0.639217
vt 0.491208 0.643174
vt 0.444883 0.557429
vt 0.453492 0.552916
vt 0.497347 0.635139
vt 0.461149 0.547923
vt 0.497914 0.643063
vt 0.494507 0.646894
vt 0.439574 0.548025
vt 0.448727 0.543283
vt 0.500300 0.639086
vt 0.457711 0.538200
vt 0.501215 0.647109
vt 0.498017 0.650897
vt 0.433301 0.538565
vt 0.443658 0.533541
vt 0.503424 0.643205
vt 0.453969 0.528364
vt 0.504579 0.651432
vt 0.501530 0.655052
vt 0.427216 0.527641
vt 0.440193 0.524121
vt 0.506501 0.647544
vt 0.450589 0.518682
vt 0.465285 0.534611
vt 0.463401 0.524433
vt 0.507936 0.655913
vt 0.505090 0.659551
vt 0.460755 0.510199
vt 0.511059 0.660240
vt 0.508242 0.663768
vt 0.469347 0.166467
vt 0.471423 0.167307
vt 0.467899 0.170205
vt 0.466866 0.169494
vt 0.463791 0.171898
vt 0.465125 0.173962
vt 0.464572 0.167292
vt 0.466318 0.164021
vt 0.465736 0.175861
vt 0.468940 0.170793
vt 0.463332 0.180422
vt 0.461990 0.176328
vt 0.745705 0.929850
vt 0.743697 0.927274
vt 0.746988 0.924006
vt 0.749379 0.926460
vt 0.742653 0.933078
vt 0.740090 0.930579
vt 0.755637 0.921058
vt 0.752882 0.919262
vt 0.739624 0.936728
vt 0.736677 0.934945
vt 0.741057 0.925806
vt 0.735961 0.928111
vt 0.760672 0.908566
vt 0.763184 0.909973
vt 0.739284 0.945176
vt 0.735653 0.943600
vt 0.733007 0.933654
vt 0.750611 0.918938
vt 0.757904 0.908464
vt 0.739175 0.956615
vt 0.734944 0.955101
vt 0.731515 0.943043
vt 0.729520 0.929203
vt 0.729122 0.934378
vt 0.739974 0.967311
vt 0.734005 0.965592
vt 0.730021 0.954495
vt 0.727901 0.943845
vt 0.734042 0.923536
vt 0.729180 0.924826
vt 0.741629 0.974524
vt 0.733342 0.972510
vt 0.726932 0.965379
vt 0.725484 0.954780
vt 0.732081 0.916395
vt 0.727954 0.917227
vt 0.723135 0.972547
vt 0.720306 0.966081
vt 0.727449 0.910112
vt 0.731616 0.909430
vt 0.756101 0.438265
vt 0.755531 0.438799
vt 0.755080 0.438493
vt 0.755218 0.437475
vt 0.037368 0.242917
vt 0.035181 0.242219
vt 0.037660 0.237448
vt 0.039715 0.238112
vt 0.034531 0.246997
vt 0.032541 0.246135
vt 0.039667 0.232590
vt 0.041366 0.233106
vt 0.031529 0.249100
vt 0.029806 0.248521
vt 0.041236 0.228087
vt 0.042584 0.228409
vt 0.042309 0.224201
vt 0.043391 0.224413
vt 0.042703 0.222859
vt 0.043643 0.222913
vt 0.042856 0.222146
vt 0.043396 0.222077
vt 0.806561 0.367340
vt 0.799788 0.369140
vt 0.801485 0.360034
vt 0.806481 0.361183
vt 0.462094 0.747417
vt 0.456528 0.742909
vt 0.458814 0.739862
vt 0.464343 0.745478
vt 0.455713 0.737828
vt 0.452805 0.741493
vt 0.461919 0.738238
vt 0.466774 0.744757
vt 0.468194 0.756954
vt 0.470488 0.755606
vt 0.458715 0.735938
vt 0.455743 0.745750
vt 0.452774 0.745318
vt 0.473072 0.755628
vt 0.452054 0.733541
vt 0.455617 0.732849
vt 0.482451 0.495796
vt 0.482871 0.496611
vt 0.482171 0.496816
vt 0.481860 0.496037
vt 0.278877 0.105548
vt 0.278451 0.105679
vt 0.278187 0.105348
vt 0.278602 0.104985
vt 0.172531 0.381248
vt 0.175115 0.381459
vt 0.174212 0.384680
vt 0.171602 0.383930
vt 0.173064 0.378136
vt 0.175449 0.378139
vt 0.173269 0.386763
vt 0.170806 0.386030
vt 0.170264 0.380485
vt 0.171069 0.378380
vt 0.176452 0.384241
vt 0.175636 0.386351
vt 0.168899 0.384944
vt 0.169398 0.382914
vt 0.899141 0.425947
vt 0.899628 0.424926
vt 0.901388 0.425243
vt 0.901112 0.426237
vt 0.901302 0.424333
vt 0.899438 0.423953
vt 0.981833 0.585793
vt 0.984856 0.585735
vt 0.983383 0.593537
vt 0.979997 0.593073
vt 0.982473 0.581033
vt 0.985456 0.580410
vt 0.981442 0.603112
vt 0.977427 0.602071
vt 0.978653 0.584800
vt 0.976242 0.591727
vt 0.979439 0.580199
vt 0.979865 0.612740
vt 0.975190 0.609685
vt 0.973077 0.600172
vt 0.970455 0.606532
vt 0.974613 0.611965
vt 0.968906 0.607703
vt 0.966407 0.604026
vt 0.963720 0.604769
vt 0.996045 0.451127
vt 0.994381 0.450484
vt 0.998438 0.444149
vt 0.999896 0.444910
vt 0.992462 0.457514
vt 0.990323 0.456291
vt 0.990660 0.459609
vt 0.988558 0.458661
vt 0.994000 0.501682
vt 0.994958 0.501853
vt 0.994962 0.502647
vt 0.993567 0.502331
vt 0.994288 0.501252
vt 0.994702 0.501284
vt 0.994735 0.503258
vt 0.993526 0.502804
vt 0.994703 0.500627
vt 0.994113 0.500471
vt 0.109998 0.067756
vt 0.113594 0.065261
vt 0.119834 0.070495
vt 0.117194 0.073262
vt 0.107465 0.061676
vt 0.103026 0.063503
vt 0.117958 0.062501
vt 0.123673 0.067452
vt 0.112408 0.059176
vt 0.099353 0.065244
vt 0.107621 0.069862
vt 0.123059 0.058949
vt 0.128509 0.063890
vt 0.117568 0.055739
vt 0.128304 0.054985
vt 0.133649 0.059856
vt 0.107215 0.057498
vt 0.112376 0.054114
vt 0.122823 0.051703
vt 0.133577 0.050782
vt 0.138855 0.055418
vt 0.117521 0.050083
vt 0.128055 0.047572
vt 0.138649 0.046322
vt 0.143785 0.050732
vt 0.122711 0.045808
vt 0.133205 0.043143
vt 0.143560 0.041697
vt 0.148601 0.045789
vt 0.127867 0.041486
vt 0.138127 0.038821
vt 0.148118 0.037205
vt 0.152956 0.040871
vt 0.132830 0.037306
vt 0.142718 0.034694
vt 0.152140 0.032741
vt 0.156685 0.035981
vt 0.137449 0.033137
vt 0.146898 0.030216
vt 0.155766 0.028210
vt 0.160132 0.031000
vt 0.141642 0.029134
vt 0.150703 0.026129
vt 0.158969 0.023782
vt 0.163068 0.026184
vt 0.145458 0.024943
vt 0.154164 0.021944
vt 0.161783 0.019354
vt 0.165498 0.021367
vt 0.149050 0.021119
vt 0.157274 0.018014
vt 0.164098 0.015150
vt 0.167427 0.016904
vt 0.152380 0.017174
vt 0.159997 0.013863
vt 0.166096 0.011198
vt 0.168938 0.012937
vt 0.155426 0.013245
vt 0.162373 0.010262
vt 0.167732 0.007538
vt 0.170460 0.008930
vt 0.158226 0.009576
vt 0.164484 0.006605
vt 0.169211 0.004137
vt 0.171752 0.005352
vt 0.160774 0.006068
vt 0.166313 0.003056
vt 0.163039 0.002822
vt 0.167932 0.000116
vt 0.170624 0.000916
vt 0.253295 0.014316
vt 0.251756 0.017170
vt 0.248053 0.015531
vt 0.250156 0.012675
vt 0.250336 0.019905
vt 0.246366 0.018521
vt 0.246290 0.013492
vt 0.248610 0.010600
vt 0.248812 0.022604
vt 0.244392 0.021646
vt 0.244398 0.016843
vt 0.250676 0.007895
vt 0.252085 0.010049
vt 0.246995 0.025501
vt 0.241992 0.025232
vt 0.242691 0.020513
vt 0.252251 0.023345
vt 0.253258 0.020021
vt 0.252822 0.005568
vt 0.254091 0.007664
vt 0.250981 0.027568
vt 0.238446 0.029285
vt 0.239919 0.030397
vt 0.255957 0.005772
vt 0.254565 0.003530
vt 0.257513 0.003852
vt 0.256273 0.001656
vt 0.258030 0.000095
vt 0.259107 0.002006
vt 0.993526 0.478214
vt 0.994411 0.478287
vt 0.994815 0.481864
vt 0.993762 0.481694
vt 0.665174 0.958494
vt 0.666428 0.924804
vt 0.671329 0.957539
vt 0.659190 0.957803
vt 0.677507 0.955341
vt 0.653667 0.955661
vt 0.683409 0.951905
vt 0.648274 0.952991
vt 0.688515 0.947034
vt 0.643668 0.949434
vt 0.692537 0.941179
vt 0.640315 0.944918
vt 0.695371 0.934826
vt 0.638128 0.939603
vt 0.696909 0.928213
vt 0.636604 0.933808
vt 0.697180 0.921642
vt 0.635857 0.927656
vt 0.696492 0.915429
vt 0.636290 0.921267
vt 0.694846 0.909659
vt 0.637945 0.914853
vt 0.692095 0.904522
vt 0.640583 0.908670
vt 0.688011 0.900185
vt 0.644104 0.903045
vt 0.683089 0.896465
vt 0.648604 0.898227
vt 0.677473 0.893649
vt 0.653755 0.894307
vt 0.671448 0.891820
vt 0.659208 0.891567
vt 0.665241 0.890978
vt 0.449822 0.651481
vt 0.446633 0.652474
vt 0.444468 0.648757
vt 0.447757 0.647870
vt 0.445933 0.644641
vt 0.442799 0.645831
vt 0.441135 0.642961
vt 0.443848 0.641587
vt 0.439187 0.640584
vt 0.441720 0.639037
vt 0.437151 0.638249
vt 0.439479 0.636613
vt 0.829781 0.673395
vt 0.830189 0.667449
vt 0.833318 0.666684
vt 0.834074 0.672564
vt 0.824615 0.671840
vt 0.826808 0.666272
vt 0.829268 0.662455
vt 0.831505 0.661688
vt 0.834402 0.679457
vt 0.828242 0.680543
vt 0.818581 0.679765
vt 0.819523 0.666782
vt 0.822486 0.662860
vt 0.826462 0.661606
vt 0.826192 0.656770
vt 0.829012 0.656338
vt 0.837600 0.671075
vt 0.838861 0.678687
vt 0.834050 0.685798
vt 0.827648 0.687455
vt 0.817898 0.688577
vt 0.813720 0.671192
vt 0.814564 0.659347
vt 0.817704 0.656425
vt 0.823851 0.660278
vt 0.820604 0.649860
vt 0.824080 0.649572
vt 0.806181 0.682016
vt 0.805868 0.688389
vt 0.809563 0.662580
vt 0.804500 0.673680
vt 0.809178 0.651072
vt 0.811792 0.648516
vt 0.820827 0.655179
vt 0.801629 0.664659
vt 0.804769 0.654322
vt 0.794830 0.682012
vt 0.793989 0.674247
vt 0.804415 0.641003
vt 0.801831 0.643449
vt 0.792107 0.665445
vt 0.798017 0.655965
vt 0.799716 0.645882
vt 0.784194 0.683104
vt 0.782892 0.674260
vt 0.796758 0.635017
vt 0.794394 0.637236
vt 0.781321 0.665273
vt 0.789496 0.656718
vt 0.793558 0.647973
vt 0.792038 0.639250
vt 0.772051 0.683677
vt 0.770752 0.673839
vt 0.788239 0.632663
vt 0.790182 0.630556
vt 0.769361 0.664423
vt 0.779289 0.656545
vt 0.788122 0.640737
vt 0.785651 0.633451
vt 0.744772 0.682555
vt 0.744128 0.671486
vt 0.785877 0.688181
vt 0.774174 0.695690
vt 0.784112 0.629615
vt 0.785404 0.627703
vt 0.743362 0.661146
vt 0.767744 0.655581
vt 0.782710 0.633323
vt 0.782610 0.630923
vt 0.745167 0.694468
vt 0.717120 0.681019
vt 0.716512 0.668262
vt 0.791678 0.694934
vt 0.786783 0.702053
vt 0.779324 0.626565
vt 0.780355 0.624901
vt 0.715673 0.656004
vt 0.742591 0.651467
vt 0.717413 0.694128
vt 0.745187 0.707116
vt 0.769769 0.708583
vt 0.712552 0.667960
vt 0.713168 0.680864
vt 0.802840 0.701033
vt 0.798293 0.707541
vt 0.781980 0.711409
vt 0.711615 0.655664
vt 0.714637 0.644110
vt 0.717469 0.707104
vt 0.713302 0.693993
vt 0.745114 0.720195
vt 0.766989 0.720620
vt 0.812666 0.709319
vt 0.808765 0.713845
vt 0.793888 0.715237
vt 0.778189 0.721935
vt 0.710529 0.643506
vt 0.713190 0.706796
vt 0.717257 0.720107
vt 0.710688 0.694016
vt 0.710764 0.680694
vt 0.745209 0.733447
vt 0.765510 0.732615
vt 0.816694 0.720240
vt 0.820096 0.716674
vt 0.804851 0.720131
vt 0.806538 0.699457
vt 0.816677 0.706719
vt 0.789687 0.724271
vt 0.775660 0.732759
vt 0.712783 0.719558
vt 0.716890 0.733673
vt 0.745334 0.746598
vt 0.764880 0.744300
vt 0.813499 0.725724
vt 0.823608 0.714837
vt 0.821843 0.725255
vt 0.824367 0.721744
vt 0.800508 0.727868
vt 0.786125 0.733920
vt 0.774123 0.743708
vt 0.710823 0.706595
vt 0.709585 0.718641
vt 0.711847 0.732898
vt 0.716183 0.747873
vt 0.819498 0.730631
vt 0.809478 0.732550
vt 0.827866 0.720491
vt 0.826204 0.724714
vt 0.825504 0.728160
vt 0.796021 0.736300
vt 0.783257 0.743934
vt 0.708961 0.731407
vt 0.711111 0.747262
vt 0.815878 0.737518
vt 0.824552 0.733560
vt 0.804249 0.739851
vt 0.829505 0.724653
vt 0.828939 0.728793
vt 0.791712 0.744982
vt 0.707308 0.745331
vt 0.810127 0.744494
vt 0.822686 0.742442
vt 0.829129 0.733305
vt 0.832171 0.725467
vt 0.831354 0.728735
vt 0.709266 0.762144
vt 0.705403 0.760217
vt 0.814811 0.752339
vt 0.798632 0.747031
vt 0.803532 0.750421
vt 0.830504 0.738641
vt 0.832477 0.731247
vt 0.827453 0.749024
vt 0.821296 0.756814
vt 0.806038 0.755694
vt 0.833661 0.743410
vt 0.834925 0.734746
vt 0.831909 0.753714
vt 0.825962 0.761045
vt 0.809759 0.772668
vt 0.806371 0.769541
vt 0.800086 0.758543
vt 0.797993 0.755653
vt 0.802538 0.767369
vt 0.838332 0.738089
vt 0.837708 0.747532
vt 0.836253 0.757913
vt 0.830395 0.765253
vt 0.812908 0.776409
vt 0.795354 0.782929
vt 0.794431 0.780534
vt 0.792709 0.778988
vt 0.842472 0.741638
vt 0.841961 0.751548
vt 0.840602 0.761720
vt 0.834716 0.769279
vt 0.816408 0.780606
vt 0.795426 0.785692
vt 0.847234 0.746012
vt 0.846380 0.755118
vt 0.844583 0.765093
vt 0.838550 0.772989
vt 0.820364 0.785019
vt 0.800283 0.790401
vt 0.846546 0.732628
vt 0.852523 0.739781
vt 0.850682 0.758065
vt 0.848058 0.768140
vt 0.841500 0.776276
vt 0.824210 0.789255
vt 0.805408 0.795878
vt 0.790009 0.790750
vt 0.791848 0.794065
vt 0.851935 0.723705
vt 0.858304 0.733881
vt 0.854755 0.760629
vt 0.843196 0.779127
vt 0.850225 0.770711
vt 0.827230 0.792855
vt 0.810116 0.800906
vt 0.799113 0.799484
vt 0.782403 0.790679
vt 0.784337 0.786764
vt 0.845365 0.717479
vt 0.842946 0.723356
vt 0.858702 0.720591
vt 0.864269 0.729366
vt 0.829009 0.795510
vt 0.813835 0.804947
vt 0.804607 0.804617
vt 0.794513 0.803246
vt 0.787290 0.798516
vt 0.779674 0.795088
vt 0.845929 0.708680
vt 0.850452 0.710035
vt 0.833392 0.715475
vt 0.835453 0.711092
vt 0.854799 0.709382
vt 0.870775 0.727861
vt 0.865076 0.719294
vt 0.808573 0.808859
vt 0.800570 0.808380
vt 0.787645 0.811873
vt 0.780646 0.807943
vt 0.773803 0.805607
vt 0.836716 0.705444
vt 0.848495 0.699609
vt 0.845212 0.699978
vt 0.851558 0.698403
vt 0.793598 0.816891
vt 0.781047 0.821399
vt 0.774797 0.818236
vt 0.845606 0.691512
vt 0.842872 0.692914
vt 0.848312 0.688997
vt 0.786156 0.825583
vt 0.776058 0.830087
vt 0.770593 0.827787
vt 0.841951 0.686484
vt 0.843832 0.679747
vt 0.780600 0.833429
vt 0.773069 0.838269
vt 0.768125 0.836796
vt 0.768296 0.855701
vt 0.764360 0.854616
vt 0.928344 0.594924
vt 0.927128 0.595380
vt 0.923644 0.588542
vt 0.925022 0.588064
vt 0.945635 0.630890
vt 0.944675 0.630802
vt 0.925691 0.595933
vt 0.922211 0.589023
vt 0.920305 0.581516
vt 0.921606 0.581081
vt 0.943898 0.631239
vt 0.918707 0.581968
vt 0.916973 0.574349
vt 0.915324 0.574770
vt 0.913420 0.567083
vt 0.911623 0.567616
vt 0.909925 0.559492
vt 0.908224 0.559885
vt 0.906300 0.551994
vt 0.904786 0.552431
vt 0.902329 0.545535
vt 0.900986 0.546311
vt 0.903503 0.552540
vt 0.899813 0.546609
vt 0.899141 0.544713
vt 0.900340 0.543318
vt 0.514976 0.076224
vt 0.512070 0.069743
vt 0.519924 0.065400
vt 0.522647 0.072448
vt 0.507344 0.079773
vt 0.504540 0.073715
vt 0.508385 0.062981
vt 0.516073 0.057818
vt 0.501053 0.067814
vt 0.504705 0.057389
vt 0.512298 0.051582
vt 0.527746 0.060707
vt 0.523935 0.052145
vt 0.497741 0.077318
vt 0.494323 0.071955
vt 0.497329 0.062543
vt 0.519863 0.045018
vt 0.535341 0.055903
vt 0.531903 0.045842
vt 0.491612 0.080650
vt 0.488333 0.075738
vt 0.490578 0.067226
vt 0.527708 0.037802
vt 0.539481 0.039948
vt 0.541735 0.051805
vt 0.486148 0.083722
vt 0.483027 0.079233
vt 0.484553 0.071507
vt 0.535640 0.030660
vt 0.547080 0.034919
vt 0.546960 0.048748
vt 0.481359 0.086730
vt 0.478430 0.082485
vt 0.479314 0.075395
vt 0.543996 0.024230
vt 0.555827 0.032083
vt 0.550479 0.047686
vt 0.477081 0.089569
vt 0.474336 0.085648
vt 0.474837 0.078981
vt 0.558516 0.041372
vt 0.552073 0.050057
vt 0.473184 0.092523
vt 0.470683 0.088775
vt 0.470866 0.082273
vt 0.567356 0.038462
vt 0.568060 0.026184
vt 0.469638 0.095671
vt 0.467210 0.092067
vt 0.467308 0.085553
vt 0.466125 0.099188
vt 0.463846 0.095687
vt 0.463998 0.088961
vt 0.462664 0.103186
vt 0.460342 0.099738
vt 0.460687 0.092615
vt 0.459163 0.107680
vt 0.456778 0.104352
vt 0.457296 0.096745
vt 0.455609 0.112865
vt 0.453085 0.109775
vt 0.453756 0.101466
vt 0.452076 0.118649
vt 0.449424 0.115869
vt 0.450027 0.107031
vt 0.448756 0.124852
vt 0.445947 0.122435
vt 0.446235 0.113355
vt 0.445773 0.131172
vt 0.442821 0.129141
vt 0.442591 0.120259
vt 0.446686 0.105043
vt 0.442835 0.111493
vt 0.443392 0.137424
vt 0.440396 0.135675
vt 0.439416 0.127293
vt 0.439116 0.118585
vt 0.441609 0.143350
vt 0.438622 0.141964
vt 0.436996 0.134152
vt 0.435975 0.125872
vt 0.440109 0.149249
vt 0.437263 0.148042
vt 0.435368 0.140681
vt 0.433662 0.132982
vt 0.432908 0.125013
vt 0.436084 0.117676
vt 0.439072 0.154848
vt 0.436131 0.153745
vt 0.434102 0.147004
vt 0.432123 0.139740
vt 0.430738 0.132240
vt 0.437890 0.160168
vt 0.435102 0.159089
vt 0.433055 0.152865
vt 0.430966 0.146214
vt 0.436906 0.165338
vt 0.434161 0.164387
vt 0.432191 0.158290
vt 0.429963 0.152157
vt 0.435746 0.170457
vt 0.433160 0.169451
vt 0.431337 0.163517
vt 0.429296 0.157667
vt 0.434584 0.175478
vt 0.432100 0.174453
vt 0.430430 0.168643
vt 0.428523 0.162968
vt 0.433345 0.180477
vt 0.430965 0.179464
vt 0.429366 0.173701
vt 0.427604 0.168083
vt 0.432020 0.185412
vt 0.429696 0.184416
vt 0.428247 0.178685
vt 0.426580 0.173114
vt 0.430572 0.190116
vt 0.428379 0.189218
vt 0.427101 0.183649
vt 0.425610 0.178154
vt 0.429210 0.194888
vt 0.427086 0.193918
vt 0.425889 0.188446
vt 0.424420 0.183026
vt 0.427735 0.199548
vt 0.425653 0.198491
vt 0.424626 0.193128
vt 0.423301 0.187858
vt 0.426244 0.204128
vt 0.424287 0.203116
vt 0.423316 0.197774
vt 0.429490 0.200658
vt 0.430935 0.196015
vt 0.422187 0.192606
vt 0.424844 0.208663
vt 0.422766 0.207676
vt 0.421938 0.202355
vt 0.427935 0.205219
vt 0.420862 0.197168
vt 0.423323 0.213040
vt 0.421287 0.212060
vt 0.420518 0.206828
vt 0.426214 0.209713
vt 0.419478 0.201696
vt 0.421725 0.217283
vt 0.419829 0.216335
vt 0.419113 0.211295
vt 0.418241 0.206287
vt 0.420513 0.221417
vt 0.418535 0.220590
vt 0.417735 0.215644
vt 0.416890 0.210707
vt 0.419056 0.225668
vt 0.417207 0.224777
vt 0.416414 0.219885
vt 0.415556 0.215034
vt 0.414871 0.210394
vt 0.416123 0.205904
vt 0.417573 0.229877
vt 0.415779 0.228876
vt 0.415113 0.224031
vt 0.414284 0.219341
vt 0.416160 0.233858
vt 0.414348 0.232941
vt 0.413784 0.228160
vt 0.413093 0.223577
vt 0.414556 0.237710
vt 0.412887 0.236794
vt 0.412442 0.232168
vt 0.411820 0.227665
vt 0.413046 0.241575
vt 0.411479 0.240759
vt 0.411112 0.236127
vt 0.410561 0.231705
vt 0.410002 0.227400
vt 0.411139 0.223226
vt 0.411526 0.245287
vt 0.410120 0.244396
vt 0.409786 0.239973
vt 0.414324 0.242573
vt 0.415827 0.238769
vt 0.409305 0.235602
vt 0.408786 0.231391
vt 0.410361 0.248968
vt 0.408810 0.248109
vt 0.408478 0.243760
vt 0.408115 0.239493
vt 0.407653 0.235341
vt 0.408872 0.252737
vt 0.407579 0.251755
vt 0.407173 0.247426
vt 0.406786 0.243213
vt 0.407673 0.256373
vt 0.406341 0.255466
vt 0.405968 0.251158
vt 0.405547 0.246940
vt 0.406441 0.259971
vt 0.405112 0.259121
vt 0.404798 0.254892
vt 0.404345 0.250662
vt 0.405395 0.263453
vt 0.403965 0.262621
vt 0.403569 0.258433
vt 0.403176 0.254347
vt 0.404243 0.266510
vt 0.402890 0.265788
vt 0.402452 0.261912
vt 0.402014 0.257951
vt 0.403338 0.269080
vt 0.401995 0.268383
vt 0.401461 0.265044
vt 0.400955 0.261496
vt 0.402596 0.271113
vt 0.401237 0.270592
vt 0.400490 0.267717
vt 0.400003 0.264705
vt 0.402157 0.272558
vt 0.400674 0.272507
vt 0.399827 0.270020
vt 0.399185 0.267355
vt 0.398606 0.264469
vt 0.399565 0.261259
vt 0.399172 0.271831
vt 0.398407 0.269478
vt 0.397822 0.267075
vt 0.397976 0.270919
vt 0.397410 0.268853
vt 0.971882 0.353884
vt 0.970208 0.355390
vt 0.957756 0.337695
vt 0.960287 0.336126
vt 0.943491 0.315810
vt 0.947239 0.313815
vt 0.942469 0.305378
vt 0.938085 0.307617
vt 0.933914 0.299796
vt 0.937646 0.297929
vt 0.372172 0.896028
vt 0.372795 0.896460
vt 0.361621 0.907831
vt 0.360820 0.907103
vt 0.355755 0.920864
vt 0.354598 0.920319
vt 0.352282 0.928579
vt 0.353756 0.929079
vt 0.350927 0.928435
vt 0.353521 0.920340
vt 0.352843 0.932163
vt 0.351637 0.931615
vt 0.346786 0.944161
vt 0.348879 0.945161
vt 0.341215 0.957143
vt 0.339240 0.955478
vt 0.337235 0.962072
vt 0.335311 0.960162
vt 0.345110 0.943364
vt 0.337197 0.954131
vt 0.335646 0.964657
vt 0.334031 0.962099
vt 0.332831 0.958913
vt 0.981414 0.228398
vt 0.978623 0.227753
vt 0.982979 0.174822
vt 0.985103 0.175276
vt 0.983825 0.168192
vt 0.986082 0.168467
vt 0.984389 0.228648
vt 0.987270 0.175484
vt 0.988251 0.169022
vt 0.984118 0.238292
vt 0.980734 0.238073
vt 0.980536 0.247851
vt 0.984044 0.247995
vt 0.656026 0.419132
vt 0.648598 0.415544
vt 0.653347 0.407392
vt 0.659455 0.411162
vt 0.653298 0.428294
vt 0.644471 0.424757
vt 0.641948 0.410211
vt 0.647987 0.402333
vt 0.658774 0.400183
vt 0.663825 0.404156
vt 0.666171 0.413508
vt 0.664073 0.420935
vt 0.662727 0.429806
vt 0.650493 0.438572
vt 0.640397 0.435209
vt 0.636327 0.419155
vt 0.654235 0.395351
vt 0.664332 0.394036
vt 0.668710 0.398199
vt 0.669398 0.407162
vt 0.673621 0.414156
vt 0.672945 0.421024
vt 0.672727 0.429754
vt 0.661219 0.440125
vt 0.646920 0.450002
vt 0.635922 0.446339
vt 0.631146 0.429194
vt 0.660332 0.389328
vt 0.669653 0.389055
vt 0.673636 0.393284
vt 0.673496 0.401704
vt 0.675748 0.408862
vt 0.682387 0.413402
vt 0.683237 0.419916
vt 0.683572 0.429311
vt 0.672238 0.440829
vt 0.658978 0.452263
vt 0.631287 0.457222
vt 0.642994 0.461104
vt 0.625835 0.439885
vt 0.650745 0.389998
vt 0.657293 0.384335
vt 0.666161 0.384461
vt 0.674591 0.384961
vt 0.678311 0.389136
vt 0.677942 0.396970
vt 0.678866 0.404221
vt 0.682767 0.408806
vt 0.692446 0.411161
vt 0.695923 0.417743
vt 0.695948 0.428877
vt 0.683348 0.441559
vt 0.671242 0.453843
vt 0.656352 0.464986
vt 0.618414 0.451462
vt 0.639179 0.469815
vt 0.627685 0.465279
vt 0.663532 0.379681
vt 0.671426 0.380451
vt 0.679122 0.381335
vt 0.682741 0.385410
vt 0.682423 0.392837
vt 0.682635 0.399855
vt 0.690423 0.407114
vt 0.702404 0.406291
vt 0.713055 0.412453
vt 0.694853 0.442831
vt 0.711401 0.427917
vt 0.682737 0.455141
vt 0.670143 0.467352
vt 0.654142 0.479096
vt 0.618134 0.431028
vt 0.611018 0.438903
vt 0.683556 0.377745
vt 0.687082 0.381656
vt 0.686803 0.388998
vt 0.686831 0.395797
vt 0.697283 0.403558
vt 0.707153 0.399151
vt 0.720344 0.398449
vt 0.707022 0.445583
vt 0.693748 0.456665
vt 0.682170 0.468572
vt 0.670084 0.480747
vt 0.644284 0.484057
vt 0.634569 0.474659
vt 0.688073 0.374006
vt 0.691543 0.377597
vt 0.691171 0.384983
vt 0.701240 0.398735
vt 0.716328 0.444121
vt 0.719744 0.434346
vt 0.704229 0.458990
vt 0.693103 0.469408
vt 0.682370 0.481246
vt 0.672527 0.494114
vt 0.660612 0.495145
vt 0.651197 0.496872
vt 0.692532 0.370046
vt 0.695925 0.373336
vt 0.695577 0.380661
vt 0.718685 0.452470
vt 0.715058 0.455728
vt 0.728155 0.430917
vt 0.726738 0.424665
vt 0.725031 0.439963
vt 0.721948 0.446091
vt 0.713200 0.462636
vt 0.703543 0.470206
vt 0.693400 0.481133
vt 0.684139 0.493259
vt 0.665549 0.509177
vt 0.677020 0.507130
vt 0.655530 0.510788
vt 0.645299 0.497730
vt 0.638855 0.486269
vt 0.696666 0.365908
vt 0.700045 0.368935
vt 0.699954 0.376166
vt 0.722138 0.452335
vt 0.722531 0.457190
vt 0.721128 0.459941
vt 0.730677 0.437620
vt 0.728745 0.446542
vt 0.725869 0.449955
vt 0.720853 0.464718
vt 0.713147 0.470992
vt 0.704072 0.480603
vt 0.695134 0.492081
vt 0.688145 0.505025
vt 0.683317 0.520768
vt 0.670738 0.523922
vt 0.657128 0.527833
vt 0.648476 0.510216
vt 0.700365 0.361636
vt 0.703913 0.364381
vt 0.704167 0.371474
vt 0.724958 0.453917
vt 0.726806 0.458729
vt 0.726327 0.460811
vt 0.732027 0.445302
vt 0.732895 0.457637
vt 0.730577 0.458797
vt 0.721780 0.471177
vt 0.714236 0.479795
vt 0.705906 0.490538
vt 0.698778 0.502879
vt 0.694646 0.517537
vt 0.676994 0.539478
vt 0.690687 0.535434
vt 0.663220 0.544296
vt 0.647745 0.522308
vt 0.707474 0.359566
vt 0.703795 0.357110
vt 0.708089 0.366659
vt 0.735103 0.457169
vt 0.735420 0.466154
vt 0.733005 0.466934
vt 0.723582 0.478747
vt 0.716337 0.488835
vt 0.709306 0.500580
vt 0.704844 0.514328
vt 0.702918 0.531417
vt 0.683071 0.554652
vt 0.697608 0.550416
vt 0.650600 0.550365
vt 0.646575 0.537981
vt 0.668846 0.559570
vt 0.642448 0.531266
vt 0.711648 0.361599
vt 0.706899 0.352380
vt 0.710669 0.354641
vt 0.737828 0.465803
vt 0.738161 0.481480
vt 0.735719 0.482123
vt 0.726129 0.487133
vt 0.719653 0.498327
vt 0.714749 0.511338
vt 0.713320 0.527347
vt 0.710948 0.546167
vt 0.692676 0.581878
vt 0.707620 0.578806
vt 0.655475 0.565900
vt 0.637665 0.543666
vt 0.638986 0.555357
vt 0.679388 0.585185
vt 0.639108 0.528322
vt 0.643661 0.520018
vt 0.635715 0.537289
vt 0.714888 0.356542
vt 0.709913 0.347498
vt 0.713717 0.349546
vt 0.740193 0.481454
vt 0.741510 0.494636
vt 0.739750 0.495535
vt 0.729578 0.496253
vt 0.724599 0.508669
vt 0.722660 0.523633
vt 0.722255 0.541699
vt 0.722505 0.575539
vt 0.697189 0.600224
vt 0.712510 0.599030
vt 0.669217 0.589436
vt 0.640852 0.574887
vt 0.628855 0.557050
vt 0.629811 0.546739
vt 0.683752 0.600818
vt 0.633301 0.534613
vt 0.629195 0.540387
vt 0.717937 0.351244
vt 0.712922 0.342570
vt 0.716645 0.344483
vt 0.743190 0.494264
vt 0.741062 0.498153
vt 0.742646 0.497064
vt 0.738770 0.494664
vt 0.735084 0.485578
vt 0.734217 0.506454
vt 0.731689 0.520546
vt 0.731753 0.537474
vt 0.735917 0.572110
vt 0.728535 0.597239
vt 0.697738 0.605749
vt 0.713289 0.604846
vt 0.672545 0.599855
vt 0.662802 0.595582
vt 0.625919 0.573169
vt 0.683813 0.606059
vt 0.720764 0.346001
vt 0.715918 0.337697
vt 0.719481 0.339430
vt 0.745357 0.500533
vt 0.744240 0.501877
vt 0.743278 0.504876
vt 0.740557 0.518162
vt 0.740373 0.533960
vt 0.746811 0.568833
vt 0.743529 0.595471
vt 0.729511 0.603624
vt 0.713627 0.608884
vt 0.698169 0.609583
vt 0.671208 0.604981
vt 0.659512 0.602442
vt 0.635158 0.592975
vt 0.620005 0.592214
vt 0.684108 0.609995
vt 0.723350 0.340838
vt 0.718871 0.332859
vt 0.722174 0.334447
vt 0.749124 0.516580
vt 0.748641 0.531349
vt 0.755764 0.565868
vt 0.756404 0.594134
vt 0.744628 0.602240
vt 0.729544 0.607429
vt 0.671062 0.609514
vt 0.658641 0.608245
vt 0.634713 0.604711
vt 0.725726 0.335695
vt 0.713037 0.335709
vt 0.716129 0.331110
vt 0.721585 0.328193
vt 0.724657 0.329579
vt 0.756588 0.529596
vt 0.764026 0.562987
vt 0.767227 0.593018
vt 0.758067 0.601445
vt 0.744555 0.606311
vt 0.727890 0.330653
vt 0.718828 0.326605
vt 0.723960 0.323740
vt 0.726852 0.324911
vt 0.772031 0.560151
vt 0.776562 0.590835
vt 0.770037 0.601031
vt 0.758049 0.605970
vt 0.729813 0.325709
vt 0.721452 0.322273
vt 0.726114 0.319296
vt 0.728832 0.320227
vt 0.785159 0.588239
vt 0.780785 0.599535
vt 0.770575 0.605954
vt 0.731482 0.320944
vt 0.728099 0.314857
vt 0.730629 0.315645
vt 0.790154 0.597113
vt 0.783180 0.606290
vt 0.732972 0.316333
vt 0.733967 0.321193
vt 0.732592 0.326186
vt 0.730067 0.310253
vt 0.732524 0.311032
vt 0.793009 0.585675
vt 0.798374 0.594621
vt 0.793622 0.602891
vt 0.734820 0.311728
vt 0.732120 0.305524
vt 0.734694 0.306350
vt 0.801750 0.600581
vt 0.737209 0.306819
vt 0.734192 0.300710
vt 0.737229 0.301515
vt 0.729672 0.304448
vt 0.727841 0.309020
vt 0.731419 0.299753
vt 0.739641 0.296479
vt 0.735978 0.296133
vt 0.733368 0.295058
vt 0.743759 0.295269
vt 0.740262 0.301651
vt 0.741386 0.291867
vt 0.737693 0.291572
vt 0.734928 0.290601
vt 0.739044 0.287376
vt 0.742300 0.287485
vt 0.736247 0.286431
vt 0.740186 0.283289
vt 0.743317 0.283374
vt 0.737262 0.282447
vt 0.741138 0.279359
vt 0.744235 0.279329
vt 0.738551 0.278415
vt 0.742150 0.275349
vt 0.744964 0.275391
vt 0.739543 0.274572
vt 0.743023 0.271634
vt 0.745734 0.271530
vt 0.740459 0.270847
vt 0.743817 0.267810
vt 0.746310 0.267605
vt 0.741427 0.267119
vt 0.746970 0.263913
vt 0.744547 0.264183
vt 0.742318 0.263523
vt 0.745239 0.260633
vt 0.747369 0.260199
vt 0.743045 0.259982
vt 0.743780 0.256501
vt 0.745626 0.257089
vt 0.744370 0.253150
vt 0.746292 0.253436
vt 0.744916 0.249677
vt 0.746774 0.250106
vt 0.748291 0.253398
vt 0.747724 0.256600
vt 0.745418 0.246394
vt 0.747285 0.246710
vt 0.748584 0.249704
vt 0.747630 0.243298
vt 0.745888 0.243204
vt 0.748084 0.240134
vt 0.746286 0.239864
vt 0.746612 0.236641
vt 0.748192 0.236817
vt 0.746925 0.233483
vt 0.748551 0.233712
vt 0.746900 0.230520
vt 0.748474 0.230565
vt 0.747023 0.227433
vt 0.748621 0.227579
vt 0.747291 0.224533
vt 0.748684 0.224718
vt 0.749969 0.227232
vt 0.749909 0.230228
vt 0.747417 0.221680
vt 0.748651 0.221812
vt 0.747519 0.218980
vt 0.748758 0.219071
vt 0.747862 0.216240
vt 0.748923 0.216367
vt 0.747784 0.213702
vt 0.748852 0.213823
vt 0.747704 0.211257
vt 0.748740 0.211306
vt 0.747883 0.209058
vt 0.748841 0.209150
vt 0.747872 0.206995
vt 0.748726 0.206957
vt 0.748848 0.205498
vt 0.748044 0.205490
vt 0.748015 0.204489
vt 0.748663 0.204496
vt 0.749151 0.203937
vt 0.748030 0.203733
vt 0.942642 0.732835
vt 0.941653 0.733983
vt 0.940284 0.732218
vt 0.941163 0.731259
vt 0.944440 0.734633
vt 0.943331 0.736007
vt 0.939322 0.730840
vt 0.940240 0.730292
vt 0.943015 0.731438
vt 0.941451 0.730180
vt 0.944894 0.732991
vt 0.946444 0.736759
vt 0.945075 0.738348
vt 0.942296 0.736548
vt 0.940799 0.734393
vt 0.938882 0.729743
vt 0.940138 0.729353
vt 0.947115 0.734728
vt 0.948611 0.739097
vt 0.947065 0.740668
vt 0.949280 0.736865
vt 0.950839 0.741696
vt 0.948878 0.743669
vt 0.951754 0.738968
vt 0.953164 0.744669
vt 0.951232 0.746660
vt 0.947452 0.744253
vt 0.945415 0.741503
vt 0.954257 0.741554
vt 0.954126 0.750154
vt 0.956025 0.748057
vt 0.949524 0.747355
vt 0.956884 0.744893
vt 0.952235 0.751123
vt 0.961262 0.752202
vt 0.958677 0.755379
vt 0.962578 0.747504
vt 0.956192 0.756539
vt 0.969301 0.757821
vt 0.965540 0.763656
vt 0.389948 0.190201
vt 0.388187 0.191396
vt 0.387475 0.189196
vt 0.389700 0.187244
vt 0.390807 0.193202
vt 0.388905 0.194048
vt 0.389416 0.196976
vt 0.391360 0.196113
vt 0.392113 0.199125
vt 0.390056 0.199781
vt 0.178835 0.658567
vt 0.180403 0.656152
vt 0.183545 0.662375
vt 0.181626 0.663574
vt 0.187185 0.667375
vt 0.184571 0.668381
vt 0.990023 0.317482
vt 0.987527 0.317327
vt 0.987894 0.310926
vt 0.989942 0.310842
vt 0.987348 0.304570
vt 0.989258 0.304273
vt 0.986439 0.298514
vt 0.988108 0.298149
vt 0.984715 0.298716
vt 0.985901 0.304620
vt 0.985061 0.292860
vt 0.986579 0.292483
vt 0.983664 0.293203
vt 0.983746 0.287570
vt 0.985156 0.287215
vt 0.982493 0.282578
vt 0.983672 0.282299
vt 0.981335 0.278064
vt 0.982331 0.277764
vt 0.980160 0.273838
vt 0.981011 0.273643
vt 0.979219 0.270104
vt 0.979807 0.269924
vt 0.978855 0.268531
vt 0.979377 0.268396
vt 0.978623 0.267389
vt 0.979037 0.267458
vt 0.978634 0.266596
vt 0.979246 0.267168
vt 0.567749 0.000105
vt 0.570116 0.000913
vt 0.568887 0.007460
vt 0.566310 0.006401
vt 0.470283 0.948801
vt 0.469334 0.943570
vt 0.471759 0.943686
vt 0.472140 0.948983
vt 0.474378 0.942935
vt 0.474600 0.948640
vt 0.472151 0.954646
vt 0.470168 0.954328
vt 0.474221 0.954716
vt 0.469615 0.960048
vt 0.471454 0.960413
vt 0.473204 0.960680
vt 0.470458 0.965955
vt 0.468806 0.965581
vt 0.471833 0.966268
vt 0.469079 0.971255
vt 0.467603 0.970865
vt 0.470357 0.971609
vt 0.467656 0.976245
vt 0.466461 0.975923
vt 0.468794 0.976602
vt 0.465293 0.980600
vt 0.466311 0.980901
vt 0.467147 0.981170
vt 0.464118 0.984847
vt 0.465076 0.985132
vt 0.463847 0.988893
vt 0.463073 0.988712
vt 0.463254 0.990499
vt 0.462609 0.990325
vt 0.462733 0.991693
vt 0.462273 0.991540
vt 0.462397 0.992313
vt 0.461990 0.992270
vt 0.462587 0.992578
vt 0.463184 0.991917
vt 0.462096 0.992712
vt 0.122570 0.114179
vt 0.126520 0.105558
vt 0.128185 0.105817
vt 0.124871 0.114026
vt 0.129286 0.098929
vt 0.130491 0.099198
vt 0.129842 0.106077
vt 0.126697 0.114734
vt 0.122913 0.121010
vt 0.120212 0.121053
vt 0.130454 0.094720
vt 0.131764 0.095006
vt 0.132081 0.099299
vt 0.124947 0.122900
vt 0.122264 0.124891
vt 0.119223 0.124831
vt 0.131151 0.091852
vt 0.132419 0.092199
vt 0.133245 0.094968
vt 0.133907 0.092055
vt 0.819559 0.899045
vt 0.824017 0.895824
vt 0.832155 0.904714
vt 0.827639 0.908329
vt 0.839438 0.911617
vt 0.835161 0.916294
vt 0.822167 0.912810
vt 0.814445 0.903485
vt 0.829907 0.921654
vt 0.815262 0.918779
vt 0.808204 0.909556
vt 0.803800 0.894393
vt 0.808411 0.890151
vt 0.842522 0.921556
vt 0.837712 0.928389
vt 0.823562 0.928184
vt 0.791649 0.885592
vt 0.796712 0.881655
vt 0.849995 0.923706
vt 0.845704 0.931817
vt 0.832413 0.936107
vt 0.784885 0.876595
vt 0.791237 0.873700
vt 0.841403 0.940802
vt 0.827088 0.944571
vt 0.816796 0.936087
vt 0.905645 0.982737
vt 0.901807 0.985092
vt 0.898794 0.976402
vt 0.903642 0.973692
vt 0.894909 0.966935
vt 0.901571 0.964010
vt 0.894173 0.955411
vt 0.900799 0.953860
vt 0.983591 0.782239
vt 0.984289 0.782941
vt 0.988866 0.835978
vt 0.986027 0.836338
vt 0.984543 0.783056
vt 0.991506 0.836023
vt 0.989310 0.841675
vt 0.986343 0.842188
vt 0.992227 0.842062
vt 0.039759 0.695506
vt 0.040967 0.695226
vt 0.040947 0.697712
vt 0.039843 0.698022
vt 0.039257 0.692919
vt 0.040622 0.692593
vt 0.040206 0.689963
vt 0.038843 0.690294
vt 0.038187 0.687367
vt 0.039648 0.686975
vt 0.037763 0.684294
vt 0.039199 0.683944
vt 0.038563 0.680946
vt 0.036848 0.681269
vt 0.036109 0.678229
vt 0.037972 0.677776
vt 0.035390 0.675432
vt 0.036972 0.674987
vt 0.034300 0.673059
vt 0.036096 0.672253
vt 0.033482 0.670547
vt 0.035250 0.669933
vt 0.034369 0.667258
vt 0.032642 0.667893
vt 0.031842 0.664883
vt 0.033652 0.664232
vt 0.031066 0.661895
vt 0.032882 0.661177
vt 0.030081 0.658959
vt 0.031810 0.658241
vt 0.030893 0.655236
vt 0.029058 0.656030
vt 0.028004 0.653166
vt 0.029849 0.652301
vt 0.026366 0.653761
vt 0.027534 0.656582
vt 0.026831 0.650520
vt 0.028715 0.649524
vt 0.025185 0.651142
vt 0.025553 0.647867
vt 0.027405 0.646829
vt 0.023880 0.648559
vt 0.024186 0.645493
vt 0.026015 0.644224
vt 0.022546 0.643099
vt 0.024368 0.641656
vt 0.022483 0.639140
vt 0.020762 0.640578
vt 0.020408 0.636671
vt 0.018725 0.638372
vt 0.017889 0.634428
vt 0.016357 0.636258
vt 0.015103 0.632336
vt 0.013825 0.634442
vt 0.010891 0.632613
vt 0.011976 0.630418
vt 0.008470 0.628873
vt 0.007679 0.630909
vt 0.008797 0.627057
vt 0.012389 0.628640
vt 0.004110 0.629261
vt 0.004673 0.627330
vt 0.005143 0.625555
vt 0.006687 0.633148
vt 0.003548 0.631684
vt 0.000771 0.627115
vt 0.000000 0.629568
vt 0.865109 0.468362
vt 0.865336 0.470628
vt 0.864456 0.470799
vt 0.864367 0.468603
vt 0.865502 0.472737
vt 0.864710 0.472863
vt 0.989484 0.917377
vt 0.988558 0.917419
vt 0.992261 0.864248
vt 0.995470 0.864373
vt 0.994279 0.861737
vt 0.991987 0.860806
vt 0.908770 0.343843
vt 0.937091 0.438954
vt 0.936151 0.438861
vt 0.906111 0.344047
vt 0.937123 0.440547
vt 0.936328 0.440183
vt 0.935348 0.438957
vt 0.903546 0.344587
vt 0.907315 0.332595
vt 0.904548 0.332793
vt 0.935659 0.440487
vt 0.936429 0.441265
vt 0.901891 0.333606
vt 0.910086 0.332713
vt 0.911217 0.344026
vt 0.905425 0.321149
vt 0.902403 0.321700
vt 0.937939 0.440921
vt 0.937110 0.441943
vt 0.935180 0.440380
vt 0.934587 0.439392
vt 0.899699 0.322758
vt 0.908283 0.321312
vt 0.889206 0.303531
vt 0.892681 0.301265
vt 0.993448 0.976645
vt 0.991650 0.976680
vt 0.991893 0.970167
vt 0.993929 0.970128
vt 0.992700 0.982611
vt 0.991305 0.982599
vt 0.992270 0.963374
vt 0.994769 0.963317
vt 0.991671 0.988034
vt 0.990603 0.988000
vt 0.992432 0.960115
vt 0.994744 0.959979
vt 0.989643 0.992683
vt 0.990665 0.992619
vt 0.992558 0.956668
vt 0.994841 0.956543
vt 0.989609 0.963307
vt 0.989769 0.960090
vt 0.989571 0.996724
vt 0.988797 0.996785
vt 0.989983 0.956709
vt 0.990527 0.949611
vt 0.992860 0.949441
vt 0.988558 0.936750
vt 0.990795 0.936038
vt 0.985089 0.055905
vt 0.981898 0.071604
vt 0.979531 0.070935
vt 0.982706 0.055814
vt 0.984833 0.048399
vt 0.982673 0.048957
vt 0.981631 0.046633
vt 0.983983 0.044789
vt 0.980719 0.049173
vt 0.979864 0.046763
vt 0.980245 0.044796
vt 0.981626 0.043062
vt 0.978322 0.045323
vt 0.978354 0.043247
vt 0.979432 0.041914
vt 0.981749 0.041215
vt 0.984364 0.041190
vt 0.976717 0.043810
vt 0.976554 0.041802
vt 0.977511 0.040788
vt 0.982162 0.034517
vt 0.984446 0.034474
vt 0.975133 0.042208
vt 0.975210 0.040513
vt 0.976030 0.039809
vt 0.981826 0.028361
vt 0.983544 0.028227
vt 0.974152 0.040926
vt 0.974248 0.039411
vt 0.975190 0.039086
vt 0.982881 0.022471
vt 0.981227 0.022587
vt 0.973655 0.040037
vt 0.980559 0.017368
vt 0.981932 0.017278
vt 0.979774 0.012575
vt 0.981060 0.012459
vt 0.979081 0.008210
vt 0.980038 0.008040
vt 0.978330 0.004277
vt 0.979124 0.004173
vt 0.977813 0.001296
vt 0.978453 0.001138
vt 0.977615 0.000446
vt 0.978303 0.000107
vt 0.218296 0.000000
vt 0.218152 0.004093
vt 0.199701 0.035451
vt 0.198496 0.034821
vt 0.201092 0.036184
vt 0.196046 0.042436
vt 0.194796 0.041716
vt 0.197422 0.043147
vt 0.192428 0.049405
vt 0.191153 0.048798
vt 0.193755 0.049959
vt 0.198525 0.043519
vt 0.195254 0.050557
vt 0.190101 0.057072
vt 0.188585 0.056497
vt 0.186296 0.064299
vt 0.184667 0.063794
vt 0.182480 0.071795
vt 0.180723 0.071326
vt 0.178948 0.079629
vt 0.176928 0.079168
vt 0.184137 0.072279
vt 0.180716 0.080024
vt 0.175652 0.087331
vt 0.173392 0.086810
vt 0.177608 0.087778
vt 0.174092 0.090937
vt 0.171812 0.090333
vt 0.176115 0.091445
vt 0.172717 0.094497
vt 0.170611 0.093802
vt 0.174742 0.095079
vt 0.169919 0.102053
vt 0.167852 0.101204
vt 0.172036 0.102728
vt 0.167286 0.110404
vt 0.165154 0.109579
vt 0.169577 0.111232
vt 0.164544 0.119259
vt 0.161812 0.118275
vt 0.167247 0.120163
vt 0.160014 0.132338
vt 0.157333 0.131367
vt 0.162826 0.133653
vt 0.156068 0.140475
vt 0.153369 0.139238
vt 0.159025 0.142318
vt 0.150824 0.148067
vt 0.148419 0.146326
vt 0.153415 0.150395
vt 0.141773 0.158175
vt 0.139094 0.156462
vt 0.143777 0.160572
vt 0.141715 0.162771
vt 0.139511 0.160776
vt 0.281654 0.966754
vt 0.279860 0.963240
vt 0.283363 0.960845
vt 0.284856 0.963319
vt 0.277101 0.970551
vt 0.275387 0.964449
vt 0.280651 0.959129
vt 0.283371 0.959134
vt 0.288693 0.957324
vt 0.290190 0.959028
vt 0.286952 0.965810
vt 0.284013 0.969167
vt 0.273635 0.956296
vt 0.276900 0.954963
vt 0.292218 0.960491
vt 0.273220 0.947178
vt 0.276282 0.946200
vt 0.085122 0.326516
vt 0.087278 0.323714
vt 0.088837 0.325557
vt 0.086591 0.328198
vt 0.091497 0.318169
vt 0.092983 0.319313
vt 0.090872 0.327706
vt 0.088142 0.330392
vt 0.095182 0.321054
vt 0.085776 0.332707
vt 0.084450 0.330716
vt 0.097780 0.314207
vt 0.099368 0.315918
vt 0.110265 0.968367
vt 0.109669 0.965271
vt 0.112341 0.960869
vt 0.114513 0.963491
vt 0.106665 0.970460
vt 0.107168 0.965147
vt 0.109808 0.958912
vt 0.116543 0.954203
vt 0.119042 0.956597
vt 0.110976 0.971795
vt 0.106399 0.975105
vt 0.104320 0.971061
vt 0.104880 0.964510
vt 0.107951 0.957479
vt 0.114688 0.952370
vt 0.120738 0.946905
vt 0.123396 0.948993
vt 0.124175 0.939418
vt 0.126984 0.941240
vt 0.129784 0.933313
vt 0.126340 0.931828
vt 0.130185 0.943956
vt 0.125995 0.951630
vt 0.133855 0.936277
vt 0.127033 0.924390
vt 0.131895 0.923858
vt 0.137651 0.928383
vt 0.124283 0.930991
vt 0.124982 0.924095
vt 0.128067 0.916537
vt 0.125334 0.918201
vt 0.136300 0.916636
vt 0.141273 0.920777
vt 0.131404 0.912525
vt 0.135234 0.906932
vt 0.140189 0.910105
vt 0.064295 0.520134
vt 0.061707 0.519193
vt 0.063296 0.509111
vt 0.065982 0.510128
vt 0.036136 0.613609
vt 0.034773 0.613500
vt 0.067349 0.500812
vt 0.064367 0.499727
vt 0.068979 0.510427
vt 0.066960 0.520364
vt 0.070787 0.501311
vt 0.071863 0.510213
vt 0.069647 0.520213
vt 0.404690 0.101192
vt 0.407645 0.101911
vt 0.406146 0.107651
vt 0.403563 0.106940
vt 0.405237 0.110432
vt 0.403045 0.109599
vt 0.402919 0.115482
vt 0.401061 0.114537
vt 0.400037 0.116799
vt 0.401497 0.117603
vt 0.397680 0.120268
vt 0.398780 0.121243
vt 0.395169 0.125159
vt 0.394091 0.124352
vt 0.393411 0.127370
vt 0.392443 0.126655
vt 0.465075 0.000097
vt 0.466149 0.000887
vt 0.458966 0.011001
vt 0.457491 0.009833
vt 0.447203 0.029179
vt 0.445127 0.027955
vt 0.436005 0.050903
vt 0.433127 0.049516
vt 0.432344 0.058932
vt 0.429363 0.057252
vt 0.427891 0.066827
vt 0.425152 0.064617
vt 0.438881 0.051793
vt 0.435296 0.060102
vt 0.430740 0.068825
vt 0.425232 0.070423
vt 0.422729 0.067907
vt 0.422863 0.062530
vt 0.426885 0.055324
vt 0.427819 0.072895
vt 0.422296 0.073618
vt 0.420009 0.070834
vt 0.420500 0.065570
vt 0.424542 0.076514
vt 0.419153 0.076432
vt 0.417124 0.073534
vt 0.417841 0.068261
vt 0.420842 0.079422
vt 0.415795 0.078859
vt 0.414009 0.075725
vt 0.414961 0.070632
vt 0.416181 0.066205
vt 0.418783 0.063565
vt 0.417160 0.082033
vt 0.412447 0.080906
vt 0.410702 0.077570
vt 0.412021 0.072705
vt 0.408831 0.082590
vt 0.407346 0.078996
vt 0.166476 0.976089
vt 0.169008 0.975153
vt 0.169676 0.978895
vt 0.167453 0.979857
vt 0.165505 0.972305
vt 0.168037 0.971250
vt 0.170342 0.982652
vt 0.168186 0.983490
vt 0.164278 0.968533
vt 0.167167 0.967415
vt 0.163052 0.964519
vt 0.166237 0.963519
vt 0.161992 0.960389
vt 0.165171 0.959398
vt 0.160722 0.956062
vt 0.163989 0.955226
vt 0.158964 0.951357
vt 0.162282 0.950531
vt 0.819470 0.001255
vt 0.818684 0.008948
vt 0.814895 0.007770
vt 0.814691 0.000112
vt 0.825714 0.002473
vt 0.825819 0.011269
vt 0.832407 0.003767
vt 0.832714 0.010786
vt 0.822518 0.017099
vt 0.818033 0.016352
vt 0.831314 0.019745
vt 0.836377 0.017522
vt 0.825987 0.025210
vt 0.818970 0.024727
vt 0.841664 0.023863
vt 0.837637 0.026488
vt 0.833748 0.031221
vt 0.824977 0.034969
vt 0.820284 0.033820
vt 0.847218 0.029962
vt 0.844066 0.032451
vt 0.840762 0.036572
vt 0.831060 0.038137
vt 0.824346 0.043052
vt 0.820943 0.041902
vt 0.852947 0.035316
vt 0.850320 0.037732
vt 0.847539 0.041489
vt 0.838014 0.042166
vt 0.829591 0.045339
vt 0.820088 0.047723
vt 0.823826 0.049252
vt 0.856588 0.042385
vt 0.858777 0.040114
vt 0.854205 0.045937
vt 0.845114 0.046338
vt 0.836225 0.048443
vt 0.829331 0.051284
vt 0.864665 0.044733
vt 0.862727 0.047030
vt 0.860637 0.050257
vt 0.852098 0.050272
vt 0.843431 0.051624
vt 0.835995 0.053658
vt 0.870525 0.049335
vt 0.868852 0.051411
vt 0.866916 0.054457
vt 0.858607 0.054308
vt 0.850493 0.054977
vt 0.876213 0.054030
vt 0.874677 0.055875
vt 0.872826 0.058654
vt 0.864938 0.058201
vt 0.857110 0.058396
vt 0.870861 0.062128
vt 0.880123 0.060355
vt 0.878247 0.062962
vt 0.863382 0.061908
vt 0.869381 0.065357
vt 0.876396 0.066044
vt 0.885092 0.064665
vt 0.883324 0.066965
vt 0.874847 0.068951
vt 0.881417 0.069775
vt 0.881610 0.058712
vt 0.886702 0.063002
vt 0.887805 0.071037
vt 0.889747 0.068727
vt 0.879860 0.072440
vt 0.885884 0.073531
vt 0.891234 0.067263
vt 0.900918 0.081263
vt 0.898666 0.082889
vt 0.884292 0.075896
vt 0.896588 0.084686
vt 0.903069 0.079945
vt 0.906527 0.090066
vt 0.903843 0.091488
vt 0.894711 0.086446
vt 0.901481 0.092966
vt 0.908928 0.089091
vt 0.907804 0.101018
vt 0.910474 0.099942
vt 0.905294 0.102189
vt 0.913064 0.099133
vt 0.911903 0.116169
vt 0.914480 0.115319
vt 0.909763 0.116975
vt 0.914746 0.125901
vt 0.916695 0.125218
vt 0.912939 0.126602
vt 0.919143 0.134655
vt 0.917444 0.135323
vt 0.918579 0.124605
vt 0.921081 0.133874
vt 0.919345 0.143034
vt 0.920276 0.143641
vt 0.922916 0.142288
vt 0.995915 0.715711
vt 0.997045 0.716101
vt 0.996488 0.717888
vt 0.995258 0.717457
vt 0.996444 0.714672
vt 0.997250 0.715002
vt 0.995839 0.719945
vt 0.994309 0.719501
vt 0.993625 0.721764
vt 0.995299 0.722229
vt 0.994617 0.724652
vt 0.992868 0.724228
vt 0.994167 0.727199
vt 0.992318 0.726819
vt 0.994052 0.729903
vt 0.991552 0.729564
vt 0.993994 0.733124
vt 0.990948 0.732832
vt 0.994259 0.737979
vt 0.988558 0.737185
vt 0.922295 0.935255
vt 0.916466 0.934486
vt 0.919173 0.921928
vt 0.925429 0.923223
vt 0.910060 0.933845
vt 0.912427 0.920907
vt 0.921139 0.914281
vt 0.927782 0.915783
vt 0.903413 0.933296
vt 0.905546 0.920116
vt 0.913942 0.913119
vt 0.922814 0.904932
vt 0.929737 0.906576
vt 0.896792 0.932642
vt 0.898632 0.919505
vt 0.906405 0.912352
vt 0.915119 0.903663
vt 0.890417 0.931992
vt 0.891972 0.919067
vt 0.898875 0.911837
vt 0.907063 0.902856
vt 0.922370 0.823846
vt 0.932018 0.828223
vt 0.884412 0.931558
vt 0.885699 0.918931
vt 0.891645 0.911563
vt 0.898933 0.902417
vt 0.911401 0.820957
vt 0.925377 0.809520
vt 0.934318 0.818513
vt 0.878904 0.931347
vt 0.879914 0.919010
vt 0.884836 0.911580
vt 0.891161 0.902296
vt 0.900628 0.819679
vt 0.912944 0.806201
vt 0.937329 0.813858
vt 0.933790 0.807884
vt 0.878650 0.911919
vt 0.883911 0.902457
vt 0.890866 0.819430
vt 0.901522 0.804977
vt 0.914069 0.791561
vt 0.926412 0.793524
vt 0.942305 0.817246
vt 0.941347 0.822734
vt 0.934426 0.800929
vt 0.939907 0.812459
vt 0.937789 0.808176
vt 0.877409 0.902898
vt 0.882112 0.819842
vt 0.891330 0.804935
vt 0.902501 0.790673
vt 0.914545 0.777641
vt 0.925502 0.778737
vt 0.938785 0.803683
vt 0.938654 0.797934
vt 0.935732 0.790435
vt 0.874303 0.820881
vt 0.882339 0.805642
vt 0.892017 0.790861
vt 0.903341 0.777028
vt 0.934988 0.779501
vt 0.874347 0.806988
vt 0.882732 0.791873
vt 0.942798 0.780908
vt 0.942387 0.790567
vt 0.874553 0.793608
vt 0.883376 0.778604
vt 0.892802 0.777335
vt 0.874976 0.780612
vt 0.275402 0.248786
vt 0.275877 0.249000
vt 0.275414 0.250073
vt 0.274840 0.249963
vt 0.275888 0.248158
vt 0.276196 0.248386
vt 0.274743 0.251384
vt 0.274045 0.251306
vt 0.275913 0.250016
vt 0.275344 0.251334
vt 0.274008 0.252912
vt 0.273220 0.252769
vt 0.274699 0.252953
vt 0.866954 0.234088
vt 0.865248 0.234586
vt 0.864889 0.232178
vt 0.866571 0.231722
vt 0.867408 0.236315
vt 0.865920 0.236792
vt 0.864497 0.229854
vt 0.866436 0.229413
vt 0.866759 0.238738
vt 0.867908 0.238402
vt 0.864367 0.227068
vt 0.866358 0.226966
vt 0.868248 0.240142
vt 0.867347 0.240501
vt 0.868506 0.241251
vt 0.867923 0.241480
vt 0.868035 0.008287
vt 0.867831 0.007523
vt 0.868271 0.007228
vt 0.868687 0.008134
vt 0.867372 0.007895
vt 0.867435 0.007510
vt 0.867400 0.006413
vt 0.867803 0.005969
vt 0.866955 0.006689
vt 0.866776 0.004989
vt 0.867378 0.004468
vt 0.866231 0.005386
vt 0.866053 0.003502
vt 0.866609 0.002917
vt 0.865489 0.003927
vt 0.865233 0.002060
vt 0.865726 0.001506
vt 0.864901 0.000089
vt 0.864367 0.000692
vt 0.440701 0.976679
vt 0.434500 0.979819
vt 0.433420 0.976272
vt 0.438710 0.974041
vt 0.427224 0.981292
vt 0.427216 0.976792
vt 0.432930 0.972916
vt 0.437914 0.971757
vt 0.427390 0.972589
vt 0.433034 0.969062
vt 0.437725 0.968600
vt 0.428031 0.968035
vt 0.433440 0.964511
vt 0.437812 0.964469
vt 0.428870 0.963000
vt 0.434271 0.959544
vt 0.438570 0.959924
vt 0.429924 0.957811
vt 0.435159 0.954308
vt 0.439336 0.954954
vt 0.430919 0.952522
vt 0.440197 0.949870
vt 0.436330 0.949101
vt 0.432129 0.947332
vt 0.437468 0.944137
vt 0.441155 0.945124
vt 0.433592 0.942319
vt 0.438751 0.939496
vt 0.442255 0.940639
vt 0.435284 0.937631
vt 0.440357 0.935353
vt 0.443619 0.936569
vt 0.437304 0.933457
vt 0.591578 0.565376
vt 0.591148 0.564780
vt 0.591550 0.564481
vt 0.591949 0.564780
vt 0.002928 0.323970
vt 0.000000 0.323205
vt 0.002290 0.315826
vt 0.005295 0.316118
vt 0.005168 0.299335
vt 0.007840 0.299501
vt 0.005765 0.325620
vt 0.008182 0.317151
vt 0.010066 0.283967
vt 0.012210 0.284358
vt 0.010257 0.300125
vt 0.003240 0.332835
vt 0.000738 0.329278
vt 0.007026 0.327114
vt 0.009862 0.318200
vt 0.014398 0.285565
vt 0.012085 0.301068
vt 0.014046 0.281065
vt 0.015947 0.282463
vt 0.015390 0.287189
vt 0.271239 0.648011
vt 0.269751 0.649421
vt 0.267446 0.647397
vt 0.269548 0.645989
vt 0.266853 0.650632
vt 0.265240 0.649119
vt 0.264890 0.652469
vt 0.263230 0.651045
vt 0.270659 0.651313
vt 0.267764 0.652349
vt 0.263111 0.654653
vt 0.261434 0.653343
vt 0.259780 0.655717
vt 0.261446 0.656875
vt 0.259750 0.659080
vt 0.258317 0.658086
vt 0.051634 0.164541
vt 0.048556 0.167423
vt 0.045872 0.162894
vt 0.049020 0.160422
vt 0.043204 0.157893
vt 0.046471 0.155794
vt 0.040435 0.152346
vt 0.043932 0.150667
vt 0.050288 0.154289
vt 0.052812 0.158534
vt 0.037799 0.146310
vt 0.041415 0.145016
vt 0.047759 0.149436
vt 0.035655 0.140109
vt 0.039241 0.138978
vt 0.045323 0.143932
vt 0.033722 0.133766
vt 0.037327 0.132841
vt 0.043036 0.138141
vt 0.048975 0.143483
vt 0.051410 0.148893
vt 0.032177 0.127505
vt 0.035585 0.126755
vt 0.040998 0.132228
vt 0.046660 0.137686
vt 0.030768 0.121452
vt 0.034125 0.120968
vt 0.039162 0.126270
vt 0.044468 0.131969
vt 0.029716 0.115970
vt 0.032878 0.115376
vt 0.037609 0.120448
vt 0.042627 0.126092
vt 0.028626 0.110418
vt 0.031622 0.110052
vt 0.036154 0.115124
vt 0.040831 0.120456
vt 0.027442 0.105084
vt 0.030406 0.104664
vt 0.034910 0.109732
vt 0.039481 0.114969
vt 0.026417 0.099888
vt 0.029184 0.099520
vt 0.033569 0.104531
vt 0.038063 0.109784
vt 0.025169 0.105623
vt 0.024176 0.100394
vt 0.025178 0.094782
vt 0.028025 0.094368
vt 0.032293 0.099394
vt 0.036722 0.104580
vt 0.023085 0.095244
vt 0.024191 0.089719
vt 0.026904 0.089395
vt 0.031105 0.094272
vt 0.035439 0.099456
vt 0.023151 0.084785
vt 0.025718 0.084549
vt 0.029830 0.089341
vt 0.034134 0.094414
vt 0.022415 0.090256
vt 0.021027 0.085213
vt 0.022097 0.080083
vt 0.024453 0.079648
vt 0.028575 0.084464
vt 0.032836 0.089428
vt 0.020040 0.080418
vt 0.020838 0.075323
vt 0.023401 0.075078
vt 0.027305 0.079698
vt 0.031414 0.084612
vt 0.018694 0.075669
vt 0.019788 0.070659
vt 0.022239 0.070517
vt 0.026103 0.074989
vt 0.030153 0.079769
vt 0.018021 0.071127
vt 0.018821 0.066157
vt 0.021095 0.065922
vt 0.024887 0.070368
vt 0.028835 0.075053
vt 0.016965 0.066629
vt 0.017620 0.061664
vt 0.019829 0.061421
vt 0.023597 0.065835
vt 0.027472 0.070466
vt 0.015649 0.061994
vt 0.016401 0.057152
vt 0.018557 0.056981
vt 0.022246 0.061368
vt 0.026082 0.065912
vt 0.014531 0.057422
vt 0.015105 0.052748
vt 0.017274 0.052598
vt 0.020909 0.056893
vt 0.024661 0.061403
vt 0.013267 0.053116
vt 0.013908 0.048465
vt 0.016026 0.048291
vt 0.019574 0.052481
vt 0.023201 0.056977
vt 0.012058 0.048798
vt 0.012805 0.044222
vt 0.014834 0.044018
vt 0.018261 0.048196
vt 0.021765 0.052614
vt 0.011033 0.044576
vt 0.011575 0.040051
vt 0.013648 0.039927
vt 0.016931 0.044032
vt 0.020382 0.048306
vt 0.010163 0.040511
vt 0.010675 0.036112
vt 0.012541 0.035904
vt 0.015737 0.039844
vt 0.019032 0.044087
vt 0.009592 0.032250
vt 0.011363 0.032015
vt 0.014453 0.035892
vt 0.017679 0.039967
vt 0.009419 0.036618
vt 0.008002 0.032705
vt 0.008466 0.028460
vt 0.010238 0.028138
vt 0.013207 0.031997
vt 0.016381 0.035908
vt 0.006822 0.028776
vt 0.007310 0.024647
vt 0.009000 0.024421
vt 0.011956 0.028137
vt 0.015105 0.031938
vt 0.005639 0.024939
vt 0.006246 0.020856
vt 0.007796 0.020686
vt 0.010692 0.024321
vt 0.013748 0.028104
vt 0.004775 0.021138
vt 0.005141 0.017095
vt 0.006586 0.016920
vt 0.009426 0.020530
vt 0.012328 0.024333
vt 0.003809 0.017416
vt 0.003955 0.013369
vt 0.005346 0.013124
vt 0.008126 0.016790
vt 0.010936 0.020618
vt 0.002622 0.013718
vt 0.002788 0.009729
vt 0.004203 0.009542
vt 0.006821 0.013104
vt 0.009630 0.016869
vt 0.001490 0.010043
vt 0.001778 0.006253
vt 0.003174 0.006146
vt 0.005720 0.009357
vt 0.008357 0.013151
vt 0.000562 0.006584
vt 0.002440 0.003392
vt 0.001182 0.003410
vt 0.004620 0.006018
vt 0.007131 0.009501
vt 0.000000 0.003579
vt 0.003789 0.003304
vt 0.001141 0.001227
vt 0.002147 0.001673
vt 0.006055 0.006092
vt 0.003129 0.001310
vt 0.005162 0.003285
vt 0.004457 0.001061
vt 0.909088 0.038292
vt 0.914217 0.034928
vt 0.919065 0.040783
vt 0.914125 0.043903
vt 0.898221 0.026546
vt 0.904487 0.023949
vt 0.921322 0.030280
vt 0.925746 0.036601
vt 0.918698 0.049739
vt 0.923549 0.047136
vt 0.889206 0.014346
vt 0.897863 0.014987
vt 0.912477 0.019961
vt 0.929047 0.025533
vt 0.933164 0.032303
vt 0.929942 0.043557
vt 0.907304 0.014123
vt 0.920427 0.015292
vt 0.936056 0.021446
vt 0.939927 0.028374
vt 0.936901 0.039580
vt 0.938176 0.057349
vt 0.932752 0.060144
vt 0.915659 0.011159
vt 0.927055 0.010874
vt 0.943034 0.035495
vt 0.943957 0.053557
vt 0.919880 0.005608
vt 0.951907 0.065653
vt 0.947043 0.069012
vt 0.923225 0.000107
vt 0.932030 0.007603
vt 0.322896 0.305718
vt 0.323969 0.305929
vt 0.323639 0.307066
vt 0.322913 0.306605
vt 0.323066 0.304546
vt 0.324296 0.304700
vt 0.324947 0.306293
vt 0.324691 0.307402
vt 0.325327 0.305132
vt 0.325777 0.306579
vt 0.325603 0.307579
vt 0.324726 0.303385
vt 0.325901 0.303815
vt 0.424037 0.488108
vt 0.423188 0.487720
vt 0.423483 0.487189
vt 0.424188 0.487523
vt 0.422248 0.487095
vt 0.422557 0.486428
vt 0.423653 0.486766
vt 0.424093 0.486839
vt 0.423075 0.486015
vt 0.005424 0.150452
vt 0.007718 0.148931
vt 0.009097 0.153634
vt 0.006803 0.155089
vt 0.004106 0.145733
vt 0.006720 0.144175
vt 0.010728 0.157981
vt 0.008807 0.159992
vt 0.005595 0.139218
vt 0.002735 0.140857
vt 0.013609 0.161765
vt 0.012553 0.165576
vt 0.004482 0.134199
vt 0.001488 0.136125
vt 0.008664 0.166938
vt 0.006311 0.161384
vt 0.000000 0.131227
vt 0.003277 0.129150
vt 0.651416 0.001889
vt 0.650759 0.001528
vt 0.651055 0.000876
vt 0.652172 0.001254
vt 0.651397 0.000111
vt 0.652446 0.000610
vt 0.889206 0.266906
vt 0.889481 0.256215
vt 0.899172 0.254196
vt 0.899093 0.264389
vt 0.893464 0.186841
vt 0.901422 0.185618
vt 0.910037 0.252456
vt 0.910269 0.262263
vt 0.894971 0.179442
vt 0.902367 0.178217
vt 0.910066 0.184747
vt 0.921465 0.251050
vt 0.922027 0.260591
vt 0.910738 0.271246
vt 0.899309 0.273758
vt 0.896799 0.173736
vt 0.903591 0.172531
vt 0.910553 0.177440
vt 0.918970 0.184059
vt 0.932793 0.250073
vt 0.933695 0.259489
vt 0.922797 0.269339
vt 0.899877 0.282651
vt 0.911534 0.279770
vt 0.899000 0.165012
vt 0.905720 0.164198
vt 0.911108 0.171729
vt 0.918868 0.176691
vt 0.927712 0.183308
vt 0.943483 0.249612
vt 0.944704 0.259014
vt 0.934772 0.268130
vt 0.923846 0.277612
vt 0.912718 0.163558
vt 0.918776 0.171055
vt 0.927038 0.175955
vt 0.936008 0.182832
vt 0.953098 0.249699
vt 0.954598 0.259228
vt 0.946080 0.267685
vt 0.919669 0.163098
vt 0.926272 0.170254
vt 0.934824 0.175424
vt 0.943582 0.182794
vt 0.956210 0.268080
vt 0.926241 0.162645
vt 0.933425 0.169720
vt 0.941864 0.175374
vt 0.932346 0.162325
vt 0.939793 0.169688
vt 0.937781 0.162260
vt 0.963785 0.129181
vt 0.962900 0.126503
vt 0.964277 0.126017
vt 0.965045 0.128743
vt 0.957772 0.115224
vt 0.959316 0.114376
vt 0.965633 0.125641
vt 0.966440 0.128412
vt 0.967152 0.136179
vt 0.966083 0.136664
vt 0.949911 0.103565
vt 0.951438 0.102407
vt 0.960816 0.113613
vt 0.968217 0.136037
vt 0.972715 0.149068
vt 0.971727 0.149582
vt 0.956642 0.115877
vt 0.948620 0.104718
vt 0.944932 0.097473
vt 0.946548 0.096218
vt 0.952901 0.101456
vt 0.943794 0.098829
vt 0.942098 0.094063
vt 0.943892 0.092720
vt 0.948182 0.095320
vt 0.938882 0.090457
vt 0.940637 0.088665
vt 0.945742 0.091786
vt 0.943090 0.087597
vt 0.665143 0.741344
vt 0.663246 0.743128
vt 0.659899 0.739133
vt 0.661169 0.737126
vt 0.660843 0.745312
vt 0.657956 0.741180
vt 0.666838 0.747296
vt 0.663787 0.749603
vt 0.658156 0.747462
vt 0.655782 0.742875
vt 0.655300 0.737177
vt 0.656825 0.735281
vt 0.670621 0.751786
vt 0.667060 0.754289
vt 0.660548 0.752257
vt 0.655271 0.749567
vt 0.653251 0.744411
vt 0.653177 0.738890
vt 0.674637 0.756204
vt 0.670517 0.759019
vt 0.663333 0.757329
vt 0.650867 0.739659
vt 0.650759 0.734856
vt 0.652832 0.733389
vt 0.666235 0.762464
vt 0.674174 0.763540
vt 0.669372 0.767457
vt 0.427471 0.449709
vt 0.429127 0.452074
vt 0.427072 0.453121
vt 0.425802 0.450705
vt 0.431447 0.457170
vt 0.429000 0.458090
vt 0.424385 0.446033
vt 0.422962 0.446982
vt 0.432387 0.459796
vt 0.429685 0.460680
vt 0.418990 0.442788
vt 0.420453 0.441862
vt 0.430550 0.465279
vt 0.433765 0.464745
vt 0.417281 0.440349
vt 0.418378 0.439593
vt 0.433637 0.466380
vt 0.431133 0.467397
vt 0.503521 0.969590
vt 0.502138 0.969164
vt 0.502614 0.966792
vt 0.503811 0.967097
vt 0.503312 0.972107
vt 0.501848 0.971757
vt 0.502774 0.964465
vt 0.503891 0.964733
vt 0.501290 0.974372
vt 0.502970 0.974720
vt 0.503181 0.962287
vt 0.504084 0.962463
vt 0.500858 0.977075
vt 0.502699 0.977410
vt 0.503427 0.960060
vt 0.504342 0.960307
vt 0.502302 0.980272
vt 0.500424 0.980003
vt 0.499908 0.982652
vt 0.501948 0.983124
vt 0.499266 0.985464
vt 0.501380 0.985983
vt 0.500902 0.988774
vt 0.498706 0.988124
vt 0.498090 0.990508
vt 0.500038 0.991173
vt 0.499297 0.993486
vt 0.496763 0.992446
vt 0.599744 0.000107
vt 0.601203 0.006474
vt 0.592361 0.011108
vt 0.591148 0.006475
vt 0.832529 0.458584
vt 0.834990 0.456024
vt 0.837179 0.459710
vt 0.835564 0.462290
vt 0.829594 0.456306
vt 0.831537 0.453332
vt 0.841908 0.465310
vt 0.840163 0.467246
vt 0.826572 0.856823
vt 0.824626 0.853841
vt 0.829390 0.850311
vt 0.831310 0.852641
vt 0.836110 0.848560
vt 0.834083 0.846908
vt 0.839868 0.843811
vt 0.837308 0.842527
vt 0.839571 0.838015
vt 0.841484 0.838363
vt 0.840671 0.833406
vt 0.842461 0.833745
vt 0.841493 0.828951
vt 0.843271 0.829380
vt 0.842796 0.824749
vt 0.844423 0.825260
vt 0.844657 0.821236
vt 0.846245 0.821935
vt 0.847736 0.818722
vt 0.846483 0.817994
vt 0.848274 0.815489
vt 0.849159 0.815946
vt 0.849182 0.814504
vt 0.849979 0.814935
vt 0.849739 0.813974
vt 0.850273 0.814283
vt 0.850459 0.813855
vt 0.849815 0.813412
vt 0.581213 0.099566
vt 0.583251 0.098730
vt 0.583503 0.102294
vt 0.581637 0.103011
vt 0.583986 0.105853
vt 0.582117 0.106421
vt 0.517290 0.229484
vt 0.517145 0.230214
vt 0.516638 0.230065
vt 0.516633 0.229588
vt 0.741156 0.397724
vt 0.740630 0.397677
vt 0.740754 0.396953
vt 0.741190 0.396986
vt 0.741109 0.398959
vt 0.740494 0.398911
vt 0.741084 0.400627
vt 0.740310 0.400536
vt 0.740952 0.402601
vt 0.740177 0.402415
vt 0.379780 0.950535
vt 0.381368 0.949969
vt 0.381560 0.953343
vt 0.380016 0.953101
vt 0.381160 0.956454
vt 0.379570 0.955946
vt 0.380458 0.959708
vt 0.378697 0.959067
vt 0.379595 0.963061
vt 0.377572 0.962252
vt 0.376228 0.965456
vt 0.378315 0.966409
vt 0.374757 0.968497
vt 0.376739 0.969575
vt 0.372837 0.967259
vt 0.374549 0.964429
vt 0.379766 0.966772
vt 0.378270 0.970028
vt 0.372921 0.971530
vt 0.374980 0.972574
vt 0.371300 0.970169
vt 0.376763 0.973252
vt 0.371222 0.974388
vt 0.373216 0.975589
vt 0.369539 0.972840
vt 0.369360 0.977279
vt 0.371377 0.978405
vt 0.367605 0.975364
vt 0.423146 0.319499
vt 0.423050 0.320721
vt 0.422510 0.320527
vt 0.422640 0.319567
vt 0.422556 0.321328
vt 0.422248 0.320499
vt 0.953785 0.849632
vt 0.954006 0.841336
vt 0.956073 0.841919
vt 0.955938 0.850090
vt 0.953942 0.858442
vt 0.956169 0.858901
vt 0.958320 0.850170
vt 0.958598 0.858761
vt 0.960912 0.849735
vt 0.961006 0.858205
vt 0.956613 0.867861
vt 0.959031 0.867567
vt 0.958438 0.842165
vt 0.961058 0.841828
vt 0.961469 0.867054
vt 0.961679 0.922327
vt 0.963775 0.921651
vt 0.965420 0.920666
vt 0.962418 0.928064
vt 0.964646 0.927553
vt 0.966405 0.926420
vt 0.959603 0.922394
vt 0.960556 0.927509
vt 0.993850 0.406116
vt 0.995031 0.406201
vt 0.995069 0.408907
vt 0.993929 0.408893
vt 0.993675 0.403353
vt 0.994916 0.403408
vt 0.995035 0.411439
vt 0.994113 0.411527
vt 0.993526 0.400319
vt 0.994810 0.400198
vt 0.995016 0.413914
vt 0.994184 0.413966
vt 0.996235 0.399989
vt 0.996103 0.402902
vt 0.994948 0.416233
vt 0.994117 0.416254
vt 0.994647 0.397629
vt 0.995800 0.396964
vt 0.995904 0.413655
vt 0.995816 0.416036
vt 0.994878 0.418473
vt 0.994178 0.418520
vt 0.995681 0.418286
vt 0.994791 0.420407
vt 0.994232 0.420321
vt 0.995427 0.420272
vt 0.995137 0.421923
vt 0.994563 0.422111
vt 0.459340 0.304298
vt 0.458267 0.305634
vt 0.457700 0.305416
vt 0.458759 0.304003
vt 0.460030 0.304450
vt 0.459011 0.305858
vt 0.457899 0.307490
vt 0.457022 0.307050
vt 0.994700 0.145964
vt 0.995998 0.140692
vt 0.997963 0.140194
vt 0.997034 0.145569
vt 0.997162 0.135529
vt 0.999291 0.135345
vt 0.993526 0.140709
vt 0.994915 0.135539
vt 0.344282 0.327984
vt 0.343615 0.327821
vt 0.344036 0.326200
vt 0.345474 0.326382
vt 0.343505 0.329238
vt 0.343102 0.329092
vt 0.343127 0.329949
vt 0.342766 0.329714
vt 0.829594 0.340048
vt 0.830021 0.337371
vt 0.831269 0.336562
vt 0.832334 0.339298
vt 0.199254 0.396370
vt 0.198726 0.396143
vt 0.198705 0.395844
vt 0.199254 0.395743
vt 0.074648 0.570629
vt 0.074922 0.570822
vt 0.074514 0.571143
vt 0.533796 0.005094
vt 0.531536 0.000092
vt 0.535795 0.003384
vt 0.533197 0.004703
vt 0.171548 0.176498
vt 0.170443 0.177010
vt 0.169793 0.175558
vt 0.170495 0.175296
vt 0.172302 0.178168
vt 0.171124 0.178604
vt 0.169206 0.174372
vt 0.169704 0.174162
vt 0.168899 0.173794
vt 0.169200 0.173594
vt 0.311699 0.127825
vn 0.018266 -0.663538 -0.747920
vn 0.200686 -0.878010 -0.434538
vn 0.448863 -0.781704 -0.432968
vn 0.198819 -0.676740 -0.708868
vn -0.077250 -0.569959 -0.818034
vn 0.134836 -0.849608 -0.509888
vn 0.110533 -0.251788 -0.961450
vn -0.399751 0.183400 -0.898089
vn 0.102775 -0.584320 -0.804989
vn 0.381420 -0.924396 -0.003324
vn 0.648841 -0.757386 -0.073286
vn 0.353519 -0.932081 -0.079056
vn 0.486912 -0.734660 0.472431
vn 0.759756 -0.568535 0.315498
vn 0.495406 -0.753098 0.432916
vn 0.477078 -0.384493 0.790292
vn 0.780932 -0.288621 0.553934
vn 0.469759 -0.419418 0.776798
vn 0.177853 -0.785076 -0.593316
vn 0.405814 -0.897665 -0.171793
vn 0.564663 -0.723137 0.397779
vn 0.128977 -0.015774 0.991522
vn 0.301293 0.046065 0.952418
vn 0.193972 -0.410888 0.890812
vn 0.144314 -0.308076 0.940352
vn 0.152581 -0.061969 0.986346
vn 0.200354 0.077802 0.976629
vn 0.201699 -0.013368 0.979356
vn 0.277678 0.030708 0.960183
vn 0.187727 -0.292761 0.937576
vn -0.031548 -0.643878 0.764478
vn 0.077413 -0.611998 0.787061
vn 0.189257 -0.569915 0.799612
vn -0.420863 -0.776589 0.468811
vn 0.517409 0.101848 0.849656
vn 0.151459 -0.610943 0.777051
vn 0.955194 0.237075 -0.177203
vn 0.943110 -0.332481 -0.000033
vn 0.943478 -0.323241 0.073246
vn 0.978889 0.202045 -0.030879
vn 0.688299 -0.706740 0.163595
vn 0.659905 -0.720089 0.214469
vn 0.942967 -0.326332 -0.065728
vn 0.739074 -0.663097 0.118626
vn 0.927571 0.241156 -0.285405
vn 0.455118 -0.852978 0.255532
vn 0.486236 -0.834023 0.260730
vn 0.429048 -0.855216 0.290729
vn 0.248365 -0.896343 0.367267
vn 0.225185 -0.914167 0.337033
vn 0.527871 -0.660352 0.534123
vn 0.691503 -0.573430 0.439320
vn 0.437132 -0.654104 0.617304
vn 0.904271 -0.275769 0.325952
vn 0.931287 -0.005452 0.364246
vn 0.316822 -0.595797 0.738004
vn 0.396417 -0.458079 0.795624
vn 0.512827 -0.441965 0.735986
vn 0.017199 -0.863556 0.503960
vn 0.600053 -0.419721 0.681007
vn 0.709162 -0.364843 0.603307
vn 0.839566 -0.211465 0.500411
vn 0.909227 -0.034757 0.414848
vn 0.698595 -0.131386 0.703351
vn 0.652979 -0.078047 0.753344
vn 0.817172 0.267650 0.510484
vn 0.854142 0.223583 0.469523
vn 0.467020 -0.426198 0.774757
vn 0.412582 -0.375520 0.829916
vn 0.733157 -0.139734 0.665548
vn 0.529117 -0.458724 0.713868
vn 0.866484 0.202443 0.456313
vn 0.293597 -0.599999 0.744179
vn 0.227097 -0.567347 0.791546
vn 0.366829 -0.639074 0.676033
vn 0.426452 -0.706535 0.564753
vn 0.211114 -0.821670 0.529424
vn 0.220593 -0.759915 0.611447
vn 0.601954 -0.489240 0.631107
vn 0.156097 -0.734886 0.659982
vn 0.085401 -0.714625 0.694276
vn -0.032662 -0.883254 0.467757
vn 0.041966 -0.880648 0.471909
vn -0.008429 -0.877456 0.479582
vn -0.071883 -0.871711 0.484719
vn -0.125299 -0.865882 0.484301
vn 0.023850 -0.694028 0.719553
vn 0.170111 -0.528546 0.831686
vn -0.252312 -0.928779 0.271494
vn -0.201169 -0.964759 0.169622
vn -0.213417 -0.968609 0.127472
vn -0.241179 -0.964506 0.107523
vn -0.273182 -0.956842 0.099117
vn -0.363698 -0.891692 -0.269461
vn -0.352292 -0.891459 -0.284940
vn -0.312963 -0.942870 -0.114240
vn -0.354110 -0.892018 -0.280911
vn -0.306744 -0.945706 0.107460
vn -0.171799 -0.856962 0.485902
vn -0.375863 -0.885736 -0.272395
vn 0.684894 -0.509043 0.521341
vn 0.648998 -0.559905 0.515081
vn 0.674040 0.078319 0.734531
vn 0.682358 0.136870 0.718090
vn 0.173545 -0.982228 -0.071484
vn 0.112956 -0.986821 -0.115865
vn 0.659238 -0.551301 0.511343
vn 0.185859 -0.982509 -0.011494
vn 0.707750 0.165345 0.686841
vn 0.078297 -0.976680 -0.199916
vn 0.655758 -0.572409 0.492270
vn -0.465675 -0.679044 -0.567491
vn -0.457813 -0.644256 -0.612651
vn -0.439987 -0.708457 -0.551816
vn 0.687174 0.052661 0.724582
vn -0.689633 -0.254423 -0.677993
vn -0.667485 -0.280891 -0.689612
vn -0.434291 -0.651150 -0.622411
vn -0.695762 -0.268360 -0.666257
vn 0.090814 -0.973321 -0.210711
vn 0.651123 -0.558295 0.514146
vn 0.657521 0.037537 0.752501
vn -0.788854 0.263726 -0.555120
vn -0.783469 0.263849 -0.562636
vn -0.672648 -0.287379 -0.681878
vn -0.785287 0.263380 -0.560317
vn -0.442359 -0.663753 -0.603117
vn 0.123653 -0.975593 -0.181459
vn 0.645743 0.267275 -0.715248
vn 0.624291 0.294646 -0.723495
vn 0.811746 0.396326 -0.428945
vn 0.812167 0.357904 -0.460748
vn 0.105522 0.028065 -0.994021
vn 0.180710 0.099667 -0.978474
vn 0.677095 0.350741 -0.646934
vn 0.854066 0.440657 -0.276391
vn 0.229964 0.122698 -0.965433
vn 0.710655 0.360461 -0.604183
vn 0.865232 0.434772 -0.249695
vn 0.889703 0.455215 0.034760
vn 0.895839 0.441247 0.052666
vn 0.898277 0.439412 0.004077
vn 0.270808 0.134620 -0.953174
vn 0.736739 0.359107 -0.572938
vn 0.878210 0.424693 -0.219962
vn 0.900142 0.431798 0.057396
vn 0.306585 0.130197 -0.942897
vn 0.753983 0.352955 -0.554016
vn 0.889075 0.418570 -0.185325
vn 0.904706 0.422582 0.054136
vn 0.351975 0.161519 -0.921968
vn 0.761854 0.358473 -0.539514
vn 0.890735 0.411150 -0.193771
vn 0.910937 0.409242 0.052106
vn 0.861907 0.375222 0.341064
vn 0.861784 0.392429 0.321447
vn 0.405189 0.180700 -0.896197
vn 0.734785 0.340737 -0.586505
vn 0.884925 0.386470 -0.259900
vn 0.921273 0.385687 0.050021
vn 0.876419 0.352169 0.328430
vn 0.511183 0.149074 -0.846445
vn 0.702336 0.304491 -0.643436
vn 0.864392 0.365710 -0.345084
vn 0.929499 0.367577 0.030321
vn 0.887949 0.333103 0.317158
vn 0.727634 0.075053 -0.681847
vn 0.708016 0.278320 -0.649039
vn 0.848857 0.306677 -0.430570
vn 0.939581 0.341869 -0.017675
vn 0.893916 0.310656 0.323121
vn 0.884956 0.270220 -0.379256
vn 0.952816 0.303086 -0.016748
vn 0.630166 0.225292 -0.743057
vn 0.894948 0.282889 0.345025
vn 0.672243 0.207001 -0.710802
vn 0.906864 0.264183 -0.328338
vn 0.960770 0.276924 0.015332
vn 0.892523 0.255200 0.371855
vn 0.644988 0.186319 0.741132
vn 0.647197 0.211369 0.732434
vn 0.641028 0.165528 0.749456
vn 0.887113 0.200950 0.415511
vn 0.601649 0.127062 0.788590
vn 0.971912 0.227300 0.061002
vn 0.906783 0.421597 -0.000340
vn 0.869063 0.410072 0.276714
vn 0.870352 0.418934 0.258808
vn 0.860509 0.432419 0.269328
vn 0.844846 0.396904 0.358751
vn 0.852510 0.357631 0.381218
vn 0.669711 0.243076 0.701713
vn 0.686860 0.249909 0.682473
vn 0.697515 0.284968 0.657469
vn 0.707559 0.311310 0.634386
vn 0.717400 0.315521 0.621115
vn 0.743711 0.572827 -0.344619
vn 0.506836 0.663675 0.550139
vn 0.535935 0.575579 0.617643
vn 0.883991 0.391814 -0.255033
vn 0.624505 0.693679 -0.358891
vn 0.534618 0.635314 0.557278
vn 0.343185 -0.062321 -0.937198
vn 0.207115 0.103796 -0.972795
vn 0.437661 -0.231190 -0.868910
vn 0.499316 0.493974 0.711810
vn 0.971299 0.216707 -0.098065
vn 0.460671 -0.362697 -0.810082
vn 0.173061 -0.881782 -0.438760
vn -0.082782 -0.968010 -0.236862
vn -0.658450 -0.383994 -0.647297
vn -0.444299 -0.287078 -0.848637
vn 0.567065 -0.816044 -0.111847
vn 0.270100 -0.956719 0.108332
vn 0.166649 0.031370 -0.985517
vn 0.849767 0.343024 0.400288
vn -0.010056 -0.163505 0.986491
vn -0.759267 -0.484152 0.434868
vn -0.855999 -0.494845 0.149645
vn -0.573386 -0.362263 0.734843
vn -0.803213 -0.459756 0.378778
vn -0.853823 0.445858 0.268694
vn -0.870270 0.272555 0.410297
vn -0.887196 0.267029 0.376271
vn -0.866840 0.434253 0.244976
vn -0.814012 0.472375 0.338005
vn -0.830004 0.292170 0.475110
vn -0.798203 0.589535 0.123779
vn -0.760518 0.617700 0.200149
vn -0.815422 0.571151 0.094199
vn -0.829159 0.037020 0.557786
vn -0.859870 0.031853 0.509519
vn -0.789980 0.042170 0.611681
vn -0.654134 -0.331051 0.680084
vn -0.700279 -0.333919 0.630957
vn -0.617319 -0.347889 0.705614
vn -0.310794 -0.716307 0.624749
vn -0.357263 -0.697003 0.621731
vn -0.284947 -0.725801 0.626114
vn -0.103252 -0.928039 0.357887
vn -0.134211 -0.818738 0.558261
vn 0.092537 -0.954753 0.282636
vn -0.773545 0.312376 0.551407
vn -0.736560 0.040644 0.675150
vn -0.757518 0.501276 0.418197
vn -0.564827 -0.368197 0.738513
vn -0.258592 -0.735878 0.625791
vn 0.151250 -0.951972 0.266221
vn 0.305897 -0.951903 -0.017548
vn 0.219151 -0.975665 -0.007155
vn -0.294462 -0.954839 -0.039681
vn -0.723000 0.317471 0.613583
vn -0.679795 0.028539 0.732847
vn -0.501583 -0.392015 0.771193
vn -0.207427 -0.752596 0.624959
vn 0.176274 -0.951134 0.253518
vn 0.324380 -0.945486 -0.028874
vn -0.639516 0.005616 0.768758
vn -0.449108 -0.418237 0.789544
vn -0.150611 -0.754119 0.639235
vn 0.233948 -0.935265 0.265607
vn 0.385719 -0.922140 -0.029639
vn -0.409381 -0.416346 0.811827
vn -0.104856 -0.728563 0.676906
vn 0.292102 -0.911879 0.288363
vn 0.444322 -0.895274 -0.032598
vn 0.486477 -0.745063 -0.456313
vn 0.443073 -0.775561 -0.449656
vn 0.378242 -0.805601 -0.456005
vn 0.472326 -0.880038 -0.049412
vn 0.310737 -0.904455 0.292240
vn 0.517705 -0.709394 -0.478269
vn 0.432710 -0.606087 -0.667399
vn 0.403460 -0.619166 -0.673687
vn 0.461695 -0.575776 -0.674774
vn 0.469120 -0.879330 -0.081883
vn 0.535553 -0.674129 -0.508658
vn 0.293529 -0.916220 0.272730
vn 0.489894 -0.532406 -0.690324
vn 0.547885 -0.643305 -0.534772
vn 0.523119 -0.484191 -0.701360
vn 0.447123 -0.886950 -0.115759
vn 0.393897 -0.304512 -0.867247
vn 0.347917 -0.330904 -0.877186
vn 0.439496 -0.256632 -0.860804
vn 0.565888 -0.618386 -0.545316
vn 0.558216 -0.439414 -0.703783
vn 0.482180 -0.193976 -0.854328
vn 0.584981 -0.407474 -0.701258
vn 0.507069 -0.142771 -0.849999
vn 0.288404 0.161187 -0.943844
vn 0.242722 0.118182 -0.962870
vn 0.306210 0.208479 -0.928855
vn 0.526404 -0.095156 -0.844893
vn 0.316093 0.254278 -0.914018
vn 0.051106 0.510972 -0.858077
vn 0.027112 0.498873 -0.866251
vn 0.064122 0.527034 -0.847422
vn -0.272669 0.683328 -0.677285
vn -0.077364 0.493820 -0.866116
vn -0.018015 0.494023 -0.869262
vn -0.228847 0.703675 -0.672660
vn -0.335563 0.647504 -0.684205
vn -0.156801 0.480257 -0.862999
vn -0.475462 0.780433 -0.406030
vn -0.523492 0.738294 -0.425298
vn -0.432097 0.809260 -0.397984
vn -0.196982 0.710855 -0.675192
vn -0.399211 0.822239 -0.405652
vn -0.176873 0.709264 -0.682393
vn -0.388494 0.819664 -0.420980
vn -0.170920 0.706463 -0.686802
vn -0.392916 0.808156 -0.438749
vn 0.065420 0.542691 -0.837381
vn -0.175684 0.705152 -0.686947
vn 0.320786 0.291548 -0.901164
vn -0.398828 0.797608 -0.452502
vn 0.054224 0.552310 -0.831874
vn -0.187775 0.701729 -0.687253
vn 0.313801 0.313045 -0.896400
vn -0.412218 0.780575 -0.469871
vn 0.304228 0.325406 -0.895297
vn 0.040894 0.551715 -0.833030
vn -0.202573 0.692342 -0.692551
vn -0.432917 0.759013 -0.486294
vn 0.297704 0.335741 -0.893672
vn 0.031947 0.546656 -0.836747
vn -0.215101 0.678106 -0.702783
vn -0.450622 0.739732 -0.499736
vn 0.285318 0.327715 -0.900665
vn 0.016447 0.532875 -0.846034
vn -0.232482 0.657770 -0.716443
vn -0.469234 0.714163 -0.519414
vn -0.674226 0.688507 -0.267165
vn -0.651188 0.718402 -0.244649
vn -0.632249 0.743597 -0.217542
vn -0.248584 0.633710 -0.732542
vn -0.486969 0.689960 -0.535553
vn 0.000319 0.508764 -0.860906
vn -0.691177 0.665813 -0.281011
vn -0.263546 0.597181 -0.757574
vn -0.509503 0.657602 -0.554947
vn -0.011689 0.468533 -0.883369
vn -0.704425 0.641854 -0.302998
vn -0.276882 0.550499 -0.787583
vn -0.526563 0.619145 -0.582573
vn -0.015612 0.421310 -0.906782
vn -0.716722 0.614836 -0.329070
vn -0.290985 0.498647 -0.816504
vn -0.540469 0.568335 -0.620394
vn -0.016764 0.376739 -0.926168
vn -0.739935 0.572153 -0.353747
vn -0.031787 0.319504 -0.947052
vn -0.315504 0.432498 -0.844632
vn -0.569524 0.494074 -0.656912
vn -0.783768 0.493312 -0.377295
vn -0.054934 0.260940 -0.963791
vn -0.349490 0.353179 -0.867826
vn -0.606361 0.404893 -0.684389
vn -0.822823 0.409244 -0.394313
vn -0.084111 0.206878 -0.974744
vn -0.386767 0.274525 -0.880368
vn -0.640964 0.305468 -0.704169
vn -0.849339 0.308810 -0.428089
vn -0.670405 0.230117 -0.705410
vn -0.861957 0.221896 -0.455843
vn -0.413881 0.214668 -0.884658
vn -0.686844 0.196959 -0.699609
vn -0.858561 0.195763 -0.473867
vn -0.435414 0.189459 -0.880068
vn -0.690929 0.198674 -0.695087
vn -0.848460 0.194682 -0.492152
vn -0.449318 0.186913 -0.873600
vn -0.681988 0.204432 -0.702211
vn -0.848693 0.197226 -0.490737
vn -0.451662 0.195031 -0.870611
vn -0.965135 0.178163 -0.191764
vn -0.972099 0.178598 -0.152075
vn -0.957112 0.174185 -0.231509
vn -0.461172 0.221729 -0.859161
vn -0.664003 0.226400 -0.712631
vn -0.839681 0.226450 -0.493615
vn -0.949063 0.200390 -0.243152
vn -0.466970 0.255859 -0.846449
vn -0.650578 0.257155 -0.714576
vn -0.815008 0.254513 -0.520562
vn -0.946221 0.223522 -0.233888
vn -0.460920 0.288483 -0.839244
vn -0.648912 0.291040 -0.703000
vn -0.792455 0.279258 -0.542246
vn -0.936462 0.243764 -0.252228
vn -0.785504 0.303644 -0.539245
vn -0.917875 0.266097 -0.294445
vn -0.641758 0.317765 -0.697977
vn -0.772033 0.339819 -0.537111
vn -0.904556 0.298541 -0.304389
vn -0.622034 0.344252 -0.703253
vn -0.749046 0.355957 -0.558770
vn -0.902540 0.313549 -0.295142
vn -0.608902 0.360223 -0.706738
vn -0.741336 0.359151 -0.566949
vn -0.894652 0.316413 -0.315406
vn -0.601292 0.371246 -0.707548
vn -0.591738 0.396354 -0.701961
vn -0.733240 0.386342 -0.559553
vn -0.894592 0.327210 -0.304366
vn -0.587415 0.409795 -0.697863
vn -0.732018 0.394771 -0.555253
vn -0.899746 0.334224 -0.280626
vn -0.579205 0.416688 -0.700637
vn -0.732324 0.407904 -0.545267
vn -0.901704 0.344008 -0.261893
vn -0.917163 0.325686 -0.229654
vn -0.923937 0.319309 -0.210670
vn -0.939955 0.126692 0.316912
vn -0.939061 0.121561 0.321540
vn -0.736653 0.403717 -0.542545
vn -0.746679 0.395316 -0.534973
vn -0.937132 0.133531 0.322417
vn -0.911786 0.335771 -0.236440
vn -0.943703 0.121804 0.307553
vn -0.748815 0.401847 -0.527063
vn -0.751675 0.411696 -0.515258
vn -0.910478 0.332079 -0.246482
vn -0.948924 0.097242 0.300146
vn -0.774301 0.401357 -0.489255
vn -0.917685 0.316460 -0.240223
vn -0.949139 0.088408 0.302191
vn -0.779667 0.418567 -0.465748
vn -0.924567 0.324118 -0.200307
vn -0.930109 0.023660 0.366521
vn -0.790020 0.407558 -0.458002
vn -0.929447 0.320314 -0.183102
vn -0.919051 0.068105 0.388210
vn -0.880198 0.041364 0.472802
vn -0.964530 0.261837 0.033528
vn -0.958560 0.280125 0.051898
vn -0.870641 0.074451 0.486253
vn -0.906122 0.017026 0.422675
vn -0.968748 0.247469 -0.016903
vn -0.655443 -0.140869 0.741991
vn -0.610582 -0.206327 0.764604
vn -0.647971 -0.120301 0.752105
vn -0.960538 0.277906 0.011643
vn -0.870286 0.057603 0.489167
vn -0.628449 -0.138542 0.765413
vn 0.714595 -0.181017 -0.675712
vn 0.175792 -0.618702 -0.765706
vn 0.060471 -0.612964 -0.787793
vn 0.576347 -0.280774 -0.767457
vn 0.910313 0.228040 -0.345438
vn 0.869799 0.102088 -0.482730
vn -0.429039 -0.730089 -0.531880
vn -0.738907 -0.652817 -0.166875
vn -0.782878 -0.600163 -0.164034
vn -0.503835 -0.678482 -0.534615
vn -0.026257 -0.578180 -0.815487
vn 0.487278 -0.288329 -0.824273
vn -0.865638 -0.460131 0.197361
vn -0.885106 -0.394834 0.246362
vn -0.798033 -0.111294 0.592247
vn -0.744243 -0.038938 0.666773
vn -0.649510 -0.726294 -0.225019
vn -0.755009 -0.466948 -0.460350
vn -0.765788 -0.420869 -0.486248
vn -0.716830 -0.696908 -0.021774
vn -0.636527 -0.700937 -0.321745
vn -0.729820 -0.466263 -0.499961
vn -0.368605 -0.892557 -0.259754
vn -0.565372 -0.756654 -0.328373
vn -0.337455 -0.850562 0.403322
vn -0.604836 -0.055909 -0.794385
vn -0.494132 -0.052963 -0.867772
vn -0.662062 -0.015836 -0.749282
vn 0.905693 0.157298 0.393673
vn 0.832231 0.341770 0.436560
vn 0.622308 -0.180863 0.761591
vn 0.773430 -0.242053 0.585846
vn 0.839143 0.537585 0.082717
vn 0.754368 0.655227 0.040085
vn 0.982395 -0.079026 0.169275
vn 0.941331 0.337006 0.017986
vn 0.832129 -0.433504 0.345883
vn 0.163737 -0.633260 0.756420
vn 0.187761 -0.756316 0.626683
vn 0.300334 -0.816256 0.493483
vn -0.312305 -0.886649 0.341057
vn -0.201514 -0.967775 0.151006
vn -0.380923 -0.830535 0.406336
vn 0.881019 0.261169 0.394457
vn 0.616317 -0.194951 0.762986
vn 0.838632 0.544086 -0.025814
vn 0.065391 -0.595277 0.800856
vn -0.507228 -0.723593 0.468115
vn 0.000587 -0.477837 0.878448
vn -0.631324 -0.549522 0.547225
vn 0.638620 -0.170562 0.750382
vn -0.274788 0.245196 0.929716
vn -0.625395 0.176681 0.760043
vn -0.611123 0.162333 0.774711
vn -0.256414 0.226886 0.939561
vn 0.270764 0.269396 0.924182
vn 0.274436 0.254788 0.927237
vn -0.443207 -0.138490 0.885657
vn -0.086966 -0.114921 0.989561
vn -0.906389 0.038272 0.420706
vn -0.846018 -0.179538 0.502016
vn 0.329350 -0.042811 0.943237
vn 0.734228 0.208325 0.646150
vn 0.719835 0.081941 0.689292
vn -0.102703 0.035320 -0.994085
vn -0.296906 0.077025 -0.951795
vn -0.290619 0.081285 -0.953380
vn -0.086993 -0.049050 -0.995001
vn -0.168438 0.170758 -0.970809
vn -0.333928 0.116764 -0.935338
vn 0.072422 0.093175 -0.993012
vn -0.024120 0.257262 -0.966041
vn 0.139247 -0.115532 -0.983495
vn 0.164810 0.218436 -0.961833
vn 0.086310 0.315528 -0.944983
vn 0.282557 -0.049302 -0.957983
vn -0.450579 0.229911 -0.862624
vn -0.442165 0.248671 -0.861773
vn -0.290631 0.097430 -0.951862
vn -0.461365 0.190947 -0.866419
vn -0.102665 -0.065063 -0.992586
vn 0.118536 -0.238615 -0.963853
vn 0.315778 -0.349551 -0.882099
vn -0.233674 0.295036 0.926472
vn -0.310343 0.137679 0.940602
vn -0.434719 0.191799 0.879905
vn -0.284098 0.312320 0.906501
vn -0.025733 0.074464 0.996892
vn 0.034954 -0.058930 0.997650
vn -0.102352 0.481341 0.870537
vn 0.038355 0.295301 0.954634
vn -0.081211 0.436134 0.896210
vn -0.216641 0.191948 0.957195
vn 0.017182 0.300785 0.953537
vn -0.406211 0.112209 0.906864
vn 0.939304 0.118056 -0.322134
vn 0.902309 0.091987 -0.421162
vn 0.854107 0.171975 -0.490842
vn 0.947806 0.067456 -0.311629
vn 0.856431 0.368070 -0.362010
vn 0.844015 0.259066 -0.469600
vn 0.971959 0.178271 -0.153349
vn 0.876062 0.463816 -0.131871
vn 0.990496 0.044901 -0.130008
vn 0.343723 0.316720 -0.884049
vn 0.513068 -0.076808 -0.854905
vn 0.539247 0.203537 -0.817181
vn 0.398116 0.427265 -0.811757
vn 0.315453 0.146262 -0.937602
vn 0.445893 -0.300261 -0.843221
vn 0.319404 0.360605 -0.876325
vn 0.217867 0.317232 -0.922983
vn 0.467777 0.415262 -0.780220
vn 0.551129 0.424235 -0.718528
vn 0.427719 0.520693 -0.738874
vn 0.537174 0.508662 -0.672835
vn 0.057133 -0.272028 -0.960592
vn 0.254969 -0.472497 -0.843645
vn 0.423833 -0.598224 -0.680069
vn 0.585523 -0.592712 -0.553042
vn 0.758644 -0.479227 -0.441362
vn 0.909392 -0.283986 -0.303905
vn 0.837264 0.164755 0.521388
vn 0.842702 0.219594 0.491561
vn 0.832599 0.295467 0.468485
vn 0.808079 0.264787 0.526209
vn 0.803961 -0.238447 0.544784
vn 0.838474 -0.113258 0.533042
vn 0.907097 0.128962 0.400680
vn 0.770065 -0.457382 0.444749
vn 0.859279 0.363913 0.359454
vn -0.121084 -0.807558 0.577225
vn -0.186189 -0.816083 0.547122
vn -0.036026 -0.752843 0.657213
vn -0.028778 -0.713145 0.700426
vn -0.166874 -0.889705 0.424945
vn -0.254127 -0.862364 0.437889
vn 0.036323 -0.819642 0.571724
vn -0.041852 -0.963569 0.264164
vn 0.036588 -0.676681 0.735366
vn -0.138849 0.823427 -0.550172
vn -0.139763 0.842888 -0.519621
vn -0.292886 0.808317 -0.510727
vn -0.295069 0.792845 -0.533226
vn 0.007557 0.829069 -0.559096
vn 0.021291 0.844731 -0.534768
vn -0.141662 0.810992 -0.567648
vn 0.009233 0.820749 -0.571214
vn -0.305900 0.777659 -0.549246
vn -0.454474 0.752683 -0.476363
vn -0.466352 0.731510 -0.497403
vn -0.480491 0.709594 -0.515369
vn -0.603853 0.680867 -0.414466
vn -0.605858 0.649745 -0.459094
vn -0.578006 0.640323 -0.505862
vn -0.654614 0.661661 -0.365630
vn -0.557510 0.657897 -0.506314
vn -0.488068 0.672157 -0.556772
vn 0.933322 -0.283542 0.220259
vn 0.941790 -0.170055 0.290023
vn 0.986040 -0.090796 0.139577
vn 0.966207 -0.257397 -0.013810
vn 0.926312 -0.184657 0.328403
vn 0.968753 -0.248027 -0.000587
vn 0.604088 0.698811 0.383068
vn 0.617594 0.691303 0.375070
vn -0.039848 0.370770 0.927869
vn -0.050154 0.361682 0.930951
vn 0.831906 0.371838 -0.411909
vn 0.826270 0.372338 -0.422661
vn 0.631685 0.654783 0.415010
vn 0.869930 0.348069 -0.349386
vn -0.007343 0.325880 0.945383
vn 0.733571 0.204960 0.647970
vn 0.973161 0.183738 -0.138560
vn 0.131682 0.127618 0.983043
vn -0.534872 -0.246139 0.808286
vn -0.493689 -0.280356 0.823208
vn -0.547337 -0.245769 0.800013
vn -0.207971 -0.519036 0.829066
vn -0.577506 -0.224828 0.784818
vn -0.640815 -0.692907 0.330508
vn -0.655279 -0.710767 0.255773
vn -0.078539 0.410384 0.908524
vn -0.609462 -0.759091 0.228773
vn 0.472415 -0.351198 -0.808384
vn -0.394288 -0.527986 -0.752175
vn -0.249707 -0.809305 -0.531668
vn 0.908170 0.022201 0.418013
vn 0.395100 -0.407050 -0.823533
vn -0.284485 -0.525871 -0.801578
vn 0.978318 0.123435 -0.166306
vn 0.924438 0.011291 -0.381166
vn 0.759271 0.246171 0.602417
vn -0.845967 -0.352084 -0.400470
vn -0.898962 -0.338335 -0.278202
vn -0.846431 -0.349552 0.401706
vn 0.710883 0.694930 0.108247
vn 0.741444 0.657811 -0.132462
vn 0.919706 0.260078 -0.294111
vn 0.835546 0.501516 0.224378
vn 0.519273 0.831990 0.195315
vn 0.489021 0.862426 0.130691
vn 0.660972 0.726517 0.187856
vn 0.561482 0.764730 0.316109
vn 0.715506 0.669346 0.200068
vn 0.319270 0.861617 0.394566
vn 0.273625 0.874083 0.401382
vn 0.398521 0.775441 0.489767
vn 0.129386 0.653650 0.745655
vn 0.046344 0.749404 0.660489
vn 0.013977 0.746939 0.664745
vn -0.354555 0.375969 0.856118
vn -0.408001 0.400398 0.820498
vn -0.056776 0.736899 0.673615
vn -0.654423 -0.236707 0.718123
vn -0.704078 -0.141505 0.695881
vn -0.316005 0.381469 0.868690
vn -0.595594 -0.275716 0.754486
vn -0.561278 -0.702822 0.437046
vn -0.646456 -0.669820 0.365289
vn -0.719224 -0.605664 0.340424
vn 0.485356 -0.821158 -0.300215
vn 0.730059 -0.624524 0.277459
vn 0.652781 -0.673960 0.345911
vn 0.447524 -0.860804 -0.242361
vn 0.533188 -0.782090 -0.322560
vn 0.763301 -0.605953 0.224035
vn 0.144097 -0.732818 -0.664992
vn 0.181914 -0.696706 -0.693908
vn 0.169458 -0.749376 -0.640094
vn -0.656578 0.177722 -0.733021
vn -0.276329 -0.356775 -0.892387
vn -0.251278 -0.396949 -0.882775
vn -0.615153 0.188927 -0.765436
vn -0.686028 0.146880 -0.712595
vn -0.287988 -0.339691 -0.895362
vn -0.705808 0.694511 -0.139605
vn -0.768099 0.628461 -0.122721
vn -0.649888 0.734893 -0.193850
vn 0.183618 -0.663491 -0.725303
vn -0.678127 0.132712 -0.722863
vn -0.256519 -0.305667 -0.916933
vn -0.809876 0.570026 -0.138462
vn -0.458954 -0.432306 -0.776191
vn 0.724456 0.361777 -0.586754
vn 0.494598 -0.015690 -0.868980
vn -0.360430 -0.476096 -0.802137
vn 0.782173 0.179214 0.596732
vn 0.833305 0.377554 0.403803
vn -0.779265 -0.620367 -0.088838
vn 0.086342 -0.498580 0.862533
vn -0.815722 -0.560248 -0.143947
vn -0.519736 -0.840483 0.153177
vn -0.675422 -0.673941 0.299348
vn -0.778999 -0.554510 0.292711
vn -0.635642 -0.771955 -0.006682
vn -0.778428 -0.617475 -0.113022
vn -0.826087 -0.563017 -0.024331
vn -0.130876 -0.953159 -0.272689
vn -0.519614 -0.635306 -0.571303
vn -0.207128 -0.875603 -0.436368
vn 0.484644 -0.540276 -0.687911
vn -0.010083 -0.305586 -0.952111
vn 0.499034 -0.545379 -0.673445
vn 0.817762 0.093069 -0.567981
vn 0.719526 0.434238 -0.541959
vn -0.328517 -0.789313 -0.518711
vn 0.301310 -0.574591 -0.760958
vn 0.814707 -0.022111 -0.579451
vn 0.891516 0.376067 -0.252532
vn 0.650584 -0.695308 -0.305430
vn -0.139005 -0.989814 -0.030769
vn -0.238080 -0.946348 -0.218504
vn 0.631830 -0.621944 -0.462576
vn -0.868987 -0.385808 0.309863
vn -0.869814 -0.302678 0.389628
vn 0.417655 0.631113 0.653652
vn -0.191821 0.612571 0.766786
vn -0.215301 0.475872 0.852755
vn 0.476861 0.480098 0.736281
vn 0.964988 0.217456 0.146667
vn 0.991198 0.116293 0.063271
vn -0.220195 0.292543 0.930555
vn 0.484487 0.242091 0.840633
vn -0.657674 0.295806 0.692794
vn -0.709770 0.198423 0.675911
vn -0.637921 0.397972 0.659299
vn -0.979259 -0.098503 0.177058
vn -0.995474 -0.059543 0.074075
vn -0.970007 -0.091839 0.225058
vn -0.744078 0.186314 0.641588
vn -0.169675 0.156510 0.972993
vn -0.995919 0.062699 -0.064922
vn -0.620608 -0.517360 -0.589223
vn -0.621095 -0.322010 -0.714528
vn -0.641591 -0.642006 -0.419749
vn -0.618369 -0.118000 -0.776979
vn 0.103527 -0.546254 -0.831197
vn 0.083803 -0.370202 -0.925164
vn 0.096827 -0.754124 -0.649555
vn -0.624125 -0.254885 0.738581
vn -0.649417 -0.213415 0.729871
vn -0.051512 0.097039 0.993947
vn 0.002842 -0.010910 0.999937
vn -0.634394 -0.209586 0.744055
vn -0.695418 -0.251441 0.673180
vn -0.608090 -0.364850 0.705061
vn -0.761487 -0.466899 0.449603
vn 0.124617 -0.178855 0.975952
vn 0.585360 -0.800226 0.130352
vn -0.232210 -0.972664 -0.001715
vn 0.862428 0.006485 0.506138
vn 0.906879 -0.418422 0.049927
vn 0.720792 0.225636 0.655399
vn 0.591075 -0.758474 -0.274495
vn 0.089047 -0.906737 -0.412188
vn 0.927386 -0.372537 -0.034222
vn 0.892157 -0.435218 -0.121000
vn 0.906340 0.025650 0.421770
vn 0.117707 0.702030 0.702353
vn 0.412021 0.770983 0.485618
vn 0.663543 0.260534 0.701308
vn 0.570529 0.316175 0.757978
vn -0.593313 0.735438 0.327278
vn -0.378250 0.910430 -0.167466
vn 0.040713 0.165079 0.985440
vn -0.197798 0.158506 0.967343
vn 0.343539 -0.020430 0.938916
vn 0.812354 -0.139699 0.566184
vn 0.570345 -0.305902 0.762319
vn 0.820628 -0.082686 0.565450
vn 0.930346 0.328598 -0.162727
vn 0.985305 0.166052 0.040001
vn 0.989463 0.142602 0.025039
vn 0.929686 0.324320 -0.174644
vn 0.937848 0.308707 -0.158560
vn 0.978419 0.197210 0.061686
vn 0.823098 0.454320 -0.340739
vn 0.853357 0.389526 -0.346485
vn 0.811842 0.467149 -0.350264
vn 0.672524 0.561530 -0.482074
vn 0.691175 0.538738 -0.481705
vn 0.976970 -0.043546 0.208887
vn 0.972400 -0.004131 0.233285
vn 0.976086 -0.140112 0.166210
vn 0.996898 0.076113 -0.020039
vn 0.932011 0.292010 -0.214676
vn 0.801740 0.463900 -0.376842
vn 0.651002 0.579698 -0.490048
vn 0.998181 0.057418 -0.018384
vn 0.932650 0.284848 -0.221417
vn 0.972582 -0.152111 0.175914
vn 0.804876 0.455608 -0.380258
vn 0.654599 0.574722 -0.491116
vn 0.497275 0.656822 -0.566835
vn 0.494898 0.657183 -0.568495
vn 0.522143 0.623190 -0.582237
vn 0.996256 0.085678 -0.011536
vn 0.926653 0.303877 -0.221300
vn 0.985747 -0.043422 0.162537
vn 0.802396 0.463098 -0.376433
vn 0.656139 0.577774 -0.485447
vn 0.500569 0.660561 -0.559544
vn 0.986109 0.162064 -0.036390
vn 0.910308 0.348408 -0.223498
vn 0.994580 0.025105 0.100902
vn 0.788480 0.491470 -0.369807
vn 0.648407 0.594917 -0.475018
vn 0.497519 0.672267 -0.548208
vn 0.339271 0.717723 -0.608086
vn 0.338379 0.710445 -0.617064
vn 0.338108 0.727931 -0.596489
vn 0.896501 -0.311207 0.315335
vn 0.909974 -0.261644 0.321698
vn 0.946773 -0.041335 0.319236
vn 0.911134 -0.207985 0.355778
vn 0.910283 -0.157272 0.382949
vn 0.954186 0.063215 0.292461
vn 0.980510 0.185835 0.063767
vn 0.950222 0.068388 0.303977
vn 0.883337 0.000542 0.468738
vn 0.946076 0.280609 -0.161861
vn -0.547032 0.061958 0.834815
vn -0.526880 0.187321 0.829041
vn -0.382457 0.137888 0.913626
vn -0.530062 0.079743 0.844201
vn -0.176743 0.159620 0.971228
vn -0.725069 0.168990 0.667620
vn -0.694746 0.043087 0.717964
vn -0.772672 0.273902 0.572675
vn -0.491409 0.362421 0.791940
vn -0.816593 0.142131 0.559442
vn -0.807762 0.185251 0.559645
vn -0.833589 0.096380 0.543912
vn -0.361269 0.287020 0.887189
vn -0.875205 0.223547 0.429002
vn -0.883231 0.259125 0.390841
vn -0.792819 0.247695 0.556853
vn -0.922002 0.326048 0.208820
vn -0.942206 0.296873 0.155290
vn -0.880793 0.231526 0.413037
vn -0.904329 0.368498 0.215404
vn -0.774152 0.190112 0.603776
vn -0.530238 0.124539 0.838652
vn -0.848855 0.497743 -0.178034
vn -0.913706 0.391162 -0.110153
vn -0.928056 0.337764 -0.156931
vn -0.873896 0.442441 -0.201374
vn -0.806009 0.562300 -0.184845
vn -0.909190 0.411029 -0.066549
vn -0.914771 0.398547 -0.065995
vn -0.883223 0.466219 -0.050573
vn -0.937615 0.340914 -0.068234
vn -0.950137 0.302027 0.077578
vn -0.893835 0.286425 0.344992
vn -0.781032 0.289253 0.553464
vn -0.676390 0.259857 0.689181
vn -0.886831 0.370273 -0.276458
vn -0.939902 0.317909 -0.124571
vn -0.939680 0.317836 -0.126420
vn -0.949440 0.307480 0.063403
vn -0.896320 0.296689 0.329523
vn -0.819700 -0.394819 0.414982
vn -0.924847 0.379300 -0.028098
vn -0.909935 0.413294 -0.034731
vn -0.970394 -0.163577 0.177702
vn -0.849650 -0.361979 0.383492
vn -0.251659 -0.817717 0.517694
vn -0.162940 -0.829321 0.534487
vn -0.506737 -0.861046 -0.042635
vn -0.793570 0.583558 -0.172358
vn -0.796729 0.590386 -0.129098
vn -0.987236 -0.058007 0.148327
vn -0.956693 -0.158818 0.243957
vn -0.999802 0.017053 -0.010216
vn -0.950335 -0.310897 0.014390
vn -0.964610 -0.033064 0.261600
vn -0.961587 0.006557 0.274421
vn -0.753285 -0.627327 -0.197541
vn -0.903020 -0.407045 -0.137364
vn 0.092619 -0.881308 -0.463378
vn -0.167253 -0.723901 -0.669323
vn -0.913959 -0.401041 -0.062009
vn -0.894605 -0.443283 -0.056403
vn -0.503509 -0.114369 0.856387
vn -0.577938 -0.096314 0.810377
vn -0.298710 -0.407896 -0.862782
vn -0.311120 -0.425224 -0.849935
vn -0.932558 -0.342926 -0.112858
vn -0.294602 -0.350278 -0.889109
vn -0.624302 -0.089341 0.776058
vn 0.966497 -0.113620 0.230161
vn 0.469478 0.051660 0.881431
vn 0.447855 -0.063531 0.891846
vn 0.926707 -0.203239 0.316083
vn -0.086300 0.065835 0.994092
vn 0.985973 -0.003496 0.166869
vn 0.473581 -0.140465 0.869477
vn 0.897626 -0.257913 0.357418
vn -0.081949 0.005848 0.996619
vn 0.494730 -0.192092 0.847551
vn 0.873926 -0.280161 0.397195
vn -0.125892 -0.046175 0.990969
vn 0.479746 -0.215155 0.850619
vn 0.863734 -0.306999 0.399645
vn -0.154945 -0.059019 0.986159
vn 0.476082 -0.220878 0.851210
vn 0.867111 -0.317020 0.384209
vn -0.174179 -0.049840 0.983452
vn 0.455043 -0.244669 0.856197
vn 0.873296 -0.332195 0.356370
vn -0.229866 -0.071374 0.970602
vn 0.405838 -0.262463 0.875448
vn 0.859797 -0.356339 0.365748
vn -0.304576 -0.090084 0.948219
vn 0.384889 -0.298833 0.873246
vn 0.865029 -0.382479 0.324707
vn -0.413071 -0.105185 0.904604
vn 0.333988 -0.351017 0.874780
vn 0.776027 -0.538234 0.328765
vn -0.372751 -0.177805 0.910737
vn -0.761989 0.176086 0.623190
vn -0.827848 0.153433 0.539561
vn -0.881071 0.146004 0.449885
vn -0.892935 0.172735 0.415727
vn -0.884230 0.180308 0.430844
vn -0.883000 0.154800 0.443112
vn -0.875796 0.103878 0.471371
vn -0.818729 0.029401 0.573428
vn -0.941655 0.157191 -0.297620
vn -0.929212 0.184329 -0.320294
vn -0.970119 0.130066 -0.204820
vn -0.914676 0.225722 -0.335286
vn -0.903895 0.239964 -0.354107
vn -0.903189 0.239000 -0.356552
vn -0.919263 0.216285 -0.328901
vn -0.536978 0.105814 -0.836934
vn -0.509787 0.130282 -0.850379
vn -0.553001 0.062356 -0.830844
vn -0.486309 0.156763 -0.859610
vn -0.502535 0.166482 -0.848376
vn 0.135095 -0.044770 -0.989821
vn 0.157135 -0.024184 -0.987281
vn 0.144954 -0.060203 -0.987605
vn 0.777270 0.515761 0.360335
vn 0.835829 -0.156857 0.526104
vn 0.875427 -0.158164 0.456741
vn 0.815182 0.507403 0.279322
vn 0.708150 0.608194 0.358640
vn 0.713460 -0.095528 0.694154
vn -0.133478 0.990923 -0.015989
vn -0.553722 0.819898 0.145465
vn -0.070351 0.991077 -0.113215
vn -0.787210 0.307234 0.534703
vn -0.985815 0.064327 0.155018
vn -0.277477 -0.684263 0.674382
vn -0.722265 0.662788 -0.197600
vn 0.939701 0.289126 0.182669
vn 0.999845 0.017561 0.001434
vn 0.989142 -0.052586 0.137233
vn 0.899677 0.139182 0.413775
vn 0.954844 0.273764 -0.115442
vn 0.987455 0.013423 -0.157328
vn 0.894712 0.395520 0.207495
vn 0.861582 0.497022 -0.103180
vn 0.862606 0.192263 0.467917
vn 0.889866 0.417748 0.183371
vn 0.820179 0.563892 -0.096607
vn 0.865031 0.460193 0.199860
vn 0.794880 0.603522 -0.062666
vn 0.925376 -0.267227 0.268829
vn 0.842738 -0.182991 0.506269
vn 0.764318 -0.136055 0.630322
vn 0.632232 -0.558387 0.537109
vn 0.597002 -0.581198 0.552990
vn 0.747255 0.175307 -0.640998
vn 0.370908 -0.209395 -0.904755
vn 0.659916 -0.665374 -0.348982
vn 0.920237 0.179874 -0.347575
vn 0.747502 0.119976 -0.653335
vn 0.367222 -0.192601 -0.909974
vn 0.868153 0.433350 -0.241905
vn 0.902516 0.380982 -0.200790
vn 0.849731 0.499788 -0.167838
vn 0.825654 0.052593 -0.561720
vn 0.925626 0.359858 -0.117130
vn 0.900850 0.431487 -0.047831
vn -0.174741 0.605373 0.776524
vn 0.250248 0.774486 0.580988
vn 0.347849 0.710331 0.611908
vn -0.046781 0.600622 0.798163
vn 0.535037 0.768406 0.351124
vn 0.610223 0.687830 0.393087
vn 0.849951 0.525209 0.041701
vn 0.788617 0.614139 0.030264
vn 0.671351 0.624718 0.398768
vn 0.362158 0.652431 0.665714
vn 0.775265 -0.450708 0.442522
vn 0.621666 -0.769744 0.145001
vn 0.565169 -0.816858 0.115443
vn 0.758625 -0.503937 0.412960
vn 0.306886 -0.929338 -0.205309
vn 0.296544 -0.943480 -0.148011
vn 0.727810 0.088672 0.680022
vn 0.737568 0.089719 0.669287
vn -0.616744 -0.620089 -0.484888
vn -0.796541 -0.592578 -0.119889
vn -0.699619 -0.706617 -0.105951
vn -0.628533 -0.575926 -0.522738
vn -0.834073 -0.534982 -0.134596
vn -0.227451 -0.542125 -0.808930
vn -0.180993 -0.470569 -0.863601
vn -0.653939 -0.751318 -0.088800
vn 0.947170 0.274903 -0.165221
vn 0.631414 -0.412602 -0.656564
vn 0.587377 -0.398359 -0.704485
vn 0.945482 0.250408 -0.208229
vn -0.168280 -0.819091 -0.548426
vn -0.208343 -0.750703 -0.626928
vn 0.671847 -0.424917 -0.606685
vn -0.160286 -0.861285 -0.482179
vn 0.944491 0.301931 -0.129516
vn 0.267545 0.720927 0.639284
vn 0.244304 0.732230 0.635731
vn 0.247080 0.734956 0.631499
vn -0.092783 -0.862437 0.497589
vn -0.880950 -0.473113 0.009582
vn -0.834359 -0.537948 -0.120238
vn -0.176690 -0.842251 0.509308
vn -0.046554 -0.848293 0.527477
vn -0.903438 -0.418174 0.094495
vn 0.810486 -0.302682 0.501495
vn 0.822757 -0.371439 0.430238
vn 0.730646 -0.218608 0.646813
vn -0.838040 -0.523991 -0.152056
vn -0.261235 -0.760124 0.594952
vn 0.666185 -0.124389 0.735340
vn 0.288730 -0.727303 -0.622627
vn 0.279133 -0.958421 0.059273
vn -0.094452 -0.962864 -0.252927
vn -0.089649 -0.548895 -0.831070
vn 0.704772 -0.685045 -0.184418
vn 0.514718 -0.815213 0.265506
vn 0.283170 -0.204566 -0.936999
vn 0.698425 -0.340490 -0.629499
vn 0.009001 -0.080813 -0.996689
vn -0.532610 -0.763470 -0.365296
vn -0.399956 -0.441481 -0.803200
vn -0.313292 -0.949363 0.023616
vn 0.040357 -0.960717 0.274582
vn -0.193597 0.008355 -0.981046
vn 0.054179 -0.038142 0.997803
vn 0.071229 -0.175426 0.981913
vn -0.050650 -0.221345 0.973879
vn 0.107802 -0.010707 0.994115
vn -0.045887 0.059905 0.997149
vn 0.025805 0.126834 0.991588
vn -0.227140 -0.184049 0.956313
vn -0.026288 -0.540744 0.840776
vn -0.168007 -0.503162 0.847704
vn -0.333471 -0.392642 0.857105
vn 0.993409 -0.102118 0.052066
vn 0.961676 0.108732 0.251708
vn 0.914880 -0.006218 0.403679
vn 0.949282 -0.176453 0.260245
vn 0.997378 -0.054337 -0.047793
vn 0.965420 0.240545 0.100509
vn 0.982619 -0.179423 -0.047622
vn 0.982582 -0.140056 -0.122135
vn 0.946675 -0.278859 0.161383
vn 0.760701 0.207968 0.614886
vn 0.673177 0.075950 0.735571
vn 0.715732 -0.100040 0.691173
vn 0.801194 0.378414 0.463563
vn 0.714697 -0.276169 0.642604
vn 0.665720 -0.469241 0.580198
vn 0.555002 -0.100493 0.825756
vn 0.482086 -0.297203 0.824174
vn 0.599486 0.102967 0.793735
vn 0.364539 -0.511208 0.778317
vn 0.212719 -0.673202 0.708202
vn 0.785156 0.441170 0.434625
vn 0.890123 0.360468 0.278826
vn 0.865670 0.108170 0.488789
vn 0.782830 0.474352 0.402700
vn 0.780205 0.575166 0.245896
vn 0.665274 0.386286 0.638900
vn 0.747177 0.312022 0.586830
vn 0.716549 0.170657 0.676338
vn 0.770936 0.632736 0.072818
vn 0.960300 0.223294 0.167223
vn 0.446614 -0.199424 0.872219
vn 0.635381 0.073299 0.768712
vn 0.528138 0.215258 0.821422
vn 0.353985 -0.059649 0.933347
vn 0.519350 -0.290158 0.803793
vn 0.697449 -0.066368 0.713554
vn 0.251148 -0.413931 0.874978
vn 0.309435 -0.467818 0.827887
vn 0.189661 -0.318497 0.928756
vn 0.794811 0.164247 0.584208
vn 0.807184 0.370317 0.459694
vn 0.756370 0.562795 0.333415
vn 0.137705 -0.584503 0.799621
vn 0.127980 -0.619617 0.774400
vn 0.115471 -0.543261 0.831585
vn 0.071080 -0.612889 0.786966
vn 0.308108 -0.484192 0.818919
vn 0.493687 -0.301424 0.815731
vn 0.634705 -0.099936 0.766265
vn 0.712439 0.106702 0.693575
vn 0.726001 0.314892 0.611363
vn 0.685891 0.539043 0.488862
vn 0.629698 0.300050 0.716554
vn -0.663549 0.104161 -0.740847
vn -0.622756 -0.207083 -0.754514
vn -0.772615 -0.347622 -0.531248
vn -0.787129 0.089929 -0.610197
vn -0.537883 0.017227 -0.842843
vn -0.479704 -0.160215 -0.862679
vn -0.668729 0.303956 -0.678537
vn -0.613205 0.198303 -0.764628
vn -0.715437 0.370237 -0.592515
vn -0.794384 -0.530570 -0.295719
vn -0.889527 0.056507 -0.453375
vn -0.789235 0.385298 -0.478177
vn -0.628570 0.126049 -0.767471
vn -0.674428 0.125561 -0.727586
vn -0.727695 0.199243 -0.656324
vn -0.717108 0.214255 -0.663213
vn -0.584108 0.207289 -0.784760
vn -0.777121 0.256583 -0.574672
vn -0.781952 0.240035 -0.575269
vn -0.533409 0.268881 -0.801984
vn -0.385562 0.281926 -0.878555
vn -0.375271 0.220183 -0.900384
vn -0.519884 0.194275 -0.831852
vn -0.371150 0.255224 -0.892809
vn -0.681637 0.258779 -0.684401
vn -0.687318 0.121455 -0.716130
vn -0.543724 -0.095351 -0.833830
vn -0.450479 -0.208424 -0.868117
vn -0.642880 0.028520 -0.765436
vn -0.011152 0.027991 -0.999546
vn 0.061971 0.101239 -0.992930
vn -0.583023 0.064429 -0.809897
vn 0.721736 0.069676 -0.688653
vn 0.688820 0.129484 -0.713275
vn -0.844445 0.070316 0.531008
vn -0.927015 0.036849 -0.373210
vn -0.946622 0.022475 -0.321561
vn -0.990934 0.009973 0.133975
vn 0.988760 0.137614 -0.058442
vn 0.990623 0.127021 0.050312
vn 0.748559 0.128381 0.650521
vn 0.758045 0.100321 0.644440
vn 0.317604 0.113273 0.941434
vn -0.856934 0.310312 0.411547
vn -0.207513 0.343081 0.916097
vn -0.179502 0.387565 0.904197
vn -0.833410 0.304053 0.461498
vn -0.866223 0.289101 0.407528
vn -0.256737 0.316548 0.913172
vn -0.975829 0.188629 -0.110352
vn -0.974886 0.171883 -0.141608
vn -0.987662 0.129067 -0.088684
vn -0.814884 0.309650 0.489980
vn -0.985416 0.148205 -0.083614
vn -0.105275 0.388070 0.915598
vn 0.729837 0.203014 0.652782
vn 0.723977 0.227400 0.651265
vn -0.109950 0.398838 0.910406
vn 0.724162 0.169339 0.668516
vn -0.822127 0.314941 0.474257
vn -0.984890 0.152317 -0.082416
vn 0.729936 0.215895 0.648524
vn -0.067267 0.420717 0.904695
vn -0.831868 0.330827 0.445589
vn -0.988937 0.135117 -0.061211
vn -0.121547 0.436277 0.891566
vn -0.834794 0.321683 0.446810
vn 0.718219 0.233406 0.655502
vn -0.988889 0.142829 -0.041207
vn 0.985641 0.019769 0.167693
vn 0.989709 0.003838 0.143041
vn 0.678504 0.254631 0.689054
vn 0.984572 0.022830 0.173484
vn -0.184560 0.433989 0.881811
vn -0.845513 0.312917 0.432656
vn 0.688486 0.287822 0.665692
vn -0.196095 0.454198 0.869052
vn 0.988859 0.043637 0.142317
vn 0.740637 0.282466 0.609647
vn -0.191846 0.469128 0.862041
vn 0.981782 0.095788 0.164098
vn 0.906462 -0.109469 -0.407851
vn 0.893741 -0.075335 -0.442211
vn 0.981961 0.118880 0.147037
vn 0.899044 -0.179039 -0.399581
vn 0.763725 0.293855 0.574781
vn -0.562575 0.083125 0.822557
vn 0.411059 0.121621 0.903460
vn 0.612081 -0.509967 0.604393
vn -0.298217 -0.747298 0.593812
vn -0.275610 -0.805234 0.525013
vn 0.491951 -0.683985 0.538654
vn 0.591919 -0.332091 0.734403
vn -0.328913 -0.554715 0.764269
vn 0.907029 -0.012881 0.420872
vn 0.977199 0.171830 0.124730
vn 0.811490 -0.387046 0.437813
vn -0.984106 0.132953 -0.117720
vn -0.748667 0.597206 -0.287822
vn -0.436727 -0.155154 0.886113
vn 0.825469 -0.406735 0.391366
vn -0.049214 -0.855162 0.516020
vn 0.850682 -0.382013 0.361119
vn -0.008319 -0.870926 0.491344
vn 0.932124 0.361912 0.012840
vn 0.936347 0.348423 0.043073
vn 0.907699 0.419196 -0.018914
vn 0.053912 0.897176 -0.438370
vn 0.083447 0.919301 -0.384606
vn 0.136482 0.931513 -0.337131
vn 0.186161 0.277693 -0.942460
vn 0.206081 0.256992 -0.944185
vn 0.315389 0.263582 -0.911622
vn 0.289084 0.297936 -0.909761
vn 0.039639 0.261080 -0.964503
vn 0.052898 0.254238 -0.965694
vn 0.164585 0.344042 -0.924417
vn 0.043568 0.318458 -0.946935
vn 0.257044 0.368767 -0.893275
vn 0.370215 0.320698 -0.871833
vn 0.335293 0.391773 -0.856792
vn 0.400984 0.276382 -0.873398
vn 0.439808 0.346535 -0.828542
vn 0.403932 0.413362 -0.816071
vn 0.470409 0.299908 -0.829922
vn 0.333577 0.256538 -0.907146
vn 0.419583 0.247456 -0.873336
vn 0.216708 0.269585 -0.938276
vn 0.948505 -0.263008 -0.176536
vn 0.432850 -0.484477 -0.760212
vn 0.493428 -0.488166 -0.719877
vn 0.942148 -0.265247 -0.204943
vn 0.872378 -0.218754 -0.437153
vn 0.268924 -0.469080 -0.841216
vn 0.893338 0.099582 0.438212
vn 0.801453 0.301050 0.516761
vn 0.907366 0.100823 0.408070
vn 0.532958 0.384267 0.753853
vn 0.495387 0.399190 0.771517
vn 0.425637 0.453184 0.783235
vn 0.535743 -0.502800 -0.678360
vn 0.942831 -0.271144 -0.193780
vn 0.921066 0.091103 0.378600
vn 0.569639 -0.489250 -0.660414
vn 0.952672 -0.255307 -0.165027
vn 0.922591 0.094461 0.374036
vn 0.590671 -0.474014 -0.653008
vn 0.951929 -0.252535 -0.173371
vn 0.929168 0.068214 0.363309
vn 0.623917 -0.447461 -0.640707
vn 0.956070 -0.228094 -0.184129
vn 0.943658 0.069646 0.323511
vn 0.500449 0.211614 0.839506
vn 0.566858 0.273654 0.777036
vn 0.528912 0.091474 0.843732
vn 0.515614 0.113478 0.849273
vn 0.392417 0.395737 0.830302
vn 0.537403 0.499484 0.679495
vn 0.457197 0.190492 0.868725
vn 0.467437 0.321031 0.823676
vn 0.446822 0.109612 0.887883
vn 0.776829 0.355187 0.519979
vn 0.672005 0.254472 0.695452
vn 0.601086 0.189991 0.776272
vn 0.820567 0.180728 0.542225
vn 0.368143 0.234357 0.899749
vn 0.513824 0.005884 0.857875
vn 0.236591 -0.245971 0.939959
vn 0.363540 -0.160272 0.917688
vn 0.142690 -0.310935 0.939659
vn 0.419639 -0.843089 0.336309
vn -0.007386 -0.906795 -0.421508
vn 0.509662 -0.423701 -0.748814
vn 0.729064 -0.547199 -0.411145
vn -0.426102 -0.876415 0.224353
vn -0.563614 -0.803946 0.189766
vn -0.195191 -0.844099 -0.499397
vn -0.110079 -0.839997 -0.531308
vn -0.257446 -0.834511 -0.487148
vn 0.435968 -0.363976 -0.823076
vn 0.472428 -0.375275 -0.797484
vn 0.416896 -0.639760 -0.645682
vn 0.432684 -0.661043 -0.613030
vn 0.437768 -0.392614 -0.808835
vn 0.419466 -0.350396 -0.837419
vn 0.385135 -0.789819 -0.477345
vn 0.405486 -0.787457 -0.464212
vn 0.390066 -0.075778 -0.917664
vn 0.372781 -0.034177 -0.927290
vn 0.246213 0.356415 -0.901303
vn 0.233962 0.400138 -0.886088
vn 0.616496 0.302092 -0.727100
vn 0.554355 0.275218 -0.785459
vn 0.541804 0.117783 -0.832212
vn 0.663221 0.091222 -0.742843
vn 0.591566 0.360430 -0.721207
vn 0.530186 0.331228 -0.780507
vn 0.694711 0.305957 -0.650973
vn 0.658868 0.381548 -0.648316
vn 0.788324 0.106778 -0.605924
vn 0.863027 0.080528 -0.498699
vn 0.764083 0.277820 -0.582231
vn 0.883811 -0.254501 -0.392566
vn 0.944950 -0.163491 -0.283443
vn 0.632071 -0.412639 -0.655909
vn 0.852359 -0.521235 0.042406
vn 0.942625 -0.324628 0.077945
vn 0.350576 -0.872161 -0.341222
vn 0.997079 -0.075005 -0.014411
vn 0.968921 -0.009824 -0.247175
vn 0.897361 0.086177 -0.432800
vn -0.461061 -0.852297 -0.247009
vn -0.806311 -0.369689 -0.461727
vn -0.617260 -0.328360 -0.714962
vn -0.085032 -0.835480 -0.542902
vn -0.380456 -0.174941 0.908102
vn -0.830995 0.170158 0.529617
vn 0.229406 -0.972850 0.030579
vn 0.371278 -0.519418 0.769648
vn 0.510347 -0.859959 0.004143
vn 0.746291 0.237928 0.621643
vn 0.205663 0.341575 0.917076
vn 0.738243 0.211463 0.640532
vn -0.354727 0.323039 0.877391
vn 0.735268 0.297783 0.608857
vn 0.172388 0.463102 0.869378
vn 0.984369 0.055256 0.167228
vn 0.981110 0.079405 0.176402
vn 0.976531 -0.052627 0.208846
vn 0.671805 0.336322 0.659974
vn 0.970798 -0.121910 -0.206613
vn 0.926452 -0.305047 -0.220529
vn 0.973426 -0.070874 -0.217758
vn 0.798853 -0.405184 -0.444589
vn 0.828962 -0.258258 -0.496110
vn 0.524046 -0.511147 -0.681252
vn 0.497635 -0.608641 -0.617993
vn 0.711193 -0.557755 -0.427918
vn 0.541646 -0.386156 -0.746661
vn 0.580003 -0.716254 -0.388042
vn 0.873016 -0.377426 0.308857
vn 0.835058 0.001836 0.550159
vn 0.983096 -0.009896 -0.182822
vn 0.989440 0.079381 -0.121275
vn 0.776461 0.227699 0.587590
vn 0.740808 -0.002571 -0.671712
vn 0.754153 -0.067050 -0.653267
vn 0.990227 -0.049985 -0.130197
vn 0.720131 -0.028155 -0.693267
vn 0.802633 -0.061550 0.593289
vn 0.990926 -0.099523 -0.090338
vn 0.729936 -0.075805 -0.679299
vn 0.846149 -0.094296 0.524539
vn 0.480193 -0.008805 0.877119
vn 0.375632 -0.128922 0.917758
vn 0.371055 0.057956 0.926800
vn 0.987409 -0.147808 -0.056356
vn 0.726732 -0.233478 -0.646025
vn 0.707533 -0.137885 -0.693098
vn 0.987194 -0.124867 -0.099283
vn -0.152244 -0.246130 -0.957205
vn -0.113206 -0.122318 -0.986014
vn 0.750387 -0.289049 -0.594450
vn -0.184968 -0.278338 -0.942505
vn 0.985960 -0.166840 0.006817
vn 0.893099 -0.075835 0.443421
vn 0.887981 -0.048474 0.457318
vn 0.885464 -0.084581 0.456946
vn 0.677895 0.508537 0.530894
vn 0.175947 0.506727 0.843961
vn 0.279516 0.261399 0.923873
vn 0.960448 0.250595 -0.121416
vn -0.357440 0.336280 0.871294
vn -0.298796 0.198460 0.933453
vn -0.460350 -0.256200 -0.849964
vn -0.695234 -0.368703 -0.617015
vn -0.858142 -0.466495 -0.214418
vn -0.860482 -0.450356 -0.238224
vn -0.875859 -0.471775 0.101484
vn 0.335569 0.064955 0.939774
vn -0.242139 -0.186711 0.952107
vn -0.699756 0.705910 -0.109695
vn -0.701136 0.708164 -0.083140
vn -0.543860 0.778260 -0.313891
vn -0.554823 0.792115 -0.254414
vn -0.806767 0.578537 0.120092
vn -0.791889 0.595324 0.136017
vn -0.704389 0.699730 -0.119224
vn -0.818939 0.564779 0.101800
vn -0.621700 0.757868 -0.197800
vn -0.774709 0.617880 0.134351
vn -0.689523 0.721862 -0.058931
vn -0.802798 0.547785 0.235470
vn -0.804529 0.534067 0.259818
vn -0.840334 0.511688 0.178923
vn -0.001563 0.487015 0.873392
vn 0.315218 0.350426 0.881952
vn -0.472982 -0.102322 0.875110
vn -0.275117 0.353860 0.893921
vn -0.070052 0.657047 0.750588
vn 0.032727 0.570684 0.820517
vn 0.151778 0.714624 0.682844
vn 0.175220 0.803432 0.569030
vn 0.037744 0.662178 0.748396
vn 0.652696 0.612294 -0.446188
vn 0.830457 0.260420 -0.492466
vn 0.837599 0.539180 -0.087826
vn 0.829392 0.520299 0.203463
vn 0.214145 0.096803 -0.971993
vn 0.454874 -0.300168 -0.838444
vn 0.576627 0.712980 -0.398949
vn 0.107641 0.127145 -0.986026
vn 0.658477 0.573614 0.487212
vn -0.247126 0.390687 0.886732
vn -0.210726 0.433243 0.876296
vn -0.413763 0.624340 0.662571
vn -0.436981 0.580035 0.687464
vn -0.046026 0.161364 0.985821
vn -0.035170 0.207759 0.977548
vn -0.166826 0.426447 0.888995
vn -0.065805 0.298961 0.951994
vn -0.400542 0.588952 0.701927
vn -0.127882 0.846240 0.517228
vn -0.228252 0.811678 0.537661
vn -0.310882 0.902484 0.298119
vn -0.560033 0.673141 0.482953
vn -0.454669 0.886205 0.088980
vn -0.234670 0.886472 -0.398871
vn -0.127134 0.938695 -0.320451
vn -0.368833 0.854231 -0.366403
vn 0.539030 0.197322 0.818847
vn 0.883865 0.409054 0.226843
vn 0.820931 0.537643 0.192386
vn 0.518093 0.274107 0.810213
vn 0.928415 0.242439 0.281549
vn 0.566447 0.058901 0.821991
vn -0.100285 -0.148519 0.983812
vn -0.067151 -0.166334 0.983780
vn -0.601642 -0.408552 0.686376
vn -0.533139 -0.501503 0.681364
vn -0.648892 0.698251 0.302298
vn -0.566290 0.824202 0.002728
vn -0.725532 0.682328 0.089615
vn -0.666947 0.742603 -0.061013
vn -0.737111 0.615412 -0.279169
vn -0.631677 0.716842 -0.295163
vn -0.774852 0.581915 -0.246942
vn -0.651390 0.710342 0.266656
vn -0.706231 0.705825 0.055224
vn -0.577632 0.677551 0.455266
vn -0.736881 0.623926 -0.260235
vn -0.716274 0.384978 -0.582016
vn -0.672955 0.437743 -0.596249
vn -0.686525 0.447144 -0.573364
vn -0.144988 -0.851440 -0.504013
vn -0.366030 -0.717664 -0.592436
vn -0.399328 -0.732239 -0.551692
vn -0.160801 -0.879000 -0.448891
vn -0.586569 -0.502286 -0.635331
vn -0.624540 -0.492027 -0.606514
vn 0.003488 -0.905604 -0.424110
vn 0.026065 -0.939743 -0.340885
vn 0.707329 -0.046304 0.705367
vn 0.582817 0.407290 0.703163
vn 0.562155 0.464603 0.684197
vn 0.750089 -0.014430 0.661179
vn 0.317901 0.735469 0.598352
vn 0.351841 0.728924 0.587262
vn 0.630974 -0.564500 0.532176
vn 0.604891 -0.532378 0.592184
vn 0.669400 -0.027187 0.742404
vn 0.561259 0.399279 0.724958
vn 0.586154 0.014401 0.810072
vn 0.456545 0.379858 0.804533
vn 0.590019 -0.494289 0.638401
vn 0.414832 -0.866341 0.278152
vn 0.381236 -0.869545 0.313928
vn 0.583843 -0.444645 0.679278
vn 0.507269 0.034300 0.861105
vn 0.467591 -0.854778 0.225197
vn 0.287718 -0.945396 -0.153118
vn 0.316131 -0.925964 -0.206524
vn 0.494254 -0.839962 0.224002
vn 0.212790 -0.976204 -0.041789
vn 0.556167 -0.396817 0.730215
vn 0.437115 0.046808 0.898187
vn 0.500424 -0.834943 0.229010
vn 0.500307 -0.378690 0.778644
vn 0.332713 -0.915447 -0.226402
vn 0.464686 -0.869248 0.168746
vn 0.683593 -0.601636 0.413201
vn 0.245021 -0.969365 -0.017214
vn 0.480427 0.555298 0.678848
vn 0.239793 0.768569 0.593129
vn 0.044788 0.870134 0.490775
vn 0.064288 0.886595 0.458057
vn 0.409387 -0.867405 0.282862
vn 0.185306 -0.980272 0.068769
vn 0.151126 -0.986231 0.067157
vn 0.079513 -0.488430 0.868973
vn 0.205915 -0.256673 0.944308
vn 0.084950 -0.428119 0.899721
vn 0.020361 -0.566506 0.823806
vn 0.016286 -0.531505 0.846899
vn 0.382012 -0.042729 0.923169
vn 0.564734 0.125499 0.815675
vn 0.513304 -0.535244 0.670845
vn 0.094723 -0.726860 0.680222
vn 0.528171 -0.381156 0.758785
vn 0.520878 -0.321597 0.790735
vn 0.848669 0.115375 0.516188
vn 0.289332 -0.669115 0.684523
vn -0.714648 0.043862 0.698108
vn -0.380204 0.392901 0.837302
vn 0.077019 0.644037 0.761107
vn -0.743476 0.091041 0.662537
vn -0.176655 0.154963 0.971998
vn 0.968384 0.105950 0.225846
vn 0.930350 -0.098393 0.353224
vn 0.984275 -0.001355 -0.176639
vn 0.983971 -0.166794 0.063099
vn 0.328068 0.286502 0.900160
vn 0.411225 0.415824 0.811162
vn 0.194805 0.726827 0.658615
vn 0.127965 0.620102 0.774015
vn 0.468697 0.028377 0.882903
vn 0.559531 0.111282 0.821305
vn 0.274067 0.273524 0.921993
vn 0.451301 0.063838 0.890086
vn 0.061923 0.558908 0.826915
vn 0.654623 0.223381 0.722198
vn 0.478690 0.536670 0.694868
vn 0.663808 -0.134080 0.735786
vn 0.759646 -0.059542 0.647605
vn 0.589332 -0.166529 0.790542
vn 0.235367 0.798011 0.554781
vn 0.813555 -0.283559 0.507664
vn 0.860359 -0.240622 0.449313
vn 0.813103 0.002473 0.582114
vn 0.741154 -0.329948 0.584659
vn 0.691744 0.307177 0.653554
vn 0.480093 0.615295 0.625238
vn 0.226201 0.825658 0.516839
vn -0.020186 0.918593 0.394690
vn -0.019634 0.928059 0.371916
vn -0.050869 0.911962 0.407108
vn 0.854492 -0.445670 0.266874
vn 0.873366 -0.423101 0.241284
vn 0.885327 -0.209994 0.414848
vn 0.823004 -0.474029 0.312988
vn 0.832646 0.061681 0.550359
vn 0.686153 0.384689 0.617421
vn 0.451963 0.666348 0.593051
vn 0.210300 0.826260 0.522559
vn -0.025624 0.895327 0.444671
vn 0.906033 -0.167911 0.388471
vn 0.834417 0.140396 0.532951
vn 0.894416 -0.391324 0.216530
vn 0.654831 0.464475 0.596204
vn 0.421003 0.694723 0.583195
vn 0.202749 0.810320 0.549795
vn -0.029535 0.868487 0.494831
vn -0.271742 0.876641 0.397059
vn -0.254308 0.904186 0.343184
vn -0.236992 0.929916 0.281233
vn 0.921607 -0.336835 0.192829
vn 0.927639 -0.099314 0.360032
vn 0.824476 -0.565777 0.011644
vn 0.844248 -0.535447 -0.023277
vn 0.806459 -0.590010 0.038874
vn 0.825415 0.229037 0.515977
vn 0.611803 0.528905 0.588181
vn 0.404072 0.694791 0.594972
vn 0.198574 0.787076 0.584020
vn -0.036871 0.842900 0.536806
vn -0.283052 0.849354 0.445511
vn 0.711327 -0.656885 -0.250034
vn 0.722279 -0.625389 -0.295298
vn 0.871382 -0.486330 -0.064633
vn 0.698554 -0.684305 -0.209166
vn 0.949841 -0.259409 0.174667
vn 0.938149 -0.022443 0.345505
vn 0.804523 0.296132 0.514829
vn 0.572771 0.552673 0.605380
vn 0.390799 0.676202 0.624521
vn 0.188393 0.763653 0.617529
vn -0.046855 0.818983 0.571901
vn -0.283023 0.825918 0.487604
vn -0.526208 0.777898 0.343482
vn -0.517998 0.800347 0.301866
vn -0.494732 0.831721 0.251953
vn 0.549380 -0.678613 -0.487510
vn 0.549368 -0.656363 -0.517091
vn 0.736206 -0.593416 -0.325357
vn 0.547823 -0.703436 -0.452844
vn 0.896093 -0.435618 -0.085169
vn 0.965380 -0.199260 0.168337
vn 0.932608 0.041867 0.358454
vn 0.773194 0.338430 0.536318
vn 0.552158 0.544685 0.631221
vn 0.368600 0.652717 0.661888
vn 0.168365 0.735676 0.656075
vn -0.061065 0.787928 0.612732
vn -0.286253 0.797859 0.530548
vn -0.533519 0.759349 0.372487
vn 0.757554 -0.548243 -0.354317
vn 0.919596 -0.379081 -0.103154
vn 0.560530 -0.623178 -0.545395
vn 0.977131 -0.137953 0.161816
vn 0.926078 0.103110 0.362971
vn -0.223071 0.936728 -0.269777
vn -0.351720 0.936102 0.002585
vn -0.318018 0.947844 -0.021371
vn -0.191672 0.938624 -0.286789
vn -0.035423 -0.863243 0.503544
vn 0.146891 -0.972411 0.181219
vn 0.002092 -0.982432 0.186608
vn -0.131850 -0.872776 0.469977
vn 0.271618 -0.956619 -0.105372
vn 0.114271 -0.990685 -0.074060
vn -0.260292 -0.563244 0.784222
vn -0.285229 -0.606326 0.742303
vn -0.453630 -0.073535 0.888151
vn -0.428548 -0.153277 0.890423
vn -0.443332 -0.860757 -0.250107
vn -0.315174 -0.795601 -0.517381
vn 0.366466 -0.874667 -0.317269
vn 0.300291 -0.945769 -0.123877
vn -0.866633 -0.497838 -0.033245
vn -0.851577 -0.394173 -0.345606
vn -0.055962 -0.842306 0.536087
vn -0.265857 -0.571109 0.776630
vn 0.164839 -0.969285 0.182521
vn -0.760829 -0.304176 -0.573250
vn -0.162437 -0.740250 -0.652415
vn -0.952315 0.302931 -0.036461
vn -0.891292 0.385500 -0.238721
vn -0.981618 0.114797 0.152470
vn 0.737282 -0.575098 -0.354512
vn 0.576972 -0.778279 -0.247759
vn 0.579119 -0.802115 -0.145717
vn 0.726386 -0.606917 -0.322513
vn 0.841160 -0.293418 -0.454264
vn 0.808648 -0.342702 -0.478168
vn 0.711357 -0.541053 -0.448591
vn 0.820220 -0.255851 -0.511644
vn 0.560387 -0.736629 -0.378607
vn 0.281807 -0.956619 -0.073921
vn 0.241144 -0.942871 -0.229879
vn -0.259280 -0.965297 0.031246
vn -0.143629 -0.973856 0.175997
vn 0.216969 -0.894972 -0.389808
vn 0.513037 -0.665817 -0.541738
vn -0.335045 -0.935935 -0.108496
vn -0.757221 -0.387591 0.525727
vn -0.562407 -0.617189 0.550251
vn -0.615474 -0.663984 0.424637
vn -0.760353 -0.469201 0.449126
vn -0.293029 -0.826155 0.481250
vn -0.446750 -0.823270 0.350201
vn -0.693338 -0.662698 0.283042
vn -0.809390 -0.495128 0.315811
vn -0.561533 -0.800006 0.211354
vn 0.051818 -0.954717 0.292969
vn -0.656923 -0.750229 0.074894
vn -0.768047 -0.621878 0.152881
vn 0.354022 -0.933007 0.064547
vn 0.637493 -0.660886 -0.396021
vn 0.501749 -0.841926 -0.198513
vn 0.969619 0.207865 0.128963
vn 0.972849 0.208754 0.099932
vn 0.596334 -0.101407 -0.796305
vn 0.652077 -0.070165 -0.754899
vn 0.300994 0.180056 0.936473
vn 0.320147 0.187029 0.928723
vn 0.962523 0.156304 0.221625
vn 0.251213 0.171849 0.952555
vn 0.727541 -0.114722 -0.676405
vn 0.962267 -0.271630 0.016095
vn 0.729025 -0.462457 -0.504634
vn 0.760098 -0.414409 -0.500516
vn 0.973791 -0.223938 0.039794
vn -0.203675 -0.420862 -0.883964
vn -0.232526 -0.378257 -0.896021
vn 0.623752 -0.523448 -0.580462
vn -0.255830 -0.424124 -0.868717
vn 0.934530 -0.348722 -0.071045
vn 0.856771 -0.499952 -0.126461
vn 0.497447 -0.602014 -0.624601
vn -0.237354 -0.485432 -0.841439
vn 0.840255 -0.023621 0.541676
vn 0.843258 -0.064239 0.533656
vn 0.854540 -0.013349 0.519215
vn 0.843187 -0.140545 0.518925
vn 0.165134 0.111516 0.979946
vn -0.626414 0.272580 0.730278
vn -0.418176 -0.175090 0.891332
vn 0.408334 -0.689045 0.598732
vn 0.175805 0.249668 0.952239
vn -0.719372 0.328222 0.612189
vn 0.227149 -0.908287 -0.351310
vn -0.489383 -0.855872 0.167294
vn 0.377298 -0.470733 0.797531
vn 0.366794 -0.790256 0.490875
vn -0.036566 -0.015515 0.999211
vn 0.523992 -0.818304 0.236245
vn 0.566493 -0.806303 0.170179
vn 0.330966 0.033019 0.943065
vn 0.406242 -0.910140 -0.081317
vn 0.807126 -0.577054 0.124728
vn 0.838727 -0.538542 0.080677
vn 0.376787 -0.768421 -0.517262
vn 0.516024 -0.790635 0.329570
vn 0.709234 -0.640274 0.295019
vn -0.442027 -0.856389 -0.266853
vn -0.312122 -0.528464 -0.789497
vn -0.698600 0.354055 0.621774
vn -0.867253 0.055594 0.494754
vn -0.926043 0.180953 0.331210
vn -0.768782 0.397897 0.500653
vn -0.414949 0.608717 0.676226
vn -0.485911 0.602510 0.633144
vn -0.742250 0.450197 0.496375
vn -0.458856 0.597475 0.657629
vn -0.927438 0.253158 0.275263
vn -0.704472 0.490486 0.512974
vn -0.385756 0.620339 0.682914
vn -0.905421 0.312064 0.287799
vn -0.707751 0.489819 0.509083
vn -0.378963 0.602305 0.702578
vn -0.894978 0.332021 0.297952
vn -0.901203 0.295766 0.316790
vn -0.721112 0.446328 0.529895
vn -0.392880 0.568235 0.723018
vn -0.910583 0.209332 0.356397
vn -0.735901 0.337684 0.586873
vn -0.389214 0.448782 0.804430
vn -0.910439 0.130359 0.392565
vn -0.711714 0.240195 0.660129
vn -0.897766 0.061258 0.436191
vn -0.997878 0.063013 -0.016404
vn -0.996425 0.083306 -0.014054
vn -0.999817 0.018028 0.006393
vn -0.999162 -0.034526 0.022002
vn -0.996683 -0.074525 0.032703
vn -0.994386 -0.105696 -0.005041
vn -0.901054 -0.199656 -0.385020
vn -0.891548 -0.221061 -0.395314
vn -0.985608 -0.166501 0.029228
vn -0.950170 -0.288584 0.117886
vn -0.307145 -0.483785 0.819521
vn -0.982490 -0.176402 0.059963
vn 0.561530 -0.255247 0.787104
vn -0.881049 -0.379542 0.282312
vn -0.692378 -0.235439 -0.682042
vn -0.435866 -0.649245 -0.623299
vn 0.139027 -0.961495 -0.237064
vn 0.674853 -0.561945 0.478321
vn 0.680255 -0.587269 0.438599
vn -0.006430 0.976482 -0.215503
vn 0.573681 0.812884 -0.100546
vn 0.598126 0.575314 -0.557907
vn 0.014358 0.778035 -0.628057
vn 0.970514 0.206976 0.123548
vn 0.986917 -0.015569 -0.160474
vn 0.524584 0.838338 0.148327
vn 0.932248 0.221921 0.285772
vn -0.045463 0.998344 -0.035242
vn -0.481158 0.694282 -0.535220
vn -0.450709 0.848799 -0.276408
vn -0.491932 0.852726 -0.175673
vn -0.901599 0.344675 -0.261377
vn -0.940083 0.254295 -0.227108
vn -0.932834 -0.309540 0.184409
vn -0.923395 -0.353861 -0.148740
vn -0.927547 0.096359 -0.361071
vn -0.926856 -0.341915 0.155022
vn -0.532165 0.535368 -0.655883
vn -0.929715 -0.322391 -0.178028
vn -0.926319 -0.348621 0.142815
vn -0.915253 -0.384945 0.118865
vn -0.910837 -0.327294 -0.251504
vn -0.807705 -0.327343 0.490367
vn -0.788112 -0.380094 0.484157
vn -0.832474 -0.306854 -0.461333
vn -0.926576 -0.354372 -0.126007
vn -0.814416 -0.248490 -0.524384
vn -0.924512 -0.357229 0.132909
vn -0.918740 -0.374510 -0.125135
vn -0.920475 -0.379570 0.093015
vn -0.861718 -0.331472 -0.384146
vn -0.657567 -0.225437 -0.718877
vn -0.607513 -0.204719 -0.767475
vn -0.984023 -0.123343 -0.128398
vn -0.945349 -0.315866 -0.080897
vn -0.759485 0.060756 -0.647682
vn -0.406829 0.141084 -0.902544
vn -0.351268 -0.102850 -0.930609
vn -0.652706 0.133591 0.745740
vn -0.584708 0.207700 0.784205
vn -0.812162 0.047526 0.581493
vn -0.839225 -0.309125 0.447374
vn -0.839122 -0.232218 0.491884
vn -0.804407 -0.307748 0.508153
vn -0.820729 -0.551535 0.149040
vn -0.835835 -0.528062 0.150101
vn -0.687180 -0.710458 -0.151766
vn -0.698713 -0.697507 -0.159013
vn -0.365969 -0.774278 -0.516295
vn -0.017146 0.562048 0.826927
vn -0.483408 0.278206 0.830011
vn 0.679739 0.075758 0.729532
vn -0.940920 0.323077 0.101447
vn -0.709047 0.505788 0.491357
vn -0.707671 0.511447 0.487466
vn -0.938789 0.332818 0.088920
vn -0.935553 0.341335 0.090724
vn -0.707198 0.521269 0.477649
vn -0.961241 0.116719 -0.249784
vn -0.959368 0.128639 -0.251128
vn -0.961460 0.123363 -0.245717
vn -0.810694 -0.129494 -0.570970
vn -0.805332 -0.118185 -0.580923
vn -0.813596 -0.112813 -0.570381
vn -0.355596 0.579687 0.733154
vn 0.152975 0.530165 0.833981
vn 0.167938 0.507361 0.845211
vn -0.335753 0.566263 0.752739
vn -0.396302 0.575146 0.715648
vn 0.093557 0.552436 0.828289
vn -0.724011 0.497857 0.477436
vn -0.944093 0.317353 0.089306
vn -0.968318 0.125534 -0.215876
vn -0.813900 -0.129376 -0.566418
vn 0.188455 0.508237 0.840345
vn -0.335264 0.571552 0.748951
vn 0.644740 0.324901 0.691918
vn 0.694540 0.314211 0.647214
vn 0.617975 0.340073 0.708842
vn -0.722894 0.498316 0.478651
vn -0.943882 0.314369 0.101293
vn -0.967648 0.129592 -0.216478
vn -0.806576 -0.124366 -0.577899
vn 0.954638 0.073721 0.288500
vn 0.957817 0.062534 0.280491
vn 0.727705 0.300559 0.616530
vn 0.214611 0.507453 0.834526
vn -0.359778 0.558227 0.747625
vn -0.718005 0.486545 0.497737
vn -0.945484 0.304997 0.114178
vn -0.969586 0.111417 -0.217919
vn 0.245797 0.505215 0.827249
vn -0.373653 0.550577 0.746491
vn 0.732286 0.292844 0.614817
vn -0.725089 0.473526 0.500019
vn -0.947449 0.297846 0.116739
vn -0.972618 0.105527 -0.207072
vn 0.723831 0.283505 0.629042
vn 0.279933 0.494724 0.822731
vn -0.349833 0.559339 0.751503
vn -0.751529 0.462679 0.470248
vn -0.950360 0.291624 0.108495
vn -0.972046 0.102786 -0.211098
vn -0.316477 0.566401 0.760942
vn -0.776954 0.449068 0.441225
vn 0.273713 0.504979 0.818583
vn -0.950929 0.285780 0.118592
vn -0.973232 0.090223 -0.211375
vn 0.279133 0.499971 0.819825
vn -0.356539 0.567516 0.742163
vn -0.790928 0.456348 0.407651
vn -0.942833 0.304144 0.136242
vn -0.979918 0.078208 -0.183422
vn -0.795608 0.417462 0.439014
vn -0.939041 0.274527 0.206970
vn -0.353824 0.552287 0.754843
vn -0.388924 0.514278 0.764367
vn -0.781506 0.372052 0.500825
vn -0.952994 0.220901 0.207379
vn 0.217334 -0.324035 -0.920743
vn 0.243012 -0.334304 -0.910597
vn -0.536874 -0.270334 -0.799178
vn -0.535810 -0.241748 -0.808990
vn 0.821831 -0.131524 -0.554342
vn 0.780835 -0.200016 -0.591853
vn 0.031297 0.020067 -0.999309
vn 0.530005 0.320037 -0.785284
vn -0.726881 0.129332 -0.674475
vn 0.215649 0.503897 -0.836411
vn 0.666003 0.408257 -0.624313
vn 0.485333 0.614888 -0.621583
vn 0.211665 0.652929 -0.727242
vn 0.264023 0.418776 -0.868861
vn 0.810547 0.291756 -0.507831
vn 0.236259 0.477482 -0.846281
vn 0.233571 0.427098 -0.873517
vn 0.253748 0.628414 -0.735329
vn 0.558434 0.494300 -0.666197
vn 0.536453 0.391501 -0.747627
vn 0.508374 0.458443 -0.728963
vn 0.262169 0.823395 -0.503277
vn 0.341750 0.785856 -0.515401
vn 0.617639 0.624036 -0.478645
vn 0.905470 0.266594 -0.330229
vn 0.886732 0.198823 -0.417343
vn 0.858434 0.265712 -0.438735
vn 0.982444 -0.058576 -0.177121
vn 0.938306 0.323762 -0.121494
vn 0.991500 -0.007379 -0.129898
vn 0.719534 0.680314 -0.139442
vn 0.818391 -0.297910 0.491413
vn 0.817736 -0.339031 0.465152
vn 0.712372 -0.405850 0.572549
vn 0.716125 -0.434745 0.546043
vn 0.610067 -0.476190 0.633293
vn 0.505134 -0.527501 0.683068
vn 0.509983 -0.552655 0.659159
vn 0.615257 -0.501923 0.607892
vn 0.394276 -0.593361 0.701762
vn 0.390880 -0.563199 0.728024
vn 0.274451 -0.623468 0.732096
vn 0.265667 -0.591601 0.761202
vn 0.392664 -0.551116 0.736265
vn 0.525803 -0.515188 0.676841
vn 0.633147 -0.492919 0.596788
vn 0.719889 -0.467322 0.513196
vn 0.805116 -0.414178 0.424554
vn 0.485750 -0.263924 0.833301
vn 0.645964 -0.223912 0.729790
vn 0.754983 -0.239326 0.610511
vn 0.843820 -0.264536 0.466893
vn 0.398486 0.794738 -0.457822
vn 0.848297 0.490729 -0.198941
vn 0.776445 0.620820 -0.108236
vn 0.482238 0.856855 -0.182338
vn 0.956546 0.253797 -0.143550
vn 0.405603 0.901231 -0.152540
vn 0.483179 0.863858 -0.142436
vn 0.580542 0.777924 0.240429
vn 0.604261 0.745560 0.281086
vn 0.642836 0.755134 0.128587
vn 0.791565 0.569655 0.221174
vn 0.642097 0.515239 0.567663
vn -0.894314 -0.445714 -0.039260
vn -0.497313 -0.098780 0.861929
vn -0.465102 -0.876523 0.124046
vn -0.309071 -0.397066 0.864184
vn -0.355162 -0.429846 -0.830116
vn -0.162518 -0.691696 -0.703665
vn 0.463060 0.200836 0.863273
vn 0.390996 0.188645 0.900853
vn 0.518801 -0.092065 0.849923
vn 0.990394 0.123065 0.063039
vn 0.952704 0.051783 0.299457
vn 0.968979 0.182986 -0.166118
vn 0.867656 -0.013539 0.496981
vn 0.988021 0.136037 0.072857
vn 0.948579 0.072416 0.308146
vn 0.968754 0.191620 -0.157470
vn 0.863690 0.015426 0.503788
vn 0.861778 0.361232 0.356161
vn 0.782222 0.330189 0.528304
vn 0.907374 0.401011 0.125947
vn 0.830915 0.429160 0.354122
vn 0.744626 0.401927 0.532904
vn 0.874251 0.474607 0.102140
vn 0.846029 0.416799 0.332437
vn 0.752988 0.386979 0.532218
vn 0.882117 0.466185 0.067394
vn 0.652025 0.385968 0.652604
vn 0.648292 0.389643 0.654137
vn 0.507774 0.367494 0.779175
vn 0.364213 0.319921 0.874642
vn 0.352986 0.323481 0.877930
vn 0.500820 0.361825 0.786296
vn 0.257552 0.273183 0.926843
vn 0.246762 0.293647 0.923515
vn 0.120317 0.233977 0.964769
vn 0.110652 0.263435 0.958310
vn -0.066659 0.183477 0.980761
vn -0.075038 0.226444 0.971130
vn -0.224466 0.123715 0.966597
vn -0.231157 0.193649 0.953450
vn -0.335276 0.074622 0.939160
vn -0.338045 0.169769 0.925691
vn -0.240269 0.193284 0.951269
vn -0.091809 0.188073 0.977855
vn -0.355984 0.202410 0.912308
vn -0.488847 0.040884 0.871411
vn -0.481398 0.151701 0.863274
vn -0.497041 0.207431 0.842569
vn -0.689926 0.021716 0.723554
vn -0.669790 0.146527 0.727950
vn -0.650971 0.223880 0.725338
vn -0.525716 -0.142200 0.838690
vn -0.370010 -0.158397 0.915425
vn -0.671591 -0.117185 0.731597
vn -0.368279 -0.209764 0.905743
vn -0.522757 -0.190782 0.830859
vn 0.120372 0.567204 0.814733
vn -0.374004 -0.305235 0.875758
vn -0.685218 -0.309799 0.659167
vn -0.657540 -0.748253 0.088077
vn -0.353571 -0.766079 0.536759
vn -0.203972 0.402496 0.892408
vn -0.301066 0.420269 0.855998
vn 0.252431 -0.063428 0.965534
vn 0.110325 0.467608 0.877024
vn 0.149384 -0.604343 0.782594
vn 0.182479 -0.100065 0.978105
vn 0.085230 -0.583690 0.807491
vn 0.145737 -0.438738 0.886719
vn -0.028199 -0.457046 0.888996
vn -0.003827 -0.615498 0.788129
vn 0.141436 -0.603412 0.784786
vn 0.144262 -0.355633 0.923425
vn -0.035997 -0.370683 0.928062
vn 0.265962 -0.426408 0.864547
vn 0.266686 -0.317708 0.909912
vn 0.272442 -0.583420 0.765112
vn -0.190478 -0.454634 0.870073
vn -0.154215 -0.612191 0.775526
vn -0.200347 -0.368155 0.907923
vn -0.356063 -0.351918 0.865663
vn -0.348622 -0.436771 0.829273
vn -0.307174 -0.593254 0.744106
vn -0.511397 -0.321892 0.796780
vn -0.502574 -0.403046 0.764835
vn -0.458954 -0.557230 0.691994
vn -0.185348 -0.755251 -0.628683
vn -0.235685 -0.562154 -0.792739
vn -0.076145 -0.638596 -0.765766
vn -0.051819 -0.796020 -0.603049
vn -0.342561 -0.581243 -0.738111
vn -0.394186 -0.332963 -0.856594
vn 0.047953 -0.636210 -0.770025
vn 0.047304 -0.791542 -0.609281
vn 0.125240 -0.605237 -0.786132
vn 0.116900 -0.775024 -0.621026
vn -0.439197 0.078112 -0.894989
vn -0.090005 0.402355 0.911048
vn -0.336266 0.156687 0.928641
vn -0.354223 0.495001 0.793411
vn -0.091919 0.608881 0.787918
vn -0.548795 -0.130212 0.825754
vn -0.633149 0.265631 0.727023
vn -0.301560 -0.312329 0.900840
vn -0.367637 -0.401472 0.838847
vn -0.078449 -0.193971 0.977866
vn 0.855996 0.504801 -0.111570
vn 0.854596 0.512131 -0.085949
vn 0.806548 0.538373 -0.244202
vn 0.812699 0.536804 -0.226632
vn 0.716676 0.541037 -0.440062
vn 0.721472 0.548297 -0.422905
vn 0.616844 0.485600 -0.619432
vn 0.596191 0.530897 -0.602250
vn 0.514141 0.437421 -0.737782
vn 0.491061 0.508849 -0.707059
vn 0.896403 0.435700 -0.081414
vn 0.854142 0.453343 -0.254796
vn 0.755869 0.467319 -0.458557
vn 0.611170 0.480924 -0.628636
vn 0.906587 0.229707 -0.354026
vn 0.799983 0.258188 -0.541633
vn 0.657560 0.276724 -0.700741
vn 0.904501 0.225216 -0.362155
vn 0.868021 0.347933 -0.354235
vn 0.242210 -0.470392 -0.848567
vn -0.418601 -0.385986 -0.822064
vn -0.406346 -0.377817 -0.831948
vn 0.222585 -0.441467 -0.869231
vn 0.251550 -0.497548 -0.830162
vn -0.417352 -0.401431 -0.815273
vn 0.741404 -0.360907 -0.565744
vn 0.712892 -0.395960 -0.578792
vn 0.766463 -0.310466 -0.562268
vn -0.402876 -0.398387 -0.824001
vn 0.247496 -0.448532 -0.858816
vn 0.776106 -0.299567 -0.554905
vn 0.227690 -0.445709 -0.865737
vn 0.766709 -0.308708 -0.562900
vn -0.430603 -0.392268 -0.812839
vn 0.978483 -0.102371 -0.179140
vn 0.976297 -0.105206 -0.189146
vn 0.980535 -0.111947 -0.161303
vn 0.227076 -0.454331 -0.861406
vn 0.754149 -0.318537 -0.574276
vn -0.480043 -0.375324 -0.792900
vn 0.980810 -0.101790 -0.166285
vn 0.979879 0.109284 0.167017
vn 0.980681 0.097877 0.169367
vn 0.982084 0.082221 0.169558
vn 0.222723 -0.433078 -0.873406
vn 0.758765 -0.285180 -0.585617
vn -0.493506 -0.366772 -0.788626
vn 0.975058 -0.091241 -0.202331
vn 0.984766 0.085886 0.151194
vn 0.219773 -0.415752 -0.882525
vn 0.765588 -0.270901 -0.583513
vn -0.503033 -0.352762 -0.788997
vn 0.967406 -0.092186 -0.235854
vn 0.987537 0.097163 0.123818
vn 0.791240 0.294758 0.535778
vn 0.775880 0.302991 0.553359
vn 0.802651 0.311270 0.508786
vn -0.910734 -0.125202 -0.393559
vn -0.911655 -0.099075 -0.398834
vn -0.520459 -0.318633 -0.792209
vn -0.897588 -0.151287 -0.414062
vn 0.225539 -0.407681 -0.884832
vn 0.781293 -0.257115 -0.568747
vn 0.971357 -0.056475 -0.230817
vn 0.986323 0.135108 0.094402
vn 0.812357 0.333321 0.478511
vn -0.893839 -0.144656 -0.424413
vn -0.553044 -0.310398 -0.773173
vn 0.239042 -0.393912 -0.887520
vn 0.794943 -0.249792 -0.552873
vn 0.982603 -0.053791 -0.177760
vn 0.986743 0.112111 0.117340
vn 0.834035 0.312003 0.455016
vn -0.908393 -0.152042 -0.389494
vn -0.560525 -0.342545 -0.753973
vn 0.241834 -0.376173 -0.894433
vn 0.770569 -0.240496 -0.590242
vn 0.984918 -0.059042 -0.162638
vn 0.982763 0.099050 0.156098
vn -0.944114 -0.095928 -0.315351
vn -0.574884 -0.332835 -0.747482
vn 0.282000 -0.404862 -0.869806
vn 0.754219 -0.259214 -0.603292
vn 0.986332 -0.024295 -0.162969
vn -0.547559 -0.326753 -0.770332
vn 0.287553 -0.399374 -0.870525
vn -0.956165 -0.087566 -0.279430
vn 0.771534 -0.260902 -0.580228
vn -0.958785 -0.066313 -0.276285
vn -0.944665 -0.065569 -0.321418
vn -0.978159 0.050247 -0.201693
vn 0.993298 0.035440 -0.110010
vn 0.991931 -0.007439 -0.126565
vn 0.987096 0.087903 -0.133847
vn 0.970249 0.167140 0.175158
vn 0.976023 0.145470 0.161918
vn 0.956494 0.207626 0.204963
vn -0.757070 0.640893 0.126895
vn -0.538401 0.748787 0.386577
vn -0.754844 0.639901 0.144001
vn -0.746451 0.656055 0.111363
vn -0.886488 0.416282 -0.202111
vn -0.881436 0.424712 -0.206617
vn -0.890091 0.402917 -0.213064
vn -0.101200 0.166619 0.980814
vn -0.180082 0.245939 0.952410
vn -0.224524 0.133024 0.965346
vn -0.174488 0.083408 0.981120
vn -0.355851 0.269669 0.894790
vn -0.305780 0.376958 0.874301
vn -0.508720 0.438135 0.741109
vn -0.458304 0.533647 0.710759
vn -0.131213 0.334042 0.933381
vn -0.245509 0.465431 0.850352
vn -0.394642 0.615855 0.681895
vn -0.595383 0.669295 0.444482
vn -0.542684 0.737704 0.401606
vn -0.640627 0.597072 0.482806
vn -0.669584 0.735116 0.106123
vn -0.705058 0.691329 0.157980
vn -0.639963 0.766592 0.052765
vn -0.671602 0.679693 -0.294903
vn -0.651061 0.693743 -0.307961
vn -0.509141 0.518108 -0.687270
vn -0.634395 0.493286 -0.595157
vn -0.604002 0.700331 0.380418
vn -0.740637 0.655287 0.148512
vn -0.445892 0.611077 0.654038
vn -0.832695 0.553282 0.022323
vn -0.737006 0.553210 0.388306
vn 0.558173 0.757131 -0.339406
vn 0.531057 0.783132 -0.323548
vn 0.178544 0.673387 -0.717406
vn 0.105211 0.713054 -0.693170
vn 0.666513 0.509154 -0.544539
vn 0.275146 0.456717 -0.845993
vn 0.052871 0.606087 -0.793639
vn 0.594069 0.679563 -0.430438
vn 0.927883 0.145111 0.343476
vn 0.394398 -0.310413 -0.864924
vn -0.702021 -0.598570 -0.385850
vn -0.693564 -0.632047 -0.345667
vn 0.605278 -0.226057 -0.763241
vn 0.030259 -0.292492 -0.955789
vn -0.777856 -0.378200 -0.501902
vn 0.342227 0.761328 -0.550691
vn 0.522935 0.089257 -0.847687
vn 0.546080 0.836412 0.047022
vn 0.361370 -0.336059 0.869756
vn 0.235530 -0.124362 0.963877
vn 0.095690 0.031303 0.994919
vn -0.034485 0.122986 0.991809
vn 0.057005 -0.243038 0.968340
vn 0.467485 -0.608490 0.641247
vn 0.525289 -0.790850 0.314051
vn -0.032676 -0.895912 0.443028
vn 0.028488 -0.556554 0.830323
vn 0.582549 -0.743840 0.327625
vn 0.616746 -0.585013 0.526674
vn -0.729872 -0.445539 0.518443
vn -0.493800 -0.234333 0.837406
vn -0.368198 -0.016696 0.929598
vn -0.386273 -0.171914 0.906222
vn -0.335122 0.080296 0.938747
vn -0.796555 -0.306206 0.521285
vn -0.751873 -0.535207 0.385020
vn 0.401007 0.259567 0.878532
vn 0.322935 0.390535 0.862088
vn -0.172777 -0.584078 0.793096
vn 0.583604 -0.107622 0.804875
vn -0.285146 -0.958324 0.017492
vn -0.972551 -0.094683 0.212557
vn -0.802906 -0.228763 0.550463
vn -0.696804 0.151316 0.701119
vn -0.699177 -0.051443 0.713096
vn -0.978313 -0.031340 0.204747
vn -0.632385 0.278531 0.722849
vn -0.106319 0.451416 0.885957
vn -0.090434 0.342645 0.935102
vn -0.107445 0.220883 0.969364
vn -0.384452 -0.922248 -0.040684
vn -0.331482 -0.940034 -0.080350
vn -0.867131 -0.444220 0.225285
vn -0.887719 -0.440863 0.132646
vn 0.042731 -0.994965 -0.090662
vn 0.066760 -0.986230 -0.151308
vn -0.426112 -0.903365 -0.048586
vn 0.002287 -0.997575 -0.069567
vn -0.908583 -0.415033 0.047165
vn 0.382122 0.844850 0.374448
vn 0.410866 0.636105 -0.653115
vn -0.980974 0.193571 0.014859
vn -0.615632 0.434392 -0.657496
vn 0.858115 -0.276403 0.432712
vn 0.972996 -0.087781 0.213479
vn 0.915825 0.276100 -0.291604
vn -0.253767 -0.346475 -0.903082
vn 0.743372 -0.192291 -0.640642
vn 0.958017 0.092340 0.271436
vn -0.252641 -0.357804 -0.898971
vn 0.350119 -0.184862 0.918283
vn 0.157268 -0.873722 0.460301
vn 0.151962 -0.890116 0.429652
vn 0.422496 -0.249336 0.871395
vn 0.261823 -0.098454 0.960081
vn 0.136068 -0.848515 0.511379
vn 0.353284 0.310844 0.882364
vn 0.246041 0.319035 0.915249
vn 0.448792 0.310417 0.837990
vn 0.244661 0.255921 0.935225
vn 0.361717 0.259935 0.895318
vn 0.094147 -0.943484 0.317763
vn 0.085271 -0.955079 0.283818
vn 0.183776 -0.886238 0.425217
vn 0.094594 -0.948841 0.301251
vn 0.506276 -0.218114 0.834332
vn 0.532253 0.316866 0.785049
vn 0.102219 -0.957432 0.269953
vn 0.261319 -0.854458 0.449015
vn 0.606073 -0.124356 0.785628
vn 0.607346 0.334183 0.720731
vn 0.205838 -0.923170 0.324635
vn 0.362987 -0.807115 0.465624
vn 0.703163 -0.062118 0.708310
vn 0.679477 0.352533 0.643453
vn 0.326907 -0.851186 0.410627
vn 0.472441 -0.727920 0.496922
vn 0.777407 -0.013950 0.628843
vn 0.748264 0.369545 0.550942
vn 0.734169 0.267197 0.624181
vn 0.764229 0.327785 0.555438
vn 0.370170 -0.835978 0.405112
vn 0.567683 -0.651034 0.503875
vn 0.834764 0.045481 0.548726
vn 0.807285 0.394992 0.438488
vn 0.438876 -0.824734 0.356654
vn 0.664586 -0.606638 0.436252
vn 0.901454 0.095244 0.422266
vn 0.845162 0.385285 0.370481
vn 0.838185 0.321857 0.440289
vn 0.836252 0.315716 0.448338
vn 0.837944 0.274198 0.471874
vn 0.050889 -0.957016 0.285535
vn 0.014113 -0.793136 0.608881
vn -0.102709 -0.743978 0.660263
vn 0.016878 -0.957687 0.287317
vn 0.055994 -0.947746 0.314073
vn 0.054382 -0.826935 0.559662
vn 0.042131 -0.955094 0.293294
vn 0.073718 -0.848207 0.524509
vn 0.028004 -0.060132 0.997798
vn -0.103945 0.042530 0.993673
vn 0.135091 -0.089874 0.986749
vn 0.064751 -0.960911 0.269180
vn 0.124951 0.332190 0.934899
vn -0.007344 0.344097 0.938905
vn 0.131377 0.255169 0.957929
vn 0.025155 0.240178 0.970403
vn -0.148020 0.355739 0.922789
vn -0.152246 0.221038 0.963309
vn 0.281251 0.215463 0.935133
vn 0.133919 0.191276 0.972358
vn 0.073977 0.196752 0.977659
vn -0.720524 -0.653655 -0.231473
vn -0.163038 -0.737506 -0.655365
vn 0.751533 -0.659183 0.025982
vn 0.612941 -0.417157 -0.671032
vn 0.014020 -0.407166 -0.913247
vn 0.551704 -0.105086 -0.827393
vn -0.461667 -0.539037 -0.704488
vn -0.851851 0.523656 0.011595
vn -0.897380 0.398298 0.189917
vn -0.930110 0.352263 0.103954
vn -0.887447 0.460075 -0.027719
vn -0.864499 0.502223 -0.020348
vn -0.898649 0.232912 0.371730
vn -0.948870 0.122250 0.291034
vn -0.846649 -0.082346 0.525743
vn -0.656707 -0.051627 0.752377
vn -0.919970 0.285883 -0.268189
vn -0.907134 0.240153 -0.345593
vn -0.866137 0.320030 -0.383910
vn -0.889832 0.295494 -0.347682
vn -0.878478 0.144585 -0.455381
vn -0.820098 0.260639 -0.509417
vn -0.827998 0.256808 -0.498466
vn -0.136942 -0.427831 -0.893425
vn 0.778076 0.511506 0.364635
vn 0.723611 0.559411 0.404285
vn 0.788966 0.543841 0.285953
vn 0.397480 0.454557 0.797112
vn 0.369161 0.578675 0.727225
vn 0.419197 0.426091 0.801699
vn 0.990216 0.117360 0.075487
vn 0.957025 0.275919 0.089284
vn 0.923667 0.377118 -0.067984
vn 0.970496 0.216004 -0.107140
vn 0.956502 -0.017879 0.291176
vn 0.945547 0.195466 0.260258
vn 0.930749 -0.298805 0.210763
vn 0.855640 -0.312290 0.412740
vn 0.952063 -0.300203 0.058774
vn 0.485800 -0.739018 0.466744
vn 0.583649 -0.566880 0.581379
vn 0.415224 -0.846917 0.332145
vn 0.851399 0.441297 -0.283507
vn 0.921761 0.259144 -0.288446
vn 0.896497 -0.376580 -0.233410
vn 0.257691 -0.965568 0.035699
vn 0.231262 -0.894809 0.381883
vn 0.356771 -0.775394 0.521036
vn 0.051275 -0.994056 0.096042
vn 0.809064 0.298898 -0.506039
vn 0.652557 -0.394197 -0.647131
vn 0.771834 0.448089 -0.451097
vn 0.003746 -0.889836 -0.456266
vn -0.197368 -0.898796 -0.391424
vn -0.020146 -0.994714 0.100690
vn 0.192873 -0.900340 0.390113
vn -0.295385 -0.879712 -0.372631
vn 0.686105 0.322919 -0.651907
vn 0.282236 -0.133558 -0.950003
vn 0.685964 0.450535 -0.571377
vn -0.219592 -0.422558 -0.879332
vn -0.385740 -0.468939 -0.794545
vn -0.459572 -0.464077 -0.757249
vn -0.335755 -0.871696 -0.356951
vn -0.062102 -0.991926 0.110572
vn -0.482967 -0.452878 -0.749430
vn 0.577695 0.380233 -0.722282
vn 0.079886 0.245281 -0.966155
vn 0.659803 0.418867 -0.623867
vn -0.313673 0.145003 -0.938394
vn -0.416200 0.105391 -0.903145
vn -0.453886 0.098551 -0.885593
vn -0.452032 0.090771 -0.887371
vn -0.443932 -0.438087 -0.781667
vn -0.340247 -0.855789 -0.389688
vn -0.405385 0.078693 -0.910753
vn 0.714001 0.700006 -0.013968
vn 0.581490 0.767563 -0.269661
vn 0.415631 0.874305 -0.250684
vn 0.577793 0.812911 0.073009
vn 0.769617 0.561281 -0.304392
vn 0.703214 0.622572 0.343359
vn 0.767932 0.587310 0.255631
vn 0.624078 0.649995 0.433628
vn 0.497825 0.298260 0.814378
vn 0.468555 0.358664 0.807351
vn 0.442377 0.398765 0.803299
vn 0.261423 -0.051837 0.963831
vn 0.164375 0.033955 0.985813
vn 0.084417 0.122097 0.988922
vn 0.050291 -0.300178 0.952557
vn -0.076602 -0.209659 0.974769
vn -0.193755 -0.101402 0.975795
vn 0.527624 0.843714 0.098793
vn 0.608361 0.658746 0.442664
vn 0.330683 0.908019 -0.257198
vn 0.560789 0.265532 0.784225
vn 0.377865 -0.143949 0.914602
vn 0.482435 0.872324 0.079421
vn 0.618488 0.656066 0.432493
vn 0.272899 0.922436 -0.273200
vn 0.617279 0.257228 0.743505
vn 0.102513 0.850433 -0.515999
vn 0.024878 0.876834 -0.480149
vn 0.212085 0.948776 -0.234190
vn 0.119592 0.838711 -0.531284
vn 0.416896 0.905115 0.083452
vn 0.594414 0.671937 0.441783
vn 0.161593 0.963747 -0.212319
vn 0.379284 0.920821 0.090733
vn -0.029370 0.890777 -0.453491
vn -0.047399 0.226875 0.972770
vn -0.147199 0.168285 0.974686
vn -0.237622 0.303697 0.922662
vn -0.325011 0.455517 0.828777
vn -0.572543 0.317099 0.756071
vn -0.645096 0.471277 0.601456
vn -0.499206 0.140310 0.855047
vn -0.109457 0.134207 0.984890
vn -0.222416 0.311026 0.924010
vn 0.048965 0.476122 0.878015
vn 0.190234 0.278966 0.941270
vn -0.381672 0.499008 0.778021
vn -0.186253 0.667779 0.720681
vn -0.556693 0.655398 0.510438
vn -0.440541 0.778049 0.447843
vn -0.663299 0.723133 0.192649
vn -0.589321 0.790205 0.168154
vn -0.664997 0.715307 -0.214745
vn -0.655070 0.734129 -0.178713
vn -0.671113 0.687758 -0.276762
vn -0.874228 0.438769 0.207862
vn -0.705780 0.699517 -0.112027
vn -0.757843 0.051504 0.650401
vn 0.121524 0.540176 0.832732
vn -0.200541 0.863545 0.462681
vn -0.826030 0.563618 0.003080
vn 0.152619 -0.556765 0.816530
vn 0.498407 -0.000628 0.866943
vn -0.851385 -0.521073 -0.060219
vn -0.189775 -0.951100 0.243708
vn -0.926041 0.073818 -0.370135
vn -0.462908 -0.807440 -0.365728
vn 0.075675 -0.995245 0.061326
vn -0.782476 -0.345584 -0.517979
vn -0.007846 0.906795 0.421498
vn -0.643014 0.755178 -0.127436
vn -0.846235 0.226690 -0.482180
vn -0.741698 -0.331307 -0.583198
vn 0.182246 0.821539 0.540241
vn -0.518846 0.848555 -0.103693
vn -0.549567 0.826654 -0.120911
vn 0.128450 0.849461 0.511778
vn 0.199145 0.819646 0.537143
vn -0.504940 0.860966 -0.061425
vn 0.543801 0.412798 0.730670
vn 0.548743 0.429167 0.717424
vn 0.564009 0.408999 0.717366
vn 0.493677 0.440810 0.749646
vn 0.153550 0.803201 0.575578
vn -0.511464 0.858760 -0.030597
vn 0.616087 -0.563996 0.549860
vn 0.693109 0.024922 0.720402
vn 0.149779 -0.779911 0.607705
vn -0.183430 -0.906774 0.379625
vn 0.642407 -0.410552 0.647116
vn 0.392338 -0.857951 0.331648
vn 0.253936 -0.672849 0.694832
vn -0.110750 -0.910623 0.398121
vn 0.245571 -0.613146 0.750831
vn 0.357655 -0.520316 0.775470
vn 0.119950 -0.850006 0.512935
vn 0.517734 -0.171009 -0.838277
vn 0.599229 -0.413765 -0.685364
vn 0.990055 0.138623 -0.023971
vn 0.904411 -0.401018 0.145691
vn 0.541333 -0.136196 -0.829705
vn 0.980560 0.193318 0.033604
vn -0.759893 0.197294 0.619385
vn -0.766169 0.180668 0.616720
vn -0.835625 0.294472 0.463699
vn -0.803421 0.330532 0.495240
vn -0.669343 0.017476 0.742748
vn -0.648292 0.030635 0.760775
vn -0.731919 0.204828 0.649877
vn -0.654371 0.023077 0.755821
vn -0.774307 0.348968 0.527892
vn -0.859625 0.407953 0.307603
vn -0.816420 0.444335 0.368814
vn -0.802164 0.456223 0.385218
vn -0.505294 -0.205360 0.838156
vn -0.382523 -0.046643 0.922768
vn -0.483147 -0.243260 0.841067
vn -0.323574 -0.573792 0.752371
vn -0.992070 0.123825 0.021551
vn -0.926102 0.315951 0.206180
vn -0.695026 0.714496 -0.080220
vn -0.988843 0.148599 -0.010390
vn -0.912566 0.363219 0.187871
vn -0.807874 -0.083097 -0.583468
vn 0.874317 0.112624 0.472108
vn 0.758596 0.651477 -0.010473
vn 0.600491 0.759463 -0.250254
vn -0.534045 -0.635362 0.557773
vn -0.077592 -0.891706 0.445915
vn -0.103959 -0.857091 0.504566
vn -0.570894 -0.584049 0.577033
vn 0.228412 -0.895767 0.381352
vn -0.347129 -0.625633 0.698631
vn 0.217342 -0.446394 0.868041
vn 0.332417 -0.846818 0.415209
vn 0.714386 -0.574066 0.400126
vn 0.523044 -0.615773 0.589278
vn 0.768358 -0.450225 0.454889
vn 0.579335 -0.470843 0.665341
vn 0.916381 -0.396070 -0.058089
vn 0.823035 -0.132875 -0.552229
vn -0.286731 -0.629517 -0.722145
vn -0.887931 -0.255055 -0.382787
vn 0.938686 -0.332533 -0.091048
vn 0.931086 -0.358140 -0.069390
vn 0.729819 -0.472724 0.493858
vn 0.733096 -0.481609 0.480233
vn 0.749246 -0.075386 -0.657988
vn 0.770075 -0.074412 -0.633599
vn 0.950409 -0.296971 -0.092364
vn 0.745078 0.003047 -0.666970
vn 0.718582 -0.476535 0.506512
vn 0.937961 -0.345684 -0.027063
vn 0.705089 -0.464272 0.536005
vn 0.787721 -0.065170 -0.612575
vn 0.938069 -0.344887 0.032856
vn 0.695142 -0.459857 0.552549
vn 0.812600 -0.079521 -0.577372
vn 0.846553 -0.091329 -0.524412
vn 0.949198 -0.302167 -0.087857
vn 0.416501 0.092913 -0.904375
vn 0.489790 0.159558 -0.857116
vn 0.839789 -0.082558 -0.536600
vn 0.947623 -0.306116 -0.091127
vn 0.510455 0.161467 -0.844609
vn 0.814797 -0.061788 -0.576444
vn 0.947537 -0.312126 -0.068922
vn 0.500989 0.167855 -0.849020
vn 0.486611 0.171649 -0.856590
vn 0.774603 -0.039698 -0.631201
vn 0.941253 -0.333945 -0.050232
vn 0.455637 0.154879 -0.876589
vn 0.742304 -0.036746 -0.669055
vn 0.933178 -0.353552 -0.064650
vn 0.465601 0.178795 -0.866746
vn 0.739171 0.001198 -0.673517
vn 0.941653 -0.326193 -0.082997
vn 0.442563 0.204695 -0.873062
vn 0.346431 0.188107 -0.919022
vn 0.112346 0.201887 -0.972944
vn 0.148913 0.316058 -0.936980
vn 0.130297 0.329840 -0.935002
vn 0.105070 0.342840 -0.933499
vn 0.093943 0.337850 -0.936500
vn 0.074369 0.322470 -0.943654
vn -0.138409 0.311323 -0.940171
vn -0.146989 0.410806 -0.899796
vn -0.948508 -0.291428 0.124107
vn -0.077723 -0.991944 -0.100033
vn -0.990470 0.055972 -0.125845
vn -0.982227 0.114530 -0.148704
vn -0.802242 -0.202566 -0.561583
vn -0.924883 -0.378201 0.039451
vn -0.802229 -0.581878 -0.133590
vn -0.669852 -0.307560 -0.675800
vn -0.501951 -0.681028 0.533147
vn -0.650571 -0.416815 0.634841
vn -0.965931 -0.246791 0.077917
vn -0.664253 -0.327334 0.672027
vn -0.860081 -0.084217 -0.503158
vn 0.041700 -0.282431 0.958381
vn 0.010503 -0.262215 0.964952
vn -0.961220 -0.267333 0.067746
vn -0.885306 -0.083049 -0.457533
vn -0.664921 -0.385571 0.639700
vn -0.013630 -0.348730 0.937124
vn -0.624284 -0.501252 0.599179
vn -0.935326 -0.352212 0.033350
vn -0.016884 -0.427311 0.903947
vn 0.601275 -0.164368 0.781954
vn 0.579176 -0.181726 0.794689
vn -0.474710 -0.792540 0.382793
vn 0.165669 -0.684591 0.709851
vn 0.690000 -0.292032 0.662282
vn -0.334754 -0.920152 0.203126
vn 0.334233 -0.775080 0.536227
vn 0.740496 -0.365006 0.564302
vn 0.019780 0.150696 -0.988382
vn -0.279440 0.016551 -0.960021
vn -0.355462 -0.338895 -0.871090
vn 0.147711 -0.112010 -0.982667
vn 0.125880 0.498889 -0.857476
vn 0.058398 0.404064 -0.912865
vn 0.333193 0.225794 -0.915423
vn 0.347507 0.379800 -0.857316
vn 0.434483 0.141920 -0.889429
vn -0.346253 -0.004380 -0.938131
vn 0.145721 0.258616 -0.954926
vn -0.513336 0.569806 -0.641721
vn -0.600080 0.547579 -0.583148
vn -0.492190 0.537826 -0.684465
vn -0.974628 0.214672 0.063380
vn -0.984873 0.120135 0.124871
vn -0.693474 0.717809 -0.062002
vn -0.538450 0.787175 -0.300712
vn 0.593153 -0.003888 0.805080
vn 0.486154 -0.073137 0.870808
vn -0.033766 -0.508157 0.860602
vn -0.012087 -0.441893 0.896986
vn 0.857952 0.499732 0.119108
vn 0.804249 0.531925 0.265027
vn 0.642439 0.095951 0.760306
vn 0.880412 0.474140 0.008146
vn 0.032548 -0.374129 0.926805
vn 0.828927 0.488108 0.273187
vn 0.769996 0.518252 0.372186
vn 0.735325 0.518039 0.436959
vn 0.868658 0.412681 0.274096
vn 0.357681 -0.153561 0.921132
vn 0.693432 0.131898 0.708346
vn 0.609285 0.101460 0.786434
vn 0.702099 0.502394 0.504637
vn 0.745781 0.110354 0.656988
vn 0.648749 0.459725 0.606447
vn 0.228348 -0.240278 0.943463
vn 0.555478 0.437970 0.706842
vn 0.527338 0.371094 0.764333
vn 0.144899 -0.191202 0.970797
vn 0.752915 0.074117 0.653931
vn 0.767067 0.141756 0.625710
vn -0.097715 -0.253596 0.962362
vn 0.589429 0.269734 0.761457
vn 0.852669 0.522448 -0.001774
vn -0.080620 -0.661733 -0.745393
vn 0.000845 -0.536267 -0.844048
vn -0.132246 -0.071847 -0.988610
vn -0.298793 -0.335723 -0.893315
vn -0.641476 -0.471725 -0.604966
vn 0.648771 -0.463013 -0.603916
vn -0.045029 0.094265 -0.994528
vn 0.772079 -0.175281 -0.610877
vn 0.113254 0.200912 -0.973041
vn -0.132327 0.331885 -0.933993
vn -0.249193 0.293222 -0.922997
vn 0.847995 0.094166 -0.521572
vn 0.802593 0.000905 -0.596527
vn 0.829705 0.135998 -0.541382
vn 0.796379 0.182695 -0.576544
vn 0.373800 0.289121 -0.881296
vn -0.015255 0.334887 -0.942135
vn -0.480552 0.152469 -0.863610
vn -0.593114 0.270140 -0.758446
vn -0.575880 0.336323 -0.745151
vn -0.495960 0.169879 -0.851566
vn -0.603535 0.224972 -0.764940
vn -0.386599 0.200020 -0.900296
vn -0.564763 0.379358 -0.732892
vn -0.250761 0.270346 -0.929533
vn -0.088422 0.315934 -0.944652
vn -0.557609 0.402363 -0.726069
vn -0.497577 0.632155 -0.593967
vn -0.659331 0.506202 -0.555915
vn -0.646317 0.546448 -0.532605
vn 0.868756 0.335706 0.364095
vn 0.887493 0.339484 0.311621
vn 0.618358 0.326526 0.714853
vn 0.536305 0.370381 0.758416
vn 0.875748 0.220169 0.429640
vn 0.630731 0.190535 0.752247
vn 0.726223 -0.233607 -0.646550
vn 0.607911 -0.102153 -0.787407
vn 0.134248 -0.448865 -0.883458
vn 0.279281 -0.591472 -0.756414
vn 0.825085 0.564702 0.018604
vn 0.830900 0.555609 0.030067
vn 0.864523 -0.271287 -0.423088
vn 0.832384 0.551356 0.056066
vn 0.367440 -0.776097 -0.512505
vn 0.958230 -0.189158 -0.214508
vn 0.793736 0.601783 0.088547
vn 0.457348 -0.831169 -0.316214
vn 0.982465 -0.153269 -0.106165
vn 0.742886 0.663275 0.090477
vn 0.534183 -0.825804 -0.180821
vn 0.987367 -0.145113 -0.063635
vn 0.745180 0.664826 0.052091
vn 0.548266 -0.829578 -0.105858
vn 0.029527 -0.880861 -0.472453
vn 0.075265 -0.959604 -0.271100
vn 0.069488 -0.372205 -0.925546
vn -0.455265 -0.540102 -0.707830
vn 0.617589 -0.077511 -0.782673
vn 0.075548 -0.383383 -0.920495
vn 0.651968 -0.075127 -0.754515
vn -0.419345 -0.538386 -0.730951
vn -0.836551 -0.537184 -0.107779
vn -0.832627 -0.529804 -0.161368
vn -0.821864 -0.247203 0.513255
vn 0.023188 0.476303 0.878976
vn -0.044603 0.586938 0.808402
vn -0.128466 0.323167 0.937582
vn -0.881029 -0.049901 -0.470424
vn -0.900336 -0.052768 -0.431984
vn -0.984227 0.176766 0.007189
vn -0.854414 -0.088765 -0.511955
vn -0.297721 -0.670640 0.679415
vn -0.719726 -0.325302 0.613330
vn -0.785927 -0.511589 0.347270
vn -0.289106 -0.784794 0.548194
vn -0.685249 -0.724282 0.076477
vn -0.657520 -0.753250 0.016776
vn -0.611955 -0.760873 -0.215832
vn -0.755749 -0.653812 -0.037051
vn -0.889857 -0.376697 0.257400
vn -0.440202 -0.434166 0.785953
vn -0.736764 -0.518737 0.433695
vn -0.437797 -0.300478 0.847376
vn 0.038098 -0.221070 0.974514
vn 0.089404 -0.134400 0.986886
vn 0.506429 0.030973 0.861725
vn 0.094725 -0.068975 0.993111
vn 0.535397 0.067960 0.841862
vn -0.423611 -0.228501 0.876550
vn 0.471190 0.033011 0.881414
vn 0.848285 0.161903 0.504182
vn 0.090632 -0.015324 0.995767
vn 0.121458 -0.984343 -0.127740
vn 0.432957 -0.734117 -0.523088
vn 0.506897 -0.618615 -0.600309
vn 0.034689 -0.994797 -0.095795
vn -0.350841 -0.781915 -0.515286
vn -0.144437 -0.845393 0.514246
vn 0.358454 0.378799 -0.853242
vn 0.330751 -0.826998 -0.454618
vn 0.215667 -0.665883 -0.714204
vn 0.339768 -0.634876 -0.693895
vn 0.205603 -0.258187 -0.943964
vn 0.072841 -0.131757 -0.988602
vn 0.273092 -0.306276 -0.911930
vn -0.239179 0.111817 -0.964516
vn 0.301278 -0.334104 -0.893088
vn 0.026993 0.123885 -0.991929
vn -0.005813 0.168219 -0.985732
vn -0.026196 0.246381 -0.968819
vn -0.795076 -0.477326 -0.374184
vn -0.760482 -0.609415 -0.224233
vn -0.994623 -0.058821 0.085237
vn -0.987789 -0.034925 0.151831
vn -0.191638 -0.639643 -0.744400
vn -0.116003 -0.823352 -0.555549
vn -0.819472 -0.406878 -0.403630
vn -0.266397 -0.520095 -0.811501
vn -0.983367 -0.020152 0.180510
vn -0.758765 0.402418 0.512187
vn -0.665574 0.370401 0.647931
vn -0.549156 -0.811501 0.199736
vn -0.998742 -0.035579 0.035350
vn 0.804951 0.103382 0.584266
vn 0.820561 0.272919 0.502190
vn 0.794628 0.268802 0.544345
vn 0.865358 0.097861 0.491507
vn 0.766619 0.325477 0.553498
vn 0.779750 -0.141026 0.610001
vn 0.672193 -0.186334 0.716545
vn 0.895166 -0.065727 0.440861
vn 0.464435 0.489445 -0.738067
vn -0.002296 0.533316 -0.845913
vn 0.668794 0.398090 -0.627885
vn -0.253513 0.524433 -0.812835
vn -0.307384 0.530204 -0.790189
vn -0.319480 0.537773 -0.780214
vn 0.488928 0.250121 -0.835697
vn 0.502839 0.374099 -0.779232
vn 0.211828 0.295284 -0.931631
vn 0.331953 0.261020 -0.906463
vn -0.336279 -0.852368 -0.400483
vn -0.316149 -0.849855 -0.421659
vn -0.664012 -0.714653 -0.219904
vn -0.680569 -0.708819 -0.185477
vn 0.071282 -0.830365 -0.552641
vn 0.100315 -0.839292 -0.534346
vn -0.346770 -0.846742 -0.403458
vn 0.049487 -0.813648 -0.579248
vn -0.699802 -0.701534 -0.134639
vn -0.313082 0.532727 -0.786245
vn -0.291466 0.507832 -0.810650
vn 0.352413 0.612618 -0.707463
vn -0.012597 0.695648 -0.718272
vn 0.661075 0.437447 -0.609607
vn -0.145171 0.717907 -0.680834
vn -0.173063 0.735754 -0.654764
vn -0.175133 0.749404 -0.638531
vn -0.172122 0.758235 -0.628851
vn -0.167015 0.753804 -0.635520
vn -0.012179 0.860577 -0.509175
vn -0.017464 0.873811 -0.485951
vn 0.002831 0.837834 -0.545918
vn -0.022089 0.884358 -0.466286
vn -0.536560 0.153669 -0.829753
vn -0.417946 0.858602 -0.296855
vn -0.575434 0.810630 -0.108423
vn -0.275525 0.881492 -0.383482
vn -0.661369 0.741392 0.113703
vn -0.242373 -0.864254 0.440817
vn -0.278543 -0.915884 0.289084
vn -0.909778 -0.415020 -0.007899
vn -0.903884 -0.424286 0.054546
vn 0.533894 -0.637180 0.555841
vn 0.450709 -0.757522 0.472253
vn -0.068113 -0.222088 0.972645
vn 0.583798 -0.290970 0.757968
vn -0.973450 0.026141 0.227401
vn 0.617698 0.035572 0.785611
vn 0.808189 0.147232 0.570222
vn 0.441806 0.084043 0.893165
vn 0.884427 -0.073079 0.460920
vn -0.665523 0.746262 0.013143
vn -0.647057 0.761143 0.044488
vn -0.714426 0.645442 0.270186
vn -0.716561 0.512924 0.472705
vn -0.696350 0.652477 0.298948
vn -0.712567 0.505863 0.486159
vn -0.696803 0.308350 0.647600
vn -0.715962 0.639284 0.280561
vn -0.735740 0.630582 0.247088
vn -0.734517 0.490931 0.468478
vn -0.704971 0.287244 0.648465
vn -0.620670 -0.015928 0.783910
vn -0.724338 0.647294 0.237370
vn -0.739006 0.496163 0.455732
vn -0.710418 0.286391 0.642874
vn -0.613375 -0.014762 0.789654
vn -0.391825 -0.397174 0.829895
vn -0.094070 -0.702840 0.705101
vn -0.692969 0.677005 0.247908
vn -0.718736 0.522200 0.459049
vn -0.697389 0.309318 0.646506
vn -0.605181 0.001759 0.796086
vn -0.398855 -0.380549 0.834324
vn -0.112865 -0.699160 0.706000
vn -0.685646 0.331496 0.648074
vn -0.607824 0.005203 0.794055
vn -0.694976 0.548915 0.464436
vn -0.423375 -0.389152 0.818116
vn -0.158113 -0.717336 0.678550
vn 0.251422 -0.937317 0.241294
vn -0.682219 0.335822 0.649462
vn -0.616576 -0.010352 0.787227
vn -0.683686 0.564255 0.462806
vn -0.447733 -0.407655 0.795835
vn -0.198289 -0.735863 0.647447
vn 0.210479 -0.953522 0.215626
vn 0.427788 -0.893295 -0.137919
vn -0.695133 0.560851 0.449707
vn -0.696786 0.313962 0.644916
vn -0.633036 -0.037009 0.773237
vn -0.466014 -0.429857 0.773339
vn -0.217699 -0.749373 0.625338
vn 0.192342 -0.960500 0.201106
vn 0.421698 -0.895296 -0.143581
vn 0.583503 -0.601710 -0.545407
vn -0.724163 0.542112 0.426267
vn -0.721011 0.278569 0.634462
vn -0.649736 -0.077929 0.756155
vn -0.482297 -0.463397 0.743406
vn -0.237173 -0.770050 0.592260
vn 0.184205 -0.963576 0.193882
vn 0.427812 -0.892930 -0.140191
vn 0.602079 -0.592277 -0.535452
vn 0.611112 -0.383111 -0.692653
vn -0.675319 -0.144844 0.723163
vn -0.491243 -0.512154 0.704541
vn -0.766481 0.219643 0.603543
vn -0.244260 -0.787548 0.565778
vn 0.182502 -0.964500 0.190874
vn 0.435468 -0.890873 -0.129278
vn 0.624662 -0.588497 -0.513292
vn 0.639789 -0.365167 -0.676257
vn 0.545556 -0.055168 -0.836257
vn -0.695587 -0.210162 0.687016
vn -0.488884 -0.544190 0.681799
vn -0.811811 0.150936 0.564075
vn -0.231660 -0.789599 0.568214
vn 0.209931 -0.954432 0.212107
vn 0.466470 -0.878816 -0.100436
vn 0.656380 -0.583865 -0.477773
vn 0.664568 -0.348897 -0.660773
vn 0.549130 -0.022645 -0.835430
vn -0.687052 -0.246426 0.683545
vn -0.466037 -0.550780 0.692425
vn -0.830862 0.104287 0.546620
vn -0.203842 -0.777009 0.595571
vn 0.252428 -0.934939 0.249338
vn 0.503558 -0.862416 -0.051658
vn 0.692397 -0.577721 -0.432232
vn 0.691490 -0.325660 -0.644816
vn 0.555023 0.002030 -0.831833
vn -0.839135 0.070041 0.539395
vn -0.674870 -0.261971 0.689871
vn -0.436758 -0.540098 0.719401
vn -0.161073 -0.752894 0.638127
vn 0.306084 -0.900905 0.307707
vn 0.550199 -0.834858 0.017119
vn 0.730124 -0.569118 -0.378184
vn 0.718785 -0.305266 -0.624628
vn 0.562271 0.026404 -0.826532
vn -0.825170 0.050710 0.562603
vn -0.648101 -0.253907 0.717981
vn -0.402565 -0.506243 0.762666
vn -0.103115 -0.713675 0.692846
vn 0.367647 -0.849048 0.379412
vn 0.601584 -0.792924 0.096790
vn 0.768664 -0.548121 -0.329727
vn 0.733807 -0.290201 -0.614256
vn 0.554147 0.032092 -0.831800
vn -0.348131 -0.458985 0.817397
vn -0.034940 -0.660491 0.750021
vn -0.602535 -0.224373 0.765904
vn 0.420946 -0.784564 0.455263
vn 0.645140 -0.743905 0.174354
vn 0.802769 -0.521835 -0.288533
vn 0.749493 -0.275045 -0.602171
vn 0.550102 0.030418 -0.834543
vn 0.271834 0.309492 -0.911220
vn -0.279727 -0.405977 0.870020
vn 0.041995 -0.588980 0.807056
vn -0.552369 -0.188942 0.811905
vn 0.474818 -0.700204 0.533162
vn 0.689609 -0.676168 0.259297
vn 0.840614 -0.482942 -0.245226
vn 0.760745 -0.252832 -0.597781
vn 0.536445 0.023436 -0.843610
vn 0.255578 0.277208 -0.926194
vn -0.504532 -0.149844 0.850290
vn -0.217998 -0.347420 0.912018
vn 0.107368 -0.509861 0.853530
vn 0.514757 -0.620257 0.591867
vn 0.719989 -0.616670 0.318330
vn 0.862457 -0.456658 -0.218247
vn 0.765087 -0.230912 -0.601100
vn 0.528362 0.019433 -0.848797
vn 0.251743 0.243133 -0.936756
vn -0.468702 -0.104743 0.877125
vn -0.166976 -0.278620 0.945775
vn 0.157165 -0.421556 0.893079
vn 0.557910 -0.534015 0.635268
vn 0.754658 -0.548100 0.360664
vn 0.885244 -0.423059 -0.193300
vn 0.769143 -0.215887 -0.601509
vn 0.528515 0.013516 -0.848816
vn 0.258433 0.213142 -0.942222
vn -0.460319 -0.084981 0.883677
vn -0.142974 -0.231240 0.962334
vn 0.187286 -0.353489 0.916499
vn 0.592548 -0.454217 0.665262
vn 0.791579 -0.472126 0.387943
vn 0.907704 -0.377962 -0.182260
vn 0.775341 -0.198468 -0.599547
vn 0.524054 -0.001435 -0.851684
vn 0.212664 -0.326260 0.921048
vn 0.607469 -0.431758 0.666758
vn -0.127903 -0.205059 0.970356
vn 0.808450 -0.444740 0.385507
vn 0.919410 -0.346267 -0.186506
vn 0.776829 -0.180539 -0.603276
vn 0.515935 -0.007290 -0.856597
vn 0.242688 -0.309842 0.919293
vn 0.632488 -0.396852 0.665182
vn -0.106250 -0.201348 0.973740
vn 0.822533 -0.406802 0.397433
vn 0.938100 -0.303724 -0.166495
vn 0.791194 -0.152581 -0.592225
vn 0.518400 -0.002419 -0.855135
vn -0.088409 -0.233668 0.968289
vn 0.251437 -0.321090 0.913061
vn 0.641927 -0.367050 0.673204
vn 0.831953 -0.356278 0.425347
vn 0.955058 -0.259815 -0.142689
vn 0.801869 -0.123192 -0.584663
vn 0.524560 0.005656 -0.851355
vn -0.056346 -0.259010 0.964230
vn 0.256231 -0.338811 0.905292
vn 0.630857 -0.362221 0.686160
vn 0.829543 -0.339726 0.443220
vn 0.965393 -0.228135 -0.126372
vn 0.823472 -0.093047 -0.559676
vn 0.528610 0.032407 -0.848246
vn 0.610557 -0.359527 0.705664
vn 0.822361 -0.329010 0.464192
vn 0.272120 -0.343941 0.898696
vn 0.973488 -0.200861 -0.109433
vn 0.839231 -0.068955 -0.539385
vn 0.521705 0.057179 -0.851207
vn 0.594900 -0.385760 0.705183
vn 0.797551 -0.358587 0.485105
vn 0.288802 -0.361773 0.886405
vn 0.973678 -0.209133 -0.090636
vn 0.832873 -0.062873 -0.549881
vn 0.486438 0.059017 -0.871720
vn 0.589928 -0.396855 0.703200
vn 0.777104 -0.371710 0.507878
vn 0.303893 -0.381421 0.873022
vn 0.972027 -0.224332 -0.069561
vn 0.818232 -0.057300 -0.572026
vn 0.455830 0.079085 -0.886547
vn 0.320205 -0.386782 0.864794
vn 0.584332 -0.394438 0.709207
vn 0.762800 -0.366132 0.532995
vn 0.975125 -0.211327 -0.066871
vn 0.799158 -0.026396 -0.600542
vn 0.329655 -0.400836 0.854786
vn 0.576709 -0.409974 0.706632
vn 0.744934 -0.391553 0.540148
vn 0.967573 -0.246618 -0.054613
vn 0.783489 -0.021841 -0.621022
vn 0.733485 -0.415097 0.538233
vn 0.568700 -0.431352 0.700369
vn 0.959872 -0.273597 -0.061569
vn 0.776224 -0.032387 -0.629625
vn 0.725393 -0.416274 0.548198
vn 0.563007 -0.433672 0.703528
vn 0.960764 -0.274611 -0.039013
vn 0.772441 -0.029002 -0.634424
vn 0.558479 -0.426855 0.711263
vn 0.720472 -0.411780 0.557995
vn 0.962566 -0.269408 -0.029777
vn 0.764181 -0.002741 -0.644996
vn 0.548404 -0.436238 0.713407
vn 0.714687 -0.419933 0.559355
vn 0.958724 -0.284339 -0.000454
vn 0.752200 0.004114 -0.658922
vn 0.541271 -0.452193 0.708906
vn 0.703423 -0.442178 0.556483
vn 0.949372 -0.313998 -0.009924
vn 0.736077 -0.013254 -0.676768
vn 0.697326 -0.454303 0.554387
vn 0.944194 -0.328979 -0.016438
vn 0.539774 -0.460207 0.704879
vn 0.733219 -0.019403 -0.679716
vn 0.697415 -0.458720 0.550625
vn 0.944245 -0.326142 -0.045082
vn 0.540303 -0.463823 0.702098
vn 0.694541 -0.462226 0.551325
vn 0.545128 -0.463943 0.698278
vn 0.941898 -0.333365 -0.041187
vn 0.691402 -0.458643 0.558221
vn 0.550025 -0.461191 0.696258
vn 0.938876 -0.342697 -0.032732
vn 0.692834 -0.456888 0.557883
vn 0.543761 -0.464127 0.699221
vn 0.941829 -0.336083 0.002563
vn 0.925907 -0.055320 0.373679
vn 0.800401 -0.251331 0.544235
vn 0.913560 -0.044287 0.404286
vn 0.173526 0.955413 -0.238901
vn 0.404871 0.910770 0.081095
vn 0.192628 0.947414 -0.255542
vn 0.442621 0.893604 0.074552
vn 0.629696 0.672323 0.389185
vn 0.598866 0.682730 0.418616
vn 0.473279 0.879360 0.052270
vn 0.661497 0.661692 0.352967
vn 0.215605 0.937264 -0.273955
vn 0.572656 0.690518 0.441870
vn 0.749143 0.301551 0.589790
vn 0.722127 0.305835 0.620482
vn 0.688089 0.644163 0.334046
vn 0.765637 0.293467 0.572430
vn 0.510353 0.859734 0.019916
vn 0.695418 0.280295 0.661687
vn 0.653581 0.257722 0.711626
vn 0.635217 0.248617 0.731224
vn 0.702520 -0.182630 0.687831
vn 0.690101 -0.174826 0.702280
vn 0.772531 0.271597 0.573960
vn 0.719319 -0.204656 0.663849
vn 0.707320 0.620908 0.337893
vn 0.669115 -0.181514 0.720651
vn 0.638393 -0.184978 0.747153
vn 0.591477 -0.183424 0.785182
vn 0.531019 -0.196193 0.824335
vn 0.467640 -0.195130 0.862112
vn 0.518786 -0.573173 0.634299
vn 0.808182 -0.145177 0.570759
vn 0.794378 0.232416 0.561201
vn 0.514656 -0.561840 0.647661
vn 0.501145 -0.553975 0.664805
vn 0.474278 -0.539362 0.695808
vn 0.439778 -0.521248 0.731366
vn 0.388687 -0.509117 0.767934
vn 0.296885 -0.477270 0.827087
vn 0.177442 -0.399487 0.899402
vn 0.993402 0.098190 0.059264
vn 0.986759 0.137286 0.086369
vn 0.992243 0.089865 0.085900
vn 0.968725 0.235909 -0.076930
vn 0.992277 0.123132 0.014996
vn 0.959022 0.260295 -0.111908
vn 0.995186 0.044596 0.087272
vn 0.364958 0.701165 0.612514
vn -0.178820 0.673759 0.716989
vn 0.871511 0.365916 0.326458
vn -0.635285 0.441538 0.633606
vn -0.167633 0.738375 0.653224
vn -0.646011 0.467909 0.603101
vn 0.285799 0.787603 0.545895
vn -0.431556 -0.792497 -0.430938
vn -0.713236 -0.312161 -0.627575
vn -0.454411 -0.737442 -0.499690
vn 0.165201 -0.985213 0.045423
vn 0.145537 -0.989310 -0.009241
vn -0.447735 -0.710101 -0.543406
vn 0.615789 -0.582861 0.530167
vn 0.655686 -0.556584 0.510186
vn -0.469400 -0.804118 0.364770
vn -0.356242 -0.478289 -0.802702
vn 0.178034 -0.668528 -0.722063
vn -0.069499 -0.855214 0.513594
vn -0.456304 -0.736220 0.499768
vn -0.050773 -0.832126 0.552258
vn -0.823632 0.471215 0.315575
vn -0.260948 0.919436 0.294184
vn -0.284375 0.938222 0.197158
vn -0.856072 0.486703 0.173954
vn -0.755263 0.447367 0.478999
vn -0.203645 0.872985 0.443201
vn -0.865170 0.494793 0.081619
vn -0.924451 -0.380748 -0.020510
vn -0.300696 0.944726 0.130674
vn 0.250038 0.910453 0.329480
vn 0.211194 0.951843 0.222245
vn 0.200316 0.967964 0.151393
vn 0.227862 0.966718 0.116345
vn -0.863769 0.503484 0.020162
vn -0.931191 -0.357025 -0.073598
vn -0.282626 0.956511 0.072171
vn 0.719623 0.442493 0.535110
vn 0.837592 0.284758 0.466211
vn 0.969423 0.180747 -0.165979
vn 0.933990 0.275708 -0.227260
vn 0.682060 0.474820 0.556184
vn 0.219668 0.415841 0.882509
vn 0.941191 0.318262 -0.113445
vn 0.928498 0.369693 -0.034906
vn 0.549088 0.533624 0.643232
vn 0.072471 0.481905 0.873221
vn -0.214223 0.273705 -0.937654
vn -0.315411 0.191414 -0.929450
vn -0.237936 0.284084 -0.928807
vn -0.099827 0.313659 -0.944274
vn -0.124763 0.323006 -0.938137
vn -0.075578 0.243961 -0.966836
vn -0.202409 0.198879 -0.958894
vn -0.027415 0.342975 -0.938944
vn 0.004425 0.329713 -0.944071
vn 0.035599 0.273411 -0.961238
vn -0.099287 -0.180033 -0.978637
vn -0.267946 -0.120457 -0.955874
vn 0.047405 -0.149061 -0.987691
vn 0.124927 -0.092569 -0.987838
vn 0.095416 0.283570 -0.954193
vn 0.161774 -0.569639 -0.805817
vn 0.148607 -0.758248 -0.634804
vn 0.154483 -0.046648 -0.986894
vn 0.181973 0.025309 -0.982978
vn 0.159492 -0.503948 -0.848881
vn 0.129390 -0.741363 -0.658512
vn 0.257995 0.152361 -0.954057
vn 0.198124 -0.358617 -0.912218
vn 0.179399 0.312786 -0.932728
vn 0.284631 0.361584 -0.887830
vn 0.122458 0.289147 -0.949420
vn 0.132910 -0.666700 -0.733380
vn 0.285633 0.395601 -0.872877
vn 0.387805 0.426288 -0.817243
vn 0.384802 0.412445 -0.825722
vn 0.180164 0.359390 -0.915631
vn 0.340421 0.315343 -0.885817
vn 0.290164 -0.131535 -0.947894
vn 0.195191 -0.586450 -0.786115
vn 0.455568 0.446949 -0.769866
vn 0.446295 0.443783 -0.777095
vn 0.358755 0.494688 -0.791567
vn 0.430242 0.521874 -0.736573
vn 0.267343 0.454301 -0.849787
vn 0.382926 0.464990 -0.798218
vn 0.424555 0.042427 -0.904407
vn 0.381346 -0.604678 -0.699242
vn 0.510944 0.469605 -0.720006
vn 0.497183 0.545058 -0.675071
vn 0.493534 0.461779 -0.737010
vn 0.437252 0.541273 -0.718216
vn 0.561645 0.230505 -0.794621
vn 0.604789 -0.502666 -0.617703
vn 0.471409 0.609010 -0.637872
vn 0.486292 0.565805 -0.665871
vn 0.575522 0.562511 -0.593596
vn 0.565447 0.601625 -0.564195
vn 0.388658 0.605895 -0.694144
vn 0.404493 0.562969 -0.720730
vn 0.582877 0.564395 -0.584562
vn 0.594379 0.501351 -0.628777
vn 0.578351 0.486446 -0.654889
vn 0.530140 0.560695 -0.636060
vn 0.682342 0.283586 -0.673787
vn 0.668302 0.546698 -0.504474
vn 0.666391 0.579762 -0.468827
vn 0.594055 0.512943 -0.619668
vn 0.678720 0.503448 -0.534677
vn 0.509995 0.512808 -0.690604
vn 0.683526 0.566751 -0.459984
vn 0.700214 0.524825 -0.484004
vn -0.033677 -0.912761 -0.407105
vn 0.734779 -0.393669 -0.552381
vn -0.731661 -0.583546 0.352345
vn -0.848365 -0.455731 0.269418
vn 0.167063 -0.965466 -0.199915
vn -0.338135 -0.716670 0.609958
vn 0.817969 -0.436935 -0.374185
vn -0.896368 0.295040 -0.330872
vn -0.822527 0.384516 -0.419043
vn -0.551623 0.643882 0.530215
vn -0.519491 0.757540 0.395301
vn 0.093827 0.377771 0.921133
vn 0.170025 0.392217 0.904023
vn -0.562211 0.224353 0.795980
vn -0.382158 0.026053 0.923730
vn -0.579027 0.323002 0.748597
vn 0.376982 0.737373 0.560505
vn 0.499680 0.483278 0.718862
vn -0.890094 -0.381235 0.249787
vn 0.261280 0.430474 0.863959
vn 0.288480 0.476073 0.830743
vn -0.483484 0.805352 0.343004
vn -0.480484 0.797654 0.364532
vn 0.624408 -0.333150 0.706488
vn 0.554143 -0.197917 0.808551
vn 0.628181 -0.337569 0.701025
vn 0.607887 -0.292670 0.738118
vn -0.870397 0.407720 -0.275995
vn -0.829843 0.419762 -0.367643
vn -0.583813 0.672382 0.455044
vn -0.925904 0.333512 -0.177404
vn 0.131970 0.442411 0.887049
vn 0.469166 -0.670394 -0.574853
vn 0.560269 -0.650656 -0.512586
vn 0.233573 -0.736174 -0.635210
vn 0.733375 -0.260824 -0.627799
vn 0.767807 -0.217823 -0.602517
vn 0.101168 -0.205541 -0.973405
vn 0.309985 -0.802482 0.509834
vn 0.535937 -0.730816 -0.422705
vn 0.603049 -0.733062 -0.314566
vn 0.514519 -0.594783 -0.617659
vn 0.560066 -0.827789 -0.033022
vn 0.611214 -0.788044 0.073522
vn -0.148268 -0.833012 -0.533017
vn -0.270682 0.339979 -0.900636
vn -0.308120 0.358567 -0.881187
vn -0.319234 0.313023 -0.894487
vn -0.138186 0.130434 -0.981780
vn -0.078345 0.153272 -0.985074
vn -0.536894 0.278515 -0.796351
vn -0.004769 -0.519234 0.854619
vn -0.289070 -0.895561 0.338244
vn 0.169534 -0.861310 0.478961
vn 0.379013 -0.381112 0.843269
vn -0.476144 -0.618148 0.625444
vn -0.657330 -0.734160 0.170075
vn 0.034497 -0.020861 0.999187
vn -0.641695 -0.289506 0.710221
vn 0.370449 0.060570 0.926876
vn 0.460074 0.559747 0.689214
vn 0.212945 0.428759 0.877964
vn -0.070506 0.325416 0.942939
vn 0.215969 0.775810 0.592854
vn 0.041492 0.865881 0.498527
vn -0.143434 0.918186 0.369272
vn -0.157404 0.914693 0.372238
vn -0.345645 0.913177 0.215956
vn -0.354911 0.907703 0.223859
vn -0.662863 0.745381 -0.070852
vn -0.610530 0.791373 -0.031331
vn -0.453616 -0.846610 0.278358
vn -0.939252 -0.334554 -0.076676
vn -0.045815 0.294173 -0.954653
vn -0.119409 0.279531 -0.952683
vn -0.021532 0.300448 -0.953555
vn 0.067298 0.287791 -0.955326
vn -0.150691 0.335073 -0.930064
vn -0.061280 0.374706 -0.925116
vn -0.056483 0.363386 -0.929925
vn -0.257757 0.307883 -0.915843
vn -0.699291 -0.659440 -0.275919
vn -0.805193 -0.475130 -0.354845
vn 0.367012 -0.246900 -0.896852
vn 0.613866 -0.297371 -0.731258
vn -0.675054 0.447342 0.586675
vn -0.657780 0.619342 0.428651
vn -0.725717 0.441801 0.527396
vn -0.255953 -0.161164 -0.953160
vn 0.021816 0.146027 -0.989040
vn -0.037535 0.139092 -0.989568
vn -0.342359 -0.133434 -0.930046
vn -0.182582 -0.176338 -0.967248
vn 0.089967 0.186048 -0.978413
vn -0.491591 -0.444311 -0.748950
vn -0.406596 -0.497710 -0.766136
vn -0.581145 -0.386745 -0.716030
vn 0.325313 0.454975 -0.828957
vn 0.296775 0.403509 -0.865509
vn 0.367911 0.525094 -0.767410
vn 0.569660 0.662184 -0.486827
vn 0.589673 0.596253 -0.544764
vn 0.559673 0.718598 -0.412775
vn 0.697663 0.711035 -0.087725
vn 0.750875 0.647617 -0.129533
vn 0.659256 0.751500 -0.025105
vn 0.729528 0.632592 0.260033
vn 0.778579 0.574253 0.253079
vn 0.849819 0.489982 -0.194231
vn 0.635665 0.452698 -0.625296
vn 0.880564 0.422128 0.215441
vn 0.691227 0.441838 0.571826
vn 0.688296 0.388331 0.612737
vn 0.759611 0.263540 0.594591
vn 0.466629 0.062374 0.882251
vn 0.421027 0.069232 0.904402
vn 0.856945 -0.218447 0.466826
vn 0.002851 -0.286361 0.958118
vn 0.811204 0.180039 0.556358
vn 0.828673 -0.266846 -0.492030
vn 0.845298 -0.269913 -0.461105
vn 0.856051 -0.274794 -0.437796
vn 0.189329 -0.032074 -0.981390
vn 0.854711 -0.308413 -0.417553
vn 0.183901 -0.063976 -0.980861
vn 0.829120 -0.336353 -0.446571
vn 0.175368 -0.109383 -0.978408
vn 0.737480 -0.485797 -0.469174
vn 0.710083 -0.334108 -0.619801
vn -0.149228 0.948517 -0.279367
vn 0.675453 0.699752 0.232616
vn -0.754297 0.576424 -0.314281
vn 0.776384 0.592842 0.213929
vn -0.679426 0.718318 -0.149669
vn -0.734830 0.596162 -0.323443
vn -0.611831 0.625297 -0.484424
vn -0.546605 0.751699 -0.369014
vn -0.785710 0.617467 0.037334
vn -0.851324 0.502182 -0.151860
vn -0.670054 0.739030 -0.069728
vn -0.760436 0.639048 0.115558
vn -0.513014 0.802224 -0.305374
vn -0.535875 0.791637 -0.293511
vn -0.554968 0.647319 -0.522483
vn -0.458199 0.718270 -0.523585
vn -0.353506 0.791305 -0.498869
vn -0.361542 0.796420 -0.484771
vn -0.364847 0.793305 -0.487394
vn -0.274395 0.750170 -0.601625
vn -0.229933 0.765797 -0.600571
vn -0.228245 0.775709 -0.588370
vn -0.726352 0.666853 0.166493
vn -0.881119 0.025535 0.472206
vn -0.904529 0.030193 0.425342
vn -0.765840 0.636982 0.087994
vn 0.351055 -0.778493 -0.520297
vn -0.500723 -0.858808 -0.108281
vn -0.407870 -0.514410 -0.754337
vn 0.570045 -0.194124 -0.798351
vn -0.132353 -0.020439 -0.990992
vn -0.654257 -0.045469 0.754905
vn 0.194968 -0.281018 0.939690
vn 0.114491 -0.218236 0.969157
vn -0.062125 -0.224553 0.972479
vn 0.277881 -0.197273 0.940141
vn -0.220202 -0.220451 0.950217
vn -0.065189 -0.171762 0.982979
vn -0.223298 -0.167729 0.960211
vn 0.115138 -0.165262 0.979506
vn -0.102800 0.974121 -0.201299
vn -0.765805 0.580970 -0.275712
vn 0.161946 -0.523151 -0.836712
vn 0.350050 -0.690600 -0.632880
vn 0.073054 -0.585573 -0.807321
vn 0.290694 -0.726365 -0.622809
vn -0.024760 -0.312547 -0.949580
vn -0.131249 -0.398982 -0.907517
vn 0.034389 -0.632933 -0.773442
vn 0.277683 -0.742737 -0.609290
vn -0.193683 -0.472698 -0.859677
vn 0.051003 -0.647908 -0.760010
vn 0.295704 -0.738943 -0.605411
vn -0.191235 -0.505208 -0.841543
vn -0.387353 -0.336804 -0.858208
vn -0.376219 -0.346221 -0.859413
vn -0.168916 -0.519779 -0.837435
vn -0.372699 -0.300596 -0.877917
vn 0.076252 -0.658542 -0.748671
vn 0.310463 -0.737951 -0.599201
vn -0.365175 -0.354784 -0.860683
vn -0.147568 -0.526731 -0.837125
vn 0.091754 -0.660693 -0.745028
vn 0.318892 -0.736883 -0.596081
vn -0.349221 -0.370466 -0.860697
vn -0.120389 -0.526865 -0.841380
vn 0.105011 -0.642992 -0.758639
vn 0.325311 -0.720587 -0.612313
vn 0.523539 -0.750383 -0.403524
vn 0.517002 -0.756301 -0.400897
vn 0.533186 -0.736066 -0.417036
vn -0.100078 -0.525274 -0.845028
vn 0.110232 -0.628155 -0.770240
vn -0.321945 -0.385172 -0.864867
vn 0.335817 -0.693495 -0.637409
vn -0.098446 -0.521156 -0.847765
vn 0.113626 -0.615501 -0.779903
vn -0.301235 -0.400984 -0.865141
vn 0.342712 -0.673205 -0.655243
vn -0.508029 -0.253568 -0.823170
vn -0.485086 -0.284333 -0.826950
vn -0.283530 -0.412490 -0.865715
vn -0.533640 -0.216847 -0.817438
vn -0.092073 -0.508855 -0.855914
vn 0.116740 -0.594436 -0.795624
vn 0.338313 -0.652358 -0.678213
vn -0.258821 -0.419749 -0.869956
vn -0.081263 -0.501459 -0.861357
vn -0.457622 -0.303841 -0.835622
vn 0.107704 -0.574825 -0.811158
vn 0.325761 -0.628264 -0.706516
vn -0.149611 0.637936 0.755417
vn -0.149429 0.617080 0.772582
vn -0.429146 0.631167 0.646113
vn -0.426637 0.655387 0.623256
vn 0.081995 0.589598 0.803524
vn 0.085702 0.575954 0.812977
vn -0.145248 0.648715 0.747042
vn 0.095054 0.592886 0.799657
vn -0.398361 0.676320 0.619597
vn 0.320458 0.507477 0.799859
vn 0.543156 0.400115 0.738166
vn 0.541696 0.396656 0.741100
vn 0.342043 0.490896 0.801267
vn 0.318726 0.506600 0.801106
vn 0.540234 0.411443 0.734073
vn 0.125377 0.558313 0.820102
vn -0.140439 0.610028 0.779835
vn -0.420965 0.623009 0.659279
vn 0.712783 0.281095 0.642593
vn 0.722369 0.248453 0.645332
vn 0.560096 0.375825 0.738274
vn 0.704265 0.293625 0.646370
vn 0.406359 0.465833 0.786048
vn 0.211950 0.534828 0.817946
vn -0.114778 0.605607 0.787443
vn 0.637137 0.179402 0.749581
vn 0.519279 0.421079 0.743668
vn 0.875374 0.056823 0.480095
vn 0.726876 -0.045429 0.685264
vn 0.881599 0.132705 0.452959
vn 0.508219 0.512288 0.692297
vn -0.244132 -0.427486 -0.870434
vn -0.079714 -0.506466 -0.858567
vn -0.432228 -0.309992 -0.846808
vn 0.096737 -0.568130 -0.817233
vn 0.314901 -0.608855 -0.728102
vn 0.578255 -0.589713 -0.563790
vn -0.242231 -0.414863 -0.877048
vn -0.080244 -0.497283 -0.863870
vn -0.411866 -0.305103 -0.858649
vn 0.099116 -0.554134 -0.826506
vn 0.324156 -0.578807 -0.748269
vn -0.249550 -0.402403 -0.880793
vn -0.076131 -0.481794 -0.872971
vn -0.397695 -0.309256 -0.863828
vn 0.112407 -0.533455 -0.838326
vn -0.596830 -0.145204 -0.789119
vn -0.597181 -0.164110 -0.785139
vn -0.397249 -0.325408 -0.858081
vn -0.609520 -0.139222 -0.780450
vn -0.250873 -0.409038 -0.877354
vn -0.074305 -0.481412 -0.873339
vn -0.598546 -0.170090 -0.782823
vn -0.400021 -0.328506 -0.855609
vn -0.231544 -0.415137 -0.879800
vn -0.388583 0.750934 0.533949
vn -0.479272 0.698623 0.531247
vn -0.320500 0.800825 0.505923
vn -0.830338 0.534932 -0.156159
vn -0.679389 0.142369 -0.719834
vn -0.504403 0.681321 0.530453
vn 0.025933 0.510382 0.859557
vn -0.039087 0.444762 0.894796
vn -0.572511 0.611245 0.546453
vn 0.034791 0.513088 0.857630
vn -0.855441 0.497709 -0.143201
vn -0.098807 0.327124 0.939802
vn 0.367259 0.124193 0.921790
vn 0.368521 0.042825 0.928632
vn -0.124324 0.222336 0.967011
vn 0.401767 0.200092 0.893615
vn -0.671975 0.509186 0.537753
vn -0.765385 0.421439 0.486390
vn 0.372039 -0.037548 0.927457
vn 0.727625 -0.124221 0.674633
vn 0.765870 -0.185344 0.615704
vn 0.380378 -0.073662 0.921893
vn 0.688367 -0.099020 0.718572
vn -0.160657 0.152705 0.975126
vn -0.220554 0.136987 0.965707
vn 0.983503 -0.175373 0.044344
vn 0.781248 -0.076062 -0.619569
vn 0.741351 0.027100 -0.670570
vn 0.985240 -0.116443 -0.125474
vn 0.941573 -0.309718 0.132344
vn 0.807750 -0.238740 -0.539021
vn 0.784117 -0.214773 0.582265
vn 0.763160 -0.252448 0.594859
vn 0.821282 -0.202761 0.533277
vn 0.693053 -0.097189 0.714305
vn 0.906080 -0.369608 0.205934
vn 0.931064 -0.302223 0.204402
vn 0.726220 -0.081507 0.682613
vn 0.895029 -0.391982 0.212773
vn 0.960238 -0.196506 0.198315
vn 0.867953 -0.258304 -0.424189
vn 0.870738 -0.242097 -0.428024
vn 0.951721 -0.248020 0.180869
vn 0.777719 -0.404055 -0.481553
vn 0.301511 -0.094345 -0.948784
vn 0.289663 -0.079555 -0.953817
vn 0.300158 -0.173300 -0.938015
vn 0.397330 -0.084480 -0.913779
vn 0.624594 -0.016665 -0.780772
vn 0.951827 -0.230742 -0.201947
vn -0.031370 0.517373 -0.855185
vn -0.286681 -0.649750 -0.704017
vn -0.890089 -0.371551 -0.263992
vn -0.945731 -0.242170 -0.216670
vn 0.801654 -0.390249 -0.452831
vn -0.506436 0.819223 -0.269066
vn -0.522263 0.798665 -0.298957
vn -0.658919 0.751901 0.021682
vn -0.549552 0.750607 -0.366854
vn -0.399404 0.638053 -0.658304
vn -0.390985 0.617468 -0.682542
vn -0.556946 0.717829 -0.417772
vn -0.356661 0.708356 -0.609118
vn -0.685565 0.727394 -0.029974
vn -0.682300 0.728497 -0.061315
vn -0.648247 0.759533 -0.053714
vn -0.606473 0.794025 -0.041415
vn -0.576845 0.815534 -0.046405
vn -0.665593 0.701358 0.255114
vn -0.570018 0.818831 -0.067789
vn -0.656719 0.714177 0.242223
vn -0.575288 0.811408 -0.103249
vn -0.663416 0.718419 0.209174
vn -0.581744 0.801277 -0.139745
vn -0.683364 0.710530 0.167814
vn -0.721966 0.681109 0.121887
vn -0.775382 0.498639 0.387482
vn -0.602782 0.777516 -0.179228
vn -0.764723 0.640170 0.073356
vn -0.827130 0.444450 0.343976
vn -0.794263 0.606425 0.037350
vn -0.860736 0.401244 0.313266
vn -0.882929 0.366329 0.293667
vn -0.818831 0.573939 0.010471
vn -0.887429 0.349164 0.300922
vn -0.830513 0.556997 0.001570
vn -0.839479 0.543360 -0.005899
vn -0.884357 0.325541 0.334568
vn -0.794546 0.043332 0.605656
vn -0.758812 0.049135 0.649454
vn -0.877645 0.305101 0.369665
vn -0.730703 0.062098 0.679865
vn -0.876153 0.282420 0.390634
vn -0.885654 0.259604 0.384998
vn -0.722180 0.080317 0.687026
vn -0.724226 0.075493 0.685418
vn -0.462116 -0.069293 0.884108
vn -0.737995 0.059987 0.672134
vn -0.758959 0.056375 0.648694
vn -0.454913 -0.070252 0.887761
vn -0.774199 0.030033 0.632229
vn -0.438389 -0.109326 0.892112
vn -0.426925 -0.146269 0.892379
vn -0.424720 -0.159980 0.891078
vn -0.015112 -0.278036 0.960452
vn -0.370207 -0.170032 0.913256
vn 0.024463 -0.300177 0.953570
vn 0.056911 -0.333722 0.940952
vn 0.071225 -0.345355 0.935765
vn 0.081842 -0.363185 0.928116
vn 0.329899 -0.427635 0.841602
vn 0.333229 -0.426996 0.840615
vn 0.333488 -0.425925 0.841055
vn -0.420337 -0.765355 0.487390
vn -0.323683 -0.935012 -0.144850
vn -0.817942 -0.403764 0.409813
vn -0.937640 0.009744 0.347470
vn 0.062050 -0.419881 0.905456
vn 0.060016 -0.482883 0.873626
vn 0.240080 -0.575514 0.781758
vn 0.260961 -0.451781 0.853108
vn -0.316996 -0.380150 0.868907
vn -0.394037 -0.593181 0.702047
vn 0.048482 -0.408970 0.911259
vn -0.219750 -0.342138 0.913593
vn 0.251265 -0.453656 0.855022
vn 0.588393 -0.466378 0.660519
vn 0.595869 -0.459330 0.658753
vn 0.284365 -0.449218 0.846959
vn 0.037050 -0.412859 0.910041
vn 0.311558 -0.456251 0.833527
vn 0.060993 -0.416197 0.907227
vn 0.593009 -0.472185 0.652213
vn 0.754864 -0.449254 0.477861
vn 0.742091 -0.448066 0.498536
vn 0.732219 -0.461824 0.500574
vn 0.581723 -0.492111 0.647630
vn 0.717311 -0.489002 0.496329
vn 0.306042 -0.462516 0.832116
vn 0.572533 -0.485544 0.660646
vn 0.299767 -0.460150 0.835705
vn 0.714370 -0.479163 0.509979
vn 0.563350 -0.487490 0.667077
vn 0.306644 -0.463437 0.831382
vn 0.542452 -0.492198 0.680799
vn 0.530677 -0.471430 0.704369
vn 0.535459 -0.467900 0.703102
vn 0.533359 -0.468596 0.704234
vn 0.697636 -0.457181 0.551625
vn 0.535626 -0.466172 0.704123
vn 0.942259 -0.331810 0.045276
vn -0.719809 0.656543 -0.225450
vn 0.563288 -0.748677 -0.349556
vn 0.304156 -0.806336 0.507259
vn 0.334062 -0.802829 0.493830
vn 0.807302 -0.533524 0.252222
vn 0.808028 -0.531503 0.254156
vn 0.936403 -0.092411 -0.338540
vn 0.922926 0.230045 -0.308685
vn 0.235963 0.086966 -0.967863
vn -0.978734 0.007677 0.204990
vn -0.925058 -0.283137 0.253181
vn -0.989513 -0.137087 0.045505
vn 0.834448 -0.060876 -0.547715
vn 0.340950 0.190419 -0.920594
vn 0.391163 0.196626 -0.899072
vn 0.067061 0.341855 -0.937357
vn 0.088580 0.367294 -0.925877
vn 0.071905 0.322319 -0.943896
vn -0.167012 0.418290 -0.892827
vn -0.183205 0.430526 -0.883789
vn -0.214179 0.422023 -0.880922
vn -0.230077 0.406699 -0.884116
vn -0.218535 0.418527 -0.881520
vn -0.689034 -0.386345 -0.613163
vn -0.448061 0.109497 -0.887272
vn -0.382954 0.423913 -0.820758
vn -0.411979 0.457110 -0.788241
vn -0.410112 0.453863 -0.791086
vn -0.396882 0.464584 -0.791610
vn -0.406790 0.459104 -0.789775
vn -0.923710 -0.083244 -0.373940
vn -0.693846 0.241375 -0.678466
vn -0.637233 0.441434 -0.631720
vn -0.638219 0.458047 -0.618764
vn -0.650344 0.447218 -0.614043
vn 0.251728 0.171010 -0.952570
vn 0.243659 0.135147 -0.960399
vn 0.231219 0.113048 -0.966311
vn -0.425535 0.417250 -0.803009
vn -0.429711 0.421309 -0.798654
vn -0.584530 0.421669 -0.693195
vn -0.575665 0.420412 -0.701330
vn -0.229614 0.391709 -0.890978
vn -0.233702 0.398409 -0.886935
vn -0.425103 0.406251 -0.808856
vn -0.232129 0.378122 -0.896181
vn -0.428589 0.400995 -0.809639
vn -0.240757 0.370711 -0.897000
vn -0.431865 0.389906 -0.813306
vn -0.250710 0.364340 -0.896884
vn -0.434277 0.366861 -0.822689
vn -0.251767 0.349309 -0.902550
vn -0.440463 0.350829 -0.826385
vn -0.239585 0.329873 -0.913117
vn -0.450689 0.335104 -0.827396
vn -0.237572 0.308620 -0.921039
vn -0.454794 0.311207 -0.834454
vn -0.241895 0.291210 -0.925572
vn -0.223205 0.272674 -0.935857
vn -0.194366 0.238150 -0.951581
vn -0.194897 0.198735 -0.960479
vn -0.197929 0.179278 -0.963682
vn -0.169584 0.168243 -0.971049
vn -0.134003 0.163032 -0.977478
vn -0.109173 0.169868 -0.979401
vn -0.895958 0.296113 -0.331024
vn -0.839058 0.401559 -0.367059
vn -0.832130 0.400771 -0.383330
vn -0.643291 0.463519 -0.609366
vn -0.819923 0.421207 -0.387699
vn -0.645233 0.466017 -0.605395
vn -0.802270 0.425585 -0.418617
vn -0.644006 0.436568 -0.628224
vn -0.437649 0.438020 -0.785240
vn -0.796356 0.397719 -0.455671
vn -0.615456 0.437420 -0.655650
vn -0.433299 0.444508 -0.784005
vn -0.793247 0.405944 -0.453837
vn -0.592151 0.462039 -0.660210
vn -0.414448 0.454818 -0.788273
vn -0.794266 0.441467 -0.417431
vn -0.803080 0.413364 -0.429176
vn -0.596782 0.449968 -0.664364
vn -0.411242 0.443332 -0.796452
vn -0.603863 0.442072 -0.663266
vn -0.410310 0.436320 -0.800794
vn -0.602375 0.449693 -0.659486
vn -0.411139 0.445082 -0.795530
vn -0.599430 0.441121 -0.667904
vn -0.424151 0.439477 -0.791806
vn -0.597839 0.435821 -0.672792
vn -0.430106 0.433130 -0.792091
vn -0.595467 0.425507 -0.681442
vn -0.432307 0.425901 -0.794808
vn -0.994826 0.084508 -0.056383
vn -0.963700 0.265884 -0.024250
vn -0.951985 -0.286620 -0.107584
vn -0.953529 0.291008 -0.078076
vn -0.924207 0.362431 -0.120353
vn -0.928373 0.333277 -0.164471
vn -0.849444 -0.482732 0.213109
vn -0.910392 -0.166287 0.378862
vn -0.878517 0.014376 0.477494
vn -0.926451 0.067009 0.370402
vn -0.927031 0.153347 0.342196
vn -0.923398 0.162045 0.347961
vn -0.653909 -0.580804 0.484840
vn -0.656233 -0.315575 0.685398
vn -0.622913 -0.179581 0.761400
vn 0.813833 -0.069323 -0.576949
vn 0.771346 -0.062251 -0.633364
vn 0.746161 -0.028497 -0.665156
vn 0.736744 -0.023306 -0.675770
vn 0.395771 0.184371 -0.899652
vn 0.420319 0.192929 -0.886629
vn 0.422343 0.186897 -0.886959
vn 0.379987 0.194564 -0.904298
vn 0.364348 0.208160 -0.907701
vn 0.343410 0.203576 -0.916857
vn 0.340994 0.195020 -0.919614
vn 0.356119 0.186500 -0.915640
vn 0.383719 0.178643 -0.906006
vn 0.411969 0.164498 -0.896227
vn 0.436166 0.138435 -0.889154
vn 0.447082 0.125087 -0.885704
vn 0.457076 0.129736 -0.879915
vn 0.453613 0.114275 -0.883842
vn 0.036124 0.313110 -0.949030
vn 0.038704 0.338987 -0.939995
vn 0.034541 0.330004 -0.943347
vn 0.024398 0.341405 -0.939600
vn 0.005802 0.347553 -0.937642
vn -0.011112 0.346200 -0.938095
vn 0.003714 0.341776 -0.939774
vn 0.021272 0.319380 -0.947388
vn 0.026657 0.302759 -0.952694
vn 0.020814 0.298961 -0.954039
vn 0.018380 0.291594 -0.956365
vn 0.017973 0.284928 -0.958380
vn 0.034633 0.257708 -0.965602
vn 0.054389 0.238600 -0.969594
vn 0.073910 0.235539 -0.969050
vn 0.096598 0.204426 -0.974104
vn 0.116693 0.152408 -0.981404
vn 0.128095 0.132439 -0.982879
vn 0.156241 0.134716 -0.978489
vn 0.185691 0.114843 -0.975874
vn 0.207458 0.103689 -0.972733
vn -0.182438 0.429205 -0.884590
vn -0.175120 0.401329 -0.899037
vn -0.202743 0.396676 -0.895290
vn -0.221464 0.409509 -0.885018
vn -0.238175 0.406961 -0.881848
vn -0.242823 0.409339 -0.879476
vn -0.240447 0.404346 -0.882434
vn 0.181583 0.110206 -0.977181
vn 0.104967 0.114466 -0.987866
vn -0.231844 0.465179 -0.854317
vn -0.127824 0.441969 -0.887876
vn 0.137484 0.620126 -0.772361
vn 0.001564 0.793802 -0.608175
vn -0.188173 0.596322 -0.780379
vn 0.156130 0.429660 -0.889391
vn -0.268391 0.348601 -0.898022
vn -0.318490 0.421676 -0.848972
vn -0.195371 0.586250 -0.786220
vn -0.233409 0.458432 -0.857532
vn -0.232039 0.822221 -0.519721
vn -0.014767 0.805868 -0.591911
vn -0.036703 0.807185 -0.589156
vn -0.418525 0.878330 0.231029
vn -0.470509 0.790557 0.391971
vn -0.414519 0.794807 0.443234
vn -0.318453 0.925102 0.206820
vn -0.201046 0.978758 -0.040173
vn -0.596583 0.723249 0.347851
vn -0.499646 0.859545 0.107414
vn -0.357905 0.921223 -0.152488
vn -0.667932 0.742789 -0.046157
vn -0.466868 0.842215 -0.269645
vn -0.801073 0.574598 0.167685
vn -0.507441 0.659381 0.554726
vn -0.475055 0.588922 0.653830
vn -0.656574 0.500784 0.564027
vn -0.866110 0.330734 0.374792
vn -0.936415 0.231387 0.263793
vn -0.860340 0.502589 0.084963
vn -0.701050 0.706910 -0.093841
vn -0.847873 0.508073 0.151568
vn -0.664988 0.746715 -0.014434
vn -0.931907 0.199993 0.302578
vn -0.523052 0.377546 0.764117
vn -0.487876 0.302688 0.818753
vn -0.657481 0.182464 0.731044
vn -0.836310 0.015229 0.548046
vn -0.898887 -0.097808 0.427125
vn -0.585624 -0.198919 0.785796
vn -0.715949 -0.296215 0.632198
vn -0.430779 -0.582067 0.689657
vn -0.522855 -0.590402 0.614856
vn -0.206777 -0.863389 0.460220
vn -0.534191 0.368184 0.760973
vn -0.448175 -0.139140 0.883051
vn -0.516456 0.675404 0.526405
vn -0.482607 0.787865 0.382570
vn -0.440954 0.864886 0.239856
vn -0.649591 0.613789 -0.448658
vn -0.750944 0.540350 -0.379612
vn -0.240754 0.141282 -0.960249
vn -0.625631 -0.002241 -0.780116
vn -0.395405 0.653760 -0.645176
vn 0.136958 -0.332167 -0.933224
vn -0.269176 -0.912342 0.308508
vn -0.715606 -0.530407 0.454506
vn -0.885992 -0.388898 0.252542
vn -0.400623 -0.875204 0.271144
vn -0.112606 -0.937470 0.329348
vn -0.525278 -0.607011 0.596339
vn -0.972750 -0.231229 0.017064
vn -0.489671 -0.848984 0.198618
vn -0.971394 -0.054576 -0.231115
vn -0.677406 -0.735609 0.001215
vn -0.880181 0.352236 -0.318137
vn -0.940392 0.316068 -0.125551
vn -0.774982 0.306366 0.552759
vn -0.618952 0.326658 0.714278
vn -0.483583 0.220984 0.846943
vn -0.454506 0.344669 0.821358
vn -0.296709 0.356335 0.885996
vn -0.321142 0.213760 0.922592
vn -0.338152 0.126234 0.932587
vn -0.136976 0.137383 0.981001
vn 0.791912 -0.227223 0.566785
vn 0.307689 -0.494252 0.813045
vn 0.666087 -0.046689 0.744411
vn 0.980450 0.015902 0.196125
vn 0.934764 0.144735 0.324450
vn 0.634540 -0.079969 0.768742
vn 0.939763 0.093091 0.328908
vn 0.932425 0.302179 -0.198173
vn 0.959554 0.222250 -0.172803
vn 0.940239 0.055757 0.335920
vn 0.965920 0.211223 -0.149611
vn 0.719547 0.307181 -0.622809
vn 0.694958 0.290930 -0.657566
vn 0.927026 0.112278 0.357795
vn 0.943513 0.313437 -0.107426
vn 0.677683 0.428869 -0.597341
vn 0.028231 0.271943 -0.961899
vn -0.005351 0.360014 -0.932932
vn -0.528220 0.120804 -0.840470
vn -0.546503 0.146428 -0.824556
vn -0.617714 0.180703 -0.765360
vn -0.106235 0.579649 -0.807912
vn -0.249269 0.698434 -0.670861
vn -0.688538 0.234196 -0.686343
vn -0.838354 -0.202219 -0.506231
vn -0.889241 -0.129718 -0.438661
vn -0.826860 -0.187872 -0.530101
vn -0.805911 0.352987 -0.475298
vn -0.835347 -0.188710 -0.516317
vn -0.759494 -0.601532 -0.247644
vn -0.829731 -0.544964 -0.120672
vn -0.609001 -0.680769 -0.407028
vn 0.049184 0.511940 -0.857612
vn -0.723118 -0.567186 -0.394209
vn -0.630529 -0.646329 -0.429757
vn -0.722578 -0.276911 -0.633404
vn -0.849882 -0.406527 -0.335316
vn -0.470090 -0.090099 -0.878008
vn -0.096551 0.127325 -0.987151
vn -0.109548 0.062062 -0.992042
vn -0.521119 -0.102030 -0.847363
vn -0.786543 -0.232563 -0.572071
vn -0.153767 0.000314 -0.988107
vn -0.558870 -0.139105 -0.817505
vn -0.222256 -0.068709 -0.972564
vn 0.276975 0.311637 -0.908938
vn 0.310041 0.195835 -0.930335
vn 0.331928 0.129940 -0.934312
vn 0.337030 0.098450 -0.936332
vn 0.695001 0.285811 -0.659762
vn 0.720189 0.199902 -0.664354
vn 0.718907 0.193396 -0.667660
vn 0.915516 0.310409 -0.255883
vn 0.930031 0.220512 -0.293967
vn 0.946837 0.274814 0.167262
vn 0.971321 0.206369 0.118102
vn 0.910470 0.157163 0.382551
vn 0.854182 0.519576 -0.020353
vn 0.518928 0.704062 -0.484780
vn 0.900734 0.129328 0.414672
vn 0.776781 0.623995 0.085093
vn 0.382680 0.869100 -0.313404
vn 0.589976 0.731002 0.342877
vn 0.078587 0.995414 0.054545
vn 0.868445 0.119524 0.481162
vn -0.509906 0.807408 -0.296798
vn 0.516191 0.759441 0.395975
vn 0.857340 0.145839 0.493660
vn -0.021670 0.992140 0.123241
vn -0.545387 0.816194 -0.190735
vn -0.831663 0.384012 -0.401088
vn -0.848622 -0.190990 -0.493319
vn -0.553861 -0.717188 -0.422942
vn -0.043772 -0.995549 -0.083460
vn 0.061124 -0.988198 -0.140456
vn -0.561530 0.817471 -0.128161
vn -0.853400 0.391672 -0.343951
vn -0.116333 0.986311 0.116866
vn -0.852169 -0.250176 -0.459587
vn -0.457719 -0.805176 -0.377075
vn 0.116570 -0.984215 -0.133164
vn -0.883707 0.358473 -0.300930
vn -0.888646 -0.318471 -0.329977
vn -0.458387 -0.860537 -0.222165
vn -0.477871 -0.878422 0.003751
vn 0.814594 0.241558 -0.527339
vn 0.964343 0.237066 0.117652
vn 0.353179 0.589702 -0.726303
vn -0.138280 -0.944630 0.297579
vn -0.083233 -0.880286 0.467086
vn -0.158144 -0.876775 0.454154
vn -0.192372 -0.931649 0.308258
vn -0.114253 -0.876762 0.467156
vn -0.145220 -0.973897 0.174459
vn -0.224443 -0.944621 0.239410
vn 0.493594 -0.482111 -0.723833
vn 0.547079 -0.479493 -0.686142
vn 0.810569 0.171544 -0.559956
vn 0.790328 0.137683 -0.597014
vn 0.017019 -0.828484 -0.559755
vn 0.051425 -0.862783 -0.502952
vn 0.494417 -0.518534 -0.697620
vn 0.022180 -0.812599 -0.582401
vn 0.827158 0.080276 -0.556206
vn 0.529379 -0.555828 -0.640947
vn 0.887203 0.008632 -0.461298
vn 0.567508 -0.577557 -0.586824
vn 0.916999 -0.060903 -0.394213
vn 0.770690 0.612561 -0.175515
vn 0.822904 0.559947 -0.096374
vn 0.870301 0.490584 -0.043632
vn 0.287424 -0.517305 0.806091
vn 0.422260 -0.366359 0.829142
vn 0.321327 -0.030672 0.946471
vn 0.374802 0.106930 0.920918
vn 0.366440 -0.086902 0.926375
vn 0.370150 0.131061 0.919680
vn 0.171264 -0.234652 0.956874
vn 0.136980 -0.387739 0.911534
vn 0.042795 -0.494359 0.868204
vn 0.510902 0.485048 0.709724
vn 0.815659 0.577179 -0.039557
vn -0.294114 0.025853 0.955421
vn -0.865445 -0.006567 0.500961
vn -0.941115 0.120711 0.315803
vn -0.721748 -0.128192 0.680181
vn -0.992200 -0.107193 0.063625
vn -0.993445 0.056759 -0.099225
vn -0.955965 0.259929 0.136263
vn -0.933855 -0.270279 0.234232
vn -0.922204 0.386400 -0.015334
vn -0.840498 0.515257 0.167551
vn -0.801422 0.546367 0.243324
vn -0.647086 -0.353307 0.675613
vn -0.610294 -0.501199 0.613467
vn -0.654179 -0.278647 0.703140
vn -0.778164 -0.288057 0.558108
vn -0.750572 -0.424791 0.506157
vn -0.782819 -0.223692 0.580651
vn -0.888238 -0.207319 0.409941
vn -0.869172 -0.328674 0.369477
vn -0.890849 -0.158026 0.425929
vn -0.965809 -0.115247 0.232229
vn -0.954852 -0.214261 0.205793
vn -0.966452 -0.082555 0.243218
vn -0.999216 -0.016866 0.035817
vn -0.995483 -0.090099 0.029924
vn -0.999207 -0.000075 0.039807
vn -0.984756 0.078955 -0.154990
vn -0.988292 0.038192 -0.147719
vn -0.984384 0.078517 -0.157552
vn -0.929449 0.166137 -0.329427
vn -0.933746 0.164987 -0.317644
vn -0.929354 0.149201 -0.337698
vn -0.838079 0.243404 -0.488239
vn -0.839247 0.281357 -0.465300
vn -0.839668 0.210928 -0.500466
vn -0.666443 -0.162722 0.727581
vn -0.788001 -0.127787 0.602267
vn -0.886814 -0.088297 0.453613
vn -0.960553 -0.043310 0.274705
vn -0.997862 0.008715 0.064775
vn -0.988672 0.058308 -0.138303
vn -0.940239 0.101235 -0.325119
vn -0.847864 0.142736 -0.510641
vn -0.717832 0.180620 -0.672379
vn -0.720381 0.263063 -0.641755
vn -0.719548 0.307544 -0.622629
vn -0.572256 0.210001 -0.792731
vn -0.578450 0.308530 -0.755119
vn -0.580935 0.360201 -0.729911
vn -0.404089 0.234101 -0.884256
vn -0.417640 0.348923 -0.838946
vn -0.422780 0.404424 -0.810986
vn -0.215651 0.255233 -0.942524
vn -0.245009 0.382420 -0.890913
vn -0.254188 0.441055 -0.860732
vn -0.039471 0.270839 -0.961815
vn -0.069606 0.408798 -0.909967
vn -0.082906 0.471120 -0.878164
vn 0.139788 0.281283 -0.949389
vn 0.105428 0.428652 -0.897297
vn 0.089514 0.492547 -0.865670
vn 0.328910 0.287364 -0.899577
vn 0.279892 0.440687 -0.852910
vn 0.262373 0.502926 -0.823545
vn 0.500466 0.287535 -0.816614
vn 0.452721 0.440689 -0.775136
vn 0.433799 0.501124 -0.748795
vn 0.652370 0.278859 -0.704735
vn 0.609167 0.426686 -0.668472
vn 0.590212 0.484586 -0.645621
vn 0.795889 0.257712 -0.547855
vn 0.752438 0.396310 -0.526095
vn 0.734246 0.447702 -0.510339
vn -0.792087 -0.084879 0.604479
vn -0.887208 -0.049118 0.458748
vn -0.959314 -0.009352 0.282186
vn -0.996717 0.037393 0.071812
vn -0.988088 0.081920 -0.130273
vn -0.940939 0.120475 -0.316418
vn -0.846999 0.158111 -0.507538
vn -0.713547 0.192046 -0.673772
vn -0.568134 0.216741 -0.793881
vn -0.396768 0.236756 -0.886860
vn -0.204925 0.255090 -0.944952
vn -0.030972 0.268554 -0.962767
vn 0.148382 0.277471 -0.949206
vn 0.339482 0.282967 -0.897041
vn 0.508761 0.283716 -0.812815
vn -0.758964 0.256458 0.598501
vn 0.002846 -0.745677 0.666301
vn -0.128737 -0.680644 0.721214
vn -0.226298 -0.846274 0.482297
vn -0.652675 -0.312529 -0.690175
vn -0.026337 -0.884493 -0.465809
vn 0.504649 -0.857469 0.100376
vn 0.268399 -0.087009 0.959370
vn 0.230083 0.275287 0.933423
vn 0.948321 0.076036 0.308068
vn -0.553539 -0.200926 0.808223
vn -0.776142 0.057402 0.627940
vn -0.731169 0.029486 0.681559
vn 0.202251 0.207576 0.957082
vn -0.468252 -0.849707 -0.242360
vn -0.253594 -0.861350 -0.440188
vn 0.245185 -0.842328 -0.479967
vn -0.133374 -0.849328 -0.510738
vn 0.578056 -0.723638 -0.377092
vn 0.832292 -0.496568 -0.246397
vn 0.701372 -0.588872 -0.401630
vn 0.597983 -0.678309 -0.426982
vn 0.367422 -0.778764 -0.508457
vn 0.526504 -0.558164 -0.641285
vn -0.918804 -0.391952 0.046613
vn -0.699300 -0.406851 0.587751
vn -0.947655 -0.314468 0.055311
vn -0.909733 -0.161722 -0.382403
vn -0.907941 -0.185590 -0.375766
vn -0.578023 0.049027 -0.814547
vn -0.646727 0.128087 -0.751890
vn -0.664663 -0.348341 0.660970
vn -0.880611 -0.415433 0.227901
vn -0.848783 -0.378251 -0.369450
vn -0.437087 -0.179686 -0.881288
vn 0.153713 0.077231 -0.985093
vn 0.019282 0.279660 -0.959906
vn -0.777816 -0.459904 -0.428358
vn -0.367690 -0.192514 -0.909804
vn -0.821282 -0.520125 0.234450
vn 0.153784 0.107625 -0.982226
vn 0.672652 0.269493 -0.689139
vn 0.663335 0.360130 -0.655967
vn 0.590477 0.326742 -0.737954
vn 0.911931 0.314414 -0.263677
vn 0.836298 0.423007 -0.348813
vn 0.320927 0.505130 0.801155
vn 0.432888 -0.097201 0.896192
vn 0.405409 0.214276 0.888668
vn 0.950069 -0.121545 0.287396
vn 0.375538 0.607823 0.699658
vn 0.579382 0.813939 -0.042659
vn 0.492464 0.816630 0.300988
vn 0.503640 0.799894 0.326368
vn 0.795053 0.591585 -0.133859
vn 0.705020 0.708138 -0.038569
vn 0.476516 0.850110 0.224155
vn 0.654968 0.748352 -0.104816
vn -0.615807 -0.785846 -0.056817
vn -0.969715 -0.243376 0.020525
vn 0.690882 0.625610 0.362346
vn -0.321061 0.351129 0.879561
vn 0.012576 -0.567369 0.823368
vn 0.828653 -0.177761 0.530788
vn -0.051093 0.987247 -0.150773
vn -0.880452 0.466776 0.083212
vn 0.860977 0.228138 -0.454611
vn 0.771138 0.330110 -0.544402
vn 0.379739 -0.418942 -0.824794
vn 0.381912 -0.437219 -0.814238
vn 0.430559 0.541104 0.722375
vn 0.493999 0.799175 0.342467
vn 0.058557 -0.468019 0.881776
vn 0.386377 -0.845089 -0.369511
vn -0.253085 -0.859591 -0.443904
vn -0.235841 -0.854813 -0.462248
vn 0.356730 -0.397275 -0.845527
vn 0.379631 -0.363382 -0.850784
vn -0.614830 -0.703994 0.355495
vn 0.384917 -0.358728 -0.850384
vn 0.840736 -0.111385 -0.529865
vn 0.881033 -0.217750 -0.419959
vn 0.619053 0.780793 0.084477
vn 0.532003 0.825750 -0.187376
vn 0.800402 0.372239 -0.469888
vn 0.586939 0.723005 0.364370
vn 0.565607 0.749516 0.343969
vn 0.552359 0.766332 0.328077
vn -0.107957 0.431355 0.895700
vn -0.101950 0.419283 0.902113
vn 0.788123 0.381859 -0.482749
vn 0.772448 0.340142 -0.536309
vn -0.546680 -0.221402 0.807541
vn -0.074185 -0.353009 0.932674
vn -0.169447 0.325356 0.930286
vn -0.164185 0.486122 0.858329
vn -0.458735 -0.822712 0.335719
vn -0.093816 -0.836211 0.540324
vn -0.680288 -0.727684 0.087665
vn -0.769202 -0.596689 -0.228672
vn -0.041820 -0.349444 0.936024
vn -0.100478 -0.182479 0.978062
vn -0.708482 -0.703986 -0.049567
vn -0.795711 -0.393141 -0.460743
vn -0.696009 -0.396893 -0.598371
vn -0.537680 0.193236 -0.820707
vn -0.404564 0.169484 -0.898668
vn -0.816922 -0.576746 -0.001693
vn -0.859590 -0.285222 -0.423974
vn -0.621742 0.148482 -0.769019
vn 0.117554 -0.011777 0.992997
vn -0.428815 -0.187892 0.883637
vn -0.486323 -0.219542 0.845749
vn -0.832691 -0.347019 0.431514
vn -0.859068 -0.370693 0.352971
vn -0.524297 -0.264023 0.809570
vn -0.810968 -0.320427 0.489548
vn 0.142158 -0.015484 0.989723
vn -0.927964 -0.369270 0.050229
vn -0.877631 -0.376977 0.296062
vn -0.578105 -0.283463 0.765143
vn -0.941057 -0.319133 0.112101
vn -0.950790 -0.178401 0.253323
vn -0.840606 -0.427968 0.332000
vn -0.889548 -0.452207 0.064907
vn -0.870015 -0.404040 0.282533
vn 0.568536 0.614540 -0.546908
vn 0.429319 0.707443 -0.561435
vn 0.440394 0.730339 -0.522167
vn 0.584583 0.654803 -0.479057
vn 0.407540 0.672208 -0.618100
vn 0.713940 0.505873 -0.484130
vn 0.691635 0.406183 -0.597207
vn 0.729709 0.549188 -0.407328
vn 0.603599 0.651243 -0.459947
vn 0.744632 0.552574 -0.374414
vn 0.459275 0.720937 -0.518956
vn 0.863390 0.408557 -0.296039
vn 0.860243 0.356487 -0.364554
vn 0.871352 0.418908 -0.255463
vn 0.628295 0.625544 -0.462537
vn 0.765978 0.528717 -0.365698
vn 0.481959 0.696077 -0.532158
vn 0.888490 0.395182 -0.233273
vn 0.329189 0.746108 -0.578755
vn 0.312787 0.768468 -0.558230
vn 0.831412 0.499813 0.242779
vn 0.763657 0.645110 -0.025715
vn 0.789622 0.539846 0.291657
vn 0.732483 0.680563 0.017410
vn 0.769697 0.321722 0.551418
vn 0.733749 0.587690 0.340929
vn 0.694652 0.715866 0.070668
vn 0.701627 0.388114 0.597568
vn 0.639380 0.439041 0.631218
vn 0.683605 0.615719 0.391885
vn 0.669351 0.731951 0.127350
vn 0.572610 0.503289 0.647162
vn 0.647214 0.631061 0.427639
vn 0.670535 0.721077 0.174444
vn 0.493945 0.622866 0.606676
vn 0.605171 0.683090 0.408848
vn 0.658086 0.723879 0.207176
vn 0.615244 -0.006418 0.788311
vn 0.558133 0.088671 0.825000
vn 0.500260 0.171622 0.848697
vn 0.418024 0.264050 0.869214
vn 0.275776 0.449190 0.849809
vn 0.329905 -0.230111 0.915539
vn 0.279501 -0.163619 0.946101
vn 0.374332 -0.313574 0.872667
vn 0.187717 -0.091989 0.977906
vn -0.033201 0.103233 0.994103
vn -0.226377 0.317298 0.920910
vn 0.120875 -0.484398 0.866457
vn 0.077864 -0.442164 0.893548
vn 0.003694 -0.401021 0.916061
vn -0.248875 -0.305232 0.919182
vn -0.498358 -0.264280 0.825709
vn -0.299243 -0.610518 0.733295
vn -0.476998 -0.663010 0.576966
vn -0.130540 -0.629814 0.765698
vn -0.318732 -0.787338 0.527740
vn -0.402747 -0.784751 0.471127
vn -0.415338 -0.828339 0.375964
vn -0.480898 -0.859335 0.174012
vn -0.557635 -0.829946 0.015246
vn -0.443231 -0.832763 0.331740
vn -0.421243 -0.853428 0.306944
vn -0.499451 -0.861470 -0.091747
vn -0.548851 -0.832284 -0.077883
vn -0.294738 -0.855128 0.426480
vn -0.580927 -0.742706 0.333035
vn -0.353758 -0.632792 0.688788
vn -0.663917 -0.743334 -0.081657
vn 0.236158 -0.717125 0.655714
vn 0.461050 -0.829439 -0.315381
vn -0.648120 -0.300433 0.699772
vn -0.416545 -0.907364 -0.056403
vn -0.744941 0.025044 0.666660
vn -0.640755 -0.208908 -0.738777
vn 0.048547 -0.353118 -0.934318
vn 0.134655 -0.182002 -0.974035
vn -0.978433 0.191545 -0.077331
vn -0.994074 0.059242 0.091149
vn 0.814896 0.546938 0.191845
vn 0.597633 -0.058614 0.799625
vn 0.832311 0.518185 0.196833
vn 0.211637 0.803682 -0.556152
vn 0.140374 0.860804 -0.489194
vn 0.824771 0.539521 0.169322
vn 0.291376 0.702728 -0.649056
vn 0.897584 0.409688 0.162788
vn 0.318618 0.591853 -0.740400
vn 0.595434 -0.087738 0.798599
vn -0.571902 0.190679 -0.797853
vn -0.598364 0.161520 -0.784775
vn -0.652334 0.228365 -0.722710
vn 0.926459 0.347387 0.144904
vn 0.309210 0.567110 -0.763397
vn 0.586254 -0.129041 0.799784
vn -0.582365 0.233827 -0.778573
vn -0.965450 -0.254589 -0.055589
vn -0.942116 -0.324516 -0.084303
vn -0.855664 0.509942 -0.088307
vn 0.686418 0.100148 0.720278
vn 0.686424 0.125798 0.716238
vn -0.262673 0.298953 0.917404
vn 0.676474 0.083821 0.731681
vn -0.868050 0.288314 0.404184
vn -0.971013 0.182399 -0.154481
vn 0.983754 -0.092491 0.153861
vn 0.990545 -0.064437 0.121117
vn 0.980219 -0.087687 0.177434
vn 0.903850 -0.205729 -0.375140
vn 0.283038 -0.274481 -0.918994
vn 0.214703 -0.282188 -0.935026
vn 0.891557 -0.210937 -0.400790
vn 0.913752 -0.211854 -0.346663
vn 0.333888 -0.245365 -0.910118
vn 0.992317 -0.038698 0.117519
vn -0.715081 -0.071837 -0.695341
vn -0.748816 -0.073286 -0.658714
vn 0.170933 -0.282827 -0.943817
vn -0.697177 -0.084190 -0.711939
vn 0.879776 -0.200358 -0.431105
vn 0.989504 -0.001721 0.144496
vn -0.795690 -0.098010 -0.597721
vn 0.137443 -0.299355 -0.944191
vn 0.870965 -0.185365 -0.455038
vn 0.869498 -0.191749 -0.455198
vn 0.174052 -0.295822 -0.939252
vn 0.881969 -0.207186 -0.423327
vn 0.171473 -0.308533 -0.935631
vn 0.202805 -0.305611 -0.930308
vn 0.256099 -0.241357 -0.936034
vn 0.262811 -0.201679 -0.943534
vn 0.344104 -0.058535 -0.937105
vn 0.880334 0.004195 -0.474337
vn 0.951407 0.307905 -0.004405
vn 0.880159 0.472833 -0.041819
vn 0.575848 -0.460954 -0.675219
vn 0.331088 0.798606 0.502602
vn 0.224382 0.925002 0.306635
vn 0.909939 0.352154 -0.219088
vn -0.487662 0.464470 0.739225
vn -0.536477 0.616448 0.576354
vn -0.897458 -0.439206 0.040838
vn -0.372996 -0.771371 -0.515617
vn -0.545975 0.714067 0.438200
vn 0.235541 0.951864 0.196150
vn 0.950991 0.205866 -0.230728
vn 0.275440 0.957308 0.087722
vn 0.962924 0.186658 -0.194774
vn 0.630594 -0.750488 -0.197788
vn -0.186651 -0.980394 0.063153
vn -0.898251 -0.231975 0.373274
vn -0.538082 0.777916 0.324523
vn -0.558712 0.788075 0.258417
vn 0.318719 0.947265 0.033281
vn -0.916209 -0.227306 0.329990
vn 0.970419 0.179881 -0.161029
vn 0.614140 -0.779216 -0.125122
vn -0.910770 -0.284009 0.299727
vn -0.597532 0.756476 0.265893
vn 0.371758 0.926476 0.058631
vn -0.370486 -0.498141 -0.783962
vn -0.166786 -0.172782 -0.970736
vn -0.525161 -0.711237 -0.467277
vn -0.475502 -0.727331 -0.494860
vn -0.150861 -0.162409 -0.975123
vn -0.136161 -0.118572 -0.983565
vn 0.092896 0.279146 -0.955745
vn 0.105374 0.226518 -0.968290
vn -0.336543 -0.487033 -0.805939
vn -0.314005 -0.474771 -0.822188
vn 0.107188 0.195985 -0.974731
vn 0.322741 0.575539 -0.751394
vn 0.369163 0.557741 -0.743400
vn 0.389501 0.535998 -0.748996
vn 0.570946 0.720659 -0.393283
vn 0.556194 0.719872 -0.415250
vn 0.655606 0.754849 -0.019598
vn 0.654338 0.753736 -0.061018
vn 0.015170 0.451696 -0.892043
vn 0.663694 0.501799 -0.554715
vn 0.928633 0.362774 -0.077692
vn 0.961495 0.255422 -0.101429
vn 0.939274 0.106876 0.326102
vn 0.594625 -0.232296 0.769714
vn 0.527039 -0.282317 0.801578
vn 0.471305 -0.457852 0.753819
vn 0.615901 -0.381316 0.689395
vn 0.567803 -0.605406 0.557749
vn 0.146124 -0.770885 0.619987
vn 0.302138 -0.938018 0.169807
vn 0.668368 -0.721195 0.182107
vn 0.240601 0.917851 -0.315692
vn 0.060365 0.806000 -0.588829
vn 0.264191 0.894582 -0.360452
vn 0.536742 0.843731 0.005129
vn 0.575617 0.817412 -0.022442
vn 0.736822 0.593422 0.323951
vn 0.355030 0.844362 -0.401255
vn 0.695929 0.714198 -0.074858
vn 0.802648 0.540784 0.251614
vn 0.596250 0.688591 -0.412710
vn 0.878533 0.213312 0.427408
vn 0.910356 0.404907 0.085455
vn 0.951263 0.223886 0.212068
vn 0.940504 0.225886 -0.253826
vn 0.924477 0.245389 -0.291764
vn 0.316049 0.342115 -0.884913
vn 0.244179 0.278593 -0.928850
vn 0.975722 0.218453 0.015649
vn 0.987661 0.155393 -0.019465
vn 0.976095 -0.001786 -0.217336
vn 0.984316 0.036029 0.172698
vn 0.093738 -0.119589 -0.988389
vn -0.025164 -0.574351 0.818222
vn 0.340630 -0.480230 -0.808301
vn 0.335932 -0.471683 -0.815269
vn -0.109927 -0.753341 -0.648378
vn -0.398815 -0.866908 -0.299027
vn 0.786099 0.220228 -0.577536
vn 0.793330 0.096993 -0.601016
vn 0.809800 0.246608 -0.532361
vn 0.890762 0.213231 0.401342
vn 0.994114 -0.096460 0.049334
vn 0.916856 0.272252 0.291984
vn 0.517779 -0.056272 0.853662
vn 0.547123 0.070641 0.834066
vn -0.285571 -0.817279 0.500504
vn -0.207811 -0.819186 0.534555
vn -0.282267 -0.800909 0.528082
vn 0.188477 -0.407867 0.893376
vn -0.097582 -0.214899 0.971749
vn 0.881257 -0.459154 0.112090
vn -0.357598 -0.933871 0.003058
vn -0.522714 -0.833628 0.178421
vn -0.086012 -0.933971 -0.346845
vn -0.249927 0.022890 0.967994
vn -0.679300 -0.697773 0.227297
vn -0.373032 0.141580 0.916953
vn -0.839552 -0.518855 0.161063
vn -0.426957 0.247970 0.869608
vn -0.929002 -0.368562 0.033434
vn -0.518532 0.332014 0.787967
vn 0.376896 0.522093 0.765094
vn -0.967916 -0.248498 -0.037249
vn -0.563017 0.339105 0.753671
vn 0.294431 0.555247 0.777825
vn -0.964901 -0.256072 -0.058253
vn -0.573256 0.338816 0.746044
vn 0.265763 0.645785 0.715774
vn -0.947335 -0.312450 0.070232
vn -0.329049 -0.659853 -0.675515
vn -0.342975 -0.618151 -0.707289
vn -0.362570 -0.654751 -0.663208
vn -0.351101 -0.592611 -0.724941
vn -0.300102 -0.550006 -0.779379
vn -0.259652 -0.556801 -0.789020
vn 0.963593 0.240040 -0.117767
vn 0.559078 -0.382365 -0.735683
vn -0.572309 0.367085 0.733287
vn -0.589524 0.360330 0.722927
vn -0.841104 -0.047609 0.538774
vn -0.926902 -0.260103 0.270554
vn 0.143214 0.356295 0.923333
vn -0.057462 0.223090 0.973103
vn -0.553793 -0.242422 0.796583
vn -0.572396 -0.318230 0.755707
vn 0.344606 -0.881473 -0.322880
vn 0.207569 -0.926722 -0.313212
vn 0.283916 -0.803012 -0.523988
vn 0.350518 -0.583032 -0.732946
vn 0.376975 -0.288070 -0.880287
vn 0.544290 -0.217177 -0.810298
vn 0.543999 -0.502611 -0.671898
vn 0.476130 -0.732851 -0.486034
vn 0.345648 0.087027 -0.934320
vn 0.467321 0.118430 -0.876120
vn 0.694706 -0.104111 -0.711720
vn 0.707504 -0.417764 -0.570010
vn 0.592017 0.213195 -0.777216
vn 0.237407 0.511724 -0.825698
vn 0.294640 0.467626 -0.833375
vn 0.389556 0.510470 -0.766594
vn 0.086136 0.806206 -0.585331
vn 0.036412 0.762597 -0.645849
vn 0.084258 0.755000 -0.650289
vn -0.066021 0.949497 -0.306752
vn -0.186289 0.898326 -0.397878
vn -0.209851 0.854349 -0.475447
vn 0.493506 0.609408 -0.620543
vn 0.197477 0.812924 -0.547866
vn -0.129002 0.891001 -0.435289
vn -0.452823 0.848323 -0.274407
vn -0.355820 0.913962 -0.195103
vn -0.680855 -0.692194 -0.239383
vn -0.840827 -0.540931 -0.020080
vn -0.523355 -0.797642 -0.299779
vn -0.493450 -0.782860 -0.378997
vn -0.682138 -0.694363 0.229232
vn -0.935272 0.279052 -0.217707
vn -0.776517 -0.057482 -0.627469
vn 0.829198 0.381789 0.408250
vn 0.678538 0.303294 0.669029
vn 0.745759 0.366060 0.556635
vn 0.386900 0.179282 0.904526
vn -0.119876 -0.097461 0.987994
vn -0.652162 -0.372003 0.660530
vn -0.094129 -0.118896 0.988435
vn -0.685741 -0.387178 0.616322
vn 0.413016 0.152024 0.897946
vn -0.863158 -0.457516 0.213630
vn -0.871879 -0.452604 0.187020
vn 0.432538 0.148140 0.889362
vn -0.247986 -0.189887 0.949971
vn -0.752166 -0.402892 0.521464
vn -0.880136 -0.447623 0.158096
vn -0.792469 -0.418735 0.443456
vn -0.885112 -0.448772 0.123205
vn -0.379393 -0.232075 0.895658
vn -0.453692 -0.251777 0.854852
vn -0.828367 -0.411959 0.379602
vn -0.896349 -0.436134 0.079654
vn -0.800740 -0.225256 -0.555046
vn -0.926632 -0.087380 -0.365676
vn -0.330554 -0.852935 -0.404024
vn -0.964521 -0.263581 -0.015005
vn -0.736710 0.073348 0.672219
vn -0.857683 -0.465247 0.218918
vn -0.953886 -0.230545 0.192225
vn -0.978527 -0.093663 0.183607
vn -0.573267 -0.745996 0.338903
vn -0.567698 -0.748466 -0.342810
vn -0.730585 -0.496708 -0.468537
vn -0.846682 -0.232751 -0.478495
vn -0.078816 -0.730520 -0.678328
vn -0.175118 -0.510513 -0.841849
vn -0.295738 -0.231024 -0.926913
vn -0.929631 -0.024171 -0.367699
vn -0.995894 0.076288 0.048739
vn -0.732348 0.193674 0.652806
vn -0.539841 -0.052007 -0.840159
vn -0.740065 -0.094457 -0.665869
vn -0.801092 0.160448 0.576634
vn -0.830139 0.023240 0.557072
vn -0.897369 0.044916 0.438988
vn -0.864847 0.186264 0.466203
vn -0.958630 0.075288 0.274520
vn -0.923661 0.217735 0.315344
vn -0.518279 0.371579 -0.770270
vn -0.349168 0.414635 -0.840333
vn -0.376117 0.473482 -0.796462
vn -0.536028 0.444281 -0.717836
vn -0.647054 0.332820 -0.685968
vn -0.654171 0.417382 -0.630755
vn -0.797968 0.301714 -0.521743
vn -0.799210 0.390917 -0.456560
vn -0.914878 0.233629 -0.329266
vn -0.899959 0.346301 -0.264859
vn -0.969433 0.159274 -0.186631
vn -0.945972 0.298282 -0.127142
vn -0.993558 0.110919 0.023244
vn -0.964190 0.253840 0.076837
vn -0.923786 0.376573 -0.069374
vn -0.930592 0.345974 0.119581
vn -0.888313 0.314284 0.334851
vn -0.824803 0.287402 0.486929
vn -0.889763 0.397710 -0.223940
vn -0.801914 0.414634 -0.430131
vn -0.667367 0.431940 -0.606670
vn -0.550387 0.446132 -0.705720
vn -0.384488 0.454662 -0.803400
vn -0.184269 0.460931 -0.868095
vn -0.035230 0.467774 -0.883146
vn 0.124986 0.470693 -0.873399
vn 0.329014 0.476446 -0.815322
vn 0.487542 0.483611 -0.726927
vn -0.178477 0.484188 -0.856567
vn -0.032870 0.488953 -0.871691
vn 0.114148 0.499213 -0.858928
vn 0.322271 0.503836 -0.801430
vn -0.154453 0.424404 -0.892203
vn -0.011101 0.427980 -0.903720
vn 0.136830 0.442074 -0.886481
vn 0.338473 0.438291 -0.832669
vn -0.807774 -0.417125 0.416543
vn -0.501095 -0.288039 0.816050
vn -0.614689 -0.536776 0.577952
vn -0.446783 -0.221114 0.866887
vn 0.094976 -0.656379 0.748429
vn 0.954653 0.043978 0.294455
vn 0.959429 0.043024 0.278649
vn 0.727922 0.305181 0.613999
vn 0.722077 0.321789 0.612418
vn 0.288317 0.488011 0.823844
vn 0.738871 0.312415 0.597049
vn 0.772741 0.297022 0.560935
vn 0.267688 0.490526 0.829293
vn 0.797048 0.275314 0.537510
vn 0.275093 0.486820 0.829053
vn -0.391803 0.506674 0.767966
vn -0.783703 0.387262 0.485632
vn -0.965118 0.217634 0.145542
vn -0.611499 0.783995 -0.106865
vn -0.381980 0.916854 0.116060
vn -0.404980 0.914274 -0.009703
vn -0.604506 0.769821 -0.204815
vn -0.810312 0.471357 -0.348162
vn -0.781133 0.482816 -0.395879
vn -0.846179 -0.054854 -0.530067
vn -0.848141 0.035084 -0.528608
vn -0.714100 -0.438893 -0.545375
vn -0.762166 -0.363256 -0.535861
vn -0.431693 0.901446 -0.032200
vn -0.614050 0.759480 -0.214784
vn -0.775586 0.492728 -0.394570
vn -0.845104 0.083925 -0.527973
vn -0.759031 -0.344317 -0.552556
vn -0.551824 -0.705336 -0.444962
vn -0.550921 -0.690863 -0.468182
vn -0.300421 -0.900764 -0.313642
vn -0.289418 -0.911734 -0.291512
vn -0.538330 0.839197 0.077131
vn -0.689833 0.713733 -0.121305
vn -0.803546 0.478637 -0.353867
vn -0.811339 0.116004 -0.572950
vn -0.675513 -0.291969 -0.677079
vn -0.442832 -0.633676 -0.634314
vn -0.190185 -0.853731 -0.484740
vn -0.620160 0.766027 0.169127
vn -0.741566 0.666871 -0.073232
vn -0.804479 0.450729 -0.386856
vn -0.740203 0.124459 -0.660764
vn -0.566682 -0.226064 -0.792317
vn -0.329492 -0.546638 -0.769819
vn -0.084319 -0.779589 -0.620589
vn 0.031009 -0.960361 -0.277029
vn 0.122792 -0.906315 -0.404370
vn -0.063360 -0.989396 -0.130696
vn -0.613788 0.768795 0.179495
vn -0.711465 0.692182 -0.121251
vn -0.717305 0.490858 -0.494502
vn -0.606875 0.194679 -0.770586
vn -0.449213 -0.124115 -0.884762
vn -0.252360 -0.453824 -0.854610
vn -0.031354 -0.722146 -0.691030
vn 0.162040 -0.871642 -0.462582
vn -0.455652 0.283417 -0.843834
vn -0.311518 -0.007642 -0.950209
vn -0.154921 -0.353833 -0.922389
vn 0.024364 -0.673370 -0.738905
vn 0.190242 -0.851999 -0.487756
vn -0.138948 0.132724 -0.981365
vn 0.005585 -0.180775 -0.983509
vn 0.849782 -0.461485 0.254758
vn 0.970512 0.169620 0.171276
vn 0.924997 0.020556 0.379417
vn 0.775293 -0.501423 0.384052
vn 0.940539 -0.336016 0.049789
vn 0.960123 0.270791 -0.069535
vn 0.887944 0.344082 0.305227
vn 0.890309 0.446405 0.089844
vn 0.733987 -0.444069 0.513874
vn 0.944555 -0.218062 -0.245489
vn 0.889961 0.341629 -0.302091
vn 0.848429 0.514808 -0.123047
vn 0.857725 0.494350 -0.141161
vn 0.890471 0.450291 0.065568
vn 0.882399 0.383664 0.272348
vn 0.892763 0.369947 0.257124
vn 0.845980 0.274132 0.457350
vn 0.894224 0.443837 0.058067
vn 0.910913 0.345768 0.225128
vn 0.877369 0.244669 0.412749
vn 0.829758 0.172401 0.530829
vn 0.955612 0.116560 -0.270592
vn 0.995681 0.033024 -0.086769
vn 0.853790 0.251512 -0.455834
vn -0.893108 -0.431449 0.127317
vn -0.685912 0.040178 0.726575
vn -0.144169 0.594746 0.790881
vn -0.668224 0.349541 0.656733
vn 0.070871 0.675563 0.733888
vn -0.979526 -0.182793 0.084350
vn -0.997340 -0.014807 0.071372
vn -0.769467 -0.199111 -0.606857
vn -0.857783 0.279991 -0.431061
vn -0.200316 0.847411 0.491699
vn -0.456192 0.799110 0.391552
vn -0.006756 0.821166 0.570650
vn -0.886111 0.460534 0.052120
vn -0.848860 -0.478194 0.225316
vn -0.681996 -0.162788 -0.713009
vn 0.527435 -0.381772 -0.758988
vn 0.509594 -0.389586 -0.767161
vn 0.978991 0.203794 0.006687
vn 0.977916 0.205745 0.036749
vn -0.212372 -0.644365 -0.734637
vn 0.195818 0.511395 -0.836738
vn 0.441188 0.608208 -0.659876
vn 0.408961 0.674575 -0.614573
vn 0.160099 0.586969 -0.793622
vn -0.014717 0.397513 -0.917479
vn 0.081846 0.368671 -0.925950
vn -0.061842 0.441670 -0.895044
vn 0.979138 0.169491 -0.112079
vn 0.610022 -0.788053 -0.082742
vn -0.840323 -0.394796 0.371474
vn -0.626435 0.710603 0.320347
vn 0.496320 0.835382 0.236230
vn 0.988960 0.013879 0.147534
vn 0.580137 -0.814135 0.025009
vn -0.114941 -0.968890 0.219180
vn -0.236510 -0.966844 0.096313
vn 0.545688 -0.503014 0.670225
vn -0.486657 -0.508557 0.710306
vn 0.419230 0.594041 0.686558
vn -0.539594 0.556248 0.632001
vn -0.331841 -0.731304 0.595883
vn -0.293047 -0.735180 0.611256
vn -0.231472 -0.704538 0.670855
vn -0.211920 -0.675598 0.706157
vn -0.371226 -0.619294 0.691858
vn -0.223908 -0.369457 0.901868
vn -0.080489 -0.586070 0.806252
vn -0.251240 -0.868050 0.428213
vn -0.223500 -0.968555 0.109308
vn -0.092762 -0.621074 0.778243
vn 0.619599 0.602156 -0.503494
vn -0.566568 -0.046296 -0.822714
vn -0.349486 0.478882 -0.805314
vn -0.641231 -0.106723 -0.759890
vn -0.025415 -0.586209 0.809761
vn 0.305866 -0.358627 0.881948
vn 0.167372 -0.457287 0.873428
vn 0.146465 -0.644198 0.750704
vn 0.151468 -0.628177 0.763185
vn 0.073097 -0.534399 0.842065
vn -0.258927 -0.433082 0.863364
vn 0.398834 -0.890307 0.219738
vn 0.230304 -0.027322 -0.972735
vn 0.338943 -0.157673 -0.927500
vn 0.071008 -0.066994 -0.995223
vn -0.988228 -0.037978 0.148199
vn -0.576400 -0.017255 0.816985
vn -0.869191 -0.073704 -0.488952
vn -0.851580 -0.097891 -0.515003
vn -0.046287 -0.061313 -0.997045
vn -0.994084 0.107393 -0.016228
vn -0.686992 0.281861 0.669773
vn -0.665268 0.210219 0.716399
vn -0.996615 0.072859 0.038086
vn 0.299795 0.212804 0.929966
vn 0.315481 0.139970 0.938552
vn -0.700861 0.312518 0.641192
vn 0.266616 0.236018 0.934458
vn -0.989961 0.136915 -0.035086
vn -0.835724 -0.090855 -0.541582
vn -0.845448 -0.085810 -0.527119
vn -0.833132 -0.106054 -0.542811
vn -0.232762 -0.319409 -0.918586
vn 0.760735 -0.353727 -0.544206
vn 0.982512 -0.182553 0.036674
vn -0.948746 -0.282011 -0.142653
vn -0.673353 -0.042317 0.738109
vn -0.997606 -0.018263 0.066694
vn -0.973089 0.178437 -0.145800
vn -0.990554 -0.031922 0.133353
vn -0.993812 0.039835 0.103684
vn -0.855527 -0.098463 -0.508310
vn -0.628815 0.116317 0.768806
vn -0.134277 0.749721 -0.647988
vn -0.176502 0.744760 -0.643568
vn -0.283152 0.934343 -0.216398
vn -0.186425 0.722413 -0.665857
vn -0.402903 0.705678 -0.582827
vn -0.887527 -0.457945 -0.050811
vn -0.859271 -0.437225 -0.265496
vn -0.759562 -0.377633 -0.529583
vn -0.439527 -0.214081 -0.872345
vn -0.889758 -0.453828 -0.048689
vn -0.852890 -0.430331 -0.295624
vn -0.740327 -0.360823 -0.567206
vn -0.442272 -0.204595 -0.873233
vn -0.892326 -0.447826 -0.056624
vn -0.848727 -0.423890 -0.316197
vn -0.720670 -0.361134 -0.591791
vn -0.892466 -0.443450 -0.082805
vn -0.848527 -0.423045 -0.317860
vn -0.718599 -0.369508 -0.589135
vn -0.894770 -0.432051 -0.112780
vn -0.849491 -0.410080 -0.331962
vn -0.897346 -0.440185 0.031751
vn -0.886998 -0.443355 -0.129114
vn -0.854538 -0.405809 0.324165
vn -0.842851 -0.443794 -0.304383
vn 0.082130 0.900037 0.428004
vn 0.066175 0.900885 0.428984
vn -0.508686 0.852756 -0.118513
vn -0.535322 0.834014 -0.133610
vn 0.498056 0.549245 0.671021
vn 0.511755 0.513218 0.688995
vn 0.478232 0.565243 0.672157
vn 0.666512 0.100159 0.738736
vn 0.594032 0.443995 0.670816
vn 0.694234 0.057547 0.717445
vn 0.119335 0.875053 0.469085
vn -0.549328 0.829446 -0.101281
vn -0.787207 0.234741 -0.570265
vn -0.797846 0.239296 -0.553335
vn 0.784992 -0.067313 0.615838
vn 0.701151 -0.124429 0.702071
vn 0.741306 -0.421189 0.522556
vn 0.995407 0.091781 -0.027225
vn 0.999644 0.019513 0.018216
vn 0.997836 0.065758 -0.000031
vn 0.973628 0.226748 -0.025187
vn 0.898721 0.220624 -0.378980
vn 0.349741 0.353427 -0.867624
vn -0.178065 0.259311 -0.949237
vn -0.334616 -0.116424 -0.935135
vn -0.222641 0.224546 -0.948689
vn -0.352382 -0.168124 -0.920631
vn -0.416657 -0.870876 0.260714
vn -0.462533 -0.876049 -0.136388
vn 0.712647 -0.701290 -0.018101
vn 0.131266 -0.970348 0.202965
vn 0.578556 -0.525931 0.623434
vn 0.845515 -0.309604 0.435029
vn -0.211924 -0.775137 -0.595190
vn -0.419773 -0.628286 -0.655017
vn 0.890847 0.337441 -0.304179
vn 0.925219 0.292655 -0.241500
vn 0.555287 0.549048 -0.624662
vn 0.484574 0.654330 -0.580552
vn 0.853247 0.225171 -0.470392
vn 0.588509 0.455202 -0.668168
vn 0.936707 0.245560 -0.249560
vn 0.631131 0.359248 -0.687469
vn 0.633517 0.356940 -0.686476
vn 0.109798 0.249980 -0.962005
vn -0.439285 0.021180 -0.898098
vn -0.840056 0.395397 -0.371438
vn -0.809916 -0.123210 -0.573460
vn -0.494616 -0.734227 -0.465044
vn -0.228916 -0.915044 -0.332103
vn -0.020477 -0.979046 -0.202607
vn -0.054003 -0.990631 -0.125438
vn 0.978882 -0.089136 0.183968
vn 0.941087 0.291911 -0.170713
vn 0.978898 -0.159030 -0.128328
vn 0.995220 -0.097644 0.001585
vn 0.896869 0.417858 0.144987
vn 0.933488 0.259143 0.247882
vn 0.656340 0.565774 0.499117
vn 0.678393 0.556921 0.479190
vn 0.636855 0.622871 0.454365
vn 0.269849 0.729640 0.628337
vn 0.300847 0.714063 0.632143
vn 0.607284 0.488679 0.626418
vn 0.224725 0.624993 0.747584
vn 0.254590 0.724983 0.639987
vn -0.104216 0.722534 0.683435
vn -0.102324 0.731398 0.674231
vn -0.114526 0.697618 0.707257
vn -0.932769 -0.347580 -0.095554
vn -0.767253 -0.573093 -0.287902
vn -0.750149 -0.515637 -0.413999
vn -0.947972 -0.248751 -0.198674
vn -0.507446 -0.746124 -0.431042
vn -0.464538 -0.709590 -0.529798
vn -0.045643 -0.821489 -0.568395
vn 0.059467 -0.724891 -0.686292
vn -0.344253 -0.646016 -0.681288
vn 0.103110 -0.642918 -0.758963
vn -0.286825 -0.588434 -0.755961
vn 0.119247 -0.564390 -0.816850
vn -0.987410 -0.051841 0.149445
vn -0.997961 0.034496 0.053702
vn -0.708617 -0.455447 -0.538916
vn 0.393941 -0.602890 0.693782
vn -0.037976 -0.941913 0.333703
vn -0.003829 0.448956 0.893546
vn -0.690701 0.570318 0.444600
vn -0.550912 0.767507 0.327764
vn 0.055137 0.643594 0.763379
vn 0.439807 0.206795 0.873960
vn 0.479551 0.286365 0.829473
vn -0.224100 -0.144343 -0.963818
vn -0.318160 0.035471 -0.947373
vn -0.761284 0.128463 -0.635566
vn -0.362360 0.165434 0.917239
vn -0.336130 0.231233 0.912989
vn -0.864876 0.304276 0.399255
vn -0.866299 0.254310 0.429945
vn 0.569655 -0.061270 0.819597
vn 0.608462 0.008147 0.793542
vn -0.412812 0.150191 0.898348
vn 0.498454 -0.098457 0.861307
vn -0.874706 0.230463 0.426353
vn -0.948932 0.246351 -0.197078
vn -0.944622 0.242241 -0.221378
vn -0.951377 0.204687 -0.230186
vn 0.918003 -0.098758 -0.384080
vn 0.930868 -0.130371 -0.341304
vn 0.932545 0.359708 -0.031140
vn 0.930753 0.360024 -0.063891
vn 0.568696 -0.569451 -0.593557
vn 0.583744 -0.616871 -0.527933
vn 0.914373 0.403889 -0.028209
vn 0.547126 0.773301 0.320405
vn 0.605837 0.737081 0.299456
vn 0.519168 0.802481 0.294090
vn 0.930887 -0.111600 -0.347843
vn 0.659937 0.706530 0.255535
vn 0.652569 0.716565 0.246350
vn -0.626344 -0.736731 -0.254797
vn -0.649301 -0.729147 -0.216225
vn -0.282182 -0.858578 -0.428038
vn -0.279245 -0.842351 -0.460941
vn -0.902403 -0.430214 0.024187
vn -0.929348 -0.353361 0.106995
vn -0.589117 -0.739509 -0.325680
vn -0.868812 -0.494724 -0.020340
vn -0.332336 -0.779552 -0.530898
vn -0.431350 -0.779742 -0.453806
vn -0.506340 -0.800258 -0.321258
vn -0.783391 -0.611950 -0.108700
vn 0.146417 -0.832371 -0.534529
vn 0.170874 -0.781090 -0.600584
vn 0.034154 -0.640639 -0.767082
vn -0.262053 -0.538816 -0.800628
vn 0.588809 -0.602295 -0.539022
vn -0.818099 0.571354 -0.065331
vn 0.069063 0.923561 0.377180
vn 0.661875 0.568134 0.489024
vn -0.577229 -0.012531 -0.816486
vn -0.550849 0.050340 -0.833085
vn -0.473578 0.086924 -0.876452
vn -0.633327 -0.015769 -0.773724
vn -0.667293 -0.023487 -0.744425
vn -0.987472 0.151746 -0.043272
vn -0.843993 0.316912 0.432716
vn -0.818734 0.322588 0.474986
vn -0.223717 0.461075 0.858697
vn -0.803132 0.307124 0.510543
vn -0.292845 0.543233 0.786854
vn -0.718496 0.426360 0.549528
vn -0.801186 0.279153 -0.529315
vn -0.788099 0.294967 -0.540273
vn -0.695180 -0.302138 -0.652256
vn -0.687163 -0.295775 -0.663569
vn -0.979116 0.200497 -0.033649
vn -0.990188 0.133823 -0.040233
vn -0.996485 0.083730 0.002763
vn -0.929066 -0.209577 -0.304819
vn -0.921365 -0.189635 -0.339301
vn -0.915182 -0.184363 -0.358402
vn -0.905516 -0.191929 -0.378424
vn -0.898336 -0.209794 -0.385978
vn -0.695951 -0.410240 -0.589368
vn -0.676954 -0.384307 -0.627727
vn -0.675382 -0.341446 -0.653662
vn -0.685057 -0.317403 -0.655707
vn -0.671464 -0.276782 -0.687407
vn -0.658948 -0.289367 -0.694301
vn -0.264011 -0.530041 -0.805825
vn -0.264047 -0.442833 -0.856842
vn -0.281468 -0.391177 -0.876217
vn -0.263140 -0.316257 -0.911449
vn -0.260594 -0.325187 -0.909035
vn -0.077107 -0.732366 -0.676531
vn -0.594415 -0.586081 -0.550618
vn -0.814643 -0.562955 -0.139422
vn 0.137648 -0.453611 -0.880505
vn 0.142224 -0.385369 -0.911736
vn 0.180857 -0.292601 -0.938976
vn 0.170470 -0.296428 -0.939718
vn 0.525406 -0.317452 -0.789413
vn 0.542541 -0.227920 -0.808518
vn 0.517370 -0.228436 -0.824709
vn 0.319653 -0.672390 -0.667617
vn 0.608201 -0.494922 -0.620600
vn 0.829291 -0.197167 -0.522879
vn 0.847651 -0.118332 -0.517189
vn -0.708824 0.562374 0.425798
vn -0.906174 0.408589 0.109105
vn -0.899624 0.429642 0.077998
vn -0.696756 0.576754 0.426481
vn -0.703792 0.559012 0.438385
vn -0.903612 0.414499 0.108054
vn -0.411108 0.622195 0.666231
vn -0.414830 0.613607 0.671865
vn -0.948734 0.200743 -0.244143
vn -0.943324 0.240496 -0.228695
vn -0.939183 0.178545 -0.293354
vn -0.807480 -0.053289 -0.587483
vn -0.820539 -0.022858 -0.571134
vn -0.802357 -0.063258 -0.593483
vn -0.584122 -0.249834 -0.772260
vn -0.593736 -0.233542 -0.770023
vn -0.568916 -0.263931 -0.778894
vn -0.331094 -0.388311 -0.859995
vn -0.377524 -0.363161 -0.851815
vn -0.276353 -0.410509 -0.868971
vn -0.116445 -0.465547 -0.877329
vn -0.176117 -0.440569 -0.880274
vn 0.034785 -0.474674 -0.879474
vn -0.422029 0.598587 0.680871
vn -0.703638 0.544849 0.456106
vn -0.916213 0.388373 0.098587
vn -0.943347 0.150169 -0.295882
vn -0.796412 -0.086419 -0.598549
vn -0.548647 -0.281790 -0.787135
vn -0.208871 -0.430786 -0.877950
vn -0.706357 0.535813 0.462563
vn -0.923373 0.371765 0.095775
vn -0.946845 0.132434 -0.293166
vn -0.796851 -0.108093 -0.594428
vn -0.526663 -0.307388 -0.792552
vn -0.133862 -0.450941 -0.882459
vn -0.924549 0.371895 0.083089
vn -0.950043 0.142108 -0.277890
vn -0.808807 -0.114485 -0.576823
vn -0.503488 -0.344436 -0.792378
vn -0.494109 -0.342473 -0.799105
vn -0.197827 -0.969164 0.146923
vn -0.302274 -0.814360 0.495427
vn -0.884089 -0.456524 0.099865
vn 0.322345 -0.030947 0.946116
vn -0.767650 0.436386 -0.469341
vn -0.874969 0.322949 -0.360741
vn -0.857208 0.231894 -0.459805
vn -0.755940 0.368741 -0.540910
vn -0.647705 0.531338 -0.546039
vn -0.628365 0.499612 -0.596276
vn -0.473970 0.613943 -0.631210
vn -0.502190 0.624762 -0.597895
vn -0.515887 0.645124 -0.563626
vn -0.317526 0.710839 -0.627603
vn -0.325835 0.728935 -0.602067
vn -0.302817 0.696664 -0.650354
vn -0.931377 0.093551 -0.351831
vn -0.924936 0.088034 -0.369790
vn -0.844406 0.231476 -0.483113
vn -0.950763 0.197697 -0.238673
vn -0.736104 0.371688 -0.565684
vn -0.602788 0.501054 -0.620960
vn -0.450098 0.608419 -0.653634
vn -0.288390 0.684742 -0.669297
vn -0.131442 0.742332 -0.657014
vn -0.139506 0.756695 -0.638710
vn -0.123747 0.728952 -0.673287
vn -0.972433 -0.054092 -0.226824
vn -0.978532 -0.037193 -0.202709
vn -0.926708 0.107585 -0.360051
vn -0.974586 -0.047781 -0.218860
vn -0.837252 0.250275 -0.486180
vn -0.719670 0.385085 -0.577742
vn -0.581712 0.505639 -0.637134
vn -0.431288 0.603767 -0.670415
vn -0.276541 0.673555 -0.685455
vn -0.117449 0.716199 -0.687942
vn 0.033076 0.744802 -0.666465
vn 0.027646 0.757562 -0.652178
vn 0.038556 0.733876 -0.678189
vn -0.983896 -0.176500 -0.028216
vn -0.993057 -0.116326 0.017520
vn -0.987094 0.018839 -0.159030
vn -0.978765 -0.196007 -0.060005
vn -0.932137 0.154690 -0.327401
vn -0.836499 0.281482 -0.470147
vn -0.712818 0.393468 -0.580580
vn -0.570682 0.487664 -0.660686
vn -0.418919 0.561541 -0.713567
vn -0.264756 0.615158 -0.742621
vn -0.105376 0.651665 -0.751152
vn 0.055383 0.671030 -0.739359
vn 0.188890 0.730068 -0.656751
vn 0.184003 0.738598 -0.648549
vn 0.212746 0.673683 -0.707736
vn -0.950127 -0.246153 0.191486
vn -0.938890 -0.309774 0.150087
vn -0.717153 0.381587 -0.583166
vn -0.575790 0.464138 -0.673084
vn -0.422155 0.528998 -0.736170
vn -0.264793 0.577471 -0.772277
vn -0.102596 0.612120 -0.784081
vn 0.062187 0.631996 -0.772473
vn 0.225352 0.636628 -0.737510
vn 0.368131 0.658859 -0.656036
vn 0.340172 0.705590 -0.621632
vn 0.386209 0.625288 -0.678128
vn -0.860795 -0.365450 0.354230
vn 0.542777 0.594275 -0.593491
vn -0.736310 -0.465403 0.491170
vn -0.587755 -0.544804 0.598108
vn -0.431208 -0.601114 0.672846
vn 0.840937 -0.028645 0.540374
vn 0.955044 0.107841 0.276155
vn 0.956719 0.226745 0.182415
vn 0.843368 0.084591 0.530636
vn 0.807366 -0.123652 0.576949
vn 0.832526 0.168303 0.527802
vn 0.847425 0.105606 0.520305
vn 0.763773 0.562828 -0.316031
vn 0.845358 0.534199 -0.000917
vn 0.730864 0.514725 -0.448214
vn 0.794599 0.477363 -0.375148
vn 0.724467 0.521540 -0.450715
vn 0.932840 0.356092 -0.054838
vn 0.940585 0.265455 0.211737
vn 0.965547 0.178297 0.189549
vn 0.956339 0.280108 -0.083402
vn 0.887150 0.426952 0.175147
vn 0.848679 0.427357 -0.311624
vn 0.883722 0.418586 0.209335
vn 0.902768 0.429423 0.024616
vn 0.399484 -0.209408 -0.892503
vn 0.445984 -0.195450 -0.873440
vn 0.457105 -0.181468 -0.870703
vn 0.485545 -0.132523 -0.864108
vn -0.440859 0.027732 -0.897148
vn 0.472074 -0.191029 -0.860613
vn 0.941809 -0.198828 -0.271041
vn 0.951269 -0.191496 -0.241696
vn 0.947622 -0.253612 -0.194148
vn 0.936518 -0.175101 -0.303767
vn 0.926277 -0.189277 -0.325861
vn -0.418961 -0.209306 -0.883551
vn -0.349441 -0.194696 -0.916507
vn -0.713766 -0.345033 -0.609499
vn -0.286984 -0.144668 -0.946948
vn -0.667809 -0.390245 -0.633830
vn -0.214892 -0.155337 -0.964206
vn 0.812344 0.349349 0.466960
vn 0.822988 0.169663 0.542129
vn 0.791544 0.179797 0.584064
vn 0.073030 0.215675 0.973730
vn 0.179885 0.269881 0.945942
vn 0.634875 -0.638303 0.435319
vn 0.617175 0.216243 0.756527
vn 0.692034 0.025471 0.721415
vn 0.781635 -0.141431 0.607490
vn 0.856340 0.100468 0.506546
vn 0.620427 0.158783 0.768022
vn 0.943574 -0.174053 0.281734
vn 0.962075 -0.135578 0.236706
vn 0.904630 -0.233951 0.356247
vn 0.976516 -0.089461 0.195991
vn 0.087292 0.546883 0.832646
vn 0.446158 0.236771 0.863066
vn 0.453921 0.213967 0.864970
vn 0.752338 -0.087268 0.652972
vn 0.402275 -0.154485 0.902391
vn -0.179365 0.566730 0.804143
vn -0.284631 0.702428 0.652365
vn 0.373242 0.736158 0.564590
vn 0.356502 0.603699 0.713059
vn 0.394930 0.503913 0.768181
vn 0.821221 0.436611 0.367379
vn 0.838495 0.406222 0.363193
vn 0.832339 0.478962 0.278939
vn 0.873464 0.363021 0.324464
vn 0.453759 0.422265 0.784726
vn 0.836425 0.503288 0.217013
vn 0.996896 -0.031123 -0.072314
vn 0.981753 0.007619 -0.190007
vn 0.383214 0.827772 0.409805
vn 0.930109 -0.012344 -0.367077
vn 0.913378 -0.036160 -0.405504
vn 0.595695 -0.576642 -0.559135
vn 0.428451 -0.448361 -0.784476
vn 0.574543 -0.741184 -0.347198
vn 0.373675 -0.401378 -0.836220
vn 0.532791 -0.832093 -0.154127
vn -0.213514 -0.967849 -0.132965
vn -0.129562 -0.951077 -0.280476
vn 0.997643 -0.068297 0.006609
vn -0.740365 -0.670583 -0.046666
vn -0.731984 -0.678178 -0.065382
vn 0.321357 -0.289800 -0.901524
vn -0.215172 -0.689731 -0.691355
vn 0.740231 -0.354995 -0.570996
vn 0.696566 0.510192 -0.504480
vn 0.658089 0.568667 -0.493495
vn 0.790196 0.330432 -0.516145
vn 0.856187 -0.270328 -0.440303
vn 0.614820 0.461965 -0.639206
vn 0.756678 0.527945 -0.385633
vn 0.776740 0.544995 -0.315683
vn 0.791024 0.522709 -0.317893
vn 0.792525 0.513266 -0.329335
vn 0.769835 0.554929 -0.315289
vn 0.852326 0.498887 -0.157009
vn 0.857863 0.495350 -0.136745
vn 0.283556 -0.146685 0.947671
vn 0.438372 -0.118728 0.890917
vn 0.598592 -0.081419 0.796906
vn 0.532961 0.254510 0.806955
vn 0.373922 0.229285 0.898672
vn 0.250474 0.217722 0.943324
vn 0.095163 0.200665 0.975027
vn 0.685230 0.295809 0.665550
vn -0.031331 0.404395 0.914048
vn 0.086750 0.399656 0.912551
vn 0.051908 0.380182 0.923454
vn -0.046368 0.404449 0.913384
vn -0.285796 0.720130 0.632245
vn -0.160930 0.852604 0.497160
vn -0.056404 0.300230 0.952198
vn -0.299698 0.484655 0.821761
vn -0.128974 0.419481 0.898555
vn -0.175098 0.323545 0.929871
vn -0.542709 0.753995 0.370078
vn 0.757457 -0.462703 -0.460614
vn -0.673166 -0.684671 -0.279416
vn -0.270733 0.799709 0.535882
vn -0.417168 0.869468 0.264569
vn -0.476012 0.838278 0.265899
vn -0.342623 0.783482 0.518425
vn -0.204774 0.825573 0.525830
vn -0.366246 0.899501 0.238247
vn -0.025375 0.574679 0.817985
vn -0.139015 0.610236 0.779928
vn 0.163839 0.338136 0.926726
vn 0.201923 0.340214 0.918412
vn 0.325277 0.327850 0.886966
vn -0.554361 0.830964 0.046722
vn -0.601730 0.797157 0.049620
vn -0.536049 0.804077 0.257123
vn -0.605768 0.766858 -0.212070
vn -0.647416 0.730551 -0.217136
vn -0.503784 0.863360 0.028492
vn -0.561018 0.796976 -0.223803
vn -0.427274 0.764062 0.483369
vn -0.245713 0.625434 0.740579
vn -0.547376 0.419922 -0.723909
vn -0.435803 0.247797 -0.865259
vn -0.634502 0.577497 -0.513717
vn -0.609983 0.613374 -0.501691
vn -0.675199 0.698631 -0.236687
vn -0.640911 0.766370 0.043705
vn -0.583588 0.773245 0.248027
vn -0.498349 0.742824 0.447058
vn -0.342369 0.635005 0.692497
vn -0.887522 -0.440983 -0.133563
vn -0.348384 -0.612716 0.709371
vn -0.338587 -0.511415 0.789819
vn -0.297274 -0.467619 0.832443
vn 0.729156 0.333828 0.597403
vn 0.108236 -0.008031 0.994093
vn 0.115723 0.020253 0.993075
vn 0.191591 0.037370 0.980763
vn 0.286475 0.087279 0.954104
vn 0.369226 0.137151 0.919164
vn -0.592968 -0.281148 0.754549
vn -0.533204 -0.265709 0.803176
vn 0.364385 -0.747037 0.556021
vn 0.657505 0.357253 -0.663368
vn 0.271582 0.736855 -0.619103
vn 0.612291 0.544948 -0.572828
vn 0.382325 0.646048 -0.660643
vn 0.549317 0.583587 -0.598062
vn 0.292645 0.755605 -0.586021
vn 0.268769 0.761451 -0.589878
vn 0.543398 0.732662 -0.409786
vn 0.998453 -0.040448 -0.038151
vn 0.935540 0.209387 0.284466
vn 0.496523 0.840205 -0.217994
vn 0.231179 0.829178 -0.508941
vn 0.753527 0.333734 0.566409
vn 0.764340 -0.220465 0.605953
vn 0.622646 -0.067446 0.779591
vn 0.832150 -0.435933 0.342766
vn 0.519200 0.342915 0.782841
vn 0.348053 0.937337 0.016082
vn 0.777145 -0.625005 0.073578
vn 0.660478 -0.737128 -0.142865
vn 0.721674 -0.675915 0.149419
vn 0.754807 -0.517664 0.402853
vn 0.630914 -0.768747 -0.104764
vn 0.696672 -0.331252 0.636333
vn 0.741299 -0.658770 0.128444
vn 0.774840 -0.509681 0.373963
vn 0.643439 -0.753821 -0.133196
vn 0.487562 -0.782076 -0.388124
vn 0.504772 -0.765151 -0.399687
vn 0.670561 -0.723651 -0.163332
vn 0.484977 -0.789948 -0.375206
vn 0.778335 -0.622471 0.082000
vn 0.683761 -0.709163 -0.171928
vn 0.795470 -0.603511 0.054784
vn 0.688528 -0.701578 -0.183622
vn -0.864862 0.372398 -0.336650
vn -0.829878 0.344143 -0.439168
vn -0.908340 -0.386637 0.159467
vn -0.846750 0.452415 -0.279886
vn 0.424106 -0.061607 0.903515
vn 0.556861 0.400821 0.727495
vn -0.018977 -0.609393 0.792641
vn 0.155947 0.000169 0.987765
vn 0.190802 0.500506 0.844446
vn 0.063017 -0.290171 0.954898
vn -0.444217 -0.626001 0.640932
vn 0.599986 0.187592 0.777706
vn 0.936611 -0.039280 0.348162
vn 0.402874 -0.631408 0.662583
vn 0.823953 0.545212 0.154423
vn 0.917635 0.386192 -0.093823
vn 0.883068 0.376067 -0.280651
vn 0.678299 0.557121 -0.479090
vn 0.629916 0.553777 -0.544551
vn 0.668797 0.605427 -0.431472
vn -0.029150 -0.679198 0.733376
vn -0.081055 -0.654988 0.751279
vn -0.222735 -0.837806 0.498468
vn -0.260470 -0.814714 0.518069
vn -0.335922 -0.933513 0.125342
vn -0.374751 -0.914976 0.149600
vn -0.393604 -0.897027 0.201046
vn -0.387470 -0.884534 -0.259744
vn -0.420987 -0.876303 -0.234228
vn -0.449006 -0.873055 -0.190182
vn 0.423721 0.204732 0.882352
vn 0.379911 0.197967 0.903591
vn 0.353509 0.287632 0.890112
vn 0.370548 0.336423 0.865744
vn 0.948230 0.238159 0.210096
vn 0.654898 0.435432 0.617663
vn 0.706107 0.421016 0.569349
vn 0.773537 0.632748 -0.035651
vn 0.635151 0.548815 0.543495
vn 0.700738 0.544156 -0.461368
vn 0.754621 0.382684 0.533011
vn 0.784789 0.355139 0.507921
vn 0.145947 -0.560384 -0.815272
vn 0.270844 -0.807059 -0.524690
vn 0.398225 -0.887078 -0.233472
vn 0.095593 -0.075019 -0.992590
vn 0.284128 -0.404372 -0.869342
vn 0.435982 -0.682876 -0.586175
vn 0.071588 -0.076479 -0.994498
vn 0.317993 -0.343736 -0.883587
vn 0.981250 -0.013791 -0.192244
vn 0.970732 0.102552 0.217169
vn 0.407733 -0.483497 -0.774587
vn 0.799701 -0.027254 -0.599780
vn 0.885836 0.427498 -0.180387
vn 0.377032 -0.356426 -0.854873
vn 0.774404 -0.094508 -0.625593
vn 0.578570 0.708971 0.403258
vn 0.519494 0.516031 -0.681056
vn 0.898375 0.278368 -0.339756
vn 0.492499 0.687589 -0.533541
vn -0.008607 0.583450 -0.812104
vn 0.003110 0.842135 -0.539258
vn -0.549515 0.495166 -0.672936
vn -0.464597 0.795291 -0.389437
vn 0.972116 -0.234214 -0.011565
vn 0.535695 0.755691 -0.376778
vn 0.046007 0.949912 -0.309111
vn -0.392188 0.905449 -0.162326
vn -0.857598 0.512679 -0.041053
vn -0.938153 0.006535 0.346160
vn 0.077404 0.978759 -0.189842
vn -0.365052 0.929316 -0.055756
vn 0.028195 0.399275 -0.916398
vn 0.048948 0.354473 -0.933784
vn 0.072879 0.331326 -0.940697
vn 0.096604 0.442746 -0.891428
vn 0.105377 0.371633 -0.922380
vn 0.114595 0.336306 -0.934755
vn 0.173903 0.406673 -0.896869
vn 0.163662 0.496742 -0.852328
vn 0.189955 0.502621 -0.843379
vn 0.265447 0.537302 -0.800528
vn 0.239273 0.551680 -0.798998
vn 0.114913 0.458723 -0.881118
vn 0.314399 0.589215 -0.744298
vn 0.335015 0.555841 -0.760793
vn 0.366124 0.489576 -0.791371
vn 0.431553 0.502917 -0.748890
vn 0.298905 0.473792 -0.828358
vn 0.538996 0.453128 -0.710041
vn 0.467958 0.435277 -0.769122
vn 0.213953 0.266802 0.939702
vn -0.692265 0.333943 0.639727
vn -0.989269 0.143569 -0.027097
vn -0.867836 -0.495699 0.033799
vn -0.585452 0.753264 -0.299733
vn 0.070708 -0.821704 0.565512
vn 0.575509 0.314229 -0.755016
vn -0.503718 0.083343 -0.859839
vn 0.581790 -0.762625 0.282707
vn 0.802435 -0.423726 0.420184
vn 0.623804 -0.752207 0.212258
vn 0.815896 -0.439068 0.376209
vn 0.057239 0.236618 -0.969915
vn 0.733745 0.141829 0.664457
vn 0.317763 0.940862 0.117497
vn 0.748980 -0.069067 0.658983
vn 0.532568 0.070752 0.843425
vn -0.152148 0.941698 0.300092
vn 0.591114 -0.140457 0.794264
vn 0.747557 -0.069921 0.660507
vn 0.595034 -0.119829 0.794718
vn 0.811359 -0.542695 0.217209
vn 0.590744 -0.728634 0.346574
vn -0.962329 -0.072332 0.262089
vn -0.942901 -0.030441 0.331678
vn 0.320899 0.302243 -0.897593
vn 0.201805 0.322428 -0.924832
vn -0.132470 -0.074129 -0.988411
vn -0.294444 0.091246 -0.951303
vn -0.592330 -0.005007 -0.805680
vn 0.143561 -0.092973 -0.985265
vn -0.550264 -0.195169 0.811861
vn -0.595519 -0.106642 0.796231
vn -0.642814 -0.676496 0.359364
vn -0.596848 0.372286 -0.710757
vn -0.159589 -0.852541 0.497701
vn -0.277651 -0.886419 0.370365
vn -0.699386 0.667486 -0.255583
vn -0.671368 0.740105 0.038859
vn -0.619086 0.748104 0.238901
vn -0.544347 0.721356 0.428172
vn 0.167617 0.843334 -0.510580
vn -0.092697 0.710133 -0.697939
vn -0.049031 0.683746 -0.728071
vn -0.064510 0.696074 -0.715066
vn 0.317772 0.806818 -0.498062
vn 0.497812 0.680136 -0.538144
vn 0.613220 0.101433 0.783373
vn -0.220530 -0.970719 0.095243
vn -0.727652 0.279560 -0.626393
vn 0.051191 0.889951 -0.453175
vn -0.501147 0.677489 -0.538386
vn -0.320290 0.753978 -0.573525
vn 0.145818 0.813521 -0.562957
vn 0.152328 0.810948 -0.564942
vn 0.154557 0.811905 -0.562958
vn 0.282428 0.777309 -0.562161
vn 0.295903 0.781553 -0.549196
vn 0.082736 0.956806 0.278707
vn 0.094648 0.903919 -0.417100
vn -0.128738 0.915925 -0.380142
vn 0.030451 0.246707 0.968612
vn 0.019589 0.328931 0.944151
vn -0.303176 0.067719 0.950525
vn -0.332311 0.167316 0.928211
vn 0.253145 0.582676 -0.772273
vn 0.287441 0.574612 -0.766289
vn 0.074702 0.317034 -0.945468
vn 0.053910 0.343294 -0.937680
vn 0.444799 0.732429 -0.515462
vn 0.469939 0.728419 -0.498561
vn 0.219351 0.600565 -0.768900
vn 0.423876 0.729260 -0.537130
vn 0.028154 0.382250 -0.923630
vn 0.414173 0.708299 -0.571640
vn 0.634112 0.683791 -0.361016
vn 0.617184 0.719915 -0.317501
vn 0.193841 0.610030 -0.768303
vn 0.604427 0.750500 -0.267240
vn 0.596988 0.773102 -0.214289
vn 0.603256 0.779208 -0.170053
vn 0.509568 0.725409 -0.462733
vn 0.632696 0.764458 -0.123691
vn -0.820807 0.289228 -0.492568
vn -0.886628 0.313633 -0.339889
vn -0.520914 -0.142454 -0.841638
vn -0.449407 -0.321882 -0.833322
vn -0.035916 0.895656 0.443294
vn 0.682769 0.010679 0.730556
vn 0.475264 0.318151 0.820307
vn 0.678911 -0.055051 0.732154
vn 0.679684 -0.106375 0.725751
vn 0.471671 0.294991 0.830967
vn 0.479291 0.351482 0.804202
vn 0.659599 -0.038907 0.750610
vn 0.069440 0.709272 0.701507
vn 0.083675 0.734903 0.672990
vn 0.060552 0.694092 0.717335
vn -0.537184 0.826160 0.169977
vn -0.553482 0.822576 0.130487
vn -0.521148 0.820031 0.236545
vn -0.824562 0.356801 -0.439080
vn -0.822665 0.320376 -0.469662
vn -0.830368 0.416417 -0.370251
vn -0.693480 -0.191195 -0.694644
vn -0.683823 -0.203324 -0.700746
vn -0.703694 -0.153836 -0.693649
vn -0.861246 0.413505 -0.295413
vn -0.912129 0.351429 -0.210995
vn 0.868863 0.491526 0.058991
vn 0.139831 0.423956 -0.894823
vn 0.042676 0.393032 -0.918534
vn 0.033956 0.414560 -0.909388
vn 0.222657 0.452113 -0.863723
vn 0.567021 0.400390 -0.719844
vn 0.632894 0.420898 -0.649838
vn -0.048895 0.361620 -0.931042
vn 0.116547 0.331501 -0.936229
vn 0.962021 -0.213453 -0.170157
vn 0.650544 -0.439998 -0.619027
vn 0.665717 -0.427121 -0.611872
vn 0.965573 -0.202929 -0.162756
vn 0.690054 -0.402590 -0.601454
vn 0.959300 -0.220268 -0.176708
vn 0.679313 -0.430190 -0.594534
vn 0.950295 -0.236473 -0.202534
vn 0.669171 -0.424129 -0.610185
vn 0.952839 -0.220302 -0.208723
vn 0.968969 0.048800 0.242317
vn 0.691429 -0.394014 -0.605541
vn 0.956050 -0.201567 -0.212929
vn 0.971484 0.055608 0.230491
vn 0.232704 -0.483482 -0.843857
vn -0.438367 -0.390521 -0.809524
vn 0.696191 -0.390109 -0.602605
vn 0.978971 -0.134248 -0.153603
vn 0.970076 -0.164080 -0.178971
vn 0.957070 -0.182662 -0.225061
vn 0.971517 0.083840 0.221645
vn 0.972274 0.086331 0.217326
vn 0.973738 0.078513 0.213704
vn 0.290401 0.053915 0.955385
vn 0.537410 -0.804561 -0.252728
vn 0.959840 0.194167 -0.202502
vn -0.145291 0.793015 -0.591623
vn 0.014241 0.804892 -0.593251
vn 0.163268 0.796501 -0.582177
vn 0.018664 0.786050 -0.617881
vn 0.173888 0.776212 -0.606018
vn 0.178809 0.760796 -0.623873
vn 0.707772 -0.120928 0.696014
vn 0.689935 -0.133292 0.711493
vn 0.864346 0.193003 0.464388
vn 0.456726 0.809289 0.369394
vn -0.752258 -0.656481 -0.056033
vn -0.654446 -0.665895 0.358168
vn -0.390637 -0.542159 0.743953
vn -0.727417 -0.119926 -0.675634
vn -0.319129 -0.626707 -0.710912
vn -0.340234 -0.633491 -0.694932
vn -0.318548 -0.590613 -0.741420
vn -0.754666 -0.116053 -0.645764
vn -0.828204 -0.185783 -0.528738
vn -0.830068 -0.173783 -0.529894
vn -0.828982 -0.182140 -0.528785
vn -0.847677 -0.182849 -0.498006
vn -0.871779 -0.170958 -0.459103
vn -0.984764 0.022905 -0.172379
vn -0.990796 0.029772 -0.132047
vn -0.979003 0.029188 -0.201747
vn -0.993637 0.041354 -0.104763
vn -0.889584 -0.147198 -0.432403
vn -0.966205 0.204799 0.156540
vn -0.964587 0.190593 0.182335
vn -0.970732 0.205052 0.125033
vn -0.966412 0.179916 0.183519
vn -0.995574 0.030388 -0.088931
vn -0.809808 0.348511 0.471965
vn -0.808178 0.337350 0.482746
vn -0.808185 0.376988 0.452457
vn -0.381141 0.466892 0.797962
vn -0.417898 0.490746 0.764546
vn -0.824053 0.339032 0.453865
vn -0.335993 0.505050 0.795005
vn -0.967074 0.199081 0.158538
vn -0.994998 0.071991 -0.069259
vn 0.284382 0.504688 0.815118
vn 0.307562 0.497056 0.811382
vn -0.385375 0.477643 0.789521
vn 0.236546 0.463133 0.854139
vn -0.846012 0.294080 0.444726
vn -0.974786 0.151035 0.164256
vn -0.996984 0.055420 -0.054329
vn -0.355764 0.516545 0.778854
vn -0.828798 0.325660 0.455015
vn 0.337810 0.506389 0.793382
vn -0.967990 0.151501 0.200108
vn -0.996559 -0.001365 -0.082873
vn -0.805749 0.347206 0.479809
vn -0.960551 0.189829 0.203241
vn -0.376299 0.527215 0.761869
vn -0.989621 0.007193 -0.143522
vn -0.407645 0.503281 0.761928
vn -0.809339 0.332801 0.483957
vn -0.969564 0.170851 0.175371
vn -0.987788 -0.003990 -0.155754
vn -0.813212 0.349195 0.465563
vn -0.976614 0.161865 0.141509
vn -0.988899 -0.005206 -0.148497
vn -0.993954 0.025825 -0.106713
vn -0.985818 0.135193 0.099427
vn -0.374097 0.920524 0.112639
vn -0.594578 0.759708 -0.263289
vn -0.879247 0.369342 0.300852
vn -0.609666 0.496805 0.617651
vn -0.105199 0.757892 0.643842
vn -0.159990 0.534526 0.829871
vn -0.657110 0.497257 -0.566518
vn -0.987473 0.152114 -0.041933
vn -0.421965 0.591570 0.687016
vn -0.413808 0.602139 0.682782
vn -0.700794 0.544163 0.461274
vn 0.025207 0.555463 0.831159
vn 0.034416 0.560763 0.827261
vn -0.025070 0.574305 0.818258
vn 0.561169 0.379138 0.735761
vn 0.034730 0.555560 0.830751
vn -0.417367 0.580736 0.698964
vn 0.597033 0.374482 0.709447
vn 0.064869 -0.487730 -0.870581
vn 0.113768 -0.481721 -0.868908
vn 0.047346 -0.478221 -0.876962
vn -0.437873 -0.373208 -0.817914
vn -0.453423 -0.359002 -0.815798
vn 0.116367 -0.489694 -0.864094
vn -0.428831 -0.372518 -0.823003
vn -0.806165 -0.140235 -0.574833
vn -0.819861 -0.152085 -0.551995
vn -0.458198 -0.372935 -0.806830
vn -0.818132 -0.135531 -0.558830
vn 0.127643 -0.494039 -0.860019
vn -0.457113 -0.388911 -0.799873
vn 0.162653 -0.485934 -0.858727
vn -0.838813 -0.165808 -0.518557
vn -0.833757 -0.172774 -0.524403
vn -0.985896 0.060513 -0.156038
vn -0.983632 0.033409 -0.177067
vn -0.979069 0.019619 -0.202579
vn 0.431315 -0.162593 0.887429
vn 0.746641 -0.035399 0.664285
vn 0.426846 -0.214924 0.878413
vn -0.098938 0.142766 0.984799
vn 0.740204 -0.252854 0.623026
vn 0.710285 -0.313837 0.630080
vn 0.644332 -0.379949 0.663683
vn 0.553191 -0.753902 -0.354417
vn 0.793102 -0.570340 0.213781
vn 0.739666 -0.198157 0.643139
vn 0.196800 -0.595250 -0.779068
vn 0.595963 -0.701792 -0.390277
vn 0.832342 -0.517875 0.197515
vn 0.742059 -0.146547 0.654120
vn 0.487186 0.201724 0.849681
vn 0.513696 0.177045 0.839507
vn -0.234015 -0.261171 -0.936497
vn 0.182202 -0.510705 -0.840228
vn 0.630177 -0.635137 -0.446629
vn 0.874595 -0.440311 0.203001
vn -0.483591 -0.333450 -0.809290
vn -0.475241 -0.353721 -0.805622
vn -0.016561 -0.488376 -0.872476
vn -0.022624 -0.502613 -0.864215
vn -0.006384 -0.490977 -0.871149
vn -0.461733 -0.356947 -0.812030
vn 0.020956 -0.486621 -0.873362
vn -0.442774 -0.354480 -0.823587
vn -0.797239 -0.148029 -0.585233
vn 0.204552 0.843581 0.496517
vn 0.240825 0.822510 0.515249
vn 0.739446 0.591814 0.320898
vn 0.488421 0.412972 0.768700
vn 0.108812 0.782972 0.612466
vn -0.356417 0.154902 0.921397
vn 0.521757 -0.850907 -0.061041
vn -0.040646 -0.995405 -0.086705
vn 0.559393 -0.824587 -0.084472
vn -0.451116 -0.889009 -0.078472
vn -0.092194 -0.994792 -0.043468
vn 0.521214 -0.853349 -0.011450
vn -0.527686 -0.845492 -0.081801
vn -0.149683 -0.988722 -0.004877
vn 0.543446 -0.837784 0.052773
vn -0.618732 -0.783016 -0.063701
vn -0.939601 -0.331587 -0.084856
vn -0.953992 -0.289312 -0.078725
vn -0.674506 -0.732520 -0.091959
vn -0.204510 -0.977250 -0.056203
vn -0.968847 -0.239665 -0.062418
vn -0.687367 -0.720748 -0.089714
vn -0.275148 -0.957981 -0.081029
vn -0.982443 -0.180158 -0.048460
vn -0.715025 -0.693276 -0.090046
vn -0.271866 -0.956858 -0.102525
vn -0.839691 0.543018 -0.007145
vn -0.850032 0.526726 -0.002313
vn -0.986535 -0.162724 -0.016453
vn -0.987551 -0.147415 0.054885
vn -0.822959 0.567377 0.028657
vn -0.837520 0.542439 0.065723
vn -0.820764 0.564414 0.088223
vn -0.312747 -0.940097 -0.135669
vn -0.548223 -0.755445 -0.358824
vn -0.657152 -0.665449 -0.354017
vn -0.796148 -0.210360 0.567360
vn -0.823246 -0.343982 0.451600
vn -0.092989 -0.723597 -0.683930
vn -0.220771 -0.612757 -0.758808
vn -0.404345 -0.879411 -0.251280
vn -0.832181 -0.407515 0.376040
vn -0.844561 -0.427807 0.322021
vn 0.215712 0.299310 0.929452
vn -0.038765 0.246908 0.968263
vn 0.066467 0.301556 0.951129
vn 0.470654 0.233954 0.850736
vn 0.451593 0.262142 0.852846
vn 0.466139 0.244645 0.850214
vn 0.367497 0.229597 0.901239
vn -0.059653 -0.937442 0.342992
vn -0.361085 -0.644330 0.674134
vn -0.019048 -0.946667 0.321649
vn -0.228636 -0.692680 0.684047
vn -0.781094 0.161612 0.603136
vn -0.903272 0.218503 0.369264
vn -0.615012 0.144151 0.775230
vn -0.953644 0.281392 0.106683
vn -0.283458 -0.934686 -0.214508
vn -0.647299 -0.567860 0.508468
vn 0.344909 -0.771400 0.534771
vn 0.329889 -0.763384 0.555354
vn 0.304107 -0.752090 0.584705
vn 0.269122 -0.739787 0.616675
vn 0.223212 -0.720183 0.656896
vn 0.123378 -0.674357 0.728025
vn -0.015617 -0.617987 0.786033
vn -0.178792 -0.549974 0.815820
vn -0.325061 -0.435030 0.839693
vn -0.434114 -0.310327 0.845720
vn 0.165538 -0.899622 0.404076
vn 0.134663 -0.895966 0.423216
vn 0.097163 -0.892989 0.439465
vn 0.032266 -0.885123 0.464237
vn -0.074273 -0.870938 0.485747
vn -0.219934 -0.850231 0.478264
vn -0.431550 -0.776278 0.459519
vn -0.588396 -0.663667 0.461884
vn -0.088028 -0.989194 0.117243
vn -0.122782 -0.986504 0.108323
vn -0.177431 -0.981689 0.069321
vn -0.272573 -0.961771 0.026462
vn -0.408334 -0.912833 -0.000282
vn -0.349883 -0.836459 -0.421803
vn -0.355396 -0.807005 -0.471632
vn -0.410714 -0.778780 -0.474147
vn -0.422366 -0.422443 -0.801966
vn -0.412118 -0.412264 -0.812526
vn -0.680445 -0.567281 0.463882
vn -0.805182 -0.423337 0.415293
vn -0.520913 -0.083975 0.849469
vn -0.672969 -0.621307 0.401362
vn -0.297566 -0.876860 -0.377587
vn -0.935641 -0.313567 -0.162022
vn 0.355039 -0.893670 -0.274411
vn 0.201268 -0.978234 -0.050488
vn 0.696126 0.326882 -0.639184
vn 0.733797 0.439255 -0.518264
vn 0.559158 0.675941 -0.480049
vn 0.330266 0.841533 -0.427488
vn 0.019029 0.939391 -0.342319
vn 0.092486 0.861495 -0.499272
vn 0.088001 0.875047 -0.475971
vn -0.298750 0.888146 -0.349208
vn -0.255142 0.896277 -0.362754
vn 0.338147 0.719703 -0.606370
vn 0.367438 0.762858 -0.532012
vn -0.672637 0.720974 -0.166602
vn -0.327165 0.905157 -0.271393
vn -0.676060 0.732362 -0.081177
vn 0.064126 0.909042 -0.411742
vn -0.633528 0.749441 -0.192302
vn -0.577106 0.702861 -0.415854
vn -0.883109 0.460242 0.091078
vn -0.907046 0.420641 0.018128
vn -0.901751 0.432013 0.014506
vn -0.911438 0.389440 -0.132734
vn -0.966663 0.094887 0.237821
vn -0.299334 0.311384 -0.901909
vn -0.386891 0.300929 -0.871641
vn -0.119379 0.306700 -0.944290
vn -0.418875 0.302395 -0.856213
vn 0.067827 0.318368 -0.945537
vn -0.513371 0.327326 -0.793289
vn -0.284177 0.517563 -0.807076
vn 0.762275 0.645999 0.040280
vn 0.993231 -0.111369 -0.033001
vn -0.876480 0.252727 0.409771
vn -0.854623 0.329087 0.401649
vn -0.886213 0.246667 0.392150
vn -0.856976 0.319786 0.404140
vn -0.916091 0.346883 -0.201120
vn -0.372869 0.132028 -0.918443
vn -0.458975 0.125010 0.879610
vn -0.490760 0.158429 0.856770
vn -0.396333 0.087413 0.913936
vn -0.668330 -0.426703 -0.609311
vn -0.625495 0.027264 -0.779752
vn -0.614771 -0.689076 -0.383707
vn -0.383796 0.453354 -0.804470
vn -0.306486 0.419270 -0.854564
vn -0.170247 0.356402 -0.918691
vn -0.517516 -0.733395 -0.440805
vn -0.545294 -0.391240 -0.741341
vn -0.487141 0.040468 -0.872386
vn -0.321970 0.438889 -0.838876
vn -0.372417 0.034136 -0.927438
vn -0.226983 0.414369 -0.881350
vn -0.443042 -0.405345 -0.799631
vn -0.356733 0.038752 -0.933402
vn -0.228719 0.424573 -0.876028
vn -0.261436 0.460986 -0.848023
vn -0.128274 0.727061 -0.674484
vn -0.372588 0.051364 -0.926575
vn -0.567215 -0.823102 -0.027748
vn -0.037715 0.714941 -0.698167
vn 0.117049 0.641270 -0.758335
vn 0.268808 0.552666 -0.788862
vn 0.779603 -0.503196 -0.372845
vn 0.933327 -0.339091 -0.117976
vn 0.787318 -0.478781 -0.388457
vn 0.946666 -0.304894 -0.104223
vn 0.589494 -0.553413 -0.588414
vn 0.975456 -0.066206 0.210004
vn 0.977950 -0.090044 0.188430
vn 0.908045 0.131208 0.397792
vn 0.884587 0.142038 0.444219
vn 0.587176 -0.529682 -0.612096
vn 0.793911 -0.445228 -0.414098
vn 0.963667 -0.250208 -0.093504
vn 0.979828 -0.039681 0.195865
vn 0.876629 0.168422 0.450727
vn 0.699566 0.332388 0.632555
vn 0.714503 0.336615 0.613332
vn 0.742652 0.344992 0.573976
vn 0.540147 0.456672 0.706889
vn 0.537893 0.495885 0.681740
vn 0.539938 0.434203 0.721065
vn 0.597255 -0.508132 -0.620555
vn 0.815490 -0.406409 -0.412077
vn 0.968862 -0.226465 -0.100105
vn 0.976097 -0.014390 0.216858
vn 0.870712 0.181898 0.456918
vn 0.713729 0.319788 0.623158
vn 0.532172 0.425236 0.732098
vn 0.319190 0.520378 0.792039
vn 0.328051 0.538785 0.775947
vn 0.335884 0.551385 0.763647
vn 0.094562 0.614989 0.782845
vn 0.107688 0.636825 0.763451
vn 0.968689 -0.223831 -0.107433
vn 0.969353 -0.011593 0.245398
vn 0.836808 -0.374534 -0.399346
vn 0.853486 0.173838 0.491265
vn 0.716327 0.302877 0.628603
vn -0.136490 0.661324 0.737578
vn -0.372589 0.689488 0.621114
vn 0.970085 -0.217849 -0.107132
vn 0.972220 -0.003803 0.234038
vn 0.845764 -0.371332 -0.383141
vn 0.858168 0.166415 0.485649
vn 0.854705 -0.378662 -0.355097
vn 0.975205 -0.208241 -0.074908
vn 0.973974 -0.019524 0.225818
vn 0.843763 -0.466861 -0.264775
vn 0.956833 -0.287840 0.040239
vn 0.518356 -0.764899 -0.382410
vn -0.909735 0.414609 -0.021959
vn -0.965430 0.235175 -0.112417
vn -0.439734 0.059140 -0.896179
vn -0.987363 -0.032752 -0.155053
vn -0.923720 0.253362 0.287315
vn -0.823239 -0.545409 -0.157500
vn -0.185198 -0.256380 -0.948668
vn 0.659384 0.639580 -0.395160
vn -0.288475 -0.575011 -0.765601
vn 0.507050 0.371739 0.777631
vn 0.102482 0.772338 0.626891
vn -0.532833 0.846211 0.004115
vn -0.562889 0.824856 0.052620
vn -0.791398 0.292823 -0.536605
vn -0.816193 0.303786 -0.491471
vn -0.691145 -0.206441 -0.692604
vn -0.301532 0.358499 0.883492
vn -0.364150 0.276690 0.889290
vn -0.030486 0.529371 0.847842
vn -0.807214 -0.202117 0.554575
vn -0.300758 0.348942 0.887572
vn -0.019425 0.540406 0.841180
vn 0.353419 0.612557 0.707014
vn -0.380634 0.026157 -0.924356
vn -0.455340 -0.222006 -0.862194
vn 0.483300 0.082142 0.871593
vn 0.508124 0.144586 0.849061
vn 0.432033 0.001613 0.901857
vn 0.558406 -0.432049 0.708178
vn 0.193793 0.525392 0.828497
vn 0.184396 0.475715 0.860054
vn 0.177241 0.557546 0.811005
vn 0.131914 0.561700 0.816757
vn -0.014003 -0.993279 0.114894
vn 0.425814 -0.884263 0.191730
vn 0.480133 -0.869700 0.114429
vn 0.039191 -0.997809 -0.053304
vn 0.858580 -0.464835 0.216262
vn 0.859693 -0.440915 0.257918
vn 0.193186 -0.503066 -0.842380
vn -0.151352 0.939386 0.307648
vn 0.116757 -0.136076 -0.983794
vn 0.835260 -0.252773 -0.488309
vn 0.828296 -0.243937 -0.504401
vn 0.807078 -0.231103 -0.543339
vn -0.276633 0.709337 -0.648317
vn -0.537710 0.643266 0.545048
vn 0.325892 -0.073724 0.942528
vn -0.670618 -0.501996 0.546142
vn -0.191593 -0.815851 0.545600
vn 0.259039 -0.852766 0.453529
vn 0.352672 -0.052847 0.934254
vn 0.219235 0.374886 0.900775
vn -0.091238 -0.472449 -0.876623
vn -0.433710 0.216071 -0.874762
vn -0.518676 0.210410 -0.828675
vn -0.269496 0.840902 0.469314
vn -0.584449 0.772515 -0.248273
vn -0.233046 0.856703 0.460162
vn -0.670296 0.156665 -0.725368
vn -0.227172 -0.210803 -0.950766
vn 0.158734 -0.442119 -0.882799
vn 0.654707 -0.571946 -0.494202
vn -0.248820 -0.135782 -0.958985
vn 0.171357 -0.375892 -0.910682
vn -0.666571 0.204342 -0.716887
vn 0.700747 -0.504306 -0.504607
vn -0.681524 0.221257 -0.697546
vn -0.288104 -0.048564 -0.956367
vn 0.231960 -0.288133 -0.929072
vn -0.314476 0.094546 -0.944545
vn -0.714006 0.242729 -0.656718
vn -0.956598 0.232469 -0.175724
vn -0.911914 0.336279 -0.235221
vn -0.872396 0.462979 -0.156764
vn -0.703354 0.242886 -0.668056
vn -0.301910 0.045809 -0.952235
vn -0.890813 0.403500 -0.208903
vn -0.800839 0.371285 0.469898
vn -0.903487 0.365391 -0.224055
vn -0.834499 0.343879 0.430533
vn -0.875305 0.267334 0.402956
vn -0.326421 0.077224 0.942065
vn 0.411434 -0.151848 0.898702
vn 0.398847 -0.135810 0.906905
vn -0.010051 0.427794 -0.903820
vn -0.179303 0.154617 -0.971568
vn -0.141653 0.074137 -0.987136
vn -0.288612 -0.325690 -0.900350
vn -0.316686 -0.253897 -0.913918
vn -0.327461 0.511922 -0.794170
vn -0.078144 0.473209 -0.877477
vn -0.764406 0.252589 -0.593197
vn 0.996877 0.064135 -0.046086
vn 0.958131 0.243338 -0.150902
vn 0.994863 0.099546 -0.018407
vn 0.997639 0.011765 0.067664
vn 0.998786 0.000253 0.049266
vn -0.928215 -0.356111 0.107715
vn -0.933632 -0.337982 0.118745
vn -0.977827 -0.200160 -0.061567
vn -0.812947 -0.508187 0.284367
vn -0.827147 -0.477950 0.295621
vn -0.892660 -0.172489 0.416420
vn -0.245766 -0.844589 0.475676
vn 0.017589 -0.981148 0.192459
vn 0.064737 -0.967273 0.245341
vn 0.309643 -0.950693 0.017456
vn -0.362021 -0.052775 -0.930675
vn -0.710484 -0.427645 -0.558866
vn -0.056129 0.294224 -0.954087
vn 0.006860 0.237012 -0.971483
vn 0.365063 0.512464 -0.777245
vn 0.385773 0.479249 -0.788352
vn -0.320832 -0.144713 -0.936015
vn 0.101561 0.163208 -0.981351
vn -0.701847 -0.486602 -0.520220
vn 0.481266 0.400934 -0.779509
vn 0.736484 0.536553 -0.411949
vn -0.764219 -0.622714 0.167916
vn -0.262216 -0.876762 -0.403152
vn 0.638907 -0.112783 0.760972
vn -0.144855 0.773303 -0.617268
vn 0.022421 0.770768 -0.636722
vn 0.180710 0.749338 -0.637053
vn -0.376438 -0.596018 -0.709265
vn -0.248667 -0.966123 0.069078
vn -0.304714 -0.917786 -0.254596
vn 0.732159 0.635193 -0.245913
vn 0.738430 0.630985 -0.237864
vn 0.466860 0.873074 0.140655
vn 0.471369 0.869686 0.146484
vn 0.509678 0.841898 0.177299
vn 0.521585 0.819591 0.237108
vn 0.139739 0.882757 0.448568
vn 0.148469 0.873824 0.463020
vn 0.168601 0.860503 0.480737
vn 0.178786 0.852330 0.491497
vn -0.248020 0.483729 -0.839341
vn -0.203721 0.544860 -0.813404
vn -0.308791 0.767650 -0.561571
vn -0.126844 0.608124 -0.783643
vn -0.010342 0.351761 -0.936033
vn -0.120865 0.610947 -0.782391
vn -0.362193 -0.931560 0.031823
vn -0.374932 -0.917199 0.134808
vn -0.966683 0.177754 -0.184194
vn -0.558827 0.139664 -0.817439
vn -0.539103 0.101910 -0.836051
vn -0.918160 -0.344506 0.195696
vn 0.020614 0.551859 0.833683
vn 0.168004 0.547489 0.819775
vn -0.413119 0.514244 0.751589
vn -0.797473 0.387224 0.462704
vn 0.265880 0.494182 0.827703
vn -0.970182 0.211387 0.118587
vn -0.421844 0.519812 0.742861
vn -0.802955 0.382923 0.456763
vn 0.272074 0.521410 0.808769
vn -0.377125 0.547341 0.747124
vn 0.244212 0.563088 0.789489
vn 0.227290 0.496163 0.837951
vn -0.917210 -0.248623 0.311308
vn -0.138767 -0.559336 0.817244
vn 0.010099 -0.654148 0.756299
vn -0.133206 -0.651901 0.746512
vn -0.868180 0.440727 -0.228086
vn -0.437652 -0.728769 -0.526647
vn -0.421877 -0.720108 -0.550876
vn -0.140849 -0.049667 -0.988785
vn -0.135667 0.012700 -0.990673
vn -0.376934 -0.669246 -0.640336
vn -0.402985 -0.632586 -0.661391
vn -0.373594 -0.689626 -0.620358
vn -0.377041 -0.705504 -0.600087
vn -0.293063 -0.379743 -0.877445
vn 0.573978 -0.806209 0.143445
vn 0.829444 -0.441474 0.342232
vn 0.855203 -0.255425 0.450983
vn 0.368910 -0.146277 0.917883
vn 0.461730 -0.212427 -0.861209
vn 0.919308 -0.324975 -0.221955
vn 0.884695 -0.258913 0.387658
vn 0.430782 -0.116912 0.894851
vn 0.021355 -0.377639 0.925707
vn 0.155684 -0.807594 0.568819
vn -0.637099 0.516667 0.571978
vn -0.919466 0.057377 0.388961
vn -0.191311 0.774459 0.603004
vn -0.871501 0.222647 0.436937
vn -0.903002 0.166335 0.396131
vn -0.615264 0.563604 0.551181
vn -0.599680 0.561884 0.569799
vn -0.850534 0.215219 0.479867
vn -0.932001 -0.334786 0.138896
vn -0.587476 0.547969 0.595484
vn -0.336023 -0.880734 -0.333760
vn -0.351120 -0.850383 -0.391872
vn -0.679776 -0.727853 -0.090195
vn -0.619706 -0.783736 -0.041495
vn -0.991430 0.118940 -0.054036
vn -0.994671 0.093462 -0.043539
vn -0.808060 -0.059485 -0.586089
vn -0.782037 -0.087367 -0.617078
vn -0.775708 -0.111916 -0.621089
vn -0.716586 -0.143062 -0.682670
vn -0.511137 0.193025 0.837544
vn -0.847720 -0.399182 -0.349320
vn 0.062543 -0.406796 -0.911375
vn -0.342449 -0.557833 -0.756010
vn 0.629501 -0.056014 -0.774978
vn -0.783522 -0.583289 -0.214168
vn 0.260939 0.962488 0.074354
vn 0.780600 0.623075 0.049415
vn 0.805463 0.588433 0.070535
vn 0.288375 0.954487 0.076119
vn -0.229066 0.971254 0.064771
vn 0.994235 -0.103180 -0.029171
vn 0.985548 -0.165582 0.035743
vn 0.981522 -0.166696 0.093956
vn 0.811282 0.575726 0.101794
vn 0.327007 0.940569 0.091629
vn 0.820055 0.565091 0.090455
vn 0.382114 0.916815 0.115930
vn 0.987205 -0.131696 0.089906
vn 0.524495 -0.850688 0.035154
vn 0.988501 -0.121500 0.090023
vn 0.835522 0.528748 0.149426
vn 0.440862 -0.897492 -0.012221
vn 0.473443 -0.878789 -0.059841
vn 0.993903 -0.075804 0.080068
vn -0.620162 0.444325 0.646509
vn -0.128781 0.789527 0.600053
vn -0.051209 0.655686 0.753295
vn 0.336487 0.756235 0.561147
vn 0.319639 0.837048 0.444052
vn -0.454407 0.403238 0.794300
vn 0.274358 0.674397 0.685504
vn 0.891252 0.451573 -0.041845
vn -0.191973 0.978932 0.069555
vn -0.186300 0.975422 0.117663
vn -0.226688 0.955943 0.186509
vn -0.279945 0.943380 0.177945
vn -0.839975 0.521252 0.150793
vn -0.347280 0.896756 0.274272
vn -0.812393 0.487965 0.319229
vn -0.366572 0.811432 0.455195
vn 0.412247 0.886089 0.211893
vn 0.412998 0.883850 0.219643
vn 0.381667 0.874876 0.298198
vn 0.839944 0.514869 0.171475
vn 0.840805 0.507639 0.188014
vn 0.203816 0.876447 0.436235
vn -0.149969 0.740241 0.655403
vn -0.208078 0.741407 0.637981
vn -0.221958 0.750132 0.622926
vn -0.209676 0.762660 0.611871
vn -0.464900 0.444811 0.765514
vn -0.515154 0.484536 0.706995
vn -0.564507 0.509296 0.649576
vn -0.577231 0.530232 0.621014
vn -0.756687 -0.084441 0.648301
vn -0.814251 0.017025 0.580263
vn -0.843959 0.122056 0.522337
vn -0.787939 -0.529502 0.314291
vn -0.861593 -0.437082 0.258104
vn -0.304423 -0.435154 -0.847330
vn -0.395573 -0.720184 -0.569962
vn -0.343146 -0.697128 0.629495
vn -0.356095 -0.672325 0.648980
vn -0.522836 -0.630546 0.573633
vn -0.487660 -0.675433 0.553153
vn -0.217950 -0.678520 0.701504
vn -0.209153 -0.682613 0.700211
vn -0.464172 -0.699049 0.543944
vn 0.342698 -0.553758 -0.758887
vn 0.125295 -0.530915 -0.838111
vn 0.352918 -0.543829 -0.761380
vn -0.070227 -0.469495 -0.880138
vn 0.147940 -0.513071 -0.845501
vn -0.398190 -0.333681 -0.854460
vn -0.216842 -0.424273 -0.879188
vn -0.611227 -0.184063 -0.769754
vn -0.044758 -0.471788 -0.880575
vn 0.192584 -0.498332 -0.845326
vn -0.608195 -0.214273 -0.764321
vn -0.395309 -0.347400 -0.850320
vn -0.212376 -0.436287 -0.874386
vn 0.000437 -0.492364 -0.870389
vn 0.055887 -0.503339 -0.862280
vn -0.378100 0.851001 -0.364469
vn -0.486155 0.819222 -0.304186
vn 0.512908 0.404700 -0.757063
vn 0.478731 0.550896 -0.683616
vn -0.932300 -0.323402 0.161950
vn -0.908978 -0.369815 0.192343
vn -0.847873 0.190590 0.494760
vn -0.215946 0.783033 0.583290
vn -0.202565 0.777386 0.595516
vn 0.193619 0.852251 0.485984
vn 0.186326 0.849093 0.494290
vn -0.225230 0.781494 0.581841
vn 0.039587 -0.657903 0.752061
vn -0.003605 -0.590380 0.807117
vn -0.078212 -0.676240 0.732518
vn -0.094474 -0.634889 0.766806
vn -0.853560 0.520915 -0.009071
vn -0.878134 0.478413 0.001444
vn -0.911606 0.411066 0.000460
vn -0.936233 0.350932 -0.017745
vn -0.899238 0.232510 0.370555
vn -0.961094 0.271615 -0.050229
vn -0.920140 0.179718 0.347914
vn -0.975846 0.194122 -0.100208
vn -0.941974 0.143728 0.303360
vn -0.961854 0.128860 0.241313
vn -0.969911 0.113503 0.215383
vn -0.784593 -0.009441 0.619939
vn -0.972604 0.105715 0.207042
vn -0.778053 -0.017974 0.627941
vn -0.975624 0.125894 0.179747
vn -0.766877 -0.001065 0.641793
vn -0.978067 0.140188 0.154050
vn -0.761420 -0.031766 0.647481
vn -0.313226 -0.224879 0.922669
vn -0.979176 0.144186 0.142915
vn -0.761406 -0.065425 0.644965
vn -0.283842 -0.258285 0.923430
vn -0.976988 0.142433 0.158768
vn -0.753069 -0.089717 0.651796
vn -0.303862 -0.275379 0.912050
vn -0.972811 0.154698 0.172361
vn -0.711156 -0.089964 0.697254
vn -0.288612 -0.289827 0.912526
vn 0.097617 -0.394444 0.913720
vn -0.970937 0.163729 0.174570
vn -0.670901 -0.109707 0.733386
vn -0.216116 -0.307263 0.926760
vn 0.110942 -0.396868 0.911146
vn -0.968441 0.168222 0.183912
vn -0.646462 -0.130127 0.751767
vn -0.157096 -0.335552 0.928830
vn 0.105081 -0.400315 0.910333
vn -0.970894 0.140125 0.194242
vn -0.656089 -0.147323 0.740165
vn -0.135463 -0.339139 0.930932
vn 0.127867 -0.406278 0.904759
vn 0.322282 -0.435871 0.840328
vn -0.959104 0.111763 0.260055
vn -0.647659 -0.191511 0.737470
vn -0.172460 -0.363281 0.915579
vn 0.148947 -0.412894 0.898517
vn 0.321241 -0.438985 0.839105
vn -0.581364 -0.155533 0.798640
vn -0.186223 -0.336442 0.923108
vn 0.147081 -0.417660 0.896620
vn 0.333356 -0.444633 0.831369
vn -0.544572 -0.151792 0.824864
vn -0.107478 -0.330536 0.937654
vn 0.153053 -0.417118 0.895873
vn 0.341043 -0.449097 0.825834
vn -0.539131 -0.185635 0.821509
vn -0.048396 -0.367836 0.928630
vn 0.167883 -0.419081 0.892293
vn 0.343358 -0.446243 0.826422
vn -0.541244 -0.211690 0.813783
vn -0.067148 -0.387820 0.919286
vn 0.165222 -0.429916 0.887622
vn 0.336705 -0.450118 0.827057
vn -0.552370 -0.224857 0.802700
vn -0.101134 -0.381928 0.918642
vn 0.159360 -0.433964 0.886724
vn 0.329319 -0.457820 0.825803
vn -0.566417 -0.217609 0.794870
vn -0.132958 -0.372162 0.918595
vn 0.157939 -0.428836 0.889469
vn 0.332415 -0.453993 0.826674
vn -0.593304 -0.245534 0.766618
vn -0.213146 -0.369355 0.904514
vn 0.155092 -0.436218 0.886375
vn 0.328393 -0.456665 0.826811
vn -0.615798 -0.183658 0.766200
vn -0.258865 -0.339712 0.904204
vn 0.151194 -0.439775 0.885290
vn 0.315990 -0.459184 0.830241
vn -0.571857 -0.123479 0.811007
vn -0.214057 -0.321548 0.922381
vn 0.133614 -0.425738 0.894927
vn 0.313928 -0.449343 0.836385
vn -0.509958 -0.192179 0.838457
vn -0.157230 -0.352527 0.922498
vn 0.102662 -0.423685 0.899973
vn 0.314577 -0.453587 0.833847
vn -0.533361 -0.224309 0.815605
vn -0.130762 -0.366227 0.921292
vn 0.077220 -0.424086 0.902324
vn -0.142164 -0.367608 0.919050
vn 0.072260 -0.416117 0.906435
vn -0.190185 -0.341472 0.920449
vn 0.077514 -0.411860 0.907944
vn -0.217213 -0.337887 0.915779
vn -0.204219 -0.339760 0.918073
vn -0.327593 0.759280 -0.562296
vn -0.304381 0.773353 0.556128
vn -0.551471 0.730434 0.402920
vn -0.750144 0.644914 0.146186
vn -0.327259 0.750160 0.574597
vn -0.348202 0.714860 0.606408
vn -0.121268 0.694203 0.709490
vn -0.096417 0.723398 0.683666
vn -0.585779 0.699000 0.410198
vn -0.611383 0.670673 0.420011
vn -0.585446 0.646026 -0.489799
vn -0.550644 0.429079 -0.716018
vn -0.451835 0.221147 -0.864256
vn -0.464251 0.885674 0.007256
vn -0.547481 0.807015 -0.221341
vn -0.605142 0.649122 -0.460917
vn -0.601454 0.413044 -0.683848
vn -0.121715 0.871125 0.475739
vn -0.308622 0.929023 0.204130
vn -0.439987 0.897964 0.008504
vn -0.561303 0.806191 -0.187071
vn -0.653893 0.631820 -0.416205
vn -0.672776 0.382043 -0.633574
vn -0.254645 0.947415 0.193808
vn -0.418666 0.907433 0.035827
vn -0.568985 0.808857 -0.148348
vn -0.681142 0.625086 -0.381199
vn -0.709050 0.369735 -0.600454
vn -0.231406 0.947069 0.222513
vn -0.415205 0.905890 0.083477
vn -0.585328 0.803358 -0.109580
vn -0.703429 0.616841 -0.353120
vn -0.434991 0.889026 0.142879
vn -0.619748 0.782089 -0.065180
vn -0.740218 0.589115 -0.324070
vn -0.463956 0.863390 0.198249
vn -0.657896 0.752883 -0.018457
vn -0.781418 0.547564 -0.299266
vn -0.699682 0.713765 0.031388
vn -0.732275 0.676029 0.082202
vn 0.999401 0.034404 0.003729
vn 0.758071 0.492917 -0.427038
vn 0.089006 0.908090 0.409206
vn -0.162043 0.964462 0.208700
vn 0.342602 0.717063 0.606997
vn 0.067845 0.907233 0.415121
vn -0.201361 0.961723 0.185855
vn 0.244626 0.648467 0.720867
vn -0.059522 0.842869 0.534816
vn -0.345946 0.893252 0.287093
vn 0.354349 0.334116 0.873386
vn 0.140359 0.561022 0.815815
vn -0.164832 0.744543 0.646905
vn -0.448866 0.803166 0.391719
vn 0.294100 0.310396 0.903969
vn 0.104611 0.515517 0.850470
vn -0.179930 0.697586 0.693541
vn -0.454199 0.780364 0.429809
vn 0.003235 0.492748 0.870166
vn -0.402345 0.283976 0.870331
vn 0.058938 -0.528486 -0.846894
vn 0.305797 -0.419079 -0.854904
vn 0.275298 -0.555206 -0.784829
vn 0.361797 -0.571267 -0.736721
vn 0.636973 -0.554424 -0.535612
vn 0.373803 -0.519495 -0.768373
vn 0.627616 -0.473860 -0.617701
vn 0.386111 -0.497114 -0.777043
vn 0.649323 -0.459884 -0.605712
vn 0.263051 -0.516046 -0.815169
vn 0.379971 -0.503511 -0.775950
vn 0.661322 -0.469417 -0.585065
vn 0.996621 0.070332 -0.042423
vn -0.067146 -0.483526 -0.872751
vn -0.325349 0.050050 -0.944268
vn -0.189017 -0.115330 -0.975178
vn -0.526364 0.158909 -0.835277
vn -0.415647 -0.044156 -0.908453
vn -0.293061 -0.211654 -0.932372
vn -0.500813 -0.127669 -0.856089
vn -0.609664 0.102901 -0.785952
vn -0.530903 -0.153608 -0.833394
vn -0.647750 0.088322 -0.756716
vn -0.660185 0.082787 -0.746527
vn -0.531849 -0.157018 -0.832155
vn -0.669132 0.071364 -0.739709
vn -0.534140 -0.162409 -0.829649
vn -0.691978 0.046987 -0.720387
vn -0.542806 -0.182004 -0.819900
vn -0.729393 0.363111 -0.579772
vn -0.752209 0.340142 -0.564344
vn -0.781394 0.299863 -0.547271
vn -0.829858 0.489745 -0.267367
vn -0.821427 0.237665 -0.518434
vn -0.717407 0.003972 -0.696643
vn -0.870760 0.437566 -0.224306
vn -0.851938 0.170587 -0.495078
vn -0.715917 -0.053900 -0.696102
vn -0.849965 0.135519 -0.509110
vn -0.692053 -0.102046 -0.714597
vn -0.839049 0.113629 -0.532058
vn -0.664635 -0.132601 -0.735307
vn -0.069200 0.594021 0.801468
vn 0.721357 0.448778 -0.527487
vn 0.705804 0.445021 -0.551178
vn 0.566036 0.649182 -0.508101
vn 0.565565 0.616249 -0.548063
vn 0.358788 0.801430 -0.478519
vn -0.743402 -0.665418 0.067629
vn -0.768063 0.242807 -0.592557
vn -0.292847 -0.443369 0.847151
vn 0.800705 -0.491133 -0.343016
vn 0.179116 -0.975313 -0.129159
vn -0.582342 -0.146301 0.799671
vn -0.868592 -0.349709 0.351071
vn -0.657293 -0.061211 0.751145
vn -0.169831 0.311659 0.934894
vn 0.075926 0.288329 0.954517
vn 0.067346 0.808882 0.584102
vn -0.448392 0.135611 0.883490
vn -0.280182 0.113078 0.953264
vn -0.155289 0.861446 0.483524
vn 0.874640 -0.017136 0.484469
vn 0.721223 -0.661152 0.206678
vn 0.776081 -0.603194 0.184000
vn 0.693434 -0.685217 0.222770
vn 0.247539 0.532396 0.809493
vn -0.396394 0.527518 0.751396
vn -0.466771 0.502123 0.728009
vn -0.816066 0.348542 0.461037
vn 0.818416 0.314631 0.480835
vn 0.308055 0.524410 0.793786
vn -0.807498 0.095713 -0.582054
vn -0.403511 -0.473827 -0.782730
vn 0.681874 -0.021992 0.731139
vn 0.690585 -0.669255 0.274208
vn 0.697732 -0.630523 0.340014
vn -0.883432 -0.426131 0.194833
vn -0.865159 -0.449356 0.222663
vn 0.255484 -0.890490 -0.376503
vn 0.241797 -0.901124 -0.359874
vn 0.281590 -0.860058 -0.425450
vn 0.347758 -0.812104 -0.468563
vn -0.401819 -0.619167 -0.674666
vn -0.370108 -0.614666 -0.696567
vn 0.181974 -0.938637 -0.292996
vn 0.226285 -0.916700 -0.329328
vn 0.674087 -0.619694 0.401977
vn -0.280578 -0.635252 0.719536
vn -0.420088 -0.641761 0.641614
vn -0.841630 -0.435745 0.319039
vn -0.696290 -0.547887 0.463681
vn -0.664067 -0.599733 0.446470
vn -0.639596 -0.629313 0.441455
vn 0.757426 0.354654 0.548203
vn 0.544314 0.525929 0.653545
vn 0.353552 0.627346 0.693857
vn 0.150217 0.701663 0.696494
vn -0.075678 0.751584 0.655282
vn 0.344865 0.588259 0.731451
vn 0.132575 0.663631 0.736218
vn -0.818986 0.089281 -0.566825
vn -0.635243 -0.140844 -0.759361
vn -0.873563 0.418130 -0.249108
vn -0.786411 0.088695 -0.611303
vn -0.779961 0.087897 -0.619625
vn -0.874400 0.411642 -0.256859
vn -0.891072 0.361530 -0.274385
vn -0.791868 0.078819 -0.605585
vn -0.801206 0.081647 -0.592793
vn -0.771538 0.621447 0.136135
vn -0.806211 0.576262 0.133961
vn -0.621070 0.654551 0.431086
vn -0.825515 0.553488 0.110343
vn -0.894740 0.325799 -0.305443
vn -0.644004 0.626011 0.439738
vn -0.855854 0.507780 0.098355
vn -0.915054 0.271585 -0.298191
vn -0.819580 0.047169 -0.571020
vn -0.673469 0.592145 0.442496
vn 0.796548 0.273491 0.539179
vn 0.794069 0.317697 0.518192
vn 0.777188 0.347832 0.524396
vn 0.977009 0.072154 0.200616
vn -0.834376 0.006336 -0.551160
vn -0.932750 0.250001 -0.259762
vn -0.884109 0.460567 0.078927
vn -0.036877 0.995955 0.081941
vn -0.076321 0.993211 0.087787
vn -0.038612 0.995392 0.087776
vn -0.109441 0.991060 0.076305
vn -0.111669 0.989766 0.088850
vn -0.110959 0.988668 0.101112
vn -0.106849 0.987159 0.118746
vn -0.119643 0.987791 0.099769
vn -0.122572 0.988756 0.085664
vn -0.094104 0.988871 0.115230
vn -0.083828 0.988635 0.124795
vn -0.086414 0.988656 0.122849
vn -0.073184 0.989468 0.124885
vn -0.062113 0.990063 0.126166
vn -0.063463 0.989925 0.126577
vn -0.053594 0.991346 0.119840
vn -0.039346 0.993302 0.108645
vn -0.042233 0.992330 0.116175
vn -0.043794 0.992639 0.112912
vn -0.029860 0.993167 0.112818
vn -0.041968 0.994360 0.097399
vn -0.059418 0.996549 0.057956
vn -0.061490 0.996517 0.056335
vn -0.060758 0.996592 0.055796
vn -0.065444 0.996356 0.054690
vn -0.088244 0.995074 0.045184
vn -0.096029 0.994492 0.042000
vn -0.082189 0.995755 0.041431
vn -0.078501 0.996011 0.042427
vn -0.094313 0.994271 0.050312
vn -0.100612 0.993501 0.053236
vn -0.100999 0.993374 0.054844
vn -0.105372 0.992437 0.062971
vn 0.037233 -0.996047 0.080645
vn 0.052290 -0.981766 0.182759
vn 0.045207 -0.993494 0.104530
vn 0.084809 -0.974266 0.208840
vn 0.127351 -0.982114 0.138688
vn 0.196656 -0.979863 0.034565
vn 0.217072 -0.976131 0.006958
vn 0.174491 -0.983614 0.045352
vn 0.056709 -0.989354 0.134025
vn 0.013829 -0.986928 0.160567
vn 0.011476 -0.986681 0.162264
vn 0.029393 -0.986569 0.160680
vn 0.043438 -0.986069 0.160565
vn 0.063427 -0.984214 0.165226
vn 0.067031 -0.984099 0.164490
vn 0.026955 -0.989560 0.141579
vn -0.021821 -0.993973 0.107433
vn -0.021705 -0.993712 0.109842
vn 0.035539 -0.984297 0.172908
vn 0.077559 -0.971824 0.222584
vn 0.089004 -0.967088 0.238366
vn 0.066740 -0.978634 0.194475
vn 0.047257 -0.986353 0.157715
vn 0.053382 -0.983154 0.174808
vn 0.054995 -0.982942 0.175500
vn 0.047691 -0.988484 0.143616
vn 0.036743 -0.983532 0.176960
vn 0.034625 -0.984688 0.170851
vn 0.027276 -0.981116 0.191490
vn 0.027055 -0.981062 0.191793
vn 0.029381 -0.981365 0.189894
vn 0.032919 -0.981773 0.187187
vn 0.032782 -0.981802 0.187055
vn 0.032606 -0.981771 0.187251
vn 0.034600 -0.981768 0.186909
vn 0.037636 -0.981685 0.186758
vn 0.040743 -0.981530 0.186921
vn 0.043966 -0.981285 0.187477
vn 0.047381 -0.980947 0.188409
vn 0.051727 -0.980399 0.190109
vn 0.055392 -0.979849 0.191904
vn 0.058047 -0.979346 0.193680
vn 0.059464 -0.979028 0.194856
vn 0.059190 -0.979163 0.194259
vn 0.059235 -0.978986 0.195133
vn 0.061949 -0.973053 0.222104
vn 0.063428 -0.964498 0.256361
vn 0.067717 -0.966272 0.248461
s 1
g HutTree:Group13968
f 1/4834/1 2/4826/2 5118/4829/3 5117/4835/4
f 1/4834/1 4733/4836/5 4734/4830/6 2/4826/2
f 1/7102/1 6350/7103/7 4732/7104/8 4733/7105/5
f 1/4834/1 5117/4835/4 5116/4842/9 6350/4843/7
f 2/4826/2 3/4827/10 5149/4828/11 5118/4829/3
f 2/4826/2 4734/4830/6 5/4831/12 3/4827/10
f 3/4827/10 4/4832/13 5150/4833/14 5149/4828/11
f 3/4827/10 5/4831/12 4089/4839/15 4/4832/13
f 4/4270/13 4088/4265/16 3955/4258/17 5150/4263/14
f 4/4832/13 4089/4839/15 4090/4848/18 4088/4849/16
f 5/4831/12 4734/4830/6 4093/4837/19 4094/4838/20
f 5/4831/12 4094/4838/20 5952/4847/21 4089/4839/15
f 6/7114/22 3219/7115/23 7/7116/24 8/7117/25
f 6/7114/22 3218/7118/26 3217/7119/27 3219/7115/23
f 6/7114/22 2174/7123/28 6501/7124/29 3218/7118/26
f 6/7114/22 8/7117/25 2175/7122/30 2174/7123/28
f 7/5023/24 2177/5000/31 2176/4999/32 8/5024/25
f 7/5023/24 2784/5047/33 6495/5048/34 2177/5000/31
f 7/7116/24 3219/7115/23 1858/7120/35 2784/7121/33
f 8/7117/25 2176/7130/32 4958/7131/36 2175/7122/30
f 4070/1/37 9/2/38 13/3/39 893/4/40
f 9/2/38 10/7/41 12/8/42 13/3/39
f 10/7/41 9/2/38 3264/6/43 5601/16/44
f 9/2/38 4070/1/37 3166/5/45 3264/6/43
f 4079/17/46 10/7/41 5601/16/44 5598/27/47
f 12/8/42 10/7/41 4079/17/46 11/18/48
f 4080/4879/49 11/4880/48 4079/4881/46 4078/4882/50
f 11/4880/48 15/4884/51 16/4890/52 12/4891/42
f 11/4880/48 4080/4879/49 14/4883/53 15/4884/51
f 12/8/42 16/19/52 17/9/54 13/3/39
f 13/3/39 17/9/54 894/10/55 893/4/40
f 14/4883/53 897/4889/56 2444/4898/57 3097/4899/58
f 14/4883/53 4080/4879/49 896/4888/59 897/4889/56
f 14/53/53 3097/54/58 3098/40/60 15/39/51
f 15/39/51 3098/40/60 3099/28/61 16/19/52
f 16/19/52 3099/28/61 3100/20/62 17/9/54
f 17/9/54 3100/20/62 6412/21/63 894/10/55
f 18/415/64 3071/441/65 2032/442/66 3070/416/67
f 18/415/64 19/417/68 3073/443/69 3071/441/65
f 18/415/64 3298/391/70 3299/395/71 19/417/68
f 18/415/64 3070/416/67 3297/392/72 3298/391/70
f 19/4952/68 21/4936/73 3076/4954/74 3073/4966/69
f 19/4952/68 3299/4933/71 20/4921/75 21/4936/73
f 20/4921/75 3300/4922/76 3301/4914/77 22/4913/78
f 20/4921/75 3299/4933/71 3224/4934/79 3300/4922/76
f 20/4921/75 22/4913/78 23/4924/80 21/4936/73
f 21/4936/73 23/4924/80 24/4938/81 3076/4954/74
f 22/4913/78 3301/4914/77 3296/4910/82 25/4909/83
f 22/4913/78 25/4909/83 26/4920/84 23/4924/80
f 23/4924/80 26/4920/84 27/4932/85 24/4938/81
f 24/4938/81 27/4932/85 3086/4951/86 3081/4956/87
f 24/4938/81 3081/4956/87 3077/4970/88 3076/4954/74
f 25/4909/83 3296/4910/82 5412/4911/89 5547/4912/90
f 25/4909/83 5547/4912/90 28/4919/91 26/4920/84
f 26/4920/84 28/4919/91 29/4931/92 27/4932/85
f 27/4932/85 29/4931/92 30/4950/93 3086/4951/86
f 28/4919/91 5548/4930/94 5549/4949/95 29/4931/92
f 28/4919/91 5547/4912/90 6497/4918/96 5548/4930/94
f 29/4931/92 5549/4949/95 5782/4963/97 30/4950/93
f 30/4950/93 3092/4964/98 3087/4965/99 3086/4951/86
f 30/4950/93 5782/4963/97 5783/4984/100 3092/4964/98
f 31/3499/101 33/3493/102 5664/3489/103 5663/3495/104
f 31/5183/101 2628/5184/105 32/5185/106 33/5186/102
f 31/5183/101 6127/5187/107 2625/5188/108 2628/5184/105
f 31/3499/101 5663/3495/104 2487/3500/109 6127/3505/107
f 32/5185/106 35/5191/110 36/5192/111 33/5186/102
f 32/5185/106 2630/5190/112 34/5196/113 35/5191/110
f 32/5185/106 2628/5184/105 2627/5189/114 2630/5190/112
f 33/3493/102 36/3487/111 5493/3481/115 5664/3489/103
f 34/3605/113 2631/3602/116 37/3598/117 38/3601/118
f 34/3605/113 2630/3609/112 2629/3606/119 2631/3602/116
f 34/5196/113 38/5200/118 3427/5197/120 35/5191/110
f 35/5191/110 3427/5197/120 3428/5198/121 36/5192/111
f 36/3487/111 3428/3479/121 3868/3475/122 5493/3481/115
f 37/3598/117 4505/3596/123 4418/3591/124 5636/3594/125
f 37/3598/117 2631/3602/116 4504/3599/126 4505/3596/123
f 37/3598/117 5636/3594/125 548/3597/127 38/3601/118
f 38/5200/118 548/5203/127 549/5204/128 3427/5197/120
f 6268/768/129 39/765/130 63/764/131 6269/769/132
f 39/7360/130 2799/7361/133 2801/7362/134 40/7363/135
f 63/764/131 39/765/130 40/766/135 41/767/136
f 40/7363/135 2801/7362/134 2804/7368/137 42/7369/138
f 41/767/136 40/766/135 42/770/138 43/771/139
f 67/772/140 41/767/136 43/771/139 66/779/141
f 63/764/131 41/767/136 67/772/140 68/773/142
f 42/770/138 2804/783/137 2807/784/143 44/777/144
f 43/771/139 42/770/138 44/777/144 45/778/145
f 66/779/141 43/771/139 45/778/145 65/787/146
f 44/777/144 2807/784/143 2811/793/147 46/785/148
f 45/778/145 44/777/144 46/785/148 47/786/149
f 65/787/146 45/778/145 47/786/149 64/796/150
f 46/785/148 2811/793/147 2815/803/151 48/794/152
f 47/786/149 46/785/148 48/794/152 49/795/153
f 64/796/150 47/786/149 49/795/153 50/806/154
f 64/796/150 50/806/154 72/813/155 73/807/156
f 48/794/152 2815/803/151 2820/809/157 51/804/158
f 49/795/153 48/794/152 51/804/158 52/805/159
f 50/806/154 49/795/153 52/805/159 53/812/160
f 72/813/155 50/806/154 53/812/160 71/821/161
f 51/804/158 2820/809/157 2825/817/162 54/810/163
f 52/805/159 51/804/158 54/810/163 55/811/164
f 53/812/160 52/805/159 55/811/164 56/820/165
f 71/821/161 53/812/160 56/820/165 70/828/166
f 54/810/163 2825/817/162 221/824/167 6345/818/168
f 54/810/163 6345/818/168 57/819/169 55/811/164
f 55/811/164 57/819/169 58/827/170 56/820/165
f 56/820/165 58/827/170 69/837/171 70/828/166
f 57/819/169 59/826/172 60/836/173 58/827/170
f 57/819/169 6345/818/168 1522/825/174 59/826/172
f 58/827/170 60/836/173 61/847/175 69/837/171
f 59/826/172 1522/825/174 1811/834/176 1951/835/177
f 60/836/173 59/826/172 1951/835/177 1521/846/178
f 61/847/175 60/836/173 1521/846/178 62/856/179
f 61/847/175 2967/857/180 2968/848/181 69/837/171
f 2967/857/180 61/847/175 62/856/179 2966/870/182
f 2966/870/182 62/856/179 1816/869/183 2010/880/184
f 62/856/179 1521/846/178 1815/855/185 1816/869/183
f 63/764/131 68/773/142 6371/774/186 6269/769/132
f 65/787/146 64/796/150 73/807/156 2962/797/187
f 66/779/141 65/787/146 2962/797/187 2963/788/188
f 67/772/140 66/779/141 2963/788/188 2964/780/189
f 68/773/142 67/772/140 2964/780/189 2965/781/190
f 68/773/142 2965/781/190 2239/782/191 6371/774/186
f 69/837/171 2968/848/181 2969/838/192 70/828/166
f 71/821/161 70/828/166 2969/838/192 2970/829/193
f 72/813/155 71/821/161 2970/829/193 2971/822/194
f 73/807/156 72/813/155 2971/822/194 2972/814/195
f 2962/797/187 73/807/156 2972/814/195 2973/808/196
f 74/1080/197 4320/1079/198 4321/1084/199 75/1085/200
f 4320/1079/198 74/1080/197 5478/1074/201 5559/1073/202
f 74/1080/197 5477/1086/203 5476/1087/204 5478/1074/201
f 5477/1086/203 74/1080/197 75/1085/200 5560/1093/205
f 75/1085/200 4321/1084/199 4322/1091/206 5561/1092/207
f 5560/1093/205 75/1085/200 5561/1092/207 5968/1099/208
f 76/5233/209 2068/5234/210 6240/5235/211 6241/5236/212
f 76/5233/209 77/5237/213 78/5238/214 2068/5234/210
f 76/775/209 6268/768/129 6269/769/132 77/776/213
f 76/5233/209 6241/5236/212 6322/5241/215 6268/5242/129
f 77/776/213 2239/782/191 2238/791/216 78/792/214
f 77/776/213 6269/769/132 6371/774/186 2239/782/191
f 78/5238/214 2238/5244/216 2237/5245/217 79/5243/218
f 78/5238/214 79/5243/218 2069/5239/219 2068/5234/210
f 79/2369/218 2237/2384/217 2464/2370/220 2465/2353/221
f 80/1148/222 81/1149/223 4130/1150/224 4129/1151/225
f 80/1148/222 1043/1152/226 85/1153/227 81/1149/223
f 80/1148/222 1041/1159/228 1042/1160/229 1043/1152/226
f 80/1148/222 4129/1151/225 949/1158/230 1041/1159/228
f 81/1149/223 82/1154/231 4131/1155/232 4130/1150/224
f 81/1149/223 85/1153/227 86/1163/233 82/1154/231
f 82/1154/231 83/1164/234 1503/1165/235 4131/1155/232
f 82/1154/231 86/1163/233 87/1177/236 83/1164/234
f 83/1164/234 84/1178/237 1504/1179/238 1503/1165/235
f 83/5271/234 87/5258/236 88/5250/239 84/5261/237
f 84/5261/237 6373/5256/240 1505/5273/241 1504/5274/238
f 84/5261/237 88/5250/239 89/5246/242 6373/5256/240
f 85/1153/227 1045/1162/243 90/1176/244 86/1163/233
f 85/1153/227 1043/1152/226 1044/1161/245 1045/1162/243
f 86/1163/233 90/1176/244 91/1196/246 87/1177/236
f 87/5258/236 91/5259/246 92/5251/247 88/5250/239
f 88/5250/239 92/5251/247 93/5247/248 89/5246/242
f 89/5246/242 93/5247/248 3356/5248/249 1004/5249/250
f 6373/5256/240 89/5246/242 1004/5249/250 3355/5257/251
f 90/1176/244 1045/1162/243 1047/1175/252 1048/1195/253
f 90/1176/244 1048/1195/253 94/1212/254 91/1196/246
f 91/5259/246 94/5270/254 95/5260/255 92/5251/247
f 92/5251/247 95/5260/255 96/5252/256 93/5247/248
f 93/5247/248 96/5252/256 3357/5253/257 3356/5248/249
f 94/1212/254 1048/1195/253 1051/1211/258 1052/1232/259
f 94/5270/254 1052/5283/259 97/5272/260 95/5260/255
f 95/5260/255 97/5272/260 98/5262/261 96/5252/256
f 3357/5253/257 96/5252/256 98/5262/261 99/5263/262
f 97/5272/260 1052/5283/259 1056/5295/263 1057/5284/264
f 97/5272/260 1057/5284/264 1058/5275/265 98/5262/261
f 99/5263/262 98/5262/261 1058/5275/265 100/5276/266
f 99/5263/262 100/5276/266 101/5289/267 3359/5277/268
f 99/5263/262 3359/5277/268 3358/5264/269 3357/5253/257
f 102/5287/270 100/5276/266 1058/5275/265 1064/5288/271
f 100/4672/266 102/4671/270 103/4669/272 101/4673/267
f 101/5289/267 3361/5301/273 3360/5290/274 3359/5277/268
f 101/5289/267 103/5311/272 3363/5312/275 3361/5301/273
f 102/4671/270 1070/4668/276 104/4666/277 103/4669/272
f 1070/5299/276 102/5287/270 1064/5288/271 1069/5300/278
f 103/4669/272 104/4666/277 105/4667/279 3363/4670/275
f 104/4666/277 1077/4663/280 106/4662/281 105/4667/279
f 104/4666/277 1070/4668/276 1076/4664/282 1077/4663/280
f 105/7386/279 3366/7387/283 3364/7388/284 3363/7389/275
f 105/7386/279 106/7390/281 3368/7391/285 3366/7387/283
f 106/4662/281 1077/4663/280 1084/4658/286 1085/4659/287
f 106/4662/281 1085/4659/287 107/4661/288 3368/4665/285
f 107/4661/288 1085/4659/287 1093/4655/289 1094/4657/290
f 107/7399/288 3370/7400/291 3369/7394/292 3368/7391/285
f 107/7399/288 1094/7405/290 108/7406/293 3370/7400/291
f 108/7406/293 1094/7405/290 1102/7411/294 1103/7412/295
f 108/7406/293 113/7413/296 111/7407/297 3370/7400/291
f 108/7406/293 1103/7412/295 115/7419/298 113/7413/296
f 109/6753/299 1744/6758/300 1743/6751/301 110/6746/302
f 109/6753/299 1746/6761/303 1745/6763/304 1744/6758/300
f 109/6753/299 1447/6754/305 1444/6760/306 1746/6761/303
f 109/6753/299 110/6746/302 4766/6747/307 1447/6754/305
f 110/6746/302 112/6739/308 4767/6736/309 4766/6747/307
f 110/6746/302 1743/6751/301 111/6743/297 112/6739/308
f 111/7407/297 1743/7401/301 3369/7394/292 3370/7400/291
f 111/6743/297 113/6744/296 114/6740/310 112/6739/308
f 112/6739/308 114/6740/310 4768/6737/311 4767/6736/309
f 113/6744/296 115/6750/298 116/6745/312 114/6740/310
f 114/6740/310 116/6745/312 4769/6741/313 4768/6737/311
f 115/6750/298 117/6757/314 118/6752/315 116/6745/312
f 115/7419/298 1103/7412/295 1112/7418/316 117/7425/314
f 116/6745/312 118/6752/315 4770/6748/317 4769/6741/313
f 117/6757/314 119/6762/318 120/6759/319 118/6752/315
f 117/7425/314 1112/7418/316 1702/7424/320 119/7430/318
f 118/6752/315 120/6759/319 4772/6755/321 4770/6748/317
f 119/7430/318 1702/7424/320 1701/7429/322 121/7435/323
f 119/6762/318 121/6768/323 122/6764/324 120/6759/319
f 120/6759/319 122/6764/324 4774/6765/325 4772/6755/321
f 121/7435/323 1701/7429/322 1700/7434/326 123/7438/327
f 121/6768/323 123/6774/327 124/6770/328 122/6764/324
f 122/6764/324 124/6770/328 125/6771/329 4774/6765/325
f 123/7438/327 1700/7434/326 1699/7437/330 1549/7441/331
f 123/6774/327 1549/6780/331 126/6776/332 124/6770/328
f 124/6770/328 126/6776/332 127/6777/333 125/6771/329
f 125/1545/329 127/1571/333 4778/1546/334 4776/1516/335
f 125/1545/329 4776/1516/335 4775/1485/336 4774/1515/325
f 126/6776/332 128/6782/337 129/6783/338 127/6777/333
f 126/6776/332 1549/6780/331 1548/6786/339 128/6782/337
f 127/1571/333 129/1601/338 4780/1572/340 4778/1546/334
f 128/6782/337 130/6788/341 131/6789/342 129/6783/338
f 128/6782/337 1548/6786/339 1547/6792/343 130/6788/341
f 129/1601/338 131/1629/342 4782/1602/344 4780/1572/340
f 130/6788/341 132/6794/345 133/6795/346 131/6789/342
f 130/6788/341 1547/6792/343 1546/6798/347 132/6794/345
f 131/1629/342 133/1653/346 4785/1630/348 4782/1602/344
f 132/6794/345 134/6802/349 135/6803/350 133/6795/346
f 132/7457/345 1546/7450/347 1545/7453/351 134/7458/349
f 133/1653/346 135/1680/350 4788/1654/352 4785/1630/348
f 134/7458/349 1545/7453/351 1544/7456/353 136/7462/354
f 134/6802/349 136/6805/354 137/6806/355 135/6803/350
f 135/1680/350 137/1701/355 4791/1681/356 4788/1654/352
f 136/7462/354 1544/7456/353 1543/7461/357 138/7466/358
f 136/7462/354 138/7466/358 139/7471/359 137/7472/355
f 137/1701/355 139/1720/359 4795/1702/360 4791/1681/356
f 138/7466/358 1543/7461/357 1729/7465/361 1565/7470/362
f 138/7466/358 1565/7470/362 140/7477/363 139/7471/359
f 139/1720/359 140/1737/363 4799/1721/364 4795/1702/360
f 140/1737/363 141/1753/365 4803/1738/366 4799/1721/364
f 140/1737/363 1565/1768/362 1564/1769/367 141/1753/365
f 141/1753/365 142/1770/368 4807/1754/369 4803/1738/366
f 141/1753/365 1564/1769/367 1563/1784/370 142/1770/368
f 142/1770/368 143/1785/371 144/1771/372 4807/1754/369
f 142/1770/368 1563/1784/370 1562/1798/373 143/1785/371
f 143/1785/371 145/1799/374 146/1786/375 144/1771/372
f 143/1785/371 1562/1798/373 1561/1810/376 145/1799/374
f 144/1771/372 4812/1755/377 4808/1739/378 4807/1754/369
f 144/1771/372 146/1786/375 4816/1772/379 4812/1755/377
f 145/1799/374 1561/1810/376 1560/1823/380 147/1811/381
f 145/1799/374 147/1811/381 148/1800/382 146/1786/375
f 146/1786/375 148/1800/382 4820/1787/383 4816/1772/379
f 147/1811/381 1560/1823/380 1559/1835/384 149/1824/385
f 147/1811/381 149/1824/385 150/1812/386 148/1800/382
f 148/1800/382 150/1812/386 4825/1801/387 4820/1787/383
f 149/1824/385 1559/1835/384 1558/1851/388 1589/1836/389
f 149/1824/385 1589/1836/389 151/1825/390 150/1812/386
f 150/1812/386 151/1825/390 4830/1813/391 4825/1801/387
f 151/1825/390 152/1837/392 4835/1826/393 4830/1813/391
f 151/1825/390 1589/1836/389 1588/1852/394 152/1837/392
f 152/1837/392 153/1853/395 4841/1838/396 4835/1826/393
f 152/1837/392 1588/1852/394 1587/1865/397 153/1853/395
f 153/1853/395 154/1866/398 4847/1854/399 4841/1838/396
f 153/1853/395 1587/1865/397 1586/1878/400 154/1866/398
f 154/1866/398 155/1879/401 4853/1867/402 4847/1854/399
f 154/1866/398 1586/1878/400 1585/1890/403 155/1879/401
f 155/1879/401 1585/1890/403 1584/1902/404 156/1891/405
f 155/1879/401 156/1891/405 4860/1880/406 4853/1867/402
f 156/1891/405 1584/1902/404 1583/1914/407 157/1903/408
f 156/1891/405 157/1903/408 4867/1892/409 4860/1880/406
f 157/1903/408 1583/1914/407 1582/1926/410 1606/1915/411
f 157/1903/408 1606/1915/411 4874/1904/412 4867/1892/409
f 158/1916/413 159/1928/414 4887/1917/415 4881/1905/416
f 158/1916/413 1605/1927/417 1604/1938/418 159/1928/414
f 158/1916/413 4874/1904/412 1606/1915/411 1605/1927/417
f 158/1916/413 4881/1905/416 4875/1893/419 4874/1904/412
f 159/1928/414 160/1939/420 4893/1929/421 4887/1917/415
f 159/1928/414 1604/1938/418 1603/1948/422 160/1939/420
f 160/1939/420 1603/1948/422 1602/1962/423 161/1949/424
f 160/1939/420 161/1949/424 4899/1940/425 4893/1929/421
f 161/1949/424 1602/1962/423 1601/1974/426 162/1963/427
f 161/1949/424 162/1963/427 4906/1950/428 4899/1940/425
f 162/1963/427 1601/1974/426 1600/1986/429 163/1975/430
f 162/1963/427 163/1975/430 4913/1964/431 4906/1950/428
f 163/1975/430 1600/1986/429 1599/1999/432 1616/1987/433
f 163/1975/430 1616/1987/433 4919/1976/434 4913/1964/431
f 164/2036/435 1611/2047/436 1610/2059/437 165/2048/438
f 164/2036/435 4941/2023/439 1612/2035/440 1611/2047/436
f 164/2036/435 4945/2037/441 4942/2024/442 4941/2023/439
f 164/2036/435 165/2048/438 4947/2049/443 4945/2037/441
f 165/2048/438 1610/2059/437 1609/2071/444 1619/2060/445
f 165/2048/438 1619/2060/445 4949/2061/446 4947/2049/443
f 3388/7613/447 3387/7614/448 167/7615/449 168/7616/450
f 3383/851/451 3388/850/447 168/859/450 3538/860/452
f 166/2209/453 3389/2199/454 5899/2200/455 5900/2210/456
f 167/5470/449 166/5471/453 5900/5472/456 5901/5473/457
f 168/7616/450 167/7615/449 5901/7617/457 5459/7618/458
f 3389/2199/454 5115/2189/459 5898/2192/460 5899/2200/455
f 5115/2189/459 5114/2190/461 5657/2191/462 5898/2192/460
f 169/2257/463 170/2280/464 6066/2298/465 6222/2278/466
f 169/2257/463 6462/2244/467 3880/2276/468 170/2280/464
f 169/2257/463 6317/2258/469 315/2234/470 6462/2244/467
f 169/2257/463 6222/2278/466 5325/2279/471 6317/2258/469
f 170/2280/464 4246/2301/472 4177/2320/473 6066/2298/465
f 170/2280/464 3880/2276/468 3881/2297/474 4246/2301/472
f 171/1038/475 174/1031/476 175/1030/477 172/1039/478
f 171/1038/475 741/1045/479 743/1037/480 174/1031/476
f 171/1038/475 6260/1047/481 6375/1053/482 741/1045/479
f 171/1038/475 172/1039/478 6259/1046/483 6260/1047/481
f 172/5387/478 175/5388/477 176/5381/484 173/5377/485
f 172/1039/478 173/1054/485 6390/1055/486 6259/1046/483
f 173/5377/485 2001/5378/487 1941/5379/488 6390/5380/486
f 173/5377/485 176/5381/484 2005/5382/489 2001/5378/487
f 175/1030/477 174/1031/476 4291/1023/490 2146/1022/491
f 174/1031/476 743/1037/480 4290/1029/492 4291/1023/490
f 176/7623/484 175/7624/477 2146/7625/491 177/7626/493
f 2005/5382/489 176/5381/484 177/5389/493 2009/5390/494
f 2009/5390/494 177/5389/493 4199/5393/495 1927/5394/496
f 177/7626/493 2146/7625/491 4293/7627/497 4199/7628/495
f 659/7646/498 541/7647/499 178/7648/500 179/7649/501
f 3148/7652/502 659/7646/498 179/7649/501 180/7653/503
f 179/7649/501 178/7648/500 6278/7650/504 6279/7651/505
f 178/2846/500 2705/2840/506 6453/2848/507 6278/2856/504
f 180/7653/503 179/7649/501 6279/7651/505 6280/7654/508
f 456/2579/509 180/2588/503 6280/2582/508 6452/2580/510
f 181/7659/511 976/7660/512 183/7661/513 184/7662/514
f 181/7659/511 975/7663/515 974/7664/516 976/7660/512
f 181/7659/511 182/7670/517 5155/7671/518 975/7663/515
f 181/7659/511 184/7662/514 185/7669/519 182/7670/517
f 182/7670/517 3848/7680/520 3846/7681/521 5155/7671/518
f 182/7670/517 185/7669/519 3270/7679/522 3848/7680/520
f 183/7661/513 977/7666/523 5221/7675/524 5222/7667/525
f 183/7661/513 976/7660/512 973/7665/526 977/7666/523
f 183/7661/513 5222/7667/525 3275/7668/527 184/7662/514
f 184/7662/514 3275/7668/527 3276/7678/528 185/7669/519
f 185/7669/519 3276/7678/528 191/7690/529 3270/7679/522
f 186/7248/530 3266/7255/531 3267/7250/532 187/7240/533
f 186/7248/530 6387/7256/534 6437/7262/535 3266/7255/531
f 186/7248/530 991/7239/536 6245/7249/537 6387/7256/534
f 186/7248/530 187/7240/533 3861/7228/538 991/7239/536
f 187/7240/533 3009/7232/539 2827/7219/540 3861/7228/538
f 187/7240/533 3267/7250/532 260/7244/541 3009/7232/539
f 188/318/542 5496/334/543 6335/315/544 2390/295/545
f 188/318/542 5497/336/546 5495/357/547 5496/334/543
f 188/318/542 4025/319/548 4024/335/549 5497/336/546
f 188/318/542 2390/295/545 5020/296/550 4025/319/548
f 189/7707/551 193/7722/552 194/7736/553 190/7723/554
f 189/7707/551 3271/7691/555 192/7706/556 193/7722/552
f 189/7707/551 3274/7708/557 3273/7692/558 3271/7691/555
f 189/7707/551 190/7723/554 6297/7724/559 3274/7708/557
f 190/7723/554 194/7736/553 3020/7748/560 3018/7737/561
f 190/7723/554 3018/7737/561 6316/7738/562 6297/7724/559
f 191/7690/529 3276/7678/528 5226/7689/563 3956/7705/564
f 191/7690/529 192/7706/556 3271/7691/555 3270/7679/522
f 191/6975/529 3956/6971/564 3957/6966/565 192/6976/556
f 192/4224/556 3957/4225/565 3958/4207/566 193/4216/552
f 193/4216/552 3958/4207/566 3959/4197/567 194/4208/553
f 194/4208/553 3959/4197/567 3025/4184/568 3020/4198/560
f 195/673/569 2839/674/570 2388/645/571 2496/644/572
f 195/673/569 2835/698/573 2838/699/574 2839/674/570
f 195/673/569 2832/669/575 2831/694/576 2835/698/573
f 195/673/569 2496/644/572 2833/639/577 2832/669/575
f 196/4939/578 4957/4925/579 3304/4937/580 5314/4955/581
f 196/4939/578 6428/4940/582 6229/4926/583 4957/4925/579
f 196/4939/578 3479/4957/584 6336/4958/585 6428/4940/582
f 196/4939/578 5314/4955/581 452/4971/586 3479/4957/584
f 197/6454/587 3419/6451/588 5469/6445/589 198/6448/590
f 197/6454/587 3344/6464/591 3351/6459/592 3419/6451/588
f 197/6454/587 5033/6465/593 3494/6474/594 3344/6464/591
f 197/6454/587 198/6448/590 5034/6456/595 5033/6465/593
f 198/6448/590 5469/6445/589 1037/6444/596 199/6449/597
f 198/6448/590 199/6449/597 5035/6455/598 5034/6456/595
f 199/1475/597 1037/1504/596 1038/1476/599 200/1445/600
f 199/1475/597 200/1445/600 5036/1413/601 5035/1444/598
f 200/1445/600 1038/1476/599 4059/1477/602 6355/1446/603
f 200/1445/600 6355/1446/603 4719/1414/604 5036/1413/601
f 5453/2417/605 6129/2418/606 2173/2419/607 6130/2420/608
f 5564/2428/609 5453/2417/605 6130/2420/608 373/2429/610
f 201/8052/611 1962/8054/612 1964/8048/613 203/8044/614
f 201/4039/611 1959/4037/615 1958/4040/616 1962/4042/612
f 201/4039/611 202/4036/617 1966/4034/618 1959/4037/615
f 201/8052/611 203/8044/614 204/8047/619 202/8053/617
f 202/4036/617 1956/4033/620 6339/4032/621 1966/4034/618
f 202/8053/617 204/8047/619 6320/8051/622 1956/8060/620
f 203/8044/614 4191/8045/623 4192/8046/624 204/8047/619
f 203/8044/614 1964/8048/613 205/8049/625 4191/8045/623
f 204/8047/619 4192/8046/624 6256/8050/626 6320/8051/622
f 205/5658/625 3292/5659/627 4190/5655/628 1946/5652/629
f 205/8049/625 1964/8048/613 1963/8055/630 3292/8056/627
f 205/8049/625 1946/8057/629 392/8058/631 4191/8045/623
f 206/8084/632 207/8085/633 3729/8086/634 3728/8087/635
f 206/8084/632 5023/8088/636 5024/8089/637 207/8085/633
f 206/2476/632 5029/2465/638 5028/2475/639 5023/2487/636
f 206/2476/632 3728/2477/635 6400/2459/640 5029/2465/638
f 207/2656/633 5024/2660/637 3718/2661/641 5025/2657/642
f 207/2656/633 5025/2657/642 3727/2658/643 3729/2659/634
f 208/947/644 4680/962/645 5329/963/646 6456/932/647
f 208/947/644 209/964/648 4681/979/649 4680/962/645
f 208/947/644 6498/931/650 2031/961/651 209/964/648
f 208/947/644 6456/932/647 3136/919/652 6498/931/650
f 209/5395/648 210/5396/653 6009/5397/654 4681/5398/649
f 209/5395/648 2031/5399/651 2038/5400/655 210/5396/653
f 210/5396/653 2038/5400/655 2043/5405/656 2051/5401/657
f 210/5396/653 2051/5401/657 6010/5402/658 6009/5397/654
f 211/5406/659 6011/5414/660 4688/5408/661 6010/5402/658
f 211/3143/659 212/3144/662 6012/3135/663 6011/3134/660
f 211/3143/659 2052/3150/664 2053/3151/665 212/3144/662
f 211/5406/659 6010/5402/658 2051/5401/657 2052/5407/664
f 212/3144/662 2053/3151/665 2054/3153/666 2055/3149/667
f 212/3144/662 2055/3149/667 6013/3142/668 6012/3135/663
f 213/3861/669 3640/3858/670 5954/3862/671 5189/3865/672
f 213/3861/669 3642/3857/673 3643/3854/674 3640/3858/670
f 213/4856/669 818/4857/675 3641/4863/676 3642/4864/673
f 213/4856/669 5189/4846/672 5188/4845/677 818/4857/675
f 214/7112/678 215/7113/679 5191/7111/680 5190/7110/681
f 214/2866/678 216/2869/682 3644/2876/683 215/2877/679
f 214/2866/678 5385/2867/684 1418/2868/685 216/2869/682
f 214/2866/678 5190/2870/681 4095/2871/686 5385/2867/684
f 215/4866/679 3644/4871/683 3645/4867/687 3641/4863/676
f 215/4866/679 3641/4863/676 818/4857/675 5191/4862/680
f 216/2869/682 4096/2875/688 3649/2884/689 3644/2876/683
f 216/2869/682 1418/2868/685 1419/2874/690 4096/2875/688
f 217/8094/691 4240/8095/692 4238/8096/693 5409/8097/694
f 217/4768/691 3324/4769/695 6405/4764/696 4240/4763/692
f 217/3013/691 5608/3014/697 6429/3015/698 3324/3016/695
f 5608/3014/697 217/3013/691 5409/3017/694 5606/3018/699
f 218/2228/700 3058/2223/701 3061/2213/702 3062/2221/703
f 218/2228/700 2822/2239/704 2821/2230/705 3058/2223/701
f 218/5457/700 219/5458/706 2823/5459/707 2822/5460/704
f 218/5457/700 3062/5461/703 3063/5462/708 219/5458/706
f 219/5458/706 220/5463/709 2824/5464/710 2823/5459/707
f 219/5458/706 3063/5462/708 222/5465/711 220/5463/709
f 220/7384/709 221/7385/167 2825/7380/162 2824/7381/710
f 220/839/709 222/840/711 223/831/712 221/824/167
f 221/824/167 223/831/712 1003/832/713 6345/818/168
f 222/5465/711 3063/5462/708 564/5466/714 565/5467/715
f 222/840/711 565/849/715 566/841/716 223/831/712
f 223/831/712 566/841/716 3384/842/717 1003/832/713
f 2106/5476/718 3325/5477/719 5411/5478/720 2104/5479/721
f 2100/3025/722 5411/3024/720 3325/3027/719 2107/3028/723
f 1259/5453/724 5722/5452/725 224/5455/726 3285/5456/727
f 5947/1076/728 1259/1081/724 3285/1088/727 5727/1082/729
f 3285/8100/727 224/8101/726 3287/8102/730 3286/8103/731
f 224/3057/726 225/3045/732 226/3049/733 3287/3058/730
f 225/8129/732 224/8130/726 5722/8131/725 5723/8132/734
f 225/3045/732 227/3044/735 228/3048/736 226/3049/733
f 227/3044/735 225/3045/732 5723/3046/734 5725/3047/737
f 3287/3058/730 226/3049/733 3279/3056/738 3278/3065/739
f 226/3049/733 228/3048/736 3281/3055/740 3279/3056/738
f 228/3048/736 227/3044/735 229/3052/741 5502/3054/742
f 229/3052/741 227/3044/735 5725/3047/737 5726/3053/743
f 228/3048/736 5502/3054/742 5361/3062/744 3281/3055/740
f 5502/8133/742 229/8134/741 5720/8135/745 5721/8136/746
f 5720/5181/745 229/5182/741 5726/5179/743 2939/5178/747
f 230/8170/748 3695/8171/749 5298/8172/750 5299/8173/751
f 230/2683/748 6401/2678/752 5438/2671/753 3695/2676/749
f 230/2683/748 4327/2690/754 4326/2691/755 6401/2678/752
f 230/8170/748 5299/8173/751 231/8178/756 4327/8179/754
f 231/8178/756 232/8184/757 3329/8185/758 4327/8179/754
f 231/2449/756 3327/2445/759 233/2435/760 232/2438/757
f 231/8178/756 5299/8173/751 3855/8177/761 3327/8183/759
f 3329/5490/758 232/5491/757 1924/5492/762 1923/5493/763
f 232/2438/757 233/2435/760 6294/2425/764 3013/2427/765 1924/2439/762
f 233/2435/760 373/2429/610 6130/2420/608 6294/2425/764
f 233/2435/760 3327/2445/759 6480/2440/766 373/2429/610
f 234/5519/767 1352/5522/768 6438/5527/769 235/5528/770
f 234/5519/767 853/5520/771 1351/5521/772 1352/5522/768
f 234/5519/767 5423/5523/773 5422/5524/774 853/5520/771
f 234/5519/767 235/5528/770 5424/5529/775 5423/5523/773
f 235/3414/770 3818/3415/776 5421/3422/777 5424/3423/775
f 235/3414/770 6438/3405/769 5978/3409/778 3818/3415/776
f 236/81/779 258/60/780 237/78/781 238/98/782
f 236/81/779 2773/82/783 259/61/784 258/60/780
f 236/81/779 2760/101/785 2772/102/786 2773/82/783
f 2760/101/785 236/81/779 238/98/782 239/121/787
f 4210/145/788 2759/124/789 2760/101/785 239/121/787
f 255/57/790 237/78/781 258/60/780 256/44/791
f 237/78/781 255/57/790 254/77/792 240/96/793
f 237/78/781 240/96/793 241/119/794 238/98/782
f 238/98/782 241/119/794 242/143/795 239/121/787
f 239/121/787 242/143/795 243/169/796 4210/145/788
f 240/96/793 244/118/797 245/142/798 241/119/794
f 240/96/793 254/77/792 253/97/799 244/118/797
f 241/119/794 245/142/798 246/168/800 242/143/795
f 242/143/795 246/168/800 247/193/801 243/169/796
f 243/169/796 247/193/801 4216/215/802 4213/194/803
f 243/169/796 4213/194/803 4211/172/804 4210/145/788
f 244/118/797 248/141/805 249/167/806 245/142/798
f 244/118/797 253/97/799 6306/120/807 248/141/805
f 245/142/798 249/167/806 250/192/808 246/168/800
f 246/168/800 250/192/808 251/214/809 247/193/801
f 247/193/801 251/214/809 252/238/810 4216/215/802
f 248/141/805 3342/166/811 3341/191/812 249/167/806
f 248/141/805 6306/120/807 1258/165/813 3342/166/811
f 249/167/806 3341/191/812 3340/213/814 250/192/808
f 250/192/808 3340/213/814 3339/237/815 251/214/809
f 251/214/809 3339/237/815 3338/258/816 252/238/810
f 252/6539/810 4220/6530/817 4217/6540/818 4216/6545/802
f 252/6539/810 3338/6533/816 4224/6525/819 4220/6530/817
f 253/97/799 254/77/792 621/59/820 623/80/821
f 253/97/799 623/80/821 2428/100/822 6306/120/807
f 254/77/792 255/57/790 617/42/823 621/59/820
f 617/42/823 255/57/790 256/44/791 611/30/824
f 256/44/791 258/60/780 259/61/784 257/45/825
f 256/44/791 257/45/825 6412/21/63 611/30/824
f 257/45/825 259/61/784 639/62/826 640/46/827
f 257/45/825 640/46/827 6449/31/828 6412/21/63
f 259/61/784 2773/82/783 694/83/829 639/62/826
f 260/7244/541 807/7253/830 262/7245/831 5333/7233/832
f 260/3252/541 3267/3253/532 927/3236/833 807/3218/830
f 260/7244/541 5333/7233/832 5334/7222/834 3009/7232/539
f 261/3181/835 262/3199/831 807/3218/830 806/3198/836
f 261/3181/835 265/3180/837 5335/3197/838 262/3199/831
f 261/3181/835 812/3169/839 264/3168/840 265/3180/837
f 261/3181/835 806/3198/836 805/3182/841 812/3169/839
f 262/7245/831 5335/7234/838 5336/7223/842 5333/7233/832
f 263/3157/843 269/3160/844 270/3167/845 264/3168/840
f 263/3157/843 815/3158/846 268/3159/847 269/3160/844
f 263/3157/843 811/3161/848 810/3162/849 815/3158/846
f 263/3157/843 264/3168/840 812/3169/839 811/3161/848
f 264/3168/840 270/3167/845 5339/3179/850 265/3180/837
f 265/3180/837 5339/3179/850 5340/3196/851 5335/3197/838
f 266/3174/852 5457/3191/853 3866/3206/854 5689/3187/855
f 266/3174/852 813/3175/856 3814/3190/857 5457/3191/853
f 266/3174/852 267/3163/858 814/3164/859 813/3175/856
f 267/3163/858 266/3174/852 5689/3187/855 271/3173/860
f 268/3159/847 267/3163/858 271/3173/860 272/3165/861
f 267/3163/858 268/3159/847 815/3158/846 814/3164/859
f 269/3160/844 268/3159/847 272/3165/861 5344/3166/862
f 270/3167/845 269/3160/844 5344/3166/862 6273/3178/863
f 5339/3179/850 270/3167/845 6273/3178/863 1778/3195/864
f 271/3173/860 5689/3187/855 816/3207/865 6409/3188/866
f 272/3165/861 271/3173/860 6409/3188/866 3745/3189/867 3742/3176/868
f 5344/3166/862 272/3165/861 3742/3176/868 6253/3177/869
f 273/3225/870 274/3205/871 5445/3221/872 5443/3239/873
f 273/3225/870 5701/3211/874 3814/3190/857 274/3205/871
f 273/5303/870 6381/5292/875 1013/5282/876 5701/5294/874
f 273/3225/870 5443/3239/873 5440/3255/877 6381/3256/875
f 274/3205/871 3814/3190/857 813/3175/856 808/3186/878
f 274/3205/871 808/3186/878 6483/3201/879 5445/3221/872
f 275/3257/880 1523/3258/881 6295/3226/882 3867/3242/883
f 275/3257/880 4138/3269/884 4137/3270/885 1523/3258/881
f 275/3257/880 276/3272/886 6057/3284/887 4138/3269/884
f 275/3257/880 3867/3242/883 3355/3271/251 276/3272/886
f 276/5267/886 1006/5255/888 4270/5266/889 6057/5281/887
f 276/5267/886 3355/5257/251 1004/5249/250 1006/5255/888
f 277/3355/890 637/3356/891 3371/3357/892 4158/3358/893
f 277/3355/890 4067/3359/894 3622/3360/895 637/3356/891
f 277/3355/890 2455/3364/896 4068/3365/897 4067/3359/894
f 277/3355/890 4158/3358/893 3619/3363/898 2455/3364/896
f 4057/1095/899 278/1100/900 279/1106/901 4046/1101/902
f 278/8105/900 3278/8104/739 287/8106/903 279/8107/901
f 3287/8102/730 3278/8104/739 278/8105/900 3286/8103/731
f 278/1100/900 4057/1095/899 1350/1089/904 3286/1094/731
f 4046/1101/902 279/1106/901 280/1112/905 4047/1107/906
f 279/8107/901 287/8106/903 288/8110/907 280/8111/905
f 4047/1107/906 280/1112/905 281/1118/908 4048/1114/909
f 280/8111/905 288/8110/907 289/8113/910 281/8114/908
f 4048/1114/909 281/1118/908 282/1124/911 4049/1119/912
f 281/8114/908 289/8113/910 290/8115/913 282/8116/911
f 4049/1119/912 282/1124/911 283/1128/914 4050/1125/915
f 282/8116/911 290/8115/913 291/8117/916 283/8118/914
f 4050/1125/915 283/1128/914 284/1131/917 4051/1129/918
f 283/8118/914 291/8117/916 292/8119/919 284/8120/917
f 4051/1129/918 284/1131/917 285/1136/920 1347/1132/921
f 284/8120/917 292/8119/919 293/8121/922 285/8122/920
f 285/1136/920 286/1140/923 1348/1137/924 1347/1132/921
f 285/8122/920 293/8121/922 4308/8123/925 286/8124/923
f 286/1140/923 6304/1144/926 2061/1141/927 1348/1137/924
f 286/8124/923 4308/8123/925 4309/8125/928 6304/8126/926
f 288/8110/907 287/8106/903 3280/8108/929 294/8112/930
f 3280/8108/929 287/8106/903 3278/8104/739 3279/8109/738
f 289/3084/910 288/3085/907 294/3071/930 295/3076/931
f 290/3093/913 289/3084/910 295/3076/931 296/3086/932
f 291/3103/916 290/3093/913 296/3086/932 297/3094/933
f 292/3111/919 291/3103/916 297/3094/933 298/3104/934
f 293/3119/922 292/3111/919 298/3104/934 4310/3112/935
f 293/3119/922 4310/3112/935 4311/3121/936 4308/3127/925
f 295/3076/931 294/3071/930 3283/3070/937 299/3077/938
f 3283/3070/937 294/3071/930 3280/3063/929 3282/3064/939
f 296/3086/932 295/3076/931 299/3077/938 300/3087/940
f 297/3094/933 296/3086/932 300/3087/940 301/3095/941
f 298/3104/934 297/3094/933 301/3095/941 1036/3105/942
f 4310/3112/935 298/3104/934 1036/3105/942 4305/3113/943
f 300/3087/940 299/3077/938 3284/3083/944 302/3092/945
f 3284/3083/944 299/3077/938 3283/3070/937 4041/3075/946
f 301/3095/941 300/3087/940 302/3092/945 2571/3102/947
f 1036/3105/942 301/3095/941 2571/3102/947 2572/3110/948
f 2571/8154/947 302/8152/945 4388/8151/949 4389/8155/950
f 4388/8151/949 302/8152/945 3284/8149/944 4042/8148/951
f 303/3384/952 1318/3385/953 4040/3386/954 1920/3387/955
f 303/3384/952 6308/3388/956 4196/3389/957 1318/3385/953
f 303/3384/952 1919/3395/958 304/3396/959 6308/3388/956
f 303/3384/952 1920/3387/955 1921/3394/960 1919/3395/958
f 6446/3536/961 304/3537/959 1326/3538/962 2836/3539/963
f 304/3537/959 1919/3540/958 1517/3541/964 1326/3538/962
f 304/3396/959 6446/3397/961 4196/3389/957 6308/3388/956
f 305/361/965 2998/337/966 3000/327/967 308/346/968
f 305/361/965 5047/380/969 5046/362/970 2998/337/966
f 305/361/965 306/381/971 5613/403/972 5047/380/969
f 305/361/965 308/346/968 309/370/973 306/381/971
f 306/381/971 307/404/974 5615/426/975 5613/403/972
f 306/381/971 309/370/973 3297/392/72 307/404/974
f 307/404/974 2024/427/976 3985/455/977 5615/426/975
f 307/404/974 3297/392/72 3070/416/67 2024/427/976
f 308/346/968 3000/327/967 3001/326/978 310/347/979
f 308/346/968 310/347/979 3225/369/980 309/370/973
f 309/370/973 3225/369/980 3298/391/70 3297/392/72
f 310/347/979 3223/353/981 3224/373/79 3225/369/980
f 310/347/979 3001/326/978 3002/331/982 3223/353/981
f 311/891/983 551/890/984 5983/901/985 6444/902/986
f 551/890/984 311/891/983 5458/882/987 5464/881/988
f 311/891/983 3376/892/989 819/883/990 5458/882/987
f 311/891/983 6444/902/986 6341/903/991 3376/892/989
f 3538/860/452 168/859/450 5459/871/458 5460/872/992
f 3538/860/452 5460/872/992 5609/873/993 3539/861/994
f 559/6067/995 558/6062/996 567/6066/997 568/6071/998
f 558/6062/996 3386/6061/999 313/6065/1000 567/6066/997
f 312/852/1001 313/862/1000 3386/863/999 3385/843/1002
f 3384/842/717 3383/851/451 312/852/1001 3385/843/1002
f 313/862/1000 312/852/1001 3539/861/994 5110/874/1003
f 312/852/1001 3383/851/451 3538/860/452 3539/861/994
f 567/6066/997 313/6065/1000 5110/6069/1003 5111/6070/1004
f 1325/3519/1005 2392/3520/1006 429/3512/1007 430/3511/1008
f 2392/5538/1006 6478/5539/1009 2519/5540/1010 429/5541/1007
f 3269/3525/1011 1325/3519/1005 430/3511/1008 431/3518/1012
f 314/2226/1013 5984/2218/1014 3796/2225/1015 315/2234/470
f 5984/2218/1014 314/2226/1013 5462/2219/1016 5461/2208/1017
f 314/2226/1013 550/2237/1018 5463/2238/1019 5462/2219/1016
f 314/5599/1013 315/5600/470 6317/5601/469 550/5602/1018
f 315/2234/470 3796/2225/1015 3888/2236/1020 6462/2244/467
f 317/1122/1021 316/1127/1022 2413/1121/1023 2192/1117/1024
f 316/6660/1022 4482/6659/1025 4481/6661/1026 2413/6662/1023
f 4482/6659/1025 316/6660/1022 4548/6658/1027 1310/6657/1028
f 316/3632/1022 317/3633/1021 4474/3634/1029 4548/3635/1027
f 317/1122/1021 2192/1117/1024 2193/1116/1030 4313/1123/1031
f 317/3633/1021 4313/3636/1031 4323/3637/1032 4474/3634/1029
f 318/3702/1033 3465/3700/1034 3333/3697/1035 319/3699/1036
f 3465/3700/1034 318/3702/1033 5938/3705/1037 3056/3703/1038
f 318/310/1033 5626/270/1039 5894/290/1040 5938/311/1037
f 5626/8555/1039 318/8556/1033 319/8554/1036 3439/8553/1041
f 319/3699/1036 3333/3697/1035 2958/3694/1042 5014/3696/1043
f 3439/8553/1041 319/8554/1036 5014/8551/1043 5015/8552/1044
f 320/5609/1045 898/5610/1046 321/5611/1047 322/5612/1048
f 320/5609/1045 900/5613/1049 899/5614/1050 898/5610/1046
f 320/5609/1045 913/5619/1051 6410/5620/1052 900/5613/1049
f 320/7602/1045 322/7603/1048 919/7599/1053 913/7598/1051
f 321/5611/1047 1971/5617/1054 1970/5618/1055 322/5612/1048
f 321/5611/1047 1972/5615/1056 1971/5617/1054
f 1972/5615/1056 321/5611/1047 898/5610/1046 5980/5616/1057
f 322/7603/1048 1970/7608/1055 1535/7604/1058 919/7599/1053
f 323/7267/1059 6387/7256/534 2373/7265/1060 324/7270/1061
f 323/7267/1059 854/7268/1062 6437/7262/535 6387/7256/534
f 323/7267/1059 888/7272/1063 856/7273/1064 854/7268/1062
f 323/7267/1059 324/7270/1061 887/7280/1065 888/7272/1063
f 324/7270/1061 2373/7265/1060 2374/7271/1066 2372/7279/1067
f 324/7270/1061 2372/7279/1067 886/7287/1068 887/7280/1065
f 325/285/1069 6236/265/1070 326/264/1071 327/286/1072
f 325/285/1069 609/298/1073 632/279/1074 6236/265/1070
f 325/285/1069 2999/306/1075 1261/320/1076 609/298/1073
f 325/285/1069 327/286/1072 328/305/1077 2999/306/1075
f 326/264/1071 635/242/1078 6458/252/1079 329/272/1080
f 326/264/1071 6236/265/1070 634/243/1081 635/242/1078
f 326/264/1071 329/272/1080 330/291/1082 327/286/1072
f 327/286/1072 330/291/1082 331/313/1083 328/305/1077
f 328/305/1077 3001/326/978 3000/327/967 2999/306/1075
f 328/305/1077 331/313/1083 3002/331/982 3001/326/978
f 329/272/1080 347/251/1084 351/271/1085 330/291/1082
f 329/272/1080 6458/252/1079 348/232/1086 347/251/1084
f 330/291/1082 351/271/1085 5315/312/1087 331/313/1083
f 331/4987/1083 5315/4988/1087 6411/4953/1088 3002/4967/982
f 332/122/1089 333/123/1090 2428/100/822 2429/99/1091
f 332/122/1089 337/146/1092 6237/147/1093 333/123/1090
f 332/122/1089 448/140/1094 336/164/1095 337/146/1092
f 332/122/1089 2429/99/1091 2431/117/1096 448/140/1094
f 333/123/1090 6237/147/1093 5169/170/1097 5168/144/1098
f 333/123/1090 5168/144/1098 6306/120/807 2428/100/822
f 334/8190/1099 335/8191/1100 447/8192/1101 446/8193/1102
f 334/229/1099 340/230/1103 341/208/1104 335/187/1100
f 334/8190/1099 450/8197/1105 339/8201/1106 340/8202/1103
f 334/8190/1099 446/8193/1102 445/8196/1107 450/8197/1105
f 335/187/1100 341/208/1104 342/188/1108 336/164/1095
f 335/187/1100 336/164/1095 448/140/1094 447/163/1101
f 336/164/1095 342/188/1108 343/173/1109 337/146/1092
f 337/146/1092 343/173/1109 5172/174/1110 6237/147/1093
f 338/4989/1111 452/4971/586 5314/4955/581 349/4969/1112
f 338/4989/1111 449/5010/1113 1945/4992/1114 452/4971/586
f 338/4989/1111 339/5011/1106 450/5034/1105 449/5010/1113
f 338/4989/1111 349/4969/1112 350/4990/1115 339/5011/1106
f 339/8201/1106 350/8206/1115 344/8207/1116 340/8202/1103
f 340/230/1103 344/250/1116 345/231/1117 341/208/1104
f 341/208/1104 345/231/1117 346/209/1118 342/188/1108
f 342/188/1108 346/209/1118 6238/198/1119 343/173/1109
f 343/173/1109 6238/198/1119 5173/199/1120 5172/174/1110
f 344/250/1116 351/271/1085 347/251/1084 345/231/1117
f 344/8207/1116 350/8206/1115 5315/8211/1087 351/8212/1085
f 345/231/1117 347/251/1084 348/232/1086 346/209/1118
f 346/209/1118 348/232/1086 5174/221/1121 6238/198/1119
f 348/232/1086 6458/252/1079 635/242/1078 5174/221/1121
f 349/4969/1112 5314/4955/581 3304/4937/580 6411/4953/1088
f 349/4969/1112 6411/4953/1088 5315/4988/1087 350/4990/1115
f 352/3296/1122 5201/3312/1123 5200/3295/1124 353/3278/1125
f 352/3296/1122 2706/3313/1126 356/3328/1127 5201/3312/1123
f 352/3296/1122 3407/3279/1128 6417/3297/1129 2706/3313/1126
f 352/3296/1122 353/3278/1125 3408/3263/1130 3407/3279/1128
f 353/3278/1125 5200/3295/1124 1777/3283/1131 1776/3266/1132
f 353/3278/1125 1776/3266/1132 3750/3248/1133 3408/3263/1130
f 6388/3280/1134 3410/3281/1135 354/3264/1136 5322/3265/1137 674/3282/1138
f 354/3264/1136 3409/3246/1139 5321/3247/1140 5322/3265/1137
f 354/3264/1136 3407/3279/1128 3408/3263/1130 3409/3246/1139
f 354/3264/1136 3410/3281/1135 6417/3297/1129 3407/3279/1128
f 355/7863/1141 5500/7843/1142 6447/7862/1143 674/7885/1138
f 355/7863/1141 5499/7864/1144 3010/7842/1145 5500/7843/1142
f 355/3294/1141 5568/3277/1146 5584/3293/1147 5499/3311/1144
f 355/3294/1141 674/3282/1138 5322/3265/1137 5568/3277/1146
f 356/8216/1127 2706/8217/1126 3411/8218/1148 6093/8219/1149
f 357/8224/1150 6457/8225/1151 5316/8226/1152 5317/8227/1153
f 5316/8226/1152 6457/8225/1151 6408/8228/1154 3730/8229/1155
f 372/3646/1156 358/3647/1157 5318/3648/1158 2457/3649/1159
f 5504/35/1160 928/49/1161 935/50/1162 756/36/1163
f 357/5630/1150 358/5631/1157 935/5632/1162 928/5633/1161
f 357/89/1150 928/49/1161 6408/68/1154 6457/90/1151
f 358/5631/1157 372/5634/1156 6445/5635/1164 935/5632/1162
f 359/2964/1165 2074/2967/1166 2078/2971/1167 360/2968/1168
f 359/2964/1165 2072/2960/1169 2071/2963/1170 2074/2967/1166
f 359/2964/1165 4554/2965/1171 2611/2961/1172 2072/2960/1169
f 359/2964/1165 360/2968/1168 4235/2969/1173 4554/2965/1171
f 360/2968/1168 362/2972/1174 4236/2973/1175 4235/2969/1173
f 360/2968/1168 2078/2971/1167 361/2975/1176 362/2972/1174
f 361/8233/1176 2082/8234/1177 2086/8235/1178 363/8236/1179
f 361/8233/1176 2078/8237/1167 2077/8238/1180 2082/8234/1177
f 361/2975/1176 363/2979/1179 364/2976/1181 362/2972/1174
f 362/2972/1174 364/2976/1181 4568/2977/1182 4236/2973/1175
f 363/3741/1179 2086/3734/1178 2089/3725/1183 365/3731/1184
f 363/2979/1179 365/2983/1184 366/2980/1185 364/2976/1181
f 364/2976/1181 366/2980/1185 4556/2981/1186 4568/2977/1182
f 365/2983/1184 368/2987/1187 2612/2984/1188 366/2980/1185
f 365/3731/1184 2089/3725/1183 367/3721/1189 368/3732/1187
f 366/2980/1185 2612/2984/1188 4558/2985/1190 4556/2981/1186
f 367/3721/1189 2091/3722/1191 2093/3723/1192 369/3724/1193
f 367/3721/1189 2089/3725/1183 2088/3726/1194 2091/3722/1191
f 367/8300/1189 369/8301/1193 2613/8302/1195 368/8303/1187
f 368/2987/1187 2613/2991/1195 4531/2988/1196 2612/2984/1188
f 369/8301/1193 370/8304/1197 2614/8305/1198 2613/8302/1195
f 369/3724/1193 2093/3723/1192 2095/3729/1199 370/3730/1197
f 370/3730/1197 2615/3740/1200 2616/3750/1201 2614/3751/1198
f 370/3730/1197 2095/3729/1199 371/3739/1202 2615/3740/1200
f 371/3739/1202 2096/3747/1203 2097/3757/1204 2617/3748/1205
f 371/3739/1202 2095/3729/1199 2094/3738/1206 2096/3747/1203
f 371/3739/1202 2617/3748/1205 2618/3749/1207 2615/3740/1200
f 6445/8306/1164 372/8307/1156 2458/8308/1208 6434/8309/1209
f 372/3646/1156 2457/3649/1159 2458/3655/1208
f 373/2429/610 6480/2440/766 5564/2428/609
f 374/4905/1210 547/4906/1211 6042/4902/1212 6043/4903/1213
f 374/4905/1210 6118/4907/1214 546/4908/1215 547/4906/1211
f 374/92/1210 6499/71/1216 1851/113/1217 6118/114/1214
f 6499/71/1216 374/92/1210 6043/73/1213 6148/52/1218
f 1351/3559/772 853/3560/771 6469/3555/1219 2227/3553/1220
f 6274/3566/1221 6469/3555/1219 853/3560/771 5422/3567/774
f 375/6927/1222 6174/6925/1223 5938/6924/1037 5894/6928/1040
f 6174/351/1223 375/309/1222 4381/330/1224 5940/352/1225
f 375/309/1222 376/307/1226 4392/329/1227 4381/330/1224
f 375/309/1222 5894/290/1040 5895/289/1228 376/307/1226
f 376/307/1226 5895/289/1228 5625/288/1229 5763/308/1230
f 376/307/1226 5763/308/1230 4393/328/1231 4392/329/1227
f 377/7753/1232 1329/7741/1233 380/7752/1234 378/7768/1235
f 377/7753/1232 1328/7742/1236 3849/7728/1237 1329/7741/1233
f 377/7753/1232 5592/7769/1238 5591/7754/1239 1328/7742/1236
f 377/7753/1232 378/7768/1235 5593/7787/1240 5592/7769/1238
f 378/7768/1235 379/7786/1241 3448/7804/1242 5593/7787/1240
f 378/7768/1235 380/7752/1234 1020/7767/1243 379/7786/1241
f 379/7786/1241 5594/7803/1244 3449/7818/1245 3448/7804/1242
f 379/7786/1241 1020/7767/1243 1021/7785/1246 5594/7803/1244
f 380/7752/1234 1022/7740/1247 1023/7751/1248 1020/7767/1243
f 380/7752/1234 1329/7741/1233 5151/7727/1249 1022/7740/1247
f 381/3870/1250 5210/3881/1251 5213/3882/1252 383/3874/1253
f 381/3870/1250 6493/3873/1254 5281/3880/1255 5210/3881/1251
f 381/3870/1250 382/3871/1256 2448/3872/1257 6493/3873/1254
f 381/3870/1250 383/3874/1253 5204/3875/1258 382/3871/1256
f 382/3871/1256 5204/3875/1258 5348/3885/1259 5346/3876/1260
f 382/3871/1256 5346/3876/1260 5351/3877/1261 2448/3872/1257
f 383/3874/1253 5213/3882/1252 5216/3889/1262 384/3883/1263
f 383/3874/1253 384/3883/1263 5205/3884/1264 5204/3875/1258
f 384/3883/1263 5216/3889/1262 5218/3893/1265 385/3890/1266
f 384/3883/1263 385/3890/1266 5206/3891/1267 5205/3884/1264
f 385/3890/1266 5218/3893/1265 5219/3897/1268 386/3894/1269
f 385/3890/1266 386/3894/1269 5207/3895/1270 5206/3891/1267
f 386/3894/1269 5219/3897/1268 3668/3901/1271 5208/3898/1272
f 386/3894/1269 5208/3898/1272 5209/3899/1273 5207/3895/1270
f 387/663/1274 389/633/1275 390/634/1276 5736/664/1277
f 387/663/1274 4737/689/1278 388/662/1279 389/633/1275
f 387/7162/1274 4736/7154/1280 4735/7161/1281 4737/7170/1278
f 387/7162/1274 5736/7155/1277 3426/7148/1282 4736/7154/1280
f 388/662/1279 3540/635/1283 4738/611/1284 389/633/1275
f 388/662/1279 3734/688/1285 2841/665/1286 3540/635/1283
f 388/662/1279 4737/689/1278 5846/708/1287 3734/688/1285
f 389/633/1275 4738/611/1284 4144/610/1288 390/634/1276
f 390/7163/1276 5734/7156/1289 5182/7149/1290 5736/7155/1277
f 390/7163/1276 4144/7171/1288 4145/7164/1291 5734/7156/1289
f 391/5636/1292 1957/5637/1293 3444/5638/1294 6494/5639/1295
f 391/5636/1292 6256/5640/626 6325/5641/1296 1957/5637/1293
f 391/8059/1292 1956/8060/620 6320/8051/622 6256/8050/626
f 391/4030/1292 6494/4031/1295 6339/4032/621 1956/4033/620
f 392/5648/631 393/5644/1297 4192/5645/624 4191/5649/623
f 392/5648/631 1949/5646/1298 394/5642/1299 393/5644/1297
f 392/5648/631 1946/5652/629 1948/5650/1300 1949/5646/1298
f 393/5644/1297 6325/5641/1296 6256/5640/626 4192/5645/624
f 393/5644/1297 394/5642/1299 1957/5637/1293 6325/5641/1296
f 394/5642/1299 1949/5646/1298 3442/5647/1301 3443/5643/1302
f 394/5642/1299 3443/5643/1302 3444/5638/1294 1957/5637/1293
f 2201/5989/1303 961/5997/1304 5966/6007/1305 2203/6008/1306
f 2200/5980/1307 3842/5988/1308 961/5997/1304 2201/5989/1303
f 2203/8312/1306 5966/8313/1305 3438/8314/1309 2206/8315/1310
f 2206/8315/1310 3438/8314/1309 3437/8318/1311 2209/8319/1312
f 395/449/1313 2879/479/1314 2881/480/1315 2882/450/1316
f 395/449/1313 4714/478/1317 3869/510/1318 2879/479/1314
f 395/449/1313 1848/422/1319 4715/448/1320 4714/478/1317
f 395/449/1313 2882/450/1316 396/421/1321 1848/422/1319
f 396/421/1321 1850/400/1322 1849/399/1323 1848/422/1319
f 396/421/1321 397/424/1324 398/401/1325 1850/400/1322
f 396/421/1321 2882/450/1316 2884/453/1326 397/424/1324
f 397/424/1324 3406/451/1327 4450/423/1328 398/401/1325
f 397/424/1324 2884/453/1326 3405/481/1329 3406/451/1327
f 398/401/1325 4450/423/1328 4451/402/1330 4449/379/1331
f 398/401/1325 4449/379/1331 6464/358/1332 1850/400/1322
f 399/5671/1333 1306/5678/1334 2542/5679/1335 1915/5675/1336
f 399/4753/1333 6264/4754/1337 6397/4748/1338 1306/4740/1334
f 399/5671/1333 6488/5672/1339 6416/5673/1340 6264/5674/1337
f 399/5671/1333 1915/5675/1336 2539/5676/1341 6488/5672/1339
f 3146/4065/1342 660/4070/1343 3148/4078/502 3147/4072/1344
f 659/7646/498 3148/7652/502 660/7655/1343 2560/7656/1345
f 661/4064/1346 662/4069/1347 660/4070/1343 3146/4065/1342
f 400/4063/1348 661/4064/1346 3146/4065/1342 3144/4066/1349
f 661/4064/1346 400/4063/1348 663/4067/1350 664/4068/1351
f 400/4063/1348 3141/4073/1352 402/4075/1353 663/4067/1350
f 3141/4073/1352 400/4063/1348 3144/4066/1349 3142/4074/1354
f 401/2492/1355 402/2505/1353 3141/2515/1352 3137/2503/1356
f 401/2492/1355 2673/2493/1357 2559/2484/1358 1316/2483/1359
f 2673/2493/1357 401/2492/1355 3137/2503/1356 2676/2504/1360
f 402/2505/1353 401/2492/1355 1316/2483/1359 6484/2495/1361
f 663/4067/1350 402/4075/1353 6484/4082/1361 6232/4076/1362
f 5628/2534/1363 403/2523/1364 408/2511/1365 409/2521/1366
f 403/2523/1364 5769/2524/1367 5481/2510/1368 408/2511/1365
f 403/2523/1364 404/2536/1369 5770/2537/1370 5769/2524/1367
f 403/2523/1364 5628/2534/1363 405/2545/1371 404/2536/1369
f 404/2536/1369 5772/2546/1372 5771/2547/1373 5770/2537/1370
f 404/2536/1369 405/2545/1371 4403/2555/1374 5772/2546/1372
f 405/2545/1371 6496/2554/1375 4404/2563/1376 4403/2555/1374
f 405/2545/1371 5628/2534/1363 5629/2544/1377 6496/2554/1375
f 407/4088/1378 406/4089/1379 5776/4090/1380 5521/4091/1381
f 406/8337/1379 4401/8338/1382 5775/8339/1383 5776/8340/1380
f 4401/8338/1382 406/8337/1379 5406/8341/1384 5405/8342/1385
f 406/4089/1379 407/4088/1378 5408/4092/1386 5406/4093/1384
f 5408/4092/1386 407/4088/1378 5768/4096/1387 5425/4097/1388
f 5768/2576/1387 407/2577/1378 5521/2565/1381 5522/2564/1389
f 409/2521/1366 5419/2509/1390 3159/2532/1391 455/2533/1392
f 5418/2500/1393 5419/2509/1390 409/2521/1366 408/2511/1365
f 5628/2534/1363 409/2521/1366 455/2533/1392 5629/2544/1377
f 455/8362/1392 3159/8363/1391 2245/8364/1394 6046/8365/1395
f 2799/7361/133 6322/7365/215 6241/7370/212 2798/7366/1396
f 6241/2400/212 6240/2391/211 2468/2377/1397 2798/2392/1396
f 6240/2391/211 6310/2376/1398 2467/2359/1399 2468/2377/1397
f 2069/2368/219 79/2369/218 2465/2353/221 2466/2352/1400
f 6310/2376/1398 2069/2368/219 2466/2352/1400 2467/2359/1399
f 2237/8407/217 2228/8408/1401 2230/8409/1402 2464/8410/220
f 410/1203/1403 2380/1221/1404 1359/1240/1405 6479/1220/1406
f 410/1203/1403 871/1187/1407 411/1205/1408 2380/1221/1404
f 410/1203/1403 873/1186/1409 872/1169/1410 871/1187/1407
f 410/1203/1403 6479/1220/1406 6292/1204/1411 873/1186/1409
f 411/1205/1408 2378/1225/1412 2379/1242/1413 2380/1221/1404
f 411/1205/1408 6414/1201/1414 2376/1224/1415 2378/1225/1412
f 411/1205/1408 871/1187/1407 6242/1183/1416 6414/1201/1414
f 412/8462/1417 6474/8463/1418 3480/8464/1419 453/8465/1420
f 412/8462/1417 6430/8466/1421 2544/8467/1422 6474/8463/1418
f 412/6829/1417 1939/6820/1423 6286/6824/1424 6430/6830/1421
f 412/8462/1417 453/8465/1420 3157/8472/1425 1939/8473/1423
f 413/1064/1426 2594/1060/1427 6195/1059/1428 6333/1065/1429
f 413/1064/1426 5719/1066/1430 5360/1061/1431 2594/1060/1427
f 413/8479/1426 4023/8480/1432 5356/8481/1433 5719/8482/1430
f 413/1064/1426 6333/1065/1429 2179/1068/1434 4023/1069/1432
f 414/5823/1435 3471/5816/1436 3470/5805/1437 3476/5815/1438
f 414/8492/1435 6443/8493/1439 3315/8494/1440 3471/8495/1436
f 414/8492/1435 415/8496/1441 3220/8497/1442 6443/8493/1439
f 414/8492/1435 3476/8501/1438 3478/8502/1443 415/8496/1441
f 415/8496/1441 4414/8503/1444 3221/8504/1445 3220/8497/1442
f 415/5701/1441 3478/5702/1443 416/5691/1446 4414/5694/1444
f 416/5691/1446 3478/5702/1443 3477/5703/1447 418/5695/1448
f 416/5691/1446 6016/5692/1449 4415/5693/1450 4414/5694/1444
f 416/5691/1446 418/5695/1448 4632/5696/1451 6016/5692/1449
f 417/968/1452 4284/969/1453 4288/953/1454 4289/952/1455
f 4296/987/1456 4284/969/1453 417/968/1452 4297/988/1457
f 5751/7635/1458 417/7636/1452 4289/7637/1455 6058/7638/1459
f 5739/7641/1460 5751/7635/1458 6058/7638/1459 6161/7642/1461
f 418/1288/1448 3477/1289/1447 421/1263/1462 419/1241/1463
f 418/5695/1448 419/5704/1463 6479/5705/1406 4632/5696/1451
f 419/1241/1463 421/1263/1462 422/1243/1464 420/1222/1465
f 419/1241/1463 420/1222/1465 6292/1204/1411 6479/1220/1406
f 420/1222/1465 978/1223/1466 6293/1188/1467 6292/1204/1411
f 420/1222/1465 422/1243/1464 423/1244/1468 978/1223/1466
f 421/1263/1462 3474/1290/1469 3473/1265/1470 422/1243/1464
f 421/1263/1462 3477/1289/1447 3475/1317/1471 3474/1290/1469
f 422/1243/1464 3473/1265/1470 3472/1266/1472 423/1244/1468
f 423/1244/1468 3853/1267/1473 3851/1245/1474 978/1223/1466
f 423/1244/1468 3472/1266/1472 3314/1294/1475 3853/1267/1473
f 2396/5548/1476 2395/5556/1477 2516/5557/1478 2517/5551/1479
f 2395/1614/1477 5964/1584/1480 2515/1561/1481 2516/1588/1478
f 2397/5543/1482 2396/5548/1476 2517/5551/1479 2518/5544/1483
f 2519/5540/1010 6478/5539/1009 2397/5543/1482 2518/5544/1483
f 440/3502/1484 5054/3516/1485 437/3517/1486 436/3510/1487
f 5052/6695/1488 437/6704/1486 5054/6709/1485 5055/6705/1489
f 440/3502/1484 439/3497/1490 442/3490/1491 424/3496/1492
f 5054/7358/1485 440/7359/1484 424/7357/1492 5057/7356/1493
f 5057/7356/1493 424/7357/1492 5061/7352/1494 5062/7351/1495
f 424/3496/1492 442/3490/1491 425/3482/1496 5061/3492/1494
f 443/3483/1497 425/3482/1496 442/3490/1491 441/3491/1498
f 5061/3492/1494 425/3482/1496 427/3476/1499 5066/3484/1500
f 425/3482/1496 443/3483/1497 426/3477/1501 427/3476/1499
f 426/5573/1501 2536/5572/1502 2537/5577/1503 428/5578/1504
f 2536/5572/1502 426/5573/1501 443/5567/1497 2535/5568/1505
f 427/3476/1499 426/3477/1501 428/3471/1504 5072/3470/1506
f 5066/3484/1500 427/3476/1499 5072/3470/1506 5073/3485/1507
f 5072/3470/1506 428/3471/1504 3801/3463/1508 5079/3462/1509
f 428/5578/1504 2537/5577/1503 3802/5582/1510 3801/5583/1508
f 430/3511/1008 429/3512/1007 434/3504/1511 435/3503/1512
f 429/5541/1007 2519/5540/1010 2525/5545/1513 434/5546/1511
f 431/3518/1012 430/3511/1008 435/3503/1512 436/3510/1487
f 432/3524/1514 431/3518/1012 436/3510/1487 437/3517/1486
f 433/6684/1515 432/6694/1514 437/6704/1486 5052/6695/1488
f 4036/6678/1516 433/6684/1515 5052/6695/1488 5053/6685/1517
f 435/3503/1512 434/3504/1511 438/3498/1518 439/3497/1490
f 434/5546/1511 2525/5545/1513 2530/5553/1519 438/5554/1518
f 440/3502/1484 436/3510/1487 435/3503/1512 439/3497/1490
f 442/3490/1491 439/3497/1490 438/3498/1518 441/3491/1498
f 438/5554/1518 2530/5553/1519 2533/5560/1520 441/5561/1498
f 443/5567/1497 441/5561/1498 2533/5560/1520 2535/5568/1505
f 444/8199/1521 445/8196/1107 2439/8198/1522 2443/8205/1523
f 444/8199/1521 449/8200/1113 450/8197/1105 445/8196/1107
f 444/5035/1521 6476/5013/1524 1945/4992/1114 449/5010/1113
f 444/5035/1521 2443/5056/1523 4763/5057/1525 6476/5013/1524
f 445/8196/1107 446/8193/1102 2436/8195/1526 2439/8198/1522
f 446/8193/1102 447/8192/1101 2433/8194/1527 2436/8195/1526
f 447/163/1101 448/140/1094 2431/117/1096 2433/139/1527
f 451/5045/1528 4958/5022/36 6502/5001/1529 3064/5046/1530
f 451/5045/1528 5565/5063/1531 2175/5064/30 4958/5022/36
f 451/2421/1528 6129/2418/606 5453/2417/605 5565/2422/1531
f 451/2421/1528 3064/2430/1530 5452/2424/1532 6129/2418/606
f 452/4971/586 1945/4992/1114 6326/4993/1533 3479/4957/584
f 453/8465/1420 3480/8464/1419 3481/8470/1534 454/8471/1535
f 3157/8472/1425 453/8465/1420 454/8471/1535 3158/8476/1536
f 454/4755/1535 3481/4749/1534 2246/4744/1537 2245/4752/1394
f 3158/6826/1536 454/6836/1535 2245/6837/1394 3159/6831/1391
f 5629/8366/1377 455/8362/1392 6046/8365/1395 2840/8367/1538
f 457/2567/1539 456/2579/509 6452/2580/510 2149/2568/1540
f 1950/2557/1541 457/2567/1539 2149/2568/1540 2774/2558/1542
f 458/5747/1543 460/5737/1544 4981/5735/1545 4975/5744/1546
f 458/8523/1543 3036/8525/1547 459/8526/1548 460/8527/1544
f 458/8523/1543 6491/8517/1549 3031/8521/1550 3036/8525/1547
f 458/8523/1543 4975/8524/1546 4969/8518/1551 6491/8517/1549
f 459/4148/1548 462/4133/1552 463/4150/1553 460/4165/1544
f 459/4148/1548 3041/4132/1554 461/4120/1555 462/4133/1552
f 459/4148/1548 3036/4164/1547 3035/4149/1556 3041/4132/1554
f 460/5737/1544 463/5728/1553 464/5724/1557 4981/5735/1545
f 461/4120/1555 3045/4112/1558 465/4108/1559 466/4119/1560
f 461/4120/1555 3041/4132/1554 3040/4122/1561 3045/4112/1558
f 461/4120/1555 466/4119/1560 467/4131/1562 462/4133/1552
f 462/4133/1552 467/4131/1562 468/4147/1563 463/4150/1553
f 463/5728/1553 468/5729/1563 469/5725/1564 464/5724/1557
f 464/5724/1557 469/5725/1564 4990/5726/1565 4986/5727/1566
f 464/5724/1557 4986/5727/1566 4982/5734/1567 4981/5735/1545
f 465/4108/1559 3048/4109/1568 3051/4110/1569 470/4111/1570
f 465/4108/1559 3045/4112/1558 3044/4113/1571 3048/4109/1568
f 465/4108/1559 470/4111/1570 471/4118/1572 466/4119/1560
f 466/4119/1560 471/4118/1572 472/4130/1573 467/4131/1562
f 467/4131/1562 472/4130/1573 473/4146/1574 468/4147/1563
f 468/5729/1563 473/5736/1574 474/5730/1575 469/5725/1564
f 469/5725/1564 474/5730/1575 475/5731/1576 4990/5726/1565
f 470/4111/1570 477/4117/1577 478/4129/1578 471/4118/1572
f 470/4111/1570 3051/4110/1569 476/4116/1579 477/4117/1577
f 471/4118/1572 478/4129/1578 479/4145/1580 472/4130/1573
f 472/4130/1573 479/4145/1580 480/4163/1581 473/4146/1574
f 473/5736/1574 480/5746/1581 481/5738/1582 474/5730/1575
f 474/5730/1575 481/5738/1582 482/5739/1583 475/5731/1576
f 475/5731/1576 482/5739/1583 4996/5750/1584 4994/5740/1585
f 475/5731/1576 4994/5740/1585 4991/5732/1586 4990/5726/1565
f 476/4116/1579 484/4127/1587 485/4128/1588 477/4117/1577
f 476/4116/1579 3053/4126/1589 483/4141/1590 484/4127/1587
f 476/4116/1579 3051/4110/1569 3050/4115/1591 3053/4126/1589
f 477/4117/1577 485/4128/1588 486/4144/1592 478/4129/1578
f 478/4129/1578 486/4144/1592 487/4162/1593 479/4145/1580
f 479/4145/1580 487/4162/1593 488/4179/1594 480/4163/1581
f 480/5746/1581 488/5756/1594 489/5748/1595 481/5738/1582
f 481/5738/1582 489/5748/1595 490/5749/1596 482/5739/1583
f 482/5739/1583 490/5749/1596 491/5759/1597 4996/5750/1584
f 483/4141/1590 3054/4157/1598 492/4173/1599 493/4158/1600
f 483/4141/1590 3053/4126/1589 3052/4140/1601 3054/4157/1598
f 483/4141/1590 493/4158/1600 494/4142/1602 484/4127/1587
f 484/4127/1587 494/4142/1602 495/4143/1603 485/4128/1588
f 485/4128/1588 495/4143/1603 496/4161/1604 486/4144/1592
f 486/4144/1592 496/4161/1604 497/4178/1605 487/4162/1593
f 487/5777/1593 497/5778/1605 498/5767/1606 488/5756/1594
f 488/5756/1594 498/5767/1606 499/5757/1607 489/5748/1595
f 489/5748/1595 499/5757/1607 500/5758/1608 490/5749/1596
f 490/5749/1596 500/5758/1608 501/5770/1609 491/5759/1597
f 491/5759/1597 501/5770/1609 5274/5783/1610 4998/5771/1611
f 491/5759/1597 4998/5771/1611 4997/5760/1612 4996/5750/1584
f 492/4173/1599 3975/4187/1613 3055/4199/1614 502/4188/1615
f 492/4173/1599 3054/4157/1598 3974/4172/1616 3975/4187/1613
f 492/4173/1599 502/4188/1615 503/4174/1617 493/4158/1600
f 493/4158/1600 503/4174/1617 504/4159/1618 494/4142/1602
f 494/4142/1602 504/4159/1618 5864/4160/1619 495/4143/1603
f 495/4143/1603 5864/4160/1619 5865/4177/1620 496/4161/1604
f 496/4161/1604 5865/4177/1620 5866/4193/1621 497/4178/1605
f 497/5778/1605 5866/5788/1621 5867/5779/1622 498/5767/1606
f 498/5767/1606 5867/5779/1622 5868/5768/1623 499/5757/1607
f 499/5757/1607 5868/5768/1623 5869/5769/1624 500/5758/1608
f 500/5758/1608 5869/5769/1624 5870/5782/1625 501/5770/1609
f 501/5770/1609 5870/5782/1625 4959/5793/1626 5274/5783/1610
f 502/4188/1615 3913/4200/1627 5871/4189/1628 503/4174/1617
f 502/4188/1615 3055/4199/1614 5119/4209/1629 3913/4200/1627
f 503/4174/1617 5871/4189/1628 5872/4175/1630 504/4159/1618
f 504/4159/1618 5872/4175/1630 5873/4176/1631 5864/4160/1619
f 5733/5890/1632 1769/5891/1633 2220/5892/1634 2216/5893/1635
f 506/5957/1636 505/5958/1637 5301/5959/1638 5300/5960/1639
f 505/5958/1637 5303/5963/1640 5304/5964/1641 5301/5959/1638
f 507/5967/1642 506/5957/1636 5300/5960/1639 1768/5968/1643
f 1765/8528/1644 507/8529/1642 1768/8530/1643 1766/8531/1645
f 508/5970/1646 510/5978/1647 3841/5979/1648 3840/5971/1649
f 508/4286/1646 4571/4278/1650 509/4274/1651 510/4285/1647
f 508/4286/1646 6263/4294/1652 6262/4287/1653 4571/4278/1650
f 508/5970/1646 3840/5971/1649 6471/5962/1654 6263/5961/1652
f 509/4274/1651 2409/4277/1655 2408/4284/1656 510/4285/1647
f 509/4274/1651 2410/4275/1657 4140/4276/1658 2409/4277/1655
f 509/4274/1651 4571/4278/1650 4570/4279/1659 2410/4275/1657
f 510/5978/1647 2408/5987/1656 3842/5988/1308 3841/5979/1648
f 511/4303/1660 524/4308/1661 523/4309/1662 5310/4304/1663
f 968/4302/1664 511/4303/1660 5310/4304/1663 5309/4305/1665
f 965/4306/1666 511/4303/1660 968/4302/1664 969/4307/1667
f 524/4308/1661 511/4303/1660 965/4306/1666 963/4314/1668
f 522/6002/1669 524/6009/1661 963/6011/1668 512/6010/1670
f 522/6002/1669 512/6010/1670 520/6004/1671 519/5996/1672
f 962/6012/1673 512/6010/1670 963/6011/1668 964/6014/1674
f 520/6004/1671 512/6010/1670 962/6012/1673 5544/6013/1675
f 4170/3323/1676 513/3336/1677 514/3324/1678 4741/3307/1679
f 513/5994/1677 515/5985/1680 516/5995/1681 514/6003/1678
f 4741/3307/1679 514/3324/1678 2407/3308/1682 4742/3290/1683
f 514/3324/1678 516/3337/1681 517/3325/1684 2407/3308/1682
f 516/5995/1681 515/5985/1680 518/5986/1685 519/5996/1672
f 516/5995/1681 519/5996/1672 520/6004/1671 517/6005/1684
f 2407/3308/1682 517/3325/1684 4586/3309/1686 4585/3291/1687
f 517/3325/1684 520/3338/1671 5544/3326/1675 4586/3309/1686
f 519/5996/1672 518/5986/1685 521/5993/1688 522/6002/1669
f 522/6002/1669 521/5993/1688 523/6001/1662 524/6009/1661
f 5308/4310/1689 5310/4304/1663 523/4309/1662 5306/4318/1690
f 525/4340/1691 4164/4341/1692 4166/4342/1693 757/4343/1694
f 525/4340/1691 4161/4344/1695 4160/4345/1696 4164/4341/1692
f 525/4340/1691 5098/4349/1697 5737/4350/1698 4161/4344/1695
f 525/4340/1691 757/4343/1694 758/4348/1699 5098/4349/1697
f 528/4104/1700 526/4105/1701 2454/4102/1702 5402/4101/1703
f 526/8355/1701 4413/8356/1704 4412/8349/1705 2454/8350/1702
f 4413/6029/1704 526/6030/1701 527/6028/1706 994/6027/1707
f 526/4105/1701 528/4104/1700 529/4106/1708 527/4107/1706
f 527/2634/1706 529/2621/1708 3484/2629/1709 3483/2635/1710
f 994/6027/1707 527/6028/1706 3483/6020/1710 995/6025/1711
f 529/2621/1708 528/2616/1700 5404/2610/1712 3485/2614/1713
f 5404/2610/1712 528/2616/1700 5402/2617/1703 5403/2605/1714
f 3484/2629/1709 529/2621/1708 3485/2614/1713 6468/2623/1715
f 530/8404/1716 2459/8403/1717 947/8405/1718 531/8406/1719
f 2459/8403/1717 530/8404/1716 3201/8402/1720 3204/8401/1721
f 530/2622/1716 6468/2623/1715 3485/2614/1713 3201/2615/1720
f 530/2622/1716 531/2630/1719 3484/2629/1709 6468/2623/1715
f 531/6018/1719 901/6019/1722 3483/6020/1710 3484/6021/1709
f 531/6018/1719 947/6022/1718 6360/6023/1723 901/6019/1722
f 532/7316/1724 6467/7317/1725 6274/7306/1221 6338/7307/1726
f 532/3451/1724 3486/3452/1727 3488/3441/1728 6467/3443/1725
f 532/3451/1724 5079/3462/1509 3801/3463/1508 3486/3452/1727
f 532/7316/1724 6338/7307/1726 5080/7326/1729 5079/7327/1509
f 533/3419/1730 5977/3413/1731 5976/3412/1732 5975/3420/1733
f 533/3419/1730 6473/3428/1734 3817/3421/1735 5977/3413/1731
f 533/5229/1730 2497/5230/1736 6467/5231/1725 6473/5232/1734
f 533/5229/1730 5975/5228/1733 6211/5227/1737 2497/5230/1736
f 2634/2763/1738 2567/2752/1739 2635/2762/1740 534/2772/1741
f 5582/2774/1742 2634/2763/1738 534/2772/1741 2566/2786/1743
f 2566/2786/1743 534/2772/1741 535/2785/1744 2565/2796/1745
f 534/2772/1741 2635/2762/1740 2636/2771/1746 535/2785/1744
f 535/2785/1744 536/2795/1747 2564/2805/1748 2565/2796/1745
f 535/2785/1744 2636/2771/1746 2637/2784/1749 536/2795/1747
f 536/2795/1747 537/2804/1750 2563/2814/1751 2564/2805/1748
f 536/2795/1747 2637/2784/1749 2638/2794/1752 537/2804/1750
f 537/2804/1750 2638/2794/1752 542/2800/1753 538/2810/1754
f 2563/2814/1751 537/2804/1750 538/2810/1754 2562/2820/1755
f 538/2810/1754 542/2800/1753 543/2809/1756 539/2818/1757
f 2562/2820/1755 538/2810/1754 539/2818/1757 2561/2830/1758
f 539/2818/1757 543/2809/1756 544/2819/1759 540/2829/1760
f 2561/2830/1758 539/2818/1757 540/2829/1760 2560/2839/1345
f 540/2829/1760 544/2819/1759 545/2831/1761 541/2838/499
f 659/2847/498 2560/2839/1345 540/2829/1760 541/2838/499
f 178/2846/500 541/2838/499 545/2831/1761 2705/2840/506
f 2643/2791/1762 542/2800/1753 2638/2794/1752 2642/2783/1763
f 543/2809/1756 542/2800/1753 2643/2791/1762 2644/2801/1764
f 544/2819/1759 543/2809/1756 2644/2801/1764 2645/2811/1765
f 545/2831/1761 544/2819/1759 2645/2811/1765 2646/2821/1766
f 2705/2840/506 545/2831/1761 2646/2821/1766 2704/2832/1767
f 2646/2821/1766 2653/2812/1768 2703/2824/1769 2704/2832/1767
f 546/3675/1215 3295/3668/1770 6120/3661/1771 547/3666/1211
f 3295/3668/1770 546/3675/1215 5451/3682/1772 5605/3676/1773
f 546/8541/1215 6118/8542/1214 5474/8543/1774 5451/8544/1772
f 547/3666/1211 6120/3661/1771 4081/3660/1775 6042/3667/1212
f 548/3597/127 5636/3594/125 5637/3590/1776 5638/3593/1777
f 548/5203/127 5638/5207/1777 5651/5208/1778 549/5204/128
f 549/3478/128 5647/3473/1779 3428/3479/121 3427/3486/120
f 549/3478/128 5651/3472/1778 5648/3464/1780 5647/3473/1779
f 550/7621/1018 551/7622/984 5464/7619/988 5463/7620/1019
f 550/5602/1018 6317/5601/469 5983/5603/985 551/5604/984
f 553/6032/1781 552/6031/1782 6206/6035/1783 6142/6036/1784
f 552/726/1782 6227/725/1785 6226/741/1786 6206/742/1783
f 6227/725/1785 552/726/1782 4466/706/1787 6146/707/1788
f 552/6031/1782 553/6032/1781 4467/6033/1789 4466/6034/1787
f 553/6032/1781 6142/6036/1784 6143/6043/1790 4468/6037/1791
f 4467/6033/1789 553/6032/1781 4468/6037/1791 3515/6038/1792
f 3516/4371/1793 4468/4375/1791 6143/4376/1790 554/4372/1794
f 3516/4371/1793 554/4372/1794 1847/4373/1795 1846/4374/1796
f 1847/4373/1795 554/4372/1794 1792/4377/1797 6347/4378/1798
f 554/4372/1794 6143/4376/1790 6487/4384/1799 1792/4377/1797
f 3527/2286/1800 3207/2308/1801 3523/2330/1802 3526/2309/1803
f 3207/2308/1801 3208/2329/1804 3205/2347/1805 3523/2330/1802
f 3531/2267/1806 555/2266/1807 3527/2286/1800 3530/2287/1808
f 3207/2308/1801 3527/2286/1800 555/2266/1807 3211/2284/1809
f 3211/2284/1809 555/2266/1807 3215/2251/1810 3216/2262/1811
f 555/2266/1807 3531/2267/1806 556/2252/1812 3215/2251/1810
f 3533/2268/1813 556/2252/1812 3531/2267/1806 3532/2288/1814
f 3215/2251/1810 556/2252/1812 6463/2233/1815 2016/2241/1816
f 556/2252/1812 3533/2268/1813 557/2269/1817 6463/2233/1815
f 557/6059/1817 1952/6060/1818 3386/6061/999 558/6062/996
f 1952/2289/1818 557/2269/1817 3533/2268/1813 1802/2290/1819
f 557/6059/1817 558/6062/996 559/6067/995 6463/6068/1815
f 560/8557/1820 559/8558/995 568/8559/998 569/8560/1821
f 559/2232/995 560/2215/1820 3059/2224/1822 6463/2233/1815
f 561/2203/1823 560/2215/1820 569/2204/1821 570/2194/1824
f 560/2215/1820 561/2203/1823 3060/2214/1825 3059/2224/1822
f 562/2202/1826 561/2203/1823 570/2194/1824 5107/2193/1827
f 561/2203/1823 562/2202/1826 3061/2213/702 3060/2214/1825
f 563/2212/1828 562/2202/1826 5107/2193/1827 5108/2201/1829
f 562/2202/1826 563/2212/1828 3062/2221/703 3061/2213/702
f 564/2220/714 563/2212/1828 5108/2201/1829 5109/2211/1830
f 563/2212/1828 564/2220/714 3063/2227/708 3062/2221/703
f 3388/850/447 566/841/716 565/849/715 3387/858/448
f 568/6071/998 567/6066/997 5111/6070/1004 5112/6072/1831
f 569/8560/1821 568/8559/998 5112/8561/1831 5113/8562/1832
f 570/2194/1824 569/2204/1821 5113/2195/1832 5114/2190/461
f 5115/2189/459 5107/2193/1827 570/2194/1824 5114/2190/461
f 756/36/1163 935/50/1162 6445/69/1164 6434/70/1209 755/51/1833
f 571/1923/1834 3597/1933/1835 574/1944/1836 575/1934/1837
f 571/1923/1834 3593/1911/1838 3592/1922/1839 3597/1933/1835
f 571/1923/1834 572/1924/1840 3594/1912/1841 3593/1911/1838
f 571/1923/1834 575/1934/1837 576/1935/1842 572/1924/1840
f 572/1924/1840 576/1935/1842 3662/1942/1843 3660/1931/1844
f 572/1924/1840 3660/1931/1844 3659/1919/1845 3594/1912/1841
f 573/5859/1846 3599/5860/1847 577/5862/1848 578/5863/1849
f 573/5859/1846 3596/5856/1850 3595/5855/1851 3599/5860/1847
f 573/1954/1846 574/1944/1836 3597/1933/1835 3596/1955/1850
f 573/1954/1846 578/1968/1849 579/1956/1852 574/1944/1836
f 574/1944/1836 579/1956/1852 580/1945/1853 575/1934/1837
f 575/1934/1837 580/1945/1853 581/1946/1854 576/1935/1842
f 576/1935/1842 581/1946/1854 3665/1952/1855 3662/1942/1843
f 577/5862/1848 583/5864/1856 584/5865/1857 578/5863/1849
f 577/8596/1848 3600/8597/1858 582/8598/1859 583/8599/1856
f 577/8596/1848 3599/8600/1847 3598/8601/1860 3600/8597/1858
f 578/1968/1849 584/1980/1857 585/1969/1861 579/1956/1852
f 579/1956/1852 585/1969/1861 586/1957/1862 580/1945/1853
f 580/1945/1853 586/1957/1862 3669/1958/1863 581/1946/1854
f 581/1946/1854 3669/1958/1863 3670/1966/1864 3665/1952/1855
f 582/3908/1859 3456/3903/1865 4335/3907/1866 2329/3912/1867
f 582/3908/1859 3600/3904/1858 5209/3899/1273 3456/3903/1865
f 582/8598/1859 2329/8602/1867 587/8603/1868 583/8599/1856
f 583/5864/1856 587/5866/1868 588/5867/1869 584/5865/1857
f 584/1980/1857 588/1994/1869 589/1981/1870 585/1969/1861
f 585/1969/1861 589/1981/1870 590/1970/1871 586/1957/1862
f 586/1957/1862 590/1970/1871 3674/1971/1872 3669/1958/1863
f 587/5866/1868 591/5868/1873 592/5869/1874 588/5867/1869
f 587/3921/1868 2329/3912/1867 2330/3916/1875 591/3922/1873
f 588/1994/1869 592/2005/1874 593/1995/1876 589/1981/1870
f 589/1981/1870 593/1995/1876 594/1982/1877 590/1970/1871
f 590/1970/1871 594/1982/1877 3678/1983/1878 3674/1971/1872
f 591/3922/1873 2330/3916/1875 4338/3920/1879 2331/3929/1880
f 591/5868/1873 2331/5870/1880 595/5871/1881 592/5869/1874
f 592/2005/1874 595/2016/1881 596/2006/1882 593/1995/1876
f 593/1995/1876 596/2006/1882 597/1996/1883 594/1982/1877
f 594/1982/1877 597/1996/1883 3681/1997/1884 3678/1983/1878
f 595/2016/1881 598/2027/1885 599/2017/1886 596/2006/1882
f 595/5871/1881 2331/5870/1880 2332/5872/1887 598/5873/1885
f 596/2006/1882 599/2017/1886 600/2007/1888 597/1996/1883
f 597/1996/1883 600/2007/1888 3683/2008/1889 3681/1997/1884
f 598/5873/1885 2332/5872/1887 2333/5874/1890 2334/5875/1891
f 598/2027/1885 2334/2040/1891 601/2028/1892 599/2017/1886
f 599/2017/1886 601/2028/1892 3685/2018/1893 600/2007/1888
f 600/2007/1888 3685/2018/1893 3686/2019/1894 3683/2008/1889
f 601/2028/1892 602/2041/1895 3687/2030/1896 3685/2018/1893
f 601/2028/1892 2334/2040/1891 2336/2052/1897 602/2041/1895
f 602/2041/1895 2336/2052/1897 2338/2064/1898 2339/2053/1899
f 602/2041/1895 2339/2053/1899 3615/2042/1900 3687/2030/1896
f 603/8038/1901 731/8037/1902 6194/8036/1903 729/8039/1904
f 603/4026/1901 3117/4022/1905 730/4017/1906 731/4021/1902
f 603/4026/1901 6441/4029/1907 4334/4027/1908 3117/4022/1905
f 603/8038/1901 729/8039/1904 5019/8040/1909 6441/8041/1907
f 604/6089/1910 5571/6090/1911 5572/6086/1912 5573/6085/1913
f 604/8614/1910 3976/8615/1914 5570/8616/1915 5571/8617/1911
f 604/8614/1910 605/8618/1916 6370/8619/1917 3976/8615/1914
f 604/6089/1910 5573/6085/1913 606/6088/1918 605/6091/1916
f 605/6091/1916 606/6088/1918 607/6093/1919 5042/6094/1920
f 605/8618/1916 5042/8620/1920 5040/8621/1921 6370/8619/1917
f 606/6088/1918 5573/6085/1913 625/6080/1922 5574/6084/1923
f 606/6088/1918 5574/6084/1923 5575/6092/1924 607/6093/1919
f 607/339/1919 5575/300/1924 608/322/1925 5043/340/1926
f 607/339/1919 5043/340/1926 5044/363/1927 5042/364/1920
f 608/322/1925 5045/338/1928 5046/362/970 5043/340/1926
f 608/322/1925 629/299/1929 6311/321/1930 5045/338/1928
f 608/322/1925 5575/300/1924 628/281/1931 629/299/1929
f 609/298/1073 6311/321/1930 629/299/1929 632/279/1074
f 609/298/1073 1261/320/1076 5045/338/1928 6311/321/1930
f 617/42/823 611/30/824 610/29/1932 616/43/1933
f 610/29/1932 3104/41/1934 615/56/1935 616/43/1933
f 610/29/1932 3100/20/62 3099/28/61 3104/41/1934
f 610/29/1932 611/30/824 6412/21/63 3100/20/62
f 3103/55/1936 3102/74/1937 613/93/1938 614/75/1939
f 3104/41/1934 3103/55/1936 614/75/1939 615/56/1935
f 612/5123/1940 613/5134/1938 3102/5137/1937 3101/5130/1941
f 612/5123/1940 2440/5115/1942 2441/5101/1943 2437/5124/1944
f 612/5123/1940 2437/5124/1944 2434/5133/1945 613/5134/1938
f 613/93/1938 2434/115/1945 618/94/1946 614/75/1939
f 614/75/1939 618/94/1946 619/76/1947 615/56/1935
f 615/56/1935 619/76/1947 620/58/1948 616/43/1933
f 616/43/1933 620/58/1948 621/59/820 617/42/823
f 618/94/1946 2434/115/1945 2435/138/1949 2432/116/1950
f 618/94/1946 2432/116/1950 2430/95/1951 619/76/1947
f 619/76/1947 2430/95/1951 622/79/1952 620/58/1948
f 620/58/1948 622/79/1952 623/80/821 621/59/820
f 622/79/1952 2430/95/1951 2431/117/1096 2429/99/1091
f 622/79/1952 2429/99/1091 2428/100/822 623/80/821
f 624/6075/1953 5164/6076/1954 5166/6077/1955 5167/6078/1956
f 624/260/1953 5572/261/1912 5936/240/1957 5164/218/1954
f 624/6075/1953 625/6080/1922 5573/6085/1913 5572/6086/1912
f 624/6075/1953 5167/6078/1956 626/6079/1958 625/6080/1922
f 625/6080/1922 626/6079/1958 627/6083/1959 5574/6084/1923
f 626/6079/1958 5171/6082/1960 630/6087/1961 627/6083/1959
f 626/6079/1958 5167/6078/1956 5170/6081/1962 5171/6082/1960
f 627/280/1959 630/239/1961 631/259/1963 628/281/1931
f 627/280/1959 628/281/1931 5575/300/1924 5574/301/1923
f 628/281/1931 631/259/1963 632/279/1074 629/299/1929
f 630/239/1961 633/220/1964 634/243/1081 631/259/1963
f 630/239/1961 5171/216/1960 5173/199/1120 633/220/1964
f 631/259/1963 634/243/1081 6236/265/1070 632/279/1074
f 633/220/1964 5173/199/1120 6238/198/1119 5174/221/1121
f 633/220/1964 5174/221/1121 635/242/1078 634/243/1081
f 636/3361/1965 638/3362/1966 3371/3357/892 637/3356/891
f 636/3361/1965 6270/3367/1967 6451/3368/1968 638/3362/1966
f 636/3361/1965 3621/3366/1969 6349/3372/1970 6270/3367/1967
f 636/3361/1965 637/3356/891 3622/3360/895 3621/3366/1969
f 638/8712/1966 3372/8713/1971 4159/8714/1972 3371/8715/892
f 638/8712/1966 6451/8716/1968 6298/8717/1973 3372/8713/1971
f 639/62/826 641/84/1974 642/63/1975 640/46/827
f 639/62/826 694/83/829 693/104/1976 641/84/1974
f 640/46/827 642/63/1975 3624/64/1977 6449/31/828
f 642/63/1975 641/84/1974 689/105/1978 643/85/1979
f 641/84/1974 693/104/1976 690/128/1980 689/105/1978
f 3624/64/1977 642/63/1975 643/85/1979 3626/86/1981
f 643/85/1979 644/106/1982 3629/107/1983 3626/86/1981
f 643/85/1979 689/105/1978 685/129/1984 644/106/1982
f 644/106/1982 645/130/1985 3632/131/1986 3629/107/1983
f 644/106/1982 685/129/1984 681/154/1987 645/130/1985
f 3632/131/1986 645/130/1985 646/155/1988 2935/156/1989
f 645/130/1985 681/154/1987 676/182/1990 646/155/1988
f 3632/131/1986 2935/156/1989 647/157/1991 3633/132/1992
f 648/8732/1993 649/8733/1994 2931/8734/1995 2930/8735/1996
f 649/8733/1994 650/8736/1997 2932/8737/1998 2931/8734/1995
f 650/8736/1997 651/8740/1999 2933/8741/2000 2932/8737/1998
f 651/8740/1999 652/8745/2001 2934/8746/2002 2933/8741/2000
f 2934/8746/2002 652/8745/2001 653/8749/2003 654/8750/2004
f 654/8750/2004 653/8749/2003 655/8755/2005 656/8756/2006
f 654/8750/2004 2928/8757/2007 2927/8751/2008 2934/8746/2002
f 654/8750/2004 656/8756/2006 2929/8764/2009 2928/8757/2007
f 656/8756/2006 655/8755/2005 1918/8762/2010 657/8763/2011
f 656/8756/2006 657/8763/2011 658/8770/2012 2929/8764/2009
f 657/1776/2011 1918/1791/2010 2256/1777/2013 2257/1760/2014
f 657/1776/2011 2257/1760/2014 2258/1744/2015 658/1759/2012
f 658/8770/2012 2923/8781/2016 2922/8771/2017 2929/8764/2009
f 658/1759/2012 2258/1744/2015 1912/1727/2018 2923/1743/2016
f 3993/8782/2019 2922/8771/2017 2923/8781/2016 3994/8790/2020
f 2561/7657/1758 2560/7656/1345 660/7655/1343 662/7658/1347
f 662/8477/1347 661/8478/1346 664/8475/1351 2545/8474/2021
f 2562/6854/1755 2561/6857/1758 662/6858/1347 2545/6853/2021
f 664/4068/1351 663/4067/1350 6232/4076/1362 6474/4077/1418
f 2545/8474/2021 664/8475/1351 6474/8463/1418 2544/8467/1422
f 665/2723/2022 6258/2715/2023 6272/2714/2024 6271/2724/2025
f 665/2723/2022 6448/2735/2026 2198/2736/2027 6258/2715/2023
f 665/7251/2022 666/7252/2028 6246/7243/2029 6448/7242/2026
f 665/7251/2022 6271/7258/2025 6392/7259/2030 666/7252/2028
f 666/7252/2028 6247/7257/2031 6245/7249/537 6246/7243/2029
f 666/7252/2028 6392/7259/2030 2375/7266/2032 6247/7257/2031
f 667/8774/2033 668/8784/2034 5711/8793/2035 4386/8785/2036
f 667/8774/2033 1366/8767/2037 1368/8773/2038 668/8784/2034
f 667/8774/2033 6296/8775/2039 6492/8760/2040 1366/8767/2037
f 667/8774/2033 4386/8785/2036 2445/8786/2041 6296/8775/2039
f 668/5131/2034 669/5132/2042 5710/5116/2043 5711/5114/2035
f 668/8784/2034 1368/8773/2038 1370/8783/2044 669/8792/2042
f 669/8792/2042 1370/8783/2044 1371/8791/2045 670/8796/2046
f 669/8792/2042 670/8796/2046 5709/8800/2047 5710/8801/2043
f 670/8796/2046 1371/8791/2045 1878/8795/2048 1870/8799/2049
f 670/8796/2046 1870/8799/2049 6169/8802/2050 5709/8800/2047
f 671/6237/2051 5567/6240/2052 5713/6243/2053 672/6241/2054
f 671/6237/2051 6171/6232/2055 5566/6235/2056 5567/6240/2052
f 672/6241/2054 5713/6243/2053 5714/6242/2057 673/6238/2058
f 673/6238/2058 5714/6242/2057 3178/6239/2059 1277/6233/2060
f 674/7885/1138 6447/7862/1143 6091/7902/2061 6388/7903/1134
f 6074/7328/2062 675/7318/2063 5389/7331/2064 5760/7340/2065
f 675/7318/2063 5094/7319/2066 2194/7330/2067 5389/7331/2064
f 675/7318/2063 6301/7308/2068 6454/7299/2069 5094/7319/2066
f 675/7318/2063 6074/7328/2062 5817/7329/2070 6301/7308/2068
f 677/204/2071 676/182/1990 681/154/1987 682/181/2072
f 678/225/2073 677/204/2071 682/181/2072 683/203/2074
f 679/246/2075 678/225/2073 683/203/2074 684/224/2076
f 680/267/2077 679/246/2075 684/224/2076 2322/245/2078
f 2325/287/2079 680/267/2077 2322/245/2078 2321/266/2080
f 681/154/1987 685/129/1984 686/153/2081 682/181/2072
f 682/181/2072 686/153/2081 687/180/2082 683/203/2074
f 683/203/2074 687/180/2082 688/202/2083 684/224/2076
f 684/224/2076 688/202/2083 2310/223/2084 2322/245/2078
f 685/129/1984 689/105/1978 690/128/1980 686/153/2081
f 686/153/2081 690/128/1980 691/152/2085 687/180/2082
f 687/180/2082 691/152/2085 692/178/2086 688/202/2083
f 688/202/2083 692/178/2086 2295/201/2087 2310/223/2084
f 691/152/2085 690/128/1980 693/104/1976 2279/127/2088
f 693/104/1976 694/83/829 2275/103/2089 2279/127/2088
f 694/83/829 2773/82/783 2772/102/786 2275/103/2089
f 695/8010/2090 3543/8011/2091 3544/8012/2092 696/8013/2093
f 695/8010/2090 3461/8008/2094 3618/8009/2095 3543/8011/2091
f 695/3952/2090 6025/3946/2096 3462/3941/2097 3461/3945/2094
f 695/3952/2090 696/3958/2093 6029/3953/2098 6025/3946/2096
f 696/8013/2093 3544/8012/2092 3546/8014/2099 697/8015/2100
f 696/3958/2093 697/3964/2100 698/3959/2101 6029/3953/2098
f 697/3964/2100 699/3970/2102 700/3965/2103 698/3959/2101
f 697/8015/2100 3546/8014/2099 3549/8016/2104 699/8017/2102
f 698/3959/2101 700/3965/2103 701/3960/2105 6033/3954/2106
f 698/3959/2101 6033/3954/2106 6030/3947/2107 6029/3953/2098
f 699/8017/2102 702/8019/2108 703/8022/2109 700/8023/2103
f 699/8017/2102 3549/8016/2104 3553/8018/2110 702/8019/2108
f 700/3965/2103 703/3971/2109 704/3966/2111 701/3960/2105
f 701/3960/2105 6036/3961/2112 6034/3955/2113 6033/3954/2106
f 701/3960/2105 704/3966/2111 6038/3967/2114 6036/3961/2112
f 702/3980/2108 705/3981/2115 706/3976/2116 703/3971/2109
f 702/8019/2108 3553/8018/2110 3558/8020/2117 705/8021/2115
f 703/3971/2109 706/3976/2116 707/3972/2118 704/3966/2111
f 704/3966/2111 707/3972/2118 708/3973/2119 6038/3967/2114
f 705/3981/2115 710/3986/2120 711/3982/2121 706/3976/2116
f 705/8021/2115 3558/8020/2117 709/8024/2122 710/8025/2120
f 706/3976/2116 711/3982/2121 712/3977/2123 707/3972/2118
f 707/3972/2118 712/3977/2123 713/3978/2124 708/3973/2119
f 708/3973/2119 6040/3979/2125 6039/3974/2126 6038/3967/2114
f 708/3973/2119 713/3978/2124 6041/3985/2127 6040/3979/2125
f 709/2140/2122 3563/2133/2128 3568/2141/2129 714/2146/2130
f 709/2140/2122 3558/2132/2117 3557/2123/2131 3563/2133/2128
f 709/8024/2122 714/8026/2130 715/8027/2132 710/8025/2120
f 710/3986/2120 715/3993/2132 716/3987/2133 711/3982/2121
f 711/3982/2121 716/3987/2133 717/3983/2134 712/3977/2123
f 712/3977/2123 717/3983/2134 718/3984/2135 713/3978/2124
f 713/3978/2124 718/3984/2135 6185/3990/2136 6041/3985/2127
f 714/2146/2130 3568/2141/2129 3572/2147/2137 719/2152/2138
f 714/8026/2130 719/8028/2138 720/8029/2139 715/8027/2132
f 715/3993/2132 720/3999/2139 721/3994/2140 716/3987/2133
f 716/3987/2133 721/3994/2140 722/3988/2141 717/3983/2134
f 717/3983/2134 722/3988/2141 6186/3989/2142 718/3984/2135
f 718/3984/2135 6186/3989/2142 6215/3997/2143 6185/3990/2136
f 719/2152/2138 3572/2147/2137 3576/2153/2144 723/2158/2145
f 719/8028/2138 723/8030/2145 724/8031/2146 720/8029/2139
f 720/3999/2139 724/4005/2146 725/4000/2147 721/3994/2140
f 721/3994/2140 725/4000/2147 6187/3995/2148 722/3988/2141
f 722/3988/2141 6187/3995/2148 6188/3996/2149 6186/3989/2142
f 723/2158/2145 3576/2153/2144 3579/2159/2150 726/2164/2151
f 723/8030/2145 726/8032/2151 727/8033/2152 724/8031/2146
f 724/4005/2146 727/4011/2152 6189/4006/2153 725/4000/2147
f 725/4000/2147 6189/4006/2153 6190/4001/2154 6187/3995/2148
f 726/8032/2151 728/8034/2155 6192/8035/2156 727/8033/2152
f 726/2164/2151 3579/2159/2150 3581/2165/2157 728/2170/2155
f 727/4011/2152 6192/4016/2156 6193/4012/2158 6189/4006/2153
f 728/8034/2155 6194/8036/1903 731/8037/1902 6192/8035/2156
f 728/2170/2155 3581/2165/2157 3582/2171/2159 6194/2176/1903
f 729/2182/1904 6459/2177/2160 6138/2175/2161 5019/2181/1909
f 729/2182/1904 6194/2176/1903 3582/2171/2159 6459/2177/2160
f 730/4017/1906 6193/4012/2158 6192/4016/2156 731/4021/1902
f 730/4017/1906 3119/4013/2162 732/4007/2163 6193/4012/2158
f 730/4017/1906 3117/4022/1905 3116/4019/2164 3119/4013/2162
f 732/4007/2163 6190/4001/2154 6189/4006/2153 6193/4012/2158
f 732/4007/2163 3120/4008/2165 6191/4002/2166 6190/4001/2154
f 732/4007/2163 3119/4013/2162 3118/4014/2167 3120/4008/2165
f 733/1718/2168 4959/1734/1626 4960/1750/2169 5917/1735/2170
f 733/1718/2168 5275/1699/2171 5274/1717/1610 4959/1734/1626
f 733/1718/2168 5902/1719/2172 5276/1700/2173 5275/1699/2171
f 733/1718/2168 5917/1735/2170 5906/1736/2174 5902/1719/2172
f 858/7291/2175 860/7297/2176 939/7305/2177 6420/7298/2178
f 940/7314/2179 939/7305/2177 860/7297/2176 734/7304/2180
f 941/7323/2181 940/7314/2179 734/7304/2180 735/7313/2182
f 734/7304/2180 860/7297/2176 859/7290/2183 862/7296/2184
f 735/7313/2182 734/7304/2180 862/7296/2184 864/7303/2185
f 736/7322/2186 735/7313/2182 864/7303/2185 737/7311/2187
f 941/1306/2181 735/1307/2182 736/1256/2186 942/1279/2188
f 736/1256/2186 945/1237/2189 943/1259/2190 942/1279/2188
f 945/1237/2189 736/1256/2186 737/1233/2187 738/1217/2191
f 945/1237/2189 738/1217/2191 3977/1202/2192 946/1219/2193
f 1321/1218/2194 946/1219/2193 3977/1202/2192 3979/1184/2195
f 737/1233/2187 865/1215/2196 739/1200/2197 738/1217/2191
f 737/7311/2187 864/7303/2185 863/7302/2198 865/7312/2196
f 738/1217/2191 739/1200/2197 3978/1182/2199 3977/1202/2192
f 739/1200/2197 6414/1201/1414 6242/1183/1416 3978/1182/2199
f 739/1200/2197 865/1215/2196 3810/1216/2200 6414/1201/1414
f 740/1052/2201 742/1044/2202 743/1037/480 741/1045/479
f 740/6095/2201 2128/6096/2203 2129/6097/2204 742/6098/2202
f 740/6095/2201 6255/6099/2205 6327/6100/2206 2128/6096/2203
f 740/1052/2201 741/1045/479 6375/1053/482 6255/1062/2205
f 742/6098/2202 2129/6097/2204 2133/6103/2207 2134/6104/2208
f 4292/1013/2209 4293/1012/497 2146/1022/491 4291/1023/490
f 744/9508/2210 5450/9509/2211 3755/9510/2212 1953/9511/2213
f 744/9508/2210 2575/9512/2214 5537/9513/2215 5450/9509/2211
f 744/4432/2210 6440/4435/2216 6395/4438/2217 2575/4439/2214
f 744/4432/2210 1953/4433/2213 1955/4434/2218 6440/4435/2216
f 5198/7278/2219 745/7275/2220 5424/7285/775 5421/7286/777
f 5423/7284/773 5424/7285/775 745/7275/2220 746/7274/2221
f 5423/7284/773 746/7274/2221 855/7283/2222 5422/7292/774
f 6420/7298/2178 5422/7292/774 855/7283/2222 858/7291/2175
f 745/7275/2220 5198/7278/2219 749/7269/2223 6437/7262/535
f 746/7274/2221 745/7275/2220 6437/7262/535 854/7268/1062
f 855/7283/2222 746/7274/2221 854/7268/1062 856/7273/1064
f 747/5346/2224 3199/5341/2225 2114/5340/2226 748/5347/2227
f 5199/3434/2228 3199/3444/2225 747/3435/2224 5420/3429/2229
f 747/3435/2224 5198/3436/2219 5421/3422/777 5420/3429/2229
f 749/5354/2223 5198/5355/2219 747/5346/2224 748/5347/2227
f 748/5347/2227 2114/5340/2226 921/5352/2230 922/5353/2231
f 748/7276/2227 922/7277/2231 3265/7264/2232 749/7269/2223
f 749/7269/2223 3265/7264/2232 3266/7255/531 6437/7262/535
f 750/2864/2233 3694/2859/2234 6014/2852/2235 3725/2858/2236
f 750/8803/2233 5665/8804/2237 5491/8805/2238 3694/8806/2234
f 750/8803/2233 6367/8807/2239 6485/8808/2240 5665/8804/2237
f 750/2864/2233 3725/2858/2236 800/2862/2241 6367/2865/2239
f 751/2662/2242 5437/2663/2243 3727/2658/643 5025/2657/642
f 751/2662/2242 752/2669/2244 5439/2670/2245 5437/2663/2243
f 751/2662/2242 3719/2668/2246 5292/2675/2247 752/2669/2244
f 751/2662/2242 5025/2657/642 3718/2661/641 3719/2668/2246
f 752/8180/2244 5292/8186/2247 5293/8187/2248 5294/8181/2249
f 752/8180/2244 5294/8181/2249 5295/8175/2250 5439/8174/2245
f 753/2775/2251 3724/2787/2252 5670/2788/2253 3710/2776/2254
f 753/6108/2251 3696/6109/2255 3720/6110/2256 3724/6111/2252
f 753/6108/2251 3700/6112/2257 3697/6113/2258 3696/6109/2255
f 753/2775/2251 3710/2776/2254 3706/2765/2259 3700/2764/2257
f 754/91/2260 6499/71/1216 755/51/1833 6434/70/1209
f 754/91/2260 3440/112/2261 1851/113/1217 6499/71/1216
f 754/9294/2260 6359/9295/2262 6119/9290/2263 3440/9291/2261
f 754/8310/2260 6434/8309/1209 2458/8308/1208 6359/8311/2262
f 756/36/1163 755/51/1833 5599/37/2264 5503/25/2265
f 755/51/1833 6499/71/1216 6148/52/1218 5599/37/2264
f 5504/35/1160 756/36/1163 5503/25/2265 3261/24/2266
f 757/8816/1694 4068/8817/897 4069/8818/2267 758/8819/1699
f 757/8816/1694 4166/8820/1693 4067/8821/894 4068/8817/897
f 758/4348/1699 5096/4354/2268 5099/4355/2269 5098/4349/1697
f 758/8819/1699 4069/8818/2267 5158/8822/2270 5096/8823/2268
f 759/6171/2271 798/6166/2272 762/6160/2273 763/6165/2274
f 759/6171/2271 795/6177/2275 794/6173/2276 798/6166/2272
f 759/7195/2271 760/7185/2277 796/7184/2278 795/7196/2275
f 759/7195/2271 763/7200/2274 764/7190/2279 760/7185/2277
f 4717/7173/2280 796/7184/2278 760/7185/2277 5844/7174/2281
f 761/6157/2282 765/6158/2283 766/6159/2284 762/6160/2273
f 761/6157/2282 762/6160/2273 798/6166/2272 797/6167/2285
f 762/6160/2273 766/6159/2284 767/6164/2286 763/6165/2274
f 763/7200/2274 767/7210/2286 768/7201/2287 764/7190/2279
f 765/6158/2283 769/6162/2288 770/6163/2289 766/6159/2284
f 766/6159/2284 770/6163/2289 771/6170/2290 767/6164/2286
f 767/755/2286 771/744/2290 772/728/2291 768/743/2287
f 769/6162/2288 773/6168/2292 774/6169/2293 770/6163/2289
f 770/6163/2289 774/6169/2293 775/6176/2294 771/6170/2290
f 771/744/2290 775/729/2294 776/710/2295 772/728/2291
f 773/6168/2292 777/6174/2296 778/6175/2297 774/6169/2293
f 774/745/2293 778/730/2297 779/711/2298 775/729/2294
f 775/729/2294 779/711/2298 780/691/2299 776/710/2295
f 3735/690/2300 776/710/2295 780/691/2299 3736/666/2301
f 777/6174/2296 781/6180/2302 782/6181/2303 778/6175/2297
f 778/730/2297 782/712/2303 783/692/2304 779/711/2298
f 779/711/2298 783/692/2304 784/667/2305 780/691/2299
f 781/6180/2302 2828/6184/2306 2829/6185/2307 782/6181/2303
f 782/712/2303 2829/693/2307 785/668/2308 783/692/2304
f 783/692/2304 785/668/2308 786/638/2309 784/667/2305
f 785/668/2308 2832/669/575 2833/639/577 786/638/2309
f 785/668/2308 2829/693/2307 2831/694/576 2832/669/575
f 2842/614/2310 786/638/2309 2833/639/577 6303/640/2311 4574/615/2312
f 787/6188/2313 5375/6189/2314 5370/6192/2315 5369/6193/2316
f 787/6188/2313 788/6182/2317 789/6183/2318 5375/6189/2314
f 788/6182/2317 790/6178/2319 791/6179/2320 789/6183/2318
f 789/7235/2318 5376/7211/2321 5373/7224/2322 5375/7236/2314
f 789/6183/2318 791/6179/2320 792/6186/2323 5376/6187/2321
f 790/6178/2319 793/6172/2324 794/6173/2276 791/6179/2320
f 791/7213/2320 794/7214/2276 795/7196/2275 792/7203/2323
f 792/7203/2323 5378/7192/2325 5377/7202/2326 5376/7211/2321
f 792/7203/2323 795/7196/2275 796/7184/2278 5378/7192/2325
f 793/6172/2324 797/6167/2285 798/6166/2272 794/6173/2276
f 5377/7202/2326 5378/7192/2325 799/7183/2327 1782/7193/2328
f 5374/7212/2329 5377/7202/2326 1782/7193/2328 1781/7204/2330
f 799/7183/2327 4717/7173/2280 4718/7165/2331 6379/7176/2332
f 4717/7173/2280 799/7183/2327 5378/7192/2325 796/7184/2278
f 1782/7193/2328 799/7183/2327 6379/7176/2332 5343/7194/2333
f 800/2862/2241 3725/2858/2236 5671/2857/2334 801/2863/2335
f 800/6244/2241 1996/6245/2336 6485/6246/2240 6367/6247/2239
f 800/6244/2241 801/6248/2335 1997/6249/2337 1996/6245/2336
f 801/8832/2335 3860/8833/2338 6159/8834/2339 1997/8835/2337
f 801/8832/2335 5671/8836/2334 6386/8837/2340 3860/8833/2338
f 802/3183/2341 803/3170/2342 923/3185/2343 2118/3202/2344
f 802/3183/2341 809/3172/2345 810/3162/849 803/3170/2342
f 802/3183/2341 6483/3201/879 808/3186/878 809/3172/2345
f 802/3183/2341 2118/3202/2344 5445/3221/872 6483/3201/879
f 803/3170/2342 804/3171/2346 924/3184/2347 923/3185/2343
f 803/3170/2342 810/3162/849 811/3161/848 804/3171/2346
f 804/3171/2346 805/3182/841 925/3200/2348 924/3184/2347
f 804/3171/2346 811/3161/848 812/3169/839 805/3182/841
f 805/3182/841 806/3198/836 926/3219/2349 925/3200/2348
f 806/3198/836 807/3218/830 927/3236/833 926/3219/2349
f 808/3186/878 813/3175/856 814/3164/859 809/3172/2345
f 809/3172/2345 814/3164/859 815/3158/846 810/3162/849
f 816/3207/865 1942/3227/2350 5323/3244/2351 817/3228/2352
f 816/3207/865 5689/3187/855 3866/3206/854 1942/3227/2350
f 816/3207/865 817/3228/2352 5576/3208/2353 6409/3188/866
f 817/3228/2352 5323/3244/2351 5950/3261/2354 5948/3245/2355
f 817/3228/2352 5948/3245/2355 5577/3229/2356 5576/3208/2353
f 818/4857/675 5188/4845/677 5187/4855/2357 5191/4862/680
f 5458/882/987 819/883/990 5609/873/993 5460/872/992
f 819/883/990 820/893/2358 5659/884/2359 5609/873/993
f 820/893/2358 819/883/990 3376/892/989 3377/904/2360
f 820/893/2358 5685/905/2361 5687/895/2362 5659/884/2359
f 5685/905/2361 820/893/2358 3377/904/2360 3378/916/2363
f 821/494/2364 5003/495/2365 5001/520/2366 823/521/2367
f 821/494/2364 6422/436/2368 5005/464/2369 5003/495/2365
f 821/494/2364 822/496/2370 3759/465/2371 6422/436/2368
f 821/494/2364 823/521/2367 824/522/2372 822/496/2370
f 822/496/2370 3771/523/2373 3760/497/2374 3759/465/2371
f 822/496/2370 824/522/2372 825/557/2375 3771/523/2373
f 823/521/2367 5001/520/2366 5000/554/2376 826/555/2377
f 823/521/2367 826/555/2377 827/556/2378 824/522/2372
f 824/522/2372 827/556/2378 828/591/2379 825/557/2375
f 825/6250/2375 3781/6251/2380 3772/6252/2381 3771/6253/2373
f 825/6250/2375 828/6254/2379 829/6255/2382 3781/6251/2380
f 826/555/2377 830/533/2383 831/567/2384 827/556/2378
f 826/555/2377 5000/554/2376 4999/534/2385 830/533/2383
f 827/6266/2378 831/6267/2384 832/6260/2386 828/6254/2379
f 828/6254/2379 832/6260/2386 833/6261/2387 829/6255/2382
f 829/6255/2382 3788/6262/2388 3782/6256/2389 3781/6251/2380
f 829/6255/2382 833/6261/2387 834/6270/2390 3788/6262/2388
f 830/533/2383 835/506/2391 836/566/2392 831/567/2384
f 830/533/2383 4999/534/2385 6380/507/2393 835/506/2391
f 831/6267/2384 836/6275/2392 837/6268/2394 832/6260/2386
f 832/6260/2386 837/6268/2394 838/6269/2395 833/6261/2387
f 833/6261/2387 838/6269/2395 839/6276/2396 834/6270/2390
f 834/6270/2390 3793/6277/2397 3789/6271/2398 3788/6262/2388
f 834/6270/2390 839/6276/2396 840/6282/2399 3793/6277/2397
f 835/8851/2391 1016/8852/2400 1017/8853/2401 836/8854/2392
f 835/506/2391 6380/507/2393 6281/476/2402 1016/475/2400
f 836/8854/2392 1017/8853/2401 1018/8857/2403 837/8858/2394
f 837/8858/2394 1018/8857/2403 1019/8860/2404 838/8861/2395
f 838/8861/2395 1019/8860/2404 1025/8863/2405 839/8864/2396
f 839/8864/2396 1025/8863/2405 1026/8866/2406 840/8867/2399
f 840/6282/2399 5684/6288/2407 3794/6283/2408 3793/6277/2397
f 840/8867/2399 1026/8866/2406 4253/8869/2409 5684/8870/2407
f 841/923/2410 3321/924/2411 3899/938/2412 845/939/2413
f 841/923/2410 6341/903/991 3322/913/2414 3321/924/2411
f 841/923/2410 842/927/2415 3380/915/2416 6341/903/991
f 841/923/2410 845/939/2413 846/940/2417 842/927/2415
f 842/927/2415 846/940/2417 847/956/2418 843/941/2419
f 842/927/2415 843/941/2419 3381/928/2420 3380/915/2416
f 843/8580/2419 847/8584/2418 1255/8581/2421 844/8577/2422
f 843/8580/2419 844/8577/2422 3382/8572/2423 3381/8576/2420
f 844/8577/2422 1255/8581/2421 3769/8582/2424 3770/8578/2425
f 844/8577/2422 3770/8578/2425 5612/8573/2426 3382/8572/2423
f 845/939/2413 848/954/2427 849/955/2428 846/940/2417
f 845/6312/2413 3899/6313/2412 3898/6314/2429 848/6315/2427
f 846/940/2417 849/955/2428 1245/972/2430 847/956/2418
f 847/8584/2418 1245/8590/2430 1254/8585/2431 1255/8581/2421
f 848/954/2427 851/970/2432 1237/971/2433 849/955/2428
f 848/6315/2427 3898/6314/2429 850/6318/2434 851/6319/2432
f 849/955/2428 1237/971/2433 1244/991/2435 1245/972/2430
f 850/6318/2434 3897/6320/2436 3896/6328/2437 852/6325/2438
f 850/6318/2434 3898/6314/2429 3320/6316/2439 3897/6320/2436
f 850/6318/2434 852/6325/2438 1231/6326/2440 851/6319/2432
f 851/970/2432 1231/989/2440 1236/990/2441 1237/971/2433
f 852/6325/2438 1227/6332/2442 1230/6333/2443 1231/6326/2440
f 852/6325/2438 3896/6328/2437 3895/6336/2444 1227/6332/2442
f 858/7291/2175 855/7283/2222 856/7273/1064 857/7282/2445
f 856/7273/1064 888/7272/1063 3805/7281/2446 857/7282/2445
f 857/7282/2445 3805/7281/2446 3807/7289/2447 859/7290/2183
f 858/7291/2175 857/7282/2445 859/7290/2183 860/7297/2176
f 859/7290/2183 3807/7289/2447 861/7295/2448 862/7296/2184
f 861/7295/2448 3808/7301/2449 3809/7310/2450 863/7302/2198
f 861/7295/2448 3807/7289/2447 3806/7294/2451 3808/7301/2449
f 861/7295/2448 863/7302/2198 864/7303/2185 862/7296/2184
f 863/1234/2198 3809/1235/2450 3810/1216/2200 865/1215/2196
f 866/7315/2452 867/7324/2453 5082/7336/2454 5081/7325/2455
f 866/7315/2452 939/7305/2177 940/7314/2179 867/7324/2453
f 866/7315/2452 6338/7307/1726 6420/7298/2178 939/7305/2177
f 866/7315/2452 5081/7325/2455 5080/7326/1729 6338/7307/1726
f 867/6728/2453 868/6726/2456 5083/6723/2457 5082/6725/2454
f 867/7324/2453 940/7314/2179 941/7323/2181 868/7335/2456
f 868/6726/2456 869/6727/2458 5084/6724/2459 5083/6723/2457
f 868/1335/2456 941/1306/2181 942/1279/2188 869/1305/2458
f 869/1305/2458 870/1284/2460 5085/1313/2461 5084/1336/2459
f 869/1305/2458 942/1279/2188 943/1259/2190 870/1284/2460
f 870/1284/2460 938/1260/2462 5093/1286/2463 5085/1313/2461
f 870/1284/2460 943/1259/2190 944/1239/2464 938/1260/2462
f 871/1187/1407 872/1169/1410 6406/1157/2465 6242/1183/1416
f 872/1169/1410 873/1186/1409 948/1170/2466 949/1158/230
f 872/1169/1410 949/1158/230 4129/1151/225 6406/1157/2465
f 873/1186/1409 6292/1204/1411 6293/1188/1467 948/1170/2466
f 874/6388/2467 6239/6389/2468 6435/6385/2469 876/6384/2470
f 874/8884/2467 881/8885/2471 6418/8886/2472 6239/8887/2468
f 874/3627/2467 875/3628/2473 6369/3630/2474 881/3631/2471
f 874/3627/2467 876/3623/2470 877/3624/2475 875/3628/2473
f 875/5209/2473 3691/5206/2476 5494/5205/2477 6369/5210/2474
f 875/3628/2473 877/3624/2475 6433/3626/2478 3691/3629/2476
f 876/6384/2470 6435/6385/2469 6121/6386/2479 4506/6387/2480
f 876/3623/2470 4506/3619/2480 4507/3620/2481 877/3624/2475
f 877/3624/2475 4507/3620/2481 2620/3622/2482 6433/3626/2478
f 878/6402/2483 2493/6403/2484 2492/6401/2485 2491/6400/2486
f 878/6402/2483 879/6404/2487 880/6405/2488 2493/6403/2484
f 878/6402/2483 5489/6407/2489 5490/6408/2490 879/6404/2487
f 878/6402/2483 2491/6400/2486 2490/6406/2491 5489/6407/2489
f 879/6404/2487 5490/6408/2490 3693/6411/2492 5616/6409/2493
f 879/6404/2487 5616/6409/2493 4417/6410/2494 880/6405/2488
f 880/3595/2488 4505/3596/123 4504/3599/126 2493/3600/2484
f 880/3595/2488 4417/3592/2494 4418/3591/124 4505/3596/123
f 881/3534/2471 6125/3526/2495 3998/3523/2496 6418/3530/2472
f 881/5213/2471 6369/5210/2474 5494/5205/2477 6125/5214/2495
f 882/4960/2497 6424/4942/2498 5588/4980/2499 5586/4981/2500
f 882/4960/2497 2573/4961/2501 4487/4943/2502 6424/4942/2498
f 882/4960/2497 4397/4978/2503 4677/4979/2504 2573/4961/2501
f 882/4960/2497 5586/4981/2500 6415/5003/2505 4397/4978/2503
f 883/8828/2506 6374/8830/2507 6349/8831/1970 3621/8829/1969
f 883/4352/2506 4162/4353/2508 1434/4358/2509 6374/4359/2507
f 883/4352/2506 4165/4347/2510 4163/4346/2511 4162/4353/2508
f 883/8828/2506 3621/8829/1969 3622/8824/895 4165/8825/2510
f 884/1310/2512 1866/1340/2513 1868/1311/2514 885/1282/2515
f 884/1310/2512 5787/1337/2516 5951/1370/2517 1866/1340/2513
f 884/1310/2512 4698/1281/2518 891/1308/2519 5787/1337/2516
f 884/1310/2512 885/1282/2515 4699/1257/2520 4698/1281/2518
f 885/1282/2515 1868/1311/2514 1869/1283/2521 4700/1258/2522
f 885/1282/2515 4700/1258/2522 3804/1236/2523 4699/1257/2520
f 886/7287/1068 889/7293/2524 890/7288/2525 887/7280/1065
f 886/7287/1068 6454/7299/2069 4469/7300/2526 889/7293/2524
f 886/6443/1068 2372/6439/1067 996/6437/2527 6454/6442/2069
f 887/7280/1065 890/7288/2525 3805/7281/2446 888/7272/1063
f 889/1338/2524 891/1308/2519 3806/1309/2451 890/1339/2525
f 889/1338/2524 4469/1369/2526 5787/1337/2516 891/1308/2519
f 890/7288/2525 3806/7294/2451 3807/7289/2447 3805/7281/2446
f 891/1308/2519 4698/1281/2518 3808/1280/2449 3806/1309/2451
f 892/2917/2528 3756/2923/2529 5450/2924/2211 5537/2918/2215
f 892/2917/2528 2070/2925/2530 6440/2929/2216 3756/2923/2529
f 892/2917/2528 6477/2912/2531 3862/2920/2532 2070/2925/2530
f 892/2917/2528 5537/2918/2215 5536/2913/2533 6477/2912/2531
f 893/4/40 894/10/55 3258/22/2534 3257/11/2535
f 4070/1/37 893/4/40 3257/11/2535 4071/12/2536
f 894/10/55 6412/21/63 6449/31/828 3258/22/2534
f 1363/4895/2537 895/4887/2538 6045/4892/2539 4083/4901/2540
f 5597/4885/2541 6045/4892/2539 895/4887/2538 4078/4882/50
f 895/4887/2538 1363/4895/2537 1364/4896/2542 896/4888/59
f 4080/4879/49 4078/4882/50 895/4887/2538 896/4888/59
f 896/4888/59 1364/4896/2542 1365/4897/2543 897/4889/56
f 897/8788/56 1365/8778/2543 6296/8775/2039 2444/8789/57
f 5981/5621/2544 5980/5616/1057 898/5610/1046 899/5614/1050
f 5981/5621/2544 899/5614/1050 1977/5625/2545 5982/5626/2546
f 5982/4460/2546 1977/4451/2545 1978/4455/2547 1510/4461/2548
f 899/4450/1050 900/4442/1049 1988/4445/2549 1977/4451/2545
f 900/4442/1049 6410/4443/1052 905/4444/2550 1988/4445/2549
f 901/6019/1722 6431/6024/2551 995/6025/1711 3483/6020/1710
f 901/6019/1722 6360/6023/1723 6265/6026/2552 6431/6024/2551
f 902/4483/2553 903/4490/2554 1986/4492/2555 1985/4488/2556
f 902/4483/2553 1525/4484/2557 1526/4489/2558 903/4490/2554
f 902/4483/2553 1995/4479/2559 912/4478/2560 1525/4484/2557
f 902/4483/2553 1985/4488/2556 1984/4485/2561 1995/4479/2559
f 903/4490/2554 904/4495/2562 1987/4496/2563 1986/4492/2555
f 903/4490/2554 1526/4489/2558 1626/4494/2564 904/4495/2562
f 904/4495/2562 1524/4501/2565 1516/4502/2566 1987/4496/2563
f 904/4495/2562 1626/4494/2564 1627/4500/2567 1524/4501/2565
f 905/4444/2550 906/4448/2568 1989/4449/2569 1988/4445/2549
f 905/4444/2550 914/4447/2570 915/4452/2571 906/4448/2568
f 905/4444/2550 6410/4443/1052 913/4446/1051 914/4447/2570
f 906/4448/2568 907/4453/2572 1990/4454/2573 1989/4449/2569
f 906/4448/2568 915/4452/2571 916/4456/2574 907/4453/2572
f 907/4453/2572 908/4457/2575 1991/4458/2576 1990/4454/2573
f 907/4453/2572 916/4456/2574 917/4462/2577 908/4457/2575
f 908/4457/2575 917/4462/2577 918/4467/2578 909/4463/2579
f 908/4457/2575 909/4463/2579 1992/4464/2580 1991/4458/2576
f 909/4463/2579 918/4467/2578 1527/4472/2581 910/4468/2582
f 909/4463/2579 910/4468/2582 1993/4469/2583 1992/4464/2580
f 910/4468/2582 1527/4472/2581 1528/4477/2584 911/4473/2585
f 910/4468/2582 911/4473/2585 1994/4474/2586 1993/4469/2583
f 911/4473/2585 1528/4477/2584 1529/4482/2587 912/4478/2560
f 911/4473/2585 912/4478/2560 1995/4479/2559 1994/4474/2586
f 912/4478/2560 1529/4482/2587 1642/4487/2588 1525/4484/2557
f 913/7598/1051 919/7599/1053 920/7595/2589 914/7594/2570
f 914/7594/2570 920/7595/2589 1530/7591/2590 915/7590/2571
f 915/7590/2571 1530/7591/2590 1531/7587/2591 916/7586/2574
f 916/7586/2574 1531/7587/2591 1532/7583/2592 917/7582/2577
f 917/7582/2577 1532/7583/2592 1533/7579/2593 918/7578/2578
f 918/7578/2578 1533/7579/2593 1534/7575/2594 1527/7574/2581
f 919/7599/1053 1535/7604/1058 1536/7600/2595 920/7595/2589
f 920/7595/2589 1536/7600/2595 1537/7596/2596 1530/7591/2590
f 921/3220/2230 925/3200/2348 926/3219/2349 922/3237/2231
f 921/3220/2230 2116/3203/2597 924/3184/2347 925/3200/2348
f 921/3220/2230 2114/3238/2226 2115/3223/2598 2116/3203/2597
f 922/3237/2231 926/3219/2349 927/3236/833 3265/3254/2232
f 923/3185/2343 2117/3204/2599 5444/3222/2600 2118/3202/2344
f 923/3185/2343 924/3184/2347 2116/3203/2597 2117/3204/2599
f 927/7263/833 3267/7250/532 3266/7255/531 3265/7264/2232
f 3227/4421/2601 929/4424/2602 3400/4428/2603 3402/4425/2604
f 3517/4429/2605 3400/4428/2603 929/4424/2602 3504/4427/2606
f 3504/4427/2606 929/4424/2602 930/4420/2607 931/4423/2608
f 929/4424/2602 3227/4421/2601 3247/4417/2609 930/4420/2607
f 1784/8888/2610 3504/8889/2606 931/8890/2608 1817/8891/2611
f 3228/4416/2612 930/4420/2607 3247/4417/2609 3250/4413/2613
f 931/4423/2608 930/4420/2607 3228/4416/2612 932/4419/2614
f 1817/8891/2611 931/8890/2608 932/8892/2614 3505/8893/2615
f 3230/4415/2616 932/4419/2614 3228/4416/2612 3229/4412/2617
f 3505/8893/2615 932/8892/2614 3230/8896/2616 933/8897/2618
f 1818/8898/2619 3505/8893/2615 933/8897/2618 3506/8903/2620
f 933/6954/2618 3230/6955/2616 3231/6953/2621 934/6952/2622
f 933/8897/2618 934/8905/2622 3507/8906/2623 3506/8903/2620
f 934/6952/2622 3231/6953/2621 3232/6949/2624 3233/6948/2625
f 3507/603/2623 934/653/2622 3233/654/2625 3508/626/2626
f 936/7749/2627 937/7765/2628 3401/7778/2629 3403/7760/2630
f 936/7749/2627 2507/7750/2631 2509/7764/2632 937/7765/2628
f 936/7749/2627 6337/7739/2633 6302/7726/2634 2507/7750/2631
f 936/7749/2627 3403/7760/2630 2880/7761/2635 6337/7739/2633
f 937/7765/2628 2511/7783/2636 3402/7796/2604 3401/7778/2629
f 937/7765/2628 2509/7764/2632 2510/7782/2637 2511/7783/2636
f 2799/7361/133 39/7360/130 6268/7364/129 6322/7365/215
f 938/1260/2462 3124/1261/2638 2369/1285/2639 5093/1286/2463
f 938/1260/2462 944/1239/2464 1320/1238/2640 3124/1261/2638
f 944/1239/2464 943/1259/2190 945/1237/2189 946/1219/2193
f 1320/1238/2640 944/1239/2464 946/1219/2193 1321/1218/2194
f 947/4674/1718 2459/4675/1717 4408/4676/2641 6307/4677/2642
f 947/4674/1718 6307/4677/2642 6265/4681/2552 6360/4682/1723
f 948/1170/2466 4951/1171/2643 1041/1159/228 949/1158/230
f 948/1170/2466 6293/1188/1467 4950/1189/2644 4951/1171/2643
f 950/7159/2645 5178/7152/2646 5179/7153/2647 5735/7160/2648
f 950/608/2645 957/579/2649 951/607/2650 5178/632/2646
f 950/608/2645 959/609/2651 960/580/2652 957/579/2649
f 950/7159/2645 5735/7160/2648 4146/7167/2653 959/7168/2651
f 951/607/2650 956/578/2654 952/606/2655 953/629/2656
f 951/607/2650 957/579/2649 958/545/2657 956/578/2654
f 951/607/2650 953/629/2656 5180/659/2658 5178/632/2646
f 952/606/2655 4394/576/2659 1857/630/2660 954/631/2661
f 952/606/2655 956/578/2654 4395/544/2662 4394/576/2659
f 952/606/2655 954/631/2661 955/658/2663 953/629/2656
f 953/629/2656 955/658/2663 5183/687/2664 5180/659/2658
f 954/631/2661 1859/661/2665 6334/686/2666 955/658/2663
f 954/631/2661 1857/630/2660 1858/660/35 1859/661/2665
f 955/7147/2663 6334/7138/2666 1862/7126/2667 5183/7137/2664
f 956/578/2654 958/545/2657 4396/514/2668 4395/544/2662
f 957/579/2649 960/580/2652 6405/546/696 958/545/2657
f 958/545/2657 6405/546/696 6383/489/2669 4396/514/2668
f 959/7168/2651 4146/7167/2653 5184/7177/2670 1865/7178/2671
f 959/4757/2651 1865/4758/2671 3412/4759/2672 960/4760/2652
f 960/4760/2652 3412/4759/2672 4240/4763/692 6405/4764/696
f 961/5997/1304 5965/5998/2673 5398/6006/2674 5966/6007/1305
f 961/5997/1304 3842/5988/1308 2408/5987/1656 5965/5998/2673
f 962/6012/1673 964/6014/1674 5546/6017/2675 5545/6015/2676
f 962/6012/1673 5545/6015/2676 5543/6016/2677 5544/6013/1675
f 964/4324/1674 963/4314/1668 965/4306/1666 966/4316/2678
f 964/7866/1674 966/7845/2678 967/7827/2679 5546/7847/2675
f 966/4316/2678 965/4306/1666 969/4307/1667 970/4317/2680
f 966/7845/2678 970/7846/2680 971/7810/2681 967/7827/2679
f 967/7827/2679 971/7810/2681 6358/7791/2682 3011/7825/2683
f 967/7827/2679 3011/7825/2683 3010/7842/1145 5546/7847/2675
f 5850/4312/2684 968/4302/1664 5309/4305/1665 3825/4313/2685
f 969/4307/1667 968/4302/1664 5850/4312/2684 5283/4315/2686
f 970/4317/2680 969/4307/1667 5283/4315/2686 5284/4326/2687
f 970/4317/2680 5284/4326/2687 5285/4333/2688 971/4334/2681
f 971/7810/2681 5285/7792/2688 4743/7772/2689 6358/7791/2682
f 972/1358/2690 979/1323/2691 980/1354/2692 973/1385/526
f 972/1358/2690 5691/1324/2693 5848/1295/2694 979/1323/2691
f 972/7674/2690 974/7664/516 5693/7673/2695 5691/7685/2693
f 972/7674/2690 973/7665/526 976/7660/512 974/7664/516
f 973/1385/526 980/1354/2692 3305/1384/2696 977/1419/523
f 974/7664/516 975/7663/515 3843/7672/2697 5693/7673/2695
f 975/7663/515 5155/7671/518 5842/7682/2698 3843/7672/2697
f 977/1419/523 3305/1384/2696 2948/1418/2699 5221/1448/524
f 978/1223/1466 3851/1245/1474 6244/1246/2700 6293/1188/1467
f 979/1323/2691 3314/1294/1475 3311/1320/2701 980/1354/2692
f 979/1323/2691 5848/1295/2694 3853/1267/1473 3314/1294/1475
f 980/1354/2692 3311/1320/2701 3306/1355/2702 3305/1384/2696
f 981/2458/2703 5027/2464/2704 5029/2465/638 6400/2459/640
f 981/2458/2703 3854/2462/2705 5026/2471/2706 5027/2464/2704
f 981/2458/2703 3856/2450/2707 3855/2454/761 3854/2462/2705
f 981/2458/2703 6400/2459/640 5032/2451/2708 3856/2450/2707
f 982/8849/2709 5699/8848/2710 4588/8847/2711 4589/8850/2712
f 982/2627/2709 4627/2628/2713 4626/2632/2714 5699/2633/2710
f 982/2627/2709 983/2619/2715 4628/2620/2716 4627/2628/2713
f 982/6138/2709 4589/6133/2712 4590/6127/2717 983/6139/2715
f 983/2619/2715 984/2612/2718 4629/2613/2719 4628/2620/2716
f 983/2619/2715 4590/2624/2717 986/2618/2720 984/2612/2718
f 984/2612/2718 985/2607/2721 4630/2608/2722 4629/2613/2719
f 984/2612/2718 986/2618/2720 987/2611/2723 985/2607/2721
f 985/2607/2721 4603/2603/2724 3858/2602/2725 4630/2608/2722
f 985/2607/2721 987/2611/2723 4609/2606/2726 4603/2603/2724
f 986/6121/2720 4590/6127/2717 4593/6123/2727 4594/6116/2728
f 986/6121/2720 4594/6116/2728 3720/6110/2256 987/6114/2723
f 987/6114/2723 3720/6110/2256 3696/6109/2255 4609/6115/2726
f 988/8838/2729 3860/8833/2338 6386/8837/2340 989/8840/2730
f 988/8838/2729 3859/8839/2731 6159/8834/2339 3860/8833/2338
f 988/8838/2729 5694/8841/2732 5672/8842/2733 3859/8839/2731
f 988/8838/2729 989/8840/2730 5695/8843/2734 5694/8841/2732
f 989/2860/2730 990/2851/2735 5697/2842/2736 5695/2854/2734
f 989/2860/2730 6386/2861/2340 5671/2857/2334 990/2851/2735
f 990/2851/2735 5671/2857/2334 3725/2858/2236 6014/2852/2235
f 990/2851/2735 6014/2852/2235 6152/2843/2737 5697/2842/2736
f 991/7239/536 3861/7228/538 2196/7217/2738 992/7230/2739
f 991/7239/536 992/7230/2739 6246/7243/2029 6245/7249/537
f 992/7230/2739 2198/7231/2027 6448/7242/2026 6246/7243/2029
f 992/7230/2739 2196/7217/2738 2197/7218/2740 2198/7231/2027
f 4411/4683/2741 994/4689/1707 995/4686/1711 993/4680/2742
f 4407/4678/2743 4411/4683/2741 993/4680/2742 4408/4676/2641
f 993/4680/2742 995/4686/1711 6431/4687/2551 6265/4681/2552
f 993/4680/2742 6265/4681/2552 6307/4677/2642 4408/4676/2641
f 4410/4688/2744 4413/4693/1704 994/4689/1707 4411/4683/2741
f 996/6437/2527 2372/6439/1067 2374/6433/1066 997/6429/2745
f 996/6437/2527 5100/6438/2746 5094/6441/2066 6454/6442/2069
f 996/6437/2527 997/6429/2745 6287/6432/2747 5100/6438/2746
f 997/6429/2745 2374/6433/1066 2375/6434/2032 998/6430/2748
f 997/6429/2745 998/6430/2748 999/6431/2749 6287/6432/2747
f 998/6430/2748 6271/6435/2025 6272/6436/2024 999/6431/2749
f 998/6430/2748 2375/6434/2032 6392/6440/2030 6271/6435/2025
f 999/2720/2749 6272/2714/2024 6389/2708/2750 2226/2721/2751 5102/2722/2752
f 6287/2733/2747 999/2720/2749 5102/2722/2752 5101/2734/2753
f 4518/2379/2754 3520/2363/2755 3205/2347/1805 3206/2362/2756
f 4521/8451/2757 4518/8452/2754 3206/8449/2756 1000/8448/2758
f 2592/8450/2759 1000/8448/2758 3210/8445/2760 1001/8447/2761
f 1000/8448/2758 3206/8449/2756 3209/8446/2762 3210/8445/2760
f 4521/8451/2757 1000/8448/2758 2592/8450/2759 1343/8453/2763
f 2591/879/2764 1001/889/2761 2010/880/184 1816/869/183
f 1001/8447/2761 3210/8445/2760 3214/8442/2765 2010/8444/184
f 1002/5304/2766 4030/5314/2767 6362/5308/2768 4034/5297/2769
f 4030/5314/2767 1002/5304/2766 5440/5315/877 5441/5323/2770
f 1002/5304/2766 6381/5292/875 5440/5315/877
f 1002/5304/2766 4034/5297/2769 1502/5285/2771 6381/5292/875
f 1003/832/713 6376/833/2772 1522/825/174 6345/818/168
f 1003/832/713 3384/842/717 3385/843/1002 6376/833/2772
f 1004/5249/250 3356/5248/249 1005/5254/2773 1006/5255/888
f 1005/5254/2773 1008/5265/2774 4270/5266/889 1006/5255/888
f 1005/5254/2773 3358/5264/269 1007/5278/2775 1008/5265/2774
f 1005/5254/2773 3356/5248/249 3357/5253/257 3358/5264/269
f 1007/5278/2775 4271/5291/2776 4272/5279/2777 1008/5265/2774
f 1007/5278/2775 3360/5290/274 1009/5302/2778 4271/5291/2776
f 1007/5278/2775 3358/5264/269 3359/5277/268 3360/5290/274
f 1008/5265/2774 4272/5279/2777 4273/5280/2779 4270/5266/889
f 1009/7403/2778 3362/7397/2780 4274/7398/2781 4275/7404/2782
f 1009/5302/2778 3360/5290/274 3361/5301/273 3362/5313/2780
f 1009/7403/2778 4275/7404/2782 4276/7409/2783 4271/7410/2776
f 1010/2673/2784 3800/2682/2785 4674/2684/2786 4675/2679/2787
f 1010/2673/2784 3799/2674/2788 3798/2681/2789 3800/2682/2785
f 1010/2673/2784 1011/2666/2790 3717/2667/2791 3799/2674/2788
f 1010/2673/2784 4675/2679/2787 1012/2672/2792 1011/2666/2790
f 1011/2666/2790 1012/2672/2792 3719/2668/2246 3718/2661/641
f 1011/2666/2790 3718/2661/641 5024/2660/637 3717/2667/2791
f 1012/2672/2792 4675/2679/2787 4641/2685/2793 4642/2680/2794
f 1012/2672/2792 4642/2680/2794 5292/2675/2247 3719/2668/2246
f 1013/5282/876 1505/5273/241 6373/5256/240 1014/5268/2795
f 1013/5282/876 6381/5292/875 1502/5285/2771 1505/5273/241
f 1013/5282/876 1014/5268/2795 5702/5293/2796 5701/5294/874
f 5702/3212/2796 1014/3241/2795 3867/3242/883 6295/3226/882
f 1014/5268/2795 6373/5256/240 3355/5257/251 3867/5269/883
f 1015/460/2797 6097/491/2798 6096/492/2799 5007/461/2800
f 1015/460/2797 6383/489/2669 6461/515/2801 6097/491/2798
f 1015/460/2797 6257/434/2802 4300/459/2803 6383/489/2669
f 1015/460/2797 5007/461/2800 1225/433/2804 6257/434/2802
f 1016/8852/2400 1027/8855/2805 1028/8856/2806 1017/8853/2401
f 1016/475/2400 6281/476/2402 6439/420/2807 1027/446/2805
f 1017/8853/2401 1028/8856/2806 1029/8859/2808 1018/8857/2403
f 1018/8857/2403 1029/8859/2808 1030/8862/2809 1019/8860/2404
f 1019/8860/2404 1030/8862/2809 1031/8865/2810 1025/8863/2405
f 1020/7767/1243 1023/7751/1248 3870/7766/2811 1021/7785/1246
f 1021/7785/1246 3870/7766/2811 2879/7784/1314 3869/7802/1318
f 1021/7785/1246 3869/7802/1318 3453/7817/2812 5594/7803/1244
f 1022/7740/1247 5151/7727/1249 5153/7710/2813 5154/7725/2814
f 1022/7740/1247 5154/7725/2814 6337/7739/2633 1023/7751/1248
f 1023/7751/1248 6337/7739/2633 2880/7761/2635 3870/7766/2811
f 1024/5142/2815 2600/5146/2816 4751/5150/2817 4750/5151/2818
f 1024/5142/2815 2604/5143/2819 2605/5145/2820 2600/5146/2816
f 1024/5142/2815 5755/5140/2821 5794/5139/2822 2604/5143/2819
f 1024/3131/2815 4750/3114/2818 5555/3122/2823 5755/3132/2821
f 1025/8863/2405 1031/8865/2810 1032/8868/2824 1026/8866/2406
f 1026/8866/2406 1032/8868/2824 4254/8871/2825 4253/8869/2409
f 1027/6382/2805 3007/6380/2826 3006/6375/2827 1028/6379/2806
f 1027/446/2805 6439/420/2807 3008/398/2828 3007/447/2826
f 1028/6379/2806 3006/6375/2827 3005/6370/2829 1029/6374/2808
f 1029/6374/2808 3005/6370/2829 1033/6365/2830 1030/6369/2809
f 1030/6369/2809 1033/6365/2830 1034/6360/2831 1031/6364/2810
f 1031/6364/2810 1034/6360/2831 1035/6354/2832 1032/6359/2824
f 1032/6359/2824 1035/6354/2832 3894/6345/2833 4254/6353/2825
f 1033/6365/2830 3107/6361/2834 3106/6355/2835 1034/6360/2831
f 1033/6365/2830 3005/6370/2829 3108/6366/2836 3107/6361/2834
f 1034/6360/2831 3106/6355/2835 3105/6346/2837 1035/6354/2832
f 1035/6354/2832 3105/6346/2837 3895/6336/2444 3894/6345/2833
f 4305/3113/943 1036/3105/942 2572/3110/948 4483/3118/2838
f 1037/1504/596 5470/1535/2839 5471/1505/2840 1038/1476/599
f 1037/6444/596 5469/6445/589 3421/6446/2841 5470/6447/2839
f 1038/1476/599 5471/1505/2840 5472/1506/2842 4059/1477/602
f 1039/3549/2843 5203/3546/2844 3374/3545/2845 3373/3548/2846
f 1039/6559/2843 3912/6560/2847 5202/6561/2848 5203/6562/2844
f 1039/6559/2843 6377/6563/2849 1040/6564/2850 3912/6560/2847
f 1039/3549/2843 3373/3548/2846 6368/3551/2851 6377/3552/2849
f 1040/3403/2850 2494/3407/2852 6438/3405/769 1353/3400/2853
f 1040/8908/2850 6377/8909/2849 6051/8910/2854 2494/8911/2852
f 1040/3403/2850 1353/3400/2853 5390/3392/2855 3912/3399/2847
f 1041/1159/228 4951/1171/2643 1435/1172/2856 1042/1160/229
f 1042/1160/229 1435/1172/2856 1436/1191/2857 1437/1173/2858
f 1042/1160/229 1437/1173/2858 1044/1161/245 1043/1152/226
f 1044/1161/245 1046/1174/2859 1047/1175/252 1045/1162/243
f 1044/1161/245 1437/1173/2858 1440/1192/2860 1046/1174/2859
f 1046/1174/2859 1049/1193/2861 1050/1194/2862 1047/1175/252
f 1046/1174/2859 1440/1192/2860 1443/1208/2863 1049/1193/2861
f 1047/1175/252 1050/1194/2862 1051/1211/258 1048/1195/253
f 1049/1193/2861 1443/1208/2863 1446/1228/2864 1053/1209/2865
f 1049/1193/2861 1053/1209/2865 1054/1210/2866 1050/1194/2862
f 1050/1194/2862 1054/1210/2866 1055/1231/2867 1051/1211/258
f 1051/1211/258 1055/1231/2867 1056/1255/263 1052/1232/259
f 1053/1209/2865 1446/1228/2864 1449/1251/2868 1059/1229/2869
f 1053/1209/2865 1059/1229/2869 1060/1230/2870 1054/1210/2866
f 1054/1210/2866 1060/1230/2870 1061/1254/2871 1055/1231/2867
f 1055/1231/2867 1061/1254/2871 1062/1278/2872 1056/1255/263
f 1056/5295/263 1062/5305/2872 1063/5296/2873 1057/5284/264
f 1057/5284/264 1063/5296/2873 1064/5288/271 1058/5275/265
f 1059/1229/2869 1449/1251/2868 1451/1274/2874 1452/1252/2875
f 1059/1229/2869 1452/1252/2875 1065/1253/2876 1060/1230/2870
f 1060/1230/2870 1065/1253/2876 1066/1277/2877 1061/1254/2871
f 1061/1254/2871 1066/1277/2877 1067/1304/2878 1062/1278/2872
f 1062/5305/2872 1067/5316/2878 1068/5306/2879 1063/5296/2873
f 1063/5296/2873 1068/5306/2879 1069/5300/278 1064/5288/271
f 1065/1253/2876 1071/1276/2880 1072/1303/2881 1066/1277/2877
f 1065/1253/2876 1452/1252/2875 1455/1275/2882 1071/1276/2880
f 1066/1277/2877 1072/1303/2881 1073/1334/2883 1067/1304/2878
f 1067/5316/2878 1073/5324/2883 1074/5317/2884 1068/5306/2879
f 1068/5306/2879 1074/5317/2884 1075/5309/2885 1069/5300/278
f 1070/5299/276 1069/5300/278 1075/5309/2885 1076/5310/282
f 1071/1276/2880 1078/1302/2886 1079/1333/2887 1072/1303/2881
f 1071/1276/2880 1455/1275/2882 1458/1301/2888 1078/1302/2886
f 1072/1303/2881 1079/1333/2887 1080/1367/2889 1073/1334/2883
f 1073/5324/2883 1080/5330/2889 1081/5325/2890 1074/5317/2884
f 1074/5317/2884 1081/5325/2890 1082/5320/2891 1075/5309/2885
f 1076/5310/282 1075/5309/2885 1082/5320/2891 1083/5321/2892
f 1076/4664/282 1083/4660/2892 1084/4658/286 1077/4663/280
f 1078/1302/2886 1458/1301/2888 1461/1331/2893 1086/1332/2894
f 1078/1302/2886 1086/1332/2894 1087/1366/2895 1079/1333/2887
f 1079/1333/2887 1087/1366/2895 1088/1396/2896 1080/1367/2889
f 1080/5330/2889 1088/5336/2896 1089/5331/2897 1081/5325/2890
f 1081/5325/2890 1089/5331/2897 1090/5326/2898 1082/5320/2891
f 1083/5321/2892 1082/5320/2891 1090/5326/2898 1091/5327/2899
f 1083/4660/2892 1091/4656/2899 1092/4654/2900 1084/4658/286
f 1084/4658/286 1092/4654/2900 1093/4655/289 1085/4659/287
f 1086/1332/2894 1461/1331/2893 1463/1364/2901 1464/1365/2902
f 1086/1332/2894 1464/1365/2902 1095/1395/2903 1087/1366/2895
f 1087/1366/2895 1095/1395/2903 1096/1430/2904 1088/1396/2896
f 1088/5336/2896 1096/5342/2904 1097/5337/2905 1089/5331/2897
f 1089/5331/2897 1097/5337/2905 1098/5332/2906 1090/5326/2898
f 1091/5327/2899 1090/5326/2898 1098/5332/2906 1099/5333/2907
f 1091/4656/2899 1099/4652/2907 1100/4650/2908 1092/4654/2900
f 1092/4654/2900 1100/4650/2908 1101/4651/2909 1093/4655/289
f 1093/4655/289 1101/4651/2909 1102/4653/294 1094/4657/290
f 1095/1395/2903 1104/1429/2910 1105/1460/2911 1096/1430/2904
f 1095/1395/2903 1464/1365/2902 1467/1394/2912 1104/1429/2910
f 1096/5342/2904 1105/5348/2911 1106/5343/2913 1097/5337/2905
f 1097/5337/2905 1106/5343/2913 1107/5338/2914 1098/5332/2906
f 1099/5333/2907 1098/5332/2906 1107/5338/2914 1108/5339/2915
f 1099/4652/2907 1108/4648/2915 1109/4646/2916 1100/4650/2908
f 1100/4650/2908 1109/4646/2916 1110/4647/2917 1101/4651/2909
f 1101/4651/2909 1110/4647/2917 1111/4649/2918 1102/4653/294
f 1102/7411/294 1111/7417/2918 1112/7418/316 1103/7412/295
f 1104/1429/2910 1113/1459/2919 1114/1490/2920 1105/1460/2911
f 1104/1429/2910 1467/1394/2912 1470/1428/2921 1113/1459/2919
f 1105/5348/2911 1114/5356/2920 1115/5349/2922 1106/5343/2913
f 1106/5343/2913 1115/5349/2922 1116/5344/2923 1107/5338/2914
f 1108/5339/2915 1107/5338/2914 1116/5344/2923 1117/5345/2924
f 1108/4648/2915 1117/4644/2924 1118/4642/2925 1109/4646/2916
f 1109/4646/2916 1118/4642/2925 1119/4643/2926 1110/4647/2917
f 1110/4647/2917 1119/4643/2926 1120/4645/2927 1111/4649/2918
f 1111/7417/2918 1120/7423/2927 1702/7424/320 1112/7418/316
f 1113/1459/2919 1121/1489/2928 1122/1521/2929 1114/1490/2920
f 1113/1459/2919 1470/1428/2921 1472/1458/2930 1121/1489/2928
f 1114/5356/2920 1122/5360/2929 1123/5357/2931 1115/5349/2922
f 1115/5349/2922 1123/5357/2931 1124/5350/2932 1116/5344/2923
f 1117/5345/2924 1116/5344/2923 1124/5350/2932 1125/5351/2933
f 1117/4644/2924 1125/4640/2933 1126/4638/2934 1118/4642/2925
f 1118/4642/2925 1126/4638/2934 1127/4639/2935 1119/4643/2926
f 1119/4643/2926 1127/4639/2935 1128/4641/2936 1120/4645/2927
f 1120/7423/2927 1128/7428/2936 1701/7429/322 1702/7424/320
f 1121/1489/2928 1472/1458/2930 1474/1488/2937 1129/1520/2938
f 1121/1489/2928 1129/1520/2938 1130/1551/2939 1122/1521/2929
f 1122/5360/2929 1130/5364/2939 1131/5361/2940 1123/5357/2931
f 1123/5357/2931 1131/5361/2940 1132/5358/2941 1124/5350/2932
f 1125/5351/2933 1124/5350/2932 1132/5358/2941 1133/5359/2942
f 1125/4640/2933 1133/4636/2942 1134/4633/2943 1126/4638/2934
f 1126/4638/2934 1134/4633/2943 1135/4634/2944 1127/4639/2935
f 1127/4639/2935 1135/4634/2944 1136/4637/2945 1128/4641/2936
f 1128/7428/2936 1136/7433/2945 1700/7434/326 1701/7429/322
f 1129/1520/2938 1474/1488/2937 1476/1519/2946 1477/1550/2947
f 1129/1520/2938 1477/1550/2947 1137/1577/2948 1130/1551/2939
f 1130/5364/2939 1137/5366/2948 1138/5365/2949 1131/5361/2940
f 1131/5361/2940 1138/5365/2949 1139/5362/2950 1132/5358/2941
f 1133/5359/2942 1132/5358/2941 1139/5362/2950 1140/5363/2951
f 1133/4636/2942 1140/4631/2951 1141/4628/2952 1134/4633/2943
f 1134/4633/2943 1141/4628/2952 1142/4629/2953 1135/4634/2944
f 1135/4634/2944 1142/4629/2953 1143/4632/2954 1136/4637/2945
f 1136/7433/2945 1143/7436/2954 1699/7437/330 1700/7434/326
f 1137/5366/2948 1144/5369/2955 1145/5367/2956 1138/5365/2949
f 1137/1577/2948 1477/1550/2947 1479/1576/2957 1144/1607/2955
f 1138/5365/2949 1145/5367/2956 1146/5368/2958 1139/5362/2950
f 1140/4631/2951 1139/4635/2950 1146/4630/2958 1147/4626/2959
f 1140/4631/2951 1147/4626/2959 1148/4623/2960 1141/4628/2952
f 1141/4628/2952 1148/4623/2960 1149/4624/2961 1142/4629/2953
f 1142/4629/2953 1149/4624/2961 1150/4627/2962 1143/4632/2954
f 1143/7436/2954 1150/7439/2962 1698/7440/2963 1699/7437/330
f 1144/5369/2955 1151/5372/2964 1152/5370/2965 1145/5367/2956
f 1144/8924/2955 1479/8925/2957 1481/8926/2966 1151/8927/2964
f 1145/5367/2956 1152/5370/2965 1153/5371/2967 1146/5368/2958
f 1147/4626/2959 1146/4630/2958 1153/4625/2967 1154/4621/2968
f 1147/4626/2959 1154/4621/2968 1155/4618/2969 1148/4623/2960
f 1148/4623/2960 1155/4618/2969 1156/4619/2970 1149/4624/2961
f 1149/4624/2961 1156/4619/2970 1157/4622/2971 1150/4627/2962
f 1150/7439/2962 1157/7442/2971 1697/7443/2972 1698/7440/2963
f 1151/8927/2964 1481/8926/2966 1483/8928/2973 1158/8929/2974
f 1151/8927/2964 1158/8929/2974 1159/8932/2975 1152/8933/2965
f 1152/5370/2965 1159/5373/2975 1160/5374/2976 1153/5371/2967
f 1154/4621/2968 1153/4625/2967 1160/4620/2976 1161/4616/2977
f 1154/4621/2968 1161/4616/2977 1162/4613/2978 1155/4618/2969
f 1155/4618/2969 1162/4613/2978 1163/4614/2979 1156/4619/2970
f 1156/4619/2970 1163/4614/2979 1164/4617/2980 1157/4622/2971
f 1157/7442/2971 1164/7445/2980 1696/7446/2981 1697/7443/2972
f 1158/8929/2974 1483/8928/2973 1484/8930/2982 1165/8931/2983
f 1158/8929/2974 1165/8931/2983 1166/8936/2984 1159/8932/2975
f 1159/5373/2975 1166/5375/2984 1167/5376/2985 1160/5374/2976
f 1161/4616/2977 1160/4620/2976 1167/4615/2985 1168/4611/2986
f 1161/4616/2977 1168/4611/2986 1169/4608/2987 1162/4613/2978
f 1162/4613/2978 1169/4608/2987 1170/4609/2988 1163/4614/2979
f 1163/4614/2979 1170/4609/2988 1667/4612/2989 1164/4617/2980
f 1164/7445/2980 1667/7448/2989 1695/7449/2990 1696/7446/2981
f 1165/8931/2983 1484/8930/2982 1485/8934/2991 1486/8935/2992
f 1165/8931/2983 1486/8935/2992 1171/8939/2993 1166/8936/2984
f 1166/8936/2984 1171/8939/2993 1172/8943/2994 1167/8944/2985
f 1168/4611/2986 1167/4615/2985 1172/4610/2994 1173/4606/2995
f 1168/4611/2986 1173/4606/2995 1174/4603/2996 1169/4608/2987
f 1169/4608/2987 1174/4603/2996 1175/4604/2997 1170/4609/2988
f 1170/4609/2988 1175/4604/2997 1666/4607/2998 1667/4612/2989
f 1171/8939/2993 1176/8942/2999 1177/8948/3000 1172/8943/2994
f 1171/8939/2993 1486/8935/2992 1488/8938/3001 1176/8942/2999
f 1173/4606/2995 1172/4610/2994 1177/4605/3000 1178/4601/3002
f 1173/4606/2995 1178/4601/3002 1179/4598/3003 1174/4603/2996
f 1174/4603/2996 1179/4598/3003 1180/4599/3004 1175/4604/2997
f 1175/4604/2997 1180/4599/3004 1665/4602/3005 1666/4607/2998
f 1176/8942/2999 1181/8947/3006 1182/8952/3007 1177/8948/3000
f 1176/8942/2999 1488/8938/3001 1490/8941/3008 1181/8947/3006
f 1178/4601/3002 1177/4605/3000 1182/4600/3007 1183/4596/3009
f 1178/4601/3002 1183/4596/3009 1184/4593/3010 1179/4598/3003
f 1179/4598/3003 1184/4593/3010 1185/4594/3011 1180/4599/3004
f 1180/4599/3004 1185/4594/3011 1664/4597/3012 1665/4602/3005
f 1181/8947/3006 1490/8941/3008 1491/8946/3013 1186/8951/3014
f 1181/8947/3006 1186/8951/3014 1187/8956/3015 1182/8952/3007
f 1183/4596/3009 1182/4600/3007 1187/4595/3015 1188/4591/3016
f 1183/4596/3009 1188/4591/3016 1189/4588/3017 1184/4593/3010
f 1184/4593/3010 1189/4588/3017 1190/4589/3018 1185/4594/3011
f 1185/4594/3011 1190/4589/3018 1663/4592/3019 1664/4597/3012
f 1186/8951/3014 1491/8946/3013 1492/8950/3020 1493/8955/3021
f 1186/8951/3014 1493/8955/3021 1191/8960/3022 1187/8956/3015
f 1188/4591/3016 1187/4595/3015 1191/4590/3022 1192/4586/3023
f 1188/4591/3016 1192/4586/3023 1193/4583/3024 1189/4588/3017
f 1189/4588/3017 1193/4583/3024 1194/4584/3025 1190/4589/3018
f 1190/4589/3018 1194/4584/3025 1662/4587/3026 1663/4592/3019
f 1192/4586/3023 1191/4590/3022 1195/4585/3027 1196/4581/3028
f 1191/8960/3022 1493/8955/3021 1495/8959/3029 1195/8964/3027
f 1192/4586/3023 1196/4581/3028 1197/4578/3030 1193/4583/3024
f 1193/4583/3024 1197/4578/3030 1198/4579/3031 1194/4584/3025
f 1194/4584/3025 1198/4579/3031 1661/4582/3032 1662/4587/3026
f 1196/4581/3028 1195/4585/3027 1199/4580/3033 1200/4576/3034
f 1195/8964/3027 1495/8959/3029 1496/8963/3035 1199/8968/3033
f 1196/4581/3028 1200/4576/3034 1201/4573/3036 1197/4578/3030
f 1197/4578/3030 1201/4573/3036 1202/4574/3037 1198/4579/3031
f 1198/4579/3031 1202/4574/3037 1660/4577/3038 1661/4582/3032
f 1200/4576/3034 1199/4580/3033 1203/4575/3039 1204/4571/3040
f 1199/8968/3033 1496/8963/3035 1497/8967/3041 1203/8974/3039
f 1200/4576/3034 1204/4571/3040 1205/4568/3042 1201/4573/3036
f 1201/4573/3036 1205/4568/3042 1641/4569/3043 1202/4574/3037
f 1202/4574/3037 1641/4569/3043 1659/4572/3044 1660/4577/3038
f 1203/8974/3039 1497/8967/3041 1498/8973/3045 1206/8979/3046
f 1204/4571/3040 1203/4575/3039 1206/4570/3046 1207/4566/3047
f 1204/4571/3040 1207/4566/3047 1208/4563/3048 1205/4568/3042
f 1205/4568/3042 1208/4563/3048 1640/4564/3049 1641/4569/3043
f 1206/8979/3046 1498/8973/3045 4840/8978/3050 1499/8983/3051
f 1207/4566/3047 1206/4570/3046 1499/4565/3051 1209/4561/3052
f 1207/4566/3047 1209/4561/3052 1210/4558/3053 1208/4563/3048
f 1208/4563/3048 1210/4558/3053 1639/4559/3054 1640/4564/3049
f 1211/4556/3055 1209/4561/3052 1499/4565/3051 1500/4560/3056
f 1209/4561/3052 1211/4556/3055 1212/4553/3057 1210/4558/3053
f 1210/4558/3053 1212/4553/3057 1638/4554/3058 1639/4559/3054
f 1213/4551/3059 1211/4556/3055 1500/4560/3056 1501/4555/3060
f 1211/4556/3055 1213/4551/3059 1214/4548/3061 1212/4553/3057
f 1212/4553/3057 1214/4548/3061 1637/4549/3062 1638/4554/3058
f 1213/4551/3059 1501/4555/3060 4859/4550/3063 1215/4545/3064
f 1213/4551/3059 1215/4545/3064 1216/4542/3065 1214/4548/3061
f 1214/4548/3061 1216/4542/3065 1636/4543/3066 1637/4549/3062
f 1215/4545/3064 4859/4550/3063 4866/4544/3067 1217/4541/3068
f 1215/4545/3064 1217/4541/3068 1218/4538/3069 1216/4542/3065
f 1216/4542/3065 1218/4538/3069 1635/4539/3070 1636/4543/3066
f 1217/4541/3068 4866/4544/3067 4873/4540/3071 1219/4537/3072
f 1217/4541/3068 1219/4537/3072 1220/4534/3073 1218/4538/3069
f 1218/4538/3069 1220/4534/3073 1634/4535/3074 1635/4539/3070
f 1219/4537/3072 1221/4533/3075 1625/4531/3076 1220/4534/3073
f 1221/4533/3075 1219/4537/3072 4873/4540/3071 4880/4536/3077
f 1220/4534/3073 1625/4531/3076 1633/4530/3078 1634/4535/3074
f 1221/4533/3075 1222/4528/3079 1624/4526/3080 1625/4531/3076
f 1222/4528/3079 1221/4533/3075 4880/4536/3077 4886/4532/3081
f 1223/4523/3082 1222/4528/3079 4886/4532/3081 4892/4527/3083
f 1222/4528/3079 1223/4523/3082 1623/4521/3084 1624/4526/3080
f 1224/4517/3085 1223/4523/3082 4892/4527/3083 4898/4522/3086
f 1223/4523/3082 1224/4517/3085 1622/4516/3087 1623/4521/3084
f 4905/4512/3088 1224/4517/3085 4898/4522/3086 4904/4518/3089
f 1224/4517/3085 4905/4512/3088 1621/4511/3090 1622/4516/3087
f 1225/433/2804 6402/387/3091 4302/410/3092 6257/434/2802
f 1225/433/2804 6422/436/2368 2166/411/3093 6402/387/3091
f 1225/433/2804 5007/461/2800 5005/464/2369 6422/436/2368
f 1226/6340/3094 1229/6341/3095 1230/6333/2443 1227/6332/2442
f 1226/6340/3094 2150/6350/3096 1228/6351/3097 1229/6341/3095
f 1226/6340/3094 3105/6346/2837 3106/6355/2835 2150/6350/3096
f 1226/6340/3094 1227/6332/2442 3895/6336/2444 3105/6346/2837
f 1228/500/3097 1233/501/3098 1234/527/3099 1229/528/3095
f 1228/500/3097 2152/469/3100 1232/468/3101 1233/501/3098
f 1228/6351/3097 2150/6350/3096 2151/6357/3102 2152/6358/3100
f 1229/6341/3095 1234/6352/3099 1235/6342/3103 1230/6333/2443
f 1230/6333/2443 1235/6342/3103 1236/6343/2441 1231/6326/2440
f 1232/468/3101 1239/499/3104 1240/526/3105 1233/501/3098
f 1232/468/3101 2155/440/3106 1238/467/3107 1239/499/3104
f 1232/468/3101 2152/469/3100 2154/439/3108 2155/440/3106
f 1233/501/3098 1240/526/3105 1241/560/3109 1234/527/3099
f 1234/527/3099 1241/560/3109 1242/594/3110 1235/595/3103
f 1235/1014/3103 1242/1015/3110 1243/1003/3111 1236/990/2441
f 1236/990/2441 1243/1003/3111 1244/991/2435 1237/971/2433
f 1238/467/3107 1247/498/3112 1248/525/3113 1239/499/3104
f 1238/467/3107 2158/438/3114 1246/466/3115 1247/498/3112
f 1238/467/3107 2155/440/3106 2157/414/3116 2158/438/3114
f 1239/499/3104 1248/525/3113 1249/559/3117 1240/526/3105
f 1240/526/3105 1249/559/3117 1250/593/3118 1241/560/3109
f 1241/560/3109 1250/593/3118 1251/621/3119 1242/594/3110
f 1242/594/3110 1251/621/3119 1252/647/3120 1243/648/3111
f 1243/648/3111 1252/647/3120 1253/676/3121 1244/677/2435
f 1244/991/2435 1253/1004/3121 1254/1005/2431 1245/972/2430
f 1246/466/3115 3760/497/2374 3761/524/3122 1247/498/3112
f 1246/466/3115 2162/437/3123 3759/465/2371 3760/497/2374
f 1246/466/3115 2158/438/3114 2161/412/3124 2162/437/3123
f 1247/498/3112 3761/524/3122 3762/558/3125 1248/525/3113
f 1248/525/3113 3762/558/3125 3763/592/3126 1249/559/3117
f 1249/559/3117 3763/592/3126 3764/620/3127 1250/593/3118
f 1250/593/3118 3764/620/3127 3765/646/3128 1251/621/3119
f 1251/621/3119 3765/646/3128 3766/675/3129 1252/647/3120
f 1252/8594/3120 3766/8595/3129 3767/8592/3130 1253/8591/3121
f 1253/8591/3121 3767/8592/3130 3768/8586/3131 1254/8585/2431
f 1254/8585/2431 3768/8586/3131 3769/8582/2424 1255/8581/2421
f 1256/189/3132 1258/165/813 5165/171/3133 1257/197/3134
f 1256/189/3132 2538/190/3135 3342/166/811 1258/165/813
f 1256/189/3132 5934/210/3136 4374/211/3137 2538/190/3135
f 1256/189/3132 1257/197/3134 5935/219/3138 5934/210/3136
f 1257/197/3134 5165/171/3133 5166/196/1955 5164/218/1954
f 1257/197/3134 5164/218/1954 5936/240/1957 5935/219/3138
f 1258/165/813 6306/120/807 5168/144/1098 5165/171/3133
f 5722/5452/725 1259/5453/724 5320/5450/3139 1260/5449/3140
f 1259/1081/724 5947/1076/728 5319/1070/3141 5320/1078/3139
f 5722/5452/725 1260/5449/3140 3268/5451/3142 5723/5454/734
f 1260/5449/3140 4697/5447/3143 4522/5448/3144 3268/5451/3142
f 1260/5449/3140 5320/5450/3139 4696/5444/3145 4697/5447/3143
f 1261/320/1076 2999/306/1075 3000/327/967 2998/337/966
f 1261/320/1076 2998/337/966 5046/362/970 5045/338/1928
f 1262/3625/3146 2620/3622/2482 2621/3618/3147 2622/3621/3148
f 1262/3625/3146 3691/3629/2476 6433/3626/2478 2620/3622/2482
f 1262/5201/3146 3692/5202/3149 5494/5205/2477 3691/5206/2476
f 1262/5201/3146 2622/5199/3148 1263/5193/3150 3692/5202/3149
f 1263/5193/3150 2622/5199/3148 2624/5195/3151 2625/5188/108
f 1263/3527/3150 6128/3513/3152 6126/3521/3153 3692/3528/3149
f 1263/5193/3150 2625/5188/108 6127/5187/107 6128/5194/3152
f 1264/6569/3154 3226/6570/3155 4448/6571/3156 1519/6572/3157
f 1264/4385/3154 6347/4378/1798 1792/4377/1797 3226/4386/3155
f 1847/4373/1795 6347/4378/1798 1264/4385/3154 4019/4380/3158
f 1264/6569/3154 1519/6572/3157 6228/6575/3159 4019/6576/3158
f 1265/6591/3160 1267/6592/3161 1268/6593/3162 1266/6594/3163
f 1265/6591/3160 4620/6595/3164 4622/6596/3165 1267/6592/3161
f 1265/2789/3160 3710/2776/2254 5670/2788/2253 4620/2799/3164
f 1265/2789/3160 1266/2777/3163 3706/2765/2259 3710/2776/2254
f 1266/2777/3163 1270/2766/3166 3707/2756/3167 3706/2765/2259
f 1266/2777/3163 1268/2790/3162 4596/2778/3168 1270/2766/3166
f 1267/6592/3161 4622/6596/3165 4625/6601/3169 1269/6597/3170
f 1267/6592/3161 1269/6597/3170 3857/6598/3171 1268/6593/3162
f 1268/6593/3162 3857/6598/3171 4597/6604/3172 4596/6605/3168
f 1269/6597/3170 4625/6601/3169 4629/6609/2719 4630/6602/2722
f 1269/6597/3170 4630/6602/2722 3858/6603/2725 3857/6598/3171
f 1270/2766/3166 4676/2757/3173 3708/2746/3174 3707/2756/3167
f 1270/2766/3166 4596/2778/3168 4643/2779/3175 4676/2757/3173
f 1271/2648/3176 5492/2651/3177 6470/2650/3178 6157/2646/3179
f 1271/2648/3176 5491/2653/2238 5665/2654/2237 5492/2651/3177
f 1271/8811/3176 1272/8812/3180 4007/8809/3181 5491/8805/2238
f 1271/2648/3176 6157/2646/3179 6158/2644/3182 1272/2645/3180
f 1272/2645/3180 6158/2644/3182 6164/2641/3183 6166/2642/3184
f 1272/8812/3180 6166/8815/3184 4008/8813/3185 4007/8809/3181
f 1273/7861/3186 5896/7884/3187 6447/7862/1143 5498/7841/3188
f 1274/7844/3189 1273/7861/3186 5498/7841/3188 1331/7826/3190
f 1273/7861/3186 1274/7844/3189 1275/7865/3191 4010/7883/3192
f 1273/7861/3186 4010/7883/3192 5896/7884/3187
f 1274/7844/3189 1331/7826/3190 3171/7822/3193 3172/7839/3194
f 1274/7844/3189 3172/7839/3194 3173/7859/3195 1275/7865/3191
f 1275/7865/3191 5712/7886/3196 4011/7900/3197 4010/7883/3192
f 1275/7865/3191 3173/7859/3195 1276/7881/3198 5712/7886/3196
f 1276/7881/3198 3177/7882/3199 3178/7898/2059 5714/7899/2057
f 1276/7881/3198 3173/7859/3195 3176/7860/3200 3177/7882/3199
f 1276/7881/3198 5714/7899/2057 5713/7904/2053 5712/7886/3196
f 1277/6233/2060 3178/6239/2059 1278/6234/3201 1279/6230/3202
f 1278/7913/3201 3182/7897/3203 1280/7912/3204 1281/7926/3205
f 1278/7913/3201 3178/7898/2059 3177/7882/3199 3182/7897/3203
f 1278/6234/3201 1281/6231/3205 1282/6227/3206 1279/6230/3202
f 1280/7912/3204 1284/7925/3207 1285/7934/3208 1281/7926/3205
f 1280/7912/3204 3186/7896/3209 1283/7911/3210 1284/7925/3207
f 1280/7912/3204 3182/7897/3203 3181/7880/3211 3186/7896/3209
f 1281/6231/3205 1285/6228/3208 1286/6223/3212 1282/6227/3206
f 3189/7895/3213 1287/7910/3214 1288/7924/3215 1283/7911/3210
f 3185/7879/3216 3189/7895/3213 1283/7911/3210 3186/7896/3209
f 1283/7911/3210 1288/7924/3215 1289/7933/3217 1284/7925/3207
f 1284/7925/3207 1289/7933/3217 1290/7941/3218 1285/7934/3208
f 1285/6228/3208 1290/6224/3218 1291/6221/3219 1286/6223/3212
f 1288/7924/3215 1287/7910/3214 1292/7923/3220 1293/7932/3221
f 1292/7923/3220 1287/7910/3214 3192/7894/3222 3195/7909/3223
f 1287/7910/3214 3189/7895/3213 3188/7878/3224 3192/7894/3222
f 1288/7924/3215 1293/7932/3221 1294/7940/3225 1289/7933/3217
f 1289/7933/3217 1294/7940/3225 1295/7946/3226 1290/7941/3218
f 1290/6224/3218 1295/6225/3226 1296/6219/3227 1291/6221/3219
f 1299/7931/3228 1292/7923/3220 3195/7909/3223 1298/7922/3229
f 1293/7932/3221 1292/7923/3220 1299/7931/3228 1300/7939/3230
f 1293/7932/3221 1300/7939/3230 1301/7945/3231 1294/7940/3225
f 1294/7940/3225 1301/7945/3231 2885/7954/3232 1295/7946/3226
f 1295/757/3226 2885/749/3232 2886/750/3233 1296/758/3227
f 1297/623/3234 3197/599/3235 1302/570/3236 1303/601/3237
f 1297/7908/3234 3194/7893/3238 3193/7876/3239 3197/7892/3235
f 1297/7908/3234 1298/7922/3229 3195/7909/3223 3194/7893/3238
f 1297/623/3234 1303/601/3237 1304/625/3240 1298/650/3229
f 1299/679/3228 1298/650/3229 1304/625/3240 2887/651/3241
f 1300/701/3230 1299/679/3228 2887/651/3241 2888/680/3242
f 1300/7939/3230 2888/7952/3242 2889/7953/3243 1301/7945/3231
f 1301/7945/3231 2889/7953/3243 2890/7958/3244 2885/7954/3232
f 1302/570/3236 2893/571/3245 2894/600/3246 1303/601/3237
f 1302/570/3236 3198/538/3247 2892/537/3248 2893/571/3245
f 1302/570/3236 3197/599/3235 3196/569/3249 3198/538/3247
f 1303/601/3237 2894/600/3246 2895/624/3250 1304/625/3240
f 2887/651/3241 1304/625/3240 2895/624/3250 2896/652/3251
f 1305/6651/3252 1310/6657/1028 4548/6658/1027 4547/6655/3253
f 1305/4823/3252 1309/4822/3254 3415/4819/3255 1310/4820/1028
f 1305/6651/3252 6500/6652/3256 6267/6653/3257 1309/6654/3254
f 1305/6651/3252 4547/6655/3253 6340/6656/3258 6500/6652/3256
f 1306/4740/1334 6364/4741/3259 2242/4736/3260 2542/4735/1335
f 1306/4740/1334 6397/4748/1338 1307/4747/3261 6364/4741/3259
f 1307/4747/3261 1315/4739/3262 2242/4736/3260 6364/4741/3259
f 1307/8389/3261 4390/8385/3263 1312/8380/3264 1315/8384/3262
f 1307/8389/3261 6397/8394/1338 6264/8390/1337 4390/8385/3263
f 1308/4821/3265 1309/4822/3254 6267/4824/3257 6432/4825/3266
f 1308/4821/3265 3414/4818/3267 3415/4819/3255 1309/4822/3254
f 1308/9358/3265 3413/9359/3268 4323/9357/1032 3414/9356/3267
f 1308/9358/3265 6432/9360/3266 6475/9361/3269 3413/9359/3268
f 4482/4817/1025 1310/4820/1028 3415/4819/3255 4318/4816/3270
f 1311/8375/3271 1317/8372/3272 1313/8374/3273 1314/8379/3274
f 1311/8375/3271 2447/8376/3275 2446/8373/3276 1317/8372/3272
f 1311/8375/3271 1312/8380/3264 2540/8381/3277 2447/8376/3275
f 1311/8375/3271 1314/8379/3274 1315/8384/3262 1312/8380/3264
f 1312/8380/3264 4390/8385/3263 4391/8386/3278 2540/8381/3277
f 1313/4726/3273 2240/4721/3279 2241/4729/3280 1314/4734/3274
f 1313/4726/3273 6219/4727/3281 6183/4722/3282 2240/4721/3279
f 1313/8374/3273 1317/8372/3272 6218/8368/3283 6219/8371/3281
f 1314/4734/3274 2241/4729/3280 2242/4736/3260 1315/4739/3262
f 1316/2483/1359 2559/2484/1358 2558/2472/3284 6328/2463/3285
f 1316/2483/1359 6328/2463/3285 2169/2494/3286 6484/2495/1361
f 1317/8372/3272 2446/8373/3276 6496/8369/1375 6218/8368/3283
f 1349/1090/3287 1350/1089/904 4057/1095/899 4055/1096/3288
f 5721/8136/746 1349/8138/3287 4055/8141/3288 4052/8139/3289
f 1318/3385/953 4197/3390/3290 5202/3391/2848 4040/3386/954
f 1318/3385/953 4196/3389/957 2836/3398/963 4197/3390/3290
f 6362/3468/2768 4030/3469/2767 1319/3461/3291 5106/3449/3292 5105/3459/3293
f 1319/3461/3291 4029/3450/3294 5013/3442/3295 5106/3449/3292
f 4029/5334/3294 1319/5328/3291 5442/5329/3296 2115/5335/2598
f 1319/5328/3291 4030/5314/2767 5441/5323/2770 5442/5329/3296
f 1320/9093/2640 3129/9094/3297 3125/9095/3298 3124/9096/2638
f 3129/9094/3297 1320/9093/2640 1321/9097/2194 4278/9098/3299
f 3129/9094/3297 4278/9098/3299 4279/9105/3300 3130/9099/3301
f 4278/9098/3299 1321/9097/2194 3979/9103/2195 3980/9104/3302
f 1322/5555/3303 2394/5547/3304 2391/5542/3305 1323/5549/3306
f 1322/5555/3303 6344/5562/3307 2393/5563/3308 2394/5547/3304
f 1322/9125/3303 2398/9126/3309 2401/9127/3310 6344/9128/3307
f 1322/9125/3303 1323/9129/3306 1324/9130/3311 2398/9126/3309
f 1323/5549/3306 2391/5542/3305 2392/5538/1006 1325/5550/1005
f 1323/3532/3306 1325/3519/1005 3269/3525/1011 1324/3533/3311
f 1324/9130/3311 3269/9136/1011 5393/9137/3312 2424/9133/3313
f 1324/9130/3311 2424/9133/3313 2399/9131/3314 2398/9126/3309
f 5393/3531/3312 3269/3525/1011 431/3518/1012 432/3524/1514
f 5394/6683/3315 5393/6693/3312 432/6694/1514 433/6684/1515
f 5395/6677/3316 5394/6683/3315 433/6684/1515 4036/6678/1516
f 4037/6675/3317 5396/6676/3318 5395/6677/3316 4036/6678/1516
f 4038/6679/3319 5392/6680/3320 5396/6676/3318 4037/6675/3317
f 5961/6687/3321 5392/6680/3320 4038/6679/3319 2512/6688/3322
f 1326/6567/962 1327/6565/3323 4197/6566/3290 2836/6568/963
f 1326/3538/962 1517/3541/964 6329/3542/3324 1327/3543/3323
f 1327/3543/3323 6329/3542/3324 3374/3545/2845 5203/3546/2844
f 1327/6565/3323 5203/6562/2844 5202/6561/2848 4197/6566/3290
f 1328/7742/1236 6300/7729/3325 5843/7712/3326 3849/7728/1237
f 1328/7742/1236 5591/7754/1239 4039/7755/3327 6300/7729/3325
f 1329/7741/1233 3849/7728/1237 5841/7711/3328 5151/7727/1249
f 1330/7809/3329 6358/7791/2682 5589/7790/3330 3871/7807/3331
f 1330/7809/3329 3012/7824/3332 3011/7825/2683 6358/7791/2682
f 1330/7809/3329 1331/7826/3190 5498/7841/3188 3012/7824/3332
f 1330/7809/3329 3871/7807/3331 3171/7822/3193 1331/7826/3190
f 1332/9514/3333 6357/9516/3334 6321/9517/3335 1954/9515/3336
f 1332/2936/3333 3758/2937/3337 6426/2942/3338 6357/2943/3334
f 1332/2936/3333 3755/2930/2212 3757/2931/3339 3758/2937/3337
f 1332/9514/3333 1954/9515/3336 1953/9511/2213 3755/9510/2212
f 1333/8683/3340 1334/8680/3341 2581/8686/3342 1794/8688/3343
f 1333/8683/3340 2122/8677/3344 3132/8675/3345 1334/8680/3341
f 1333/8683/3340 2580/8687/3346 2119/8682/3347 2122/8677/3344
f 2580/8687/3346 1333/8683/3340 1794/8688/3343 1793/8692/3348
f 1334/8680/3341 1335/8681/3349 2582/8685/3350 2581/8686/3342
f 1334/8680/3341 3132/8675/3345 3133/8674/3351 1335/8681/3349
f 1335/8681/3349 1336/8684/3352 2583/8689/3353 2582/8685/3350
f 1335/8681/3349 3133/8674/3351 3134/8679/3354 1336/8684/3352
f 1336/896/3352 1337/897/3355 1338/886/3356 2583/885/3353
f 1336/896/3352 3134/906/3354 3135/907/3357 1337/897/3355
f 1338/886/3356 1337/897/3355 1339/908/3358 1340/898/3359
f 1337/897/3355 3135/907/3357 3136/919/652 1339/908/3358
f 2583/885/3353 1338/886/3356 2585/877/3360 2584/876/3361
f 1338/886/3356 1340/898/3359 2587/887/3362 2585/877/3360
f 1340/898/3359 1339/908/3358 1341/920/3363 1342/909/3364
f 1339/908/3358 3136/919/652 6456/932/647 1341/920/3363
f 1340/898/3359 1342/909/3364 2589/899/3365 2587/887/3362
f 1342/909/3364 1341/920/3363 4514/933/3366 4515/921/3367
f 1341/920/3363 6456/932/647 6234/948/3368 4514/933/3366
f 1342/909/3364 4515/921/3367 1343/910/2763 2589/899/3365
f 4521/8451/2757 1343/8453/2763 4515/8456/3367 4517/8454/3369
f 2589/899/3365 1343/910/2763 2592/900/2759 2590/888/3370
f 4045/1120/3371 4049/1119/912 4050/1125/915 1344/1126/3372
f 4389/8155/950 4388/8151/949 4045/8153/3371 1344/8156/3372
f 1344/1126/3372 4050/1125/915 4051/1129/918 1345/1130/3373
f 4389/1134/950 1344/1126/3372 1345/1130/3373 4387/1135/3374
f 1345/1130/3373 4051/1129/918 1347/1132/921 1346/1133/3375
f 4387/1135/3374 1345/1130/3373 1346/1133/3375 4710/1139/3376
f 1346/1133/3375 2060/1138/3377 4711/1143/3378 4710/1139/3376
f 1346/1133/3375 1347/1132/921 1348/1137/924 2060/1138/3377
f 1348/1137/924 2061/1141/927 2062/1142/3379 2060/1138/3377
f 1350/1089/904 1349/1090/3287 5946/1083/3380 5727/1082/729
f 5721/8136/746 5720/8135/745 5946/8137/3380 1349/8138/3287
f 3285/1088/727 3286/1094/731 1350/1089/904 5727/1082/729
f 1351/5521/772 1372/5525/3381 5391/5526/3382 1352/5522/768
f 1372/5525/3381 1351/5521/772 2227/5530/1220 5352/5531/3383
f 1352/3404/768 5391/3401/3382 1353/3400/2853 6438/3405/769
f 1353/3400/2853 5391/3401/3382 5959/3393/3384 5390/3392/2855
f 1354/1291/3385 5448/1319/3386 6346/1348/3387 1356/1316/3388
f 1354/1291/3385 4702/1271/3389 5447/1297/3390 5448/1319/3386
f 1354/1291/3385 1355/1264/3391 2377/1248/3392 4702/1271/3389
f 1354/1291/3385 1356/1316/3388 1357/1287/3393 1355/1264/3391
f 1355/1264/3391 2379/1242/1413 2378/1225/1412 2377/1248/3392
f 1355/1264/3391 1357/1287/3393 1358/1262/3394 2379/1242/1413
f 1356/1316/3388 6346/1348/3387 3335/1379/3395 5449/1380/3396
f 1356/5723/3388 5449/5722/3396 1360/5718/3397 1357/5721/3393
f 1357/5721/3393 1360/5718/3397 1361/5713/3398 1358/5717/3394
f 1358/5717/3394 1361/5713/3398 4633/5706/3399 1359/5712/1405
f 1358/1262/3394 1359/1240/1405 2380/1221/1404 2379/1242/1413
f 1359/5712/1405 4633/5706/3399 4632/5696/1451 6479/5705/1406
f 1360/5718/3397 4058/5715/3400 4631/5708/3401 1361/5713/3398
f 1360/5718/3397 5449/5722/3396 4719/5720/604 4058/5715/3400
f 1361/5713/3398 4631/5708/3401 6017/5698/3402 4633/5706/3399
f 4074/3671/3403 4064/3672/3404 4086/3664/3405 3170/3663/3406
f 1363/3681/2537 4083/3673/2540 4086/3664/3405 4064/3672/3404
f 1362/5385/3407 1941/5379/488 6372/5384/3408 6248/5392/3409
f 1362/5385/3407 6259/5386/483 6390/5380/486 1941/5379/488
f 1362/1056/3407 1940/1057/3410 6260/1047/481 6259/1046/483
f 1362/9138/3407 6248/9139/3409 6249/9140/3411 1940/9141/3410
f 1364/3686/2542 1363/3681/2537 4064/3672/3404 4065/3680/3412
f 1364/8787/2542 4065/8780/3412 4066/8769/3413 1365/8778/2543
f 1365/8778/2543 4066/8769/3413 6492/8760/2040 6296/8775/2039
f 1366/8767/2037 4708/8759/3414 1367/8766/3415 1368/8773/2038
f 1366/8767/2037 6492/8760/2040 3635/8753/3416 4708/8759/3414
f 1367/8766/3415 1369/8772/3417 1370/8783/2044 1368/8773/2038
f 1369/8772/3417 1367/8766/3415 2920/8758/3418 2921/8765/3419
f 1367/8766/3415 4708/8759/3414 2919/8752/3420 2920/8758/3418
f 3993/8782/2019 1369/8772/3417 2921/8765/3419 2922/8771/2017
f 1369/8772/3417 3993/8782/2019 1371/8791/2045 1370/8783/2044
f 1371/8791/2045 3993/8782/2019 3994/8790/2020 1878/8795/2048
f 1372/3406/3381 1922/3402/3421 5959/3393/3384 5391/3401/3382
f 1922/5532/3421 1372/5525/3381 5352/5531/3383 3375/5533/3422
f 1373/6970/3423 3960/6967/3424 3957/6966/565 3956/6971/564
f 1373/6970/3423 1374/6974/3425 3963/6972/3426 3960/6967/3424
f 1373/7721/3423 5230/7704/3427 5233/7720/3428 1374/7735/3425
f 1373/7721/3423 3956/7705/564 5226/7689/563 5230/7704/3427
f 1374/6974/3425 1375/6979/3429 3966/6977/3430 3963/6972/3426
f 1374/6974/3425 5233/6982/3428 5236/6983/3431 1375/6979/3429
f 1375/6979/3429 1377/6984/3432 3968/6980/3433 3966/6977/3430
f 1375/6979/3429 5236/6983/3431 1376/6987/3434 1377/6984/3432
f 1376/7747/3434 5238/7733/3435 5240/7746/3436 1378/7759/3437
f 1376/7747/3434 5236/7734/3431 5235/7719/3438 5238/7733/3435
f 1376/6987/3434 1378/6991/3437 1379/6988/3439 1377/6984/3432
f 1377/6984/3432 1379/6988/3439 3970/6985/3440 3968/6980/3433
f 1378/7759/3437 5240/7746/3436 5242/7758/3441 1380/7777/3442
f 1378/6991/3437 1380/6995/3442 1381/6992/3443 1379/6988/3439
f 1379/6988/3439 1381/6992/3443 1382/6989/3444 3970/6985/3440
f 1380/7777/3442 5242/7758/3441 5243/7776/3445 1383/7795/3446
f 1380/6995/3442 1383/6999/3446 1384/6996/3447 1381/6992/3443
f 1381/6992/3443 1384/6996/3447 1385/6993/3448 1382/6989/3444
f 1382/6989/3444 3972/6990/3449 3971/6986/3450 3970/6985/3440
f 1382/6989/3444 1385/6993/3448 3973/6994/3451 3972/6990/3449
f 1383/6999/3446 1386/7003/3452 1387/7000/3453 1384/6996/3447
f 1383/7795/3446 5243/7776/3445 5244/7794/3454 1386/7813/3452
f 1384/6996/3447 1387/7000/3453 1388/6997/3455 1385/6993/3448
f 1385/6993/3448 1388/6997/3455 3974/6998/1616 3973/6994/3451
f 1386/7003/3452 1390/7007/3456 1391/7004/3457 1387/7000/3453
f 1386/7813/3452 5244/7794/3454 1389/7811/3458 1390/7828/3456
f 1387/7000/3453 1391/7004/3457 1392/7001/3459 1388/6997/3455
f 1388/6997/3455 1392/7001/3459 3975/7002/1613 3974/6998/1616
f 1389/7811/3458 5273/7812/3460 5279/7829/3461 1393/7830/3462
f 1389/7811/3458 5244/7794/3454 5268/7793/3463 5273/7812/3460
f 1389/7811/3458 1393/7830/3462 1394/7848/3464 1390/7828/3456
f 1390/7007/3456 1394/7011/3464 1395/7008/3465 1391/7004/3457
f 1391/7004/3457 1395/7008/3465 1396/7005/3466 1392/7001/3459
f 1392/7001/3459 1396/7005/3466 3055/7006/1614 3975/7002/1613
f 1393/7830/3462 1406/7850/3467 1407/7868/3468 1394/7848/3464
f 1393/7830/3462 5279/7829/3461 5905/7849/3469 1406/7850/3467
f 1394/7011/3464 1407/7015/3468 1408/7012/3470 1395/7008/3465
f 1395/7008/3465 1408/7012/3470 1409/7009/3471 1396/7005/3466
f 1396/7005/3466 1409/7009/3471 5119/7010/1629 3055/7006/1614
f 1397/5825/3472 1400/5832/3473 6176/5834/3474 5941/5830/3475
f 1397/5825/3472 3943/5826/3476 1399/5831/3477 1400/5832/3473
f 1397/5825/3472 3936/5820/3478 3935/5819/3479 3943/5826/3476
f 1397/5825/3472 5941/5830/3475 5945/5827/3480 3936/5820/3478
f 1398/9147/3481 3948/9148/3482 1401/9149/3483 1402/9150/3484
f 1398/9147/3481 3942/9151/3485 3941/9152/3486 3948/9148/3482
f 1398/5833/3481 1399/5831/3477 3943/5826/3476 3942/5829/3485
f 1398/5833/3481 1402/5837/3484 1403/5835/3487 1399/5831/3477
f 1399/5831/3477 1403/5835/3487 6177/5836/3488 1400/5832/3473
f 1400/5832/3473 6177/5836/3488 6175/5838/3489 6176/5834/3474
f 1401/4260/3483 3952/4252/3490 1404/4259/3491 1405/4267/3492
f 1401/4260/3483 3948/4253/3482 3947/4245/3493 3952/4252/3490
f 1401/9149/3483 1405/9153/3492 1934/9154/3494 1402/9150/3484
f 1402/5837/3484 1934/5841/3494 6224/5839/3495 1403/5835/3487
f 1403/5835/3487 6224/5839/3495 6116/5840/3496 6177/5836/3488
f 1404/4259/3491 1936/4264/3497 1937/4272/3498 1405/4267/3492
f 1404/4259/3491 3954/4251/3499 1935/4257/3500 1936/4264/3497
f 1404/4259/3491 3952/4252/3490 3951/4244/3501 3954/4251/3499
f 1405/9153/3492 1937/9157/3498 6472/9158/3502 1934/9154/3494
f 1406/7850/3467 1410/7870/3503 1411/7887/3504 1407/7868/3468
f 1406/7850/3467 5905/7849/3469 5909/7869/3505 1410/7870/3503
f 1407/7015/3468 1411/7019/3504 1412/7016/3506 1408/7012/3470
f 1408/7012/3470 1412/7016/3506 4720/7013/3507 1409/7009/3471
f 1409/7009/3471 4720/7013/3507 5120/7014/3508 5119/7010/1629
f 1410/7870/3503 1413/7889/3509 1414/7905/3510 1411/7887/3504
f 1410/7870/3503 5909/7869/3505 5912/7888/3511 1413/7889/3509
f 1411/7019/3504 1414/7023/3510 4721/7020/3512 1412/7016/3506
f 1412/7016/3506 4721/7020/3512 5121/7017/3513 4720/7013/3507
f 1413/7889/3509 1416/7907/3514 4722/7917/3515 1414/7905/3510
f 1413/7889/3509 5912/7888/3511 1415/7906/3516 1416/7907/3514
f 1414/7023/3510 4722/7027/3515 4723/7024/3517 4721/7020/3512
f 1415/7906/3516 5914/7919/3518 5915/7928/3519 1417/7920/3520
f 1415/7906/3516 5912/7888/3511 5911/7918/3521 5914/7919/3518
f 1415/7906/3516 1417/7920/3520 4724/7921/3522 1416/7907/3514
f 1416/7907/3514 4724/7921/3522 4725/7927/3523 4722/7917/3515
f 1417/7920/3520 5915/7928/3519 5930/7936/3524 4726/7929/3525
f 1417/7920/3520 4726/7929/3525 4727/7930/3526 4724/7921/3522
f 1418/2868/685 5387/2873/3527 2858/2881/3528 1419/2874/690
f 1418/2868/685 5385/2867/684 5384/2872/3529 5387/2873/3527
f 1419/2874/690 4113/2882/3530 4097/2883/3531 4096/2875/688
f 1419/2874/690 2858/2881/3528 1420/2887/3532 4113/2882/3530
f 1420/7061/3532 2859/7062/3533 2861/7063/3534 4488/7064/3535
f 1420/7061/3532 2858/7059/3528 5388/7060/3536 2859/7062/3533
f 1420/2887/3532 4488/2890/3535 4114/2888/3537 4113/2882/3530
f 1421/8269/3538 2862/8270/3539 2863/8266/3540 4490/8265/3541
f 1421/8269/3538 2861/8272/3534 2860/8273/3542 2862/8270/3539
f 1421/8269/3538 4489/8271/3543 4488/8274/3535 2861/8272/3534
f 1421/8269/3538 4490/8265/3541 4116/8267/3544 4489/8271/3543
f 1422/3819/3545 2864/3820/3546 2865/3814/3547 4492/3815/3548
f 1422/3819/3545 2863/3824/3540 1425/3825/3549 2864/3820/3546
f 1422/8263/3545 4491/8264/3550 4490/8265/3541 2863/8266/3540
f 1422/8263/3545 4492/8262/3548 4493/8261/3551 4491/8264/3550
f 1423/3807/3552 1431/3812/3553 1432/3806/3554 4498/3803/3555
f 1423/3807/3552 1430/3813/3556 1429/3817/3557 1431/3812/3553
f 1423/3807/3552 4496/3804/3558 4494/3808/3559 1430/3813/3556
f 1423/3807/3552 4498/3803/3555 4499/3800/3560 4496/3804/3558
f 1424/3829/3561 5506/3833/3562 5509/3828/3563 1425/3825/3549
f 1424/3829/3561 5505/3835/3564 4106/3838/3565 5506/3833/3562
f 1424/3829/3561 2862/3830/3539 2860/3834/3542 5505/3835/3564
f 1424/3829/3561 1425/3825/3549 2863/3824/3540 2862/3830/3539
f 1425/3825/3549 5509/3828/3563 1426/3823/3566 2864/3820/3546
f 1426/3823/3566 5511/3827/3567 1427/3822/3568 1428/3818/3569
f 1426/3823/3566 5509/3828/3563 5508/3832/3570 5511/3827/3567
f 1426/3823/3566 1428/3818/3569 2865/3814/3547 2864/3820/3546
f 1427/3822/3568 5512/3826/3571 5513/3821/3572 1429/3817/3557
f 1427/3822/3568 5511/3827/3567 5510/3831/3573 5512/3826/3571
f 1427/3822/3568 1429/3817/3557 1430/3813/3556 1428/3818/3569
f 1428/3818/3569 1430/3813/3556 4494/3808/3559 2865/3814/3547
f 1429/3817/3557 5513/3821/3572 5514/3816/3574 1431/3812/3553
f 1431/3812/3553 5514/3816/3574 6395/3810/2217 1432/3806/3554
f 1432/3806/3554 5799/3802/3575 4501/3799/3576 4498/3803/3555
f 1432/3806/3554 6395/3810/2217 6318/3811/3577 5799/3802/3575
f 1433/3378/3578 5160/3377/3579 6495/3380/34 6415/3381/2505
f 1433/3378/3578 5158/3375/2270 5159/3374/3580 5160/3377/3579
f 1433/8826/3578 5097/8827/3581 5096/8823/2268 5158/8822/2270
f 1433/4367/3578 6415/4368/2505 5586/4364/2500 5097/4360/3581
f 1434/6729/2509 6298/6733/1973 6451/6734/1968 6270/6730/1967
f 1434/4358/2509 4162/4353/2508 3372/4357/1971 6298/4363/1973
f 1434/6729/2509 6270/6730/1967 6349/6731/1970 6374/6732/2507
f 1435/1172/2856 4952/1190/3582 4953/1206/3583 1436/1191/2857
f 1435/1172/2856 4951/1171/2643 4950/1189/2644 4952/1190/3582
f 1436/1191/2857 1439/1207/3584 1440/1192/2860 1437/1173/2858
f 1436/1191/2857 4953/1206/3583 1438/1226/3585 1439/1207/3584
f 1438/6772/3585 5194/6773/3586 4269/6767/3587 1441/6766/3588
f 1438/6772/3585 4953/6778/3583 5195/6779/3589 5194/6773/3586
f 1438/1226/3585 1441/1249/3588 1442/1227/3590 1439/1207/3584
f 1439/1207/3584 1442/1227/3590 1443/1208/2863 1440/1192/2860
f 1441/1249/3588 1444/1272/306 1445/1250/3591 1442/1227/3590
f 1441/6766/3588 4269/6767/3587 1746/6761/303 1444/6760/306
f 1442/1227/3590 1445/1250/3591 1446/1228/2864 1443/1208/2863
f 1444/1272/306 1447/1298/305 1448/1273/3592 1445/1250/3591
f 1445/1250/3591 1448/1273/3592 1449/1251/2868 1446/1228/2864
f 1447/1298/305 4766/1328/307 1450/1299/3593 1448/1273/3592
f 1448/1273/3592 1450/1299/3593 1451/1274/2874 1449/1251/2868
f 1450/1299/3593 1453/1329/3594 1454/1300/3595 1451/1274/2874
f 1450/1299/3593 4766/1328/307 4767/1361/309 1453/1329/3594
f 1451/1274/2874 1454/1300/3595 1455/1275/2882 1452/1252/2875
f 1453/1329/3594 1456/1362/3596 1457/1330/3597 1454/1300/3595
f 1453/6735/3594 4767/6736/309 4768/6737/311 1456/6738/3596
f 1454/1300/3595 1457/1330/3597 1458/1301/2888 1455/1275/2882
f 1456/6738/3596 4768/6737/311 4769/6741/313 1459/6742/3598
f 1456/1362/3596 1459/1391/3598 1460/1363/3599 1457/1330/3597
f 1457/1330/3597 1460/1363/3599 1461/1331/2893 1458/1301/2888
f 1459/6742/3598 4769/6741/313 4770/6748/317 4771/6749/3600
f 1459/1391/3598 4771/1425/3600 1462/1392/3601 1460/1363/3599
f 1460/1363/3599 1462/1392/3601 1463/1364/2901 1461/1331/2893
f 1462/1392/3601 1465/1426/3602 1466/1393/3603 1463/1364/2901
f 1462/1392/3601 4771/1425/3600 4773/1455/3604 1465/1426/3602
f 1463/1364/2901 1466/1393/3603 1467/1394/2912 1464/1365/2902
f 1465/1426/3602 4773/1455/3604 4775/1485/336 1468/1456/3605
f 1465/1426/3602 1468/1456/3605 1469/1427/3606 1466/1393/3603
f 1466/1393/3603 1469/1427/3606 1470/1428/2921 1467/1394/2912
f 1468/1456/3605 4775/1485/336 4776/1516/335 4777/1486/3607
f 1468/1456/3605 4777/1486/3607 1471/1457/3608 1469/1427/3606
f 1469/1427/3606 1471/1457/3608 1472/1458/2930 1470/1428/2921
f 1471/1457/3608 1473/1487/3609 1474/1488/2937 1472/1458/2930
f 1471/1457/3608 4777/1486/3607 4779/1517/3610 1473/1487/3609
f 1473/1487/3609 1475/1518/3611 1476/1519/2946 1474/1488/2937
f 1473/1487/3609 4779/1517/3610 4781/1547/3612 1475/1518/3611
f 1475/1518/3611 4781/1547/3612 4783/1573/3613 4784/1548/3614
f 1475/1518/3611 4784/1548/3614 1478/1549/3615 1476/1519/2946
f 1476/1519/2946 1478/1549/3615 1479/1576/2957 1477/1550/2947
f 1478/1549/3615 1480/1575/3616 1481/1606/2966 1479/1576/2957
f 1478/1549/3615 4784/1548/3614 4787/1574/3617 1480/1575/3616
f 1480/1575/3616 1482/1605/3618 1483/1634/2973 1481/1606/2966
f 1480/1575/3616 4787/1574/3617 4790/1604/3619 1482/1605/3618
f 1482/1605/3618 4790/1604/3619 4793/1632/3620 4794/1633/3621
f 1482/1605/3618 4794/1633/3621 1484/1658/2982 1483/1634/2973
f 1484/1658/2982 4794/1633/3621 4798/1657/3622 1485/1685/2991
f 1485/8934/2991 1487/8937/3623 1488/8938/3001 1486/8935/2992
f 1485/1685/2991 4798/1657/3622 4802/1684/3624 1487/1706/3623
f 1487/1706/3623 4802/1684/3624 4806/1705/3625 1489/1725/3626
f 1487/8937/3623 1489/8940/3626 1490/8941/3008 1488/8938/3001
f 1489/1725/3626 4806/1705/3625 4810/1724/3627 4811/1742/3628
f 1489/8940/3626 4811/8945/3628 1491/8946/3013 1490/8941/3008
f 1491/8946/3013 4811/8945/3628 4815/8949/3629 1492/8950/3020
f 1492/8950/3020 4815/8949/3629 4819/8953/3630 1494/8954/3631
f 1492/8950/3020 1494/8954/3631 1495/8959/3029 1493/8955/3021
f 1494/8954/3631 4819/8953/3630 4823/8957/3632 4824/8958/3633
f 1494/8954/3631 4824/8958/3633 1496/8963/3035 1495/8959/3029
f 1496/8963/3035 4824/8958/3633 4829/8962/3634 1497/8967/3041
f 1497/8967/3041 4829/8962/3634 4834/8966/3635 1498/8973/3045
f 1498/8973/3045 4834/8966/3635 4839/8972/3636 4840/8978/3050
f 1499/8983/3051 4840/8978/3050 4846/8982/3637 1500/8989/3056
f 1500/8989/3056 4846/8982/3637 4852/8988/3638 1501/8994/3060
f 1501/8994/3060 4852/8988/3638 4858/8993/3639 4859/8999/3063
f 1502/5285/2771 4126/5286/3640 1504/5274/238 1505/5273/241
f 1502/5285/2771 4034/5297/2769 4033/5298/3641 4126/5286/3640
f 1503/1165/235 4125/1180/3642 4128/1166/3643 4131/1155/232
f 1503/1165/235 1504/1179/238 4126/1197/3640 4125/1180/3642
f 1506/9081/3644 6348/9088/3645 1973/9090/3646 1507/9086/3647
f 1506/9081/3644 5986/9082/3648 1969/9087/3649 6348/9088/3645
f 1506/9081/3644 5989/9077/3650 5987/9076/3651 5986/9082/3648
f 1506/9081/3644 1507/9086/3647 1508/9083/3652 5989/9077/3650
f 1507/9086/3647 1973/9090/3646 5982/9092/2546 1510/9091/2548
f 1507/9086/3647 1510/9091/2548 1511/9089/3653 1508/9083/3652
f 1508/9083/3652 1511/9089/3653 1512/9084/3654 1509/9078/3655
f 1508/9083/3652 1509/9078/3655 5990/9072/3656 5989/9077/3650
f 1509/9078/3655 5993/9073/3657 5991/9067/3658 5990/9072/3656
f 1509/9078/3655 1512/9084/3654 1513/9079/3659 5993/9073/3657
f 1511/4466/3653 1510/4461/2548 1978/4455/2547 1979/4459/3660
f 1512/4471/3654 1511/4466/3653 1979/4459/3660 1980/4465/3661
f 1513/4476/3659 1512/4471/3654 1980/4465/3661 1981/4470/3662
f 1514/4481/3663 1513/4476/3659 1981/4470/3662 1982/4475/3664
f 1513/9079/3659 1514/9074/3663 5994/9068/3665 5993/9073/3657
f 1514/9074/3663 1515/9069/3666 5995/9063/3667 5994/9068/3665
f 1515/4486/3666 1514/4481/3663 1982/4475/3664 1983/4480/3668
f 1515/9069/3666 5996/9064/3669 4940/9058/3670 5995/9063/3667
f 5996/4491/3669 1515/4486/3666 1983/4480/3668 1984/4485/2561
f 5996/4491/3669 1984/4485/2561 1985/4488/2556 5997/4493/3671
f 4930/4497/3672 5997/4493/3671 1985/4488/2556 1986/4492/2555
f 1987/4496/2563 1516/4502/2566 4918/4508/3673 4924/4503/3674
f 1516/4502/2566 4912/4507/3675 4911/4513/3676 4918/4508/3673
f 1516/4502/2566 1524/4501/2565 1620/4506/3677 4912/4507/3675
f 1518/5534/3678 1517/5536/964 1919/5537/958 1921/5535/960
f 1517/3541/964 1518/3544/3678 3374/3545/2845 6329/3542/3324
f 1518/5534/3678 1921/5535/960 1922/5532/3421 3375/5533/3422
f 1518/3544/3678 3375/3547/3422 3373/3548/2846 3374/3545/2845
f 1519/6572/3157 4448/6571/3156 6384/6573/3679 1520/6574/3680
f 1519/6572/3157 1520/6574/3680 6144/6577/3681 6228/6575/3159
f 1520/763/3680 6425/760/3682 6145/752/3683 6144/759/3681
f 1520/763/3680 6384/762/3679 6207/753/3684 6425/760/3682
f 1815/855/185 1521/846/178 1951/835/177 1813/845/3685
f 1811/8708/176 1522/8711/174 6376/8710/2772 1807/8705/3686
f 1523/3258/881 4137/3270/885 4380/3273/3687 6324/3259/3688
f 1523/3258/881 6324/3259/3688 3815/3243/3689 6295/3226/882
f 1524/4501/2565 1627/4500/2567 1628/4505/3690 1620/4506/3677
f 1525/7565/2557 1642/7556/2588 1643/7552/3691 1526/7566/2558
f 1526/4489/2558 1643/4498/3691 1644/4499/3692 1626/4494/2564
f 1527/7574/2581 1534/7575/2594 1668/7570/3693 1528/7569/2584
f 1528/7569/2584 1668/7570/3693 1669/7563/3694 1529/7562/2587
f 1529/7562/2587 1669/7563/3694 1670/7557/3695 1642/7556/2588
f 1530/7591/2590 1537/7596/2596 1538/7592/3696 1531/7587/2591
f 1531/7587/2591 1538/7592/3696 1539/7588/3697 1532/7583/2592
f 1532/7583/2592 1539/7588/3697 1703/7584/3698 1533/7579/2593
f 1533/7579/2593 1703/7584/3698 1704/7580/3699 1534/7575/2594
f 1534/7575/2594 1704/7580/3699 1705/7576/3700 1668/7570/3693
f 1535/7604/1058 1970/7608/1055 1974/7611/3701 1540/7609/3702
f 1535/7604/1058 1540/7609/3702 1541/7605/3703 1536/7600/2595
f 1536/7600/2595 1541/7605/3703 1542/7601/3704 1537/7596/2596
f 1537/7596/2596 1542/7601/3704 1730/7597/3705 1538/7592/3696
f 1538/7592/3696 1730/7597/3705 1731/7593/3706 1539/7588/3697
f 1539/7588/3697 1731/7593/3706 1732/7589/3707 1703/7584/3698
f 1540/2138/3702 1974/2129/3701 6006/2119/3708 6299/2128/3709
f 1540/7609/3702 6299/7612/3709 1566/7610/3710 1541/7605/3703
f 1541/7605/3703 1566/7610/3710 1567/7606/3711 1542/7601/3704
f 1542/7601/3704 1567/7606/3711 1568/7607/3712 1730/7597/3705
f 1543/7461/357 1544/7456/353 1694/7452/3713 1693/7455/3714
f 1543/7461/357 1693/7455/3714 1692/7460/3715 1729/7465/361
f 1544/7456/353 1545/7453/351 1695/7449/2990 1694/7452/3713
f 1545/7453/351 1546/7450/347 1696/7446/2981 1695/7449/2990
f 1546/7450/347 1547/7447/343 1697/7443/2972 1696/7446/2981
f 1547/7447/343 1548/7444/339 1698/7440/2963 1697/7443/2972
f 1548/7444/339 1549/7441/331 1699/7437/330 1698/7440/2963
f 1550/1960/3716 1742/1961/3717 1580/1947/3718 1581/1937/3719
f 1550/7537/3716 1714/7532/3720 1713/7536/3721 1742/7541/3717
f 1550/7537/3716 1551/7533/3722 1715/7527/3723 1714/7532/3720
f 1550/7537/3716 1581/7542/3719 1582/7543/410 1551/7533/3722
f 1551/7533/3722 1552/7529/3724 1716/7522/3725 1715/7527/3723
f 1551/1936/3722 1582/1926/410 1583/1914/407 1552/1925/3724
f 1552/7529/3724 1553/7524/3726 1717/7516/3727 1716/7522/3725
f 1552/1925/3724 1583/1914/407 1584/1902/404 1553/1913/3726
f 1553/7524/3726 1554/7519/3728 1718/7512/3729 1717/7516/3727
f 1553/1913/3726 1584/1902/404 1585/1890/403 1554/1901/3728
f 1554/7519/3728 1555/7513/3730 1719/7508/3731 1718/7512/3729
f 1554/1901/3728 1585/1890/403 1586/1878/400 1555/1889/3730
f 1555/7513/3730 1556/7509/3732 1720/7504/3733 1719/7508/3731
f 1555/1889/3730 1586/1878/400 1587/1865/397 1556/1877/3732
f 1556/7509/3732 1557/7505/3734 1721/7500/3735 1720/7504/3733
f 1556/1877/3732 1587/1865/397 1588/1852/394 1557/1864/3734
f 1557/7505/3734 1558/7501/388 1722/7496/3736 1721/7500/3735
f 1557/1864/3734 1588/1852/394 1589/1836/389 1558/1851/388
f 1558/7501/388 1559/7497/384 1723/7492/3737 1722/7496/3736
f 1559/7497/384 1560/7493/380 1724/7488/3738 1723/7492/3737
f 1560/7493/380 1561/7489/376 1725/7484/3739 1724/7488/3738
f 1561/7489/376 1562/7485/373 1726/7480/3740 1725/7484/3739
f 1562/7485/373 1563/7481/370 1727/7475/3741 1726/7480/3740
f 1563/7481/370 1564/7476/367 1728/7469/3742 1727/7475/3741
f 1564/7476/367 1565/7470/362 1729/7465/361 1728/7469/3742
f 1566/2118/3710 1590/2106/3743 1591/2094/3744 1567/2104/3711
f 1566/2118/3710 6299/2128/3709 6006/2119/3708 1590/2106/3743
f 1567/2104/3711 1591/2094/3744 1592/2082/3745 1568/2092/3712
f 1568/2092/3712 1569/2080/3746 1731/2093/3706 1730/2105/3705
f 1568/2092/3712 1592/2082/3745 1593/2070/3747 1569/2080/3746
f 1569/2080/3746 1570/2068/3748 1732/2081/3707 1731/2093/3706
f 1569/2080/3746 1593/2070/3747 1594/2058/3749 1570/2068/3748
f 1570/2068/3748 1571/2056/3750 1733/2069/3751 1732/2081/3707
f 1570/2068/3748 1594/2058/3749 1595/2046/3752 1571/2056/3750
f 1571/2056/3750 1572/2044/3753 1734/2057/3754 1733/2069/3751
f 1571/2056/3750 1595/2046/3752 1596/2034/3755 1572/2044/3753
f 1572/2044/3753 1573/2031/3756 1735/2045/3757 1734/2057/3754
f 1572/2044/3753 1596/2034/3755 1597/2021/3758 1573/2031/3756
f 1573/2031/3756 1597/2021/3758 1598/2010/3759 1574/2020/3760
f 1573/2031/3756 1574/2020/3760 1736/2033/3761 1735/2045/3757
f 1574/2020/3760 1598/2010/3759 1599/1999/432 1575/2009/3762
f 1574/2020/3760 1575/2009/3762 1737/2032/3763 1736/2033/3761
f 1575/2009/3762 1599/1999/432 1600/1986/429 1576/1998/3764
f 1575/7573/3762 1576/7568/3764 1738/7559/3765 1737/7567/3763
f 1576/1998/3764 1600/1986/429 1601/1974/426 1577/1984/3766
f 1576/7568/3764 1577/7560/3766 1739/7555/3767 1738/7559/3765
f 1577/1984/3766 1601/1974/426 1602/1962/423 1578/1972/3768
f 1577/7560/3766 1578/7561/3768 1740/7551/3769 1739/7555/3767
f 1578/1972/3768 1602/1962/423 1603/1948/422 1579/1959/3770
f 1578/1972/3768 1579/1959/3770 1741/1973/3771 1740/1985/3769
f 1579/1959/3770 1603/1948/422 1604/1938/418 1580/1947/3718
f 1579/1959/3770 1580/1947/3718 1742/1961/3717 1741/1973/3771
f 1580/1947/3718 1604/1938/418 1605/1927/417 1581/1937/3719
f 1581/1937/3719 1605/1927/417 1606/1915/411 1582/1926/410
f 1590/2106/3743 1607/2095/3772 1608/2083/3773 1591/2094/3744
f 1590/2106/3743 6006/2119/3708 6007/2107/3774 1607/2095/3772
f 1591/2094/3744 1608/2083/3773 1609/2071/444 1592/2082/3745
f 1592/2082/3745 1609/2071/444 1610/2059/437 1593/2070/3747
f 1593/2070/3747 1610/2059/437 1611/2047/436 1594/2058/3749
f 1594/2058/3749 1611/2047/436 1612/2035/440 1595/2046/3752
f 1595/2046/3752 1612/2035/440 1613/2022/3775 1596/2034/3755
f 1596/2034/3755 1613/2022/3775 1614/2011/3776 1597/2021/3758
f 1597/2021/3758 1614/2011/3776 1615/2000/3777 1598/2010/3759
f 1598/2010/3759 1615/2000/3777 1616/1987/433 1599/1999/432
f 1607/2095/3772 6007/2107/3774 6008/2096/3778 1617/2084/3779
f 1607/2095/3772 1617/2084/3779 1618/2072/3780 1608/2083/3773
f 1608/2083/3773 1618/2072/3780 1619/2060/445 1609/2071/444
f 1612/2035/440 4941/2023/439 4936/2012/3781 1613/2022/3775
f 1613/2022/3775 4936/2012/3781 4931/2001/3782 1614/2011/3776
f 1614/2011/3776 4931/2001/3782 4925/1988/3783 1615/2000/3777
f 1615/2000/3777 4925/1988/3783 4919/1976/434 1616/1987/433
f 1617/2084/3779 6008/2096/3778 1967/2097/3784 5998/2085/3785
f 1617/2084/3779 5998/2085/3785 5985/2073/3786 1618/2072/3780
f 1618/2072/3780 5985/2073/3786 4949/2061/446 1619/2060/445
f 1620/4506/3677 1628/4505/3690 1629/4510/3787 1621/4511/3090
f 1620/4506/3677 1621/4511/3090 4905/4512/3088 4912/4507/3675
f 1621/4511/3090 1629/4510/3787 1630/4515/3788 1622/4516/3087
f 1622/4516/3087 1630/4515/3788 1631/4520/3789 1623/4521/3084
f 1623/4521/3084 1631/4520/3789 1632/4525/3790 1624/4526/3080
f 1624/4526/3080 1632/4525/3790 1633/4530/3078 1625/4531/3076
f 1626/4494/2564 1644/4499/3692 1645/4504/3791 1627/4500/2567
f 1627/4500/2567 1645/4504/3791 1646/4509/3792 1628/4505/3690
f 1628/4505/3690 1646/4509/3792 1647/4514/3793 1629/4510/3787
f 1629/4510/3787 1647/4514/3793 1648/4519/3794 1630/4515/3788
f 1630/4515/3788 1648/4519/3794 1649/4524/3795 1631/4520/3789
f 1631/4520/3789 1649/4524/3795 1650/4529/3796 1632/4525/3790
f 1632/7528/3790 1650/7520/3796 1651/7514/3797 1633/7523/3078
f 1633/7523/3078 1651/7514/3797 1652/7510/3798 1634/7517/3074
f 1634/7517/3074 1652/7510/3798 1653/7506/3799 1635/7518/3070
f 1635/4539/3070 1653/4546/3799 1654/4547/3800 1636/4543/3066
f 1636/4543/3066 1654/4547/3800 1655/4552/3801 1637/4549/3062
f 1637/4549/3062 1655/4552/3801 1656/4557/3802 1638/4554/3058
f 1638/4554/3058 1656/4557/3802 1657/4562/3803 1639/4559/3054
f 1639/4559/3054 1657/4562/3803 1658/4567/3804 1640/4564/3049
f 1640/4564/3049 1658/4567/3804 1659/4572/3044 1641/4569/3043
f 1642/7556/2588 1670/7557/3695 1671/7553/3805 1643/7552/3691
f 1643/7552/3691 1671/7553/3805 1672/7549/3806 1644/7548/3692
f 1644/7548/3692 1672/7549/3806 1673/7545/3807 1645/7544/3791
f 1645/7544/3791 1673/7545/3807 1674/7539/3808 1646/7538/3792
f 1646/7538/3792 1674/7539/3808 1675/7535/3809 1647/7534/3793
f 1647/7534/3793 1675/7535/3809 1676/7531/3810 1648/7530/3794
f 1648/7530/3794 1676/7531/3810 1677/7526/3811 1649/7525/3795
f 1649/7525/3795 1677/7526/3811 1678/7521/3812 1650/7520/3796
f 1650/7520/3796 1678/7521/3812 1679/7515/3813 1651/7514/3797
f 1651/7514/3797 1679/7515/3813 1680/7511/3814 1652/7510/3798
f 1652/7510/3798 1680/7511/3814 1681/7507/3815 1653/7506/3799
f 1653/7506/3799 1681/7507/3815 1682/7503/3816 1654/7502/3800
f 1654/7502/3800 1682/7503/3816 1683/7499/3817 1655/7498/3801
f 1655/7498/3801 1683/7499/3817 1684/7495/3818 1656/7494/3802
f 1656/7494/3802 1684/7495/3818 1685/7491/3819 1657/7490/3803
f 1657/7490/3803 1685/7491/3819 1686/7487/3820 1658/7486/3804
f 1658/7486/3804 1686/7487/3820 1687/7483/3821 1659/7482/3044
f 1659/7482/3044 1687/7483/3821 1688/7479/3822 1660/7478/3038
f 1660/7478/3038 1688/7479/3822 1689/7474/3823 1661/7473/3032
f 1661/7473/3032 1689/7474/3823 1690/7468/3824 1662/7467/3026
f 1662/7467/3026 1690/7468/3824 1691/7464/3825 1663/7463/3019
f 1663/7463/3019 1691/7464/3825 1692/7460/3715 1664/7459/3012
f 1664/7459/3012 1692/7460/3715 1693/7455/3714 1665/7454/3005
f 1665/7454/3005 1693/7455/3714 1694/7452/3713 1666/7451/2998
f 1666/7451/2998 1694/7452/3713 1695/7449/2990 1667/7448/2989
f 1668/7570/3693 1705/7576/3700 1706/7571/3826 1669/7563/3694
f 1669/7563/3694 1706/7571/3826 1707/7564/3827 1670/7557/3695
f 1670/7557/3695 1707/7564/3827 1708/7558/3828 1671/7553/3805
f 1671/7553/3805 1708/7558/3828 1709/7554/3829 1672/7549/3806
f 1672/7549/3806 1709/7554/3829 1710/7550/3830 1673/7545/3807
f 1673/7545/3807 1710/7550/3830 1711/7546/3831 1674/7539/3808
f 1674/7539/3808 1711/7546/3831 1712/7540/3832 1675/7535/3809
f 1675/7535/3809 1712/7540/3832 1713/7536/3721 1676/7531/3810
f 1676/7531/3810 1713/7536/3721 1714/7532/3720 1677/7526/3811
f 1677/7526/3811 1714/7532/3720 1715/7527/3723 1678/7521/3812
f 1678/7521/3812 1715/7527/3723 1716/7522/3725 1679/7515/3813
f 1679/7515/3813 1716/7522/3725 1717/7516/3727 1680/7511/3814
f 1680/7511/3814 1717/7516/3727 1718/7512/3729 1681/7507/3815
f 1681/7507/3815 1718/7512/3729 1719/7508/3731 1682/7503/3816
f 1682/7503/3816 1719/7508/3731 1720/7504/3733 1683/7499/3817
f 1683/7499/3817 1720/7504/3733 1721/7500/3735 1684/7495/3818
f 1684/7495/3818 1721/7500/3735 1722/7496/3736 1685/7491/3819
f 1685/7491/3819 1722/7496/3736 1723/7492/3737 1686/7487/3820
f 1686/7487/3820 1723/7492/3737 1724/7488/3738 1687/7483/3821
f 1687/7483/3821 1724/7488/3738 1725/7484/3739 1688/7479/3822
f 1688/7479/3822 1725/7484/3739 1726/7480/3740 1689/7474/3823
f 1689/7474/3823 1726/7480/3740 1727/7475/3741 1690/7468/3824
f 1690/7468/3824 1727/7475/3741 1728/7469/3742 1691/7464/3825
f 1691/7464/3825 1728/7469/3742 1729/7465/361 1692/7460/3715
f 1703/7584/3698 1732/7589/3707 1733/7585/3751 1704/7580/3699
f 1704/7580/3699 1733/7585/3751 1734/7581/3754 1705/7576/3700
f 1705/7576/3700 1734/7581/3754 1735/7577/3757 1706/7571/3826
f 1706/7571/3826 1735/7577/3757 1736/7572/3761 1707/7564/3827
f 1707/7564/3827 1736/7572/3761 1737/7567/3763 1708/7558/3828
f 1708/7558/3828 1737/7567/3763 1738/7559/3765 1709/7554/3829
f 1709/7554/3829 1738/7559/3765 1739/7555/3767 1710/7550/3830
f 1710/7550/3830 1739/7555/3767 1740/7551/3769 1711/7546/3831
f 1711/7546/3831 1740/7551/3769 1741/7547/3771 1712/7540/3832
f 1712/7540/3832 1741/7547/3771 1742/7541/3717 1713/7536/3721
f 1743/7401/301 1744/7395/300 3367/7392/3833 3369/7394/292
f 1744/7395/300 1745/7396/304 3365/7393/3834 3367/7392/3833
f 1745/6763/304 1746/6761/303 4269/6767/3587 4266/6769/3835
f 1745/7396/304 4266/7402/3835 4274/7398/2781 3365/7393/3834
f 1747/5953/3836 4746/5948/3837 5863/5946/3838 1748/5950/3839
f 1747/7714/3836 6300/7729/3325 4745/7743/3840 4746/7744/3837
f 1747/7714/3836 3845/7697/3841 5843/7712/3326 6300/7729/3325
f 1747/7714/3836 1748/7715/3839 3844/7696/3842 3845/7697/3841
f 1748/5950/3839 4135/5951/3843 6403/5955/3844 3844/5956/3842
f 1748/5950/3839 5863/5946/3838 5518/5945/3845 4135/5951/3843
f 2212/5898/3846 4139/5899/3847 5733/5890/1632 2216/5893/1635
f 1749/5895/3848 1752/5901/3849 1753/5912/3850 1750/5902/3851
f 2220/5892/1634 1749/5895/3848 1750/5902/3851 2221/5897/3852
f 1750/5902/3851 1753/5912/3850 1754/5919/3853 1751/5913/3854
f 2221/5897/3852 1750/5902/3851 1751/5913/3854 2222/5905/3855
f 2222/3354/3855 1751/3353/3854 2224/3347/3856 2223/3352/3857
f 1751/3353/3854 1754/3348/3853 1755/3341/3858 2224/3347/3856
f 1753/5912/3850 1752/5901/3849 1757/5911/3859 1758/5918/3860
f 1754/5919/3853 1753/5912/3850 1758/5918/3860 1759/5924/3861
f 1754/3348/3853 1759/3342/3861 1760/3333/3862 1755/3341/3858
f 1755/3341/3858 1760/3333/3862 4167/3321/3863 1756/3332/3864
f 2224/3347/3856 1755/3341/3858 1756/3332/3864 2225/3340/3865
f 2225/3340/3865 1756/3332/3864 3839/3320/3866 5862/3331/3867
f 1756/3332/3864 4167/3321/3863 4739/3305/3868 3839/3320/3866
f 1758/8539/3860 1757/8540/3859 1761/8537/3869 1762/8536/3870
f 1759/3342/3861 1758/3349/3860 1762/3350/3870 1763/3343/3871
f 1760/3333/3862 1759/3342/3861 1763/3343/3871 1764/3334/3872
f 4167/3321/3863 1760/3333/3862 1764/3334/3872 4168/3322/3873
f 1762/8536/3870 1761/8537/3869 1765/8528/1644 1766/8531/1645
f 1763/8538/3871 1762/8536/3870 1766/8531/1645 1767/8534/3874
f 1764/3334/3872 1763/3343/3871 1767/3344/3874 4169/3335/3875
f 4168/3322/3873 1764/3334/3872 4169/3335/3875 4170/3323/1676
f 1767/8534/3874 1766/8531/1645 1768/8530/1643 4171/8535/3876
f 4169/3335/3875 1767/3344/3874 4171/3351/3876 4172/3345/3877
f 4171/5975/3876 1768/5968/1643 5300/5960/1639 4173/5965/3878
f 1761/4299/3869 6382/4295/3879 6261/4288/3880 1765/4300/1644
f 1757/4301/3859 4573/4289/3881 6382/4295/3879 1761/4299/3869
f 1752/5901/3849 4572/5900/3882 4573/5910/3881 1757/5911/3859
f 1749/5895/3848 4141/5894/3883 4572/5900/3882 1752/5901/3849
f 2220/5892/1634 1769/5891/1633 4141/5894/3883 1749/5895/3848
f 1769/4290/1633 5733/4296/1632 5732/4292/3884 4143/4282/3885
f 1769/4290/1633 4143/4282/3885 4140/4276/1658 4141/4281/3883
f 1770/4297/3886 4142/4291/3887 5732/4292/3884 6342/4298/3888
f 1770/8322/3886 6404/8317/3889 5398/8316/2674 4142/8323/3887
f 1770/8322/3886 3437/8318/1311 3438/8314/1309 6404/8317/3889
f 1770/8322/3886 6342/8331/3888 4139/8332/3847 3437/8318/1311
f 1771/6203/3890 3741/6204/3891 3744/6206/3892 1772/6207/3893
f 1771/6203/3890 3739/6201/3894 3738/6200/3895 3741/6204/3891
f 1772/6207/3893 3744/6206/3892 3747/6209/3896 1773/6210/3897
f 1773/3267/3897 3747/3232/3896 1774/3249/3898 1775/3268/3899
f 1774/3249/3898 3749/3231/3900 3750/3248/1133 1776/3266/1132
f 1774/3249/3898 3747/3232/3896 3746/3210/3901 3749/3231/3900
f 1774/3249/3898 1776/3266/1132 1777/3283/1131 1775/3268/3899
f 5344/3166/862 6253/3177/869 5363/3194/3902 6273/3178/863
f 1778/3195/864 6273/3178/863 5363/3194/3902 5365/3216/3903
f 1779/3217/3904 1778/3195/864 5365/3216/3903 5368/3235/3905
f 5339/3179/850 1778/3195/864 1779/3217/3904 5340/3196/851
f 1779/7226/3904 5368/7238/3905 5372/7225/3906 1780/7215/3907
f 1779/7226/3904 1780/7215/3907 5341/7216/3908 5340/7227/851
f 1780/7215/3907 5372/7225/3906 5374/7212/2329 1781/7204/2330
f 1780/7215/3907 1781/7204/2330 5342/7205/3909 5341/7216/3908
f 1781/7204/2330 1782/7193/2328 5343/7194/2333 5342/7205/3909
f 3236/8899/3910 1783/8900/3911 1784/8888/2610 1785/8894/3912
f 1783/6807/3911 3517/6810/2605 3504/6813/2606 1784/6814/2610
f 1783/6807/3911 3406/6808/1327 3405/6809/1329 3517/6810/2605
f 1783/482/3911 3236/452/3910 4450/423/1328 3406/451/1327
f 3237/425/3913 3236/452/3910 1785/483/3912 3238/454/3914
f 1785/8894/3912 1784/8888/2610 1817/8891/2611 1786/8895/3915
f 3238/8901/3914 1785/8894/3912 1786/8895/3915 1787/8902/3916
f 3239/444/3917 3238/454/3914 1787/484/3916 3243/473/3918
f 1786/8895/3915 1817/8891/2611 3505/8893/2615 1818/8898/2619
f 1787/8902/3916 1786/8895/3915 1818/8898/2619 1819/8904/3919
f 3243/473/3918 1787/484/3916 1819/511/3919 1788/504/3920
f 3243/473/3918 1788/504/3920 1789/505/3921 3244/474/3922
f 1788/504/3920 1819/511/3919 1820/539/3923 1821/531/3924
f 1789/505/3921 1788/504/3920 1821/531/3924 1822/532/3925
f 3248/7832/3926 1789/7851/3921 1822/7871/3925 1823/7852/3927
f 3249/7833/3928 3248/7832/3926 1823/7852/3927 3251/7853/3929
f 1790/7872/3930 1827/7873/3931 1830/7890/3932 1831/7891/3933
f 1790/7872/3930 3251/7853/3929 1823/7852/3927 1827/7873/3931
f 1790/4405/3930 3253/4404/3934 3252/4409/3935 3251/4410/3929
f 3253/4404/3934 1790/4405/3930 1831/4401/3933 1791/4400/3936
f 1791/4400/3936 1831/4401/3933 1835/4397/3937 1836/4396/3938
f 3253/4404/3934 1791/4400/3936 3255/4403/3939 3254/4406/3940
f 3255/4403/3939 1791/4400/3936 1836/4396/3938 3256/4399/3941
f 1792/9165/1797 6487/9166/1799 5596/9167/3942 3226/9168/3155
f 2580/2365/3346 1793/2350/3348 3524/2349/3943 4230/2366/3944
f 3524/2349/3943 1793/2350/3348 3528/2332/3945 3525/2331/3946
f 1793/2350/3348 1794/2367/3343 1795/2351/3947 3528/2332/3945
f 1794/8688/3343 2581/8686/3342 1798/8691/3948 1795/8693/3947
f 1795/8693/3947 1798/8691/3948 1799/8695/3949 1796/8697/3950
f 3528/2332/3945 1795/2351/3947 1796/2333/3950 3529/2310/3951
f 1796/8697/3950 1799/8695/3949 1800/8699/3952 1797/8701/3953
f 3529/2310/3951 1796/2333/3950 1797/2311/3953 3530/2287/1808
f 3531/2267/1806 3530/2287/1808 1797/2311/3953 3532/2288/1814
f 1797/8701/3953 1800/8699/3952 1801/8702/3954 3532/8704/1814
f 1803/8690/3955 1798/8691/3948 2581/8686/3342 2582/8685/3350
f 1799/8695/3949 1798/8691/3948 1803/8690/3955 1804/8696/3956
f 1800/8699/3952 1799/8695/3949 1804/8696/3956 1805/8700/3957
f 1801/8702/3954 1800/8699/3952 1805/8700/3957 1806/8703/3958
f 1801/8702/3954 1806/8703/3958 1807/8705/3686 1802/8706/1819
f 3533/2268/1813 3532/2288/1814 1801/2312/3954 1802/2290/1819
f 1952/8709/1818 1802/8706/1819 1807/8705/3686 6376/8710/2772
f 2583/8689/3353 2584/8694/3361 1803/8690/3955 2582/8685/3350
f 1804/8696/3956 1803/8690/3955 2584/8694/3361 1808/8698/3959
f 1805/865/3957 1804/875/3956 1808/866/3959 1809/853/3960
f 1806/864/3958 1805/865/3957 1809/853/3960 1810/844/3961
f 1807/8705/3686 1806/8703/3958 1810/8707/3961 1811/8708/176
f 1809/853/3960 1808/866/3959 2586/867/3962 1812/854/3963
f 2586/867/3962 1808/866/3959 2584/876/3361 2585/877/3360
f 1810/844/3961 1809/853/3960 1812/854/3963 1813/845/3685
f 1811/834/176 1810/844/3961 1813/845/3685 1951/835/177
f 1812/854/3963 2586/867/3962 2588/878/3964 1814/868/3965
f 1813/845/3685 1812/854/3963 1814/868/3965 1815/855/185
f 1815/855/185 1814/868/3965 2591/879/2764 1816/869/183
f 1819/8904/3919 1818/8898/2619 3506/8903/2620 1820/8907/3923
f 1820/539/3923 3506/602/2620 3507/603/2623 1824/572/3966
f 1820/539/3923 1824/572/3966 1825/563/3967 1821/531/3924
f 1821/531/3924 1825/563/3967 1826/564/3968 1822/532/3925
f 1822/6057/3925 1826/6056/3968 1827/6055/3931 1823/6058/3927
f 1824/572/3966 3507/603/2623 3508/626/2626 3509/604/3969
f 1825/563/3967 1824/572/3966 3509/604/3969 1828/596/3970
f 1826/564/3968 1825/563/3967 1828/596/3970 1829/597/3971
f 1827/6055/3931 1826/6056/3968 1829/6052/3971 1830/6054/3932
f 1829/6052/3971 1828/6053/3970 1832/6050/3972 1833/6049/3973
f 1828/596/3970 3509/604/3969 3511/627/3974 1832/628/3972
f 1830/6054/3932 1829/6052/3971 1833/6049/3973 1834/6051/3975
f 1831/4401/3933 1830/4402/3932 1834/4398/3975 1835/4397/3937
f 3512/656/3976 1832/628/3972 3511/627/3974 4463/657/3977
f 1833/6049/3973 1832/6050/3972 3512/6046/3976 3513/6045/3978
f 1834/6051/3975 1833/6049/3973 3513/6045/3978 1837/6048/3979
f 1835/4397/3937 1834/4398/3975 1837/4394/3979 1838/4393/3980
f 1836/4396/3938 1835/4397/3937 1838/4393/3980 1839/4392/3981
f 3256/4399/3941 1836/4396/3938 1839/4392/3981 1840/4395/3982
f 3234/6589/3983 3256/6590/3941 1840/6588/3982 4455/6587/3984
f 1838/4393/3980 1837/4394/3979 1841/4390/3985 1842/4389/3986
f 1837/6048/3979 3513/6045/3978 3514/6039/3987 1841/6044/3985
f 1839/4392/3981 1838/4393/3980 1842/4389/3986 1843/4388/3988
f 1840/4395/3982 1839/4392/3981 1843/4388/3988 4456/4391/3989
f 4455/6587/3984 1840/6588/3982 4456/6585/3989 4457/6584/3990
f 1841/6044/3985 3514/6039/3987 4467/6033/1789 3515/6038/1792
f 1842/4389/3986 1841/4390/3985 3515/4383/1792 1844/4382/3991
f 1843/4388/3988 1842/4389/3986 1844/4382/3991 1845/4381/3992
f 4456/4391/3989 1843/4388/3988 1845/4381/3992 4459/4387/3993
f 1845/4381/3992 1844/4382/3991 3516/4371/1793 1846/4374/1796
f 1844/4382/3991 3515/4383/1792 4468/4375/1791 3516/4371/1793
f 4459/4387/3993 1845/4381/3992 1846/4374/1796 4462/4379/3994
f 4462/4379/3994 1846/4374/1796 1847/4373/1795 4019/4380/3158
f 1848/422/1319 1849/399/1323 6439/420/2807 4715/448/1320
f 1849/399/1323 3277/378/3995 3008/398/2828 6439/420/2807
f 1849/399/1323 1850/400/1322 6464/358/1332 3277/378/3995
f 6118/114/1214 1851/113/1217 5624/136/3996 5474/137/1774
f 5455/135/3997 5624/136/3996 1851/113/1217 3440/112/2261
f 1852/4973/3998 2328/4977/3999 1914/4959/4000 6428/4940/582
f 1852/4973/3998 2178/4998/4001 4383/5002/4002 2328/4977/3999
f 1852/4973/3998 6254/4974/4003 6351/4997/4004 2178/4998/4001
f 1852/4973/3998 6428/4940/582 6336/4958/585 6254/4974/4003
f 1853/998/4005 5328/982/4006 5330/981/4007 5331/997/4008
f 1853/5135/4005 5795/5125/4009 5793/5119/4010 5328/5126/4006
f 1853/5135/4005 1854/5138/4011 5796/5136/4012 5795/5125/4009
f 1853/998/4005 5331/997/4008 5332/1008/4013 1854/1009/4011
f 1854/5138/4011 1855/5141/4014 5794/5139/2822 5796/5136/4012
f 1854/1009/4011 5332/1008/4013 1856/1017/4015 1855/1019/4014
f 1855/5141/4014 4255/5144/4016 2604/5143/2819 5794/5139/2822
f 1855/1019/4014 1856/1017/4015 4257/1026/4017 4255/1027/4016
f 1856/1017/4015 5332/1008/4013 4262/1007/4018 4263/1018/4019
f 1856/1017/4015 4263/1018/4019 6068/1025/4020 4257/1026/4017
f 1857/7128/2660 2783/7129/4021 2784/7121/33 1858/7120/35
f 1857/7128/2660 4394/7139/2659 4552/7140/4022 2783/7129/4021
f 1858/7120/35 3219/7115/23 3217/7119/27 1859/7127/2665
f 1859/7127/2665 3217/7119/27 1862/7126/2667 6334/7138/2666
f 1860/7135/4023 3319/7144/4024 3426/7148/1282 1863/7143/4025
f 1860/7135/4023 6501/7124/29 3318/7141/4026 3319/7144/4024
f 1860/7135/4023 1861/7125/4027 3218/7118/26 6501/7124/29
f 1860/7135/4023 1863/7143/4025 1864/7136/4028 1861/7125/4027
f 1861/7125/4027 1864/7136/4028 5183/7137/2664 1862/7126/2667
f 1861/7125/4027 1862/7126/2667 3217/7119/27 3218/7118/26
f 1863/7143/4025 3426/7148/1282 5736/7155/1277 5182/7149/1290
f 1863/7143/4025 5182/7149/1290 5181/7145/4029 1864/7136/4028
f 1864/7136/4028 5181/7145/4029 5180/7146/2658 5183/7137/2664
f 3412/4759/2672 1865/4758/2671 4955/4761/4030 4237/4762/4031
f 1865/7178/2671 5184/7177/2670 4954/7188/4032 4955/7189/4030
f 1866/1340/2513 2327/1371/4033 1867/1341/4034 1868/1311/2514
f 1866/1340/2513 5951/1370/2517 2326/1399/4035 2327/1371/4033
f 1867/1341/4034 4153/1372/4036 4154/1342/4037 4156/1312/4038
f 1867/1341/4034 2327/1371/4033 6002/1400/4039 4153/1372/4036
f 1867/1341/4034 4156/1312/4038 1869/1283/2521 1868/1311/2514
f 1869/1283/2521 4156/1312/4038 5446/1296/4040 4157/1270/4041
f 1869/1283/2521 4157/1270/4041 4701/1247/4042 4700/1258/2522
f 1870/1687/2049 1871/1659/4043 2742/1635/4044 6169/1660/2050
f 1870/1687/2049 1878/1707/2048 1879/1686/4045 1871/1659/4043
f 1871/1659/4043 1872/1636/4046 2743/1609/4047 2742/1635/4044
f 1871/1659/4043 1879/1686/4045 1880/1662/4048 1872/1636/4046
f 1872/1636/4046 1873/1610/4049 2744/1580/4050 2743/1609/4047
f 1872/1636/4046 1880/1662/4048 1881/1637/4051 1873/1610/4049
f 1873/1610/4049 1874/1581/4052 2745/1555/4053 2744/1580/4050
f 1873/1610/4049 1881/1637/4051 1882/1611/4054 1874/1581/4052
f 1874/1581/4052 1875/1556/4055 2746/1527/4056 2745/1555/4053
f 1874/1581/4052 1882/1611/4054 1883/1582/4057 1875/1556/4055
f 1875/1556/4055 1876/1528/4058 2747/1495/4059 2746/1527/4056
f 1875/1556/4055 1883/1582/4057 1884/1557/4060 1876/1528/4058
f 1876/1528/4058 1877/1512/4061 2748/1483/4062 2747/1495/4059
f 1876/1528/4058 1884/1557/4060 1885/1543/4063 1877/1512/4061
f 1877/1512/4061 2761/1513/4064 2749/1484/4065 2748/1483/4062
f 1877/1512/4061 1885/1543/4063 1886/1544/4066 2761/1513/4064
f 1878/1707/2048 3994/1726/2020 1897/1708/4067 1879/1686/4045
f 1879/1686/4045 1897/1708/4067 1898/1688/4068 1880/1662/4048
f 1880/1662/4048 1898/1688/4068 1899/1663/4069 1881/1637/4051
f 1881/1637/4051 1899/1663/4069 1900/1638/4070 1882/1611/4054
f 1882/1611/4054 1900/1638/4070 1901/1612/4071 1883/1582/4057
f 1883/1582/4057 1901/1612/4071 1902/1583/4072 1884/1557/4060
f 1884/1557/4060 1902/1583/4072 1903/1569/4073 1885/1543/4063
f 1885/1543/4063 1903/1569/4073 1904/1570/4074 1886/1544/4066
f 1886/1544/4066 1904/1570/4074 1905/1592/4075 1887/1564/4076
f 1886/1544/4066 1887/1564/4076 2762/1537/4077 2761/1513/4064
f 1887/1564/4076 1905/1592/4075 1906/1617/4078 1888/1589/4079
f 1887/1564/4076 1888/1589/4079 2763/1563/4080 2762/1537/4077
f 1888/9171/4079 1906/9172/4078 1907/9173/4081 1889/9174/4082
f 1888/1589/4079 1889/1618/4082 2764/1590/4083 2763/1563/4080
f 1889/9174/4082 1907/9173/4081 1908/9177/4084 1890/9178/4085
f 1889/9174/4082 1890/9178/4085 2765/9184/4086 2764/9185/4083
f 1890/9178/4085 1908/9177/4084 1909/9182/4087 1891/9183/4088
f 1890/9178/4085 1891/9183/4088 2766/9192/4089 2765/9184/4086
f 1891/9183/4088 1909/9182/4087 1910/9190/4090 1892/9191/4091
f 1891/9183/4088 1892/9191/4091 2767/9202/4092 2766/9192/4089
f 1892/9191/4091 1910/9190/4090 1911/9200/4093 1893/9201/4094
f 1892/9191/4091 1893/9201/4094 2768/9210/4095 2767/9202/4092
f 1893/9201/4094 1911/9200/4093 2276/9208/4096 1894/9209/4097
f 1893/9201/4094 1894/9209/4097 2769/9215/4098 2768/9210/4095
f 1894/179/4097 2276/200/4096 2277/177/4099 1895/151/4100
f 1894/179/4097 1895/151/4100 2770/149/4101 2769/176/4098
f 1895/151/4100 2277/177/4099 2278/150/4102 1896/126/4103
f 1895/151/4100 1896/126/4103 2771/125/4104 2770/149/4101
f 1896/126/4103 2278/150/4102 2279/127/2088 2275/103/2089
f 1896/126/4103 2275/103/2089 2772/102/786 2771/125/4104
f 1898/1688/4068 1897/1708/4067 1912/1727/2018 2280/1709/4105
f 1897/1708/4067 3994/1726/2020 2923/1743/2016 1912/1727/2018
f 1899/1663/4069 1898/1688/4068 2280/1709/4105 2281/1689/4106
f 1900/1638/4070 1899/1663/4069 2281/1689/4106 2282/1664/4107
f 1901/1612/4071 1900/1638/4070 2282/1664/4107 2283/1639/4108
f 1902/1583/4072 1901/1612/4071 2283/1639/4108 2284/1613/4109
f 1903/1569/4073 1902/1583/4072 2284/1613/4109 2285/1599/4110
f 1904/1570/4074 1903/1569/4073 2285/1599/4110 2286/1600/4111
f 1905/1592/4075 1904/1570/4074 2286/1600/4111 2287/1619/4112
f 1906/1617/4078 1905/1592/4075 2287/1619/4112 2288/1643/4113
f 1907/9173/4081 1906/9172/4078 2288/9175/4113 2289/9176/4114
f 1908/9177/4084 1907/9173/4081 2289/9176/4114 2290/9181/4115
f 1909/9182/4087 1908/9177/4084 2290/9181/4115 2291/9189/4116
f 1910/9190/4090 1909/9182/4087 2291/9189/4116 2292/9199/4117
f 1911/9200/4093 1910/9190/4090 2292/9199/4117 2293/9207/4118
f 2276/9208/4096 1911/9200/4093 2293/9207/4118 2294/9214/4119
f 1912/1727/2018 2258/1744/2015 2274/1728/4120 2280/1709/4105
f 1913/4975/4121 2176/4999/32 2177/5000/31 3066/4976/4122
f 1913/4975/4121 6502/5001/1529 4958/5022/36 2176/4999/32
f 1913/4975/4121 1914/4959/4000 2328/4977/3999 6502/5001/1529
f 1913/4975/4121 3066/4976/4122 6330/4941/4123 1914/4959/4000
f 1914/4959/4000 6330/4941/4123 6229/4926/583 6428/4940/582
f 1915/5675/1336 2542/5679/1335 2244/5683/4124 2541/5680/4125
f 1915/5675/1336 2541/5680/4125 4470/5681/4126 2539/5676/1341
f 1916/4366/4127 5588/4365/2499 6424/4369/2498 6330/4370/4123
f 1916/4366/4127 1917/4362/4128 5587/4361/4129 5588/4365/2499
f 1916/8728/4127 5157/8729/4130 5156/8727/4131 1917/8726/4128
f 1916/8728/4127 6330/8730/4123 3066/8731/4122 5157/8729/4130
f 1917/8726/4128 5156/8727/4131 5516/8725/4132 5738/8724/4133
f 1917/4362/4128 5738/4356/4133 5099/4355/2269 5587/4361/4129
f 1920/3387/955 5959/3393/3384 1922/3402/3421 1921/3394/960
f 1920/3387/955 4040/3386/954 5390/3392/2855 5959/3393/3384
f 3328/5496/4134 3329/5490/758 1923/5493/763 5009/5497/4135
f 5009/5497/4135 1923/5493/763 5011/5495/4136 5010/5500/4137
f 1923/5493/763 1924/5492/762 1925/5494/4138 5011/5495/4136
f 1925/2446/4138 1924/2439/762 3013/2427/765 3014/2436/4139
f 1925/2446/4138 3014/2436/4139 2546/2448/4140 1926/2455/4141
f 5011/5495/4136 1925/5494/4138 1926/5498/4141 4331/5499/4142
f 1926/2455/4141 6328/2463/3285 2558/2472/3284 4331/2473/4142
f 1926/2455/4141 2546/2448/4140 6282/2457/4143 6328/2463/3285
f 2135/2388/4144 1927/2389/496 1998/2373/4145 1928/2372/4146
f 2136/2397/4147 2135/2388/4144 1928/2372/4146 1929/2387/4148
f 2136/2397/4147 1929/2387/4148 1930/2396/4149 2137/2405/4150
f 1928/2372/4146 1998/2373/4145 1999/2358/4151 2000/2357/4152
f 1928/2372/4146 2000/2357/4152 1931/2371/4153 1929/2387/4148
f 1929/2387/4148 1931/2371/4153 1932/2385/4154 1930/2396/4149
f 1930/9222/4149 1932/9223/4154 1933/9224/4155 2141/9225/4156
f 1932/2385/4154 1931/2371/4153 5741/2356/4157 4179/2386/4158
f 5741/2356/4157 1931/2371/4153 2000/2357/4152 5740/2341/4159
f 1933/9224/4155 1932/9223/4154 4179/9226/4158 4180/9227/4160
f 1933/9224/4155 2144/9228/4161 2142/9229/4162 2141/9225/4156
f 2144/9228/4161 1933/9224/4155 4180/9227/4160 4181/9234/4163
f 2145/999/4164 2144/1011/4161 4181/1000/4163 4182/985/4165
f 1934/9154/3494 6472/9158/3502 6117/9161/4166 6224/9162/3495
f 1935/4257/3500 5353/4266/4167 5354/4271/4168 1936/4264/3497
f 1935/4257/3500 3955/4258/17 4088/4265/16 5353/4266/4167
f 1935/4257/3500 3954/4251/3499 3953/4250/4169 3955/4258/17
f 1936/8298/3497 5354/8293/4168 5660/8297/4170 1937/8299/3498
f 1937/7057/3498 5660/7050/4170 6455/7049/4171 6472/7058/3502
f 1938/2479/4172 3155/2488/4173 3153/2480/4174 2172/2470/4175
f 1938/6819/4172 1939/6820/1423 3157/6821/1425 3155/6822/4173
f 1938/6819/4172 6285/6823/4176 6286/6824/1424 1939/6820/1423
f 1938/2479/4172 2172/2470/4175 6284/2461/4177 6285/2468/4176
f 1940/9141/3410 6249/9140/3411 6327/9144/2206 6255/9145/2205
f 1940/1057/3410 6255/1062/2205 6375/1053/482 6260/1047/481
f 1941/5379/488 2001/5378/487 2002/5383/4178 6372/5384/3408
f 1942/3227/2350 3815/3243/3689 3816/3260/4179 5323/3244/2351
f 1942/3227/2350 3866/3206/854 6295/3226/882 3815/3243/3689
f 1943/348/4180 6419/371/4181 6230/372/4182 6365/350/4183
f 1943/6859/4180 6305/6860/4184 5764/6861/4185 6419/6862/4181
f 1943/348/4180 4392/329/1227 4393/328/1231 6305/349/4184
f 1943/348/4180 6365/350/4183 4381/330/1224 4392/329/1227
f 1944/4055/4186 5466/4053/4187 5745/4052/4188 5750/4056/4189
f 1944/4055/4186 1965/4057/4190 5467/4054/4191 5466/4053/4187
f 1944/4055/4186 6326/4059/1533 2168/4060/4192 1965/4057/4190
f 1944/4055/4186 5750/4056/4189 4194/4058/4193 6326/4059/1533
f 1945/4992/1114 6476/5013/1524 2168/5014/4192 6326/4993/1533
f 1946/5652/629 4190/5655/628 1947/5653/4194 1948/5650/1300
f 1947/5653/4194 5749/5656/4195 4195/5657/4196 4184/5654/4197
f 1947/5653/4194 4190/5655/628 4189/5660/4198 5749/5656/4195
f 1947/5653/4194 4184/5654/4197 4185/5651/4199 1948/5650/1300
f 1948/5650/1300 4185/5651/4199 3442/5647/1301 1949/5646/1298
f 3140/2540/4200 1950/2557/1541 2774/2558/1542 6489/2550/4201
f 1952/6060/1818 6376/6063/2772 3385/6064/1002 3386/6061/999
f 1953/4433/2213 1954/4436/3336 4198/4437/4202 1955/4434/2218
f 1954/4436/3336 6321/4440/3335 6353/4441/4203 4198/4437/4202
f 1955/9485/2218 3757/9486/3339 3756/9487/2529 6440/9488/2216
f 1955/9485/2218 4198/9489/4202 3758/9490/3337 3757/9486/3339
f 1958/4040/616 3294/4044/4204 1961/4045/4205 1962/4042/612
f 1958/4040/616 3442/4041/1301 4185/4043/4199 3294/4044/4204
f 1958/4040/616 1959/4037/615 3443/4038/1302 3442/4041/1301
f 1959/4037/615 1966/4034/618 3444/4035/1294 3443/4038/1302
f 1960/8064/4206 3288/8067/4207 3289/8065/4208 3290/8062/4209
f 1960/4048/4206 3293/4046/4210 5602/4050/4211 3288/4051/4207
f 1960/4048/4206 1961/4045/4205 3294/4044/4204 3293/4046/4210
f 1960/8064/4206 3290/8062/4209 1963/8055/630 1961/8061/4205
f 1961/8061/4205 1963/8055/630 1964/8048/613 1962/8054/612
f 1963/8055/630 3290/8062/4209 3291/8063/4212 3292/8056/627
f 1965/8076/4190 2168/8080/4192 5486/8078/4213 5465/8074/4214
f 1965/8076/4190 5465/8074/4214 5468/8068/4215 5467/8072/4191
f 1966/4034/618 6339/4032/621 6494/4031/1295 3444/4035/1294
f 1967/2097/3784 6005/2109/4216 1968/2121/4217 1969/2110/3649
f 1967/2097/3784 6008/2096/3778 1976/2108/4218 6005/2109/4216
f 1967/2097/3784 1969/2110/3649 5986/2111/3648 5998/2085/3785
f 1968/5624/4217 5981/5621/2544 5982/5626/2546 1973/5627/3646
f 1968/5624/4217 6005/5622/4216 5980/5616/1057 5981/5621/2544
f 1968/5624/4217 1973/5627/3646 6348/5628/3645 1969/5629/3649
f 1970/2139/1055 1971/2130/1054 1975/2120/4219 1974/2129/3701
f 1971/2130/1054 1972/2131/1056 1976/2108/4218 1975/2120/4219
f 1972/5615/1056 5980/5616/1057 6005/5622/4216 1976/5623/4218
f 1974/2129/3701 1975/2120/4219 6007/2107/3774 6006/2119/3708
f 1975/2120/4219 1976/2108/4218 6008/2096/3778 6007/2107/3774
f 1977/4451/2545 1988/4445/2549 1989/4449/2569 1978/4455/2547
f 1978/4455/2547 1989/4449/2569 1990/4454/2573 1979/4459/3660
f 1979/4459/3660 1990/4454/2573 1991/4458/2576 1980/4465/3661
f 1980/4465/3661 1991/4458/2576 1992/4464/2580 1981/4470/3662
f 1981/4470/3662 1992/4464/2580 1993/4469/2583 1982/4475/3664
f 1982/4475/3664 1993/4469/2583 1994/4474/2586 1983/4480/3668
f 1983/4480/3668 1994/4474/2586 1995/4479/2559 1984/4485/2561
f 4930/4497/3672 1986/4492/2555 1987/4496/2563 4924/4503/3674
f 1996/2652/2336 5492/2651/3177 5665/2654/2237 6485/2655/2240
f 1996/2652/2336 1997/2649/2337 6470/2650/3178 5492/2651/3177
f 1997/2649/2337 6159/2647/2339 6157/2646/3179 6470/2650/3178
f 4200/7629/4220 1998/7631/4145 1927/7632/496 4199/7628/495
f 1998/2373/4145 4200/2390/4220 4201/2374/4221 1999/2358/4151
f 2000/2357/4152 1999/2358/4151 5739/2342/1460 5740/2341/4159
f 1999/2358/4151 4201/2374/4221 5751/2375/1458 5739/2342/1460
f 2001/5378/487 2005/5382/489 2006/5391/4222 2002/5383/4178
f 2002/2412/4178 2006/2407/4222 2007/2410/4223 2003/2413/4224
f 2002/2412/4178 2003/2413/4224 6248/2415/3409 6372/2416/3408
f 2003/2413/4224 2007/2410/4223 2008/2411/4225 2004/2414/4226
f 2003/9142/4224 2004/9143/4226 6249/9140/3411 6248/9139/3409
f 2004/6101/4226 2008/6102/4225 2129/6097/2204 2128/6096/2203
f 2004/9143/4226 2128/9146/2203 6327/9144/2206 6249/9140/3411
f 2006/2407/4222 2005/2408/489 2009/2399/494 2130/2398/4227
f 2007/2410/4223 2006/2407/4222 2130/2398/4227 2131/2406/4228
f 2008/2411/4225 2007/2410/4223 2131/2406/4228 2132/2409/4229
f 2129/6097/2204 2008/6102/4225 2132/6105/4229 2133/6103/2207
f 2130/2398/4227 2009/2399/494 1927/2389/496 2135/2388/4144
f 2966/8441/182 2010/8444/184 3214/8442/2765 2977/8439/4230
f 3214/8442/2765 3213/8443/4231 2011/8440/4232 2977/8439/4230
f 2011/2306/4232 2012/2283/4233 2013/2263/4234 2987/2285/4235
f 2012/2283/4233 2011/2306/4232 3213/2328/4231 3212/2307/4236
f 2977/8439/4230 2011/8440/4232 2987/8437/4235 2978/8436/4237
f 3211/2284/1809 3216/2262/1811 2012/2283/4233 3212/2307/4236
f 2013/2263/4234 2012/2283/4233 3216/2262/1811 2014/2248/4238
f 2013/2263/4234 2994/2250/4239 2988/2264/4240 2987/2285/4235
f 2013/2263/4234 2014/2248/4238 2015/2240/4241 2994/2250/4239
f 2014/2248/4238 3216/2262/1811 3215/2251/1810 2016/2241/1816
f 2014/2248/4238 2016/2241/1816 6233/2229/4242 2015/2240/4241
f 2015/2240/4241 6233/2229/4242 3057/2222/4243 6482/2231/4244
f 2015/2240/4241 6482/2231/4244 2995/2249/4245 2994/2250/4239
f 2016/2241/1816 6463/2233/1815 3059/2224/1822 6233/2229/4242
f 2017/6510/4246 3493/6499/4247 3497/6509/4248 2018/6519/4249
f 2017/6510/4246 6316/6505/562 3354/6495/4250 3493/6499/4247
f 2017/316/4246 3491/293/4251 3489/314/4252 6316/332/562
f 2017/316/4246 2018/294/4249 2019/274/4253 3491/293/4251
f 2018/294/4249 2020/277/4254 2021/256/4255 2019/274/4253
f 2018/294/4249 3497/317/4248 3500/297/4256 2020/277/4254
f 2019/274/4253 4372/253/4257 4371/273/4258 3491/293/4251
f 2019/274/4253 2021/256/4255 4373/235/4259 4372/253/4257
f 2020/277/4254 2023/257/4260 3336/236/4261 2021/256/4255
f 2020/277/4254 3500/297/4256 2022/278/4262 2023/257/4260
f 2021/256/4255 3336/236/4261 3337/212/4263 4373/235/4259
f 2022/6526/4262 3501/6517/4264 4224/6525/819 3338/6533/816
f 2022/6526/4262 3500/6518/4256 3499/6508/4265 3501/6517/4264
f 2022/278/4262 3338/258/816 3339/237/815 2023/257/4260
f 2023/257/4260 3339/237/815 3340/213/814 3336/236/4261
f 2024/427/976 2025/456/4266 3986/485/4267 3985/455/977
f 2024/427/976 3070/416/67 2032/442/66 2025/456/4266
f 2025/456/4266 2026/486/4268 3987/512/4269 3986/485/4267
f 2025/456/4266 2032/442/66 2033/471/4270 2026/486/4268
f 2026/486/4268 2027/513/4271 3988/540/4272 3987/512/4269
f 2026/486/4268 2033/471/4270 2034/503/4273 2027/513/4271
f 2027/513/4271 2034/503/4273 2035/530/4274 2028/541/4275
f 2027/513/4271 2028/541/4275 3989/573/4276 3988/540/4272
f 2028/541/4275 2035/530/4274 2036/562/4277 2029/574/4278
f 2028/541/4275 2029/574/4278 3990/605/4279 3989/573/4276
f 2029/974/4278 2036/992/4277 2037/977/4280 2030/960/4281
f 2029/974/4278 2030/960/4281 3991/946/4282 3990/957/4279
f 2030/960/4281 2037/977/4280 2038/978/655 2031/961/651
f 2030/960/4281 2031/961/651 6498/931/650 3991/946/4282
f 2032/442/66 3071/441/65 3072/470/4283 2033/471/4270
f 2033/471/4270 3072/470/4283 2039/502/4284 2034/503/4273
f 2034/503/4273 2039/502/4284 2040/529/4285 2035/530/4274
f 2035/530/4274 2040/529/4285 2041/561/4286 2036/562/4277
f 2036/9251/4277 2041/9252/4286 2042/9253/4287 2037/9254/4280
f 2037/5411/4280 2042/5412/4287 2043/5405/656 2038/5400/655
f 2039/9263/4284 3075/9264/4288 2044/9258/4289 2040/9257/4285
f 2039/9263/4284 3072/9269/4283 3074/9270/4290 3075/9264/4288
f 2040/9257/4285 2044/9258/4289 2045/9255/4291 2041/9252/4286
f 2041/9252/4286 2045/9255/4291 2046/9256/4292 2042/9253/4287
f 2042/9253/4287 2046/9256/4292 2047/9261/4293 2043/9262/656
f 2043/5405/656 2047/5413/4293 2052/5407/664 2051/5401/657
f 2044/9258/4289 3075/9264/4288 3078/9271/4294 3079/9265/4295
f 2044/9258/4289 3079/9265/4295 3080/9259/4296 2045/9255/4291
f 2045/9255/4291 3080/9259/4296 2048/9260/4297 2046/9256/4292
f 2046/9256/4292 2048/9260/4297 2049/9268/4298 2047/9261/4293
f 2047/9261/4293 2049/9268/4298 2053/9273/665 2052/9274/664
f 2048/9260/4297 3085/9267/4299 2050/9272/4300 2049/9268/4298
f 2048/9260/4297 3080/9259/4296 3084/9266/4301 3085/9267/4299
f 2049/3155/4298 2050/3156/4300 2054/3153/666 2053/3151/665
f 2050/5059/4300 3085/5039/4299 3090/5033/4302 3091/5055/4303
f 2050/5059/4300 3091/5055/4303 6315/5072/4304 2054/5075/666
f 2054/3153/666 6315/3154/4304 4233/3152/4305 2055/3149/667
f 2055/3149/667 4233/3152/4305 6067/3148/4306 6013/3142/668
f 2056/5084/4307 2502/5071/4308 5777/5083/4309 5177/5094/4310
f 2056/5084/4307 6385/5085/4311 6315/5072/4304 2502/5071/4308
f 2056/5084/4307 3518/5095/4312 4520/5096/4313 6385/5085/4311
f 2056/2402/4307 5177/2395/4310 4229/2381/4314 3518/2394/4312
f 2057/1145/4315 2058/1146/4316 2062/1142/3379 2061/1141/927
f 2057/9497/4315 2059/9498/4317 6314/9499/4318 2058/9500/4316
f 2057/3146/4315 4309/3137/928 4312/3129/4319 2059/3138/4317
f 2057/8127/4315 2061/8128/927 6304/8126/926 4309/8125/928
f 2058/8167/4316 6314/8169/4318 4486/8166/4320 6378/8165/4321
f 2058/8167/4316 6378/8165/4321 4712/8163/4322 2062/8168/3379
f 2059/3138/4317 4312/3129/4319 4307/3128/4323 6352/3139/4324
f 2059/3138/4317 6352/3139/4324 4486/3145/4320 6314/3147/4318
f 2060/1138/3377 2062/1142/3379 4712/1147/4322 4711/1143/3378
f 2063/227/4325 5015/228/1044 5016/207/4326 2064/205/4327
f 2063/227/4325 2956/226/4328 4584/247/4329 4583/248/4330
f 2956/226/4328 2063/227/4325 2064/205/4327 2065/206/4331
f 2064/205/4327 2066/185/4332 2067/184/4333 2065/206/4331
f 2064/205/4327 5016/207/4326 5017/186/4334 2066/185/4332
f 2065/9278/4331 2067/9279/4333 3441/9280/4335 2959/9281/4336
f 2956/9284/4328 2065/9278/4331 2959/9281/4336 2957/9285/4337
f 2067/184/4333 2066/185/4332 5622/160/4338 5623/159/4339
f 2066/185/4332 5017/186/4334 5473/161/4340 5622/160/4338
f 3441/9280/4335 2067/9279/4333 5623/9282/4339 5454/9283/4341
f 3441/3688/4335 5454/3683/4341 5603/3684/4342 2961/3689/4343
f 2068/5234/210 2069/5239/219 6310/5240/1398 6240/5235/211
f 2070/2925/2530 3862/2920/2532 3863/2928/4344 6318/2932/3577
f 2070/9493/2530 6318/9494/3577 6395/9495/2217 6440/9496/2216
f 2071/8241/1170 2854/8242/4345 2073/8239/4346 2074/8240/1166
f 2071/8241/1170 2851/8243/4347 2850/8244/4348 2854/8242/4345
f 2071/2963/1170 2072/2960/1169 2852/2956/4349 2851/2959/4347
f 2072/2960/1169 2611/2961/1172 2610/2957/4350 2852/2956/4349
f 2073/8239/4346 2077/8238/1180 2078/8237/1167 2074/8240/1166
f 2073/3763/4346 2856/3764/4351 2076/3754/4352 2077/3755/1180
f 2073/3763/4346 2854/3771/4345 2853/3772/4353 2856/3764/4351
f 2075/3762/4354 2857/3769/4355 2079/3761/4356 2080/3753/4357
f 2075/3762/4354 2855/3770/4358 5808/3774/4359 2857/3769/4355
f 2075/3762/4354 2076/3754/4352 2856/3764/4351 2855/3770/4358
f 2075/3762/4354 2080/3753/4357 2081/3743/4360 2076/3754/4352
f 2076/3754/4352 2081/3743/4360 2082/3744/1177 2077/3755/1180
f 2079/9296/4356 4569/9297/4361 4555/9298/4362 2083/9299/4363
f 2079/9296/4356 2857/9300/4355 2787/9301/4364 4569/9297/4361
f 2079/3761/4356 2083/3752/4363 2084/3742/4365 2080/3753/4357
f 2080/3753/4357 2084/3742/4365 2085/3733/4366 2081/3743/4360
f 2081/3743/4360 2085/3733/4366 2086/3734/1178 2082/3744/1177
f 2083/9299/4363 4555/9298/4362 4557/9302/4367 4541/9303/4368
f 2083/3752/4363 4541/3745/4368 2087/3735/4369 2084/3742/4365
f 2084/3742/4365 2087/3735/4369 2088/3726/1194 2085/3733/4366
f 2085/3733/4366 2088/3726/1194 2089/3725/1183 2086/3734/1178
f 2087/3735/4369 2090/3727/4370 2091/3722/1191 2088/3726/1194
f 2087/3735/4369 4541/3745/4368 4542/3736/4371 2090/3727/4370
f 2090/3727/4370 2092/3728/4372 2093/3723/1192 2091/3722/1191
f 2090/3727/4370 4542/3736/4371 4543/3737/4373 2092/3728/4372
f 2092/3728/4372 2094/3738/1206 2095/3729/1199 2093/3723/1192
f 2092/3728/4372 4543/3737/4373 4544/3746/4374 2094/3738/1206
f 2094/3738/1206 4544/3746/4374 4545/3756/4375 2096/3747/1203
f 2096/3747/1203 4545/3756/4375 4546/3765/4376 2097/3757/1204
f 2097/3757/1204 4546/3765/4376 2425/3773/4377 6312/3766/4378
f 2097/3757/1204 6312/3766/4378 6288/3758/4379 2617/3748/1205
f 4238/4767/693 4237/4762/4031 2099/4766/4380 4239/4772/4381
f 2098/4765/4382 2099/4766/4380 4237/4762/4031 4955/4761/4030
f 2099/4766/4380 2098/4765/4382 2102/4770/4383 2103/4771/4384
f 2098/6867/4382 4956/6868/4385 2101/6864/4386 2102/6863/4383
f 4956/6868/4385 2098/6867/4382 4955/6871/4030 4954/6872/4032
f 4239/4772/4381 2099/4766/4380 2103/4771/4384 2104/4775/721
f 2100/3025/722 2101/3026/4386 4956/3023/4385 5607/3019/4387
f 5410/5482/4388 4239/5483/4381 2104/5479/721 5411/5478/720
f 5410/3020/4388 5411/3024/720 2100/3025/722 5607/3019/4387
f 2101/3026/4386 2100/3025/722 2107/3028/723 2108/3029/4389
f 2102/6863/4383 2101/6864/4386 2108/6865/4389 2109/6866/4390
f 2103/4771/4384 2102/4770/4383 2109/4773/4390 2105/4774/4391
f 2106/4778/718 2104/4775/721 2103/4771/4384 2105/4774/4391
f 2105/4774/4391 2109/4773/4390 2111/4776/4392 2112/4777/4393
f 2106/4778/718 2105/4774/4391 2112/4777/4393 4241/4781/4394
f 3325/5477/719 2106/5476/718 4241/5480/4394 3326/5481/4395
f 2107/3028/723 3325/3027/719 3326/3030/4395 3689/3031/4396
f 2108/3029/4389 2107/3028/723 3689/3031/4396 2110/3032/4397
f 2109/6866/4390 2108/6865/4389 2110/6869/4397 2111/6870/4392
f 2111/6870/4392 2110/6869/4397 2113/6873/4398 2415/6874/4399
f 2110/3032/4397 3689/3031/4396 3690/3033/4400 2113/3035/4398
f 2112/4777/4393 2111/4776/4392 2415/4779/4399 2416/4780/4401
f 4241/4781/4394 2112/4777/4393 2416/4780/4401 4242/4784/4402
f 2113/3035/4398 3690/3033/4400 4183/3036/4403 2417/3038/4404
f 2415/6874/4399 2113/6873/4398 2417/6875/4404 2418/6876/4405
f 4029/5334/3294 2115/5335/2598 2114/5340/2226 3199/5341/2225
f 2115/3223/2598 5442/3224/3296 2117/3204/2599 2116/3203/2597
f 2117/3204/2599 5442/3224/3296 5441/3240/2770 5444/3222/2600
f 2118/3202/2344 5444/3222/2600 5443/3239/873 5445/3221/872
f 2119/8682/3347 4433/8676/4406 2121/8673/4407 2122/8677/3344
f 2119/5117/3347 5778/5118/4408 4431/5093/4409 4433/5107/4406
f 2119/2382/3347 2580/2365/3346 4230/2366/3944 5778/2383/4408
f 2120/8668/4410 5823/8666/4411 4435/8660/4412 2123/8665/4413
f 2120/8668/4410 4432/8672/4414 4707/8671/4415 5823/8666/4411
f 2120/8668/4410 2121/8673/4407 4433/8676/4406 4432/8672/4414
f 2120/8668/4410 2123/8665/4413 2124/8670/4416 2121/8673/4407
f 2121/8673/4407 2124/8670/4416 3132/8675/3345 2122/8677/3344
f 2123/8665/4413 4435/8660/4412 4437/8659/4417 4438/8664/4418
f 2123/8665/4413 4438/8664/4418 2125/8669/4419 2124/8670/4416
f 2124/8670/4416 2125/8669/4419 3133/8674/3351 3132/8675/3345
f 2125/8669/4419 2126/8678/4420 3134/8679/3354 3133/8674/3351
f 2125/942/4419 4438/943/4418 4440/929/4421 2126/917/4420
f 2126/917/4420 2127/918/4422 3135/907/3357 3134/906/3354
f 2126/917/4420 4440/929/4421 4441/930/4423 2127/918/4422
f 2127/918/4422 4441/930/4423 3991/946/4282 6498/931/650
f 2127/918/4422 6498/931/650 3136/919/652 3135/907/3357
f 742/1044/2202 2134/1036/2208 4290/1029/492 743/1037/480
f 2131/2406/4228 2130/2398/4227 2135/2388/4144 2136/2397/4147
f 2132/2409/4229 2131/2406/4228 2136/2397/4147 2137/2405/4150
f 2133/9236/2207 2132/9237/4229 2137/9231/4150 2138/9230/4424
f 2134/6104/2208 2133/6103/2207 2138/6106/4424 2139/6107/4425
f 4290/1029/492 2134/1036/2208 2139/1028/4425 2140/1021/4426
f 2138/9230/4424 2137/9231/4150 1930/9222/4149 2141/9225/4156
f 2139/9235/4425 2138/9230/4424 2141/9225/4156 2142/9229/4162
f 2140/1021/4426 2139/1028/4425 2142/1020/4162 2143/1010/4427
f 4292/1013/2209 2140/1021/4426 2143/1010/4427 4294/1001/4428
f 2142/1020/4162 2144/1011/4161 2145/999/4164 2143/1010/4427
f 2143/1010/4427 2145/999/4164 4296/987/1456 4294/1001/4428
f 4296/987/1456 2145/999/4164 4182/985/4165 4284/969/1453
f 2147/490/4429 4396/514/2668 6383/489/2669 4300/459/2803
f 2147/490/4429 4553/543/4430 4395/544/2662 4396/514/2668
f 2147/9324/4429 4678/9325/4431 4677/9326/2504 4553/9327/4430
f 2147/490/4429 4300/459/2803 4301/435/4432 4678/463/4431
f 2148/2571/4433 2701/2581/4434 2700/2569/4435 2702/2559/4436
f 2148/6919/4433 6280/6920/508 6279/6915/505 2701/6911/4434
f 2148/2571/4433 2149/2568/1540 6452/2580/510 6280/2582/508
f 2148/2571/4433 2702/2559/4436 2774/2558/1542 2149/2568/1540
f 2150/6350/3096 3106/6355/2835 3107/6361/2834 2151/6357/3102
f 2151/6357/3102 3107/6361/2834 3108/6366/2836 2153/6362/4437
f 2151/6357/3102 2153/6362/4437 2154/6363/3108 2152/6358/3100
f 2153/6362/4437 3108/6366/2836 3109/6371/4438 3110/6367/4439
f 2153/6362/4437 3110/6367/4439 2156/6368/4440 2154/6363/3108
f 2154/439/3108 2156/413/4440 2157/414/3116 2155/440/3106
f 2156/413/4440 2159/389/4441 2160/390/4442 2157/414/3116
f 2156/6368/4440 3110/6367/4439 3112/6372/4443 2159/6373/4441
f 2157/414/3116 2160/390/4442 2161/412/3124 2158/438/3114
f 2159/389/4441 2163/359/4444 2164/368/4445 2160/390/4442
f 2159/6373/4441 3112/6372/4443 3114/6377/4446 2163/6378/4444
f 2160/390/4442 2164/368/4445 2165/388/4447 2161/412/3124
f 2161/412/3124 2165/388/4447 2166/411/3093 2162/437/3123
f 2162/437/3123 2166/411/3093 6422/436/2368 3759/465/2371
f 2163/359/4444 3114/360/4446 5497/336/546 4024/335/549
f 2163/359/4444 4024/335/549 4027/345/4448 2164/368/4445
f 2164/368/4445 4027/345/4448 4028/367/4449 2165/388/4447
f 2165/388/4447 4028/367/4449 6402/387/3091 2166/411/3093
f 2167/366/4450 2499/343/4451 4446/365/4452 4447/384/4453
f 2167/366/4450 6363/344/4454 2498/324/4455 2499/343/4451
f 2167/366/4450 4427/385/4456 5327/386/4457 6363/344/4454
f 2167/366/4450 4447/384/4453 4428/407/4458 4427/385/4456
f 2168/5014/4192 6476/5013/1524 2426/5037/4459 5486/5038/4213
f 2169/6889/3286 2170/6895/4460 3150/6891/4461 3149/6887/4462
f 2169/6889/3286 6328/6899/3285 6282/6900/4143 2170/6895/4460
f 2169/6889/3286 3149/6887/4462 2249/6886/4463 6484/6890/1361
f 2170/9328/4460 2171/9329/4464 3151/9330/4465 3150/9331/4461
f 2170/9328/4460 6282/9332/4143 6283/9333/4466 2171/9329/4464
f 2171/2469/4464 2172/2470/4175 3153/2480/4174 3151/2481/4465
f 2171/2469/4464 6283/2456/4466 6284/2461/4177 2172/2470/4175
f 4298/2423/4467 2173/2419/607 6129/2418/606 5452/2424/1532
f 6294/2425/764 6130/2420/608 2173/2419/607 3015/2426/4468 3013/2427/765
f 2173/2419/607 4298/2423/4467 3017/2432/4469 3015/2426/4468
f 2174/7123/28 2175/7122/30 5565/7132/1531 5563/7133/4470
f 2174/7123/28 5563/7133/4470 6231/7134/4471 6501/7124/29
f 2177/3382/31 6495/3380/34 5157/3379/4130 3066/3383/4122
f 2178/4998/4001 2422/5021/4472 4679/5026/4473 4383/5002/4002
f 2178/4998/4001 6351/4997/4004 4385/5016/4474 2422/5021/4472
f 4023/1069/1432 2179/1068/1434 5559/1073/202 5478/1074/201
f 2179/9336/1434 2180/9337/4475 2181/9338/4476 5559/9339/202
f 2179/1068/1434 6333/1065/1429 6413/1071/4477 2180/1072/4475
f 2181/5170/4476 2180/5171/4475 6366/5164/4478 5399/5168/4479
f 2180/5171/4475 6413/5172/4477 6356/5169/4480 6366/5164/4478
f 4320/9340/198 5559/9339/202 2181/9338/4476 2182/9341/4481
f 2181/5170/4476 5399/5168/4479 2187/5175/4482 2182/5176/4481
f 4321/9342/199 4320/9340/198 2182/9341/4481 2183/9343/4483
f 2182/4802/4481 2187/4803/4482 2188/4797/4484 2183/4796/4483
f 4321/9342/199 2183/9343/4483 2184/9344/4485 4322/9345/206
f 2183/4796/4483 2188/4797/4484 2189/4793/4486 2184/4792/4485
f 4322/9345/206 2184/9344/4485 2185/9346/4487 5562/9347/4488
f 2184/4792/4485 2189/4793/4486 2190/4794/4489 2185/4795/4487
f 5562/9347/4488 2185/9346/4487 2186/9348/4490 5973/9349/4491
f 2185/4795/4487 2190/4794/4489 4475/4800/4492 2186/4801/4490
f 5973/9349/4491 2186/9348/4490 4314/9350/4493 4319/9351/4494
f 2186/4801/4490 4475/4800/4492 4476/4806/4495 4314/4807/4493
f 5400/4808/4496 2187/4803/4482 5399/4812/4479 5967/4813/4497
f 2188/4797/4484 2187/4803/4482 5400/4808/4496 2191/4804/4498
f 2189/4793/4486 2188/4797/4484 2191/4804/4498 4477/4798/4499
f 2190/4794/4489 2189/4793/4486 4477/4798/4499 4478/4799/4500
f 4475/4800/4492 2190/4794/4489 4478/4799/4500 4479/4805/4501
f 5477/6673/203 5560/6672/205 2191/6671/4498 5400/6674/4496
f 4477/6669/4499 2191/6671/4498 5560/6672/205 5968/6670/208
f 2193/1116/1030 2192/1117/1024 5972/1110/4502 4319/1111/4494
f 2192/1117/1024 2413/1121/1023 2412/1115/4503 5972/1110/4502
f 4315/9352/4504 2193/9353/1030 4319/9351/4494 4314/9350/4493
f 4313/9354/1031 2193/9353/1030 4315/9352/4504 4316/9355/4505
f 5389/2773/2064 2194/2753/2067 2634/2763/1738 5582/2774/1742
f 2194/2753/2067 2195/2743/4506 2567/2752/1739 2634/2763/1738
f 2195/2743/4506 2194/2753/2067 5094/2754/2066 5100/2744/2746
f 6287/2733/2747 5101/2734/2753 2195/2743/4506 5100/2744/2746
f 2195/2743/4506 5101/2734/2753 2568/2742/4507 2567/2752/1739
f 2196/7217/2738 5700/7207/4508 3639/7206/4509 2197/7218/2740
f 2196/7217/2738 3861/7228/538 2827/7219/540 5700/7207/4508
f 2197/7218/2740 3639/7206/4509 5433/7221/4510 2797/7229/4511
f 2197/7218/2740 2797/7229/4511 6258/7241/2023 2198/7231/2027
f 5303/5963/1640 2199/5972/4512 3819/5973/4513 5304/5964/1641
f 2199/5972/4512 2200/5980/1307 3820/5981/4514 3819/5973/4513
f 2200/5980/1307 2201/5989/1303 2202/5990/4515 3820/5981/4514
f 2202/8325/4515 2201/8326/1303 2203/8312/1306 2204/8320/4516
f 2202/8325/4515 2204/8320/4516 2205/8327/4517 3822/8334/4518
f 3820/5981/4514 2202/5990/4515 3822/5999/4518 3821/5991/4519
f 2204/8320/4516 2203/8312/1306 2206/8315/1310 2207/8321/4520
f 2205/8327/4517 2204/8320/4516 2207/8321/4520 2208/8328/4521
f 3822/4320/4518 2205/4327/4517 3824/4321/4522 3823/4311/4523
f 2205/4327/4517 2208/4335/4521 3826/4328/4524 3824/4321/4522
f 2207/8321/4520 2206/8315/1310 2209/8319/1312 2210/8324/4525
f 2208/8328/4521 2207/8321/4520 2210/8324/4525 2211/8333/4526
f 2208/8328/4521 2211/8333/4526 3828/8335/4527 3826/8336/4524
f 2209/5906/1312 3437/5907/1311 4139/5899/3847 2212/5898/3846
f 2210/5914/4525 2209/5906/1312 2212/5898/3846 2213/5903/4528
f 2211/5920/4526 2210/5914/4525 2213/5903/4528 2214/5915/4529
f 2211/5920/4526 2214/5915/4529 2215/5921/4530 3828/5925/4527
f 2213/5903/4528 2212/5898/3846 2216/5893/1635 2217/5896/4531
f 2214/5915/4529 2213/5903/4528 2217/5896/4531 2218/5904/4532
f 2214/5915/4529 2218/5904/4532 2219/5916/4533 2215/5921/4530
f 3829/5929/4534 3828/5925/4527 2215/5921/4530 3830/5926/4535
f 2215/5921/4530 2219/5916/4533 3831/5923/4536 3830/5926/4535
f 2217/5896/4531 2216/5893/1635 2220/5892/1634 2221/5897/3852
f 2218/5904/4532 2217/5896/4531 2221/5897/3852 2222/5905/3855
f 2219/5916/4533 2218/5904/4532 2222/5905/3855 2223/5917/3857
f 2219/5916/4533 2223/5917/3857 3832/5922/4537 3831/5923/4536
f 2223/3352/3857 2224/3347/3856 2225/3340/3865 3832/3346/4537
f 3832/3346/4537 2225/3340/3865 5862/3331/3867 5860/3339/4538
f 5102/2722/2752 2226/2721/2751 4329/2731/4539 4328/2732/4540
f 2226/2721/2751 5012/9518/4541 5008/2739/4542 4329/2731/4539
f 2226/6881/2751 6389/6882/2750 4325/6883/4543 5012/6884/4541
f 2227/3553/1220 3995/3554/4544 6368/3551/2851 5352/3550/3383
f 2227/3553/1220 6469/3555/1219 3996/3556/4545 3995/3554/4544
f 2228/801/1401 2237/802/217 2238/791/216 2976/790/4546 2229/799/4547
f 2228/8408/1401 2229/8411/4547 2230/8409/1402
f 2229/799/4547 2976/790/4546 2975/789/4548 2986/800/4549
f 2230/8409/1402 2229/8411/4547 2986/8414/4549 2231/8412/4550
f 2464/8410/220 2230/8409/1402 2231/8412/4550 2232/8413/4551
f 2232/8413/4551 2231/8412/4550 2233/8415/4552 2234/8416/4553
f 2231/8412/4550 2986/8414/4549 2985/8417/4554 2233/8415/4552
f 2464/2370/220 2232/2354/4551 2469/2335/4555 2465/2353/221
f 2469/2335/4555 2232/2354/4551 2234/2336/4553 2473/2314/4556
f 2233/8415/4552 2985/8417/4554 2984/8420/4557 2993/8421/4558
f 2234/2336/4553 2233/2355/4552 2993/2337/4558 2235/2315/4559
f 2473/2314/4556 2234/2336/4553 2235/2315/4559 2476/2292/4560
f 2476/2292/4560 2235/2315/4559 2236/2293/4561 2479/2271/4562
f 2235/2315/4559 2993/2337/4558 2992/2316/4563 2236/2293/4561
f 2236/2293/4561 2992/2316/4563 2991/2294/4564 2997/2272/4565
f 2479/2271/4562 2236/2293/4561 2997/2272/4565 2481/2254/4566
f 2240/4721/3279 2243/4717/4567 2244/4728/4124 2241/4729/3280
f 2240/4721/3279 6183/4722/3282 6309/4714/4568 2243/4717/4567
f 2241/4729/3280 2244/4728/4124 2542/4735/1335 2242/4736/3260
f 2243/5687/4567 3992/5684/4569 2541/5680/4125 2244/5683/4124
f 2243/4717/4567 6309/4714/4568 6460/4711/4570 3992/4718/4569
f 6046/4746/1395 2245/4752/1394 2246/4744/1537 6047/4738/4571
f 2246/4744/1537 3481/4749/1534 2247/4742/4572 2248/4737/4573
f 2246/4744/1537 2248/4737/4573 6049/4730/4574 6047/4738/4571
f 3482/4750/4575 2249/4751/4463 2250/4743/4576 2247/4742/4572
f 3481/4749/1534 3480/4756/1419 3482/4750/4575 2247/4742/4572
f 2248/4737/4573 2247/4742/4572 2250/4743/4576 2251/4731/4577
f 2248/4737/4573 2251/4731/4577 2253/4723/4578 6049/4730/4574
f 2250/6885/4576 2249/6886/4463 3149/6887/4462 5413/6888/4579
f 2249/6886/4463 3482/6896/4575 6232/6897/1362 6484/6890/1361
f 2251/6893/4577 2250/6885/4576 5413/6888/4579 5414/6894/4580
f 2251/4731/4577 5414/4732/4580 5479/4724/4581 2253/4723/4578
f 6049/4730/4574 2253/4723/4578 2254/4719/4582 2252/4725/4583
f 6047/4738/4571 6049/4730/4574 2252/4725/4583 6048/4733/4584
f 2252/4725/4583 2254/4719/4582 6309/4714/4568 6183/4722/3282
f 2252/4725/4583 6183/4722/3282 6219/4727/3281 6048/4733/4584
f 2254/4719/4582 2253/4723/4578 5479/4724/4581 2449/4720/4585
f 2254/4719/4582 2449/4720/4585 5483/4715/4586 6309/4714/4568
f 2273/1745/4587 2255/1761/4588 2259/1746/4589 2272/1729/4590
f 2257/1760/2014 2256/1777/2013 2255/1761/4588 2273/1745/4587
f 2257/1760/2014 2273/1745/4587 2274/1728/4120 2258/1744/2015
f 2259/1746/4589 2269/1730/4591 2271/1711/4592 2272/1729/4590
f 2263/9195/4593 2262/9196/4594 2316/9187/4595 2315/9186/4596
f 2264/1694/4597 2263/1713/4593 2315/1693/4596 2314/1671/4598
f 2265/1679/4599 2264/1694/4597 2314/1671/4598 2313/1652/4600
f 2266/1678/4601 2265/1679/4599 2313/1652/4600 2312/1651/4602
f 2267/1692/4603 2266/1678/4601 2312/1651/4602 2311/1666/4604
f 2268/1712/4605 2267/1692/4603 2311/1666/4604 2270/1691/4606
f 2269/1730/4591 2268/1712/4605 2270/1691/4606 2271/1711/4592
f 2270/1691/4606 2311/1666/4604 2299/1640/4607 2298/1665/4608
f 2270/1691/4606 2298/1665/4608 2297/1690/4609 2271/1711/4592
f 2271/1711/4592 2297/1690/4609 2296/1710/4610 2272/1729/4590
f 2272/1729/4590 2296/1710/4610 2274/1728/4120 2273/1745/4587
f 2274/1728/4120 2296/1710/4610 2281/1689/4106 2280/1709/4105
f 2277/177/4099 2276/200/4096 2294/222/4119 2295/201/2087
f 2278/150/4102 2277/177/4099 2295/201/2087 692/178/2086
f 691/152/2085 2279/127/2088 2278/150/4102 692/178/2086
f 2281/1689/4106 2296/1710/4610 2297/1690/4609 2282/1664/4107
f 2282/1664/4107 2297/1690/4609 2298/1665/4608 2283/1639/4108
f 2283/1639/4108 2298/1665/4608 2299/1640/4607 2284/1613/4109
f 2284/1613/4109 2299/1640/4607 2300/1627/4611 2285/1599/4110
f 2285/1599/4110 2300/1627/4611 2301/1628/4612 2286/1600/4111
f 2286/1600/4111 2301/1628/4612 2302/1644/4613 2287/1619/4112
f 2287/1619/4112 2302/1644/4613 2303/1670/4614 2288/1643/4113
f 2288/9175/4113 2303/9179/4614 2304/9180/4615 2289/9176/4114
f 2289/9176/4114 2304/9180/4615 2305/9188/4616 2290/9181/4115
f 2290/9181/4115 2305/9188/4616 2306/9198/4617 2291/9189/4116
f 2291/9189/4116 2306/9198/4617 2307/9206/4618 2292/9199/4117
f 2292/9199/4117 2307/9206/4618 2308/9213/4619 2293/9207/4118
f 2293/9207/4118 2308/9213/4619 2309/9218/4620 2294/9214/4119
f 2294/222/4119 2309/244/4620 2310/223/2084 2295/201/2087
f 2299/1640/4607 2311/1666/4604 2312/1651/4602 2300/1627/4611
f 2300/1627/4611 2312/1651/4602 2313/1652/4600 2301/1628/4612
f 2301/1628/4612 2313/1652/4600 2314/1671/4598 2302/1644/4613
f 2302/1644/4613 2314/1671/4598 2315/1693/4596 2303/1670/4614
f 2303/9179/4614 2315/9186/4596 2316/9187/4595 2304/9180/4615
f 2304/9180/4615 2316/9187/4595 2317/9197/4621 2305/9188/4616
f 2305/9188/4616 2317/9197/4621 2318/9205/4622 2306/9198/4617
f 2306/9198/4617 2318/9205/4622 2319/9212/4623 2307/9206/4618
f 2307/9206/4618 2319/9212/4623 2320/9217/4624 2308/9213/4619
f 2308/9213/4619 2320/9217/4624 2321/9220/2080 2309/9218/4620
f 2309/244/4620 2321/266/2080 2322/245/2078 2310/223/2084
f 2317/9197/4621 2316/9187/4595 2262/9196/4594 2261/9204/4625
f 2318/9205/4622 2317/9197/4621 2261/9204/4625 2260/9211/4626
f 2319/9212/4623 2318/9205/4622 2260/9211/4626 2323/9216/4627
f 2320/9217/4624 2319/9212/4623 2323/9216/4627 2324/9219/4628
f 2325/9221/2079 2321/9220/2080 2320/9217/4624 2324/9219/4628
f 2326/1399/4035 6004/1433/4629 6002/1400/4039 2327/1371/4033
f 2326/1399/4035 6076/1432/4630 6003/1461/4631 6004/1433/4629
f 2326/1399/4035 5951/1370/2517 5324/1398/4632 6076/1432/4630
f 2328/4977/3999 4383/5002/4002 4299/5025/4633 6502/5001/1529
f 2329/3912/1867 4335/3907/1866 4336/3911/4634 2330/3916/1875
f 2330/3916/1875 4336/3911/4634 4337/3915/4635 4338/3920/1879
f 2331/3929/1880 4338/3920/1879 4340/3928/4636 2332/3934/1887
f 2332/9364/1887 4340/9365/4636 4343/9366/4637 2333/9367/1890
f 2333/5874/1890 2335/5876/4638 2336/5877/1897 2334/5875/1891
f 2333/9367/1890 4343/9366/4637 4346/9368/4639 2335/9369/4638
f 2335/3950/4638 4346/3938/4639 4347/3944/4640 2337/3951/4641
f 2335/5876/4638 2337/5878/4641 2338/5879/1898 2336/5877/1897
f 2337/3951/4641 4347/3944/4640 6028/3949/4642 6018/3957/4643
f 2337/5878/4641 6018/5880/4643 4350/5881/4644 2338/5879/1898
f 2338/2064/1898 4350/2076/4644 4351/2065/4645 2339/2053/1899
f 2339/2053/1899 4351/2065/4645 4355/2054/4646 3615/2042/1900
f 2340/1468/4647 5087/1496/4648 5089/1466/4649 2342/1439/4650
f 2341/1467/4651 2340/1468/4647 2342/1439/4650 2343/1438/4652
f 2520/1499/4653 2341/1467/4651 2343/1438/4652 2344/1469/4654
f 2521/1532/4655 2520/1499/4653 2344/1469/4654 2526/1500/4656
f 2342/1439/4650 5089/1466/4649 5090/1437/4657 2345/1405/4658
f 2343/1438/4652 2342/1439/4650 2345/1405/4658 2346/1404/4659
f 2344/1469/4654 2343/1438/4652 2346/1404/4659 2347/1440/4660
f 2526/1500/4656 2344/1469/4654 2347/1440/4660 2348/1470/4661
f 2527/1533/4662 2526/1500/4656 2348/1470/4661 2349/1501/4663
f 2527/5569/4662 2349/5574/4663 2531/5570/4664 2528/5565/4665
f 2345/1405/4658 5090/1437/4657 5091/1403/4666 2350/1376/4667
f 2346/1404/4659 2345/1405/4658 2350/1376/4667 2351/1375/4668
f 2347/1440/4660 2346/1404/4659 2351/1375/4668 2352/1406/4669
f 2348/1470/4661 2347/1440/4660 2352/1406/4669 2353/1441/4670
f 2349/1501/4663 2348/1470/4661 2353/1441/4670 2354/1471/4671
f 2531/5570/4664 2349/5574/4663 2354/5579/4671 2355/5575/4672
f 2350/1376/4667 5091/1403/4666 5071/1374/4673 2356/1345/4674
f 2351/1375/4668 2350/1376/4667 2356/1345/4674 2357/1344/4675
f 2352/1406/4669 2351/1375/4668 2357/1344/4675 2358/1377/4676
f 2353/1441/4670 2352/1406/4669 2358/1377/4676 2359/1407/4677
f 2354/1471/4671 2353/1441/4670 2359/1407/4677 2360/1472/4678
f 2355/5575/4672 2354/5579/4671 2360/5584/4678 2361/5580/4679
f 2534/5571/4680 2355/5575/4672 2361/5580/4679 2362/5576/4681
f 2531/5570/4664 2355/5575/4672 2534/5571/4680 2532/5566/4682
f 2356/1345/4674 5071/1374/4673 5078/1343/4683 5092/1315/4684
f 2357/1344/4675 2356/1345/4674 5092/1315/4684 2363/1314/4685
f 2358/1377/4676 2357/1344/4675 2363/1314/4685 2364/1346/4686
f 2359/1407/4677 2358/1377/4676 2364/1346/4686 2365/1408/4687
f 2360/9121/4678 2359/9122/4677 2365/9114/4687 2366/9119/4688
f 2361/5580/4679 2360/5584/4678 2366/5589/4688 2367/5585/4689
f 2362/5576/4681 2361/5580/4679 2367/5585/4689 2368/5581/4690
f 2534/5571/4680 2362/5576/4681 2536/5572/1502 2535/5568/1505
f 2537/5577/1503 2536/5572/1502 2362/5576/4681 2368/5581/4690
f 2364/1346/4686 2363/1314/4685 2369/1285/2639 2370/1347/4691
f 2363/1314/4685 5092/1315/4684 5093/1286/2463 2369/1285/2639
f 2365/9114/4687 2364/9115/4686 2370/9102/4691 2371/9108/4692
f 2366/9119/4688 2365/9114/4687 2371/9108/4692 3121/9113/4693
f 2367/5585/4689 2366/5589/4688 3121/5592/4693 3122/5590/4694
f 2368/5581/4690 2367/5585/4689 3122/5590/4694 3123/5586/4695
f 3802/5582/1510 2537/5577/1503 2368/5581/4690 3123/5586/4695
f 2369/9101/2639 3124/9096/2638 3125/9095/3298 2370/9102/4691
f 2370/9102/4691 3125/9095/3298 3126/9100/4696 2371/9108/4692
f 2371/9108/4692 3126/9100/4696 3127/9107/4697 3121/9113/4693
f 2373/7265/1060 6247/7257/2031 2375/7266/2032 2374/7271/1066
f 2373/7265/1060 6387/7256/534 6245/7249/537 6247/7257/2031
f 2376/1224/1415 4701/1247/4042 2377/1248/3392 2378/1225/1412
f 2376/1224/1415 3804/1236/2523 4700/1258/2522 4701/1247/4042
f 2376/1224/1415 6414/1201/1414 3810/1216/2200 3804/1236/2523
f 2377/1248/3392 4701/1247/4042 4157/1270/4041 4702/1271/3389
f 2381/747/4698 2384/733/4699 2382/715/4700 2837/734/4701
f 2381/747/4698 2383/756/4702 4424/746/4703 2384/733/4699
f 2382/715/4700 2386/697/4704 2839/674/570 2838/699/574
f 2382/715/4700 2384/733/4699 2385/714/4705 2386/697/4704
f 2382/715/4700 2838/699/574 2495/716/4706 2837/734/4701
f 2383/756/4702 4422/748/4707 4423/735/4708 4424/746/4703
f 2384/733/4699 4424/746/4703 4425/732/4709 2385/714/4705
f 2385/714/4705 4425/732/4709 2911/713/4710 4426/696/4711
f 2385/714/4705 4426/696/4711 2387/672/4712 2386/697/4704
f 2386/697/4704 2387/672/4712 2388/645/571 2839/674/570
f 2388/645/571 2387/672/4712 2916/643/4713 2389/619/4714
f 2387/672/4712 4426/696/4711 2914/671/4715 2916/643/4713
f 6303/640/2311 2496/644/572 2388/645/571 2389/619/4714 4574/615/2312
f 2389/619/4714 2916/643/4713 2915/618/4716 2782/589/4717
f 4574/615/2312 2389/619/4714 2782/589/4717 4575/586/4718
f 2390/295/545 4147/275/4719 5021/276/4720 5020/296/550
f 2390/295/545 6335/315/544 3490/292/4721 4147/275/4719
f 2391/5542/3305 2397/5543/1482 6478/5539/1009 2392/5538/1006
f 2391/5542/3305 2394/5547/3304 2396/5548/1476 2397/5543/1482
f 2393/1641/3308 5962/1615/4722 5964/1584/1480 2395/1614/1477
f 2393/1641/3308 6344/1667/3307 2401/1642/3310 5962/1615/4722
f 2393/1641/3308 2395/1614/1477 2396/1668/1476 2394/1669/3304
f 2398/9126/3309 2399/9131/3314 2400/9132/4723 2401/9127/3310
f 2399/9131/3314 2403/9134/4724 2405/9135/4725 2400/9132/4723
f 2399/6702/3314 2424/6703/3313 5220/6692/4726 2403/6691/4724
f 2400/1616/4723 2402/1585/4727 5962/1615/4722 2401/1642/3310
f 2400/1616/4723 2405/1586/4725 2406/1559/4728 2402/1585/4727
f 2402/1585/4727 5963/1558/4729 5964/1584/1480 5962/1615/4722
f 2402/1585/4727 2406/1559/4728 5960/1529/4730 5963/1558/4729
f 2403/6691/4724 2404/6681/4731 4375/6689/4732 2405/6700/4725
f 2403/6691/4724 5220/6692/4726 6361/6682/4733 2404/6681/4731
f 2404/6681/4731 6361/6682/4733 5395/6677/3316 5396/6676/3318
f 2404/6681/4731 5396/6676/3318 5392/6680/3320 4375/6689/4732
f 2405/1586/4725 4375/1587/4732 6486/1560/4734 2406/1559/4728
f 2406/1559/4728 6486/1560/4734 5961/1530/3321 5960/1529/4730
f 4742/3290/1683 2407/3308/1682 4585/3291/1687 5030/3274/4735
f 1765/8528/1644 6261/8532/3880 6262/8533/1653 507/8529/1642
f 507/5967/1642 6262/5969/1653 6263/5961/1652 506/5957/1636
f 506/5957/1636 6263/5961/1652 6471/5962/1654 505/5958/1637
f 505/5958/1637 6471/5962/1654 3840/5971/1649 5303/5963/1640
f 2408/4284/1656 2409/4277/1655 5397/4283/4736 5965/4293/2673
f 2409/4277/1655 4140/4276/1658 4143/4282/3885 5397/4283/4736
f 2410/4275/1657 4570/4279/1659 4573/4289/3881 4572/4280/3882
f 2410/4275/1657 4572/4280/3882 4141/4281/3883 4140/4276/1658
f 2411/6666/4737 4479/6665/4501 4478/6667/4500 5969/6668/4738
f 5971/1103/4739 2411/1109/4737 5969/1105/4738 5970/1098/4740
f 4479/6665/4501 2411/6666/4737 2412/6664/4503 4480/6663/4741
f 2411/1109/4737 5971/1103/4739 5972/1110/4502 2412/1115/4503
f 4480/6663/4741 2412/6664/4503 2413/6662/1023 4481/6661/1026
f 2414/8624/4742 6149/8625/4743 5708/8628/4744 4132/8629/4745
f 2414/8624/4742 6370/8619/1917 5040/8621/1921 6149/8625/4743
f 2414/8624/4742 6481/8626/4746 6332/8622/4747 6370/8619/1917
f 2414/8624/4742 4132/8629/4745 4430/8630/4748 6481/8626/4746
f 2416/4780/4401 2415/4779/4399 2418/4782/4405 2419/4783/4749
f 4242/4784/4402 2416/4780/4401 2419/4783/4749 4244/4787/4750
f 2417/3038/4404 4183/3036/4403 3323/3040/4751 2500/3041/4752
f 2417/6875/4404 2500/6877/4752 4472/6878/4753 2418/6876/4405
f 2418/4782/4405 4472/4785/4753 4473/4786/4754 2419/4783/4749
f 2419/4783/4749 4473/4786/4754 6442/4790/4755 4244/4787/4750
f 2420/5488/4756 4245/5486/4757 4244/5487/4750 6442/5489/4755
f 2420/3039/4756 3323/3040/4751 4183/3036/4403 4245/3037/4757
f 2420/6901/4756 2421/6902/4758 6421/6903/4759 3323/6904/4751
f 2420/4791/4756 6442/4790/4755 4473/4786/4754 2421/4788/4758
f 2421/9370/4758 6391/9371/4760 6323/9372/4761 6421/9373/4759
f 2421/4788/4758 4473/4786/4754 4472/4785/4753 6391/4789/4760
f 2422/5021/4472 6331/5044/4762 5818/5050/4763 4679/5026/4473
f 2422/5021/4472 4385/5016/4474 6393/5040/4764 6331/5044/4762
f 2423/5019/4765 4384/5020/4766 3813/5042/4767 2427/5043/4768
f 2423/5019/4765 3753/4995/4769 3754/4996/4770 4384/5020/4766
f 2423/5019/4765 6393/5040/4764 4385/5016/4474 3753/4995/4769
f 2423/5019/4765 2427/5043/4768 5050/5060/4771 6393/5040/4764
f 2424/6703/3313 5393/6693/3312 5394/6683/3315 5220/6692/4726
f 2425/3773/4377 2608/3767/4772 6288/3758/4379 6312/3766/4378
f 2425/9374/4377 2788/9375/4773 6313/9376/4774 2608/9377/4772
f 2425/9374/4377 4546/9378/4376 4563/9379/4775 2788/9375/4773
f 2426/5037/4459 5048/5058/4776 5050/5060/4771 2427/5043/4768
f 2426/5037/4459 6476/5013/1524 4763/5057/1525 5048/5058/4776
f 2426/8082/4459 2427/8083/4768 3813/8079/4767 5486/8078/4213
f 2430/95/1951 2432/116/1950 2433/139/1527 2431/117/1096
f 2432/116/1950 2435/138/1949 2436/162/1526 2433/139/1527
f 2434/8208/1945 2437/8209/1944 2438/8204/4777 2435/8203/1949
f 2435/8203/1949 2438/8204/4777 2439/8198/1522 2436/8195/1526
f 2437/8209/1944 2441/8213/1943 2442/8210/4778 2438/8204/4777
f 2438/8204/4777 2442/8210/4778 2443/8205/1523 2439/8198/1522
f 2440/5115/1942 4760/5099/4779 4761/5086/4780 2441/5101/1943
f 2441/5101/1943 4761/5086/4780 4762/5073/4781 2442/5102/4778
f 2442/8210/4778 4762/8214/4781 4763/8215/1525 2443/8205/1523
f 2444/8789/57 3101/8794/1941 3102/8797/1937 3097/8798/58
f 2444/8789/57 6296/8775/2039 2445/8786/2041 3101/8794/1941
f 2445/5122/2041 4386/5113/2036 4760/5099/4779 2440/5115/1942
f 612/5123/1940 3101/5130/1941 2445/5122/2041 2440/5115/1942
f 2446/8373/3276 6490/8377/4782 4404/8378/1376 6496/8369/1375
f 2446/5690/3276 2447/5686/3275 4471/5685/4783 6490/5689/4782
f 2447/5686/3275 2540/5682/3277 4470/5681/4126 4471/5685/4783
f 2448/3872/1257 5351/3877/1261 6117/3886/4166 6472/3878/3502
f 2448/3872/1257 6472/3878/3502 6455/3879/4171 6493/3873/1254
f 5482/8351/4784 2449/8357/4585 5479/8358/4581 5480/8359/4785
f 2449/8357/4585 5482/8351/4784 5484/8347/4786 5483/8354/4586
f 5773/4707/4787 4399/4706/4788 6490/4710/4782 6460/4711/4570
f 5774/4708/4789 5773/4707/4787 6460/4711/4570 4402/4712/4790
f 5775/4713/1383 5774/4708/4789 4402/4712/4790 5485/4716/4791
f 5775/8339/1383 5485/8343/4791 5771/8344/1373 5776/8340/1380
f 2451/4695/4792 2450/4694/4793 5432/4698/4794 2461/4699/4795
f 2450/8395/4793 5427/8396/4796 5430/8392/4797 5432/8393/4794
f 5427/8396/4796 2450/8395/4793 3202/8397/4798 5428/8398/4799
f 2450/4694/4793 2451/4695/4792 4405/4691/4800 3202/4690/4798
f 2451/4695/4792 2452/4696/4801 4409/4692/4802 4405/4691/4800
f 2452/4696/4801 2451/4695/4792 2461/4699/4795 2462/4700/4803
f 2453/4701/4804 2452/4696/4801 2462/4700/4803 5405/4705/1385
f 2452/4696/4801 2453/4701/4804 4412/4697/1705 4409/4692/4802
f 5407/8345/4805 2453/8346/4804 5405/8342/1385 5406/8341/1384
f 4412/8349/1705 2453/8346/4804 5407/8345/4805 2454/8350/1702
f 5402/4101/1703 2454/4102/1702 5407/4099/4805 5401/4098/4806
f 2455/3364/896 2456/3370/4807 4069/3371/2267 4068/3365/897
f 2455/3364/896 3619/3363/898 3620/3369/4808 2456/3370/4807
f 2456/3370/4807 3620/3369/4808 5516/3373/4132 5159/3374/3580
f 2456/3370/4807 5159/3374/3580 5158/3375/2270 4069/3371/2267
f 2457/3649/1159 6354/3652/4809 6359/3657/2262 2458/3655/1208
f 6354/3652/4809 2457/3649/1159 5318/3648/1158 3637/3653/4810 4084/3654/4811
f 4407/4678/2743 4408/4676/2641 2459/4675/1717 3204/4679/1721
f 2460/4703/4812 4400/4704/4813 2462/4700/4803 2461/4699/4795
f 4400/4704/4813 2460/4703/4812 5773/4707/4787 5774/4708/4789
f 2460/4703/4812 5431/4702/4814 4399/4706/4788 5773/4707/4787
f 5431/4702/4814 2460/4703/4812 2461/4699/4795 5432/4698/4794
f 4401/4709/1382 5405/4705/1385 2462/4700/4803 4400/4704/4813
f 2463/5697/4815 4415/5693/1450 6016/5692/1449 6017/5698/3402
f 2463/5697/4815 6466/5707/4816 4416/5700/4817 4415/5693/1450
f 2463/5697/4815 6015/5709/4818 6266/5714/4819 6466/5707/4816
f 2463/5697/4815 6017/5698/3402 4631/5708/3401 6015/5709/4818
f 2466/2352/1400 2465/2353/221 2469/2335/4555 2470/2334/4820
f 2467/2359/1399 2466/2352/1400 2470/2334/4820 2471/2343/4821
f 2468/2377/1397 2467/2359/1399 2471/2343/4821 2472/2360/4822
f 2798/2392/1396 2468/2377/1397 2472/2360/4822 2800/2378/4823
f 2470/2334/4820 2469/2335/4555 2473/2314/4556 2474/2313/4824
f 2471/2343/4821 2470/2334/4820 2474/2313/4824 2475/2325/4825
f 2472/2360/4822 2471/2343/4821 2475/2325/4825 2802/2344/4826
f 2800/2378/4823 2472/2360/4822 2802/2344/4826 2803/2361/4827
f 2474/2313/4824 2473/2314/4556 2476/2292/4560 2477/2291/4828
f 2475/2325/4825 2474/2313/4824 2477/2291/4828 2478/2302/4829
f 2802/2344/4826 2475/2325/4825 2478/2302/4829 2805/2326/4830
f 2477/2291/4828 2476/2292/4560 2479/2271/4562 2480/2270/4831
f 2478/2302/4829 2477/2291/4828 2480/2270/4831 2808/2281/4832
f 2805/2326/4830 2478/2302/4829 2808/2281/4832 2809/2303/4833
f 2480/2270/4831 2479/2271/4562 2481/2254/4566 2482/2253/4834
f 2808/2281/4832 2480/2270/4831 2482/2253/4834 2812/2259/4835
f 2482/2253/4834 2481/2254/4566 2483/2243/4836 2816/2242/4837
f 2481/2254/4566 2997/2272/4565 2996/2255/4838 2483/2243/4836
f 2812/2259/4835 2482/2253/4834 2816/2242/4837 2817/2247/4839
f 2483/2243/4836 2996/2255/4838 2995/2249/4245 6482/2231/4244
f 2816/2242/4837 2483/2243/4836 6482/2231/4244 2821/2230/705
f 2484/6391/4840 2486/6394/4841 4510/6395/4842 4508/6392/4843
f 2484/6391/4840 6123/6393/4844 2485/6396/4845 2486/6394/4841
f 2484/6391/4840 6121/6386/2479 3997/6390/4846 6123/6393/4844
f 2484/6391/4840 4508/6392/4843 4506/6387/2480 6121/6386/2479
f 2485/3508/4845 6124/3509/4847 2487/3500/109 2488/3501/4848
f 2485/3508/4845 6123/3514/4844 6122/3515/4849 6124/3509/4847
f 2485/6396/4845 2488/6399/4848 2489/6397/4850 2486/6394/4841
f 2486/6394/4841 2489/6397/4850 4512/6398/4851 4510/6395/4842
f 2487/3500/109 6124/3509/4847 6128/3513/3152 6127/3505/107
f 2487/3500/109 5663/3495/104 2490/3494/2491 2488/3501/4848
f 2488/3501/4848 2490/3494/2491 2491/3506/2486 2489/3507/4850
f 2489/6397/4850 2491/6400/2486 2492/6401/2485 4512/6398/4851
f 2490/3494/2491 5663/3495/104 5664/3489/103 5489/3488/2489
f 2492/3603/2485 2493/3600/2484 4504/3599/126 4503/3604/4852
f 2492/3603/2485 4503/3604/4852 4513/3607/4853 4512/3608/4851
f 2494/3407/2852 5979/3408/4854 5978/3409/778 6438/3405/769
f 2494/3407/2852 6051/3410/2854 5435/3411/4855 5979/3408/4854
f 2495/716/4706 2838/699/574 2835/698/573 2834/717/4856
f 2496/644/572 6303/640/2311 2833/639/577
f 2497/3561/1736 6211/3562/1737 3996/3556/4545 6469/3555/1219
f 2497/3561/1736 6469/3555/1219 6274/3566/1221 6467/3569/1725
f 2498/324/4455 3752/304/4857 5022/284/4858 5675/303/4859
f 2498/324/4455 6363/344/4454 4026/325/4860 3752/304/4857
f 2498/324/4455 5675/303/4859 5676/323/4861 2499/343/4451
f 2499/343/4451 5676/323/4861 5515/342/4862 4446/365/4452
f 2500/6877/4752 6323/6879/4761 6391/6880/4760 4472/6878/4753
f 2500/3041/4752 3323/3040/4751 6421/3042/4759 6323/3043/4761
f 2501/8631/4863 4447/8632/4453 4446/8627/4452 6481/8626/4746
f 2501/8631/4863 5779/8637/4864 4428/8638/4458 4447/8632/4453
f 2501/8631/4863 4429/8636/4865 5780/8643/4866 5779/8637/4864
f 2501/8631/4863 6481/8626/4746 4430/8630/4748 4429/8636/4865
f 2502/5071/4308 5551/5054/4867 5552/5070/4868 5777/5083/4309
f 2502/5071/4308 6315/5072/4304 3091/5055/4303 5551/5054/4867
f 2503/408/4869 4304/431/4870 4550/432/4871 5326/409/4872
f 2503/4946/4869 2504/4947/4873 6497/4918/96 4304/4929/4870
f 2503/408/4869 4427/385/4456 4428/407/4458 2504/430/4873
f 2503/408/4869 5326/409/4872 5327/386/4457 4427/385/4456
f 2504/8644/4873 4428/8638/4458 5779/8637/4864 4445/8645/4874
f 2504/4947/4873 4445/4948/4874 5548/4930/94 6497/4918/96
f 2505/375/4875 4452/396/4876 2508/397/4877 2506/376/4878
f 2505/375/4875 4449/379/1331 4451/402/1330 4452/396/4876
f 2505/375/4875 3003/355/4879 6464/358/1332 4449/379/1331
f 2505/375/4875 2506/376/4878 3004/356/4880 3003/355/4879
f 2506/7762/4878 2508/7781/4877 2509/7764/2632 2507/7750/2631
f 2506/7762/4878 2507/7750/2631 6302/7726/2634 3004/7763/4880
f 2508/397/4877 4452/396/4876 4453/418/4881 4454/419/4882
f 2508/7781/4877 4454/7799/4882 2510/7782/2637 2509/7764/2632
f 2510/7782/2637 4454/7799/4882 3240/7814/4883 3241/7800/4884
f 2511/7783/2636 2510/7782/2637 3241/7800/4884 3242/7801/4885
f 3227/4421/2601 3402/4425/2604 2511/4426/2636 3242/4422/4885
f 2512/6688/3322 4038/6679/3319 5087/6690/4648 2340/6699/4647
f 2513/1497/4886 2512/1498/3322 2340/1468/4647 2341/1467/4651
f 2514/1531/4887 2513/1497/4886 2341/1467/4651 2520/1499/4653
f 2515/1561/1481 2514/1531/4887 2520/1499/4653 2521/1532/4655
f 2516/1588/1478 2515/1561/1481 2521/1532/4655 2522/1562/4888
f 2517/5551/1479 2516/5557/1478 2522/5564/4888 2523/5558/4889
f 2518/5544/1483 2517/5551/1479 2523/5558/4889 2524/5552/4890
f 2525/5545/1513 2519/5540/1010 2518/5544/1483 2524/5552/4890
f 2522/1562/4888 2521/1532/4655 2526/1500/4656 2527/1533/4662
f 2523/5558/4889 2522/5564/4888 2527/5569/4662 2528/5565/4665
f 2524/5552/4890 2523/5558/4889 2528/5565/4665 2529/5559/4891
f 2530/5553/1519 2525/5545/1513 2524/5552/4890 2529/5559/4891
f 2529/5559/4891 2528/5565/4665 2531/5570/4664 2532/5566/4682
f 2533/5560/1520 2530/5553/1519 2529/5559/4891 2532/5566/4682
f 2535/5568/1505 2533/5560/1520 2532/5566/4682 2534/5571/4680
f 2538/190/3135 3337/212/4263 3341/191/812 3342/166/811
f 2538/190/3135 4374/211/3137 4373/235/4259 3337/212/4263
f 2539/5676/1341 4470/5681/4126 2540/5682/3277 4391/5677/3278
f 2539/5676/1341 4391/5677/3278 6416/5673/1340 6488/5672/1339
f 2541/5680/4125 3992/5684/4569 4471/5685/4783 4470/5681/4126
f 2543/9362/4892 6475/9361/3269 6432/9360/3266 6267/9363/3257
f 2543/3641/4892 4324/3638/4893 3413/3640/3268 6475/3643/3269
f 2543/3641/4892 6340/3642/3258 4547/3639/3253 4324/3638/4893
f 2543/3641/4892 6267/3644/3257 6500/3645/3256 6340/3642/3258
f 2545/6853/2021 2544/6847/1422 2563/6848/1751 2562/6854/1755
f 2544/6847/1422 6430/6830/1421 2564/6841/1748 2563/6848/1751
f 2547/2447/4894 2546/2448/4140 3014/2436/4139 3016/2437/4895
f 2546/2448/4140 2547/2447/4894 6283/2456/4466 6282/2457/4143
f 2549/2453/4896 2547/2447/4894 3016/2437/4895 2548/2444/4897
f 2547/2447/4894 2549/2453/4896 6284/2461/4177 6283/2456/4466
f 3017/2432/4469 2550/2443/4898 2551/2452/4899 2548/2444/4897
f 3015/2426/4468 3017/2432/4469 2548/2444/4897 3016/2437/4895
f 2549/2453/4896 2548/2444/4897 2551/2452/4899 2552/2460/4900
f 2549/2453/4896 2552/2460/4900 6285/2468/4176 6284/2461/4177
f 2551/6833/4899 2550/6838/4898 5578/6839/4901 2553/6834/4902
f 5578/6839/4901 2550/6838/4898 5517/6843/4903 5759/6844/4904
f 2550/2443/4898 3017/2432/4469 4298/2423/4467 5517/2433/4903
f 2552/6827/4900 2551/6833/4899 2553/6834/4902 2554/6828/4905
f 2552/6827/4900 2554/6828/4905 6286/6824/1424 6285/6823/4176
f 5580/6840/4906 2553/6834/4902 5578/6839/4901 5579/6845/4907
f 2554/6828/4905 2553/6834/4902 5580/6840/4906 5581/6835/4908
f 2554/6828/4905 5581/6835/4908 6430/6830/1421 6286/6824/1424
f 2569/2741/4909 2555/2740/4910 2654/2749/4911 2647/2750/4912
f 2555/2740/4910 4330/2748/4913 2570/2758/4914 2654/2749/4911
f 4330/2748/4913 2555/2740/4910 4329/2731/4539 5008/2739/4542
f 2555/2740/4910 2569/2741/4909 4328/2732/4540 4329/2731/4539
f 2556/5503/4915 2570/5507/4914 4330/5504/4913 5010/5500/4137
f 2556/5503/4915 4331/5499/4142 2558/5505/3284 2557/5506/4916
f 5011/5495/4136 4331/5499/4142 2556/5503/4915 5010/5500/4137
f 2556/5503/4915 2557/5506/4916 2662/5510/4917 2570/5507/4914
f 2557/5506/4916 2668/5509/4918 2663/5513/4919 2662/5510/4917
f 2557/5506/4916 2558/5505/3284 2559/5508/1358 2668/5509/4918
f 2668/5509/4918 2559/5508/1358 2673/5511/1357 2669/5512/4920
f 2564/6841/1748 6430/6830/1421 5581/6835/4908 2565/6842/1745
f 2566/6846/1743 2565/6842/1745 5581/6835/4908 5580/6840/4906
f 5582/6852/1742 2566/6846/1743 5580/6840/4906 5579/6845/4907
f 2635/2762/1740 2567/2752/1739 2568/2742/4507 2639/2751/4921
f 2568/2742/4507 4328/2732/4540 2569/2741/4909 2639/2751/4921
f 5102/2722/2752 4328/2732/4540 2568/2742/4507 5101/2734/2753
f 2639/2751/4921 2569/2741/4909 2647/2750/4912 2640/2761/4922
f 2570/2758/4914 2662/2767/4917 2655/2759/4923 2654/2749/4911
f 2572/8157/948 2571/8154/947 4389/8155/950 4387/8158/3374
f 2572/8157/948 4387/8158/3374 4710/8159/3376 4483/8160/2838
f 2573/4961/2501 4549/4944/4924 4303/4928/4925 4487/4943/2502
f 2573/4961/2501 4677/4979/2504 4678/4982/4431 4549/4944/4924
f 2574/6427/4926 3536/6428/4927 3436/6426/4928 3435/6425/4929
f 2574/8912/4926 6377/8909/2849 6368/8916/2851 3536/8917/4927
f 2574/8912/4926 5436/8913/4930 6051/8910/2854 6377/8909/2849
f 2574/8912/4926 3435/8914/4929 3502/8915/4931 5436/8913/4930
f 2575/2922/2214 2576/2916/4932 5536/2913/2533 5537/2918/2215
f 2575/9384/2214 6395/9385/2217 5514/9386/3574 2576/9387/4932
f 2576/2916/4932 6139/2911/4933 4110/2905/4934 5536/2913/2533
f 2576/9387/4932 5514/9386/3574 5513/9388/3572 6139/9389/4933
f 2577/2951/4935 2848/2955/4936 2579/2952/4937 2578/2946/4938
f 2577/8247/4935 2846/8248/4939 2847/8245/4940 2848/8246/4936
f 2577/8247/4935 4539/8249/4941 5792/8250/4942 2846/8248/4939
f 2577/2951/4935 2578/2946/4938 4540/2940/4943 4539/2945/4941
f 2578/2946/4938 2579/2952/4937 2609/2953/4944 4234/2947/4945
f 2578/2946/4938 4234/2947/4945 4565/2941/4946 4540/2940/4943
f 2579/2952/4937 2848/2955/4936 2851/2959/4347 2852/2956/4349
f 2579/2952/4937 2852/2956/4349 2610/2957/4350 2609/2953/4944
f 2586/867/3962 2585/877/3360 2587/887/3362 2588/878/3964
f 2588/878/3964 2587/887/3362 2589/899/3365 2590/888/3370
f 1814/868/3965 2588/878/3964 2590/888/3370 2591/879/2764
f 2591/879/2764 2590/888/3370 2592/900/2759 1001/889/2761
f 2593/1049/4947 4259/1042/4948 2596/1041/4949 2597/1050/4950
f 2593/1049/4947 5359/1051/4951 5358/1043/4952 4259/1042/4948
f 2593/1049/4947 2594/1060/1427 5360/1061/1431 5359/1051/4951
f 2593/1049/4947 2597/1050/4950 6195/1059/1428 2594/1060/1427
f 2595/1033/4953 6070/1040/4954 6080/1048/4955 2596/1041/4949
f 2595/1033/4953 6068/1025/4020 6069/1032/4956 6070/1040/4954
f 2595/1033/4953 4258/1034/4957 4257/1026/4017 6068/1025/4020
f 2595/1033/4953 2596/1041/4949 4259/1042/4948 4258/1034/4957
f 2596/1041/4949 6080/1048/4955 6223/1058/4958 2597/1050/4950
f 2597/1050/4950 6223/1058/4958 3688/1063/4959 6195/1059/1428
f 2598/5159/4960 4752/5155/4961 2601/5149/4962 2602/5154/4963
f 2598/3089/4960 4527/3078/4964 4749/3088/4965 4752/3097/4961
f 2598/3089/4960 2599/3081/4966 4528/3074/4967 4527/3078/4964
f 2598/3089/4960 2602/3098/4963 2603/3099/4968 2599/3081/4966
f 2599/5165/4966 2603/5158/4968 4232/5162/4969 4231/5166/4970
f 2599/3081/4966 4231/3082/4970 4529/3068/4971 4528/3074/4967
f 2600/5146/2816 2605/5145/2820 2606/5148/4972 2601/5149/4962
f 2600/5146/2816 2601/5149/4962 4752/5155/4961 4751/5150/2817
f 2601/5149/4962 2606/5148/4972 2607/5153/4973 2602/5154/4963
f 2602/5154/4963 2607/5153/4973 5357/5157/4974 2603/5158/4968
f 2603/5158/4968 5357/5157/4974 5718/5161/4975 4232/5162/4969
f 2604/5143/2819 4255/5144/4016 4256/5147/4976 2605/5145/2820
f 2605/5145/2820 4256/5147/4976 5358/5152/4952 2606/5148/4972
f 2606/5148/4972 5358/5152/4952 5359/5156/4951 2607/5153/4973
f 2607/5153/4973 5359/5156/4951 5360/5160/1431 5357/5157/4974
f 2608/6905/4772 6313/6906/4774 6399/6907/4977 2632/6908/4978
f 2608/3767/4772 2632/3768/4978 6289/3759/4979 6288/3758/4379
f 2609/2953/4944 2610/2957/4350 2794/2958/4980 2792/2954/4981
f 2609/2953/4944 2792/2954/4981 2790/2950/4982 4234/2947/4945
f 2610/2957/4350 2611/2961/1172 2785/2962/4983 2794/2958/4980
f 2611/2961/1172 4554/2965/1171 2786/2966/4984 2785/2962/4983
f 2612/2984/1188 4531/2988/1196 4535/2989/4985 4558/2985/1190
f 2613/2991/1195 2614/2995/1198 4532/2992/4986 4531/2988/1196
f 2614/2995/1198 2616/3001/1201 4533/2996/4987 4532/2992/4986
f 2615/3740/1200 2618/3749/1207 2619/3760/4988 2616/3750/1201
f 2616/3001/1201 2619/3005/4988 4534/3002/4989 4533/2996/4987
f 2617/3748/1205 6288/3758/4379 6289/3759/4979 2618/3749/1207
f 2618/9412/1207 6289/9413/4979 6398/9414/4990 2619/9415/4988
f 2619/3005/4988 6398/3009/4990 2633/3006/4991 4534/3002/4989
f 2620/3622/2482 4507/3620/2481 4509/3616/4992 2621/3618/3147
f 2621/3618/3147 4509/3616/4992 4511/3612/4993 2623/3614/4994
f 2621/3618/3147 2623/3614/4994 2624/3617/3151 2622/3621/3148
f 2623/3614/4994 4511/3612/4993 4513/3607/4853 2626/3610/4995
f 2623/3614/4994 2626/3610/4995 2627/3613/114 2624/3617/3151
f 2624/5195/3151 2627/5189/114 2628/5184/105 2625/5188/108
f 2626/3610/4995 4513/3607/4853 4503/3604/4852 2629/3606/119
f 2626/3610/4995 2629/3606/119 2630/3609/112 2627/3613/114
f 2629/3606/119 4503/3604/4852 4504/3599/126 2631/3602/116
f 2632/9416/4978 2633/9417/4991 6398/9414/4990 6289/9413/4979
f 2632/3010/4978 6399/3011/4977 2789/3007/4996 2633/3006/4991
f 2633/3006/4991 2789/3007/4996 4538/3003/4997 4534/3002/4989
f 2636/2771/1746 2635/2762/1740 2639/2751/4921 2640/2761/4922
f 2636/2771/1746 2640/2761/4922 2641/2770/4998 2637/2784/1749
f 2637/2784/1749 2641/2770/4998 2642/2783/1763 2638/2794/1752
f 2640/2761/4922 2647/2750/4912 2648/2760/4999 2641/2770/4998
f 2641/2770/4998 2648/2760/4999 2649/2769/5000 2642/2783/1763
f 2643/2791/1762 2642/2783/1763 2649/2769/5000 2650/2781/5001
f 2644/2801/1764 2643/2791/1762 2650/2781/5001 2651/2792/5002
f 2645/2811/1765 2644/2801/1764 2651/2792/5002 2652/2802/5003
f 2646/2821/1766 2645/2811/1765 2652/2802/5003 2653/2812/1768
f 2647/2750/4912 2654/2749/4911 2655/2759/4923 2648/2760/4999
f 2648/2760/4999 2655/2759/4923 2656/2768/5004 2649/2769/5000
f 2650/2781/5001 2649/2769/5000 2656/2768/5004 2657/2782/5005
f 2651/2792/5002 2650/2781/5001 2657/2782/5005 2658/2793/5006
f 2652/2802/5003 2651/2792/5002 2658/2793/5006 2659/2803/5007
f 2653/2812/1768 2652/2802/5003 2659/2803/5007 2660/2813/5008
f 2703/2824/1769 2653/2812/1768 2660/2813/5008 2661/2825/5009
f 2655/2759/4923 2662/2767/4917 2663/2780/4919 2656/2768/5004
f 2657/5515/5005 2656/5516/5004 2663/5513/4919 2664/5514/5010
f 2658/9418/5006 2657/9419/5005 2664/9420/5010 2665/9421/5011
f 2659/9422/5007 2658/9418/5006 2665/9421/5011 2666/9423/5012
f 2660/2813/5008 2659/2803/5007 2666/2822/5012 2667/2823/5013
f 2661/2825/5009 2660/2813/5008 2667/2823/5013 2674/2833/5014
f 2661/9439/5009 2674/9433/5014 6275/9436/5015 6394/9440/5016
f 2703/2824/1769 2661/2825/5009 6394/2834/5016 6290/2835/5017
f 2664/5514/5010 2663/5513/4919 2668/5509/4918 2669/5512/4920
f 2665/5517/5011 2664/5514/5010 2669/5512/4920 2670/5518/5018
f 2666/9423/5012 2665/9421/5011 2670/9424/5018 2671/9425/5019
f 2667/9428/5013 2666/9423/5012 2671/9425/5019 2672/9429/5020
f 2674/9433/5014 2667/9428/5013 2672/9429/5020 2675/9434/5021
f 2670/9424/5018 2669/9430/4920 2673/9431/1357 2676/9426/1360
f 2671/9425/5019 2670/9424/5018 2676/9426/1360 2677/9427/5022
f 2672/9429/5020 2671/9425/5019 2677/9427/5022 2678/9432/5023
f 2675/9434/5021 2672/9429/5020 2678/9432/5023 2679/9435/5024
f 6275/9436/5015 2674/9433/5014 2675/9434/5021 6276/9437/5025
f 6276/9437/5025 2675/9434/5021 2679/9435/5024 6277/9438/5026
f 2677/2516/5022 2676/2504/1360 3137/2503/1356 3138/2517/5027
f 2678/2527/5023 2677/2516/5022 3138/2517/5027 3139/2528/5028
f 2679/2539/5024 2678/2527/5023 3139/2528/5028 3140/2540/4200
f 6277/2549/5026 2679/2539/5024 3140/2540/4200 6489/2550/4201
f 2680/1861/5029 2681/1849/5030 6104/1833/5031 6115/1848/5032
f 2680/1861/5029 2686/1874/5033 2687/1862/5034 2681/1849/5030
f 2680/1861/5029 6202/1873/5035 6203/1885/5036 2686/1874/5033
f 2680/1861/5029 6115/1848/5032 6175/1860/3489 6202/1873/5035
f 2681/1849/5030 2682/1850/5037 6105/1834/5038 6104/1833/5031
f 2681/1849/5030 2687/1862/5034 2688/1863/5039 2682/1850/5037
f 2682/1850/5037 2683/1857/5040 6106/1843/5041 6105/1834/5038
f 2682/1850/5037 2688/1863/5039 2689/1870/5042 2683/1857/5040
f 2683/1857/5040 2684/1871/5043 6107/1858/5044 6106/1843/5041
f 2683/1857/5040 2689/1870/5042 2690/1884/5045 2684/1871/5043
f 2684/7962/5043 2685/7956/5046 6108/7950/5047 6107/7963/5044
f 2684/7962/5043 2690/7964/5045 6198/7960/5048 2685/7956/5046
f 2685/7956/5046 6099/7957/5049 6098/7951/5050 6108/7950/5047
f 2685/7956/5046 6198/7960/5048 6199/7961/5051 6099/7957/5049
f 2686/1874/5033 6203/1885/5036 5931/1897/5052 6204/1886/5053
f 2686/1874/5033 6204/1886/5053 2691/1875/5054 2687/1862/5034
f 2687/1862/5034 2691/1875/5054 2692/1876/5055 2688/1863/5039
f 2688/1863/5039 2692/1876/5055 2693/1883/5056 2689/1870/5042
f 2689/1870/5042 2693/1883/5056 2694/1896/5057 2690/1884/5045
f 2690/7964/5045 2694/7967/5057 6200/7966/5058 6198/7960/5048
f 2691/1875/5054 6204/1886/5053 5932/1898/5059 6205/1887/5060
f 2691/1875/5054 6205/1887/5060 2695/1888/5061 2692/1876/5055
f 2692/1876/5055 2695/1888/5061 2696/1895/5062 2693/1883/5056
f 2693/1883/5056 2696/1895/5062 6201/1908/5063 2694/1896/5057
f 2694/7967/5057 6201/7972/5063 5282/7971/5064 6200/7966/5058
f 2695/1888/5061 6205/1887/5060 3589/1899/5065 5933/1900/5066
f 2695/1888/5061 5933/1900/5066 2697/1907/5067 2696/1895/5062
f 2696/1895/5062 2697/1907/5067 5211/1920/5068 6201/1908/5063
f 2697/1907/5067 3659/1919/1845 5214/1932/5069 5211/1920/5068
f 2697/1907/5067 5933/1900/5066 3594/1912/1841 3659/1919/1845
f 2698/6909/5070 2700/6910/4435 2701/6911/4434 2699/6912/5071
f 2698/6909/5070 6275/6913/5015 6276/6914/5025 2700/6910/4435
f 2698/6909/5070 6290/6917/5017 6394/6918/5016 6275/6913/5015
f 2698/2849/5070 2699/2850/5071 6291/2841/5072 6290/2835/5017
f 2699/6912/5071 6278/6916/504 6453/6921/507 6291/6922/5072
f 2699/6912/5071 2701/6911/4434 6279/6915/505 6278/6916/504
f 2700/2569/4435 6276/2570/5025 6277/2549/5026 2702/2559/4436
f 2702/2559/4436 6277/2549/5026 6489/2550/4201 2774/2558/1542
f 2704/2832/1767 2703/2824/1769 6290/2835/5017 6291/2841/5072
f 6453/2848/507 2705/2840/506 2704/2832/1767 6291/2841/5072
f 5522/2564/1389 5521/2565/1381 5772/2546/1372 4403/2555/1374
f 4398/2575/5073 5522/2564/1389 4403/2555/1374 4404/2563/1376
f 6490/8377/4782 4399/8382/4788 4398/8383/5073 4404/8378/1376
f 2706/3313/1126 6417/3297/1129 3410/3281/1135 3411/3299/1148
f 2707/1353/5074 5840/1327/5075 2710/1359/5076 2711/1383/5077
f 2707/1353/5074 5448/1319/3386 5447/1297/3390 5840/1327/5075
f 2707/1353/5074 2708/1378/5078 6346/1348/3387 5448/1319/3386
f 2707/1353/5074 2711/1383/5077 2712/1409/5079 2708/1378/5078
f 2708/1378/5078 2712/1409/5079 2713/1443/5080 2709/1410/5081
f 2708/1378/5078 2709/1410/5081 4205/1411/5082 6346/1348/3387
f 2709/6491/5081 4228/6492/5083 4206/6478/5084 4205/6477/5082
f 2709/6491/5081 2713/6501/5080 2714/6502/5085 4228/6492/5083
f 2710/1359/5076 5839/1360/5086 2715/1389/5087 2716/1390/5088
f 2710/1359/5076 5840/1327/5075 4155/1326/5089 5839/1360/5086
f 2710/1359/5076 2716/1390/5088 2717/1417/5090 2711/1383/5077
f 2711/1383/5077 2717/1417/5090 2718/1442/5091 2712/1409/5079
f 2712/1409/5079 2718/1442/5091 2719/1474/5092 2713/1443/5080
f 2713/6501/5080 2719/6512/5092 2720/6513/5093 2714/6502/5085
f 2714/6502/5085 4223/6511/5094 4227/6500/5095 4228/6492/5083
f 2714/6502/5085 2720/6513/5093 2721/6520/5096 4223/6511/5094
f 2715/1389/5087 5837/1402/5097 2722/1436/5098 2723/1423/5099
f 2715/1389/5087 5839/1360/5086 5838/1373/5100 5837/1402/5097
f 2715/1389/5087 2723/1423/5099 2724/1424/5101 2716/1390/5088
f 2716/1390/5088 2724/1424/5101 2725/1447/5102 2717/1417/5090
f 2717/1417/5090 2725/1447/5102 2726/1473/5103 2718/1442/5091
f 2718/1442/5091 2726/1473/5103 2727/1503/5104 2719/1474/5092
f 2719/6512/5092 2727/6521/5104 2728/6522/5105 2720/6513/5093
f 2720/6513/5093 2728/6522/5105 2729/6527/5106 2721/6520/5096
f 2721/6520/5096 4219/6524/5107 4222/6515/5108 4223/6511/5094
f 2721/6520/5096 2729/6527/5106 2730/6532/5109 4219/6524/5107
f 2722/1436/5098 5835/1464/5110 2731/1494/5111 2732/1465/5112
f 2722/1436/5098 5837/1402/5097 5836/1435/5113 5835/1464/5110
f 2722/1436/5098 2732/1465/5112 2733/1453/5114 2723/1423/5099
f 2723/1423/5099 2733/1453/5114 2734/1454/5115 2724/1424/5101
f 2724/1424/5101 2734/1454/5115 2735/1478/5116 2725/1447/5102
f 2725/1447/5102 2735/1478/5116 2736/1502/5117 2726/1473/5103
f 2726/6535/5103 2736/6536/5117 2737/6528/5118 2727/6521/5104
f 2727/6521/5104 2737/6528/5118 2738/6529/5119 2728/6522/5105
f 2728/6522/5105 2738/6529/5119 2739/6534/5120 2729/6527/5106
f 2729/6527/5106 2739/6534/5120 2740/6542/5121 2730/6532/5109
f 2730/6532/5109 4215/6541/5122 4218/6531/5123 4219/6524/5107
f 2730/6532/5109 2740/6542/5121 2741/6547/5124 4215/6541/5122
f 2731/1494/5111 5832/1526/5125 2745/1555/4053 2746/1527/4056
f 2731/1494/5111 5835/1464/5110 5833/1493/5126 5832/1526/5125
f 2732/1465/5112 2731/1494/5111 2746/1527/4056 2747/1495/4059
f 2733/1453/5114 2732/1465/5112 2747/1495/4059 2748/1483/4062
f 2734/1454/5115 2733/1453/5114 2748/1483/4062 2749/1484/4065
f 2735/1478/5116 2734/1454/5115 2749/1484/4065 2750/1509/5127
f 2736/1502/5117 2735/1478/5116 2750/1509/5127 2751/1534/5128
f 2737/6528/5118 2736/6536/5117 2751/6544/5128 2752/6537/5129
f 2738/6529/5119 2737/6528/5118 2752/6537/5129 2753/6538/5130
f 2739/6534/5120 2738/6529/5119 2753/6538/5130 2754/6543/5131
f 2740/6542/5121 2739/6534/5120 2754/6543/5131 2755/6548/5132
f 2741/6547/5124 2740/6542/5121 2755/6548/5132 2756/6551/5133
f 2741/6547/5124 4212/6550/5134 4214/6546/5135 4215/6541/5122
f 4212/6550/5134 2741/6547/5124 2756/6551/5133 2757/6555/5136
f 5832/1526/5125 5829/1554/5137 2744/1580/4050 2745/1555/4053
f 4211/6554/804 4212/6550/5134 2757/6555/5136 2758/6557/5138
f 2743/1609/4047 2744/1580/4050 5829/1554/5137 5827/1579/5139
f 4210/145/788 4211/172/804 2758/148/5138 2759/124/789
f 2742/1635/4044 2743/1609/4047 5827/1579/5139 6170/1608/5140
f 6169/1660/2050 2742/1635/4044 6170/1608/5140 6089/1661/5141
f 2749/1484/4065 2761/1513/4064 2762/1537/4077 2750/1509/5127
f 2750/1509/5127 2762/1537/4077 2763/1563/4080 2751/1534/5128
f 2751/1534/5128 2763/1563/4080 2764/1590/4083 2752/1591/5129
f 2752/9193/5129 2764/9185/4083 2765/9184/4086 2753/9194/5130
f 2753/9194/5130 2765/9184/4086 2766/9192/4089 2754/9203/5131
f 2754/6543/5131 2766/6552/4089 2767/6553/4092 2755/6548/5132
f 2755/6548/5132 2767/6553/4092 2768/6556/4095 2756/6551/5133
f 2756/6551/5133 2768/6556/4095 2769/6558/4098 2757/6555/5136
f 2757/175/5136 2769/176/4098 2770/149/4101 2758/148/5138
f 2758/148/5138 2770/149/4101 2771/125/4104 2759/124/789
f 2759/124/789 2771/125/4104 2772/102/786 2760/101/785
f 2775/549/5142 2781/552/5143 2780/518/5144 5051/517/5145
f 2775/549/5142 4575/586/4718 2782/589/4717 2781/552/5143
f 2775/549/5142 2845/550/5146 4576/585/5147 4575/586/4718
f 2775/549/5142 5051/517/5145 4577/516/5148 2845/550/5146
f 2776/590/5149 5000/554/2376 5001/520/2366 5002/553/5150
f 2776/590/5149 2900/565/5151 4999/534/2385 5000/554/2376
f 2776/590/5149 2907/616/5152 2901/598/5153 2900/565/5151
f 2776/590/5149 5002/553/5150 2777/587/5154 2907/616/5152
f 2777/587/5154 2778/551/5155 2779/588/5156 2912/617/5157
f 2777/587/5154 5002/553/5150 5004/519/5158 2778/551/5155
f 2777/587/5154 2912/617/5157 2908/641/5159 2907/616/5152
f 2778/551/5155 5004/519/5158 5006/493/5160 2780/518/5144
f 2778/551/5155 2780/518/5144 2781/552/5143 2779/588/5156
f 2779/588/5156 2781/552/5143 2782/589/4717 2915/618/4716
f 2779/588/5156 2915/618/4716 2913/642/5161 2912/617/5157
f 2780/518/5144 5006/493/5160 6096/492/2799 5051/517/5145
f 2783/5027/4021 6415/5003/2505 6495/5048/34 2784/5047/33
f 2783/5027/4021 4552/5004/4022 4397/4978/2503 6415/5003/2505
f 2785/9308/4983 2796/9309/5162 2795/9312/5163 2794/9313/4980
f 2785/9308/4983 2786/9304/4984 5808/9305/4359 2796/9309/5162
f 2786/9304/4984 2787/9301/4364 2857/9300/4355 5808/9305/4359
f 2786/2966/4984 4554/2965/1171 4235/2969/1173 2787/2970/4364
f 2787/2970/4364 4235/2969/1173 4236/2973/1175 4569/2974/4361
f 2788/3008/4773 4563/3004/4775 4538/3003/4997 2789/3007/4996
f 2788/3008/4773 2789/3007/4996 6399/3011/4977 6313/3012/4774
f 2790/9316/4982 2792/9314/4981 2793/9315/5164 2791/9317/5165
f 2790/2950/4982 4566/2944/5166 4565/2941/4946 4234/2947/4945
f 2790/9316/4982 2791/9317/5165 4567/9318/5167 4566/9319/5166
f 2791/3790/5165 2793/3786/5164 5804/3783/5168 5802/3787/5169
f 2791/3790/5165 5802/3787/5169 5809/3791/5170 4567/3794/5167
f 2792/9314/4981 2794/9313/4980 2795/9312/5163 2793/9315/5164
f 2793/3786/5164 2795/3782/5163 5806/3779/5171 5804/3783/5168
f 2795/3782/5163 2796/3778/5162 5807/3775/5172 5806/3779/5171
f 2796/3778/5162 5808/3774/4359 2855/3770/4358 5807/3775/5172
f 2797/2707/4511 5433/2700/4510 4325/2699/4543 6389/2708/2750
f 2797/2707/4511 6389/2708/2750 6272/2714/2024 6258/2715/2023
f 2801/7362/134 2799/7361/133 2798/7366/1396 2800/7367/4823
f 2804/7368/137 2801/7362/134 2800/7367/4823 2803/7371/4827
f 2803/2361/4827 2802/2344/4826 2805/2326/4830 2806/2345/5173
f 2807/7372/143 2804/7368/137 2803/7371/4827 2806/7373/5173
f 2806/2345/5173 2805/2326/4830 2809/2303/4833 2810/2327/5174
f 2811/7374/147 2807/7372/143 2806/7373/5173 2810/7375/5174
f 2809/2303/4833 2808/2281/4832 2812/2259/4835 2813/2282/5175
f 2810/2327/5174 2809/2303/4833 2813/2282/5175 2814/2304/5176
f 2815/7376/151 2811/7374/147 2810/7375/5174 2814/7377/5176
f 2813/2282/5175 2812/2259/4835 2817/2247/4839 2818/2260/5177
f 2814/2304/5176 2813/2282/5175 2818/2260/5177 2819/2305/5178
f 2820/7378/157 2815/7376/151 2814/7377/5176 2819/7379/5178
f 2817/2247/4839 2816/2242/4837 2821/2230/705 2822/2239/704
f 2818/2260/5177 2817/2247/4839 2822/2239/704 2823/2261/707
f 2819/7379/5178 2818/7382/5177 2823/7383/707 2824/7381/710
f 2825/7380/162 2820/7378/157 2819/7379/5178 2824/7381/710
f 2821/2230/705 6482/2231/4244 3057/2222/4243 3058/2223/701
f 3736/666/2301 2826/637/5179 2843/613/5180 3541/636/5181
f 3735/690/2300 3736/666/2301 3541/636/5181 2841/665/1286
f 2842/614/2310 2826/637/5179 784/667/2305 786/638/2309
f 2826/637/5179 3736/666/2301 780/691/2299 784/667/2305
f 2843/613/5180 2826/637/5179 2842/614/2310 4576/585/5147
f 2827/7219/540 3009/7232/539 5334/7222/834 5345/7208/5182
f 2827/7219/540 5345/7208/5182 5704/7198/5183 5700/7207/4508
f 2828/6184/2306 2830/6190/5184 2831/6191/576 2829/6185/2307
f 2830/731/5184 2834/717/4856 2835/698/573 2831/694/576
f 2836/9501/963 4196/9502/957 6446/9503/961
f 6047/4738/4571 6048/4733/4584 2840/4745/1538 6046/4746/1395
f 2840/8367/1538 6218/8368/3283 6496/8369/1375 5629/8366/1377
f 2840/8367/1538 6048/8370/4584 6219/8371/3281 6218/8368/3283
f 3735/690/2300 2841/665/1286 3734/688/1285 3733/709/5185
f 2841/665/1286 3541/636/5181 3542/612/5186 3540/635/1283
f 4576/585/5147 2842/614/2310 4574/615/2312 4575/586/4718
f 2843/613/5180 4576/585/5147 2845/550/5146 2844/584/5187
f 2843/613/5180 2844/584/5187 3542/612/5186 3541/636/5181
f 2844/584/5187 2845/550/5146 4577/516/5148 4579/548/5188
f 2844/584/5187 4579/548/5188 4578/583/5189 3542/612/5186
f 2846/3784/4939 5803/3785/5190 5805/3781/5191 2847/3780/4940
f 2846/3784/4939 5792/3788/4942 5810/3789/5192 5803/3785/5190
f 2847/8245/4940 2850/8244/4348 2851/8243/4347 2848/8246/4936
f 2847/3780/4940 5805/3781/5191 2849/3776/5193 2850/3777/4348
f 2849/3776/5193 5806/3779/5171 5807/3775/5172 2853/3772/4353
f 2849/3776/5193 5805/3781/5191 5804/3783/5168 5806/3779/5171
f 2849/3776/5193 2853/3772/4353 2854/3771/4345 2850/3777/4348
f 2853/3772/4353 5807/3775/5172 2855/3770/4358 2856/3764/4351
f 2858/7059/3528 5387/7055/3527 5386/7054/5194 5388/7060/3536
f 2859/8275/3533 3654/8276/5195 2860/8273/3542 2861/8272/3534
f 2859/8275/3533 5388/8277/3536 4018/8278/5196 3654/8276/5195
f 2860/3834/3542 3654/3839/5195 4102/3840/5197 5505/3835/3564
f 2865/3814/3547 4494/3808/3559 4495/3809/5198 4492/3815/3548
f 2866/6647/5199 4651/6646/5200 4659/6645/5201 2867/6648/5202
f 2866/2686/5199 4642/2680/2794 4641/2685/2793 4651/2694/5200
f 2866/2686/5199 5293/2687/2248 5292/2675/2247 4642/2680/2794
f 2866/6647/5199 2867/6648/5202 2868/6649/5203 5293/6650/2248
f 2867/2502/5202 2870/2496/5204 2871/2485/5205 2868/2491/5203
f 2867/2502/5202 4659/2514/5201 2869/2506/5206 2870/2496/5204
f 2868/2491/5203 2871/2485/5205 5297/2474/5207 5296/2482/5208
f 2868/8189/5203 5296/8188/5208 5294/8181/2249 5293/8187/2248
f 2869/2506/5206 4664/2518/5209 4668/2519/5210 2872/2507/5211
f 2869/2506/5206 4659/2514/5201 4658/2525/5212 4664/2518/5209
f 2869/2506/5206 2872/2507/5211 2873/2497/5213 2870/2496/5204
f 2870/2496/5204 2873/2497/5213 2874/2486/5214 2871/2485/5205
f 2871/2485/5205 2874/2486/5214 5028/2475/639 5297/2474/5207
f 2872/2507/5211 2876/2520/5215 2877/2508/5216 2873/2497/5213
f 2872/2507/5211 4668/2519/5210 2875/2531/5217 2876/2520/5215
f 2873/2497/5213 2877/2508/5216 3797/2498/5218 2874/2486/5214
f 2874/2486/5214 3797/2498/5218 5023/2487/636 5028/2475/639
f 2875/6151/5217 4670/6150/5219 4671/6149/5220 2878/6152/5221
f 2875/2531/5217 4668/2519/5210 4667/2530/5222 4670/2543/5219
f 2875/6151/5217 2878/6152/5221 3798/6153/2789 2876/6154/5215
f 2876/6154/5215 3798/6153/2789 3799/6155/2788 2877/6156/5216
f 2877/8092/5216 3799/8093/2788 3717/8090/2791 3797/8091/5218
f 2878/2688/5221 3713/2689/5223 3800/2682/2785 3798/2681/2789
f 2878/2688/5221 4671/2695/5220 3712/2696/5224 3713/2689/5223
f 2879/7784/1314 3870/7766/2811 2880/7761/2635 2881/7780/1315
f 2880/7761/2635 3403/7760/2630 2883/7779/5225 2881/7780/1315
f 2881/7780/1315 2883/7779/5225 2884/7797/1326 2882/7798/1316
f 2883/6815/5225 3403/6817/2630 3401/6818/2629 3404/6812/5226
f 2883/6815/5225 3404/6812/5226 3405/6809/1329 2884/6816/1326
f 2885/749/3232 2890/720/3244 2891/737/5227 2886/750/3233
f 2888/680/3242 2887/651/3241 2896/652/3251 2897/681/5228
f 2888/680/3242 2897/681/5228 2898/702/5229 2889/703/3243
f 2889/703/3243 2898/702/5229 2899/719/5230 2890/720/3244
f 2890/720/3244 2899/719/5230 4421/736/5231 2891/737/5227
f 2892/537/3248 2900/565/5151 2901/598/5153 2893/571/3245
f 2892/537/3248 6380/507/2393 4999/534/2385 2900/565/5151
f 2892/537/3248 3198/538/3247 3452/509/5232 6380/507/2393
f 2893/571/3245 2901/598/5153 2902/622/5233 2894/600/3246
f 2894/600/3246 2902/622/5233 2903/649/5234 2895/624/3250
f 2896/652/3251 2895/624/3250 2903/649/5234 2904/678/5235
f 2897/681/5228 2896/652/3251 2904/678/5235 2905/700/5236
f 2897/681/5228 2905/700/5236 2906/718/5237 2898/702/5229
f 2898/702/5229 2906/718/5237 4423/735/4708 2899/719/5230
f 2899/719/5230 4423/735/4708 4422/748/4707 4421/736/5231
f 2901/598/5153 2907/616/5152 2908/641/5159 2902/622/5233
f 2902/622/5233 2908/641/5159 2909/670/5238 2903/649/5234
f 2904/678/5235 2903/649/5234 2909/670/5238 2910/695/5239
f 2905/700/5236 2904/678/5235 2910/695/5239 2911/713/4710
f 2905/700/5236 2911/713/4710 4425/732/4709 2906/718/5237
f 2906/718/5237 4425/732/4709 4424/746/4703 4423/735/4708
f 2908/641/5159 2912/617/5157 2913/642/5161 2909/670/5238
f 2910/695/5239 2909/670/5238 2913/642/5161 2914/671/4715
f 2911/713/4710 2910/695/5239 2914/671/4715 4426/696/4711
f 2914/671/4715 2913/642/5161 2915/618/4716 2916/643/4713
f 3635/8753/3416 2918/8748/5240 2919/8752/3420 4708/8759/3414
f 2917/8743/5241 3628/8744/5242 3631/8739/5243 2924/8738/5244
f 2917/8743/5241 2924/8738/5244 2925/8742/5245 2918/8748/5240
f 2918/8748/5240 2925/8742/5245 2926/8747/5246 2919/8752/3420
f 2919/8752/3420 2926/8747/5246 2927/8751/2008 2920/8758/3418
f 2920/8758/3418 2927/8751/2008 2928/8757/2007 2921/8765/3419
f 2921/8765/3419 2928/8757/2007 2929/8764/2009 2922/8771/2017
f 2924/8738/5244 2931/8734/1995 2932/8737/1998 2925/8742/5245
f 2924/8738/5244 3631/8739/5243 2930/8735/1996 2931/8734/1995
f 2925/8742/5245 2932/8737/1998 2933/8741/2000 2926/8747/5246
f 2926/8747/5246 2933/8741/2000 2934/8746/2002 2927/8751/2008
f 648/183/1993 2930/158/1996 3633/132/1992 647/157/1991
f 2930/158/1996 3631/133/5243 3630/108/5247 3633/132/1992
f 2936/8507/5248 3422/8509/5249 2947/8510/5250 2955/8508/5251
f 2936/6471/5248 2938/6462/5252 3424/6453/5253 3422/6461/5249
f 2936/6471/5248 3316/6484/5254 2937/6472/5255 2938/6462/5252
f 2936/8507/5248 2955/8508/5251 3467/8500/5256 3316/8499/5254
f 2937/6472/5255 3317/6485/5257 5728/6486/5258 5472/6473/2842
f 2937/8506/5255 3316/8499/5254 3315/8494/1440 3317/8498/5257
f 2937/6472/5255 5472/6473/2842 5471/6463/2840 2938/6462/5252
f 2938/6462/5252 5471/6463/2840 5470/6447/2839 3424/6453/5253
f 5946/5180/3380 5720/5181/745 2939/5178/747 5501/5177/5259
f 2939/5178/747 5726/5179/743 5355/5173/5260 6356/5169/4480
f 5501/5177/5259 2939/5178/747 6356/5169/4480 6413/5172/4477
f 2940/5765/5261 4965/5774/5262 2944/5785/5263 2945/5775/5264
f 2940/5765/5261 4970/5755/5265 4971/5764/5266 4965/5774/5262
f 2940/5765/5261 2941/5766/5267 4969/5754/1551 4970/5755/5265
f 2940/5765/5261 2945/5775/5264 2946/5776/5268 2941/5766/5267
f 2941/8515/5267 2946/8513/5268 2947/8510/5250 2942/8511/5269
f 2941/8515/5267 2942/8511/5269 6491/8517/1549 4969/8518/1551
f 2942/8511/5269 2947/8510/5250 3422/8509/5249 3423/8512/5270
f 2942/8511/5269 3423/8512/5270 3416/8516/5271 6491/8517/1549
f 2943/1387/5272 2951/1357/5273 2952/1382/5274 2944/1416/5263
f 2943/1387/5272 4962/1388/5275 2950/1356/5276 2951/1357/5273
f 2943/1387/5272 4966/1421/5277 4967/1422/5278 4962/1388/5275
f 2943/5794/5272 2944/5785/5263 4965/5774/5262 4966/5784/5277
f 2944/5785/5263 2952/5795/5274 2953/5786/5279 2945/5775/5264
f 2945/5775/5264 2953/5786/5279 2954/5787/5280 2946/5776/5268
f 2946/8513/5268 2954/8514/5280 2955/8508/5251 2947/8510/5250
f 2948/7699/2699 4964/7700/5281 5223/7686/5282 5221/7675/524
f 2948/1418/2699 2949/1386/5283 4963/1420/5284 4964/1449/5281
f 2948/1418/2699 3305/1384/2696 3306/1355/2702 2949/1386/5283
f 2949/1386/5283 3306/1355/2702 3307/1321/5285 2950/1356/5276
f 2949/1386/5283 2950/1356/5276 4962/1388/5275 4963/1420/5284
f 2950/1356/5276 3307/1321/5285 3308/1322/5286 2951/1357/5273
f 2951/1357/5273 3308/1322/5286 3309/1352/5287 2952/1382/5274
f 2952/1382/5274 3309/1352/5287 3310/1381/5288 2953/1415/5279
f 2953/5786/5279 3310/5796/5288 3466/5797/5289 2954/5787/5280
f 2954/5787/5280 3466/5797/5289 3467/5806/5256 2955/5807/5251
f 2958/3694/1042 2957/3695/4337 2959/3691/4336 2960/3692/5290
f 5014/3696/1043 2958/3694/1042 2960/3692/5290 3330/3693/5291
f 2959/3691/4336 3441/3688/4335 2961/3689/4343 2960/3692/5290
f 2960/3692/5290 2961/3689/4343 3331/3690/5292 3330/3693/5291
f 3331/3690/5292 2961/3689/4343 5603/3684/4342 5604/3687/5293
f 2963/788/188 2962/797/187 2973/808/196 2974/798/5294
f 2964/780/189 2963/788/188 2974/798/5294 2975/789/4548
f 2965/781/190 2964/780/189 2975/789/4548 2976/790/4546
f 2239/782/191 2965/781/190 2976/790/4546 2238/791/216
f 2967/8438/180 2966/8441/182 2977/8439/4230 2978/8436/4237
f 2967/8438/180 2978/8436/4237 2979/8433/5295 2968/8435/181
f 2968/8435/181 2979/8433/5295 2980/8430/5296 2969/8432/192
f 2970/8429/193 2969/8432/192 2980/8430/5296 2981/8426/5297
f 2971/8428/194 2970/8429/193 2981/8426/5297 2982/8424/5298
f 2972/814/195 2971/822/194 2982/830/5298 2983/823/5299
f 2973/808/196 2972/814/195 2983/823/5299 2984/815/4557
f 2974/798/5294 2973/808/196 2984/815/4557 2985/816/4554
f 2975/8418/4548 2974/8419/5294 2985/8417/4554 2986/8414/4549
f 2978/8436/4237 2987/8437/4235 2988/8434/4240 2979/8433/5295
f 2979/8433/5295 2988/8434/4240 2989/8431/5300 2980/8430/5296
f 2981/8426/5297 2980/8430/5296 2989/8431/5300 2990/8427/5301
f 2982/8424/5298 2981/8426/5297 2990/8427/5301 2991/8425/4564
f 2983/8422/5299 2982/8424/5298 2991/8425/4564 2992/8423/4563
f 2984/8420/4557 2983/8422/5299 2992/8423/4563 2993/8421/4558
f 2988/2264/4240 2994/2250/4239 2995/2249/4245 2989/2265/5300
f 2990/2273/5301 2989/2265/5300 2995/2249/4245 2996/2255/4838
f 2991/2294/4564 2990/2273/5301 2996/2255/4838 2997/2272/4565
f 3002/4967/982 6411/4953/1088 3222/4935/5302 3223/4968/981
f 3003/355/4879 6335/315/544 5496/334/543 6464/358/1332
f 3003/355/4879 3004/356/4880 4370/333/5303 6335/315/544
f 3004/356/4880 6302/374/2634 6297/354/559 4370/333/5303
f 3005/6370/2829 3006/6375/2827 3109/6371/4438 3108/6366/2836
f 3006/6375/2827 3007/6380/2826 3111/6376/5304 3109/6371/4438
f 3007/6380/2826 3008/6383/2828 3113/6381/5305 3111/6376/5304
f 3008/398/2828 3277/378/3995 5495/357/547 3113/377/5305
f 3010/7842/1145 5499/7864/1144 5545/7867/2676 5546/7847/2675
f 3010/7842/1145 3011/7825/2683 3012/7824/3332 5500/7843/1142
f 3012/7824/3332 5498/7841/3188 6447/7862/1143 5500/7843/1142
f 3014/2436/4139 3013/2427/765 3015/2426/4468 3016/2437/4895
f 3018/6504/561 3019/6494/5306 3354/6495/4250 6316/6505/562
f 3018/6504/561 3020/6514/560 3021/6503/5307 3019/6494/5306
f 3019/6494/5306 3350/6483/5308 3353/6482/5309 3354/6495/4250
f 3019/6494/5306 3021/6503/5307 3022/6493/5310 3350/6483/5308
f 3020/4198/560 3025/4184/568 3026/4171/5311 3021/4185/5307
f 3021/4185/5307 3026/4171/5311 3023/4170/5312 3022/4186/5310
f 3022/6493/5310 3347/6481/5313 3349/6470/5314 3350/6483/5308
f 3022/4186/5310 3023/4170/5312 3024/4181/5315 3347/4195/5313
f 3023/4170/5312 3029/4154/5316 3030/4166/5317 3024/4181/5315
f 3023/4170/5312 3026/4171/5311 3028/4153/5318 3029/4154/5316
f 3024/4181/5315 3030/4166/5317 3031/4180/1550 3345/4194/5319
f 3024/4181/5315 3345/4194/5319 3346/4206/5320 3347/4195/5313
f 3025/4184/568 3027/4169/5321 3028/4153/5318 3026/4171/5311
f 3025/4184/568 3959/4197/567 3962/4183/5322 3027/4169/5321
f 3027/4169/5321 3032/4152/5323 3033/4135/5324 3028/4153/5318
f 3027/4169/5321 3962/4183/5322 3965/4168/5325 3032/4152/5323
f 3028/4153/5318 3033/4135/5324 3034/4136/5326 3029/4154/5316
f 3029/4154/5316 3034/4136/5326 3035/4149/1556 3030/4166/5317
f 3030/4166/5317 3035/4149/1556 3036/4164/1547 3031/4180/1550
f 3031/8521/1550 6491/8517/1549 3416/8516/5271 3345/8522/5319
f 3032/4152/5323 3038/4134/5327 3039/4121/5328 3033/4135/5324
f 3032/4152/5323 3965/4168/5325 3037/4151/5329 3038/4134/5327
f 3033/4135/5324 3039/4121/5328 3040/4122/1561 3034/4136/5326
f 3034/4136/5326 3040/4122/1561 3041/4132/1554 3035/4149/1556
f 3037/4151/5329 3967/4167/5330 3969/4155/5331 3042/4137/5332
f 3037/4151/5329 3965/4168/5325 3964/4182/5333 3967/4167/5330
f 3037/4151/5329 3042/4137/5332 3043/4123/5334 3038/4134/5327
f 3038/4134/5327 3043/4123/5334 3044/4113/1571 3039/4121/5328
f 3039/4121/5328 3044/4113/1571 3045/4112/1558 3040/4122/1561
f 3042/4137/5332 3969/4155/5331 3971/4138/3450 3046/4124/5335
f 3042/4137/5332 3046/4124/5335 3047/4114/5336 3043/4123/5334
f 3043/4123/5334 3047/4114/5336 3048/4109/1568 3044/4113/1571
f 3046/4124/5335 3971/4138/3450 3972/4139/3449 3049/4125/5337
f 3046/4124/5335 3049/4125/5337 3050/4115/1591 3047/4114/5336
f 3047/4114/5336 3050/4115/1591 3051/4110/1569 3048/4109/1568
f 3049/4125/5337 3052/4140/1601 3053/4126/1589 3050/4115/1591
f 3049/4125/5337 3972/4139/3449 3973/4156/3451 3052/4140/1601
f 3052/4140/1601 3973/4156/3451 3974/4172/1616 3054/4157/1598
f 3465/3700/1034 3056/3703/1038 5766/3704/5338 4582/3701/5339
f 3056/3703/1038 5767/3706/5340 5765/3707/5341 5766/3704/5338
f 3056/6923/1038 5938/6924/1037 6174/6925/1223 5767/6926/5340
f 3057/2222/4243 3060/2214/1825 3061/2213/702 3058/2223/701
f 3057/2222/4243 6233/2229/4242 3059/2224/1822 3060/2214/1825
f 3064/2430/1530 3065/2441/5342 5758/2434/5343 5452/2424/1532
f 3064/7353/1530 6502/7354/1529 4299/7349/4633 3065/7347/5342
f 3065/7347/5342 4299/7349/4633 4382/7343/5344 5756/7341/5345
f 3065/7347/5342 5756/7341/5345 5757/7342/5346 5758/7348/5343
f 5742/7640/5347 5743/7645/5348 6161/7642/1461 6058/7638/1459
f 3067/7639/5349 5742/7640/5347 6058/7638/1459 4289/7637/1455
f 3067/7639/5349 3069/7643/5350 5744/7644/5351 5742/7640/5347
f 3067/935/5349 6063/936/5352 3068/922/5353 3069/911/5350
f 6063/936/5352 3067/935/5349 4289/952/1455 4288/953/1454
f 3068/922/5353 5037/914/5354 6444/902/986 3069/911/5350
f 3068/922/5353 6065/934/5355 5039/925/5356 5037/914/5354
f 3068/922/5353 6063/936/5352 6062/949/5357 6065/934/5355
f 3069/911/5350 6444/902/986 5983/901/985 5744/912/5351
f 3071/441/65 3073/443/69 3074/472/4290 3072/470/4283
f 3073/9276/69 3076/9277/74 3077/9275/88 3074/9270/4290
f 3074/9270/4290 3077/9275/88 3078/9271/4294 3075/9264/4288
f 3077/4970/88 3081/4956/87 3082/4972/5358 3078/4991/4294
f 3078/4991/4294 3082/4972/5358 3083/4994/5359 3079/5012/4295
f 3079/5012/4295 3083/4994/5359 3084/5015/4301 3080/5036/4296
f 3081/4956/87 3086/4951/86 3087/4965/99 3082/4972/5358
f 3082/4972/5358 3087/4965/99 3088/4986/5360 3083/4994/5359
f 3083/4994/5359 3088/4986/5360 3089/5009/5361 3084/5015/4301
f 3084/5015/4301 3089/5009/5361 3090/5033/4302 3085/5039/4299
f 3087/4965/99 3092/4964/98 3093/4985/5362 3088/4986/5360
f 3088/4986/5360 3093/4985/5362 3094/5008/5363 3089/5009/5361
f 3089/5009/5361 3094/5008/5363 5550/5032/5364 3090/5033/4302
f 3090/5033/4302 5550/5032/5364 5551/5054/4867 3091/5055/4303
f 3092/4964/98 5783/4984/100 5784/5007/5365 3093/4985/5362
f 3093/4985/5362 5784/5007/5365 5785/5031/5366 3094/5008/5363
f 3094/5008/5363 5785/5031/5366 5786/5053/5367 5550/5032/5364
f 3095/2466/5368 3318/2467/4026 5032/2451/2708 6400/2459/640
f 3095/7150/5368 3096/7151/5369 3319/7144/4024 3318/7141/4026
f 3095/7150/5368 6465/7157/5370 5095/7158/5371 3096/7151/5369
f 3095/2466/5368 6400/2459/640 3728/2477/635 6465/2478/5370
f 3096/7151/5369 5095/7158/5371 4735/7161/1281 4736/7154/1280
f 3096/7151/5369 4736/7154/1280 3426/7148/1282 3319/7144/4024
f 3097/54/58 3102/74/1937 3103/55/1936 3098/40/60
f 3098/40/60 3103/55/1936 3104/41/1934 3099/28/61
f 3109/6371/4438 3111/6376/5304 3112/6372/4443 3110/6367/4439
f 3111/6376/5304 3113/6381/5305 3114/6377/4446 3112/6372/4443
f 3113/377/5305 5495/357/547 5497/336/546 3114/360/4446
f 3115/4018/5372 4349/4023/5373 4348/4020/5374 3118/4014/2167
f 3115/4018/5372 4332/4025/5375 6319/4028/5376 4349/4023/5373
f 3115/4018/5372 3116/4019/2164 4333/4024/5377 4332/4025/5375
f 3115/4018/5372 3118/4014/2167 3119/4013/2162 3116/4019/2164
f 3116/4019/2164 3117/4022/1905 4334/4027/1908 4333/4024/5377
f 3118/4014/2167 4348/4020/5374 6184/4015/5378 3120/4008/2165
f 3120/4008/2165 6184/4015/5378 6217/4009/5379 6191/4002/2166
f 3121/9113/4693 3127/9107/4697 3128/9112/5380 3122/9118/4694
f 3122/5590/4694 3128/5593/5380 4281/5591/5381 3123/5586/4695
f 3123/5586/4695 4281/5591/5381 3803/5588/5382 3802/5582/1510
f 3125/9095/3298 3129/9094/3297 3130/9099/3301 3126/9100/4696
f 3126/9100/4696 3130/9099/3301 3131/9106/5383 3127/9107/4697
f 3127/9107/4697 3131/9106/5383 4282/9111/5384 3128/9112/5380
f 3128/5593/5380 4282/5596/5384 4283/5595/5385 4281/5591/5381
f 3131/9106/5383 3130/9099/3301 4279/9105/3300 5103/9110/5386
f 4282/9111/5384 3131/9106/5383 5103/9110/5386 5104/9117/5387
f 3138/2517/5027 3137/2503/1356 3141/2515/1352 3142/2526/1354
f 3139/4084/5028 3138/4085/5027 3142/4074/1354 3143/4079/5388
f 3140/4087/4200 3139/4084/5028 3143/4079/5388 1950/4086/1541
f 3143/4079/5388 3142/4074/1354 3144/4066/1349 3145/4071/5389
f 1950/4086/1541 3143/4079/5388 3145/4071/5389 457/4080/1539
f 3145/4071/5389 3144/4066/1349 3146/4065/1342 3147/4072/1344
f 457/4080/1539 3145/4071/5389 3147/4072/1344 456/4081/509
f 456/4081/509 3147/4072/1344 3148/4078/502 180/4083/503
f 5413/6888/4579 3149/6887/4462 3150/6891/4461 5415/6892/5390
f 3150/9331/4461 3151/9330/4465 3152/9334/5391 5415/9335/5390
f 3152/2489/5391 3151/2481/4465 3153/2480/4174 3154/2490/5392
f 5416/2512/5393 5415/2513/5390 3152/2489/5391 5417/2501/5394
f 3152/2489/5391 3154/2490/5392 5418/2500/1393 5417/2501/5394
f 3154/2490/5392 3153/2480/4174 3155/2488/4173 3156/2499/5395
f 3154/2490/5392 3156/2499/5395 5419/2509/1390 5418/2500/1393
f 3156/6825/5395 3155/6822/4173 3157/6821/1425 3158/6826/1536
f 3156/6825/5395 3158/6826/1536 3159/6831/1391 5419/6832/1390
f 3160/34/5396 3261/24/2266 3162/14/5397 3163/23/5398
f 5504/35/1160 3261/24/2266 3160/34/5396 3730/48/1155
f 3160/8232/5396 3161/8230/5399 5316/8226/1152 3730/8229/1155
f 3161/6933/5399 3160/6934/5396 3163/6930/5398 3164/6929/5400
f 3636/6939/5401 3161/6933/5399 3164/6929/5400 3165/6937/5402
f 3161/8230/5399 3636/8231/5401 5317/8227/1153 5316/8226/1152
f 3162/14/5397 3263/15/5403 3264/6/43 3166/5/45
f 3263/15/5403 3162/14/5397 3261/24/2266 5503/25/2265
f 3163/23/5398 3162/14/5397 3166/5/45 3167/13/5404
f 3164/6929/5400 3163/6930/5398 3167/6931/5404 3168/6932/5405
f 3165/6937/5402 3164/6929/5400 3168/6932/5405 3169/6938/5406
f 3638/3658/5407 3165/3662/5402 3169/3670/5406 3170/3663/3406
f 3636/3656/5401 3165/3662/5402 3638/3658/5407 3637/3653/4810
f 4085/3659/5408 3638/3658/5407 3170/3663/3406 4086/3664/3405
f 3167/13/5404 3166/5/45 4070/1/37 4071/12/2536
f 3168/6932/5405 3167/6931/5404 4071/6935/2536 4072/6936/5409
f 3169/6938/5406 3168/6932/5405 4072/6936/5409 4073/6942/5410
f 4074/3671/3403 3170/3663/3406 3169/3670/5406 4073/3678/5410
f 3171/7822/3193 3871/7807/3331 3873/7808/5411 3174/7823/5412
f 3172/7839/3194 3171/7822/3193 3174/7823/5412 3175/7840/5413
f 3173/7859/3195 3172/7839/3194 3175/7840/5413 3176/7860/3200
f 3174/7823/5412 3873/7808/5411 3875/7821/5414 3179/7838/5415
f 3175/7840/5413 3174/7823/5412 3179/7838/5415 3180/7858/5416
f 3176/7860/3200 3175/7840/5413 3180/7858/5416 3181/7880/3211
f 3176/7860/3200 3181/7880/3211 3182/7897/3203 3177/7882/3199
f 3180/7858/5416 3179/7838/5415 3184/7857/5417 3185/7879/3216
f 3179/7838/5415 3875/7821/5414 3183/7837/5418 3184/7857/5417
f 3181/7880/3211 3180/7858/5416 3185/7879/3216 3186/7896/3209
f 3183/7837/5418 3876/7820/5419 3877/7836/5420 3187/7856/5421
f 3183/7837/5418 3875/7821/5414 3874/7806/5422 3876/7820/5419
f 3183/7837/5418 3187/7856/5421 3188/7878/3224 3184/7857/5417
f 3185/7879/3216 3184/7857/5417 3188/7878/3224 3189/7895/3213
f 3187/7856/5421 3191/7877/5423 3192/7894/3222 3188/7878/3224
f 3187/7856/5421 3877/7836/5420 3190/7855/5424 3191/7877/5423
f 3190/7855/5424 3878/7835/5425 3879/7854/5426 3193/7876/3239
f 3190/7855/5424 3877/7836/5420 3447/7819/5427 3878/7835/5425
f 3190/7855/5424 3193/7876/3239 3194/7893/3238 3191/7877/5423
f 3191/7877/5423 3194/7893/3238 3195/7909/3223 3192/7894/3222
f 3193/7876/3239 3879/7854/5426 3196/7874/3249 3197/7892/3235
f 3196/569/3249 3451/535/5428 3452/509/5232 3198/538/3247
f 3196/7874/3249 3879/7854/5426 3450/7834/5429 3451/7875/5428
f 3200/2609/5430 5404/2610/1712 5403/2605/1714 5428/2604/4799
f 3203/8399/5431 3200/8400/5430 5428/8398/4799 3202/8397/4798
f 3200/8400/5430 3203/8399/5431 3204/8401/1721 3201/8402/1720
f 3485/2614/1713 5404/2610/1712 3200/2609/5430 3201/2615/1720
f 3203/4684/5431 3202/4690/4798 4405/4691/4800 4406/4685/5432
f 3204/4679/1721 3203/4684/5431 4406/4685/5432 4407/4678/2743
f 3206/2362/2756 3205/2347/1805 3208/2329/1804 3209/2346/2762
f 3523/2330/1802 3205/2347/1805 3520/2363/2755 3522/2348/5433
f 3208/2329/1804 3207/2308/1801 3211/2284/1809 3212/2307/4236
f 3209/2346/2762 3208/2329/1804 3212/2307/4236 3213/2328/4231
f 3214/8442/2765 3210/8445/2760 3209/8446/2762 3213/8443/4231
f 3220/8497/1442 3317/8498/5257 3315/8494/1440 6443/8493/1439
f 3220/8497/1442 3221/8504/1445 5728/8505/5258 3317/8498/5257
f 3221/5699/1445 4414/5694/1444 4415/5693/1450 4416/5700/4817
f 3221/5699/1445 4416/5700/4817 5729/5710/5434 5728/5711/5258
f 3222/393/5302 3300/394/76 3224/373/79 3223/353/981
f 3222/4935/5302 3302/4923/5435 3301/4914/77 3300/4922/76
f 3222/4935/5302 6411/4953/1088 3304/4937/580 3302/4923/5435
f 3224/373/79 3299/395/71 3298/391/70 3225/369/980
f 3226/9168/3155 5596/9167/3942 5595/9169/5436 4448/9170/3156
f 3247/4417/2609 3227/4421/2601 3242/4422/4885 3246/4418/5437
f 3228/4416/2612 3250/4413/2613 3252/4409/3935 3229/4412/2617
f 3229/4412/2617 3252/4409/3935 3253/4404/3934 3254/4406/3940
f 3229/4412/2617 3254/4406/3940 3231/4411/2621 3230/4415/2616
f 3231/4411/2621 3254/4406/3940 3255/4403/3939 3232/4407/2624
f 3233/6948/2625 3232/6949/2624 3234/6950/3983 3235/6951/5438
f 3232/4407/2624 3255/4403/3939 3256/4399/3941 3234/4408/3983
f 3508/626/2626 3233/654/2625 3235/682/5438 3510/655/5439
f 3235/682/5438 3234/721/3983 4455/722/3984 5717/704/5440
f 5715/683/5441 3510/655/5439 3235/682/5438 5717/704/5440
f 4463/657/3977 3511/627/3974 3510/655/5439 5715/683/5441
f 3236/452/3910 3237/425/3913 4451/402/1330 4450/423/1328
f 3237/425/3913 4453/418/4881 4452/396/4876 4451/402/1330
f 4453/418/4881 3237/425/3913 3238/454/3914 3239/444/3917
f 4453/418/4881 3239/444/3917 3240/445/4883 4454/419/4882
f 3240/445/4883 3239/444/3917 3243/473/3918 3244/474/3922
f 3241/7800/4884 3240/7814/4883 3244/7831/3922 3245/7815/5442
f 3242/7801/4885 3241/7800/4884 3245/7815/5442 3246/7816/5437
f 3245/7815/5442 3244/7831/3922 1789/7851/3921 3248/7832/3926
f 3246/7816/5437 3245/7815/5442 3248/7832/3926 3249/7833/3928
f 3250/4413/2613 3247/4417/2609 3246/4418/5437 3249/4414/3928
f 3252/4409/3935 3250/4413/2613 3249/4414/3928 3251/4410/3929
f 3257/11/2535 3258/22/2534 3259/32/5443 4075/33/5444
f 4071/6935/2536 3257/6940/2535 4075/6941/5444 4072/6936/5409
f 3258/22/2534 6449/31/828 3260/47/5445 3259/32/5443
f 3259/6944/5443 4077/6945/5446 4076/6943/5447 4075/6941/5444
f 3259/32/5443 3260/47/5445 4062/66/5448 4077/67/5446
f 3260/47/5445 3625/65/5449 3623/88/5450 4062/66/5448
f 3260/47/5445 6449/31/828 3624/64/1977 3625/65/5449
f 3262/26/5451 3263/15/5403 5503/25/2265 5599/37/2264
f 3262/26/5451 5600/38/5452 5598/27/47 5601/16/44
f 5600/38/5452 3262/26/5451 5599/37/2264 6148/52/1218
f 3264/6/43 3263/15/5403 3262/26/5451 5601/16/44
f 5723/3046/734 3268/3050/3142 5724/3051/5453 5725/3047/737
f 3268/3050/3142 4522/3059/3144 4526/3060/5454 5724/3051/5453
f 3270/7679/522 3271/7691/555 3273/7692/558 3848/7680/520
f 3272/7709/5455 3847/7693/5456 3273/7692/558 3274/7708/557
f 3272/7709/5455 5154/7725/2814 5153/7710/2813 3847/7693/5456
f 3272/7709/5455 6302/7726/2634 6337/7739/2633 5154/7725/2814
f 3272/7709/5455 3274/7708/557 6297/7724/559 6302/7726/2634
f 3273/7692/558 3847/7693/5456 3846/7681/521 3848/7680/520
f 3275/7668/527 5225/7677/5457 5226/7689/563 3276/7678/528
f 3275/7668/527 5222/7667/525 5224/7676/5458 5225/7677/5457
f 3277/378/3995 6464/358/1332 5496/334/543 5495/357/547
f 3280/3063/929 3279/3056/738 3281/3055/740 3282/3064/939
f 3282/3064/939 3281/3055/740 5361/3062/744 5362/3069/5459
f 3283/3070/937 3282/3064/939 5362/3069/5459 4041/3075/946
f 4042/8148/951 3284/8149/944 4041/8146/946 4054/8145/5460
f 3288/8067/4207 5467/8072/4191 5468/8068/4215 3289/8065/4208
f 3288/4051/4207 5602/4050/4211 5466/4053/4187 5467/4054/4191
f 3289/8065/4208 4188/8066/5461 3291/8063/4212 3290/8062/4209
f 3289/8065/4208 5468/8068/4215 5746/8069/5462 4188/8066/5461
f 3291/5663/4212 4189/5660/4198 4190/5655/628 3292/5659/627
f 3291/8063/4212 4188/8066/5461 5747/8070/5463 4189/8071/4198
f 3293/4046/4210 3294/4044/4204 4185/4043/4199 4184/4047/4197
f 3293/4046/4210 4184/4047/4197 4195/4049/4196 5602/4050/4211
f 6119/3669/2263 3295/3668/1770 5605/3676/1773 5456/3677/5464
f 3295/3668/1770 6119/3669/2263 6359/3657/2262 6120/3661/1771
f 3296/4910/82 3301/4914/77 3302/4923/5435 3303/4915/5465
f 3296/4910/82 3303/4915/5465 6407/4916/5466 5412/4911/89
f 3302/4923/5435 3304/4937/580 4957/4925/579 3303/4915/5465
f 3303/4915/5465 4957/4925/579 6229/4926/583 6407/4916/5466
f 3306/1355/2702 3311/1320/2701 3312/1292/5467 3307/1321/5285
f 3307/1321/5285 3312/1292/5467 3313/1293/5468 3308/1322/5286
f 3308/1322/5286 3313/1293/5468 3468/1318/5469 3309/1352/5287
f 3309/1352/5287 3468/1318/5469 3469/1351/5470 3310/1381/5288
f 3310/5796/5288 3469/5804/5470 3470/5805/1437 3466/5797/5289
f 3311/1320/2701 3314/1294/1475 3472/1266/1472 3312/1292/5467
f 3312/1292/5467 3472/1266/1472 3473/1265/1470 3313/1293/5468
f 3313/1293/5468 3473/1265/1470 3474/1290/1469 3468/1318/5469
f 3315/8494/1440 3316/8499/5254 3467/8500/5256 3471/8495/1436
f 3318/7141/4026 6501/7124/29 6231/7134/4471 5032/7142/2708
f 3320/6316/2439 3908/6317/5471 3907/6323/5472 3909/6324/5473
f 3320/6316/2439 3898/6314/2429 3899/6313/2412 3908/6317/5471
f 3320/6316/2439 3909/6324/5473 3910/6327/5474 3897/6320/2436
f 3321/6321/2411 3905/6322/5475 3908/6317/5471 3899/6313/2412
f 3321/924/2411 3322/913/2414 3902/926/5476 3905/937/5475
f 3322/913/2414 5037/914/5354 5039/925/5356 3902/926/5476
f 3322/913/2414 6341/903/991 6444/902/986 5037/914/5354
f 3324/547/695 6461/515/2801 6383/489/2669 6405/546/696
f 3324/547/695 6429/581/698 3425/582/5477 6461/515/2801
f 3326/5481/4395 4241/5480/4394 4242/5484/4402 4243/5485/5478
f 3690/3033/4400 3689/3031/4396 3326/3030/4395 4243/3034/5478
f 3327/2445/759 3855/2454/761 3856/2450/2707 6480/2440/766
f 3328/2697/4134 4326/2691/755 4327/2690/754 3329/2698/758
f 3328/2697/4134 5012/2706/4541 4325/2699/4543 4326/2691/755
f 5012/5501/4541 3328/5496/4134 5009/5497/4135 5008/5502/4542
f 5014/8551/1043 3330/8549/5291 5016/8550/4326 5015/8552/1044
f 3330/8549/5291 3331/8548/5292 5017/8547/4334 5016/8550/4326
f 5473/8545/4340 5017/8547/4334 3331/8548/5292 5604/8546/5293
f 4584/9289/4329 3332/9288/5479 4582/9292/5339 4581/9293/5480
f 3333/3697/1035 3465/3700/1034 4582/3701/5339 3332/3698/5479
f 2958/3694/1042 3333/3697/1035 3332/3698/5479 2957/3695/4337
f 3332/9288/5479 4584/9289/4329 2956/9284/4328 2957/9285/4337
f 3334/1412/5481 5035/1444/598 5036/1413/601 3335/1379/3395
f 3334/6466/5481 4202/6467/5482 5034/6456/595 5035/6455/598
f 3334/6466/5481 4205/6477/5082 4206/6478/5084 4202/6467/5482
f 3334/1412/5481 3335/1379/3395 6346/1348/3387 4205/1411/5082
f 3335/1379/3395 5036/1413/601 4719/1414/604 5449/1380/3396
f 3336/236/4261 3340/213/814 3341/191/812 3337/212/4263
f 3343/6475/5483 3344/6464/591 3494/6474/594 3495/6488/5484
f 3343/6475/5483 3352/6469/5485 3351/6459/592 3344/6464/591
f 3343/6475/5483 3492/6489/5486 3353/6482/5309 3352/6469/5485
f 3343/6475/5483 3495/6488/5484 3496/6498/5487 3492/6489/5486
f 3345/6479/5319 3416/6480/5271 3417/6457/5488 3346/6468/5320
f 3346/6468/5320 3348/6458/5489 3349/6470/5314 3347/6481/5313
f 3346/6468/5320 3417/6457/5488 3418/6450/5490 3348/6458/5489
f 3348/6458/5489 3351/6459/592 3352/6469/5485 3349/6470/5314
f 3348/6458/5489 3418/6450/5490 3419/6451/588 3351/6459/592
f 3349/6470/5314 3352/6469/5485 3353/6482/5309 3350/6483/5308
f 3353/6482/5309 3492/6489/5486 3493/6499/4247 3354/6495/4250
f 3361/5301/273 3363/5312/275 3364/5322/284 3362/5313/2780
f 3362/7397/2780 3364/7388/284 3365/7393/3834 4274/7398/2781
f 3364/7388/284 3366/7387/283 3367/7392/3833 3365/7393/3834
f 3366/7387/283 3368/7391/285 3369/7394/292 3367/7392/3833
f 3371/8715/892 4159/8714/1972 4160/8718/1696 4158/8719/893
f 3372/4357/1971 4162/4353/2508 4163/4346/2511 4159/4351/1972
f 3373/3548/2846 3375/3547/3422 5352/3550/3383 6368/3551/2851
f 3376/892/989 6341/903/991 3380/915/2416 3377/904/2360
f 5685/8570/2361 3378/8571/2363 3379/8567/5491 5686/8565/5492
f 3377/904/2360 3380/915/2416 3381/928/2420 3378/916/2363
f 3378/8571/2363 3381/8576/2420 3382/8572/2423 3379/8567/5491
f 5686/8565/5492 3379/8567/5491 5610/8568/5493 5487/8566/5494
f 3379/8567/5491 3382/8572/2423 5612/8573/2426 5610/8568/5493
f 566/841/716 3388/850/447 3383/851/451 3384/842/717
f 167/5470/449 3387/5469/448 5109/5468/1830 166/5471/453
f 564/5466/714 5109/5468/1830 3387/5469/448 565/5467/715
f 3390/8646/5495 4436/8653/5496 4434/8654/5497 5824/8648/5498
f 3390/8646/5495 3393/8647/5499 3394/8652/5500 4436/8653/5496
f 3390/8646/5495 5707/8640/5501 3392/8639/5502 3393/8647/5499
f 3390/8646/5495 5824/8648/5498 4705/8641/5503 5707/8640/5501
f 3391/457/5504 5708/429/4744 3984/428/5505 3395/458/5506
f 3391/8633/5504 5706/8634/5507 4132/8629/4745 5708/8628/4744
f 3391/8633/5504 3392/8639/5502 5707/8640/5501 5706/8634/5507
f 3391/457/5504 3395/458/5506 3396/487/5508 3392/488/5502
f 3392/993/5502 3396/994/5508 3397/976/5509 3393/975/5499
f 3393/975/5499 3397/976/5509 3398/959/5510 3394/958/5500
f 3394/8652/5500 4439/8658/5511 4437/8659/4417 4436/8653/5496
f 3394/958/5500 3398/959/5510 3399/944/5512 4439/945/5511
f 3395/458/5506 3986/485/4267 3987/512/4269 3396/487/5508
f 3395/458/5506 3984/428/5505 3985/455/977 3986/485/4267
f 3396/487/5508 3987/512/4269 3988/540/4272 3397/542/5509
f 3397/542/5509 3988/540/4272 3989/573/4276 3398/575/5510
f 3398/959/5510 3989/973/4276 3990/957/4279 3399/944/5512
f 3399/944/5512 3990/957/4279 3991/946/4282 4441/930/4423
f 3399/944/5512 4441/930/4423 4440/929/4421 4439/945/5511
f 3400/4428/2603 3404/4430/5226 3401/4431/2629 3402/4425/2604
f 3400/6811/2603 3517/6810/2605 3405/6809/1329 3404/6812/5226
f 3408/3263/1130 3750/3248/1133 3751/3230/5513 3409/3246/1139
f 3409/3246/1139 3751/3230/5513 5577/3229/2356 5321/3247/1140
f 5576/3208/2353 5577/3229/2356 3751/3230/5513 3748/3209/5514
f 3410/3281/1135 6388/3280/1134 6094/3298/5515 3411/3299/1148
f 3411/8218/1148 6094/8220/5515 6095/8221/5516 6093/8219/1149
f 4240/4763/692 3412/4759/2672 4237/4762/4031 4238/4767/693
f 3413/3640/3268 4324/3638/4893 4474/3634/1029 4323/3637/1032
f 3414/9356/3267 4323/9357/1032 4313/9354/1031 4316/9355/4505
f 3414/4818/3267 4316/4815/4505 4318/4816/3270 3415/4819/3255
f 3416/8516/5271 3423/8512/5270 3420/8519/5517 3417/8520/5488
f 3417/6457/5488 3420/6452/5517 3421/6446/2841 3418/6450/5490
f 3418/6450/5490 3421/6446/2841 5469/6445/589 3419/6451/588
f 3420/6452/5517 3424/6453/5253 5470/6447/2839 3421/6446/2841
f 3420/6452/5517 3423/6460/5270 3422/6461/5249 3424/6453/5253
f 3425/7181/5477 6429/7172/698 4145/7164/1291 4144/7171/1288
f 3425/582/5477 4578/583/5189 4579/548/5188 6461/515/2801
f 3425/582/5477 4144/610/1288 4738/611/1284 4578/583/5189
f 3428/3479/121 5647/3473/1779 5617/3466/5518 3868/3475/122
f 3429/3439/5519 5654/3440/5520 5621/3433/5521 3503/3432/5522
f 3429/3439/5519 5620/3446/5523 5650/3447/5524 5654/3440/5520
f 3429/8920/5519 3430/8921/5525 4003/8922/5526 5620/8923/5523
f 3429/8920/5519 3503/8919/5522 3433/8918/5527 3430/8921/5525
f 3430/6421/5525 3431/6422/5528 4004/6419/5529 4003/6418/5526
f 3430/6421/5525 3433/6423/5527 3434/6424/5530 3431/6422/5528
f 3431/3575/5528 3432/3576/5531 4005/3579/5532 4004/3580/5529
f 3431/3575/5528 3434/3571/5530 5655/3572/5533 3432/3576/5531
f 3432/3576/5531 5635/3578/5534 5640/3582/5535 4005/3579/5532
f 3432/3576/5531 5655/3572/5533 3534/3574/5536 5635/3578/5534
f 3433/6423/5527 3435/6425/4929 3436/6426/4928 3434/6424/5530
f 3433/8918/5527 3503/8919/5522 3502/8915/4931 3435/8914/4929
f 3434/3571/5530 3436/3564/4928 3535/3565/5537 5655/3572/5533
f 3436/3564/4928 3536/3557/4927 3537/3558/5538 3535/3565/5537
f 3438/8314/1309 5966/8313/1305 5398/8316/2674 6404/8317/3889
f 2063/227/4325 4583/248/4330 3439/249/1041 5015/228/1044
f 5626/270/1039 3439/249/1041 4583/248/4330 4580/269/5539
f 6119/9290/2263 5456/9287/5464 5455/9286/3997 3440/9291/2261
f 3445/7788/5540 5590/7771/5541 5591/7754/1239 5592/7769/1238
f 3445/7788/5540 3874/7806/5422 3872/7789/5542 5590/7771/5541
f 3445/7788/5540 3446/7805/5543 3876/7820/5419 3874/7806/5422
f 3445/7788/5540 5592/7769/1238 5593/7787/1240 3446/7805/5543
f 3446/7805/5543 3447/7819/5427 3877/7836/5420 3876/7820/5419
f 3446/7805/5543 5593/7787/1240 3448/7804/1242 3447/7819/5427
f 3447/7819/5427 3448/7804/1242 3449/7818/1245 3878/7835/5425
f 3449/7818/1245 5594/7803/1244 3453/7817/2812 3450/7834/5429
f 3449/7818/1245 3450/7834/5429 3879/7854/5426 3878/7835/5425
f 3450/568/5429 3453/536/2812 4716/508/5544 3451/535/5428
f 3451/535/5428 4716/508/5544 4713/477/5545 3452/509/5232
f 3452/509/5232 4713/477/5545 6281/476/2402 6380/507/2393
f 3453/536/2812 3869/510/1318 4714/478/1317 4716/508/5544
f 3454/7770/5546 4743/7772/2689 4744/7756/5547 4039/7755/3327
f 3454/7770/5546 5589/7790/3330 6358/7791/2682 4743/7772/2689
f 3454/7770/5546 5590/7771/5541 3872/7789/5542 5589/7790/3330
f 3454/7770/5546 4039/7755/3327 5591/7754/1239 5590/7771/5541
f 3455/3902/5548 3673/3905/5549 3601/3909/5550 3457/3906/5551
f 3455/3902/5548 5208/3898/1272 3668/3901/1271 3673/3905/5549
f 3455/3902/5548 3456/3903/1865 5209/3899/1273 5208/3898/1272
f 3455/3902/5548 3457/3906/5551 4335/3907/1866 3456/3903/1865
f 3457/3906/5551 3601/3909/5550 3603/3913/5552 3458/3910/5553
f 3457/3906/5551 3458/3910/5553 4336/3911/4634 4335/3907/1866
f 3458/3910/5553 3603/3913/5552 3655/3917/5554 3459/3914/5555
f 3458/3910/5553 3459/3914/5555 4337/3915/4635 4336/3911/4634
f 3459/3914/5555 3655/3917/5554 3656/3925/5556 3460/3918/5557
f 3459/3914/5555 3460/3918/5557 4339/3919/5558 4337/3915/4635
f 3460/3918/5557 3656/3925/5556 3657/3930/5559 4341/3926/5560
f 3460/3918/5557 4341/3926/5560 4342/3927/5561 4339/3919/5558
f 3461/8008/2094 3614/8006/5562 3613/8005/5563 3618/8009/2095
f 3461/3945/2094 3462/3941/2097 3658/3935/5564 3614/3940/5562
f 3462/3941/2097 6025/3946/2096 6026/3942/5565 3463/3936/5566
f 3462/3941/2097 3463/3936/5566 4344/3931/5567 3658/3935/5564
f 3463/3936/5566 6026/3942/5565 6027/3943/5568 3464/3937/5569
f 3463/3936/5566 3464/3937/5569 4345/3932/5570 4344/3931/5567
f 3464/3937/5569 4347/3944/4640 4346/3938/4639 4345/3932/5570
f 3464/3937/5569 6027/3943/5568 6028/3949/4642 4347/3944/4640
f 3466/5797/5289 3470/5805/1437 3471/5816/1436 3467/5806/5256
f 3468/1318/5469 3474/1290/1469 3475/1317/1471 3469/1351/5470
f 3469/5804/5470 3475/5814/1471 3476/5815/1438 3470/5805/1437
f 3475/1317/1471 3477/1289/1447 3478/1349/1443 3476/1350/1438
f 3479/4061/584 6326/4059/1533 4194/4058/4193 6336/4062/585
f 3480/8464/1419 6474/8463/1418 6232/8468/1362 3482/8469/4575
f 5431/8387/4814 5429/8388/5571 4398/8383/5073 4399/8382/4788
f 5768/2576/1387 5522/2564/1389 4398/2575/5073 5429/2586/5571
f 5105/3459/3293 5106/3449/3292 3487/3448/5572 4283/3460/5385
f 3488/3441/1728 3487/3448/5572 5106/3449/3292 5013/3442/3295
f 3488/3441/1728 5013/3442/3295 5199/3434/2228 6473/3428/1734 6467/3443/1725
f 3486/3452/1727 3803/3458/5382 3487/3448/5572 3488/3441/1728
f 3486/5587/1727 3801/5583/1508 3802/5582/1510 3803/5588/5382
f 3487/5594/5572 3803/5588/5382 4281/5591/5381 4283/5595/5385
f 3489/314/4252 3491/293/4251 4371/273/4258 3490/292/4721
f 3489/314/4252 4370/333/5303 6297/354/559 6316/332/562
f 3489/314/4252 3490/292/4721 6335/315/544 4370/333/5303
f 3490/292/4721 4371/273/4258 4148/254/5573 4147/275/4719
f 3492/6489/5486 3496/6498/5487 3497/6509/4248 3493/6499/4247
f 3494/6474/594 5033/6465/593 4203/6476/5574 4204/6487/5575
f 3494/6474/594 4204/6487/5575 3498/6497/5576 3495/6488/5484
f 3495/6488/5484 3498/6497/5576 3499/6508/4265 3496/6498/5487
f 3496/6498/5487 3499/6508/4265 3500/6518/4256 3497/6509/4248
f 3498/6497/5576 4204/6487/5575 4208/6496/5577 4209/6507/5578
f 3498/6497/5576 4209/6507/5578 3501/6517/4264 3499/6508/4265
f 3501/6517/4264 4209/6507/5578 4225/6516/5579 4224/6525/819
f 3502/3425/4931 6050/3426/5580 5434/3416/5581 5436/3417/4930
f 3502/3425/4931 3503/3432/5522 5621/3433/5521 6050/3426/5580
f 3511/627/3974 3509/604/3969 3508/626/2626 3510/655/5439
f 3512/656/3976 4463/657/3977 4464/684/5582 4465/685/5583
f 3514/6039/3987 3513/6045/3978 3512/6046/3976 4465/6040/5583
f 4467/6033/1789 3514/6039/3987 4465/6040/5583 4466/6034/1787
f 3518/2394/4312 4229/2381/4314 3521/2364/5584 3519/2380/5585
f 4520/2401/4313 3518/2394/4312 3519/2380/5585 4519/2393/5586
f 3519/2380/5585 3521/2364/5584 3522/2348/5433 3520/2363/2755
f 4519/2393/5586 3519/2380/5585 3520/2363/2755 4518/2379/2754
f 3522/2348/5433 3521/2364/5584 3524/2349/3943 3525/2331/3946
f 3523/2330/1802 3522/2348/5433 3525/2331/3946 3526/2309/1803
f 3521/2364/5584 4229/2381/4314 4230/2366/3944 3524/2349/3943
f 3526/2309/1803 3525/2331/3946 3528/2332/3945 3529/2310/3951
f 3527/2286/1800 3526/2309/1803 3529/2310/3951 3530/2287/1808
f 3534/3574/5536 5655/3572/5533 3535/3565/5537 6208/3570/5587
f 3534/3574/5536 5630/3577/5588 5644/3581/5589 5635/3578/5534
f 3534/3574/5536 6208/3570/5587 5631/3573/5590 5630/3577/5588
f 3535/3565/5537 3537/3558/5538 6209/3563/5591 6208/3570/5587
f 3536/3557/4927 6368/3551/2851 3995/3554/4544 3537/3558/5538
f 3537/3558/5538 3995/3554/4544 3996/3556/4545 6209/3563/5591
f 5110/874/1003 3539/861/994 5609/873/993 5659/884/2359
f 5111/894/1004 5110/874/1003 5659/884/2359 5687/895/2362
f 3540/635/1283 3542/612/5186 4578/583/5189 4738/611/1284
f 3543/2074/2091 4357/2063/5592 4361/2075/5593 3544/2086/2092
f 3543/2074/2091 3618/2062/2095 3617/2051/5594 4357/2063/5592
f 3544/2086/2092 4361/2075/5593 3545/2087/5595 3546/2098/2099
f 3545/2087/5595 3548/2099/5596 3549/2112/2104 3546/2098/2099
f 3545/2087/5595 4364/2079/5597 3547/2090/5598 3548/2099/5596
f 3545/2087/5595 4361/2075/5593 4360/2067/5599 4364/2079/5597
f 3547/2090/5598 3551/2103/5600 3552/2113/5601 3548/2099/5596
f 3547/2090/5598 4366/2091/5602 3550/2102/5603 3551/2103/5600
f 3547/2090/5598 4364/2079/5597 4363/2078/5604 4366/2091/5602
f 3548/2099/5596 3552/2113/5601 3553/2122/2110 3549/2112/2104
f 3550/2102/5603 3555/2116/5605 3556/2117/5606 3551/2103/5600
f 3550/2102/5603 4368/2115/5607 3554/2125/5608 3555/2116/5605
f 3550/2102/5603 4366/2091/5602 4365/2101/5609 4368/2115/5607
f 3551/2103/5600 3556/2117/5606 3557/2123/2131 3552/2113/5601
f 3552/2113/5601 3557/2123/2131 3558/2132/2117 3553/2122/2110
f 3554/2125/5608 4369/2134/5610 3559/2142/5611 3560/2135/5612
f 3554/2125/5608 4368/2115/5607 4367/2124/5613 4369/2134/5610
f 3554/2125/5608 3560/2135/5612 3561/2126/5614 3555/2116/5605
f 3555/2116/5605 3561/2126/5614 3562/2127/5615 3556/2117/5606
f 3556/2117/5606 3562/2127/5615 3563/2133/2128 3557/2123/2131
f 3559/9441/5611 6024/9442/5616 6214/9443/5617 3564/9444/5618
f 3559/9441/5611 4369/9445/5610 6023/9446/5619 6024/9442/5616
f 3559/2142/5611 3564/2148/5618 3565/2143/5620 3560/2135/5612
f 3560/2135/5612 3565/2143/5620 3566/2136/5621 3561/2126/5614
f 3561/2126/5614 3566/2136/5621 3567/2137/5622 3562/2127/5615
f 3562/2127/5615 3567/2137/5622 3568/2141/2129 3563/2133/2128
f 3564/2148/5618 5527/2154/5623 3569/2149/5624 3565/2143/5620
f 3564/9444/5618 6214/9443/5617 5526/9447/5625 5527/9448/5623
f 3565/2143/5620 3569/2149/5624 3570/2144/5626 3566/2136/5621
f 3566/2136/5621 3570/2144/5626 3571/2145/5627 3567/2137/5622
f 3567/2137/5622 3571/2145/5627 3572/2147/2137 3568/2141/2129
f 3569/2149/5624 3573/2155/5628 3574/2150/5629 3570/2144/5626
f 3569/2149/5624 5527/2154/5623 5529/2160/5630 3573/2155/5628
f 3570/2144/5626 3574/2150/5629 3575/2151/5631 3571/2145/5627
f 3571/2145/5627 3575/2151/5631 3576/2153/2144 3572/2147/2137
f 3573/2155/5628 5529/2160/5630 5531/2166/5632 5532/2161/5633
f 3573/2155/5628 5532/2161/5633 3577/2156/5634 3574/2150/5629
f 3574/2150/5629 3577/2156/5634 3578/2157/5635 3575/2151/5631
f 3575/2151/5631 3578/2157/5635 3579/2159/2150 3576/2153/2144
f 3577/2156/5634 5532/2161/5633 5533/2167/5636 5534/2162/5637
f 3577/2156/5634 5534/2162/5637 3580/2163/5638 3578/2157/5635
f 3578/2157/5635 3580/2163/5638 3581/2165/2157 3579/2159/2150
f 3580/2163/5638 5535/2169/5639 3582/2171/2159 3581/2165/2157
f 3580/2163/5638 5534/2162/5637 6135/2168/5640 5535/2169/5639
f 3582/2171/2159 5535/2169/5639 6138/2175/2161 6459/2177/2160
f 3583/2187/5641 3584/2184/5642 6136/2179/5643 5525/2183/5644
f 3583/6956/5641 4332/6957/5375 4333/6958/5377 3584/6959/5642
f 3583/6956/5641 6423/6960/5645 6319/6961/5376 4332/6957/5375
f 3583/2187/5641 5525/2183/5644 6132/2186/5646 6423/2188/5645
f 3584/2184/5642 5018/2180/5647 6137/2174/5648 6136/2179/5643
f 3584/6959/5642 4333/6958/5377 4334/6962/1908 5018/6963/5647
f 3585/1909/5649 5932/1898/5059 6204/1886/5053 5931/1897/5052
f 3585/1909/5649 3587/1921/5650 3588/1910/5651 5932/1898/5059
f 3585/5849/5649 5347/5850/5652 3586/5851/5653 3587/5852/5650
f 3585/5849/5649 5931/5848/5052 5280/5846/5654 5347/5850/5652
f 3586/8608/5653 5348/8609/1259 5349/8607/5655 3590/8606/5656
f 3586/8608/5653 5347/8610/5652 5346/8611/1260 5348/8609/1259
f 3586/5851/5653 3590/5853/5656 3591/5854/5657 3587/5852/5650
f 3587/5852/5650 3591/5854/5657 3592/5857/1839 3588/5858/5651
f 3588/1910/5651 3592/1922/1839 3593/1911/1838 3589/1899/5065
f 3588/1910/5651 3589/1899/5065 6205/1887/5060 5932/1898/5059
f 3589/1899/5065 3593/1911/1838 3594/1912/1841 5933/1900/5066
f 3590/5853/5656 3595/5855/1851 3596/5856/1850 3591/5854/5657
f 3590/8606/5656 5349/8607/5655 5350/8605/5658 3595/8604/1851
f 3591/5854/5657 3596/5856/1850 3597/5861/1835 3592/5857/1839
f 3595/8604/1851 5350/8605/5658 3598/8601/1860 3599/8600/1847
f 3598/3900/1860 5207/3895/1270 5209/3899/1273 3600/3904/1858
f 3598/3900/1860 5350/3896/5658 5206/3891/1267 5207/3895/1270
f 3601/7991/5550 3677/7992/5659 3602/7994/5660 3603/7995/5552
f 3601/7991/5550 3673/7989/5549 3672/7988/5661 3677/7992/5659
f 3602/7994/5660 3680/7996/5662 3604/7997/5663 3605/7998/5664
f 3602/7994/5660 3677/7992/5659 3676/7993/5665 3680/7996/5662
f 3602/3923/5660 3605/3924/5664 3655/3917/5554 3603/3913/5552
f 3604/2015/5663 3682/2003/5666 3684/2014/5667 3606/2026/5668
f 3604/2015/5663 3680/2004/5662 3679/1992/5669 3682/2003/5666
f 3604/7997/5663 3606/7999/5668 3607/8000/5670 3605/7998/5664
f 3605/7998/5664 3607/8000/5670 3656/8003/5556 3655/8004/5554
f 3606/7999/5668 3609/8001/5671 3610/8002/5672 3607/8000/5670
f 3606/2026/5668 3684/2014/5667 3608/2025/5673 3609/2038/5671
f 3607/8000/5670 3610/8002/5672 3657/8007/5559 3656/8003/5556
f 3608/2025/5673 3612/2039/5674 3613/2050/5563 3609/2038/5671
f 3608/2025/5673 3686/2019/1894 3611/2029/5675 3612/2039/5674
f 3608/2025/5673 3684/2014/5667 3683/2008/1889 3686/2019/1894
f 3609/8001/5671 3613/8005/5563 3614/8006/5562 3610/8002/5672
f 3610/3939/5672 3614/3940/5562 3658/3935/5564 3657/3930/5559
f 3611/2029/5675 3616/2043/5676 3617/2051/5594 3612/2039/5674
f 3611/2029/5675 3687/2030/1896 3615/2042/1900 3616/2043/5676
f 3611/2029/5675 3686/2019/1894 3685/2018/1893 3687/2030/1896
f 3612/2039/5674 3617/2051/5594 3618/2062/2095 3613/2050/5563
f 3615/2042/1900 4355/2054/4646 4356/2055/5677 3616/2043/5676
f 3616/2043/5676 4356/2055/5677 4357/2063/5592 3617/2051/5594
f 3619/8720/898 4161/8721/1695 5737/8722/1698 3620/8723/4808
f 3619/8720/898 4158/8719/893 4160/8718/1696 4161/8721/1695
f 3620/8723/4808 5737/8722/1698 5738/8724/4133 5516/8725/4132
f 3622/8824/895 4067/8821/894 4166/8820/1693 4165/8825/2510
f 3634/110/5678 3623/88/5450 3628/109/5242 2917/134/5241
f 3623/88/5450 3625/65/5449 3627/87/5679 3628/109/5242
f 3623/88/5450 3634/110/5678 4063/111/5680 4062/66/5448
f 3635/8753/3416 3634/8754/5678 2917/8743/5241 2918/8748/5240
f 3625/65/5449 3624/64/1977 3626/86/1981 3627/87/5679
f 3626/86/1981 3629/107/1983 3630/108/5247 3627/87/5679
f 3627/87/5679 3630/108/5247 3631/133/5243 3628/109/5242
f 3629/107/1983 3632/131/1986 3633/132/1992 3630/108/5247
f 3634/8754/5678 3635/8753/3416 6492/8760/2040 4063/8761/5680
f 5318/3648/1158 5317/3651/1153 3636/3656/5401 3637/3653/4810
f 4084/3654/4811 3637/3653/4810 3638/3658/5407 4085/3659/5408
f 3639/7206/4509 4587/7197/5681 6401/7220/752 5433/7221/4510
f 3639/7206/4509 5700/7207/4508 5704/7198/5183 4587/7197/5681
f 3640/3858/670 3643/3854/674 4015/3852/5682 4013/3855/5683
f 3640/3858/670 4013/3855/5683 5662/3860/5684 5954/3862/671
f 3641/4863/676 3645/4867/687 3646/4868/5685 3642/4864/673
f 3642/3857/673 3646/3853/5685 3647/3850/5686 3643/3854/674
f 3643/3854/674 3647/3850/5686 3648/3847/5687 4015/3852/5682
f 3644/4871/683 3649/4874/689 3650/4872/5688 3645/4867/687
f 3645/4867/687 3650/4872/5688 3651/4873/5689 3646/4868/5685
f 3646/3853/5685 3651/3849/5689 3652/3846/5690 3647/3850/5686
f 3647/3850/5686 3652/3846/5690 3653/3843/5691 3648/3847/5687
f 3648/3847/5687 4017/3848/5692 4016/3851/5693 4015/3852/5682
f 3648/3847/5687 3653/3843/5691 4018/3844/5196 4017/3848/5692
f 3649/9409/689 4098/9406/5694 4099/9407/5695 3650/9410/5688
f 3649/9409/689 4096/9411/688 4097/9408/3531 4098/9406/5694
f 3650/4872/5688 4099/4875/5695 4100/4876/5696 3651/4873/5689
f 3651/3849/5689 4100/3845/5696 4101/3842/5697 3652/3846/5690
f 3652/3846/5690 4101/3842/5697 4102/3840/5197 3653/3843/5691
f 3653/3843/5691 4102/3840/5197 3654/3839/5195 4018/3844/5196
f 3657/3930/5559 3658/3935/5564 4344/3931/5567 4341/3926/5560
f 3659/1919/1845 3660/1931/1844 3661/1943/5698 5214/1932/5069
f 3660/1931/1844 3662/1942/1843 3663/1953/5699 3661/1943/5698
f 3661/7981/5698 5217/7979/5700 5215/7976/5701 5214/7978/5069
f 3661/7981/5698 3663/7984/5699 3664/7982/5702 5217/7979/5700
f 3662/1942/1843 3665/1952/1855 3666/1967/5703 3663/1953/5699
f 3663/7984/5699 3666/7987/5703 3667/7985/5704 3664/7982/5702
f 3664/7982/5702 5219/7983/1268 5218/7980/1265 5217/7979/5700
f 3664/7982/5702 3667/7985/5704 3668/7986/1271 5219/7983/1268
f 3665/1952/1855 3670/1966/1864 3671/1979/5705 3666/1967/5703
f 3666/7987/5703 3671/7990/5705 3672/7988/5661 3667/7985/5704
f 3667/7985/5704 3672/7988/5661 3673/7989/5549 3668/7986/1271
f 3669/1958/1863 3674/1971/1872 3675/1978/5706 3670/1966/1864
f 3670/1966/1864 3675/1978/5706 3676/1993/5665 3671/1979/5705
f 3671/7990/5705 3676/7993/5665 3677/7992/5659 3672/7988/5661
f 3674/1971/1872 3678/1983/1878 3679/1992/5669 3675/1978/5706
f 3675/1978/5706 3679/1992/5669 3680/2004/5662 3676/1993/5665
f 3678/1983/1878 3681/1997/1884 3682/2003/5666 3679/1992/5669
f 3681/1997/1884 3683/2008/1889 3684/2014/5667 3682/2003/5666
f 3688/5440/4959 6223/5437/4958 6071/5436/5707 6072/5441/5708
f 3688/1063/4959 6196/1067/5709 6333/1065/1429 6195/1059/1428
f 3688/5440/4959 6072/5441/5708 4696/5444/3145 6196/5445/5709
f 4183/3036/4403 3690/3033/4400 4243/3034/5478 4245/3037/4757
f 3692/3528/3149 6126/3521/3153 6125/3526/2495 5494/3535/2477
f 3693/6411/2492 5618/6414/5710 3999/6412/5711 5616/6409/2493
f 3693/3474/2492 3868/3475/122 5617/3466/5518 5618/3467/5710
f 3693/3474/2492 5490/3480/2490 5493/3481/115 3868/3475/122
f 3694/2859/2234 6153/2853/5712 6152/2843/2737 6014/2852/2235
f 3694/8806/2234 5491/8805/2238 4007/8809/3181 6153/8810/5712
f 3695/8171/749 5439/8174/2245 5295/8175/2250 5298/8172/750
f 3695/2676/749 5438/2671/753 5437/2663/2243 5439/2670/2245
f 3696/6109/2255 3697/6113/2258 4610/6120/5713 4609/6115/2726
f 3697/6113/2258 3698/6119/5714 4611/6126/5715 4610/6120/5713
f 3697/6113/2258 3700/6112/2257 3701/6118/5716 3698/6119/5714
f 3698/6119/5714 3699/6125/5717 4612/6132/5718 4611/6126/5715
f 3698/6119/5714 3701/6118/5716 3702/6124/5719 3699/6125/5717
f 3699/6125/5717 4616/6131/5720 4613/6136/5721 4612/6132/5718
f 3699/6125/5717 3702/6124/5719 3703/6130/5722 4616/6131/5720
f 3700/2764/2257 3706/2765/2259 3707/2756/3167 3701/2755/5716
f 3701/2755/5716 3707/2756/3167 3708/2746/3174 3702/2745/5719
f 3702/2745/5719 3708/2746/3174 3709/2737/5723 3703/2729/5722
f 3703/2729/5722 3709/2737/5723 3714/2725/5724 3704/2718/5725
f 3703/2729/5722 3704/2718/5725 4617/2719/5726 4616/2730/5720
f 3704/2718/5725 3714/2725/5724 3715/2716/5727 3705/2712/5728
f 3704/2718/5725 3705/2712/5728 4618/2713/5729 4617/2719/5726
f 3705/2712/5728 3715/2716/5727 3716/2709/5730 3711/2704/5731
f 3705/2712/5728 3711/2704/5731 4619/2705/5732 4618/2713/5729
f 3708/2746/3174 4676/2757/3173 4634/2747/5733 3709/2737/5723
f 3709/2737/5723 4634/2747/5733 4635/2738/5734 3714/2725/5724
f 3711/2704/5731 3716/2709/5730 4672/2701/5735 3712/2696/5224
f 3711/2704/5731 3712/2696/5224 4671/2695/5220 4619/2705/5732
f 3712/2696/5224 4672/2701/5735 4673/2692/5736 3713/2689/5223
f 3713/2689/5223 4673/2692/5736 4674/2684/2786 3800/2682/2785
f 3714/2725/5724 4635/2738/5734 4636/2726/5737 3715/2716/5727
f 3715/2716/5727 4636/2726/5737 4637/2717/5738 3716/2709/5730
f 3716/2709/5730 4637/2717/5738 4638/2710/5739 4672/2701/5735
f 3717/8090/2791 5024/8089/637 5023/8088/636 3797/8091/5218
f 3720/6110/2256 4594/6116/2728 3723/6117/5740 3724/6111/2252
f 3721/2815/5741 4595/2826/5742 5666/2827/5743 5667/2816/5744
f 3721/6128/5741 4592/6129/5745 4591/6134/5746 4595/6135/5742
f 3721/6128/5741 3722/6122/5747 4593/6123/2727 4592/6129/5745
f 3721/2815/5741 5667/2816/5744 5668/2807/5748 3722/2806/5747
f 3722/2806/5747 5668/2807/5748 5669/2798/5749 3723/2797/5740
f 3722/6122/5747 3723/6117/5740 4594/6116/2728 4593/6123/2727
f 3723/2797/5740 5669/2798/5749 5670/2788/2253 3724/2787/2252
f 3726/2664/5750 3729/2659/634 3727/2658/643 6436/2665/5751
f 3726/9504/5750 6465/9505/5370 3728/9506/635 3729/9507/634
f 3726/7175/5750 6379/7176/2332 4718/7165/2331 6465/7157/5370
f 3726/7175/5750 6436/7186/5751 5703/7187/5752 6379/7176/2332
f 3727/2658/643 5437/2663/2243 5438/2671/753 6436/2665/5751
f 3732/7191/5753 3731/7179/5754 764/7190/2279 768/7201/2287
f 3731/7179/5754 5844/7174/2281 760/7185/2277 764/7190/2279
f 5844/7174/2281 3731/7179/5754 5845/7169/5755 5847/7166/5756
f 3731/7179/5754 3732/7191/5753 5846/7180/1287 5845/7169/5755
f 3732/727/5753 3733/709/5185 3734/688/1285 5846/708/1287
f 3733/709/5185 3732/727/5753 768/743/2287 772/728/2291
f 3735/690/2300 3733/709/5185 772/728/2291 776/710/2295
f 3737/6197/5757 6251/6198/5758 3738/6200/3895 3739/6201/3894
f 3737/6197/5757 6250/6195/5759 5366/6194/5760 6251/6198/5758
f 3738/3233/3895 6252/3213/5761 3740/3192/5762 3741/3215/3891
f 3738/3233/3895 6251/3250/5758 5364/3234/5763 6252/3213/5761
f 3740/3192/5762 3743/3193/5764 3744/3214/3892 3741/3215/3891
f 3740/3192/5762 6253/3177/869 3742/3176/868 3743/3193/5764
f 3740/3192/5762 6252/3213/5761 5363/3194/3902 6253/3177/869
f 3742/3176/868 3745/3189/867 3746/3210/3901 3743/3193/5764
f 3743/3193/5764 3746/3210/3901 3747/3232/3896 3744/3214/3892
f 5576/3208/2353 3748/3209/5514 3745/3189/867 6409/3188/866
f 3745/3189/867 3748/3209/5514 3749/3231/3900 3746/3210/3901
f 3748/3209/5514 3751/3230/5513 3750/3248/1133 3749/3231/3900
f 3752/304/4857 5020/296/550 5021/276/4720 5022/284/4858
f 3752/304/4857 4026/325/4860 4025/319/548 5020/296/550
f 3753/4995/4769 6254/4974/4003 6336/4958/585 3754/4996/4770
f 3753/4995/4769 4385/5016/4474 6351/4997/4004 6254/4974/4003
f 3754/4996/4770 6336/4958/585 4194/5017/4193 4193/5018/5765
f 3754/4996/4770 4193/5018/5765 3812/5041/5766 4384/5020/4766
f 3755/2930/2212 5450/2924/2211 3756/2923/2529 3757/2931/3339
f 3758/9490/3337 4198/9489/4202 6353/9491/4203 6426/9492/3338
f 3760/6258/2374 3771/6253/2373 3772/6252/2381 3761/6259/3122
f 3761/6259/3122 3772/6252/2381 3773/6257/5767 3762/6265/3125
f 3762/6265/3125 3773/6257/5767 3774/6264/5768 3763/6274/3126
f 3763/6274/3126 3774/6264/5768 3775/6273/5769 3764/6281/3127
f 3764/6281/3127 3775/6273/5769 3776/6280/5770 3765/6287/3128
f 3765/6287/3128 3776/6280/5770 3777/6286/5771 3766/6293/3129
f 3766/6293/3129 3777/6286/5771 3778/6292/5772 3767/6299/3130
f 3767/6299/3130 3778/6292/5772 3779/6298/5773 3768/6305/3131
f 3768/8586/3131 3779/8593/5773 3780/8587/5774 3769/8582/2424
f 3769/8582/2424 3780/8587/5774 5677/8583/5775 3770/8578/2425
f 3770/8578/2425 5677/8583/5775 6154/8579/5776 5612/8573/2426
f 3772/6252/2381 3781/6251/2380 3782/6256/2389 3773/6257/5767
f 3773/6257/5767 3782/6256/2389 3783/6263/5777 3774/6264/5768
f 3774/6264/5768 3783/6263/5777 3784/6272/5778 3775/6273/5769
f 3775/6273/5769 3784/6272/5778 3785/6279/5779 3776/6280/5770
f 3776/6280/5770 3785/6279/5779 3786/6285/5780 3777/6286/5771
f 3777/6286/5771 3786/6285/5780 3787/6291/5781 3778/6292/5772
f 3778/6292/5772 3787/6291/5781 5680/6297/5782 3779/6298/5773
f 3779/6298/5773 5680/6297/5782 5679/6303/5783 3780/6304/5774
f 3780/6304/5774 5679/6303/5783 5678/6309/5784 5677/6310/5775
f 3782/6256/2389 3788/6262/2388 3789/6271/2398 3783/6263/5777
f 3783/6263/5777 3789/6271/2398 3790/6278/5785 3784/6272/5778
f 3784/6272/5778 3790/6278/5785 3791/6284/5786 3785/6279/5779
f 3785/6279/5779 3791/6284/5786 3792/6290/5787 3786/6285/5780
f 3786/6285/5780 3792/6290/5787 5682/6296/5788 3787/6291/5781
f 3787/6291/5781 5682/6296/5788 5681/6302/5789 5680/6297/5782
f 3789/6271/2398 3793/6277/2397 3794/6283/2408 3790/6278/5785
f 3790/6278/5785 3794/6283/2408 3795/6289/5790 3791/6284/5786
f 3791/6284/5786 3795/6289/5790 5683/6295/5791 3792/6290/5787
f 3792/6290/5787 5683/6295/5791 3892/6301/5792 5682/6296/5788
f 3794/6283/2408 5684/6288/2407 3893/6294/5793 3795/6289/5790
f 3795/6289/5790 3893/6294/5793 4249/6300/5794 5683/6295/5791
f 3796/2225/1015 6156/2217/5795 5678/2235/5784 3888/2236/1020
f 3796/2225/1015 5984/2218/1014 6155/2207/5796 6156/2217/5795
f 3804/1236/2523 3810/1216/2200 3809/1235/2450 4699/1257/2520
f 3808/1280/2449 4698/1281/2518 4699/1257/2520 3809/1235/2450
f 3811/8073/5797 3813/8079/4767 4384/8081/4766 3812/8077/5766
f 3811/8073/5797 5465/8074/4214 5486/8078/4213 3813/8079/4767
f 3811/8073/5797 5746/8069/5462 5468/8068/4215 5465/8074/4214
f 3811/8073/5797 3812/8077/5766 4186/8075/5798 5746/8069/5462
f 3812/5670/5766 4193/5668/5765 4187/5665/5799 4186/5667/5798
f 3814/3190/857 5701/3211/874 5702/3212/2796 5457/3191/853
f 3815/3243/3689 6324/3259/3688 5030/3274/4735 3816/3260/4179
f 3816/3260/4179 5585/3275/5800 5950/3261/2354 5323/3244/2351
f 3816/3260/4179 5030/3274/4735 4585/3291/1687 5585/3275/5800
f 3817/3421/1735 5420/3429/2229 5421/3422/777 3818/3415/776
f 3817/3421/1735 6473/3428/1734 5199/3434/2228 5420/3429/2229
f 3817/3421/1735 3818/3415/776 5978/3409/778 5977/3413/1731
f 5304/5964/1641 3819/5973/4513 5307/5982/5801 5305/5974/5802
f 3819/5973/4513 3820/5981/4514 3821/5991/4519 5307/5982/5801
f 3821/4319/4519 3822/4320/4518 3823/4311/4523 5308/4310/1689
f 5307/5982/5801 3821/5991/4519 5308/6000/1689 5306/5992/1690
f 3823/4311/4523 3824/4321/4522 3825/4313/2685 5309/4305/1665
f 5308/4310/1689 3823/4311/4523 5309/4305/1665 5310/4304/1663
f 3825/4313/2685 3824/4321/4522 3826/4328/4524 3827/4322/5803
f 5850/4312/2684 3825/4313/2685 3827/4322/5803 5851/4323/5804
f 3827/4322/5803 3826/4328/4524 3828/4336/4527 3829/4329/4534
f 3827/4322/5803 3829/4329/4534 5852/4330/5805 5851/4323/5804
f 3829/5929/4534 3830/5926/4535 5854/5930/5806 5852/5933/5805
f 3830/5926/4535 3831/5923/4536 5857/5928/5807 5854/5930/5806
f 3831/5923/4536 3832/5922/4537 5860/5927/4538 5857/5928/5807
f 3833/5939/5808 5859/5936/5809 3834/5935/5810 3835/5940/5811
f 3833/5939/5808 5291/5942/5812 5856/5938/5813 5859/5936/5809
f 3833/5939/5808 5863/5946/3838 4746/5948/3837 5291/5942/5812
f 3833/5939/5808 3835/5940/5811 5518/5945/3845 5863/5946/3838
f 3837/3303/5814 3834/3329/5810 5861/3330/5815 3836/3319/5816
f 5858/5931/5817 5861/5932/5815 3834/5935/5810 5859/5936/5809
f 3834/5935/5810 3837/5943/5814 3838/5944/5818 3835/5940/5811
f 3835/5940/5811 3838/5944/5818 5519/5949/5819 5518/5945/3845
f 3836/3319/5816 5861/3330/5815 5860/3339/4538 5862/3331/3867
f 4376/3304/5820 3836/3319/5816 5862/3331/3867 3839/3320/3866
f 3837/3303/5814 3836/3319/5816 4376/3304/5820 4377/3287/5821
f 3837/3303/5814 4377/3287/5821 4378/3286/5822 3838/3301/5818
f 3838/3301/5818 4378/3286/5822 5731/3285/5823 5519/3302/5819
f 4376/3304/5820 3839/3320/3866 4739/3305/3868 4379/3288/5824
f 5303/5963/1640 3840/5971/1649 3841/5979/1648 2199/5972/4512
f 2199/5972/4512 3841/5979/1648 3842/5988/1308 2200/5980/1307
f 3843/7672/2697 5690/7683/5825 5692/7684/5826 5693/7673/2695
f 3843/7672/2697 5842/7682/2698 3850/7695/5827 5690/7683/5825
f 3844/7696/3842 5692/7684/5826 5690/7683/5825 3845/7697/3841
f 3844/7696/3842 6403/7713/3844 5849/7698/5828 5692/7684/5826
f 3845/7697/3841 5690/7683/5825 3850/7695/5827 5843/7712/3326
f 3846/7681/521 3847/7693/5456 5153/7710/2813 5152/7694/5829
f 3846/7681/521 5152/7694/5829 5842/7682/2698 5155/7671/518
f 3849/7728/1237 5843/7712/3326 3850/7695/5827 5841/7711/3328
f 3850/7695/5827 5842/7682/2698 5152/7694/5829 5841/7711/3328
f 3851/1245/1474 3853/1267/1473 5848/1295/2694 3852/1268/5830
f 3851/1245/1474 3852/1268/5830 6243/1269/5831 6244/1246/2700
f 3852/7730/5830 5849/7698/5828 6403/7713/3844 6243/7731/5831
f 3852/1268/5830 5848/1295/2694 5691/1324/2693 5849/1325/5828
f 3854/8176/2705 3855/8177/761 5299/8173/751 5298/8172/750
f 3854/8176/2705 5298/8172/750 5295/8175/2250 5026/8182/2706
f 3856/2450/2707 5032/2451/2708 6231/2442/4471 6480/2440/766
f 3857/6598/3171 3858/6603/2725 4599/6610/5832 4597/6604/3172
f 3858/2602/2725 4603/2603/2724 4604/2597/5833 4599/2596/5832
f 3859/2643/2731 6158/2644/3182 6157/2646/3179 6159/2647/2339
f 3859/2643/2731 5672/2640/2733 6164/2641/3183 6158/2644/3182
f 3862/2920/2532 3865/2921/5834 5541/2927/5835 3863/2928/4344
f 3862/2920/2532 6477/2912/2531 6140/2915/5836 3865/2921/5834
f 3863/2928/4344 5541/2927/5835 5542/2934/5837 3864/2935/5838
f 3863/2928/4344 3864/2935/5838 4564/2938/5839 6318/2932/3577
f 3864/2935/5838 5542/2934/5837 4540/2940/4943 4565/2941/4946
f 3864/2935/5838 4565/2941/4946 4566/2944/5166 4564/2938/5839
f 3865/2921/5834 5788/2926/5840 5789/2933/5841 5541/2927/5835
f 3865/2921/5834 6140/2915/5836 4124/2919/5842 5788/2926/5840
f 5702/3212/2796 6295/3226/882 3866/3206/854 5457/3191/853
f 3871/7807/3331 5589/7790/3330 3872/7789/5542 3873/7808/5411
f 3872/7789/5542 3874/7806/5422 3875/7821/5414 3873/7808/5411
f 3880/2276/468 3882/2277/5843 3883/2296/5844 3881/2297/474
f 3880/2276/468 6462/2244/467 3890/2256/5845 3882/2277/5843
f 3881/2297/474 3883/2296/5844 3903/2318/5846 3900/2319/5847
f 3881/2297/474 3900/2319/5847 5311/2324/5848 4246/2301/472
f 3882/2277/5843 3890/2256/5845 3891/2275/5849 4247/2295/5850
f 3882/2277/5843 4247/2295/5850 3884/2317/5851 3883/2296/5844
f 3883/2296/5844 3884/2317/5851 3906/2338/5852 3903/2318/5846
f 3884/8881/5851 3885/8878/5853 3886/8880/5854 3906/8883/5852
f 3884/8881/5851 4247/8882/5850 4248/8879/5855 3885/8878/5853
f 3885/8878/5853 4248/8879/5855 4249/8876/5794 4250/8875/5856
f 3885/8878/5853 4250/8875/5856 3887/8877/5857 3886/8880/5854
f 3886/6330/5854 3909/6324/5473 3907/6323/5472 3906/6331/5852
f 3886/6330/5854 3887/6334/5857 3910/6327/5474 3909/6324/5473
f 3887/6334/5857 4252/6344/5858 3911/6335/5859 3910/6327/5474
f 3887/8877/5857 4250/8875/5856 4251/8873/5860 4252/8874/5858
f 3888/2236/1020 3889/2246/5861 3890/2256/5845 6462/2244/467
f 3888/2236/1020 5678/2235/5784 5679/2245/5783 3889/2246/5861
f 3889/6308/5861 5679/6303/5783 5680/6297/5782 5681/6302/5789
f 3889/2246/5861 5681/2274/5789 3891/2275/5849 3890/2256/5845
f 3891/6307/5849 3892/6301/5792 4248/6306/5855 4247/6311/5850
f 3891/6307/5849 5681/6302/5789 5682/6296/5788 3892/6301/5792
f 3892/6301/5792 5683/6295/5791 4249/6300/5794 4248/6306/5855
f 3893/8872/5793 4251/8873/5860 4250/8875/5856 4249/8876/5794
f 3893/8872/5793 5684/8870/2407 4253/8869/2409 4251/8873/5860
f 3894/6345/2833 3895/6336/2444 3896/6328/2437 3911/6335/5859
f 3894/6345/2833 3911/6335/5859 4252/6344/5858 4254/6353/2825
f 3896/6328/2437 3897/6320/2436 3910/6327/5474 3911/6335/5859
f 3900/6347/5847 3903/6337/5846 3904/6329/5862 3901/6338/5863
f 3900/6347/5847 3901/6338/5863 5038/6349/5864 5311/6356/5848
f 3901/6338/5863 3904/6329/5862 3905/6322/5475 3902/6339/5476
f 3901/6338/5863 3902/6339/5476 5039/6348/5356 5038/6349/5864
f 3903/6337/5846 3906/6331/5852 3907/6323/5472 3904/6329/5862
f 3904/6329/5862 3907/6323/5472 3908/6317/5471 3905/6322/5475
f 3912/3399/2847 5390/3392/2855 4040/3386/954 5202/3391/2848
f 3913/4200/1627 3914/4210/5865 3915/4201/5866 5871/4189/1628
f 3913/4200/1627 5119/4209/1629 5120/4217/3508 3914/4210/5865
f 3914/4210/5865 3917/4218/5867 3918/4211/5868 3915/4201/5866
f 3914/4210/5865 5120/4217/3508 5122/4226/5869 3917/4218/5867
f 3915/4201/5866 3918/4211/5868 3919/4202/5870 3916/4190/5871
f 3915/4201/5866 3916/4190/5871 5872/4175/1630 5871/4189/1628
f 3916/4190/5871 5880/4191/5872 5873/4176/1631 5872/4175/1630
f 3916/4190/5871 3919/4202/5870 3920/4203/5873 5880/4191/5872
f 3917/4218/5867 5122/4226/5869 5124/4233/5874 3922/4227/5875
f 3917/4218/5867 3922/4227/5875 3923/4219/5876 3918/4211/5868
f 3918/4211/5868 3923/4219/5876 3924/4212/5877 3919/4202/5870
f 3919/4202/5870 3924/4212/5877 3925/4213/5878 3920/4203/5873
f 3920/4203/5873 3925/4213/5878 3926/4222/5879 3921/4214/5880
f 3920/4203/5873 3921/4214/5880 5881/4204/5881 5880/4191/5872
f 3921/4214/5880 5887/4223/5882 5882/4215/5883 5881/4204/5881
f 3921/4214/5880 3926/4222/5879 3927/4232/5884 5887/4223/5882
f 3922/4227/5875 5124/4233/5874 5127/4240/5885 5128/4234/5886
f 3922/4227/5875 5128/4234/5886 3929/4228/5887 3923/4219/5876
f 3923/4219/5876 3929/4228/5887 3930/4220/5888 3924/4212/5877
f 3924/4212/5877 3930/4220/5888 3931/4221/5889 3925/4213/5878
f 3925/4213/5878 3931/4221/5889 3932/4231/5890 3926/4222/5879
f 3926/4222/5879 3932/4231/5890 3933/4239/5891 3927/4232/5884
f 3927/9159/5884 3933/9155/5891 3934/9156/5892 3928/9160/5893
f 3927/9159/5884 3928/9160/5893 5888/9163/5894 5887/9164/5882
f 3928/5818/5893 5891/5810/5895 5889/5800/5896 5888/5809/5894
f 3928/5818/5893 3934/5824/5892 3935/5819/3479 5891/5810/5895
f 3929/4228/5887 3937/4235/5897 3938/4229/5898 3930/4220/5888
f 3929/4228/5887 5128/4234/5886 5132/4241/5899 3937/4235/5897
f 3930/4220/5888 3938/4229/5898 3939/4230/5900 3931/4221/5889
f 3931/4221/5889 3939/4230/5900 3940/4238/5901 3932/4231/5890
f 3932/4231/5890 3940/4238/5901 3941/4246/3486 3933/4239/5891
f 3933/9155/5891 3941/9152/3486 3942/9151/3485 3934/9156/5892
f 3934/5824/5892 3942/5829/3485 3943/5826/3476 3935/5819/3479
f 3935/5819/3479 3936/5820/3478 5892/5811/5902 5891/5810/5895
f 3936/5820/3478 5945/5827/3480 5944/5821/5903 5892/5811/5902
f 3937/4235/5897 3944/4242/5904 3945/4236/5905 3938/4229/5898
f 3937/4235/5897 5132/4241/5899 5137/4248/5906 3944/4242/5904
f 3938/4229/5898 3945/4236/5905 3946/4237/5907 3939/4230/5900
f 3939/4230/5900 3946/4237/5907 3947/4245/3493 3940/4238/5901
f 3940/4238/5901 3947/4245/3493 3948/4253/3482 3941/4246/3486
f 3944/4242/5904 5137/4248/5906 5142/4255/5908 3949/4249/5909
f 3944/4242/5904 3949/4249/5909 3950/4243/5910 3945/4236/5905
f 3945/4236/5905 3950/4243/5910 3951/4244/3501 3946/4237/5907
f 3946/4237/5907 3951/4244/3501 3952/4252/3490 3947/4245/3493
f 3949/4249/5909 5142/4255/5908 5147/4262/5911 5148/4256/5912
f 3949/4249/5909 5148/4256/5912 3953/4250/4169 3950/4243/5910
f 3950/4243/5910 3953/4250/4169 3954/4251/3499 3951/4244/3501
f 3953/4250/4169 5148/4256/5912 5150/4263/14 3955/4258/17
f 3957/6966/565 3960/6967/3424 3961/6968/5913 3958/6969/566
f 3958/4207/566 3961/4196/5913 3962/4183/5322 3959/4197/567
f 3960/6967/3424 3963/6972/3426 3964/6973/5333 3961/6968/5913
f 3961/4196/5913 3964/4182/5333 3965/4168/5325 3962/4183/5322
f 3963/6972/3426 3966/6977/3430 3967/6978/5330 3964/6973/5333
f 3966/6977/3430 3968/6980/3433 3969/6981/5331 3967/6978/5330
f 3968/6980/3433 3970/6985/3440 3971/6986/3450 3969/6981/5331
f 3976/8615/1914 6370/8619/1917 6332/8622/4747 5515/8623/4862
f 3976/341/1914 5515/342/4862 5676/323/4861 5570/302/1915
f 3977/1202/2192 3978/1182/2199 3981/1167/5914 3979/1184/2195
f 3978/1182/2199 6242/1183/1416 6406/1157/2465 3981/1167/5914
f 3979/1184/2195 3981/1167/5914 3982/1168/5915 3980/1185/3302
f 4278/9098/3299 3980/9104/3302 4280/9109/5916 4279/9105/3300
f 3980/1185/3302 3982/1168/5915 3983/1181/5917 4280/1199/5916
f 3981/1167/5914 6406/1157/2465 4127/1156/5918 3982/1168/5915
f 3982/1168/5915 4127/1156/5918 4128/1166/3643 3983/1181/5917
f 3983/1181/5917 4128/1166/3643 4125/1180/3642 4035/1198/5919
f 3983/1181/5917 4035/1198/5919 4031/1214/5920 4280/1199/5916
f 3984/428/5505 5614/405/5921 5615/426/975 3985/455/977
f 3984/428/5505 5708/429/4744 6149/406/4743 5614/405/5921
f 3992/5684/4569 6460/5688/4570 6490/5689/4782 4471/5685/4783
f 3996/3556/4545 6211/3562/1737 6210/3568/5922 6209/3563/5591
f 3997/3522/4846 3998/3523/2496 6122/3515/4849 6123/3514/4844
f 3997/3522/4846 6239/3529/2468 6418/3530/2472 3998/3523/2496
f 3997/6390/4846 6121/6386/2479 6435/6385/2469 6239/6389/2468
f 3998/3523/2496 6125/3526/2495 6126/3521/3153 6122/3515/4849
f 3999/6412/5711 5618/6414/5710 5619/6417/5923 4001/6415/5924
f 3999/6412/5711 4000/6413/5925 4417/6410/2494 5616/6409/2493
f 3999/6412/5711 4001/6415/5924 4002/6416/5926 4000/6413/5925
f 4000/3587/5925 4419/3588/5927 4418/3591/124 4417/3592/2494
f 4000/3587/5925 4002/3583/5926 4420/3584/5928 4419/3588/5927
f 4001/6415/5924 5619/6417/5923 5620/6420/5523 4003/6418/5526
f 4001/6415/5924 4003/6418/5526 4004/6419/5529 4002/6416/5926
f 4002/3583/5926 4004/3580/5529 4005/3579/5532 4420/3584/5928
f 4005/3579/5532 5640/3582/5535 5639/3586/5929 4420/3584/5928
f 4006/6634/5930 6053/6635/5931 4008/6629/3185 6165/6622/5932
f 4006/2844/5930 5666/2827/5743 6141/2837/5933 6053/2845/5931
f 4006/9469/5930 5811/9470/5934 5667/9471/5744 5666/9472/5743
f 4006/9469/5930 6165/9473/5932 5814/9474/5935 5811/9470/5934
f 4007/8809/3181 4008/8813/3185 6053/8814/5931 6153/8810/5712
f 4008/6629/3185 6166/6630/3184 6167/6623/5936 6165/6622/5932
f 4009/7901/5937 4011/7900/3197 5567/7914/2052 5566/7915/2056
f 4009/7901/5937 5896/7884/3187 4010/7883/3192 4011/7900/3197
f 6447/7862/1143 5896/7884/3187 4009/7901/5937 6091/7902/2061
f 4009/7901/5937 5566/7915/2056 6092/7916/5938 6091/7902/2061
f 4011/7900/3197 5712/7886/3196 5713/7904/2053 5567/7914/2052
f 4012/3859/5939 5662/3860/5684 4013/3855/5683 4014/3856/5940
f 4012/3859/5939 5661/3863/5941 5953/3864/5942 5662/3860/5684
f 4012/8285/5939 5380/8286/5943 6151/8287/5944 5661/8288/5941
f 4012/8285/5939 4014/8283/5940 5381/8284/5945 5380/8286/5943
f 4013/3855/5683 4015/3852/5682 4016/3851/5693 4014/3856/5940
f 4014/8283/5940 4016/8281/5693 5383/8282/5946 5381/8284/5945
f 4016/8281/5693 4017/8279/5692 5386/8280/5194 5383/8282/5946
f 4017/8279/5692 4018/8278/5196 5388/8277/3536 5386/8280/5194
f 4462/6578/3994 4019/6576/3158 6228/6575/3159 4020/6579/5947
f 4021/6580/5948 4020/6579/5947 6228/6575/3159 6144/6577/3681
f 4020/6579/5947 4021/6580/5948 4461/6583/5949 4460/6581/5950
f 4021/751/5948 6144/759/3681 6145/752/3683 4022/740/5951
f 4021/751/5948 4022/740/5951 6147/724/5952 4461/739/5949
f 6227/725/1785 4022/740/5951 6145/752/3683 6226/741/1786
f 4022/740/5951 6227/725/1785 6146/707/1788 6147/724/5952
f 5356/8481/1433 4023/8480/1432 5478/8483/201 5476/8484/204
f 4024/335/549 4025/319/548 4026/325/4860 4027/345/4448
f 4026/325/4860 6363/344/4454 4028/367/4449 4027/345/4448
f 4028/367/4449 6363/344/4454 5327/386/4457 6402/387/3091
f 5199/3434/2228 5013/3442/3295 4029/3450/3294 3199/3444/2225
f 4031/9116/5920 4032/9120/5953 5104/9117/5387 5103/9110/5386
f 4031/5318/5920 4035/5319/5919 4033/5298/3641 4032/5307/5953
f 4280/9109/5916 4031/9116/5920 5103/9110/5386 4279/9105/3300
f 5104/9117/5387 4032/9120/5953 6362/9123/2768 5105/9124/3293
f 4032/5307/5953 4033/5298/3641 4034/5297/2769 6362/5308/2768
f 4033/1213/3641 4035/1198/5919 4125/1180/3642 4126/1197/3640
f 4037/6675/3317 4036/6678/1516 5053/6685/1517 5086/6686/5954
f 5087/6690/4648 4038/6679/3319 4037/6675/3317 5086/6686/5954
f 4039/7755/3327 4744/7756/5547 4745/7743/3840 6300/7729/3325
f 4054/8145/5460 4041/8146/946 5362/8142/5459 4053/8143/5955
f 4388/8151/949 4042/8148/951 4044/8150/5956 4045/8153/3371
f 4044/8150/5956 4042/8148/951 4054/8145/5460 4043/8147/5957
f 4044/1113/5956 4043/1108/5957 4047/1107/906 4048/1114/909
f 4046/1101/902 4047/1107/906 4043/1108/5957 4056/1102/5958
f 4043/8147/5957 4054/8145/5460 4053/8143/5955 4056/8144/5958
f 4044/1113/5956 4048/1114/909 4049/1119/912 4045/1120/3371
f 4057/1095/899 4046/1101/902 4056/1102/5958 4055/1096/3288
f 4052/8139/3289 4055/8141/3288 4056/8144/5958 4053/8143/5955
f 5721/8136/746 4052/8139/3289 5361/8140/744 5502/8133/742
f 5362/8142/5459 5361/8140/744 4052/8139/3289 4053/8143/5955
f 4058/5715/3400 4719/5720/604 6355/5719/603 6427/5716/5959
f 4058/5715/3400 6427/5716/5959 6015/5709/4818 4631/5708/3401
f 4059/1477/602 5729/1507/5434 6266/1508/4819 6355/1446/603
f 4059/1477/602 5472/1506/2842 5728/1536/5258 5729/1507/5434
f 4060/6946/5960 4076/6943/5447 4077/6945/5446 4061/6947/5961
f 4076/3685/5447 4060/3679/5960 4074/3671/3403 4073/3678/5410
f 4060/3679/5960 4065/3680/3412 4064/3672/3404 4074/3671/3403
f 4060/8779/5960 4061/8768/5961 4066/8769/3413 4065/8780/3412
f 4061/8768/5961 4063/8761/5680 6492/8760/2040 4066/8769/3413
f 4061/8768/5961 4077/8776/5446 4062/8777/5448 4063/8761/5680
f 4076/6943/5447 4073/6942/5410 4072/6936/5409 4075/6941/5444
f 5597/4885/2541 4078/4882/50 4079/4881/46 5598/4886/47
f 6354/3652/4809 4084/3654/4811 4081/3660/1775 6120/3661/1771 6359/3657/2262
f 6042/3667/1212 4081/3660/1775 4082/3665/5962 6044/3674/5963
f 4081/3660/1775 4084/3654/4811 4085/3659/5408 4082/3665/5962
f 4082/3665/5962 4085/3659/5408 4086/3664/3405 4083/3673/2540
f 6044/4900/5963 4082/4904/5962 4083/4901/2540 6045/4892/2539
f 4087/4894/5964 6044/4900/5963 6045/4892/2539 5597/4885/2541
f 6042/4902/1212 6044/4900/5963 4087/4894/5964 6043/4903/1213
f 4087/72/5964 5600/38/5452 6148/52/1218 6043/73/1213
f 5600/4893/5452 4087/4894/5964 5597/4885/2541 5598/4886/47
f 4088/8295/16 4090/8291/18 4091/8289/5965 5353/8294/4167
f 4089/3868/15 5952/3866/21 5953/3864/5942 4090/3869/18
f 4090/8291/18 5953/8292/5942 5661/8288/5941 4091/8289/5965
f 4091/8289/5965 6052/8290/5966 5354/8293/4168 5353/8294/4167
f 4091/8289/5965 5661/8288/5941 6151/8287/5944 6052/8290/5966
f 4092/7106/5967 5185/7107/5968 5186/7108/5969 5187/7109/2357
f 4092/7106/5967 4733/7105/5 4732/7104/8 5185/7107/5968
f 4092/4844/5967 4093/4837/19 4734/4830/6 4733/4836/5
f 4092/4844/5967 5187/4855/2357 5188/4845/677 4093/4837/19
f 4093/4837/19 5188/4845/677 5189/4846/672 4094/4838/20
f 4094/3867/20 5189/3865/672 5954/3862/671 5952/3866/21
f 4095/2871/686 5382/2880/5970 5384/2872/3529 5385/2867/684
f 4095/7036/686 5956/7037/5971 5958/7038/5972 5382/7039/5970
f 4095/2871/686 5190/2870/681 5186/2878/5969 5956/2879/5971
f 4097/2883/3531 4113/2882/3530 4114/2888/3537 4111/2889/5973
f 4097/9408/3531 4111/9404/5973 4103/9402/5974 4098/9406/5694
f 4098/9406/5694 4103/9402/5974 4104/9403/5975 4099/9407/5695
f 4099/4875/5695 4104/4877/5975 4105/4878/5976 4100/4876/5696
f 4100/3845/5696 4105/3841/5976 4106/3838/3565 4101/3842/5697
f 4101/3842/5697 4106/3838/3565 5505/3835/3564 4102/3840/5197
f 4103/9402/5974 4107/9396/5977 4108/9397/5978 4104/9403/5975
f 4103/9402/5974 4111/9404/5973 5538/9398/5979 4107/9396/5977
f 4104/9403/5975 4108/9397/5978 4109/9401/5980 4105/9405/5976
f 4105/3841/5976 4109/3837/5980 5506/3833/3562 4106/3838/3565
f 4107/9396/5977 5538/9398/5979 5539/9399/5981 4112/9394/5982
f 4107/9396/5977 4112/9394/5982 5507/9395/5983 4108/9397/5978
f 4108/9397/5978 5507/9395/5983 5508/9400/3570 4109/9401/5980
f 4109/3837/5980 5508/3832/3570 5509/3828/3563 5506/3833/3562
f 4110/2905/4934 6139/2911/4933 6055/2907/5984 5730/2901/5985
f 4110/2905/4934 6225/2906/5986 6477/2912/2531 5536/2913/2533
f 4110/2905/4934 5730/2901/5985 4121/2900/5987 6225/2906/5986
f 4111/2889/5973 4114/2888/3537 4115/2891/5988 5538/2892/5979
f 4112/2902/5982 5539/2895/5981 5540/2898/5989 6054/2903/5990
f 4112/9394/5982 6054/9393/5990 5510/9392/3573 5507/9395/5983
f 4114/2888/3537 4488/2890/3535 4489/2893/3543 4115/2891/5988
f 4115/2891/5988 4117/2894/5991 5539/2895/5981 5538/2892/5979
f 4115/2891/5988 4489/2893/3543 4116/2896/3544 4117/2894/5991
f 4116/8267/3544 4490/8265/3541 4491/8264/3550 4118/8268/5992
f 4116/2896/3544 4118/2899/5992 4119/2897/5993 4117/2894/5991
f 4117/2894/5991 4119/2897/5993 5540/2898/5989 5539/2895/5981
f 4118/2899/5992 4120/2904/5994 4121/2900/5987 4119/2897/5993
f 4118/2899/5992 4491/2908/3550 4493/2909/3551 4120/2904/5994
f 4119/2897/5993 4121/2900/5987 5730/2901/5985 5540/2898/5989
f 4120/2904/5994 4123/2910/5995 6225/2906/5986 4121/2900/5987
f 4120/2904/5994 4493/2909/3551 4122/2914/5996 4123/2910/5995
f 4122/8259/5996 4495/8260/5198 4497/8258/5997 4124/8257/5842
f 4122/8259/5996 4493/8261/3551 4492/8262/3548 4495/8260/5198
f 4122/2914/5996 4124/2919/5842 6140/2915/5836 4123/2910/5995
f 4123/2910/5995 6140/2915/5836 6477/2912/2531 6225/2906/5986
f 4124/8257/5842 4497/8258/5997 4500/8255/5998 5788/8256/5840
f 4127/1156/5918 4130/1150/224 4131/1155/232 4128/1166/3643
f 4127/1156/5918 6406/1157/2465 4129/1151/225 4130/1150/224
f 4132/8629/4745 5706/8634/5507 4134/8635/5999 4430/8630/4748
f 4133/8642/6000 4704/8649/6001 4703/8656/6002 4444/8650/6003
f 4133/8642/6000 4134/8635/5999 4705/8641/5503 4704/8649/6001
f 4133/8642/6000 4429/8636/4865 4430/8630/4748 4134/8635/5999
f 4133/8642/6000 4444/8650/6003 5780/8643/4866 4429/8636/4865
f 4134/8635/5999 5706/8634/5507 5707/8640/5501 4705/8641/5503
f 4135/7431/3843 4136/7426/6004 6343/7421/6005 6403/7432/3844
f 4135/5951/3843 5518/5945/3845 5519/5949/5819 4136/5954/6004
f 4136/3318/6004 5519/3302/5819 5731/3285/5823 6056/3300/6006
f 4136/7426/6004 6056/7427/6006 4273/7422/2779 6343/7421/6005
f 4137/3270/885 4378/3286/5822 4377/3287/5821 4380/3273/3687
f 4137/3270/885 4138/3269/884 5731/3285/5823 4378/3286/5822
f 4138/3269/884 6057/3284/887 6056/3300/6006 5731/3285/5823
f 4139/5899/3847 6342/5908/3888 5732/5909/3884 5733/5890/1632
f 4142/8323/3887 5398/8316/2674 5965/8329/2673 5397/8330/4736
f 4142/4291/3887 5397/4283/4736 4143/4282/3885 5732/4292/3884
f 4145/7164/1291 5735/7160/2648 5179/7153/2647 5734/7156/1289
f 4145/7164/1291 6429/7172/698 4146/7167/2653 5735/7160/2648
f 4146/7167/2653 6429/7172/698 5608/7182/697 5184/7177/2670
f 4147/275/4719 4148/254/5573 4149/255/6007 5021/276/4720
f 4148/254/5573 4150/233/6008 5162/234/6009 4149/255/6007
f 4148/254/5573 4371/273/4258 4372/253/4257 4150/233/6008
f 4149/255/6007 5162/234/6009 5163/241/6010 5161/263/6011
f 4149/255/6007 5161/263/6011 5022/284/4858 5021/276/4720
f 4150/233/6008 4372/253/4257 4373/235/4259 4374/211/3137
f 4150/233/6008 4374/211/3137 5934/210/3136 5162/234/6009
f 4151/1434/6012 5834/1463/6013 5836/1435/5113 4152/1401/6014
f 4151/1434/6012 6001/1462/6015 5831/1492/6016 5834/1463/6013
f 4151/1434/6012 6002/1400/4039 6004/1433/4629 6001/1462/6015
f 4151/1434/6012 4152/1401/6014 4153/1372/4036 6002/1400/4039
f 4152/1401/6014 5836/1435/5113 5837/1402/5097 5838/1373/5100
f 4152/1401/6014 5838/1373/5100 4154/1342/4037 4153/1372/4036
f 4154/1342/4037 4155/1326/5089 5446/1296/4040 4156/1312/4038
f 4154/1342/4037 5838/1373/5100 5839/1360/5086 4155/1326/5089
f 4155/1326/5089 5840/1327/5075 5447/1297/3390 5446/1296/4040
f 4157/1270/4041 5446/1296/4040 5447/1297/3390 4702/1271/3389
f 4159/4351/1972 4163/4346/2511 4164/4341/1692 4160/4345/1696
f 4163/4346/2511 4165/4347/2510 4166/4342/1693 4164/4341/1692
f 5318/3648/1158 358/3647/1157 357/3650/1150 5317/3651/1153
f 4739/3305/3868 4167/3321/3863 4168/3322/3873 4740/3306/6017
f 4740/3306/6017 4168/3322/3873 4170/3323/1676 4741/3307/1679
f 4170/3323/1676 4169/3335/3875 4172/3345/3877 513/3336/1677
f 4172/5984/3877 4171/5975/3876 4173/5965/3878 4174/5976/6018
f 513/5994/1677 4172/5984/3877 4174/5976/6018 515/5985/1680
f 4173/5965/3878 5300/5960/1639 5301/5959/1638 5302/5966/6019
f 4174/5976/6018 4173/5965/3878 5302/5966/6019 4175/5977/6020
f 515/5985/1680 4174/5976/6018 4175/5977/6020 518/5986/1685
f 4176/5983/6021 4175/5977/6020 5302/5966/6019 5305/5974/5802
f 518/5986/1685 4175/5977/6020 4176/5983/6021 521/5993/1688
f 521/5993/1688 4176/5983/6021 5306/5992/1690 523/6001/1662
f 4177/2320/473 6059/2339/6022 6221/2321/6023 6066/2298/465
f 4177/9244/473 4178/9245/6024 6060/9241/6025 6059/9240/6022
f 4177/9244/473 4246/9247/472 5311/9248/5848 4178/9245/6024
f 4178/9245/6024 6064/9249/6026 6061/9246/6027 6060/9241/6025
f 4178/9245/6024 5311/9248/5848 5038/9250/5864 6064/9249/6026
f 4180/9227/4160 4179/9226/4158 5313/9232/6028 4285/9233/6029
f 4179/9226/4158 5741/9238/4157 5312/9239/6030 5313/9232/6028
f 4182/985/4165 4181/1000/4163 4286/986/6031 4287/966/6032
f 4284/969/1453 4182/985/4165 4287/966/6032 4288/953/1454
f 5741/2356/4157 5740/2341/4159 6162/2323/6033 5312/2340/6030
f 4186/8075/5798 5747/8070/5463 4188/8066/5461 5746/8069/5462
f 4186/5667/5798 4187/5665/5799 5748/5661/6034 5747/5664/5463
f 4187/5665/5799 4193/5668/5765 4194/5669/4193 5750/5666/4189
f 4187/5665/5799 5750/5666/4189 5745/5662/4188 5748/5661/6034
f 4189/5660/4198 5747/5664/5463 5748/5661/6034 5749/5656/4195
f 4195/5657/4196 5749/5656/4195 5748/5661/6034 5745/5662/4188
f 4195/4049/4196 5745/4052/4188 5466/4053/4187 5602/4050/4211
f 4200/7629/4220 4199/7628/495 4293/7627/497 4295/7630/6035
f 4200/7629/4220 4295/7630/6035 4297/7633/1457 4201/7634/4221
f 5751/7635/1458 4201/7634/4221 4297/7633/1457 417/7636/1452
f 4202/6467/5482 4206/6478/5084 4207/6490/6036 4203/6476/5574
f 4202/6467/5482 4203/6476/5574 5033/6465/593 5034/6456/595
f 4203/6476/5574 4207/6490/6036 4208/6496/5577 4204/6487/5575
f 4206/6478/5084 4228/6492/5083 4227/6500/5095 4207/6490/6036
f 4207/6490/6036 4227/6500/5095 4226/6506/6037 4208/6496/5577
f 4208/6496/5577 4226/6506/6037 4225/6516/5579 4209/6507/5578
f 4211/6554/804 4213/6549/803 4214/6546/5135 4212/6550/5134
f 4213/6549/803 4216/6545/802 4217/6540/818 4214/6546/5135
f 4214/6546/5135 4217/6540/818 4218/6531/5123 4215/6541/5122
f 4217/6540/818 4220/6530/817 4221/6523/6038 4218/6531/5123
f 4218/6531/5123 4221/6523/6038 4222/6515/5108 4219/6524/5107
f 4220/6530/817 4224/6525/819 4225/6516/5579 4221/6523/6038
f 4221/6523/6038 4225/6516/5579 4226/6506/6037 4222/6515/5108
f 4222/6515/5108 4226/6506/6037 4227/6500/5095 4223/6511/5094
f 4229/2381/4314 5177/2395/4310 5778/2383/4408 4230/2366/3944
f 4231/5166/4970 6356/5169/4480 5355/5173/5260 4529/5174/4971
f 4231/5166/4970 4232/5162/4969 6366/5164/4478 6356/5169/4480
f 4232/5162/4969 5718/5161/4975 5475/5163/6039 6366/5164/4478
f 4233/5097/4305 6163/5098/6040 6079/5111/6041 6067/5112/4306
f 4233/5097/4305 6315/5072/4304 6385/5085/4311 6163/5098/6040
f 4236/2973/1175 4568/2977/1182 4555/2978/4362 4569/2974/4361
f 5409/8097/694 4238/8096/693 4239/8098/4381 5410/8099/4388
f 4245/5486/4757 4243/5485/5478 4242/5484/4402 4244/5487/4750
f 4251/8873/5860 4253/8869/2409 4254/8871/2825 4252/8874/5858
f 4255/1027/4016 4257/1026/4017 4258/1034/4957 4256/1035/4976
f 4256/1035/4976 4258/1034/4957 4259/1042/4948 5358/1043/4952
f 4260/980/6042 4261/996/6043 5331/997/4008 5330/981/4007
f 4260/980/6042 4682/995/6044 4683/1006/6045 4261/996/6043
f 4260/980/6042 4680/962/645 4681/979/649 4682/995/6044
f 4260/980/6042 5330/981/4007 5329/963/646 4680/962/645
f 4261/996/6043 4262/1007/4018 5332/1008/4013 5331/997/4008
f 4261/996/6043 4683/1006/6045 4264/1016/6046 4262/1007/4018
f 4262/1007/4018 4264/1016/6046 4265/1024/6047 4263/1018/4019
f 4263/1018/4019 4265/1024/6047 6069/1032/4956 6068/1025/4020
f 4264/5416/6046 4683/5410/6045 4685/5409/6048 4686/5417/6049
f 4264/5416/6046 4686/5417/6049 4687/5420/6050 4265/5421/6047
f 4265/5421/6047 4687/5420/6050 6081/5424/6051 6069/5425/4956
f 4266/6769/3835 4269/6767/3587 5194/6773/3586 4267/6775/6052
f 4266/7402/3835 4267/7408/6052 4275/7404/2782 4274/7398/2781
f 4267/6775/6052 5194/6773/3586 5195/6779/3589 4268/6781/6053
f 4267/7408/6052 4268/7414/6053 4276/7409/2783 4275/7404/2782
f 4268/6781/6053 5195/6779/3589 5196/6785/6054 5192/6787/6055
f 4268/7414/6053 5192/7420/6055 4277/7415/6056 4276/7409/2783
f 4270/3316/889 4273/3317/2779 6056/3300/6006 6057/3284/887
f 4271/7410/2776 4276/7409/2783 4277/7415/6056 4272/7416/2777
f 4272/7416/2777 4277/7415/6056 6343/7421/6005 4273/7422/2779
f 4277/6800/6056 5192/6787/6055 5193/6793/6057 6343/6801/6005
f 5105/5597/3293 4283/5595/5385 4282/5596/5384 5104/5598/5387
f 4180/9227/4160 4285/9233/6029 4286/9242/6031 4181/9234/4163
f 4285/9233/6029 5313/9232/6028 6059/9240/6022 6060/9241/6025
f 4286/9242/6031 4285/9233/6029 6060/9241/6025 6061/9246/6027
f 4287/966/6032 4286/986/6031 6061/967/6027 6062/949/5357
f 6063/936/5352 4288/953/1454 4287/966/6032 6062/949/5357
f 6221/9243/6023 6059/9240/6022 5313/9232/6028 5312/9239/6030
f 4292/1013/2209 4291/1023/490 4290/1029/492 2140/1021/4426
f 4295/1002/6035 4293/1012/497 4292/1013/2209 4294/1001/4428
f 4294/1001/4428 4296/987/1456 4297/988/1457 4295/1002/6035
f 5517/2433/4903 4298/2423/4467 5452/2424/1532 5758/2434/5343
f 4299/5025/4633 4383/5002/4002 4679/5026/4473 4382/5049/5344
f 4300/459/2803 6257/434/2802 4302/410/3092 4301/435/4432
f 4301/435/4432 4302/410/3092 5326/409/4872 4550/432/4871
f 4301/435/4432 4550/432/4871 4549/462/4924 4678/463/4431
f 4302/410/3092 6402/387/3091 5327/386/4457 5326/409/4872
f 4303/4928/4925 4549/4944/4924 4550/4945/4871 4304/4929/4870
f 4303/4928/4925 4551/4917/6058 6450/4927/6059 4487/4943/2502
f 4303/4928/4925 4304/4929/4870 6497/4918/96 4551/4917/6058
f 4305/3113/943 4306/3120/6060 4311/3121/936 4310/3112/935
f 4305/3113/943 4483/3118/2838 4484/3126/6061 4306/3120/6060
f 4306/3120/6060 4484/3126/6061 4485/3136/6062 4307/3128/4323
f 4306/3120/6060 4307/3128/4323 4312/3129/4319 4311/3121/936
f 4307/3128/4323 4485/3136/6062 4486/3145/4320 6352/3139/4324
f 4308/3127/925 4311/3121/936 4312/3129/4319 4309/3137/928
f 4315/4810/4504 4314/4807/4493 4476/4806/4495 4317/4811/6063
f 4316/4815/4505 4315/4810/4504 4317/4811/6063 4318/4816/3270
f 4480/4809/4741 4481/4814/1026 4317/4811/6063 4476/4806/4495
f 4318/4816/3270 4317/4811/6063 4481/4814/1026 4482/4817/1025
f 5561/1092/207 4322/1091/206 5562/1097/4488 5970/1098/4740
f 5972/1110/4502 5971/1103/4739 5973/1104/4491 4319/1111/4494
f 4324/3638/4893 4547/3639/3253 4548/3635/1027 4474/3634/1029
f 4325/2699/4543 5433/2700/4510 6401/2678/752 4326/2691/755
f 4330/5504/4913 5008/5502/4542 5009/5497/4135 5010/5500/4137
f 4334/8042/1908 6441/8041/1907 5019/8040/1909 5018/8043/5647
f 4337/3915/4635 4339/3919/5558 4340/3928/4636 4338/3920/1879
f 4339/3919/5558 4342/3927/5561 4343/3933/4637 4340/3928/4636
f 4341/3926/5560 4344/3931/5567 4345/3932/5570 4342/3927/5561
f 4342/3927/5561 4345/3932/5570 4346/3938/4639 4343/3933/4637
f 4348/9466/5374 6131/9464/6064 5523/9461/6065 6184/9463/5378
f 4348/9466/5374 4349/9467/5373 6132/9468/5646 6131/9464/6064
f 4349/6964/5373 6319/6961/5376 6423/6960/5645 6132/6965/5646
f 4350/2076/4644 4352/2088/6066 4358/2077/6067 4351/2065/4645
f 4350/5881/4644 6018/5880/4643 6019/5882/6068 4352/5883/6066
f 4351/2065/4645 4358/2077/6067 4359/2066/6069 4355/2054/4646
f 4352/2088/6066 4353/2100/6070 4362/2089/6071 4358/2077/6067
f 4352/5883/6066 6019/5882/6068 6020/5884/6072 4353/5885/6070
f 4353/2100/6070 4354/2114/6073 4365/2101/5609 4362/2089/6071
f 4353/5885/6070 6020/5884/6072 6021/5886/6074 4354/5887/6073
f 4354/2114/6073 4367/2124/5613 4368/2115/5607 4365/2101/5609
f 4354/5887/6073 6021/5886/6074 6022/5888/6075 4367/5889/5613
f 4355/2054/4646 4359/2066/6069 4360/2067/5599 4356/2055/5677
f 4356/2055/5677 4360/2067/5599 4361/2075/5593 4357/2063/5592
f 4358/2077/6067 4362/2089/6071 4363/2078/5604 4359/2066/6069
f 4359/2066/6069 4363/2078/5604 4364/2079/5597 4360/2067/5599
f 4362/2089/6071 4365/2101/5609 4366/2091/5602 4363/2078/5604
f 4367/9449/5613 6022/9450/6075 6023/9446/5619 4369/9445/5610
f 4375/6689/4732 5392/6680/3320 5961/6687/3321 6486/6698/4734
f 4377/3287/5821 4376/3304/5820 4379/3288/5824 4380/3273/3687
f 4380/3273/3687 4379/3288/5824 5031/3289/6076 6324/3259/3688
f 4381/330/1224 6365/350/4183 6230/372/4182 5940/352/1225
f 4382/5049/5344 4679/5026/4473 5818/5050/4763 5819/5065/6077
f 4382/7343/5344 5819/7332/6077 5817/7329/2070 5756/7341/5345
f 4760/5099/4779 4386/5113/2036 5711/5114/2035 5520/5100/6078
f 5711/5114/2035 5710/5116/2043 5761/5103/6079 5520/5100/6078
f 4390/8385/3263 6264/8390/1337 6416/8391/1340 4391/8386/3278
f 5627/7065/6080 4393/7066/1231 5763/7067/1230 5765/7068/5341
f 4393/3719/1231 5627/3711/6080 5764/3714/4185 6305/3720/4184
f 4394/576/2659 4395/544/2662 4553/543/4430 4552/577/4022
f 4397/4978/2503 4552/5004/4022 4553/5005/4430 4677/4979/2504
f 4401/4709/1382 4400/4704/4813 5774/4708/4789 5775/4713/1383
f 4402/8353/4790 5483/8354/4586 5484/8347/4786 5485/8343/4791
f 4402/4712/4790 6460/4711/4570 6309/4714/4568 5483/4715/4586
f 4406/4685/5432 4405/4691/4800 4409/4692/4802 4410/4688/2744
f 4407/4678/2743 4406/4685/5432 4410/4688/2744 4411/4683/2741
f 4410/4688/2744 4409/4692/4802 4412/4697/1705 4413/4693/1704
f 4416/5700/4817 6466/5707/4816 6266/5714/4819 5729/5710/5434
f 4418/3591/124 4419/3588/5927 5637/3590/1776 5636/3594/125
f 4419/3588/5927 4420/3584/5928 5639/3586/5929 5637/3590/1776
f 4431/2403/4409 5778/2383/4408 5177/2395/4310 5777/2404/4309
f 4431/5093/4409 5176/5082/6081 4432/5092/4414 4433/5107/4406
f 4431/5093/4409 5777/5083/4309 5552/5070/4868 5176/5082/6081
f 4432/5092/4414 5176/5082/6081 5175/5069/6082 4707/5081/4415
f 4434/8654/5497 5822/8661/6083 5821/8655/6084 5824/8648/5498
f 4434/8654/5497 4435/8660/4412 5823/8666/4411 5822/8661/6083
f 4434/8654/5497 4436/8653/5496 4437/8659/4417 4435/8660/4412
f 4437/8659/4417 4439/8658/5511 4440/8663/4421 4438/8664/4418
f 4442/8657/6085 5781/8651/6086 5780/8643/4866 4444/8650/6003
f 4442/4983/6085 5782/4963/97 5549/4949/95 5781/4962/6086
f 4442/4983/6085 4443/5006/6087 5783/4984/100 5782/4963/97
f 4442/4983/6085 4444/5028/6003 4703/5029/6002 4443/5006/6087
f 4443/5006/6087 5825/5030/6088 5784/5007/5365 5783/4984/100
f 4443/5006/6087 4703/5029/6002 5820/5051/6089 5825/5030/6088
f 4445/8645/4874 5779/8637/4864 5780/8643/4866 5781/8651/6086
f 4445/4948/4874 5781/4962/6086 5549/4949/95 5548/4930/94
f 4446/8627/4452 5515/8623/4862 6332/8622/4747 6481/8626/4746
f 4448/761/3156 5595/754/5436 6207/753/3684 6384/762/3679
f 5717/704/5440 4455/722/3984 4457/738/3990 4458/723/6090
f 5715/683/5441 5717/704/5440 4458/723/6090 5716/705/6091
f 4457/6584/3990 4456/6585/3989 4459/6582/3993 4460/6581/5950
f 4458/6586/6090 4457/6584/3990 4460/6581/5950 4461/6583/5949
f 5716/705/6091 4458/723/6090 4461/739/5949 6147/724/5952
f 4020/6579/5947 4460/6581/5950 4459/6582/3993 4462/6578/3994
f 4463/657/3977 5715/683/5441 5716/705/6091 4464/684/5582
f 4464/684/5582 5716/705/6091 6147/724/5952 6146/707/1788
f 4466/706/1787 4465/685/5583 4464/684/5582 6146/707/1788
f 4469/1369/2526 5324/1398/4632 5951/1370/2517 5787/1337/2516
f 4469/7300/2526 6454/7299/2069 6301/7308/2068 5324/7309/4632
f 4476/4806/4495 4475/4800/4492 4479/4805/4501 4480/4809/4741
f 4478/6667/4500 4477/6669/4499 5968/6670/208 5969/6668/4738
f 4483/8160/2838 4710/8159/3376 4711/8161/3378 4484/8162/6061
f 4484/8162/6061 4711/8161/3378 4712/8163/4322 4485/8164/6062
f 4485/8164/6062 4712/8163/4322 6378/8165/4321 4486/8166/4320
f 4487/4943/2502 6450/4927/6059 6407/4916/5466 6424/4942/2498
f 4494/3808/3559 4496/3804/3558 4497/3805/5997 4495/3809/5198
f 4496/3804/3558 4499/3800/3560 4500/3801/5998 4497/3805/5997
f 4498/3803/3555 4501/3799/3576 4502/3796/6092 4499/3800/3560
f 4499/3800/3560 4502/3796/6092 5797/3797/6093 4500/3801/5998
f 4500/8255/5998 5797/8254/6093 5789/8253/5841 5788/8256/5840
f 4501/3799/3576 5799/3802/3575 5800/3798/6094 5801/3795/6095
f 4501/3799/3576 5801/3795/6095 5798/3793/6096 4502/3796/6092
f 4502/3796/6092 5798/3793/6096 5790/3792/6097 5797/3797/6093
f 4506/3619/2480 4508/3615/4843 4509/3616/4992 4507/3620/2481
f 4508/3615/4843 4510/3611/4842 4511/3612/4993 4509/3616/4992
f 4510/3611/4842 4512/3608/4851 4513/3607/4853 4511/3612/4993
f 4515/8456/3367 4514/8459/3366 4516/8457/6098 4517/8454/3369
f 4514/8459/3366 6234/8460/3368 6235/8461/6099 4516/8457/6098
f 4517/8454/3369 4516/8457/6098 4520/8458/4313 4519/8455/5586
f 4516/5108/6098 6235/5109/6099 6385/5085/4311 4520/5096/4313
f 4521/8451/2757 4517/8454/3369 4519/8455/5586 4518/8452/2754
f 4522/3059/3144 4758/3066/6100 4525/3067/6101 4526/3060/5454
f 4522/5448/3144 4697/5447/3143 6073/5443/6102 4758/5446/6100
f 4523/3079/6103 4524/3072/6104 4757/3073/6105 4756/3080/6106
f 4523/3079/6103 4749/3088/4965 4527/3078/4964 4524/3072/6104
f 4523/3079/6103 4759/3091/6107 4748/3096/6108 4749/3088/4965
f 4523/3079/6103 4756/3080/6106 4755/3090/6109 4759/3091/6107
f 4524/3072/6104 4527/3078/4964 4528/3074/4967 4525/3067/6101
f 4524/3072/6104 4525/3067/6101 4758/3066/6100 4757/3073/6105
f 4525/3067/6101 4528/3074/4967 4529/3068/4971 4526/3060/5454
f 4526/3060/5454 4529/3068/4971 5355/3061/5260 5724/3051/5453
f 4530/5120/6110 5754/5128/6111 5753/5129/6112 5752/5121/6113
f 4530/5120/6110 5795/5125/4009 5796/5136/4012 5754/5128/6111
f 4530/5120/6110 6079/5111/6041 5793/5119/4010 5795/5125/4009
f 4530/5120/6110 5752/5121/6113 6067/5112/4306 6079/5111/6041
f 4531/2988/1196 4532/2992/4986 4536/2993/6114 4535/2989/4985
f 4532/2992/4986 4533/2996/4987 4537/2997/6115 4536/2993/6114
f 4533/2996/4987 4534/3002/4989 4538/3003/4997 4537/2997/6115
f 4535/2989/4985 4560/2990/6116 4559/2986/6117 4558/2985/1190
f 4535/2989/4985 4536/2993/6114 4561/2994/6118 4560/2990/6116
f 4536/2993/6114 4537/2997/6115 4562/2998/6119 4561/2994/6118
f 4537/2997/6115 4538/3003/4997 4563/3004/4775 4562/2998/6119
f 4539/8249/4941 5791/8251/6120 5790/8252/6097 5792/8250/4942
f 4539/2945/4941 4540/2940/4943 5542/2934/5837 5791/2939/6120
f 4541/9303/4368 4557/9302/4367 4559/9306/6117 4542/9307/4371
f 4542/9307/4371 4559/9306/6117 4560/9310/6116 4543/9311/4373
f 4543/2999/4373 4560/2990/6116 4561/2994/6118 4544/3000/4374
f 4544/9382/4374 4561/9383/6118 4562/9381/6119 4545/9380/4375
f 4545/9380/4375 4562/9381/6119 4563/9379/4775 4546/9378/4376
f 4551/4917/6058 5412/4911/89 6407/4916/5466 6450/4927/6059
f 4551/4917/6058 6497/4918/96 5547/4912/90 5412/4911/89
f 4555/2978/4362 4568/2977/1182 4556/2981/1186 4557/2982/4367
f 4556/2981/1186 4558/2985/1190 4559/2986/6117 4557/2982/4367
f 4564/9320/5839 5800/9321/6094 5799/9322/3575 6318/9323/3577
f 4564/9320/5839 4566/9319/5166 4567/9318/5167 5800/9321/6094
f 4567/3794/5167 5809/3791/5170 5801/3795/6095 5800/3798/6094
f 4570/4279/1659 6261/4288/3880 6382/4295/3879 4573/4289/3881
f 4570/4279/1659 4571/4278/1650 6262/4287/1653 6261/4288/3880
f 4577/516/5148 6097/491/2798 6461/515/2801 4579/548/5188
f 4577/516/5148 5051/517/5145 6096/492/2799 6097/491/2798
f 4580/269/5539 4581/268/5480 5625/288/1229 5895/289/1228
f 4584/247/4329 4581/268/5480 4580/269/5539 4583/248/4330
f 5626/270/1039 4580/269/5539 5895/289/1228 5894/290/1040
f 4581/3708/5480 4582/3701/5339 5766/3704/5338 5625/3709/1229
f 4585/3291/1687 4586/3309/1686 5583/3292/6121 5585/3275/5800
f 4586/3309/1686 5544/3326/1675 5543/3310/2677 5583/3292/6121
f 4587/7197/5681 5704/7198/5183 5703/7187/5752 6436/7186/5751
f 4587/2677/5681 6436/2665/5751 5438/2671/753 6401/2678/752
f 4588/6137/2711 5674/6144/6122 5696/6140/6123 4591/6134/5746
f 4588/8847/2711 5699/8848/2710 5673/8845/6124 5674/8844/6122
f 4588/6137/2711 4591/6134/5746 4592/6129/5745 4589/6133/2712
f 4589/6133/2712 4592/6129/5745 4593/6123/2727 4590/6127/2717
f 4591/6134/5746 5696/6140/6123 5698/6141/6125 4595/6135/5742
f 4595/2826/5742 5698/2836/6125 6141/2837/5933 5666/2827/5743
f 4596/6605/3168 4597/6604/3172 4598/6611/6126 4643/6612/3175
f 4597/2600/3172 4599/2596/5832 4600/2590/6127 4598/2594/6126
f 4598/2594/6126 4600/2590/6127 4601/2584/6128 4652/2587/6129
f 4598/6611/6126 4652/6614/6129 4644/6615/6130 4643/6612/3175
f 4599/2596/5832 4604/2597/5833 4605/2591/6131 4600/2590/6127
f 4600/2590/6127 4605/2591/6131 4606/2585/6132 4601/2584/6128
f 4601/2584/6128 4606/2585/6132 4607/2574/6133 4602/2573/6134
f 4601/2584/6128 4602/2573/6134 4653/2578/6135 4652/2587/6129
f 4602/2573/6134 4660/2561/6136 4654/2566/6137 4653/2578/6135
f 4602/2573/6134 4607/2574/6133 4608/2560/6138 4660/2561/6136
f 4603/2603/2724 4609/2606/2726 4610/2601/5713 4604/2597/5833
f 4604/2597/5833 4610/2601/5713 4611/2595/5715 4605/2591/6131
f 4605/2591/6131 4611/2595/5715 4612/2589/5718 4606/2585/6132
f 4606/2585/6132 4612/2589/5718 4613/2583/5721 4607/2574/6133
f 4607/2574/6133 4613/2583/5721 4614/2572/6139 4608/2560/6138
f 4608/2560/6138 4665/2552/6140 4661/2551/6141 4660/2561/6136
f 4608/2560/6138 4614/2572/6139 4615/2562/6142 4665/2552/6140
f 4613/6136/5721 4616/6131/5720 4617/6142/5726 4614/6143/6139
f 4614/6143/6139 4617/6142/5726 4618/6145/5729 4615/6146/6142
f 4615/2562/6142 4669/2553/6143 4666/2542/6144 4665/2552/6140
f 4615/6146/6142 4618/6145/5729 4619/6147/5732 4669/6148/6143
f 4619/6147/5732 4671/6149/5220 4670/6150/5219 4669/6148/6143
f 4620/6595/3164 5813/6599/6145 4621/6600/6146 4622/6596/3165
f 4620/2799/3164 5670/2788/2253 5669/2798/5749 5813/2808/6145
f 4621/6600/6146 5815/6607/6147 4623/6613/6148 4624/6608/6149
f 4621/6600/6146 5813/6599/6145 5812/6606/6150 5815/6607/6147
f 4621/6600/6146 4624/6608/6149 4625/6601/3169 4622/6596/3165
f 4623/6613/6148 5816/6617/6151 4626/6624/2714 4627/6625/2713
f 4623/6613/6148 5815/6607/6147 5814/6616/5935 5816/6617/6151
f 4623/2631/6148 4627/2628/2713 4628/2620/2716 4624/2625/6149
f 4624/2625/6149 4628/2620/2716 4629/2613/2719 4625/2626/3169
f 4626/2632/2714 6168/2636/6152 5673/2637/6124 5699/2633/2710
f 4626/2632/2714 5816/2638/6151 6167/2639/5936 6168/2636/6152
f 4632/5696/1451 4633/5706/3399 6017/5698/3402 6016/5692/1449
f 4634/6620/5733 4676/6621/3173 4643/6612/3175 4644/6615/6130
f 4634/6620/5733 4644/6615/6130 4645/6619/6153 4635/6628/5734
f 4635/6628/5734 4645/6619/6153 4646/6627/6154 4636/6633/5737
f 4636/6633/5737 4646/6627/6154 4647/6632/6155 4637/6638/5738
f 4637/2717/5738 4647/2727/6155 4648/2728/6156 4638/2710/5739
f 4638/2710/5739 4639/2702/6157 4673/2692/5736 4672/2701/5735
f 4638/6643/5739 4648/6637/6156 4649/6640/6158 4639/6644/6157
f 4639/2702/6157 4640/2693/6159 4674/2684/2786 4673/2692/5736
f 4639/2702/6157 4649/2711/6158 4650/2703/6160 4640/2693/6159
f 4640/2693/6159 4641/2685/2793 4675/2679/2787 4674/2684/2786
f 4640/2693/6159 4650/2703/6160 4651/2694/5200 4641/2685/2793
f 4644/6615/6130 4652/6614/6129 4653/6618/6135 4645/6619/6153
f 4645/6619/6153 4653/6618/6135 4654/6626/6137 4646/6627/6154
f 4646/6627/6154 4654/6626/6137 4655/6631/6161 4647/6632/6155
f 4647/6632/6155 4655/6631/6161 4656/6636/6162 4648/6637/6156
f 4648/6637/6156 4656/6636/6162 4657/6639/6163 4649/6640/6158
f 4649/6640/6158 4657/6639/6163 4658/6641/5212 4650/6642/6160
f 4650/6642/6160 4658/6641/5212 4659/6645/5201 4651/6646/5200
f 4654/2566/6137 4660/2561/6136 4661/2551/6141 4655/2556/6161
f 4655/2556/6161 4661/2551/6141 4662/2541/6164 4656/2548/6162
f 4656/2548/6162 4662/2541/6164 4663/2529/6165 4657/2538/6163
f 4657/2538/6163 4663/2529/6165 4664/2518/5209 4658/2525/5212
f 4661/2551/6141 4665/2552/6140 4666/2542/6144 4662/2541/6164
f 4662/2541/6164 4666/2542/6144 4667/2530/5222 4663/2529/6165
f 4663/2529/6165 4667/2530/5222 4668/2519/5210 4664/2518/5209
f 4666/2542/6144 4669/2553/6143 4670/2543/5219 4667/2530/5222
f 4681/5398/649 6009/5397/654 4684/5403/6166 4682/5404/6044
f 4682/5404/6044 4684/5403/6166 4685/5409/6048 4683/5410/6045
f 4684/5403/6166 4688/5408/661 4689/5415/6167 4685/5409/6048
f 4684/5403/6166 6009/5397/654 6010/5402/658 4688/5408/661
f 4685/5409/6048 4689/5415/6167 4690/5419/6168 4686/5417/6049
f 4686/5417/6049 4690/5419/6168 4691/5423/6169 4687/5420/6050
f 4687/5420/6050 4691/5423/6169 6084/5427/6170 6081/5424/6051
f 4688/5408/661 6011/5414/660 4692/5418/6171 4689/5415/6167
f 4689/5415/6167 4692/5418/6171 4693/5422/6172 4690/5419/6168
f 4690/5419/6168 4693/5422/6172 5556/5426/6173 4691/5423/6169
f 4691/5423/6169 5556/5426/6173 6086/5430/6174 6084/5427/6170
f 4692/3124/6171 4694/3125/6175 5557/3117/6176 4693/3116/6172
f 4692/3124/6171 6011/3134/660 6012/3135/663 4694/3125/6175
f 4693/3116/6172 5557/3117/6176 5558/3109/6177 5556/3108/6173
f 4694/3125/6175 4695/3133/6178 5553/3123/6179 5557/3117/6176
f 4694/3125/6175 6012/3135/663 6013/3142/668 4695/3133/6178
f 4695/3133/6178 6013/3142/668 6067/3148/4306 5752/3140/6113
f 4695/3133/6178 5752/3140/6113 5753/3130/6112 5553/3123/6179
f 4696/1077/3145 5320/1078/3139 5319/1070/3141 6196/1067/5709
f 4696/5444/3145 6072/5441/5708 6073/5443/6102 4697/5447/3143
f 4703/8656/6002 4704/8649/6001 5821/8655/6084 5820/8662/6089
f 4704/8649/6001 4705/8641/5503 5824/8648/5498 5821/8655/6084
f 4706/8667/6180 5822/8661/6083 5823/8666/4411 4707/8671/4415
f 4706/8667/6180 5820/8662/6089 5821/8655/6084 5822/8661/6083
f 4706/5068/6180 5826/5052/6181 5825/5030/6088 5820/5051/6089
f 4706/5068/6180 4707/5081/4415 5175/5069/6082 5826/5052/6181
f 4709/5061/6182 6213/5079/6183 6090/5089/6184 6212/5077/6185
f 4709/5061/6182 5762/5062/6186 6088/5078/6187 6213/5079/6183
f 4709/5061/6182 6331/5044/4762 6393/5040/4764 5762/5062/6186
f 4709/5061/6182 6212/5077/6185 6181/5066/6188 6331/5044/4762
f 4713/477/5545 4716/508/5544 4714/478/1317 4715/448/1320
f 4713/477/5545 4715/448/1320 6439/420/2807 6281/476/2402
f 4718/7165/2331 4717/7173/2280 5844/7174/2281 5847/7166/5756
f 4718/7165/2331 5847/7166/5756 5095/7158/5371 6465/7157/5370
f 4720/7013/3507 5121/7017/3513 5122/7018/5869 5120/7014/3508
f 4721/7020/3512 4723/7024/3517 5123/7021/6189 5121/7017/3513
f 4722/7027/3515 4725/7031/3523 5125/7028/6190 4723/7024/3517
f 4723/7024/3517 5125/7028/6190 5126/7025/6191 5123/7021/6189
f 4724/7921/3522 4727/7930/3526 4728/7935/6192 4725/7927/3523
f 4725/7031/3523 4728/7033/6192 5129/7032/6193 5125/7028/6190
f 4726/7929/3525 4729/7937/6194 4730/7938/6195 4727/7930/3526
f 4726/1845/3525 5930/1817/3524 6100/1830/6196 4729/1846/6194
f 4727/7930/3526 4730/7938/6195 5133/7942/6197 4728/7935/6192
f 4728/7935/6192 5133/7942/6197 5134/7948/6198 5129/7949/6193
f 4729/1846/6194 6100/1830/6196 6103/1844/6199 6173/1859/6200
f 4729/7937/6194 6173/7943/6200 4731/7944/6201 4730/7938/6195
f 4730/7938/6195 4731/7944/6201 5138/7947/6202 5133/7942/6197
f 4731/7944/6201 6173/7943/6200 6108/7950/5047 6098/7951/5050
f 4731/7944/6201 6098/7951/5050 5143/7955/6203 5138/7947/6202
f 4732/7052/8 5379/7044/6204 5955/7040/6205 5185/7053/5968
f 4732/7052/8 6350/7056/7 6455/7049/4171 5379/7044/6204
f 4735/7161/1281 5845/7169/5755 5846/7180/1287 4737/7170/1278
f 4735/7161/1281 5095/7158/5371 5847/7166/5756 5845/7169/5755
f 4379/3288/5824 4739/3305/3868 4740/3306/6017 5031/3289/6076
f 4740/3306/6017 4741/3307/1679 4742/3290/1683 5031/3289/6076
f 6324/3259/3688 5031/3289/6076 4742/3290/1683 5030/3274/4735
f 4743/7772/2689 5285/7792/2688 5288/7773/6206 4744/7756/5547
f 4744/7756/5547 5288/7773/6206 5290/7774/6207 4745/7743/3840
f 4745/5952/3840 5290/5947/6207 5291/5942/5812 4746/5948/3837
f 4747/3106/6208 5554/3115/6209 5555/3122/2823 4750/3114/2818
f 4747/3106/6208 6087/3101/6210 5558/3109/6177 5554/3115/6209
f 4747/3106/6208 4748/3096/6108 4759/3091/6107 6087/3101/6210
f 4747/3106/6208 4750/3114/2818 4751/3107/2817 4748/3096/6108
f 4748/3096/6108 4751/3107/2817 4752/3097/4961 4749/3088/4965
f 4753/5435/6211 6085/5431/6212 4755/5434/6109 4756/5438/6106
f 4753/5435/6211 6083/5432/6213 6082/5428/6214 6085/5431/6212
f 4753/5435/6211 4754/5439/6215 6071/5436/5707 6083/5432/6213
f 4753/5435/6211 4756/5438/6106 4757/5442/6105 4754/5439/6215
f 4754/5439/6215 4757/5442/6105 4758/5446/6100 6073/5443/6102
f 4754/5439/6215 6073/5443/6102 6072/5441/5708 6071/5436/5707
f 4755/3090/6109 6086/3100/6174 6087/3101/6210 4759/3091/6107
f 4755/5434/6109 6085/5431/6212 6084/5427/6170 6086/5430/6174
f 4760/5099/4779 5520/5100/6078 4764/5087/6216 4761/5086/4780
f 4761/5086/4780 4764/5087/6216 4765/5074/6217 4762/5073/4781
f 4762/5073/4781 4765/5074/6217 5048/5058/4776 4763/5057/1525
f 4764/5087/6216 5897/5088/6218 5049/5076/6219 4765/5074/6217
f 4764/5087/6216 5520/5100/6078 5761/5103/6079 5897/5088/6218
f 4765/5074/6217 5049/5076/6219 5050/5060/4771 5048/5058/4776
f 5504/35/1160 3730/48/1155 6408/68/1154 928/49/1161
f 4770/6748/317 4772/6755/321 4773/6756/3604 4771/6749/3600
f 4772/1514/321 4774/1515/325 4775/1485/336 4773/1455/3604
f 4776/1516/335 4778/1546/334 4779/1517/3610 4777/1486/3607
f 4778/1546/334 4780/1572/340 4781/1547/3612 4779/1517/3610
f 4780/1572/340 4782/1602/344 4783/1573/3613 4781/1547/3612
f 4782/1602/344 4785/1630/348 4786/1603/6220 4783/1573/3613
f 4783/1573/3613 4786/1603/6220 4787/1574/3617 4784/1548/3614
f 4785/1630/348 4788/1654/352 4789/1631/6221 4786/1603/6220
f 4786/1603/6220 4789/1631/6221 4790/1604/3619 4787/1574/3617
f 4788/1654/352 4791/1681/356 4792/1655/6222 4789/1631/6221
f 4789/1631/6221 4792/1655/6222 4793/1632/3620 4790/1604/3619
f 4791/1681/356 4795/1702/360 4796/1682/6223 4792/1655/6222
f 4792/1655/6222 4796/1682/6223 4797/1656/6224 4793/1632/3620
f 4793/1632/3620 4797/1656/6224 4798/1657/3622 4794/1633/3621
f 4795/1702/360 4799/1721/364 4800/1703/6225 4796/1682/6223
f 4796/1682/6223 4800/1703/6225 4801/1683/6226 4797/1656/6224
f 4797/1656/6224 4801/1683/6226 4802/1684/3624 4798/1657/3622
f 4799/1721/364 4803/1738/366 4804/1722/6227 4800/1703/6225
f 4800/1703/6225 4804/1722/6227 4805/1704/6228 4801/1683/6226
f 4801/1683/6226 4805/1704/6228 4806/1705/3625 4802/1684/3624
f 4803/1738/366 4807/1754/369 4808/1739/378 4804/1722/6227
f 4804/1722/6227 4808/1739/378 4809/1723/6229 4805/1704/6228
f 4805/1704/6228 4809/1723/6229 4810/1724/3627 4806/1705/3625
f 4808/1739/378 4812/1755/377 4813/1740/6230 4809/1723/6229
f 4809/1723/6229 4813/1740/6230 4814/1741/6231 4810/1724/3627
f 4810/1724/3627 4814/1741/6231 4815/1758/3629 4811/1742/3628
f 4812/1755/377 4816/1772/379 4817/1756/6232 4813/1740/6230
f 4813/1740/6230 4817/1756/6232 4818/1757/6233 4814/1741/6231
f 4814/1741/6231 4818/1757/6233 4819/1775/3630 4815/1758/3629
f 4816/1772/379 4820/1787/383 4821/1773/6234 4817/1756/6232
f 4817/1756/6232 4821/1773/6234 4822/1774/6235 4818/1757/6233
f 4818/1757/6233 4822/1774/6235 4823/1790/3632 4819/1775/3630
f 4820/1787/383 4825/1801/387 4826/1788/6236 4821/1773/6234
f 4821/1773/6234 4826/1788/6236 4827/1789/6237 4822/1774/6235
f 4822/1774/6235 4827/1789/6237 4828/1804/6238 4823/1790/3632
f 4823/8957/3632 4828/8961/6238 4829/8962/3634 4824/8958/3633
f 4825/1801/387 4830/1813/391 4831/1802/6239 4826/1788/6236
f 4826/1788/6236 4831/1802/6239 4832/1803/6240 4827/1789/6237
f 4827/8969/6237 4832/8970/6240 4833/8965/6241 4828/8961/6238
f 4828/8961/6238 4833/8965/6241 4834/8966/3635 4829/8962/3634
f 4830/1813/391 4835/1826/393 4836/1814/6242 4831/1802/6239
f 4831/1802/6239 4836/1814/6242 4837/1815/6243 4832/1803/6240
f 4832/8970/6240 4837/8975/6243 4838/8971/6244 4833/8965/6241
f 4833/8965/6241 4838/8971/6244 4839/8972/3636 4834/8966/3635
f 4835/1826/393 4841/1838/396 4842/1827/6245 4836/1814/6242
f 4836/1814/6242 4842/1827/6245 4843/1828/6246 4837/1815/6243
f 4837/1815/6243 4843/1828/6246 4844/1841/6247 4838/1842/6244
f 4838/8971/6244 4844/8976/6247 4845/8977/6248 4839/8972/3636
f 4839/8972/3636 4845/8977/6248 4846/8982/3637 4840/8978/3050
f 4841/1838/396 4847/1854/399 4848/1839/6249 4842/1827/6245
f 4842/1827/6245 4848/1839/6249 4849/1840/6250 4843/1828/6246
f 4843/8984/6246 4849/8985/6250 4850/8980/6251 4844/8976/6247
f 4844/8976/6247 4850/8980/6251 4851/8981/6252 4845/8977/6248
f 4845/8977/6248 4851/8981/6252 4852/8988/3638 4846/8982/3637
f 4847/1854/399 4853/1867/402 4854/1855/6253 4848/1839/6249
f 4848/1839/6249 4854/1855/6253 4855/1856/6254 4849/1840/6250
f 4849/8985/6250 4855/8990/6254 4856/8986/6255 4850/8980/6251
f 4850/8980/6251 4856/8986/6255 4857/8987/6256 4851/8981/6252
f 4851/8981/6252 4857/8987/6256 4858/8993/3639 4852/8988/3638
f 4853/1867/402 4860/1880/406 4861/1868/6257 4854/1855/6253
f 4854/1855/6253 4861/1868/6257 4862/1869/6258 4855/1856/6254
f 4855/8990/6254 4862/8995/6258 4863/8991/6259 4856/8986/6255
f 4856/8986/6255 4863/8991/6259 4864/8992/6260 4857/8987/6256
f 4857/8987/6256 4864/8992/6260 4865/8998/6261 4858/8993/3639
f 4858/8993/3639 4865/8998/6261 4866/9004/3067 4859/8999/3063
f 4860/1880/406 4867/1892/409 4868/1881/6262 4861/1868/6257
f 4861/1868/6257 4868/1881/6262 4869/1882/6263 4862/1869/6258
f 4862/8995/6258 4869/9000/6263 4870/8996/6264 4863/8991/6259
f 4863/8991/6259 4870/8996/6264 4871/8997/6265 4864/8992/6260
f 4864/8992/6260 4871/8997/6265 4872/9003/6266 4865/8998/6261
f 4865/8998/6261 4872/9003/6266 4873/9009/3071 4866/9004/3067
f 4867/1892/409 4874/1904/412 4875/1893/419 4868/1881/6262
f 4868/1881/6262 4875/1893/419 4876/1894/6267 4869/1882/6263
f 4869/9000/6263 4876/9005/6267 4877/9001/6268 4870/8996/6264
f 4870/8996/6264 4877/9001/6268 4878/9002/6269 4871/8997/6265
f 4871/8997/6265 4878/9002/6269 4879/9008/6270 4872/9003/6266
f 4872/9003/6266 4879/9008/6270 4880/9014/3077 4873/9009/3071
f 4875/1893/419 4881/1905/416 4882/1906/6271 4876/1894/6267
f 4876/9005/6267 4882/9010/6271 4883/9006/6272 4877/9001/6268
f 4877/9001/6268 4883/9006/6272 4884/9007/6273 4878/9002/6269
f 4878/9002/6269 4884/9007/6273 4885/9013/6274 4879/9008/6270
f 4879/9008/6270 4885/9013/6274 4886/9019/3081 4880/9014/3077
f 4881/1905/416 4887/1917/415 4888/1918/6275 4882/1906/6271
f 4882/9010/6271 4888/9015/6275 4889/9011/6276 4883/9006/6272
f 4883/9006/6272 4889/9011/6276 4890/9012/6277 4884/9007/6273
f 4884/9007/6273 4890/9012/6277 4891/9018/6278 4885/9013/6274
f 4885/9013/6274 4891/9018/6278 4892/9024/3083 4886/9019/3081
f 4887/1917/415 4893/1929/421 4894/1930/6279 4888/1918/6275
f 4888/9015/6275 4894/9020/6279 4895/9016/6280 4889/9011/6276
f 4889/9011/6276 4895/9016/6280 4896/9017/6281 4890/9012/6277
f 4890/9012/6277 4896/9017/6281 4897/9023/6282 4891/9018/6278
f 4891/9018/6278 4897/9023/6282 4898/9029/3086 4892/9024/3083
f 4893/1929/421 4899/1940/425 4900/1941/6283 4894/1930/6279
f 4894/9020/6279 4900/9025/6283 4901/9021/6284 4895/9016/6280
f 4895/9016/6280 4901/9021/6284 4902/9022/6285 4896/9017/6281
f 4896/9017/6281 4902/9022/6285 4903/9028/6286 4897/9023/6282
f 4897/9023/6282 4903/9028/6286 4904/9034/3089 4898/9029/3086
f 4899/1940/425 4906/1950/428 4907/1951/6287 4900/1941/6283
f 4900/9025/6283 4907/9030/6287 4908/9026/6288 4901/9021/6284
f 4901/9021/6284 4908/9026/6288 4909/9027/6289 4902/9022/6285
f 4902/9022/6285 4909/9027/6289 4910/9033/6290 4903/9028/6286
f 4903/9028/6286 4910/9033/6290 4911/9039/3676 4904/9034/3089
f 4905/4512/3088 4904/4518/3089 4911/4513/3676 4912/4507/3675
f 4906/1950/428 4913/1964/431 4914/1965/6291 4907/1951/6287
f 4907/9030/6287 4914/9035/6291 4915/9031/6292 4908/9026/6288
f 4908/9026/6288 4915/9031/6292 4916/9032/6293 4909/9027/6289
f 4909/9027/6289 4916/9032/6293 4917/9038/6294 4910/9033/6290
f 4910/9033/6290 4917/9038/6294 4918/9043/3673 4911/9039/3676
f 4913/1964/431 4919/1976/434 4920/1977/6295 4914/1965/6291
f 4914/1965/6291 4920/1977/6295 4921/1990/6296 4915/1991/6292
f 4915/9031/6292 4921/9036/6296 4922/9037/6297 4916/9032/6293
f 4916/9032/6293 4922/9037/6297 4923/9042/6298 4917/9038/6294
f 4917/9038/6294 4923/9042/6298 4924/9049/3674 4918/9043/3673
f 4919/1976/434 4925/1988/3783 4926/1989/6299 4920/1977/6295
f 4920/9044/6295 4926/9045/6299 4927/9040/6300 4921/9036/6296
f 4921/9036/6296 4927/9040/6300 4928/9041/6301 4922/9037/6297
f 4922/9037/6297 4928/9041/6301 4929/9048/6302 4923/9042/6298
f 4923/9042/6298 4929/9048/6302 4930/9054/3672 4924/9049/3674
f 4925/1988/3783 4931/2001/3782 4932/2002/6303 4926/1989/6299
f 4926/9045/6299 4932/9050/6303 4933/9046/6304 4927/9040/6300
f 4927/9040/6300 4933/9046/6304 4934/9047/6305 4928/9041/6301
f 4928/9041/6301 4934/9047/6305 4935/9053/6306 4929/9048/6302
f 4929/9048/6302 4935/9053/6306 5997/9059/3671 4930/9054/3672
f 4931/2001/3782 4936/2012/3781 4937/2013/6307 4932/2002/6303
f 4932/9050/6303 4937/9055/6307 4938/9051/6308 4933/9046/6304
f 4933/9046/6304 4938/9051/6308 4939/9052/6309 4934/9047/6305
f 4934/9047/6305 4939/9052/6309 4940/9058/3670 4935/9053/6306
f 4935/9053/6306 4940/9058/3670 5996/9064/3669 5997/9059/3671
f 4936/2012/3781 4941/2023/439 4942/2024/442 4937/2013/6307
f 4937/9055/6307 4942/9060/442 4943/9056/6310 4938/9051/6308
f 4938/9051/6308 4943/9056/6310 4944/9057/6311 4939/9052/6309
f 4939/9052/6309 4944/9057/6311 5995/9063/3667 4940/9058/3670
f 4942/9060/442 4945/9065/441 4946/9061/6312 4943/9056/6310
f 4943/9056/6310 4946/9061/6312 5992/9062/6313 4944/9057/6311
f 4944/9057/6311 5992/9062/6313 5994/9068/3665 5995/9063/3667
f 4945/9065/441 4947/9070/443 4948/9066/6314 4946/9061/6312
f 4946/9061/6312 4948/9066/6314 5991/9067/3658 5992/9062/6313
f 4947/9070/443 4949/9075/446 5988/9071/6315 4948/9066/6314
f 4948/9066/6314 5988/9071/6315 5990/9072/3656 5991/9067/3658
f 4949/9075/446 5985/9080/3786 5987/9076/3651 5988/9071/6315
f 4950/6790/2644 5197/6791/6316 5196/6785/6054 4952/6784/3582
f 4950/6790/2644 6293/6796/1467 6244/6797/2700 5197/6791/6316
f 4952/6784/3582 5196/6785/6054 5195/6779/3589 4953/6778/3583
f 4956/3023/4385 4954/3021/4032 5606/3018/699 5607/3019/4387
f 5608/3014/697 5606/3018/699 4954/3021/4032 5184/3022/2670
f 4959/5793/1626 5870/5782/1625 5879/5792/6317 4960/5803/2169
f 4960/1750/2169 5943/1765/6318 5918/1751/6319 5917/1735/2170
f 4960/5803/2169 5879/5792/6317 5886/5802/6320 5943/5813/6318
f 4961/5812/6321 5890/5801/6322 5892/5811/5902 5944/5821/5903
f 4961/5812/6321 5886/5802/6320 5885/5791/6323 5890/5801/6322
f 4961/5812/6321 5942/5822/6324 5943/5813/6318 5886/5802/6320
f 4961/5812/6321 5944/5821/5903 5922/5828/6325 5942/5822/6324
f 4962/1388/5275 4967/1422/5278 4968/1450/6326 4963/1420/5284
f 4963/1420/5284 4968/1450/6326 5245/1479/6327 4964/1449/5281
f 4964/7700/5281 5245/7716/6327 5227/7701/6328 5223/7686/5282
f 4965/5774/5262 4971/5764/5266 4972/5773/6329 4966/5784/5277
f 4966/1421/5277 4972/1451/6329 4973/1452/6330 4967/1422/5278
f 4967/1422/5278 4973/1452/6330 4974/1480/6331 4968/1450/6326
f 4968/1450/6326 4974/1480/6331 5246/1510/6332 5245/1479/6327
f 4969/5754/1551 4975/5744/1546 4976/5745/6333 4970/5755/5265
f 4970/5755/5265 4976/5745/6333 4977/5753/6334 4971/5764/5266
f 4971/5764/5266 4977/5753/6334 4978/5763/6335 4972/5773/6329
f 4972/1451/6329 4978/1481/6335 4979/1482/6336 4973/1452/6330
f 4973/1452/6330 4979/1482/6336 4980/1511/6337 4974/1480/6331
f 4974/1480/6331 4980/1511/6337 5248/1538/6338 5246/1510/6332
f 4975/5744/1546 4981/5735/1545 4982/5734/1567 4976/5745/6333
f 4976/5745/6333 4982/5734/1567 4983/5743/6339 4977/5753/6334
f 4977/5753/6334 4983/5743/6339 4984/5752/6340 4978/5763/6335
f 4978/5763/6335 4984/5752/6340 4985/5762/6341 4979/5772/6336
f 4979/1482/6336 4985/1541/6341 5250/1542/6342 4980/1511/6337
f 4980/1511/6337 5250/1542/6342 5251/1565/6343 5248/1538/6338
f 4982/5734/1567 4986/5727/1566 4987/5733/6344 4983/5743/6339
f 4983/5743/6339 4987/5733/6344 4988/5742/6345 4984/5752/6340
f 4984/5752/6340 4988/5742/6345 4989/5761/6346 4985/5762/6341
f 4985/1541/6341 4989/1567/6346 5253/1568/6347 5250/1542/6342
f 4986/5727/1566 4990/5726/1565 4991/5732/1586 4987/5733/6344
f 4987/5733/6344 4991/5732/1586 4992/5741/6348 4988/5742/6345
f 4988/1623/6345 4992/1624/6348 4993/1597/6349 4989/1567/6346
f 4989/1567/6346 4993/1597/6349 5256/1598/6350 5253/1568/6347
f 4991/5732/1586 4994/5740/1585 4995/5751/6351 4992/5741/6348
f 4992/1624/6348 4995/1648/6351 5259/1625/6352 4993/1597/6349
f 4993/1597/6349 5259/1625/6352 5260/1626/6353 5256/1598/6350
f 4994/5740/1585 4996/5750/1584 4997/5760/1612 4995/5751/6351
f 4995/1648/6351 4997/1675/1612 5264/1649/6354 5259/1625/6352
f 4997/1675/1612 4998/1698/1611 5269/1676/6355 5264/1649/6354
f 4998/1698/1611 5274/1717/1610 5275/1699/2171 5269/1676/6355
f 5001/520/2366 5003/495/2365 5004/519/5158 5002/553/5150
f 5003/495/2365 5005/464/2369 5006/493/5160 5004/519/5158
f 5005/464/2369 5007/461/2800 6096/492/2799 5006/493/5160
f 5018/2180/5647 5019/2181/1909 6138/2175/2161 6137/2174/5648
f 5022/284/4858 5161/263/6011 5705/283/6356 5675/303/4859
f 5026/2471/2706 5296/2482/5208 5297/2474/5207 5027/2464/2704
f 5026/8182/2706 5295/8175/2250 5294/8181/2249 5296/8188/5208
f 5027/2464/2704 5297/2474/5207 5028/2475/639 5029/2465/638
f 5038/950/5864 5039/925/5356 6065/934/5355 6064/951/6026
f 5040/382/1921 5042/364/1920 5044/363/1927 5041/383/6357
f 5040/382/1921 5041/383/6357 5614/405/5921 6149/406/4743
f 5041/383/6357 5613/403/972 5615/426/975 5614/405/5921
f 5041/383/6357 5044/363/1927 5047/380/969 5613/403/972
f 5043/340/1926 5046/362/970 5047/380/969 5044/363/1927
f 5049/5076/6219 5762/5062/6186 6393/5040/4764 5050/5060/4771
f 5049/5076/6219 5897/5088/6218 6088/5078/6187 5762/5062/6186
f 5053/6685/1517 5052/6695/1488 5055/6705/1489 5056/6696/6358
f 5086/6686/5954 5053/6685/1517 5056/6696/6358 5088/6697/6359
f 5055/6705/1489 5054/6709/1485 5057/6714/1493 5058/6710/6360
f 5056/6696/6358 5055/6705/1489 5058/6710/6360 5059/6706/6361
f 5088/6697/6359 5056/6696/6358 5059/6706/6361 5060/6707/6362
f 5090/6708/4657 5089/6701/4649 5088/6697/6359 5060/6707/6362
f 5058/6710/6360 5057/6714/1493 5062/6718/1495 5063/6715/6363
f 5059/6706/6361 5058/6710/6360 5063/6715/6363 5064/6711/6364
f 5060/6707/6362 5059/6706/6361 5064/6711/6364 5065/6712/6365
f 5091/6713/4666 5090/6708/4657 5060/6707/6362 5065/6712/6365
f 5062/7351/1495 5061/7352/1494 5066/7346/1500 5067/7345/6366
f 5063/7355/6363 5062/7351/1495 5067/7345/6366 5068/7350/6367
f 5064/6711/6364 5063/6715/6363 5068/6719/6367 5069/6716/6368
f 5065/6712/6365 5064/6711/6364 5069/6716/6368 5070/6717/6369
f 5071/1374/4673 5091/1403/4666 5065/1431/6365 5070/1397/6369
f 5067/7345/6366 5066/7346/1500 5073/7338/1507 5074/7337/6370
f 5068/7350/6367 5067/7345/6366 5074/7337/6370 5075/7344/6371
f 5069/6716/6368 5068/6719/6367 5075/6722/6371 5076/6720/6372
f 5070/6717/6369 5069/6716/6368 5076/6720/6372 5077/6721/6373
f 5078/1343/4683 5071/1374/4673 5070/1397/6369 5077/1368/6373
f 5073/7338/1507 5072/7339/1506 5079/7327/1509 5080/7326/1729
f 5074/7337/6370 5073/7338/1507 5080/7326/1729 5081/7325/2455
f 5075/7344/6371 5074/7337/6370 5081/7325/2455 5082/7336/2454
f 5076/6720/6372 5075/6722/6371 5082/6725/2454 5083/6723/2457
f 5077/6721/6373 5076/6720/6372 5083/6723/2457 5084/6724/2459
f 5078/1343/4683 5077/1368/6373 5084/1336/2459 5085/1313/2461
f 5093/1286/2463 5092/1315/4684 5078/1343/4683 5085/1313/2461
f 5089/6701/4649 5087/6690/4648 5086/6686/5954 5088/6697/6359
f 5096/4354/2268 5097/4360/3581 5587/4361/4129 5099/4355/2269
f 5097/4360/3581 5586/4364/2500 5588/4365/2499 5587/4361/4129
f 5098/4349/1697 5099/4355/2269 5738/4356/4133 5737/4350/1698
f 3389/2199/454 5108/2201/1829 5107/2193/1827 5115/2189/459
f 166/2209/453 5109/2211/1830 5108/2201/1829 3389/2199/454
f 5112/6072/1831 5111/6070/1004 5687/6073/2362 5688/6074/6374
f 5113/8562/1832 5112/8561/1831 5688/8563/6374 5656/8564/6375
f 5657/2191/462 5114/2190/461 5113/2195/1832 5656/2196/6375
f 5116/4842/9 6197/4853/6376 5916/4854/6377 6350/4843/7
f 5116/4842/9 5144/4852/6378 5143/4859/6203 6197/4853/6376
f 5116/4842/9 5117/4835/4 5145/4841/6379 5144/4852/6378
f 5117/4835/4 5118/4829/3 5146/4840/6380 5145/4841/6379
f 5118/4273/3 5149/4269/11 5147/4262/5911 5146/4268/6380
f 5121/7017/3513 5123/7021/6189 5124/7022/5874 5122/7018/5869
f 5123/7021/6189 5126/7025/6191 5127/7026/5885 5124/7022/5874
f 5125/7028/6190 5129/7032/6193 5130/7029/6381 5126/7025/6191
f 5126/7025/6191 5130/7029/6381 5131/7030/6382 5127/7026/5885
f 5127/4240/5885 5131/4247/6382 5132/4241/5899 5128/4234/5886
f 5129/7032/6193 5134/7034/6198 5135/7035/6383 5130/7029/6381
f 5130/9477/6381 5135/9478/6383 5136/9479/6384 5131/9480/6382
f 5131/4247/6382 5136/4254/6384 5137/4248/5906 5132/4241/5899
f 5133/4869/6197 5138/4865/6202 5139/4858/6385 5134/4870/6198
f 5134/9483/6198 5139/9484/6385 5140/9481/6386 5135/9478/6383
f 5135/9478/6383 5140/9481/6386 5141/9482/6387 5136/9479/6384
f 5136/4254/6384 5141/4261/6387 5142/4255/5908 5137/4248/5906
f 5138/4865/6202 5143/4859/6203 5144/4852/6378 5139/4858/6385
f 5139/4858/6385 5144/4852/6378 5145/4841/6379 5140/4850/6386
f 5140/4850/6386 5145/4841/6379 5146/4840/6380 5141/4851/6387
f 5141/4261/6387 5146/4268/6380 5147/4262/5911 5142/4255/5908
f 5143/7955/6203 6098/7951/5050 6099/7957/5049 6197/7959/6376
f 5147/4262/5911 5149/4269/11 5150/4263/14 5148/4256/5912
f 5151/7727/1249 5841/7711/3328 5152/7694/5829 5153/7710/2813
f 5156/3376/4131 5160/3377/3579 5159/3374/3580 5516/3373/4132
f 5156/3376/4131 5157/3379/4130 6495/3380/34 5160/3377/3579
f 5161/263/6011 5163/241/6010 5937/262/6388 5705/283/6356
f 5162/234/6009 5934/210/3136 5935/219/3138 5163/241/6010
f 5163/241/6010 5935/219/3138 5936/240/1957 5937/262/6388
f 5165/171/3133 5168/144/1098 5169/170/1097 5166/196/1955
f 5166/196/1955 5169/170/1097 5170/195/1962 5167/217/1956
f 5169/170/1097 6237/147/1093 5172/174/1110 5170/195/1962
f 5170/195/1962 5172/174/1110 5173/199/1120 5171/216/1960
f 5175/5069/6082 5786/5053/5367 5785/5031/5366 5826/5052/6181
f 5175/5069/6082 5176/5082/6081 5552/5070/4868 5786/5053/5367
f 5178/7152/2646 5180/7146/2658 5181/7145/4029 5179/7153/2647
f 5179/7153/2647 5181/7145/4029 5182/7149/1290 5734/7156/1289
f 5185/2885/5968 5955/2886/6205 5956/2879/5971 5186/2878/5969
f 5186/7108/5969 5190/7110/681 5191/7111/680 5187/7109/2357
f 5192/6787/6055 5196/6785/6054 5197/6791/6316 5193/6793/6057
f 5193/6793/6057 6243/6799/5831 6403/6804/3844 6343/6801/6005
f 5193/6793/6057 5197/6791/6316 6244/6797/2700 6243/6799/5831
f 5204/3875/1258 5205/3884/1264 5349/3892/5655 5348/3885/1259
f 5205/3884/1264 5206/3891/1267 5350/3896/5658 5349/3892/5655
f 5210/7970/1251 5282/7971/5064 5212/7973/6389 5213/7974/1252
f 5210/7970/1251 5281/7965/1255 6200/7966/5058 5282/7971/5064
f 5211/7975/5068 5212/7973/6389 5282/7971/5064 6201/7972/5063
f 5211/7975/5068 5214/7978/5069 5215/7976/5701 5212/7973/6389
f 5212/7973/6389 5215/7976/5701 5216/7977/1262 5213/7974/1252
f 5215/7976/5701 5217/7979/5700 5218/7980/1265 5216/7977/1262
f 5220/6692/4726 5394/6683/3315 5395/6677/3316 6361/6682/4733
f 5221/7675/524 5223/7686/5282 5224/7676/5458 5222/7667/525
f 5223/7686/5282 5227/7701/6328 5228/7687/6390 5224/7676/5458
f 5224/7676/5458 5228/7687/6390 5229/7688/6391 5225/7677/5457
f 5225/7677/5457 5229/7688/6391 5230/7704/3427 5226/7689/563
f 5227/1539/6328 5245/1479/6327 5246/1510/6332 5247/1540/6392
f 5227/7701/6328 5247/7717/6392 5231/7702/6393 5228/7687/6390
f 5228/7687/6390 5231/7702/6393 5232/7703/6394 5229/7688/6391
f 5229/7688/6391 5232/7703/6394 5233/7720/3428 5230/7704/3427
f 5231/7702/6393 5234/7718/6395 5235/7719/3438 5232/7703/6394
f 5231/1595/6393 5247/1540/6392 5249/1566/6396 5234/1596/6395
f 5232/7703/6394 5235/7719/3438 5236/7734/3431 5233/7720/3428
f 5234/7718/6395 5237/7732/6397 5238/7733/3435 5235/7719/3438
f 5234/1596/6395 5249/1566/6396 5252/1594/6398 5237/1622/6397
f 5237/1622/6397 5252/1594/6398 5255/1621/6399 5239/1647/6400
f 5237/7732/6397 5239/7745/6400 5240/7746/3436 5238/7733/3435
f 5239/1647/6400 5255/1621/6399 5258/1646/6401 5241/1674/6402
f 5239/7745/6400 5241/7757/6402 5242/7758/3441 5240/7746/3436
f 5241/1674/6402 5258/1646/6401 5262/1673/6403 5263/1697/6404
f 5241/7757/6402 5263/7775/6404 5243/7776/3445 5242/7758/3441
f 5243/7776/3445 5263/7775/6404 5268/7793/3463 5244/7794/3454
f 5246/1510/6332 5248/1538/6338 5249/1566/6396 5247/1540/6392
f 5248/1538/6338 5251/1565/6343 5252/1594/6398 5249/1566/6396
f 5250/1542/6342 5253/1568/6347 5254/1593/6405 5251/1565/6343
f 5251/1565/6343 5254/1593/6405 5255/1621/6399 5252/1594/6398
f 5253/1568/6347 5256/1598/6350 5257/1620/6406 5254/1593/6405
f 5254/1593/6405 5257/1620/6406 5258/1646/6401 5255/1621/6399
f 5256/1598/6350 5260/1626/6353 5261/1645/6407 5257/1620/6406
f 5257/1620/6406 5261/1645/6407 5262/1673/6403 5258/1646/6401
f 5259/1625/6352 5264/1649/6354 5265/1650/6408 5260/1626/6353
f 5260/1626/6353 5265/1650/6408 5266/1672/6409 5261/1645/6407
f 5261/1645/6407 5266/1672/6409 5267/1696/6410 5262/1673/6403
f 5262/1673/6403 5267/1696/6410 5268/1716/3463 5263/1697/6404
f 5264/1649/6354 5269/1676/6355 5270/1677/6411 5265/1650/6408
f 5265/1650/6408 5270/1677/6411 5271/1695/6412 5266/1672/6409
f 5266/1672/6409 5271/1695/6412 5272/1715/6413 5267/1696/6410
f 5267/1696/6410 5272/1715/6413 5273/1733/3460 5268/1716/3463
f 5269/1676/6355 5275/1699/2171 5276/1700/2173 5270/1677/6411
f 5270/1677/6411 5276/1700/2173 5277/1714/6414 5271/1695/6412
f 5271/1695/6412 5277/1714/6414 5278/1732/6415 5272/1715/6413
f 5272/1715/6413 5278/1732/6415 5279/1749/3461 5273/1733/3460
f 5276/1700/2173 5902/1719/2172 5903/1731/6416 5277/1714/6414
f 5277/1714/6414 5903/1731/6416 5904/1748/6417 5278/1732/6415
f 5278/1732/6415 5904/1748/6417 5905/1764/3469 5279/1749/3461
f 5280/5846/5654 5931/5848/5052 6203/5845/5036 5893/5843/6418
f 5280/8612/5654 5351/8613/1261 5346/8611/1260 5347/8610/5652
f 5280/5846/5654 5893/5843/6418 6117/5844/4166 5351/5847/1261
f 5281/7965/1255 6199/7961/5051 6198/7960/5048 6200/7966/5058
f 5281/7965/1255 6493/7968/1254 5916/7969/6377 6199/7961/5051
f 5283/4315/2686 5850/4312/2684 5851/4323/5804 5286/4325/6419
f 5284/4326/2687 5283/4315/2686 5286/4325/6419 5287/4332/6420
f 5284/4326/2687 5287/4332/6420 5288/4338/6206 5285/4333/2688
f 5853/4331/6421 5286/4325/6419 5851/4323/5804 5852/4330/5805
f 5287/4332/6420 5286/4325/6419 5853/4331/6421 5289/4337/6422
f 5287/4332/6420 5289/4337/6422 5290/4339/6207 5288/4338/6206
f 5856/5938/5813 5289/5941/6422 5853/5937/6421 5855/5934/6423
f 5289/5941/6422 5856/5938/5813 5291/5942/5812 5290/5947/6207
f 5302/5966/6019 5301/5959/1638 5304/5964/1641 5305/5974/5802
f 4176/5983/6021 5305/5974/5802 5307/5982/5801 5306/5992/1690
f 6221/2321/6023 5312/2340/6030 6162/2323/6033 6220/2299/6424
f 5319/1070/3141 6413/1071/4477 6333/1065/1429 6196/1067/5709
f 5501/1075/5259 6413/1071/4477 5319/1070/3141 5947/1076/728
f 5321/3247/1140 5949/3262/6425 5568/3277/1146 5322/3265/1137
f 5321/3247/1140 5577/3229/2356 5948/3245/2355 5949/3262/6425
f 5324/7309/4632 6301/7308/2068 6075/7320/6426 6076/7321/4630
f 5325/5605/471 5744/5606/5351 5983/5603/985 6317/5601/469
f 5325/5605/471 5743/5607/5348 5742/5608/5347 5744/5606/5351
f 5325/2279/471 6222/2278/466 6220/2299/6424 5743/2300/5348
f 5328/982/4006 6078/965/6427 5329/963/646 5330/981/4007
f 5328/5126/4006 5793/5119/4010 6077/5110/6428 6078/5127/6427
f 5329/963/646 6078/965/6427 6234/948/3368 6456/932/647
f 5611/2206/6429 6155/2207/5796 5658/2198/6430 5488/2197/6431
f 5984/2218/1014 5461/2208/1017 5658/2198/6430 6155/2207/5796
f 5333/7233/832 5336/7223/842 5337/7209/6432 5334/7222/834
f 5334/7222/834 5337/7209/6432 5338/7199/6433 5345/7208/5182
f 5335/7234/838 5340/7227/851 5341/7216/3908 5336/7223/842
f 5336/7223/842 5341/7216/3908 5342/7205/3909 5337/7209/6432
f 5337/7209/6432 5342/7205/3909 5343/7194/2333 5338/7199/6433
f 5338/7199/6433 5703/7187/5752 5704/7198/5183 5345/7208/5182
f 5338/7199/6433 5343/7194/2333 6379/7176/2332 5703/7187/5752
f 5354/8293/4168 6052/8290/5966 6150/8296/6434 5660/8297/4170
f 5724/3051/5453 5355/3061/5260 5726/3053/743 5725/3047/737
f 5356/8481/1433 5475/8485/6039 5718/8486/4975 5719/8482/1430
f 5475/8485/6039 5356/8481/1433 5476/8484/204 5967/8487/4497
f 5357/8488/4974 5360/8489/1431 5719/8482/1430 5718/8486/4975
f 5363/3194/3902 6252/3213/5761 5364/3234/5763 5365/3216/3903
f 5364/3234/5763 5367/3251/6435 5368/3235/3905 5365/3216/3903
f 5364/7260/5763 6251/7261/5758 5366/7254/5760 5367/7247/6435
f 5366/7254/5760 5370/7246/2315 5371/7237/6436 5367/7247/6435
f 5366/6194/5760 6250/6195/5759 5369/6193/2316 5370/6192/2315
f 5367/7247/6435 5371/7237/6436 5372/7225/3906 5368/7238/3905
f 5370/7246/2315 5375/7236/2314 5373/7224/2322 5371/7237/6436
f 5371/7237/6436 5373/7224/2322 5374/7212/2329 5372/7225/3906
f 5373/7224/2322 5376/7211/2321 5377/7202/2326 5374/7212/2329
f 5379/7044/6204 6150/7045/6434 5957/7041/6437 5955/7040/6205
f 5379/7044/6204 6455/7049/4171 5660/7050/4170 6150/7045/6434
f 5380/7042/5943 5381/7043/5945 5382/7039/5970 5958/7038/5972
f 5380/7042/5943 5958/7038/5972 5957/7041/6437 6151/7046/5944
f 5381/7043/5945 5383/7047/5946 5384/7048/3529 5382/7039/5970
f 5383/7047/5946 5386/7054/5194 5387/7055/3527 5384/7048/3529
f 5760/6851/2065 5389/6856/2064 5582/6852/1742 5579/6845/4907
f 5475/5163/6039 5967/5167/4497 5399/5168/4479 6366/5164/4478
f 5477/8490/203 5400/8491/4496 5967/8487/4497 5476/8484/204
f 5426/4100/6438 5401/4098/4806 5408/4092/1386 5425/4097/1388
f 5401/4098/4806 5407/4099/4805 5406/4093/1384 5408/4092/1386
f 5402/4101/1703 5401/4098/4806 5426/4100/6438 5403/4103/1714
f 5427/2599/4796 5428/2604/4799 5403/2605/1714 5426/2598/6438
f 5607/3019/4387 5606/3018/699 5409/3017/694 5410/3020/4388
f 5414/6894/4580 5413/6888/4579 5415/6892/5390 5416/6898/5393
f 5479/8358/4581 5414/8360/4580 5416/8361/5393 5480/8359/4785
f 5416/2512/5393 5417/2501/5394 5481/2510/1368 5480/2522/4785
f 5481/2510/1368 5417/2501/5394 5418/2500/1393 408/2511/1365
f 5426/2598/6438 5425/2593/1388 5430/2592/4797 5427/2599/4796
f 5430/2592/4797 5425/2593/1388 5768/2576/1387 5429/2586/5571
f 5430/8392/4797 5429/8388/5571 5431/8387/4814 5432/8393/4794
f 5434/3416/5581 6179/3424/6439 5974/3418/6440 5435/3411/4855
f 5434/3416/5581 6050/3426/5580 6178/3430/6441 6179/3424/6439
f 5434/3416/5581 5435/3411/4855 6051/3410/2854 5436/3417/4930
f 5435/3411/4855 5974/3418/6440 5976/3412/1732 5979/3408/4854
f 5440/3255/877 5443/3239/873 5444/3222/2600 5441/3240/2770
f 5451/3682/1772 5604/3687/5293 5603/3684/4342 5605/3676/1773
f 5451/8544/1772 5474/8543/1774 5473/8545/4340 5604/8546/5293
f 5453/2417/605 5564/2428/609 5563/2431/4470 5565/2422/1531
f 5454/9283/4341 5623/9282/4339 5455/9286/3997 5456/9287/5464
f 5454/3683/4341 5456/3677/5464 5605/3676/1773 5603/3684/4342
f 5455/135/3997 5623/159/4339 5622/160/4338 5624/136/3996
f 5464/881/988 5458/882/987 5460/872/992 5459/871/458
f 5464/7619/988 5459/7618/458 5901/7617/457 5463/7620/1019
f 5462/5474/1016 5463/5475/1019 5901/5473/457 5900/5472/456
f 5658/2198/6430 5461/2208/1017 5899/2200/455 5898/2192/460
f 5461/2208/1017 5462/2219/1016 5900/2210/456 5899/2200/455
f 5473/161/4340 5474/137/1774 5624/136/3996 5622/160/4338
f 5481/2510/1368 5769/2524/1367 5482/2535/4784 5480/2522/4785
f 5482/8351/4784 5769/8352/1367 5770/8348/1370 5484/8347/4786
f 5484/8347/4786 5770/8348/1370 5771/8344/1373 5485/8343/4791
f 5488/2197/6431 5658/2198/6430 5898/2192/460 5657/2191/462
f 5487/2205/5494 5488/2197/6431 5657/2191/462 5656/2196/6375
f 5686/8565/5492 5487/8566/5494 5656/8564/6375 5688/8563/6374
f 5611/8574/6429 5488/8575/6431 5487/8566/5494 5610/8568/5493
f 5489/3488/2489 5664/3489/103 5493/3481/115 5490/3480/2490
f 5499/3311/1144 5584/3293/1147 5543/3310/2677 5545/3327/2676
f 5947/1076/728 5727/1082/729 5946/1083/3380 5501/1075/5259
f 5507/3836/5983 5510/3831/3573 5511/3827/3567 5508/3832/3570
f 5510/9392/3573 6054/9393/5990 6055/9391/5984 5512/9390/3571
f 5512/9390/3571 6055/9391/5984 6139/9389/4933 5513/9388/3572
f 5759/6844/4904 5517/6843/4903 5758/6849/5343 5757/6850/5346
f 5759/6844/4904 5757/6850/5346 6074/6855/2062 5760/6851/2065
f 5772/4094/1372 5521/4091/1381 5776/4090/1380 5771/4095/1373
f 5523/9461/6065 5530/9455/6442 6217/9460/5379 6184/9463/5378
f 5523/9461/6065 6133/9462/6443 5531/9456/5632 5530/9455/6442
f 5523/9461/6065 6131/9464/6064 5524/9465/6444 6133/9462/6443
f 5524/2178/6444 6134/2173/6445 5533/2167/5636 6133/2172/6443
f 5524/2178/6444 5525/2183/5644 6136/2179/5643 6134/2173/6445
f 5524/2178/6444 6131/2185/6064 6132/2186/5646 5525/2183/5644
f 5526/4004/5625 6215/3997/2143 6216/4003/6446 5528/4010/6447
f 5526/4004/5625 6214/3998/5617 6185/3990/2136 6215/3997/2143
f 5526/9447/5625 5528/9451/6447 5529/9452/5630 5527/9448/5623
f 5528/9451/6447 6216/9459/6446 6217/9460/5379 5530/9455/6442
f 5528/9451/6447 5530/9455/6442 5531/9456/5632 5529/9452/5630
f 5531/2166/5632 6133/2172/6443 5533/2167/5636 5532/2161/5633
f 5533/2167/5636 6134/2173/6445 6135/2168/5640 5534/2162/5637
f 5535/2169/5639 6135/2168/5640 6137/2174/5648 6138/2175/2161
f 5540/2898/5989 5730/2901/5985 6055/2907/5984 6054/2903/5990
f 5541/2927/5835 5789/2933/5841 5791/2939/6120 5542/2934/5837
f 5543/3310/2677 5584/3293/1147 5569/3276/6448 5583/3292/6121
f 5550/5032/5364 5786/5053/5367 5552/5070/4868 5551/5054/4867
f 5553/3123/6179 5554/3115/6209 5558/3109/6177 5557/3117/6176
f 5553/3123/6179 5753/3130/6112 5555/3122/2823 5554/3115/6209
f 5555/3122/2823 5753/3130/6112 5754/3141/6111 5755/3132/2821
f 5556/3108/6173 5558/3109/6177 6087/3101/6210 6086/3100/6174
f 5969/1105/4738 5968/1099/208 5561/1092/207 5970/1098/4740
f 5971/1103/4739 5970/1098/4740 5562/1097/4488 5973/1104/4491
f 5563/2431/4470 5564/2428/609 6480/2440/766 6231/2442/4471
f 5566/6235/2056 6171/6232/2055 6172/6229/6449 6092/6236/5938
f 5568/3277/1146 5949/3262/6425 5569/3276/6448 5584/3293/1147
f 5569/3276/6448 5950/3261/2354 5585/3275/5800 5583/3292/6121
f 5569/3276/6448 5949/3262/6425 5948/3245/2355 5950/3261/2354
f 5570/302/1915 5705/283/6356 5937/262/6388 5571/282/1911
f 5570/302/1915 5676/323/4861 5675/303/4859 5705/283/6356
f 5571/282/1911 5937/262/6388 5936/240/1957 5572/261/1912
f 5578/6839/4901 5759/6844/4904 5760/6851/2065 5579/6845/4907
f 5595/6041/5436 5596/6042/3942 6142/6036/1784 6206/6035/1783
f 6207/753/3684 5595/754/5436 6206/742/1783 6226/741/1786
f 6142/6036/1784 5596/6042/3942 6487/6047/1799 6143/6043/1790
f 5610/8568/5493 5612/8573/2426 6154/8579/5776 5611/8574/6429
f 5611/2206/6429 6154/2216/5776 6156/2217/5795 6155/2207/5796
f 5617/3466/5518 5649/3457/6450 5619/3456/5923 5618/3467/5710
f 5617/3466/5518 5647/3473/1779 5648/3464/1780 5649/3457/6450
f 5619/3456/5923 5649/3457/6450 5650/3447/5524 5620/3446/5523
f 5621/3433/5521 5646/3437/6451 6178/3430/6441 6050/3426/5580
f 5621/3433/5521 5654/3440/5520 5653/3445/6452 5646/3437/6451
f 5625/3709/1229 5766/3704/5338 5765/3707/5341 5763/3712/1230
f 5627/3711/6080 5939/3710/6453 6396/3713/6454 5764/3714/4185
f 5939/3710/6453 5627/3711/6080 5765/3707/5341 5767/3706/5340
f 5630/5219/5588 6180/5220/6455 5645/5218/6456 5644/5217/5589
f 5630/5219/5588 5631/5221/5590 5632/5222/6457 6180/5220/6455
f 5631/3573/5590 6208/3570/5587 6209/3563/5591 6210/3568/5922
f 5631/5221/5590 6210/5225/5922 5633/5226/6458 5632/5222/6457
f 5632/3431/6457 6179/3424/6439 6178/3430/6441 6180/3438/6455
f 5632/3431/6457 5633/3427/6458 5974/3418/6440 6179/3424/6439
f 5633/3427/6458 5975/3420/1733 5976/3412/1732 5974/3418/6440
f 5633/5226/6458 6210/5225/5922 6211/5227/1737 5975/5228/1733
f 5634/3589/6459 5639/3586/5929 5640/3582/5535 5642/3585/6460
f 5634/3589/6459 5638/3593/1777 5637/3590/1776 5639/3586/5929
f 5634/5211/6459 5641/5212/6461 5651/5208/1778 5638/5207/1777
f 5634/5211/6459 5642/5215/6460 5643/5216/6462 5641/5212/6461
f 5635/3578/5534 5644/3581/5589 5642/3585/6460 5640/3582/5535
f 5641/3465/6461 5643/3454/6462 5653/3445/6452 5652/3453/6463
f 5641/3465/6461 5652/3453/6463 5648/3464/1780 5651/3472/1778
f 5642/5215/6460 5644/5217/5589 5645/5218/6456 5643/5216/6462
f 5643/3454/6462 5645/3455/6456 5646/3437/6451 5653/3445/6452
f 5645/5218/6456 6180/5220/6455 6178/5223/6441 5646/5224/6451
f 5648/3464/1780 5652/3453/6463 5650/3447/5524 5649/3457/6450
f 5650/3447/5524 5652/3453/6463 5653/3445/6452 5654/3440/5520
f 5662/3860/5684 5953/3864/5942 5952/3866/21 5954/3862/671
f 5667/2816/5744 5811/2828/5934 5812/2817/6150 5668/2807/5748
f 5668/2807/5748 5812/2817/6150 5813/2808/6145 5669/2798/5749
f 5672/2640/2733 5673/2637/6124 6168/2636/6152 6164/2641/3183
f 5672/8842/2733 5694/8841/2732 5674/8844/6122 5673/8845/6124
f 5674/8844/6122 5694/8841/2732 5695/8843/2734 5696/8846/6123
f 5677/8583/5775 5678/8588/5784 6156/8589/5795 6154/8579/5776
f 5687/8569/2362 5685/8570/2361 5686/8565/5492 5688/8563/6374
f 5691/7685/2693 5693/7673/2695 5692/7684/5826 5849/7698/5828
f 5695/2854/2734 5697/2842/2736 5698/2836/6125 5696/2855/6123
f 5697/2842/2736 6152/2843/2737 6141/2837/5933 5698/2836/6125
f 6160/5090/6464 5709/5105/2047 6169/5106/2050 6089/5091/5141
f 6162/2323/6033 5740/2341/4159 5739/2342/1460 6161/2322/1461
f 6161/2322/1461 5743/2300/5348 6220/2299/6424 6162/2323/6033
f 5754/5128/6111 5796/5136/4012 5794/5139/2822 5755/5140/2821
f 5756/7341/5345 5817/7329/2070 6074/7328/2062 5757/7342/5346
f 6160/5090/6464 5761/5103/6079 5710/5116/2043 5709/5105/2047
f 5761/5103/6079 6160/5090/6464 6088/5078/6187 5897/5088/6218
f 5764/3714/4185 6396/3713/6454 6230/3717/4182 6419/3718/4181
f 5939/3710/6453 5767/3706/5340 6174/3715/1223 5940/3716/1225
f 5784/5007/5365 5825/5030/6088 5826/5052/6181 5785/5031/5366
f 5789/8253/5841 5797/8254/6093 5790/8252/6097 5791/8251/6120
f 5790/3792/6097 5798/3793/6096 5810/3789/5192 5792/3788/4942
f 5793/5119/4010 6079/5111/6041 6163/5098/6040 6077/5110/6428
f 5798/3793/6096 5801/3795/6095 5809/3791/5170 5810/3789/5192
f 5802/3787/5169 5804/3783/5168 5805/3781/5191 5803/3785/5190
f 5802/3787/5169 5803/3785/5190 5810/3789/5192 5809/3791/5170
f 5811/9470/5934 5814/9474/5935 5815/9475/6147 5812/9476/6150
f 5814/6616/5935 6165/6622/5932 6167/6623/5936 5816/6617/6151
f 5817/7329/2070 5819/7332/6077 6075/7320/6426 6301/7308/2068
f 5818/5050/4763 6182/5067/6465 6075/5080/6426 5819/5065/6077
f 5818/5050/4763 6331/5044/4762 6181/5066/6188 6182/5067/6465
f 5827/1579/5139 5829/1554/5137 5830/1525/6466 5828/1553/6467
f 5827/1579/5139 5828/1553/6467 6090/1578/6184 6170/1608/5140
f 5828/1553/6467 5999/1522/6468 6212/1552/6185 6090/1578/6184
f 5828/1553/6467 5830/1525/6466 5831/1492/6016 5999/1522/6468
f 5829/1554/5137 5832/1526/5125 5833/1493/5126 5830/1525/6466
f 5830/1525/6466 5833/1493/5126 5834/1463/6013 5831/1492/6016
f 5831/1492/6016 6001/1462/6015 6000/1491/6469 5999/1522/6468
f 5833/1493/5126 5835/1464/5110 5836/1435/5113 5834/1463/6013
f 5853/5937/6421 5852/5933/5805 5854/5930/5806 5855/5934/6423
f 5855/5934/6423 5854/5930/5806 5857/5928/5807 5858/5931/5817
f 5856/5938/5813 5855/5934/6423 5858/5931/5817 5859/5936/5809
f 5858/5931/5817 5857/5928/5807 5860/5927/4538 5861/5932/5815
f 5864/4160/1619 5873/4176/1631 5874/4192/6470 5865/4177/1620
f 5865/4177/1620 5874/4192/6470 5875/4205/6471 5866/4193/1621
f 5866/5788/1621 5875/5798/6471 5876/5789/6472 5867/5779/1622
f 5867/5779/1622 5876/5789/6472 5877/5780/6473 5868/5768/1623
f 5868/5768/1623 5877/5780/6473 5878/5781/6474 5869/5769/1624
f 5869/5769/1624 5878/5781/6474 5879/5792/6317 5870/5782/1625
f 5873/4176/1631 5880/4191/5872 5881/4204/5881 5874/4192/6470
f 5874/4192/6470 5881/4204/5881 5882/4215/5883 5875/4205/6471
f 5875/5798/6471 5882/5808/5883 5883/5799/6475 5876/5789/6472
f 5876/5789/6472 5883/5799/6475 5884/5790/6476 5877/5780/6473
f 5877/5780/6473 5884/5790/6476 5885/5791/6323 5878/5781/6474
f 5878/5781/6474 5885/5791/6323 5886/5802/6320 5879/5792/6317
f 5882/5808/5883 5887/5817/5882 5888/5809/5894 5883/5799/6475
f 5883/5799/6475 5888/5809/5894 5889/5800/5896 5884/5790/6476
f 5884/5790/6476 5889/5800/5896 5890/5801/6322 5885/5791/6323
f 5889/5800/5896 5891/5810/5895 5892/5811/5902 5890/5801/6322
f 5893/5843/6418 6203/5845/5036 6202/5842/5035 6116/5840/3496
f 5893/5843/6418 6116/5840/3496 6224/5839/3495 6117/5844/4166
f 5902/1719/2172 5906/1736/2174 5907/1747/6477 5903/1731/6416
f 5903/1731/6416 5907/1747/6477 5908/1763/6478 5904/1748/6417
f 5904/1748/6417 5908/1763/6478 5909/1780/3505 5905/1764/3469
f 5906/1736/2174 5917/1735/2170 5918/1751/6319 5919/1752/6479
f 5906/1736/2174 5919/1752/6479 5910/1762/6480 5907/1747/6477
f 5907/1747/6477 5910/1762/6480 5911/1779/3521 5908/1763/6478
f 5908/1763/6478 5911/1779/3521 5912/1794/3511 5909/1780/3505
f 5910/1762/6480 5913/1778/6481 5914/1793/3518 5911/1779/3521
f 5910/1762/6480 5919/1752/6479 5921/1767/6482 5913/1778/6481
f 5913/1778/6481 5921/1767/6482 5924/1783/6483 5925/1792/6484
f 5913/1778/6481 5925/1792/6484 5915/1806/3519 5914/1793/3518
f 5915/1806/3519 5925/1792/6484 5929/1805/6485 5930/1817/3524
f 5916/3887/6377 6493/3873/1254 6455/3879/4171 6350/3888/7
f 5916/4854/6377 6197/4853/6376 6099/4860/5049 6199/4861/5051
f 5918/1751/6319 5920/1766/6486 5921/1767/6482 5919/1752/6479
f 5918/1751/6319 5943/1765/6318 5942/1781/6324 5920/1766/6486
f 5920/1766/6486 5923/1782/6487 5924/1783/6483 5921/1767/6482
f 5920/1766/6486 5942/1781/6324 5922/1795/6325 5923/1782/6487
f 5922/1795/6325 5944/1818/5903 5945/1819/3480 5926/1807/6488
f 5922/1795/6325 5926/1807/6488 5927/1796/6489 5923/1782/6487
f 5923/1782/6487 5927/1796/6489 5928/1797/6490 5924/1783/6483
f 5924/1783/6483 5928/1797/6490 5929/1805/6485 5925/1792/6484
f 5926/1807/6488 5945/1819/3480 5941/1831/3475 6109/1820/6491
f 5926/1807/6488 6109/1820/6491 6110/1808/6492 5927/1796/6489
f 5927/1796/6489 6110/1808/6492 6111/1809/6493 5928/1797/6490
f 5928/1797/6490 6111/1809/6493 6112/1816/6494 5929/1805/6485
f 5929/1805/6485 6112/1816/6494 6100/1830/6196 5930/1817/3524
f 5939/3710/6453 5940/3716/1225 6230/3717/4182 6396/3713/6454
f 5941/1831/3475 6176/1847/3474 6113/1832/6495 6109/1820/6491
f 5955/7040/6205 5957/7041/6437 5958/7038/5972 5956/7037/5971
f 5957/7041/6437 6150/7045/6434 6052/7051/5966 6151/7046/5944
f 2513/1497/4886 5960/1529/4730 5961/1530/3321 2512/1498/3322
f 2514/1531/4887 5963/1558/4729 5960/1529/4730 2513/1497/4886
f 5963/1558/4729 2514/1531/4887 2515/1561/1481 5964/1584/1480
f 5976/3412/1732 5977/3413/1731 5978/3409/778 5979/3408/4854
f 5985/9080/3786 5998/9085/3785 5986/9082/3648 5987/9076/3651
f 5987/9076/3651 5989/9077/3650 5990/9072/3656 5988/9071/6315
f 5991/9067/3658 5993/9073/3657 5994/9068/3665 5992/9062/6313
f 5999/1522/6468 6000/1491/6469 6181/1524/6188 6212/1552/6185
f 6000/1491/6469 6003/1461/4631 6182/1523/6465 6181/1524/6188
f 6000/1491/6469 6001/1462/6015 6004/1433/4629 6003/1461/4631
f 6003/7333/4631 6076/7321/4630 6075/7320/6426 6182/7334/6465
f 6015/5709/4818 6427/5716/5959 6355/5719/603 6266/5714/4819
f 6018/3957/4643 6028/3949/4642 6032/3956/6496 6019/3963/6068
f 6019/3963/6068 6032/3956/6496 6035/3962/6497 6020/3969/6072
f 6020/3969/6072 6035/3962/6497 6037/3968/6498 6021/3975/6074
f 6021/9457/6074 6037/9458/6498 6039/9453/2126 6022/9450/6075
f 6022/9450/6075 6039/9453/2126 6040/9454/2125 6023/9446/5619
f 6023/3991/5619 6040/3979/2125 6041/3985/2127 6024/3992/5616
f 6024/3992/5616 6041/3985/2127 6185/3990/2136 6214/3998/5617
f 6025/3946/2096 6029/3953/2098 6030/3947/2107 6026/3942/5565
f 6026/3942/5565 6030/3947/2107 6031/3948/6499 6027/3943/5568
f 6027/3943/5568 6031/3948/6499 6032/3956/6496 6028/3949/4642
f 6030/3947/2107 6033/3954/2106 6034/3955/2113 6031/3948/6499
f 6031/3948/6499 6034/3955/2113 6035/3962/6497 6032/3956/6496
f 6034/3955/2113 6036/3961/2112 6037/3968/6498 6035/3962/6497
f 6036/3961/2112 6038/3967/2114 6039/3974/2126 6037/3968/6498
f 6053/2845/5931 6141/2837/5933 6152/2843/2737 6153/2853/5712
f 6061/967/6027 6064/951/6026 6065/934/5355 6062/949/5357
f 6066/2298/465 6221/2321/6023 6220/2299/6424 6222/2278/466
f 6069/5425/4956 6081/5424/6051 6082/5428/6214 6070/5429/4954
f 6070/5429/4954 6082/5428/6214 6083/5432/6213 6080/5433/4955
f 6071/5436/5707 6223/5437/4958 6080/5433/4955 6083/5432/6213
f 6077/983/6428 6235/984/6099 6234/948/3368 6078/965/6427
f 6077/5110/6428 6163/5098/6040 6385/5085/4311 6235/5109/6099
f 6081/5424/6051 6084/5427/6170 6085/5431/6212 6082/5428/6214
f 6088/5078/6187 6160/5090/6464 6089/5091/5141 6213/5079/6183
f 6089/5091/5141 6170/5104/5140 6090/5089/6184 6213/5079/6183
f 6091/3314/2061 6092/3315/5938 6094/3298/5515 6388/3280/1134
f 6092/8222/5938 6172/8223/6449 6095/8221/5516 6094/8220/5515
f 6100/1830/6196 6112/1816/6494 6102/1829/6500 6103/1844/6199
f 6101/1821/6501 6114/1822/6502 6104/1833/5031 6105/1834/5038
f 6101/1821/6501 6111/1809/6493 6110/1808/6492 6114/1822/6502
f 6101/1821/6501 6102/1829/6500 6112/1816/6494 6111/1809/6493
f 6101/1821/6501 6105/1834/5038 6106/1843/5041 6102/1829/6500
f 6102/1829/6500 6106/1843/5041 6107/1858/5044 6103/1844/6199
f 6103/1844/6199 6107/1858/5044 6108/1872/5047 6173/1859/6200
f 6104/1833/5031 6114/1822/6502 6113/1832/6495 6115/1848/5032
f 6109/1820/6491 6113/1832/6495 6114/1822/6502 6110/1808/6492
f 6113/1832/6495 6176/1847/3474 6175/1860/3489 6115/1848/5032
f 6116/5840/3496 6202/5842/5035 6175/5838/3489 6177/5836/3488
f 6122/3515/4849 6126/3521/3153 6128/3513/3152 6124/3509/4847
f 6134/2173/6445 6136/2179/5643 6137/2174/5648 6135/2168/5640
f 6207/753/3684 6226/741/1786 6145/752/3683 6425/760/3682
f 6164/2641/3183 6168/2636/6152 6167/2639/5936 6166/2642/3184
f 6186/3989/2142 6188/3996/2149 6216/4003/6446 6215/3997/2143
f 6187/3995/2148 6190/4001/2154 6191/4002/2166 6188/3996/2149
f 6188/3996/2149 6191/4002/2166 6217/4009/5379 6216/4003/6446
f 6229/4926/583 6330/4941/4123 6424/4942/2498 6407/4916/5466
f 6321/2948/3335 6357/2943/3334 6426/2942/3338 6353/2949/4203
s 194
f 2268/7069/6503 6503/7070/6504 2267/7071/6505
f 646/7100/6506 676/7101/6507 6503/7070/6504
f 6503/7070/6504 676/7101/6507 677/7099/6508
f 6503/7070/6504 677/7099/6508 678/7097/6509
f 6503/7070/6504 678/7097/6509 679/7095/6510
f 6503/7070/6504 679/7095/6510 680/7093/6511
f 6503/7070/6504 680/7093/6511 2325/7091/6512
f 6503/7070/6504 2325/7091/6512 2324/7089/6513
f 6503/7070/6504 2324/7089/6513 2323/7087/6514
f 6503/7070/6504 2323/7087/6514 2260/7085/6515
f 6503/7070/6504 2260/7085/6515 2261/7083/6516
f 6503/7070/6504 2261/7083/6516 2262/7081/6517
f 6503/7070/6504 2262/7081/6517 2263/7079/6518
f 6503/7070/6504 2263/7079/6518 2264/7077/6519
f 6503/7070/6504 2264/7077/6519 2265/7075/6520
f 6503/7070/6504 2265/7075/6520 2266/7073/6521
f 6503/7070/6504 2266/7073/6521 2267/7071/6505
f 2269/7072/6522 6503/7070/6504 2268/7069/6503
f 2259/7074/6523 6503/7070/6504 2269/7072/6522
f 2255/7076/6524 6503/7070/6504 2259/7074/6523
f 2256/7078/6525 6503/7070/6504 2255/7076/6524
f 1918/7080/6526 6503/7070/6504 2256/7078/6525
f 655/7082/6527 6503/7070/6504 1918/7080/6526
f 653/7084/6528 6503/7070/6504 655/7082/6527
f 652/7086/6529 6503/7070/6504 653/7084/6528
f 651/7088/6530 6503/7070/6504 652/7086/6529
f 650/7090/6531 6503/7070/6504 651/7088/6530
f 649/7092/6532 6503/7070/6504 650/7090/6531
f 648/7094/6533 6503/7070/6504 649/7092/6532
f 647/7096/6534 6503/7070/6504 648/7094/6533
f 2935/7098/6535 6503/7070/6504 647/7096/6534
f 646/7100/6506 6503/7070/6504 2935/7098/6535
s 196
f 2834/6196/6536 6504/6161/6537 2495/6199/6538
f 5200/6216/6539 5201/6218/6540 6504/6161/6537
f 6504/6161/6537 5201/6218/6540 356/6220/6541
f 6504/6161/6537 356/6220/6541 6093/6222/6542
f 6504/6161/6537 6093/6222/6542 6095/6226/6543
f 6504/6161/6537 6095/6226/6543 6172/6229/6544
f 6504/6161/6537 6172/6229/6544 6171/6232/6545
f 6504/6161/6537 6171/6232/6545 671/6237/6546
f 6504/6161/6537 671/6237/6546 672/6241/6547
f 6504/6161/6537 672/6241/6547 673/6238/6548
f 6504/6161/6537 673/6238/6548 1277/6233/6549
f 6504/6161/6537 1277/6233/6549 1279/6230/6550
f 6504/6161/6537 1279/6230/6550 1282/6227/6551
f 6504/6161/6537 1282/6227/6551 1286/6223/6552
f 6504/6161/6537 1286/6223/6552 1291/6221/6553
f 6504/6161/6537 1291/6221/6553 1296/6219/6554
f 6504/6161/6537 1296/6219/6554 2886/6217/6555
f 6504/6161/6537 2886/6217/6555 2891/6215/6556
f 6504/6161/6537 2891/6215/6556 4421/6213/6557
f 6504/6161/6537 4421/6213/6557 4422/6211/6558
f 6504/6161/6537 4422/6211/6558 2383/6208/6559
f 6504/6161/6537 2383/6208/6559 2381/6205/6560
f 6504/6161/6537 2381/6205/6560 2837/6202/6561
f 6504/6161/6537 2837/6202/6561 2495/6199/6538
f 2830/6190/6562 6504/6161/6537 2834/6196/6536
f 2828/6184/6563 6504/6161/6537 2830/6190/6562
f 781/6180/6564 6504/6161/6537 2828/6184/6563
f 777/6174/6565 6504/6161/6537 781/6180/6564
f 773/6168/6566 6504/6161/6537 777/6174/6565
f 769/6162/6567 6504/6161/6537 773/6168/6566
f 765/6158/6568 6504/6161/6537 769/6162/6567
f 761/6157/6569 6504/6161/6537 765/6158/6568
f 797/6167/6570 6504/6161/6537 761/6157/6569
f 793/6172/6571 6504/6161/6537 797/6167/6570
f 790/6178/6572 6504/6161/6537 793/6172/6571
f 788/6182/6573 6504/6161/6537 790/6178/6572
f 787/6188/6574 6504/6161/6537 788/6182/6573
f 5369/6193/6575 6504/6161/6537 787/6188/6574
f 6250/6195/6576 6504/6161/6537 5369/6193/6575
f 3737/6197/6577 6504/6161/6537 6250/6195/6576
f 3739/6201/6578 6504/6161/6537 3737/6197/6577
f 1771/6203/6579 6504/6161/6537 3739/6201/6578
f 1772/6207/6580 6504/6161/6537 1771/6203/6579
f 1773/6210/6581 6504/6161/6537 1772/6207/6580
f 1775/6212/6582 6504/6161/6537 1773/6210/6581
f 1777/6214/6583 6504/6161/6537 1775/6212/6582
f 5200/6216/6539 6504/6161/6537 1777/6214/6583
s 1
f 6274/7306/1221 5422/7292/774 6420/7298/2178 6338/7307/1726
